ts_event,rtype,publisher_id,instrument_id,open,high,low,close,volume,symbol
2024-08-05 00:00:00+00:00,34,1,118,5324.0,5324.5,5298.25,5304.0,48275,ES.v.0
2024-08-05 01:00:00+00:00,34,1,118,5304.0,5306.5,5287.25,5304.0,41248,ES.v.0
2024-08-05 02:00:00+00:00,34,1,118,5304.0,5314.5,5295.5,5302.75,25171,ES.v.0
2024-08-05 03:00:00+00:00,34,1,118,5303.0,5307.5,5291.5,5291.75,19749,ES.v.0
2024-08-05 04:00:00+00:00,34,1,118,5291.75,5296.0,5281.0,5281.25,32171,ES.v.0
2024-08-05 05:00:00+00:00,34,1,118,5281.25,5283.5,5205.0,5221.25,74225,ES.v.0
2024-08-05 06:00:00+00:00,34,1,118,5221.5,5240.25,5201.0,5227.5,60403,ES.v.0
2024-08-05 07:00:00+00:00,34,1,118,5227.0,5258.75,5217.25,5255.75,60548,ES.v.0
2024-08-05 08:00:00+00:00,34,1,118,5255.75,5277.75,5238.75,5244.0,55293,ES.v.0
2024-08-05 09:00:00+00:00,34,1,118,5244.0,5254.5,5218.0,5244.5,39428,ES.v.0
2024-08-05 10:00:00+00:00,34,1,118,5244.0,5245.5,5204.75,5226.75,54414,ES.v.0
2024-08-05 11:00:00+00:00,34,1,118,5226.75,5235.0,5185.5,5194.75,84983,ES.v.0
2024-08-05 12:00:00+00:00,34,1,118,5194.75,5206.5,5120.0,5151.5,222369,ES.v.0
2024-08-05 13:00:00+00:00,34,1,118,5151.25,5225.0,5145.75,5195.25,406661,ES.v.0
2024-08-05 14:00:00+00:00,34,1,118,5196.5,5254.5,5189.0,5207.5,480361,ES.v.0
2024-08-05 15:00:00+00:00,34,1,118,5207.5,5264.0,5196.75,5247.5,313928,ES.v.0
2024-08-05 16:00:00+00:00,34,1,118,5247.5,5279.5,5227.75,5232.75,254206,ES.v.0
2024-08-05 17:00:00+00:00,34,1,118,5232.75,5252.25,5226.0,5234.0,188057,ES.v.0
2024-08-05 18:00:00+00:00,34,1,118,5234.25,5237.5,5199.75,5201.0,217735,ES.v.0
2024-08-05 19:00:00+00:00,34,1,118,5201.0,5223.0,5192.25,5218.75,411485,ES.v.0
2024-08-05 20:00:00+00:00,34,1,118,5219.0,5250.75,5213.5,5248.25,127002,ES.v.0
2024-08-05 22:00:00+00:00,34,1,118,5250.0,5273.5,5250.0,5261.5,18989,ES.v.0
2024-08-05 23:00:00+00:00,34,1,118,5261.25,5274.0,5256.75,5273.75,12378,ES.v.0
2024-08-06 00:00:00+00:00,34,1,118,5274.0,5286.25,5257.25,5286.25,26368,ES.v.0
2024-08-06 01:00:00+00:00,34,1,118,5286.0,5305.5,5275.75,5291.5,24416,ES.v.0
2024-08-06 02:00:00+00:00,34,1,118,5291.25,5293.5,5279.75,5286.25,9727,ES.v.0
2024-08-06 03:00:00+00:00,34,1,118,5286.0,5302.5,5285.5,5296.5,9940,ES.v.0
2024-08-06 04:00:00+00:00,34,1,118,5296.5,5300.5,5286.25,5289.75,7053,ES.v.0
2024-08-06 05:00:00+00:00,34,1,118,5289.5,5299.25,5269.5,5291.75,15285,ES.v.0
2024-08-06 06:00:00+00:00,34,1,118,5291.5,5297.0,5268.5,5274.25,18730,ES.v.0
2024-08-06 07:00:00+00:00,34,1,118,5274.5,5284.0,5262.0,5267.5,28033,ES.v.0
2024-08-06 08:00:00+00:00,34,1,118,5267.5,5271.5,5246.75,5256.5,26581,ES.v.0
2024-08-06 09:00:00+00:00,34,1,118,5256.75,5256.75,5227.5,5239.0,29669,ES.v.0
2024-08-06 10:00:00+00:00,34,1,118,5238.75,5266.5,5232.75,5261.5,28706,ES.v.0
2024-08-06 11:00:00+00:00,34,1,118,5261.5,5276.0,5247.75,5258.25,36791,ES.v.0
2024-08-06 12:00:00+00:00,34,1,118,5258.75,5260.0,5233.5,5238.0,57718,ES.v.0
2024-08-06 13:00:00+00:00,34,1,118,5237.75,5268.25,5221.75,5262.25,248011,ES.v.0
2024-08-06 14:00:00+00:00,34,1,118,5262.0,5309.0,5255.0,5297.25,322622,ES.v.0
2024-08-06 15:00:00+00:00,34,1,118,5297.25,5303.75,5267.0,5302.5,209264,ES.v.0
2024-08-06 16:00:00+00:00,34,1,118,5302.75,5324.5,5298.5,5320.0,149495,ES.v.0
2024-08-06 17:00:00+00:00,34,1,118,5320.25,5328.25,5314.25,5322.75,118215,ES.v.0
2024-08-06 18:00:00+00:00,34,1,118,5323.0,5342.0,5312.5,5318.5,132805,ES.v.0
2024-08-06 19:00:00+00:00,34,1,118,5318.25,5320.5,5262.5,5264.75,415975,ES.v.0
2024-08-06 20:00:00+00:00,34,1,118,5264.75,5279.75,5238.25,5249.0,125374,ES.v.0
2024-08-06 22:00:00+00:00,34,1,118,5241.5,5262.75,5236.25,5250.5,20906,ES.v.0
2024-08-06 23:00:00+00:00,34,1,118,5250.75,5255.5,5240.25,5243.5,9791,ES.v.0
2024-08-07 00:00:00+00:00,34,1,118,5243.5,5268.75,5242.25,5263.75,17397,ES.v.0
2024-08-07 01:00:00+00:00,34,1,118,5264.25,5289.75,5259.25,5288.0,25547,ES.v.0
2024-08-07 02:00:00+00:00,34,1,118,5288.0,5304.25,5282.25,5298.0,19072,ES.v.0
2024-08-07 03:00:00+00:00,34,1,118,5298.25,5313.5,5297.5,5309.25,16447,ES.v.0
2024-08-07 04:00:00+00:00,34,1,118,5309.75,5319.5,5309.0,5314.75,10019,ES.v.0
2024-08-07 05:00:00+00:00,34,1,118,5314.75,5316.5,5300.75,5302.75,13755,ES.v.0
2024-08-07 06:00:00+00:00,34,1,118,5303.0,5306.25,5283.75,5299.25,17747,ES.v.0
2024-08-07 07:00:00+00:00,34,1,118,5299.25,5304.5,5280.0,5289.25,33092,ES.v.0
2024-08-07 08:00:00+00:00,34,1,118,5289.5,5318.75,5287.0,5318.75,22425,ES.v.0
2024-08-07 09:00:00+00:00,34,1,118,5318.5,5327.5,5314.5,5322.75,22565,ES.v.0
2024-08-07 10:00:00+00:00,34,1,118,5322.75,5331.25,5320.75,5329.25,20590,ES.v.0
2024-08-07 11:00:00+00:00,34,1,118,5329.25,5334.0,5319.0,5321.75,24546,ES.v.0
2024-08-07 12:00:00+00:00,34,1,118,5321.75,5329.0,5317.0,5326.5,31122,ES.v.0
2024-08-07 13:00:00+00:00,34,1,118,5326.25,5354.75,5319.0,5353.5,221468,ES.v.0
2024-08-07 14:00:00+00:00,34,1,118,5353.25,5359.25,5325.25,5347.5,307632,ES.v.0
2024-08-07 15:00:00+00:00,34,1,118,5347.5,5354.5,5313.0,5323.0,197265,ES.v.0
2024-08-07 16:00:00+00:00,34,1,118,5323.25,5323.75,5288.75,5293.0,200465,ES.v.0
2024-08-07 17:00:00+00:00,34,1,118,5292.75,5296.25,5256.75,5262.5,226431,ES.v.0
2024-08-07 18:00:00+00:00,34,1,118,5262.25,5264.25,5230.5,5236.75,228720,ES.v.0
2024-08-07 19:00:00+00:00,34,1,118,5236.75,5263.0,5222.25,5228.75,324551,ES.v.0
2024-08-07 20:00:00+00:00,34,1,118,5228.75,5233.75,5196.75,5202.25,126284,ES.v.0
2024-08-07 22:00:00+00:00,34,1,118,5208.25,5219.0,5202.75,5213.0,20222,ES.v.0
2024-08-07 23:00:00+00:00,34,1,118,5213.0,5214.25,5182.0,5202.25,27565,ES.v.0
2024-08-08 00:00:00+00:00,34,1,118,5202.0,5220.75,5198.25,5210.25,22757,ES.v.0
2024-08-08 01:00:00+00:00,34,1,118,5210.25,5224.0,5208.0,5222.25,12976,ES.v.0
2024-08-08 02:00:00+00:00,34,1,118,5222.25,5232.5,5222.25,5230.25,14300,ES.v.0
2024-08-08 03:00:00+00:00,34,1,118,5230.5,5239.5,5224.75,5230.25,10921,ES.v.0
2024-08-08 04:00:00+00:00,34,1,118,5230.5,5234.25,5218.0,5226.0,12034,ES.v.0
2024-08-08 05:00:00+00:00,34,1,118,5226.0,5232.25,5213.0,5213.5,11343,ES.v.0
2024-08-08 06:00:00+00:00,34,1,118,5213.5,5237.25,5210.5,5234.5,16022,ES.v.0
2024-08-08 07:00:00+00:00,34,1,118,5234.25,5235.25,5202.25,5207.25,27797,ES.v.0
2024-08-08 08:00:00+00:00,34,1,118,5207.0,5227.0,5205.0,5226.25,18551,ES.v.0
2024-08-08 09:00:00+00:00,34,1,118,5226.0,5231.75,5203.0,5210.25,15597,ES.v.0
2024-08-08 10:00:00+00:00,34,1,118,5210.0,5226.0,5204.25,5221.5,17097,ES.v.0
2024-08-08 11:00:00+00:00,34,1,118,5221.25,5235.75,5216.5,5233.0,21563,ES.v.0
2024-08-08 12:00:00+00:00,34,1,118,5233.25,5276.75,5225.5,5265.5,90577,ES.v.0
2024-08-08 13:00:00+00:00,34,1,118,5265.75,5292.5,5259.75,5292.25,256874,ES.v.0
2024-08-08 14:00:00+00:00,34,1,118,5292.5,5326.75,5288.25,5324.25,289923,ES.v.0
2024-08-08 15:00:00+00:00,34,1,118,5324.25,5327.25,5306.0,5318.75,163050,ES.v.0
2024-08-08 16:00:00+00:00,34,1,118,5318.75,5332.5,5308.25,5320.25,127544,ES.v.0
2024-08-08 17:00:00+00:00,34,1,118,5320.5,5347.25,5309.0,5344.5,141367,ES.v.0
2024-08-08 18:00:00+00:00,34,1,118,5344.5,5355.5,5337.25,5343.5,123330,ES.v.0
2024-08-08 19:00:00+00:00,34,1,118,5343.5,5352.5,5323.75,5348.25,297352,ES.v.0
2024-08-08 20:00:00+00:00,34,1,118,5348.5,5361.0,5347.5,5353.0,90411,ES.v.0
2024-08-08 22:00:00+00:00,34,1,118,5348.25,5356.0,5345.5,5351.75,8460,ES.v.0
2024-08-08 23:00:00+00:00,34,1,118,5351.75,5362.75,5349.25,5357.75,11434,ES.v.0
2024-08-09 00:00:00+00:00,34,1,118,5357.5,5357.5,5336.75,5344.75,17050,ES.v.0
2024-08-09 01:00:00+00:00,34,1,118,5344.5,5352.75,5343.0,5348.5,9392,ES.v.0
2024-08-09 02:00:00+00:00,34,1,118,5348.5,5358.75,5345.0,5357.75,6106,ES.v.0
2024-08-09 03:00:00+00:00,34,1,118,5357.75,5358.75,5349.75,5355.5,5420,ES.v.0
2024-08-09 04:00:00+00:00,34,1,118,5355.25,5358.75,5328.5,5333.25,11215,ES.v.0
2024-08-09 05:00:00+00:00,34,1,118,5333.25,5349.5,5329.0,5346.25,10313,ES.v.0
2024-08-09 06:00:00+00:00,34,1,118,5346.25,5353.75,5340.0,5350.0,8314,ES.v.0
2024-08-09 07:00:00+00:00,34,1,118,5350.25,5354.25,5342.25,5352.75,16664,ES.v.0
2024-08-09 08:00:00+00:00,34,1,118,5352.75,5372.0,5352.25,5369.25,23463,ES.v.0
2024-08-09 09:00:00+00:00,34,1,118,5369.5,5371.0,5359.75,5365.25,16178,ES.v.0
2024-08-09 10:00:00+00:00,34,1,118,5365.25,5365.5,5352.25,5355.75,11693,ES.v.0
2024-08-09 11:00:00+00:00,34,1,118,5356.0,5364.5,5341.0,5348.25,21501,ES.v.0
2024-08-09 12:00:00+00:00,34,1,118,5348.5,5348.75,5319.5,5330.25,44193,ES.v.0
2024-08-09 13:00:00+00:00,34,1,118,5330.0,5351.0,5324.75,5332.0,173328,ES.v.0
2024-08-09 14:00:00+00:00,34,1,118,5331.75,5361.5,5327.5,5355.0,221384,ES.v.0
2024-08-09 15:00:00+00:00,34,1,118,5354.75,5366.5,5340.75,5342.75,143319,ES.v.0
2024-08-09 16:00:00+00:00,34,1,118,5343.0,5354.5,5337.75,5354.25,96791,ES.v.0
2024-08-09 17:00:00+00:00,34,1,118,5354.25,5385.25,5352.75,5366.0,136876,ES.v.0
2024-08-09 18:00:00+00:00,34,1,118,5366.25,5370.0,5354.25,5364.0,118875,ES.v.0
2024-08-09 19:00:00+00:00,34,1,118,5363.75,5374.0,5358.25,5368.5,192173,ES.v.0
2024-08-09 20:00:00+00:00,34,1,118,5368.75,5370.25,5361.75,5365.0,44326,ES.v.0
2024-08-11 22:00:00+00:00,34,1,118,5364.25,5375.5,5350.25,5365.5,16196,ES.v.0
2024-08-11 23:00:00+00:00,34,1,118,5365.25,5373.0,5362.0,5370.5,5307,ES.v.0
2024-08-12 00:00:00+00:00,34,1,118,5370.25,5370.75,5363.0,5364.75,5228,ES.v.0
2024-08-12 01:00:00+00:00,34,1,118,5364.5,5370.25,5360.0,5366.0,5395,ES.v.0
2024-08-12 02:00:00+00:00,34,1,118,5366.0,5377.5,5365.25,5374.0,4956,ES.v.0
2024-08-12 03:00:00+00:00,34,1,118,5374.5,5375.75,5364.5,5369.0,4178,ES.v.0
2024-08-12 04:00:00+00:00,34,1,118,5369.0,5373.5,5366.75,5372.5,2377,ES.v.0
2024-08-12 05:00:00+00:00,34,1,118,5372.5,5374.75,5370.75,5373.5,2891,ES.v.0
2024-08-12 06:00:00+00:00,34,1,118,5373.75,5374.75,5367.0,5370.25,4718,ES.v.0
2024-08-12 07:00:00+00:00,34,1,118,5370.5,5382.5,5366.0,5381.75,13450,ES.v.0
2024-08-12 08:00:00+00:00,34,1,118,5381.5,5384.0,5371.0,5372.0,7765,ES.v.0
2024-08-12 09:00:00+00:00,34,1,118,5371.75,5378.5,5370.75,5375.0,7022,ES.v.0
2024-08-12 10:00:00+00:00,34,1,118,5375.0,5381.75,5372.25,5380.5,5535,ES.v.0
2024-08-12 11:00:00+00:00,34,1,118,5380.75,5387.5,5378.25,5385.0,11944,ES.v.0
2024-08-12 12:00:00+00:00,34,1,118,5384.75,5389.5,5380.25,5382.0,13903,ES.v.0
2024-08-12 13:00:00+00:00,34,1,118,5381.75,5384.5,5347.75,5352.5,144206,ES.v.0
2024-08-12 14:00:00+00:00,34,1,118,5352.5,5392.25,5350.25,5391.25,175104,ES.v.0
2024-08-12 15:00:00+00:00,34,1,118,5391.5,5396.75,5357.25,5387.25,200755,ES.v.0
2024-08-12 16:00:00+00:00,34,1,118,5387.25,5390.25,5366.0,5366.5,113941,ES.v.0
2024-08-12 17:00:00+00:00,34,1,118,5366.5,5381.25,5356.25,5362.5,113375,ES.v.0
2024-08-12 18:00:00+00:00,34,1,118,5362.75,5371.25,5360.75,5370.75,74207,ES.v.0
2024-08-12 19:00:00+00:00,34,1,118,5371.0,5372.75,5356.25,5371.75,180760,ES.v.0
2024-08-12 20:00:00+00:00,34,1,118,5371.75,5374.0,5365.75,5367.75,51818,ES.v.0
2024-08-12 22:00:00+00:00,34,1,118,5372.5,5373.75,5369.0,5370.5,4870,ES.v.0
2024-08-12 23:00:00+00:00,34,1,118,5370.75,5375.75,5368.75,5372.5,3718,ES.v.0
2024-08-13 00:00:00+00:00,34,1,118,5372.5,5378.75,5367.5,5375.5,7368,ES.v.0
2024-08-13 01:00:00+00:00,34,1,118,5375.75,5376.25,5368.5,5372.0,5728,ES.v.0
2024-08-13 02:00:00+00:00,34,1,118,5372.0,5376.5,5371.75,5376.5,2919,ES.v.0
2024-08-13 03:00:00+00:00,34,1,118,5376.5,5380.5,5374.5,5375.0,5839,ES.v.0
2024-08-13 04:00:00+00:00,34,1,118,5375.0,5380.75,5375.0,5379.5,2258,ES.v.0
2024-08-13 05:00:00+00:00,34,1,118,5379.5,5383.0,5378.25,5381.25,4646,ES.v.0
2024-08-13 06:00:00+00:00,34,1,118,5381.25,5388.5,5377.25,5388.5,5784,ES.v.0
2024-08-13 07:00:00+00:00,34,1,118,5388.5,5401.75,5387.25,5395.25,17509,ES.v.0
2024-08-13 08:00:00+00:00,34,1,118,5395.0,5396.75,5387.25,5390.25,8824,ES.v.0
2024-08-13 09:00:00+00:00,34,1,118,5390.0,5396.0,5386.0,5391.25,8132,ES.v.0
2024-08-13 10:00:00+00:00,34,1,118,5391.5,5392.0,5370.25,5372.0,17800,ES.v.0
2024-08-13 11:00:00+00:00,34,1,118,5372.0,5384.25,5370.5,5384.25,13760,ES.v.0
2024-08-13 12:00:00+00:00,34,1,118,5384.25,5409.25,5383.5,5403.25,60460,ES.v.0
2024-08-13 13:00:00+00:00,34,1,118,5403.25,5423.0,5394.25,5416.25,173057,ES.v.0
2024-08-13 14:00:00+00:00,34,1,118,5416.25,5423.75,5401.5,5422.0,178275,ES.v.0
2024-08-13 15:00:00+00:00,34,1,118,5421.75,5431.5,5419.75,5428.5,93842,ES.v.0
2024-08-13 16:00:00+00:00,34,1,118,5428.75,5450.25,5425.75,5449.25,116427,ES.v.0
2024-08-13 17:00:00+00:00,34,1,118,5449.0,5449.25,5433.25,5446.0,98915,ES.v.0
2024-08-13 18:00:00+00:00,34,1,118,5446.0,5453.5,5441.25,5452.75,78710,ES.v.0
2024-08-13 19:00:00+00:00,34,1,118,5453.0,5461.25,5445.0,5458.75,219763,ES.v.0
2024-08-13 20:00:00+00:00,34,1,118,5458.5,5459.25,5453.0,5455.5,68515,ES.v.0
2024-08-13 22:00:00+00:00,34,1,118,5457.5,5459.75,5453.0,5455.75,5152,ES.v.0
2024-08-13 23:00:00+00:00,34,1,118,5455.5,5459.25,5454.75,5457.75,2805,ES.v.0
2024-08-14 00:00:00+00:00,34,1,118,5457.5,5459.0,5453.5,5456.5,5291,ES.v.0
2024-08-14 01:00:00+00:00,34,1,118,5456.25,5462.5,5455.0,5461.0,6925,ES.v.0
2024-08-14 02:00:00+00:00,34,1,118,5461.0,5461.25,5452.0,5456.25,11691,ES.v.0
2024-08-14 03:00:00+00:00,34,1,118,5456.5,5459.5,5456.0,5457.75,4326,ES.v.0
2024-08-14 04:00:00+00:00,34,1,118,5457.75,5460.0,5457.0,5458.25,2666,ES.v.0
2024-08-14 05:00:00+00:00,34,1,118,5458.25,5462.0,5457.0,5460.75,4036,ES.v.0
2024-08-14 06:00:00+00:00,34,1,118,5460.75,5463.75,5458.5,5459.75,6631,ES.v.0
2024-08-14 07:00:00+00:00,34,1,118,5460.0,5462.25,5456.75,5457.5,10267,ES.v.0
2024-08-14 08:00:00+00:00,34,1,118,5457.5,5460.0,5453.5,5459.25,12975,ES.v.0
2024-08-14 09:00:00+00:00,34,1,118,5459.5,5461.0,5458.0,5459.0,7625,ES.v.0
2024-08-14 10:00:00+00:00,34,1,118,5459.25,5463.25,5458.0,5460.25,9389,ES.v.0
2024-08-14 11:00:00+00:00,34,1,118,5460.5,5461.75,5457.25,5460.5,13742,ES.v.0
2024-08-14 12:00:00+00:00,34,1,118,5460.25,5473.75,5448.5,5466.75,84572,ES.v.0
2024-08-14 13:00:00+00:00,34,1,118,5466.75,5470.25,5450.5,5452.5,155699,ES.v.0
2024-08-14 14:00:00+00:00,34,1,118,5452.75,5462.0,5438.75,5461.0,219367,ES.v.0
2024-08-14 15:00:00+00:00,34,1,118,5461.25,5486.0,5459.75,5485.0,136788,ES.v.0
2024-08-14 16:00:00+00:00,34,1,118,5485.0,5487.75,5455.75,5469.0,156031,ES.v.0
2024-08-14 17:00:00+00:00,34,1,118,5468.75,5474.5,5462.75,5471.0,90735,ES.v.0
2024-08-14 18:00:00+00:00,34,1,118,5471.0,5481.5,5464.0,5481.0,79923,ES.v.0
2024-08-14 19:00:00+00:00,34,1,118,5480.75,5484.75,5465.5,5475.25,170330,ES.v.0
2024-08-14 20:00:00+00:00,34,1,118,5475.25,5485.25,5474.5,5481.5,45911,ES.v.0
2024-08-14 22:00:00+00:00,34,1,118,5481.25,5482.75,5476.25,5478.75,5936,ES.v.0
2024-08-14 23:00:00+00:00,34,1,118,5478.75,5481.5,5472.5,5474.75,4167,ES.v.0
2024-08-15 00:00:00+00:00,34,1,118,5474.5,5485.25,5474.5,5483.25,8703,ES.v.0
2024-08-15 01:00:00+00:00,34,1,118,5483.5,5486.0,5481.0,5485.25,6997,ES.v.0
2024-08-15 02:00:00+00:00,34,1,118,5485.25,5491.75,5484.0,5491.0,8016,ES.v.0
2024-08-15 03:00:00+00:00,34,1,118,5491.0,5492.0,5488.25,5490.5,3304,ES.v.0
2024-08-15 04:00:00+00:00,34,1,118,5490.25,5491.75,5489.25,5489.75,2498,ES.v.0
2024-08-15 05:00:00+00:00,34,1,118,5490.0,5490.0,5483.5,5486.5,5211,ES.v.0
2024-08-15 06:00:00+00:00,34,1,118,5486.75,5487.25,5480.0,5486.75,7109,ES.v.0
2024-08-15 07:00:00+00:00,34,1,118,5486.75,5492.0,5483.5,5491.25,9119,ES.v.0
2024-08-15 08:00:00+00:00,34,1,118,5491.25,5491.75,5478.5,5482.75,10185,ES.v.0
2024-08-15 09:00:00+00:00,34,1,118,5482.75,5486.5,5482.0,5485.75,8843,ES.v.0
2024-08-15 10:00:00+00:00,34,1,118,5486.0,5487.5,5475.5,5475.75,13024,ES.v.0
2024-08-15 11:00:00+00:00,34,1,118,5476.0,5491.25,5471.75,5489.25,23568,ES.v.0
2024-08-15 12:00:00+00:00,34,1,118,5489.5,5534.75,5485.0,5527.75,100676,ES.v.0
2024-08-15 13:00:00+00:00,34,1,118,5528.0,5540.75,5523.25,5539.75,183408,ES.v.0
2024-08-15 14:00:00+00:00,34,1,118,5539.75,5551.0,5526.25,5547.0,210936,ES.v.0
2024-08-15 15:00:00+00:00,34,1,118,5547.25,5559.5,5545.75,5554.25,119701,ES.v.0
2024-08-15 16:00:00+00:00,34,1,118,5554.0,5565.25,5550.75,5557.5,110492,ES.v.0
2024-08-15 17:00:00+00:00,34,1,118,5557.75,5565.0,5552.75,5564.75,87994,ES.v.0
2024-08-15 18:00:00+00:00,34,1,118,5564.75,5569.0,5562.25,5567.25,91034,ES.v.0
2024-08-15 19:00:00+00:00,34,1,118,5567.0,5571.75,5557.25,5568.5,242058,ES.v.0
2024-08-15 20:00:00+00:00,34,1,118,5568.75,5570.75,5562.75,5567.0,82345,ES.v.0
2024-08-15 22:00:00+00:00,34,1,118,5568.5,5575.75,5565.5,5573.75,7943,ES.v.0
2024-08-15 23:00:00+00:00,34,1,118,5573.75,5579.0,5572.25,5574.5,8347,ES.v.0
2024-08-16 00:00:00+00:00,34,1,118,5574.5,5574.75,5566.5,5571.25,13443,ES.v.0
2024-08-16 01:00:00+00:00,34,1,118,5571.0,5575.25,5568.25,5573.5,10686,ES.v.0
2024-08-16 02:00:00+00:00,34,1,118,5573.5,5577.75,5573.0,5574.75,5426,ES.v.0
2024-08-16 03:00:00+00:00,34,1,118,5575.0,5577.75,5574.0,5576.5,4675,ES.v.0
2024-08-16 04:00:00+00:00,34,1,118,5576.5,5576.5,5572.25,5574.5,3427,ES.v.0
2024-08-16 05:00:00+00:00,34,1,118,5574.5,5581.75,5574.25,5580.25,4707,ES.v.0
2024-08-16 06:00:00+00:00,34,1,118,5580.25,5583.25,5579.5,5580.75,6527,ES.v.0
2024-08-16 07:00:00+00:00,34,1,118,5580.5,5581.5,5572.5,5574.5,14872,ES.v.0
2024-08-16 08:00:00+00:00,34,1,118,5574.75,5578.5,5569.5,5573.25,11887,ES.v.0
2024-08-16 09:00:00+00:00,34,1,118,5573.25,5576.5,5569.5,5570.5,20737,ES.v.0
2024-08-16 10:00:00+00:00,34,1,118,5570.75,5570.75,5559.5,5564.25,23935,ES.v.0
2024-08-16 11:00:00+00:00,34,1,118,5564.25,5565.25,5557.25,5557.75,20147,ES.v.0
2024-08-16 12:00:00+00:00,34,1,118,5558.0,5560.75,5536.5,5542.5,59313,ES.v.0
2024-08-16 13:00:00+00:00,34,1,118,5542.25,5561.75,5541.5,5557.25,172135,ES.v.0
2024-08-16 14:00:00+00:00,34,1,118,5558.0,5571.75,5551.75,5557.0,160116,ES.v.0
2024-08-16 15:00:00+00:00,34,1,118,5557.0,5571.0,5555.0,5569.25,96475,ES.v.0
2024-08-16 16:00:00+00:00,34,1,118,5569.25,5586.25,5567.25,5584.0,95472,ES.v.0
2024-08-16 17:00:00+00:00,34,1,118,5584.25,5585.0,5575.75,5581.75,74856,ES.v.0
2024-08-16 18:00:00+00:00,34,1,118,5581.75,5583.25,5574.0,5581.75,65047,ES.v.0
2024-08-16 19:00:00+00:00,34,1,118,5581.75,5583.25,5571.25,5578.25,141697,ES.v.0
2024-08-16 20:00:00+00:00,34,1,118,5578.25,5582.25,5576.5,5580.25,41350,ES.v.0
2024-08-18 22:00:00+00:00,34,1,118,5584.0,5593.75,5581.5,5585.0,13778,ES.v.0
2024-08-18 23:00:00+00:00,34,1,118,5585.25,5589.5,5581.0,5585.5,7640,ES.v.0
2024-08-19 00:00:00+00:00,34,1,118,5585.5,5589.75,5582.25,5587.25,9151,ES.v.0
2024-08-19 01:00:00+00:00,34,1,118,5587.25,5587.75,5583.25,5587.25,4977,ES.v.0
2024-08-19 02:00:00+00:00,34,1,118,5587.0,5588.75,5585.75,5587.5,3017,ES.v.0
2024-08-19 03:00:00+00:00,34,1,118,5587.75,5592.0,5584.25,5586.0,5473,ES.v.0
2024-08-19 04:00:00+00:00,34,1,118,5585.75,5586.25,5575.75,5579.25,6417,ES.v.0
2024-08-19 05:00:00+00:00,34,1,118,5579.0,5582.0,5574.0,5575.75,7558,ES.v.0
2024-08-19 06:00:00+00:00,34,1,118,5575.25,5577.5,5570.75,5571.25,8277,ES.v.0
2024-08-19 07:00:00+00:00,34,1,118,5571.5,5578.75,5571.25,5575.25,8609,ES.v.0
2024-08-19 08:00:00+00:00,34,1,118,5575.25,5577.5,5565.25,5577.0,12703,ES.v.0
2024-08-19 09:00:00+00:00,34,1,118,5577.25,5577.75,5572.0,5576.0,8604,ES.v.0
2024-08-19 10:00:00+00:00,34,1,118,5576.0,5581.0,5575.25,5575.75,8401,ES.v.0
2024-08-19 11:00:00+00:00,34,1,118,5575.5,5582.0,5575.25,5579.75,7152,ES.v.0
2024-08-19 12:00:00+00:00,34,1,118,5580.0,5585.0,5579.75,5583.25,12966,ES.v.0
2024-08-19 13:00:00+00:00,34,1,118,5583.25,5590.5,5580.25,5584.75,105954,ES.v.0
2024-08-19 14:00:00+00:00,34,1,118,5584.75,5602.25,5573.5,5600.5,162893,ES.v.0
2024-08-19 15:00:00+00:00,34,1,118,5600.5,5605.5,5593.25,5597.5,100914,ES.v.0
2024-08-19 16:00:00+00:00,34,1,118,5597.75,5610.25,5594.5,5608.5,68739,ES.v.0
2024-08-19 17:00:00+00:00,34,1,118,5608.5,5611.0,5604.5,5610.75,52125,ES.v.0
2024-08-19 18:00:00+00:00,34,1,118,5610.75,5620.25,5608.75,5617.0,76857,ES.v.0
2024-08-19 19:00:00+00:00,34,1,118,5617.0,5631.25,5613.25,5631.0,171653,ES.v.0
2024-08-19 20:00:00+00:00,34,1,118,5631.0,5631.75,5624.0,5625.25,65075,ES.v.0
2024-08-19 22:00:00+00:00,34,1,118,5629.5,5633.25,5627.0,5630.0,6567,ES.v.0
2024-08-19 23:00:00+00:00,34,1,118,5630.0,5631.0,5627.75,5628.5,2606,ES.v.0
2024-08-20 00:00:00+00:00,34,1,118,5628.75,5630.0,5627.5,5629.5,3314,ES.v.0
2024-08-20 01:00:00+00:00,34,1,118,5629.5,5632.0,5625.75,5632.0,4898,ES.v.0
2024-08-20 02:00:00+00:00,34,1,118,5632.0,5637.0,5630.75,5636.5,4923,ES.v.0
2024-08-20 03:00:00+00:00,34,1,118,5636.25,5636.25,5628.75,5629.5,3604,ES.v.0
2024-08-20 04:00:00+00:00,34,1,118,5629.25,5633.25,5629.0,5631.5,2599,ES.v.0
2024-08-20 05:00:00+00:00,34,1,118,5631.25,5633.25,5630.25,5632.75,2536,ES.v.0
2024-08-20 06:00:00+00:00,34,1,118,5632.75,5636.5,5630.25,5635.25,5206,ES.v.0
2024-08-20 07:00:00+00:00,34,1,118,5635.5,5641.25,5633.5,5638.75,10995,ES.v.0
2024-08-20 08:00:00+00:00,34,1,118,5638.75,5639.0,5627.0,5633.25,11836,ES.v.0
2024-08-20 09:00:00+00:00,34,1,118,5633.0,5636.75,5632.0,5632.75,6309,ES.v.0
2024-08-20 10:00:00+00:00,34,1,118,5632.5,5636.75,5630.25,5634.75,6760,ES.v.0
2024-08-20 11:00:00+00:00,34,1,118,5634.5,5637.25,5632.0,5634.25,7817,ES.v.0
2024-08-20 12:00:00+00:00,34,1,118,5634.25,5636.0,5629.0,5630.5,17552,ES.v.0
2024-08-20 13:00:00+00:00,34,1,118,5630.25,5643.75,5625.5,5642.5,114152,ES.v.0
2024-08-20 14:00:00+00:00,34,1,118,5642.5,5643.25,5614.25,5618.5,217030,ES.v.0
2024-08-20 15:00:00+00:00,34,1,118,5618.75,5628.0,5613.0,5627.5,113895,ES.v.0
2024-08-20 16:00:00+00:00,34,1,118,5627.5,5629.0,5614.75,5615.0,101108,ES.v.0
2024-08-20 17:00:00+00:00,34,1,118,5615.25,5619.5,5607.75,5617.75,80980,ES.v.0
2024-08-20 18:00:00+00:00,34,1,118,5617.75,5632.25,5616.5,5625.25,77837,ES.v.0
2024-08-20 19:00:00+00:00,34,1,118,5625.5,5627.0,5618.5,5621.0,133253,ES.v.0
2024-08-20 20:00:00+00:00,34,1,118,5621.0,5625.75,5620.0,5620.0,37602,ES.v.0
2024-08-20 22:00:00+00:00,34,1,118,5619.5,5622.0,5617.75,5620.0,4147,ES.v.0
2024-08-20 23:00:00+00:00,34,1,118,5620.25,5622.0,5618.5,5619.75,2679,ES.v.0
2024-08-21 00:00:00+00:00,34,1,118,5619.75,5627.0,5619.75,5626.0,4644,ES.v.0
2024-08-21 01:00:00+00:00,34,1,118,5626.0,5626.5,5622.5,5623.25,4175,ES.v.0
2024-08-21 02:00:00+00:00,34,1,118,5623.25,5625.75,5621.5,5624.75,2769,ES.v.0
2024-08-21 03:00:00+00:00,34,1,118,5624.75,5628.75,5624.5,5626.5,3305,ES.v.0
2024-08-21 04:00:00+00:00,34,1,118,5626.5,5629.75,5626.0,5629.5,1641,ES.v.0
2024-08-21 05:00:00+00:00,34,1,118,5629.5,5630.75,5625.0,5626.25,3729,ES.v.0
2024-08-21 06:00:00+00:00,34,1,118,5626.25,5627.0,5622.5,5624.0,4238,ES.v.0
2024-08-21 07:00:00+00:00,34,1,118,5623.75,5626.5,5621.75,5623.25,6081,ES.v.0
2024-08-21 08:00:00+00:00,34,1,118,5623.5,5626.25,5619.75,5620.0,7395,ES.v.0
2024-08-21 09:00:00+00:00,34,1,118,5620.0,5623.5,5619.25,5620.75,6008,ES.v.0
2024-08-21 10:00:00+00:00,34,1,118,5621.0,5630.0,5620.5,5629.5,7610,ES.v.0
2024-08-21 11:00:00+00:00,34,1,118,5629.25,5631.75,5627.0,5628.75,10390,ES.v.0
2024-08-21 12:00:00+00:00,34,1,118,5629.0,5633.75,5627.0,5629.25,13890,ES.v.0
2024-08-21 13:00:00+00:00,34,1,118,5629.5,5638.25,5627.5,5637.25,105392,ES.v.0
2024-08-21 14:00:00+00:00,34,1,118,5637.25,5655.25,5619.5,5626.25,242577,ES.v.0
2024-08-21 15:00:00+00:00,34,1,118,5626.0,5637.25,5619.25,5622.75,121219,ES.v.0
2024-08-21 16:00:00+00:00,34,1,118,5622.5,5637.0,5613.5,5635.0,91821,ES.v.0
2024-08-21 17:00:00+00:00,34,1,118,5635.25,5639.5,5632.5,5637.5,52481,ES.v.0
2024-08-21 18:00:00+00:00,34,1,118,5637.75,5651.0,5635.25,5641.5,118113,ES.v.0
2024-08-21 19:00:00+00:00,34,1,118,5641.25,5644.0,5626.0,5640.25,158954,ES.v.0
2024-08-21 20:00:00+00:00,34,1,118,5640.25,5644.5,5635.5,5641.5,38808,ES.v.0
2024-08-21 22:00:00+00:00,34,1,118,5642.0,5646.25,5640.25,5644.25,3753,ES.v.0
2024-08-21 23:00:00+00:00,34,1,118,5644.25,5645.5,5642.25,5645.25,2164,ES.v.0
2024-08-22 00:00:00+00:00,34,1,118,5645.0,5647.25,5644.0,5644.5,3030,ES.v.0
2024-08-22 01:00:00+00:00,34,1,118,5644.5,5645.0,5642.0,5644.0,2387,ES.v.0
2024-08-22 02:00:00+00:00,34,1,118,5644.0,5644.0,5634.25,5635.0,5200,ES.v.0
2024-08-22 03:00:00+00:00,34,1,118,5635.25,5635.5,5631.5,5633.5,3872,ES.v.0
2024-08-22 04:00:00+00:00,34,1,118,5633.75,5636.5,5632.75,5636.5,2571,ES.v.0
2024-08-22 05:00:00+00:00,34,1,118,5636.25,5638.5,5636.0,5637.5,2402,ES.v.0
2024-08-22 06:00:00+00:00,34,1,118,5637.5,5642.5,5636.5,5642.0,3770,ES.v.0
2024-08-22 07:00:00+00:00,34,1,118,5642.0,5645.5,5640.25,5644.0,7281,ES.v.0
2024-08-22 08:00:00+00:00,34,1,118,5643.75,5647.0,5641.25,5645.5,5653,ES.v.0
2024-08-22 09:00:00+00:00,34,1,118,5645.5,5649.25,5643.75,5644.25,4593,ES.v.0
2024-08-22 10:00:00+00:00,34,1,118,5644.25,5650.25,5643.5,5650.0,5474,ES.v.0
2024-08-22 11:00:00+00:00,34,1,118,5649.75,5655.0,5649.25,5653.75,11538,ES.v.0
2024-08-22 12:00:00+00:00,34,1,118,5653.5,5656.25,5645.5,5655.25,22828,ES.v.0
2024-08-22 13:00:00+00:00,34,1,118,5655.25,5665.25,5648.75,5656.0,127710,ES.v.0
2024-08-22 14:00:00+00:00,34,1,118,5656.5,5657.75,5634.25,5638.0,173747,ES.v.0
2024-08-22 15:00:00+00:00,34,1,118,5638.0,5645.25,5603.25,5610.0,192889,ES.v.0
2024-08-22 16:00:00+00:00,34,1,118,5610.0,5633.5,5605.25,5608.75,157600,ES.v.0
2024-08-22 17:00:00+00:00,34,1,118,5608.75,5617.0,5584.75,5588.0,160916,ES.v.0
2024-08-22 18:00:00+00:00,34,1,118,5587.75,5605.75,5585.0,5592.5,120312,ES.v.0
2024-08-22 19:00:00+00:00,34,1,118,5592.75,5604.75,5582.75,5595.25,247525,ES.v.0
2024-08-22 20:00:00+00:00,34,1,118,5595.25,5602.25,5590.25,5598.5,61617,ES.v.0
2024-08-22 22:00:00+00:00,34,1,118,5597.75,5604.25,5597.75,5603.5,3439,ES.v.0
2024-08-22 23:00:00+00:00,34,1,118,5603.5,5604.75,5601.5,5604.5,2604,ES.v.0
2024-08-23 00:00:00+00:00,34,1,118,5604.75,5607.25,5602.75,5603.75,5611,ES.v.0
2024-08-23 01:00:00+00:00,34,1,118,5603.75,5607.5,5603.0,5605.0,4246,ES.v.0
2024-08-23 02:00:00+00:00,34,1,118,5605.25,5608.5,5604.0,5607.75,3347,ES.v.0
2024-08-23 03:00:00+00:00,34,1,118,5608.0,5612.5,5607.5,5610.25,3429,ES.v.0
2024-08-23 04:00:00+00:00,34,1,118,5610.0,5613.75,5610.0,5612.25,2739,ES.v.0
2024-08-23 05:00:00+00:00,34,1,118,5612.25,5615.0,5611.75,5612.75,3019,ES.v.0
2024-08-23 06:00:00+00:00,34,1,118,5613.0,5614.75,5612.0,5613.25,3978,ES.v.0
2024-08-23 07:00:00+00:00,34,1,118,5613.5,5616.25,5610.75,5611.0,7501,ES.v.0
2024-08-23 08:00:00+00:00,34,1,118,5611.0,5618.5,5610.0,5618.25,9048,ES.v.0
2024-08-23 09:00:00+00:00,34,1,118,5618.5,5620.0,5614.5,5619.5,7658,ES.v.0
2024-08-23 10:00:00+00:00,34,1,118,5619.5,5627.75,5618.25,5625.0,11254,ES.v.0
2024-08-23 11:00:00+00:00,34,1,118,5624.75,5625.75,5621.25,5624.75,9332,ES.v.0
2024-08-23 12:00:00+00:00,34,1,118,5624.75,5629.0,5621.25,5628.5,16338,ES.v.0
2024-08-23 13:00:00+00:00,34,1,118,5628.25,5630.25,5618.75,5628.25,103231,ES.v.0
2024-08-23 14:00:00+00:00,34,1,118,5628.5,5662.25,5614.25,5636.0,378145,ES.v.0
2024-08-23 15:00:00+00:00,34,1,118,5635.75,5656.0,5625.75,5630.5,210655,ES.v.0
2024-08-23 16:00:00+00:00,34,1,118,5630.5,5632.25,5603.0,5623.25,174284,ES.v.0
2024-08-23 17:00:00+00:00,34,1,118,5623.25,5640.75,5620.0,5634.5,86032,ES.v.0
2024-08-23 18:00:00+00:00,34,1,118,5634.75,5642.75,5632.5,5638.5,66794,ES.v.0
2024-08-23 19:00:00+00:00,34,1,118,5638.5,5657.75,5632.25,5651.25,186474,ES.v.0
2024-08-23 20:00:00+00:00,34,1,118,5651.5,5655.5,5648.5,5650.75,44934,ES.v.0
2024-08-25 22:00:00+00:00,34,1,118,5650.5,5659.25,5642.5,5643.0,10281,ES.v.0
2024-08-25 23:00:00+00:00,34,1,118,5643.25,5646.75,5640.25,5646.5,6647,ES.v.0
2024-08-26 00:00:00+00:00,34,1,118,5646.5,5656.5,5643.75,5654.75,8625,ES.v.0
2024-08-26 01:00:00+00:00,34,1,118,5655.0,5659.5,5652.25,5652.75,5948,ES.v.0
2024-08-26 02:00:00+00:00,34,1,118,5652.75,5653.75,5649.25,5650.0,3088,ES.v.0
2024-08-26 03:00:00+00:00,34,1,118,5649.75,5652.75,5644.25,5646.0,3959,ES.v.0
2024-08-26 04:00:00+00:00,34,1,118,5646.0,5649.5,5645.5,5648.5,1717,ES.v.0
2024-08-26 05:00:00+00:00,34,1,118,5648.25,5652.25,5646.25,5650.0,3222,ES.v.0
2024-08-26 06:00:00+00:00,34,1,118,5650.25,5654.5,5649.75,5650.75,3892,ES.v.0
2024-08-26 07:00:00+00:00,34,1,118,5651.0,5659.0,5650.25,5658.25,8992,ES.v.0
2024-08-26 08:00:00+00:00,34,1,118,5658.25,5664.5,5656.0,5663.5,7720,ES.v.0
2024-08-26 09:00:00+00:00,34,1,118,5663.5,5663.75,5659.25,5662.25,4573,ES.v.0
2024-08-26 10:00:00+00:00,34,1,118,5662.25,5663.75,5658.5,5662.25,7148,ES.v.0
2024-08-26 11:00:00+00:00,34,1,118,5662.25,5664.25,5652.25,5659.25,12155,ES.v.0
2024-08-26 12:00:00+00:00,34,1,118,5659.0,5662.25,5655.0,5661.75,14499,ES.v.0
2024-08-26 13:00:00+00:00,34,1,118,5661.5,5669.0,5656.5,5660.0,128352,ES.v.0
2024-08-26 14:00:00+00:00,34,1,118,5660.0,5661.75,5631.0,5640.75,205525,ES.v.0
2024-08-26 15:00:00+00:00,34,1,118,5640.5,5642.75,5627.0,5629.0,129187,ES.v.0
2024-08-26 16:00:00+00:00,34,1,118,5629.0,5646.25,5626.5,5644.5,93592,ES.v.0
2024-08-26 17:00:00+00:00,34,1,118,5644.5,5646.5,5621.25,5624.5,107651,ES.v.0
2024-08-26 18:00:00+00:00,34,1,118,5624.5,5638.75,5619.75,5638.0,108563,ES.v.0
2024-08-26 19:00:00+00:00,34,1,118,5637.75,5638.5,5628.25,5637.25,139506,ES.v.0
2024-08-26 20:00:00+00:00,34,1,118,5637.5,5638.0,5627.75,5629.5,43326,ES.v.0
2024-08-26 22:00:00+00:00,34,1,118,5630.0,5633.5,5623.25,5626.25,5368,ES.v.0
2024-08-26 23:00:00+00:00,34,1,118,5626.25,5633.5,5625.75,5632.0,3493,ES.v.0
2024-08-27 00:00:00+00:00,34,1,118,5632.0,5636.0,5627.25,5628.5,5940,ES.v.0
2024-08-27 01:00:00+00:00,34,1,118,5628.5,5632.25,5626.0,5631.25,4992,ES.v.0
2024-08-27 02:00:00+00:00,34,1,118,5631.5,5636.5,5630.5,5634.5,3400,ES.v.0
2024-08-27 03:00:00+00:00,34,1,118,5634.5,5636.0,5633.25,5634.75,2060,ES.v.0
2024-08-27 04:00:00+00:00,34,1,118,5634.5,5636.5,5632.25,5636.0,1956,ES.v.0
2024-08-27 05:00:00+00:00,34,1,118,5636.0,5638.75,5635.75,5638.25,2759,ES.v.0
2024-08-27 06:00:00+00:00,34,1,118,5638.0,5639.0,5635.0,5637.5,3190,ES.v.0
2024-08-27 07:00:00+00:00,34,1,118,5637.5,5640.0,5633.5,5639.75,7849,ES.v.0
2024-08-27 08:00:00+00:00,34,1,118,5639.75,5645.75,5639.25,5641.25,9812,ES.v.0
2024-08-27 09:00:00+00:00,34,1,118,5641.25,5645.5,5640.25,5641.25,4568,ES.v.0
2024-08-27 10:00:00+00:00,34,1,118,5641.0,5642.0,5627.75,5629.75,9417,ES.v.0
2024-08-27 11:00:00+00:00,34,1,118,5629.75,5640.25,5626.5,5635.5,13291,ES.v.0
2024-08-27 12:00:00+00:00,34,1,118,5635.75,5635.75,5616.75,5620.75,29830,ES.v.0
2024-08-27 13:00:00+00:00,34,1,118,5620.75,5631.25,5611.5,5627.0,151842,ES.v.0
2024-08-27 14:00:00+00:00,34,1,118,5626.75,5646.0,5624.25,5645.0,175812,ES.v.0
2024-08-27 15:00:00+00:00,34,1,118,5644.75,5649.5,5626.75,5635.5,153259,ES.v.0
2024-08-27 16:00:00+00:00,34,1,118,5635.25,5640.5,5627.0,5636.75,77711,ES.v.0
2024-08-27 17:00:00+00:00,34,1,118,5636.5,5649.0,5636.5,5648.0,78298,ES.v.0
2024-08-27 18:00:00+00:00,34,1,118,5648.0,5649.25,5642.0,5644.5,60805,ES.v.0
2024-08-27 19:00:00+00:00,34,1,118,5644.5,5647.25,5640.0,5643.75,127335,ES.v.0
2024-08-27 20:00:00+00:00,34,1,118,5643.75,5647.0,5641.25,5643.0,33269,ES.v.0
2024-08-27 22:00:00+00:00,34,1,118,5643.75,5645.25,5633.0,5636.0,7978,ES.v.0
2024-08-27 23:00:00+00:00,34,1,118,5636.0,5639.25,5630.5,5635.75,4578,ES.v.0
2024-08-28 00:00:00+00:00,34,1,118,5635.75,5638.75,5634.25,5638.25,3414,ES.v.0
2024-08-28 01:00:00+00:00,34,1,118,5638.5,5640.25,5635.0,5639.5,3807,ES.v.0
2024-08-28 02:00:00+00:00,34,1,118,5639.25,5643.5,5637.75,5642.25,3138,ES.v.0
2024-08-28 03:00:00+00:00,34,1,118,5642.0,5643.0,5641.0,5642.25,1743,ES.v.0
2024-08-28 04:00:00+00:00,34,1,118,5642.5,5645.25,5642.0,5644.0,1410,ES.v.0
2024-08-28 05:00:00+00:00,34,1,118,5644.0,5644.75,5642.25,5644.25,2157,ES.v.0
2024-08-28 06:00:00+00:00,34,1,118,5644.25,5646.5,5643.0,5645.5,3573,ES.v.0
2024-08-28 07:00:00+00:00,34,1,118,5645.75,5646.0,5641.5,5645.0,7077,ES.v.0
2024-08-28 08:00:00+00:00,34,1,118,5645.0,5650.25,5641.75,5649.5,10212,ES.v.0
2024-08-28 09:00:00+00:00,34,1,118,5649.5,5650.5,5646.25,5648.25,5427,ES.v.0
2024-08-28 10:00:00+00:00,34,1,118,5648.25,5648.75,5645.5,5646.0,6529,ES.v.0
2024-08-28 11:00:00+00:00,34,1,118,5646.0,5646.75,5637.25,5638.75,10293,ES.v.0
2024-08-28 12:00:00+00:00,34,1,118,5638.75,5643.0,5636.0,5642.5,18367,ES.v.0
2024-08-28 13:00:00+00:00,34,1,118,5642.5,5644.5,5633.75,5638.5,124190,ES.v.0
2024-08-28 14:00:00+00:00,34,1,118,5638.25,5640.75,5622.0,5624.0,162713,ES.v.0
2024-08-28 15:00:00+00:00,34,1,118,5624.0,5624.25,5604.0,5612.0,203944,ES.v.0
2024-08-28 16:00:00+00:00,34,1,118,5612.0,5614.25,5596.0,5613.0,105729,ES.v.0
2024-08-28 17:00:00+00:00,34,1,118,5613.0,5616.25,5579.25,5580.75,129763,ES.v.0
2024-08-28 18:00:00+00:00,34,1,118,5580.75,5609.25,5577.5,5608.0,143073,ES.v.0
2024-08-28 19:00:00+00:00,34,1,118,5607.75,5621.5,5599.0,5611.5,213766,ES.v.0
2024-08-28 20:00:00+00:00,34,1,118,5611.5,5616.25,5576.0,5593.5,134826,ES.v.0
2024-08-28 22:00:00+00:00,34,1,118,5580.5,5587.0,5561.25,5570.25,20596,ES.v.0
2024-08-28 23:00:00+00:00,34,1,118,5570.5,5573.5,5567.5,5572.0,5598,ES.v.0
2024-08-29 00:00:00+00:00,34,1,118,5572.0,5584.75,5571.5,5582.75,9112,ES.v.0
2024-08-29 01:00:00+00:00,34,1,118,5582.75,5584.25,5577.5,5580.25,6268,ES.v.0
2024-08-29 02:00:00+00:00,34,1,118,5580.5,5589.25,5579.0,5588.25,4367,ES.v.0
2024-08-29 03:00:00+00:00,34,1,118,5588.25,5590.5,5587.25,5589.25,3713,ES.v.0
2024-08-29 04:00:00+00:00,34,1,118,5589.5,5592.75,5589.0,5592.5,3310,ES.v.0
2024-08-29 05:00:00+00:00,34,1,118,5592.5,5598.5,5590.75,5597.5,6792,ES.v.0
2024-08-29 06:00:00+00:00,34,1,118,5597.25,5602.75,5593.75,5602.0,9970,ES.v.0
2024-08-29 07:00:00+00:00,34,1,118,5602.0,5611.0,5601.5,5607.75,14056,ES.v.0
2024-08-29 08:00:00+00:00,34,1,118,5607.75,5615.75,5605.25,5613.25,19150,ES.v.0
2024-08-29 09:00:00+00:00,34,1,118,5613.5,5627.75,5612.75,5625.5,16219,ES.v.0
2024-08-29 10:00:00+00:00,34,1,118,5625.75,5629.75,5617.0,5620.0,13984,ES.v.0
2024-08-29 11:00:00+00:00,34,1,118,5619.75,5629.5,5615.0,5624.25,18219,ES.v.0
2024-08-29 12:00:00+00:00,34,1,118,5624.25,5635.75,5621.0,5625.0,40600,ES.v.0
2024-08-29 13:00:00+00:00,34,1,118,5625.0,5639.75,5620.5,5638.25,183919,ES.v.0
2024-08-29 14:00:00+00:00,34,1,118,5638.0,5655.0,5628.0,5648.0,223905,ES.v.0
2024-08-29 15:00:00+00:00,34,1,118,5647.75,5659.25,5641.75,5651.75,149506,ES.v.0
2024-08-29 16:00:00+00:00,34,1,118,5652.0,5663.75,5651.25,5658.25,120845,ES.v.0
2024-08-29 17:00:00+00:00,34,1,118,5658.25,5658.25,5646.5,5655.5,98399,ES.v.0
2024-08-29 18:00:00+00:00,34,1,118,5655.25,5655.25,5598.0,5611.5,255967,ES.v.0
2024-08-29 19:00:00+00:00,34,1,118,5611.5,5626.5,5601.75,5610.25,226580,ES.v.0
2024-08-29 20:00:00+00:00,34,1,118,5610.5,5620.75,5609.75,5618.0,56549,ES.v.0
2024-08-29 22:00:00+00:00,34,1,118,5618.5,5621.75,5612.0,5615.75,6047,ES.v.0
2024-08-29 23:00:00+00:00,34,1,118,5615.5,5618.25,5613.75,5615.0,2193,ES.v.0
2024-08-30 00:00:00+00:00,34,1,118,5615.0,5619.5,5608.25,5617.75,6709,ES.v.0
2024-08-30 01:00:00+00:00,34,1,118,5618.0,5620.75,5614.5,5616.75,4441,ES.v.0
2024-08-30 02:00:00+00:00,34,1,118,5616.75,5623.5,5616.25,5623.0,3884,ES.v.0
2024-08-30 03:00:00+00:00,34,1,118,5623.0,5623.5,5615.75,5619.5,3394,ES.v.0
2024-08-30 04:00:00+00:00,34,1,118,5619.5,5622.0,5616.75,5621.5,2803,ES.v.0
2024-08-30 05:00:00+00:00,34,1,118,5621.25,5624.5,5619.0,5620.25,5386,ES.v.0
2024-08-30 06:00:00+00:00,34,1,118,5620.5,5625.5,5619.75,5621.5,8622,ES.v.0
2024-08-30 07:00:00+00:00,34,1,118,5621.5,5634.5,5620.25,5631.25,13528,ES.v.0
2024-08-30 08:00:00+00:00,34,1,118,5631.25,5635.0,5629.5,5632.0,9672,ES.v.0
2024-08-30 09:00:00+00:00,34,1,118,5631.75,5633.75,5629.75,5633.75,5243,ES.v.0
2024-08-30 10:00:00+00:00,34,1,118,5633.75,5636.75,5626.5,5636.5,8246,ES.v.0
2024-08-30 11:00:00+00:00,34,1,118,5636.25,5637.25,5628.5,5632.0,10284,ES.v.0
2024-08-30 12:00:00+00:00,34,1,118,5632.25,5639.75,5625.75,5627.5,33437,ES.v.0
2024-08-30 13:00:00+00:00,34,1,118,5627.75,5642.75,5625.5,5640.75,145502,ES.v.0
2024-08-30 14:00:00+00:00,34,1,118,5640.5,5646.0,5622.25,5623.0,188183,ES.v.0
2024-08-30 15:00:00+00:00,34,1,118,5623.0,5628.25,5604.25,5614.5,200570,ES.v.0
2024-08-30 16:00:00+00:00,34,1,118,5614.5,5619.75,5594.25,5614.25,154700,ES.v.0
2024-08-30 17:00:00+00:00,34,1,118,5614.0,5621.75,5608.75,5611.5,102192,ES.v.0
2024-08-30 18:00:00+00:00,34,1,118,5611.75,5632.5,5608.75,5630.0,116933,ES.v.0
2024-08-30 19:00:00+00:00,34,1,118,5630.0,5665.0,5624.5,5658.25,336246,ES.v.0
2024-08-30 20:00:00+00:00,34,1,118,5658.25,5661.5,5653.25,5656.5,85841,ES.v.0
2024-09-01 22:00:00+00:00,34,1,118,5656.25,5660.5,5652.0,5653.25,4477,ES.v.0
2024-09-01 23:00:00+00:00,34,1,118,5653.25,5655.5,5652.0,5653.0,2360,ES.v.0
2024-09-02 00:00:00+00:00,34,1,118,5653.0,5658.5,5651.75,5656.25,3403,ES.v.0
2024-09-02 01:00:00+00:00,34,1,118,5656.25,5660.25,5656.0,5659.5,2947,ES.v.0
2024-09-02 02:00:00+00:00,34,1,118,5659.25,5659.25,5653.0,5654.5,3486,ES.v.0
2024-09-02 03:00:00+00:00,34,1,118,5654.5,5654.75,5650.0,5653.25,2601,ES.v.0
2024-09-02 04:00:00+00:00,34,1,118,5653.0,5653.25,5648.5,5653.0,2665,ES.v.0
2024-09-02 05:00:00+00:00,34,1,118,5653.25,5656.75,5652.25,5653.25,2816,ES.v.0
2024-09-02 06:00:00+00:00,34,1,118,5653.5,5654.75,5648.25,5649.5,4860,ES.v.0
2024-09-02 07:00:00+00:00,34,1,118,5649.75,5650.25,5638.0,5644.75,11967,ES.v.0
2024-09-02 08:00:00+00:00,34,1,118,5644.75,5653.75,5644.75,5650.75,9271,ES.v.0
2024-09-02 09:00:00+00:00,34,1,118,5650.75,5655.0,5649.5,5653.5,3962,ES.v.0
2024-09-02 10:00:00+00:00,34,1,118,5653.5,5654.5,5651.75,5653.5,2637,ES.v.0
2024-09-02 11:00:00+00:00,34,1,118,5653.75,5655.25,5652.0,5655.25,2742,ES.v.0
2024-09-02 12:00:00+00:00,34,1,118,5655.0,5658.25,5655.0,5657.25,4395,ES.v.0
2024-09-02 13:00:00+00:00,34,1,118,5657.25,5661.25,5655.25,5657.25,9716,ES.v.0
2024-09-02 14:00:00+00:00,34,1,118,5657.5,5666.75,5652.25,5665.75,15718,ES.v.0
2024-09-02 15:00:00+00:00,34,1,118,5665.75,5667.0,5661.25,5664.25,9829,ES.v.0
2024-09-02 16:00:00+00:00,34,1,118,5664.25,5666.75,5659.25,5665.0,6587,ES.v.0
2024-09-02 22:00:00+00:00,34,1,118,5665.0,5669.75,5658.0,5660.75,6201,ES.v.0
2024-09-02 23:00:00+00:00,34,1,118,5661.0,5661.0,5649.75,5654.25,7760,ES.v.0
2024-09-03 00:00:00+00:00,34,1,118,5654.25,5658.0,5652.0,5656.25,4269,ES.v.0
2024-09-03 01:00:00+00:00,34,1,118,5656.5,5661.0,5656.25,5659.0,3813,ES.v.0
2024-09-03 02:00:00+00:00,34,1,118,5659.25,5659.5,5650.25,5651.25,3944,ES.v.0
2024-09-03 03:00:00+00:00,34,1,118,5651.25,5653.0,5644.75,5653.0,7432,ES.v.0
2024-09-03 04:00:00+00:00,34,1,118,5653.0,5653.25,5650.5,5651.5,2145,ES.v.0
2024-09-03 05:00:00+00:00,34,1,118,5651.5,5655.5,5651.5,5655.5,4783,ES.v.0
2024-09-03 06:00:00+00:00,34,1,118,5655.5,5657.0,5646.75,5655.5,6948,ES.v.0
2024-09-03 07:00:00+00:00,34,1,118,5655.25,5666.25,5655.25,5662.25,10833,ES.v.0
2024-09-03 08:00:00+00:00,34,1,118,5662.5,5664.5,5639.25,5639.5,17076,ES.v.0
2024-09-03 09:00:00+00:00,34,1,118,5639.5,5642.5,5628.0,5629.75,28123,ES.v.0
2024-09-03 10:00:00+00:00,34,1,118,5629.75,5636.25,5626.5,5634.25,17831,ES.v.0
2024-09-03 11:00:00+00:00,34,1,118,5634.5,5636.0,5627.25,5632.25,17976,ES.v.0
2024-09-03 12:00:00+00:00,34,1,118,5632.25,5636.75,5627.75,5628.25,24177,ES.v.0
2024-09-03 13:00:00+00:00,34,1,118,5628.0,5633.0,5603.0,5612.25,206536,ES.v.0
2024-09-03 14:00:00+00:00,34,1,118,5612.25,5612.25,5572.5,5575.25,294497,ES.v.0
2024-09-03 15:00:00+00:00,34,1,118,5575.5,5591.75,5573.25,5577.75,177488,ES.v.0
2024-09-03 16:00:00+00:00,34,1,118,5577.75,5587.25,5569.0,5570.5,127906,ES.v.0
2024-09-03 17:00:00+00:00,34,1,118,5570.5,5580.5,5564.0,5564.75,118884,ES.v.0
2024-09-03 18:00:00+00:00,34,1,118,5564.75,5565.75,5546.5,5548.25,155217,ES.v.0
2024-09-03 19:00:00+00:00,34,1,118,5548.0,5553.25,5516.75,5543.25,373593,ES.v.0
2024-09-03 20:00:00+00:00,34,1,118,5543.25,5547.0,5532.25,5538.5,84288,ES.v.0
2024-09-03 22:00:00+00:00,34,1,118,5538.5,5541.0,5529.5,5534.25,10547,ES.v.0
2024-09-03 23:00:00+00:00,34,1,118,5534.25,5537.0,5527.75,5532.75,7558,ES.v.0
2024-09-04 00:00:00+00:00,34,1,118,5532.5,5538.5,5508.75,5510.75,23585,ES.v.0
2024-09-04 01:00:00+00:00,34,1,118,5510.75,5527.25,5507.5,5519.25,23710,ES.v.0
2024-09-04 02:00:00+00:00,34,1,118,5519.0,5526.0,5515.25,5518.5,12288,ES.v.0
2024-09-04 03:00:00+00:00,34,1,118,5518.5,5522.5,5511.5,5514.75,7989,ES.v.0
2024-09-04 04:00:00+00:00,34,1,118,5515.0,5520.5,5510.5,5511.5,6285,ES.v.0
2024-09-04 05:00:00+00:00,34,1,118,5511.5,5515.75,5508.25,5510.25,12553,ES.v.0
2024-09-04 06:00:00+00:00,34,1,118,5510.25,5519.75,5508.0,5508.0,20740,ES.v.0
2024-09-04 07:00:00+00:00,34,1,118,5508.25,5525.75,5506.75,5522.75,32442,ES.v.0
2024-09-04 08:00:00+00:00,34,1,118,5522.5,5529.5,5519.0,5522.5,24970,ES.v.0
2024-09-04 09:00:00+00:00,34,1,118,5522.5,5530.5,5520.5,5525.5,13511,ES.v.0
2024-09-04 10:00:00+00:00,34,1,118,5525.75,5527.5,5517.75,5518.5,14690,ES.v.0
2024-09-04 11:00:00+00:00,34,1,118,5518.25,5525.0,5515.5,5519.25,22325,ES.v.0
2024-09-04 12:00:00+00:00,34,1,118,5519.5,5529.0,5516.75,5526.75,30908,ES.v.0
2024-09-04 13:00:00+00:00,34,1,118,5526.75,5546.5,5520.75,5545.5,202972,ES.v.0
2024-09-04 14:00:00+00:00,34,1,118,5545.5,5560.75,5521.0,5560.25,328906,ES.v.0
2024-09-04 15:00:00+00:00,34,1,118,5560.25,5565.0,5533.75,5538.75,186670,ES.v.0
2024-09-04 16:00:00+00:00,34,1,118,5538.75,5551.5,5531.25,5543.75,126840,ES.v.0
2024-09-04 17:00:00+00:00,34,1,118,5543.5,5543.75,5527.25,5530.0,99672,ES.v.0
2024-09-04 18:00:00+00:00,34,1,118,5530.25,5538.0,5520.5,5521.0,143840,ES.v.0
2024-09-04 19:00:00+00:00,34,1,118,5521.0,5540.0,5515.0,5528.0,266001,ES.v.0
2024-09-04 20:00:00+00:00,34,1,118,5528.0,5528.75,5518.25,5527.25,70008,ES.v.0
2024-09-04 22:00:00+00:00,34,1,118,5527.5,5532.5,5527.25,5530.25,4720,ES.v.0
2024-09-04 23:00:00+00:00,34,1,118,5530.25,5530.75,5515.0,5523.25,7107,ES.v.0
2024-09-05 00:00:00+00:00,34,1,118,5523.25,5537.75,5522.75,5534.5,10945,ES.v.0
2024-09-05 01:00:00+00:00,34,1,118,5534.5,5537.75,5531.5,5534.25,5178,ES.v.0
2024-09-05 02:00:00+00:00,34,1,118,5534.25,5535.25,5528.25,5532.25,4934,ES.v.0
2024-09-05 03:00:00+00:00,34,1,118,5532.0,5532.75,5519.75,5521.5,8382,ES.v.0
2024-09-05 04:00:00+00:00,34,1,118,5521.25,5525.0,5520.5,5523.0,4945,ES.v.0
2024-09-05 05:00:00+00:00,34,1,118,5523.0,5530.0,5518.75,5527.0,7876,ES.v.0
2024-09-05 06:00:00+00:00,34,1,118,5526.75,5529.75,5518.0,5519.5,9098,ES.v.0
2024-09-05 07:00:00+00:00,34,1,118,5519.75,5540.0,5517.0,5539.5,23780,ES.v.0
2024-09-05 08:00:00+00:00,34,1,118,5539.25,5539.75,5534.25,5536.25,11123,ES.v.0
2024-09-05 09:00:00+00:00,34,1,118,5536.0,5536.25,5523.5,5530.25,14129,ES.v.0
2024-09-05 10:00:00+00:00,34,1,118,5530.0,5534.25,5527.25,5533.5,10672,ES.v.0
2024-09-05 11:00:00+00:00,34,1,118,5533.25,5537.25,5525.25,5527.0,16493,ES.v.0
2024-09-05 12:00:00+00:00,34,1,118,5526.75,5533.75,5512.0,5523.0,68463,ES.v.0
2024-09-05 13:00:00+00:00,34,1,118,5523.0,5542.25,5521.5,5539.25,170876,ES.v.0
2024-09-05 14:00:00+00:00,34,1,118,5538.5,5557.25,5522.75,5523.0,279293,ES.v.0
2024-09-05 15:00:00+00:00,34,1,118,5523.25,5525.0,5492.5,5494.0,271687,ES.v.0
2024-09-05 16:00:00+00:00,34,1,118,5494.0,5512.25,5490.0,5506.5,143408,ES.v.0
2024-09-05 17:00:00+00:00,34,1,118,5506.5,5526.75,5496.5,5526.25,140063,ES.v.0
2024-09-05 18:00:00+00:00,34,1,118,5526.25,5531.25,5518.0,5521.0,132928,ES.v.0
2024-09-05 19:00:00+00:00,34,1,118,5521.0,5522.25,5500.0,5515.0,249845,ES.v.0
2024-09-05 20:00:00+00:00,34,1,118,5514.75,5523.0,5508.75,5511.5,74090,ES.v.0
2024-09-05 22:00:00+00:00,34,1,118,5513.0,5513.75,5506.25,5510.25,4509,ES.v.0
2024-09-05 23:00:00+00:00,34,1,118,5510.5,5510.75,5505.25,5510.0,3432,ES.v.0
2024-09-06 00:00:00+00:00,34,1,118,5510.0,5510.75,5496.0,5496.25,11758,ES.v.0
2024-09-06 01:00:00+00:00,34,1,118,5496.5,5507.5,5488.5,5506.25,18621,ES.v.0
2024-09-06 02:00:00+00:00,34,1,118,5506.25,5509.5,5505.0,5508.25,5182,ES.v.0
2024-09-06 03:00:00+00:00,34,1,118,5508.5,5511.0,5503.5,5504.25,5952,ES.v.0
2024-09-06 04:00:00+00:00,34,1,118,5504.0,5508.75,5502.5,5507.75,3504,ES.v.0
2024-09-06 05:00:00+00:00,34,1,118,5507.75,5507.75,5495.5,5503.75,6830,ES.v.0
2024-09-06 06:00:00+00:00,34,1,118,5504.0,5506.5,5495.0,5497.25,9994,ES.v.0
2024-09-06 07:00:00+00:00,34,1,118,5497.5,5497.5,5466.5,5478.75,47043,ES.v.0
2024-09-06 08:00:00+00:00,34,1,118,5478.75,5482.75,5470.0,5474.25,26434,ES.v.0
2024-09-06 09:00:00+00:00,34,1,118,5474.0,5481.0,5469.0,5479.25,18963,ES.v.0
2024-09-06 10:00:00+00:00,34,1,118,5479.25,5480.5,5473.0,5475.5,14092,ES.v.0
2024-09-06 11:00:00+00:00,34,1,118,5475.5,5484.5,5475.25,5483.75,24795,ES.v.0
2024-09-06 12:00:00+00:00,34,1,118,5483.75,5520.0,5470.0,5513.75,136299,ES.v.0
2024-09-06 13:00:00+00:00,34,1,118,5513.75,5532.5,5494.75,5495.5,264054,ES.v.0
2024-09-06 14:00:00+00:00,34,1,118,5495.75,5499.25,5431.75,5438.5,416213,ES.v.0
2024-09-06 15:00:00+00:00,34,1,118,5438.75,5471.5,5418.5,5421.75,402383,ES.v.0
2024-09-06 16:00:00+00:00,34,1,118,5421.75,5428.0,5412.5,5417.0,169666,ES.v.0
2024-09-06 17:00:00+00:00,34,1,118,5417.25,5436.0,5414.5,5422.0,140869,ES.v.0
2024-09-06 18:00:00+00:00,34,1,118,5422.25,5424.5,5410.25,5420.5,116725,ES.v.0
2024-09-06 19:00:00+00:00,34,1,118,5420.25,5434.75,5412.5,5420.5,306592,ES.v.0
2024-09-06 20:00:00+00:00,34,1,118,5420.75,5421.0,5394.0,5403.75,103155,ES.v.0
2024-09-08 22:00:00+00:00,34,1,118,5410.0,5416.5,5405.25,5413.0,17010,ES.v.0
2024-09-08 23:00:00+00:00,34,1,118,5412.75,5420.5,5408.0,5417.75,10024,ES.v.0
2024-09-09 00:00:00+00:00,34,1,118,5418.0,5429.0,5417.25,5424.75,14349,ES.v.0
2024-09-09 01:00:00+00:00,34,1,118,5424.5,5433.0,5424.5,5430.75,12707,ES.v.0
2024-09-09 02:00:00+00:00,34,1,118,5430.5,5433.5,5428.75,5431.75,6846,ES.v.0
2024-09-09 03:00:00+00:00,34,1,118,5431.75,5436.25,5431.75,5435.25,7378,ES.v.0
2024-09-09 04:00:00+00:00,34,1,118,5435.5,5445.0,5435.25,5441.5,9350,ES.v.0
2024-09-09 05:00:00+00:00,34,1,118,5441.75,5442.0,5436.25,5438.5,8839,ES.v.0
2024-09-09 06:00:00+00:00,34,1,118,5438.5,5444.0,5437.5,5442.75,9407,ES.v.0
2024-09-09 07:00:00+00:00,34,1,118,5443.0,5454.5,5442.5,5454.0,23115,ES.v.0
2024-09-09 08:00:00+00:00,34,1,118,5454.0,5454.25,5446.5,5451.75,20092,ES.v.0
2024-09-09 09:00:00+00:00,34,1,118,5451.75,5459.0,5450.5,5458.5,20288,ES.v.0
2024-09-09 10:00:00+00:00,34,1,118,5458.75,5463.75,5455.0,5457.0,19830,ES.v.0
2024-09-09 11:00:00+00:00,34,1,118,5457.0,5464.25,5453.5,5455.75,19537,ES.v.0
2024-09-09 12:00:00+00:00,34,1,118,5455.75,5457.5,5447.25,5456.25,24159,ES.v.0
2024-09-09 13:00:00+00:00,34,1,118,5456.25,5470.75,5454.0,5468.75,195021,ES.v.0
2024-09-09 14:00:00+00:00,34,1,118,5468.75,5479.75,5449.0,5449.0,245403,ES.v.0
2024-09-09 15:00:00+00:00,34,1,118,5448.75,5475.75,5442.5,5475.75,159180,ES.v.0
2024-09-09 16:00:00+00:00,34,1,118,5475.75,5492.5,5473.5,5490.75,127517,ES.v.0
2024-09-09 17:00:00+00:00,34,1,118,5490.75,5493.0,5471.5,5473.25,117691,ES.v.0
2024-09-09 18:00:00+00:00,34,1,118,5473.5,5474.25,5457.25,5466.75,145722,ES.v.0
2024-09-09 19:00:00+00:00,34,1,118,5466.5,5480.75,5460.0,5479.5,238395,ES.v.0
2024-09-09 20:00:00+00:00,34,1,118,5479.5,5490.25,5477.5,5487.5,66666,ES.v.0
2024-09-09 22:00:00+00:00,34,1,118,5488.25,5491.5,5483.25,5483.5,5469,ES.v.0
2024-09-09 23:00:00+00:00,34,1,118,5483.75,5489.5,5483.5,5486.75,6682,ES.v.0
2024-09-10 00:00:00+00:00,34,1,118,5486.5,5487.0,5473.75,5481.5,12658,ES.v.0
2024-09-10 01:00:00+00:00,34,1,118,5481.25,5483.25,5477.0,5482.75,7390,ES.v.0
2024-09-10 02:00:00+00:00,34,1,118,5482.5,5482.75,5475.25,5479.5,4383,ES.v.0
2024-09-10 03:00:00+00:00,34,1,118,5479.5,5479.75,5474.25,5476.75,4531,ES.v.0
2024-09-10 04:00:00+00:00,34,1,118,5476.75,5479.0,5468.75,5470.0,5029,ES.v.0
2024-09-10 05:00:00+00:00,34,1,118,5470.25,5474.75,5468.75,5471.25,8726,ES.v.0
2024-09-10 06:00:00+00:00,34,1,118,5471.25,5473.75,5466.5,5472.5,7214,ES.v.0
2024-09-10 07:00:00+00:00,34,1,118,5472.75,5485.75,5468.0,5485.25,14164,ES.v.0
2024-09-10 08:00:00+00:00,34,1,118,5485.25,5487.75,5474.5,5475.75,11990,ES.v.0
2024-09-10 09:00:00+00:00,34,1,118,5475.5,5477.25,5462.5,5474.5,23152,ES.v.0
2024-09-10 10:00:00+00:00,34,1,118,5474.5,5482.5,5468.25,5474.75,23080,ES.v.0
2024-09-10 11:00:00+00:00,34,1,118,5474.5,5485.0,5474.25,5483.0,19203,ES.v.0
2024-09-10 12:00:00+00:00,34,1,118,5483.0,5497.5,5482.25,5496.25,39480,ES.v.0
2024-09-10 13:00:00+00:00,34,1,118,5496.25,5501.25,5491.25,5493.5,154915,ES.v.0
2024-09-10 14:00:00+00:00,34,1,118,5493.75,5496.0,5470.25,5479.75,244427,ES.v.0
2024-09-10 15:00:00+00:00,34,1,118,5480.0,5492.0,5455.5,5456.25,182793,ES.v.0
2024-09-10 16:00:00+00:00,34,1,118,5456.25,5473.0,5448.25,5466.25,174775,ES.v.0
2024-09-10 17:00:00+00:00,34,1,118,5466.0,5486.5,5464.75,5484.5,127278,ES.v.0
2024-09-10 18:00:00+00:00,34,1,118,5484.5,5498.0,5484.5,5496.5,120774,ES.v.0
2024-09-10 19:00:00+00:00,34,1,118,5496.75,5506.0,5494.25,5502.0,209194,ES.v.0
2024-09-10 20:00:00+00:00,34,1,118,5502.0,5504.25,5495.75,5499.5,47565,ES.v.0
2024-09-10 22:00:00+00:00,34,1,118,5499.25,5500.0,5496.75,5499.5,4347,ES.v.0
2024-09-10 23:00:00+00:00,34,1,118,5499.25,5501.75,5495.0,5497.25,3273,ES.v.0
2024-09-11 00:00:00+00:00,34,1,118,5497.5,5498.75,5490.25,5492.25,6037,ES.v.0
2024-09-11 01:00:00+00:00,34,1,118,5492.5,5495.0,5478.75,5484.0,19290,ES.v.0
2024-09-11 02:00:00+00:00,34,1,118,5484.25,5487.25,5481.25,5485.0,11524,ES.v.0
2024-09-11 03:00:00+00:00,34,1,118,5485.0,5486.5,5475.0,5478.0,10794,ES.v.0
2024-09-11 04:00:00+00:00,34,1,118,5478.25,5478.75,5473.75,5475.75,5257,ES.v.0
2024-09-11 05:00:00+00:00,34,1,118,5475.75,5479.0,5471.0,5478.25,8853,ES.v.0
2024-09-11 06:00:00+00:00,34,1,118,5478.25,5489.75,5477.0,5486.75,11188,ES.v.0
2024-09-11 07:00:00+00:00,34,1,118,5486.5,5495.25,5486.0,5492.0,14596,ES.v.0
2024-09-11 08:00:00+00:00,34,1,118,5491.75,5492.5,5479.75,5481.5,12355,ES.v.0
2024-09-11 09:00:00+00:00,34,1,118,5481.5,5490.0,5478.75,5489.0,8053,ES.v.0
2024-09-11 10:00:00+00:00,34,1,118,5489.0,5491.25,5484.75,5489.0,13192,ES.v.0
2024-09-11 11:00:00+00:00,34,1,118,5489.0,5497.25,5487.25,5496.0,19592,ES.v.0
2024-09-11 12:00:00+00:00,34,1,118,5496.0,5498.75,5468.5,5494.25,91728,ES.v.0
2024-09-11 13:00:00+00:00,34,1,118,5494.25,5507.5,5458.25,5460.0,261308,ES.v.0
2024-09-11 14:00:00+00:00,34,1,118,5460.25,5461.0,5412.0,5424.25,338725,ES.v.0
2024-09-11 15:00:00+00:00,34,1,118,5424.25,5464.75,5418.5,5458.0,293146,ES.v.0
2024-09-11 16:00:00+00:00,34,1,118,5458.25,5489.0,5456.0,5486.75,239223,ES.v.0
2024-09-11 17:00:00+00:00,34,1,118,5486.5,5521.75,5486.5,5513.5,206609,ES.v.0
2024-09-11 18:00:00+00:00,34,1,118,5513.25,5541.0,5510.25,5530.25,210040,ES.v.0
2024-09-11 19:00:00+00:00,34,1,118,5530.25,5567.5,5525.75,5556.75,278761,ES.v.0
2024-09-11 20:00:00+00:00,34,1,118,5556.75,5562.75,5553.75,5557.75,79782,ES.v.0
2024-09-11 22:00:00+00:00,34,1,118,5558.0,5558.75,5554.5,5557.25,4320,ES.v.0
2024-09-11 23:00:00+00:00,34,1,118,5557.0,5558.0,5555.25,5556.75,2818,ES.v.0
2024-09-12 00:00:00+00:00,34,1,118,5556.75,5563.0,5555.25,5557.0,8936,ES.v.0
2024-09-12 01:00:00+00:00,34,1,118,5556.75,5563.5,5554.5,5561.5,8551,ES.v.0
2024-09-12 02:00:00+00:00,34,1,118,5561.25,5566.0,5559.25,5562.5,7349,ES.v.0
2024-09-12 03:00:00+00:00,34,1,118,5562.25,5568.25,5560.25,5567.5,5390,ES.v.0
2024-09-12 04:00:00+00:00,34,1,118,5567.25,5570.5,5566.5,5570.0,4995,ES.v.0
2024-09-12 05:00:00+00:00,34,1,118,5569.75,5572.25,5568.25,5570.25,6607,ES.v.0
2024-09-12 06:00:00+00:00,34,1,118,5570.0,5573.75,5566.5,5567.0,9236,ES.v.0
2024-09-12 07:00:00+00:00,34,1,118,5567.25,5577.5,5565.25,5566.75,23748,ES.v.0
2024-09-12 08:00:00+00:00,34,1,118,5566.75,5573.25,5562.0,5569.25,17344,ES.v.0
2024-09-12 09:00:00+00:00,34,1,118,5569.25,5576.5,5567.75,5569.25,11108,ES.v.0
2024-09-12 10:00:00+00:00,34,1,118,5569.0,5573.5,5567.25,5569.25,15389,ES.v.0
2024-09-12 11:00:00+00:00,34,1,118,5569.0,5573.0,5566.5,5572.5,17739,ES.v.0
2024-09-12 12:00:00+00:00,34,1,118,5572.5,5581.5,5562.75,5564.75,50169,ES.v.0
2024-09-12 13:00:00+00:00,34,1,118,5564.75,5570.75,5540.25,5550.5,204392,ES.v.0
2024-09-12 14:00:00+00:00,34,1,118,5550.75,5575.5,5545.75,5557.0,266025,ES.v.0
2024-09-12 15:00:00+00:00,34,1,118,5557.0,5579.25,5553.0,5558.0,172644,ES.v.0
2024-09-12 16:00:00+00:00,34,1,118,5558.0,5586.0,5556.25,5584.0,110324,ES.v.0
2024-09-12 17:00:00+00:00,34,1,118,5584.25,5606.5,5583.0,5604.5,136495,ES.v.0
2024-09-12 18:00:00+00:00,34,1,118,5604.25,5607.0,5578.0,5599.75,166933,ES.v.0
2024-09-12 19:00:00+00:00,34,1,118,5600.0,5605.0,5594.0,5603.5,202042,ES.v.0
2024-09-12 20:00:00+00:00,34,1,118,5603.5,5603.75,5594.25,5596.5,63118,ES.v.0
2024-09-12 22:00:00+00:00,34,1,118,5598.5,5603.5,5597.25,5602.75,3411,ES.v.0
2024-09-12 23:00:00+00:00,34,1,118,5602.75,5608.5,5602.75,5605.5,5047,ES.v.0
2024-09-13 00:00:00+00:00,34,1,118,5605.75,5609.5,5604.0,5606.25,5852,ES.v.0
2024-09-13 01:00:00+00:00,34,1,118,5606.5,5607.0,5602.25,5603.25,4724,ES.v.0
2024-09-13 02:00:00+00:00,34,1,118,5603.5,5604.25,5599.25,5600.5,3558,ES.v.0
2024-09-13 03:00:00+00:00,34,1,118,5600.25,5605.75,5600.25,5605.0,3116,ES.v.0
2024-09-13 04:00:00+00:00,34,1,118,5605.0,5605.5,5603.5,5605.0,1497,ES.v.0
2024-09-13 05:00:00+00:00,34,1,118,5605.0,5612.75,5604.0,5604.0,5527,ES.v.0
2024-09-13 06:00:00+00:00,34,1,118,5604.25,5605.75,5601.75,5604.25,5314,ES.v.0
2024-09-13 07:00:00+00:00,34,1,118,5604.0,5614.75,5604.0,5606.5,15054,ES.v.0
2024-09-13 08:00:00+00:00,34,1,118,5606.5,5612.0,5603.0,5608.5,10444,ES.v.0
2024-09-13 09:00:00+00:00,34,1,118,5608.75,5617.75,5608.0,5613.75,8916,ES.v.0
2024-09-13 10:00:00+00:00,34,1,118,5613.75,5616.25,5612.0,5616.0,6726,ES.v.0
2024-09-13 11:00:00+00:00,34,1,118,5616.0,5616.5,5608.5,5612.75,8826,ES.v.0
2024-09-13 12:00:00+00:00,34,1,118,5612.5,5615.5,5605.0,5612.5,23393,ES.v.0
2024-09-13 13:00:00+00:00,34,1,118,5612.75,5623.5,5605.0,5620.25,116883,ES.v.0
2024-09-13 14:00:00+00:00,34,1,118,5620.25,5636.75,5610.0,5629.5,176591,ES.v.0
2024-09-13 15:00:00+00:00,34,1,118,5629.25,5639.0,5626.0,5637.75,95185,ES.v.0
2024-09-13 16:00:00+00:00,34,1,118,5637.5,5640.5,5624.25,5633.0,97930,ES.v.0
2024-09-13 17:00:00+00:00,34,1,118,5633.0,5641.5,5632.25,5636.5,84207,ES.v.0
2024-09-13 18:00:00+00:00,34,1,118,5636.75,5641.0,5621.75,5625.25,142518,ES.v.0
2024-09-13 19:00:00+00:00,34,1,118,5625.0,5634.25,5621.0,5630.0,171092,ES.v.0
2024-09-13 20:00:00+00:00,34,1,118,5630.0,5631.75,5625.25,5626.75,46611,ES.v.0
2024-09-15 22:00:00+00:00,34,1,118,5622.75,5630.0,5622.5,5626.5,7144,ES.v.0
2024-09-15 23:00:00+00:00,34,1,118,5626.5,5634.25,5626.25,5633.0,2758,ES.v.0
2024-09-16 00:00:00+00:00,34,1,118,5633.0,5633.5,5629.0,5630.25,2815,ES.v.0
2024-09-16 01:00:00+00:00,34,1,118,5630.0,5632.25,5625.75,5631.75,2359,ES.v.0
2024-09-16 02:00:00+00:00,34,1,118,5631.75,5632.75,5629.75,5631.25,1721,ES.v.0
2024-09-16 03:00:00+00:00,34,1,118,5631.25,5633.25,5629.75,5633.0,1498,ES.v.0
2024-09-16 04:00:00+00:00,34,1,118,5633.25,5633.5,5632.0,5632.25,708,ES.v.0
2024-09-16 05:00:00+00:00,34,1,118,5632.5,5633.0,5629.5,5631.25,1278,ES.v.0
2024-09-16 06:00:00+00:00,34,1,118,5631.0,5631.25,5625.0,5626.25,4436,ES.v.0
2024-09-16 07:00:00+00:00,34,1,118,5626.25,5632.5,5625.0,5632.5,6198,ES.v.0
2024-09-16 08:00:00+00:00,34,1,118,5632.5,5636.75,5630.75,5635.0,4717,ES.v.0
2024-09-16 09:00:00+00:00,34,1,118,5635.0,5637.75,5632.75,5633.0,3944,ES.v.0
2024-09-16 10:00:00+00:00,34,1,118,5633.0,5633.0,5626.75,5631.75,5226,ES.v.0
2024-09-16 11:00:00+00:00,34,1,118,5631.75,5632.0,5625.25,5627.5,7578,ES.v.0
2024-09-16 12:00:00+00:00,34,1,118,5627.5,5629.0,5623.5,5625.5,14382,ES.v.0
2024-09-16 13:00:00+00:00,34,1,118,5625.5,5639.25,5618.25,5635.0,76279,ES.v.0
2024-09-16 14:00:00+00:00,34,1,118,5635.0,5638.25,5609.25,5617.0,91056,ES.v.0
2024-09-16 15:00:00+00:00,34,1,118,5617.25,5625.75,5611.75,5622.75,44066,ES.v.0
2024-09-16 16:00:00+00:00,34,1,118,5622.75,5626.0,5613.25,5625.5,39158,ES.v.0
2024-09-16 17:00:00+00:00,34,1,118,5625.75,5635.75,5622.0,5635.0,32455,ES.v.0
2024-09-16 18:00:00+00:00,34,1,118,5635.25,5637.5,5628.25,5637.25,29088,ES.v.0
2024-09-16 19:00:00+00:00,34,1,118,5637.0,5641.5,5629.75,5639.0,63512,ES.v.0
2024-09-16 20:00:00+00:00,34,1,118,5639.25,5639.75,5633.25,5633.75,18897,ES.v.0
2024-09-16 22:00:00+00:00,34,1,118,5633.25,5639.5,5633.25,5637.0,2042,ES.v.0
2024-09-16 23:00:00+00:00,34,1,118,5637.5,5639.0,5634.25,5635.0,1174,ES.v.0
2024-09-17 00:00:00+00:00,34,1,118,5635.0,5637.0,5630.75,5631.5,1697,ES.v.0
2024-09-17 01:00:00+00:00,34,1,118,5631.25,5633.5,5629.0,5633.0,1670,ES.v.0
2024-09-17 02:00:00+00:00,34,1,118,5633.25,5634.0,5630.5,5633.25,904,ES.v.0
2024-09-17 03:00:00+00:00,34,1,118,5633.5,5634.0,5630.25,5632.25,1323,ES.v.0
2024-09-17 04:00:00+00:00,34,1,118,5632.25,5636.25,5631.25,5636.25,1856,ES.v.0
2024-09-17 05:00:00+00:00,34,1,118,5636.0,5639.0,5636.0,5638.25,2024,ES.v.0
2024-09-17 06:00:00+00:00,34,1,118,5638.5,5641.25,5637.0,5640.75,2731,ES.v.0
2024-09-17 07:00:00+00:00,34,1,118,5640.75,5652.0,5639.75,5648.25,7366,ES.v.0
2024-09-17 08:00:00+00:00,34,1,118,5648.5,5653.5,5648.25,5651.75,4597,ES.v.0
2024-09-17 09:00:00+00:00,34,1,118,5651.75,5659.75,5651.25,5657.25,3827,ES.v.0
2024-09-17 10:00:00+00:00,34,1,118,5657.5,5660.0,5653.0,5654.0,4059,ES.v.0
2024-09-17 11:00:00+00:00,34,1,118,5653.75,5664.5,5650.25,5661.75,7105,ES.v.0
2024-09-17 12:00:00+00:00,34,1,118,5661.75,5665.5,5656.5,5663.0,12820,ES.v.0
2024-09-17 13:00:00+00:00,34,1,118,5662.75,5665.75,5650.25,5654.25,46997,ES.v.0
2024-09-17 14:00:00+00:00,34,1,118,5654.5,5675.5,5652.25,5661.25,56019,ES.v.0
2024-09-17 15:00:00+00:00,34,1,118,5661.25,5669.25,5657.5,5659.25,32137,ES.v.0
2024-09-17 16:00:00+00:00,34,1,118,5659.25,5661.5,5618.75,5627.75,64572,ES.v.0
2024-09-17 17:00:00+00:00,34,1,118,5627.75,5640.0,5617.0,5636.0,29522,ES.v.0
2024-09-17 18:00:00+00:00,34,1,118,5636.0,5641.0,5622.25,5629.5,33448,ES.v.0
2024-09-17 19:00:00+00:00,34,1,118,5629.5,5641.5,5622.75,5640.75,61848,ES.v.0
2024-09-17 20:00:00+00:00,34,1,118,5640.75,5645.0,5638.75,5640.0,13484,ES.v.0
2024-09-17 22:00:00+00:00,34,1,118,5639.5,5642.5,5639.0,5640.75,597,ES.v.0
2024-09-17 23:00:00+00:00,34,1,118,5641.0,5645.0,5639.5,5644.25,626,ES.v.0
2024-09-18 00:00:00+00:00,34,1,183748,5705.75,5706.75,5703.5,5704.5,3037,ES.v.0
2024-09-18 01:00:00+00:00,34,1,183748,5704.75,5707.5,5703.5,5707.0,3441,ES.v.0
2024-09-18 02:00:00+00:00,34,1,183748,5707.0,5708.0,5706.25,5707.25,2295,ES.v.0
2024-09-18 03:00:00+00:00,34,1,183748,5707.25,5707.25,5702.25,5703.0,2731,ES.v.0
2024-09-18 04:00:00+00:00,34,1,183748,5703.0,5706.25,5701.25,5703.0,3209,ES.v.0
2024-09-18 05:00:00+00:00,34,1,183748,5702.75,5706.0,5701.25,5705.5,4345,ES.v.0
2024-09-18 06:00:00+00:00,34,1,183748,5705.25,5711.0,5705.25,5708.25,5813,ES.v.0
2024-09-18 07:00:00+00:00,34,1,183748,5708.5,5710.25,5701.75,5702.5,10009,ES.v.0
2024-09-18 08:00:00+00:00,34,1,183748,5702.5,5704.0,5698.25,5703.75,11803,ES.v.0
2024-09-18 09:00:00+00:00,34,1,183748,5703.75,5709.0,5702.5,5708.5,5756,ES.v.0
2024-09-18 10:00:00+00:00,34,1,183748,5708.75,5709.25,5706.0,5708.25,4825,ES.v.0
2024-09-18 11:00:00+00:00,34,1,183748,5708.0,5710.0,5704.0,5704.0,8544,ES.v.0
2024-09-18 12:00:00+00:00,34,1,183748,5704.25,5711.5,5699.0,5709.25,21759,ES.v.0
2024-09-18 13:00:00+00:00,34,1,183748,5709.0,5710.0,5694.75,5699.5,109759,ES.v.0
2024-09-18 14:00:00+00:00,34,1,183748,5699.25,5702.75,5690.75,5697.25,125333,ES.v.0
2024-09-18 15:00:00+00:00,34,1,183748,5697.25,5701.0,5684.25,5685.25,94028,ES.v.0
2024-09-18 16:00:00+00:00,34,1,183748,5685.25,5706.0,5682.25,5705.0,73009,ES.v.0
2024-09-18 17:00:00+00:00,34,1,183748,5705.25,5712.0,5697.0,5700.5,82715,ES.v.0
2024-09-18 18:00:00+00:00,34,1,183748,5700.25,5755.75,5685.0,5705.75,414785,ES.v.0
2024-09-18 19:00:00+00:00,34,1,183748,5705.75,5726.75,5675.25,5680.75,395446,ES.v.0
2024-09-18 20:00:00+00:00,34,1,183748,5680.75,5696.5,5677.75,5689.75,57066,ES.v.0
2024-09-18 22:00:00+00:00,34,1,183748,5693.0,5702.75,5691.0,5698.75,6701,ES.v.0
2024-09-18 23:00:00+00:00,34,1,183748,5698.75,5719.25,5693.0,5718.25,10103,ES.v.0
2024-09-19 00:00:00+00:00,34,1,183748,5718.0,5729.75,5703.25,5706.0,22771,ES.v.0
2024-09-19 01:00:00+00:00,34,1,183748,5706.25,5711.75,5698.0,5711.75,11426,ES.v.0
2024-09-19 02:00:00+00:00,34,1,183748,5711.75,5733.25,5711.5,5730.5,13835,ES.v.0
2024-09-19 03:00:00+00:00,34,1,183748,5730.25,5738.0,5725.5,5737.25,11958,ES.v.0
2024-09-19 04:00:00+00:00,34,1,183748,5737.5,5738.25,5733.25,5736.0,5677,ES.v.0
2024-09-19 05:00:00+00:00,34,1,183748,5736.0,5739.0,5731.5,5737.5,8076,ES.v.0
2024-09-19 06:00:00+00:00,34,1,183748,5737.25,5745.0,5733.5,5743.25,12294,ES.v.0
2024-09-19 07:00:00+00:00,34,1,183748,5743.25,5751.75,5735.75,5751.75,20719,ES.v.0
2024-09-19 08:00:00+00:00,34,1,183748,5751.75,5758.0,5747.0,5756.25,21958,ES.v.0
2024-09-19 09:00:00+00:00,34,1,183748,5756.5,5768.25,5755.0,5767.0,21041,ES.v.0
2024-09-19 10:00:00+00:00,34,1,183748,5766.75,5774.75,5765.0,5773.25,20124,ES.v.0
2024-09-19 11:00:00+00:00,34,1,183748,5773.0,5779.0,5770.25,5773.75,32400,ES.v.0
2024-09-19 12:00:00+00:00,34,1,183748,5773.5,5775.0,5767.0,5768.5,42700,ES.v.0
2024-09-19 13:00:00+00:00,34,1,183748,5768.25,5779.25,5748.25,5763.5,231113,ES.v.0
2024-09-19 14:00:00+00:00,34,1,183748,5763.5,5787.5,5761.25,5767.0,242986,ES.v.0
2024-09-19 15:00:00+00:00,34,1,183748,5767.0,5779.75,5762.0,5772.0,132751,ES.v.0
2024-09-19 16:00:00+00:00,34,1,183748,5772.0,5788.75,5771.0,5783.25,89319,ES.v.0
2024-09-19 17:00:00+00:00,34,1,183748,5783.5,5797.5,5781.25,5793.25,97645,ES.v.0
2024-09-19 18:00:00+00:00,34,1,183748,5793.5,5795.75,5777.0,5787.25,119584,ES.v.0
2024-09-19 19:00:00+00:00,34,1,183748,5787.5,5789.5,5771.5,5778.0,261374,ES.v.0
2024-09-19 20:00:00+00:00,34,1,183748,5777.75,5778.5,5772.5,5774.5,62401,ES.v.0
2024-09-19 22:00:00+00:00,34,1,183748,5776.0,5776.75,5768.75,5772.25,6460,ES.v.0
2024-09-19 23:00:00+00:00,34,1,183748,5772.0,5774.5,5769.0,5770.25,3985,ES.v.0
2024-09-20 00:00:00+00:00,34,1,183748,5770.0,5771.5,5764.25,5765.75,8578,ES.v.0
2024-09-20 01:00:00+00:00,34,1,183748,5766.0,5771.5,5765.75,5770.5,5810,ES.v.0
2024-09-20 02:00:00+00:00,34,1,183748,5770.25,5772.75,5765.0,5766.0,4877,ES.v.0
2024-09-20 03:00:00+00:00,34,1,183748,5766.25,5771.5,5765.0,5771.0,4498,ES.v.0
2024-09-20 04:00:00+00:00,34,1,183748,5771.0,5773.0,5769.25,5772.0,2532,ES.v.0
2024-09-20 05:00:00+00:00,34,1,183748,5772.0,5772.25,5766.25,5770.0,4093,ES.v.0
2024-09-20 06:00:00+00:00,34,1,183748,5769.75,5771.75,5766.5,5766.75,6262,ES.v.0
2024-09-20 07:00:00+00:00,34,1,183748,5766.75,5773.0,5765.5,5770.75,14263,ES.v.0
2024-09-20 08:00:00+00:00,34,1,183748,5771.25,5772.0,5763.0,5765.5,15220,ES.v.0
2024-09-20 09:00:00+00:00,34,1,183748,5765.25,5769.25,5763.25,5764.75,10778,ES.v.0
2024-09-20 10:00:00+00:00,34,1,183748,5764.75,5767.75,5760.5,5761.75,13725,ES.v.0
2024-09-20 11:00:00+00:00,34,1,183748,5762.0,5764.25,5759.0,5763.75,14813,ES.v.0
2024-09-20 12:00:00+00:00,34,1,183748,5764.0,5773.5,5763.5,5772.0,43750,ES.v.0
2024-09-20 13:00:00+00:00,34,1,183748,5772.0,5772.25,5751.25,5753.25,195092,ES.v.0
2024-09-20 14:00:00+00:00,34,1,183748,5753.5,5759.75,5744.5,5746.0,201229,ES.v.0
2024-09-20 15:00:00+00:00,34,1,183748,5746.0,5756.0,5733.5,5751.5,224201,ES.v.0
2024-09-20 16:00:00+00:00,34,1,183748,5751.5,5767.25,5749.25,5763.75,100085,ES.v.0
2024-09-20 17:00:00+00:00,34,1,183748,5763.5,5769.0,5760.75,5763.0,87279,ES.v.0
2024-09-20 18:00:00+00:00,34,1,183748,5763.25,5763.5,5742.5,5756.75,133005,ES.v.0
2024-09-20 19:00:00+00:00,34,1,183748,5756.75,5775.0,5752.75,5763.0,257219,ES.v.0
2024-09-20 20:00:00+00:00,34,1,183748,5762.75,5763.5,5754.0,5758.25,73529,ES.v.0
2024-09-22 22:00:00+00:00,34,1,183748,5762.0,5764.5,5755.5,5763.0,6439,ES.v.0
2024-09-22 23:00:00+00:00,34,1,183748,5762.75,5767.75,5760.5,5767.25,3595,ES.v.0
2024-09-23 00:00:00+00:00,34,1,183748,5767.25,5778.5,5765.75,5777.75,11482,ES.v.0
2024-09-23 01:00:00+00:00,34,1,183748,5777.75,5781.0,5776.25,5778.0,8808,ES.v.0
2024-09-23 02:00:00+00:00,34,1,183748,5778.0,5781.0,5776.5,5779.75,5050,ES.v.0
2024-09-23 03:00:00+00:00,34,1,183748,5779.75,5781.75,5778.5,5779.25,4110,ES.v.0
2024-09-23 04:00:00+00:00,34,1,183748,5779.0,5781.25,5778.75,5779.75,2424,ES.v.0
2024-09-23 05:00:00+00:00,34,1,183748,5779.75,5779.75,5774.25,5775.0,4149,ES.v.0
2024-09-23 06:00:00+00:00,34,1,183748,5775.0,5775.0,5770.0,5770.25,6215,ES.v.0
2024-09-23 07:00:00+00:00,34,1,183748,5770.5,5770.75,5745.25,5764.5,29387,ES.v.0
2024-09-23 08:00:00+00:00,34,1,183748,5764.75,5767.75,5758.75,5765.0,17894,ES.v.0
2024-09-23 09:00:00+00:00,34,1,183748,5765.25,5772.25,5760.25,5771.5,10111,ES.v.0
2024-09-23 10:00:00+00:00,34,1,183748,5771.5,5773.75,5769.25,5769.75,7634,ES.v.0
2024-09-23 11:00:00+00:00,34,1,183748,5769.5,5773.25,5763.75,5772.25,10587,ES.v.0
2024-09-23 12:00:00+00:00,34,1,183748,5772.0,5775.5,5767.0,5774.25,20051,ES.v.0
2024-09-23 13:00:00+00:00,34,1,183748,5774.0,5777.5,5763.5,5768.75,124434,ES.v.0
2024-09-23 14:00:00+00:00,34,1,183748,5768.75,5784.5,5765.0,5779.5,174303,ES.v.0
2024-09-23 15:00:00+00:00,34,1,183748,5779.5,5782.5,5768.0,5776.75,126467,ES.v.0
2024-09-23 16:00:00+00:00,34,1,183748,5776.75,5777.5,5763.0,5766.25,112762,ES.v.0
2024-09-23 17:00:00+00:00,34,1,183748,5766.25,5773.75,5761.0,5773.0,93083,ES.v.0
2024-09-23 18:00:00+00:00,34,1,183748,5772.75,5775.25,5768.0,5774.5,65522,ES.v.0
2024-09-23 19:00:00+00:00,34,1,183748,5774.5,5779.5,5770.25,5776.25,135817,ES.v.0
2024-09-23 20:00:00+00:00,34,1,183748,5776.25,5778.25,5773.0,5774.75,33628,ES.v.0
2024-09-23 22:00:00+00:00,34,1,183748,5774.0,5775.0,5770.0,5770.75,2952,ES.v.0
2024-09-23 23:00:00+00:00,34,1,183748,5770.75,5774.0,5769.5,5772.75,2774,ES.v.0
2024-09-24 00:00:00+00:00,34,1,183748,5772.75,5774.5,5767.0,5770.0,5226,ES.v.0
2024-09-24 01:00:00+00:00,34,1,183748,5770.25,5777.5,5767.0,5768.5,11114,ES.v.0
2024-09-24 02:00:00+00:00,34,1,183748,5768.5,5769.25,5763.75,5767.5,6769,ES.v.0
2024-09-24 03:00:00+00:00,34,1,183748,5767.25,5769.25,5765.25,5768.0,4207,ES.v.0
2024-09-24 04:00:00+00:00,34,1,183748,5768.0,5773.5,5767.5,5773.5,4098,ES.v.0
2024-09-24 05:00:00+00:00,34,1,183748,5773.5,5779.75,5773.5,5778.25,6519,ES.v.0
2024-09-24 06:00:00+00:00,34,1,183748,5778.25,5786.75,5776.75,5785.0,8720,ES.v.0
2024-09-24 07:00:00+00:00,34,1,183748,5785.0,5789.0,5778.25,5788.75,12583,ES.v.0
2024-09-24 08:00:00+00:00,34,1,183748,5788.5,5793.5,5785.75,5792.25,11845,ES.v.0
2024-09-24 09:00:00+00:00,34,1,183748,5792.25,5792.25,5784.5,5786.25,8912,ES.v.0
2024-09-24 10:00:00+00:00,34,1,183748,5786.25,5790.0,5780.25,5781.0,10051,ES.v.0
2024-09-24 11:00:00+00:00,34,1,183748,5781.0,5785.5,5769.25,5780.25,28062,ES.v.0
2024-09-24 12:00:00+00:00,34,1,183748,5780.5,5784.0,5776.5,5782.0,23229,ES.v.0
2024-09-24 13:00:00+00:00,34,1,183748,5781.75,5787.75,5771.25,5772.5,104470,ES.v.0
2024-09-24 14:00:00+00:00,34,1,183748,5772.75,5776.25,5754.75,5774.0,253578,ES.v.0
2024-09-24 15:00:00+00:00,34,1,183748,5773.75,5790.5,5772.5,5785.5,150900,ES.v.0
2024-09-24 16:00:00+00:00,34,1,183748,5785.5,5791.25,5781.75,5783.75,84675,ES.v.0
2024-09-24 17:00:00+00:00,34,1,183748,5783.75,5789.5,5782.0,5784.0,69691,ES.v.0
2024-09-24 18:00:00+00:00,34,1,183748,5784.0,5786.5,5773.5,5784.0,96329,ES.v.0
2024-09-24 19:00:00+00:00,34,1,183748,5784.0,5794.25,5783.0,5793.0,158833,ES.v.0
2024-09-24 20:00:00+00:00,34,1,183748,5793.0,5793.75,5788.5,5792.75,46842,ES.v.0
2024-09-24 22:00:00+00:00,34,1,183748,5792.25,5794.5,5790.75,5792.75,2772,ES.v.0
2024-09-24 23:00:00+00:00,34,1,183748,5792.75,5794.5,5791.5,5792.0,3263,ES.v.0
2024-09-25 00:00:00+00:00,34,1,183748,5792.0,5792.75,5784.5,5785.25,7353,ES.v.0
2024-09-25 01:00:00+00:00,34,1,183748,5785.25,5787.25,5780.25,5781.75,8399,ES.v.0
2024-09-25 02:00:00+00:00,34,1,183748,5781.75,5784.0,5780.5,5781.0,4142,ES.v.0
2024-09-25 03:00:00+00:00,34,1,183748,5781.0,5785.75,5779.25,5783.5,5193,ES.v.0
2024-09-25 04:00:00+00:00,34,1,183748,5783.5,5785.25,5782.5,5783.25,2857,ES.v.0
2024-09-25 05:00:00+00:00,34,1,183748,5783.0,5785.75,5776.0,5778.25,7651,ES.v.0
2024-09-25 06:00:00+00:00,34,1,183748,5778.25,5779.5,5773.5,5774.0,9593,ES.v.0
2024-09-25 07:00:00+00:00,34,1,183748,5774.25,5784.25,5774.25,5783.5,10800,ES.v.0
2024-09-25 08:00:00+00:00,34,1,183748,5783.25,5785.0,5780.5,5782.5,8997,ES.v.0
2024-09-25 09:00:00+00:00,34,1,183748,5782.5,5785.25,5779.25,5784.25,6900,ES.v.0
2024-09-25 10:00:00+00:00,34,1,183748,5784.25,5791.0,5784.25,5790.75,10035,ES.v.0
2024-09-25 11:00:00+00:00,34,1,183748,5791.0,5792.5,5786.5,5790.0,11121,ES.v.0
2024-09-25 12:00:00+00:00,34,1,183748,5789.75,5791.5,5787.0,5790.0,13429,ES.v.0
2024-09-25 13:00:00+00:00,34,1,183748,5790.0,5798.0,5788.0,5794.5,131853,ES.v.0
2024-09-25 14:00:00+00:00,34,1,183748,5794.5,5798.75,5785.0,5791.5,147072,ES.v.0
2024-09-25 15:00:00+00:00,34,1,183748,5791.5,5793.5,5782.5,5787.0,106714,ES.v.0
2024-09-25 16:00:00+00:00,34,1,183748,5786.75,5787.5,5778.25,5779.0,91487,ES.v.0
2024-09-25 17:00:00+00:00,34,1,183748,5779.0,5782.5,5768.0,5782.0,117386,ES.v.0
2024-09-25 18:00:00+00:00,34,1,183748,5782.0,5783.0,5769.0,5779.5,81218,ES.v.0
2024-09-25 19:00:00+00:00,34,1,183748,5779.75,5782.0,5772.5,5779.5,133859,ES.v.0
2024-09-25 20:00:00+00:00,34,1,183748,5779.5,5784.5,5778.0,5783.25,50991,ES.v.0
2024-09-25 22:00:00+00:00,34,1,183748,5783.5,5785.75,5780.75,5784.0,3529,ES.v.0
2024-09-25 23:00:00+00:00,34,1,183748,5784.0,5790.75,5782.75,5789.0,5243,ES.v.0
2024-09-26 00:00:00+00:00,34,1,183748,5789.0,5796.5,5788.75,5794.25,10514,ES.v.0
2024-09-26 01:00:00+00:00,34,1,183748,5794.0,5799.25,5793.0,5797.75,6860,ES.v.0
2024-09-26 02:00:00+00:00,34,1,183748,5797.75,5799.75,5796.75,5799.25,5703,ES.v.0
2024-09-26 03:00:00+00:00,34,1,183748,5799.25,5806.75,5799.25,5805.5,8845,ES.v.0
2024-09-26 04:00:00+00:00,34,1,183748,5805.75,5807.75,5803.75,5807.25,5090,ES.v.0
2024-09-26 05:00:00+00:00,34,1,183748,5807.5,5816.5,5805.0,5815.25,13219,ES.v.0
2024-09-26 06:00:00+00:00,34,1,183748,5815.25,5823.0,5815.0,5820.75,18878,ES.v.0
2024-09-26 07:00:00+00:00,34,1,183748,5821.0,5826.75,5818.0,5825.5,18307,ES.v.0
2024-09-26 08:00:00+00:00,34,1,183748,5825.5,5828.0,5822.25,5825.0,17525,ES.v.0
2024-09-26 09:00:00+00:00,34,1,183748,5825.0,5826.5,5821.25,5824.0,10555,ES.v.0
2024-09-26 10:00:00+00:00,34,1,183748,5823.75,5828.25,5822.5,5828.0,9102,ES.v.0
2024-09-26 11:00:00+00:00,34,1,183748,5828.25,5828.5,5822.5,5823.25,16208,ES.v.0
2024-09-26 12:00:00+00:00,34,1,183748,5823.5,5828.5,5819.5,5826.25,38504,ES.v.0
2024-09-26 13:00:00+00:00,34,1,183748,5826.25,5830.0,5811.25,5815.75,168052,ES.v.0
2024-09-26 14:00:00+00:00,34,1,183748,5815.75,5821.75,5790.0,5792.0,255908,ES.v.0
2024-09-26 15:00:00+00:00,34,1,183748,5792.25,5805.5,5788.5,5803.75,165604,ES.v.0
2024-09-26 16:00:00+00:00,34,1,183748,5803.75,5804.0,5787.75,5790.25,110834,ES.v.0
2024-09-26 17:00:00+00:00,34,1,183748,5790.0,5797.25,5778.25,5795.0,114718,ES.v.0
2024-09-26 18:00:00+00:00,34,1,183748,5795.25,5807.0,5795.25,5802.0,92048,ES.v.0
2024-09-26 19:00:00+00:00,34,1,183748,5802.25,5808.25,5798.0,5803.0,143626,ES.v.0
2024-09-26 20:00:00+00:00,34,1,183748,5803.25,5806.25,5802.0,5803.75,36252,ES.v.0
2024-09-26 22:00:00+00:00,34,1,183748,5804.25,5812.0,5803.75,5808.5,6216,ES.v.0
2024-09-26 23:00:00+00:00,34,1,183748,5808.5,5809.5,5802.5,5805.0,4698,ES.v.0
2024-09-27 00:00:00+00:00,34,1,183748,5805.25,5806.0,5799.0,5804.5,8894,ES.v.0
2024-09-27 01:00:00+00:00,34,1,183748,5804.5,5805.5,5797.0,5797.5,9586,ES.v.0
2024-09-27 02:00:00+00:00,34,1,183748,5797.75,5800.0,5796.0,5798.5,7048,ES.v.0
2024-09-27 03:00:00+00:00,34,1,183748,5798.25,5802.75,5796.5,5802.0,5170,ES.v.0
2024-09-27 04:00:00+00:00,34,1,183748,5802.25,5808.25,5801.75,5807.25,5222,ES.v.0
2024-09-27 05:00:00+00:00,34,1,183748,5807.25,5809.0,5798.5,5804.75,10116,ES.v.0
2024-09-27 06:00:00+00:00,34,1,183748,5804.75,5807.5,5795.0,5796.25,14451,ES.v.0
2024-09-27 07:00:00+00:00,34,1,183748,5796.25,5802.25,5790.75,5791.0,22045,ES.v.0
2024-09-27 08:00:00+00:00,34,1,183748,5791.0,5803.0,5790.75,5798.0,14914,ES.v.0
2024-09-27 09:00:00+00:00,34,1,183748,5797.75,5803.75,5795.5,5800.25,10248,ES.v.0
2024-09-27 10:00:00+00:00,34,1,183748,5800.25,5803.5,5797.0,5797.25,7640,ES.v.0
2024-09-27 11:00:00+00:00,34,1,183748,5797.25,5805.0,5797.0,5804.75,9027,ES.v.0
2024-09-27 12:00:00+00:00,34,1,183748,5804.5,5817.0,5803.75,5813.25,38505,ES.v.0
2024-09-27 13:00:00+00:00,34,1,183748,5813.25,5814.75,5805.5,5809.0,134523,ES.v.0
2024-09-27 14:00:00+00:00,34,1,183748,5808.5,5821.5,5805.0,5816.25,176094,ES.v.0
2024-09-27 15:00:00+00:00,34,1,183748,5816.0,5816.5,5802.0,5802.5,119499,ES.v.0
2024-09-27 16:00:00+00:00,34,1,183748,5802.25,5804.5,5796.5,5799.5,102645,ES.v.0
2024-09-27 17:00:00+00:00,34,1,183748,5799.75,5804.75,5793.0,5802.25,83389,ES.v.0
2024-09-27 18:00:00+00:00,34,1,183748,5802.0,5804.5,5782.0,5800.5,161115,ES.v.0
2024-09-27 19:00:00+00:00,34,1,183748,5800.25,5801.25,5790.0,5791.0,180119,ES.v.0
2024-09-27 20:00:00+00:00,34,1,183748,5791.0,5792.25,5785.25,5785.75,50734,ES.v.0
2024-09-29 22:00:00+00:00,34,1,183748,5784.0,5793.75,5779.0,5793.75,10562,ES.v.0
2024-09-29 23:00:00+00:00,34,1,183748,5793.75,5801.75,5792.75,5800.0,6679,ES.v.0
2024-09-30 00:00:00+00:00,34,1,183748,5800.0,5802.75,5797.25,5798.0,8877,ES.v.0
2024-09-30 01:00:00+00:00,34,1,183748,5798.0,5798.0,5787.25,5790.0,13340,ES.v.0
2024-09-30 02:00:00+00:00,34,1,183748,5790.0,5792.0,5785.5,5791.5,6764,ES.v.0
2024-09-30 03:00:00+00:00,34,1,183748,5791.75,5796.0,5791.5,5795.25,5545,ES.v.0
2024-09-30 04:00:00+00:00,34,1,183748,5795.25,5796.25,5791.5,5792.75,3436,ES.v.0
2024-09-30 05:00:00+00:00,34,1,183748,5792.75,5793.25,5786.75,5788.25,6379,ES.v.0
2024-09-30 06:00:00+00:00,34,1,183748,5788.0,5790.25,5782.75,5786.5,10630,ES.v.0
2024-09-30 07:00:00+00:00,34,1,183748,5786.5,5796.75,5785.25,5793.0,13708,ES.v.0
2024-09-30 08:00:00+00:00,34,1,183748,5792.75,5793.25,5785.25,5789.0,12694,ES.v.0
2024-09-30 09:00:00+00:00,34,1,183748,5789.0,5791.0,5783.0,5789.25,8131,ES.v.0
2024-09-30 10:00:00+00:00,34,1,183748,5789.25,5791.0,5783.5,5785.25,9344,ES.v.0
2024-09-30 11:00:00+00:00,34,1,183748,5785.5,5785.75,5774.25,5776.0,21533,ES.v.0
2024-09-30 12:00:00+00:00,34,1,183748,5776.25,5780.25,5775.25,5778.5,17692,ES.v.0
2024-09-30 13:00:00+00:00,34,1,183748,5778.75,5791.0,5776.75,5782.5,123529,ES.v.0
2024-09-30 14:00:00+00:00,34,1,183748,5782.5,5792.5,5778.5,5788.75,140789,ES.v.0
2024-09-30 15:00:00+00:00,34,1,183748,5788.75,5794.5,5783.25,5792.0,96515,ES.v.0
2024-09-30 16:00:00+00:00,34,1,183748,5792.0,5798.75,5791.25,5792.0,80754,ES.v.0
2024-09-30 17:00:00+00:00,34,1,183748,5792.0,5793.5,5785.25,5792.25,80019,ES.v.0
2024-09-30 18:00:00+00:00,34,1,183748,5792.25,5792.5,5756.25,5781.75,244603,ES.v.0
2024-09-30 19:00:00+00:00,34,1,183748,5781.75,5820.25,5775.25,5816.0,337417,ES.v.0
2024-09-30 20:00:00+00:00,34,1,183748,5816.0,5816.25,5805.5,5806.25,94494,ES.v.0
2024-09-30 22:00:00+00:00,34,1,183748,5807.0,5809.0,5801.5,5807.0,8823,ES.v.0
2024-09-30 23:00:00+00:00,34,1,183748,5806.75,5809.0,5803.75,5808.25,2845,ES.v.0
2024-10-01 00:00:00+00:00,34,1,183748,5808.5,5815.0,5804.25,5813.0,7555,ES.v.0
2024-10-01 01:00:00+00:00,34,1,183748,5813.0,5822.5,5812.75,5821.5,8803,ES.v.0
2024-10-01 02:00:00+00:00,34,1,183748,5821.5,5822.5,5815.5,5817.0,5023,ES.v.0
2024-10-01 03:00:00+00:00,34,1,183748,5817.0,5817.25,5813.0,5815.0,4644,ES.v.0
2024-10-01 04:00:00+00:00,34,1,183748,5814.75,5815.0,5810.75,5811.25,3917,ES.v.0
2024-10-01 05:00:00+00:00,34,1,183748,5811.25,5813.5,5807.0,5810.25,5365,ES.v.0
2024-10-01 06:00:00+00:00,34,1,183748,5810.25,5815.5,5808.5,5812.75,6960,ES.v.0
2024-10-01 07:00:00+00:00,34,1,183748,5813.0,5813.75,5800.75,5812.75,16953,ES.v.0
2024-10-01 08:00:00+00:00,34,1,183748,5812.75,5813.75,5806.25,5808.5,9411,ES.v.0
2024-10-01 09:00:00+00:00,34,1,183748,5808.25,5810.5,5804.75,5809.5,7379,ES.v.0
2024-10-01 10:00:00+00:00,34,1,183748,5809.25,5817.5,5808.25,5817.0,9337,ES.v.0
2024-10-01 11:00:00+00:00,34,1,183748,5816.75,5819.25,5808.25,5810.75,12555,ES.v.0
2024-10-01 12:00:00+00:00,34,1,183748,5810.75,5814.0,5807.0,5811.0,14164,ES.v.0
2024-10-01 13:00:00+00:00,34,1,183748,5810.75,5812.25,5758.5,5770.0,289397,ES.v.0
2024-10-01 14:00:00+00:00,34,1,183748,5768.5,5777.0,5739.5,5753.75,361846,ES.v.0
2024-10-01 15:00:00+00:00,34,1,183748,5754.0,5768.25,5733.0,5757.0,232495,ES.v.0
2024-10-01 16:00:00+00:00,34,1,183748,5757.0,5769.75,5739.0,5757.75,221165,ES.v.0
2024-10-01 17:00:00+00:00,34,1,183748,5757.75,5767.75,5735.75,5767.25,192602,ES.v.0
2024-10-01 18:00:00+00:00,34,1,183748,5767.25,5783.75,5766.75,5778.25,162266,ES.v.0
2024-10-01 19:00:00+00:00,34,1,183748,5778.0,5779.25,5757.5,5760.5,202149,ES.v.0
2024-10-01 20:00:00+00:00,34,1,183748,5760.5,5767.25,5757.25,5758.25,68884,ES.v.0
2024-10-01 22:00:00+00:00,34,1,183748,5760.25,5763.5,5745.0,5749.0,10415,ES.v.0
2024-10-01 23:00:00+00:00,34,1,183748,5748.75,5754.25,5742.5,5750.75,8729,ES.v.0
2024-10-02 00:00:00+00:00,34,1,183748,5751.0,5759.75,5749.5,5755.25,10654,ES.v.0
2024-10-02 01:00:00+00:00,34,1,183748,5755.5,5762.75,5754.0,5761.25,6935,ES.v.0
2024-10-02 02:00:00+00:00,34,1,183748,5761.5,5763.5,5755.0,5757.5,5765,ES.v.0
2024-10-02 03:00:00+00:00,34,1,183748,5757.25,5761.5,5752.25,5760.25,6105,ES.v.0
2024-10-02 04:00:00+00:00,34,1,183748,5760.25,5760.75,5746.75,5750.25,5552,ES.v.0
2024-10-02 05:00:00+00:00,34,1,183748,5750.0,5752.5,5738.75,5748.0,10529,ES.v.0
2024-10-02 06:00:00+00:00,34,1,183748,5748.0,5750.5,5741.0,5747.5,10372,ES.v.0
2024-10-02 07:00:00+00:00,34,1,183748,5747.5,5757.25,5742.5,5752.75,14950,ES.v.0
2024-10-02 08:00:00+00:00,34,1,183748,5752.75,5756.75,5748.5,5750.25,10783,ES.v.0
2024-10-02 09:00:00+00:00,34,1,183748,5750.5,5750.75,5738.5,5742.5,12555,ES.v.0
2024-10-02 10:00:00+00:00,34,1,183748,5742.25,5753.75,5735.75,5751.25,18608,ES.v.0
2024-10-02 11:00:00+00:00,34,1,183748,5751.25,5753.25,5742.5,5744.0,19358,ES.v.0
2024-10-02 12:00:00+00:00,34,1,183748,5744.0,5757.75,5742.0,5752.5,34244,ES.v.0
2024-10-02 13:00:00+00:00,34,1,183748,5752.5,5753.75,5724.0,5743.25,188528,ES.v.0
2024-10-02 14:00:00+00:00,34,1,183748,5743.25,5770.0,5741.5,5755.75,245797,ES.v.0
2024-10-02 15:00:00+00:00,34,1,183748,5755.75,5772.25,5753.75,5768.25,144030,ES.v.0
2024-10-02 16:00:00+00:00,34,1,183748,5768.25,5771.0,5750.75,5751.25,79844,ES.v.0
2024-10-02 17:00:00+00:00,34,1,183748,5751.25,5764.0,5748.0,5763.25,96020,ES.v.0
2024-10-02 18:00:00+00:00,34,1,183748,5763.25,5766.25,5749.75,5761.25,75216,ES.v.0
2024-10-02 19:00:00+00:00,34,1,183748,5761.25,5767.25,5759.25,5760.75,128204,ES.v.0
2024-10-02 20:00:00+00:00,34,1,183748,5760.5,5773.25,5758.5,5770.0,47298,ES.v.0
2024-10-02 22:00:00+00:00,34,1,183748,5769.5,5772.75,5767.25,5768.25,4021,ES.v.0
2024-10-02 23:00:00+00:00,34,1,183748,5768.25,5770.0,5765.25,5769.25,3787,ES.v.0
2024-10-03 00:00:00+00:00,34,1,183748,5769.5,5769.5,5756.0,5759.75,11174,ES.v.0
2024-10-03 01:00:00+00:00,34,1,183748,5759.75,5762.25,5751.5,5756.0,12242,ES.v.0
2024-10-03 02:00:00+00:00,34,1,183748,5756.0,5758.0,5752.25,5753.0,6676,ES.v.0
2024-10-03 03:00:00+00:00,34,1,183748,5753.0,5756.25,5749.0,5750.75,8134,ES.v.0
2024-10-03 04:00:00+00:00,34,1,183748,5751.0,5752.0,5748.25,5748.5,3254,ES.v.0
2024-10-03 05:00:00+00:00,34,1,183748,5748.75,5752.5,5747.0,5747.5,6082,ES.v.0
2024-10-03 06:00:00+00:00,34,1,183748,5747.5,5754.0,5746.5,5751.75,7623,ES.v.0
2024-10-03 07:00:00+00:00,34,1,183748,5751.75,5752.75,5726.5,5732.25,32998,ES.v.0
2024-10-03 08:00:00+00:00,34,1,183748,5732.25,5743.0,5731.5,5739.25,19645,ES.v.0
2024-10-03 09:00:00+00:00,34,1,183748,5739.5,5743.5,5736.5,5741.25,8087,ES.v.0
2024-10-03 10:00:00+00:00,34,1,183748,5741.25,5746.75,5738.0,5746.5,8424,ES.v.0
2024-10-03 11:00:00+00:00,34,1,183748,5746.25,5755.25,5744.0,5755.25,13706,ES.v.0
2024-10-03 12:00:00+00:00,34,1,183748,5755.25,5759.25,5743.75,5744.25,35368,ES.v.0
2024-10-03 13:00:00+00:00,34,1,183748,5744.5,5754.25,5739.25,5749.5,150092,ES.v.0
2024-10-03 14:00:00+00:00,34,1,183748,5750.0,5770.0,5733.5,5738.0,313102,ES.v.0
2024-10-03 15:00:00+00:00,34,1,183748,5738.0,5761.5,5733.5,5756.5,150636,ES.v.0
2024-10-03 16:00:00+00:00,34,1,183748,5756.5,5763.5,5729.25,5735.0,143285,ES.v.0
2024-10-03 17:00:00+00:00,34,1,183748,5735.0,5745.5,5725.75,5742.0,134291,ES.v.0
2024-10-03 18:00:00+00:00,34,1,183748,5742.0,5745.5,5735.5,5739.0,67807,ES.v.0
2024-10-03 19:00:00+00:00,34,1,183748,5739.0,5754.25,5731.25,5749.0,168531,ES.v.0
2024-10-03 20:00:00+00:00,34,1,183748,5749.0,5754.25,5743.5,5744.0,53636,ES.v.0
2024-10-03 22:00:00+00:00,34,1,183748,5745.75,5751.75,5741.0,5748.75,5961,ES.v.0
2024-10-03 23:00:00+00:00,34,1,183748,5749.0,5750.5,5745.25,5749.25,3975,ES.v.0
2024-10-04 00:00:00+00:00,34,1,183748,5749.0,5749.75,5742.0,5748.0,5523,ES.v.0
2024-10-04 01:00:00+00:00,34,1,183748,5748.0,5761.0,5745.25,5759.0,9715,ES.v.0
2024-10-04 02:00:00+00:00,34,1,183748,5759.0,5763.25,5756.5,5757.5,6955,ES.v.0
2024-10-04 03:00:00+00:00,34,1,183748,5757.75,5758.25,5751.75,5752.75,4462,ES.v.0
2024-10-04 04:00:00+00:00,34,1,183748,5752.75,5757.5,5749.25,5751.25,4832,ES.v.0
2024-10-04 05:00:00+00:00,34,1,183748,5751.5,5755.25,5750.75,5752.0,4941,ES.v.0
2024-10-04 06:00:00+00:00,34,1,183748,5752.25,5753.5,5746.75,5746.75,4952,ES.v.0
2024-10-04 07:00:00+00:00,34,1,183748,5747.0,5758.5,5743.5,5756.5,13631,ES.v.0
2024-10-04 08:00:00+00:00,34,1,183748,5756.5,5758.25,5750.0,5750.25,8562,ES.v.0
2024-10-04 09:00:00+00:00,34,1,183748,5750.5,5758.5,5749.5,5757.5,6655,ES.v.0
2024-10-04 10:00:00+00:00,34,1,183748,5757.75,5765.75,5757.5,5760.5,11478,ES.v.0
2024-10-04 11:00:00+00:00,34,1,183748,5760.75,5768.0,5759.25,5765.0,15676,ES.v.0
2024-10-04 12:00:00+00:00,34,1,183748,5765.0,5800.5,5762.0,5799.5,102112,ES.v.0
2024-10-04 13:00:00+00:00,34,1,183748,5799.5,5803.25,5768.75,5771.5,202411,ES.v.0
2024-10-04 14:00:00+00:00,34,1,183748,5771.5,5781.75,5749.5,5769.75,276064,ES.v.0
2024-10-04 15:00:00+00:00,34,1,183748,5769.5,5777.0,5752.0,5774.0,177522,ES.v.0
2024-10-04 16:00:00+00:00,34,1,183748,5774.25,5785.25,5763.75,5780.5,111271,ES.v.0
2024-10-04 17:00:00+00:00,34,1,183748,5780.75,5786.25,5765.75,5772.25,91565,ES.v.0
2024-10-04 18:00:00+00:00,34,1,183748,5772.5,5786.0,5767.0,5785.5,82884,ES.v.0
2024-10-04 19:00:00+00:00,34,1,183748,5785.25,5804.75,5781.75,5799.75,165708,ES.v.0
2024-10-04 20:00:00+00:00,34,1,183748,5799.75,5801.0,5794.5,5795.5,59030,ES.v.0
2024-10-06 22:00:00+00:00,34,1,183748,5802.0,5808.0,5799.5,5804.75,12690,ES.v.0
2024-10-06 23:00:00+00:00,34,1,183748,5804.75,5807.75,5801.5,5802.0,4733,ES.v.0
2024-10-07 00:00:00+00:00,34,1,183748,5802.0,5803.0,5795.25,5797.5,8221,ES.v.0
2024-10-07 01:00:00+00:00,34,1,183748,5797.5,5805.75,5795.75,5797.75,11959,ES.v.0
2024-10-07 02:00:00+00:00,34,1,183748,5798.0,5801.5,5795.75,5796.5,6983,ES.v.0
2024-10-07 03:00:00+00:00,34,1,183748,5796.5,5798.5,5793.5,5796.0,5134,ES.v.0
2024-10-07 04:00:00+00:00,34,1,183748,5796.0,5799.0,5794.75,5795.75,4203,ES.v.0
2024-10-07 05:00:00+00:00,34,1,183748,5796.0,5796.5,5790.25,5791.25,5796,ES.v.0
2024-10-07 06:00:00+00:00,34,1,183748,5791.0,5794.5,5786.75,5794.0,9206,ES.v.0
2024-10-07 07:00:00+00:00,34,1,183748,5794.25,5794.25,5776.0,5777.75,26870,ES.v.0
2024-10-07 08:00:00+00:00,34,1,183748,5777.75,5784.5,5773.25,5773.75,14892,ES.v.0
2024-10-07 09:00:00+00:00,34,1,183748,5773.75,5773.75,5762.75,5770.0,19472,ES.v.0
2024-10-07 10:00:00+00:00,34,1,183748,5770.0,5773.75,5766.5,5773.5,11345,ES.v.0
2024-10-07 11:00:00+00:00,34,1,183748,5773.25,5776.25,5768.75,5775.25,14374,ES.v.0
2024-10-07 12:00:00+00:00,34,1,183748,5775.25,5781.0,5773.75,5778.25,23454,ES.v.0
2024-10-07 13:00:00+00:00,34,1,183748,5778.25,5785.5,5774.0,5776.25,132924,ES.v.0
2024-10-07 14:00:00+00:00,34,1,183748,5776.0,5788.75,5775.5,5782.0,139507,ES.v.0
2024-10-07 15:00:00+00:00,34,1,183748,5782.0,5786.75,5775.0,5780.25,95015,ES.v.0
2024-10-07 16:00:00+00:00,34,1,183748,5780.25,5780.75,5769.75,5775.0,86179,ES.v.0
2024-10-07 17:00:00+00:00,34,1,183748,5775.25,5778.75,5766.75,5773.0,68485,ES.v.0
2024-10-07 18:00:00+00:00,34,1,183748,5773.0,5773.25,5734.25,5736.5,184596,ES.v.0
2024-10-07 19:00:00+00:00,34,1,183748,5736.5,5755.75,5735.0,5747.0,205324,ES.v.0
2024-10-07 20:00:00+00:00,34,1,183748,5747.0,5753.5,5746.5,5750.0,47332,ES.v.0
2024-10-07 22:00:00+00:00,34,1,183748,5752.5,5754.0,5725.25,5740.5,23726,ES.v.0
2024-10-07 23:00:00+00:00,34,1,183748,5740.5,5749.75,5738.75,5744.25,9846,ES.v.0
2024-10-08 00:00:00+00:00,34,1,183748,5744.5,5754.5,5744.5,5751.25,7703,ES.v.0
2024-10-08 01:00:00+00:00,34,1,183748,5751.25,5752.25,5740.25,5745.5,12929,ES.v.0
2024-10-08 02:00:00+00:00,34,1,183748,5745.25,5749.25,5739.75,5747.0,11302,ES.v.0
2024-10-08 03:00:00+00:00,34,1,183748,5747.0,5749.0,5740.5,5743.75,6361,ES.v.0
2024-10-08 04:00:00+00:00,34,1,183748,5743.75,5748.5,5743.25,5747.0,2598,ES.v.0
2024-10-08 05:00:00+00:00,34,1,183748,5747.0,5748.75,5740.25,5743.5,7349,ES.v.0
2024-10-08 06:00:00+00:00,34,1,183748,5743.5,5746.25,5738.5,5745.0,9110,ES.v.0
2024-10-08 07:00:00+00:00,34,1,183748,5745.25,5753.5,5736.25,5748.25,22078,ES.v.0
2024-10-08 08:00:00+00:00,34,1,183748,5748.25,5754.25,5745.5,5753.0,14530,ES.v.0
2024-10-08 09:00:00+00:00,34,1,183748,5753.0,5768.0,5753.0,5764.75,18940,ES.v.0
2024-10-08 10:00:00+00:00,34,1,183748,5764.75,5769.0,5761.0,5769.0,14010,ES.v.0
2024-10-08 11:00:00+00:00,34,1,183748,5768.75,5770.75,5764.0,5768.5,17292,ES.v.0
2024-10-08 12:00:00+00:00,34,1,183748,5768.75,5770.25,5763.75,5766.0,23059,ES.v.0
2024-10-08 13:00:00+00:00,34,1,183748,5766.25,5778.25,5763.75,5776.5,153942,ES.v.0
2024-10-08 14:00:00+00:00,34,1,183748,5776.5,5795.0,5773.0,5787.5,177988,ES.v.0
2024-10-08 15:00:00+00:00,34,1,183748,5787.5,5793.0,5782.0,5792.5,89410,ES.v.0
2024-10-08 16:00:00+00:00,34,1,183748,5792.25,5793.0,5783.5,5788.5,68519,ES.v.0
2024-10-08 17:00:00+00:00,34,1,183748,5788.5,5789.25,5774.5,5786.75,85866,ES.v.0
2024-10-08 18:00:00+00:00,34,1,183748,5786.75,5798.25,5786.25,5796.5,66819,ES.v.0
2024-10-08 19:00:00+00:00,34,1,183748,5796.75,5806.75,5793.0,5800.75,180866,ES.v.0
2024-10-08 20:00:00+00:00,34,1,183748,5800.75,5801.5,5796.25,5798.25,61638,ES.v.0
2024-10-08 22:00:00+00:00,34,1,183748,5799.25,5799.75,5795.0,5798.75,3667,ES.v.0
2024-10-08 23:00:00+00:00,34,1,183748,5798.75,5800.25,5795.0,5795.5,2389,ES.v.0
2024-10-09 00:00:00+00:00,34,1,183748,5795.75,5796.25,5793.75,5795.25,3216,ES.v.0
2024-10-09 01:00:00+00:00,34,1,183748,5795.5,5797.75,5793.5,5795.5,5685,ES.v.0
2024-10-09 02:00:00+00:00,34,1,183748,5795.25,5795.5,5789.25,5790.5,6746,ES.v.0
2024-10-09 03:00:00+00:00,34,1,183748,5790.75,5791.75,5789.0,5790.25,3756,ES.v.0
2024-10-09 04:00:00+00:00,34,1,183748,5790.25,5791.5,5787.5,5788.75,2156,ES.v.0
2024-10-09 05:00:00+00:00,34,1,183748,5789.0,5793.25,5787.25,5788.25,6683,ES.v.0
2024-10-09 06:00:00+00:00,34,1,183748,5788.0,5790.25,5783.75,5786.5,6827,ES.v.0
2024-10-09 07:00:00+00:00,34,1,183748,5786.5,5788.0,5780.75,5786.5,13300,ES.v.0
2024-10-09 08:00:00+00:00,34,1,183748,5786.5,5789.25,5782.0,5788.25,9260,ES.v.0
2024-10-09 09:00:00+00:00,34,1,183748,5788.25,5795.5,5787.75,5794.0,7286,ES.v.0
2024-10-09 10:00:00+00:00,34,1,183748,5793.75,5801.25,5792.5,5797.75,8235,ES.v.0
2024-10-09 11:00:00+00:00,34,1,183748,5797.75,5800.0,5795.0,5795.75,10303,ES.v.0
2024-10-09 12:00:00+00:00,34,1,183748,5795.75,5800.0,5792.5,5797.5,20540,ES.v.0
2024-10-09 13:00:00+00:00,34,1,183748,5797.75,5806.25,5793.75,5804.25,116582,ES.v.0
2024-10-09 14:00:00+00:00,34,1,183748,5804.25,5818.75,5803.0,5818.0,153645,ES.v.0
2024-10-09 15:00:00+00:00,34,1,183748,5818.0,5840.0,5818.0,5838.5,134475,ES.v.0
2024-10-09 16:00:00+00:00,34,1,183748,5838.5,5838.75,5824.5,5828.0,93065,ES.v.0
2024-10-09 17:00:00+00:00,34,1,183748,5828.0,5835.5,5818.75,5826.5,100445,ES.v.0
2024-10-09 18:00:00+00:00,34,1,183748,5826.5,5834.5,5823.5,5831.5,88091,ES.v.0
2024-10-09 19:00:00+00:00,34,1,183748,5831.25,5846.5,5826.25,5839.75,201285,ES.v.0
2024-10-09 20:00:00+00:00,34,1,183748,5840.0,5840.75,5831.5,5836.5,58267,ES.v.0
2024-10-09 22:00:00+00:00,34,1,183748,5836.0,5839.0,5834.25,5838.0,3878,ES.v.0
2024-10-09 23:00:00+00:00,34,1,183748,5838.0,5840.5,5836.25,5838.75,3007,ES.v.0
2024-10-10 00:00:00+00:00,34,1,183748,5839.0,5841.0,5836.5,5839.5,4254,ES.v.0
2024-10-10 01:00:00+00:00,34,1,183748,5839.25,5842.0,5838.25,5839.75,5518,ES.v.0
2024-10-10 02:00:00+00:00,34,1,183748,5839.5,5842.5,5837.5,5841.5,4332,ES.v.0
2024-10-10 03:00:00+00:00,34,1,183748,5841.5,5842.75,5839.75,5842.0,3177,ES.v.0
2024-10-10 04:00:00+00:00,34,1,183748,5842.0,5842.25,5840.0,5840.75,1578,ES.v.0
2024-10-10 05:00:00+00:00,34,1,183748,5840.5,5842.25,5835.75,5836.0,4461,ES.v.0
2024-10-10 06:00:00+00:00,34,1,183748,5836.0,5838.25,5833.0,5836.5,6852,ES.v.0
2024-10-10 07:00:00+00:00,34,1,183748,5836.75,5838.5,5829.0,5830.5,14144,ES.v.0
2024-10-10 08:00:00+00:00,34,1,183748,5830.25,5834.0,5828.25,5830.5,10506,ES.v.0
2024-10-10 09:00:00+00:00,34,1,183748,5830.75,5834.0,5828.5,5833.75,8048,ES.v.0
2024-10-10 10:00:00+00:00,34,1,183748,5833.75,5834.75,5829.0,5829.5,9767,ES.v.0
2024-10-10 11:00:00+00:00,34,1,183748,5829.5,5834.75,5828.0,5834.75,16594,ES.v.0
2024-10-10 12:00:00+00:00,34,1,183748,5834.5,5844.0,5814.75,5820.75,85258,ES.v.0
2024-10-10 13:00:00+00:00,34,1,183748,5820.75,5830.5,5812.75,5821.25,145159,ES.v.0
2024-10-10 14:00:00+00:00,34,1,183748,5821.25,5834.0,5818.5,5821.75,128923,ES.v.0
2024-10-10 15:00:00+00:00,34,1,183748,5821.75,5837.25,5818.25,5837.0,84331,ES.v.0
2024-10-10 16:00:00+00:00,34,1,183748,5837.0,5843.25,5825.0,5829.25,113885,ES.v.0
2024-10-10 17:00:00+00:00,34,1,183748,5829.25,5834.25,5814.75,5829.5,112396,ES.v.0
2024-10-10 18:00:00+00:00,34,1,183748,5829.5,5829.5,5811.5,5820.0,79264,ES.v.0
2024-10-10 19:00:00+00:00,34,1,183748,5820.25,5833.0,5815.25,5828.75,157955,ES.v.0
2024-10-10 20:00:00+00:00,34,1,183748,5828.75,5833.0,5826.75,5831.0,53843,ES.v.0
2024-10-10 22:00:00+00:00,34,1,183748,5831.0,5832.5,5829.0,5830.75,3111,ES.v.0
2024-10-10 23:00:00+00:00,34,1,183748,5831.0,5837.0,5831.0,5835.5,4007,ES.v.0
2024-10-11 00:00:00+00:00,34,1,183748,5835.25,5837.75,5833.0,5833.5,5114,ES.v.0
2024-10-11 01:00:00+00:00,34,1,183748,5833.5,5836.5,5832.75,5833.5,3549,ES.v.0
2024-10-11 02:00:00+00:00,34,1,183748,5833.75,5834.5,5831.25,5832.75,2264,ES.v.0
2024-10-11 03:00:00+00:00,34,1,183748,5832.75,5835.25,5831.25,5833.75,2730,ES.v.0
2024-10-11 04:00:00+00:00,34,1,183748,5833.75,5834.0,5829.5,5830.0,1970,ES.v.0
2024-10-11 05:00:00+00:00,34,1,183748,5830.0,5830.5,5826.5,5829.0,3037,ES.v.0
2024-10-11 06:00:00+00:00,34,1,183748,5829.0,5829.75,5826.0,5826.25,3693,ES.v.0
2024-10-11 07:00:00+00:00,34,1,183748,5826.5,5827.25,5817.75,5824.75,10135,ES.v.0
2024-10-11 08:00:00+00:00,34,1,183748,5824.5,5825.0,5816.0,5817.0,8609,ES.v.0
2024-10-11 09:00:00+00:00,34,1,183748,5817.25,5821.75,5816.25,5818.25,6277,ES.v.0
2024-10-11 10:00:00+00:00,34,1,183748,5818.25,5826.0,5816.75,5826.0,8500,ES.v.0
2024-10-11 11:00:00+00:00,34,1,183748,5825.75,5827.5,5822.0,5822.75,8340,ES.v.0
2024-10-11 12:00:00+00:00,34,1,183748,5822.75,5837.75,5821.75,5825.75,37753,ES.v.0
2024-10-11 13:00:00+00:00,34,1,183748,5826.0,5839.75,5822.75,5839.0,110442,ES.v.0
2024-10-11 14:00:00+00:00,34,1,183748,5838.25,5866.25,5834.25,5855.75,210216,ES.v.0
2024-10-11 15:00:00+00:00,34,1,183748,5855.75,5863.0,5854.75,5861.5,86477,ES.v.0
2024-10-11 16:00:00+00:00,34,1,183748,5861.25,5861.25,5845.0,5853.5,90422,ES.v.0
2024-10-11 17:00:00+00:00,34,1,183748,5853.5,5858.5,5848.5,5856.0,61718,ES.v.0
2024-10-11 18:00:00+00:00,34,1,183748,5856.0,5864.0,5852.75,5861.75,75697,ES.v.0
2024-10-11 19:00:00+00:00,34,1,183748,5862.0,5868.25,5859.0,5859.5,161724,ES.v.0
2024-10-11 20:00:00+00:00,34,1,183748,5859.5,5861.25,5852.75,5853.25,50260,ES.v.0
2024-10-13 22:00:00+00:00,34,1,183748,5854.5,5859.0,5852.0,5858.5,6929,ES.v.0
2024-10-13 23:00:00+00:00,34,1,183748,5858.5,5860.25,5855.0,5855.5,4144,ES.v.0
2024-10-14 00:00:00+00:00,34,1,183748,5855.5,5857.25,5853.75,5855.25,3933,ES.v.0
2024-10-14 01:00:00+00:00,34,1,183748,5855.0,5857.0,5852.75,5853.75,5485,ES.v.0
2024-10-14 02:00:00+00:00,34,1,183748,5853.75,5855.0,5850.0,5854.25,4004,ES.v.0
2024-10-14 03:00:00+00:00,34,1,183748,5854.5,5857.25,5852.25,5855.5,2635,ES.v.0
2024-10-14 04:00:00+00:00,34,1,183748,5855.5,5856.25,5854.5,5855.75,1228,ES.v.0
2024-10-14 05:00:00+00:00,34,1,183748,5856.0,5858.5,5855.75,5857.0,3294,ES.v.0
2024-10-14 06:00:00+00:00,34,1,183748,5857.0,5860.0,5856.0,5859.0,4408,ES.v.0
2024-10-14 07:00:00+00:00,34,1,183748,5859.25,5864.75,5856.0,5864.5,8036,ES.v.0
2024-10-14 08:00:00+00:00,34,1,183748,5864.25,5865.75,5862.0,5863.0,8828,ES.v.0
2024-10-14 09:00:00+00:00,34,1,183748,5863.0,5868.0,5863.0,5867.25,6736,ES.v.0
2024-10-14 10:00:00+00:00,34,1,183748,5867.25,5874.5,5867.25,5869.5,13415,ES.v.0
2024-10-14 11:00:00+00:00,34,1,183748,5869.5,5870.5,5866.75,5868.75,8666,ES.v.0
2024-10-14 12:00:00+00:00,34,1,183748,5869.0,5873.75,5868.0,5873.0,13465,ES.v.0
2024-10-14 13:00:00+00:00,34,1,183748,5873.25,5898.75,5873.0,5898.5,129136,ES.v.0
2024-10-14 14:00:00+00:00,34,1,183748,5898.75,5903.75,5891.75,5894.25,123865,ES.v.0
2024-10-14 15:00:00+00:00,34,1,183748,5894.0,5900.25,5888.75,5900.0,94668,ES.v.0
2024-10-14 16:00:00+00:00,34,1,183748,5900.25,5905.5,5899.5,5904.0,52065,ES.v.0
2024-10-14 17:00:00+00:00,34,1,183748,5904.0,5907.25,5901.0,5901.5,39950,ES.v.0
2024-10-14 18:00:00+00:00,34,1,183748,5901.5,5912.25,5898.5,5908.0,74286,ES.v.0
2024-10-14 19:00:00+00:00,34,1,183748,5908.25,5918.5,5905.5,5909.25,182300,ES.v.0
2024-10-14 20:00:00+00:00,34,1,183748,5909.25,5914.25,5906.5,5913.75,49954,ES.v.0
2024-10-14 22:00:00+00:00,34,1,183748,5914.25,5914.5,5909.75,5911.5,6342,ES.v.0
2024-10-14 23:00:00+00:00,34,1,183748,5911.75,5913.75,5910.75,5912.75,2581,ES.v.0
2024-10-15 00:00:00+00:00,34,1,183748,5913.0,5913.5,5906.5,5909.5,7657,ES.v.0
2024-10-15 01:00:00+00:00,34,1,183748,5909.25,5914.5,5908.75,5913.75,5645,ES.v.0
2024-10-15 02:00:00+00:00,34,1,183748,5913.5,5915.5,5912.5,5912.75,3171,ES.v.0
2024-10-15 03:00:00+00:00,34,1,183748,5912.75,5914.25,5911.5,5914.25,3672,ES.v.0
2024-10-15 04:00:00+00:00,34,1,183748,5914.25,5914.25,5912.75,5913.5,1230,ES.v.0
2024-10-15 05:00:00+00:00,34,1,183748,5913.25,5913.75,5909.25,5909.5,4229,ES.v.0
2024-10-15 06:00:00+00:00,34,1,183748,5909.75,5911.25,5908.25,5908.5,5463,ES.v.0
2024-10-15 07:00:00+00:00,34,1,183748,5908.5,5911.75,5907.25,5909.5,9364,ES.v.0
2024-10-15 08:00:00+00:00,34,1,183748,5909.5,5909.5,5902.5,5904.75,13736,ES.v.0
2024-10-15 09:00:00+00:00,34,1,183748,5904.75,5907.0,5902.25,5904.0,9352,ES.v.0
2024-10-15 10:00:00+00:00,34,1,183748,5904.25,5910.5,5902.25,5908.75,13008,ES.v.0
2024-10-15 11:00:00+00:00,34,1,183748,5908.75,5910.5,5906.0,5908.5,12840,ES.v.0
2024-10-15 12:00:00+00:00,34,1,183748,5908.5,5911.25,5906.0,5910.25,18036,ES.v.0
2024-10-15 13:00:00+00:00,34,1,183748,5910.5,5914.0,5906.0,5907.25,111391,ES.v.0
2024-10-15 14:00:00+00:00,34,1,183748,5907.25,5911.5,5877.75,5884.75,281206,ES.v.0
2024-10-15 15:00:00+00:00,34,1,183748,5884.75,5893.25,5877.5,5879.0,148025,ES.v.0
2024-10-15 16:00:00+00:00,34,1,183748,5879.25,5890.75,5878.25,5883.0,94870,ES.v.0
2024-10-15 17:00:00+00:00,34,1,183748,5883.25,5884.75,5873.0,5874.75,98942,ES.v.0
2024-10-15 18:00:00+00:00,34,1,183748,5874.75,5879.0,5864.5,5866.0,99195,ES.v.0
2024-10-15 19:00:00+00:00,34,1,183748,5866.0,5867.0,5850.0,5863.0,276899,ES.v.0
2024-10-15 20:00:00+00:00,34,1,183748,5863.0,5864.75,5858.25,5860.75,49704,ES.v.0
2024-10-15 22:00:00+00:00,34,1,183748,5861.0,5863.5,5853.75,5863.0,5188,ES.v.0
2024-10-15 23:00:00+00:00,34,1,183748,5863.0,5865.75,5862.5,5863.0,3897,ES.v.0
2024-10-16 00:00:00+00:00,34,1,183748,5863.25,5866.5,5861.5,5863.75,5968,ES.v.0
2024-10-16 01:00:00+00:00,34,1,183748,5863.5,5867.25,5860.75,5865.5,6595,ES.v.0
2024-10-16 02:00:00+00:00,34,1,183748,5865.5,5867.5,5864.5,5866.5,4045,ES.v.0
2024-10-16 03:00:00+00:00,34,1,183748,5866.25,5869.0,5865.5,5868.25,2930,ES.v.0
2024-10-16 04:00:00+00:00,34,1,183748,5868.0,5869.0,5866.75,5868.0,2242,ES.v.0
2024-10-16 05:00:00+00:00,34,1,183748,5868.0,5868.25,5864.75,5867.0,4404,ES.v.0
2024-10-16 06:00:00+00:00,34,1,183748,5867.0,5867.0,5862.25,5864.25,7349,ES.v.0
2024-10-16 07:00:00+00:00,34,1,183748,5864.25,5866.25,5855.75,5865.5,15204,ES.v.0
2024-10-16 08:00:00+00:00,34,1,183748,5865.75,5866.5,5859.25,5862.5,11071,ES.v.0
2024-10-16 09:00:00+00:00,34,1,183748,5862.5,5866.25,5861.0,5865.0,6677,ES.v.0
2024-10-16 10:00:00+00:00,34,1,183748,5865.0,5865.5,5862.0,5865.5,5554,ES.v.0
2024-10-16 11:00:00+00:00,34,1,183748,5865.5,5869.0,5863.75,5868.0,12209,ES.v.0
2024-10-16 12:00:00+00:00,34,1,183748,5868.0,5868.75,5862.25,5863.25,17389,ES.v.0
2024-10-16 13:00:00+00:00,34,1,183748,5863.25,5866.75,5853.25,5855.25,124460,ES.v.0
2024-10-16 14:00:00+00:00,34,1,183748,5855.25,5875.5,5854.25,5865.0,163996,ES.v.0
2024-10-16 15:00:00+00:00,34,1,183748,5865.0,5873.0,5861.5,5866.5,89766,ES.v.0
2024-10-16 16:00:00+00:00,34,1,183748,5866.25,5878.25,5866.0,5878.0,58091,ES.v.0
2024-10-16 17:00:00+00:00,34,1,183748,5878.25,5881.25,5873.25,5880.5,66234,ES.v.0
2024-10-16 18:00:00+00:00,34,1,183748,5880.75,5892.75,5879.0,5888.5,82484,ES.v.0
2024-10-16 19:00:00+00:00,34,1,183748,5888.5,5890.75,5884.75,5886.0,138473,ES.v.0
2024-10-16 20:00:00+00:00,34,1,183748,5886.0,5887.0,5882.75,5883.75,52896,ES.v.0
2024-10-16 22:00:00+00:00,34,1,183748,5882.75,5884.75,5880.5,5882.0,4168,ES.v.0
2024-10-16 23:00:00+00:00,34,1,183748,5882.25,5882.5,5878.25,5879.0,2139,ES.v.0
2024-10-17 00:00:00+00:00,34,1,183748,5878.75,5881.25,5873.0,5878.75,7068,ES.v.0
2024-10-17 01:00:00+00:00,34,1,183748,5878.75,5880.75,5875.0,5878.5,4737,ES.v.0
2024-10-17 02:00:00+00:00,34,1,183748,5878.5,5879.5,5871.25,5875.75,5600,ES.v.0
2024-10-17 03:00:00+00:00,34,1,183748,5875.75,5877.25,5874.0,5874.25,2588,ES.v.0
2024-10-17 04:00:00+00:00,34,1,183748,5874.25,5874.5,5872.25,5873.75,1993,ES.v.0
2024-10-17 05:00:00+00:00,34,1,183748,5873.5,5881.75,5873.0,5880.75,5757,ES.v.0
2024-10-17 06:00:00+00:00,34,1,183748,5880.75,5895.5,5879.75,5892.75,20237,ES.v.0
2024-10-17 07:00:00+00:00,34,1,183748,5893.0,5899.5,5891.25,5898.0,14768,ES.v.0
2024-10-17 08:00:00+00:00,34,1,183748,5898.25,5908.5,5897.5,5908.0,15350,ES.v.0
2024-10-17 09:00:00+00:00,34,1,183748,5908.25,5912.0,5905.5,5911.0,10187,ES.v.0
2024-10-17 10:00:00+00:00,34,1,183748,5910.75,5914.25,5908.75,5913.75,10792,ES.v.0
2024-10-17 11:00:00+00:00,34,1,183748,5913.5,5913.5,5909.25,5910.5,11877,ES.v.0
2024-10-17 12:00:00+00:00,34,1,183748,5910.5,5919.75,5910.0,5918.75,42427,ES.v.0
2024-10-17 13:00:00+00:00,34,1,183748,5918.75,5927.25,5895.5,5903.75,209087,ES.v.0
2024-10-17 14:00:00+00:00,34,1,183748,5903.75,5907.25,5891.25,5894.0,188025,ES.v.0
2024-10-17 15:00:00+00:00,34,1,183748,5894.25,5910.75,5886.5,5910.25,112174,ES.v.0
2024-10-17 16:00:00+00:00,34,1,183748,5910.25,5913.5,5900.5,5907.25,78631,ES.v.0
2024-10-17 17:00:00+00:00,34,1,183748,5907.25,5910.5,5904.0,5907.0,66375,ES.v.0
2024-10-17 18:00:00+00:00,34,1,183748,5907.0,5907.5,5887.25,5896.5,137693,ES.v.0
2024-10-17 19:00:00+00:00,34,1,183748,5896.5,5897.0,5884.75,5886.25,153431,ES.v.0
2024-10-17 20:00:00+00:00,34,1,183748,5886.5,5892.25,5884.75,5887.5,58116,ES.v.0
2024-10-17 22:00:00+00:00,34,1,183748,5888.25,5893.75,5886.25,5892.0,4468,ES.v.0
2024-10-17 23:00:00+00:00,34,1,183748,5891.75,5892.5,5890.25,5891.75,2098,ES.v.0
2024-10-18 00:00:00+00:00,34,1,183748,5891.5,5891.75,5876.25,5884.25,10851,ES.v.0
2024-10-18 01:00:00+00:00,34,1,183748,5884.25,5888.25,5882.75,5887.25,5467,ES.v.0
2024-10-18 02:00:00+00:00,34,1,183748,5887.25,5888.75,5884.5,5886.5,5057,ES.v.0
2024-10-18 03:00:00+00:00,34,1,183748,5886.25,5887.75,5882.75,5884.25,3218,ES.v.0
2024-10-18 04:00:00+00:00,34,1,183748,5884.25,5886.5,5883.5,5885.5,1894,ES.v.0
2024-10-18 05:00:00+00:00,34,1,183748,5885.5,5888.75,5884.75,5888.25,4694,ES.v.0
2024-10-18 06:00:00+00:00,34,1,183748,5888.5,5890.25,5887.25,5889.25,6572,ES.v.0
2024-10-18 07:00:00+00:00,34,1,183748,5889.5,5897.25,5889.0,5897.25,11287,ES.v.0
2024-10-18 08:00:00+00:00,34,1,183748,5897.25,5899.75,5895.0,5897.25,9558,ES.v.0
2024-10-18 09:00:00+00:00,34,1,183748,5897.5,5900.5,5893.5,5894.5,8014,ES.v.0
2024-10-18 10:00:00+00:00,34,1,183748,5894.25,5897.5,5892.0,5897.25,6112,ES.v.0
2024-10-18 11:00:00+00:00,34,1,183748,5897.0,5901.25,5894.25,5899.25,13418,ES.v.0
2024-10-18 12:00:00+00:00,34,1,183748,5899.25,5902.5,5896.5,5900.25,16561,ES.v.0
2024-10-18 13:00:00+00:00,34,1,183748,5900.25,5906.5,5886.5,5893.5,165642,ES.v.0
2024-10-18 14:00:00+00:00,34,1,183748,5893.5,5901.0,5891.25,5895.25,118589,ES.v.0
2024-10-18 15:00:00+00:00,34,1,183748,5895.0,5905.75,5894.75,5900.0,84274,ES.v.0
2024-10-18 16:00:00+00:00,34,1,183748,5900.0,5914.0,5897.75,5908.0,71992,ES.v.0
2024-10-18 17:00:00+00:00,34,1,183748,5908.0,5912.5,5906.0,5907.0,61815,ES.v.0
2024-10-18 18:00:00+00:00,34,1,183748,5907.0,5915.5,5899.25,5909.5,73577,ES.v.0
2024-10-18 19:00:00+00:00,34,1,183748,5909.5,5909.5,5901.25,5906.25,139181,ES.v.0
2024-10-18 20:00:00+00:00,34,1,183748,5906.0,5909.75,5904.25,5907.5,56128,ES.v.0
2024-10-20 22:00:00+00:00,34,1,183748,5911.5,5914.75,5910.75,5913.75,4107,ES.v.0
2024-10-20 23:00:00+00:00,34,1,183748,5913.75,5915.5,5911.75,5913.5,2611,ES.v.0
2024-10-21 00:00:00+00:00,34,1,183748,5913.75,5914.0,5910.75,5912.75,3232,ES.v.0
2024-10-21 01:00:00+00:00,34,1,183748,5912.75,5914.75,5911.75,5912.0,3269,ES.v.0
2024-10-21 02:00:00+00:00,34,1,183748,5912.0,5912.5,5908.75,5909.5,3147,ES.v.0
2024-10-21 03:00:00+00:00,34,1,183748,5909.5,5910.5,5907.5,5908.25,2665,ES.v.0
2024-10-21 04:00:00+00:00,34,1,183748,5908.0,5908.5,5905.25,5905.75,2342,ES.v.0
2024-10-21 05:00:00+00:00,34,1,183748,5905.75,5906.0,5902.25,5902.75,4940,ES.v.0
2024-10-21 06:00:00+00:00,34,1,183748,5902.5,5904.25,5899.0,5900.5,5589,ES.v.0
2024-10-21 07:00:00+00:00,34,1,183748,5900.75,5906.5,5900.25,5902.5,8143,ES.v.0
2024-10-21 08:00:00+00:00,34,1,183748,5902.5,5905.5,5901.75,5904.0,5636,ES.v.0
2024-10-21 09:00:00+00:00,34,1,183748,5904.0,5904.5,5892.5,5897.25,11296,ES.v.0
2024-10-21 10:00:00+00:00,34,1,183748,5897.25,5898.75,5887.0,5887.25,11211,ES.v.0
2024-10-21 11:00:00+00:00,34,1,183748,5887.25,5889.5,5883.0,5885.5,15447,ES.v.0
2024-10-21 12:00:00+00:00,34,1,183748,5885.5,5893.75,5883.75,5892.75,18320,ES.v.0
2024-10-21 13:00:00+00:00,34,1,183748,5892.75,5904.75,5892.0,5900.25,102557,ES.v.0
2024-10-21 14:00:00+00:00,34,1,183748,5900.5,5908.5,5880.0,5885.25,184658,ES.v.0
2024-10-21 15:00:00+00:00,34,1,183748,5885.25,5886.25,5865.0,5882.75,194709,ES.v.0
2024-10-21 16:00:00+00:00,34,1,183748,5882.75,5888.5,5877.25,5887.75,80007,ES.v.0
2024-10-21 17:00:00+00:00,34,1,183748,5888.0,5893.5,5885.5,5892.25,58747,ES.v.0
2024-10-21 18:00:00+00:00,34,1,183748,5892.5,5892.75,5881.75,5883.5,58203,ES.v.0
2024-10-21 19:00:00+00:00,34,1,183748,5883.5,5897.75,5881.25,5897.0,170768,ES.v.0
2024-10-21 20:00:00+00:00,34,1,183748,5897.0,5901.0,5894.75,5898.75,67819,ES.v.0
2024-10-21 22:00:00+00:00,34,1,183748,5900.75,5900.75,5896.0,5896.25,3822,ES.v.0
2024-10-21 23:00:00+00:00,34,1,183748,5896.0,5897.5,5894.75,5895.75,2272,ES.v.0
2024-10-22 00:00:00+00:00,34,1,183748,5895.75,5896.0,5887.5,5888.0,8377,ES.v.0
2024-10-22 01:00:00+00:00,34,1,183748,5887.75,5889.75,5885.0,5887.25,7955,ES.v.0
2024-10-22 02:00:00+00:00,34,1,183748,5887.25,5890.25,5884.5,5885.0,4216,ES.v.0
2024-10-22 03:00:00+00:00,34,1,183748,5885.0,5888.5,5885.0,5885.5,2969,ES.v.0
2024-10-22 04:00:00+00:00,34,1,183748,5885.75,5887.0,5882.25,5882.5,3521,ES.v.0
2024-10-22 05:00:00+00:00,34,1,183748,5882.5,5886.75,5881.5,5883.25,4102,ES.v.0
2024-10-22 06:00:00+00:00,34,1,183748,5883.25,5885.0,5879.0,5882.75,5289,ES.v.0
2024-10-22 07:00:00+00:00,34,1,183748,5883.0,5887.75,5881.0,5882.5,12120,ES.v.0
2024-10-22 08:00:00+00:00,34,1,183748,5882.25,5884.75,5875.5,5875.5,10998,ES.v.0
2024-10-22 09:00:00+00:00,34,1,183748,5875.5,5877.25,5863.75,5865.5,19152,ES.v.0
2024-10-22 10:00:00+00:00,34,1,183748,5865.75,5871.5,5864.5,5866.75,14724,ES.v.0
2024-10-22 11:00:00+00:00,34,1,183748,5867.0,5873.5,5866.75,5869.5,15324,ES.v.0
2024-10-22 12:00:00+00:00,34,1,183748,5869.5,5876.75,5861.5,5867.5,30698,ES.v.0
2024-10-22 13:00:00+00:00,34,1,183748,5867.75,5873.5,5861.25,5871.5,140086,ES.v.0
2024-10-22 14:00:00+00:00,34,1,183748,5871.5,5881.0,5868.5,5878.25,163616,ES.v.0
2024-10-22 15:00:00+00:00,34,1,183748,5878.5,5884.0,5874.0,5879.0,85207,ES.v.0
2024-10-22 16:00:00+00:00,34,1,183748,5879.0,5885.5,5874.5,5884.75,75433,ES.v.0
2024-10-22 17:00:00+00:00,34,1,183748,5884.75,5899.25,5881.75,5899.0,88866,ES.v.0
2024-10-22 18:00:00+00:00,34,1,183748,5899.0,5904.25,5887.5,5889.25,86497,ES.v.0
2024-10-22 19:00:00+00:00,34,1,183748,5889.25,5901.75,5888.0,5892.5,138903,ES.v.0
2024-10-22 20:00:00+00:00,34,1,183748,5892.5,5892.75,5886.5,5887.0,70634,ES.v.0
2024-10-22 22:00:00+00:00,34,1,183748,5887.25,5887.25,5881.0,5884.25,4561,ES.v.0
2024-10-22 23:00:00+00:00,34,1,183748,5884.5,5890.75,5883.0,5890.0,4272,ES.v.0
2024-10-23 00:00:00+00:00,34,1,183748,5890.25,5890.75,5883.25,5884.0,3569,ES.v.0
2024-10-23 01:00:00+00:00,34,1,183748,5884.0,5887.25,5882.0,5886.0,4704,ES.v.0
2024-10-23 02:00:00+00:00,34,1,183748,5886.0,5889.0,5885.25,5887.75,3262,ES.v.0
2024-10-23 03:00:00+00:00,34,1,183748,5888.0,5890.0,5886.0,5886.75,3601,ES.v.0
2024-10-23 04:00:00+00:00,34,1,183748,5886.5,5888.75,5886.0,5888.25,1726,ES.v.0
2024-10-23 05:00:00+00:00,34,1,183748,5888.25,5889.25,5886.25,5886.75,2713,ES.v.0
2024-10-23 06:00:00+00:00,34,1,183748,5886.75,5887.0,5884.0,5885.5,6415,ES.v.0
2024-10-23 07:00:00+00:00,34,1,183748,5885.75,5893.75,5884.75,5888.25,11680,ES.v.0
2024-10-23 08:00:00+00:00,34,1,183748,5888.0,5890.5,5882.5,5883.0,10911,ES.v.0
2024-10-23 09:00:00+00:00,34,1,183748,5882.75,5886.0,5880.75,5881.75,8526,ES.v.0
2024-10-23 10:00:00+00:00,34,1,183748,5881.75,5882.25,5875.5,5878.0,14215,ES.v.0
2024-10-23 11:00:00+00:00,34,1,183748,5877.75,5881.25,5876.25,5879.0,11786,ES.v.0
2024-10-23 12:00:00+00:00,34,1,183748,5879.0,5881.5,5870.75,5872.0,23414,ES.v.0
2024-10-23 13:00:00+00:00,34,1,183748,5872.25,5874.75,5867.25,5870.25,110903,ES.v.0
2024-10-23 14:00:00+00:00,34,1,183748,5870.0,5874.25,5858.0,5862.25,187347,ES.v.0
2024-10-23 15:00:00+00:00,34,1,183748,5862.5,5865.0,5845.0,5856.0,190635,ES.v.0
2024-10-23 16:00:00+00:00,34,1,183748,5856.0,5856.0,5833.5,5838.5,151298,ES.v.0
2024-10-23 17:00:00+00:00,34,1,183748,5838.75,5838.75,5815.5,5816.5,155901,ES.v.0
2024-10-23 18:00:00+00:00,34,1,183748,5816.75,5829.75,5801.0,5829.0,191079,ES.v.0
2024-10-23 19:00:00+00:00,34,1,183748,5829.0,5839.25,5824.25,5837.25,219787,ES.v.0
2024-10-23 20:00:00+00:00,34,1,183748,5837.25,5847.0,5834.5,5842.0,82614,ES.v.0
2024-10-23 22:00:00+00:00,34,1,183748,5844.0,5845.5,5840.5,5842.5,5326,ES.v.0
2024-10-23 23:00:00+00:00,34,1,183748,5842.25,5843.75,5838.5,5842.75,2718,ES.v.0
2024-10-24 00:00:00+00:00,34,1,183748,5842.75,5852.5,5839.5,5852.25,8360,ES.v.0
2024-10-24 01:00:00+00:00,34,1,183748,5852.0,5852.0,5848.75,5850.0,6171,ES.v.0
2024-10-24 02:00:00+00:00,34,1,183748,5849.75,5853.25,5846.25,5852.0,5626,ES.v.0
2024-10-24 03:00:00+00:00,34,1,183748,5852.0,5854.5,5849.5,5849.75,4329,ES.v.0
2024-10-24 04:00:00+00:00,34,1,183748,5849.5,5850.5,5847.25,5849.5,2773,ES.v.0
2024-10-24 05:00:00+00:00,34,1,183748,5849.5,5850.25,5846.75,5849.5,3375,ES.v.0
2024-10-24 06:00:00+00:00,34,1,183748,5849.25,5854.5,5849.25,5849.5,5804,ES.v.0
2024-10-24 07:00:00+00:00,34,1,183748,5849.75,5863.25,5849.0,5861.75,14542,ES.v.0
2024-10-24 08:00:00+00:00,34,1,183748,5861.75,5866.75,5858.0,5862.0,14137,ES.v.0
2024-10-24 09:00:00+00:00,34,1,183748,5862.0,5864.25,5860.25,5862.0,6543,ES.v.0
2024-10-24 10:00:00+00:00,34,1,183748,5862.25,5866.25,5860.5,5862.0,7824,ES.v.0
2024-10-24 11:00:00+00:00,34,1,183748,5862.0,5868.5,5861.0,5867.5,13403,ES.v.0
2024-10-24 12:00:00+00:00,34,1,183748,5867.75,5870.0,5861.25,5862.75,24281,ES.v.0
2024-10-24 13:00:00+00:00,34,1,183748,5862.75,5866.75,5842.75,5851.0,135516,ES.v.0
2024-10-24 14:00:00+00:00,34,1,183748,5850.75,5856.5,5842.25,5845.0,168480,ES.v.0
2024-10-24 15:00:00+00:00,34,1,183748,5845.0,5851.0,5827.25,5837.25,151261,ES.v.0
2024-10-24 16:00:00+00:00,34,1,183748,5837.25,5847.25,5822.5,5846.0,137031,ES.v.0
2024-10-24 17:00:00+00:00,34,1,183748,5846.0,5853.0,5841.25,5842.0,90959,ES.v.0
2024-10-24 18:00:00+00:00,34,1,183748,5842.25,5850.75,5837.75,5845.25,82899,ES.v.0
2024-10-24 19:00:00+00:00,34,1,183748,5845.0,5856.25,5839.75,5849.0,173979,ES.v.0
2024-10-24 20:00:00+00:00,34,1,183748,5849.25,5856.75,5847.75,5852.75,51308,ES.v.0
2024-10-24 22:00:00+00:00,34,1,183748,5853.25,5854.5,5849.0,5850.5,4355,ES.v.0
2024-10-24 23:00:00+00:00,34,1,183748,5850.5,5850.75,5847.0,5850.5,3824,ES.v.0
2024-10-25 00:00:00+00:00,34,1,183748,5850.75,5854.0,5848.0,5853.0,5712,ES.v.0
2024-10-25 01:00:00+00:00,34,1,183748,5852.75,5855.5,5851.25,5851.5,4516,ES.v.0
2024-10-25 02:00:00+00:00,34,1,183748,5851.5,5854.25,5850.75,5852.25,3040,ES.v.0
2024-10-25 03:00:00+00:00,34,1,183748,5852.5,5853.0,5846.5,5847.0,3994,ES.v.0
2024-10-25 04:00:00+00:00,34,1,183748,5847.25,5847.5,5844.75,5846.0,2951,ES.v.0
2024-10-25 05:00:00+00:00,34,1,183748,5846.0,5850.5,5844.25,5849.5,4516,ES.v.0
2024-10-25 06:00:00+00:00,34,1,183748,5849.5,5853.5,5849.25,5849.5,4904,ES.v.0
2024-10-25 07:00:00+00:00,34,1,183748,5849.5,5861.0,5848.5,5860.75,11210,ES.v.0
2024-10-25 08:00:00+00:00,34,1,183748,5860.5,5861.0,5853.0,5858.25,11501,ES.v.0
2024-10-25 09:00:00+00:00,34,1,183748,5858.0,5864.25,5858.0,5862.75,10884,ES.v.0
2024-10-25 10:00:00+00:00,34,1,183748,5862.75,5865.25,5861.0,5862.0,7613,ES.v.0
2024-10-25 11:00:00+00:00,34,1,183748,5861.75,5867.25,5858.0,5864.75,11503,ES.v.0
2024-10-25 12:00:00+00:00,34,1,183748,5864.5,5872.0,5864.25,5871.25,19353,ES.v.0
2024-10-25 13:00:00+00:00,34,1,183748,5871.5,5890.75,5869.5,5888.25,140523,ES.v.0
2024-10-25 14:00:00+00:00,34,1,183748,5888.75,5900.75,5885.75,5890.25,195505,ES.v.0
2024-10-25 15:00:00+00:00,34,1,183748,5890.25,5894.25,5872.0,5876.5,148742,ES.v.0
2024-10-25 16:00:00+00:00,34,1,183748,5876.5,5883.25,5872.5,5875.25,84915,ES.v.0
2024-10-25 17:00:00+00:00,34,1,183748,5875.25,5875.25,5839.75,5846.25,215725,ES.v.0
2024-10-25 18:00:00+00:00,34,1,183748,5846.5,5859.75,5835.0,5856.75,157796,ES.v.0
2024-10-25 19:00:00+00:00,34,1,183748,5857.0,5857.25,5840.0,5845.5,179101,ES.v.0
2024-10-25 20:00:00+00:00,34,1,183748,5845.25,5847.25,5839.75,5841.5,63203,ES.v.0
2024-10-27 22:00:00+00:00,34,1,183748,5857.0,5875.0,5857.0,5872.25,16541,ES.v.0
2024-10-27 23:00:00+00:00,34,1,183748,5872.25,5874.25,5868.5,5870.5,5816,ES.v.0
2024-10-28 00:00:00+00:00,34,1,183748,5870.75,5881.25,5869.75,5874.75,12666,ES.v.0
2024-10-28 01:00:00+00:00,34,1,183748,5874.5,5880.5,5873.75,5875.75,10404,ES.v.0
2024-10-28 02:00:00+00:00,34,1,183748,5875.5,5878.0,5873.5,5876.5,6050,ES.v.0
2024-10-28 03:00:00+00:00,34,1,183748,5876.25,5877.75,5870.0,5872.5,7258,ES.v.0
2024-10-28 04:00:00+00:00,34,1,183748,5872.25,5879.5,5871.75,5879.0,4632,ES.v.0
2024-10-28 05:00:00+00:00,34,1,183748,5879.25,5879.5,5869.25,5869.5,6034,ES.v.0
2024-10-28 06:00:00+00:00,34,1,183748,5869.75,5874.75,5868.5,5872.0,5425,ES.v.0
2024-10-28 07:00:00+00:00,34,1,183748,5872.0,5880.25,5871.25,5875.25,11455,ES.v.0
2024-10-28 08:00:00+00:00,34,1,183748,5875.25,5883.5,5870.5,5881.25,20890,ES.v.0
2024-10-28 09:00:00+00:00,34,1,183748,5881.5,5882.75,5876.75,5882.75,10305,ES.v.0
2024-10-28 10:00:00+00:00,34,1,183748,5882.5,5884.5,5876.0,5876.25,10809,ES.v.0
2024-10-28 11:00:00+00:00,34,1,183748,5876.25,5877.75,5870.5,5870.5,18593,ES.v.0
2024-10-28 12:00:00+00:00,34,1,183748,5870.5,5880.25,5864.25,5879.5,32473,ES.v.0
2024-10-28 13:00:00+00:00,34,1,183748,5879.25,5881.75,5867.75,5869.5,133854,ES.v.0
2024-10-28 14:00:00+00:00,34,1,183748,5869.5,5879.75,5866.5,5874.0,124719,ES.v.0
2024-10-28 15:00:00+00:00,34,1,183748,5874.0,5875.25,5861.5,5863.5,110677,ES.v.0
2024-10-28 16:00:00+00:00,34,1,183748,5863.25,5871.5,5860.0,5864.5,84828,ES.v.0
2024-10-28 17:00:00+00:00,34,1,183748,5864.75,5872.25,5860.0,5871.25,68688,ES.v.0
2024-10-28 18:00:00+00:00,34,1,183748,5871.5,5872.75,5862.75,5865.75,78736,ES.v.0
2024-10-28 19:00:00+00:00,34,1,183748,5865.5,5871.5,5859.5,5862.75,146224,ES.v.0
2024-10-28 20:00:00+00:00,34,1,183748,5862.75,5866.5,5860.75,5864.25,58153,ES.v.0
2024-10-28 22:00:00+00:00,34,1,183748,5867.0,5867.0,5858.5,5860.5,5301,ES.v.0
2024-10-28 23:00:00+00:00,34,1,183748,5860.75,5862.75,5859.25,5861.25,3051,ES.v.0
2024-10-29 00:00:00+00:00,34,1,183748,5861.5,5863.25,5855.25,5861.0,6952,ES.v.0
2024-10-29 01:00:00+00:00,34,1,183748,5861.0,5862.0,5856.75,5860.0,8069,ES.v.0
2024-10-29 02:00:00+00:00,34,1,183748,5860.0,5861.5,5857.75,5859.25,5083,ES.v.0
2024-10-29 03:00:00+00:00,34,1,183748,5859.25,5863.0,5850.25,5851.75,8090,ES.v.0
2024-10-29 04:00:00+00:00,34,1,183748,5851.75,5857.5,5850.5,5857.25,5670,ES.v.0
2024-10-29 05:00:00+00:00,34,1,183748,5857.5,5860.75,5855.25,5859.5,5640,ES.v.0
2024-10-29 06:00:00+00:00,34,1,183748,5859.75,5867.25,5859.75,5866.25,5590,ES.v.0
2024-10-29 07:00:00+00:00,34,1,183748,5866.0,5869.5,5863.75,5863.75,8563,ES.v.0
2024-10-29 08:00:00+00:00,34,1,183748,5864.0,5869.5,5854.75,5864.25,20467,ES.v.0
2024-10-29 09:00:00+00:00,34,1,183748,5864.25,5865.25,5858.75,5863.0,12751,ES.v.0
2024-10-29 10:00:00+00:00,34,1,183748,5863.0,5863.5,5855.5,5859.25,10578,ES.v.0
2024-10-29 11:00:00+00:00,34,1,183748,5859.25,5860.25,5853.25,5853.75,21873,ES.v.0
2024-10-29 12:00:00+00:00,34,1,183748,5853.5,5855.0,5848.0,5850.25,34005,ES.v.0
2024-10-29 13:00:00+00:00,34,1,183748,5850.0,5854.25,5837.5,5852.5,157331,ES.v.0
2024-10-29 14:00:00+00:00,34,1,183748,5852.75,5872.25,5848.25,5868.0,193144,ES.v.0
2024-10-29 15:00:00+00:00,34,1,183748,5868.0,5870.0,5859.0,5867.5,107944,ES.v.0
2024-10-29 16:00:00+00:00,34,1,183748,5867.5,5874.75,5862.0,5873.75,103215,ES.v.0
2024-10-29 17:00:00+00:00,34,1,183748,5873.75,5881.75,5868.75,5873.5,91849,ES.v.0
2024-10-29 18:00:00+00:00,34,1,183748,5873.5,5883.0,5870.75,5878.5,79368,ES.v.0
2024-10-29 19:00:00+00:00,34,1,183748,5878.25,5883.25,5867.5,5871.75,159736,ES.v.0
2024-10-29 20:00:00+00:00,34,1,183748,5871.75,5883.75,5871.0,5878.0,80781,ES.v.0
2024-10-29 22:00:00+00:00,34,1,183748,5883.0,5887.5,5880.25,5886.25,7412,ES.v.0
2024-10-29 23:00:00+00:00,34,1,183748,5886.25,5886.75,5881.5,5884.25,4439,ES.v.0
2024-10-30 00:00:00+00:00,34,1,183748,5884.5,5891.5,5883.5,5890.5,8338,ES.v.0
2024-10-30 01:00:00+00:00,34,1,183748,5890.25,5893.0,5887.5,5891.75,5924,ES.v.0
2024-10-30 02:00:00+00:00,34,1,183748,5891.75,5891.75,5884.5,5885.0,6489,ES.v.0
2024-10-30 03:00:00+00:00,34,1,183748,5885.0,5885.75,5880.0,5881.5,8558,ES.v.0
2024-10-30 04:00:00+00:00,34,1,183748,5881.25,5881.25,5877.0,5877.25,5897,ES.v.0
2024-10-30 05:00:00+00:00,34,1,183748,5877.0,5879.25,5874.5,5876.0,5985,ES.v.0
2024-10-30 06:00:00+00:00,34,1,183748,5875.75,5884.25,5875.0,5884.0,7620,ES.v.0
2024-10-30 07:00:00+00:00,34,1,183748,5884.0,5885.25,5881.0,5881.0,8859,ES.v.0
2024-10-30 08:00:00+00:00,34,1,183748,5881.0,5886.0,5878.25,5880.25,15946,ES.v.0
2024-10-30 09:00:00+00:00,34,1,183748,5880.0,5884.75,5877.75,5882.25,13707,ES.v.0
2024-10-30 10:00:00+00:00,34,1,183748,5882.0,5885.0,5872.75,5874.0,23193,ES.v.0
2024-10-30 11:00:00+00:00,34,1,183748,5874.25,5879.75,5870.25,5871.75,20603,ES.v.0
2024-10-30 12:00:00+00:00,34,1,183748,5871.75,5877.5,5866.5,5868.5,38456,ES.v.0
2024-10-30 13:00:00+00:00,34,1,183748,5868.5,5872.0,5845.5,5871.0,195297,ES.v.0
2024-10-30 14:00:00+00:00,34,1,183748,5871.0,5883.0,5870.25,5877.0,168327,ES.v.0
2024-10-30 15:00:00+00:00,34,1,183748,5877.0,5886.75,5869.0,5884.5,122320,ES.v.0
2024-10-30 16:00:00+00:00,34,1,183748,5884.5,5885.5,5872.75,5873.25,89017,ES.v.0
2024-10-30 17:00:00+00:00,34,1,183748,5873.0,5876.25,5855.25,5858.75,124821,ES.v.0
2024-10-30 18:00:00+00:00,34,1,183748,5858.75,5870.75,5858.75,5864.5,92761,ES.v.0
2024-10-30 19:00:00+00:00,34,1,183748,5864.75,5864.75,5846.25,5853.0,211994,ES.v.0
2024-10-30 20:00:00+00:00,34,1,183748,5853.0,5859.75,5840.25,5845.25,96175,ES.v.0
2024-10-30 22:00:00+00:00,34,1,183748,5840.0,5844.0,5832.5,5835.0,27263,ES.v.0
2024-10-30 23:00:00+00:00,34,1,183748,5835.0,5836.75,5831.5,5831.75,6339,ES.v.0
2024-10-31 00:00:00+00:00,34,1,183748,5831.75,5834.25,5827.0,5832.0,9383,ES.v.0
2024-10-31 01:00:00+00:00,34,1,183748,5832.0,5838.25,5832.0,5832.75,7677,ES.v.0
2024-10-31 02:00:00+00:00,34,1,183748,5833.0,5833.75,5828.5,5830.5,7672,ES.v.0
2024-10-31 03:00:00+00:00,34,1,183748,5830.5,5831.75,5827.25,5828.0,6452,ES.v.0
2024-10-31 04:00:00+00:00,34,1,183748,5828.25,5828.5,5825.0,5826.0,5553,ES.v.0
2024-10-31 05:00:00+00:00,34,1,183748,5826.0,5826.5,5823.0,5823.0,7740,ES.v.0
2024-10-31 06:00:00+00:00,34,1,183748,5823.0,5824.0,5814.25,5814.5,10829,ES.v.0
2024-10-31 07:00:00+00:00,34,1,183748,5814.5,5814.5,5806.25,5807.5,20903,ES.v.0
2024-10-31 08:00:00+00:00,34,1,183748,5807.5,5808.75,5801.0,5805.25,33385,ES.v.0
2024-10-31 09:00:00+00:00,34,1,183748,5805.25,5807.25,5801.5,5806.5,17696,ES.v.0
2024-10-31 10:00:00+00:00,34,1,183748,5806.75,5809.75,5802.75,5809.0,14567,ES.v.0
2024-10-31 11:00:00+00:00,34,1,183748,5809.25,5817.0,5807.75,5816.5,23378,ES.v.0
2024-10-31 12:00:00+00:00,34,1,183748,5816.5,5820.0,5812.0,5813.25,44112,ES.v.0
2024-10-31 13:00:00+00:00,34,1,183748,5813.25,5815.5,5781.75,5788.25,240627,ES.v.0
2024-10-31 14:00:00+00:00,34,1,183748,5788.0,5788.75,5760.0,5761.25,274530,ES.v.0
2024-10-31 15:00:00+00:00,34,1,183748,5761.25,5767.25,5750.5,5759.25,197003,ES.v.0
2024-10-31 16:00:00+00:00,34,1,183748,5759.0,5769.0,5755.25,5763.25,126013,ES.v.0
2024-10-31 17:00:00+00:00,34,1,183748,5763.25,5770.0,5751.0,5754.0,103412,ES.v.0
2024-10-31 18:00:00+00:00,34,1,183748,5753.75,5758.75,5747.0,5756.5,142858,ES.v.0
2024-10-31 19:00:00+00:00,34,1,183748,5756.75,5770.5,5734.5,5735.5,388898,ES.v.0
2024-10-31 20:00:00+00:00,34,1,183748,5735.5,5755.5,5733.25,5738.5,150157,ES.v.0
2024-10-31 22:00:00+00:00,34,1,183748,5742.0,5751.5,5739.0,5746.0,10270,ES.v.0
2024-10-31 23:00:00+00:00,34,1,183748,5746.0,5747.5,5740.0,5742.5,7544,ES.v.0
2024-11-01 00:00:00+00:00,34,1,183748,5742.75,5745.75,5737.0,5743.75,8610,ES.v.0
2024-11-01 01:00:00+00:00,34,1,183748,5743.5,5745.75,5739.5,5741.0,6710,ES.v.0
2024-11-01 02:00:00+00:00,34,1,183748,5741.0,5744.0,5732.5,5743.75,8504,ES.v.0
2024-11-01 03:00:00+00:00,34,1,183748,5743.75,5749.75,5743.0,5748.0,6387,ES.v.0
2024-11-01 04:00:00+00:00,34,1,183748,5748.25,5751.0,5746.0,5748.0,4559,ES.v.0
2024-11-01 05:00:00+00:00,34,1,183748,5748.0,5754.5,5747.5,5753.25,10989,ES.v.0
2024-11-01 06:00:00+00:00,34,1,183748,5753.5,5753.5,5744.25,5746.25,7460,ES.v.0
2024-11-01 07:00:00+00:00,34,1,183748,5746.5,5751.25,5740.5,5750.0,13421,ES.v.0
2024-11-01 08:00:00+00:00,34,1,183748,5750.0,5757.0,5748.5,5753.75,24359,ES.v.0
2024-11-01 09:00:00+00:00,34,1,183748,5753.75,5758.0,5752.75,5755.75,13810,ES.v.0
2024-11-01 10:00:00+00:00,34,1,183748,5755.75,5762.0,5755.0,5760.75,14967,ES.v.0
2024-11-01 11:00:00+00:00,34,1,183748,5760.75,5764.25,5756.5,5761.25,19483,ES.v.0
2024-11-01 12:00:00+00:00,34,1,183748,5761.5,5769.5,5753.75,5766.5,69021,ES.v.0
2024-11-01 13:00:00+00:00,34,1,183748,5766.5,5781.25,5755.5,5779.5,172235,ES.v.0
2024-11-01 14:00:00+00:00,34,1,183748,5779.5,5803.75,5773.75,5792.0,277682,ES.v.0
2024-11-01 15:00:00+00:00,34,1,183748,5792.0,5801.0,5781.0,5784.0,162483,ES.v.0
2024-11-01 16:00:00+00:00,34,1,183748,5784.0,5790.5,5773.75,5777.0,121334,ES.v.0
2024-11-01 17:00:00+00:00,34,1,183748,5777.0,5786.0,5762.75,5763.25,159419,ES.v.0
2024-11-01 18:00:00+00:00,34,1,183748,5763.0,5771.75,5757.75,5768.5,119628,ES.v.0
2024-11-01 19:00:00+00:00,34,1,183748,5768.5,5776.5,5752.5,5756.75,226728,ES.v.0
2024-11-01 20:00:00+00:00,34,1,183748,5756.75,5765.25,5756.0,5759.25,50886,ES.v.0
2024-11-03 23:00:00+00:00,34,1,183748,5741.75,5755.75,5740.0,5749.75,21652,ES.v.0
2024-11-04 00:00:00+00:00,34,1,183748,5750.0,5750.5,5743.75,5749.25,8576,ES.v.0
2024-11-04 01:00:00+00:00,34,1,183748,5749.5,5761.5,5748.0,5759.25,8796,ES.v.0
2024-11-04 02:00:00+00:00,34,1,183748,5759.5,5771.5,5758.75,5766.0,11527,ES.v.0
2024-11-04 03:00:00+00:00,34,1,183748,5765.75,5771.25,5765.25,5769.25,5063,ES.v.0
2024-11-04 04:00:00+00:00,34,1,183748,5769.0,5774.75,5768.5,5773.0,5140,ES.v.0
2024-11-04 05:00:00+00:00,34,1,183748,5772.75,5772.75,5768.75,5772.0,4622,ES.v.0
2024-11-04 06:00:00+00:00,34,1,183748,5772.0,5776.5,5771.5,5774.25,5612,ES.v.0
2024-11-04 07:00:00+00:00,34,1,183748,5774.0,5775.5,5761.25,5761.5,9833,ES.v.0
2024-11-04 08:00:00+00:00,34,1,183748,5761.75,5770.25,5758.0,5763.75,18779,ES.v.0
2024-11-04 09:00:00+00:00,34,1,183748,5764.0,5766.5,5758.75,5765.25,15854,ES.v.0
2024-11-04 10:00:00+00:00,34,1,183748,5765.25,5774.5,5764.5,5773.0,10270,ES.v.0
2024-11-04 11:00:00+00:00,34,1,183748,5773.0,5773.75,5766.25,5769.25,8960,ES.v.0
2024-11-04 12:00:00+00:00,34,1,183748,5769.25,5772.0,5755.5,5766.25,19755,ES.v.0
2024-11-04 13:00:00+00:00,34,1,183748,5766.25,5769.0,5760.75,5762.25,25055,ES.v.0
2024-11-04 14:00:00+00:00,34,1,183748,5762.25,5762.5,5738.5,5760.75,169847,ES.v.0
2024-11-04 15:00:00+00:00,34,1,183748,5760.75,5771.5,5758.0,5762.5,166069,ES.v.0
2024-11-04 16:00:00+00:00,34,1,183748,5762.5,5768.25,5728.25,5734.0,174971,ES.v.0
2024-11-04 17:00:00+00:00,34,1,183748,5734.25,5754.75,5724.25,5750.75,154017,ES.v.0
2024-11-04 18:00:00+00:00,34,1,183748,5750.75,5758.75,5737.75,5753.0,119034,ES.v.0
2024-11-04 19:00:00+00:00,34,1,183748,5753.0,5758.25,5747.0,5751.0,76056,ES.v.0
2024-11-04 20:00:00+00:00,34,1,183748,5751.25,5753.0,5737.5,5744.25,191733,ES.v.0
2024-11-04 21:00:00+00:00,34,1,183748,5744.0,5749.75,5741.0,5749.0,41943,ES.v.0
2024-11-04 23:00:00+00:00,34,1,183748,5752.25,5753.25,5742.5,5743.0,7875,ES.v.0
2024-11-05 00:00:00+00:00,34,1,183748,5742.75,5743.25,5739.75,5740.75,5853,ES.v.0
2024-11-05 01:00:00+00:00,34,1,183748,5740.75,5749.0,5735.0,5747.0,11028,ES.v.0
2024-11-05 02:00:00+00:00,34,1,183748,5747.0,5750.25,5742.0,5747.75,6992,ES.v.0
2024-11-05 03:00:00+00:00,34,1,183748,5747.75,5749.5,5745.5,5745.75,3475,ES.v.0
2024-11-05 04:00:00+00:00,34,1,183748,5745.75,5747.25,5742.5,5743.0,3115,ES.v.0
2024-11-05 05:00:00+00:00,34,1,183748,5743.0,5747.75,5743.0,5746.75,3419,ES.v.0
2024-11-05 06:00:00+00:00,34,1,183748,5746.75,5751.0,5745.5,5750.25,3434,ES.v.0
2024-11-05 07:00:00+00:00,34,1,183748,5750.25,5755.0,5747.75,5751.5,6054,ES.v.0
2024-11-05 08:00:00+00:00,34,1,183748,5751.5,5754.0,5743.75,5754.0,13327,ES.v.0
2024-11-05 09:00:00+00:00,34,1,183748,5753.75,5756.75,5751.75,5753.25,12843,ES.v.0
2024-11-05 10:00:00+00:00,34,1,183748,5753.25,5754.25,5746.5,5753.0,9349,ES.v.0
2024-11-05 11:00:00+00:00,34,1,183748,5753.0,5758.5,5753.0,5754.0,7248,ES.v.0
2024-11-05 12:00:00+00:00,34,1,183748,5754.0,5757.5,5748.25,5752.0,12630,ES.v.0
2024-11-05 13:00:00+00:00,34,1,183748,5752.25,5757.0,5749.75,5750.5,16741,ES.v.0
2024-11-05 14:00:00+00:00,34,1,183748,5750.5,5787.0,5747.5,5786.0,155835,ES.v.0
2024-11-05 15:00:00+00:00,34,1,183748,5786.25,5798.75,5781.0,5786.25,182421,ES.v.0
2024-11-05 16:00:00+00:00,34,1,183748,5786.25,5802.75,5781.25,5801.0,130730,ES.v.0
2024-11-05 17:00:00+00:00,34,1,183748,5801.0,5811.0,5797.75,5807.0,91270,ES.v.0
2024-11-05 18:00:00+00:00,34,1,183748,5807.25,5810.75,5792.5,5799.0,113699,ES.v.0
2024-11-05 19:00:00+00:00,34,1,183748,5798.75,5805.5,5793.0,5796.25,91215,ES.v.0
2024-11-05 20:00:00+00:00,34,1,183748,5796.25,5813.5,5793.75,5813.0,183425,ES.v.0
2024-11-05 21:00:00+00:00,34,1,183748,5813.0,5823.25,5811.75,5822.25,68276,ES.v.0
2024-11-05 23:00:00+00:00,34,1,183748,5820.25,5824.5,5814.75,5816.0,10862,ES.v.0
2024-11-06 00:00:00+00:00,34,1,183748,5815.75,5846.75,5815.25,5838.25,35954,ES.v.0
2024-11-06 01:00:00+00:00,34,1,183748,5838.0,5854.5,5835.5,5844.75,30436,ES.v.0
2024-11-06 02:00:00+00:00,34,1,183748,5844.5,5883.25,5841.25,5882.25,51360,ES.v.0
2024-11-06 03:00:00+00:00,34,1,183748,5882.5,5894.75,5872.75,5882.25,58798,ES.v.0
2024-11-06 04:00:00+00:00,34,1,183748,5882.25,5892.25,5874.0,5887.25,23851,ES.v.0
2024-11-06 05:00:00+00:00,34,1,183748,5887.0,5887.5,5866.25,5884.0,30190,ES.v.0
2024-11-06 06:00:00+00:00,34,1,183748,5883.75,5909.25,5878.25,5901.5,35198,ES.v.0
2024-11-06 07:00:00+00:00,34,1,183748,5901.5,5929.75,5901.5,5919.25,57137,ES.v.0
2024-11-06 08:00:00+00:00,34,1,183748,5919.0,5954.0,5914.75,5945.25,59403,ES.v.0
2024-11-06 09:00:00+00:00,34,1,183748,5945.25,5948.5,5932.5,5948.5,34569,ES.v.0
2024-11-06 10:00:00+00:00,34,1,183748,5948.5,5949.75,5939.75,5943.0,23954,ES.v.0
2024-11-06 11:00:00+00:00,34,1,183748,5942.75,5947.25,5919.5,5925.0,36820,ES.v.0
2024-11-06 12:00:00+00:00,34,1,183748,5925.25,5951.75,5921.75,5944.0,42732,ES.v.0
2024-11-06 13:00:00+00:00,34,1,183748,5944.0,5949.5,5931.75,5933.5,47029,ES.v.0
2024-11-06 14:00:00+00:00,34,1,183748,5933.25,5941.25,5900.75,5908.5,281823,ES.v.0
2024-11-06 15:00:00+00:00,34,1,183748,5908.25,5938.75,5908.25,5917.25,285602,ES.v.0
2024-11-06 16:00:00+00:00,34,1,183748,5917.5,5936.75,5910.5,5936.25,153159,ES.v.0
2024-11-06 17:00:00+00:00,34,1,183748,5936.0,5943.0,5931.25,5940.75,90435,ES.v.0
2024-11-06 18:00:00+00:00,34,1,183748,5940.5,5955.0,5939.5,5950.5,103932,ES.v.0
2024-11-06 19:00:00+00:00,34,1,183748,5950.5,5956.75,5945.5,5953.0,93560,ES.v.0
2024-11-06 20:00:00+00:00,34,1,183748,5953.0,5967.0,5952.0,5957.5,248974,ES.v.0
2024-11-06 21:00:00+00:00,34,1,183748,5957.5,5966.5,5955.75,5966.25,65034,ES.v.0
2024-11-06 23:00:00+00:00,34,1,183748,5963.5,5964.25,5955.75,5956.75,8470,ES.v.0
2024-11-07 00:00:00+00:00,34,1,183748,5957.0,5961.75,5951.0,5952.5,8726,ES.v.0
2024-11-07 01:00:00+00:00,34,1,183748,5952.75,5963.25,5951.75,5960.5,8894,ES.v.0
2024-11-07 02:00:00+00:00,34,1,183748,5960.5,5962.25,5957.25,5958.75,6458,ES.v.0
2024-11-07 03:00:00+00:00,34,1,183748,5958.75,5967.5,5958.25,5964.0,7736,ES.v.0
2024-11-07 04:00:00+00:00,34,1,183748,5964.25,5968.75,5962.25,5966.75,5077,ES.v.0
2024-11-07 05:00:00+00:00,34,1,183748,5966.5,5970.5,5965.0,5969.75,6036,ES.v.0
2024-11-07 06:00:00+00:00,34,1,183748,5969.75,5971.75,5966.5,5967.25,5085,ES.v.0
2024-11-07 07:00:00+00:00,34,1,183748,5967.25,5968.25,5959.25,5961.5,9047,ES.v.0
2024-11-07 08:00:00+00:00,34,1,183748,5961.5,5973.0,5961.0,5967.75,20847,ES.v.0
2024-11-07 09:00:00+00:00,34,1,183748,5967.75,5973.0,5964.5,5967.5,15021,ES.v.0
2024-11-07 10:00:00+00:00,34,1,183748,5967.75,5971.5,5967.25,5971.0,12209,ES.v.0
2024-11-07 11:00:00+00:00,34,1,183748,5971.25,5971.25,5964.75,5971.0,11470,ES.v.0
2024-11-07 12:00:00+00:00,34,1,183748,5970.5,5975.25,5968.5,5973.25,18875,ES.v.0
2024-11-07 13:00:00+00:00,34,1,183748,5973.25,5977.0,5967.0,5973.25,34538,ES.v.0
2024-11-07 14:00:00+00:00,34,1,183748,5973.25,5986.75,5971.0,5985.75,146417,ES.v.0
2024-11-07 15:00:00+00:00,34,1,183748,5986.0,5996.25,5984.0,5994.5,154955,ES.v.0
2024-11-07 16:00:00+00:00,34,1,183748,5994.5,5999.25,5987.25,5997.75,106249,ES.v.0
2024-11-07 17:00:00+00:00,34,1,183748,5998.0,6002.0,5994.0,6000.5,74374,ES.v.0
2024-11-07 18:00:00+00:00,34,1,183748,6000.5,6001.0,5988.0,5994.0,84360,ES.v.0
2024-11-07 19:00:00+00:00,34,1,183748,5994.0,6006.75,5985.5,6006.75,155322,ES.v.0
2024-11-07 20:00:00+00:00,34,1,183748,6006.75,6013.0,5998.5,6002.5,239336,ES.v.0
2024-11-07 21:00:00+00:00,34,1,183748,6002.25,6009.5,6001.25,6006.5,70366,ES.v.0
2024-11-07 23:00:00+00:00,34,1,183748,6007.75,6009.0,6002.0,6007.25,5622,ES.v.0
2024-11-08 00:00:00+00:00,34,1,183748,6007.25,6009.0,6003.25,6003.75,4772,ES.v.0
2024-11-08 01:00:00+00:00,34,1,183748,6004.0,6005.75,6002.0,6005.5,5723,ES.v.0
2024-11-08 02:00:00+00:00,34,1,183748,6005.25,6007.0,6001.25,6001.5,5302,ES.v.0
2024-11-08 03:00:00+00:00,34,1,183748,6001.5,6004.25,6001.5,6003.0,3559,ES.v.0
2024-11-08 04:00:00+00:00,34,1,183748,6002.75,6005.25,6002.0,6003.0,3210,ES.v.0
2024-11-08 05:00:00+00:00,34,1,183748,6003.0,6009.75,6002.75,6007.5,4371,ES.v.0
2024-11-08 06:00:00+00:00,34,1,183748,6007.5,6008.75,6002.75,6005.0,4207,ES.v.0
2024-11-08 07:00:00+00:00,34,1,183748,6005.25,6010.0,6003.75,6008.5,5434,ES.v.0
2024-11-08 08:00:00+00:00,34,1,183748,6008.5,6010.0,6002.25,6006.0,17986,ES.v.0
2024-11-08 09:00:00+00:00,34,1,183748,6006.0,6009.75,6005.0,6006.25,12016,ES.v.0
2024-11-08 10:00:00+00:00,34,1,183748,6006.5,6006.5,5990.5,5994.0,24350,ES.v.0
2024-11-08 11:00:00+00:00,34,1,183748,5994.25,5997.75,5990.25,5996.5,15720,ES.v.0
2024-11-08 12:00:00+00:00,34,1,183748,5996.75,6002.75,5995.75,6002.25,18090,ES.v.0
2024-11-08 13:00:00+00:00,34,1,183748,6002.0,6004.25,5997.75,5998.25,24048,ES.v.0
2024-11-08 14:00:00+00:00,34,1,183748,5998.25,6015.5,5997.5,6015.0,128524,ES.v.0
2024-11-08 15:00:00+00:00,34,1,183748,6014.5,6023.0,6008.5,6021.25,156661,ES.v.0
2024-11-08 16:00:00+00:00,34,1,183748,6021.0,6025.5,6016.75,6022.75,90949,ES.v.0
2024-11-08 17:00:00+00:00,34,1,183748,6023.0,6027.0,6017.75,6024.75,89069,ES.v.0
2024-11-08 18:00:00+00:00,34,1,183748,6024.75,6036.0,6023.25,6034.0,76999,ES.v.0
2024-11-08 19:00:00+00:00,34,1,183748,6034.0,6040.5,6030.75,6033.0,82750,ES.v.0
2024-11-08 20:00:00+00:00,34,1,183748,6033.0,6033.75,6020.0,6027.0,228713,ES.v.0
2024-11-08 21:00:00+00:00,34,1,183748,6027.25,6029.0,6023.25,6023.5,50648,ES.v.0
2024-11-10 23:00:00+00:00,34,1,183748,6030.0,6038.5,6029.5,6037.5,12982,ES.v.0
2024-11-11 00:00:00+00:00,34,1,183748,6037.5,6038.25,6032.25,6032.75,7163,ES.v.0
2024-11-11 01:00:00+00:00,34,1,183748,6032.75,6036.0,6031.25,6035.25,6335,ES.v.0
2024-11-11 02:00:00+00:00,34,1,183748,6035.25,6035.75,6032.25,6033.25,4406,ES.v.0
2024-11-11 03:00:00+00:00,34,1,183748,6033.0,6034.75,6032.5,6034.25,2418,ES.v.0
2024-11-11 04:00:00+00:00,34,1,183748,6034.25,6036.5,6034.25,6036.5,3789,ES.v.0
2024-11-11 05:00:00+00:00,34,1,183748,6036.5,6038.5,6036.0,6036.25,4173,ES.v.0
2024-11-11 06:00:00+00:00,34,1,183748,6036.5,6038.25,6035.75,6037.5,4123,ES.v.0
2024-11-11 07:00:00+00:00,34,1,183748,6037.25,6040.0,6035.5,6039.5,6720,ES.v.0
2024-11-11 08:00:00+00:00,34,1,183748,6039.5,6044.75,6038.75,6040.75,16835,ES.v.0
2024-11-11 09:00:00+00:00,34,1,183748,6040.75,6044.0,6038.75,6041.25,10972,ES.v.0
2024-11-11 10:00:00+00:00,34,1,183748,6041.25,6043.25,6039.5,6039.5,8562,ES.v.0
2024-11-11 11:00:00+00:00,34,1,183748,6039.75,6043.25,6039.5,6043.0,10231,ES.v.0
2024-11-11 12:00:00+00:00,34,1,183748,6043.0,6053.25,6042.75,6051.0,20844,ES.v.0
2024-11-11 13:00:00+00:00,34,1,183748,6051.0,6052.5,6041.0,6042.5,26482,ES.v.0
2024-11-11 14:00:00+00:00,34,1,183748,6042.5,6045.25,6032.5,6035.5,140543,ES.v.0
2024-11-11 15:00:00+00:00,34,1,183748,6035.5,6043.5,6029.0,6040.5,153097,ES.v.0
2024-11-11 16:00:00+00:00,34,1,183748,6040.5,6043.5,6033.25,6038.5,85900,ES.v.0
2024-11-11 17:00:00+00:00,34,1,183748,6038.25,6039.5,6026.0,6026.0,86287,ES.v.0
2024-11-11 18:00:00+00:00,34,1,183748,6026.0,6030.25,6013.5,6026.25,130707,ES.v.0
2024-11-11 19:00:00+00:00,34,1,183748,6026.25,6028.5,6024.0,6027.25,55266,ES.v.0
2024-11-11 20:00:00+00:00,34,1,183748,6027.25,6033.5,6023.5,6032.25,151330,ES.v.0
2024-11-11 21:00:00+00:00,34,1,183748,6032.0,6033.0,6026.0,6028.5,63598,ES.v.0
2024-11-11 23:00:00+00:00,34,1,183748,6029.25,6029.5,6025.0,6027.75,4891,ES.v.0
2024-11-12 00:00:00+00:00,34,1,183748,6028.0,6029.0,6022.75,6026.0,7044,ES.v.0
2024-11-12 01:00:00+00:00,34,1,183748,6025.75,6032.5,6025.25,6028.25,7888,ES.v.0
2024-11-12 02:00:00+00:00,34,1,183748,6028.25,6030.75,6022.0,6024.25,10813,ES.v.0
2024-11-12 03:00:00+00:00,34,1,183748,6024.25,6027.5,6023.75,6024.25,4601,ES.v.0
2024-11-12 04:00:00+00:00,34,1,183748,6024.25,6027.25,6023.5,6027.0,3794,ES.v.0
2024-11-12 05:00:00+00:00,34,1,183748,6027.0,6027.0,6022.25,6023.25,5256,ES.v.0
2024-11-12 06:00:00+00:00,34,1,183748,6023.25,6025.0,6022.0,6024.25,4513,ES.v.0
2024-11-12 07:00:00+00:00,34,1,183748,6024.25,6027.25,6021.0,6026.5,10489,ES.v.0
2024-11-12 08:00:00+00:00,34,1,183748,6026.5,6031.75,6023.25,6029.5,15407,ES.v.0
2024-11-12 09:00:00+00:00,34,1,183748,6029.25,6029.75,6020.0,6020.5,17162,ES.v.0
2024-11-12 10:00:00+00:00,34,1,183748,6020.5,6020.75,6012.25,6018.0,26788,ES.v.0
2024-11-12 11:00:00+00:00,34,1,183748,6018.0,6024.0,6018.0,6021.25,16343,ES.v.0
2024-11-12 12:00:00+00:00,34,1,183748,6021.25,6027.5,6021.0,6024.0,16732,ES.v.0
2024-11-12 13:00:00+00:00,34,1,183748,6024.0,6031.25,6021.0,6030.75,31135,ES.v.0
2024-11-12 14:00:00+00:00,34,1,183748,6030.75,6036.5,6025.5,6032.75,115382,ES.v.0
2024-11-12 15:00:00+00:00,34,1,183748,6032.75,6033.5,6015.5,6015.75,169285,ES.v.0
2024-11-12 16:00:00+00:00,34,1,183748,6015.5,6019.5,6006.5,6008.0,158124,ES.v.0
2024-11-12 17:00:00+00:00,34,1,183748,6007.75,6010.75,5988.75,5990.0,154775,ES.v.0
2024-11-12 18:00:00+00:00,34,1,183748,5990.25,6021.25,5986.75,6017.5,162041,ES.v.0
2024-11-12 19:00:00+00:00,34,1,183748,6017.75,6027.75,6016.75,6024.0,108337,ES.v.0
2024-11-12 20:00:00+00:00,34,1,183748,6023.75,6025.75,6008.75,6012.5,210866,ES.v.0
2024-11-12 21:00:00+00:00,34,1,183748,6012.75,6017.0,6011.25,6012.25,62807,ES.v.0
2024-11-12 23:00:00+00:00,34,1,183748,6012.25,6013.25,6004.0,6008.0,8624,ES.v.0
2024-11-13 00:00:00+00:00,34,1,183748,6008.25,6008.5,6003.0,6004.75,5621,ES.v.0
2024-11-13 01:00:00+00:00,34,1,183748,6004.75,6007.75,6002.5,6004.5,6429,ES.v.0
2024-11-13 02:00:00+00:00,34,1,183748,6004.5,6006.75,6002.0,6006.5,5831,ES.v.0
2024-11-13 03:00:00+00:00,34,1,183748,6006.5,6008.75,6004.25,6004.5,4520,ES.v.0
2024-11-13 04:00:00+00:00,34,1,183748,6004.75,6005.5,6002.0,6003.5,5455,ES.v.0
2024-11-13 05:00:00+00:00,34,1,183748,6003.5,6004.0,5999.0,5999.5,6963,ES.v.0
2024-11-13 06:00:00+00:00,34,1,183748,5999.5,6000.75,5993.0,5996.0,10872,ES.v.0
2024-11-13 07:00:00+00:00,34,1,183748,5995.75,6001.0,5994.75,5998.0,10908,ES.v.0
2024-11-13 08:00:00+00:00,34,1,183748,5998.25,6007.5,5996.5,6007.0,12689,ES.v.0
2024-11-13 09:00:00+00:00,34,1,183748,6007.0,6009.75,6005.0,6008.5,7983,ES.v.0
2024-11-13 10:00:00+00:00,34,1,183748,6008.5,6010.0,6001.5,6002.0,7745,ES.v.0
2024-11-13 11:00:00+00:00,34,1,183748,6002.25,6003.75,5996.5,5996.75,8829,ES.v.0
2024-11-13 12:00:00+00:00,34,1,183748,5996.75,6005.5,5995.5,6001.25,19486,ES.v.0
2024-11-13 13:00:00+00:00,34,1,183748,6001.25,6030.25,5999.75,6013.75,79605,ES.v.0
2024-11-13 14:00:00+00:00,34,1,183748,6013.75,6020.0,6005.5,6013.5,151984,ES.v.0
2024-11-13 15:00:00+00:00,34,1,183748,6013.25,6016.5,5991.75,6014.25,229219,ES.v.0
2024-11-13 16:00:00+00:00,34,1,183748,6014.25,6026.0,6009.25,6023.25,141120,ES.v.0
2024-11-13 17:00:00+00:00,34,1,183748,6023.5,6034.75,6022.0,6034.0,115235,ES.v.0
2024-11-13 18:00:00+00:00,34,1,183748,6034.25,6035.25,6026.25,6032.0,90416,ES.v.0
2024-11-13 19:00:00+00:00,34,1,183748,6032.25,6032.5,6013.25,6015.0,136429,ES.v.0
2024-11-13 20:00:00+00:00,34,1,183748,6015.0,6028.25,6008.0,6015.75,236834,ES.v.0
2024-11-13 21:00:00+00:00,34,1,183748,6015.75,6022.5,6013.0,6018.25,57212,ES.v.0
2024-11-13 23:00:00+00:00,34,1,183748,6017.75,6022.0,6015.5,6020.25,6184,ES.v.0
2024-11-14 00:00:00+00:00,34,1,183748,6020.25,6021.25,6013.75,6017.25,5365,ES.v.0
2024-11-14 01:00:00+00:00,34,1,183748,6017.25,6017.25,6013.0,6013.0,6696,ES.v.0
2024-11-14 02:00:00+00:00,34,1,183748,6013.25,6013.25,6009.5,6010.25,6359,ES.v.0
2024-11-14 03:00:00+00:00,34,1,183748,6010.0,6013.75,6009.0,6010.75,4421,ES.v.0
2024-11-14 04:00:00+00:00,34,1,183748,6011.0,6015.25,6010.0,6012.0,4610,ES.v.0
2024-11-14 05:00:00+00:00,34,1,183748,6012.0,6012.75,6006.0,6010.0,5741,ES.v.0
2024-11-14 06:00:00+00:00,34,1,183748,6009.75,6011.0,6005.75,6005.75,4543,ES.v.0
2024-11-14 07:00:00+00:00,34,1,183748,6006.0,6014.75,6004.0,6013.75,9275,ES.v.0
2024-11-14 08:00:00+00:00,34,1,183748,6013.75,6023.25,6012.75,6019.25,16581,ES.v.0
2024-11-14 09:00:00+00:00,34,1,183748,6019.25,6024.5,6017.25,6018.0,13916,ES.v.0
2024-11-14 10:00:00+00:00,34,1,183748,6017.75,6023.25,6017.5,6019.0,8796,ES.v.0
2024-11-14 11:00:00+00:00,34,1,183748,6019.0,6024.75,6017.75,6024.25,10355,ES.v.0
2024-11-14 12:00:00+00:00,34,1,183748,6024.0,6025.25,6018.0,6018.5,14228,ES.v.0
2024-11-14 13:00:00+00:00,34,1,183748,6018.75,6024.75,6009.5,6014.25,48430,ES.v.0
2024-11-14 14:00:00+00:00,34,1,183748,6014.25,6020.5,5999.5,6005.5,198456,ES.v.0
2024-11-14 15:00:00+00:00,34,1,183748,6005.5,6011.25,5992.75,6003.25,205555,ES.v.0
2024-11-14 16:00:00+00:00,34,1,183748,6003.0,6011.5,5996.75,5998.5,122304,ES.v.0
2024-11-14 17:00:00+00:00,34,1,183748,5998.5,6000.5,5978.75,5992.0,176652,ES.v.0
2024-11-14 18:00:00+00:00,34,1,183748,5992.0,5999.25,5979.25,5980.75,110783,ES.v.0
2024-11-14 19:00:00+00:00,34,1,183748,5980.5,6000.5,5980.25,5995.25,115741,ES.v.0
2024-11-14 20:00:00+00:00,34,1,183748,5995.25,5995.25,5968.75,5976.75,311792,ES.v.0
2024-11-14 21:00:00+00:00,34,1,183748,5976.75,5977.75,5964.25,5974.25,64064,ES.v.0
2024-11-14 23:00:00+00:00,34,1,183748,5972.0,5974.25,5964.5,5967.25,9107,ES.v.0
2024-11-15 00:00:00+00:00,34,1,183748,5967.0,5968.0,5958.75,5962.0,11962,ES.v.0
2024-11-15 01:00:00+00:00,34,1,183748,5961.75,5962.0,5955.0,5956.0,11422,ES.v.0
2024-11-15 02:00:00+00:00,34,1,183748,5956.25,5960.75,5954.75,5959.75,7030,ES.v.0
2024-11-15 03:00:00+00:00,34,1,183748,5960.0,5962.5,5957.75,5959.0,6140,ES.v.0
2024-11-15 04:00:00+00:00,34,1,183748,5959.0,5961.25,5956.0,5960.25,7097,ES.v.0
2024-11-15 05:00:00+00:00,34,1,183748,5960.25,5963.0,5955.25,5956.25,5605,ES.v.0
2024-11-15 06:00:00+00:00,34,1,183748,5956.25,5956.25,5942.5,5949.25,15470,ES.v.0
2024-11-15 07:00:00+00:00,34,1,183748,5949.0,5949.5,5941.0,5941.5,12164,ES.v.0
2024-11-15 08:00:00+00:00,34,1,183748,5941.5,5945.0,5930.75,5943.25,34975,ES.v.0
2024-11-15 09:00:00+00:00,34,1,183748,5943.0,5943.75,5937.5,5939.0,15148,ES.v.0
2024-11-15 10:00:00+00:00,34,1,183748,5939.0,5942.25,5936.25,5941.5,14291,ES.v.0
2024-11-15 11:00:00+00:00,34,1,183748,5941.5,5946.75,5941.0,5945.5,14602,ES.v.0
2024-11-15 12:00:00+00:00,34,1,183748,5945.5,5952.75,5944.75,5951.5,20329,ES.v.0
2024-11-15 13:00:00+00:00,34,1,183748,5951.25,5953.25,5940.75,5943.25,48053,ES.v.0
2024-11-15 14:00:00+00:00,34,1,183748,5943.0,5944.75,5924.5,5926.25,256466,ES.v.0
2024-11-15 15:00:00+00:00,34,1,183748,5926.5,5927.0,5899.0,5903.25,343458,ES.v.0
2024-11-15 16:00:00+00:00,34,1,183748,5903.25,5913.25,5893.75,5896.5,195028,ES.v.0
2024-11-15 17:00:00+00:00,34,1,183748,5896.5,5898.5,5885.0,5893.0,150850,ES.v.0
2024-11-15 18:00:00+00:00,34,1,183748,5893.0,5895.25,5876.75,5883.25,138283,ES.v.0
2024-11-15 19:00:00+00:00,34,1,183748,5883.5,5896.5,5878.5,5888.25,153125,ES.v.0
2024-11-15 20:00:00+00:00,34,1,183748,5888.25,5902.0,5886.5,5897.0,298352,ES.v.0
2024-11-15 21:00:00+00:00,34,1,183748,5897.0,5905.25,5896.5,5900.0,70038,ES.v.0
2024-11-17 23:00:00+00:00,34,1,183748,5899.75,5904.5,5891.75,5904.25,16538,ES.v.0
2024-11-18 00:00:00+00:00,34,1,183748,5904.5,5914.5,5903.0,5913.75,15789,ES.v.0
2024-11-18 01:00:00+00:00,34,1,183748,5913.5,5914.25,5910.5,5912.0,8486,ES.v.0
2024-11-18 02:00:00+00:00,34,1,183748,5912.0,5913.25,5908.75,5912.0,6817,ES.v.0
2024-11-18 03:00:00+00:00,34,1,183748,5912.0,5913.25,5909.75,5911.25,5170,ES.v.0
2024-11-18 04:00:00+00:00,34,1,183748,5911.25,5915.5,5911.0,5914.0,6873,ES.v.0
2024-11-18 05:00:00+00:00,34,1,183748,5914.0,5914.5,5910.5,5912.75,5470,ES.v.0
2024-11-18 06:00:00+00:00,34,1,183748,5912.5,5915.75,5910.25,5915.25,5320,ES.v.0
2024-11-18 07:00:00+00:00,34,1,183748,5915.25,5915.5,5899.5,5903.5,13840,ES.v.0
2024-11-18 08:00:00+00:00,34,1,183748,5903.5,5908.75,5898.75,5905.75,21238,ES.v.0
2024-11-18 09:00:00+00:00,34,1,183748,5906.0,5906.0,5894.5,5897.0,26485,ES.v.0
2024-11-18 10:00:00+00:00,34,1,183748,5897.0,5904.5,5895.5,5903.75,14072,ES.v.0
2024-11-18 11:00:00+00:00,34,1,183748,5903.75,5904.0,5895.25,5898.75,9793,ES.v.0
2024-11-18 12:00:00+00:00,34,1,183748,5899.0,5904.0,5897.0,5900.5,14385,ES.v.0
2024-11-18 13:00:00+00:00,34,1,183748,5900.5,5902.25,5886.5,5900.0,38931,ES.v.0
2024-11-18 14:00:00+00:00,34,1,183748,5900.0,5905.75,5891.25,5895.5,158612,ES.v.0
2024-11-18 15:00:00+00:00,34,1,183748,5895.5,5921.25,5893.5,5920.25,199308,ES.v.0
2024-11-18 16:00:00+00:00,34,1,183748,5920.25,5933.0,5917.0,5920.75,152329,ES.v.0
2024-11-18 17:00:00+00:00,34,1,183748,5920.75,5924.5,5914.75,5924.25,111314,ES.v.0
2024-11-18 18:00:00+00:00,34,1,183748,5924.25,5924.5,5907.5,5921.0,103493,ES.v.0
2024-11-18 19:00:00+00:00,34,1,183748,5921.0,5921.75,5908.25,5918.75,113759,ES.v.0
2024-11-18 20:00:00+00:00,34,1,183748,5918.5,5921.75,5913.0,5920.25,169967,ES.v.0
2024-11-18 21:00:00+00:00,34,1,183748,5920.25,5921.75,5916.0,5918.75,40275,ES.v.0
2024-11-18 23:00:00+00:00,34,1,183748,5919.0,5919.5,5911.75,5916.75,6225,ES.v.0
2024-11-19 00:00:00+00:00,34,1,183748,5916.75,5923.5,5915.0,5918.0,7997,ES.v.0
2024-11-19 01:00:00+00:00,34,1,183748,5917.75,5921.25,5914.0,5920.5,5209,ES.v.0
2024-11-19 02:00:00+00:00,34,1,183748,5920.75,5924.75,5918.5,5924.25,5550,ES.v.0
2024-11-19 03:00:00+00:00,34,1,183748,5924.5,5931.5,5924.25,5929.5,7528,ES.v.0
2024-11-19 04:00:00+00:00,34,1,183748,5929.75,5933.75,5929.25,5930.75,5401,ES.v.0
2024-11-19 05:00:00+00:00,34,1,183748,5930.5,5931.0,5926.5,5928.25,4509,ES.v.0
2024-11-19 06:00:00+00:00,34,1,183748,5928.25,5929.5,5926.5,5927.5,4068,ES.v.0
2024-11-19 07:00:00+00:00,34,1,183748,5927.5,5929.75,5922.75,5927.25,6522,ES.v.0
2024-11-19 08:00:00+00:00,34,1,183748,5927.0,5931.5,5904.5,5915.75,31448,ES.v.0
2024-11-19 09:00:00+00:00,34,1,183748,5915.75,5920.0,5882.0,5890.25,62254,ES.v.0
2024-11-19 10:00:00+00:00,34,1,183748,5890.0,5900.5,5887.75,5897.25,23760,ES.v.0
2024-11-19 11:00:00+00:00,34,1,183748,5897.0,5899.75,5889.5,5896.5,14668,ES.v.0
2024-11-19 12:00:00+00:00,34,1,183748,5896.75,5908.25,5895.5,5906.75,25382,ES.v.0
2024-11-19 13:00:00+00:00,34,1,183748,5906.75,5907.25,5861.0,5862.0,79287,ES.v.0
2024-11-19 14:00:00+00:00,34,1,183748,5862.0,5894.5,5855.0,5888.75,250560,ES.v.0
2024-11-19 15:00:00+00:00,34,1,183748,5888.5,5917.5,5882.25,5913.5,244041,ES.v.0
2024-11-19 16:00:00+00:00,34,1,183748,5913.5,5929.0,5912.5,5925.0,145172,ES.v.0
2024-11-19 17:00:00+00:00,34,1,183748,5925.0,5932.25,5917.0,5928.75,112532,ES.v.0
2024-11-19 18:00:00+00:00,34,1,183748,5928.75,5947.5,5924.5,5945.75,116023,ES.v.0
2024-11-19 19:00:00+00:00,34,1,183748,5945.75,5946.5,5927.0,5932.25,138360,ES.v.0
2024-11-19 20:00:00+00:00,34,1,183748,5932.25,5942.25,5929.75,5939.0,189820,ES.v.0
2024-11-19 21:00:00+00:00,34,1,183748,5939.0,5944.5,5937.0,5937.5,48420,ES.v.0
2024-11-19 23:00:00+00:00,34,1,183748,5937.75,5945.75,5937.0,5945.0,7217,ES.v.0
2024-11-20 00:00:00+00:00,34,1,183748,5945.25,5954.0,5944.5,5950.0,9907,ES.v.0
2024-11-20 01:00:00+00:00,34,1,183748,5949.75,5952.0,5943.25,5945.75,8379,ES.v.0
2024-11-20 02:00:00+00:00,34,1,183748,5945.75,5951.0,5944.75,5950.0,4882,ES.v.0
2024-11-20 03:00:00+00:00,34,1,183748,5949.75,5950.25,5941.75,5944.5,6626,ES.v.0
2024-11-20 04:00:00+00:00,34,1,183748,5944.25,5948.5,5944.25,5947.75,4478,ES.v.0
2024-11-20 05:00:00+00:00,34,1,183748,5947.75,5949.0,5944.75,5946.75,4170,ES.v.0
2024-11-20 06:00:00+00:00,34,1,183748,5947.0,5955.25,5946.25,5954.0,7791,ES.v.0
2024-11-20 07:00:00+00:00,34,1,183748,5953.75,5956.25,5947.5,5953.25,9739,ES.v.0
2024-11-20 08:00:00+00:00,34,1,183748,5953.25,5957.75,5949.75,5950.25,15720,ES.v.0
2024-11-20 09:00:00+00:00,34,1,183748,5950.25,5956.5,5946.75,5949.5,11294,ES.v.0
2024-11-20 10:00:00+00:00,34,1,183748,5949.25,5949.75,5938.75,5944.0,12727,ES.v.0
2024-11-20 11:00:00+00:00,34,1,183748,5944.0,5948.75,5940.75,5944.75,14915,ES.v.0
2024-11-20 12:00:00+00:00,34,1,183748,5944.75,5952.5,5944.0,5951.5,12069,ES.v.0
2024-11-20 13:00:00+00:00,34,1,183748,5951.5,5954.0,5943.0,5945.0,19171,ES.v.0
2024-11-20 14:00:00+00:00,34,1,183748,5944.75,5945.0,5908.5,5908.75,195306,ES.v.0
2024-11-20 15:00:00+00:00,34,1,183748,5908.5,5916.25,5880.0,5908.25,290295,ES.v.0
2024-11-20 16:00:00+00:00,34,1,183748,5908.25,5922.25,5889.5,5917.75,202034,ES.v.0
2024-11-20 17:00:00+00:00,34,1,183748,5917.75,5921.25,5895.5,5905.25,146523,ES.v.0
2024-11-20 18:00:00+00:00,34,1,183748,5905.25,5911.75,5895.75,5902.0,102901,ES.v.0
2024-11-20 19:00:00+00:00,34,1,183748,5902.0,5913.75,5896.5,5909.25,90898,ES.v.0
2024-11-20 20:00:00+00:00,34,1,183748,5909.25,5942.75,5906.25,5939.25,231767,ES.v.0
2024-11-20 21:00:00+00:00,34,1,183748,5939.25,5944.25,5911.0,5939.75,101033,ES.v.0
2024-11-20 23:00:00+00:00,34,1,183748,5937.25,5942.5,5927.75,5940.0,10122,ES.v.0
2024-11-21 00:00:00+00:00,34,1,183748,5940.25,5941.75,5918.0,5918.5,12043,ES.v.0
2024-11-21 01:00:00+00:00,34,1,183748,5918.75,5923.25,5911.25,5913.75,10315,ES.v.0
2024-11-21 02:00:00+00:00,34,1,183748,5914.0,5921.0,5913.25,5917.75,6536,ES.v.0
2024-11-21 03:00:00+00:00,34,1,183748,5918.0,5925.5,5918.0,5919.75,6214,ES.v.0
2024-11-21 04:00:00+00:00,34,1,183748,5920.0,5925.25,5916.25,5924.0,4136,ES.v.0
2024-11-21 05:00:00+00:00,34,1,183748,5924.0,5929.75,5922.0,5925.5,4734,ES.v.0
2024-11-21 06:00:00+00:00,34,1,183748,5925.75,5928.75,5923.25,5927.75,4513,ES.v.0
2024-11-21 07:00:00+00:00,34,1,183748,5927.75,5935.5,5910.75,5924.25,25586,ES.v.0
2024-11-21 08:00:00+00:00,34,1,183748,5924.0,5930.75,5913.5,5922.5,29415,ES.v.0
2024-11-21 09:00:00+00:00,34,1,183748,5922.25,5922.5,5905.25,5916.25,30860,ES.v.0
2024-11-21 10:00:00+00:00,34,1,183748,5916.0,5925.0,5912.5,5923.25,13612,ES.v.0
2024-11-21 11:00:00+00:00,34,1,183748,5923.25,5942.5,5923.0,5941.25,24222,ES.v.0
2024-11-21 12:00:00+00:00,34,1,183748,5941.5,5960.5,5939.75,5949.75,40658,ES.v.0
2024-11-21 13:00:00+00:00,34,1,183748,5949.5,5970.75,5949.25,5962.75,47883,ES.v.0
2024-11-21 14:00:00+00:00,34,1,183748,5962.75,5971.5,5918.75,5930.75,299144,ES.v.0
2024-11-21 15:00:00+00:00,34,1,183748,5930.75,5952.25,5907.25,5950.25,363017,ES.v.0
2024-11-21 16:00:00+00:00,34,1,183748,5950.25,5965.5,5943.75,5953.0,211034,ES.v.0
2024-11-21 17:00:00+00:00,34,1,183748,5953.0,5975.75,5944.75,5971.5,149259,ES.v.0
2024-11-21 18:00:00+00:00,34,1,183748,5971.25,5982.5,5970.5,5978.5,119442,ES.v.0
2024-11-21 19:00:00+00:00,34,1,183748,5978.5,5981.25,5969.25,5979.75,112303,ES.v.0
2024-11-21 20:00:00+00:00,34,1,183748,5979.75,5985.0,5969.75,5970.0,171755,ES.v.0
2024-11-21 21:00:00+00:00,34,1,183748,5970.0,5972.5,5966.0,5966.5,80433,ES.v.0
2024-11-21 23:00:00+00:00,34,1,183748,5967.0,5968.75,5961.25,5964.25,8747,ES.v.0
2024-11-22 00:00:00+00:00,34,1,183748,5964.25,5969.25,5962.0,5963.5,7051,ES.v.0
2024-11-22 01:00:00+00:00,34,1,183748,5963.75,5971.5,5963.5,5968.0,5679,ES.v.0
2024-11-22 02:00:00+00:00,34,1,183748,5968.0,5972.75,5966.25,5971.75,4471,ES.v.0
2024-11-22 03:00:00+00:00,34,1,183748,5971.5,5977.0,5960.0,5965.75,12965,ES.v.0
2024-11-22 04:00:00+00:00,34,1,183748,5965.75,5971.5,5964.5,5968.75,5478,ES.v.0
2024-11-22 05:00:00+00:00,34,1,183748,5969.0,5970.25,5960.5,5961.0,5696,ES.v.0
2024-11-22 06:00:00+00:00,34,1,183748,5961.0,5972.25,5960.75,5969.5,7484,ES.v.0
2024-11-22 07:00:00+00:00,34,1,183748,5969.25,5976.0,5967.25,5970.5,7610,ES.v.0
2024-11-22 08:00:00+00:00,34,1,183748,5970.75,5975.5,5966.25,5969.5,14865,ES.v.0
2024-11-22 09:00:00+00:00,34,1,183748,5969.5,5970.0,5941.25,5956.75,38969,ES.v.0
2024-11-22 10:00:00+00:00,34,1,183748,5956.75,5957.25,5940.75,5953.0,21200,ES.v.0
2024-11-22 11:00:00+00:00,34,1,183748,5953.0,5960.5,5947.75,5959.5,12691,ES.v.0
2024-11-22 12:00:00+00:00,34,1,183748,5959.25,5967.75,5959.25,5967.0,16890,ES.v.0
2024-11-22 13:00:00+00:00,34,1,183748,5967.0,5971.25,5962.5,5965.25,23838,ES.v.0
2024-11-22 14:00:00+00:00,34,1,183748,5965.25,5993.25,5963.0,5991.25,196383,ES.v.0
2024-11-22 15:00:00+00:00,34,1,183748,5990.75,5992.0,5962.75,5989.5,285825,ES.v.0
2024-11-22 16:00:00+00:00,34,1,183748,5989.75,5990.75,5968.75,5981.75,177342,ES.v.0
2024-11-22 17:00:00+00:00,34,1,183748,5982.0,5990.75,5978.25,5989.0,123276,ES.v.0
2024-11-22 18:00:00+00:00,34,1,183748,5989.0,5993.5,5980.75,5986.0,105269,ES.v.0
2024-11-22 19:00:00+00:00,34,1,183748,5986.0,5988.0,5973.25,5985.75,108514,ES.v.0
2024-11-22 20:00:00+00:00,34,1,183748,5985.75,5992.75,5972.75,5986.0,216262,ES.v.0
2024-11-22 21:00:00+00:00,34,1,183748,5986.0,5991.25,5984.5,5991.0,55018,ES.v.0
2024-11-24 23:00:00+00:00,34,1,183748,6006.0,6011.0,6005.5,6008.75,15765,ES.v.0
2024-11-25 00:00:00+00:00,34,1,183748,6009.0,6014.0,6008.75,6013.75,8687,ES.v.0
2024-11-25 01:00:00+00:00,34,1,183748,6013.5,6015.25,6012.75,6013.25,8690,ES.v.0
2024-11-25 02:00:00+00:00,34,1,183748,6013.25,6014.75,6013.0,6014.25,3894,ES.v.0
2024-11-25 03:00:00+00:00,34,1,183748,6014.5,6015.0,6012.25,6013.25,3145,ES.v.0
2024-11-25 04:00:00+00:00,34,1,183748,6013.5,6014.5,6013.25,6013.75,3015,ES.v.0
2024-11-25 05:00:00+00:00,34,1,183748,6013.5,6014.25,6012.25,6014.0,3667,ES.v.0
2024-11-25 06:00:00+00:00,34,1,183748,6014.0,6014.0,6011.5,6012.25,4387,ES.v.0
2024-11-25 07:00:00+00:00,34,1,183748,6012.25,6013.0,6009.0,6011.5,6268,ES.v.0
2024-11-25 08:00:00+00:00,34,1,183748,6011.75,6014.5,6010.75,6012.75,13573,ES.v.0
2024-11-25 09:00:00+00:00,34,1,183748,6012.75,6017.0,6011.0,6016.0,11841,ES.v.0
2024-11-25 10:00:00+00:00,34,1,183748,6016.0,6018.5,6014.5,6018.0,8124,ES.v.0
2024-11-25 11:00:00+00:00,34,1,183748,6018.0,6019.25,6015.25,6017.25,8102,ES.v.0
2024-11-25 12:00:00+00:00,34,1,183748,6017.0,6017.75,6011.25,6016.25,18116,ES.v.0
2024-11-25 13:00:00+00:00,34,1,183748,6016.25,6032.25,6014.75,6027.75,42357,ES.v.0
2024-11-25 14:00:00+00:00,34,1,183748,6027.5,6040.0,6018.0,6023.75,259458,ES.v.0
2024-11-25 15:00:00+00:00,34,1,183748,6023.5,6024.0,6006.0,6010.5,287954,ES.v.0
2024-11-25 16:00:00+00:00,34,1,183748,6010.5,6015.25,6002.0,6003.0,160113,ES.v.0
2024-11-25 17:00:00+00:00,34,1,183748,6003.0,6006.75,5982.5,5995.25,185714,ES.v.0
2024-11-25 18:00:00+00:00,34,1,183748,5995.25,6007.0,5994.75,6003.75,100679,ES.v.0
2024-11-25 19:00:00+00:00,34,1,183748,6003.75,6005.0,5995.5,6001.5,87782,ES.v.0
2024-11-25 20:00:00+00:00,34,1,183748,6001.75,6009.0,5997.5,6005.5,200023,ES.v.0
2024-11-25 21:00:00+00:00,34,1,183748,6005.75,6015.75,6001.75,6012.75,86492,ES.v.0
2024-11-25 23:00:00+00:00,34,1,183748,6013.25,6018.75,5987.25,5994.0,26404,ES.v.0
2024-11-26 00:00:00+00:00,34,1,183748,5994.25,5994.75,5982.75,5985.0,30173,ES.v.0
2024-11-26 01:00:00+00:00,34,1,183748,5985.0,5997.0,5976.25,5996.0,24079,ES.v.0
2024-11-26 02:00:00+00:00,34,1,183748,5996.25,6004.5,5996.0,6002.5,11723,ES.v.0
2024-11-26 03:00:00+00:00,34,1,183748,6002.5,6008.25,6001.0,6006.25,7271,ES.v.0
2024-11-26 04:00:00+00:00,34,1,183748,6006.5,6011.0,6006.0,6008.25,6037,ES.v.0
2024-11-26 05:00:00+00:00,34,1,183748,6008.5,6009.75,6002.25,6003.75,5979,ES.v.0
2024-11-26 06:00:00+00:00,34,1,183748,6004.0,6012.0,6003.75,6008.0,5871,ES.v.0
2024-11-26 07:00:00+00:00,34,1,183748,6007.75,6009.25,6000.75,6001.25,10000,ES.v.0
2024-11-26 08:00:00+00:00,34,1,183748,6001.0,6005.0,5997.0,6000.5,20128,ES.v.0
2024-11-26 09:00:00+00:00,34,1,183748,6000.75,6007.25,5999.75,6006.0,11789,ES.v.0
2024-11-26 10:00:00+00:00,34,1,183748,6006.25,6010.5,6001.5,6010.0,11283,ES.v.0
2024-11-26 11:00:00+00:00,34,1,183748,6010.0,6022.0,6006.75,6020.0,15185,ES.v.0
2024-11-26 12:00:00+00:00,34,1,183748,6020.0,6022.75,6017.25,6022.0,24447,ES.v.0
2024-11-26 13:00:00+00:00,34,1,183748,6021.75,6023.25,6017.25,6019.75,30682,ES.v.0
2024-11-26 14:00:00+00:00,34,1,183748,6020.0,6027.0,6015.5,6021.0,171971,ES.v.0
2024-11-26 15:00:00+00:00,34,1,183748,6020.25,6025.75,6011.25,6021.25,197729,ES.v.0
2024-11-26 16:00:00+00:00,34,1,183748,6021.0,6029.5,6019.25,6028.25,117206,ES.v.0
2024-11-26 17:00:00+00:00,34,1,183748,6028.25,6032.0,6021.25,6031.5,79527,ES.v.0
2024-11-26 18:00:00+00:00,34,1,183748,6031.5,6032.75,6026.75,6032.25,61415,ES.v.0
2024-11-26 19:00:00+00:00,34,1,183748,6032.25,6034.75,6023.0,6030.75,107971,ES.v.0
2024-11-26 20:00:00+00:00,34,1,183748,6030.75,6044.0,6030.0,6037.0,202999,ES.v.0
2024-11-26 21:00:00+00:00,34,1,183748,6037.0,6043.5,6036.75,6041.5,79131,ES.v.0
2024-11-26 23:00:00+00:00,34,1,183748,6041.75,6043.25,6036.5,6040.5,7730,ES.v.0
2024-11-27 00:00:00+00:00,34,1,183748,6040.5,6041.25,6036.75,6040.25,5851,ES.v.0
2024-11-27 01:00:00+00:00,34,1,183748,6040.0,6042.5,6039.5,6042.25,4547,ES.v.0
2024-11-27 02:00:00+00:00,34,1,183748,6042.25,6047.0,6041.5,6043.75,7667,ES.v.0
2024-11-27 03:00:00+00:00,34,1,183748,6043.75,6044.0,6038.5,6040.25,5419,ES.v.0
2024-11-27 04:00:00+00:00,34,1,183748,6040.25,6040.25,6034.25,6036.5,4848,ES.v.0
2024-11-27 05:00:00+00:00,34,1,183748,6036.75,6038.25,6034.25,6035.75,3915,ES.v.0
2024-11-27 06:00:00+00:00,34,1,183748,6036.0,6039.25,6035.25,6036.75,4311,ES.v.0
2024-11-27 07:00:00+00:00,34,1,183748,6036.75,6041.5,6035.75,6037.5,7606,ES.v.0
2024-11-27 08:00:00+00:00,34,1,183748,6037.5,6038.25,6026.75,6029.5,22181,ES.v.0
2024-11-27 09:00:00+00:00,34,1,183748,6029.5,6033.0,6024.5,6028.0,14101,ES.v.0
2024-11-27 10:00:00+00:00,34,1,183748,6028.25,6031.75,6025.75,6030.5,9374,ES.v.0
2024-11-27 11:00:00+00:00,34,1,183748,6030.5,6031.5,6024.25,6030.5,10034,ES.v.0
2024-11-27 12:00:00+00:00,34,1,183748,6030.5,6033.75,6027.5,6032.0,11125,ES.v.0
2024-11-27 13:00:00+00:00,34,1,183748,6032.0,6038.25,6031.0,6036.0,23030,ES.v.0
2024-11-27 14:00:00+00:00,34,1,183748,6036.0,6037.0,6027.75,6032.5,124156,ES.v.0
2024-11-27 15:00:00+00:00,34,1,183748,6032.0,6032.5,6013.75,6016.75,209827,ES.v.0
2024-11-27 16:00:00+00:00,34,1,183748,6017.25,6019.75,6008.25,6009.75,150714,ES.v.0
2024-11-27 17:00:00+00:00,34,1,183748,6009.75,6012.25,6000.25,6011.75,110068,ES.v.0
2024-11-27 18:00:00+00:00,34,1,183748,6011.5,6019.0,6009.5,6017.0,83262,ES.v.0
2024-11-27 19:00:00+00:00,34,1,183748,6017.25,6019.0,6012.0,6015.0,67958,ES.v.0
2024-11-27 20:00:00+00:00,34,1,183748,6015.0,6018.0,6007.25,6015.75,160329,ES.v.0
2024-11-27 21:00:00+00:00,34,1,183748,6016.0,6017.25,6013.75,6015.5,36764,ES.v.0
2024-11-27 23:00:00+00:00,34,1,183748,6015.0,6021.5,6014.75,6020.0,3866,ES.v.0
2024-11-28 00:00:00+00:00,34,1,183748,6020.0,6022.75,6020.0,6022.0,3636,ES.v.0
2024-11-28 01:00:00+00:00,34,1,183748,6021.75,6023.25,6020.75,6021.75,5142,ES.v.0
2024-11-28 02:00:00+00:00,34,1,183748,6021.75,6023.5,6021.25,6023.0,2726,ES.v.0
2024-11-28 03:00:00+00:00,34,1,183748,6022.75,6023.5,6022.0,6023.0,2105,ES.v.0
2024-11-28 04:00:00+00:00,34,1,183748,6023.0,6024.0,6021.75,6022.25,3272,ES.v.0
2024-11-28 05:00:00+00:00,34,1,183748,6022.0,6023.75,6021.5,6023.0,2466,ES.v.0
2024-11-28 06:00:00+00:00,34,1,183748,6023.0,6023.5,6021.75,6022.25,2978,ES.v.0
2024-11-28 07:00:00+00:00,34,1,183748,6022.25,6022.75,6019.75,6021.25,4048,ES.v.0
2024-11-28 08:00:00+00:00,34,1,183748,6021.5,6022.25,6019.75,6022.0,6420,ES.v.0
2024-11-28 09:00:00+00:00,34,1,183748,6022.0,6023.75,6021.5,6023.0,4463,ES.v.0
2024-11-28 10:00:00+00:00,34,1,183748,6023.25,6023.75,6021.5,6023.25,3689,ES.v.0
2024-11-28 11:00:00+00:00,34,1,183748,6023.5,6024.75,6021.5,6024.0,5020,ES.v.0
2024-11-28 12:00:00+00:00,34,1,183748,6024.25,6025.0,6023.25,6024.75,5007,ES.v.0
2024-11-28 13:00:00+00:00,34,1,183748,6024.75,6025.5,6023.25,6025.0,5453,ES.v.0
2024-11-28 14:00:00+00:00,34,1,183748,6025.25,6028.75,6023.75,6028.25,13203,ES.v.0
2024-11-28 15:00:00+00:00,34,1,183748,6028.0,6031.25,6027.75,6030.5,10483,ES.v.0
2024-11-28 16:00:00+00:00,34,1,183748,6030.5,6032.5,6028.25,6028.75,10524,ES.v.0
2024-11-28 17:00:00+00:00,34,1,183748,6028.75,6032.0,6028.5,6029.75,4975,ES.v.0
2024-11-28 23:00:00+00:00,34,1,183748,6027.25,6030.75,6025.75,6029.75,3593,ES.v.0
2024-11-29 00:00:00+00:00,34,1,183748,6030.0,6030.25,6018.0,6020.25,4944,ES.v.0
2024-11-29 01:00:00+00:00,34,1,183748,6020.25,6029.25,6018.0,6029.0,6065,ES.v.0
2024-11-29 02:00:00+00:00,34,1,183748,6029.0,6033.0,6028.75,6032.5,4946,ES.v.0
2024-11-29 03:00:00+00:00,34,1,183748,6032.5,6034.0,6031.25,6033.0,4790,ES.v.0
2024-11-29 04:00:00+00:00,34,1,183748,6033.25,6035.0,6032.75,6034.75,4712,ES.v.0
2024-11-29 05:00:00+00:00,34,1,183748,6035.0,6035.5,6031.0,6031.25,4001,ES.v.0
2024-11-29 06:00:00+00:00,34,1,183748,6031.25,6032.5,6028.5,6031.0,3710,ES.v.0
2024-11-29 07:00:00+00:00,34,1,183748,6031.0,6031.0,6023.5,6027.25,6244,ES.v.0
2024-11-29 08:00:00+00:00,34,1,183748,6027.25,6033.25,6027.0,6031.5,8450,ES.v.0
2024-11-29 09:00:00+00:00,34,1,183748,6031.25,6034.5,6030.5,6032.75,7214,ES.v.0
2024-11-29 10:00:00+00:00,34,1,183748,6032.75,6035.25,6030.25,6032.5,6262,ES.v.0
2024-11-29 11:00:00+00:00,34,1,183748,6032.25,6034.0,6029.25,6033.25,5925,ES.v.0
2024-11-29 12:00:00+00:00,34,1,183748,6033.0,6033.75,6026.5,6029.25,9094,ES.v.0
2024-11-29 13:00:00+00:00,34,1,183748,6029.25,6029.75,6018.75,6022.25,21120,ES.v.0
2024-11-29 14:00:00+00:00,34,1,183748,6022.5,6033.0,6019.0,6033.0,106184,ES.v.0
2024-11-29 15:00:00+00:00,34,1,183748,6032.75,6045.0,6032.75,6044.5,141116,ES.v.0
2024-11-29 16:00:00+00:00,34,1,183748,6044.25,6055.25,6044.25,6053.5,106436,ES.v.0
2024-11-29 17:00:00+00:00,34,1,183748,6053.5,6060.0,6049.75,6051.5,190350,ES.v.0
2024-11-29 18:00:00+00:00,34,1,183748,6051.75,6054.25,6048.75,6051.5,39849,ES.v.0
2024-12-01 23:00:00+00:00,34,1,183748,6051.5,6054.5,6044.0,6045.5,11860,ES.v.0
2024-12-02 00:00:00+00:00,34,1,183748,6045.75,6049.5,6042.0,6044.75,8580,ES.v.0
2024-12-02 01:00:00+00:00,34,1,183748,6045.0,6047.0,6042.25,6042.5,5835,ES.v.0
2024-12-02 02:00:00+00:00,34,1,183748,6042.5,6043.0,6040.75,6041.75,5581,ES.v.0
2024-12-02 03:00:00+00:00,34,1,183748,6041.5,6043.0,6039.0,6039.75,5307,ES.v.0
2024-12-02 04:00:00+00:00,34,1,183748,6039.75,6043.0,6039.0,6040.25,5767,ES.v.0
2024-12-02 05:00:00+00:00,34,1,183748,6040.25,6042.0,6038.75,6039.0,4521,ES.v.0
2024-12-02 06:00:00+00:00,34,1,183748,6039.0,6039.5,6036.0,6039.5,5364,ES.v.0
2024-12-02 07:00:00+00:00,34,1,183748,6039.5,6040.25,6037.25,6039.75,6431,ES.v.0
2024-12-02 08:00:00+00:00,34,1,183748,6039.75,6042.0,6038.5,6041.75,10261,ES.v.0
2024-12-02 09:00:00+00:00,34,1,183748,6042.0,6042.5,6038.75,6039.75,8444,ES.v.0
2024-12-02 10:00:00+00:00,34,1,183748,6040.0,6042.0,6037.5,6040.25,9243,ES.v.0
2024-12-02 11:00:00+00:00,34,1,183748,6040.5,6044.25,6040.0,6044.0,10664,ES.v.0
2024-12-02 12:00:00+00:00,34,1,183748,6044.25,6051.5,6043.5,6049.25,16856,ES.v.0
2024-12-02 13:00:00+00:00,34,1,183748,6049.25,6053.0,6048.0,6051.75,21961,ES.v.0
2024-12-02 14:00:00+00:00,34,1,183748,6051.75,6062.0,6049.75,6054.0,142369,ES.v.0
2024-12-02 15:00:00+00:00,34,1,183748,6054.0,6061.25,6050.0,6052.5,144806,ES.v.0
2024-12-02 16:00:00+00:00,34,1,183748,6052.25,6064.0,6050.25,6061.75,92770,ES.v.0
2024-12-02 17:00:00+00:00,34,1,183748,6062.0,6065.0,6059.0,6061.0,61291,ES.v.0
2024-12-02 18:00:00+00:00,34,1,183748,6061.0,6064.0,6059.0,6063.0,51430,ES.v.0
2024-12-02 19:00:00+00:00,34,1,183748,6063.0,6065.0,6056.0,6064.5,64163,ES.v.0
2024-12-02 20:00:00+00:00,34,1,183748,6064.5,6068.5,6059.75,6062.0,181071,ES.v.0
2024-12-02 21:00:00+00:00,34,1,183748,6062.0,6067.75,6061.25,6063.0,54912,ES.v.0
2024-12-02 23:00:00+00:00,34,1,183748,6064.0,6066.25,6060.5,6063.5,5699,ES.v.0
2024-12-03 00:00:00+00:00,34,1,183748,6063.5,6064.5,6061.0,6062.0,4933,ES.v.0
2024-12-03 01:00:00+00:00,34,1,183748,6061.75,6063.25,6060.5,6060.75,6070,ES.v.0
2024-12-03 02:00:00+00:00,34,1,183748,6060.75,6062.5,6060.0,6062.0,3180,ES.v.0
2024-12-03 03:00:00+00:00,34,1,183748,6061.75,6067.0,6061.75,6065.75,4281,ES.v.0
2024-12-03 04:00:00+00:00,34,1,183748,6065.75,6067.5,6064.75,6065.0,2987,ES.v.0
2024-12-03 05:00:00+00:00,34,1,183748,6064.75,6066.5,6064.0,6066.0,2500,ES.v.0
2024-12-03 06:00:00+00:00,34,1,183748,6066.0,6067.25,6062.75,6062.75,3321,ES.v.0
2024-12-03 07:00:00+00:00,34,1,183748,6062.75,6064.5,6061.5,6062.0,4640,ES.v.0
2024-12-03 08:00:00+00:00,34,1,183748,6061.75,6066.5,6061.5,6065.0,13064,ES.v.0
2024-12-03 09:00:00+00:00,34,1,183748,6065.0,6065.75,6062.25,6064.5,7667,ES.v.0
2024-12-03 10:00:00+00:00,34,1,183748,6064.75,6065.25,6060.5,6060.5,6035,ES.v.0
2024-12-03 11:00:00+00:00,34,1,183748,6060.5,6063.75,6057.5,6063.25,8983,ES.v.0
2024-12-03 12:00:00+00:00,34,1,183748,6063.25,6066.25,6060.75,6063.0,10555,ES.v.0
2024-12-03 13:00:00+00:00,34,1,183748,6063.0,6067.25,6060.75,6061.0,17878,ES.v.0
2024-12-03 14:00:00+00:00,34,1,183748,6061.25,6064.0,6052.0,6057.5,128234,ES.v.0
2024-12-03 15:00:00+00:00,34,1,183748,6057.5,6060.5,6047.5,6052.75,139390,ES.v.0
2024-12-03 16:00:00+00:00,34,1,183748,6053.0,6059.5,6047.75,6049.75,126763,ES.v.0
2024-12-03 17:00:00+00:00,34,1,183748,6049.75,6061.5,6049.5,6061.5,66951,ES.v.0
2024-12-03 18:00:00+00:00,34,1,183748,6061.5,6063.0,6057.0,6058.5,64488,ES.v.0
2024-12-03 19:00:00+00:00,34,1,183748,6058.5,6066.0,6055.75,6064.75,72042,ES.v.0
2024-12-03 20:00:00+00:00,34,1,183748,6064.5,6066.0,6059.5,6062.75,153919,ES.v.0
2024-12-03 21:00:00+00:00,34,1,183748,6062.75,6070.75,6061.25,6066.75,67188,ES.v.0
2024-12-03 23:00:00+00:00,34,1,183748,6067.0,6069.75,6063.0,6069.25,6745,ES.v.0
2024-12-04 00:00:00+00:00,34,1,183748,6069.25,6069.25,6065.0,6066.75,5803,ES.v.0
2024-12-04 01:00:00+00:00,34,1,183748,6066.75,6068.0,6065.25,6066.5,4601,ES.v.0
2024-12-04 02:00:00+00:00,34,1,183748,6066.75,6070.5,6066.75,6069.75,4090,ES.v.0
2024-12-04 03:00:00+00:00,34,1,183748,6069.75,6070.25,6067.5,6069.75,3426,ES.v.0
2024-12-04 04:00:00+00:00,34,1,183748,6069.5,6072.25,6069.0,6071.75,3705,ES.v.0
2024-12-04 05:00:00+00:00,34,1,183748,6071.5,6073.75,6070.75,6072.5,3653,ES.v.0
2024-12-04 06:00:00+00:00,34,1,183748,6072.5,6073.0,6068.75,6071.75,4380,ES.v.0
2024-12-04 07:00:00+00:00,34,1,183748,6071.5,6072.5,6069.5,6071.75,5247,ES.v.0
2024-12-04 08:00:00+00:00,34,1,183748,6071.75,6076.75,6071.5,6076.5,12377,ES.v.0
2024-12-04 09:00:00+00:00,34,1,183748,6076.5,6080.0,6075.25,6077.25,11977,ES.v.0
2024-12-04 10:00:00+00:00,34,1,183748,6077.25,6079.75,6075.0,6078.5,7502,ES.v.0
2024-12-04 11:00:00+00:00,34,1,183748,6078.5,6082.25,6077.75,6081.5,10952,ES.v.0
2024-12-04 12:00:00+00:00,34,1,183748,6081.5,6082.75,6079.0,6079.5,11476,ES.v.0
2024-12-04 13:00:00+00:00,34,1,183748,6079.75,6085.0,6079.25,6084.75,26351,ES.v.0
2024-12-04 14:00:00+00:00,34,1,183748,6084.5,6086.0,6078.75,6082.75,104702,ES.v.0
2024-12-04 15:00:00+00:00,34,1,183748,6082.0,6086.75,6072.5,6085.5,187248,ES.v.0
2024-12-04 16:00:00+00:00,34,1,183748,6085.5,6088.25,6084.0,6087.0,82636,ES.v.0
2024-12-04 17:00:00+00:00,34,1,183748,6087.0,6088.75,6082.5,6087.5,73609,ES.v.0
2024-12-04 18:00:00+00:00,34,1,183748,6087.5,6089.0,6075.25,6083.0,107811,ES.v.0
2024-12-04 19:00:00+00:00,34,1,183748,6083.0,6094.75,6080.75,6092.75,109605,ES.v.0
2024-12-04 20:00:00+00:00,34,1,183748,6092.5,6102.25,6091.75,6099.0,179521,ES.v.0
2024-12-04 21:00:00+00:00,34,1,183748,6099.0,6099.5,6094.5,6095.5,76424,ES.v.0
2024-12-04 23:00:00+00:00,34,1,183748,6095.25,6096.75,6092.75,6094.0,5440,ES.v.0
2024-12-05 00:00:00+00:00,34,1,183748,6094.0,6094.0,6091.25,6091.5,5745,ES.v.0
2024-12-05 01:00:00+00:00,34,1,183748,6091.5,6096.0,6091.0,6095.0,5401,ES.v.0
2024-12-05 02:00:00+00:00,34,1,183748,6095.0,6096.5,6092.75,6093.25,4317,ES.v.0
2024-12-05 03:00:00+00:00,34,1,183748,6093.25,6095.75,6092.75,6095.25,3181,ES.v.0
2024-12-05 04:00:00+00:00,34,1,183748,6095.25,6095.25,6092.25,6094.0,2469,ES.v.0
2024-12-05 05:00:00+00:00,34,1,183748,6093.75,6096.25,6093.5,6096.25,2248,ES.v.0
2024-12-05 06:00:00+00:00,34,1,183748,6096.25,6097.0,6095.0,6095.75,3716,ES.v.0
2024-12-05 07:00:00+00:00,34,1,183748,6095.75,6096.25,6093.5,6094.0,5448,ES.v.0
2024-12-05 08:00:00+00:00,34,1,183748,6094.0,6097.75,6093.25,6095.75,12900,ES.v.0
2024-12-05 09:00:00+00:00,34,1,183748,6095.75,6096.0,6093.0,6095.5,8234,ES.v.0
2024-12-05 10:00:00+00:00,34,1,183748,6095.5,6097.5,6093.25,6094.25,6809,ES.v.0
2024-12-05 11:00:00+00:00,34,1,183748,6094.25,6096.75,6093.75,6095.0,6145,ES.v.0
2024-12-05 12:00:00+00:00,34,1,183748,6095.0,6098.0,6094.5,6097.75,10798,ES.v.0
2024-12-05 13:00:00+00:00,34,1,183748,6098.0,6098.25,6092.75,6096.0,19305,ES.v.0
2024-12-05 14:00:00+00:00,34,1,183748,6096.25,6100.75,6095.5,6100.25,100646,ES.v.0
2024-12-05 15:00:00+00:00,34,1,183748,6100.25,6104.75,6090.25,6092.0,165978,ES.v.0
2024-12-05 16:00:00+00:00,34,1,183748,6091.75,6100.0,6090.75,6100.0,93733,ES.v.0
2024-12-05 17:00:00+00:00,34,1,183748,6100.0,6107.25,6098.5,6106.5,81055,ES.v.0
2024-12-05 18:00:00+00:00,34,1,183748,6106.5,6106.75,6091.0,6096.0,144967,ES.v.0
2024-12-05 19:00:00+00:00,34,1,183748,6096.0,6099.25,6091.5,6094.25,97947,ES.v.0
2024-12-05 20:00:00+00:00,34,1,183748,6094.25,6096.5,6085.5,6088.75,204393,ES.v.0
2024-12-05 21:00:00+00:00,34,1,183748,6088.75,6089.5,6081.5,6085.75,45394,ES.v.0
2024-12-05 23:00:00+00:00,34,1,183748,6085.5,6086.0,6079.5,6084.25,5919,ES.v.0
2024-12-06 00:00:00+00:00,34,1,183748,6084.5,6084.5,6081.0,6082.75,3866,ES.v.0
2024-12-06 01:00:00+00:00,34,1,183748,6082.75,6084.25,6081.25,6083.25,5617,ES.v.0
2024-12-06 02:00:00+00:00,34,1,183748,6083.25,6086.75,6082.5,6085.25,3386,ES.v.0
2024-12-06 03:00:00+00:00,34,1,183748,6085.25,6086.0,6082.5,6082.75,3143,ES.v.0
2024-12-06 04:00:00+00:00,34,1,183748,6082.5,6084.75,6080.75,6084.75,3886,ES.v.0
2024-12-06 05:00:00+00:00,34,1,183748,6084.75,6085.0,6083.25,6084.75,2141,ES.v.0
2024-12-06 06:00:00+00:00,34,1,183748,6084.75,6086.25,6084.25,6085.0,2235,ES.v.0
2024-12-06 07:00:00+00:00,34,1,183748,6085.0,6086.75,6084.0,6085.25,4141,ES.v.0
2024-12-06 08:00:00+00:00,34,1,183748,6085.0,6089.0,6084.25,6087.5,8663,ES.v.0
2024-12-06 09:00:00+00:00,34,1,183748,6087.25,6088.0,6083.25,6084.75,7422,ES.v.0
2024-12-06 10:00:00+00:00,34,1,183748,6085.0,6086.0,6080.25,6080.75,5847,ES.v.0
2024-12-06 11:00:00+00:00,34,1,183748,6080.75,6083.0,6078.25,6082.75,7544,ES.v.0
2024-12-06 12:00:00+00:00,34,1,183748,6082.75,6086.5,6081.75,6083.5,10226,ES.v.0
2024-12-06 13:00:00+00:00,34,1,183748,6083.75,6100.75,6076.0,6094.5,54302,ES.v.0
2024-12-06 14:00:00+00:00,34,1,183748,6094.5,6111.0,6092.5,6110.25,144230,ES.v.0
2024-12-06 15:00:00+00:00,34,1,183748,6109.75,6111.0,6102.25,6106.75,144771,ES.v.0
2024-12-06 16:00:00+00:00,34,1,183748,6106.75,6107.5,6095.5,6098.25,132324,ES.v.0
2024-12-06 17:00:00+00:00,34,1,183748,6098.25,6098.75,6090.5,6093.5,111547,ES.v.0
2024-12-06 18:00:00+00:00,34,1,183748,6093.5,6103.75,6092.75,6100.5,103931,ES.v.0
2024-12-06 19:00:00+00:00,34,1,183748,6100.5,6100.75,6090.0,6093.25,101188,ES.v.0
2024-12-06 20:00:00+00:00,34,1,183748,6093.25,6101.25,6091.25,6098.5,156186,ES.v.0
2024-12-06 21:00:00+00:00,34,1,183748,6098.5,6099.5,6095.5,6096.75,46831,ES.v.0
2024-12-08 23:00:00+00:00,34,1,183748,6096.25,6103.0,6095.25,6101.5,7827,ES.v.0
2024-12-09 00:00:00+00:00,34,1,183748,6101.25,6101.75,6097.0,6097.75,4542,ES.v.0
2024-12-09 01:00:00+00:00,34,1,183748,6097.75,6098.5,6094.0,6098.0,5257,ES.v.0
2024-12-09 02:00:00+00:00,34,1,183748,6098.0,6099.0,6095.75,6097.0,3259,ES.v.0
2024-12-09 03:00:00+00:00,34,1,183748,6097.25,6098.0,6094.75,6095.0,3008,ES.v.0
2024-12-09 04:00:00+00:00,34,1,183748,6095.0,6096.0,6093.25,6094.25,2638,ES.v.0
2024-12-09 05:00:00+00:00,34,1,183748,6094.25,6095.75,6094.0,6095.5,2485,ES.v.0
2024-12-09 06:00:00+00:00,34,1,183748,6095.25,6097.25,6095.25,6096.25,2361,ES.v.0
2024-12-09 07:00:00+00:00,34,1,183748,6096.0,6104.5,6094.75,6103.25,9421,ES.v.0
2024-12-09 08:00:00+00:00,34,1,183748,6103.25,6105.75,6101.0,6103.5,11188,ES.v.0
2024-12-09 09:00:00+00:00,34,1,183748,6103.5,6103.75,6094.5,6096.0,12915,ES.v.0
2024-12-09 10:00:00+00:00,34,1,183748,6096.0,6096.25,6092.25,6093.5,8612,ES.v.0
2024-12-09 11:00:00+00:00,34,1,183748,6093.5,6095.75,6088.5,6095.0,18579,ES.v.0
2024-12-09 12:00:00+00:00,34,1,183748,6094.75,6098.75,6093.25,6097.0,13158,ES.v.0
2024-12-09 13:00:00+00:00,34,1,183748,6096.75,6098.0,6093.5,6096.5,12615,ES.v.0
2024-12-09 14:00:00+00:00,34,1,183748,6096.5,6098.5,6090.75,6093.5,115751,ES.v.0
2024-12-09 15:00:00+00:00,34,1,183748,6093.5,6094.5,6071.25,6072.75,239605,ES.v.0
2024-12-09 16:00:00+00:00,34,1,183748,6072.75,6080.0,6065.0,6078.75,181423,ES.v.0
2024-12-09 17:00:00+00:00,34,1,183748,6078.75,6079.5,6071.5,6072.0,94957,ES.v.0
2024-12-09 18:00:00+00:00,34,1,183748,6072.0,6083.25,6069.0,6078.75,101632,ES.v.0
2024-12-09 19:00:00+00:00,34,1,183748,6079.0,6079.0,6064.0,6069.0,116363,ES.v.0
2024-12-09 20:00:00+00:00,34,1,183748,6069.0,6069.5,6060.0,6065.75,235387,ES.v.0
2024-12-09 21:00:00+00:00,34,1,183748,6065.75,6066.0,6060.0,6063.25,55739,ES.v.0
2024-12-09 23:00:00+00:00,34,1,183748,6065.25,6065.25,6060.25,6062.0,6514,ES.v.0
2024-12-10 00:00:00+00:00,34,1,183748,6061.75,6063.25,6060.25,6062.75,6120,ES.v.0
2024-12-10 01:00:00+00:00,34,1,183748,6062.75,6063.5,6059.5,6060.25,8205,ES.v.0
2024-12-10 02:00:00+00:00,34,1,183748,6060.5,6061.5,6060.0,6060.75,3311,ES.v.0
2024-12-10 03:00:00+00:00,34,1,183748,6060.75,6063.0,6060.5,6062.25,2969,ES.v.0
2024-12-10 04:00:00+00:00,34,1,183748,6062.25,6062.75,6060.5,6061.0,1961,ES.v.0
2024-12-10 05:00:00+00:00,34,1,183748,6061.0,6063.75,6060.25,6061.5,5612,ES.v.0
2024-12-10 06:00:00+00:00,34,1,183748,6061.5,6063.0,6060.0,6061.25,2628,ES.v.0
2024-12-10 07:00:00+00:00,34,1,183748,6061.0,6064.0,6061.0,6061.75,4306,ES.v.0
2024-12-10 08:00:00+00:00,34,1,183748,6062.0,6063.25,6059.0,6060.25,10716,ES.v.0
2024-12-10 09:00:00+00:00,34,1,183748,6060.25,6060.75,6057.5,6060.0,10415,ES.v.0
2024-12-10 10:00:00+00:00,34,1,183748,6059.75,6066.5,6059.75,6066.25,8145,ES.v.0
2024-12-10 11:00:00+00:00,34,1,183748,6066.25,6071.25,6065.75,6069.25,9385,ES.v.0
2024-12-10 12:00:00+00:00,34,1,183748,6069.5,6071.75,6068.5,6070.75,13394,ES.v.0
2024-12-10 13:00:00+00:00,34,1,183748,6070.75,6071.25,6065.25,6066.5,23608,ES.v.0
2024-12-10 14:00:00+00:00,34,1,183748,6066.75,6072.75,6061.0,6068.75,155225,ES.v.0
2024-12-10 15:00:00+00:00,34,1,183748,6068.75,6075.25,6066.75,6068.25,157227,ES.v.0
2024-12-10 16:00:00+00:00,34,1,183748,6068.0,6071.0,6061.25,6063.75,151443,ES.v.0
2024-12-10 17:00:00+00:00,34,1,183748,6063.75,6068.5,6060.0,6061.5,115384,ES.v.0
2024-12-10 18:00:00+00:00,34,1,183748,6061.75,6064.5,6058.5,6058.75,89765,ES.v.0
2024-12-10 19:00:00+00:00,34,1,183748,6059.0,6059.5,6054.0,6055.0,114359,ES.v.0
2024-12-10 20:00:00+00:00,34,1,183748,6055.0,6055.25,6039.75,6047.5,284613,ES.v.0
2024-12-10 21:00:00+00:00,34,1,183748,6047.75,6053.0,6047.25,6052.75,56382,ES.v.0
2024-12-10 23:00:00+00:00,34,1,183748,6052.75,6054.75,6049.5,6051.25,6043,ES.v.0
2024-12-11 00:00:00+00:00,34,1,183748,6051.25,6052.0,6048.25,6050.25,4736,ES.v.0
2024-12-11 01:00:00+00:00,34,1,183748,6050.5,6052.25,6049.5,6050.75,3937,ES.v.0
2024-12-11 02:00:00+00:00,34,1,183748,6050.75,6051.25,6049.25,6050.25,2730,ES.v.0
2024-12-11 03:00:00+00:00,34,1,183748,6050.25,6051.25,6049.25,6050.0,2394,ES.v.0
2024-12-11 04:00:00+00:00,34,1,183748,6050.0,6050.5,6047.0,6050.25,3479,ES.v.0
2024-12-11 05:00:00+00:00,34,1,183748,6050.25,6051.5,6049.25,6051.0,1992,ES.v.0
2024-12-11 06:00:00+00:00,34,1,183748,6051.0,6052.75,6050.75,6052.5,2999,ES.v.0
2024-12-11 07:00:00+00:00,34,1,183748,6052.5,6053.0,6045.5,6047.75,7894,ES.v.0
2024-12-11 08:00:00+00:00,34,1,183748,6047.75,6052.5,6047.25,6050.5,7985,ES.v.0
2024-12-11 09:00:00+00:00,34,1,183748,6050.75,6053.5,6050.0,6051.5,9056,ES.v.0
2024-12-11 10:00:00+00:00,34,1,183748,6051.75,6052.25,6049.25,6051.0,6333,ES.v.0
2024-12-11 11:00:00+00:00,34,1,183748,6051.25,6054.0,6051.0,6052.0,6665,ES.v.0
2024-12-11 12:00:00+00:00,34,1,183748,6051.75,6053.25,6049.75,6051.25,9972,ES.v.0
2024-12-11 13:00:00+00:00,34,1,183748,6051.25,6071.5,6050.0,6070.75,62756,ES.v.0
2024-12-11 14:00:00+00:00,34,1,183748,6070.5,6084.0,6070.25,6083.75,172747,ES.v.0
2024-12-11 15:00:00+00:00,34,1,183748,6083.75,6090.25,6080.75,6085.25,192221,ES.v.0
2024-12-11 16:00:00+00:00,34,1,183748,6085.25,6096.75,6082.5,6095.5,119887,ES.v.0
2024-12-11 17:00:00+00:00,34,1,183748,6095.75,6100.0,6093.75,6099.25,104508,ES.v.0
2024-12-11 18:00:00+00:00,34,1,183748,6099.25,6102.5,6095.0,6096.0,86904,ES.v.0
2024-12-11 19:00:00+00:00,34,1,183748,6096.0,6100.0,6093.5,6097.25,98101,ES.v.0
2024-12-11 20:00:00+00:00,34,1,183748,6097.25,6098.75,6090.25,6092.25,188733,ES.v.0
2024-12-11 21:00:00+00:00,34,1,183748,6092.25,6093.0,6086.5,6087.25,63349,ES.v.0
2024-12-11 23:00:00+00:00,34,1,183748,6087.5,6088.25,6085.25,6086.75,4980,ES.v.0
2024-12-12 00:00:00+00:00,34,1,183748,6086.5,6087.25,6082.0,6084.25,4902,ES.v.0
2024-12-12 01:00:00+00:00,34,1,183748,6084.25,6085.75,6082.5,6083.5,3446,ES.v.0
2024-12-12 02:00:00+00:00,34,1,183748,6083.5,6085.0,6082.5,6083.25,2834,ES.v.0
2024-12-12 03:00:00+00:00,34,1,183748,6083.25,6084.5,6082.75,6084.25,2535,ES.v.0
2024-12-12 04:00:00+00:00,34,1,183748,6084.0,6085.25,6083.75,6085.0,1582,ES.v.0
2024-12-12 05:00:00+00:00,34,1,183748,6085.0,6086.75,6084.25,6086.5,2453,ES.v.0
2024-12-12 06:00:00+00:00,34,1,183748,6086.5,6087.5,6083.5,6084.5,3817,ES.v.0
2024-12-12 07:00:00+00:00,34,1,183748,6084.5,6085.5,6082.25,6083.0,4213,ES.v.0
2024-12-12 08:00:00+00:00,34,1,183748,6083.0,6085.75,6081.5,6082.5,10059,ES.v.0
2024-12-12 09:00:00+00:00,34,1,183748,6082.75,6084.5,6081.0,6081.75,7623,ES.v.0
2024-12-12 10:00:00+00:00,34,1,183748,6081.75,6084.5,6081.25,6083.0,7782,ES.v.0
2024-12-12 11:00:00+00:00,34,1,183748,6082.75,6085.0,6079.5,6081.0,15083,ES.v.0
2024-12-12 12:00:00+00:00,34,1,183748,6081.25,6083.75,6079.5,6080.0,12946,ES.v.0
2024-12-12 13:00:00+00:00,34,1,183748,6080.0,6087.5,6071.0,6078.0,51388,ES.v.0
2024-12-12 14:00:00+00:00,34,1,183748,6078.0,6083.5,6073.5,6078.0,162071,ES.v.0
2024-12-12 15:00:00+00:00,34,1,183748,6078.0,6085.75,6067.5,6084.0,234458,ES.v.0
2024-12-12 16:00:00+00:00,34,1,183748,6083.75,6087.75,6073.5,6074.0,133729,ES.v.0
2024-12-12 17:00:00+00:00,34,1,183748,6074.0,6085.0,6073.5,6083.75,125227,ES.v.0
2024-12-12 18:00:00+00:00,34,1,183748,6083.75,6085.5,6073.0,6073.5,107077,ES.v.0
2024-12-12 19:00:00+00:00,34,1,183748,6073.5,6077.25,6064.0,6067.0,137296,ES.v.0
2024-12-12 20:00:00+00:00,34,1,183748,6066.75,6069.5,6059.5,6059.75,207829,ES.v.0
2024-12-12 21:00:00+00:00,34,1,183748,6060.0,6064.0,6055.5,6058.75,80624,ES.v.0
2024-12-12 23:00:00+00:00,34,1,183748,6065.0,6066.75,6062.25,6065.25,8525,ES.v.0
2024-12-13 00:00:00+00:00,34,1,183748,6065.5,6071.0,6064.0,6068.75,6515,ES.v.0
2024-12-13 01:00:00+00:00,34,1,183748,6068.75,6069.25,6065.25,6065.75,4968,ES.v.0
2024-12-13 02:00:00+00:00,34,1,183748,6065.75,6066.5,6060.75,6065.5,5320,ES.v.0
2024-12-13 03:00:00+00:00,34,1,183748,6065.25,6065.75,6061.25,6062.5,3077,ES.v.0
2024-12-13 04:00:00+00:00,34,1,183748,6062.5,6066.75,6061.5,6066.75,3014,ES.v.0
2024-12-13 05:00:00+00:00,34,1,183748,6066.5,6066.75,6064.25,6065.25,1798,ES.v.0
2024-12-13 06:00:00+00:00,34,1,183748,6065.5,6069.75,6065.5,6069.75,2909,ES.v.0
2024-12-13 07:00:00+00:00,34,1,183748,6069.5,6071.5,6066.75,6070.0,4930,ES.v.0
2024-12-13 08:00:00+00:00,34,1,183748,6070.0,6076.25,6069.25,6074.75,8552,ES.v.0
2024-12-13 09:00:00+00:00,34,1,183748,6074.75,6079.25,6074.25,6079.25,7766,ES.v.0
2024-12-13 10:00:00+00:00,34,1,183748,6079.0,6081.5,6078.25,6080.5,7039,ES.v.0
2024-12-13 11:00:00+00:00,34,1,183748,6080.5,6082.0,6078.75,6079.75,9435,ES.v.0
2024-12-13 12:00:00+00:00,34,1,183748,6079.75,6083.25,6079.0,6082.25,13190,ES.v.0
2024-12-13 13:00:00+00:00,34,1,183748,6082.25,6085.25,6080.75,6082.0,18332,ES.v.0
2024-12-13 14:00:00+00:00,34,1,183748,6081.75,6084.75,6072.75,6075.25,151613,ES.v.0
2024-12-13 15:00:00+00:00,34,1,183748,6075.25,6075.75,6047.75,6048.0,249393,ES.v.0
2024-12-13 16:00:00+00:00,34,1,183748,6048.0,6060.0,6043.5,6051.25,184849,ES.v.0
2024-12-13 17:00:00+00:00,34,1,183748,6051.25,6053.25,6041.5,6042.25,101039,ES.v.0
2024-12-13 18:00:00+00:00,34,1,183748,6042.25,6057.5,6041.25,6054.5,90778,ES.v.0
2024-12-13 19:00:00+00:00,34,1,183748,6054.5,6059.75,6052.5,6056.5,67160,ES.v.0
2024-12-13 20:00:00+00:00,34,1,183748,6056.5,6060.25,6050.75,6055.75,158955,ES.v.0
2024-12-13 21:00:00+00:00,34,1,183748,6055.75,6056.0,6047.0,6051.25,49433,ES.v.0
2024-12-15 23:00:00+00:00,34,1,183748,6055.5,6058.75,6051.5,6056.75,4946,ES.v.0
2024-12-16 00:00:00+00:00,34,1,183748,6057.0,6060.5,6056.75,6059.0,3878,ES.v.0
2024-12-16 01:00:00+00:00,34,1,183748,6058.75,6061.0,6057.5,6061.0,3388,ES.v.0
2024-12-16 02:00:00+00:00,34,1,183748,6061.0,6062.75,6059.75,6061.75,2813,ES.v.0
2024-12-16 03:00:00+00:00,34,1,183748,6061.75,6062.25,6059.0,6059.5,1819,ES.v.0
2024-12-16 04:00:00+00:00,34,1,183748,6059.5,6061.25,6058.25,6058.5,1180,ES.v.0
2024-12-16 05:00:00+00:00,34,1,183748,6058.5,6058.75,6056.0,6056.5,1623,ES.v.0
2024-12-16 06:00:00+00:00,34,1,183748,6056.5,6059.25,6056.5,6059.25,1456,ES.v.0
2024-12-16 07:00:00+00:00,34,1,183748,6059.25,6060.5,6056.75,6058.25,2376,ES.v.0
2024-12-16 08:00:00+00:00,34,1,183748,6058.5,6061.0,6057.5,6058.25,5316,ES.v.0
2024-12-16 09:00:00+00:00,34,1,183748,6058.25,6063.75,6057.0,6063.5,4081,ES.v.0
2024-12-16 10:00:00+00:00,34,1,183748,6063.5,6069.0,6063.5,6066.0,5316,ES.v.0
2024-12-16 11:00:00+00:00,34,1,183748,6066.25,6066.75,6061.75,6066.0,3991,ES.v.0
2024-12-16 12:00:00+00:00,34,1,183748,6065.75,6070.5,6065.25,6069.0,6575,ES.v.0
2024-12-16 13:00:00+00:00,34,1,183748,6068.75,6076.25,6067.0,6075.75,11700,ES.v.0
2024-12-16 14:00:00+00:00,34,1,183748,6075.75,6076.75,6068.25,6075.25,54003,ES.v.0
2024-12-16 15:00:00+00:00,34,1,183748,6075.25,6083.25,6064.75,6079.75,81057,ES.v.0
2024-12-16 16:00:00+00:00,34,1,183748,6079.75,6082.5,6076.75,6082.25,42399,ES.v.0
2024-12-16 17:00:00+00:00,34,1,183748,6082.25,6086.25,6078.25,6085.25,38516,ES.v.0
2024-12-16 18:00:00+00:00,34,1,183748,6085.5,6090.5,6084.25,6089.0,32462,ES.v.0
2024-12-16 19:00:00+00:00,34,1,183748,6088.75,6089.5,6085.5,6087.75,26393,ES.v.0
2024-12-16 20:00:00+00:00,34,1,183748,6087.75,6090.5,6073.0,6080.0,94232,ES.v.0
2024-12-16 21:00:00+00:00,34,1,183748,6080.0,6081.75,6073.5,6076.5,21688,ES.v.0
2024-12-16 23:00:00+00:00,34,1,183748,6077.0,6077.0,6070.0,6073.5,2698,ES.v.0
2024-12-17 00:00:00+00:00,34,1,183748,6073.5,6074.75,6071.25,6072.0,1967,ES.v.0
2024-12-17 01:00:00+00:00,34,1,183748,6072.0,6078.0,6070.5,6077.5,2315,ES.v.0
2024-12-17 02:00:00+00:00,34,1,183748,6077.5,6079.25,6077.0,6078.5,1243,ES.v.0
2024-12-17 03:00:00+00:00,34,1,183748,6078.5,6078.5,6075.75,6076.5,560,ES.v.0
2024-12-17 04:00:00+00:00,34,1,183748,6076.5,6079.25,6075.75,6075.75,782,ES.v.0
2024-12-17 05:00:00+00:00,34,1,183748,6076.0,6076.5,6072.5,6072.75,895,ES.v.0
2024-12-17 06:00:00+00:00,34,1,183748,6073.0,6073.5,6067.25,6068.75,2459,ES.v.0
2024-12-17 07:00:00+00:00,34,1,183748,6068.75,6070.25,6061.5,6062.5,2859,ES.v.0
2024-12-17 08:00:00+00:00,34,1,183748,6062.5,6063.75,6058.75,6059.25,4645,ES.v.0
2024-12-17 09:00:00+00:00,34,1,183748,6059.5,6065.0,6059.0,6064.75,3415,ES.v.0
2024-12-17 10:00:00+00:00,34,1,183748,6064.75,6065.75,6060.75,6064.5,2785,ES.v.0
2024-12-17 11:00:00+00:00,34,1,183748,6064.75,6068.0,6059.25,6062.0,4363,ES.v.0
2024-12-17 12:00:00+00:00,34,1,183748,6062.0,6064.25,6057.5,6057.5,9796,ES.v.0
2024-12-17 13:00:00+00:00,34,1,183748,6057.5,6058.25,6051.0,6056.75,10148,ES.v.0
2024-12-17 14:00:00+00:00,34,1,183748,6056.75,6060.25,6047.25,6055.0,44500,ES.v.0
2024-12-17 15:00:00+00:00,34,1,183748,6055.0,6055.5,6043.0,6050.5,49673,ES.v.0
2024-12-17 16:00:00+00:00,34,1,183748,6050.5,6063.5,6049.5,6061.0,44174,ES.v.0
2024-12-17 17:00:00+00:00,34,1,183748,6061.25,6061.75,6054.25,6059.75,20066,ES.v.0
2024-12-17 18:00:00+00:00,34,1,183748,6059.75,6059.75,6051.75,6054.25,15511,ES.v.0
2024-12-17 19:00:00+00:00,34,1,183748,6054.25,6054.75,6044.25,6046.0,22219,ES.v.0
2024-12-17 20:00:00+00:00,34,1,183748,6046.0,6059.5,6040.75,6054.0,71035,ES.v.0
2024-12-17 21:00:00+00:00,34,1,183748,6054.0,6057.0,6048.5,6052.0,18411,ES.v.0
2024-12-17 23:00:00+00:00,34,1,183748,6053.5,6053.75,6040.0,6049.75,1675,ES.v.0
2024-12-18 00:00:00+00:00,34,1,5002,6123.75,6127.75,6123.0,6126.25,3521,ES.v.0
2024-12-18 01:00:00+00:00,34,1,5002,6126.25,6133.5,6126.25,6133.25,4988,ES.v.0
2024-12-18 02:00:00+00:00,34,1,5002,6133.25,6135.25,6133.0,6134.5,3711,ES.v.0
2024-12-18 03:00:00+00:00,34,1,5002,6134.75,6135.25,6129.25,6130.5,3703,ES.v.0
2024-12-18 04:00:00+00:00,34,1,5002,6130.5,6136.75,6130.5,6136.25,3091,ES.v.0
2024-12-18 05:00:00+00:00,34,1,5002,6136.0,6136.75,6133.0,6136.25,2311,ES.v.0
2024-12-18 06:00:00+00:00,34,1,5002,6136.25,6137.75,6132.5,6136.25,4081,ES.v.0
2024-12-18 07:00:00+00:00,34,1,5002,6136.25,6136.75,6133.5,6135.25,3433,ES.v.0
2024-12-18 08:00:00+00:00,34,1,5002,6135.25,6139.5,6133.0,6134.5,11809,ES.v.0
2024-12-18 09:00:00+00:00,34,1,5002,6134.5,6139.75,6132.5,6139.5,9800,ES.v.0
2024-12-18 10:00:00+00:00,34,1,5002,6139.5,6145.75,6139.5,6144.5,10028,ES.v.0
2024-12-18 11:00:00+00:00,34,1,5002,6144.25,6145.5,6142.25,6143.0,6176,ES.v.0
2024-12-18 12:00:00+00:00,34,1,5002,6143.0,6147.25,6142.0,6146.75,9643,ES.v.0
2024-12-18 13:00:00+00:00,34,1,5002,6146.5,6146.5,6131.75,6131.75,26368,ES.v.0
2024-12-18 14:00:00+00:00,34,1,5002,6132.0,6132.75,6118.5,6129.5,139909,ES.v.0
2024-12-18 15:00:00+00:00,34,1,5002,6129.25,6148.0,6128.0,6143.5,146188,ES.v.0
2024-12-18 16:00:00+00:00,34,1,5002,6143.5,6146.75,6129.5,6141.0,153781,ES.v.0
2024-12-18 17:00:00+00:00,34,1,5002,6141.0,6146.0,6134.25,6138.0,107463,ES.v.0
2024-12-18 18:00:00+00:00,34,1,5002,6138.25,6138.5,6133.0,6136.0,73598,ES.v.0
2024-12-18 19:00:00+00:00,34,1,5002,6136.25,6136.75,6039.5,6043.25,487626,ES.v.0
2024-12-18 20:00:00+00:00,34,1,5002,6043.25,6048.0,5934.75,5939.25,709224,ES.v.0
2024-12-18 21:00:00+00:00,34,1,5002,5939.25,5944.0,5906.5,5939.5,226341,ES.v.0
2024-12-18 23:00:00+00:00,34,1,5002,5949.5,5955.0,5938.25,5941.0,28643,ES.v.0
2024-12-19 00:00:00+00:00,34,1,5002,5941.25,5954.0,5940.5,5952.5,16959,ES.v.0
2024-12-19 01:00:00+00:00,34,1,5002,5952.75,5957.25,5942.75,5950.75,17614,ES.v.0
2024-12-19 02:00:00+00:00,34,1,5002,5950.75,5952.25,5942.25,5944.25,12109,ES.v.0
2024-12-19 03:00:00+00:00,34,1,5002,5944.25,5948.75,5939.5,5947.25,11549,ES.v.0
2024-12-19 04:00:00+00:00,34,1,5002,5947.0,5950.0,5944.5,5947.25,7352,ES.v.0
2024-12-19 05:00:00+00:00,34,1,5002,5947.0,5950.5,5936.0,5937.0,9640,ES.v.0
2024-12-19 06:00:00+00:00,34,1,5002,5937.0,5947.5,5936.5,5943.5,11376,ES.v.0
2024-12-19 07:00:00+00:00,34,1,5002,5943.5,5963.0,5942.25,5961.0,22903,ES.v.0
2024-12-19 08:00:00+00:00,34,1,5002,5961.0,5966.25,5953.75,5965.5,28391,ES.v.0
2024-12-19 09:00:00+00:00,34,1,5002,5965.25,5966.75,5957.0,5965.0,28497,ES.v.0
2024-12-19 10:00:00+00:00,34,1,5002,5965.0,5972.0,5961.25,5961.5,22112,ES.v.0
2024-12-19 11:00:00+00:00,34,1,5002,5961.5,5969.25,5959.75,5968.5,17208,ES.v.0
2024-12-19 12:00:00+00:00,34,1,5002,5968.0,5990.25,5966.5,5990.0,40496,ES.v.0
2024-12-19 13:00:00+00:00,34,1,5002,5989.75,5992.75,5979.0,5979.5,60009,ES.v.0
2024-12-19 14:00:00+00:00,34,1,5002,5979.5,6005.25,5972.75,5980.5,301476,ES.v.0
2024-12-19 15:00:00+00:00,34,1,5002,5980.5,5984.5,5951.75,5971.0,325238,ES.v.0
2024-12-19 16:00:00+00:00,34,1,5002,5971.25,5987.5,5951.5,5971.75,223600,ES.v.0
2024-12-19 17:00:00+00:00,34,1,5002,5971.75,5974.5,5947.5,5963.5,164840,ES.v.0
2024-12-19 18:00:00+00:00,34,1,5002,5963.25,5986.5,5945.5,5986.25,148528,ES.v.0
2024-12-19 19:00:00+00:00,34,1,5002,5986.25,5986.5,5953.25,5953.25,145086,ES.v.0
2024-12-19 20:00:00+00:00,34,1,5002,5953.5,5967.25,5931.75,5934.25,352161,ES.v.0
2024-12-19 21:00:00+00:00,34,1,5002,5934.5,5943.75,5931.25,5941.25,94512,ES.v.0
2024-12-19 23:00:00+00:00,34,1,5002,5944.5,5944.5,5932.75,5934.25,10716,ES.v.0
2024-12-20 00:00:00+00:00,34,1,5002,5934.5,5937.75,5913.0,5915.0,19999,ES.v.0
2024-12-20 01:00:00+00:00,34,1,5002,5915.25,5920.25,5912.5,5913.25,10492,ES.v.0
2024-12-20 02:00:00+00:00,34,1,5002,5913.5,5913.75,5905.25,5912.0,11118,ES.v.0
2024-12-20 03:00:00+00:00,34,1,5002,5912.0,5914.5,5901.75,5905.0,9149,ES.v.0
2024-12-20 04:00:00+00:00,34,1,5002,5905.0,5914.25,5904.75,5914.0,8283,ES.v.0
2024-12-20 05:00:00+00:00,34,1,5002,5914.0,5918.0,5912.0,5917.75,7029,ES.v.0
2024-12-20 06:00:00+00:00,34,1,5002,5917.5,5926.75,5913.25,5926.5,8666,ES.v.0
2024-12-20 07:00:00+00:00,34,1,5002,5926.25,5927.75,5916.25,5922.0,10477,ES.v.0
2024-12-20 08:00:00+00:00,34,1,5002,5921.75,5922.75,5891.5,5902.0,28605,ES.v.0
2024-12-20 09:00:00+00:00,34,1,5002,5902.0,5903.0,5882.25,5886.25,28142,ES.v.0
2024-12-20 10:00:00+00:00,34,1,5002,5886.25,5892.5,5878.75,5888.0,23953,ES.v.0
2024-12-20 11:00:00+00:00,34,1,5002,5888.0,5893.5,5881.75,5882.75,18897,ES.v.0
2024-12-20 12:00:00+00:00,34,1,5002,5882.5,5886.5,5866.0,5885.5,44654,ES.v.0
2024-12-20 13:00:00+00:00,34,1,5002,5885.25,5913.25,5877.25,5902.5,89575,ES.v.0
2024-12-20 14:00:00+00:00,34,1,5002,5902.5,5931.75,5895.25,5910.0,277891,ES.v.0
2024-12-20 15:00:00+00:00,34,1,5002,5910.5,5982.5,5910.5,5972.25,320726,ES.v.0
2024-12-20 16:00:00+00:00,34,1,5002,5972.25,6040.75,5970.5,6035.75,271299,ES.v.0
2024-12-20 17:00:00+00:00,34,1,5002,6036.0,6050.75,6030.0,6038.75,169413,ES.v.0
2024-12-20 18:00:00+00:00,34,1,5002,6038.75,6039.25,6011.5,6013.5,158473,ES.v.0
2024-12-20 19:00:00+00:00,34,1,5002,6013.25,6032.75,6008.75,6017.25,116200,ES.v.0
2024-12-20 20:00:00+00:00,34,1,5002,6017.25,6021.5,5987.25,6002.25,348422,ES.v.0
2024-12-20 21:00:00+00:00,34,1,5002,6002.25,6019.0,5987.5,5996.5,118210,ES.v.0
2024-12-22 23:00:00+00:00,34,1,5002,6001.75,6026.0,6001.75,6021.0,15787,ES.v.0
2024-12-23 00:00:00+00:00,34,1,5002,6021.25,6022.5,6011.25,6015.75,10683,ES.v.0
2024-12-23 01:00:00+00:00,34,1,5002,6016.0,6024.75,6012.5,6023.75,8821,ES.v.0
2024-12-23 02:00:00+00:00,34,1,5002,6023.5,6025.0,6020.0,6024.0,7422,ES.v.0
2024-12-23 03:00:00+00:00,34,1,5002,6023.75,6024.25,6020.0,6021.75,3715,ES.v.0
2024-12-23 04:00:00+00:00,34,1,5002,6022.0,6029.0,6021.5,6028.5,4331,ES.v.0
2024-12-23 05:00:00+00:00,34,1,5002,6028.5,6032.0,6026.0,6031.25,4983,ES.v.0
2024-12-23 06:00:00+00:00,34,1,5002,6031.25,6033.0,6029.0,6030.75,4672,ES.v.0
2024-12-23 07:00:00+00:00,34,1,5002,6031.0,6031.5,6022.75,6026.5,9902,ES.v.0
2024-12-23 08:00:00+00:00,34,1,5002,6026.75,6028.5,6015.25,6020.25,15085,ES.v.0
2024-12-23 09:00:00+00:00,34,1,5002,6020.5,6024.0,6016.25,6018.25,11488,ES.v.0
2024-12-23 10:00:00+00:00,34,1,5002,6018.0,6021.0,6005.5,6006.25,9686,ES.v.0
2024-12-23 11:00:00+00:00,34,1,5002,6006.25,6007.75,5992.5,5995.25,14278,ES.v.0
2024-12-23 12:00:00+00:00,34,1,5002,5995.5,6009.5,5995.5,6009.0,19143,ES.v.0
2024-12-23 13:00:00+00:00,34,1,5002,6008.5,6009.25,5983.0,5989.0,35468,ES.v.0
2024-12-23 14:00:00+00:00,34,1,5002,5989.25,6008.25,5981.25,5993.5,189872,ES.v.0
2024-12-23 15:00:00+00:00,34,1,5002,5993.5,5995.75,5965.0,5979.25,223267,ES.v.0
2024-12-23 16:00:00+00:00,34,1,5002,5979.0,6015.0,5977.75,6014.25,119229,ES.v.0
2024-12-23 17:00:00+00:00,34,1,5002,6014.5,6020.5,6002.5,6015.5,119361,ES.v.0
2024-12-23 18:00:00+00:00,34,1,5002,6015.5,6029.75,6013.5,6027.0,90441,ES.v.0
2024-12-23 19:00:00+00:00,34,1,5002,6027.0,6033.5,6019.0,6019.5,84131,ES.v.0
2024-12-23 20:00:00+00:00,34,1,5002,6019.25,6043.0,6012.0,6036.75,243047,ES.v.0
2024-12-23 21:00:00+00:00,34,1,5002,6037.0,6041.5,6030.0,6036.0,57050,ES.v.0
2024-12-23 23:00:00+00:00,34,1,5002,6037.75,6042.5,6034.0,6036.0,6732,ES.v.0
2024-12-24 00:00:00+00:00,34,1,5002,6036.25,6036.5,6030.0,6035.25,4507,ES.v.0
2024-12-24 01:00:00+00:00,34,1,5002,6035.25,6036.5,6032.0,6034.25,3649,ES.v.0
2024-12-24 02:00:00+00:00,34,1,5002,6034.0,6036.0,6032.25,6035.5,2768,ES.v.0
2024-12-24 03:00:00+00:00,34,1,5002,6035.75,6038.0,6032.25,6034.5,2928,ES.v.0
2024-12-24 04:00:00+00:00,34,1,5002,6034.5,6035.75,6032.0,6035.75,1319,ES.v.0
2024-12-24 05:00:00+00:00,34,1,5002,6035.5,6036.0,6033.0,6034.25,1502,ES.v.0
2024-12-24 06:00:00+00:00,34,1,5002,6034.25,6038.25,6032.5,6036.75,2116,ES.v.0
2024-12-24 07:00:00+00:00,34,1,5002,6036.75,6042.5,6036.25,6039.0,4895,ES.v.0
2024-12-24 08:00:00+00:00,34,1,5002,6039.25,6040.25,6033.5,6037.75,5647,ES.v.0
2024-12-24 09:00:00+00:00,34,1,5002,6037.5,6046.0,6036.25,6044.75,5850,ES.v.0
2024-12-24 10:00:00+00:00,34,1,5002,6045.0,6046.0,6040.75,6044.0,3917,ES.v.0
2024-12-24 11:00:00+00:00,34,1,5002,6044.0,6045.75,6037.5,6040.75,4579,ES.v.0
2024-12-24 12:00:00+00:00,34,1,5002,6040.75,6044.0,6039.25,6043.5,6948,ES.v.0
2024-12-24 13:00:00+00:00,34,1,5002,6043.25,6046.0,6040.75,6045.5,8991,ES.v.0
2024-12-24 14:00:00+00:00,34,1,5002,6045.5,6060.0,6042.25,6059.0,104374,ES.v.0
2024-12-24 15:00:00+00:00,34,1,5002,6059.25,6081.25,6059.0,6079.0,128404,ES.v.0
2024-12-24 16:00:00+00:00,34,1,5002,6079.0,6085.5,6075.0,6077.0,85673,ES.v.0
2024-12-24 17:00:00+00:00,34,1,5002,6077.0,6099.5,6075.5,6098.5,165276,ES.v.0
2024-12-24 18:00:00+00:00,34,1,5002,6098.5,6099.25,6094.25,6099.0,31387,ES.v.0
2024-12-25 23:00:00+00:00,34,1,5002,6099.25,6102.5,6095.75,6097.75,6526,ES.v.0
2024-12-26 00:00:00+00:00,34,1,5002,6097.5,6099.0,6096.0,6096.5,2706,ES.v.0
2024-12-26 01:00:00+00:00,34,1,5002,6096.5,6101.0,6094.75,6099.75,3407,ES.v.0
2024-12-26 02:00:00+00:00,34,1,5002,6099.5,6100.5,6097.5,6099.75,2021,ES.v.0
2024-12-26 03:00:00+00:00,34,1,5002,6099.75,6105.0,6099.75,6105.0,3265,ES.v.0
2024-12-26 04:00:00+00:00,34,1,5002,6104.75,6104.75,6100.5,6101.0,2044,ES.v.0
2024-12-26 05:00:00+00:00,34,1,5002,6101.0,6104.25,6100.25,6102.75,1918,ES.v.0
2024-12-26 06:00:00+00:00,34,1,5002,6103.0,6103.5,6099.25,6099.25,2482,ES.v.0
2024-12-26 07:00:00+00:00,34,1,5002,6099.5,6102.25,6098.25,6101.25,2460,ES.v.0
2024-12-26 08:00:00+00:00,34,1,5002,6101.0,6101.25,6082.75,6085.0,14465,ES.v.0
2024-12-26 09:00:00+00:00,34,1,5002,6085.0,6087.0,6074.25,6076.25,12764,ES.v.0
2024-12-26 10:00:00+00:00,34,1,5002,6076.5,6076.5,6069.0,6073.75,9351,ES.v.0
2024-12-26 11:00:00+00:00,34,1,5002,6073.75,6077.75,6067.5,6077.0,10405,ES.v.0
2024-12-26 12:00:00+00:00,34,1,5002,6077.0,6080.25,6074.75,6077.75,10153,ES.v.0
2024-12-26 13:00:00+00:00,34,1,5002,6077.75,6080.25,6071.0,6076.75,18329,ES.v.0
2024-12-26 14:00:00+00:00,34,1,5002,6076.5,6086.5,6063.25,6082.0,133192,ES.v.0
2024-12-26 15:00:00+00:00,34,1,5002,6081.75,6090.75,6076.25,6090.5,130400,ES.v.0
2024-12-26 16:00:00+00:00,34,1,5002,6090.5,6101.25,6086.75,6100.5,79213,ES.v.0
2024-12-26 17:00:00+00:00,34,1,5002,6100.75,6107.5,6085.75,6092.0,95134,ES.v.0
2024-12-26 18:00:00+00:00,34,1,5002,6092.0,6100.75,6090.0,6095.75,83447,ES.v.0
2024-12-26 19:00:00+00:00,34,1,5002,6095.75,6100.5,6088.5,6100.0,64503,ES.v.0
2024-12-26 20:00:00+00:00,34,1,5002,6100.0,6104.0,6093.0,6094.75,117420,ES.v.0
2024-12-26 21:00:00+00:00,34,1,5002,6094.75,6098.5,6091.0,6091.5,34237,ES.v.0
2024-12-26 23:00:00+00:00,34,1,5002,6092.0,6095.25,6089.75,6095.0,3742,ES.v.0
2024-12-27 00:00:00+00:00,34,1,5002,6095.25,6095.25,6083.0,6086.5,5437,ES.v.0
2024-12-27 01:00:00+00:00,34,1,5002,6086.5,6088.0,6083.75,6086.25,3745,ES.v.0
2024-12-27 02:00:00+00:00,34,1,5002,6086.25,6087.75,6084.75,6085.0,2103,ES.v.0
2024-12-27 03:00:00+00:00,34,1,5002,6085.0,6086.25,6082.5,6084.5,2972,ES.v.0
2024-12-27 04:00:00+00:00,34,1,5002,6084.5,6085.5,6082.5,6083.25,1876,ES.v.0
2024-12-27 05:00:00+00:00,34,1,5002,6083.25,6086.5,6082.5,6083.0,2484,ES.v.0
2024-12-27 06:00:00+00:00,34,1,5002,6082.75,6083.0,6077.5,6079.25,4507,ES.v.0
2024-12-27 07:00:00+00:00,34,1,5002,6079.25,6081.25,6075.75,6077.0,3264,ES.v.0
2024-12-27 08:00:00+00:00,34,1,5002,6077.0,6078.5,6070.5,6072.0,11970,ES.v.0
2024-12-27 09:00:00+00:00,34,1,5002,6071.75,6075.5,6070.25,6072.25,8214,ES.v.0
2024-12-27 10:00:00+00:00,34,1,5002,6072.5,6074.25,6070.75,6074.0,6524,ES.v.0
2024-12-27 11:00:00+00:00,34,1,5002,6074.0,6076.0,6071.75,6075.75,6457,ES.v.0
2024-12-27 12:00:00+00:00,34,1,5002,6075.5,6078.75,6073.5,6075.25,9239,ES.v.0
2024-12-27 13:00:00+00:00,34,1,5002,6075.25,6075.5,6065.0,6066.25,23702,ES.v.0
2024-12-27 14:00:00+00:00,34,1,5002,6066.5,6068.0,6041.25,6045.0,200464,ES.v.0
2024-12-27 15:00:00+00:00,34,1,5002,6044.75,6047.0,5997.75,6015.75,321644,ES.v.0
2024-12-27 16:00:00+00:00,34,1,5002,6015.5,6023.5,5992.0,5996.0,183549,ES.v.0
2024-12-27 17:00:00+00:00,34,1,5002,5996.0,6000.25,5982.75,5996.0,164258,ES.v.0
2024-12-27 18:00:00+00:00,34,1,5002,5996.0,6017.25,5993.75,6015.75,110267,ES.v.0
2024-12-27 19:00:00+00:00,34,1,5002,6015.5,6033.75,6012.25,6031.0,125421,ES.v.0
2024-12-27 20:00:00+00:00,34,1,5002,6030.75,6031.5,6003.0,6028.5,276368,ES.v.0
2024-12-27 21:00:00+00:00,34,1,5002,6028.75,6031.75,6027.0,6029.25,62956,ES.v.0
2024-12-29 23:00:00+00:00,34,1,5002,6028.75,6036.25,6017.5,6024.75,10837,ES.v.0
2024-12-30 00:00:00+00:00,34,1,5002,6024.75,6027.25,6018.25,6024.5,7056,ES.v.0
2024-12-30 01:00:00+00:00,34,1,5002,6024.25,6026.75,6019.25,6025.5,4889,ES.v.0
2024-12-30 02:00:00+00:00,34,1,5002,6025.25,6025.25,6019.5,6020.5,3169,ES.v.0
2024-12-30 03:00:00+00:00,34,1,5002,6020.5,6020.5,6015.75,6017.25,4006,ES.v.0
2024-12-30 04:00:00+00:00,34,1,5002,6017.25,6019.75,6015.25,6017.75,2942,ES.v.0
2024-12-30 05:00:00+00:00,34,1,5002,6017.75,6018.75,6011.5,6013.25,4285,ES.v.0
2024-12-30 06:00:00+00:00,34,1,5002,6013.5,6020.5,6012.5,6014.25,4071,ES.v.0
2024-12-30 07:00:00+00:00,34,1,5002,6014.0,6014.0,6003.5,6007.0,8296,ES.v.0
2024-12-30 08:00:00+00:00,34,1,5002,6006.75,6015.0,6004.25,6011.75,11049,ES.v.0
2024-12-30 09:00:00+00:00,34,1,5002,6011.75,6015.25,6009.0,6012.0,9238,ES.v.0
2024-12-30 10:00:00+00:00,34,1,5002,6011.75,6015.0,6011.0,6012.75,5807,ES.v.0
2024-12-30 11:00:00+00:00,34,1,5002,6013.0,6016.25,6011.75,6012.75,6723,ES.v.0
2024-12-30 12:00:00+00:00,34,1,5002,6013.0,6013.25,5962.75,5970.5,42009,ES.v.0
2024-12-30 13:00:00+00:00,34,1,5002,5970.5,5973.5,5945.25,5949.25,51885,ES.v.0
2024-12-30 14:00:00+00:00,34,1,5002,5949.25,5960.0,5926.5,5927.25,223997,ES.v.0
2024-12-30 15:00:00+00:00,34,1,5002,5927.25,5948.5,5918.25,5945.25,288881,ES.v.0
2024-12-30 16:00:00+00:00,34,1,5002,5945.25,5971.0,5938.5,5968.0,161597,ES.v.0
2024-12-30 17:00:00+00:00,34,1,5002,5968.0,5990.25,5966.5,5986.75,136813,ES.v.0
2024-12-30 18:00:00+00:00,34,1,5002,5987.0,5993.25,5975.25,5987.0,118511,ES.v.0
2024-12-30 19:00:00+00:00,34,1,5002,5987.0,5988.75,5969.0,5984.5,105040,ES.v.0
2024-12-30 20:00:00+00:00,34,1,5002,5984.25,5987.75,5956.25,5958.0,214981,ES.v.0
2024-12-30 21:00:00+00:00,34,1,5002,5958.25,5960.0,5948.0,5954.25,69161,ES.v.0
2024-12-30 23:00:00+00:00,34,1,5002,5955.0,5955.0,5944.0,5953.25,7174,ES.v.0
2024-12-31 00:00:00+00:00,34,1,5002,5953.5,5954.75,5947.5,5948.5,3193,ES.v.0
2024-12-31 01:00:00+00:00,34,1,5002,5948.5,5960.75,5948.25,5959.75,4885,ES.v.0
2024-12-31 02:00:00+00:00,34,1,5002,5959.75,5966.25,5958.0,5959.25,4917,ES.v.0
2024-12-31 03:00:00+00:00,34,1,5002,5959.25,5960.25,5952.5,5956.25,4885,ES.v.0
2024-12-31 04:00:00+00:00,34,1,5002,5956.25,5956.75,5949.75,5955.5,3514,ES.v.0
2024-12-31 05:00:00+00:00,34,1,5002,5955.5,5957.0,5952.25,5956.25,2629,ES.v.0
2024-12-31 06:00:00+00:00,34,1,5002,5956.25,5956.25,5948.5,5951.75,2890,ES.v.0
2024-12-31 07:00:00+00:00,34,1,5002,5951.5,5957.5,5950.25,5954.0,4328,ES.v.0
2024-12-31 08:00:00+00:00,34,1,5002,5954.25,5956.75,5949.25,5953.25,6794,ES.v.0
2024-12-31 09:00:00+00:00,34,1,5002,5953.5,5977.75,5952.0,5975.0,13661,ES.v.0
2024-12-31 10:00:00+00:00,34,1,5002,5975.0,5979.75,5972.75,5976.75,5394,ES.v.0
2024-12-31 11:00:00+00:00,34,1,5002,5977.0,5980.25,5973.5,5978.25,7973,ES.v.0
2024-12-31 12:00:00+00:00,34,1,5002,5978.25,5983.25,5971.25,5972.25,15482,ES.v.0
2024-12-31 13:00:00+00:00,34,1,5002,5972.0,5980.0,5968.0,5973.0,18778,ES.v.0
2024-12-31 14:00:00+00:00,34,1,5002,5973.25,5980.0,5959.0,5973.75,128750,ES.v.0
2024-12-31 15:00:00+00:00,34,1,5002,5973.5,5980.25,5954.75,5960.0,170225,ES.v.0
2024-12-31 16:00:00+00:00,34,1,5002,5960.0,5961.25,5938.25,5943.25,145835,ES.v.0
2024-12-31 17:00:00+00:00,34,1,5002,5943.25,5947.0,5921.75,5945.5,139548,ES.v.0
2024-12-31 18:00:00+00:00,34,1,5002,5945.25,5950.25,5920.5,5926.5,132056,ES.v.0
2024-12-31 19:00:00+00:00,34,1,5002,5926.75,5938.75,5917.25,5937.0,125425,ES.v.0
2024-12-31 20:00:00+00:00,34,1,5002,5937.0,5949.0,5923.5,5935.0,261261,ES.v.0
2024-12-31 21:00:00+00:00,34,1,5002,5935.25,5941.25,5930.75,5938.25,55269,ES.v.0
2025-01-01 23:00:00+00:00,34,1,5002,5949.25,5955.5,5933.5,5939.25,15385,ES.v.0
2025-01-02 00:00:00+00:00,34,1,5002,5939.25,5939.5,5910.75,5934.75,20933,ES.v.0
2025-01-02 01:00:00+00:00,34,1,5002,5934.75,5950.75,5934.75,5947.0,12653,ES.v.0
2025-01-02 02:00:00+00:00,34,1,5002,5946.75,5958.25,5945.5,5955.75,8778,ES.v.0
2025-01-02 03:00:00+00:00,34,1,5002,5955.75,5959.75,5950.5,5952.5,5349,ES.v.0
2025-01-02 04:00:00+00:00,34,1,5002,5952.5,5957.0,5947.5,5954.75,4885,ES.v.0
2025-01-02 05:00:00+00:00,34,1,5002,5955.0,5965.5,5954.0,5963.75,5924,ES.v.0
2025-01-02 06:00:00+00:00,34,1,5002,5964.0,5968.0,5962.25,5967.0,4456,ES.v.0
2025-01-02 07:00:00+00:00,34,1,5002,5967.0,5969.5,5961.0,5961.5,6789,ES.v.0
2025-01-02 08:00:00+00:00,34,1,5002,5961.75,5975.0,5953.25,5964.25,19658,ES.v.0
2025-01-02 09:00:00+00:00,34,1,5002,5964.5,5972.5,5960.25,5972.0,12387,ES.v.0
2025-01-02 10:00:00+00:00,34,1,5002,5972.0,5974.0,5963.75,5972.25,11000,ES.v.0
2025-01-02 11:00:00+00:00,34,1,5002,5972.25,5989.75,5966.5,5989.25,16210,ES.v.0
2025-01-02 12:00:00+00:00,34,1,5002,5989.5,5995.25,5976.0,5983.5,27508,ES.v.0
2025-01-02 13:00:00+00:00,34,1,5002,5983.5,5988.0,5974.75,5978.25,23874,ES.v.0
2025-01-02 14:00:00+00:00,34,1,5002,5978.0,5978.75,5934.5,5974.75,238437,ES.v.0
2025-01-02 15:00:00+00:00,34,1,5002,5974.75,5985.0,5935.5,5948.0,292503,ES.v.0
2025-01-02 16:00:00+00:00,34,1,5002,5948.25,5960.0,5924.0,5951.25,175423,ES.v.0
2025-01-02 17:00:00+00:00,34,1,5002,5951.25,5959.25,5879.75,5899.0,250514,ES.v.0
2025-01-02 18:00:00+00:00,34,1,5002,5899.25,5901.25,5874.75,5889.0,179393,ES.v.0
2025-01-02 19:00:00+00:00,34,1,5002,5889.25,5911.0,5883.75,5892.5,134447,ES.v.0
2025-01-02 20:00:00+00:00,34,1,5002,5892.5,5925.25,5892.25,5917.25,213430,ES.v.0
2025-01-02 21:00:00+00:00,34,1,5002,5917.5,5925.25,5917.0,5920.0,42336,ES.v.0
2025-01-02 23:00:00+00:00,34,1,5002,5921.0,5922.75,5911.25,5914.75,7174,ES.v.0
2025-01-03 00:00:00+00:00,34,1,5002,5914.5,5929.5,5913.25,5929.25,8561,ES.v.0
2025-01-03 01:00:00+00:00,34,1,5002,5929.25,5932.25,5922.75,5925.75,6795,ES.v.0
2025-01-03 02:00:00+00:00,34,1,5002,5925.75,5933.75,5925.5,5930.25,6303,ES.v.0
2025-01-03 03:00:00+00:00,34,1,5002,5930.25,5934.0,5930.25,5931.25,4256,ES.v.0
2025-01-03 04:00:00+00:00,34,1,5002,5931.25,5933.0,5927.0,5927.0,3143,ES.v.0
2025-01-03 05:00:00+00:00,34,1,5002,5927.25,5928.75,5923.75,5927.5,3155,ES.v.0
2025-01-03 06:00:00+00:00,34,1,5002,5927.25,5933.0,5925.5,5929.25,2833,ES.v.0
2025-01-03 07:00:00+00:00,34,1,5002,5929.0,5932.75,5924.0,5930.5,5636,ES.v.0
2025-01-03 08:00:00+00:00,34,1,5002,5930.5,5937.25,5924.25,5929.25,12515,ES.v.0
2025-01-03 09:00:00+00:00,34,1,5002,5929.25,5941.75,5927.5,5938.5,10426,ES.v.0
2025-01-03 10:00:00+00:00,34,1,5002,5938.5,5938.75,5927.75,5929.25,7549,ES.v.0
2025-01-03 11:00:00+00:00,34,1,5002,5929.25,5930.75,5924.75,5929.0,8896,ES.v.0
2025-01-03 12:00:00+00:00,34,1,5002,5929.0,5932.75,5923.75,5932.25,9328,ES.v.0
2025-01-03 13:00:00+00:00,34,1,5002,5932.0,5938.5,5930.25,5930.5,17882,ES.v.0
2025-01-03 14:00:00+00:00,34,1,5002,5930.5,5965.75,5930.25,5950.5,173057,ES.v.0
2025-01-03 15:00:00+00:00,34,1,5002,5950.5,5965.0,5934.0,5962.25,234791,ES.v.0
2025-01-03 16:00:00+00:00,34,1,5002,5962.0,5980.75,5951.5,5974.75,141723,ES.v.0
2025-01-03 17:00:00+00:00,34,1,5002,5974.75,5981.25,5969.25,5977.5,91517,ES.v.0
2025-01-03 18:00:00+00:00,34,1,5002,5977.5,5989.5,5972.25,5984.0,83657,ES.v.0
2025-01-03 19:00:00+00:00,34,1,5002,5984.0,5996.75,5981.75,5991.5,76715,ES.v.0
2025-01-03 20:00:00+00:00,34,1,5002,5991.5,5992.0,5980.75,5988.0,184880,ES.v.0
2025-01-03 21:00:00+00:00,34,1,5002,5988.25,5989.25,5983.0,5985.25,43765,ES.v.0
2025-01-05 23:00:00+00:00,34,1,5002,5994.5,5996.0,5986.0,5990.75,8159,ES.v.0
2025-01-06 00:00:00+00:00,34,1,5002,5991.0,5993.25,5982.0,5985.5,8839,ES.v.0
2025-01-06 01:00:00+00:00,34,1,5002,5985.5,5987.25,5981.25,5984.25,4754,ES.v.0
2025-01-06 02:00:00+00:00,34,1,5002,5984.5,5988.0,5980.75,5986.0,6220,ES.v.0
2025-01-06 03:00:00+00:00,34,1,5002,5986.0,5987.0,5983.5,5984.75,2917,ES.v.0
2025-01-06 04:00:00+00:00,34,1,5002,5984.5,5988.25,5984.25,5987.5,2645,ES.v.0
2025-01-06 05:00:00+00:00,34,1,5002,5987.5,5993.5,5987.0,5991.5,3606,ES.v.0
2025-01-06 06:00:00+00:00,34,1,5002,5991.75,5996.0,5990.25,5994.75,3479,ES.v.0
2025-01-06 07:00:00+00:00,34,1,5002,5994.75,6000.0,5992.75,5997.75,5686,ES.v.0
2025-01-06 08:00:00+00:00,34,1,5002,5998.0,6007.5,5997.0,6006.75,12344,ES.v.0
2025-01-06 09:00:00+00:00,34,1,5002,6006.75,6017.75,6006.5,6017.25,14430,ES.v.0
2025-01-06 10:00:00+00:00,34,1,5002,6017.25,6021.0,6013.25,6015.0,13180,ES.v.0
2025-01-06 11:00:00+00:00,34,1,5002,6014.75,6033.75,6007.5,6033.0,34895,ES.v.0
2025-01-06 12:00:00+00:00,34,1,5002,6032.75,6040.5,6028.0,6035.25,23788,ES.v.0
2025-01-06 13:00:00+00:00,34,1,5002,6035.25,6041.25,6031.75,6040.75,28964,ES.v.0
2025-01-06 14:00:00+00:00,34,1,5002,6041.0,6053.0,6015.75,6049.25,250629,ES.v.0
2025-01-06 15:00:00+00:00,34,1,5002,6049.25,6063.25,6047.0,6059.5,205257,ES.v.0
2025-01-06 16:00:00+00:00,34,1,5002,6059.75,6068.25,6056.25,6065.5,99925,ES.v.0
2025-01-06 17:00:00+00:00,34,1,5002,6065.5,6065.5,6043.5,6047.0,117275,ES.v.0
2025-01-06 18:00:00+00:00,34,1,5002,6047.25,6047.75,6025.0,6026.0,158591,ES.v.0
2025-01-06 19:00:00+00:00,34,1,5002,6026.0,6027.75,6011.25,6012.0,159606,ES.v.0
2025-01-06 20:00:00+00:00,34,1,5002,6011.75,6023.75,6004.0,6022.5,237982,ES.v.0
2025-01-06 21:00:00+00:00,34,1,5002,6022.5,6028.5,6022.0,6028.25,56265,ES.v.0
2025-01-06 23:00:00+00:00,34,1,5002,6028.0,6031.75,6025.0,6025.75,6315,ES.v.0
2025-01-07 00:00:00+00:00,34,1,5002,6025.5,6027.25,6021.25,6023.5,5877,ES.v.0
2025-01-07 01:00:00+00:00,34,1,5002,6023.25,6024.25,6019.25,6023.0,6164,ES.v.0
2025-01-07 02:00:00+00:00,34,1,5002,6023.25,6026.5,6016.5,6017.0,5113,ES.v.0
2025-01-07 03:00:00+00:00,34,1,5002,6017.25,6021.0,6013.25,6020.75,4759,ES.v.0
2025-01-07 04:00:00+00:00,34,1,5002,6020.75,6021.0,6016.25,6016.25,3808,ES.v.0
2025-01-07 05:00:00+00:00,34,1,5002,6016.5,6017.5,6007.0,6014.75,6519,ES.v.0
2025-01-07 06:00:00+00:00,34,1,5002,6014.75,6017.0,6010.25,6011.5,3716,ES.v.0
2025-01-07 07:00:00+00:00,34,1,5002,6011.5,6018.25,6011.25,6018.0,5843,ES.v.0
2025-01-07 08:00:00+00:00,34,1,5002,6018.0,6026.5,6012.75,6023.75,14067,ES.v.0
2025-01-07 09:00:00+00:00,34,1,5002,6024.0,6027.75,6018.25,6019.75,9297,ES.v.0
2025-01-07 10:00:00+00:00,34,1,5002,6019.75,6028.5,6017.5,6027.75,6394,ES.v.0
2025-01-07 11:00:00+00:00,34,1,5002,6028.0,6029.5,6021.25,6024.0,8453,ES.v.0
2025-01-07 12:00:00+00:00,34,1,5002,6024.25,6032.5,6021.0,6027.5,14294,ES.v.0
2025-01-07 13:00:00+00:00,34,1,5002,6027.5,6037.5,6026.0,6037.5,21211,ES.v.0
2025-01-07 14:00:00+00:00,34,1,5002,6037.5,6045.5,6028.5,6032.0,146407,ES.v.0
2025-01-07 15:00:00+00:00,34,1,5002,6031.25,6031.25,5969.5,6001.5,436574,ES.v.0
2025-01-07 16:00:00+00:00,34,1,5002,6001.5,6004.5,5971.5,5973.75,246928,ES.v.0
2025-01-07 17:00:00+00:00,34,1,5002,5973.75,5984.25,5962.75,5975.75,155160,ES.v.0
2025-01-07 18:00:00+00:00,34,1,5002,5976.0,5991.0,5974.0,5977.25,113674,ES.v.0
2025-01-07 19:00:00+00:00,34,1,5002,5977.0,5983.0,5965.5,5967.25,107164,ES.v.0
2025-01-07 20:00:00+00:00,34,1,5002,5967.5,5968.5,5935.0,5955.0,306024,ES.v.0
2025-01-07 21:00:00+00:00,34,1,5002,5955.25,5959.5,5953.5,5954.75,50871,ES.v.0
2025-01-07 23:00:00+00:00,34,1,5002,5955.5,5958.75,5948.25,5958.25,8801,ES.v.0
2025-01-08 00:00:00+00:00,34,1,5002,5958.0,5963.75,5957.0,5962.0,6944,ES.v.0
2025-01-08 01:00:00+00:00,34,1,5002,5962.0,5968.5,5960.5,5968.0,7505,ES.v.0
2025-01-08 02:00:00+00:00,34,1,5002,5967.75,5970.0,5963.25,5967.0,5913,ES.v.0
2025-01-08 03:00:00+00:00,34,1,5002,5966.75,5967.75,5961.75,5965.5,4814,ES.v.0
2025-01-08 04:00:00+00:00,34,1,5002,5965.75,5968.75,5963.0,5964.5,4311,ES.v.0
2025-01-08 05:00:00+00:00,34,1,5002,5964.75,5972.25,5964.75,5972.0,3844,ES.v.0
2025-01-08 06:00:00+00:00,34,1,5002,5972.0,5972.5,5963.75,5964.5,3852,ES.v.0
2025-01-08 07:00:00+00:00,34,1,5002,5964.5,5964.5,5957.5,5963.25,6620,ES.v.0
2025-01-08 08:00:00+00:00,34,1,5002,5963.25,5969.75,5961.0,5967.0,9925,ES.v.0
2025-01-08 09:00:00+00:00,34,1,5002,5967.0,5971.5,5966.0,5971.0,9423,ES.v.0
2025-01-08 10:00:00+00:00,34,1,5002,5971.0,5975.0,5970.25,5974.5,6067,ES.v.0
2025-01-08 11:00:00+00:00,34,1,5002,5974.25,5974.75,5936.25,5954.75,45369,ES.v.0
2025-01-08 12:00:00+00:00,34,1,5002,5954.75,5955.0,5926.5,5932.75,46174,ES.v.0
2025-01-08 13:00:00+00:00,34,1,5002,5933.0,5961.75,5932.25,5959.25,69209,ES.v.0
2025-01-08 14:00:00+00:00,34,1,5002,5959.25,5961.75,5931.25,5939.75,219332,ES.v.0
2025-01-08 15:00:00+00:00,34,1,5002,5939.5,5953.75,5925.5,5949.75,288739,ES.v.0
2025-01-08 16:00:00+00:00,34,1,5002,5950.0,5965.25,5937.75,5960.25,150769,ES.v.0
2025-01-08 17:00:00+00:00,34,1,5002,5960.25,5960.75,5917.0,5934.5,182987,ES.v.0
2025-01-08 18:00:00+00:00,34,1,5002,5934.5,5961.75,5933.75,5943.75,164041,ES.v.0
2025-01-08 19:00:00+00:00,34,1,5002,5944.25,5971.75,5936.75,5951.0,195960,ES.v.0
2025-01-08 20:00:00+00:00,34,1,5002,5951.25,5963.25,5944.5,5959.0,199785,ES.v.0
2025-01-08 21:00:00+00:00,34,1,5002,5959.25,5965.25,5950.75,5954.75,61305,ES.v.0
2025-01-08 23:00:00+00:00,34,1,5002,5955.0,5956.5,5948.0,5949.25,4302,ES.v.0
2025-01-09 00:00:00+00:00,34,1,5002,5949.5,5951.25,5940.0,5946.75,7414,ES.v.0
2025-01-09 01:00:00+00:00,34,1,5002,5946.75,5949.0,5944.75,5945.25,5106,ES.v.0
2025-01-09 02:00:00+00:00,34,1,5002,5945.25,5952.5,5945.0,5952.0,3557,ES.v.0
2025-01-09 03:00:00+00:00,34,1,5002,5951.75,5952.0,5945.0,5945.0,3549,ES.v.0
2025-01-09 04:00:00+00:00,34,1,5002,5945.25,5946.75,5940.75,5944.5,4219,ES.v.0
2025-01-09 05:00:00+00:00,34,1,5002,5944.5,5949.75,5942.5,5949.0,3367,ES.v.0
2025-01-09 06:00:00+00:00,34,1,5002,5949.0,5950.0,5946.5,5948.5,2345,ES.v.0
2025-01-09 07:00:00+00:00,34,1,5002,5948.25,5948.5,5933.75,5935.0,7500,ES.v.0
2025-01-09 08:00:00+00:00,34,1,5002,5935.0,5952.0,5929.25,5949.75,12645,ES.v.0
2025-01-09 09:00:00+00:00,34,1,5002,5950.0,5954.25,5946.75,5952.5,7081,ES.v.0
2025-01-09 10:00:00+00:00,34,1,5002,5952.5,5957.0,5951.25,5953.75,6186,ES.v.0
2025-01-09 11:00:00+00:00,34,1,5002,5953.75,5953.75,5943.25,5947.5,8198,ES.v.0
2025-01-09 12:00:00+00:00,34,1,5002,5948.0,5951.5,5943.25,5950.75,7728,ES.v.0
2025-01-09 13:00:00+00:00,34,1,5002,5950.5,5954.75,5944.0,5946.25,15200,ES.v.0
2025-01-09 14:00:00+00:00,34,1,5002,5946.25,5946.25,5936.0,5944.75,14918,ES.v.0
2025-01-09 23:00:00+00:00,34,1,5002,5943.75,5945.25,5926.25,5930.5,13757,ES.v.0
2025-01-10 00:00:00+00:00,34,1,5002,5930.75,5932.75,5920.5,5922.75,14818,ES.v.0
2025-01-10 01:00:00+00:00,34,1,5002,5923.0,5936.0,5922.75,5934.25,8372,ES.v.0
2025-01-10 02:00:00+00:00,34,1,5002,5934.25,5940.0,5932.25,5938.75,6094,ES.v.0
2025-01-10 03:00:00+00:00,34,1,5002,5938.75,5945.5,5938.5,5943.0,6427,ES.v.0
2025-01-10 04:00:00+00:00,34,1,5002,5942.75,5944.75,5940.0,5944.0,3832,ES.v.0
2025-01-10 05:00:00+00:00,34,1,5002,5944.25,5948.5,5943.0,5945.75,4819,ES.v.0
2025-01-10 06:00:00+00:00,34,1,5002,5946.0,5946.0,5937.25,5938.5,5654,ES.v.0
2025-01-10 07:00:00+00:00,34,1,5002,5938.25,5946.75,5935.5,5942.25,6048,ES.v.0
2025-01-10 08:00:00+00:00,34,1,5002,5942.25,5950.75,5940.0,5944.75,9692,ES.v.0
2025-01-10 09:00:00+00:00,34,1,5002,5944.75,5945.75,5934.5,5939.75,12215,ES.v.0
2025-01-10 10:00:00+00:00,34,1,5002,5939.5,5949.0,5937.0,5947.25,8269,ES.v.0
2025-01-10 11:00:00+00:00,34,1,5002,5947.0,5959.25,5946.75,5948.5,11985,ES.v.0
2025-01-10 12:00:00+00:00,34,1,5002,5948.75,5951.25,5936.5,5950.75,15650,ES.v.0
2025-01-10 13:00:00+00:00,34,1,5002,5950.75,5951.5,5888.0,5903.25,127466,ES.v.0
2025-01-10 14:00:00+00:00,34,1,5002,5903.0,5921.75,5884.0,5890.75,297335,ES.v.0
2025-01-10 15:00:00+00:00,34,1,5002,5890.25,5893.0,5852.0,5871.25,394543,ES.v.0
2025-01-10 16:00:00+00:00,34,1,5002,5871.25,5874.0,5848.0,5851.25,226934,ES.v.0
2025-01-10 17:00:00+00:00,34,1,5002,5851.25,5877.5,5845.25,5875.75,152016,ES.v.0
2025-01-10 18:00:00+00:00,34,1,5002,5875.75,5907.25,5870.0,5906.5,166793,ES.v.0
2025-01-10 19:00:00+00:00,34,1,5002,5906.5,5906.75,5873.5,5882.75,170745,ES.v.0
2025-01-10 20:00:00+00:00,34,1,5002,5882.5,5885.75,5858.0,5866.5,276624,ES.v.0
2025-01-10 21:00:00+00:00,34,1,5002,5866.75,5870.25,5858.5,5861.5,65059,ES.v.0
2025-01-12 23:00:00+00:00,34,1,5002,5864.5,5867.5,5848.0,5860.0,18210,ES.v.0
2025-01-13 00:00:00+00:00,34,1,5002,5859.75,5867.5,5855.25,5858.5,10122,ES.v.0
2025-01-13 01:00:00+00:00,34,1,5002,5858.5,5859.0,5838.5,5845.0,16464,ES.v.0
2025-01-13 02:00:00+00:00,34,1,5002,5844.75,5849.25,5841.25,5843.5,7028,ES.v.0
2025-01-13 03:00:00+00:00,34,1,5002,5843.25,5845.75,5831.0,5837.5,11721,ES.v.0
2025-01-13 04:00:00+00:00,34,1,5002,5837.5,5841.75,5837.25,5841.5,4796,ES.v.0
2025-01-13 05:00:00+00:00,34,1,5002,5841.25,5841.5,5834.75,5839.0,4683,ES.v.0
2025-01-13 06:00:00+00:00,34,1,5002,5839.25,5848.75,5839.25,5843.75,5978,ES.v.0
2025-01-13 07:00:00+00:00,34,1,5002,5843.75,5846.0,5836.5,5840.0,9721,ES.v.0
2025-01-13 08:00:00+00:00,34,1,5002,5840.0,5846.5,5823.5,5825.0,26329,ES.v.0
2025-01-13 09:00:00+00:00,34,1,5002,5825.25,5826.25,5809.0,5812.75,35199,ES.v.0
2025-01-13 10:00:00+00:00,34,1,5002,5812.75,5822.75,5810.0,5817.5,12832,ES.v.0
2025-01-13 11:00:00+00:00,34,1,5002,5817.5,5822.25,5813.25,5819.25,12684,ES.v.0
2025-01-13 12:00:00+00:00,34,1,5002,5819.0,5834.75,5811.75,5828.5,30302,ES.v.0
2025-01-13 13:00:00+00:00,34,1,5002,5828.5,5835.0,5821.25,5827.5,32609,ES.v.0
2025-01-13 14:00:00+00:00,34,1,5002,5827.5,5842.75,5813.0,5838.5,236375,ES.v.0
2025-01-13 15:00:00+00:00,34,1,5002,5838.25,5851.75,5818.75,5839.0,291259,ES.v.0
2025-01-13 16:00:00+00:00,34,1,5002,5838.75,5842.25,5818.75,5820.0,190926,ES.v.0
2025-01-13 17:00:00+00:00,34,1,5002,5819.75,5856.25,5816.5,5855.5,183568,ES.v.0
2025-01-13 18:00:00+00:00,34,1,5002,5855.25,5863.75,5849.25,5860.75,147874,ES.v.0
2025-01-13 19:00:00+00:00,34,1,5002,5860.75,5871.0,5850.25,5865.75,143893,ES.v.0
2025-01-13 20:00:00+00:00,34,1,5002,5865.5,5878.25,5859.5,5875.25,215317,ES.v.0
2025-01-13 21:00:00+00:00,34,1,5002,5875.25,5883.25,5872.0,5881.75,50942,ES.v.0
2025-01-13 23:00:00+00:00,34,1,5002,5887.25,5901.25,5886.75,5892.5,15649,ES.v.0
2025-01-14 00:00:00+00:00,34,1,5002,5892.25,5893.75,5887.75,5892.5,8414,ES.v.0
2025-01-14 01:00:00+00:00,34,1,5002,5892.75,5892.75,5887.75,5889.0,5446,ES.v.0
2025-01-14 02:00:00+00:00,34,1,5002,5889.0,5890.5,5883.0,5890.0,6218,ES.v.0
2025-01-14 03:00:00+00:00,34,1,5002,5890.0,5891.0,5887.25,5887.5,4724,ES.v.0
2025-01-14 04:00:00+00:00,34,1,5002,5887.5,5892.75,5886.25,5892.0,2534,ES.v.0
2025-01-14 05:00:00+00:00,34,1,5002,5892.25,5896.0,5890.25,5896.0,3508,ES.v.0
2025-01-14 06:00:00+00:00,34,1,5002,5896.0,5897.5,5891.25,5892.75,4702,ES.v.0
2025-01-14 07:00:00+00:00,34,1,5002,5893.0,5897.75,5888.0,5895.75,6289,ES.v.0
2025-01-14 08:00:00+00:00,34,1,5002,5895.75,5913.5,5894.5,5908.5,18688,ES.v.0
2025-01-14 09:00:00+00:00,34,1,5002,5908.5,5911.0,5902.0,5905.5,13541,ES.v.0
2025-01-14 10:00:00+00:00,34,1,5002,5905.5,5907.25,5900.5,5905.5,6918,ES.v.0
2025-01-14 11:00:00+00:00,34,1,5002,5905.5,5905.5,5894.25,5896.0,9151,ES.v.0
2025-01-14 12:00:00+00:00,34,1,5002,5895.75,5898.5,5881.5,5889.5,19458,ES.v.0
2025-01-14 13:00:00+00:00,34,1,5002,5889.5,5918.5,5874.5,5897.25,93504,ES.v.0
2025-01-14 14:00:00+00:00,34,1,5002,5897.5,5909.75,5878.75,5882.25,196650,ES.v.0
2025-01-14 15:00:00+00:00,34,1,5002,5882.25,5906.0,5877.25,5877.5,256564,ES.v.0
2025-01-14 16:00:00+00:00,34,1,5002,5877.75,5879.25,5846.75,5846.75,231291,ES.v.0
2025-01-14 17:00:00+00:00,34,1,5002,5846.75,5864.75,5842.5,5861.5,165125,ES.v.0
2025-01-14 18:00:00+00:00,34,1,5002,5861.25,5898.0,5860.0,5895.0,138025,ES.v.0
2025-01-14 19:00:00+00:00,34,1,5002,5895.25,5898.75,5864.0,5865.5,157689,ES.v.0
2025-01-14 20:00:00+00:00,34,1,5002,5865.75,5883.25,5848.75,5882.0,353049,ES.v.0
2025-01-14 21:00:00+00:00,34,1,5002,5882.0,5895.0,5880.0,5891.5,61242,ES.v.0
2025-01-14 23:00:00+00:00,34,1,5002,5891.5,5891.5,5884.25,5886.5,7292,ES.v.0
2025-01-15 00:00:00+00:00,34,1,5002,5886.5,5887.25,5884.25,5887.0,4479,ES.v.0
2025-01-15 01:00:00+00:00,34,1,5002,5886.75,5888.5,5885.25,5887.25,4785,ES.v.0
2025-01-15 02:00:00+00:00,34,1,5002,5887.25,5888.0,5883.25,5883.75,4352,ES.v.0
2025-01-15 03:00:00+00:00,34,1,5002,5883.75,5884.75,5882.75,5883.25,2251,ES.v.0
2025-01-15 04:00:00+00:00,34,1,5002,5883.25,5884.5,5881.0,5884.25,2922,ES.v.0
2025-01-15 05:00:00+00:00,34,1,5002,5884.0,5884.75,5881.5,5883.25,2810,ES.v.0
2025-01-15 06:00:00+00:00,34,1,5002,5883.25,5886.0,5882.75,5885.25,3207,ES.v.0
2025-01-15 07:00:00+00:00,34,1,5002,5885.0,5886.75,5883.25,5884.25,5751,ES.v.0
2025-01-15 08:00:00+00:00,34,1,5002,5884.5,5887.25,5879.5,5884.0,9902,ES.v.0
2025-01-15 09:00:00+00:00,34,1,5002,5884.25,5891.75,5883.0,5888.75,9448,ES.v.0
2025-01-15 10:00:00+00:00,34,1,5002,5889.0,5893.0,5883.75,5892.25,6685,ES.v.0
2025-01-15 11:00:00+00:00,34,1,5002,5892.25,5906.0,5891.5,5902.75,12913,ES.v.0
2025-01-15 12:00:00+00:00,34,1,5002,5902.75,5905.5,5897.75,5901.5,17693,ES.v.0
2025-01-15 13:00:00+00:00,34,1,5002,5901.75,5979.75,5900.0,5970.5,147575,ES.v.0
2025-01-15 14:00:00+00:00,34,1,5002,5970.75,5983.0,5952.5,5981.0,269246,ES.v.0
2025-01-15 15:00:00+00:00,34,1,5002,5981.0,5991.75,5972.5,5973.0,260893,ES.v.0
2025-01-15 16:00:00+00:00,34,1,5002,5973.25,5981.75,5955.75,5961.25,192166,ES.v.0
2025-01-15 17:00:00+00:00,34,1,5002,5961.0,5980.75,5959.5,5971.0,134033,ES.v.0
2025-01-15 18:00:00+00:00,34,1,5002,5971.25,5988.25,5971.0,5986.75,93281,ES.v.0
2025-01-15 19:00:00+00:00,34,1,5002,5987.0,5999.0,5986.0,5995.5,100420,ES.v.0
2025-01-15 20:00:00+00:00,34,1,5002,5995.75,6001.25,5987.75,5988.5,216012,ES.v.0
2025-01-15 21:00:00+00:00,34,1,5002,5988.5,5991.75,5985.25,5987.75,49900,ES.v.0
2025-01-15 23:00:00+00:00,34,1,5002,5988.5,5995.25,5986.5,5994.25,5949,ES.v.0
2025-01-16 00:00:00+00:00,34,1,5002,5994.25,6002.0,5993.0,5997.5,8210,ES.v.0
2025-01-16 01:00:00+00:00,34,1,5002,5997.5,5997.5,5990.75,5991.5,6839,ES.v.0
2025-01-16 02:00:00+00:00,34,1,5002,5991.5,5992.5,5988.25,5991.25,4316,ES.v.0
2025-01-16 03:00:00+00:00,34,1,5002,5991.25,5995.0,5990.0,5991.5,5104,ES.v.0
2025-01-16 04:00:00+00:00,34,1,5002,5991.5,5993.0,5989.75,5990.5,2760,ES.v.0
2025-01-16 05:00:00+00:00,34,1,5002,5990.75,5990.75,5983.0,5985.5,5436,ES.v.0
2025-01-16 06:00:00+00:00,34,1,5002,5985.75,6001.25,5983.75,5997.25,16398,ES.v.0
2025-01-16 07:00:00+00:00,34,1,5002,5997.0,6017.25,5995.0,6016.25,20790,ES.v.0
2025-01-16 08:00:00+00:00,34,1,5002,6016.0,6017.5,6006.75,6007.75,21021,ES.v.0
2025-01-16 09:00:00+00:00,34,1,5002,6007.75,6010.5,5996.75,6001.75,21257,ES.v.0
2025-01-16 10:00:00+00:00,34,1,5002,6002.0,6010.0,5995.25,6007.25,15718,ES.v.0
2025-01-16 11:00:00+00:00,34,1,5002,6007.0,6008.75,6001.5,6006.5,11502,ES.v.0
2025-01-16 12:00:00+00:00,34,1,5002,6006.75,6007.25,5989.0,5990.5,24013,ES.v.0
2025-01-16 13:00:00+00:00,34,1,5002,5990.75,5999.0,5986.75,5996.25,50907,ES.v.0
2025-01-16 14:00:00+00:00,34,1,5002,5996.25,6003.25,5980.5,5982.0,186811,ES.v.0
2025-01-16 15:00:00+00:00,34,1,5002,5981.75,5995.0,5973.25,5994.75,268218,ES.v.0
2025-01-16 16:00:00+00:00,34,1,5002,5994.75,6004.25,5978.25,5995.0,200595,ES.v.0
2025-01-16 17:00:00+00:00,34,1,5002,5995.0,5998.5,5987.75,5989.5,114692,ES.v.0
2025-01-16 18:00:00+00:00,34,1,5002,5989.75,5995.5,5969.0,5973.5,133690,ES.v.0
2025-01-16 19:00:00+00:00,34,1,5002,5973.5,5991.0,5970.25,5989.25,118680,ES.v.0
2025-01-16 20:00:00+00:00,34,1,5002,5989.5,5993.5,5974.0,5976.25,208481,ES.v.0
2025-01-16 21:00:00+00:00,34,1,5002,5976.5,5977.0,5961.75,5969.5,57122,ES.v.0
2025-01-16 23:00:00+00:00,34,1,5002,5970.25,5974.75,5968.0,5974.5,6465,ES.v.0
2025-01-17 00:00:00+00:00,34,1,5002,5974.25,5975.5,5972.0,5975.25,5226,ES.v.0
2025-01-17 01:00:00+00:00,34,1,5002,5975.25,5984.0,5974.75,5981.75,6357,ES.v.0
2025-01-17 02:00:00+00:00,34,1,5002,5982.0,5985.5,5977.5,5979.0,4570,ES.v.0
2025-01-17 03:00:00+00:00,34,1,5002,5979.0,5984.75,5977.0,5984.5,3333,ES.v.0
2025-01-17 04:00:00+00:00,34,1,5002,5984.25,5989.5,5984.0,5986.0,4781,ES.v.0
2025-01-17 05:00:00+00:00,34,1,5002,5986.0,5989.0,5984.5,5986.5,3846,ES.v.0
2025-01-17 06:00:00+00:00,34,1,5002,5986.5,5987.75,5983.0,5984.5,3896,ES.v.0
2025-01-17 07:00:00+00:00,34,1,5002,5984.75,5985.25,5977.0,5983.75,6301,ES.v.0
2025-01-17 08:00:00+00:00,34,1,5002,5983.5,5991.75,5983.0,5990.5,9241,ES.v.0
2025-01-17 09:00:00+00:00,34,1,5002,5990.5,5999.0,5989.5,5995.25,12173,ES.v.0
2025-01-17 10:00:00+00:00,34,1,5002,5995.25,5998.5,5992.25,5994.75,7867,ES.v.0
2025-01-17 11:00:00+00:00,34,1,5002,5994.75,6000.75,5992.75,5994.0,9810,ES.v.0
2025-01-17 12:00:00+00:00,34,1,5002,5994.0,5999.0,5990.0,5996.75,13742,ES.v.0
2025-01-17 13:00:00+00:00,34,1,5002,5996.75,6021.25,5996.5,6019.0,65383,ES.v.0
2025-01-17 14:00:00+00:00,34,1,5002,6019.0,6035.5,6012.75,6020.5,272360,ES.v.0
2025-01-17 15:00:00+00:00,34,1,5002,6020.25,6039.5,6017.75,6039.0,208750,ES.v.0
2025-01-17 16:00:00+00:00,34,1,5002,6039.0,6049.0,6035.0,6040.75,138185,ES.v.0
2025-01-17 17:00:00+00:00,34,1,5002,6040.5,6049.0,6035.75,6046.75,87457,ES.v.0
2025-01-17 18:00:00+00:00,34,1,5002,6046.75,6051.5,6039.75,6043.75,96102,ES.v.0
2025-01-17 19:00:00+00:00,34,1,5002,6043.75,6045.5,6037.5,6039.75,87675,ES.v.0
2025-01-17 20:00:00+00:00,34,1,5002,6039.75,6043.5,6031.0,6033.0,222651,ES.v.0
2025-01-17 21:00:00+00:00,34,1,5002,6033.25,6034.0,6029.0,6032.5,48980,ES.v.0
2025-01-19 23:00:00+00:00,34,1,5002,6032.25,6038.5,6020.0,6023.5,10125,ES.v.0
2025-01-20 00:00:00+00:00,34,1,5002,6023.5,6027.25,6022.25,6027.0,5030,ES.v.0
2025-01-20 01:00:00+00:00,34,1,5002,6027.0,6030.25,6023.5,6027.75,5429,ES.v.0
2025-01-20 02:00:00+00:00,34,1,5002,6027.5,6028.5,6025.25,6027.25,2921,ES.v.0
2025-01-20 03:00:00+00:00,34,1,5002,6027.5,6030.75,6025.5,6029.75,3278,ES.v.0
2025-01-20 04:00:00+00:00,34,1,5002,6029.75,6032.0,6029.0,6032.0,2518,ES.v.0
2025-01-20 05:00:00+00:00,34,1,5002,6032.0,6033.25,6031.25,6032.25,1889,ES.v.0
2025-01-20 06:00:00+00:00,34,1,5002,6032.25,6036.75,6031.0,6035.0,3304,ES.v.0
2025-01-20 07:00:00+00:00,34,1,5002,6035.25,6041.75,6034.25,6041.5,5090,ES.v.0
2025-01-20 08:00:00+00:00,34,1,5002,6041.25,6043.5,6032.0,6037.0,10131,ES.v.0
2025-01-20 09:00:00+00:00,34,1,5002,6037.25,6041.0,6036.0,6038.5,4822,ES.v.0
2025-01-20 10:00:00+00:00,34,1,5002,6038.5,6040.0,6034.25,6037.5,5189,ES.v.0
2025-01-20 11:00:00+00:00,34,1,5002,6037.25,6039.0,6035.25,6036.0,4089,ES.v.0
2025-01-20 12:00:00+00:00,34,1,5002,6036.25,6036.5,6025.75,6028.0,9650,ES.v.0
2025-01-20 13:00:00+00:00,34,1,5002,6028.0,6058.5,6018.0,6057.25,48451,ES.v.0
2025-01-20 14:00:00+00:00,34,1,5002,6057.25,6078.25,6050.0,6067.75,56103,ES.v.0
2025-01-20 15:00:00+00:00,34,1,5002,6067.5,6067.5,6043.0,6053.75,37905,ES.v.0
2025-01-20 16:00:00+00:00,34,1,5002,6053.75,6061.5,6053.5,6055.5,22149,ES.v.0
2025-01-20 17:00:00+00:00,34,1,5002,6055.75,6062.0,6036.5,6055.25,35247,ES.v.0
2025-01-20 23:00:00+00:00,34,1,5002,6060.5,6069.0,6056.75,6068.0,12709,ES.v.0
2025-01-21 00:00:00+00:00,34,1,5002,6068.25,6070.5,6007.0,6011.0,37319,ES.v.0
2025-01-21 01:00:00+00:00,34,1,5002,6010.75,6045.5,5994.5,6036.5,48384,ES.v.0
2025-01-21 02:00:00+00:00,34,1,5002,6036.75,6043.75,6034.5,6039.25,11029,ES.v.0
2025-01-21 03:00:00+00:00,34,1,5002,6039.0,6050.75,6038.75,6045.75,8648,ES.v.0
2025-01-21 04:00:00+00:00,34,1,5002,6046.0,6047.25,6040.75,6041.5,4425,ES.v.0
2025-01-21 05:00:00+00:00,34,1,5002,6041.5,6043.75,6036.25,6039.0,4358,ES.v.0
2025-01-21 06:00:00+00:00,34,1,5002,6039.0,6043.75,6036.25,6039.5,4542,ES.v.0
2025-01-21 07:00:00+00:00,34,1,5002,6039.25,6047.5,6036.0,6046.5,8028,ES.v.0
2025-01-21 08:00:00+00:00,34,1,5002,6046.5,6055.5,6040.5,6050.0,14771,ES.v.0
2025-01-21 09:00:00+00:00,34,1,5002,6050.0,6060.75,6049.0,6060.75,12216,ES.v.0
2025-01-21 10:00:00+00:00,34,1,5002,6060.75,6067.75,6055.75,6056.25,13878,ES.v.0
2025-01-21 11:00:00+00:00,34,1,5002,6056.25,6060.0,6049.25,6051.75,12465,ES.v.0
2025-01-21 12:00:00+00:00,34,1,5002,6052.0,6059.5,6045.5,6056.75,17922,ES.v.0
2025-01-21 13:00:00+00:00,34,1,5002,6056.75,6064.0,6054.25,6062.75,23461,ES.v.0
2025-01-21 14:00:00+00:00,34,1,5002,6062.75,6072.0,6052.0,6062.75,215861,ES.v.0
2025-01-21 15:00:00+00:00,34,1,5002,6062.5,6063.25,6043.5,6061.0,243609,ES.v.0
2025-01-21 16:00:00+00:00,34,1,5002,6061.0,6072.25,6055.5,6071.0,138238,ES.v.0
2025-01-21 17:00:00+00:00,34,1,5002,6071.0,6082.25,6066.75,6081.75,107095,ES.v.0
2025-01-21 18:00:00+00:00,34,1,5002,6081.75,6086.5,6078.0,6083.5,91995,ES.v.0
2025-01-21 19:00:00+00:00,34,1,5002,6083.75,6085.5,6074.25,6079.25,100623,ES.v.0
2025-01-21 20:00:00+00:00,34,1,5002,6079.25,6087.25,6077.25,6086.5,185366,ES.v.0
2025-01-21 21:00:00+00:00,34,1,5002,6086.5,6093.25,6086.0,6091.75,55781,ES.v.0
2025-01-21 23:00:00+00:00,34,1,5002,6094.0,6099.25,6087.0,6096.5,14542,ES.v.0
2025-01-22 00:00:00+00:00,34,1,5002,6096.5,6102.0,6095.25,6101.25,7853,ES.v.0
2025-01-22 01:00:00+00:00,34,1,5002,6101.0,6101.25,6095.75,6100.0,6234,ES.v.0
2025-01-22 02:00:00+00:00,34,1,5002,6099.75,6102.5,6099.0,6100.0,3858,ES.v.0
2025-01-22 03:00:00+00:00,34,1,5002,6100.25,6102.75,6099.25,6102.25,3328,ES.v.0
2025-01-22 04:00:00+00:00,34,1,5002,6102.0,6105.0,6100.5,6104.5,3913,ES.v.0
2025-01-22 05:00:00+00:00,34,1,5002,6104.25,6104.25,6102.25,6102.75,2182,ES.v.0
2025-01-22 06:00:00+00:00,34,1,5002,6103.0,6103.5,6098.75,6099.0,3567,ES.v.0
2025-01-22 07:00:00+00:00,34,1,5002,6099.25,6102.75,6098.0,6099.75,6117,ES.v.0
2025-01-22 08:00:00+00:00,34,1,5002,6099.75,6110.0,6099.0,6109.5,13569,ES.v.0
2025-01-22 09:00:00+00:00,34,1,5002,6109.5,6114.75,6108.75,6110.75,17578,ES.v.0
2025-01-22 10:00:00+00:00,34,1,5002,6110.5,6112.75,6107.75,6111.75,8659,ES.v.0
2025-01-22 11:00:00+00:00,34,1,5002,6111.5,6115.25,6108.75,6110.25,10488,ES.v.0
2025-01-22 12:00:00+00:00,34,1,5002,6110.5,6116.5,6109.5,6112.5,14775,ES.v.0
2025-01-22 13:00:00+00:00,34,1,5002,6112.75,6119.0,6112.5,6118.75,22710,ES.v.0
2025-01-22 14:00:00+00:00,34,1,5002,6118.75,6122.75,6111.25,6122.25,168480,ES.v.0
2025-01-22 15:00:00+00:00,34,1,5002,6122.25,6128.0,6117.0,6122.25,186203,ES.v.0
2025-01-22 16:00:00+00:00,34,1,5002,6122.25,6135.0,6119.5,6133.5,134533,ES.v.0
2025-01-22 17:00:00+00:00,34,1,5002,6133.75,6135.75,6130.25,6130.5,74022,ES.v.0
2025-01-22 18:00:00+00:00,34,1,5002,6130.5,6133.25,6126.75,6127.25,94773,ES.v.0
2025-01-22 19:00:00+00:00,34,1,5002,6127.25,6133.25,6124.75,6133.0,96563,ES.v.0
2025-01-22 20:00:00+00:00,34,1,5002,6132.75,6133.25,6119.5,6120.25,210584,ES.v.0
2025-01-22 21:00:00+00:00,34,1,5002,6120.0,6122.0,6115.0,6120.25,49082,ES.v.0
2025-01-22 23:00:00+00:00,34,1,5002,6120.0,6120.0,6115.25,6116.0,13445,ES.v.0
2025-01-23 00:00:00+00:00,34,1,5002,6116.25,6118.0,6114.0,6116.0,7869,ES.v.0
2025-01-23 01:00:00+00:00,34,1,5002,6116.0,6118.0,6113.0,6113.75,8061,ES.v.0
2025-01-23 02:00:00+00:00,34,1,5002,6113.75,6115.25,6109.75,6113.75,4113,ES.v.0
2025-01-23 03:00:00+00:00,34,1,5002,6113.75,6116.25,6111.75,6113.25,3716,ES.v.0
2025-01-23 04:00:00+00:00,34,1,5002,6113.5,6116.75,6113.0,6116.25,2182,ES.v.0
2025-01-23 05:00:00+00:00,34,1,5002,6116.0,6117.0,6113.5,6113.75,2117,ES.v.0
2025-01-23 06:00:00+00:00,34,1,5002,6113.5,6116.0,6111.5,6112.5,2727,ES.v.0
2025-01-23 07:00:00+00:00,34,1,5002,6112.75,6113.5,6108.25,6110.0,6269,ES.v.0
2025-01-23 08:00:00+00:00,34,1,5002,6109.75,6111.0,6102.75,6105.0,13805,ES.v.0
2025-01-23 09:00:00+00:00,34,1,5002,6105.0,6110.0,6101.5,6108.75,11989,ES.v.0
2025-01-23 10:00:00+00:00,34,1,5002,6108.5,6112.75,6106.5,6106.75,10444,ES.v.0
2025-01-23 11:00:00+00:00,34,1,5002,6106.75,6113.5,6106.0,6112.25,8659,ES.v.0
2025-01-23 12:00:00+00:00,34,1,5002,6112.5,6115.25,6107.75,6115.0,11823,ES.v.0
2025-01-23 13:00:00+00:00,34,1,5002,6115.0,6117.75,6109.75,6114.75,25685,ES.v.0
2025-01-23 14:00:00+00:00,34,1,5002,6115.0,6119.0,6111.25,6118.25,116483,ES.v.0
2025-01-23 15:00:00+00:00,34,1,5002,6118.5,6125.0,6112.0,6124.75,129613,ES.v.0
2025-01-23 16:00:00+00:00,34,1,5002,6124.75,6134.75,6119.75,6128.5,167518,ES.v.0
2025-01-23 17:00:00+00:00,34,1,5002,6128.5,6133.0,6124.75,6132.75,70888,ES.v.0
2025-01-23 18:00:00+00:00,34,1,5002,6132.75,6139.0,6131.75,6133.75,73251,ES.v.0
2025-01-23 19:00:00+00:00,34,1,5002,6133.75,6136.5,6129.25,6134.5,82272,ES.v.0
2025-01-23 20:00:00+00:00,34,1,5002,6134.25,6154.0,6132.5,6153.5,210914,ES.v.0
2025-01-23 21:00:00+00:00,34,1,5002,6153.5,6153.75,6146.5,6148.5,86394,ES.v.0
2025-01-23 23:00:00+00:00,34,1,5002,6148.0,6149.0,6145.25,6148.0,5294,ES.v.0
2025-01-24 00:00:00+00:00,34,1,5002,6148.0,6148.5,6145.25,6146.75,6158,ES.v.0
2025-01-24 01:00:00+00:00,34,1,5002,6147.0,6150.5,6145.75,6148.0,16089,ES.v.0
2025-01-24 02:00:00+00:00,34,1,5002,6148.0,6155.75,6147.0,6154.5,14220,ES.v.0
2025-01-24 03:00:00+00:00,34,1,5002,6154.5,6156.0,6145.0,6147.25,7183,ES.v.0
2025-01-24 04:00:00+00:00,34,1,5002,6147.25,6148.5,6143.75,6146.25,4587,ES.v.0
2025-01-24 05:00:00+00:00,34,1,5002,6146.25,6147.75,6145.25,6146.0,2569,ES.v.0
2025-01-24 06:00:00+00:00,34,1,5002,6146.0,6148.75,6145.5,6146.5,3032,ES.v.0
2025-01-24 07:00:00+00:00,34,1,5002,6146.5,6147.25,6142.75,6144.75,6111,ES.v.0
2025-01-24 08:00:00+00:00,34,1,5002,6144.75,6147.75,6143.5,6144.5,10082,ES.v.0
2025-01-24 09:00:00+00:00,34,1,5002,6144.5,6149.5,6144.25,6145.5,9607,ES.v.0
2025-01-24 10:00:00+00:00,34,1,5002,6145.25,6146.0,6139.0,6143.25,19212,ES.v.0
2025-01-24 11:00:00+00:00,34,1,5002,6143.5,6144.5,6140.5,6144.25,9731,ES.v.0
2025-01-24 12:00:00+00:00,34,1,5002,6144.5,6149.25,6143.5,6146.0,11106,ES.v.0
2025-01-24 13:00:00+00:00,34,1,5002,6145.75,6146.25,6140.5,6143.25,16542,ES.v.0
2025-01-24 14:00:00+00:00,34,1,5002,6143.25,6162.25,6143.0,6157.0,137294,ES.v.0
2025-01-24 15:00:00+00:00,34,1,5002,6157.25,6159.5,6144.5,6145.75,166895,ES.v.0
2025-01-24 16:00:00+00:00,34,1,5002,6145.75,6157.5,6144.75,6149.5,117386,ES.v.0
2025-01-24 17:00:00+00:00,34,1,5002,6149.5,6154.5,6139.25,6141.0,111139,ES.v.0
2025-01-24 18:00:00+00:00,34,1,5002,6140.75,6143.25,6125.75,6128.25,139792,ES.v.0
2025-01-24 19:00:00+00:00,34,1,5002,6128.25,6133.25,6123.25,6127.75,130687,ES.v.0
2025-01-24 20:00:00+00:00,34,1,5002,6127.75,6135.0,6122.0,6132.75,195198,ES.v.0
2025-01-24 21:00:00+00:00,34,1,5002,6132.75,6133.5,6127.25,6132.0,46085,ES.v.0
2025-01-26 23:00:00+00:00,34,1,5002,6102.25,6105.25,6099.0,6103.25,30882,ES.v.0
2025-01-27 00:00:00+00:00,34,1,5002,6103.25,6104.0,6083.25,6085.0,25971,ES.v.0
2025-01-27 01:00:00+00:00,34,1,5002,6084.75,6089.75,6072.0,6077.5,24529,ES.v.0
2025-01-27 02:00:00+00:00,34,1,5002,6077.5,6080.75,6072.5,6078.75,11326,ES.v.0
2025-01-27 03:00:00+00:00,34,1,5002,6078.75,6085.75,6076.75,6081.5,11220,ES.v.0
2025-01-27 04:00:00+00:00,34,1,5002,6081.5,6082.0,6072.5,6075.0,8544,ES.v.0
2025-01-27 05:00:00+00:00,34,1,5002,6075.0,6076.25,6057.0,6060.0,16241,ES.v.0
2025-01-27 06:00:00+00:00,34,1,5002,6060.0,6061.25,6043.25,6048.25,17686,ES.v.0
2025-01-27 07:00:00+00:00,34,1,5002,6048.5,6051.75,6027.75,6029.0,31156,ES.v.0
2025-01-27 08:00:00+00:00,34,1,5002,6029.25,6037.75,6006.75,6017.5,53422,ES.v.0
2025-01-27 09:00:00+00:00,34,1,5002,6017.25,6020.75,6007.25,6010.5,43606,ES.v.0
2025-01-27 10:00:00+00:00,34,1,5002,6010.75,6011.5,5948.0,5973.5,90101,ES.v.0
2025-01-27 11:00:00+00:00,34,1,5002,5973.5,5991.75,5971.0,5982.0,62228,ES.v.0
2025-01-27 12:00:00+00:00,34,1,5002,5981.75,6006.5,5980.75,6000.0,59369,ES.v.0
2025-01-27 13:00:00+00:00,34,1,5002,6000.0,6014.75,5993.25,6007.5,72558,ES.v.0
2025-01-27 14:00:00+00:00,34,1,5002,6007.5,6037.75,5995.75,6037.0,295093,ES.v.0
2025-01-27 15:00:00+00:00,34,1,5002,6036.75,6048.0,6017.5,6031.75,317750,ES.v.0
2025-01-27 16:00:00+00:00,34,1,5002,6031.75,6033.5,6013.25,6019.25,228146,ES.v.0
2025-01-27 17:00:00+00:00,34,1,5002,6019.5,6033.5,6012.75,6013.25,175761,ES.v.0
2025-01-27 18:00:00+00:00,34,1,5002,6013.25,6026.0,6011.75,6017.5,131727,ES.v.0
2025-01-27 19:00:00+00:00,34,1,5002,6017.75,6043.25,6014.75,6021.75,175762,ES.v.0
2025-01-27 20:00:00+00:00,34,1,5002,6021.5,6048.75,6015.5,6046.75,328706,ES.v.0
2025-01-27 21:00:00+00:00,34,1,5002,6046.75,6056.5,6044.25,6050.25,74993,ES.v.0
2025-01-27 23:00:00+00:00,34,1,5002,6059.5,6059.5,6037.0,6052.5,27310,ES.v.0
2025-01-28 00:00:00+00:00,34,1,5002,6052.5,6054.25,6039.25,6043.75,9906,ES.v.0
2025-01-28 01:00:00+00:00,34,1,5002,6044.0,6052.75,6033.5,6035.25,12408,ES.v.0
2025-01-28 02:00:00+00:00,34,1,5002,6035.25,6049.5,6032.25,6044.0,10260,ES.v.0
2025-01-28 03:00:00+00:00,34,1,5002,6044.0,6051.5,6042.75,6043.75,5538,ES.v.0
2025-01-28 04:00:00+00:00,34,1,5002,6043.5,6047.5,6041.75,6047.0,4228,ES.v.0
2025-01-28 05:00:00+00:00,34,1,5002,6047.25,6049.5,6036.25,6043.5,5099,ES.v.0
2025-01-28 06:00:00+00:00,34,1,5002,6043.75,6046.0,6037.5,6041.0,4711,ES.v.0
2025-01-28 07:00:00+00:00,34,1,5002,6040.75,6052.5,6037.0,6050.25,10230,ES.v.0
2025-01-28 08:00:00+00:00,34,1,5002,6050.25,6066.0,6043.5,6064.75,22198,ES.v.0
2025-01-28 09:00:00+00:00,34,1,5002,6064.5,6069.25,6058.75,6067.75,19979,ES.v.0
2025-01-28 10:00:00+00:00,34,1,5002,6067.75,6073.0,6066.75,6068.25,13958,ES.v.0
2025-01-28 11:00:00+00:00,34,1,5002,6068.25,6072.0,6057.5,6060.0,12440,ES.v.0
2025-01-28 12:00:00+00:00,34,1,5002,6060.25,6061.5,6046.0,6057.75,30868,ES.v.0
2025-01-28 13:00:00+00:00,34,1,5002,6058.0,6066.25,6051.5,6055.0,35146,ES.v.0
2025-01-28 14:00:00+00:00,34,1,5002,6054.75,6059.5,6023.5,6039.75,198575,ES.v.0
2025-01-28 15:00:00+00:00,34,1,5002,6039.75,6082.25,6038.75,6081.75,251965,ES.v.0
2025-01-28 16:00:00+00:00,34,1,5002,6082.0,6087.25,6060.25,6077.0,214761,ES.v.0
2025-01-28 17:00:00+00:00,34,1,5002,6076.75,6092.5,6075.0,6090.0,143023,ES.v.0
2025-01-28 18:00:00+00:00,34,1,5002,6090.0,6099.25,6086.5,6089.25,119986,ES.v.0
2025-01-28 19:00:00+00:00,34,1,5002,6089.5,6104.25,6083.75,6103.0,110319,ES.v.0
2025-01-28 20:00:00+00:00,34,1,5002,6102.75,6105.5,6095.25,6096.0,208579,ES.v.0
2025-01-28 21:00:00+00:00,34,1,5002,6096.0,6096.25,6089.75,6091.25,52594,ES.v.0
2025-01-28 23:00:00+00:00,34,1,5002,6090.75,6094.75,6086.5,6087.75,6628,ES.v.0
2025-01-29 00:00:00+00:00,34,1,5002,6087.75,6093.5,6086.5,6092.25,4533,ES.v.0
2025-01-29 01:00:00+00:00,34,1,5002,6092.0,6094.0,6090.0,6091.75,2951,ES.v.0
2025-01-29 02:00:00+00:00,34,1,5002,6092.0,6095.75,6090.25,6094.5,2753,ES.v.0
2025-01-29 03:00:00+00:00,34,1,5002,6094.5,6094.75,6088.75,6094.25,3710,ES.v.0
2025-01-29 04:00:00+00:00,34,1,5002,6094.25,6099.75,6094.25,6097.0,4070,ES.v.0
2025-01-29 05:00:00+00:00,34,1,5002,6097.0,6098.25,6093.5,6094.25,2146,ES.v.0
2025-01-29 06:00:00+00:00,34,1,5002,6094.5,6111.5,6094.5,6107.5,14734,ES.v.0
2025-01-29 07:00:00+00:00,34,1,5002,6107.5,6107.75,6102.75,6105.0,5921,ES.v.0
2025-01-29 08:00:00+00:00,34,1,5002,6105.0,6107.25,6101.5,6102.5,14819,ES.v.0
2025-01-29 09:00:00+00:00,34,1,5002,6102.25,6103.75,6095.0,6101.5,13173,ES.v.0
2025-01-29 10:00:00+00:00,34,1,5002,6101.5,6105.0,6097.5,6103.5,8327,ES.v.0
2025-01-29 11:00:00+00:00,34,1,5002,6103.75,6106.75,6098.75,6105.0,7752,ES.v.0
2025-01-29 12:00:00+00:00,34,1,5002,6105.0,6105.25,6093.5,6096.25,9933,ES.v.0
2025-01-29 13:00:00+00:00,34,1,5002,6096.25,6096.5,6078.75,6085.75,31460,ES.v.0
2025-01-29 14:00:00+00:00,34,1,5002,6085.5,6090.5,6074.5,6083.0,137659,ES.v.0
2025-01-29 15:00:00+00:00,34,1,5002,6083.25,6091.25,6074.75,6078.25,152833,ES.v.0
2025-01-29 16:00:00+00:00,34,1,5002,6078.25,6082.0,6069.25,6072.75,125302,ES.v.0
2025-01-29 17:00:00+00:00,34,1,5002,6072.75,6084.5,6069.25,6070.75,86029,ES.v.0
2025-01-29 18:00:00+00:00,34,1,5002,6071.0,6076.75,6046.25,6065.25,189203,ES.v.0
2025-01-29 19:00:00+00:00,34,1,5002,6065.25,6083.5,6042.25,6073.5,281258,ES.v.0
2025-01-29 20:00:00+00:00,34,1,5002,6073.25,6087.5,6055.75,6068.25,282337,ES.v.0
2025-01-29 21:00:00+00:00,34,1,5002,6068.25,6081.5,6043.75,6076.5,111229,ES.v.0
2025-01-29 23:00:00+00:00,34,1,5002,6068.5,6075.75,6061.5,6068.75,16585,ES.v.0
2025-01-30 00:00:00+00:00,34,1,5002,6068.75,6081.5,6066.75,6081.5,6887,ES.v.0
2025-01-30 01:00:00+00:00,34,1,5002,6081.25,6092.5,6079.25,6089.25,9466,ES.v.0
2025-01-30 02:00:00+00:00,34,1,5002,6089.25,6094.0,6089.25,6089.75,5329,ES.v.0
2025-01-30 03:00:00+00:00,34,1,5002,6089.75,6092.5,6089.25,6092.5,3280,ES.v.0
2025-01-30 04:00:00+00:00,34,1,5002,6092.5,6093.75,6090.0,6090.25,2854,ES.v.0
2025-01-30 05:00:00+00:00,34,1,5002,6090.25,6091.25,6087.0,6090.0,3649,ES.v.0
2025-01-30 06:00:00+00:00,34,1,5002,6090.0,6091.75,6086.0,6088.25,2823,ES.v.0
2025-01-30 07:00:00+00:00,34,1,5002,6088.0,6093.5,6084.75,6092.25,4700,ES.v.0
2025-01-30 08:00:00+00:00,34,1,5002,6092.0,6101.5,6090.5,6101.25,12569,ES.v.0
2025-01-30 09:00:00+00:00,34,1,5002,6101.25,6101.25,6089.25,6090.25,8323,ES.v.0
2025-01-30 10:00:00+00:00,34,1,5002,6090.5,6093.75,6086.0,6087.5,6787,ES.v.0
2025-01-30 11:00:00+00:00,34,1,5002,6087.5,6094.75,6086.0,6087.25,9609,ES.v.0
2025-01-30 12:00:00+00:00,34,1,5002,6087.25,6090.0,6074.25,6082.75,21904,ES.v.0
2025-01-30 13:00:00+00:00,34,1,5002,6082.75,6091.25,6078.5,6090.25,28419,ES.v.0
2025-01-30 14:00:00+00:00,34,1,5002,6090.5,6109.75,6080.5,6099.25,190366,ES.v.0
2025-01-30 15:00:00+00:00,34,1,5002,6099.25,6100.0,6063.5,6064.25,233158,ES.v.0
2025-01-30 16:00:00+00:00,34,1,5002,6064.25,6093.25,6056.5,6090.5,179426,ES.v.0
2025-01-30 17:00:00+00:00,34,1,5002,6090.25,6090.5,6070.25,6083.0,131050,ES.v.0
2025-01-30 18:00:00+00:00,34,1,5002,6083.25,6101.0,6081.5,6100.0,110747,ES.v.0
2025-01-30 19:00:00+00:00,34,1,5002,6100.0,6107.25,6095.75,6107.0,101366,ES.v.0
2025-01-30 20:00:00+00:00,34,1,5002,6106.75,6116.25,6067.75,6099.25,374794,ES.v.0
2025-01-30 21:00:00+00:00,34,1,5002,6099.25,6107.75,6085.5,6093.25,75547,ES.v.0
2025-01-30 23:00:00+00:00,34,1,5002,6106.0,6113.5,6100.5,6109.25,14523,ES.v.0
2025-01-31 00:00:00+00:00,34,1,5002,6109.25,6111.0,6103.25,6108.5,5472,ES.v.0
2025-01-31 01:00:00+00:00,34,1,5002,6108.25,6118.5,6099.25,6117.75,13228,ES.v.0
2025-01-31 02:00:00+00:00,34,1,5002,6117.75,6119.75,6112.0,6112.25,6231,ES.v.0
2025-01-31 03:00:00+00:00,34,1,5002,6112.25,6115.25,6111.25,6111.25,2806,ES.v.0
2025-01-31 04:00:00+00:00,34,1,5002,6111.5,6114.75,6110.75,6111.75,2671,ES.v.0
2025-01-31 05:00:00+00:00,34,1,5002,6112.0,6115.25,6111.75,6113.75,2480,ES.v.0
2025-01-31 06:00:00+00:00,34,1,5002,6114.0,6119.75,6112.5,6118.0,4143,ES.v.0
2025-01-31 07:00:00+00:00,34,1,5002,6117.75,6124.75,6117.75,6122.0,7351,ES.v.0
2025-01-31 08:00:00+00:00,34,1,5002,6122.25,6124.0,6116.25,6118.5,10682,ES.v.0
2025-01-31 09:00:00+00:00,34,1,5002,6118.5,6128.5,6118.5,6124.5,9863,ES.v.0
2025-01-31 10:00:00+00:00,34,1,5002,6124.5,6126.75,6122.75,6124.25,6549,ES.v.0
2025-01-31 11:00:00+00:00,34,1,5002,6124.0,6129.0,6124.0,6129.0,6934,ES.v.0
2025-01-31 12:00:00+00:00,34,1,5002,6129.0,6130.0,6125.0,6125.5,13602,ES.v.0
2025-01-31 13:00:00+00:00,34,1,5002,6125.5,6129.75,6121.0,6127.25,25233,ES.v.0
2025-01-31 14:00:00+00:00,34,1,5002,6127.0,6129.25,6117.0,6129.0,137042,ES.v.0
2025-01-31 15:00:00+00:00,34,1,5002,6128.75,6144.25,6127.75,6142.5,185405,ES.v.0
2025-01-31 16:00:00+00:00,34,1,5002,6142.5,6147.75,6133.25,6137.0,138087,ES.v.0
2025-01-31 17:00:00+00:00,34,1,5002,6137.0,6145.5,6127.75,6139.0,144069,ES.v.0
2025-01-31 18:00:00+00:00,34,1,5002,6139.0,6141.5,6095.75,6101.75,299790,ES.v.0
2025-01-31 19:00:00+00:00,34,1,5002,6101.5,6106.75,6066.75,6083.5,281073,ES.v.0
2025-01-31 20:00:00+00:00,34,1,5002,6083.5,6083.5,6057.75,6064.75,369438,ES.v.0
2025-01-31 21:00:00+00:00,34,1,5002,6064.75,6069.0,6057.75,6065.5,81378,ES.v.0
2025-02-02 23:00:00+00:00,34,1,5002,5982.25,5982.5,5942.0,5968.0,89581,ES.v.0
2025-02-03 00:00:00+00:00,34,1,5002,5967.75,5976.0,5954.5,5967.25,36094,ES.v.0
2025-02-03 01:00:00+00:00,34,1,5002,5967.0,5973.75,5956.25,5961.5,32202,ES.v.0
2025-02-03 02:00:00+00:00,34,1,5002,5961.5,5962.25,5935.5,5947.0,32788,ES.v.0
2025-02-03 03:00:00+00:00,34,1,5002,5947.0,5953.0,5940.75,5948.25,15319,ES.v.0
2025-02-03 04:00:00+00:00,34,1,5002,5948.25,5951.25,5936.5,5943.25,13785,ES.v.0
2025-02-03 05:00:00+00:00,34,1,5002,5943.25,5953.0,5940.0,5952.25,9283,ES.v.0
2025-02-03 06:00:00+00:00,34,1,5002,5952.0,5958.5,5946.5,5952.0,17729,ES.v.0
2025-02-03 07:00:00+00:00,34,1,5002,5952.0,5967.75,5951.75,5959.75,23770,ES.v.0
2025-02-03 08:00:00+00:00,34,1,5002,5960.0,5988.75,5959.5,5980.5,40133,ES.v.0
2025-02-03 09:00:00+00:00,34,1,5002,5980.5,5983.75,5965.25,5966.75,29887,ES.v.0
2025-02-03 10:00:00+00:00,34,1,5002,5966.5,5982.5,5962.5,5979.75,21179,ES.v.0
2025-02-03 11:00:00+00:00,34,1,5002,5979.5,5988.0,5970.75,5976.5,23467,ES.v.0
2025-02-03 12:00:00+00:00,34,1,5002,5976.5,5979.5,5960.25,5963.75,38976,ES.v.0
2025-02-03 13:00:00+00:00,34,1,5002,5964.0,5983.0,5962.0,5969.75,60116,ES.v.0
2025-02-03 14:00:00+00:00,34,1,5002,5969.5,5989.5,5961.25,5965.25,273942,ES.v.0
2025-02-03 15:00:00+00:00,34,1,5002,5965.25,6032.0,5950.25,6025.0,510475,ES.v.0
2025-02-03 16:00:00+00:00,34,1,5002,6024.75,6038.5,6003.25,6019.0,242886,ES.v.0
2025-02-03 17:00:00+00:00,34,1,5002,6018.75,6033.0,6003.75,6019.25,195026,ES.v.0
2025-02-03 18:00:00+00:00,34,1,5002,6019.5,6036.25,6006.25,6034.25,125092,ES.v.0
2025-02-03 19:00:00+00:00,34,1,5002,6034.25,6049.25,6031.25,6043.25,99941,ES.v.0
2025-02-03 20:00:00+00:00,34,1,5002,6043.25,6046.75,6020.0,6023.0,198820,ES.v.0
2025-02-03 21:00:00+00:00,34,1,5002,6023.25,6062.0,6020.5,6055.5,109150,ES.v.0
2025-02-03 23:00:00+00:00,34,1,5002,6069.0,6069.0,6052.75,6057.0,11240,ES.v.0
2025-02-04 00:00:00+00:00,34,1,5002,6056.75,6057.25,6048.0,6050.5,7228,ES.v.0
2025-02-04 01:00:00+00:00,34,1,5002,6050.75,6050.75,6035.75,6042.0,9241,ES.v.0
2025-02-04 02:00:00+00:00,34,1,5002,6042.5,6043.25,6033.25,6034.25,6231,ES.v.0
2025-02-04 03:00:00+00:00,34,1,5002,6034.25,6035.25,6025.25,6029.5,7601,ES.v.0
2025-02-04 04:00:00+00:00,34,1,5002,6029.75,6035.25,6027.5,6029.0,5754,ES.v.0
2025-02-04 05:00:00+00:00,34,1,5002,6029.0,6029.5,5987.0,6011.25,49640,ES.v.0
2025-02-04 06:00:00+00:00,34,1,5002,6011.25,6019.0,6003.0,6018.5,12668,ES.v.0
2025-02-04 07:00:00+00:00,34,1,5002,6018.25,6023.0,6014.25,6016.5,10720,ES.v.0
2025-02-04 08:00:00+00:00,34,1,5002,6016.75,6021.5,5994.0,6003.5,24705,ES.v.0
2025-02-04 09:00:00+00:00,34,1,5002,6003.75,6013.5,6003.25,6007.25,13682,ES.v.0
2025-02-04 10:00:00+00:00,34,1,5002,6007.0,6015.0,6004.5,6011.25,10046,ES.v.0
2025-02-04 11:00:00+00:00,34,1,5002,6011.5,6019.0,6008.25,6012.5,11676,ES.v.0
2025-02-04 12:00:00+00:00,34,1,5002,6012.75,6031.25,6012.75,6027.25,24400,ES.v.0
2025-02-04 13:00:00+00:00,34,1,5002,6026.75,6031.25,6019.0,6022.0,30363,ES.v.0
2025-02-04 14:00:00+00:00,34,1,5002,6022.0,6037.75,6018.0,6035.0,143453,ES.v.0
2025-02-04 15:00:00+00:00,34,1,5002,6035.0,6058.25,6034.25,6049.25,195718,ES.v.0
2025-02-04 16:00:00+00:00,34,1,5002,6049.25,6066.75,6049.25,6059.5,126982,ES.v.0
2025-02-04 17:00:00+00:00,34,1,5002,6059.5,6062.25,6039.25,6055.25,145205,ES.v.0
2025-02-04 18:00:00+00:00,34,1,5002,6055.5,6058.0,6046.25,6052.75,78008,ES.v.0
2025-02-04 19:00:00+00:00,34,1,5002,6052.5,6068.75,6051.0,6060.25,111663,ES.v.0
2025-02-04 20:00:00+00:00,34,1,5002,6060.0,6067.75,6055.0,6062.5,166593,ES.v.0
2025-02-04 21:00:00+00:00,34,1,5002,6062.75,6066.5,6042.5,6045.75,70542,ES.v.0
2025-02-04 23:00:00+00:00,34,1,5002,6042.75,6048.25,6038.25,6042.25,8202,ES.v.0
2025-02-05 00:00:00+00:00,34,1,5002,6042.5,6053.0,6039.75,6049.5,7379,ES.v.0
2025-02-05 01:00:00+00:00,34,1,5002,6049.5,6053.0,6041.5,6042.0,7528,ES.v.0
2025-02-05 02:00:00+00:00,34,1,5002,6041.75,6044.75,6038.25,6039.0,5805,ES.v.0
2025-02-05 03:00:00+00:00,34,1,5002,6039.0,6041.25,6034.5,6035.75,4971,ES.v.0
2025-02-05 04:00:00+00:00,34,1,5002,6035.5,6037.5,6033.25,6037.25,3832,ES.v.0
2025-02-05 05:00:00+00:00,34,1,5002,6037.5,6038.5,6032.25,6033.25,4529,ES.v.0
2025-02-05 06:00:00+00:00,34,1,5002,6033.0,6036.75,6029.5,6031.0,6785,ES.v.0
2025-02-05 07:00:00+00:00,34,1,5002,6031.0,6032.5,6025.25,6030.5,8529,ES.v.0
2025-02-05 08:00:00+00:00,34,1,5002,6030.25,6040.25,6024.0,6029.0,20004,ES.v.0
2025-02-05 09:00:00+00:00,34,1,5002,6029.0,6036.5,6020.75,6022.0,17947,ES.v.0
2025-02-05 10:00:00+00:00,34,1,5002,6022.25,6033.0,6020.25,6031.25,8584,ES.v.0
2025-02-05 11:00:00+00:00,34,1,5002,6031.5,6037.25,6030.75,6036.5,9568,ES.v.0
2025-02-05 12:00:00+00:00,34,1,5002,6036.5,6039.5,6032.25,6038.5,13854,ES.v.0
2025-02-05 13:00:00+00:00,34,1,5002,6038.5,6046.25,6033.75,6044.25,36726,ES.v.0
2025-02-05 14:00:00+00:00,34,1,5002,6044.0,6055.5,6038.75,6044.75,133035,ES.v.0
2025-02-05 15:00:00+00:00,34,1,5002,6045.25,6055.0,6029.5,6050.0,209237,ES.v.0
2025-02-05 16:00:00+00:00,34,1,5002,6050.0,6073.5,6045.25,6071.25,160030,ES.v.0
2025-02-05 17:00:00+00:00,34,1,5002,6071.5,6076.75,6067.5,6071.25,101876,ES.v.0
2025-02-05 18:00:00+00:00,34,1,5002,6071.25,6078.75,6066.5,6074.0,83614,ES.v.0
2025-02-05 19:00:00+00:00,34,1,5002,6074.0,6081.5,6073.5,6075.75,66443,ES.v.0
2025-02-05 20:00:00+00:00,34,1,5002,6075.5,6088.5,6073.5,6086.0,176291,ES.v.0
2025-02-05 21:00:00+00:00,34,1,5002,6086.0,6092.0,6083.75,6090.0,50274,ES.v.0
2025-02-05 23:00:00+00:00,34,1,5002,6090.25,6090.5,6086.75,6090.0,4845,ES.v.0
2025-02-06 00:00:00+00:00,34,1,5002,6090.0,6095.75,6089.5,6091.5,7509,ES.v.0
2025-02-06 01:00:00+00:00,34,1,5002,6091.5,6094.0,6090.25,6091.75,3979,ES.v.0
2025-02-06 02:00:00+00:00,34,1,5002,6091.5,6094.5,6090.0,6093.75,3293,ES.v.0
2025-02-06 03:00:00+00:00,34,1,5002,6093.5,6095.0,6092.0,6094.5,2682,ES.v.0
2025-02-06 04:00:00+00:00,34,1,5002,6094.25,6098.5,6094.0,6098.25,3715,ES.v.0
2025-02-06 05:00:00+00:00,34,1,5002,6098.25,6103.0,6097.75,6102.25,4841,ES.v.0
2025-02-06 06:00:00+00:00,34,1,5002,6102.5,6102.75,6098.25,6099.25,3452,ES.v.0
2025-02-06 07:00:00+00:00,34,1,5002,6099.0,6102.5,6094.5,6095.25,6131,ES.v.0
2025-02-06 08:00:00+00:00,34,1,5002,6095.5,6104.25,6092.5,6102.0,13408,ES.v.0
2025-02-06 09:00:00+00:00,34,1,5002,6102.25,6105.0,6097.75,6098.5,8945,ES.v.0
2025-02-06 10:00:00+00:00,34,1,5002,6098.75,6101.5,6094.25,6095.0,7589,ES.v.0
2025-02-06 11:00:00+00:00,34,1,5002,6094.75,6094.75,6086.5,6088.25,17136,ES.v.0
2025-02-06 12:00:00+00:00,34,1,5002,6088.0,6098.0,6086.25,6098.0,17523,ES.v.0
2025-02-06 13:00:00+00:00,34,1,5002,6098.0,6101.25,6094.75,6101.0,21585,ES.v.0
2025-02-06 14:00:00+00:00,34,1,5002,6101.0,6106.25,6093.25,6096.0,135004,ES.v.0
2025-02-06 15:00:00+00:00,34,1,5002,6096.25,6103.25,6085.25,6090.25,184910,ES.v.0
2025-02-06 16:00:00+00:00,34,1,5002,6090.0,6101.0,6089.25,6095.0,101067,ES.v.0
2025-02-06 17:00:00+00:00,34,1,5002,6095.25,6101.75,6091.25,6100.25,65082,ES.v.0
2025-02-06 18:00:00+00:00,34,1,5002,6100.25,6104.0,6094.25,6095.5,86651,ES.v.0
2025-02-06 19:00:00+00:00,34,1,5002,6095.25,6098.5,6070.0,6081.0,152685,ES.v.0
2025-02-06 20:00:00+00:00,34,1,5002,6080.75,6108.5,6078.75,6107.0,189023,ES.v.0
2025-02-06 21:00:00+00:00,34,1,5002,6107.25,6107.75,6075.25,6094.25,70593,ES.v.0
2025-02-06 23:00:00+00:00,34,1,5002,6089.75,6101.5,6084.5,6100.25,6831,ES.v.0
2025-02-07 00:00:00+00:00,34,1,5002,6100.25,6103.75,6098.0,6103.25,3759,ES.v.0
2025-02-07 01:00:00+00:00,34,1,5002,6103.5,6108.25,6102.75,6106.75,4532,ES.v.0
2025-02-07 02:00:00+00:00,34,1,5002,6106.75,6108.0,6104.0,6106.5,2641,ES.v.0
2025-02-07 03:00:00+00:00,34,1,5002,6106.5,6107.5,6102.0,6102.5,3031,ES.v.0
2025-02-07 04:00:00+00:00,34,1,5002,6102.5,6103.0,6100.25,6100.5,1466,ES.v.0
2025-02-07 05:00:00+00:00,34,1,5002,6100.75,6101.5,6098.25,6099.25,2727,ES.v.0
2025-02-07 06:00:00+00:00,34,1,5002,6099.25,6100.25,6094.0,6100.25,4340,ES.v.0
2025-02-07 07:00:00+00:00,34,1,5002,6100.25,6103.25,6099.25,6100.75,4563,ES.v.0
2025-02-07 08:00:00+00:00,34,1,5002,6100.5,6106.75,6098.0,6099.75,8060,ES.v.0
2025-02-07 09:00:00+00:00,34,1,5002,6099.75,6106.0,6098.75,6104.5,6987,ES.v.0
2025-02-07 10:00:00+00:00,34,1,5002,6104.25,6106.0,6102.25,6103.75,5692,ES.v.0
2025-02-07 11:00:00+00:00,34,1,5002,6103.75,6109.5,6101.5,6107.5,4924,ES.v.0
2025-02-07 12:00:00+00:00,34,1,5002,6107.5,6108.25,6103.5,6104.5,6986,ES.v.0
2025-02-07 13:00:00+00:00,34,1,5002,6104.75,6114.75,6087.5,6109.25,64816,ES.v.0
2025-02-07 14:00:00+00:00,34,1,5002,6109.25,6123.25,6105.0,6120.0,126780,ES.v.0
2025-02-07 15:00:00+00:00,34,1,5002,6120.5,6120.5,6052.5,6075.5,360911,ES.v.0
2025-02-07 16:00:00+00:00,34,1,5002,6075.75,6086.5,6053.75,6056.75,273930,ES.v.0
2025-02-07 17:00:00+00:00,34,1,5002,6056.75,6069.5,6046.5,6062.25,228339,ES.v.0
2025-02-07 18:00:00+00:00,34,1,5002,6062.25,6078.5,6051.75,6053.25,123545,ES.v.0
2025-02-07 19:00:00+00:00,34,1,5002,6053.25,6056.75,6043.75,6052.0,125055,ES.v.0
2025-02-07 20:00:00+00:00,34,1,5002,6051.75,6053.75,6041.25,6049.25,191167,ES.v.0
2025-02-07 21:00:00+00:00,34,1,5002,6049.5,6054.25,6049.0,6050.0,51973,ES.v.0
2025-02-09 23:00:00+00:00,34,1,5002,6016.0,6061.25,6014.0,6059.5,29048,ES.v.0
2025-02-10 00:00:00+00:00,34,1,5002,6059.5,6069.5,6057.25,6069.25,12668,ES.v.0
2025-02-10 01:00:00+00:00,34,1,5002,6069.25,6070.0,6063.25,6064.0,8150,ES.v.0
2025-02-10 02:00:00+00:00,34,1,5002,6064.0,6064.75,6060.75,6063.5,4955,ES.v.0
2025-02-10 03:00:00+00:00,34,1,5002,6063.5,6066.75,6062.0,6066.25,3345,ES.v.0
2025-02-10 04:00:00+00:00,34,1,5002,6066.25,6068.0,6064.0,6064.25,3570,ES.v.0
2025-02-10 05:00:00+00:00,34,1,5002,6064.5,6071.5,6064.25,6067.5,6242,ES.v.0
2025-02-10 06:00:00+00:00,34,1,5002,6067.5,6067.75,6063.5,6065.5,4025,ES.v.0
2025-02-10 07:00:00+00:00,34,1,5002,6065.75,6066.5,6062.5,6064.0,5884,ES.v.0
2025-02-10 08:00:00+00:00,34,1,5002,6064.0,6069.0,6062.5,6067.75,9131,ES.v.0
2025-02-10 09:00:00+00:00,34,1,5002,6068.0,6072.5,6065.5,6071.0,7870,ES.v.0
2025-02-10 10:00:00+00:00,34,1,5002,6071.25,6077.0,6071.0,6074.75,8145,ES.v.0
2025-02-10 11:00:00+00:00,34,1,5002,6074.75,6078.0,6069.5,6077.25,9135,ES.v.0
2025-02-10 12:00:00+00:00,34,1,5002,6077.5,6079.0,6074.25,6078.5,10604,ES.v.0
2025-02-10 13:00:00+00:00,34,1,5002,6078.5,6085.75,6077.5,6085.25,21049,ES.v.0
2025-02-10 14:00:00+00:00,34,1,5002,6085.0,6087.0,6067.75,6075.75,131147,ES.v.0
2025-02-10 15:00:00+00:00,34,1,5002,6075.75,6094.5,6074.0,6089.75,152191,ES.v.0
2025-02-10 16:00:00+00:00,34,1,5002,6089.75,6092.5,6079.0,6084.75,105676,ES.v.0
2025-02-10 17:00:00+00:00,34,1,5002,6084.75,6087.25,6072.25,6086.75,88805,ES.v.0
2025-02-10 18:00:00+00:00,34,1,5002,6086.75,6093.5,6086.0,6091.5,62874,ES.v.0
2025-02-10 19:00:00+00:00,34,1,5002,6091.5,6096.0,6087.0,6090.25,86177,ES.v.0
2025-02-10 20:00:00+00:00,34,1,5002,6090.25,6093.0,6083.0,6088.25,159032,ES.v.0
2025-02-10 21:00:00+00:00,34,1,5002,6088.25,6088.75,6083.25,6087.75,31600,ES.v.0
2025-02-10 23:00:00+00:00,34,1,5002,6085.5,6087.25,6072.0,6077.0,11587,ES.v.0
2025-02-11 00:00:00+00:00,34,1,5002,6077.0,6081.5,6074.5,6080.0,5543,ES.v.0
2025-02-11 01:00:00+00:00,34,1,5002,6079.75,6080.5,6074.75,6076.0,4982,ES.v.0
2025-02-11 02:00:00+00:00,34,1,5002,6076.25,6076.5,6068.25,6070.0,7575,ES.v.0
2025-02-11 03:00:00+00:00,34,1,5002,6070.25,6074.75,6068.25,6074.25,4109,ES.v.0
2025-02-11 04:00:00+00:00,34,1,5002,6074.5,6076.0,6073.25,6075.0,2386,ES.v.0
2025-02-11 05:00:00+00:00,34,1,5002,6075.0,6077.75,6075.0,6076.25,2314,ES.v.0
2025-02-11 06:00:00+00:00,34,1,5002,6076.5,6076.5,6072.0,6072.0,2703,ES.v.0
2025-02-11 07:00:00+00:00,34,1,5002,6072.25,6072.75,6065.25,6065.25,6725,ES.v.0
2025-02-11 08:00:00+00:00,34,1,5002,6065.25,6075.5,6062.75,6072.25,10982,ES.v.0
2025-02-11 09:00:00+00:00,34,1,5002,6072.0,6076.75,6067.5,6068.75,7897,ES.v.0
2025-02-11 10:00:00+00:00,34,1,5002,6068.5,6072.5,6064.75,6066.0,10550,ES.v.0
2025-02-11 11:00:00+00:00,34,1,5002,6065.75,6073.75,6065.5,6073.5,6590,ES.v.0
2025-02-11 12:00:00+00:00,34,1,5002,6073.25,6075.25,6067.0,6073.0,13079,ES.v.0
2025-02-11 13:00:00+00:00,34,1,5002,6072.75,6073.5,6058.5,6059.25,27647,ES.v.0
2025-02-11 14:00:00+00:00,34,1,5002,6059.25,6075.5,6057.75,6072.5,101600,ES.v.0
2025-02-11 15:00:00+00:00,34,1,5002,6072.5,6092.0,6066.5,6086.75,159017,ES.v.0
2025-02-11 16:00:00+00:00,34,1,5002,6086.75,6090.0,6080.0,6081.75,94406,ES.v.0
2025-02-11 17:00:00+00:00,34,1,5002,6081.75,6084.0,6070.5,6077.0,126326,ES.v.0
2025-02-11 18:00:00+00:00,34,1,5002,6077.0,6093.0,6074.75,6085.75,95038,ES.v.0
2025-02-11 19:00:00+00:00,34,1,5002,6085.75,6098.75,6083.75,6094.25,91712,ES.v.0
2025-02-11 20:00:00+00:00,34,1,5002,6094.25,6096.75,6086.25,6092.5,156658,ES.v.0
2025-02-11 21:00:00+00:00,34,1,5002,6092.75,6094.25,6089.0,6090.5,35309,ES.v.0
2025-02-11 23:00:00+00:00,34,1,5002,6090.75,6095.25,6086.25,6092.75,8158,ES.v.0
2025-02-12 00:00:00+00:00,34,1,5002,6092.5,6096.5,6091.25,6093.25,4853,ES.v.0
2025-02-12 01:00:00+00:00,34,1,5002,6093.25,6096.25,6089.75,6095.25,8437,ES.v.0
2025-02-12 02:00:00+00:00,34,1,5002,6095.25,6095.75,6091.75,6091.75,2399,ES.v.0
2025-02-12 03:00:00+00:00,34,1,5002,6092.0,6092.0,6087.75,6088.25,3201,ES.v.0
2025-02-12 04:00:00+00:00,34,1,5002,6088.0,6089.5,6086.75,6087.75,3285,ES.v.0
2025-02-12 05:00:00+00:00,34,1,5002,6088.0,6088.5,6085.0,6086.25,3087,ES.v.0
2025-02-12 06:00:00+00:00,34,1,5002,6086.25,6089.0,6085.25,6087.75,2530,ES.v.0
2025-02-12 07:00:00+00:00,34,1,5002,6087.75,6089.5,6086.0,6089.25,3413,ES.v.0
2025-02-12 08:00:00+00:00,34,1,5002,6089.25,6092.25,6087.5,6088.25,6701,ES.v.0
2025-02-12 09:00:00+00:00,34,1,5002,6088.0,6088.0,6075.25,6082.5,11515,ES.v.0
2025-02-12 10:00:00+00:00,34,1,5002,6082.0,6086.75,6079.5,6086.5,6267,ES.v.0
2025-02-12 11:00:00+00:00,34,1,5002,6086.75,6087.75,6082.0,6085.75,6127,ES.v.0
2025-02-12 12:00:00+00:00,34,1,5002,6085.75,6093.75,6084.75,6093.0,12888,ES.v.0
2025-02-12 13:00:00+00:00,34,1,5002,6093.0,6098.0,6024.5,6031.0,137813,ES.v.0
2025-02-12 14:00:00+00:00,34,1,5002,6031.25,6056.0,6020.75,6052.5,224988,ES.v.0
2025-02-12 15:00:00+00:00,34,1,5002,6052.5,6072.25,6034.25,6063.0,274007,ES.v.0
2025-02-12 16:00:00+00:00,34,1,5002,6063.0,6074.5,6040.0,6073.25,173166,ES.v.0
2025-02-12 17:00:00+00:00,34,1,5002,6073.0,6084.5,6069.25,6083.25,154406,ES.v.0
2025-02-12 18:00:00+00:00,34,1,5002,6083.25,6084.75,6068.25,6071.0,103524,ES.v.0
2025-02-12 19:00:00+00:00,34,1,5002,6071.25,6081.5,6064.25,6078.25,101353,ES.v.0
2025-02-12 20:00:00+00:00,34,1,5002,6078.25,6079.75,6064.75,6072.75,177030,ES.v.0
2025-02-12 21:00:00+00:00,34,1,5002,6073.0,6080.75,6069.25,6079.75,54230,ES.v.0
2025-02-12 23:00:00+00:00,34,1,5002,6079.75,6085.75,6076.75,6084.0,7738,ES.v.0
2025-02-13 00:00:00+00:00,34,1,5002,6084.0,6086.5,6080.75,6084.75,5416,ES.v.0
2025-02-13 01:00:00+00:00,34,1,5002,6084.75,6086.75,6082.0,6083.5,4788,ES.v.0
2025-02-13 02:00:00+00:00,34,1,5002,6083.5,6084.25,6079.75,6083.25,3189,ES.v.0
2025-02-13 03:00:00+00:00,34,1,5002,6083.25,6088.5,6083.0,6086.75,3970,ES.v.0
2025-02-13 04:00:00+00:00,34,1,5002,6086.75,6090.25,6086.5,6086.5,4525,ES.v.0
2025-02-13 05:00:00+00:00,34,1,5002,6086.5,6088.0,6084.0,6085.25,2490,ES.v.0
2025-02-13 06:00:00+00:00,34,1,5002,6085.25,6088.75,6083.25,6083.25,4205,ES.v.0
2025-02-13 07:00:00+00:00,34,1,5002,6083.25,6084.25,6074.75,6077.25,6384,ES.v.0
2025-02-13 08:00:00+00:00,34,1,5002,6077.25,6078.0,6056.0,6058.5,20304,ES.v.0
2025-02-13 09:00:00+00:00,34,1,5002,6058.25,6072.0,6053.5,6070.75,16876,ES.v.0
2025-02-13 10:00:00+00:00,34,1,5002,6070.75,6074.25,6067.25,6072.75,7576,ES.v.0
2025-02-13 11:00:00+00:00,34,1,5002,6072.75,6077.5,6064.5,6070.75,17270,ES.v.0
2025-02-13 12:00:00+00:00,34,1,5002,6070.5,6073.75,6064.75,6069.5,15036,ES.v.0
2025-02-13 13:00:00+00:00,34,1,5002,6069.75,6087.25,6063.0,6084.5,53910,ES.v.0
2025-02-13 14:00:00+00:00,34,1,5002,6084.5,6089.0,6070.25,6086.25,152090,ES.v.0
2025-02-13 15:00:00+00:00,34,1,5002,6086.5,6113.75,6080.5,6109.25,271455,ES.v.0
2025-02-13 16:00:00+00:00,34,1,5002,6109.5,6113.5,6095.75,6099.25,132878,ES.v.0
2025-02-13 17:00:00+00:00,34,1,5002,6099.25,6108.25,6095.25,6100.0,94201,ES.v.0
2025-02-13 18:00:00+00:00,34,1,5002,6100.25,6111.25,6088.0,6110.5,188848,ES.v.0
2025-02-13 19:00:00+00:00,34,1,5002,6110.5,6131.5,6109.0,6127.5,146282,ES.v.0
2025-02-13 20:00:00+00:00,34,1,5002,6127.5,6138.0,6126.5,6135.25,216826,ES.v.0
2025-02-13 21:00:00+00:00,34,1,5002,6135.25,6136.25,6130.75,6132.25,68707,ES.v.0
2025-02-13 23:00:00+00:00,34,1,5002,6131.75,6137.25,6131.25,6133.75,8666,ES.v.0
2025-02-14 00:00:00+00:00,34,1,5002,6134.0,6137.0,6131.75,6135.0,5458,ES.v.0
2025-02-14 01:00:00+00:00,34,1,5002,6135.0,6143.5,6134.5,6143.25,8567,ES.v.0
2025-02-14 02:00:00+00:00,34,1,5002,6143.25,6144.75,6142.25,6143.25,4149,ES.v.0
2025-02-14 03:00:00+00:00,34,1,5002,6143.5,6144.25,6141.25,6143.25,3610,ES.v.0
2025-02-14 04:00:00+00:00,34,1,5002,6143.25,6143.5,6142.5,6143.25,1708,ES.v.0
2025-02-14 05:00:00+00:00,34,1,5002,6143.25,6144.25,6139.0,6139.5,3611,ES.v.0
2025-02-14 06:00:00+00:00,34,1,5002,6139.5,6141.5,6139.0,6141.0,2621,ES.v.0
2025-02-14 07:00:00+00:00,34,1,5002,6141.0,6146.75,6140.75,6143.0,6875,ES.v.0
2025-02-14 08:00:00+00:00,34,1,5002,6143.25,6143.25,6132.25,6135.5,15047,ES.v.0
2025-02-14 09:00:00+00:00,34,1,5002,6135.5,6140.5,6133.25,6134.75,15812,ES.v.0
2025-02-14 10:00:00+00:00,34,1,5002,6134.5,6134.75,6127.25,6129.0,12454,ES.v.0
2025-02-14 11:00:00+00:00,34,1,5002,6129.0,6129.0,6121.25,6124.75,14879,ES.v.0
2025-02-14 12:00:00+00:00,34,1,5002,6124.5,6128.5,6124.0,6128.25,14881,ES.v.0
2025-02-14 13:00:00+00:00,34,1,5002,6128.25,6134.0,6125.0,6133.0,24427,ES.v.0
2025-02-14 14:00:00+00:00,34,1,5002,6133.0,6141.75,6131.25,6140.0,107691,ES.v.0
2025-02-14 15:00:00+00:00,34,1,5002,6140.0,6145.25,6132.25,6140.25,149743,ES.v.0
2025-02-14 16:00:00+00:00,34,1,5002,6140.5,6143.75,6129.0,6137.75,116726,ES.v.0
2025-02-14 17:00:00+00:00,34,1,5002,6137.5,6137.75,6125.75,6134.25,94396,ES.v.0
2025-02-14 18:00:00+00:00,34,1,5002,6134.25,6143.0,6132.0,6140.25,73686,ES.v.0
2025-02-14 19:00:00+00:00,34,1,5002,6140.25,6142.5,6133.5,6137.75,72841,ES.v.0
2025-02-14 20:00:00+00:00,34,1,5002,6137.75,6138.0,6130.0,6131.75,163079,ES.v.0
2025-02-14 21:00:00+00:00,34,1,5002,6131.75,6134.25,6128.75,6134.0,44051,ES.v.0
2025-02-16 23:00:00+00:00,34,1,5002,6138.25,6139.5,6131.0,6134.75,6826,ES.v.0
2025-02-17 00:00:00+00:00,34,1,5002,6134.5,6137.25,6133.0,6136.5,6288,ES.v.0
2025-02-17 01:00:00+00:00,34,1,5002,6136.5,6140.5,6135.5,6138.75,7441,ES.v.0
2025-02-17 02:00:00+00:00,34,1,5002,6139.0,6142.0,6138.25,6141.75,3307,ES.v.0
2025-02-17 03:00:00+00:00,34,1,5002,6141.75,6142.25,6140.25,6142.0,2276,ES.v.0
2025-02-17 04:00:00+00:00,34,1,5002,6142.0,6144.75,6140.25,6144.75,2512,ES.v.0
2025-02-17 05:00:00+00:00,34,1,5002,6144.75,6146.5,6144.0,6145.0,3087,ES.v.0
2025-02-17 06:00:00+00:00,34,1,5002,6145.0,6145.5,6143.25,6145.0,2192,ES.v.0
2025-02-17 07:00:00+00:00,34,1,5002,6145.0,6145.25,6139.0,6139.25,3386,ES.v.0
2025-02-17 08:00:00+00:00,34,1,5002,6139.5,6142.25,6138.25,6138.5,5458,ES.v.0
2025-02-17 09:00:00+00:00,34,1,5002,6138.75,6143.5,6138.0,6143.5,3707,ES.v.0
2025-02-17 10:00:00+00:00,34,1,5002,6143.25,6144.25,6142.0,6144.25,3356,ES.v.0
2025-02-17 11:00:00+00:00,34,1,5002,6144.25,6145.75,6141.25,6142.25,2803,ES.v.0
2025-02-17 12:00:00+00:00,34,1,5002,6142.5,6145.5,6141.75,6144.25,3003,ES.v.0
2025-02-17 13:00:00+00:00,34,1,5002,6144.25,6146.0,6143.75,6146.0,3045,ES.v.0
2025-02-17 14:00:00+00:00,34,1,5002,6145.75,6147.25,6136.25,6138.5,15683,ES.v.0
2025-02-17 15:00:00+00:00,34,1,5002,6138.5,6141.75,6137.0,6141.25,7360,ES.v.0
2025-02-17 16:00:00+00:00,34,1,5002,6141.5,6147.0,6140.5,6144.75,11158,ES.v.0
2025-02-17 17:00:00+00:00,34,1,5002,6145.0,6146.75,6143.0,6146.0,5279,ES.v.0
2025-02-17 23:00:00+00:00,34,1,5002,6145.25,6146.0,6137.0,6141.5,6229,ES.v.0
2025-02-18 00:00:00+00:00,34,1,5002,6141.25,6142.5,6139.0,6142.25,4696,ES.v.0
2025-02-18 01:00:00+00:00,34,1,5002,6142.25,6144.0,6141.75,6143.5,4705,ES.v.0
2025-02-18 02:00:00+00:00,34,1,5002,6143.25,6145.0,6141.5,6145.0,3766,ES.v.0
2025-02-18 03:00:00+00:00,34,1,5002,6144.75,6146.0,6144.25,6145.75,2371,ES.v.0
2025-02-18 04:00:00+00:00,34,1,5002,6145.75,6146.0,6144.25,6145.5,1871,ES.v.0
2025-02-18 05:00:00+00:00,34,1,5002,6145.5,6145.75,6143.0,6144.0,2552,ES.v.0
2025-02-18 06:00:00+00:00,34,1,5002,6144.0,6154.5,6143.25,6154.0,7471,ES.v.0
2025-02-18 07:00:00+00:00,34,1,5002,6154.0,6157.0,6153.75,6156.25,6620,ES.v.0
2025-02-18 08:00:00+00:00,34,1,5002,6156.5,6156.5,6147.25,6151.75,13535,ES.v.0
2025-02-18 09:00:00+00:00,34,1,5002,6151.75,6153.75,6146.5,6147.5,9228,ES.v.0
2025-02-18 10:00:00+00:00,34,1,5002,6147.5,6152.5,6144.75,6152.0,8003,ES.v.0
2025-02-18 11:00:00+00:00,34,1,5002,6152.25,6153.75,6150.5,6152.25,4621,ES.v.0
2025-02-18 12:00:00+00:00,34,1,5002,6152.0,6156.25,6151.0,6154.5,8653,ES.v.0
2025-02-18 13:00:00+00:00,34,1,5002,6154.25,6157.75,6150.75,6156.5,16808,ES.v.0
2025-02-18 14:00:00+00:00,34,1,5002,6156.75,6157.25,6133.75,6135.75,155390,ES.v.0
2025-02-18 15:00:00+00:00,34,1,5002,6135.75,6140.5,6127.5,6140.0,173733,ES.v.0
2025-02-18 16:00:00+00:00,34,1,5002,6140.0,6143.5,6131.75,6137.0,102158,ES.v.0
2025-02-18 17:00:00+00:00,34,1,5002,6137.25,6140.0,6132.25,6138.0,65889,ES.v.0
2025-02-18 18:00:00+00:00,34,1,5002,6138.0,6141.25,6129.0,6131.0,82492,ES.v.0
2025-02-18 19:00:00+00:00,34,1,5002,6131.25,6135.0,6118.25,6133.25,133459,ES.v.0
2025-02-18 20:00:00+00:00,34,1,5002,6133.25,6148.5,6131.0,6148.0,174172,ES.v.0
2025-02-18 21:00:00+00:00,34,1,5002,6148.25,6149.5,6143.5,6144.75,60018,ES.v.0
2025-02-18 23:00:00+00:00,34,1,5002,6143.75,6152.75,6143.75,6149.5,6205,ES.v.0
2025-02-19 00:00:00+00:00,34,1,5002,6149.5,6154.0,6148.5,6153.75,5786,ES.v.0
2025-02-19 01:00:00+00:00,34,1,5002,6153.75,6156.0,6153.75,6155.0,6655,ES.v.0
2025-02-19 02:00:00+00:00,34,1,5002,6154.75,6156.75,6152.5,6156.0,3915,ES.v.0
2025-02-19 03:00:00+00:00,34,1,5002,6156.0,6157.0,6155.5,6156.25,2431,ES.v.0
2025-02-19 04:00:00+00:00,34,1,5002,6156.0,6156.25,6152.0,6153.0,3644,ES.v.0
2025-02-19 05:00:00+00:00,34,1,5002,6153.25,6153.5,6151.25,6153.0,4420,ES.v.0
2025-02-19 06:00:00+00:00,34,1,5002,6152.75,6154.75,6151.75,6151.75,3312,ES.v.0
2025-02-19 07:00:00+00:00,34,1,5002,6151.75,6153.0,6150.0,6150.25,4150,ES.v.0
2025-02-19 08:00:00+00:00,34,1,5002,6150.25,6154.25,6149.5,6151.75,10496,ES.v.0
2025-02-19 09:00:00+00:00,34,1,5002,6152.0,6153.75,6148.5,6149.25,8511,ES.v.0
2025-02-19 10:00:00+00:00,34,1,5002,6149.5,6150.0,6139.0,6141.25,11354,ES.v.0
2025-02-19 11:00:00+00:00,34,1,5002,6141.5,6141.75,6135.0,6139.0,12143,ES.v.0
2025-02-19 12:00:00+00:00,34,1,5002,6139.0,6146.0,6138.5,6140.75,17233,ES.v.0
2025-02-19 13:00:00+00:00,34,1,5002,6140.75,6144.0,6131.75,6135.0,24884,ES.v.0
2025-02-19 14:00:00+00:00,34,1,5002,6135.25,6138.75,6130.25,6132.75,107187,ES.v.0
2025-02-19 15:00:00+00:00,34,1,5002,6133.0,6142.5,6129.25,6135.0,156027,ES.v.0
2025-02-19 16:00:00+00:00,34,1,5002,6135.0,6151.75,6134.75,6151.0,106947,ES.v.0
2025-02-19 17:00:00+00:00,34,1,5002,6150.75,6153.75,6142.25,6149.5,88224,ES.v.0
2025-02-19 18:00:00+00:00,34,1,5002,6149.75,6154.25,6140.25,6149.0,83897,ES.v.0
2025-02-19 19:00:00+00:00,34,1,5002,6149.25,6166.5,6147.75,6165.25,121521,ES.v.0
2025-02-19 20:00:00+00:00,34,1,5002,6165.25,6165.25,6152.0,6163.0,197328,ES.v.0
2025-02-19 21:00:00+00:00,34,1,5002,6163.0,6163.25,6152.5,6155.0,39616,ES.v.0
2025-02-19 23:00:00+00:00,34,1,5002,6153.75,6159.5,6152.25,6155.25,6971,ES.v.0
2025-02-20 00:00:00+00:00,34,1,5002,6155.0,6157.5,6151.5,6157.5,5229,ES.v.0
2025-02-20 01:00:00+00:00,34,1,5002,6157.25,6157.25,6146.25,6147.5,9259,ES.v.0
2025-02-20 02:00:00+00:00,34,1,5002,6147.25,6149.75,6145.25,6149.5,7206,ES.v.0
2025-02-20 03:00:00+00:00,34,1,5002,6149.5,6150.0,6147.0,6147.0,3416,ES.v.0
2025-02-20 04:00:00+00:00,34,1,5002,6147.0,6147.25,6143.75,6145.0,4232,ES.v.0
2025-02-20 05:00:00+00:00,34,1,5002,6145.25,6146.25,6143.75,6144.25,3544,ES.v.0
2025-02-20 06:00:00+00:00,34,1,5002,6144.0,6145.25,6141.75,6144.25,4404,ES.v.0
2025-02-20 07:00:00+00:00,34,1,5002,6144.25,6146.5,6142.0,6142.5,6793,ES.v.0
2025-02-20 08:00:00+00:00,34,1,5002,6142.75,6149.25,6142.5,6148.0,9836,ES.v.0
2025-02-20 09:00:00+00:00,34,1,5002,6148.0,6153.0,6147.5,6152.25,7443,ES.v.0
2025-02-20 10:00:00+00:00,34,1,5002,6152.25,6155.0,6151.75,6151.75,5663,ES.v.0
2025-02-20 11:00:00+00:00,34,1,5002,6151.75,6152.75,6143.25,6144.25,12590,ES.v.0
2025-02-20 12:00:00+00:00,34,1,5002,6144.0,6148.75,6141.0,6147.75,13690,ES.v.0
2025-02-20 13:00:00+00:00,34,1,5002,6148.0,6148.75,6143.5,6146.5,15209,ES.v.0
2025-02-20 14:00:00+00:00,34,1,5002,6146.25,6150.5,6116.0,6116.75,184035,ES.v.0
2025-02-20 15:00:00+00:00,34,1,5002,6116.75,6128.0,6102.75,6106.0,313168,ES.v.0
2025-02-20 16:00:00+00:00,34,1,5002,6106.25,6117.5,6103.5,6107.0,160716,ES.v.0
2025-02-20 17:00:00+00:00,34,1,5002,6107.0,6123.75,6105.25,6113.0,110200,ES.v.0
2025-02-20 18:00:00+00:00,34,1,5002,6112.75,6120.25,6109.0,6118.75,92994,ES.v.0
2025-02-20 19:00:00+00:00,34,1,5002,6118.75,6134.0,6117.75,6131.5,119107,ES.v.0
2025-02-20 20:00:00+00:00,34,1,5002,6131.5,6139.75,6125.5,6137.25,201075,ES.v.0
2025-02-20 21:00:00+00:00,34,1,5002,6137.0,6137.75,6130.0,6133.0,41031,ES.v.0
2025-02-20 23:00:00+00:00,34,1,5002,6132.5,6139.75,6131.25,6137.5,6684,ES.v.0
2025-02-21 00:00:00+00:00,34,1,5002,6137.25,6139.25,6135.25,6137.25,4204,ES.v.0
2025-02-21 01:00:00+00:00,34,1,5002,6137.0,6137.75,6132.25,6133.5,6051,ES.v.0
2025-02-21 02:00:00+00:00,34,1,5002,6133.5,6136.25,6133.5,6135.0,3421,ES.v.0
2025-02-21 03:00:00+00:00,34,1,5002,6135.25,6135.5,6132.75,6133.25,2619,ES.v.0
2025-02-21 04:00:00+00:00,34,1,5002,6133.25,6134.5,6130.75,6131.25,2359,ES.v.0
2025-02-21 05:00:00+00:00,34,1,5002,6131.5,6132.25,6128.25,6130.5,4473,ES.v.0
2025-02-21 06:00:00+00:00,34,1,5002,6130.25,6135.75,6130.0,6135.25,2762,ES.v.0
2025-02-21 07:00:00+00:00,34,1,5002,6135.25,6137.25,6132.0,6132.0,6980,ES.v.0
2025-02-21 08:00:00+00:00,34,1,5002,6132.25,6135.5,6127.25,6134.75,14330,ES.v.0
2025-02-21 09:00:00+00:00,34,1,5002,6134.75,6137.75,6133.25,6137.75,6812,ES.v.0
2025-02-21 10:00:00+00:00,34,1,5002,6137.75,6138.75,6135.25,6138.0,6778,ES.v.0
2025-02-21 11:00:00+00:00,34,1,5002,6138.25,6139.0,6135.0,6136.5,6182,ES.v.0
2025-02-21 12:00:00+00:00,34,1,5002,6136.5,6141.5,6132.25,6140.25,16714,ES.v.0
2025-02-21 13:00:00+00:00,34,1,5002,6140.25,6141.75,6137.5,6139.75,18036,ES.v.0
2025-02-21 14:00:00+00:00,34,1,5002,6139.5,6142.5,6113.0,6115.0,183471,ES.v.0
2025-02-21 15:00:00+00:00,34,1,5002,6115.25,6116.75,6087.5,6098.25,283074,ES.v.0
2025-02-21 16:00:00+00:00,34,1,5002,6098.25,6105.25,6091.75,6098.25,154504,ES.v.0
2025-02-21 17:00:00+00:00,34,1,5002,6098.5,6101.75,6066.25,6068.25,188567,ES.v.0
2025-02-21 18:00:00+00:00,34,1,5002,6068.25,6068.75,6045.5,6047.5,279412,ES.v.0
2025-02-21 19:00:00+00:00,34,1,5002,6047.5,6053.5,6024.5,6030.25,261203,ES.v.0
2025-02-21 20:00:00+00:00,34,1,5002,6030.0,6039.25,6025.0,6030.25,305335,ES.v.0
2025-02-21 21:00:00+00:00,34,1,5002,6030.5,6034.75,6027.5,6029.75,64436,ES.v.0
2025-02-23 23:00:00+00:00,34,1,5002,6040.75,6052.5,6034.0,6050.25,24236,ES.v.0
2025-02-24 00:00:00+00:00,34,1,5002,6050.5,6059.25,6049.25,6051.75,13905,ES.v.0
2025-02-24 01:00:00+00:00,34,1,5002,6051.5,6054.0,6047.25,6050.5,11254,ES.v.0
2025-02-24 02:00:00+00:00,34,1,5002,6050.5,6058.5,6049.75,6056.75,7285,ES.v.0
2025-02-24 03:00:00+00:00,34,1,5002,6057.0,6059.0,6055.75,6058.75,4474,ES.v.0
2025-02-24 04:00:00+00:00,34,1,5002,6058.75,6060.25,6057.5,6058.0,4729,ES.v.0
2025-02-24 05:00:00+00:00,34,1,5002,6058.25,6062.5,6057.75,6061.5,4941,ES.v.0
2025-02-24 06:00:00+00:00,34,1,5002,6061.25,6063.5,6058.5,6060.0,4824,ES.v.0
2025-02-24 07:00:00+00:00,34,1,5002,6060.0,6061.25,6050.75,6055.0,11580,ES.v.0
2025-02-24 08:00:00+00:00,34,1,5002,6055.0,6058.25,6041.5,6057.25,27974,ES.v.0
2025-02-24 09:00:00+00:00,34,1,5002,6057.0,6067.5,6056.0,6061.75,22669,ES.v.0
2025-02-24 10:00:00+00:00,34,1,5002,6062.0,6062.75,6058.25,6059.0,9909,ES.v.0
2025-02-24 11:00:00+00:00,34,1,5002,6059.0,6063.0,6055.5,6061.5,14363,ES.v.0
2025-02-24 12:00:00+00:00,34,1,5002,6061.5,6061.75,6053.5,6059.0,19817,ES.v.0
2025-02-24 13:00:00+00:00,34,1,5002,6059.0,6062.25,6058.0,6061.75,21060,ES.v.0
2025-02-24 14:00:00+00:00,34,1,5002,6061.5,6062.5,6016.0,6017.25,224853,ES.v.0
2025-02-24 15:00:00+00:00,34,1,5002,6017.25,6024.0,5994.5,6006.75,365259,ES.v.0
2025-02-24 16:00:00+00:00,34,1,5002,6006.75,6037.75,6004.25,6029.25,232974,ES.v.0
2025-02-24 17:00:00+00:00,34,1,5002,6029.25,6048.5,6027.75,6036.0,152473,ES.v.0
2025-02-24 18:00:00+00:00,34,1,5002,6036.25,6047.0,6033.25,6036.25,110514,ES.v.0
2025-02-24 19:00:00+00:00,34,1,5002,6036.25,6044.25,6023.5,6027.5,123187,ES.v.0
2025-02-24 20:00:00+00:00,34,1,5002,6027.5,6030.25,5996.0,6002.25,264418,ES.v.0
2025-02-24 21:00:00+00:00,34,1,5002,6002.5,6009.5,5999.25,6005.5,59168,ES.v.0
2025-02-24 23:00:00+00:00,34,1,5002,6006.5,6009.0,5995.25,5999.0,13651,ES.v.0
2025-02-25 00:00:00+00:00,34,1,5002,5999.25,6011.5,5999.25,6009.75,13069,ES.v.0
2025-02-25 01:00:00+00:00,34,1,5002,6009.5,6014.0,6004.75,6013.75,19771,ES.v.0
2025-02-25 02:00:00+00:00,34,1,5002,6013.75,6015.5,6005.0,6014.0,9010,ES.v.0
2025-02-25 03:00:00+00:00,34,1,5002,6014.25,6016.0,6010.75,6011.0,4434,ES.v.0
2025-02-25 04:00:00+00:00,34,1,5002,6011.25,6013.75,6008.5,6009.0,4743,ES.v.0
2025-02-25 05:00:00+00:00,34,1,5002,6009.0,6011.5,6009.0,6010.5,3599,ES.v.0
2025-02-25 06:00:00+00:00,34,1,5002,6010.5,6012.25,6003.25,6005.5,6512,ES.v.0
2025-02-25 07:00:00+00:00,34,1,5002,6005.5,6006.25,5982.25,5982.75,23580,ES.v.0
2025-02-25 08:00:00+00:00,34,1,5002,5982.5,6004.75,5982.25,5987.25,28821,ES.v.0
2025-02-25 09:00:00+00:00,34,1,5002,5987.5,5999.5,5979.5,5980.0,25794,ES.v.0
2025-02-25 10:00:00+00:00,34,1,5002,5980.0,5989.5,5978.5,5980.5,18069,ES.v.0
2025-02-25 11:00:00+00:00,34,1,5002,5980.5,5999.75,5977.75,5996.75,23543,ES.v.0
2025-02-25 12:00:00+00:00,34,1,5002,5996.75,6008.0,5994.0,6007.25,22325,ES.v.0
2025-02-25 13:00:00+00:00,34,1,5002,6007.25,6010.75,6000.5,6002.75,35478,ES.v.0
2025-02-25 14:00:00+00:00,34,1,5002,6002.75,6007.75,5971.0,5981.25,241474,ES.v.0
2025-02-25 15:00:00+00:00,34,1,5002,5981.0,5981.75,5933.5,5951.75,444324,ES.v.0
2025-02-25 16:00:00+00:00,34,1,5002,5952.0,5967.5,5924.0,5960.25,292934,ES.v.0
2025-02-25 17:00:00+00:00,34,1,5002,5960.25,5976.75,5949.5,5976.75,155983,ES.v.0
2025-02-25 18:00:00+00:00,34,1,5002,5976.5,5990.5,5964.25,5976.0,190917,ES.v.0
2025-02-25 19:00:00+00:00,34,1,5002,5976.0,5984.75,5958.5,5981.25,199707,ES.v.0
2025-02-25 20:00:00+00:00,34,1,5002,5981.25,5995.5,5964.25,5970.5,316518,ES.v.0
2025-02-25 21:00:00+00:00,34,1,5002,5970.5,5983.0,5969.5,5979.75,53834,ES.v.0
2025-02-25 23:00:00+00:00,34,1,5002,5982.0,5990.25,5981.5,5985.5,7015,ES.v.0
2025-02-26 00:00:00+00:00,34,1,5002,5985.5,5988.75,5982.75,5988.5,6900,ES.v.0
2025-02-26 01:00:00+00:00,34,1,5002,5988.75,5989.0,5979.75,5981.5,7006,ES.v.0
2025-02-26 02:00:00+00:00,34,1,5002,5981.5,5987.25,5977.5,5986.75,7515,ES.v.0
2025-02-26 03:00:00+00:00,34,1,5002,5986.5,5993.0,5986.0,5988.5,8546,ES.v.0
2025-02-26 04:00:00+00:00,34,1,5002,5988.25,5991.0,5987.25,5990.5,3791,ES.v.0
2025-02-26 05:00:00+00:00,34,1,5002,5990.75,5994.75,5990.5,5994.25,4820,ES.v.0
2025-02-26 06:00:00+00:00,34,1,5002,5994.25,5995.0,5991.25,5993.25,4843,ES.v.0
2025-02-26 07:00:00+00:00,34,1,5002,5993.25,5995.75,5990.5,5993.25,10413,ES.v.0
2025-02-26 08:00:00+00:00,34,1,5002,5993.25,5996.25,5990.0,5996.0,15815,ES.v.0
2025-02-26 09:00:00+00:00,34,1,5002,5996.0,6002.5,5994.75,5997.75,17533,ES.v.0
2025-02-26 10:00:00+00:00,34,1,5002,5998.0,6001.75,5996.25,6000.25,8292,ES.v.0
2025-02-26 11:00:00+00:00,34,1,5002,6000.5,6003.25,5992.75,5996.0,12391,ES.v.0
2025-02-26 12:00:00+00:00,34,1,5002,5995.75,5999.75,5990.25,5996.25,20254,ES.v.0
2025-02-26 13:00:00+00:00,34,1,5002,5996.0,6004.0,5989.0,5993.0,35241,ES.v.0
2025-02-26 14:00:00+00:00,34,1,5002,5992.75,6005.75,5978.25,6004.5,215513,ES.v.0
2025-02-26 15:00:00+00:00,34,1,5002,6004.75,6020.5,6000.0,6016.5,249196,ES.v.0
2025-02-26 16:00:00+00:00,34,1,5002,6016.5,6023.75,6006.0,6008.0,182657,ES.v.0
2025-02-26 17:00:00+00:00,34,1,5002,6008.0,6021.75,5978.5,5983.75,236080,ES.v.0
2025-02-26 18:00:00+00:00,34,1,5002,5983.75,5986.25,5948.5,5953.0,239135,ES.v.0
2025-02-26 19:00:00+00:00,34,1,5002,5952.75,5973.75,5945.5,5954.75,209826,ES.v.0
2025-02-26 20:00:00+00:00,34,1,5002,5955.0,5980.25,5951.5,5972.0,244380,ES.v.0
2025-02-26 21:00:00+00:00,34,1,5002,5972.25,5996.25,5950.5,5990.25,102032,ES.v.0
2025-02-26 23:00:00+00:00,34,1,5002,5980.0,5983.75,5965.75,5978.5,20133,ES.v.0
2025-02-27 00:00:00+00:00,34,1,5002,5978.25,5982.25,5963.25,5964.5,16927,ES.v.0
2025-02-27 01:00:00+00:00,34,1,5002,5964.75,5974.0,5960.75,5970.25,11489,ES.v.0
2025-02-27 02:00:00+00:00,34,1,5002,5970.5,5981.75,5968.5,5975.5,9365,ES.v.0
2025-02-27 03:00:00+00:00,34,1,5002,5975.5,5980.0,5973.0,5973.0,4537,ES.v.0
2025-02-27 04:00:00+00:00,34,1,5002,5973.25,5974.75,5970.5,5974.75,4790,ES.v.0
2025-02-27 05:00:00+00:00,34,1,5002,5974.5,5995.0,5973.0,5990.0,9153,ES.v.0
2025-02-27 06:00:00+00:00,34,1,5002,5990.25,5996.25,5989.5,5993.75,8421,ES.v.0
2025-02-27 07:00:00+00:00,34,1,5002,5993.75,6002.75,5992.75,5994.25,11231,ES.v.0
2025-02-27 08:00:00+00:00,34,1,5002,5994.25,6005.0,5990.0,6004.0,17432,ES.v.0
2025-02-27 09:00:00+00:00,34,1,5002,6004.0,6007.0,5997.25,6005.25,11823,ES.v.0
2025-02-27 10:00:00+00:00,34,1,5002,6005.25,6008.25,6001.25,6004.75,7967,ES.v.0
2025-02-27 11:00:00+00:00,34,1,5002,6005.0,6011.0,6004.25,6010.75,12465,ES.v.0
2025-02-27 12:00:00+00:00,34,1,5002,6010.5,6014.5,6005.75,6006.75,19260,ES.v.0
2025-02-27 13:00:00+00:00,34,1,5002,6006.5,6009.75,5977.5,5986.0,94313,ES.v.0
2025-02-27 14:00:00+00:00,34,1,5002,5986.0,6007.25,5947.75,5951.0,282837,ES.v.0
2025-02-27 15:00:00+00:00,34,1,5002,5951.0,5991.75,5931.5,5961.0,483987,ES.v.0
2025-02-27 16:00:00+00:00,34,1,5002,5961.25,5989.0,5949.0,5950.75,247497,ES.v.0
2025-02-27 17:00:00+00:00,34,1,5002,5951.0,5971.25,5940.0,5960.75,197304,ES.v.0
2025-02-27 18:00:00+00:00,34,1,5002,5960.5,5978.25,5959.5,5963.5,166697,ES.v.0
2025-02-27 19:00:00+00:00,34,1,5002,5963.5,5965.0,5909.25,5918.75,300208,ES.v.0
2025-02-27 20:00:00+00:00,34,1,5002,5919.0,5919.75,5873.0,5877.5,475850,ES.v.0
2025-02-27 21:00:00+00:00,34,1,5002,5877.75,5887.25,5873.5,5881.0,86624,ES.v.0
2025-02-27 23:00:00+00:00,34,1,5002,5883.0,5890.0,5881.75,5887.5,17248,ES.v.0
2025-02-28 00:00:00+00:00,34,1,5002,5887.5,5889.75,5874.75,5875.0,12646,ES.v.0
2025-02-28 01:00:00+00:00,34,1,5002,5875.25,5886.25,5859.75,5877.5,22104,ES.v.0
2025-02-28 02:00:00+00:00,34,1,5002,5877.5,5882.25,5866.75,5870.25,15697,ES.v.0
2025-02-28 03:00:00+00:00,34,1,5002,5870.25,5873.0,5858.5,5866.5,18901,ES.v.0
2025-02-28 04:00:00+00:00,34,1,5002,5866.5,5883.0,5863.25,5879.25,12994,ES.v.0
2025-02-28 05:00:00+00:00,34,1,5002,5879.0,5884.0,5876.5,5880.0,8250,ES.v.0
2025-02-28 06:00:00+00:00,34,1,5002,5879.75,5885.5,5874.5,5875.5,10654,ES.v.0
2025-02-28 07:00:00+00:00,34,1,5002,5875.5,5886.25,5869.5,5884.25,16682,ES.v.0
2025-02-28 08:00:00+00:00,34,1,5002,5884.25,5894.25,5881.75,5892.25,26403,ES.v.0
2025-02-28 09:00:00+00:00,34,1,5002,5892.5,5897.0,5888.25,5892.75,15634,ES.v.0
2025-02-28 10:00:00+00:00,34,1,5002,5892.75,5899.0,5891.0,5895.0,13112,ES.v.0
2025-02-28 11:00:00+00:00,34,1,5002,5895.0,5900.5,5894.0,5896.75,10607,ES.v.0
2025-02-28 12:00:00+00:00,34,1,5002,5896.75,5897.0,5883.75,5890.75,35681,ES.v.0
2025-02-28 13:00:00+00:00,34,1,5002,5890.5,5899.5,5881.25,5886.75,59179,ES.v.0
2025-02-28 14:00:00+00:00,34,1,5002,5887.0,5891.75,5857.0,5884.0,321746,ES.v.0
2025-02-28 15:00:00+00:00,34,1,5002,5884.0,5913.0,5876.0,5912.5,337826,ES.v.0
2025-02-28 16:00:00+00:00,34,1,5002,5912.5,5914.25,5881.75,5897.25,232935,ES.v.0
2025-02-28 17:00:00+00:00,34,1,5002,5897.25,5907.0,5859.5,5860.25,237915,ES.v.0
2025-02-28 18:00:00+00:00,34,1,5002,5860.25,5889.0,5848.0,5859.5,332276,ES.v.0
2025-02-28 19:00:00+00:00,34,1,5002,5859.5,5906.25,5859.0,5904.5,235992,ES.v.0
2025-02-28 20:00:00+00:00,34,1,5002,5904.5,5971.0,5900.25,5964.0,535826,ES.v.0
2025-02-28 21:00:00+00:00,34,1,5002,5964.25,5965.75,5953.75,5958.0,138517,ES.v.0
2025-03-02 23:00:00+00:00,34,1,5002,5967.5,5984.5,5964.25,5974.25,24096,ES.v.0
2025-03-03 00:00:00+00:00,34,1,5002,5974.5,5975.75,5947.0,5955.25,23919,ES.v.0
2025-03-03 01:00:00+00:00,34,1,5002,5955.25,5966.75,5951.5,5965.25,14393,ES.v.0
2025-03-03 02:00:00+00:00,34,1,5002,5965.25,5969.0,5959.75,5964.25,8750,ES.v.0
2025-03-03 03:00:00+00:00,34,1,5002,5964.25,5965.5,5957.5,5965.0,7737,ES.v.0
2025-03-03 04:00:00+00:00,34,1,5002,5964.75,5972.5,5964.25,5972.0,4654,ES.v.0
2025-03-03 05:00:00+00:00,34,1,5002,5972.0,5979.25,5970.75,5977.25,6219,ES.v.0
2025-03-03 06:00:00+00:00,34,1,5002,5977.25,5982.25,5971.75,5979.5,8987,ES.v.0
2025-03-03 07:00:00+00:00,34,1,5002,5979.5,5980.75,5964.75,5971.25,14134,ES.v.0
2025-03-03 08:00:00+00:00,34,1,5002,5971.0,5978.5,5955.75,5966.75,30615,ES.v.0
2025-03-03 09:00:00+00:00,34,1,5002,5967.0,5982.5,5962.25,5982.0,19610,ES.v.0
2025-03-03 10:00:00+00:00,34,1,5002,5982.0,5983.5,5974.75,5982.0,14024,ES.v.0
2025-03-03 11:00:00+00:00,34,1,5002,5982.0,5989.25,5980.75,5988.5,12164,ES.v.0
2025-03-03 12:00:00+00:00,34,1,5002,5988.25,6000.5,5986.25,5992.0,32772,ES.v.0
2025-03-03 13:00:00+00:00,34,1,5002,5991.75,5993.25,5980.25,5985.25,36612,ES.v.0
2025-03-03 14:00:00+00:00,34,1,5002,5985.25,5997.0,5947.75,5951.5,252914,ES.v.0
2025-03-03 15:00:00+00:00,34,1,5002,5951.5,5974.75,5930.5,5947.25,392177,ES.v.0
2025-03-03 16:00:00+00:00,34,1,5002,5947.25,5968.75,5934.5,5953.5,242535,ES.v.0
2025-03-03 17:00:00+00:00,34,1,5002,5953.5,5965.5,5937.25,5943.25,143718,ES.v.0
2025-03-03 18:00:00+00:00,34,1,5002,5943.25,5944.75,5897.75,5914.75,327652,ES.v.0
2025-03-03 19:00:00+00:00,34,1,5002,5914.5,5929.5,5882.5,5883.5,263023,ES.v.0
2025-03-03 20:00:00+00:00,34,1,5002,5883.75,5884.25,5821.75,5862.75,561123,ES.v.0
2025-03-03 21:00:00+00:00,34,1,5002,5862.75,5876.25,5861.0,5875.0,76551,ES.v.0
2025-03-03 23:00:00+00:00,34,1,5002,5874.0,5881.0,5867.5,5870.25,22396,ES.v.0
2025-03-04 00:00:00+00:00,34,1,5002,5870.25,5879.5,5861.5,5877.0,16749,ES.v.0
2025-03-04 01:00:00+00:00,34,1,5002,5877.25,5881.5,5859.5,5861.25,19439,ES.v.0
2025-03-04 02:00:00+00:00,34,1,5002,5861.75,5873.75,5859.75,5871.0,10614,ES.v.0
2025-03-04 03:00:00+00:00,34,1,5002,5871.0,5877.75,5867.0,5874.0,9467,ES.v.0
2025-03-04 04:00:00+00:00,34,1,5002,5873.75,5878.0,5868.5,5870.0,8801,ES.v.0
2025-03-04 05:00:00+00:00,34,1,5002,5870.25,5884.0,5859.25,5877.75,19877,ES.v.0
2025-03-04 06:00:00+00:00,34,1,5002,5877.75,5881.5,5869.0,5878.25,11093,ES.v.0
2025-03-04 07:00:00+00:00,34,1,5002,5878.25,5879.25,5860.0,5863.25,16437,ES.v.0
2025-03-04 08:00:00+00:00,34,1,5002,5863.0,5878.5,5856.5,5867.75,29011,ES.v.0
2025-03-04 09:00:00+00:00,34,1,5002,5867.75,5877.0,5859.5,5863.25,22589,ES.v.0
2025-03-04 10:00:00+00:00,34,1,5002,5863.0,5866.0,5848.75,5855.75,25886,ES.v.0
2025-03-04 11:00:00+00:00,34,1,5002,5855.75,5861.0,5849.0,5856.0,18048,ES.v.0
2025-03-04 12:00:00+00:00,34,1,5002,5855.75,5855.75,5821.0,5823.75,61615,ES.v.0
2025-03-04 13:00:00+00:00,34,1,5002,5824.0,5828.5,5812.0,5820.75,88804,ES.v.0
2025-03-04 14:00:00+00:00,34,1,5002,5820.5,5835.75,5778.0,5779.0,462893,ES.v.0
2025-03-04 15:00:00+00:00,34,1,5002,5779.0,5783.75,5744.0,5762.5,569739,ES.v.0
2025-03-04 16:00:00+00:00,34,1,5002,5762.75,5787.5,5744.75,5781.5,366924,ES.v.0
2025-03-04 17:00:00+00:00,34,1,5002,5781.25,5807.25,5774.75,5786.75,275198,ES.v.0
2025-03-04 18:00:00+00:00,34,1,5002,5786.75,5830.25,5782.25,5824.5,262714,ES.v.0
2025-03-04 19:00:00+00:00,34,1,5002,5824.25,5853.25,5823.5,5850.5,252095,ES.v.0
2025-03-04 20:00:00+00:00,34,1,5002,5850.25,5875.75,5768.25,5790.75,508107,ES.v.0
2025-03-04 21:00:00+00:00,34,1,5002,5791.0,5840.0,5790.5,5825.0,163245,ES.v.0
2025-03-04 23:00:00+00:00,34,1,5002,5832.0,5838.0,5823.25,5834.0,14148,ES.v.0
2025-03-05 00:00:00+00:00,34,1,5002,5834.25,5836.75,5814.75,5826.5,18234,ES.v.0
2025-03-05 01:00:00+00:00,34,1,5002,5826.75,5828.5,5808.0,5820.0,24954,ES.v.0
2025-03-05 02:00:00+00:00,34,1,5002,5820.0,5823.0,5807.75,5814.0,17382,ES.v.0
2025-03-05 03:00:00+00:00,34,1,5002,5814.25,5832.75,5809.0,5828.75,21123,ES.v.0
2025-03-05 04:00:00+00:00,34,1,5002,5828.5,5834.0,5825.0,5826.75,8652,ES.v.0
2025-03-05 05:00:00+00:00,34,1,5002,5827.0,5829.0,5817.5,5827.0,7421,ES.v.0
2025-03-05 06:00:00+00:00,34,1,5002,5827.0,5829.75,5818.25,5826.0,6616,ES.v.0
2025-03-05 07:00:00+00:00,34,1,5002,5825.75,5832.5,5821.0,5822.0,12227,ES.v.0
2025-03-05 08:00:00+00:00,34,1,5002,5822.25,5837.0,5817.25,5824.5,29869,ES.v.0
2025-03-05 09:00:00+00:00,34,1,5002,5824.75,5844.25,5820.0,5839.5,22994,ES.v.0
2025-03-05 10:00:00+00:00,34,1,5002,5840.0,5842.75,5822.5,5823.25,24390,ES.v.0
2025-03-05 11:00:00+00:00,34,1,5002,5823.5,5825.5,5796.25,5809.75,30615,ES.v.0
2025-03-05 12:00:00+00:00,34,1,5002,5809.75,5816.5,5797.5,5802.5,35440,ES.v.0
2025-03-05 13:00:00+00:00,34,1,5002,5802.5,5813.5,5783.75,5788.5,82062,ES.v.0
2025-03-05 14:00:00+00:00,34,1,5002,5788.5,5812.75,5770.25,5778.25,252963,ES.v.0
2025-03-05 15:00:00+00:00,34,1,5002,5779.75,5817.0,5774.5,5789.5,340760,ES.v.0
2025-03-05 16:00:00+00:00,34,1,5002,5789.25,5789.25,5750.75,5779.5,275840,ES.v.0
2025-03-05 17:00:00+00:00,34,1,5002,5779.25,5829.5,5778.0,5828.0,225831,ES.v.0
2025-03-05 18:00:00+00:00,34,1,5002,5828.0,5836.25,5797.75,5835.25,231545,ES.v.0
2025-03-05 19:00:00+00:00,34,1,5002,5835.0,5864.25,5828.75,5851.25,202522,ES.v.0
2025-03-05 20:00:00+00:00,34,1,5002,5851.25,5869.5,5834.0,5850.75,276104,ES.v.0
2025-03-05 21:00:00+00:00,34,1,5002,5850.75,5852.0,5841.25,5845.5,53745,ES.v.0
2025-03-05 23:00:00+00:00,34,1,5002,5844.75,5853.5,5841.5,5845.25,7529,ES.v.0
2025-03-06 00:00:00+00:00,34,1,5002,5845.0,5850.0,5838.0,5839.5,7367,ES.v.0
2025-03-06 01:00:00+00:00,34,1,5002,5840.0,5845.0,5838.5,5843.25,8388,ES.v.0
2025-03-06 02:00:00+00:00,34,1,5002,5843.5,5846.75,5839.5,5840.75,5581,ES.v.0
2025-03-06 03:00:00+00:00,34,1,5002,5841.0,5847.25,5838.75,5846.5,4632,ES.v.0
2025-03-06 04:00:00+00:00,34,1,5002,5846.25,5850.0,5846.25,5849.25,7166,ES.v.0
2025-03-06 05:00:00+00:00,34,1,5002,5849.0,5850.0,5842.75,5842.75,5479,ES.v.0
2025-03-06 06:00:00+00:00,34,1,5002,5843.0,5849.5,5840.5,5848.25,5721,ES.v.0
2025-03-06 07:00:00+00:00,34,1,5002,5848.5,5850.0,5823.75,5824.5,16534,ES.v.0
2025-03-06 08:00:00+00:00,34,1,5002,5824.5,5830.75,5801.25,5803.75,36113,ES.v.0
2025-03-06 09:00:00+00:00,34,1,5002,5803.75,5813.5,5786.25,5792.5,37275,ES.v.0
2025-03-06 10:00:00+00:00,34,1,5002,5792.5,5797.75,5779.5,5781.5,25423,ES.v.0
2025-03-06 11:00:00+00:00,34,1,5002,5781.5,5797.25,5775.5,5796.75,24816,ES.v.0
2025-03-06 12:00:00+00:00,34,1,5002,5796.75,5797.75,5780.25,5784.75,29558,ES.v.0
2025-03-06 13:00:00+00:00,34,1,5002,5785.0,5790.75,5769.25,5779.5,58134,ES.v.0
2025-03-06 14:00:00+00:00,34,1,5002,5779.5,5788.75,5753.25,5763.25,245983,ES.v.0
2025-03-06 15:00:00+00:00,34,1,5002,5763.5,5820.0,5759.75,5806.5,378120,ES.v.0
2025-03-06 16:00:00+00:00,34,1,5002,5806.75,5821.25,5763.0,5764.25,298775,ES.v.0
2025-03-06 17:00:00+00:00,34,1,5002,5764.0,5768.75,5729.0,5749.5,319292,ES.v.0
2025-03-06 18:00:00+00:00,34,1,5002,5749.25,5760.25,5722.75,5740.0,220050,ES.v.0
2025-03-06 19:00:00+00:00,34,1,5002,5740.0,5768.5,5720.0,5729.0,269887,ES.v.0
2025-03-06 20:00:00+00:00,34,1,5002,5729.0,5761.75,5723.5,5747.75,386474,ES.v.0
2025-03-06 21:00:00+00:00,34,1,5002,5748.0,5771.75,5744.25,5761.25,73005,ES.v.0
2025-03-06 23:00:00+00:00,34,1,5002,5766.0,5769.75,5761.5,5764.75,9536,ES.v.0
2025-03-07 00:00:00+00:00,34,1,5002,5765.0,5769.75,5756.25,5763.75,12365,ES.v.0
2025-03-07 01:00:00+00:00,34,1,5002,5764.0,5774.5,5761.25,5768.75,9962,ES.v.0
2025-03-07 02:00:00+00:00,34,1,5002,5768.75,5774.5,5763.25,5768.25,8160,ES.v.0
2025-03-07 03:00:00+00:00,34,1,5002,5768.25,5769.0,5760.75,5761.25,6625,ES.v.0
2025-03-07 04:00:00+00:00,34,1,5002,5761.25,5765.5,5757.25,5764.25,6359,ES.v.0
2025-03-07 05:00:00+00:00,34,1,5002,5764.0,5764.75,5754.5,5757.0,6170,ES.v.0
2025-03-07 06:00:00+00:00,34,1,5002,5757.25,5757.75,5750.0,5752.0,9961,ES.v.0
2025-03-07 07:00:00+00:00,34,1,5002,5752.0,5764.25,5750.5,5762.25,12417,ES.v.0
2025-03-07 08:00:00+00:00,34,1,5002,5762.5,5766.5,5753.75,5760.25,26428,ES.v.0
2025-03-07 09:00:00+00:00,34,1,5002,5760.0,5773.25,5758.25,5767.75,17255,ES.v.0
2025-03-07 10:00:00+00:00,34,1,5002,5768.0,5768.5,5756.5,5763.5,14378,ES.v.0
2025-03-07 11:00:00+00:00,34,1,5002,5763.5,5769.0,5758.0,5765.25,11547,ES.v.0
2025-03-07 12:00:00+00:00,34,1,5002,5765.0,5765.75,5745.5,5751.5,31479,ES.v.0
2025-03-07 13:00:00+00:00,34,1,5002,5751.25,5786.5,5729.25,5734.5,122719,ES.v.0
2025-03-07 14:00:00+00:00,34,1,5002,5734.25,5778.0,5721.0,5756.25,275697,ES.v.0
2025-03-07 15:00:00+00:00,34,1,5002,5756.25,5768.0,5701.25,5726.0,360169,ES.v.0
2025-03-07 16:00:00+00:00,34,1,5002,5725.75,5729.75,5673.0,5687.75,260595,ES.v.0
2025-03-07 17:00:00+00:00,34,1,5002,5687.75,5747.75,5674.5,5718.5,264282,ES.v.0
2025-03-07 18:00:00+00:00,34,1,5002,5718.5,5770.0,5718.0,5769.75,226278,ES.v.0
2025-03-07 19:00:00+00:00,34,1,5002,5769.75,5790.25,5758.25,5769.0,196049,ES.v.0
2025-03-07 20:00:00+00:00,34,1,5002,5769.0,5791.0,5745.25,5775.0,286064,ES.v.0
2025-03-07 21:00:00+00:00,34,1,5002,5775.25,5777.25,5760.25,5771.75,58214,ES.v.0
2025-03-09 22:00:00+00:00,34,1,5002,5753.0,5756.25,5722.75,5728.0,31715,ES.v.0
2025-03-09 23:00:00+00:00,34,1,5002,5728.0,5738.0,5710.5,5733.25,22004,ES.v.0
2025-03-10 00:00:00+00:00,34,1,5002,5733.5,5739.75,5726.25,5738.25,27649,ES.v.0
2025-03-10 01:00:00+00:00,34,1,5002,5738.75,5752.5,5737.5,5752.0,12995,ES.v.0
2025-03-10 02:00:00+00:00,34,1,5002,5751.75,5755.25,5748.0,5752.25,7394,ES.v.0
2025-03-10 03:00:00+00:00,34,1,5002,5752.25,5754.75,5744.5,5750.5,6891,ES.v.0
2025-03-10 04:00:00+00:00,34,1,5002,5750.5,5757.75,5745.0,5745.5,6424,ES.v.0
2025-03-10 05:00:00+00:00,34,1,5002,5745.75,5752.75,5741.25,5743.5,6882,ES.v.0
2025-03-10 06:00:00+00:00,34,1,5002,5743.75,5752.0,5743.75,5748.25,6772,ES.v.0
2025-03-10 07:00:00+00:00,34,1,5002,5748.0,5754.0,5742.25,5743.25,11625,ES.v.0
2025-03-10 08:00:00+00:00,34,1,5002,5743.5,5748.25,5703.0,5705.75,42527,ES.v.0
2025-03-10 09:00:00+00:00,34,1,5002,5705.5,5731.5,5703.0,5718.5,31345,ES.v.0
2025-03-10 10:00:00+00:00,34,1,5002,5719.0,5725.0,5706.0,5709.0,25972,ES.v.0
2025-03-10 11:00:00+00:00,34,1,5002,5709.0,5723.25,5701.75,5706.5,34874,ES.v.0
2025-03-10 12:00:00+00:00,34,1,5002,5706.75,5707.5,5687.25,5701.0,56023,ES.v.0
2025-03-10 13:00:00+00:00,34,1,5002,5701.25,5711.25,5679.25,5689.25,279697,ES.v.0
2025-03-10 14:00:00+00:00,34,1,5002,5689.5,5689.5,5646.5,5655.0,371975,ES.v.0
2025-03-10 15:00:00+00:00,34,1,5002,5655.0,5682.0,5651.75,5653.75,257624,ES.v.0
2025-03-10 16:00:00+00:00,34,1,5002,5653.75,5667.0,5640.0,5645.75,176474,ES.v.0
2025-03-10 17:00:00+00:00,34,1,5002,5645.75,5647.25,5616.75,5619.75,195092,ES.v.0
2025-03-10 18:00:00+00:00,34,1,5002,5619.75,5631.25,5586.25,5588.75,215610,ES.v.0
2025-03-10 19:00:00+00:00,34,1,5002,5588.75,5641.0,5571.5,5623.5,512938,ES.v.0
2025-03-10 20:00:00+00:00,34,1,5002,5623.5,5631.25,5613.5,5628.75,100658,ES.v.0
2025-03-10 22:00:00+00:00,34,1,5002,5622.0,5625.75,5605.5,5611.25,28052,ES.v.0
2025-03-10 23:00:00+00:00,34,1,5002,5611.25,5615.25,5584.0,5602.0,21664,ES.v.0
2025-03-11 00:00:00+00:00,34,1,5002,5602.25,5607.25,5558.75,5573.5,30464,ES.v.0
2025-03-11 01:00:00+00:00,34,1,5002,5573.5,5589.25,5558.0,5586.5,25386,ES.v.0
2025-03-11 02:00:00+00:00,34,1,5002,5586.5,5620.75,5584.5,5613.5,23667,ES.v.0
2025-03-11 03:00:00+00:00,34,1,5002,5613.75,5637.0,5613.75,5624.0,19147,ES.v.0
2025-03-11 04:00:00+00:00,34,1,5002,5624.0,5637.5,5620.0,5630.5,8424,ES.v.0
2025-03-11 05:00:00+00:00,34,1,5002,5630.25,5636.75,5625.75,5633.75,7533,ES.v.0
2025-03-11 06:00:00+00:00,34,1,5002,5633.5,5639.0,5627.75,5630.0,11453,ES.v.0
2025-03-11 07:00:00+00:00,34,1,5002,5630.0,5636.5,5615.5,5633.5,15013,ES.v.0
2025-03-11 08:00:00+00:00,34,1,5002,5633.75,5644.0,5629.25,5644.0,31770,ES.v.0
2025-03-11 09:00:00+00:00,34,1,5002,5643.75,5647.0,5637.75,5640.75,35073,ES.v.0
2025-03-11 10:00:00+00:00,34,1,5002,5640.75,5644.75,5632.0,5639.5,32306,ES.v.0
2025-03-11 11:00:00+00:00,34,1,5002,5639.5,5651.0,5626.5,5651.0,33016,ES.v.0
2025-03-11 12:00:00+00:00,34,1,5002,5650.75,5651.75,5616.25,5619.25,56942,ES.v.0
2025-03-11 13:00:00+00:00,34,1,5002,5619.25,5632.5,5597.5,5613.25,237810,ES.v.0
2025-03-11 14:00:00+00:00,34,1,5002,5613.25,5635.75,5554.5,5562.75,400159,ES.v.0
2025-03-11 15:00:00+00:00,34,1,5002,5562.5,5614.75,5556.25,5586.5,276859,ES.v.0
2025-03-11 16:00:00+00:00,34,1,5002,5586.25,5591.25,5550.0,5557.25,219253,ES.v.0
2025-03-11 17:00:00+00:00,34,1,5002,5557.25,5568.5,5534.0,5557.25,209858,ES.v.0
2025-03-11 18:00:00+00:00,34,1,5002,5557.25,5643.75,5555.75,5630.25,299464,ES.v.0
2025-03-11 19:00:00+00:00,34,1,5002,5630.25,5641.0,5575.0,5575.75,382335,ES.v.0
2025-03-11 20:00:00+00:00,34,1,5002,5575.75,5589.5,5572.75,5576.75,87769,ES.v.0
2025-03-11 22:00:00+00:00,34,1,5002,5580.0,5594.5,5574.25,5591.75,10465,ES.v.0
2025-03-11 23:00:00+00:00,34,1,5002,5591.5,5593.5,5582.5,5593.5,7131,ES.v.0
2025-03-12 00:00:00+00:00,34,1,5002,5593.5,5598.5,5585.75,5592.25,9174,ES.v.0
2025-03-12 01:00:00+00:00,34,1,5002,5592.0,5595.75,5585.5,5593.75,7139,ES.v.0
2025-03-12 02:00:00+00:00,34,1,5002,5593.75,5598.75,5589.5,5590.75,5190,ES.v.0
2025-03-12 03:00:00+00:00,34,1,5002,5591.0,5593.25,5585.0,5588.75,4554,ES.v.0
2025-03-12 04:00:00+00:00,34,1,5002,5589.0,5596.0,5586.5,5590.75,4527,ES.v.0
2025-03-12 05:00:00+00:00,34,1,5002,5591.0,5597.75,5589.5,5597.0,3364,ES.v.0
2025-03-12 06:00:00+00:00,34,1,5002,5597.0,5597.0,5579.0,5582.0,5651,ES.v.0
2025-03-12 07:00:00+00:00,34,1,5002,5582.25,5597.5,5577.5,5596.25,12392,ES.v.0
2025-03-12 08:00:00+00:00,34,1,5002,5596.25,5613.0,5586.0,5611.25,26615,ES.v.0
2025-03-12 09:00:00+00:00,34,1,5002,5611.0,5616.25,5607.0,5615.5,18916,ES.v.0
2025-03-12 10:00:00+00:00,34,1,5002,5615.5,5617.25,5605.5,5613.75,16238,ES.v.0
2025-03-12 11:00:00+00:00,34,1,5002,5613.75,5627.25,5613.0,5621.75,23754,ES.v.0
2025-03-12 12:00:00+00:00,34,1,5002,5621.75,5675.0,5616.5,5643.75,131749,ES.v.0
2025-03-12 13:00:00+00:00,34,1,5002,5643.75,5646.25,5597.0,5608.5,286460,ES.v.0
2025-03-12 14:00:00+00:00,34,1,5002,5608.25,5619.25,5568.25,5569.5,272337,ES.v.0
2025-03-12 15:00:00+00:00,34,1,5002,5569.5,5606.25,5550.25,5604.75,213715,ES.v.0
2025-03-12 16:00:00+00:00,34,1,5002,5605.0,5626.5,5595.75,5604.5,194133,ES.v.0
2025-03-12 17:00:00+00:00,34,1,5002,5604.5,5631.5,5592.75,5593.75,148890,ES.v.0
2025-03-12 18:00:00+00:00,34,1,5002,5593.75,5633.0,5591.75,5626.0,134472,ES.v.0
2025-03-12 19:00:00+00:00,34,1,5002,5625.75,5626.0,5595.25,5602.75,259407,ES.v.0
2025-03-12 20:00:00+00:00,34,1,5002,5603.0,5604.0,5595.0,5597.25,54459,ES.v.0
2025-03-12 22:00:00+00:00,34,1,5002,5596.5,5611.0,5595.5,5609.25,8680,ES.v.0
2025-03-12 23:00:00+00:00,34,1,5002,5609.0,5621.25,5608.75,5620.5,6635,ES.v.0
2025-03-13 00:00:00+00:00,34,1,5002,5620.5,5623.0,5610.0,5611.0,7472,ES.v.0
2025-03-13 01:00:00+00:00,34,1,5002,5610.75,5613.75,5603.75,5612.25,8960,ES.v.0
2025-03-13 02:00:00+00:00,34,1,5002,5612.0,5613.25,5602.5,5603.25,5627,ES.v.0
2025-03-13 03:00:00+00:00,34,1,5002,5603.5,5604.0,5586.25,5588.5,11444,ES.v.0
2025-03-13 04:00:00+00:00,34,1,5002,5588.5,5593.25,5576.75,5580.75,10375,ES.v.0
2025-03-13 05:00:00+00:00,34,1,5002,5580.5,5584.5,5570.75,5577.5,9602,ES.v.0
2025-03-13 06:00:00+00:00,34,1,5002,5577.75,5585.0,5563.5,5582.0,14506,ES.v.0
2025-03-13 07:00:00+00:00,34,1,5002,5582.25,5585.0,5564.0,5567.0,16187,ES.v.0
2025-03-13 08:00:00+00:00,34,1,5002,5566.75,5580.5,5559.25,5580.0,26475,ES.v.0
2025-03-13 09:00:00+00:00,34,1,5002,5579.75,5605.5,5572.0,5604.5,25057,ES.v.0
2025-03-13 10:00:00+00:00,34,1,5002,5604.5,5609.75,5595.5,5599.75,23214,ES.v.0
2025-03-13 11:00:00+00:00,34,1,5002,5599.75,5603.0,5580.25,5590.75,48696,ES.v.0
2025-03-13 12:00:00+00:00,34,1,5002,5590.5,5604.0,5575.25,5594.75,65778,ES.v.0
2025-03-13 13:00:00+00:00,34,1,5002,5594.75,5602.75,5556.75,5563.0,181617,ES.v.0
2025-03-13 14:00:00+00:00,34,1,5002,5563.25,5603.75,5557.0,5572.75,255134,ES.v.0
2025-03-13 15:00:00+00:00,34,1,5002,5572.75,5582.5,5536.25,5537.75,239707,ES.v.0
2025-03-13 16:00:00+00:00,34,1,5002,5537.75,5558.75,5525.75,5538.75,208857,ES.v.0
2025-03-13 17:00:00+00:00,34,1,5002,5538.5,5546.0,5509.25,5513.25,160919,ES.v.0
2025-03-13 18:00:00+00:00,34,1,5002,5513.25,5555.5,5512.0,5552.0,174879,ES.v.0
2025-03-13 19:00:00+00:00,34,1,5002,5551.75,5559.0,5514.0,5528.25,296940,ES.v.0
2025-03-13 20:00:00+00:00,34,1,5002,5528.5,5545.0,5526.75,5537.5,72604,ES.v.0
2025-03-13 22:00:00+00:00,34,1,5002,5540.0,5557.0,5538.75,5552.5,14261,ES.v.0
2025-03-13 23:00:00+00:00,34,1,5002,5552.5,5558.5,5550.25,5552.75,7919,ES.v.0
2025-03-14 00:00:00+00:00,34,1,5002,5553.0,5567.0,5547.5,5561.75,34361,ES.v.0
2025-03-14 01:00:00+00:00,34,1,5002,5561.75,5568.25,5558.5,5561.5,15847,ES.v.0
2025-03-14 02:00:00+00:00,34,1,5002,5561.5,5569.75,5561.25,5567.75,7009,ES.v.0
2025-03-14 03:00:00+00:00,34,1,5002,5568.0,5572.25,5567.5,5569.75,5353,ES.v.0
2025-03-14 04:00:00+00:00,34,1,5002,5569.5,5570.75,5565.75,5569.0,3783,ES.v.0
2025-03-14 05:00:00+00:00,34,1,5002,5568.75,5572.75,5561.5,5562.5,5328,ES.v.0
2025-03-14 06:00:00+00:00,34,1,5002,5562.5,5565.25,5556.25,5563.0,5650,ES.v.0
2025-03-14 07:00:00+00:00,34,1,5002,5563.0,5564.0,5553.25,5557.0,9541,ES.v.0
2025-03-14 08:00:00+00:00,34,1,5002,5557.25,5571.75,5552.75,5567.25,15699,ES.v.0
2025-03-14 09:00:00+00:00,34,1,5002,5567.5,5574.0,5566.5,5569.25,15014,ES.v.0
2025-03-14 10:00:00+00:00,34,1,5002,5569.5,5579.0,5558.5,5573.25,30105,ES.v.0
2025-03-14 11:00:00+00:00,34,1,5002,5573.0,5579.25,5564.5,5575.75,18321,ES.v.0
2025-03-14 12:00:00+00:00,34,1,5002,5575.75,5588.0,5573.75,5581.5,31534,ES.v.0
2025-03-14 13:00:00+00:00,34,1,5002,5581.5,5607.75,5568.5,5595.5,172856,ES.v.0
2025-03-14 14:00:00+00:00,34,1,5002,5595.25,5613.75,5564.0,5613.75,277096,ES.v.0
2025-03-14 15:00:00+00:00,34,1,5002,5613.5,5635.5,5610.25,5632.25,183037,ES.v.0
2025-03-14 16:00:00+00:00,34,1,5002,5632.0,5635.25,5611.0,5631.75,154110,ES.v.0
2025-03-14 17:00:00+00:00,34,1,5002,5631.5,5639.0,5615.5,5617.25,132818,ES.v.0
2025-03-14 18:00:00+00:00,34,1,5002,5617.25,5635.75,5613.0,5628.5,107514,ES.v.0
2025-03-14 19:00:00+00:00,34,1,5002,5628.5,5648.75,5624.0,5637.5,230759,ES.v.0
2025-03-14 20:00:00+00:00,34,1,5002,5637.75,5637.75,5621.75,5628.75,71973,ES.v.0
2025-03-16 22:00:00+00:00,34,1,5002,5626.75,5632.0,5604.75,5607.0,15333,ES.v.0
2025-03-16 23:00:00+00:00,34,1,5002,5607.25,5614.25,5602.5,5608.5,14745,ES.v.0
2025-03-17 00:00:00+00:00,34,1,5002,5608.75,5617.5,5606.0,5613.5,13209,ES.v.0
2025-03-17 01:00:00+00:00,34,1,5002,5613.5,5617.75,5612.25,5614.5,4034,ES.v.0
2025-03-17 02:00:00+00:00,34,1,5002,5614.5,5614.75,5609.25,5610.5,6496,ES.v.0
2025-03-17 03:00:00+00:00,34,1,5002,5610.5,5612.0,5607.25,5609.25,3043,ES.v.0
2025-03-17 04:00:00+00:00,34,1,5002,5609.25,5613.0,5608.25,5610.25,2342,ES.v.0
2025-03-17 05:00:00+00:00,34,1,5002,5610.25,5612.0,5608.5,5609.5,1563,ES.v.0
2025-03-17 06:00:00+00:00,34,1,5002,5609.25,5611.0,5601.25,5605.5,4252,ES.v.0
2025-03-17 07:00:00+00:00,34,1,5002,5605.75,5609.75,5599.0,5609.0,6025,ES.v.0
2025-03-17 08:00:00+00:00,34,1,5002,5609.5,5615.0,5603.0,5613.25,13297,ES.v.0
2025-03-17 09:00:00+00:00,34,1,5002,5613.0,5617.75,5610.0,5614.0,12423,ES.v.0
2025-03-17 10:00:00+00:00,34,1,5002,5613.75,5629.0,5611.75,5627.5,11924,ES.v.0
2025-03-17 11:00:00+00:00,34,1,5002,5627.25,5634.5,5624.0,5624.5,17822,ES.v.0
2025-03-17 12:00:00+00:00,34,1,5002,5624.25,5649.0,5615.5,5641.75,37866,ES.v.0
2025-03-17 13:00:00+00:00,34,1,5002,5641.5,5674.0,5631.75,5667.0,104566,ES.v.0
2025-03-17 14:00:00+00:00,34,1,5002,5667.0,5673.25,5646.75,5650.0,100499,ES.v.0
2025-03-17 15:00:00+00:00,34,1,5002,5650.25,5662.5,5638.0,5648.5,70686,ES.v.0
2025-03-17 16:00:00+00:00,34,1,5002,5648.5,5663.0,5642.5,5656.25,51151,ES.v.0
2025-03-17 17:00:00+00:00,34,1,5002,5656.0,5684.0,5649.5,5681.25,54924,ES.v.0
2025-03-17 18:00:00+00:00,34,1,5002,5681.25,5707.5,5681.0,5702.25,60688,ES.v.0
2025-03-17 19:00:00+00:00,34,1,5002,5702.0,5703.5,5678.25,5680.5,98474,ES.v.0
2025-03-17 20:00:00+00:00,34,1,5002,5680.5,5681.5,5674.0,5680.25,27916,ES.v.0
2025-03-17 22:00:00+00:00,34,1,5002,5680.0,5686.25,5678.75,5685.25,11621,ES.v.0
2025-03-17 23:00:00+00:00,34,1,5002,5685.5,5686.0,5678.0,5679.5,8201,ES.v.0
2025-03-18 00:00:00+00:00,34,1,5002,5679.75,5681.25,5672.0,5675.25,10591,ES.v.0
2025-03-18 01:00:00+00:00,34,1,5002,5675.25,5677.25,5664.25,5665.0,11658,ES.v.0
2025-03-18 02:00:00+00:00,34,1,5002,5665.5,5667.75,5663.75,5666.25,3250,ES.v.0
2025-03-18 03:00:00+00:00,34,1,5002,5666.25,5667.0,5659.5,5660.5,1670,ES.v.0
2025-03-18 04:00:00+00:00,34,1,5002,5660.25,5663.5,5655.5,5657.75,2002,ES.v.0
2025-03-18 05:00:00+00:00,34,1,5002,5657.75,5662.0,5657.25,5661.5,1269,ES.v.0
2025-03-18 06:00:00+00:00,34,1,5002,5662.0,5668.25,5660.0,5667.5,1539,ES.v.0
2025-03-18 07:00:00+00:00,34,1,5002,5667.25,5671.5,5664.5,5668.0,2871,ES.v.0
2025-03-18 08:00:00+00:00,34,1,5002,5668.25,5683.25,5665.5,5680.0,6381,ES.v.0
2025-03-18 09:00:00+00:00,34,1,5002,5680.0,5683.25,5670.5,5671.5,17972,ES.v.0
2025-03-18 10:00:00+00:00,34,1,5002,5671.25,5671.75,5652.75,5667.75,18437,ES.v.0
2025-03-18 11:00:00+00:00,34,1,5002,5668.0,5672.75,5657.0,5669.75,6960,ES.v.0
2025-03-18 12:00:00+00:00,34,1,5002,5669.25,5670.75,5653.25,5654.5,8157,ES.v.0
2025-03-18 13:00:00+00:00,34,1,5002,5654.5,5659.75,5615.25,5616.75,70511,ES.v.0
2025-03-18 14:00:00+00:00,34,1,5002,5617.0,5629.75,5610.25,5616.75,50432,ES.v.0
2025-03-18 15:00:00+00:00,34,1,5002,5617.0,5618.5,5600.0,5605.0,33178,ES.v.0
2025-03-18 16:00:00+00:00,34,1,5002,5605.5,5627.25,5602.0,5617.5,32794,ES.v.0
2025-03-18 17:00:00+00:00,34,1,5002,5617.5,5624.5,5601.25,5617.5,29683,ES.v.0
2025-03-18 18:00:00+00:00,34,1,5002,5617.5,5631.25,5606.5,5623.0,26388,ES.v.0
2025-03-18 19:00:00+00:00,34,1,5002,5622.75,5626.25,5607.5,5620.5,49986,ES.v.0
2025-03-18 20:00:00+00:00,34,1,5002,5620.75,5627.5,5617.25,5618.25,15939,ES.v.0
2025-03-18 22:00:00+00:00,34,1,5002,5618.5,5622.25,5609.5,5619.25,9443,ES.v.0
2025-03-18 23:00:00+00:00,34,1,5002,5619.5,5622.5,5616.0,5621.25,1320,ES.v.0
2025-03-19 00:00:00+00:00,34,1,4916,5672.5,5689.5,5671.25,5686.25,14043,ES.v.0
2025-03-19 01:00:00+00:00,34,1,4916,5686.0,5686.75,5680.25,5682.25,7875,ES.v.0
2025-03-19 02:00:00+00:00,34,1,4916,5682.25,5685.0,5679.25,5679.75,5660,ES.v.0
2025-03-19 03:00:00+00:00,34,1,4916,5679.75,5682.75,5678.5,5680.75,3074,ES.v.0
2025-03-19 04:00:00+00:00,34,1,4916,5680.5,5681.25,5674.75,5676.0,4129,ES.v.0
2025-03-19 05:00:00+00:00,34,1,4916,5676.0,5681.5,5673.25,5676.0,5230,ES.v.0
2025-03-19 06:00:00+00:00,34,1,4916,5676.0,5676.5,5671.0,5676.0,3855,ES.v.0
2025-03-19 07:00:00+00:00,34,1,4916,5676.0,5676.0,5657.5,5661.75,12433,ES.v.0
2025-03-19 08:00:00+00:00,34,1,4916,5661.5,5679.25,5661.25,5673.5,15681,ES.v.0
2025-03-19 09:00:00+00:00,34,1,4916,5673.0,5684.25,5668.25,5683.0,14633,ES.v.0
2025-03-19 10:00:00+00:00,34,1,4916,5682.75,5687.75,5680.0,5683.0,9583,ES.v.0
2025-03-19 11:00:00+00:00,34,1,4916,5682.5,5688.5,5678.5,5684.5,19420,ES.v.0
2025-03-19 12:00:00+00:00,34,1,4916,5684.25,5687.0,5675.25,5680.25,22991,ES.v.0
2025-03-19 13:00:00+00:00,34,1,4916,5680.5,5704.5,5675.75,5699.75,128580,ES.v.0
2025-03-19 14:00:00+00:00,34,1,4916,5699.5,5713.75,5692.75,5695.0,133801,ES.v.0
2025-03-19 15:00:00+00:00,34,1,4916,5694.75,5723.25,5693.25,5718.0,108995,ES.v.0
2025-03-19 16:00:00+00:00,34,1,4916,5718.0,5722.25,5706.25,5709.5,82092,ES.v.0
2025-03-19 17:00:00+00:00,34,1,4916,5709.5,5711.75,5686.25,5691.25,100246,ES.v.0
2025-03-19 18:00:00+00:00,34,1,4916,5691.25,5746.0,5682.0,5743.0,212962,ES.v.0
2025-03-19 19:00:00+00:00,34,1,4916,5742.75,5770.5,5726.0,5730.75,368811,ES.v.0
2025-03-19 20:00:00+00:00,34,1,4916,5731.0,5736.75,5729.25,5729.75,43889,ES.v.0
2025-03-19 22:00:00+00:00,34,1,4916,5731.75,5747.75,5729.0,5744.0,8029,ES.v.0
2025-03-19 23:00:00+00:00,34,1,4916,5744.0,5748.5,5741.75,5747.75,5914,ES.v.0
2025-03-20 00:00:00+00:00,34,1,4916,5747.5,5752.75,5743.75,5751.25,4863,ES.v.0
2025-03-20 01:00:00+00:00,34,1,4916,5751.0,5752.75,5746.0,5747.0,4304,ES.v.0
2025-03-20 02:00:00+00:00,34,1,4916,5746.75,5755.0,5746.5,5753.25,6342,ES.v.0
2025-03-20 03:00:00+00:00,34,1,4916,5753.25,5760.0,5753.25,5756.75,4695,ES.v.0
2025-03-20 04:00:00+00:00,34,1,4916,5756.75,5758.5,5754.25,5756.0,2593,ES.v.0
2025-03-20 05:00:00+00:00,34,1,4916,5756.25,5758.25,5754.5,5758.0,2639,ES.v.0
2025-03-20 06:00:00+00:00,34,1,4916,5757.75,5758.75,5750.0,5751.25,5424,ES.v.0
2025-03-20 07:00:00+00:00,34,1,4916,5751.0,5756.25,5748.75,5749.5,6803,ES.v.0
2025-03-20 08:00:00+00:00,34,1,4916,5749.5,5758.0,5749.5,5753.75,15231,ES.v.0
2025-03-20 09:00:00+00:00,34,1,4916,5754.0,5754.5,5726.0,5729.75,31315,ES.v.0
2025-03-20 10:00:00+00:00,34,1,4916,5730.0,5730.5,5682.5,5701.0,63074,ES.v.0
2025-03-20 11:00:00+00:00,34,1,4916,5701.0,5712.0,5695.75,5710.75,26743,ES.v.0
2025-03-20 12:00:00+00:00,34,1,4916,5711.0,5712.0,5701.25,5702.0,28920,ES.v.0
2025-03-20 13:00:00+00:00,34,1,4916,5702.25,5726.5,5684.5,5725.25,161637,ES.v.0
2025-03-20 14:00:00+00:00,34,1,4916,5725.5,5765.25,5723.5,5753.25,226962,ES.v.0
2025-03-20 15:00:00+00:00,34,1,4916,5753.25,5758.25,5735.5,5740.5,148221,ES.v.0
2025-03-20 16:00:00+00:00,34,1,4916,5740.5,5753.25,5714.75,5717.5,180275,ES.v.0
2025-03-20 17:00:00+00:00,34,1,4916,5717.25,5731.0,5704.5,5709.75,144679,ES.v.0
2025-03-20 18:00:00+00:00,34,1,4916,5709.75,5720.0,5695.0,5702.25,144178,ES.v.0
2025-03-20 19:00:00+00:00,34,1,4916,5702.5,5724.75,5701.5,5714.5,232104,ES.v.0
2025-03-20 20:00:00+00:00,34,1,4916,5714.5,5719.0,5712.75,5716.5,52242,ES.v.0
2025-03-20 22:00:00+00:00,34,1,4916,5715.25,5719.75,5713.75,5715.0,3826,ES.v.0
2025-03-20 23:00:00+00:00,34,1,4916,5715.0,5715.25,5706.25,5714.75,6472,ES.v.0
2025-03-21 00:00:00+00:00,34,1,4916,5714.25,5722.75,5712.5,5719.5,6292,ES.v.0
2025-03-21 01:00:00+00:00,34,1,4916,5719.25,5723.75,5715.5,5722.25,5651,ES.v.0
2025-03-21 02:00:00+00:00,34,1,4916,5722.25,5723.0,5715.5,5719.0,5154,ES.v.0
2025-03-21 03:00:00+00:00,34,1,4916,5719.25,5719.25,5712.0,5714.0,5849,ES.v.0
2025-03-21 04:00:00+00:00,34,1,4916,5713.75,5717.25,5709.5,5710.5,3104,ES.v.0
2025-03-21 05:00:00+00:00,34,1,4916,5710.5,5711.5,5699.5,5705.5,6257,ES.v.0
2025-03-21 06:00:00+00:00,34,1,4916,5705.25,5716.25,5704.25,5715.75,6526,ES.v.0
2025-03-21 07:00:00+00:00,34,1,4916,5716.0,5717.25,5697.5,5702.75,9645,ES.v.0
2025-03-21 08:00:00+00:00,34,1,4916,5703.0,5711.25,5684.0,5691.75,27962,ES.v.0
2025-03-21 09:00:00+00:00,34,1,4916,5691.75,5697.0,5685.0,5693.25,13602,ES.v.0
2025-03-21 10:00:00+00:00,34,1,4916,5693.5,5705.0,5688.75,5696.75,16830,ES.v.0
2025-03-21 11:00:00+00:00,34,1,4916,5696.5,5701.75,5692.0,5694.25,11945,ES.v.0
2025-03-21 12:00:00+00:00,34,1,4916,5694.25,5703.25,5664.5,5665.75,51724,ES.v.0
2025-03-21 13:00:00+00:00,34,1,4916,5665.75,5675.75,5651.25,5670.75,229597,ES.v.0
2025-03-21 14:00:00+00:00,34,1,4916,5671.0,5687.5,5652.25,5687.25,191395,ES.v.0
2025-03-21 15:00:00+00:00,34,1,4916,5687.25,5691.0,5660.25,5666.25,159949,ES.v.0
2025-03-21 16:00:00+00:00,34,1,4916,5666.0,5710.0,5658.75,5709.5,178554,ES.v.0
2025-03-21 17:00:00+00:00,34,1,4916,5709.75,5712.5,5687.75,5702.0,110872,ES.v.0
2025-03-21 18:00:00+00:00,34,1,4916,5702.0,5706.25,5693.5,5698.5,90049,ES.v.0
2025-03-21 19:00:00+00:00,34,1,4916,5698.5,5722.25,5688.25,5714.5,249421,ES.v.0
2025-03-21 20:00:00+00:00,34,1,4916,5714.5,5722.0,5712.0,5720.0,74530,ES.v.0
2025-03-23 22:00:00+00:00,34,1,4916,5740.0,5754.5,5739.0,5743.0,25383,ES.v.0
2025-03-23 23:00:00+00:00,34,1,4916,5742.75,5753.5,5741.0,5752.5,8890,ES.v.0
2025-03-24 00:00:00+00:00,34,1,4916,5752.5,5757.25,5750.75,5755.5,17325,ES.v.0
2025-03-24 01:00:00+00:00,34,1,4916,5755.5,5756.75,5751.5,5754.75,8276,ES.v.0
2025-03-24 02:00:00+00:00,34,1,4916,5754.5,5756.25,5751.75,5755.5,4412,ES.v.0
2025-03-24 03:00:00+00:00,34,1,4916,5755.5,5757.5,5753.0,5754.0,5030,ES.v.0
2025-03-24 04:00:00+00:00,34,1,4916,5754.0,5755.25,5752.25,5754.5,2342,ES.v.0
2025-03-24 05:00:00+00:00,34,1,4916,5754.5,5757.75,5754.5,5755.75,3068,ES.v.0
2025-03-24 06:00:00+00:00,34,1,4916,5755.75,5764.75,5755.0,5764.0,6361,ES.v.0
2025-03-24 07:00:00+00:00,34,1,4916,5763.75,5769.25,5763.0,5766.0,10541,ES.v.0
2025-03-24 08:00:00+00:00,34,1,4916,5765.75,5778.75,5765.0,5776.25,24418,ES.v.0
2025-03-24 09:00:00+00:00,34,1,4916,5776.25,5780.5,5768.5,5772.5,23041,ES.v.0
2025-03-24 10:00:00+00:00,34,1,4916,5772.25,5782.0,5770.75,5779.75,14388,ES.v.0
2025-03-24 11:00:00+00:00,34,1,4916,5779.5,5787.25,5778.0,5784.0,31245,ES.v.0
2025-03-24 12:00:00+00:00,34,1,4916,5783.75,5788.0,5780.5,5786.5,24747,ES.v.0
2025-03-24 13:00:00+00:00,34,1,4916,5786.5,5804.5,5776.0,5802.0,156867,ES.v.0
2025-03-24 14:00:00+00:00,34,1,4916,5802.0,5811.5,5794.5,5810.5,177035,ES.v.0
2025-03-24 15:00:00+00:00,34,1,4916,5810.5,5815.0,5805.5,5814.0,111957,ES.v.0
2025-03-24 16:00:00+00:00,34,1,4916,5813.75,5819.25,5802.5,5805.75,149796,ES.v.0
2025-03-24 17:00:00+00:00,34,1,4916,5806.0,5808.75,5798.5,5805.75,106477,ES.v.0
2025-03-24 18:00:00+00:00,34,1,4916,5805.75,5811.25,5795.0,5811.0,150764,ES.v.0
2025-03-24 19:00:00+00:00,34,1,4916,5811.0,5825.5,5809.25,5813.5,220329,ES.v.0
2025-03-24 20:00:00+00:00,34,1,4916,5813.75,5819.75,5812.75,5813.0,55952,ES.v.0
2025-03-24 22:00:00+00:00,34,1,4916,5813.0,5815.25,5809.25,5810.25,5215,ES.v.0
2025-03-24 23:00:00+00:00,34,1,4916,5810.25,5814.25,5809.25,5811.5,3899,ES.v.0
2025-03-25 00:00:00+00:00,34,1,4916,5811.75,5814.75,5806.75,5814.25,13315,ES.v.0
2025-03-25 01:00:00+00:00,34,1,4916,5814.0,5816.0,5812.25,5813.5,7287,ES.v.0
2025-03-25 02:00:00+00:00,34,1,4916,5813.25,5813.25,5807.75,5809.5,5515,ES.v.0
2025-03-25 03:00:00+00:00,34,1,4916,5809.75,5810.75,5806.25,5807.25,3594,ES.v.0
2025-03-25 04:00:00+00:00,34,1,4916,5807.5,5808.0,5805.75,5806.5,2436,ES.v.0
2025-03-25 05:00:00+00:00,34,1,4916,5806.25,5808.0,5805.5,5807.0,2211,ES.v.0
2025-03-25 06:00:00+00:00,34,1,4916,5807.25,5808.75,5804.25,5808.75,3492,ES.v.0
2025-03-25 07:00:00+00:00,34,1,4916,5808.5,5813.75,5806.25,5806.5,8316,ES.v.0
2025-03-25 08:00:00+00:00,34,1,4916,5806.5,5809.25,5802.25,5805.75,17759,ES.v.0
2025-03-25 09:00:00+00:00,34,1,4916,5805.75,5811.5,5802.75,5811.25,12748,ES.v.0
2025-03-25 10:00:00+00:00,34,1,4916,5811.25,5819.25,5805.5,5818.5,16650,ES.v.0
2025-03-25 11:00:00+00:00,34,1,4916,5818.25,5829.5,5814.75,5828.75,28901,ES.v.0
2025-03-25 12:00:00+00:00,34,1,4916,5828.5,5834.0,5826.0,5827.0,23177,ES.v.0
2025-03-25 13:00:00+00:00,34,1,4916,5827.0,5832.75,5812.75,5819.75,121773,ES.v.0
2025-03-25 14:00:00+00:00,34,1,4916,5819.75,5837.25,5812.25,5832.75,152720,ES.v.0
2025-03-25 15:00:00+00:00,34,1,4916,5832.5,5835.0,5818.0,5820.25,93568,ES.v.0
2025-03-25 16:00:00+00:00,34,1,4916,5820.25,5823.75,5814.5,5822.25,87248,ES.v.0
2025-03-25 17:00:00+00:00,34,1,4916,5822.25,5828.25,5812.75,5813.75,89788,ES.v.0
2025-03-25 18:00:00+00:00,34,1,4916,5813.75,5822.25,5809.5,5811.75,97079,ES.v.0
2025-03-25 19:00:00+00:00,34,1,4916,5811.75,5828.5,5811.25,5826.0,181503,ES.v.0
2025-03-25 20:00:00+00:00,34,1,4916,5826.25,5832.25,5826.0,5832.0,37815,ES.v.0
2025-03-25 22:00:00+00:00,34,1,4916,5831.0,5835.0,5828.75,5830.25,5466,ES.v.0
2025-03-25 23:00:00+00:00,34,1,4916,5830.25,5834.75,5830.0,5832.75,3125,ES.v.0
2025-03-26 00:00:00+00:00,34,1,4916,5832.5,5836.5,5830.25,5834.25,5557,ES.v.0
2025-03-26 01:00:00+00:00,34,1,4916,5834.25,5834.25,5830.0,5831.0,4834,ES.v.0
2025-03-26 02:00:00+00:00,34,1,4916,5830.75,5831.5,5823.5,5827.5,7370,ES.v.0
2025-03-26 03:00:00+00:00,34,1,4916,5827.5,5828.0,5823.0,5825.0,3720,ES.v.0
2025-03-26 04:00:00+00:00,34,1,4916,5825.25,5826.25,5824.0,5826.25,2020,ES.v.0
2025-03-26 05:00:00+00:00,34,1,4916,5826.0,5828.0,5819.0,5819.5,3525,ES.v.0
2025-03-26 06:00:00+00:00,34,1,4916,5819.5,5822.25,5817.25,5821.75,5040,ES.v.0
2025-03-26 07:00:00+00:00,34,1,4916,5821.75,5828.5,5821.5,5823.25,5720,ES.v.0
2025-03-26 08:00:00+00:00,34,1,4916,5823.5,5825.25,5816.25,5818.5,15117,ES.v.0
2025-03-26 09:00:00+00:00,34,1,4916,5818.75,5822.25,5814.75,5814.75,13368,ES.v.0
2025-03-26 10:00:00+00:00,34,1,4916,5814.5,5825.5,5813.75,5825.25,16441,ES.v.0
2025-03-26 11:00:00+00:00,34,1,4916,5825.25,5830.75,5822.25,5828.75,13038,ES.v.0
2025-03-26 12:00:00+00:00,34,1,4916,5828.5,5831.5,5822.25,5829.5,21660,ES.v.0
2025-03-26 13:00:00+00:00,34,1,4916,5829.5,5834.5,5805.5,5808.5,155245,ES.v.0
2025-03-26 14:00:00+00:00,34,1,4916,5808.5,5817.25,5797.0,5806.25,218751,ES.v.0
2025-03-26 15:00:00+00:00,34,1,4916,5806.5,5810.5,5772.5,5778.0,183525,ES.v.0
2025-03-26 16:00:00+00:00,34,1,4916,5778.25,5785.5,5764.0,5765.75,166321,ES.v.0
2025-03-26 17:00:00+00:00,34,1,4916,5765.75,5773.5,5750.5,5751.5,162417,ES.v.0
2025-03-26 18:00:00+00:00,34,1,4916,5751.5,5766.25,5743.0,5745.25,119811,ES.v.0
2025-03-26 19:00:00+00:00,34,1,4916,5745.25,5767.25,5743.25,5758.25,230783,ES.v.0
2025-03-26 20:00:00+00:00,34,1,4916,5758.25,5760.5,5751.5,5754.75,51208,ES.v.0
2025-03-26 22:00:00+00:00,34,1,4916,5737.25,5752.75,5730.0,5737.75,23690,ES.v.0
2025-03-26 23:00:00+00:00,34,1,4916,5737.75,5749.5,5735.5,5747.25,7369,ES.v.0
2025-03-27 00:00:00+00:00,34,1,4916,5747.25,5754.75,5745.0,5750.25,10496,ES.v.0
2025-03-27 01:00:00+00:00,34,1,4916,5750.5,5755.0,5749.25,5753.75,8435,ES.v.0
2025-03-27 02:00:00+00:00,34,1,4916,5753.75,5762.5,5753.5,5761.25,7376,ES.v.0
2025-03-27 03:00:00+00:00,34,1,4916,5761.25,5768.25,5761.0,5766.25,5948,ES.v.0
2025-03-27 04:00:00+00:00,34,1,4916,5766.25,5769.5,5765.5,5768.0,5011,ES.v.0
2025-03-27 05:00:00+00:00,34,1,4916,5767.75,5771.75,5764.0,5764.25,7093,ES.v.0
2025-03-27 06:00:00+00:00,34,1,4916,5764.5,5772.75,5763.25,5764.5,10064,ES.v.0
2025-03-27 07:00:00+00:00,34,1,4916,5764.5,5766.75,5754.25,5755.25,13034,ES.v.0
2025-03-27 08:00:00+00:00,34,1,4916,5755.5,5764.75,5743.0,5764.0,24729,ES.v.0
2025-03-27 09:00:00+00:00,34,1,4916,5764.25,5767.75,5759.0,5765.25,13557,ES.v.0
2025-03-27 10:00:00+00:00,34,1,4916,5765.5,5770.0,5753.5,5753.75,11854,ES.v.0
2025-03-27 11:00:00+00:00,34,1,4916,5754.0,5760.25,5744.75,5757.75,19993,ES.v.0
2025-03-27 12:00:00+00:00,34,1,4916,5757.5,5761.0,5749.25,5752.0,31757,ES.v.0
2025-03-27 13:00:00+00:00,34,1,4916,5752.0,5755.25,5720.0,5754.0,199601,ES.v.0
2025-03-27 14:00:00+00:00,34,1,4916,5753.75,5778.75,5745.75,5778.75,207094,ES.v.0
2025-03-27 15:00:00+00:00,34,1,4916,5778.75,5779.75,5749.0,5750.25,160796,ES.v.0
2025-03-27 16:00:00+00:00,34,1,4916,5750.25,5770.0,5736.25,5736.75,156405,ES.v.0
2025-03-27 17:00:00+00:00,34,1,4916,5736.75,5752.5,5733.75,5737.0,133916,ES.v.0
2025-03-27 18:00:00+00:00,34,1,4916,5737.0,5762.75,5736.0,5746.25,140149,ES.v.0
2025-03-27 19:00:00+00:00,34,1,4916,5746.25,5771.25,5737.5,5740.5,260807,ES.v.0
2025-03-27 20:00:00+00:00,34,1,4916,5740.75,5745.75,5739.5,5741.25,51645,ES.v.0
2025-03-27 22:00:00+00:00,34,1,4916,5741.75,5744.75,5738.75,5739.75,3885,ES.v.0
2025-03-27 23:00:00+00:00,34,1,4916,5739.75,5740.75,5731.75,5736.0,4970,ES.v.0
2025-03-28 00:00:00+00:00,34,1,4916,5736.0,5741.75,5727.75,5741.0,8337,ES.v.0
2025-03-28 01:00:00+00:00,34,1,4916,5741.0,5743.5,5737.25,5738.25,6790,ES.v.0
2025-03-28 02:00:00+00:00,34,1,4916,5738.25,5745.25,5737.5,5742.25,5000,ES.v.0
2025-03-28 03:00:00+00:00,34,1,4916,5742.5,5745.5,5739.75,5745.0,4359,ES.v.0
2025-03-28 04:00:00+00:00,34,1,4916,5745.0,5745.25,5740.0,5743.5,3653,ES.v.0
2025-03-28 05:00:00+00:00,34,1,4916,5743.75,5745.5,5739.75,5742.5,5235,ES.v.0
2025-03-28 06:00:00+00:00,34,1,4916,5742.25,5747.75,5729.5,5730.0,7797,ES.v.0
2025-03-28 07:00:00+00:00,34,1,4916,5730.25,5733.0,5711.5,5712.75,21776,ES.v.0
2025-03-28 08:00:00+00:00,34,1,4916,5712.5,5727.5,5712.25,5725.75,23168,ES.v.0
2025-03-28 09:00:00+00:00,34,1,4916,5725.75,5730.25,5721.75,5724.5,16040,ES.v.0
2025-03-28 10:00:00+00:00,34,1,4916,5724.75,5739.75,5724.5,5735.0,15595,ES.v.0
2025-03-28 11:00:00+00:00,34,1,4916,5735.0,5736.75,5725.75,5733.0,12080,ES.v.0
2025-03-28 12:00:00+00:00,34,1,4916,5733.25,5735.25,5712.0,5712.0,38516,ES.v.0
2025-03-28 13:00:00+00:00,34,1,4916,5712.25,5734.75,5705.5,5707.25,201748,ES.v.0
2025-03-28 14:00:00+00:00,34,1,4916,5707.5,5711.25,5649.5,5655.5,349937,ES.v.0
2025-03-28 15:00:00+00:00,34,1,4916,5655.25,5665.0,5644.5,5646.25,226500,ES.v.0
2025-03-28 16:00:00+00:00,34,1,4916,5646.25,5655.0,5631.0,5632.0,170695,ES.v.0
2025-03-28 17:00:00+00:00,34,1,4916,5632.0,5633.0,5618.75,5630.75,174007,ES.v.0
2025-03-28 18:00:00+00:00,34,1,4916,5630.75,5636.5,5619.75,5628.75,143057,ES.v.0
2025-03-28 19:00:00+00:00,34,1,4916,5628.75,5634.25,5617.25,5624.5,294982,ES.v.0
2025-03-28 20:00:00+00:00,34,1,4916,5624.75,5625.25,5602.25,5602.5,85378,ES.v.0
2025-03-30 22:00:00+00:00,34,1,4916,5590.0,5600.0,5580.25,5594.25,27844,ES.v.0
2025-03-30 23:00:00+00:00,34,1,4916,5594.5,5594.75,5581.75,5593.0,17113,ES.v.0
2025-03-31 00:00:00+00:00,34,1,4916,5592.75,5593.75,5574.25,5580.25,23880,ES.v.0
2025-03-31 01:00:00+00:00,34,1,4916,5580.75,5592.25,5580.5,5585.25,14554,ES.v.0
2025-03-31 02:00:00+00:00,34,1,4916,5585.5,5591.25,5579.0,5582.5,9299,ES.v.0
2025-03-31 03:00:00+00:00,34,1,4916,5582.75,5583.75,5574.25,5579.75,7715,ES.v.0
2025-03-31 04:00:00+00:00,34,1,4916,5579.5,5589.0,5577.75,5587.25,7527,ES.v.0
2025-03-31 05:00:00+00:00,34,1,4916,5587.0,5591.75,5582.75,5585.75,9603,ES.v.0
2025-03-31 06:00:00+00:00,34,1,4916,5585.5,5588.25,5576.25,5581.75,13367,ES.v.0
2025-03-31 07:00:00+00:00,34,1,4916,5581.25,5589.75,5572.5,5587.5,26616,ES.v.0
2025-03-31 08:00:00+00:00,34,1,4916,5587.5,5591.5,5572.25,5573.0,27319,ES.v.0
2025-03-31 09:00:00+00:00,34,1,4916,5573.0,5577.75,5562.5,5569.0,30224,ES.v.0
2025-03-31 10:00:00+00:00,34,1,4916,5569.0,5576.5,5566.0,5572.5,16319,ES.v.0
2025-03-31 11:00:00+00:00,34,1,4916,5572.75,5575.75,5552.0,5562.75,33480,ES.v.0
2025-03-31 12:00:00+00:00,34,1,4916,5563.0,5575.0,5557.25,5574.25,36612,ES.v.0
2025-03-31 13:00:00+00:00,34,1,4916,5574.25,5577.5,5533.75,5562.5,263386,ES.v.0
2025-03-31 14:00:00+00:00,34,1,4916,5562.75,5585.5,5559.25,5581.5,264391,ES.v.0
2025-03-31 15:00:00+00:00,34,1,4916,5581.75,5606.75,5577.75,5598.5,209903,ES.v.0
2025-03-31 16:00:00+00:00,34,1,4916,5598.5,5611.75,5584.5,5598.5,155124,ES.v.0
2025-03-31 17:00:00+00:00,34,1,4916,5598.75,5617.25,5592.25,5596.75,134507,ES.v.0
2025-03-31 18:00:00+00:00,34,1,4916,5596.75,5645.0,5595.25,5629.25,214321,ES.v.0
2025-03-31 19:00:00+00:00,34,1,4916,5629.25,5672.75,5628.75,5656.25,463033,ES.v.0
2025-03-31 20:00:00+00:00,34,1,4916,5656.25,5657.5,5640.75,5644.5,90752,ES.v.0
2025-03-31 22:00:00+00:00,34,1,4916,5644.25,5645.5,5625.75,5639.0,17836,ES.v.0
2025-03-31 23:00:00+00:00,34,1,4916,5639.0,5645.75,5631.5,5635.75,10736,ES.v.0
2025-04-01 00:00:00+00:00,34,1,4916,5635.5,5635.75,5620.25,5626.25,14445,ES.v.0
2025-04-01 01:00:00+00:00,34,1,4916,5626.0,5632.25,5619.25,5631.0,10839,ES.v.0
2025-04-01 02:00:00+00:00,34,1,4916,5631.0,5640.75,5629.25,5640.5,8569,ES.v.0
2025-04-01 03:00:00+00:00,34,1,4916,5640.5,5642.0,5632.5,5633.5,6794,ES.v.0
2025-04-01 04:00:00+00:00,34,1,4916,5633.5,5634.5,5628.0,5634.0,5206,ES.v.0
2025-04-01 05:00:00+00:00,34,1,4916,5634.0,5642.0,5632.5,5633.5,8025,ES.v.0
2025-04-01 06:00:00+00:00,34,1,4916,5633.25,5650.75,5631.5,5649.75,11763,ES.v.0
2025-04-01 07:00:00+00:00,34,1,4916,5650.0,5661.5,5638.25,5639.75,23266,ES.v.0
2025-04-01 08:00:00+00:00,34,1,4916,5640.0,5654.5,5636.75,5653.75,19622,ES.v.0
2025-04-01 09:00:00+00:00,34,1,4916,5653.75,5663.5,5652.0,5659.5,15641,ES.v.0
2025-04-01 10:00:00+00:00,34,1,4916,5659.5,5660.5,5623.25,5638.25,39876,ES.v.0
2025-04-01 11:00:00+00:00,34,1,4916,5638.5,5639.25,5618.0,5626.5,28583,ES.v.0
2025-04-01 12:00:00+00:00,34,1,4916,5626.5,5637.25,5621.5,5634.75,39755,ES.v.0
2025-04-01 13:00:00+00:00,34,1,4916,5635.0,5650.0,5623.0,5636.5,184859,ES.v.0
2025-04-01 14:00:00+00:00,34,1,4916,5636.75,5662.75,5600.25,5661.5,311037,ES.v.0
2025-04-01 15:00:00+00:00,34,1,4916,5661.5,5683.5,5658.0,5680.75,226426,ES.v.0
2025-04-01 16:00:00+00:00,34,1,4916,5681.0,5694.75,5658.0,5671.75,192166,ES.v.0
2025-04-01 17:00:00+00:00,34,1,4916,5671.75,5676.5,5653.5,5654.25,124199,ES.v.0
2025-04-01 18:00:00+00:00,34,1,4916,5654.5,5656.25,5625.75,5641.0,163173,ES.v.0
2025-04-01 19:00:00+00:00,34,1,4916,5640.75,5679.75,5638.5,5674.75,281764,ES.v.0
2025-04-01 20:00:00+00:00,34,1,4916,5674.75,5679.5,5666.25,5672.25,66442,ES.v.0
2025-04-01 22:00:00+00:00,34,1,4916,5672.0,5695.75,5671.5,5683.0,14911,ES.v.0
2025-04-01 23:00:00+00:00,34,1,4916,5683.0,5687.75,5680.0,5682.75,5294,ES.v.0
2025-04-02 00:00:00+00:00,34,1,4916,5682.75,5683.25,5662.5,5665.5,15708,ES.v.0
2025-04-02 01:00:00+00:00,34,1,4916,5665.5,5672.25,5663.5,5670.0,5349,ES.v.0
2025-04-02 02:00:00+00:00,34,1,4916,5670.25,5671.0,5666.0,5668.25,4423,ES.v.0
2025-04-02 03:00:00+00:00,34,1,4916,5668.0,5669.5,5664.5,5665.75,4735,ES.v.0
2025-04-02 04:00:00+00:00,34,1,4916,5665.5,5668.75,5664.5,5668.75,3654,ES.v.0
2025-04-02 05:00:00+00:00,34,1,4916,5668.75,5669.25,5661.25,5663.5,5853,ES.v.0
2025-04-02 06:00:00+00:00,34,1,4916,5663.5,5673.0,5661.0,5665.75,8692,ES.v.0
2025-04-02 07:00:00+00:00,34,1,4916,5666.0,5671.75,5656.0,5659.5,17458,ES.v.0
2025-04-02 08:00:00+00:00,34,1,4916,5659.5,5666.25,5652.25,5657.25,14281,ES.v.0
2025-04-02 09:00:00+00:00,34,1,4916,5657.25,5663.25,5653.25,5654.5,8991,ES.v.0
2025-04-02 10:00:00+00:00,34,1,4916,5654.5,5656.0,5639.5,5643.0,27256,ES.v.0
2025-04-02 11:00:00+00:00,34,1,4916,5643.0,5645.75,5633.75,5635.0,23473,ES.v.0
2025-04-02 12:00:00+00:00,34,1,4916,5635.0,5635.75,5612.0,5624.5,64546,ES.v.0
2025-04-02 13:00:00+00:00,34,1,4916,5624.5,5661.5,5610.75,5651.0,215848,ES.v.0
2025-04-02 14:00:00+00:00,34,1,4916,5650.75,5687.25,5646.5,5685.25,227600,ES.v.0
2025-04-02 15:00:00+00:00,34,1,4916,5685.25,5702.25,5673.0,5687.25,217602,ES.v.0
2025-04-02 16:00:00+00:00,34,1,4916,5687.5,5725.5,5685.25,5721.5,170238,ES.v.0
2025-04-02 17:00:00+00:00,34,1,4916,5721.75,5739.25,5696.75,5705.5,208552,ES.v.0
2025-04-02 18:00:00+00:00,34,1,4916,5705.5,5709.25,5673.75,5675.75,189288,ES.v.0
2025-04-02 19:00:00+00:00,34,1,4916,5675.75,5721.25,5675.5,5710.0,245846,ES.v.0
2025-04-02 20:00:00+00:00,34,1,4916,5710.25,5773.25,5566.25,5584.5,287950,ES.v.0
2025-04-02 22:00:00+00:00,34,1,4916,5550.5,5550.5,5481.0,5528.0,76902,ES.v.0
2025-04-02 23:00:00+00:00,34,1,4916,5528.0,5528.5,5498.25,5512.0,26895,ES.v.0
2025-04-03 00:00:00+00:00,34,1,4916,5512.25,5557.75,5512.25,5531.75,37917,ES.v.0
2025-04-03 01:00:00+00:00,34,1,4916,5532.0,5564.5,5531.5,5551.5,25105,ES.v.0
2025-04-03 02:00:00+00:00,34,1,4916,5551.75,5563.75,5545.25,5562.75,17659,ES.v.0
2025-04-03 03:00:00+00:00,34,1,4916,5563.0,5564.25,5546.0,5554.75,11543,ES.v.0
2025-04-03 04:00:00+00:00,34,1,4916,5555.0,5564.75,5550.5,5556.25,12685,ES.v.0
2025-04-03 05:00:00+00:00,34,1,4916,5556.5,5562.0,5536.0,5537.25,15276,ES.v.0
2025-04-03 06:00:00+00:00,34,1,4916,5537.5,5548.25,5527.5,5529.25,25898,ES.v.0
2025-04-03 07:00:00+00:00,34,1,4916,5529.0,5548.0,5523.5,5542.75,32415,ES.v.0
2025-04-03 08:00:00+00:00,34,1,4916,5542.25,5558.25,5536.25,5551.5,24178,ES.v.0
2025-04-03 09:00:00+00:00,34,1,4916,5551.25,5556.5,5522.25,5525.5,21407,ES.v.0
2025-04-03 10:00:00+00:00,34,1,4916,5526.0,5530.0,5503.25,5516.5,36066,ES.v.0
2025-04-03 11:00:00+00:00,34,1,4916,5516.75,5529.5,5508.25,5520.5,39665,ES.v.0
2025-04-03 12:00:00+00:00,34,1,4916,5520.0,5537.75,5495.5,5497.25,65254,ES.v.0
2025-04-03 13:00:00+00:00,34,1,4916,5497.0,5540.5,5491.25,5508.75,270459,ES.v.0
2025-04-03 14:00:00+00:00,34,1,4916,5509.0,5512.5,5460.25,5461.25,337626,ES.v.0
2025-04-03 15:00:00+00:00,34,1,4916,5461.0,5504.75,5455.0,5495.25,285768,ES.v.0
2025-04-03 16:00:00+00:00,34,1,4916,5495.0,5524.5,5490.25,5494.75,198163,ES.v.0
2025-04-03 17:00:00+00:00,34,1,4916,5494.75,5504.25,5477.5,5478.5,135426,ES.v.0
2025-04-03 18:00:00+00:00,34,1,4916,5478.5,5485.25,5458.75,5478.0,165628,ES.v.0
2025-04-03 19:00:00+00:00,34,1,4916,5478.0,5479.75,5428.5,5436.0,379535,ES.v.0
2025-04-03 20:00:00+00:00,34,1,4916,5436.25,5438.5,5415.25,5421.0,103976,ES.v.0
2025-04-03 22:00:00+00:00,34,1,4916,5423.0,5432.0,5407.5,5420.25,18106,ES.v.0
2025-04-03 23:00:00+00:00,34,1,4916,5420.75,5429.5,5412.5,5422.25,11657,ES.v.0
2025-04-04 00:00:00+00:00,34,1,4916,5422.5,5435.0,5416.5,5423.5,13733,ES.v.0
2025-04-04 01:00:00+00:00,34,1,4916,5423.5,5429.25,5413.0,5414.25,13642,ES.v.0
2025-04-04 02:00:00+00:00,34,1,4916,5414.5,5425.25,5414.0,5414.75,11270,ES.v.0
2025-04-04 03:00:00+00:00,34,1,4916,5414.75,5415.5,5390.5,5401.25,22891,ES.v.0
2025-04-04 04:00:00+00:00,34,1,4916,5401.25,5404.25,5383.0,5385.25,12551,ES.v.0
2025-04-04 05:00:00+00:00,34,1,4916,5385.25,5421.75,5380.5,5421.25,22058,ES.v.0
2025-04-04 06:00:00+00:00,34,1,4916,5421.0,5430.0,5407.25,5407.5,22110,ES.v.0
2025-04-04 07:00:00+00:00,34,1,4916,5407.5,5415.0,5397.0,5399.25,41566,ES.v.0
2025-04-04 08:00:00+00:00,34,1,4916,5399.0,5408.25,5386.75,5391.25,42516,ES.v.0
2025-04-04 09:00:00+00:00,34,1,4916,5391.5,5395.75,5375.0,5388.75,39586,ES.v.0
2025-04-04 10:00:00+00:00,34,1,4916,5388.5,5395.25,5261.25,5273.5,213408,ES.v.0
2025-04-04 11:00:00+00:00,34,1,4916,5273.5,5291.75,5210.5,5284.25,152628,ES.v.0
2025-04-04 12:00:00+00:00,34,1,4916,5284.25,5313.0,5256.25,5303.5,147723,ES.v.0
2025-04-04 13:00:00+00:00,34,1,4916,5303.75,5322.0,5246.0,5287.0,343944,ES.v.0
2025-04-04 14:00:00+00:00,34,1,4916,5287.0,5288.0,5153.5,5208.5,455177,ES.v.0
2025-04-04 15:00:00+00:00,34,1,4916,5208.25,5280.75,5192.0,5203.25,430439,ES.v.0
2025-04-04 16:00:00+00:00,34,1,4916,5203.25,5228.5,5161.75,5174.0,254821,ES.v.0
2025-04-04 17:00:00+00:00,34,1,4916,5174.25,5200.0,5136.0,5199.25,249156,ES.v.0
2025-04-04 18:00:00+00:00,34,1,4916,5199.75,5212.25,5107.5,5130.25,253946,ES.v.0
2025-04-04 19:00:00+00:00,34,1,4916,5130.5,5192.75,5103.0,5108.5,512167,ES.v.0
2025-04-04 20:00:00+00:00,34,1,4916,5108.5,5116.5,5074.0,5096.75,161479,ES.v.0
2025-04-06 22:00:00+00:00,34,1,4916,5007.0,5007.0,4832.0,4893.25,110431,ES.v.0
2025-04-06 23:00:00+00:00,34,1,4916,4893.0,4930.0,4851.75,4913.75,55792,ES.v.0
2025-04-07 00:00:00+00:00,34,1,4916,4914.25,4935.0,4871.0,4934.0,55990,ES.v.0
2025-04-07 01:00:00+00:00,34,1,4916,4933.75,4995.5,4925.25,4987.75,54275,ES.v.0
2025-04-07 02:00:00+00:00,34,1,4916,4987.75,4993.0,4953.25,4964.5,30143,ES.v.0
2025-04-07 03:00:00+00:00,34,1,4916,4964.25,4967.25,4922.5,4935.0,30107,ES.v.0
2025-04-07 04:00:00+00:00,34,1,4916,4935.5,4951.25,4903.25,4926.75,27843,ES.v.0
2025-04-07 05:00:00+00:00,34,1,4916,4927.5,4968.75,4912.25,4926.75,33414,ES.v.0
2025-04-07 06:00:00+00:00,34,1,4916,4926.75,4947.25,4855.0,4863.0,56122,ES.v.0
2025-04-07 07:00:00+00:00,34,1,4916,4863.0,4891.75,4842.5,4880.0,80849,ES.v.0
2025-04-07 08:00:00+00:00,34,1,4916,4880.5,4956.5,4877.0,4926.5,86020,ES.v.0
2025-04-07 09:00:00+00:00,34,1,4916,4926.25,4958.0,4895.0,4936.25,55973,ES.v.0
2025-04-07 10:00:00+00:00,34,1,4916,4936.5,5040.0,4926.25,4997.75,112058,ES.v.0
2025-04-07 11:00:00+00:00,34,1,4916,4997.25,5037.5,4971.0,4985.75,81224,ES.v.0
2025-04-07 12:00:00+00:00,34,1,4916,4985.75,5028.0,4955.0,5011.75,131129,ES.v.0
2025-04-07 13:00:00+00:00,34,1,4916,5012.5,5015.25,4867.0,5007.5,384302,ES.v.0
2025-04-07 14:00:00+00:00,34,1,4916,5007.75,5286.5,4983.75,5110.75,749952,ES.v.0
2025-04-07 15:00:00+00:00,34,1,4916,5110.75,5150.0,4975.0,5045.5,312413,ES.v.0
2025-04-07 16:00:00+00:00,34,1,4916,5045.25,5068.75,4996.75,5007.25,176846,ES.v.0
2025-04-07 17:00:00+00:00,34,1,4916,5007.0,5145.75,5006.25,5143.0,245997,ES.v.0
2025-04-07 18:00:00+00:00,34,1,4916,5143.25,5158.0,5075.5,5084.25,187766,ES.v.0
2025-04-07 19:00:00+00:00,34,1,4916,5084.25,5119.75,5052.75,5098.75,351995,ES.v.0
2025-04-07 20:00:00+00:00,34,1,4916,5098.75,5145.75,5091.0,5118.0,92162,ES.v.0
2025-04-07 22:00:00+00:00,34,1,4916,5126.5,5144.0,5115.0,5143.75,13551,ES.v.0
2025-04-07 23:00:00+00:00,34,1,4916,5143.75,5156.75,5139.0,5148.25,17070,ES.v.0
2025-04-08 00:00:00+00:00,34,1,4916,5148.0,5174.0,5136.75,5140.5,26180,ES.v.0
2025-04-08 01:00:00+00:00,34,1,4916,5140.5,5187.0,5126.0,5185.25,34564,ES.v.0
2025-04-08 02:00:00+00:00,34,1,4916,5184.5,5187.0,5172.25,5178.5,15871,ES.v.0
2025-04-08 03:00:00+00:00,34,1,4916,5178.5,5182.75,5161.5,5170.75,12793,ES.v.0
2025-04-08 04:00:00+00:00,34,1,4916,5170.75,5173.75,5150.0,5166.0,10882,ES.v.0
2025-04-08 05:00:00+00:00,34,1,4916,5166.0,5167.25,5141.5,5163.25,11795,ES.v.0
2025-04-08 06:00:00+00:00,34,1,4916,5163.0,5176.75,5151.75,5171.75,21389,ES.v.0
2025-04-08 07:00:00+00:00,34,1,4916,5171.5,5191.5,5161.75,5187.0,41094,ES.v.0
2025-04-08 08:00:00+00:00,34,1,4916,5187.0,5189.0,5152.25,5181.0,30791,ES.v.0
2025-04-08 09:00:00+00:00,34,1,4916,5180.5,5183.75,5157.75,5159.0,20839,ES.v.0
2025-04-08 10:00:00+00:00,34,1,4916,5159.25,5181.5,5151.75,5170.25,23225,ES.v.0
2025-04-08 11:00:00+00:00,34,1,4916,5170.5,5238.0,5163.25,5235.25,72037,ES.v.0
2025-04-08 12:00:00+00:00,34,1,4916,5235.0,5248.0,5211.5,5223.5,64197,ES.v.0
2025-04-08 13:00:00+00:00,34,1,4916,5223.25,5287.0,5217.75,5280.0,265341,ES.v.0
2025-04-08 14:00:00+00:00,34,1,4916,5280.25,5305.25,5231.75,5232.25,251115,ES.v.0
2025-04-08 15:00:00+00:00,34,1,4916,5232.0,5246.75,5192.75,5220.75,224390,ES.v.0
2025-04-08 16:00:00+00:00,34,1,4916,5220.75,5226.25,5121.5,5123.75,245931,ES.v.0
2025-04-08 17:00:00+00:00,34,1,4916,5123.25,5142.75,5071.25,5118.75,250847,ES.v.0
2025-04-08 18:00:00+00:00,34,1,4916,5118.75,5129.25,5064.5,5067.5,178101,ES.v.0
2025-04-08 19:00:00+00:00,34,1,4916,5067.5,5072.25,4940.5,5017.5,398752,ES.v.0
2025-04-08 20:00:00+00:00,34,1,4916,5017.75,5037.5,4989.5,5012.25,90099,ES.v.0
2025-04-08 22:00:00+00:00,34,1,4916,5006.25,5014.5,4948.75,4975.75,28122,ES.v.0
2025-04-08 23:00:00+00:00,34,1,4916,4975.5,4975.5,4927.25,4956.75,29433,ES.v.0
2025-04-09 00:00:00+00:00,34,1,4916,4956.5,4957.25,4920.0,4931.75,33538,ES.v.0
2025-04-09 01:00:00+00:00,34,1,4916,4931.75,4993.25,4912.25,4980.0,32842,ES.v.0
2025-04-09 02:00:00+00:00,34,1,4916,4980.75,4999.5,4957.0,4961.75,23988,ES.v.0
2025-04-09 03:00:00+00:00,34,1,4916,4961.75,4971.5,4920.5,4926.5,18953,ES.v.0
2025-04-09 04:00:00+00:00,34,1,4916,4927.0,4947.25,4885.0,4902.5,33060,ES.v.0
2025-04-09 05:00:00+00:00,34,1,4916,4903.0,4916.75,4871.75,4914.75,23658,ES.v.0
2025-04-09 06:00:00+00:00,34,1,4916,4915.0,4968.75,4914.0,4951.0,42314,ES.v.0
2025-04-09 07:00:00+00:00,34,1,4916,4950.75,5057.5,4947.5,5033.75,75066,ES.v.0
2025-04-09 08:00:00+00:00,34,1,4916,5034.0,5050.0,4971.0,5029.5,42279,ES.v.0
2025-04-09 09:00:00+00:00,34,1,4916,5029.0,5041.75,4995.0,5005.5,29127,ES.v.0
2025-04-09 10:00:00+00:00,34,1,4916,5005.5,5032.75,4967.75,4995.75,33790,ES.v.0
2025-04-09 11:00:00+00:00,34,1,4916,4996.25,4998.75,4901.75,4926.5,92677,ES.v.0
2025-04-09 12:00:00+00:00,34,1,4916,4926.25,4990.0,4909.25,4962.75,75837,ES.v.0
2025-04-09 13:00:00+00:00,34,1,4916,4962.5,5070.5,4962.5,5048.25,240987,ES.v.0
2025-04-09 14:00:00+00:00,34,1,4916,5048.25,5087.25,4980.0,4981.5,217395,ES.v.0
2025-04-09 15:00:00+00:00,34,1,4916,4981.5,5047.5,4980.0,5009.25,152861,ES.v.0
2025-04-09 16:00:00+00:00,34,1,4916,5009.0,5076.75,4997.0,5062.75,118010,ES.v.0
2025-04-09 17:00:00+00:00,34,1,4916,5062.75,5420.5,5025.0,5404.25,576706,ES.v.0
2025-04-09 18:00:00+00:00,34,1,4916,5404.5,5454.25,5360.5,5364.25,356660,ES.v.0
2025-04-09 19:00:00+00:00,34,1,4916,5364.25,5520.0,5352.0,5489.5,451355,ES.v.0
2025-04-09 20:00:00+00:00,34,1,4916,5489.5,5517.75,5480.0,5513.5,137427,ES.v.0
2025-04-09 22:00:00+00:00,34,1,4916,5502.5,5519.75,5490.0,5519.5,21844,ES.v.0
2025-04-09 23:00:00+00:00,34,1,4916,5519.25,5528.75,5509.0,5514.75,16167,ES.v.0
2025-04-10 00:00:00+00:00,34,1,4916,5514.25,5518.0,5475.5,5496.5,26871,ES.v.0
2025-04-10 01:00:00+00:00,34,1,4916,5496.5,5506.75,5464.25,5475.75,23738,ES.v.0
2025-04-10 02:00:00+00:00,34,1,4916,5475.75,5483.0,5465.0,5465.5,13830,ES.v.0
2025-04-10 03:00:00+00:00,34,1,4916,5465.25,5470.0,5444.5,5455.5,15969,ES.v.0
2025-04-10 04:00:00+00:00,34,1,4916,5455.25,5457.25,5441.0,5451.0,11454,ES.v.0
2025-04-10 05:00:00+00:00,34,1,4916,5451.25,5472.0,5442.25,5471.25,14040,ES.v.0
2025-04-10 06:00:00+00:00,34,1,4916,5471.5,5476.75,5450.25,5467.5,28105,ES.v.0
2025-04-10 07:00:00+00:00,34,1,4916,5467.5,5487.75,5390.25,5401.0,60371,ES.v.0
2025-04-10 08:00:00+00:00,34,1,4916,5401.25,5415.25,5359.5,5372.5,47811,ES.v.0
2025-04-10 09:00:00+00:00,34,1,4916,5372.0,5396.75,5360.0,5380.0,37098,ES.v.0
2025-04-10 10:00:00+00:00,34,1,4916,5380.0,5427.0,5378.25,5391.5,35228,ES.v.0
2025-04-10 11:00:00+00:00,34,1,4916,5391.5,5413.75,5386.75,5406.25,38031,ES.v.0
2025-04-10 12:00:00+00:00,34,1,4916,5406.0,5425.75,5362.75,5385.5,94446,ES.v.0
2025-04-10 13:00:00+00:00,34,1,4916,5385.5,5405.0,5338.0,5343.25,212194,ES.v.0
2025-04-10 14:00:00+00:00,34,1,4916,5343.5,5373.75,5314.0,5316.5,245930,ES.v.0
2025-04-10 15:00:00+00:00,34,1,4916,5316.5,5341.0,5231.5,5238.5,211914,ES.v.0
2025-04-10 16:00:00+00:00,34,1,4916,5238.25,5258.0,5146.75,5249.25,304701,ES.v.0
2025-04-10 17:00:00+00:00,34,1,4916,5249.0,5308.75,5180.25,5295.5,255920,ES.v.0
2025-04-10 18:00:00+00:00,34,1,4916,5295.5,5351.75,5255.75,5314.75,221354,ES.v.0
2025-04-10 19:00:00+00:00,34,1,4916,5315.25,5348.75,5234.5,5299.5,364098,ES.v.0
2025-04-10 20:00:00+00:00,34,1,4916,5299.25,5322.75,5288.75,5304.5,83144,ES.v.0
2025-04-10 22:00:00+00:00,34,1,4916,5299.25,5330.5,5297.75,5311.5,11103,ES.v.0
2025-04-10 23:00:00+00:00,34,1,4916,5311.75,5315.5,5264.5,5274.5,22652,ES.v.0
2025-04-11 00:00:00+00:00,34,1,4916,5274.25,5277.75,5206.0,5231.75,30048,ES.v.0
2025-04-11 01:00:00+00:00,34,1,4916,5230.75,5273.75,5223.0,5270.5,21027,ES.v.0
2025-04-11 02:00:00+00:00,34,1,4916,5270.25,5288.75,5244.5,5268.75,15101,ES.v.0
2025-04-11 03:00:00+00:00,34,1,4916,5269.25,5316.0,5269.0,5300.75,13139,ES.v.0
2025-04-11 04:00:00+00:00,34,1,4916,5300.75,5320.0,5297.5,5307.75,9424,ES.v.0
2025-04-11 05:00:00+00:00,34,1,4916,5308.25,5361.25,5294.0,5357.5,18092,ES.v.0
2025-04-11 06:00:00+00:00,34,1,4916,5358.0,5379.0,5344.0,5349.75,31679,ES.v.0
2025-04-11 07:00:00+00:00,34,1,4916,5349.75,5353.25,5312.25,5315.0,32712,ES.v.0
2025-04-11 08:00:00+00:00,34,1,4916,5314.5,5327.25,5257.25,5276.25,55166,ES.v.0
2025-04-11 09:00:00+00:00,34,1,4916,5276.25,5342.0,5264.5,5341.25,36910,ES.v.0
2025-04-11 10:00:00+00:00,34,1,4916,5341.25,5359.0,5325.5,5340.75,28820,ES.v.0
2025-04-11 11:00:00+00:00,34,1,4916,5340.75,5348.5,5295.0,5321.25,32393,ES.v.0
2025-04-11 12:00:00+00:00,34,1,4916,5321.0,5349.75,5304.0,5307.25,42385,ES.v.0
2025-04-11 13:00:00+00:00,34,1,4916,5307.5,5340.5,5262.25,5316.75,184557,ES.v.0
2025-04-11 14:00:00+00:00,34,1,4916,5314.75,5336.75,5251.5,5282.75,204033,ES.v.0
2025-04-11 15:00:00+00:00,34,1,4916,5282.5,5325.75,5259.5,5321.25,138680,ES.v.0
2025-04-11 16:00:00+00:00,34,1,4916,5321.25,5381.25,5311.75,5369.75,141925,ES.v.0
2025-04-11 17:00:00+00:00,34,1,4916,5370.0,5418.25,5340.25,5399.5,185041,ES.v.0
2025-04-11 18:00:00+00:00,34,1,4916,5399.5,5403.0,5368.0,5374.5,127714,ES.v.0
2025-04-11 19:00:00+00:00,34,1,4916,5374.5,5410.0,5373.25,5390.0,235266,ES.v.0
2025-04-11 20:00:00+00:00,34,1,4916,5390.25,5401.25,5386.75,5395.75,56049,ES.v.0
2025-04-13 22:00:00+00:00,34,1,4916,5452.5,5474.75,5411.0,5415.5,29993,ES.v.0
2025-04-13 23:00:00+00:00,34,1,4916,5416.0,5442.0,5410.0,5429.75,11171,ES.v.0
2025-04-14 00:00:00+00:00,34,1,4916,5430.0,5442.0,5421.75,5426.75,12908,ES.v.0
2025-04-14 01:00:00+00:00,34,1,4916,5426.5,5432.75,5415.5,5428.0,11106,ES.v.0
2025-04-14 02:00:00+00:00,34,1,4916,5427.5,5441.5,5427.0,5440.0,7063,ES.v.0
2025-04-14 03:00:00+00:00,34,1,4916,5439.75,5445.5,5425.25,5438.0,9471,ES.v.0
2025-04-14 04:00:00+00:00,34,1,4916,5438.0,5457.25,5435.5,5454.5,7207,ES.v.0
2025-04-14 05:00:00+00:00,34,1,4916,5454.5,5457.5,5445.25,5447.25,6878,ES.v.0
2025-04-14 06:00:00+00:00,34,1,4916,5447.0,5469.5,5441.75,5458.25,13326,ES.v.0
2025-04-14 07:00:00+00:00,34,1,4916,5458.0,5468.75,5445.5,5467.0,16308,ES.v.0
2025-04-14 08:00:00+00:00,34,1,4916,5467.0,5473.75,5462.75,5468.0,11626,ES.v.0
2025-04-14 09:00:00+00:00,34,1,4916,5468.0,5474.5,5445.0,5455.25,13743,ES.v.0
2025-04-14 10:00:00+00:00,34,1,4916,5455.25,5467.0,5449.75,5466.25,10224,ES.v.0
2025-04-14 11:00:00+00:00,34,1,4916,5466.5,5483.5,5451.5,5452.75,24742,ES.v.0
2025-04-14 12:00:00+00:00,34,1,4916,5452.75,5481.5,5450.5,5480.25,29407,ES.v.0
2025-04-14 13:00:00+00:00,34,1,4916,5480.25,5497.75,5444.25,5457.75,159258,ES.v.0
2025-04-14 14:00:00+00:00,34,1,4916,5458.0,5492.25,5449.25,5477.25,143429,ES.v.0
2025-04-14 15:00:00+00:00,34,1,4916,5477.0,5484.5,5404.75,5409.75,156673,ES.v.0
2025-04-14 16:00:00+00:00,34,1,4916,5410.0,5432.25,5391.0,5407.75,138555,ES.v.0
2025-04-14 17:00:00+00:00,34,1,4916,5408.0,5448.0,5405.5,5442.5,104221,ES.v.0
2025-04-14 18:00:00+00:00,34,1,4916,5442.5,5466.25,5440.25,5460.5,79181,ES.v.0
2025-04-14 19:00:00+00:00,34,1,4916,5460.5,5479.0,5436.0,5442.5,186533,ES.v.0
2025-04-14 20:00:00+00:00,34,1,4916,5442.5,5447.75,5405.75,5432.25,59481,ES.v.0
2025-04-14 22:00:00+00:00,34,1,4916,5431.75,5435.0,5413.0,5415.0,8642,ES.v.0
2025-04-14 23:00:00+00:00,34,1,4916,5415.0,5428.0,5413.25,5421.5,5840,ES.v.0
2025-04-15 00:00:00+00:00,34,1,4916,5421.25,5438.0,5421.0,5434.25,7969,ES.v.0
2025-04-15 01:00:00+00:00,34,1,4916,5434.0,5443.0,5430.75,5432.0,5717,ES.v.0
2025-04-15 02:00:00+00:00,34,1,4916,5432.0,5440.0,5426.25,5427.25,4647,ES.v.0
2025-04-15 03:00:00+00:00,34,1,4916,5427.5,5439.25,5425.25,5436.75,3650,ES.v.0
2025-04-15 04:00:00+00:00,34,1,4916,5437.25,5440.25,5432.25,5436.25,3407,ES.v.0
2025-04-15 05:00:00+00:00,34,1,4916,5436.25,5438.5,5425.0,5431.75,6315,ES.v.0
2025-04-15 06:00:00+00:00,34,1,4916,5432.0,5441.5,5428.0,5438.25,6438,ES.v.0
2025-04-15 07:00:00+00:00,34,1,4916,5438.5,5463.75,5437.5,5459.0,19092,ES.v.0
2025-04-15 08:00:00+00:00,34,1,4916,5459.25,5460.75,5442.5,5451.75,20894,ES.v.0
2025-04-15 09:00:00+00:00,34,1,4916,5451.5,5459.0,5440.0,5445.25,12226,ES.v.0
2025-04-15 10:00:00+00:00,34,1,4916,5445.0,5455.0,5438.5,5449.25,11103,ES.v.0
2025-04-15 11:00:00+00:00,34,1,4916,5449.25,5452.5,5419.25,5425.0,21032,ES.v.0
2025-04-15 12:00:00+00:00,34,1,4916,5425.5,5436.0,5413.0,5433.75,32475,ES.v.0
2025-04-15 13:00:00+00:00,34,1,4916,5433.75,5482.0,5433.75,5467.25,125638,ES.v.0
2025-04-15 14:00:00+00:00,34,1,4916,5467.5,5485.0,5433.0,5458.0,212511,ES.v.0
2025-04-15 15:00:00+00:00,34,1,4916,5458.25,5472.5,5446.5,5462.25,121832,ES.v.0
2025-04-15 16:00:00+00:00,34,1,4916,5462.25,5468.75,5436.75,5442.0,83990,ES.v.0
2025-04-15 17:00:00+00:00,34,1,4916,5442.0,5451.25,5425.25,5434.75,108882,ES.v.0
2025-04-15 18:00:00+00:00,34,1,4916,5435.0,5444.0,5419.5,5438.0,88942,ES.v.0
2025-04-15 19:00:00+00:00,34,1,4916,5438.25,5444.75,5422.75,5427.75,159778,ES.v.0
2025-04-15 20:00:00+00:00,34,1,4916,5428.0,5434.25,5420.75,5425.5,38800,ES.v.0
2025-04-15 22:00:00+00:00,34,1,4916,5403.75,5403.75,5375.0,5389.75,14277,ES.v.0
2025-04-15 23:00:00+00:00,34,1,4916,5389.5,5392.25,5377.75,5386.25,8076,ES.v.0
2025-04-16 00:00:00+00:00,34,1,4916,5386.25,5388.25,5367.25,5377.5,12789,ES.v.0
2025-04-16 01:00:00+00:00,34,1,4916,5377.75,5390.75,5377.75,5385.5,6721,ES.v.0
2025-04-16 02:00:00+00:00,34,1,4916,5385.5,5389.75,5379.5,5382.75,6410,ES.v.0
2025-04-16 03:00:00+00:00,34,1,4916,5383.0,5387.5,5379.0,5379.5,4569,ES.v.0
2025-04-16 04:00:00+00:00,34,1,4916,5379.5,5380.25,5373.75,5376.25,4550,ES.v.0
2025-04-16 05:00:00+00:00,34,1,4916,5376.25,5376.5,5340.0,5346.75,17841,ES.v.0
2025-04-16 06:00:00+00:00,34,1,4916,5347.0,5365.5,5346.0,5358.5,12542,ES.v.0
2025-04-16 07:00:00+00:00,34,1,4916,5358.5,5368.5,5342.25,5344.75,18987,ES.v.0
2025-04-16 08:00:00+00:00,34,1,4916,5345.0,5425.0,5342.5,5389.5,59432,ES.v.0
2025-04-16 09:00:00+00:00,34,1,4916,5389.75,5405.5,5382.5,5383.0,22732,ES.v.0
2025-04-16 10:00:00+00:00,34,1,4916,5383.0,5396.5,5380.75,5388.0,16713,ES.v.0
2025-04-16 11:00:00+00:00,34,1,4916,5387.75,5395.75,5378.75,5387.5,18645,ES.v.0
2025-04-16 12:00:00+00:00,34,1,4916,5387.25,5392.25,5373.25,5376.0,25327,ES.v.0
2025-04-16 13:00:00+00:00,34,1,4916,5376.0,5388.75,5348.5,5348.5,143006,ES.v.0
2025-04-16 14:00:00+00:00,34,1,4916,5348.5,5379.25,5346.0,5372.0,151182,ES.v.0
2025-04-16 15:00:00+00:00,34,1,4916,5372.25,5401.0,5363.0,5366.75,142364,ES.v.0
2025-04-16 16:00:00+00:00,34,1,4916,5366.5,5370.25,5354.25,5358.25,94656,ES.v.0
2025-04-16 17:00:00+00:00,34,1,4916,5358.25,5366.5,5287.25,5289.0,177030,ES.v.0
2025-04-16 18:00:00+00:00,34,1,4916,5289.0,5317.0,5275.0,5276.25,169829,ES.v.0
2025-04-16 19:00:00+00:00,34,1,4916,5276.25,5310.75,5251.0,5305.25,285532,ES.v.0
2025-04-16 20:00:00+00:00,34,1,4916,5305.25,5316.5,5292.25,5299.5,69149,ES.v.0
2025-04-16 22:00:00+00:00,34,1,4916,5308.0,5312.5,5299.25,5307.75,10811,ES.v.0
2025-04-16 23:00:00+00:00,34,1,4916,5307.75,5311.25,5293.25,5307.75,11161,ES.v.0
2025-04-17 00:00:00+00:00,34,1,4916,5307.75,5330.75,5301.25,5329.0,14465,ES.v.0
2025-04-17 01:00:00+00:00,34,1,4916,5328.5,5331.75,5322.75,5328.75,6771,ES.v.0
2025-04-17 02:00:00+00:00,34,1,4916,5328.5,5335.75,5323.75,5334.5,8117,ES.v.0
2025-04-17 03:00:00+00:00,34,1,4916,5334.5,5345.5,5334.25,5344.5,7832,ES.v.0
2025-04-17 04:00:00+00:00,34,1,4916,5344.5,5347.0,5343.25,5345.0,4705,ES.v.0
2025-04-17 05:00:00+00:00,34,1,4916,5345.0,5355.25,5342.25,5350.5,8473,ES.v.0
2025-04-17 06:00:00+00:00,34,1,4916,5350.25,5357.5,5344.0,5349.25,13874,ES.v.0
2025-04-17 07:00:00+00:00,34,1,4916,5349.25,5371.25,5348.25,5361.5,21205,ES.v.0
2025-04-17 08:00:00+00:00,34,1,4916,5361.75,5362.75,5344.5,5345.5,14508,ES.v.0
2025-04-17 09:00:00+00:00,34,1,4916,5345.75,5359.0,5341.75,5350.0,14925,ES.v.0
2025-04-17 10:00:00+00:00,34,1,4916,5349.5,5351.25,5323.25,5331.0,26647,ES.v.0
2025-04-17 11:00:00+00:00,34,1,4916,5331.0,5334.75,5318.5,5329.5,18776,ES.v.0
2025-04-17 12:00:00+00:00,34,1,4916,5329.5,5356.5,5327.0,5334.0,44727,ES.v.0
2025-04-17 13:00:00+00:00,34,1,4916,5334.0,5340.25,5309.75,5334.0,151539,ES.v.0
2025-04-17 14:00:00+00:00,34,1,4916,5334.0,5339.0,5285.5,5297.25,172185,ES.v.0
2025-04-17 15:00:00+00:00,34,1,4916,5297.5,5335.75,5296.75,5314.5,143612,ES.v.0
2025-04-17 16:00:00+00:00,34,1,4916,5314.5,5351.5,5309.0,5346.75,173015,ES.v.0
2025-04-17 17:00:00+00:00,34,1,4916,5346.75,5351.0,5323.25,5343.0,86155,ES.v.0
2025-04-17 18:00:00+00:00,34,1,4916,5343.0,5359.5,5332.25,5332.5,107287,ES.v.0
2025-04-17 19:00:00+00:00,34,1,4916,5332.75,5335.5,5304.25,5310.75,181439,ES.v.0
2025-04-17 20:00:00+00:00,34,1,4916,5310.75,5331.75,5308.5,5326.5,55291,ES.v.0
2025-04-20 22:00:00+00:00,34,1,4916,5283.75,5306.75,5279.0,5286.5,13619,ES.v.0
2025-04-20 23:00:00+00:00,34,1,4916,5286.75,5294.0,5283.5,5293.0,4785,ES.v.0
2025-04-21 00:00:00+00:00,34,1,4916,5292.75,5303.25,5285.5,5286.0,10222,ES.v.0
2025-04-21 01:00:00+00:00,34,1,4916,5286.0,5288.0,5273.0,5280.25,13016,ES.v.0
2025-04-21 02:00:00+00:00,34,1,4916,5280.5,5285.25,5259.25,5266.75,10882,ES.v.0
2025-04-21 03:00:00+00:00,34,1,4916,5266.75,5272.75,5264.75,5268.0,4956,ES.v.0
2025-04-21 04:00:00+00:00,34,1,4916,5267.75,5273.5,5266.75,5268.75,2931,ES.v.0
2025-04-21 05:00:00+00:00,34,1,4916,5268.75,5276.25,5267.0,5274.75,2939,ES.v.0
2025-04-21 06:00:00+00:00,34,1,4916,5274.5,5278.0,5265.75,5270.5,5220,ES.v.0
2025-04-21 07:00:00+00:00,34,1,4916,5270.5,5272.75,5252.75,5253.75,7968,ES.v.0
2025-04-21 08:00:00+00:00,34,1,4916,5254.0,5261.5,5252.0,5258.0,5755,ES.v.0
2025-04-21 09:00:00+00:00,34,1,4916,5258.25,5259.5,5250.0,5256.75,6543,ES.v.0
2025-04-21 10:00:00+00:00,34,1,4916,5256.5,5263.5,5252.25,5262.5,5284,ES.v.0
2025-04-21 11:00:00+00:00,34,1,4916,5262.5,5270.0,5238.0,5245.5,19274,ES.v.0
2025-04-21 12:00:00+00:00,34,1,4916,5245.25,5260.75,5243.75,5255.0,14658,ES.v.0
2025-04-21 13:00:00+00:00,34,1,4916,5254.75,5262.5,5220.25,5220.5,112401,ES.v.0
2025-04-21 14:00:00+00:00,34,1,4916,5220.25,5220.25,5188.25,5190.25,153955,ES.v.0
2025-04-21 15:00:00+00:00,34,1,4916,5190.0,5195.0,5151.75,5154.25,130378,ES.v.0
2025-04-21 16:00:00+00:00,34,1,4916,5154.25,5176.5,5153.75,5156.25,102059,ES.v.0
2025-04-21 17:00:00+00:00,34,1,4916,5156.25,5161.25,5130.25,5132.5,110750,ES.v.0
2025-04-21 18:00:00+00:00,34,1,4916,5132.5,5149.75,5127.25,5131.25,97758,ES.v.0
2025-04-21 19:00:00+00:00,34,1,4916,5131.25,5193.0,5130.5,5183.5,246073,ES.v.0
2025-04-21 20:00:00+00:00,34,1,4916,5183.5,5186.0,5174.5,5184.0,56181,ES.v.0
2025-04-21 22:00:00+00:00,34,1,4916,5182.5,5187.5,5171.75,5180.25,9018,ES.v.0
2025-04-21 23:00:00+00:00,34,1,4916,5180.25,5206.0,5179.5,5205.25,9080,ES.v.0
2025-04-22 00:00:00+00:00,34,1,4916,5205.5,5209.25,5201.0,5206.0,10230,ES.v.0
2025-04-22 01:00:00+00:00,34,1,4916,5205.75,5224.25,5204.5,5214.25,12853,ES.v.0
2025-04-22 02:00:00+00:00,34,1,4916,5214.0,5218.75,5210.5,5214.0,6733,ES.v.0
2025-04-22 03:00:00+00:00,34,1,4916,5214.25,5216.0,5198.0,5204.0,7962,ES.v.0
2025-04-22 04:00:00+00:00,34,1,4916,5203.75,5206.0,5201.0,5204.0,3575,ES.v.0
2025-04-22 05:00:00+00:00,34,1,4916,5204.0,5211.0,5201.25,5207.0,4497,ES.v.0
2025-04-22 06:00:00+00:00,34,1,4916,5206.75,5251.25,5203.5,5248.0,16762,ES.v.0
2025-04-22 07:00:00+00:00,34,1,4916,5248.25,5254.5,5228.5,5231.0,19691,ES.v.0
2025-04-22 08:00:00+00:00,34,1,4916,5231.0,5240.0,5224.5,5236.75,15428,ES.v.0
2025-04-22 09:00:00+00:00,34,1,4916,5236.75,5239.0,5228.0,5233.25,8765,ES.v.0
2025-04-22 10:00:00+00:00,34,1,4916,5233.25,5237.75,5228.75,5232.25,12425,ES.v.0
2025-04-22 11:00:00+00:00,34,1,4916,5232.25,5234.0,5216.5,5220.25,16208,ES.v.0
2025-04-22 12:00:00+00:00,34,1,4916,5220.0,5238.75,5218.0,5238.25,23637,ES.v.0
2025-04-22 13:00:00+00:00,34,1,4916,5238.25,5267.5,5236.0,5264.0,147437,ES.v.0
2025-04-22 14:00:00+00:00,34,1,4916,5264.0,5294.5,5262.25,5292.0,181167,ES.v.0
2025-04-22 15:00:00+00:00,34,1,4916,5292.0,5311.25,5283.0,5307.5,174286,ES.v.0
2025-04-22 16:00:00+00:00,34,1,4916,5307.5,5339.25,5307.5,5321.0,192245,ES.v.0
2025-04-22 17:00:00+00:00,34,1,4916,5321.25,5332.5,5262.25,5263.0,225550,ES.v.0
2025-04-22 18:00:00+00:00,34,1,4916,5263.0,5319.75,5262.25,5313.0,125322,ES.v.0
2025-04-22 19:00:00+00:00,34,1,4916,5313.0,5321.0,5287.5,5314.25,225114,ES.v.0
2025-04-22 20:00:00+00:00,34,1,4916,5314.5,5332.25,5311.5,5314.5,54192,ES.v.0
2025-04-22 22:00:00+00:00,34,1,4916,5379.75,5417.25,5377.75,5416.5,45243,ES.v.0
2025-04-22 23:00:00+00:00,34,1,4916,5416.75,5424.0,5404.0,5412.5,24034,ES.v.0
2025-04-23 00:00:00+00:00,34,1,4916,5412.75,5414.75,5388.5,5397.25,15782,ES.v.0
2025-04-23 01:00:00+00:00,34,1,4916,5397.0,5403.0,5378.0,5382.25,11811,ES.v.0
2025-04-23 02:00:00+00:00,34,1,4916,5382.25,5398.5,5378.75,5392.75,7072,ES.v.0
2025-04-23 03:00:00+00:00,34,1,4916,5392.5,5395.5,5387.0,5394.75,5093,ES.v.0
2025-04-23 04:00:00+00:00,34,1,4916,5394.5,5401.75,5394.25,5398.5,4806,ES.v.0
2025-04-23 05:00:00+00:00,34,1,4916,5398.5,5406.25,5388.0,5401.75,7529,ES.v.0
2025-04-23 06:00:00+00:00,34,1,4916,5402.0,5409.25,5398.75,5400.0,11482,ES.v.0
2025-04-23 07:00:00+00:00,34,1,4916,5399.75,5415.0,5392.75,5414.0,18999,ES.v.0
2025-04-23 08:00:00+00:00,34,1,4916,5414.0,5434.25,5412.25,5425.0,22520,ES.v.0
2025-04-23 09:00:00+00:00,34,1,4916,5425.25,5431.25,5418.25,5427.5,15273,ES.v.0
2025-04-23 10:00:00+00:00,34,1,4916,5427.5,5451.25,5425.25,5447.5,19511,ES.v.0
2025-04-23 11:00:00+00:00,34,1,4916,5447.25,5453.75,5431.5,5432.0,26905,ES.v.0
2025-04-23 12:00:00+00:00,34,1,4916,5432.25,5456.75,5430.5,5455.25,37419,ES.v.0
2025-04-23 13:00:00+00:00,34,1,4916,5455.5,5496.75,5436.0,5482.0,267119,ES.v.0
2025-04-23 14:00:00+00:00,34,1,4916,5482.25,5499.75,5453.5,5472.75,255056,ES.v.0
2025-04-23 15:00:00+00:00,34,1,4916,5472.5,5483.0,5401.5,5420.5,249920,ES.v.0
2025-04-23 16:00:00+00:00,34,1,4916,5420.5,5432.25,5385.0,5428.0,159965,ES.v.0
2025-04-23 17:00:00+00:00,34,1,4916,5427.75,5441.75,5407.5,5429.75,123390,ES.v.0
2025-04-23 18:00:00+00:00,34,1,4916,5429.75,5435.0,5403.5,5409.25,108462,ES.v.0
2025-04-23 19:00:00+00:00,34,1,4916,5409.25,5417.25,5383.75,5398.25,240119,ES.v.0
2025-04-23 20:00:00+00:00,34,1,4916,5398.5,5435.0,5396.5,5413.0,72642,ES.v.0
2025-04-23 22:00:00+00:00,34,1,4916,5409.0,5413.5,5388.75,5406.25,9983,ES.v.0
2025-04-23 23:00:00+00:00,34,1,4916,5406.25,5416.25,5404.0,5412.0,5818,ES.v.0
2025-04-24 00:00:00+00:00,34,1,4916,5411.75,5421.0,5408.25,5411.5,6679,ES.v.0
2025-04-24 01:00:00+00:00,34,1,4916,5411.5,5413.75,5397.75,5398.0,7415,ES.v.0
2025-04-24 02:00:00+00:00,34,1,4916,5397.5,5404.25,5391.0,5392.0,6080,ES.v.0
2025-04-24 03:00:00+00:00,34,1,4916,5391.75,5394.75,5388.0,5392.75,3722,ES.v.0
2025-04-24 04:00:00+00:00,34,1,4916,5393.0,5396.5,5383.25,5394.5,4467,ES.v.0
2025-04-24 05:00:00+00:00,34,1,4916,5394.5,5399.5,5372.25,5381.25,8325,ES.v.0
2025-04-24 06:00:00+00:00,34,1,4916,5381.25,5398.25,5378.75,5390.0,11013,ES.v.0
2025-04-24 07:00:00+00:00,34,1,4916,5390.0,5393.0,5368.5,5374.0,24398,ES.v.0
2025-04-24 08:00:00+00:00,34,1,4916,5374.0,5380.25,5355.25,5365.0,18376,ES.v.0
2025-04-24 09:00:00+00:00,34,1,4916,5364.5,5379.25,5364.5,5376.75,13893,ES.v.0
2025-04-24 10:00:00+00:00,34,1,4916,5376.75,5409.75,5375.25,5404.75,28787,ES.v.0
2025-04-24 11:00:00+00:00,34,1,4916,5404.5,5405.25,5380.0,5387.5,34302,ES.v.0
2025-04-24 12:00:00+00:00,34,1,4916,5387.25,5408.25,5386.5,5404.75,33680,ES.v.0
2025-04-24 13:00:00+00:00,34,1,4916,5404.75,5441.5,5398.5,5439.5,124465,ES.v.0
2025-04-24 14:00:00+00:00,34,1,4916,5439.75,5478.75,5434.75,5470.25,220465,ES.v.0
2025-04-24 15:00:00+00:00,34,1,4916,5470.25,5484.75,5463.75,5473.25,157260,ES.v.0
2025-04-24 16:00:00+00:00,34,1,4916,5473.25,5504.5,5468.0,5500.0,142569,ES.v.0
2025-04-24 17:00:00+00:00,34,1,4916,5500.25,5502.0,5485.75,5498.75,95192,ES.v.0
2025-04-24 18:00:00+00:00,34,1,4916,5499.0,5514.75,5496.25,5506.75,101008,ES.v.0
2025-04-24 19:00:00+00:00,34,1,4916,5506.5,5520.0,5488.75,5510.5,227384,ES.v.0
2025-04-24 20:00:00+00:00,34,1,4916,5510.5,5541.5,5510.0,5519.75,60655,ES.v.0
2025-04-24 22:00:00+00:00,34,1,4916,5529.0,5535.0,5517.75,5530.25,9697,ES.v.0
2025-04-24 23:00:00+00:00,34,1,4916,5530.0,5534.5,5526.5,5528.25,6585,ES.v.0
2025-04-25 00:00:00+00:00,34,1,4916,5528.25,5543.0,5524.0,5540.5,8972,ES.v.0
2025-04-25 01:00:00+00:00,34,1,4916,5540.25,5542.25,5527.5,5530.0,8156,ES.v.0
2025-04-25 02:00:00+00:00,34,1,4916,5529.75,5532.0,5520.25,5524.0,6051,ES.v.0
2025-04-25 03:00:00+00:00,34,1,4916,5524.0,5542.0,5520.75,5540.5,10360,ES.v.0
2025-04-25 04:00:00+00:00,34,1,4916,5540.25,5553.0,5530.5,5533.0,12369,ES.v.0
2025-04-25 05:00:00+00:00,34,1,4916,5533.0,5538.75,5531.25,5534.75,4139,ES.v.0
2025-04-25 06:00:00+00:00,34,1,4916,5535.0,5549.25,5532.5,5547.5,8108,ES.v.0
2025-04-25 07:00:00+00:00,34,1,4916,5547.5,5549.25,5523.0,5536.5,19509,ES.v.0
2025-04-25 08:00:00+00:00,34,1,4916,5536.5,5544.75,5527.5,5532.25,14521,ES.v.0
2025-04-25 09:00:00+00:00,34,1,4916,5532.5,5534.5,5518.5,5531.0,13353,ES.v.0
2025-04-25 10:00:00+00:00,34,1,4916,5531.0,5536.5,5486.75,5489.0,34358,ES.v.0
2025-04-25 11:00:00+00:00,34,1,4916,5489.0,5511.75,5488.5,5498.25,23250,ES.v.0
2025-04-25 12:00:00+00:00,34,1,4916,5498.25,5508.25,5493.0,5496.25,33613,ES.v.0
2025-04-25 13:00:00+00:00,34,1,4916,5496.0,5524.75,5489.0,5492.5,142841,ES.v.0
2025-04-25 14:00:00+00:00,34,1,4916,5492.25,5523.25,5480.25,5508.25,201181,ES.v.0
2025-04-25 15:00:00+00:00,34,1,4916,5508.0,5518.5,5500.0,5514.0,103125,ES.v.0
2025-04-25 16:00:00+00:00,34,1,4916,5514.25,5535.5,5512.75,5534.75,96432,ES.v.0
2025-04-25 17:00:00+00:00,34,1,4916,5534.75,5554.5,5511.25,5523.25,163917,ES.v.0
2025-04-25 18:00:00+00:00,34,1,4916,5523.0,5551.75,5519.0,5542.5,116218,ES.v.0
2025-04-25 19:00:00+00:00,34,1,4916,5542.25,5552.75,5531.5,5548.25,179344,ES.v.0
2025-04-25 20:00:00+00:00,34,1,4916,5548.25,5562.25,5545.5,5552.5,50418,ES.v.0
2025-04-27 22:00:00+00:00,34,1,4916,5544.0,5547.5,5532.0,5533.25,9997,ES.v.0
2025-04-27 23:00:00+00:00,34,1,4916,5533.25,5534.75,5527.0,5530.75,5102,ES.v.0
2025-04-28 00:00:00+00:00,34,1,4916,5531.0,5534.0,5519.5,5521.5,6845,ES.v.0
2025-04-28 01:00:00+00:00,34,1,4916,5521.75,5526.25,5517.75,5524.25,5690,ES.v.0
2025-04-28 02:00:00+00:00,34,1,4916,5524.25,5528.75,5519.5,5522.25,5834,ES.v.0
2025-04-28 03:00:00+00:00,34,1,4916,5522.75,5523.75,5516.25,5518.25,3823,ES.v.0
2025-04-28 04:00:00+00:00,34,1,4916,5518.5,5523.25,5518.25,5521.0,3326,ES.v.0
2025-04-28 05:00:00+00:00,34,1,4916,5521.0,5523.0,5516.5,5519.5,4120,ES.v.0
2025-04-28 06:00:00+00:00,34,1,4916,5519.5,5538.75,5519.5,5538.25,9172,ES.v.0
2025-04-28 07:00:00+00:00,34,1,4916,5538.5,5544.0,5530.5,5531.25,11166,ES.v.0
2025-04-28 08:00:00+00:00,34,1,4916,5531.5,5541.25,5527.5,5540.25,9929,ES.v.0
2025-04-28 09:00:00+00:00,34,1,4916,5540.5,5549.25,5536.5,5543.5,10063,ES.v.0
2025-04-28 10:00:00+00:00,34,1,4916,5543.75,5544.25,5530.5,5533.0,11452,ES.v.0
2025-04-28 11:00:00+00:00,34,1,4916,5532.5,5547.5,5530.0,5543.5,14897,ES.v.0
2025-04-28 12:00:00+00:00,34,1,4916,5543.5,5554.5,5533.25,5552.0,24498,ES.v.0
2025-04-28 13:00:00+00:00,34,1,4916,5552.25,5578.75,5544.25,5545.5,152494,ES.v.0
2025-04-28 14:00:00+00:00,34,1,4916,5545.5,5564.25,5539.25,5548.0,164872,ES.v.0
2025-04-28 15:00:00+00:00,34,1,4916,5548.25,5555.0,5513.0,5517.75,142926,ES.v.0
2025-04-28 16:00:00+00:00,34,1,4916,5517.75,5519.5,5499.75,5507.5,122963,ES.v.0
2025-04-28 17:00:00+00:00,34,1,4916,5507.5,5521.5,5492.0,5519.75,98770,ES.v.0
2025-04-28 18:00:00+00:00,34,1,4916,5520.0,5533.25,5516.5,5530.0,87581,ES.v.0
2025-04-28 19:00:00+00:00,34,1,4916,5530.25,5565.75,5529.0,5551.5,188136,ES.v.0
2025-04-28 20:00:00+00:00,34,1,4916,5551.75,5553.25,5542.75,5545.5,39858,ES.v.0
2025-04-28 22:00:00+00:00,34,1,4916,5543.0,5546.5,5537.5,5543.75,4215,ES.v.0
2025-04-28 23:00:00+00:00,34,1,4916,5543.75,5555.75,5541.75,5555.25,5945,ES.v.0
2025-04-29 00:00:00+00:00,34,1,4916,5555.0,5560.0,5546.5,5558.5,5369,ES.v.0
2025-04-29 01:00:00+00:00,34,1,4916,5558.25,5568.25,5556.25,5567.25,5233,ES.v.0
2025-04-29 02:00:00+00:00,34,1,4916,5567.5,5573.75,5558.5,5561.0,6264,ES.v.0
2025-04-29 03:00:00+00:00,34,1,4916,5560.5,5565.0,5559.25,5562.25,3374,ES.v.0
2025-04-29 04:00:00+00:00,34,1,4916,5562.75,5567.5,5555.25,5557.25,4164,ES.v.0
2025-04-29 05:00:00+00:00,34,1,4916,5557.25,5561.75,5553.0,5553.75,4841,ES.v.0
2025-04-29 06:00:00+00:00,34,1,4916,5554.0,5561.5,5552.25,5555.75,4330,ES.v.0
2025-04-29 07:00:00+00:00,34,1,4916,5555.75,5573.75,5553.25,5570.5,10428,ES.v.0
2025-04-29 08:00:00+00:00,34,1,4916,5570.5,5571.25,5556.0,5566.25,9895,ES.v.0
2025-04-29 09:00:00+00:00,34,1,4916,5566.5,5567.75,5558.75,5563.75,8194,ES.v.0
2025-04-29 10:00:00+00:00,34,1,4916,5563.5,5567.0,5533.25,5548.0,21252,ES.v.0
2025-04-29 11:00:00+00:00,34,1,4916,5547.5,5556.75,5547.0,5551.25,13568,ES.v.0
2025-04-29 12:00:00+00:00,34,1,4916,5551.25,5558.25,5535.0,5536.5,38152,ES.v.0
2025-04-29 13:00:00+00:00,34,1,4916,5536.75,5559.25,5521.5,5549.0,145853,ES.v.0
2025-04-29 14:00:00+00:00,34,1,4916,5549.25,5573.0,5536.25,5572.5,186900,ES.v.0
2025-04-29 15:00:00+00:00,34,1,4916,5572.5,5575.5,5551.0,5560.0,125416,ES.v.0
2025-04-29 16:00:00+00:00,34,1,4916,5560.0,5577.25,5547.25,5553.0,106116,ES.v.0
2025-04-29 17:00:00+00:00,34,1,4916,5553.0,5594.25,5549.75,5590.25,121068,ES.v.0
2025-04-29 18:00:00+00:00,34,1,4916,5590.5,5597.25,5583.5,5586.25,113396,ES.v.0
2025-04-29 19:00:00+00:00,34,1,4916,5586.25,5596.5,5580.5,5583.5,181041,ES.v.0
2025-04-29 20:00:00+00:00,34,1,4916,5583.5,5590.5,5576.5,5582.75,41329,ES.v.0
2025-04-29 22:00:00+00:00,34,1,4916,5579.5,5583.0,5571.25,5572.25,5388,ES.v.0
2025-04-29 23:00:00+00:00,34,1,4916,5572.25,5574.0,5568.0,5571.5,3031,ES.v.0
2025-04-30 00:00:00+00:00,34,1,4916,5571.5,5576.0,5560.0,5562.5,7694,ES.v.0
2025-04-30 01:00:00+00:00,34,1,4916,5562.25,5565.5,5556.25,5558.5,5298,ES.v.0
2025-04-30 02:00:00+00:00,34,1,4916,5558.25,5560.75,5554.75,5555.25,4269,ES.v.0
2025-04-30 03:00:00+00:00,34,1,4916,5555.25,5558.0,5548.75,5557.0,5523,ES.v.0
2025-04-30 04:00:00+00:00,34,1,4916,5557.0,5561.5,5554.75,5558.75,3192,ES.v.0
2025-04-30 05:00:00+00:00,34,1,4916,5559.25,5562.5,5555.0,5562.0,3968,ES.v.0
2025-04-30 06:00:00+00:00,34,1,4916,5561.75,5572.5,5561.0,5570.75,7772,ES.v.0
2025-04-30 07:00:00+00:00,34,1,4916,5570.75,5577.0,5570.0,5574.75,7903,ES.v.0
2025-04-30 08:00:00+00:00,34,1,4916,5574.5,5582.25,5568.75,5571.0,12696,ES.v.0
2025-04-30 09:00:00+00:00,34,1,4916,5571.25,5581.25,5570.5,5576.0,6462,ES.v.0
2025-04-30 10:00:00+00:00,34,1,4916,5576.0,5577.0,5564.25,5573.25,8359,ES.v.0
2025-04-30 11:00:00+00:00,34,1,4916,5573.0,5579.75,5562.75,5565.5,14557,ES.v.0
2025-04-30 12:00:00+00:00,34,1,4916,5565.25,5567.25,5502.25,5512.0,69710,ES.v.0
2025-04-30 13:00:00+00:00,34,1,4916,5512.0,5517.5,5455.5,5459.5,204951,ES.v.0
2025-04-30 14:00:00+00:00,34,1,4916,5459.5,5515.75,5457.0,5510.5,248114,ES.v.0
2025-04-30 15:00:00+00:00,34,1,4916,5510.5,5539.5,5509.25,5536.0,203511,ES.v.0
2025-04-30 16:00:00+00:00,34,1,4916,5535.75,5544.25,5515.0,5536.75,120462,ES.v.0
2025-04-30 17:00:00+00:00,34,1,4916,5537.0,5552.5,5512.25,5546.25,121863,ES.v.0
2025-04-30 18:00:00+00:00,34,1,4916,5546.25,5572.5,5532.25,5537.25,178022,ES.v.0
2025-04-30 19:00:00+00:00,34,1,4916,5537.25,5606.75,5534.75,5584.0,342575,ES.v.0
2025-04-30 20:00:00+00:00,34,1,4916,5584.0,5626.25,5571.25,5619.25,127033,ES.v.0
2025-04-30 22:00:00+00:00,34,1,4916,5617.5,5639.25,5615.0,5630.5,20402,ES.v.0
2025-04-30 23:00:00+00:00,34,1,4916,5630.25,5636.25,5624.0,5634.25,7922,ES.v.0
2025-05-01 00:00:00+00:00,34,1,4916,5634.5,5643.75,5633.5,5640.75,9501,ES.v.0
2025-05-01 01:00:00+00:00,34,1,4916,5640.75,5643.0,5636.25,5641.25,6978,ES.v.0
2025-05-01 02:00:00+00:00,34,1,4916,5641.25,5645.5,5635.0,5636.25,4200,ES.v.0
2025-05-01 03:00:00+00:00,34,1,4916,5636.25,5648.0,5634.75,5647.5,7183,ES.v.0
2025-05-01 04:00:00+00:00,34,1,4916,5647.25,5649.0,5642.0,5644.0,4747,ES.v.0
2025-05-01 05:00:00+00:00,34,1,4916,5644.25,5653.25,5640.5,5641.25,8152,ES.v.0
2025-05-01 06:00:00+00:00,34,1,4916,5641.5,5648.0,5639.0,5639.75,7573,ES.v.0
2025-05-01 07:00:00+00:00,34,1,4916,5639.75,5650.0,5635.0,5644.75,11253,ES.v.0
2025-05-01 08:00:00+00:00,34,1,4916,5644.75,5652.5,5637.5,5651.5,12367,ES.v.0
2025-05-01 09:00:00+00:00,34,1,4916,5651.75,5662.0,5650.25,5660.25,10067,ES.v.0
2025-05-01 10:00:00+00:00,34,1,4916,5660.5,5662.25,5648.0,5652.25,13379,ES.v.0
2025-05-01 11:00:00+00:00,34,1,4916,5652.25,5658.75,5645.5,5654.75,19052,ES.v.0
2025-05-01 12:00:00+00:00,34,1,4916,5654.5,5659.75,5636.5,5639.5,32422,ES.v.0
2025-05-01 13:00:00+00:00,34,1,4916,5639.5,5654.75,5627.25,5628.75,147136,ES.v.0
2025-05-01 14:00:00+00:00,34,1,4916,5630.75,5675.5,5629.0,5675.0,195921,ES.v.0
2025-05-01 15:00:00+00:00,34,1,4916,5675.0,5682.5,5637.75,5645.0,165599,ES.v.0
2025-05-01 16:00:00+00:00,34,1,4916,5644.75,5653.75,5631.5,5637.5,132992,ES.v.0
2025-05-01 17:00:00+00:00,34,1,4916,5637.5,5660.75,5637.0,5646.75,91834,ES.v.0
2025-05-01 18:00:00+00:00,34,1,4916,5646.75,5668.25,5645.5,5658.5,98311,ES.v.0
2025-05-01 19:00:00+00:00,34,1,4916,5658.5,5665.75,5618.75,5625.0,213004,ES.v.0
2025-05-01 20:00:00+00:00,34,1,4916,5625.0,5639.25,5601.75,5611.75,87010,ES.v.0
2025-05-01 22:00:00+00:00,34,1,4916,5608.5,5613.0,5601.0,5610.0,7628,ES.v.0
2025-05-01 23:00:00+00:00,34,1,4916,5609.75,5618.75,5608.25,5611.75,4049,ES.v.0
2025-05-02 00:00:00+00:00,34,1,4916,5611.75,5663.25,5605.5,5658.5,23341,ES.v.0
2025-05-02 01:00:00+00:00,34,1,4916,5658.25,5672.5,5654.25,5662.0,16369,ES.v.0
2025-05-02 02:00:00+00:00,34,1,4916,5662.0,5669.5,5655.0,5666.75,8317,ES.v.0
2025-05-02 03:00:00+00:00,34,1,4916,5667.0,5670.75,5666.0,5667.5,6340,ES.v.0
2025-05-02 04:00:00+00:00,34,1,4916,5667.75,5674.0,5662.5,5668.0,5915,ES.v.0
2025-05-02 05:00:00+00:00,34,1,4916,5668.25,5669.25,5656.75,5659.0,6187,ES.v.0
2025-05-02 06:00:00+00:00,34,1,4916,5659.0,5659.0,5646.75,5654.0,9550,ES.v.0
2025-05-02 07:00:00+00:00,34,1,4916,5654.25,5662.25,5647.5,5648.25,16678,ES.v.0
2025-05-02 08:00:00+00:00,34,1,4916,5648.25,5657.0,5635.5,5635.75,15456,ES.v.0
2025-05-02 09:00:00+00:00,34,1,4916,5635.75,5651.25,5633.5,5646.75,11308,ES.v.0
2025-05-02 10:00:00+00:00,34,1,4916,5646.5,5653.25,5644.25,5648.75,10165,ES.v.0
2025-05-02 11:00:00+00:00,34,1,4916,5648.75,5653.5,5640.0,5643.25,14481,ES.v.0
2025-05-02 12:00:00+00:00,34,1,4916,5643.25,5692.75,5641.25,5690.5,62559,ES.v.0
2025-05-02 13:00:00+00:00,34,1,4916,5690.5,5699.0,5663.0,5675.5,160440,ES.v.0
2025-05-02 14:00:00+00:00,34,1,4916,5676.0,5703.75,5672.0,5698.5,174472,ES.v.0
2025-05-02 15:00:00+00:00,34,1,4916,5698.5,5704.75,5684.75,5703.0,124108,ES.v.0
2025-05-02 16:00:00+00:00,34,1,4916,5702.75,5721.5,5702.0,5715.75,146214,ES.v.0
2025-05-02 17:00:00+00:00,34,1,4916,5715.75,5718.75,5704.0,5713.0,91322,ES.v.0
2025-05-02 18:00:00+00:00,34,1,4916,5713.0,5724.75,5705.0,5711.75,93858,ES.v.0
2025-05-02 19:00:00+00:00,34,1,4916,5711.5,5719.5,5700.25,5706.0,251504,ES.v.0
2025-05-02 20:00:00+00:00,34,1,4916,5706.0,5714.5,5705.0,5710.5,53275,ES.v.0
2025-05-04 22:00:00+00:00,34,1,4916,5705.0,5705.25,5685.0,5687.0,8989,ES.v.0
2025-05-04 23:00:00+00:00,34,1,4916,5686.75,5689.5,5671.0,5678.0,9500,ES.v.0
2025-05-05 00:00:00+00:00,34,1,4916,5678.25,5683.0,5675.75,5681.0,6193,ES.v.0
2025-05-05 01:00:00+00:00,34,1,4916,5681.0,5681.0,5660.25,5662.0,10181,ES.v.0
2025-05-05 02:00:00+00:00,34,1,4916,5661.75,5670.0,5660.5,5667.5,5840,ES.v.0
2025-05-05 03:00:00+00:00,34,1,4916,5667.5,5673.0,5662.75,5670.0,7113,ES.v.0
2025-05-05 04:00:00+00:00,34,1,4916,5669.75,5670.25,5662.5,5664.25,3813,ES.v.0
2025-05-05 05:00:00+00:00,34,1,4916,5664.25,5673.25,5664.25,5670.25,3973,ES.v.0
2025-05-05 06:00:00+00:00,34,1,4916,5670.25,5680.5,5670.25,5672.75,8067,ES.v.0
2025-05-05 07:00:00+00:00,34,1,4916,5672.5,5673.25,5666.0,5670.75,8892,ES.v.0
2025-05-05 08:00:00+00:00,34,1,4916,5671.0,5675.5,5655.25,5659.5,10952,ES.v.0
2025-05-05 09:00:00+00:00,34,1,4916,5659.25,5668.5,5655.25,5664.25,9660,ES.v.0
2025-05-05 10:00:00+00:00,34,1,4916,5664.25,5667.25,5660.0,5665.75,8629,ES.v.0
2025-05-05 11:00:00+00:00,34,1,4916,5666.0,5667.5,5656.25,5660.5,11707,ES.v.0
2025-05-05 12:00:00+00:00,34,1,4916,5660.5,5667.5,5657.25,5664.75,15738,ES.v.0
2025-05-05 13:00:00+00:00,34,1,4916,5664.75,5672.5,5655.25,5669.25,100907,ES.v.0
2025-05-05 14:00:00+00:00,34,1,4916,5669.25,5691.0,5662.75,5689.0,170279,ES.v.0
2025-05-05 15:00:00+00:00,34,1,4916,5688.75,5692.25,5677.25,5689.0,106102,ES.v.0
2025-05-05 16:00:00+00:00,34,1,4916,5689.0,5698.75,5687.0,5695.5,72345,ES.v.0
2025-05-05 17:00:00+00:00,34,1,4916,5695.25,5700.0,5687.25,5695.75,67526,ES.v.0
2025-05-05 18:00:00+00:00,34,1,4916,5695.75,5706.25,5694.5,5697.0,69459,ES.v.0
2025-05-05 19:00:00+00:00,34,1,4916,5697.25,5698.0,5669.25,5674.5,192676,ES.v.0
2025-05-05 20:00:00+00:00,34,1,4916,5674.5,5675.25,5665.25,5671.25,44418,ES.v.0
2025-05-05 22:00:00+00:00,34,1,4916,5666.25,5673.25,5664.0,5667.75,3847,ES.v.0
2025-05-05 23:00:00+00:00,34,1,4916,5667.5,5671.0,5665.5,5666.5,3572,ES.v.0
2025-05-06 00:00:00+00:00,34,1,4916,5666.5,5671.5,5661.25,5665.25,4417,ES.v.0
2025-05-06 01:00:00+00:00,34,1,4916,5665.25,5667.75,5656.5,5658.75,6269,ES.v.0
2025-05-06 02:00:00+00:00,34,1,4916,5659.0,5660.25,5654.5,5657.5,4393,ES.v.0
2025-05-06 03:00:00+00:00,34,1,4916,5657.5,5663.0,5652.0,5662.75,4446,ES.v.0
2025-05-06 04:00:00+00:00,34,1,4916,5663.0,5663.5,5655.0,5659.0,2215,ES.v.0
2025-05-06 05:00:00+00:00,34,1,4916,5659.25,5660.0,5646.0,5649.0,4007,ES.v.0
2025-05-06 06:00:00+00:00,34,1,4916,5648.75,5659.5,5647.75,5659.5,6245,ES.v.0
2025-05-06 07:00:00+00:00,34,1,4916,5659.5,5660.5,5640.75,5641.75,11958,ES.v.0
2025-05-06 08:00:00+00:00,34,1,4916,5641.75,5642.75,5625.5,5634.5,19174,ES.v.0
2025-05-06 09:00:00+00:00,34,1,4916,5634.5,5635.25,5624.0,5633.5,14274,ES.v.0
2025-05-06 10:00:00+00:00,34,1,4916,5633.25,5640.25,5629.5,5639.75,12291,ES.v.0
2025-05-06 11:00:00+00:00,34,1,4916,5639.75,5643.25,5616.5,5625.5,28923,ES.v.0
2025-05-06 12:00:00+00:00,34,1,4916,5625.5,5630.0,5619.25,5627.0,22998,ES.v.0
2025-05-06 13:00:00+00:00,34,1,4916,5627.0,5634.0,5607.0,5611.25,144070,ES.v.0
2025-05-06 14:00:00+00:00,34,1,4916,5611.5,5652.75,5608.5,5645.25,178806,ES.v.0
2025-05-06 15:00:00+00:00,34,1,4916,5645.5,5657.5,5639.5,5641.5,115425,ES.v.0
2025-05-06 16:00:00+00:00,34,1,4916,5641.25,5671.75,5628.75,5629.75,164361,ES.v.0
2025-05-06 17:00:00+00:00,34,1,4916,5630.0,5643.75,5620.25,5622.0,95768,ES.v.0
2025-05-06 18:00:00+00:00,34,1,4916,5622.0,5648.5,5621.75,5648.5,118272,ES.v.0
2025-05-06 19:00:00+00:00,34,1,4916,5648.25,5651.5,5624.0,5625.5,216603,ES.v.0
2025-05-06 20:00:00+00:00,34,1,4916,5625.75,5627.75,5605.0,5615.0,64635,ES.v.0
2025-05-06 22:00:00+00:00,34,1,4916,5608.5,5689.75,5608.5,5672.25,41464,ES.v.0
2025-05-06 23:00:00+00:00,34,1,4916,5672.5,5674.75,5663.0,5671.75,8427,ES.v.0
2025-05-07 00:00:00+00:00,34,1,4916,5671.5,5681.5,5658.75,5675.5,11872,ES.v.0
2025-05-07 01:00:00+00:00,34,1,4916,5675.25,5680.5,5665.25,5669.25,8001,ES.v.0
2025-05-07 02:00:00+00:00,34,1,4916,5669.25,5669.75,5652.25,5657.25,7019,ES.v.0
2025-05-07 03:00:00+00:00,34,1,4916,5657.25,5663.75,5656.75,5658.5,3922,ES.v.0
2025-05-07 04:00:00+00:00,34,1,4916,5658.5,5666.25,5658.25,5660.75,3338,ES.v.0
2025-05-07 05:00:00+00:00,34,1,4916,5661.0,5661.0,5650.75,5652.5,4969,ES.v.0
2025-05-07 06:00:00+00:00,34,1,4916,5652.5,5657.25,5646.25,5651.5,6814,ES.v.0
2025-05-07 07:00:00+00:00,34,1,4916,5651.5,5660.5,5649.5,5659.0,9765,ES.v.0
2025-05-07 08:00:00+00:00,34,1,4916,5659.0,5662.75,5651.25,5659.5,8457,ES.v.0
2025-05-07 09:00:00+00:00,34,1,4916,5659.75,5662.5,5652.5,5656.75,7072,ES.v.0
2025-05-07 10:00:00+00:00,34,1,4916,5656.75,5663.75,5651.5,5659.75,8097,ES.v.0
2025-05-07 11:00:00+00:00,34,1,4916,5660.0,5667.75,5655.25,5659.5,10474,ES.v.0
2025-05-07 12:00:00+00:00,34,1,4916,5659.5,5660.25,5642.0,5645.25,22307,ES.v.0
2025-05-07 13:00:00+00:00,34,1,4916,5645.0,5652.5,5631.25,5651.0,130196,ES.v.0
2025-05-07 14:00:00+00:00,34,1,4916,5651.0,5656.5,5626.25,5631.0,126944,ES.v.0
2025-05-07 15:00:00+00:00,34,1,4916,5630.75,5638.0,5620.0,5636.0,138967,ES.v.0
2025-05-07 16:00:00+00:00,34,1,4916,5636.0,5651.0,5627.25,5649.25,84456,ES.v.0
2025-05-07 17:00:00+00:00,34,1,4916,5649.25,5655.75,5624.5,5627.75,103609,ES.v.0
2025-05-07 18:00:00+00:00,34,1,4916,5627.75,5649.0,5596.0,5645.0,215144,ES.v.0
2025-05-07 19:00:00+00:00,34,1,4916,5645.25,5675.0,5611.25,5648.75,315504,ES.v.0
2025-05-07 20:00:00+00:00,34,1,4916,5649.0,5661.0,5642.75,5645.75,50984,ES.v.0
2025-05-07 22:00:00+00:00,34,1,4916,5643.25,5647.75,5636.5,5645.0,5841,ES.v.0
2025-05-07 23:00:00+00:00,34,1,4916,5645.25,5651.75,5644.5,5645.75,2757,ES.v.0
2025-05-08 00:00:00+00:00,34,1,4916,5646.0,5669.25,5641.25,5664.5,12274,ES.v.0
2025-05-08 01:00:00+00:00,34,1,4916,5664.5,5684.5,5661.25,5671.0,17041,ES.v.0
2025-05-08 02:00:00+00:00,34,1,4916,5671.0,5683.0,5671.0,5680.5,5816,ES.v.0
2025-05-08 03:00:00+00:00,34,1,4916,5680.5,5697.75,5678.75,5696.5,9012,ES.v.0
2025-05-08 04:00:00+00:00,34,1,4916,5696.5,5700.5,5694.25,5697.75,6908,ES.v.0
2025-05-08 05:00:00+00:00,34,1,4916,5697.75,5699.0,5689.5,5691.5,5419,ES.v.0
2025-05-08 06:00:00+00:00,34,1,4916,5691.25,5691.5,5683.0,5687.5,8073,ES.v.0
2025-05-08 07:00:00+00:00,34,1,4916,5687.5,5700.0,5685.25,5692.25,13768,ES.v.0
2025-05-08 08:00:00+00:00,34,1,4916,5692.25,5706.75,5689.0,5706.0,15911,ES.v.0
2025-05-08 09:00:00+00:00,34,1,4916,5706.25,5715.75,5704.25,5711.75,12363,ES.v.0
2025-05-08 10:00:00+00:00,34,1,4916,5712.0,5717.25,5708.5,5717.0,12692,ES.v.0
2025-05-08 11:00:00+00:00,34,1,4916,5716.5,5717.5,5698.25,5701.0,22843,ES.v.0
2025-05-08 12:00:00+00:00,34,1,4916,5701.25,5706.0,5681.25,5693.25,56956,ES.v.0
2025-05-08 13:00:00+00:00,34,1,4916,5693.5,5695.0,5671.5,5677.75,106710,ES.v.0
2025-05-08 14:00:00+00:00,34,1,4916,5677.75,5688.0,5653.0,5662.0,178301,ES.v.0
2025-05-08 15:00:00+00:00,34,1,4916,5662.0,5733.5,5656.5,5721.25,254565,ES.v.0
2025-05-08 16:00:00+00:00,34,1,4916,5721.25,5741.0,5720.75,5739.0,123628,ES.v.0
2025-05-08 17:00:00+00:00,34,1,4916,5738.75,5739.75,5713.0,5714.25,94009,ES.v.0
2025-05-08 18:00:00+00:00,34,1,4916,5714.0,5728.75,5711.25,5720.75,91882,ES.v.0
2025-05-08 19:00:00+00:00,34,1,4916,5720.75,5732.0,5682.5,5686.5,244044,ES.v.0
2025-05-08 20:00:00+00:00,34,1,4916,5686.75,5693.25,5682.5,5684.5,52505,ES.v.0
2025-05-08 22:00:00+00:00,34,1,4916,5688.5,5690.5,5681.5,5685.75,4722,ES.v.0
2025-05-08 23:00:00+00:00,34,1,4916,5685.5,5688.0,5676.0,5679.5,5415,ES.v.0
2025-05-09 00:00:00+00:00,34,1,4916,5679.0,5679.5,5665.25,5675.0,8896,ES.v.0
2025-05-09 01:00:00+00:00,34,1,4916,5675.25,5685.5,5673.5,5684.75,5503,ES.v.0
2025-05-09 02:00:00+00:00,34,1,4916,5685.0,5695.75,5682.75,5684.25,6854,ES.v.0
2025-05-09 03:00:00+00:00,34,1,4916,5684.0,5691.75,5676.25,5690.5,6417,ES.v.0
2025-05-09 04:00:00+00:00,34,1,4916,5690.75,5693.25,5687.75,5691.25,2179,ES.v.0
2025-05-09 05:00:00+00:00,34,1,4916,5691.25,5693.5,5683.5,5692.0,4940,ES.v.0
2025-05-09 06:00:00+00:00,34,1,4916,5691.75,5693.5,5685.75,5690.25,6622,ES.v.0
2025-05-09 07:00:00+00:00,34,1,4916,5690.0,5698.25,5683.75,5689.0,11203,ES.v.0
2025-05-09 08:00:00+00:00,34,1,4916,5689.25,5691.0,5682.5,5685.75,9087,ES.v.0
2025-05-09 09:00:00+00:00,34,1,4916,5685.75,5693.0,5685.25,5692.75,5634,ES.v.0
2025-05-09 10:00:00+00:00,34,1,4916,5692.75,5703.25,5692.25,5700.0,7798,ES.v.0
2025-05-09 11:00:00+00:00,34,1,4916,5700.25,5715.25,5676.0,5696.75,43937,ES.v.0
2025-05-09 12:00:00+00:00,34,1,4916,5696.5,5710.75,5694.5,5703.5,20053,ES.v.0
2025-05-09 13:00:00+00:00,34,1,4916,5703.5,5710.5,5693.0,5705.0,90732,ES.v.0
2025-05-09 14:00:00+00:00,34,1,4916,5704.75,5708.75,5662.5,5680.5,186034,ES.v.0
2025-05-09 15:00:00+00:00,34,1,4916,5680.5,5691.0,5673.5,5690.75,117376,ES.v.0
2025-05-09 16:00:00+00:00,34,1,4916,5690.75,5691.5,5665.5,5668.5,94619,ES.v.0
2025-05-09 17:00:00+00:00,34,1,4916,5668.75,5688.5,5663.0,5687.0,82685,ES.v.0
2025-05-09 18:00:00+00:00,34,1,4916,5687.0,5687.75,5675.5,5683.5,59342,ES.v.0
2025-05-09 19:00:00+00:00,34,1,4916,5683.25,5694.0,5676.0,5677.75,161912,ES.v.0
2025-05-09 20:00:00+00:00,34,1,4916,5678.0,5684.5,5674.25,5684.0,40968,ES.v.0
2025-05-11 22:00:00+00:00,34,1,4916,5761.0,5768.5,5734.25,5739.25,27684,ES.v.0
2025-05-11 23:00:00+00:00,34,1,4916,5739.75,5755.75,5738.0,5745.75,12235,ES.v.0
2025-05-12 00:00:00+00:00,34,1,4916,5745.5,5756.5,5743.5,5751.5,10157,ES.v.0
2025-05-12 01:00:00+00:00,34,1,4916,5751.25,5761.0,5750.25,5755.75,8737,ES.v.0
2025-05-12 02:00:00+00:00,34,1,4916,5755.5,5757.25,5752.5,5756.25,4100,ES.v.0
2025-05-12 03:00:00+00:00,34,1,4916,5756.25,5761.0,5755.0,5760.25,3665,ES.v.0
2025-05-12 04:00:00+00:00,34,1,4916,5760.0,5762.75,5759.0,5761.0,3033,ES.v.0
2025-05-12 05:00:00+00:00,34,1,4916,5761.25,5767.5,5758.75,5763.5,5012,ES.v.0
2025-05-12 06:00:00+00:00,34,1,4916,5763.75,5770.75,5759.25,5767.0,13348,ES.v.0
2025-05-12 07:00:00+00:00,34,1,4916,5767.0,5853.75,5766.5,5820.5,90771,ES.v.0
2025-05-12 08:00:00+00:00,34,1,4916,5820.5,5836.5,5815.25,5830.25,40104,ES.v.0
2025-05-12 09:00:00+00:00,34,1,4916,5830.5,5840.0,5828.75,5839.0,20397,ES.v.0
2025-05-12 10:00:00+00:00,34,1,4916,5839.0,5861.75,5835.0,5858.75,44218,ES.v.0
2025-05-12 11:00:00+00:00,34,1,4916,5858.5,5865.75,5838.0,5846.5,56871,ES.v.0
2025-05-12 12:00:00+00:00,34,1,4916,5846.25,5862.0,5845.0,5848.25,44351,ES.v.0
2025-05-12 13:00:00+00:00,34,1,4916,5848.5,5855.0,5819.0,5823.25,201088,ES.v.0
2025-05-12 14:00:00+00:00,34,1,4916,5823.5,5840.75,5805.75,5826.25,246803,ES.v.0
2025-05-12 15:00:00+00:00,34,1,4916,5826.5,5833.5,5816.25,5817.5,138566,ES.v.0
2025-05-12 16:00:00+00:00,34,1,4916,5817.75,5849.5,5815.75,5847.0,115334,ES.v.0
2025-05-12 17:00:00+00:00,34,1,4916,5847.0,5861.0,5846.0,5851.25,133487,ES.v.0
2025-05-12 18:00:00+00:00,34,1,4916,5851.25,5862.25,5849.25,5851.5,112727,ES.v.0
2025-05-12 19:00:00+00:00,34,1,4916,5851.75,5866.25,5844.0,5864.25,262149,ES.v.0
2025-05-12 20:00:00+00:00,34,1,4916,5864.25,5876.25,5863.75,5868.25,78069,ES.v.0
2025-05-12 22:00:00+00:00,34,1,4916,5868.0,5869.0,5859.0,5860.0,6176,ES.v.0
2025-05-12 23:00:00+00:00,34,1,4916,5860.25,5869.75,5856.75,5856.75,4227,ES.v.0
2025-05-13 00:00:00+00:00,34,1,4916,5856.75,5856.75,5847.75,5849.0,7941,ES.v.0
2025-05-13 01:00:00+00:00,34,1,4916,5849.25,5853.5,5846.5,5850.0,6870,ES.v.0
2025-05-13 02:00:00+00:00,34,1,4916,5850.25,5854.5,5844.25,5848.75,7112,ES.v.0
2025-05-13 03:00:00+00:00,34,1,4916,5848.5,5849.5,5841.75,5842.0,5726,ES.v.0
2025-05-13 04:00:00+00:00,34,1,4916,5842.25,5843.75,5835.75,5840.5,7040,ES.v.0
2025-05-13 05:00:00+00:00,34,1,4916,5840.75,5847.0,5839.75,5845.75,4915,ES.v.0
2025-05-13 06:00:00+00:00,34,1,4916,5845.75,5851.0,5842.25,5843.25,8467,ES.v.0
2025-05-13 07:00:00+00:00,34,1,4916,5843.5,5847.5,5838.0,5841.0,13978,ES.v.0
2025-05-13 08:00:00+00:00,34,1,4916,5841.25,5848.0,5838.0,5839.0,10221,ES.v.0
2025-05-13 09:00:00+00:00,34,1,4916,5839.25,5850.5,5837.5,5850.0,8803,ES.v.0
2025-05-13 10:00:00+00:00,34,1,4916,5850.0,5853.75,5845.0,5847.0,16015,ES.v.0
2025-05-13 11:00:00+00:00,34,1,4916,5847.25,5857.25,5846.5,5856.25,15181,ES.v.0
2025-05-13 12:00:00+00:00,34,1,4916,5856.25,5885.5,5854.25,5868.5,53222,ES.v.0
2025-05-13 13:00:00+00:00,34,1,4916,5868.5,5890.25,5863.5,5888.5,146967,ES.v.0
2025-05-13 14:00:00+00:00,34,1,4916,5888.5,5915.0,5887.75,5906.75,219703,ES.v.0
2025-05-13 15:00:00+00:00,34,1,4916,5906.75,5920.25,5903.0,5912.25,142758,ES.v.0
2025-05-13 16:00:00+00:00,34,1,4916,5912.5,5919.5,5905.25,5915.75,105387,ES.v.0
2025-05-13 17:00:00+00:00,34,1,4916,5915.75,5927.0,5912.25,5915.0,108400,ES.v.0
2025-05-13 18:00:00+00:00,34,1,4916,5915.25,5923.25,5910.5,5922.0,103435,ES.v.0
2025-05-13 19:00:00+00:00,34,1,4916,5921.75,5926.75,5902.25,5903.5,211040,ES.v.0
2025-05-13 20:00:00+00:00,34,1,4916,5903.75,5905.5,5899.5,5900.75,47595,ES.v.0
2025-05-13 22:00:00+00:00,34,1,4916,5902.0,5905.0,5900.25,5902.75,5215,ES.v.0
2025-05-13 23:00:00+00:00,34,1,4916,5903.0,5909.5,5900.75,5907.75,5284,ES.v.0
2025-05-14 00:00:00+00:00,34,1,4916,5907.5,5908.75,5902.0,5903.75,5410,ES.v.0
2025-05-14 01:00:00+00:00,34,1,4916,5903.75,5906.0,5898.5,5904.5,7590,ES.v.0
2025-05-14 02:00:00+00:00,34,1,4916,5904.5,5905.5,5899.5,5902.0,4672,ES.v.0
2025-05-14 03:00:00+00:00,34,1,4916,5902.25,5908.0,5902.0,5905.25,4299,ES.v.0
2025-05-14 04:00:00+00:00,34,1,4916,5905.5,5911.25,5903.5,5908.25,3212,ES.v.0
2025-05-14 05:00:00+00:00,34,1,4916,5908.5,5912.0,5906.75,5908.75,3820,ES.v.0
2025-05-14 06:00:00+00:00,34,1,4916,5908.75,5916.0,5905.5,5914.0,7333,ES.v.0
2025-05-14 07:00:00+00:00,34,1,4916,5914.25,5917.75,5903.25,5909.75,14124,ES.v.0
2025-05-14 08:00:00+00:00,34,1,4916,5909.5,5911.0,5902.5,5905.25,14113,ES.v.0
2025-05-14 09:00:00+00:00,34,1,4916,5905.5,5907.0,5896.5,5899.0,14926,ES.v.0
2025-05-14 10:00:00+00:00,34,1,4916,5898.75,5907.0,5896.25,5904.0,10425,ES.v.0
2025-05-14 11:00:00+00:00,34,1,4916,5904.25,5922.5,5904.0,5915.75,24413,ES.v.0
2025-05-14 12:00:00+00:00,34,1,4916,5915.5,5924.5,5913.5,5915.25,28789,ES.v.0
2025-05-14 13:00:00+00:00,34,1,4916,5915.25,5925.0,5899.5,5910.25,146263,ES.v.0
2025-05-14 14:00:00+00:00,34,1,4916,5910.5,5914.5,5898.75,5910.5,148634,ES.v.0
2025-05-14 15:00:00+00:00,34,1,4916,5910.5,5919.0,5892.5,5915.25,140190,ES.v.0
2025-05-14 16:00:00+00:00,34,1,4916,5915.25,5921.0,5906.0,5909.5,86542,ES.v.0
2025-05-14 17:00:00+00:00,34,1,4916,5909.75,5910.0,5890.0,5908.5,107024,ES.v.0
2025-05-14 18:00:00+00:00,34,1,4916,5908.25,5917.5,5900.5,5911.5,99355,ES.v.0
2025-05-14 19:00:00+00:00,34,1,4916,5911.5,5916.5,5898.75,5909.5,214395,ES.v.0
2025-05-14 20:00:00+00:00,34,1,4916,5909.75,5911.25,5905.5,5906.0,45195,ES.v.0
2025-05-14 22:00:00+00:00,34,1,4916,5904.0,5904.0,5900.0,5901.25,5211,ES.v.0
2025-05-14 23:00:00+00:00,34,1,4916,5901.25,5901.75,5892.25,5896.75,7009,ES.v.0
2025-05-15 00:00:00+00:00,34,1,4916,5896.5,5901.75,5895.5,5899.5,4973,ES.v.0
2025-05-15 01:00:00+00:00,34,1,4916,5899.5,5902.25,5895.5,5897.25,5163,ES.v.0
2025-05-15 02:00:00+00:00,34,1,4916,5897.25,5903.0,5894.5,5901.5,4958,ES.v.0
2025-05-15 03:00:00+00:00,34,1,4916,5901.5,5902.0,5896.75,5898.0,2910,ES.v.0
2025-05-15 04:00:00+00:00,34,1,4916,5898.0,5899.0,5896.25,5898.5,1995,ES.v.0
2025-05-15 05:00:00+00:00,34,1,4916,5898.5,5899.0,5885.25,5888.5,6610,ES.v.0
2025-05-15 06:00:00+00:00,34,1,4916,5888.5,5896.5,5887.0,5891.5,7044,ES.v.0
2025-05-15 07:00:00+00:00,34,1,4916,5891.25,5895.0,5877.75,5878.75,16838,ES.v.0
2025-05-15 08:00:00+00:00,34,1,4916,5878.75,5883.25,5867.25,5870.5,17810,ES.v.0
2025-05-15 09:00:00+00:00,34,1,4916,5870.5,5882.5,5867.0,5882.0,14094,ES.v.0
2025-05-15 10:00:00+00:00,34,1,4916,5881.75,5881.75,5875.25,5879.75,10899,ES.v.0
2025-05-15 11:00:00+00:00,34,1,4916,5879.5,5889.5,5878.25,5884.5,20674,ES.v.0
2025-05-15 12:00:00+00:00,34,1,4916,5884.5,5898.25,5877.0,5887.0,38004,ES.v.0
2025-05-15 13:00:00+00:00,34,1,4916,5887.0,5898.5,5884.5,5895.0,120686,ES.v.0
2025-05-15 14:00:00+00:00,34,1,4916,5895.25,5905.5,5887.0,5900.75,158696,ES.v.0
2025-05-15 15:00:00+00:00,34,1,4916,5900.5,5929.0,5899.25,5925.25,157897,ES.v.0
2025-05-15 16:00:00+00:00,34,1,4916,5925.5,5936.75,5922.25,5936.5,118399,ES.v.0
2025-05-15 17:00:00+00:00,34,1,4916,5936.5,5944.5,5931.5,5933.25,106471,ES.v.0
2025-05-15 18:00:00+00:00,34,1,4916,5933.5,5937.75,5921.25,5931.75,126833,ES.v.0
2025-05-15 19:00:00+00:00,34,1,4916,5931.75,5939.0,5917.5,5938.25,221063,ES.v.0
2025-05-15 20:00:00+00:00,34,1,4916,5938.5,5941.5,5933.25,5934.0,50079,ES.v.0
2025-05-15 22:00:00+00:00,34,1,4916,5935.0,5936.0,5930.75,5931.25,4564,ES.v.0
2025-05-15 23:00:00+00:00,34,1,4916,5931.25,5936.75,5930.5,5936.0,3159,ES.v.0
2025-05-16 00:00:00+00:00,34,1,4916,5936.0,5940.0,5924.5,5925.5,7205,ES.v.0
2025-05-16 01:00:00+00:00,34,1,4916,5925.25,5928.75,5923.0,5926.75,5660,ES.v.0
2025-05-16 02:00:00+00:00,34,1,4916,5926.75,5934.0,5925.0,5933.0,3731,ES.v.0
2025-05-16 03:00:00+00:00,34,1,4916,5932.75,5935.75,5931.75,5933.0,2370,ES.v.0
2025-05-16 04:00:00+00:00,34,1,4916,5933.0,5935.75,5932.0,5933.0,2228,ES.v.0
2025-05-16 05:00:00+00:00,34,1,4916,5932.75,5934.25,5930.25,5930.5,2566,ES.v.0
2025-05-16 06:00:00+00:00,34,1,4916,5930.75,5936.25,5927.25,5929.0,5172,ES.v.0
2025-05-16 07:00:00+00:00,34,1,4916,5929.25,5945.75,5927.25,5944.25,9223,ES.v.0
2025-05-16 08:00:00+00:00,34,1,4916,5944.0,5952.5,5943.25,5948.5,12608,ES.v.0
2025-05-16 09:00:00+00:00,34,1,4916,5948.75,5950.25,5944.75,5945.25,7388,ES.v.0
2025-05-16 10:00:00+00:00,34,1,4916,5945.5,5952.25,5943.0,5948.5,9150,ES.v.0
2025-05-16 11:00:00+00:00,34,1,4916,5948.5,5956.5,5946.75,5954.75,11063,ES.v.0
2025-05-16 12:00:00+00:00,34,1,4916,5954.75,5958.0,5944.75,5945.25,21969,ES.v.0
2025-05-16 13:00:00+00:00,34,1,4916,5945.25,5951.25,5931.75,5945.0,153663,ES.v.0
2025-05-16 14:00:00+00:00,34,1,4916,5945.0,5948.25,5924.75,5936.5,173449,ES.v.0
2025-05-16 15:00:00+00:00,34,1,4916,5936.75,5948.5,5935.75,5942.25,100184,ES.v.0
2025-05-16 16:00:00+00:00,34,1,4916,5942.5,5957.25,5941.0,5954.5,92611,ES.v.0
2025-05-16 17:00:00+00:00,34,1,4916,5954.75,5967.25,5953.25,5960.5,88792,ES.v.0
2025-05-16 18:00:00+00:00,34,1,4916,5960.5,5972.75,5958.75,5968.0,86265,ES.v.0
2025-05-16 19:00:00+00:00,34,1,4916,5968.0,5977.5,5964.25,5975.25,208116,ES.v.0
2025-05-16 20:00:00+00:00,34,1,4916,5975.25,5975.5,5938.5,5948.5,62421,ES.v.0
2025-05-18 22:00:00+00:00,34,1,4916,5930.25,5940.75,5920.0,5939.0,17011,ES.v.0
2025-05-18 23:00:00+00:00,34,1,4916,5939.25,5948.0,5935.5,5940.5,6878,ES.v.0
2025-05-19 00:00:00+00:00,34,1,4916,5940.75,5941.25,5923.25,5931.5,13165,ES.v.0
2025-05-19 01:00:00+00:00,34,1,4916,5931.75,5935.5,5927.5,5928.75,7918,ES.v.0
2025-05-19 02:00:00+00:00,34,1,4916,5928.75,5935.0,5925.5,5925.5,5832,ES.v.0
2025-05-19 03:00:00+00:00,34,1,4916,5925.5,5926.5,5909.75,5912.25,8500,ES.v.0
2025-05-19 04:00:00+00:00,34,1,4916,5912.25,5916.75,5909.75,5913.0,5702,ES.v.0
2025-05-19 05:00:00+00:00,34,1,4916,5912.75,5918.75,5910.25,5917.25,5877,ES.v.0
2025-05-19 06:00:00+00:00,34,1,4916,5917.0,5923.5,5905.0,5905.5,12002,ES.v.0
2025-05-19 07:00:00+00:00,34,1,4916,5905.75,5913.0,5902.5,5906.0,12660,ES.v.0
2025-05-19 08:00:00+00:00,34,1,4916,5905.75,5907.75,5892.75,5897.75,19022,ES.v.0
2025-05-19 09:00:00+00:00,34,1,4916,5897.75,5907.75,5893.75,5903.5,13099,ES.v.0
2025-05-19 10:00:00+00:00,34,1,4916,5903.75,5912.75,5895.5,5909.5,12224,ES.v.0
2025-05-19 11:00:00+00:00,34,1,4916,5909.75,5918.0,5905.5,5916.0,15594,ES.v.0
2025-05-19 12:00:00+00:00,34,1,4916,5916.0,5919.0,5908.0,5917.5,26222,ES.v.0
2025-05-19 13:00:00+00:00,34,1,4916,5917.75,5945.5,5902.5,5943.75,166623,ES.v.0
2025-05-19 14:00:00+00:00,34,1,4916,5943.5,5964.75,5941.75,5951.75,179747,ES.v.0
2025-05-19 15:00:00+00:00,34,1,4916,5951.75,5969.5,5951.0,5962.5,103254,ES.v.0
2025-05-19 16:00:00+00:00,34,1,4916,5962.5,5979.5,5960.75,5977.25,88512,ES.v.0
2025-05-19 17:00:00+00:00,34,1,4916,5977.25,5987.5,5975.0,5975.5,119067,ES.v.0
2025-05-19 18:00:00+00:00,34,1,4916,5975.5,5977.5,5965.0,5975.75,99419,ES.v.0
2025-05-19 19:00:00+00:00,34,1,4916,5976.0,5984.5,5962.75,5981.25,204406,ES.v.0
2025-05-19 20:00:00+00:00,34,1,4916,5981.25,5982.5,5970.25,5980.5,42019,ES.v.0
2025-05-19 22:00:00+00:00,34,1,4916,5980.0,5981.25,5975.75,5979.75,7053,ES.v.0
2025-05-19 23:00:00+00:00,34,1,4916,5979.75,5993.5,5978.75,5987.25,11635,ES.v.0
2025-05-20 00:00:00+00:00,34,1,4916,5987.0,5991.0,5982.0,5982.0,8561,ES.v.0
2025-05-20 01:00:00+00:00,34,1,4916,5982.0,5982.0,5964.75,5969.0,10083,ES.v.0
2025-05-20 02:00:00+00:00,34,1,4916,5969.0,5971.5,5965.25,5968.75,4819,ES.v.0
2025-05-20 03:00:00+00:00,34,1,4916,5968.5,5969.25,5963.75,5964.75,3840,ES.v.0
2025-05-20 04:00:00+00:00,34,1,4916,5965.0,5968.25,5963.0,5967.0,3519,ES.v.0
2025-05-20 05:00:00+00:00,34,1,4916,5967.25,5974.25,5959.25,5959.75,6883,ES.v.0
2025-05-20 06:00:00+00:00,34,1,4916,5959.5,5962.5,5955.25,5961.25,7906,ES.v.0
2025-05-20 07:00:00+00:00,34,1,4916,5961.0,5972.0,5957.0,5964.5,11117,ES.v.0
2025-05-20 08:00:00+00:00,34,1,4916,5964.75,5968.75,5959.0,5962.0,8321,ES.v.0
2025-05-20 09:00:00+00:00,34,1,4916,5962.25,5967.0,5959.0,5960.5,6788,ES.v.0
2025-05-20 10:00:00+00:00,34,1,4916,5960.75,5971.0,5958.5,5970.5,8607,ES.v.0
2025-05-20 11:00:00+00:00,34,1,4916,5970.5,5974.5,5969.5,5970.25,12188,ES.v.0
2025-05-20 12:00:00+00:00,34,1,4916,5970.0,5973.5,5962.5,5966.25,14999,ES.v.0
2025-05-20 13:00:00+00:00,34,1,4916,5966.25,5971.25,5950.75,5958.75,127599,ES.v.0
2025-05-20 14:00:00+00:00,34,1,4916,5959.0,5971.0,5953.75,5960.0,137121,ES.v.0
2025-05-20 15:00:00+00:00,34,1,4916,5960.0,5966.75,5955.0,5962.75,102280,ES.v.0
2025-05-20 16:00:00+00:00,34,1,4916,5962.5,5966.5,5952.75,5964.5,83760,ES.v.0
2025-05-20 17:00:00+00:00,34,1,4916,5964.75,5969.0,5955.25,5961.0,84629,ES.v.0
2025-05-20 18:00:00+00:00,34,1,4916,5960.75,5962.75,5936.25,5939.75,138543,ES.v.0
2025-05-20 19:00:00+00:00,34,1,4916,5939.5,5961.0,5926.75,5959.25,216323,ES.v.0
2025-05-20 20:00:00+00:00,34,1,4916,5959.5,5960.25,5951.5,5954.0,43981,ES.v.0
2025-05-20 22:00:00+00:00,34,1,4916,5953.5,5953.75,5936.0,5948.0,12677,ES.v.0
2025-05-20 23:00:00+00:00,34,1,4916,5948.0,5955.0,5947.25,5955.0,3957,ES.v.0
2025-05-21 00:00:00+00:00,34,1,4916,5955.0,5958.25,5948.25,5953.0,6174,ES.v.0
2025-05-21 01:00:00+00:00,34,1,4916,5953.0,5955.5,5944.25,5948.0,6048,ES.v.0
2025-05-21 02:00:00+00:00,34,1,4916,5948.0,5948.75,5941.5,5942.75,4839,ES.v.0
2025-05-21 03:00:00+00:00,34,1,4916,5942.5,5945.75,5939.5,5942.25,3876,ES.v.0
2025-05-21 04:00:00+00:00,34,1,4916,5942.25,5942.5,5935.75,5938.0,3409,ES.v.0
2025-05-21 05:00:00+00:00,34,1,4916,5938.0,5943.5,5931.25,5932.0,4475,ES.v.0
2025-05-21 06:00:00+00:00,34,1,4916,5932.0,5933.5,5923.0,5924.75,10504,ES.v.0
2025-05-21 07:00:00+00:00,34,1,4916,5924.75,5934.25,5924.5,5932.5,9034,ES.v.0
2025-05-21 08:00:00+00:00,34,1,4916,5932.5,5934.25,5920.25,5927.0,8805,ES.v.0
2025-05-21 09:00:00+00:00,34,1,4916,5927.0,5930.25,5912.25,5914.5,11636,ES.v.0
2025-05-21 10:00:00+00:00,34,1,4916,5914.5,5919.5,5905.0,5919.25,15326,ES.v.0
2025-05-21 11:00:00+00:00,34,1,4916,5919.0,5934.0,5918.75,5930.75,18964,ES.v.0
2025-05-21 12:00:00+00:00,34,1,4916,5930.75,5931.5,5916.75,5923.0,27596,ES.v.0
2025-05-21 13:00:00+00:00,34,1,4916,5923.0,5935.25,5908.75,5928.25,130920,ES.v.0
2025-05-21 14:00:00+00:00,34,1,4916,5928.5,5944.5,5918.5,5936.5,164012,ES.v.0
2025-05-21 15:00:00+00:00,34,1,4916,5936.5,5952.75,5933.75,5947.5,130053,ES.v.0
2025-05-21 16:00:00+00:00,34,1,4916,5947.5,5956.25,5944.5,5946.25,85097,ES.v.0
2025-05-21 17:00:00+00:00,34,1,4916,5946.5,5948.0,5867.0,5891.25,317380,ES.v.0
2025-05-21 18:00:00+00:00,34,1,4916,5891.0,5893.5,5867.25,5869.75,161316,ES.v.0
2025-05-21 19:00:00+00:00,34,1,4916,5869.75,5876.0,5847.75,5859.25,272961,ES.v.0
2025-05-21 20:00:00+00:00,34,1,4916,5859.25,5861.5,5851.25,5858.75,60824,ES.v.0
2025-05-21 22:00:00+00:00,34,1,4916,5858.0,5865.75,5851.0,5858.25,8186,ES.v.0
2025-05-21 23:00:00+00:00,34,1,4916,5858.0,5865.25,5856.0,5860.5,6878,ES.v.0
2025-05-22 00:00:00+00:00,34,1,4916,5860.75,5872.25,5858.5,5871.5,9368,ES.v.0
2025-05-22 01:00:00+00:00,34,1,4916,5871.5,5874.25,5862.75,5863.25,6643,ES.v.0
2025-05-22 02:00:00+00:00,34,1,4916,5863.0,5869.0,5861.25,5863.25,5817,ES.v.0
2025-05-22 03:00:00+00:00,34,1,4916,5863.25,5868.5,5863.0,5865.0,3992,ES.v.0
2025-05-22 04:00:00+00:00,34,1,4916,5865.25,5865.5,5861.75,5862.75,2301,ES.v.0
2025-05-22 05:00:00+00:00,34,1,4916,5862.75,5871.0,5861.0,5870.25,4396,ES.v.0
2025-05-22 06:00:00+00:00,34,1,4916,5870.0,5872.75,5863.75,5868.5,6136,ES.v.0
2025-05-22 07:00:00+00:00,34,1,4916,5868.5,5876.75,5864.0,5868.75,14954,ES.v.0
2025-05-22 08:00:00+00:00,34,1,4916,5868.75,5873.0,5865.0,5869.0,13008,ES.v.0
2025-05-22 09:00:00+00:00,34,1,4916,5869.0,5872.0,5863.25,5867.75,9519,ES.v.0
2025-05-22 10:00:00+00:00,34,1,4916,5867.5,5870.75,5861.5,5864.75,12663,ES.v.0
2025-05-22 11:00:00+00:00,34,1,4916,5864.5,5875.0,5838.0,5838.5,36317,ES.v.0
2025-05-22 12:00:00+00:00,34,1,4916,5838.5,5860.5,5828.75,5859.25,55747,ES.v.0
2025-05-22 13:00:00+00:00,34,1,4916,5859.5,5872.25,5842.75,5870.5,165756,ES.v.0
2025-05-22 14:00:00+00:00,34,1,4916,5870.5,5880.5,5843.5,5857.5,205335,ES.v.0
2025-05-22 15:00:00+00:00,34,1,4916,5857.75,5872.5,5851.75,5871.25,152973,ES.v.0
2025-05-22 16:00:00+00:00,34,1,4916,5871.0,5885.0,5858.75,5859.75,121724,ES.v.0
2025-05-22 17:00:00+00:00,34,1,4916,5859.75,5887.25,5854.75,5883.0,126226,ES.v.0
2025-05-22 18:00:00+00:00,34,1,4916,5883.0,5890.0,5877.75,5887.25,98306,ES.v.0
2025-05-22 19:00:00+00:00,34,1,4916,5887.25,5895.0,5853.75,5858.5,238021,ES.v.0
2025-05-22 20:00:00+00:00,34,1,4916,5858.5,5868.0,5856.25,5868.0,51749,ES.v.0
2025-05-22 22:00:00+00:00,34,1,4916,5869.25,5872.0,5851.0,5852.5,7221,ES.v.0
2025-05-22 23:00:00+00:00,34,1,4916,5852.25,5860.75,5850.0,5859.5,5145,ES.v.0
2025-05-23 00:00:00+00:00,34,1,4916,5859.75,5865.25,5859.25,5865.25,5042,ES.v.0
2025-05-23 01:00:00+00:00,34,1,4916,5865.25,5865.25,5856.25,5857.75,5908,ES.v.0
2025-05-23 02:00:00+00:00,34,1,4916,5858.0,5868.0,5857.0,5863.25,4588,ES.v.0
2025-05-23 03:00:00+00:00,34,1,4916,5863.25,5867.5,5860.0,5862.25,4284,ES.v.0
2025-05-23 04:00:00+00:00,34,1,4916,5862.5,5862.5,5851.75,5854.0,3970,ES.v.0
2025-05-23 05:00:00+00:00,34,1,4916,5854.0,5860.5,5852.25,5854.75,3953,ES.v.0
2025-05-23 06:00:00+00:00,34,1,4916,5854.5,5854.75,5841.75,5850.25,9804,ES.v.0
2025-05-23 07:00:00+00:00,34,1,4916,5850.25,5870.25,5850.25,5866.5,12595,ES.v.0
2025-05-23 08:00:00+00:00,34,1,4916,5866.5,5871.5,5860.0,5860.75,8624,ES.v.0
2025-05-23 09:00:00+00:00,34,1,4916,5860.75,5861.25,5843.5,5858.0,11855,ES.v.0
2025-05-23 10:00:00+00:00,34,1,4916,5857.75,5859.75,5849.0,5856.75,7888,ES.v.0
2025-05-23 11:00:00+00:00,34,1,4916,5856.5,5858.75,5768.25,5776.0,110279,ES.v.0
2025-05-23 12:00:00+00:00,34,1,4916,5776.0,5784.75,5756.5,5774.75,92238,ES.v.0
2025-05-23 13:00:00+00:00,34,1,4916,5774.75,5806.5,5762.75,5793.0,225135,ES.v.0
2025-05-23 14:00:00+00:00,34,1,4916,5793.0,5814.5,5791.5,5796.0,195045,ES.v.0
2025-05-23 15:00:00+00:00,34,1,4916,5796.0,5822.25,5792.75,5805.25,145858,ES.v.0
2025-05-23 16:00:00+00:00,34,1,4916,5805.25,5821.25,5800.0,5815.0,108022,ES.v.0
2025-05-23 17:00:00+00:00,34,1,4916,5815.0,5840.0,5812.0,5833.75,107392,ES.v.0
2025-05-23 18:00:00+00:00,34,1,4916,5833.75,5843.75,5825.25,5832.75,116123,ES.v.0
2025-05-23 19:00:00+00:00,34,1,4916,5832.75,5840.0,5810.25,5817.0,219600,ES.v.0
2025-05-23 20:00:00+00:00,34,1,4916,5817.25,5817.5,5807.0,5814.75,49958,ES.v.0
2025-05-25 22:00:00+00:00,34,1,4916,5820.0,5876.75,5813.0,5859.5,24330,ES.v.0
2025-05-25 23:00:00+00:00,34,1,4916,5860.0,5871.5,5859.25,5865.5,5407,ES.v.0
2025-05-26 00:00:00+00:00,34,1,4916,5865.5,5873.0,5861.5,5865.5,6409,ES.v.0
2025-05-26 01:00:00+00:00,34,1,4916,5865.5,5873.0,5861.75,5872.5,4993,ES.v.0
2025-05-26 02:00:00+00:00,34,1,4916,5872.5,5878.0,5868.5,5869.25,4787,ES.v.0
2025-05-26 03:00:00+00:00,34,1,4916,5869.5,5877.75,5869.25,5875.25,3281,ES.v.0
2025-05-26 04:00:00+00:00,34,1,4916,5875.25,5879.75,5873.5,5878.25,2611,ES.v.0
2025-05-26 05:00:00+00:00,34,1,4916,5878.5,5879.0,5873.0,5873.75,3284,ES.v.0
2025-05-26 06:00:00+00:00,34,1,4916,5873.5,5886.0,5870.0,5883.25,10548,ES.v.0
2025-05-26 07:00:00+00:00,34,1,4916,5883.5,5892.25,5880.0,5890.75,9040,ES.v.0
2025-05-26 08:00:00+00:00,34,1,4916,5891.0,5895.0,5882.0,5883.25,8572,ES.v.0
2025-05-26 09:00:00+00:00,34,1,4916,5883.5,5887.75,5882.25,5884.0,3186,ES.v.0
2025-05-26 10:00:00+00:00,34,1,4916,5884.0,5889.75,5882.25,5885.5,3051,ES.v.0
2025-05-26 11:00:00+00:00,34,1,4916,5885.25,5890.75,5884.5,5889.5,4584,ES.v.0
2025-05-26 12:00:00+00:00,34,1,4916,5889.5,5892.25,5884.5,5884.75,4527,ES.v.0
2025-05-26 13:00:00+00:00,34,1,4916,5884.75,5893.0,5880.5,5885.5,11010,ES.v.0
2025-05-26 14:00:00+00:00,34,1,4916,5885.75,5886.5,5874.5,5875.75,11282,ES.v.0
2025-05-26 15:00:00+00:00,34,1,4916,5875.75,5888.25,5871.0,5887.25,10370,ES.v.0
2025-05-26 16:00:00+00:00,34,1,4916,5887.5,5892.5,5884.25,5891.0,7006,ES.v.0
2025-05-26 22:00:00+00:00,34,1,4916,5889.0,5890.5,5877.75,5878.75,7048,ES.v.0
2025-05-26 23:00:00+00:00,34,1,4916,5879.0,5881.25,5875.75,5879.0,4419,ES.v.0
2025-05-27 00:00:00+00:00,34,1,4916,5879.0,5882.5,5872.75,5882.0,6913,ES.v.0
2025-05-27 01:00:00+00:00,34,1,4916,5882.0,5882.0,5868.75,5869.0,7780,ES.v.0
2025-05-27 02:00:00+00:00,34,1,4916,5868.75,5870.75,5866.25,5870.25,4052,ES.v.0
2025-05-27 03:00:00+00:00,34,1,4916,5870.0,5872.0,5862.5,5865.0,3868,ES.v.0
2025-05-27 04:00:00+00:00,34,1,4916,5864.75,5869.75,5863.75,5869.0,2362,ES.v.0
2025-05-27 05:00:00+00:00,34,1,4916,5869.25,5877.5,5866.25,5875.5,5296,ES.v.0
2025-05-27 06:00:00+00:00,34,1,4916,5875.5,5886.0,5875.25,5883.0,5786,ES.v.0
2025-05-27 07:00:00+00:00,34,1,4916,5883.25,5912.5,5880.75,5906.5,19913,ES.v.0
2025-05-27 08:00:00+00:00,34,1,4916,5906.25,5908.5,5897.5,5901.0,11723,ES.v.0
2025-05-27 09:00:00+00:00,34,1,4916,5901.0,5910.0,5899.75,5905.25,11652,ES.v.0
2025-05-27 10:00:00+00:00,34,1,4916,5905.25,5909.5,5899.75,5900.0,9184,ES.v.0
2025-05-27 11:00:00+00:00,34,1,4916,5900.0,5904.75,5894.5,5900.75,14989,ES.v.0
2025-05-27 12:00:00+00:00,34,1,4916,5900.5,5902.5,5886.0,5891.75,24996,ES.v.0
2025-05-27 13:00:00+00:00,34,1,4916,5891.75,5900.25,5868.25,5886.25,137813,ES.v.0
2025-05-27 14:00:00+00:00,34,1,4916,5886.25,5911.25,5885.5,5905.75,171264,ES.v.0
2025-05-27 15:00:00+00:00,34,1,4916,5905.5,5916.5,5904.75,5915.0,108592,ES.v.0
2025-05-27 16:00:00+00:00,34,1,4916,5915.0,5932.25,5914.25,5924.75,115043,ES.v.0
2025-05-27 17:00:00+00:00,34,1,4916,5924.75,5936.25,5924.25,5935.75,75466,ES.v.0
2025-05-27 18:00:00+00:00,34,1,4916,5935.75,5938.75,5929.0,5929.25,77742,ES.v.0
2025-05-27 19:00:00+00:00,34,1,4916,5929.25,5936.25,5923.75,5936.0,203088,ES.v.0
2025-05-27 20:00:00+00:00,34,1,4916,5936.0,5941.75,5932.25,5940.25,58537,ES.v.0
2025-05-27 22:00:00+00:00,34,1,4916,5940.75,5941.5,5935.25,5939.0,5126,ES.v.0
2025-05-27 23:00:00+00:00,34,1,4916,5939.0,5941.75,5937.25,5937.5,4452,ES.v.0
2025-05-28 00:00:00+00:00,34,1,4916,5937.25,5937.5,5934.5,5935.75,4976,ES.v.0
2025-05-28 01:00:00+00:00,34,1,4916,5936.0,5938.75,5933.5,5934.0,4523,ES.v.0
2025-05-28 02:00:00+00:00,34,1,4916,5934.0,5936.25,5933.0,5933.5,2980,ES.v.0
2025-05-28 03:00:00+00:00,34,1,4916,5933.5,5936.25,5929.25,5929.75,3967,ES.v.0
2025-05-28 04:00:00+00:00,34,1,4916,5929.75,5930.5,5928.0,5928.5,2506,ES.v.0
2025-05-28 05:00:00+00:00,34,1,4916,5928.5,5932.5,5927.0,5930.0,4203,ES.v.0
2025-05-28 06:00:00+00:00,34,1,4916,5930.0,5932.75,5925.0,5925.75,5495,ES.v.0
2025-05-28 07:00:00+00:00,34,1,4916,5926.0,5929.75,5923.0,5923.25,11223,ES.v.0
2025-05-28 08:00:00+00:00,34,1,4916,5923.5,5927.5,5922.0,5922.5,8094,ES.v.0
2025-05-28 09:00:00+00:00,34,1,4916,5922.75,5925.0,5918.5,5925.0,9018,ES.v.0
2025-05-28 10:00:00+00:00,34,1,4916,5925.0,5944.0,5923.5,5943.25,14547,ES.v.0
2025-05-28 11:00:00+00:00,34,1,4916,5943.25,5944.0,5935.0,5939.0,12731,ES.v.0
2025-05-28 12:00:00+00:00,34,1,4916,5939.0,5945.75,5937.5,5938.25,17511,ES.v.0
2025-05-28 13:00:00+00:00,34,1,4916,5938.5,5952.5,5929.75,5932.5,141059,ES.v.0
2025-05-28 14:00:00+00:00,34,1,4916,5932.5,5936.0,5916.25,5917.75,162947,ES.v.0
2025-05-28 15:00:00+00:00,34,1,4916,5917.75,5925.75,5913.75,5914.75,120305,ES.v.0
2025-05-28 16:00:00+00:00,34,1,4916,5915.0,5926.75,5914.5,5923.75,77902,ES.v.0
2025-05-28 17:00:00+00:00,34,1,4916,5923.75,5930.5,5918.5,5921.5,83666,ES.v.0
2025-05-28 18:00:00+00:00,34,1,4916,5921.25,5929.0,5903.25,5922.25,113411,ES.v.0
2025-05-28 19:00:00+00:00,34,1,4916,5922.0,5932.75,5894.5,5901.5,237299,ES.v.0
2025-05-28 20:00:00+00:00,34,1,4916,5901.75,5927.0,5890.0,5925.5,78979,ES.v.0
2025-05-28 22:00:00+00:00,34,1,4916,5923.5,5946.75,5916.5,5945.0,14263,ES.v.0
2025-05-28 23:00:00+00:00,34,1,4916,5945.25,5997.5,5945.25,5991.75,53745,ES.v.0
2025-05-29 00:00:00+00:00,34,1,4916,5992.0,6002.75,5977.0,6000.25,25475,ES.v.0
2025-05-29 01:00:00+00:00,34,1,4916,6000.25,6000.5,5984.25,5998.5,14195,ES.v.0
2025-05-29 02:00:00+00:00,34,1,4916,5998.25,6004.25,5995.75,5998.0,12979,ES.v.0
2025-05-29 03:00:00+00:00,34,1,4916,5998.0,6005.75,5993.5,5994.5,9504,ES.v.0
2025-05-29 04:00:00+00:00,34,1,4916,5994.25,6000.0,5993.5,5999.0,6220,ES.v.0
2025-05-29 05:00:00+00:00,34,1,4916,5999.25,6003.25,5996.25,5998.75,6799,ES.v.0
2025-05-29 06:00:00+00:00,34,1,4916,5998.5,5998.75,5989.25,5991.0,10933,ES.v.0
2025-05-29 07:00:00+00:00,34,1,4916,5991.0,6005.25,5985.25,6005.25,19827,ES.v.0
2025-05-29 08:00:00+00:00,34,1,4916,6005.5,6008.0,5990.0,5991.0,16833,ES.v.0
2025-05-29 09:00:00+00:00,34,1,4916,5991.25,5995.0,5983.75,5984.25,11453,ES.v.0
2025-05-29 10:00:00+00:00,34,1,4916,5984.75,5985.25,5964.75,5970.25,22307,ES.v.0
2025-05-29 11:00:00+00:00,34,1,4916,5970.25,5970.5,5951.0,5951.75,26802,ES.v.0
2025-05-29 12:00:00+00:00,34,1,4916,5952.0,5959.5,5940.5,5946.75,45992,ES.v.0
2025-05-29 13:00:00+00:00,34,1,4916,5946.75,5957.75,5926.25,5936.25,162720,ES.v.0
2025-05-29 14:00:00+00:00,34,1,4916,5936.0,5940.0,5908.5,5932.75,193300,ES.v.0
2025-05-29 15:00:00+00:00,34,1,4916,5932.75,5933.75,5888.5,5895.0,156948,ES.v.0
2025-05-29 16:00:00+00:00,34,1,4916,5895.0,5925.25,5884.0,5921.5,130253,ES.v.0
2025-05-29 17:00:00+00:00,34,1,4916,5921.25,5928.25,5907.5,5909.0,87767,ES.v.0
2025-05-29 18:00:00+00:00,34,1,4916,5909.25,5919.0,5899.5,5911.5,107526,ES.v.0
2025-05-29 19:00:00+00:00,34,1,4916,5911.75,5930.75,5906.25,5923.25,192011,ES.v.0
2025-05-29 20:00:00+00:00,34,1,4916,5923.5,5926.25,5915.5,5917.25,40603,ES.v.0
2025-05-29 22:00:00+00:00,34,1,4916,5912.25,5920.5,5905.75,5911.25,8461,ES.v.0
2025-05-29 23:00:00+00:00,34,1,4916,5911.25,5915.0,5904.25,5904.5,5245,ES.v.0
2025-05-30 00:00:00+00:00,34,1,4916,5904.5,5911.75,5904.25,5907.25,6937,ES.v.0
2025-05-30 01:00:00+00:00,34,1,4916,5907.5,5910.0,5891.0,5909.5,11045,ES.v.0
2025-05-30 02:00:00+00:00,34,1,4916,5909.5,5912.75,5907.25,5911.75,4159,ES.v.0
2025-05-30 03:00:00+00:00,34,1,4916,5912.0,5913.0,5906.75,5909.75,2980,ES.v.0
2025-05-30 04:00:00+00:00,34,1,4916,5909.5,5911.75,5906.5,5909.75,2327,ES.v.0
2025-05-30 05:00:00+00:00,34,1,4916,5909.75,5923.0,5909.5,5917.75,5246,ES.v.0
2025-05-30 06:00:00+00:00,34,1,4916,5917.75,5920.0,5906.5,5906.5,7027,ES.v.0
2025-05-30 07:00:00+00:00,34,1,4916,5906.75,5917.0,5902.25,5913.0,10309,ES.v.0
2025-05-30 08:00:00+00:00,34,1,4916,5913.0,5919.5,5910.0,5911.75,8943,ES.v.0
2025-05-30 09:00:00+00:00,34,1,4916,5912.0,5919.0,5910.25,5910.5,6409,ES.v.0
2025-05-30 10:00:00+00:00,34,1,4916,5910.5,5918.0,5907.75,5916.0,6528,ES.v.0
2025-05-30 11:00:00+00:00,34,1,4916,5916.25,5922.75,5913.75,5914.75,9747,ES.v.0
2025-05-30 12:00:00+00:00,34,1,4916,5915.0,5921.5,5876.5,5899.0,77158,ES.v.0
2025-05-30 13:00:00+00:00,34,1,4916,5899.0,5912.75,5885.0,5891.75,138534,ES.v.0
2025-05-30 14:00:00+00:00,34,1,4916,5891.75,5920.5,5890.75,5908.0,171196,ES.v.0
2025-05-30 15:00:00+00:00,34,1,4916,5908.25,5915.0,5894.5,5901.0,132303,ES.v.0
2025-05-30 16:00:00+00:00,34,1,4916,5901.25,5907.75,5853.25,5865.0,226134,ES.v.0
2025-05-30 17:00:00+00:00,34,1,4916,5865.0,5888.75,5860.75,5879.75,130100,ES.v.0
2025-05-30 18:00:00+00:00,34,1,4916,5879.75,5910.0,5879.25,5908.0,140049,ES.v.0
2025-05-30 19:00:00+00:00,34,1,4916,5908.25,5932.75,5907.0,5914.75,349258,ES.v.0
2025-05-30 20:00:00+00:00,34,1,4916,5914.75,5924.75,5905.5,5913.75,87650,ES.v.0
2025-06-01 22:00:00+00:00,34,1,4916,5898.75,5909.25,5896.0,5901.25,10436,ES.v.0
2025-06-01 23:00:00+00:00,34,1,4916,5901.5,5901.75,5893.25,5898.75,5414,ES.v.0
2025-06-02 00:00:00+00:00,34,1,4916,5899.0,5906.0,5896.75,5899.75,8747,ES.v.0
2025-06-02 01:00:00+00:00,34,1,4916,5900.0,5904.25,5894.25,5896.75,6470,ES.v.0
2025-06-02 02:00:00+00:00,34,1,4916,5897.0,5898.75,5891.0,5894.75,6797,ES.v.0
2025-06-02 03:00:00+00:00,34,1,4916,5894.75,5894.75,5886.5,5887.25,8302,ES.v.0
2025-06-02 04:00:00+00:00,34,1,4916,5887.25,5892.5,5884.25,5886.75,5468,ES.v.0
2025-06-02 05:00:00+00:00,34,1,4916,5886.75,5890.5,5881.25,5885.0,6258,ES.v.0
2025-06-02 06:00:00+00:00,34,1,4916,5884.75,5888.75,5877.75,5882.5,8543,ES.v.0
2025-06-02 07:00:00+00:00,34,1,4916,5882.25,5892.5,5867.5,5881.0,19610,ES.v.0
2025-06-02 08:00:00+00:00,34,1,4916,5880.75,5894.75,5879.5,5887.5,16130,ES.v.0
2025-06-02 09:00:00+00:00,34,1,4916,5887.5,5888.75,5876.5,5882.5,13852,ES.v.0
2025-06-02 10:00:00+00:00,34,1,4916,5882.5,5890.75,5880.75,5890.0,11608,ES.v.0
2025-06-02 11:00:00+00:00,34,1,4916,5889.75,5900.0,5887.0,5892.0,16244,ES.v.0
2025-06-02 12:00:00+00:00,34,1,4916,5892.25,5901.5,5889.25,5899.0,19193,ES.v.0
2025-06-02 13:00:00+00:00,34,1,4916,5899.0,5917.75,5886.0,5887.0,152575,ES.v.0
2025-06-02 14:00:00+00:00,34,1,4916,5887.25,5916.0,5870.5,5914.0,214860,ES.v.0
2025-06-02 15:00:00+00:00,34,1,4916,5914.0,5921.25,5901.5,5918.75,124658,ES.v.0
2025-06-02 16:00:00+00:00,34,1,4916,5918.75,5922.5,5910.25,5920.5,78713,ES.v.0
2025-06-02 17:00:00+00:00,34,1,4916,5920.75,5927.0,5915.5,5920.25,77046,ES.v.0
2025-06-02 18:00:00+00:00,34,1,4916,5920.25,5940.5,5916.0,5939.25,117479,ES.v.0
2025-06-02 19:00:00+00:00,34,1,4916,5939.5,5949.0,5937.25,5947.25,164637,ES.v.0
2025-06-02 20:00:00+00:00,34,1,4916,5947.0,5955.5,5946.75,5949.25,57255,ES.v.0
2025-06-02 22:00:00+00:00,34,1,4916,5949.0,5949.5,5941.75,5942.0,4501,ES.v.0
2025-06-02 23:00:00+00:00,34,1,4916,5942.25,5947.5,5930.25,5935.0,10296,ES.v.0
2025-06-03 00:00:00+00:00,34,1,4916,5935.25,5936.5,5931.5,5933.5,5255,ES.v.0
2025-06-03 01:00:00+00:00,34,1,4916,5933.75,5936.25,5931.5,5932.75,5483,ES.v.0
2025-06-03 02:00:00+00:00,34,1,4916,5933.0,5933.75,5922.0,5927.75,8911,ES.v.0
2025-06-03 03:00:00+00:00,34,1,4916,5927.25,5927.25,5920.75,5925.25,5842,ES.v.0
2025-06-03 04:00:00+00:00,34,1,4916,5925.25,5925.75,5920.5,5923.25,3745,ES.v.0
2025-06-03 05:00:00+00:00,34,1,4916,5923.25,5927.25,5922.5,5927.0,4310,ES.v.0
2025-06-03 06:00:00+00:00,34,1,4916,5926.75,5927.75,5920.75,5926.5,6923,ES.v.0
2025-06-03 07:00:00+00:00,34,1,4916,5926.5,5928.5,5911.0,5918.5,21763,ES.v.0
2025-06-03 08:00:00+00:00,34,1,4916,5918.25,5920.5,5909.25,5919.75,17081,ES.v.0
2025-06-03 09:00:00+00:00,34,1,4916,5919.75,5925.0,5917.25,5922.25,8043,ES.v.0
2025-06-03 10:00:00+00:00,34,1,4916,5922.25,5930.75,5918.75,5930.5,9389,ES.v.0
2025-06-03 11:00:00+00:00,34,1,4916,5930.5,5940.0,5928.25,5938.25,14124,ES.v.0
2025-06-03 12:00:00+00:00,34,1,4916,5938.25,5943.75,5934.75,5940.25,20238,ES.v.0
2025-06-03 13:00:00+00:00,34,1,4916,5940.0,5952.75,5938.0,5944.5,126372,ES.v.0
2025-06-03 14:00:00+00:00,34,1,4916,5944.5,5964.5,5938.25,5963.75,155925,ES.v.0
2025-06-03 15:00:00+00:00,34,1,4916,5964.0,5977.5,5963.75,5976.75,127984,ES.v.0
2025-06-03 16:00:00+00:00,34,1,4916,5977.0,5987.25,5972.75,5985.25,88840,ES.v.0
2025-06-03 17:00:00+00:00,34,1,4916,5985.5,5991.25,5980.75,5981.25,91353,ES.v.0
2025-06-03 18:00:00+00:00,34,1,4916,5981.5,5985.0,5968.25,5983.5,134327,ES.v.0
2025-06-03 19:00:00+00:00,34,1,4916,5983.5,5985.5,5972.5,5981.5,193164,ES.v.0
2025-06-03 20:00:00+00:00,34,1,4916,5981.75,5982.75,5975.75,5980.25,44992,ES.v.0
2025-06-03 22:00:00+00:00,34,1,4916,5980.0,5987.25,5979.25,5983.75,4015,ES.v.0
2025-06-03 23:00:00+00:00,34,1,4916,5983.75,5986.5,5980.75,5983.5,3700,ES.v.0
2025-06-04 00:00:00+00:00,34,1,4916,5983.5,5988.0,5980.75,5982.5,5662,ES.v.0
2025-06-04 01:00:00+00:00,34,1,4916,5982.5,5985.0,5976.5,5978.75,5916,ES.v.0
2025-06-04 02:00:00+00:00,34,1,4916,5979.0,5979.25,5975.25,5975.75,5151,ES.v.0
2025-06-04 03:00:00+00:00,34,1,4916,5975.75,5977.5,5974.75,5977.0,3353,ES.v.0
2025-06-04 04:00:00+00:00,34,1,4916,5977.0,5980.0,5975.0,5976.0,2853,ES.v.0
2025-06-04 05:00:00+00:00,34,1,4916,5976.0,5980.0,5975.25,5979.5,3573,ES.v.0
2025-06-04 06:00:00+00:00,34,1,4916,5979.75,5984.5,5977.25,5980.5,7865,ES.v.0
2025-06-04 07:00:00+00:00,34,1,4916,5980.75,5989.5,5977.5,5989.0,9929,ES.v.0
2025-06-04 08:00:00+00:00,34,1,4916,5989.0,5996.0,5988.25,5988.5,13527,ES.v.0
2025-06-04 09:00:00+00:00,34,1,4916,5988.75,5994.25,5987.5,5992.25,8611,ES.v.0
2025-06-04 10:00:00+00:00,34,1,4916,5992.25,5996.75,5988.5,5994.25,9049,ES.v.0
2025-06-04 11:00:00+00:00,34,1,4916,5994.0,5995.0,5988.75,5992.75,9339,ES.v.0
2025-06-04 12:00:00+00:00,34,1,4916,5993.0,5996.5,5974.0,5982.25,42136,ES.v.0
2025-06-04 13:00:00+00:00,34,1,4916,5982.25,5998.75,5980.5,5995.0,120141,ES.v.0
2025-06-04 14:00:00+00:00,34,1,4916,5994.75,5997.25,5974.25,5994.75,212743,ES.v.0
2025-06-04 15:00:00+00:00,34,1,4916,5994.5,5998.25,5983.25,5988.0,125084,ES.v.0
2025-06-04 16:00:00+00:00,34,1,4916,5988.0,5989.0,5977.0,5986.75,101024,ES.v.0
2025-06-04 17:00:00+00:00,34,1,4916,5986.75,5996.25,5986.75,5995.0,66228,ES.v.0
2025-06-04 18:00:00+00:00,34,1,4916,5995.25,5999.0,5987.5,5989.5,75308,ES.v.0
2025-06-04 19:00:00+00:00,34,1,4916,5989.5,5992.0,5978.0,5978.25,171012,ES.v.0
2025-06-04 20:00:00+00:00,34,1,4916,5978.25,5980.5,5975.25,5976.75,40454,ES.v.0
2025-06-04 22:00:00+00:00,34,1,4916,5974.25,5981.0,5972.25,5976.25,5213,ES.v.0
2025-06-04 23:00:00+00:00,34,1,4916,5976.25,5978.0,5973.0,5974.0,3231,ES.v.0
2025-06-05 00:00:00+00:00,34,1,4916,5974.25,5981.0,5973.75,5976.5,4688,ES.v.0
2025-06-05 01:00:00+00:00,34,1,4916,5976.5,5979.0,5973.25,5978.5,4973,ES.v.0
2025-06-05 02:00:00+00:00,34,1,4916,5978.5,5979.0,5973.0,5975.0,3706,ES.v.0
2025-06-05 03:00:00+00:00,34,1,4916,5975.0,5977.5,5974.25,5976.5,3037,ES.v.0
2025-06-05 04:00:00+00:00,34,1,4916,5976.75,5978.75,5976.0,5977.75,2546,ES.v.0
2025-06-05 05:00:00+00:00,34,1,4916,5977.75,5978.0,5973.0,5975.25,3927,ES.v.0
2025-06-05 06:00:00+00:00,34,1,4916,5975.0,5976.25,5972.25,5974.75,4051,ES.v.0
2025-06-05 07:00:00+00:00,34,1,4916,5974.75,5994.0,5974.75,5990.75,16010,ES.v.0
2025-06-05 08:00:00+00:00,34,1,4916,5990.75,5996.5,5984.0,5987.0,11596,ES.v.0
2025-06-05 09:00:00+00:00,34,1,4916,5987.25,5988.0,5982.0,5984.0,8961,ES.v.0
2025-06-05 10:00:00+00:00,34,1,4916,5983.75,5989.5,5978.75,5983.25,8723,ES.v.0
2025-06-05 11:00:00+00:00,34,1,4916,5983.0,5984.75,5977.25,5982.0,10503,ES.v.0
2025-06-05 12:00:00+00:00,34,1,4916,5982.0,6016.5,5971.0,5991.5,63604,ES.v.0
2025-06-05 13:00:00+00:00,34,1,4916,5991.75,5997.75,5957.5,5961.25,155755,ES.v.0
2025-06-05 14:00:00+00:00,34,1,4916,5961.5,5994.75,5958.0,5991.5,223529,ES.v.0
2025-06-05 15:00:00+00:00,34,1,4916,5991.5,6009.0,5989.25,6006.5,119945,ES.v.0
2025-06-05 16:00:00+00:00,34,1,4916,6006.25,6008.25,5960.75,5965.75,184634,ES.v.0
2025-06-05 17:00:00+00:00,34,1,4916,5966.0,5988.0,5961.25,5976.5,132458,ES.v.0
2025-06-05 18:00:00+00:00,34,1,4916,5976.75,5979.25,5948.75,5971.0,182128,ES.v.0
2025-06-05 19:00:00+00:00,34,1,4916,5970.75,5973.5,5928.75,5947.75,311645,ES.v.0
2025-06-05 20:00:00+00:00,34,1,4916,5948.0,5955.5,5939.0,5939.75,46769,ES.v.0
2025-06-05 22:00:00+00:00,34,1,4916,5931.75,5948.0,5930.0,5947.25,8935,ES.v.0
2025-06-05 23:00:00+00:00,34,1,4916,5947.5,5952.75,5943.75,5947.0,6309,ES.v.0
2025-06-06 00:00:00+00:00,34,1,4916,5946.75,5957.0,5946.75,5954.0,7461,ES.v.0
2025-06-06 01:00:00+00:00,34,1,4916,5954.0,5959.5,5951.5,5956.0,5846,ES.v.0
2025-06-06 02:00:00+00:00,34,1,4916,5955.75,5956.75,5952.5,5955.5,3860,ES.v.0
2025-06-06 03:00:00+00:00,34,1,4916,5955.25,5961.75,5953.75,5959.5,4516,ES.v.0
2025-06-06 04:00:00+00:00,34,1,4916,5959.75,5967.25,5958.0,5967.0,4512,ES.v.0
2025-06-06 05:00:00+00:00,34,1,4916,5966.75,5970.75,5966.25,5968.0,4626,ES.v.0
2025-06-06 06:00:00+00:00,34,1,4916,5968.25,5974.75,5963.5,5971.75,8031,ES.v.0
2025-06-06 07:00:00+00:00,34,1,4916,5971.75,5974.0,5967.5,5970.0,9332,ES.v.0
2025-06-06 08:00:00+00:00,34,1,4916,5970.0,5972.25,5965.0,5970.25,7027,ES.v.0
2025-06-06 09:00:00+00:00,34,1,4916,5970.5,5974.25,5967.75,5972.75,5811,ES.v.0
2025-06-06 10:00:00+00:00,34,1,4916,5973.0,5974.25,5966.75,5967.25,6845,ES.v.0
2025-06-06 11:00:00+00:00,34,1,4916,5967.5,5972.25,5962.5,5969.5,12396,ES.v.0
2025-06-06 12:00:00+00:00,34,1,4916,5969.5,5997.5,5969.0,5993.5,59547,ES.v.0
2025-06-06 13:00:00+00:00,34,1,4916,5993.25,6025.0,5990.25,6019.5,190626,ES.v.0
2025-06-06 14:00:00+00:00,34,1,4916,6019.75,6021.5,6002.75,6009.5,166206,ES.v.0
2025-06-06 15:00:00+00:00,34,1,4916,6009.5,6020.25,5988.75,6003.25,175824,ES.v.0
2025-06-06 16:00:00+00:00,34,1,4916,6003.5,6010.25,5984.5,5992.25,109907,ES.v.0
2025-06-06 17:00:00+00:00,34,1,4916,5992.25,6006.75,5987.25,6005.5,80579,ES.v.0
2025-06-06 18:00:00+00:00,34,1,4916,6005.75,6020.75,6005.5,6013.5,118348,ES.v.0
2025-06-06 19:00:00+00:00,34,1,4916,6013.5,6017.25,6005.25,6006.5,177714,ES.v.0
2025-06-06 20:00:00+00:00,34,1,4916,6006.75,6012.25,6004.5,6010.0,38547,ES.v.0
2025-06-08 22:00:00+00:00,34,1,4916,6010.0,6015.75,5995.0,5997.75,9763,ES.v.0
2025-06-08 23:00:00+00:00,34,1,4916,5997.75,6005.5,5995.25,6003.0,4805,ES.v.0
2025-06-09 00:00:00+00:00,34,1,4916,6003.25,6006.5,5999.0,5999.5,5251,ES.v.0
2025-06-09 01:00:00+00:00,34,1,4916,5999.75,6000.0,5995.25,5997.75,3613,ES.v.0
2025-06-09 02:00:00+00:00,34,1,4916,5997.75,6000.5,5992.75,5996.5,4584,ES.v.0
2025-06-09 03:00:00+00:00,34,1,4916,5996.5,5996.5,5992.25,5996.25,3214,ES.v.0
2025-06-09 04:00:00+00:00,34,1,4916,5996.5,5999.25,5994.5,5998.5,3833,ES.v.0
2025-06-09 05:00:00+00:00,34,1,4916,5998.25,5998.75,5994.5,5998.5,3782,ES.v.0
2025-06-09 06:00:00+00:00,34,1,4916,5998.5,6005.25,5995.25,6005.25,6318,ES.v.0
2025-06-09 07:00:00+00:00,34,1,4916,6005.0,6010.75,6000.25,6010.75,8816,ES.v.0
2025-06-09 08:00:00+00:00,34,1,4916,6010.5,6015.75,6005.75,6014.25,9060,ES.v.0
2025-06-09 09:00:00+00:00,34,1,4916,6014.5,6014.75,6010.0,6010.75,4459,ES.v.0
2025-06-09 10:00:00+00:00,34,1,4916,6010.25,6012.0,6006.5,6009.0,4627,ES.v.0
2025-06-09 11:00:00+00:00,34,1,4916,6008.75,6019.75,6008.5,6016.0,12984,ES.v.0
2025-06-09 12:00:00+00:00,34,1,4916,6016.0,6017.75,6011.5,6013.25,13965,ES.v.0
2025-06-09 13:00:00+00:00,34,1,4916,6013.5,6016.5,6000.0,6004.5,101154,ES.v.0
2025-06-09 14:00:00+00:00,34,1,4916,6004.5,6019.5,6003.0,6010.25,120818,ES.v.0
2025-06-09 15:00:00+00:00,34,1,4916,6010.5,6015.5,6005.75,6014.0,70272,ES.v.0
2025-06-09 16:00:00+00:00,34,1,4916,6014.0,6026.5,6009.0,6022.0,77443,ES.v.0
2025-06-09 17:00:00+00:00,34,1,4916,6022.25,6027.5,6016.25,6024.75,76726,ES.v.0
2025-06-09 18:00:00+00:00,34,1,4916,6024.75,6027.75,6018.75,6025.25,61030,ES.v.0
2025-06-09 19:00:00+00:00,34,1,4916,6025.0,6026.75,6008.5,6010.0,185297,ES.v.0
2025-06-09 20:00:00+00:00,34,1,4916,6010.0,6012.25,6007.0,6012.0,38810,ES.v.0
2025-06-09 22:00:00+00:00,34,1,4916,6012.25,6017.0,6012.0,6012.25,3443,ES.v.0
2025-06-09 23:00:00+00:00,34,1,4916,6012.5,6014.75,6012.25,6013.5,1895,ES.v.0
2025-06-10 00:00:00+00:00,34,1,4916,6013.5,6021.0,6009.0,6019.5,5862,ES.v.0
2025-06-10 01:00:00+00:00,34,1,4916,6019.25,6040.75,6019.25,6038.75,17991,ES.v.0
2025-06-10 02:00:00+00:00,34,1,4916,6039.0,6040.75,6035.25,6037.75,6610,ES.v.0
2025-06-10 03:00:00+00:00,34,1,4916,6037.5,6039.0,6034.5,6035.5,3269,ES.v.0
2025-06-10 04:00:00+00:00,34,1,4916,6035.5,6036.0,6029.75,6030.75,3656,ES.v.0
2025-06-10 05:00:00+00:00,34,1,4916,6030.75,6033.75,5997.0,6012.75,25748,ES.v.0
2025-06-10 06:00:00+00:00,34,1,4916,6012.75,6015.25,6006.25,6008.0,9406,ES.v.0
2025-06-10 07:00:00+00:00,34,1,4916,6008.25,6011.75,5991.25,6004.75,17404,ES.v.0
2025-06-10 08:00:00+00:00,34,1,4916,6005.0,6010.5,5996.75,6008.25,11156,ES.v.0
2025-06-10 09:00:00+00:00,34,1,4916,6008.0,6014.0,6006.5,6011.75,6423,ES.v.0
2025-06-10 10:00:00+00:00,34,1,4916,6011.75,6017.75,6011.5,6015.25,6396,ES.v.0
2025-06-10 11:00:00+00:00,34,1,4916,6015.5,6019.25,6007.5,6019.0,12835,ES.v.0
2025-06-10 12:00:00+00:00,34,1,4916,6019.0,6022.25,6016.75,6019.0,16450,ES.v.0
2025-06-10 13:00:00+00:00,34,1,4916,6019.0,6025.5,6014.25,6019.75,101867,ES.v.0
2025-06-10 14:00:00+00:00,34,1,4916,6020.0,6030.75,6019.25,6025.0,115077,ES.v.0
2025-06-10 15:00:00+00:00,34,1,4916,6025.0,6029.5,6005.0,6027.0,139435,ES.v.0
2025-06-10 16:00:00+00:00,34,1,4916,6027.0,6037.5,6026.5,6036.0,78725,ES.v.0
2025-06-10 17:00:00+00:00,34,1,4916,6036.25,6041.25,6027.0,6027.5,76576,ES.v.0
2025-06-10 18:00:00+00:00,34,1,4916,6027.75,6044.5,6015.25,6038.75,115841,ES.v.0
2025-06-10 19:00:00+00:00,34,1,4916,6038.5,6049.5,6030.25,6045.0,180486,ES.v.0
2025-06-10 20:00:00+00:00,34,1,4916,6045.25,6045.75,6037.5,6040.5,43675,ES.v.0
2025-06-10 22:00:00+00:00,34,1,4916,6038.75,6048.0,6038.25,6045.5,5297,ES.v.0
2025-06-10 23:00:00+00:00,34,1,4916,6045.75,6052.25,6032.25,6041.5,12982,ES.v.0
2025-06-11 00:00:00+00:00,34,1,4916,6041.5,6044.0,6032.0,6032.5,8876,ES.v.0
2025-06-11 01:00:00+00:00,34,1,4916,6032.5,6035.0,6024.25,6029.5,7938,ES.v.0
2025-06-11 02:00:00+00:00,34,1,4916,6029.5,6030.0,6026.0,6026.75,3292,ES.v.0
2025-06-11 03:00:00+00:00,34,1,4916,6026.75,6029.5,6025.25,6029.0,3054,ES.v.0
2025-06-11 04:00:00+00:00,34,1,4916,6029.0,6032.5,6023.0,6023.5,3922,ES.v.0
2025-06-11 05:00:00+00:00,34,1,4916,6023.75,6029.0,6021.5,6025.25,4395,ES.v.0
2025-06-11 06:00:00+00:00,34,1,4916,6025.25,6029.5,6023.25,6027.25,5941,ES.v.0
2025-06-11 07:00:00+00:00,34,1,4916,6027.25,6034.5,6024.75,6033.0,9689,ES.v.0
2025-06-11 08:00:00+00:00,34,1,4916,6033.25,6042.5,6031.75,6038.0,11261,ES.v.0
2025-06-11 09:00:00+00:00,34,1,4916,6038.0,6039.0,6031.5,6031.75,8834,ES.v.0
2025-06-11 10:00:00+00:00,34,1,4916,6032.0,6037.5,6030.5,6035.75,9858,ES.v.0
2025-06-11 11:00:00+00:00,34,1,4916,6035.75,6039.25,6024.5,6037.0,18301,ES.v.0
2025-06-11 12:00:00+00:00,34,1,4916,6037.25,6074.75,6026.5,6059.0,98649,ES.v.0
2025-06-11 13:00:00+00:00,34,1,4916,6059.25,6061.5,6035.75,6050.25,179535,ES.v.0
2025-06-11 14:00:00+00:00,34,1,4916,6050.25,6064.75,6046.5,6061.25,148412,ES.v.0
2025-06-11 15:00:00+00:00,34,1,4916,6061.5,6064.25,6046.0,6049.75,138392,ES.v.0
2025-06-11 16:00:00+00:00,34,1,4916,6050.0,6052.75,6033.5,6048.25,139399,ES.v.0
2025-06-11 17:00:00+00:00,34,1,4916,6048.0,6058.5,6037.5,6039.0,109125,ES.v.0
2025-06-11 18:00:00+00:00,34,1,4916,6039.0,6041.75,6006.25,6022.25,259084,ES.v.0
2025-06-11 19:00:00+00:00,34,1,4916,6022.0,6030.5,6011.0,6028.5,240976,ES.v.0
2025-06-11 20:00:00+00:00,34,1,4916,6028.5,6034.75,6024.75,6028.0,41918,ES.v.0
2025-06-11 22:00:00+00:00,34,1,4916,6022.25,6032.0,6016.0,6018.75,9839,ES.v.0
2025-06-11 23:00:00+00:00,34,1,4916,6018.5,6024.75,6014.75,6018.5,6666,ES.v.0
2025-06-12 00:00:00+00:00,34,1,4916,6018.75,6020.5,6004.75,6008.75,14043,ES.v.0
2025-06-12 01:00:00+00:00,34,1,4916,6009.0,6013.25,5997.0,6004.5,14381,ES.v.0
2025-06-12 02:00:00+00:00,34,1,4916,6004.75,6006.25,6001.0,6003.75,5112,ES.v.0
2025-06-12 03:00:00+00:00,34,1,4916,6004.0,6012.75,6003.5,6008.75,4478,ES.v.0
2025-06-12 04:00:00+00:00,34,1,4916,6009.0,6013.75,6007.25,6013.0,2894,ES.v.0
2025-06-12 05:00:00+00:00,34,1,4916,6013.0,6016.5,6007.0,6013.25,6257,ES.v.0
2025-06-12 06:00:00+00:00,34,1,4916,6013.0,6017.75,6008.5,6016.25,7371,ES.v.0
2025-06-12 07:00:00+00:00,34,1,4916,6016.5,6020.5,5996.0,5999.25,18026,ES.v.0
2025-06-12 08:00:00+00:00,34,1,4916,5999.25,6005.5,5987.75,6004.25,20824,ES.v.0
2025-06-12 09:00:00+00:00,34,1,4916,6004.5,6011.5,6001.0,6003.0,11296,ES.v.0
2025-06-12 10:00:00+00:00,34,1,4916,6002.75,6005.0,5994.0,6000.5,14222,ES.v.0
2025-06-12 11:00:00+00:00,34,1,4916,6000.5,6002.0,5989.75,5991.0,17396,ES.v.0
2025-06-12 12:00:00+00:00,34,1,4916,5991.0,6015.0,5990.0,6013.5,40361,ES.v.0
2025-06-12 13:00:00+00:00,34,1,4916,6013.75,6026.25,6008.5,6021.0,141814,ES.v.0
2025-06-12 14:00:00+00:00,34,1,4916,6021.0,6045.0,6019.75,6040.0,156161,ES.v.0
2025-06-12 15:00:00+00:00,34,1,4916,6040.25,6050.0,6029.0,6038.25,176970,ES.v.0
2025-06-12 16:00:00+00:00,34,1,4916,6038.0,6047.75,6032.5,6037.75,117152,ES.v.0
2025-06-12 17:00:00+00:00,34,1,4916,6038.0,6049.5,6037.0,6044.75,72109,ES.v.0
2025-06-12 18:00:00+00:00,34,1,4916,6044.75,6048.0,6037.5,6047.0,80016,ES.v.0
2025-06-12 19:00:00+00:00,34,1,4916,6046.75,6051.0,6037.25,6050.5,157909,ES.v.0
2025-06-12 20:00:00+00:00,34,1,4916,6050.75,6051.25,6042.5,6042.5,46288,ES.v.0
2025-06-12 22:00:00+00:00,34,1,4916,6045.0,6045.0,6032.25,6037.0,6992,ES.v.0
2025-06-12 23:00:00+00:00,34,1,4916,6037.0,6038.25,6014.25,6014.5,11636,ES.v.0
2025-06-13 00:00:00+00:00,34,1,4916,6014.5,6015.75,5950.0,5959.5,99403,ES.v.0
2025-06-13 01:00:00+00:00,34,1,4916,5959.75,5967.25,5937.75,5966.0,44048,ES.v.0
2025-06-13 02:00:00+00:00,34,1,4916,5965.75,5966.0,5927.5,5947.25,32628,ES.v.0
2025-06-13 03:00:00+00:00,34,1,4916,5947.5,5963.0,5943.75,5961.25,19956,ES.v.0
2025-06-13 04:00:00+00:00,34,1,4916,5961.25,5962.0,5946.75,5954.5,11667,ES.v.0
2025-06-13 05:00:00+00:00,34,1,4916,5954.5,5962.0,5949.5,5961.75,12586,ES.v.0
2025-06-13 06:00:00+00:00,34,1,4916,5962.0,5970.0,5955.5,5968.75,24553,ES.v.0
2025-06-13 07:00:00+00:00,34,1,4916,5968.75,5977.25,5961.25,5974.25,28110,ES.v.0
2025-06-13 08:00:00+00:00,34,1,4916,5974.0,5985.75,5969.75,5974.75,23809,ES.v.0
2025-06-13 09:00:00+00:00,34,1,4916,5974.75,5985.25,5968.5,5979.25,24240,ES.v.0
2025-06-13 10:00:00+00:00,34,1,4916,5979.0,5988.75,5974.0,5987.5,21725,ES.v.0
2025-06-13 11:00:00+00:00,34,1,4916,5987.75,5998.0,5986.0,5995.5,27012,ES.v.0
2025-06-13 12:00:00+00:00,34,1,4916,5995.5,6001.75,5989.25,5991.75,35056,ES.v.0
2025-06-13 13:00:00+00:00,34,1,4916,5992.0,6014.75,5983.25,5990.0,155024,ES.v.0
2025-06-13 14:00:00+00:00,34,1,4916,5990.75,6005.25,5977.25,6002.25,185752,ES.v.0
2025-06-13 15:00:00+00:00,34,1,4916,6002.5,6028.25,6000.25,6023.75,150607,ES.v.0
2025-06-13 16:00:00+00:00,34,1,4916,6023.5,6029.75,6013.75,6021.75,84802,ES.v.0
2025-06-13 17:00:00+00:00,34,1,4916,6021.5,6023.0,6000.5,6008.75,92829,ES.v.0
2025-06-13 18:00:00+00:00,34,1,4916,6009.0,6013.75,5967.0,5982.75,164154,ES.v.0
2025-06-13 19:00:00+00:00,34,1,4916,5982.75,5987.75,5965.25,5980.0,210919,ES.v.0
2025-06-13 20:00:00+00:00,34,1,4916,5980.25,5988.0,5976.5,5978.25,50512,ES.v.0
2025-06-15 22:00:00+00:00,34,1,4916,5949.0,5986.25,5944.0,5978.0,17090,ES.v.0
2025-06-15 23:00:00+00:00,34,1,4916,5978.25,5990.5,5971.25,5988.25,6997,ES.v.0
2025-06-16 00:00:00+00:00,34,1,4916,5988.0,5990.5,5982.75,5988.75,6390,ES.v.0
2025-06-16 01:00:00+00:00,34,1,4916,5989.0,5990.5,5984.25,5988.25,3325,ES.v.0
2025-06-16 02:00:00+00:00,34,1,4916,5988.0,5996.25,5986.5,5991.5,3773,ES.v.0
2025-06-16 03:00:00+00:00,34,1,4916,5991.25,5991.75,5985.5,5987.25,2139,ES.v.0
2025-06-16 04:00:00+00:00,34,1,4916,5987.0,5989.5,5985.5,5986.75,1812,ES.v.0
2025-06-16 05:00:00+00:00,34,1,4916,5987.0,5997.75,5986.75,5994.0,3098,ES.v.0
2025-06-16 06:00:00+00:00,34,1,4916,5993.75,6004.25,5993.0,6003.0,6509,ES.v.0
2025-06-16 07:00:00+00:00,34,1,4916,6003.25,6015.5,6002.5,6013.25,11748,ES.v.0
2025-06-16 08:00:00+00:00,34,1,4916,6013.25,6014.0,6005.25,6012.75,7919,ES.v.0
2025-06-16 09:00:00+00:00,34,1,4916,6012.5,6013.75,6000.5,6003.75,7459,ES.v.0
2025-06-16 10:00:00+00:00,34,1,4916,6003.5,6012.25,6002.75,6012.0,6828,ES.v.0
2025-06-16 11:00:00+00:00,34,1,4916,6012.25,6019.25,6005.0,6018.0,8608,ES.v.0
2025-06-16 12:00:00+00:00,34,1,4916,6018.0,6024.25,6015.75,6017.75,11701,ES.v.0
2025-06-16 13:00:00+00:00,34,1,4916,6017.5,6044.75,6013.5,6041.25,83879,ES.v.0
2025-06-16 14:00:00+00:00,34,1,4916,6041.25,6055.25,6040.5,6050.0,78983,ES.v.0
2025-06-16 15:00:00+00:00,34,1,4916,6050.0,6051.75,6038.5,6042.0,53603,ES.v.0
2025-06-16 16:00:00+00:00,34,1,4916,6042.25,6047.5,6035.5,6038.25,34368,ES.v.0
2025-06-16 17:00:00+00:00,34,1,4916,6038.0,6047.75,6031.75,6033.75,45971,ES.v.0
2025-06-16 18:00:00+00:00,34,1,4916,6033.75,6039.5,6029.0,6035.75,32240,ES.v.0
2025-06-16 19:00:00+00:00,34,1,4916,6035.5,6038.5,6027.0,6038.0,81426,ES.v.0
2025-06-16 20:00:00+00:00,34,1,4916,6037.75,6042.75,6036.25,6037.5,25816,ES.v.0
2025-06-16 22:00:00+00:00,34,1,4916,6038.5,6040.5,6013.25,6018.25,7364,ES.v.0
2025-06-16 23:00:00+00:00,34,1,4916,6018.5,6026.25,5999.0,5999.25,12230,ES.v.0
2025-06-17 00:00:00+00:00,34,1,4916,5999.25,6017.5,5997.75,6016.75,9490,ES.v.0
2025-06-17 01:00:00+00:00,34,1,4916,6016.75,6020.0,6006.75,6014.0,3984,ES.v.0
2025-06-17 02:00:00+00:00,34,1,4916,6014.25,6023.5,6000.5,6022.5,6546,ES.v.0
2025-06-17 03:00:00+00:00,34,1,4916,6022.25,6022.75,6010.25,6015.25,2688,ES.v.0
2025-06-17 04:00:00+00:00,34,1,4916,6015.5,6019.25,6008.75,6012.0,1469,ES.v.0
2025-06-17 05:00:00+00:00,34,1,4916,6012.25,6017.75,6008.5,6014.5,2483,ES.v.0
2025-06-17 06:00:00+00:00,34,1,4916,6014.5,6021.5,6007.25,6009.25,3735,ES.v.0
2025-06-17 07:00:00+00:00,34,1,4916,6009.5,6015.25,5992.25,6000.25,9482,ES.v.0
2025-06-17 08:00:00+00:00,34,1,4916,6000.25,6012.5,5996.5,6007.5,7507,ES.v.0
2025-06-17 09:00:00+00:00,34,1,4916,6007.75,6012.5,5997.0,6000.5,5078,ES.v.0
2025-06-17 10:00:00+00:00,34,1,4916,6000.25,6005.5,5991.25,6002.75,5785,ES.v.0
2025-06-17 11:00:00+00:00,34,1,4916,6002.5,6013.5,6000.75,6012.75,5347,ES.v.0
2025-06-17 12:00:00+00:00,34,1,4916,6012.75,6017.25,6004.5,6006.0,7522,ES.v.0
2025-06-17 13:00:00+00:00,34,1,4916,6006.25,6019.0,6003.0,6018.0,27187,ES.v.0
2025-06-17 14:00:00+00:00,34,1,4916,6018.0,6026.25,6012.75,6014.25,20225,ES.v.0
2025-06-17 15:00:00+00:00,34,1,4916,6014.0,6027.0,6011.75,6016.5,17722,ES.v.0
2025-06-17 16:00:00+00:00,34,1,4916,6016.75,6025.5,6004.25,6007.5,19275,ES.v.0
2025-06-17 17:00:00+00:00,34,1,4916,6007.25,6011.5,5984.75,5989.5,27472,ES.v.0
2025-06-17 18:00:00+00:00,34,1,4916,5989.5,5991.25,5976.75,5990.5,25634,ES.v.0
2025-06-17 19:00:00+00:00,34,1,4916,5990.5,5997.75,5982.0,5985.0,36287,ES.v.0
2025-06-17 20:00:00+00:00,34,1,4916,5984.75,5991.25,5980.0,5984.5,12982,ES.v.0
2025-06-17 22:00:00+00:00,34,1,4916,5977.25,5983.0,5965.0,5966.5,2777,ES.v.0
2025-06-17 23:00:00+00:00,34,1,4916,5966.5,5976.0,5964.75,5971.0,2727,ES.v.0
2025-06-18 00:00:00+00:00,34,1,14160,6024.75,6045.0,6024.5,6043.0,12130,ES.v.0
2025-06-18 01:00:00+00:00,34,1,14160,6042.75,6049.25,6039.75,6041.75,6662,ES.v.0
2025-06-18 02:00:00+00:00,34,1,14160,6042.25,6048.25,6039.75,6042.5,3468,ES.v.0
2025-06-18 03:00:00+00:00,34,1,14160,6042.5,6044.0,6040.25,6041.0,2946,ES.v.0
2025-06-18 04:00:00+00:00,34,1,14160,6040.75,6045.25,6036.5,6043.25,2959,ES.v.0
2025-06-18 05:00:00+00:00,34,1,14160,6043.25,6047.75,6043.0,6045.75,2878,ES.v.0
2025-06-18 06:00:00+00:00,34,1,14160,6045.75,6057.0,6044.25,6049.5,7533,ES.v.0
2025-06-18 07:00:00+00:00,34,1,14160,6049.5,6057.0,6048.75,6052.0,8512,ES.v.0
2025-06-18 08:00:00+00:00,34,1,14160,6052.0,6056.25,6048.0,6055.0,7871,ES.v.0
2025-06-18 09:00:00+00:00,34,1,14160,6055.0,6062.75,6054.5,6055.0,8714,ES.v.0
2025-06-18 10:00:00+00:00,34,1,14160,6054.75,6055.5,6034.5,6036.0,14948,ES.v.0
2025-06-18 11:00:00+00:00,34,1,14160,6035.75,6053.75,6034.5,6048.0,18550,ES.v.0
2025-06-18 12:00:00+00:00,34,1,14160,6048.0,6051.0,6041.0,6042.0,16305,ES.v.0
2025-06-18 13:00:00+00:00,34,1,14160,6042.25,6057.0,6034.5,6052.5,112572,ES.v.0
2025-06-18 14:00:00+00:00,34,1,14160,6052.25,6073.75,6048.25,6070.0,156613,ES.v.0
2025-06-18 15:00:00+00:00,34,1,14160,6070.0,6070.5,6057.5,6058.75,94398,ES.v.0
2025-06-18 16:00:00+00:00,34,1,14160,6059.0,6065.0,6055.0,6056.0,75679,ES.v.0
2025-06-18 17:00:00+00:00,34,1,14160,6056.0,6061.75,6041.5,6058.25,93332,ES.v.0
2025-06-18 18:00:00+00:00,34,1,14160,6058.25,6072.25,6028.25,6034.25,162274,ES.v.0
2025-06-18 19:00:00+00:00,34,1,14160,6034.0,6051.25,6026.25,6035.5,246346,ES.v.0
2025-06-18 20:00:00+00:00,34,1,14160,6035.5,6043.5,6034.75,6036.0,38564,ES.v.0
2025-06-18 22:00:00+00:00,34,1,14160,6038.25,6038.25,6026.5,6031.25,6446,ES.v.0
2025-06-18 23:00:00+00:00,34,1,14160,6031.0,6034.75,6028.5,6033.75,3750,ES.v.0
2025-06-19 00:00:00+00:00,34,1,14160,6033.75,6034.75,6013.75,6023.5,8605,ES.v.0
2025-06-19 01:00:00+00:00,34,1,14160,6023.5,6024.0,5999.75,6013.75,17662,ES.v.0
2025-06-19 02:00:00+00:00,34,1,14160,6013.5,6021.0,6010.25,6016.0,4284,ES.v.0
2025-06-19 03:00:00+00:00,34,1,14160,6016.25,6026.5,6016.25,6025.0,3365,ES.v.0
2025-06-19 04:00:00+00:00,34,1,14160,6024.75,6028.75,6022.75,6028.0,2577,ES.v.0
2025-06-19 05:00:00+00:00,34,1,14160,6027.75,6027.75,6015.0,6016.0,3368,ES.v.0
2025-06-19 06:00:00+00:00,34,1,14160,6015.75,6020.0,6008.5,6016.0,9127,ES.v.0
2025-06-19 07:00:00+00:00,34,1,14160,6016.25,6019.25,5995.75,5998.75,11980,ES.v.0
2025-06-19 08:00:00+00:00,34,1,14160,5999.25,6010.75,5999.0,6008.75,9051,ES.v.0
2025-06-19 09:00:00+00:00,34,1,14160,6008.5,6014.5,6008.0,6009.5,5519,ES.v.0
2025-06-19 10:00:00+00:00,34,1,14160,6009.25,6015.0,6004.25,6012.25,5255,ES.v.0
2025-06-19 11:00:00+00:00,34,1,14160,6012.25,6013.25,5998.75,6004.0,7172,ES.v.0
2025-06-19 12:00:00+00:00,34,1,14160,6004.0,6008.5,5989.25,5992.75,13084,ES.v.0
2025-06-19 13:00:00+00:00,34,1,14160,5992.75,5999.5,5969.5,5978.25,32596,ES.v.0
2025-06-19 14:00:00+00:00,34,1,14160,5978.25,5988.0,5976.0,5985.75,31828,ES.v.0
2025-06-19 15:00:00+00:00,34,1,14160,5986.0,5990.0,5973.0,5974.25,38763,ES.v.0
2025-06-19 16:00:00+00:00,34,1,14160,5974.0,5986.75,5974.0,5978.25,13621,ES.v.0
2025-06-19 22:00:00+00:00,34,1,14160,5994.0,6025.5,5991.5,6019.25,18495,ES.v.0
2025-06-19 23:00:00+00:00,34,1,14160,6019.25,6022.0,6014.25,6017.25,5744,ES.v.0
2025-06-20 00:00:00+00:00,34,1,14160,6017.0,6029.0,6016.0,6018.75,8807,ES.v.0
2025-06-20 01:00:00+00:00,34,1,14160,6019.0,6020.75,6006.75,6013.25,8725,ES.v.0
2025-06-20 02:00:00+00:00,34,1,14160,6013.5,6019.75,6011.5,6017.25,3326,ES.v.0
2025-06-20 03:00:00+00:00,34,1,14160,6017.25,6024.25,6015.25,6021.0,3827,ES.v.0
2025-06-20 04:00:00+00:00,34,1,14160,6020.75,6025.25,6019.25,6022.25,2693,ES.v.0
2025-06-20 05:00:00+00:00,34,1,14160,6022.0,6025.5,6017.5,6025.5,4663,ES.v.0
2025-06-20 06:00:00+00:00,34,1,14160,6025.25,6030.75,6018.0,6021.25,10907,ES.v.0
2025-06-20 07:00:00+00:00,34,1,14160,6021.0,6029.5,6016.5,6027.5,9873,ES.v.0
2025-06-20 08:00:00+00:00,34,1,14160,6027.75,6033.5,6011.75,6013.0,13984,ES.v.0
2025-06-20 09:00:00+00:00,34,1,14160,6013.25,6025.25,6013.0,6023.75,7515,ES.v.0
2025-06-20 10:00:00+00:00,34,1,14160,6023.75,6025.5,6017.75,6022.5,6955,ES.v.0
2025-06-20 11:00:00+00:00,34,1,14160,6022.5,6049.0,6021.75,6036.75,28123,ES.v.0
2025-06-20 12:00:00+00:00,34,1,14160,6036.75,6055.75,6036.25,6053.5,36573,ES.v.0
2025-06-20 13:00:00+00:00,34,1,14160,6053.5,6071.0,6047.5,6049.5,181046,ES.v.0
2025-06-20 14:00:00+00:00,34,1,14160,6049.5,6052.0,6015.25,6019.25,208847,ES.v.0
2025-06-20 15:00:00+00:00,34,1,14160,6019.0,6039.75,6010.25,6022.75,147226,ES.v.0
2025-06-20 16:00:00+00:00,34,1,14160,6023.0,6032.75,6017.75,6029.0,98533,ES.v.0
2025-06-20 17:00:00+00:00,34,1,14160,6029.0,6035.5,6003.25,6015.75,126669,ES.v.0
2025-06-20 18:00:00+00:00,34,1,14160,6015.5,6029.0,6008.75,6011.5,95993,ES.v.0
2025-06-20 19:00:00+00:00,34,1,14160,6011.25,6024.75,6007.25,6016.75,210888,ES.v.0
2025-06-20 20:00:00+00:00,34,1,14160,6017.0,6032.5,6013.25,6025.0,64373,ES.v.0
2025-06-22 22:00:00+00:00,34,1,14160,5964.0,6007.75,5959.0,6001.0,35177,ES.v.0
2025-06-22 23:00:00+00:00,34,1,14160,6000.75,6002.5,5993.25,5999.25,7392,ES.v.0
2025-06-23 00:00:00+00:00,34,1,14160,5999.25,5999.75,5989.0,5993.5,7749,ES.v.0
2025-06-23 01:00:00+00:00,34,1,14160,5993.75,5998.25,5990.0,5996.25,5756,ES.v.0
2025-06-23 02:00:00+00:00,34,1,14160,5996.25,6002.5,5995.75,6000.25,4459,ES.v.0
2025-06-23 03:00:00+00:00,34,1,14160,6000.0,6003.5,5999.25,6002.0,3178,ES.v.0
2025-06-23 04:00:00+00:00,34,1,14160,6002.0,6003.75,6000.5,6001.75,2887,ES.v.0
2025-06-23 05:00:00+00:00,34,1,14160,6001.75,6012.25,6001.5,6009.0,5956,ES.v.0
2025-06-23 06:00:00+00:00,34,1,14160,6009.0,6015.75,6006.25,6011.25,7244,ES.v.0
2025-06-23 07:00:00+00:00,34,1,14160,6011.25,6030.0,6011.0,6028.25,16146,ES.v.0
2025-06-23 08:00:00+00:00,34,1,14160,6028.25,6039.25,6025.75,6033.0,14487,ES.v.0
2025-06-23 09:00:00+00:00,34,1,14160,6033.0,6038.0,6027.0,6029.25,9958,ES.v.0
2025-06-23 10:00:00+00:00,34,1,14160,6029.25,6038.0,6020.5,6021.5,17028,ES.v.0
2025-06-23 11:00:00+00:00,34,1,14160,6022.0,6023.5,6002.5,6012.75,18134,ES.v.0
2025-06-23 12:00:00+00:00,34,1,14160,6013.0,6027.75,6011.25,6026.75,16750,ES.v.0
2025-06-23 13:00:00+00:00,34,1,14160,6026.75,6041.75,6010.5,6041.5,123442,ES.v.0
2025-06-23 14:00:00+00:00,34,1,14160,6041.5,6058.25,6039.25,6039.75,156978,ES.v.0
2025-06-23 15:00:00+00:00,34,1,14160,6040.0,6052.0,6032.5,6033.5,111750,ES.v.0
2025-06-23 16:00:00+00:00,34,1,14160,6033.75,6036.0,5993.25,6010.75,235323,ES.v.0
2025-06-23 17:00:00+00:00,34,1,14160,6010.75,6069.75,6006.5,6061.5,194216,ES.v.0
2025-06-23 18:00:00+00:00,34,1,14160,6061.5,6067.5,6055.75,6061.25,85893,ES.v.0
2025-06-23 19:00:00+00:00,34,1,14160,6061.0,6081.5,6060.25,6076.75,173748,ES.v.0
2025-06-23 20:00:00+00:00,34,1,14160,6077.0,6079.0,6072.25,6077.5,45396,ES.v.0
2025-06-23 22:00:00+00:00,34,1,14160,6078.0,6105.5,6075.25,6101.5,24275,ES.v.0
2025-06-23 23:00:00+00:00,34,1,14160,6101.5,6113.0,6100.75,6108.5,12114,ES.v.0
2025-06-24 00:00:00+00:00,34,1,14160,6109.0,6111.25,6099.25,6107.0,12571,ES.v.0
2025-06-24 01:00:00+00:00,34,1,14160,6106.75,6116.5,6103.25,6115.0,7752,ES.v.0
2025-06-24 02:00:00+00:00,34,1,14160,6114.75,6115.25,6104.0,6107.5,8456,ES.v.0
2025-06-24 03:00:00+00:00,34,1,14160,6107.25,6112.75,6106.75,6111.75,4460,ES.v.0
2025-06-24 04:00:00+00:00,34,1,14160,6111.75,6112.75,6106.0,6111.5,4482,ES.v.0
2025-06-24 05:00:00+00:00,34,1,14160,6111.5,6124.5,6111.25,6122.5,7462,ES.v.0
2025-06-24 06:00:00+00:00,34,1,14160,6122.5,6139.5,6122.5,6137.5,18215,ES.v.0
2025-06-24 07:00:00+00:00,34,1,14160,6137.5,6143.75,6114.5,6125.75,34965,ES.v.0
2025-06-24 08:00:00+00:00,34,1,14160,6126.0,6131.5,6119.75,6125.5,16632,ES.v.0
2025-06-24 09:00:00+00:00,34,1,14160,6125.5,6136.0,6125.0,6127.5,9531,ES.v.0
2025-06-24 10:00:00+00:00,34,1,14160,6127.5,6130.0,6120.75,6123.25,11070,ES.v.0
2025-06-24 11:00:00+00:00,34,1,14160,6123.0,6128.25,6115.5,6124.75,18874,ES.v.0
2025-06-24 12:00:00+00:00,34,1,14160,6124.75,6127.0,6113.25,6119.25,22371,ES.v.0
2025-06-24 13:00:00+00:00,34,1,14160,6119.25,6130.25,6113.5,6116.5,120137,ES.v.0
2025-06-24 14:00:00+00:00,34,1,14160,6116.5,6129.75,6109.0,6125.75,131135,ES.v.0
2025-06-24 15:00:00+00:00,34,1,14160,6125.5,6138.25,6125.5,6134.25,101232,ES.v.0
2025-06-24 16:00:00+00:00,34,1,14160,6134.25,6148.75,6133.0,6143.25,75745,ES.v.0
2025-06-24 17:00:00+00:00,34,1,14160,6143.25,6150.5,6139.75,6148.5,75920,ES.v.0
2025-06-24 18:00:00+00:00,34,1,14160,6148.75,6151.5,6145.25,6149.75,55241,ES.v.0
2025-06-24 19:00:00+00:00,34,1,14160,6149.75,6155.25,6143.75,6143.75,186006,ES.v.0
2025-06-24 20:00:00+00:00,34,1,14160,6143.75,6146.25,6142.25,6143.5,42685,ES.v.0
2025-06-24 22:00:00+00:00,34,1,14160,6144.75,6144.75,6138.25,6141.0,5126,ES.v.0
2025-06-24 23:00:00+00:00,34,1,14160,6141.0,6147.5,6138.25,6146.0,3904,ES.v.0
2025-06-25 00:00:00+00:00,34,1,14160,6146.25,6148.75,6144.0,6147.75,4576,ES.v.0
2025-06-25 01:00:00+00:00,34,1,14160,6147.5,6147.5,6140.5,6141.75,4122,ES.v.0
2025-06-25 02:00:00+00:00,34,1,14160,6142.0,6143.25,6140.5,6142.5,2511,ES.v.0
2025-06-25 03:00:00+00:00,34,1,14160,6142.5,6146.5,6142.5,6143.25,2583,ES.v.0
2025-06-25 04:00:00+00:00,34,1,14160,6143.5,6148.0,6143.25,6148.0,1288,ES.v.0
2025-06-25 05:00:00+00:00,34,1,14160,6147.75,6149.75,6146.5,6148.25,3048,ES.v.0
2025-06-25 06:00:00+00:00,34,1,14160,6148.25,6149.75,6145.5,6145.5,4415,ES.v.0
2025-06-25 07:00:00+00:00,34,1,14160,6145.5,6149.0,6143.0,6146.5,8954,ES.v.0
2025-06-25 08:00:00+00:00,34,1,14160,6146.5,6148.5,6141.25,6148.0,8613,ES.v.0
2025-06-25 09:00:00+00:00,34,1,14160,6148.25,6151.75,6144.25,6144.5,7743,ES.v.0
2025-06-25 10:00:00+00:00,34,1,14160,6144.75,6149.5,6141.75,6147.5,9445,ES.v.0
2025-06-25 11:00:00+00:00,34,1,14160,6147.5,6156.75,6145.5,6156.0,13546,ES.v.0
2025-06-25 12:00:00+00:00,34,1,14160,6155.75,6157.25,6152.5,6157.0,15815,ES.v.0
2025-06-25 13:00:00+00:00,34,1,14160,6156.75,6160.25,6149.75,6157.0,109303,ES.v.0
2025-06-25 14:00:00+00:00,34,1,14160,6157.0,6159.5,6148.25,6153.0,129905,ES.v.0
2025-06-25 15:00:00+00:00,34,1,14160,6153.0,6153.5,6140.0,6144.75,101977,ES.v.0
2025-06-25 16:00:00+00:00,34,1,14160,6144.5,6148.5,6140.0,6143.0,61708,ES.v.0
2025-06-25 17:00:00+00:00,34,1,14160,6143.0,6147.25,6130.75,6138.5,92549,ES.v.0
2025-06-25 18:00:00+00:00,34,1,14160,6138.5,6141.5,6136.25,6140.0,58007,ES.v.0
2025-06-25 19:00:00+00:00,34,1,14160,6140.25,6149.75,6139.5,6147.5,171434,ES.v.0
2025-06-25 20:00:00+00:00,34,1,14160,6147.5,6148.0,6143.5,6146.0,36895,ES.v.0
2025-06-25 22:00:00+00:00,34,1,14160,6144.75,6150.5,6142.75,6146.5,4614,ES.v.0
2025-06-25 23:00:00+00:00,34,1,14160,6146.75,6147.75,6141.25,6146.5,5465,ES.v.0
2025-06-26 00:00:00+00:00,34,1,14160,6146.75,6149.75,6144.5,6148.75,3698,ES.v.0
2025-06-26 01:00:00+00:00,34,1,14160,6148.75,6149.0,6144.75,6146.25,3013,ES.v.0
2025-06-26 02:00:00+00:00,34,1,14160,6146.5,6150.75,6146.0,6149.0,2575,ES.v.0
2025-06-26 03:00:00+00:00,34,1,14160,6149.25,6155.0,6149.25,6152.75,3328,ES.v.0
2025-06-26 04:00:00+00:00,34,1,14160,6152.5,6155.5,6150.75,6154.75,2340,ES.v.0
2025-06-26 05:00:00+00:00,34,1,14160,6154.75,6156.75,6152.75,6156.25,2967,ES.v.0
2025-06-26 06:00:00+00:00,34,1,14160,6156.25,6163.25,6155.5,6160.5,6326,ES.v.0
2025-06-26 07:00:00+00:00,34,1,14160,6160.75,6167.25,6159.25,6160.25,9383,ES.v.0
2025-06-26 08:00:00+00:00,34,1,14160,6160.25,6170.5,6159.75,6166.25,10063,ES.v.0
2025-06-26 09:00:00+00:00,34,1,14160,6166.25,6167.0,6161.25,6163.0,6603,ES.v.0
2025-06-26 10:00:00+00:00,34,1,14160,6163.0,6170.75,6161.5,6164.5,8668,ES.v.0
2025-06-26 11:00:00+00:00,34,1,14160,6164.5,6170.25,6164.0,6169.5,10157,ES.v.0
2025-06-26 12:00:00+00:00,34,1,14160,6169.75,6171.0,6157.75,6166.5,24407,ES.v.0
2025-06-26 13:00:00+00:00,34,1,14160,6166.25,6169.75,6159.25,6167.0,122090,ES.v.0
2025-06-26 14:00:00+00:00,34,1,14160,6167.0,6182.0,6166.5,6180.0,134637,ES.v.0
2025-06-26 15:00:00+00:00,34,1,14160,6179.75,6185.0,6174.25,6181.5,107364,ES.v.0
2025-06-26 16:00:00+00:00,34,1,14160,6181.5,6187.5,6180.75,6184.75,69598,ES.v.0
2025-06-26 17:00:00+00:00,34,1,14160,6184.75,6192.5,6182.5,6189.25,70782,ES.v.0
2025-06-26 18:00:00+00:00,34,1,14160,6189.0,6198.0,6187.25,6190.75,95411,ES.v.0
2025-06-26 19:00:00+00:00,34,1,14160,6191.0,6200.0,6188.5,6196.25,207070,ES.v.0
2025-06-26 20:00:00+00:00,34,1,14160,6196.5,6196.75,6189.25,6195.75,51403,ES.v.0
2025-06-26 22:00:00+00:00,34,1,14160,6197.5,6205.25,6195.25,6201.0,8809,ES.v.0
2025-06-26 23:00:00+00:00,34,1,14160,6201.0,6202.5,6195.25,6196.5,4751,ES.v.0
2025-06-27 00:00:00+00:00,34,1,14160,6196.75,6199.75,6194.75,6195.75,4540,ES.v.0
2025-06-27 01:00:00+00:00,34,1,14160,6195.5,6200.25,6194.0,6198.25,4349,ES.v.0
2025-06-27 02:00:00+00:00,34,1,14160,6198.25,6202.0,6197.0,6202.0,2959,ES.v.0
2025-06-27 03:00:00+00:00,34,1,14160,6202.0,6204.25,6201.25,6202.0,3436,ES.v.0
2025-06-27 04:00:00+00:00,34,1,14160,6202.0,6202.25,6200.0,6200.0,2554,ES.v.0
2025-06-27 05:00:00+00:00,34,1,14160,6200.0,6206.0,6199.75,6204.25,3931,ES.v.0
2025-06-27 06:00:00+00:00,34,1,14160,6204.25,6214.0,6203.5,6211.0,11406,ES.v.0
2025-06-27 07:00:00+00:00,34,1,14160,6210.75,6215.0,6208.5,6210.0,9381,ES.v.0
2025-06-27 08:00:00+00:00,34,1,14160,6210.25,6212.5,6208.0,6212.0,8727,ES.v.0
2025-06-27 09:00:00+00:00,34,1,14160,6212.0,6212.5,6207.25,6210.5,8072,ES.v.0
2025-06-27 10:00:00+00:00,34,1,14160,6210.5,6211.0,6207.25,6209.75,6700,ES.v.0
2025-06-27 11:00:00+00:00,34,1,14160,6209.5,6218.75,6209.25,6218.25,11437,ES.v.0
2025-06-27 12:00:00+00:00,34,1,14160,6218.5,6220.75,6208.5,6209.5,28709,ES.v.0
2025-06-27 13:00:00+00:00,34,1,14160,6209.25,6221.5,6202.0,6218.25,105436,ES.v.0
2025-06-27 14:00:00+00:00,34,1,14160,6218.5,6230.75,6218.5,6222.75,176913,ES.v.0
2025-06-27 15:00:00+00:00,34,1,14160,6222.75,6236.0,6220.75,6234.0,92947,ES.v.0
2025-06-27 16:00:00+00:00,34,1,14160,6234.0,6239.0,6231.25,6234.75,87569,ES.v.0
2025-06-27 17:00:00+00:00,34,1,14160,6234.5,6234.75,6207.25,6216.5,152361,ES.v.0
2025-06-27 18:00:00+00:00,34,1,14160,6216.5,6218.75,6183.25,6187.25,205636,ES.v.0
2025-06-27 19:00:00+00:00,34,1,14160,6187.25,6226.75,6185.25,6223.25,259920,ES.v.0
2025-06-27 20:00:00+00:00,34,1,14160,6223.5,6223.5,6216.75,6220.75,67080,ES.v.0
2025-06-29 22:00:00+00:00,34,1,14160,6223.25,6243.25,6223.25,6239.25,15406,ES.v.0
2025-06-29 23:00:00+00:00,34,1,14160,6239.0,6245.0,6237.25,6238.0,9255,ES.v.0
2025-06-30 00:00:00+00:00,34,1,14160,6238.0,6242.0,6235.75,6240.25,6389,ES.v.0
2025-06-30 01:00:00+00:00,34,1,14160,6240.0,6241.0,6236.5,6238.75,5818,ES.v.0
2025-06-30 02:00:00+00:00,34,1,14160,6238.75,6248.75,6238.0,6246.25,8656,ES.v.0
2025-06-30 03:00:00+00:00,34,1,14160,6246.0,6249.25,6244.75,6247.75,4218,ES.v.0
2025-06-30 04:00:00+00:00,34,1,14160,6247.75,6250.0,6247.25,6247.5,3993,ES.v.0
2025-06-30 05:00:00+00:00,34,1,14160,6247.5,6251.75,6246.5,6250.75,4610,ES.v.0
2025-06-30 06:00:00+00:00,34,1,14160,6251.0,6255.0,6249.0,6250.75,9966,ES.v.0
2025-06-30 07:00:00+00:00,34,1,14160,6250.75,6250.75,6243.75,6246.5,12854,ES.v.0
2025-06-30 08:00:00+00:00,34,1,14160,6246.5,6251.0,6244.5,6246.75,10561,ES.v.0
2025-06-30 09:00:00+00:00,34,1,14160,6246.75,6253.5,6245.25,6247.0,9054,ES.v.0
2025-06-30 10:00:00+00:00,34,1,14160,6247.0,6252.0,6246.5,6250.25,8120,ES.v.0
2025-06-30 11:00:00+00:00,34,1,14160,6250.25,6253.5,6248.75,6250.0,13802,ES.v.0
2025-06-30 12:00:00+00:00,34,1,14160,6250.25,6250.75,6242.0,6245.25,19938,ES.v.0
2025-06-30 13:00:00+00:00,34,1,14160,6245.25,6250.5,6234.75,6238.5,127212,ES.v.0
2025-06-30 14:00:00+00:00,34,1,14160,6238.5,6242.75,6231.25,6234.75,138713,ES.v.0
2025-06-30 15:00:00+00:00,34,1,14160,6234.75,6244.0,6231.75,6239.25,108269,ES.v.0
2025-06-30 16:00:00+00:00,34,1,14160,6239.25,6245.75,6235.5,6241.0,77418,ES.v.0
2025-06-30 17:00:00+00:00,34,1,14160,6240.75,6242.75,6224.25,6232.5,102857,ES.v.0
2025-06-30 18:00:00+00:00,34,1,14160,6232.5,6243.5,6227.0,6243.5,117512,ES.v.0
2025-06-30 19:00:00+00:00,34,1,14160,6243.5,6265.5,6243.0,6251.5,359121,ES.v.0
2025-06-30 20:00:00+00:00,34,1,14160,6251.5,6254.5,6244.0,6245.25,78631,ES.v.0
2025-06-30 22:00:00+00:00,34,1,14160,6245.75,6250.0,6243.25,6244.25,6452,ES.v.0
2025-06-30 23:00:00+00:00,34,1,14160,6244.0,6251.0,6242.25,6250.0,4540,ES.v.0
2025-07-01 00:00:00+00:00,34,1,14160,6250.25,6256.5,6250.25,6255.5,8706,ES.v.0
2025-07-01 01:00:00+00:00,34,1,14160,6255.5,6257.75,6252.5,6257.25,4799,ES.v.0
2025-07-01 02:00:00+00:00,34,1,14160,6257.25,6257.25,6248.25,6248.75,5306,ES.v.0
2025-07-01 03:00:00+00:00,34,1,14160,6248.5,6250.5,6246.75,6247.25,4031,ES.v.0
2025-07-01 04:00:00+00:00,34,1,14160,6247.0,6248.75,6243.5,6244.25,4461,ES.v.0
2025-07-01 05:00:00+00:00,34,1,14160,6244.25,6246.25,6241.5,6243.5,5226,ES.v.0
2025-07-01 06:00:00+00:00,34,1,14160,6243.25,6244.5,6240.25,6243.5,7624,ES.v.0
2025-07-01 07:00:00+00:00,34,1,14160,6243.5,6250.5,6238.0,6243.75,14310,ES.v.0
2025-07-01 08:00:00+00:00,34,1,14160,6243.75,6247.0,6238.5,6244.0,13057,ES.v.0
2025-07-01 09:00:00+00:00,34,1,14160,6243.75,6244.5,6236.25,6241.0,10648,ES.v.0
2025-07-01 10:00:00+00:00,34,1,14160,6241.25,6243.25,6238.5,6241.5,6606,ES.v.0
2025-07-01 11:00:00+00:00,34,1,14160,6241.5,6243.5,6237.25,6240.75,11912,ES.v.0
2025-07-01 12:00:00+00:00,34,1,14160,6240.75,6242.25,6227.25,6234.25,30279,ES.v.0
2025-07-01 13:00:00+00:00,34,1,14160,6234.25,6249.5,6231.75,6244.0,116174,ES.v.0
2025-07-01 14:00:00+00:00,34,1,14160,6244.0,6253.0,6233.25,6237.5,202351,ES.v.0
2025-07-01 15:00:00+00:00,34,1,14160,6237.25,6247.75,6227.5,6242.0,189215,ES.v.0
2025-07-01 16:00:00+00:00,34,1,14160,6242.0,6254.25,6239.75,6243.5,136573,ES.v.0
2025-07-01 17:00:00+00:00,34,1,14160,6243.5,6261.5,6242.5,6258.75,103481,ES.v.0
2025-07-01 18:00:00+00:00,34,1,14160,6259.0,6260.25,6252.25,6253.0,78169,ES.v.0
2025-07-01 19:00:00+00:00,34,1,14160,6252.75,6260.75,6240.0,6249.0,256595,ES.v.0
2025-07-01 20:00:00+00:00,34,1,14160,6249.0,6250.0,6244.0,6248.25,44297,ES.v.0
2025-07-01 22:00:00+00:00,34,1,14160,6247.75,6254.0,6245.0,6253.75,4965,ES.v.0
2025-07-01 23:00:00+00:00,34,1,14160,6254.0,6255.0,6250.5,6252.0,2582,ES.v.0
2025-07-02 00:00:00+00:00,34,1,14160,6252.0,6255.0,6251.5,6253.25,3499,ES.v.0
2025-07-02 01:00:00+00:00,34,1,14160,6253.25,6253.75,6247.5,6247.75,3555,ES.v.0
2025-07-02 02:00:00+00:00,34,1,14160,6247.75,6259.0,6245.0,6258.75,5828,ES.v.0
2025-07-02 03:00:00+00:00,34,1,14160,6259.0,6260.75,6258.0,6259.25,3567,ES.v.0
2025-07-02 04:00:00+00:00,34,1,14160,6259.25,6267.75,6258.75,6265.5,5096,ES.v.0
2025-07-02 05:00:00+00:00,34,1,14160,6265.25,6265.25,6260.25,6264.5,3894,ES.v.0
2025-07-02 06:00:00+00:00,34,1,14160,6264.5,6270.75,6263.5,6269.5,8135,ES.v.0
2025-07-02 07:00:00+00:00,34,1,14160,6269.5,6270.25,6255.5,6257.25,10525,ES.v.0
2025-07-02 08:00:00+00:00,34,1,14160,6257.5,6260.25,6252.25,6255.0,10437,ES.v.0
2025-07-02 09:00:00+00:00,34,1,14160,6254.75,6257.25,6253.0,6257.0,6472,ES.v.0
2025-07-02 10:00:00+00:00,34,1,14160,6257.0,6257.25,6252.0,6255.0,8712,ES.v.0
2025-07-02 11:00:00+00:00,34,1,14160,6254.75,6258.5,6245.75,6249.5,15687,ES.v.0
2025-07-02 12:00:00+00:00,34,1,14160,6249.75,6253.5,6235.5,6240.0,42451,ES.v.0
2025-07-02 13:00:00+00:00,34,1,14160,6240.0,6248.5,6237.25,6245.0,123267,ES.v.0
2025-07-02 14:00:00+00:00,34,1,14160,6245.25,6264.0,6244.75,6259.5,182169,ES.v.0
2025-07-02 15:00:00+00:00,34,1,14160,6259.75,6266.75,6257.5,6264.75,106545,ES.v.0
2025-07-02 16:00:00+00:00,34,1,14160,6264.75,6268.25,6260.5,6268.0,74860,ES.v.0
2025-07-02 17:00:00+00:00,34,1,14160,6268.0,6269.25,6263.0,6266.0,68912,ES.v.0
2025-07-02 18:00:00+00:00,34,1,14160,6266.25,6271.5,6264.0,6270.5,70197,ES.v.0
2025-07-02 19:00:00+00:00,34,1,14160,6270.5,6276.5,6268.0,6275.25,168703,ES.v.0
2025-07-02 20:00:00+00:00,34,1,14160,6275.25,6279.5,6271.0,6277.0,55812,ES.v.0
2025-07-02 22:00:00+00:00,34,1,14160,6276.5,6278.75,6273.0,6276.75,3065,ES.v.0
2025-07-02 23:00:00+00:00,34,1,14160,6276.75,6278.25,6276.0,6277.5,1464,ES.v.0
2025-07-03 00:00:00+00:00,34,1,14160,6277.5,6279.75,6275.5,6277.5,3319,ES.v.0
2025-07-03 01:00:00+00:00,34,1,14160,6277.25,6279.75,6274.75,6276.5,3504,ES.v.0
2025-07-03 02:00:00+00:00,34,1,14160,6276.5,6276.5,6270.5,6275.0,4730,ES.v.0
2025-07-03 03:00:00+00:00,34,1,14160,6275.0,6284.0,6274.75,6279.0,5198,ES.v.0
2025-07-03 04:00:00+00:00,34,1,14160,6278.75,6282.5,6278.5,6280.25,1932,ES.v.0
2025-07-03 05:00:00+00:00,34,1,14160,6280.25,6281.0,6277.0,6280.75,2442,ES.v.0
2025-07-03 06:00:00+00:00,34,1,14160,6280.75,6284.0,6278.75,6281.5,4421,ES.v.0
2025-07-03 07:00:00+00:00,34,1,14160,6281.25,6285.0,6280.0,6280.5,8000,ES.v.0
2025-07-03 08:00:00+00:00,34,1,14160,6280.5,6282.25,6274.5,6274.75,7032,ES.v.0
2025-07-03 09:00:00+00:00,34,1,14160,6274.5,6280.5,6274.0,6275.75,7755,ES.v.0
2025-07-03 10:00:00+00:00,34,1,14160,6275.75,6278.0,6272.5,6277.75,5597,ES.v.0
2025-07-03 11:00:00+00:00,34,1,14160,6277.5,6281.0,6276.75,6280.5,10107,ES.v.0
2025-07-03 12:00:00+00:00,34,1,14160,6280.5,6296.0,6278.5,6285.25,50702,ES.v.0
2025-07-03 13:00:00+00:00,34,1,14160,6285.25,6315.25,6285.0,6310.0,136748,ES.v.0
2025-07-03 14:00:00+00:00,34,1,14160,6310.25,6324.75,6309.75,6323.25,120432,ES.v.0
2025-07-03 15:00:00+00:00,34,1,14160,6323.25,6331.25,6322.0,6329.25,102157,ES.v.0
2025-07-03 16:00:00+00:00,34,1,14160,6329.5,6333.25,6318.75,6323.0,166718,ES.v.0
2025-07-03 17:00:00+00:00,34,1,14160,6323.0,6327.0,6320.0,6323.5,32569,ES.v.0
2025-07-03 22:00:00+00:00,34,1,14160,6320.75,6322.75,6313.25,6317.75,6600,ES.v.0
2025-07-03 23:00:00+00:00,34,1,14160,6317.5,6318.75,6314.25,6315.25,2212,ES.v.0
2025-07-04 00:00:00+00:00,34,1,14160,6315.25,6315.25,6311.5,6312.25,3607,ES.v.0
2025-07-04 01:00:00+00:00,34,1,14160,6312.0,6318.5,6311.75,6315.0,3408,ES.v.0
2025-07-04 02:00:00+00:00,34,1,14160,6314.75,6315.25,6307.5,6311.0,3562,ES.v.0
2025-07-04 03:00:00+00:00,34,1,14160,6311.0,6311.5,6307.75,6308.25,2056,ES.v.0
2025-07-04 04:00:00+00:00,34,1,14160,6308.25,6309.5,6304.25,6306.5,3576,ES.v.0
2025-07-04 05:00:00+00:00,34,1,14160,6306.75,6308.75,6303.5,6308.25,2963,ES.v.0
2025-07-04 06:00:00+00:00,34,1,14160,6308.25,6308.75,6302.25,6302.5,5083,ES.v.0
2025-07-04 07:00:00+00:00,34,1,14160,6302.5,6305.5,6290.0,6290.75,10593,ES.v.0
2025-07-04 08:00:00+00:00,34,1,14160,6290.75,6295.5,6285.5,6286.5,12311,ES.v.0
2025-07-04 09:00:00+00:00,34,1,14160,6286.25,6290.5,6283.75,6289.25,10546,ES.v.0
2025-07-04 10:00:00+00:00,34,1,14160,6289.25,6291.0,6276.5,6281.5,7385,ES.v.0
2025-07-04 11:00:00+00:00,34,1,14160,6281.25,6288.0,6280.0,6285.25,6753,ES.v.0
2025-07-04 12:00:00+00:00,34,1,14160,6285.25,6287.5,6282.25,6284.75,4747,ES.v.0
2025-07-04 13:00:00+00:00,34,1,14160,6285.0,6288.5,6279.25,6287.5,13165,ES.v.0
2025-07-04 14:00:00+00:00,34,1,14160,6287.25,6292.75,6284.5,6290.25,8927,ES.v.0
2025-07-04 15:00:00+00:00,34,1,14160,6290.25,6292.0,6285.0,6289.5,8094,ES.v.0
2025-07-04 16:00:00+00:00,34,1,14160,6289.5,6290.0,6282.5,6283.5,6340,ES.v.0
2025-07-06 22:00:00+00:00,34,1,14160,6307.75,6313.0,6295.5,6300.75,13088,ES.v.0
2025-07-06 23:00:00+00:00,34,1,14160,6300.75,6306.0,6298.5,6301.25,5028,ES.v.0
2025-07-07 00:00:00+00:00,34,1,14160,6301.25,6306.0,6299.25,6301.5,5462,ES.v.0
2025-07-07 01:00:00+00:00,34,1,14160,6301.5,6301.75,6291.0,6297.25,8837,ES.v.0
2025-07-07 02:00:00+00:00,34,1,14160,6297.5,6301.75,6296.5,6298.25,4385,ES.v.0
2025-07-07 03:00:00+00:00,34,1,14160,6298.25,6302.25,6294.0,6302.0,3334,ES.v.0
2025-07-07 04:00:00+00:00,34,1,14160,6301.75,6306.0,6296.5,6297.5,3412,ES.v.0
2025-07-07 05:00:00+00:00,34,1,14160,6297.25,6298.5,6294.5,6297.0,3411,ES.v.0
2025-07-07 06:00:00+00:00,34,1,14160,6296.75,6297.25,6290.75,6294.5,5833,ES.v.0
2025-07-07 07:00:00+00:00,34,1,14160,6294.75,6297.75,6292.0,6297.5,6463,ES.v.0
2025-07-07 08:00:00+00:00,34,1,14160,6297.75,6298.25,6292.25,6294.0,9683,ES.v.0
2025-07-07 09:00:00+00:00,34,1,14160,6294.0,6307.25,6292.75,6306.5,8684,ES.v.0
2025-07-07 10:00:00+00:00,34,1,14160,6306.5,6311.25,6304.75,6305.0,9106,ES.v.0
2025-07-07 11:00:00+00:00,34,1,14160,6305.25,6311.25,6304.5,6310.75,8561,ES.v.0
2025-07-07 12:00:00+00:00,34,1,14160,6310.5,6315.0,6301.0,6302.75,24304,ES.v.0
2025-07-07 13:00:00+00:00,34,1,14160,6302.75,6309.75,6297.25,6305.25,115258,ES.v.0
2025-07-07 14:00:00+00:00,34,1,14160,6305.0,6306.5,6287.75,6290.0,145076,ES.v.0
2025-07-07 15:00:00+00:00,34,1,14160,6289.75,6292.5,6279.75,6285.75,106833,ES.v.0
2025-07-07 16:00:00+00:00,34,1,14160,6285.5,6291.25,6260.25,6266.0,204137,ES.v.0
2025-07-07 17:00:00+00:00,34,1,14160,6266.0,6282.5,6263.5,6268.25,118240,ES.v.0
2025-07-07 18:00:00+00:00,34,1,14160,6268.25,6271.75,6246.25,6269.75,139055,ES.v.0
2025-07-07 19:00:00+00:00,34,1,14160,6269.5,6278.0,6261.5,6275.5,195826,ES.v.0
2025-07-07 20:00:00+00:00,34,1,14160,6275.5,6276.0,6258.5,6263.25,49206,ES.v.0
2025-07-07 22:00:00+00:00,34,1,14160,6262.5,6266.25,6254.5,6262.25,9356,ES.v.0
2025-07-07 23:00:00+00:00,34,1,14160,6262.25,6269.25,6261.25,6268.25,5267,ES.v.0
2025-07-08 00:00:00+00:00,34,1,14160,6268.25,6275.75,6263.5,6273.75,8532,ES.v.0
2025-07-08 01:00:00+00:00,34,1,14160,6273.5,6277.5,6270.25,6272.0,6470,ES.v.0
2025-07-08 02:00:00+00:00,34,1,14160,6272.0,6280.0,6271.25,6279.5,3982,ES.v.0
2025-07-08 03:00:00+00:00,34,1,14160,6279.5,6279.75,6275.0,6276.0,2965,ES.v.0
2025-07-08 04:00:00+00:00,34,1,14160,6276.0,6279.75,6275.5,6276.25,2461,ES.v.0
2025-07-08 05:00:00+00:00,34,1,14160,6276.25,6281.75,6275.25,6281.5,3799,ES.v.0
2025-07-08 06:00:00+00:00,34,1,14160,6281.5,6284.25,6278.0,6283.25,7833,ES.v.0
2025-07-08 07:00:00+00:00,34,1,14160,6283.0,6289.0,6277.5,6287.0,10906,ES.v.0
2025-07-08 08:00:00+00:00,34,1,14160,6287.0,6287.25,6279.75,6283.0,7569,ES.v.0
2025-07-08 09:00:00+00:00,34,1,14160,6283.0,6285.0,6276.75,6278.0,6023,ES.v.0
2025-07-08 10:00:00+00:00,34,1,14160,6278.25,6286.0,6273.75,6283.25,8653,ES.v.0
2025-07-08 11:00:00+00:00,34,1,14160,6283.0,6286.75,6281.0,6282.25,6909,ES.v.0
2025-07-08 12:00:00+00:00,34,1,14160,6282.25,6284.0,6277.0,6282.25,14483,ES.v.0
2025-07-08 13:00:00+00:00,34,1,14160,6282.25,6284.5,6272.75,6274.0,110111,ES.v.0
2025-07-08 14:00:00+00:00,34,1,14160,6274.0,6282.5,6262.5,6271.75,209359,ES.v.0
2025-07-08 15:00:00+00:00,34,1,14160,6271.75,6279.75,6264.5,6278.0,118081,ES.v.0
2025-07-08 16:00:00+00:00,34,1,14160,6278.0,6288.75,6271.5,6275.25,141333,ES.v.0
2025-07-08 17:00:00+00:00,34,1,14160,6275.25,6280.75,6265.75,6279.25,92575,ES.v.0
2025-07-08 18:00:00+00:00,34,1,14160,6279.0,6280.75,6270.5,6272.75,64770,ES.v.0
2025-07-08 19:00:00+00:00,34,1,14160,6272.75,6276.25,6267.5,6270.5,153613,ES.v.0
2025-07-08 20:00:00+00:00,34,1,14160,6270.5,6274.25,6269.25,6271.75,35874,ES.v.0
2025-07-08 22:00:00+00:00,34,1,14160,6272.0,6276.0,6270.75,6273.25,2860,ES.v.0
2025-07-08 23:00:00+00:00,34,1,14160,6273.25,6276.75,6268.75,6270.5,4007,ES.v.0
2025-07-09 00:00:00+00:00,34,1,14160,6270.25,6270.25,6262.25,6265.0,5439,ES.v.0
2025-07-09 01:00:00+00:00,34,1,14160,6264.75,6269.25,6260.0,6268.75,6236,ES.v.0
2025-07-09 02:00:00+00:00,34,1,14160,6268.5,6270.75,6266.5,6266.75,2979,ES.v.0
2025-07-09 03:00:00+00:00,34,1,14160,6267.25,6268.25,6264.25,6264.75,2605,ES.v.0
2025-07-09 04:00:00+00:00,34,1,14160,6265.0,6270.25,6264.25,6268.25,2887,ES.v.0
2025-07-09 05:00:00+00:00,34,1,14160,6268.25,6269.0,6263.5,6265.75,3447,ES.v.0
2025-07-09 06:00:00+00:00,34,1,14160,6265.75,6271.75,6260.5,6270.75,6893,ES.v.0
2025-07-09 07:00:00+00:00,34,1,14160,6271.0,6274.25,6266.25,6271.75,7298,ES.v.0
2025-07-09 08:00:00+00:00,34,1,14160,6271.75,6274.25,6269.5,6271.75,5972,ES.v.0
2025-07-09 09:00:00+00:00,34,1,14160,6272.0,6283.75,6272.0,6280.25,8749,ES.v.0
2025-07-09 10:00:00+00:00,34,1,14160,6280.5,6282.25,6277.0,6280.5,6977,ES.v.0
2025-07-09 11:00:00+00:00,34,1,14160,6280.75,6286.75,6279.25,6284.25,8488,ES.v.0
2025-07-09 12:00:00+00:00,34,1,14160,6284.25,6290.25,6282.5,6287.0,19537,ES.v.0
2025-07-09 13:00:00+00:00,34,1,14160,6286.75,6315.25,6285.0,6310.0,152571,ES.v.0
2025-07-09 14:00:00+00:00,34,1,14160,6310.0,6313.0,6277.5,6281.25,259589,ES.v.0
2025-07-09 15:00:00+00:00,34,1,14160,6281.5,6292.75,6276.0,6286.5,150253,ES.v.0
2025-07-09 16:00:00+00:00,34,1,14160,6286.25,6291.25,6282.5,6287.5,80368,ES.v.0
2025-07-09 17:00:00+00:00,34,1,14160,6287.25,6295.25,6283.0,6291.75,86200,ES.v.0
2025-07-09 18:00:00+00:00,34,1,14160,6291.5,6303.25,6291.0,6301.5,78238,ES.v.0
2025-07-09 19:00:00+00:00,34,1,14160,6301.5,6309.5,6298.25,6307.0,140792,ES.v.0
2025-07-09 20:00:00+00:00,34,1,14160,6307.0,6310.0,6302.75,6306.25,49258,ES.v.0
2025-07-09 22:00:00+00:00,34,1,14160,6306.0,6312.25,6303.5,6309.75,5076,ES.v.0
2025-07-09 23:00:00+00:00,34,1,14160,6309.5,6310.0,6302.75,6303.5,4016,ES.v.0
2025-07-10 00:00:00+00:00,34,1,14160,6303.25,6303.5,6296.0,6296.5,6853,ES.v.0
2025-07-10 01:00:00+00:00,34,1,14160,6296.75,6298.0,6292.25,6292.75,7335,ES.v.0
2025-07-10 02:00:00+00:00,34,1,14160,6292.75,6299.5,6292.5,6298.25,3829,ES.v.0
2025-07-10 03:00:00+00:00,34,1,14160,6298.0,6298.0,6291.5,6292.75,4686,ES.v.0
2025-07-10 04:00:00+00:00,34,1,14160,6292.75,6293.0,6290.5,6292.0,2969,ES.v.0
2025-07-10 05:00:00+00:00,34,1,14160,6292.0,6294.0,6290.0,6293.25,3993,ES.v.0
2025-07-10 06:00:00+00:00,34,1,14160,6293.25,6294.25,6288.25,6290.5,7099,ES.v.0
2025-07-10 07:00:00+00:00,34,1,14160,6290.5,6295.5,6287.5,6294.25,10291,ES.v.0
2025-07-10 08:00:00+00:00,34,1,14160,6294.0,6301.5,6293.0,6300.5,8166,ES.v.0
2025-07-10 09:00:00+00:00,34,1,14160,6300.5,6301.5,6294.5,6298.0,7081,ES.v.0
2025-07-10 10:00:00+00:00,34,1,14160,6298.0,6304.0,6297.0,6302.0,5103,ES.v.0
2025-07-10 11:00:00+00:00,34,1,14160,6302.0,6311.25,6300.75,6309.0,10871,ES.v.0
2025-07-10 12:00:00+00:00,34,1,14160,6309.0,6309.25,6300.0,6302.5,18423,ES.v.0
2025-07-10 13:00:00+00:00,34,1,14160,6302.25,6310.0,6297.0,6300.0,113182,ES.v.0
2025-07-10 14:00:00+00:00,34,1,14160,6300.0,6317.25,6296.0,6314.75,166152,ES.v.0
2025-07-10 15:00:00+00:00,34,1,14160,6314.75,6324.5,6314.5,6323.5,105182,ES.v.0
2025-07-10 16:00:00+00:00,34,1,14160,6323.5,6324.25,6316.5,6322.0,73701,ES.v.0
2025-07-10 17:00:00+00:00,34,1,14160,6322.0,6334.5,6321.75,6332.5,72839,ES.v.0
2025-07-10 18:00:00+00:00,34,1,14160,6332.5,6335.5,6327.5,6329.25,62271,ES.v.0
2025-07-10 19:00:00+00:00,34,1,14160,6329.25,6333.25,6318.25,6324.5,152461,ES.v.0
2025-07-10 20:00:00+00:00,34,1,14160,6324.5,6325.25,6319.25,6321.5,37060,ES.v.0
2025-07-10 22:00:00+00:00,34,1,14160,6323.0,6328.5,6320.5,6328.25,5763,ES.v.0
2025-07-10 23:00:00+00:00,34,1,14160,6328.25,6330.25,6326.75,6329.75,2938,ES.v.0
2025-07-11 00:00:00+00:00,34,1,14160,6329.75,6329.75,6283.0,6292.25,53867,ES.v.0
2025-07-11 01:00:00+00:00,34,1,14160,6292.5,6302.25,6287.75,6299.25,13613,ES.v.0
2025-07-11 02:00:00+00:00,34,1,14160,6299.0,6303.75,6298.0,6303.25,5785,ES.v.0
2025-07-11 03:00:00+00:00,34,1,14160,6303.25,6309.5,6302.75,6309.0,5555,ES.v.0
2025-07-11 04:00:00+00:00,34,1,14160,6309.25,6311.5,6307.25,6309.5,3971,ES.v.0
2025-07-11 05:00:00+00:00,34,1,14160,6309.25,6310.5,6301.75,6302.0,5106,ES.v.0
2025-07-11 06:00:00+00:00,34,1,14160,6302.25,6309.25,6302.25,6306.0,6130,ES.v.0
2025-07-11 07:00:00+00:00,34,1,14160,6306.0,6308.75,6290.0,6290.75,17686,ES.v.0
2025-07-11 08:00:00+00:00,34,1,14160,6290.75,6294.0,6284.75,6291.0,15977,ES.v.0
2025-07-11 09:00:00+00:00,34,1,14160,6291.0,6293.25,6279.25,6280.5,11011,ES.v.0
2025-07-11 10:00:00+00:00,34,1,14160,6280.25,6286.25,6276.75,6280.0,12841,ES.v.0
2025-07-11 11:00:00+00:00,34,1,14160,6280.0,6295.0,6279.25,6290.5,16067,ES.v.0
2025-07-11 12:00:00+00:00,34,1,14160,6290.5,6293.25,6284.5,6289.5,19706,ES.v.0
2025-07-11 13:00:00+00:00,34,1,14160,6289.25,6298.75,6278.5,6295.75,134672,ES.v.0
2025-07-11 14:00:00+00:00,34,1,14160,6296.0,6307.5,6293.25,6302.25,130861,ES.v.0
2025-07-11 15:00:00+00:00,34,1,14160,6302.25,6310.25,6290.25,6301.25,120688,ES.v.0
2025-07-11 16:00:00+00:00,34,1,14160,6301.5,6308.25,6294.75,6307.5,80861,ES.v.0
2025-07-11 17:00:00+00:00,34,1,14160,6307.25,6310.0,6301.5,6309.0,74455,ES.v.0
2025-07-11 18:00:00+00:00,34,1,14160,6309.0,6312.75,6304.75,6307.75,75627,ES.v.0
2025-07-11 19:00:00+00:00,34,1,14160,6307.5,6311.25,6295.0,6299.0,195336,ES.v.0
2025-07-11 20:00:00+00:00,34,1,14160,6299.25,6300.0,6293.25,6294.0,40244,ES.v.0
2025-07-13 22:00:00+00:00,34,1,14160,6274.0,6280.5,6263.0,6278.5,18134,ES.v.0
2025-07-13 23:00:00+00:00,34,1,14160,6278.5,6279.25,6268.25,6275.5,9200,ES.v.0
2025-07-14 00:00:00+00:00,34,1,14160,6275.5,6278.25,6270.5,6270.75,7196,ES.v.0
2025-07-14 01:00:00+00:00,34,1,14160,6271.0,6273.25,6268.25,6272.0,5681,ES.v.0
2025-07-14 02:00:00+00:00,34,1,14160,6271.75,6274.75,6270.25,6270.75,3722,ES.v.0
2025-07-14 03:00:00+00:00,34,1,14160,6270.5,6273.75,6269.0,6273.25,2914,ES.v.0
2025-07-14 04:00:00+00:00,34,1,14160,6273.25,6274.0,6270.75,6270.75,2303,ES.v.0
2025-07-14 05:00:00+00:00,34,1,14160,6271.0,6273.75,6263.75,6264.75,4587,ES.v.0
2025-07-14 06:00:00+00:00,34,1,14160,6264.5,6268.5,6261.0,6266.25,7450,ES.v.0
2025-07-14 07:00:00+00:00,34,1,14160,6266.5,6277.75,6259.75,6277.0,13019,ES.v.0
2025-07-14 08:00:00+00:00,34,1,14160,6276.75,6281.75,6273.0,6279.0,8984,ES.v.0
2025-07-14 09:00:00+00:00,34,1,14160,6279.25,6283.75,6277.25,6283.25,5820,ES.v.0
2025-07-14 10:00:00+00:00,34,1,14160,6283.5,6284.0,6278.5,6280.0,5225,ES.v.0
2025-07-14 11:00:00+00:00,34,1,14160,6279.75,6285.75,6276.75,6281.5,10740,ES.v.0
2025-07-14 12:00:00+00:00,34,1,14160,6281.5,6285.75,6279.75,6282.5,12346,ES.v.0
2025-07-14 13:00:00+00:00,34,1,14160,6282.5,6297.25,6279.75,6289.0,139039,ES.v.0
2025-07-14 14:00:00+00:00,34,1,14160,6289.25,6299.75,6284.75,6297.5,148500,ES.v.0
2025-07-14 15:00:00+00:00,34,1,14160,6297.5,6307.0,6295.25,6302.0,107505,ES.v.0
2025-07-14 16:00:00+00:00,34,1,14160,6302.25,6307.75,6298.75,6305.5,62490,ES.v.0
2025-07-14 17:00:00+00:00,34,1,14160,6305.5,6313.25,6305.5,6310.0,64942,ES.v.0
2025-07-14 18:00:00+00:00,34,1,14160,6310.0,6315.0,6309.0,6312.75,52624,ES.v.0
2025-07-14 19:00:00+00:00,34,1,14160,6313.0,6314.5,6306.25,6310.75,155510,ES.v.0
2025-07-14 20:00:00+00:00,34,1,14160,6310.75,6312.0,6307.0,6309.5,30766,ES.v.0
2025-07-14 22:00:00+00:00,34,1,14160,6309.5,6309.75,6301.5,6301.75,5368,ES.v.0
2025-07-14 23:00:00+00:00,34,1,14160,6301.75,6305.25,6300.75,6304.0,2508,ES.v.0
2025-07-15 00:00:00+00:00,34,1,14160,6304.0,6306.25,6301.25,6302.75,4440,ES.v.0
2025-07-15 01:00:00+00:00,34,1,14160,6302.75,6335.75,6301.0,6327.25,17892,ES.v.0
2025-07-15 02:00:00+00:00,34,1,14160,6327.5,6331.0,6308.25,6311.5,14921,ES.v.0
2025-07-15 03:00:00+00:00,34,1,14160,6311.25,6319.0,6308.75,6317.0,6389,ES.v.0
2025-07-15 04:00:00+00:00,34,1,14160,6317.25,6323.75,6316.0,6323.25,4348,ES.v.0
2025-07-15 05:00:00+00:00,34,1,14160,6323.25,6333.25,6322.5,6330.25,7831,ES.v.0
2025-07-15 06:00:00+00:00,34,1,14160,6330.5,6332.25,6326.75,6329.75,5903,ES.v.0
2025-07-15 07:00:00+00:00,34,1,14160,6330.0,6331.5,6325.5,6329.25,9569,ES.v.0
2025-07-15 08:00:00+00:00,34,1,14160,6329.5,6332.25,6325.75,6329.0,12169,ES.v.0
2025-07-15 09:00:00+00:00,34,1,14160,6328.75,6335.25,6327.5,6334.5,10366,ES.v.0
2025-07-15 10:00:00+00:00,34,1,14160,6334.5,6341.75,6332.25,6334.75,14064,ES.v.0
2025-07-15 11:00:00+00:00,34,1,14160,6334.5,6340.75,6330.25,6333.5,17835,ES.v.0
2025-07-15 12:00:00+00:00,34,1,14160,6333.75,6343.0,6325.0,6335.25,53778,ES.v.0
2025-07-15 13:00:00+00:00,34,1,14160,6335.5,6342.25,6318.0,6318.75,164909,ES.v.0
2025-07-15 14:00:00+00:00,34,1,14160,6319.0,6326.5,6300.0,6301.0,203294,ES.v.0
2025-07-15 15:00:00+00:00,34,1,14160,6300.75,6316.0,6300.75,6310.5,141590,ES.v.0
2025-07-15 16:00:00+00:00,34,1,14160,6310.5,6312.25,6292.0,6294.25,110384,ES.v.0
2025-07-15 17:00:00+00:00,34,1,14160,6294.0,6308.75,6291.25,6308.25,84768,ES.v.0
2025-07-15 18:00:00+00:00,34,1,14160,6308.5,6311.0,6294.75,6295.0,91871,ES.v.0
2025-07-15 19:00:00+00:00,34,1,14160,6294.75,6300.0,6282.0,6282.25,185416,ES.v.0
2025-07-15 20:00:00+00:00,34,1,14160,6282.25,6284.75,6272.5,6273.75,60940,ES.v.0
2025-07-15 22:00:00+00:00,34,1,14160,6273.75,6277.25,6264.25,6270.5,9713,ES.v.0
2025-07-15 23:00:00+00:00,34,1,14160,6270.5,6273.75,6265.0,6272.5,5334,ES.v.0
2025-07-16 00:00:00+00:00,34,1,14160,6272.5,6273.75,6266.0,6272.5,6360,ES.v.0
2025-07-16 01:00:00+00:00,34,1,14160,6272.5,6278.25,6272.0,6277.25,6537,ES.v.0
2025-07-16 02:00:00+00:00,34,1,14160,6277.0,6277.75,6272.25,6273.75,3105,ES.v.0
2025-07-16 03:00:00+00:00,34,1,14160,6274.0,6276.5,6273.0,6273.25,2756,ES.v.0
2025-07-16 04:00:00+00:00,34,1,14160,6273.25,6277.5,6273.0,6274.5,2528,ES.v.0
2025-07-16 05:00:00+00:00,34,1,14160,6274.75,6279.5,6268.75,6272.0,7219,ES.v.0
2025-07-16 06:00:00+00:00,34,1,14160,6271.75,6272.25,6264.25,6265.5,6055,ES.v.0
2025-07-16 07:00:00+00:00,34,1,14160,6265.25,6272.0,6257.25,6271.75,14333,ES.v.0
2025-07-16 08:00:00+00:00,34,1,14160,6271.75,6281.25,6270.0,6279.0,9498,ES.v.0
2025-07-16 09:00:00+00:00,34,1,14160,6279.0,6280.0,6273.75,6278.75,6126,ES.v.0
2025-07-16 10:00:00+00:00,34,1,14160,6279.0,6282.5,6277.25,6280.5,6997,ES.v.0
2025-07-16 11:00:00+00:00,34,1,14160,6280.75,6283.5,6277.25,6283.25,11683,ES.v.0
2025-07-16 12:00:00+00:00,34,1,14160,6283.5,6300.5,6281.25,6297.25,37816,ES.v.0
2025-07-16 13:00:00+00:00,34,1,14160,6297.5,6302.0,6281.0,6281.75,152460,ES.v.0
2025-07-16 14:00:00+00:00,34,1,14160,6282.0,6295.0,6276.0,6282.75,227996,ES.v.0
2025-07-16 15:00:00+00:00,34,1,14160,6282.75,6295.0,6241.0,6281.0,414369,ES.v.0
2025-07-16 16:00:00+00:00,34,1,14160,6280.75,6292.75,6271.25,6292.25,118551,ES.v.0
2025-07-16 17:00:00+00:00,34,1,14160,6292.5,6299.5,6290.25,6292.5,86852,ES.v.0
2025-07-16 18:00:00+00:00,34,1,14160,6292.5,6305.25,6288.5,6305.25,78395,ES.v.0
2025-07-16 19:00:00+00:00,34,1,14160,6305.0,6308.75,6299.75,6302.75,156189,ES.v.0
2025-07-16 20:00:00+00:00,34,1,14160,6303.0,6303.5,6297.5,6299.0,39480,ES.v.0
2025-07-16 22:00:00+00:00,34,1,14160,6299.25,6300.5,6291.25,6292.25,6695,ES.v.0
2025-07-16 23:00:00+00:00,34,1,14160,6292.5,6294.5,6291.25,6293.0,3088,ES.v.0
2025-07-17 00:00:00+00:00,34,1,14160,6293.25,6297.25,6290.25,6296.75,5786,ES.v.0
2025-07-17 01:00:00+00:00,34,1,14160,6296.5,6297.75,6289.5,6291.75,4512,ES.v.0
2025-07-17 02:00:00+00:00,34,1,14160,6291.75,6291.75,6289.0,6290.0,2682,ES.v.0
2025-07-17 03:00:00+00:00,34,1,14160,6290.0,6292.75,6288.25,6292.75,2494,ES.v.0
2025-07-17 04:00:00+00:00,34,1,14160,6292.75,6293.75,6290.75,6293.0,2036,ES.v.0
2025-07-17 05:00:00+00:00,34,1,14160,6293.25,6304.0,6293.0,6301.0,7045,ES.v.0
2025-07-17 06:00:00+00:00,34,1,14160,6301.0,6311.5,6301.0,6308.25,8620,ES.v.0
2025-07-17 07:00:00+00:00,34,1,14160,6308.5,6309.5,6302.25,6304.25,9040,ES.v.0
2025-07-17 08:00:00+00:00,34,1,14160,6304.0,6307.75,6301.75,6306.0,7826,ES.v.0
2025-07-17 09:00:00+00:00,34,1,14160,6306.0,6311.0,6306.0,6307.0,5416,ES.v.0
2025-07-17 10:00:00+00:00,34,1,14160,6307.0,6308.5,6302.25,6303.0,6299,ES.v.0
2025-07-17 11:00:00+00:00,34,1,14160,6303.0,6303.75,6297.0,6299.0,11477,ES.v.0
2025-07-17 12:00:00+00:00,34,1,14160,6299.0,6315.0,6297.5,6314.25,30410,ES.v.0
2025-07-17 13:00:00+00:00,34,1,14160,6314.0,6322.75,6302.0,6318.75,133743,ES.v.0
2025-07-17 14:00:00+00:00,34,1,14160,6318.5,6323.25,6308.75,6319.0,149414,ES.v.0
2025-07-17 15:00:00+00:00,34,1,14160,6319.0,6333.75,6318.5,6333.25,104444,ES.v.0
2025-07-17 16:00:00+00:00,34,1,14160,6333.25,6336.5,6326.0,6329.5,81371,ES.v.0
2025-07-17 17:00:00+00:00,34,1,14160,6329.5,6335.75,6327.5,6335.5,63913,ES.v.0
2025-07-17 18:00:00+00:00,34,1,14160,6335.5,6342.75,6332.25,6340.75,73348,ES.v.0
2025-07-17 19:00:00+00:00,34,1,14160,6341.0,6345.5,6337.5,6342.25,218065,ES.v.0
2025-07-17 20:00:00+00:00,34,1,14160,6342.25,6345.25,6338.5,6342.25,44392,ES.v.0
2025-07-17 22:00:00+00:00,34,1,14160,6342.5,6343.75,6338.5,6342.25,3897,ES.v.0
2025-07-17 23:00:00+00:00,34,1,14160,6342.5,6350.75,6342.0,6349.25,5459,ES.v.0
2025-07-18 00:00:00+00:00,34,1,14160,6349.25,6350.5,6346.25,6347.0,4449,ES.v.0
2025-07-18 01:00:00+00:00,34,1,14160,6347.0,6348.5,6345.5,6346.5,3333,ES.v.0
2025-07-18 02:00:00+00:00,34,1,14160,6346.25,6351.75,6344.75,6350.25,3304,ES.v.0
2025-07-18 03:00:00+00:00,34,1,14160,6350.25,6352.75,6349.0,6350.0,4041,ES.v.0
2025-07-18 04:00:00+00:00,34,1,14160,6350.0,6351.5,6349.0,6350.75,2509,ES.v.0
2025-07-18 05:00:00+00:00,34,1,14160,6351.0,6356.25,6351.0,6355.75,5041,ES.v.0
2025-07-18 06:00:00+00:00,34,1,14160,6355.75,6357.0,6353.0,6354.25,5865,ES.v.0
2025-07-18 07:00:00+00:00,34,1,14160,6354.25,6355.0,6345.0,6346.25,11667,ES.v.0
2025-07-18 08:00:00+00:00,34,1,14160,6346.0,6350.5,6346.0,6348.75,7116,ES.v.0
2025-07-18 09:00:00+00:00,34,1,14160,6348.5,6350.25,6347.5,6348.25,4931,ES.v.0
2025-07-18 10:00:00+00:00,34,1,14160,6348.25,6348.75,6340.75,6342.75,8202,ES.v.0
2025-07-18 11:00:00+00:00,34,1,14160,6343.0,6345.0,6339.5,6343.25,10754,ES.v.0
2025-07-18 12:00:00+00:00,34,1,14160,6343.25,6348.75,6342.75,6348.0,20255,ES.v.0
2025-07-18 13:00:00+00:00,34,1,14160,6347.75,6353.5,6342.5,6345.0,136490,ES.v.0
2025-07-18 14:00:00+00:00,34,1,14160,6344.75,6353.5,6329.5,6329.75,168508,ES.v.0
2025-07-18 15:00:00+00:00,34,1,14160,6329.75,6340.25,6327.25,6340.0,101503,ES.v.0
2025-07-18 16:00:00+00:00,34,1,14160,6340.0,6340.5,6323.5,6325.25,132616,ES.v.0
2025-07-18 17:00:00+00:00,34,1,14160,6325.25,6334.25,6323.25,6329.75,89462,ES.v.0
2025-07-18 18:00:00+00:00,34,1,14160,6329.75,6333.0,6324.5,6331.25,65123,ES.v.0
2025-07-18 19:00:00+00:00,34,1,14160,6331.0,6337.0,6329.0,6334.75,144280,ES.v.0
2025-07-18 20:00:00+00:00,34,1,14160,6334.75,6336.0,6333.25,6335.25,38181,ES.v.0
2025-07-20 22:00:00+00:00,34,1,14160,6335.75,6339.25,6329.75,6338.0,7193,ES.v.0
2025-07-20 23:00:00+00:00,34,1,14160,6338.25,6343.0,6336.75,6342.75,3626,ES.v.0
2025-07-21 00:00:00+00:00,34,1,14160,6342.75,6343.75,6341.5,6342.0,3020,ES.v.0
2025-07-21 01:00:00+00:00,34,1,14160,6342.0,6345.0,6341.25,6342.0,3991,ES.v.0
2025-07-21 02:00:00+00:00,34,1,14160,6342.0,6343.25,6340.0,6340.75,2217,ES.v.0
2025-07-21 03:00:00+00:00,34,1,14160,6340.75,6341.75,6338.75,6339.75,2008,ES.v.0
2025-07-21 04:00:00+00:00,34,1,14160,6339.75,6343.25,6339.25,6343.25,1918,ES.v.0
2025-07-21 05:00:00+00:00,34,1,14160,6343.0,6344.0,6341.25,6341.75,2321,ES.v.0
2025-07-21 06:00:00+00:00,34,1,14160,6341.75,6349.75,6341.25,6346.25,6167,ES.v.0
2025-07-21 07:00:00+00:00,34,1,14160,6346.25,6351.5,6346.0,6349.25,6884,ES.v.0
2025-07-21 08:00:00+00:00,34,1,14160,6349.0,6354.5,6349.0,6352.0,8428,ES.v.0
2025-07-21 09:00:00+00:00,34,1,14160,6352.0,6353.5,6350.5,6351.25,3596,ES.v.0
2025-07-21 10:00:00+00:00,34,1,14160,6351.5,6354.0,6347.75,6350.75,6636,ES.v.0
2025-07-21 11:00:00+00:00,34,1,14160,6350.75,6351.5,6348.0,6348.75,8999,ES.v.0
2025-07-21 12:00:00+00:00,34,1,14160,6349.0,6350.0,6341.75,6342.5,14677,ES.v.0
2025-07-21 13:00:00+00:00,34,1,14160,6342.25,6365.5,6339.75,6364.5,124092,ES.v.0
2025-07-21 14:00:00+00:00,34,1,14160,6364.25,6372.5,6362.25,6368.75,123288,ES.v.0
2025-07-21 15:00:00+00:00,34,1,14160,6368.75,6374.0,6367.25,6370.5,77972,ES.v.0
2025-07-21 16:00:00+00:00,34,1,14160,6370.25,6371.75,6363.5,6370.75,78068,ES.v.0
2025-07-21 17:00:00+00:00,34,1,14160,6371.0,6373.75,6369.25,6370.0,49508,ES.v.0
2025-07-21 18:00:00+00:00,34,1,14160,6369.75,6370.75,6361.0,6361.5,75625,ES.v.0
2025-07-21 19:00:00+00:00,34,1,14160,6361.5,6362.0,6341.0,6345.25,240361,ES.v.0
2025-07-21 20:00:00+00:00,34,1,14160,6345.5,6348.75,6343.75,6348.5,42173,ES.v.0
2025-07-21 22:00:00+00:00,34,1,14160,6347.0,6349.5,6346.0,6347.5,3598,ES.v.0
2025-07-21 23:00:00+00:00,34,1,14160,6347.75,6349.0,6346.0,6348.25,2456,ES.v.0
2025-07-22 00:00:00+00:00,34,1,14160,6348.0,6351.5,6347.25,6347.75,5007,ES.v.0
2025-07-22 01:00:00+00:00,34,1,14160,6347.75,6352.0,6346.75,6351.5,5681,ES.v.0
2025-07-22 02:00:00+00:00,34,1,14160,6351.75,6352.0,6346.75,6347.25,2775,ES.v.0
2025-07-22 03:00:00+00:00,34,1,14160,6347.5,6348.5,6343.75,6345.0,3829,ES.v.0
2025-07-22 04:00:00+00:00,34,1,14160,6345.0,6345.25,6340.5,6341.5,4758,ES.v.0
2025-07-22 05:00:00+00:00,34,1,14160,6341.5,6342.5,6339.25,6341.5,3985,ES.v.0
2025-07-22 06:00:00+00:00,34,1,14160,6341.75,6342.75,6340.0,6341.75,3532,ES.v.0
2025-07-22 07:00:00+00:00,34,1,14160,6341.5,6347.0,6336.75,6339.5,12212,ES.v.0
2025-07-22 08:00:00+00:00,34,1,14160,6339.25,6344.0,6335.25,6337.25,13599,ES.v.0
2025-07-22 09:00:00+00:00,34,1,14160,6337.25,6339.0,6335.75,6337.5,6909,ES.v.0
2025-07-22 10:00:00+00:00,34,1,14160,6337.75,6341.0,6337.0,6340.25,7737,ES.v.0
2025-07-22 11:00:00+00:00,34,1,14160,6340.0,6346.75,6337.75,6346.25,16386,ES.v.0
2025-07-22 12:00:00+00:00,34,1,14160,6346.25,6349.25,6344.25,6348.0,14322,ES.v.0
2025-07-22 13:00:00+00:00,34,1,14160,6348.0,6349.5,6318.75,6326.0,191621,ES.v.0
2025-07-22 14:00:00+00:00,34,1,14160,6326.0,6337.75,6319.25,6336.75,190552,ES.v.0
2025-07-22 15:00:00+00:00,34,1,14160,6336.75,6338.5,6330.25,6333.75,94511,ES.v.0
2025-07-22 16:00:00+00:00,34,1,14160,6333.75,6338.5,6327.25,6336.0,88353,ES.v.0
2025-07-22 17:00:00+00:00,34,1,14160,6336.0,6349.75,6335.0,6341.0,96178,ES.v.0
2025-07-22 18:00:00+00:00,34,1,14160,6340.75,6352.75,6332.5,6350.75,105923,ES.v.0
2025-07-22 19:00:00+00:00,34,1,14160,6350.75,6353.75,6344.5,6345.5,167843,ES.v.0
2025-07-22 20:00:00+00:00,34,1,14160,6345.5,6347.5,6343.0,6347.25,50667,ES.v.0
2025-07-22 22:00:00+00:00,34,1,14160,6346.5,6350.25,6342.75,6344.75,4106,ES.v.0
2025-07-22 23:00:00+00:00,34,1,14160,6344.75,6364.25,6344.5,6362.0,15093,ES.v.0
2025-07-23 00:00:00+00:00,34,1,14160,6362.0,6363.0,6349.75,6351.0,9931,ES.v.0
2025-07-23 01:00:00+00:00,34,1,14160,6350.75,6361.0,6349.0,6361.0,6643,ES.v.0
2025-07-23 02:00:00+00:00,34,1,14160,6360.75,6361.0,6356.5,6360.25,4359,ES.v.0
2025-07-23 03:00:00+00:00,34,1,14160,6360.25,6363.0,6357.75,6359.0,4150,ES.v.0
2025-07-23 04:00:00+00:00,34,1,14160,6359.0,6362.75,6357.5,6362.25,3472,ES.v.0
2025-07-23 05:00:00+00:00,34,1,14160,6362.25,6364.75,6361.5,6362.75,4541,ES.v.0
2025-07-23 06:00:00+00:00,34,1,14160,6362.75,6365.5,6360.0,6365.0,5850,ES.v.0
2025-07-23 07:00:00+00:00,34,1,14160,6365.0,6367.5,6360.5,6361.5,12340,ES.v.0
2025-07-23 08:00:00+00:00,34,1,14160,6361.5,6371.75,6361.0,6371.25,13471,ES.v.0
2025-07-23 09:00:00+00:00,34,1,14160,6371.25,6373.25,6368.0,6371.75,8969,ES.v.0
2025-07-23 10:00:00+00:00,34,1,14160,6372.0,6374.25,6369.75,6370.25,8547,ES.v.0
2025-07-23 11:00:00+00:00,34,1,14160,6370.0,6371.0,6363.0,6370.0,15489,ES.v.0
2025-07-23 12:00:00+00:00,34,1,14160,6369.75,6372.5,6366.25,6369.5,15918,ES.v.0
2025-07-23 13:00:00+00:00,34,1,14160,6369.5,6376.75,6354.0,6356.25,140943,ES.v.0
2025-07-23 14:00:00+00:00,34,1,14160,6356.25,6364.5,6353.5,6363.5,123464,ES.v.0
2025-07-23 15:00:00+00:00,34,1,14160,6363.25,6385.0,6359.5,6377.75,168983,ES.v.0
2025-07-23 16:00:00+00:00,34,1,14160,6377.5,6383.25,6370.0,6375.5,125020,ES.v.0
2025-07-23 17:00:00+00:00,34,1,14160,6375.5,6385.75,6371.75,6382.0,106918,ES.v.0
2025-07-23 18:00:00+00:00,34,1,14160,6382.25,6393.75,6382.25,6389.5,97798,ES.v.0
2025-07-23 19:00:00+00:00,34,1,14160,6389.75,6399.25,6386.5,6399.0,185529,ES.v.0
2025-07-23 20:00:00+00:00,34,1,14160,6399.25,6407.25,6392.25,6405.75,68421,ES.v.0
2025-07-23 22:00:00+00:00,34,1,14160,6404.0,6404.75,6400.5,6401.25,6219,ES.v.0
2025-07-23 23:00:00+00:00,34,1,14160,6401.25,6405.0,6400.5,6404.0,2713,ES.v.0
2025-07-24 00:00:00+00:00,34,1,14160,6403.75,6404.5,6400.5,6402.0,4252,ES.v.0
2025-07-24 01:00:00+00:00,34,1,14160,6402.0,6406.75,6401.5,6405.0,4485,ES.v.0
2025-07-24 02:00:00+00:00,34,1,14160,6405.0,6406.75,6404.25,6405.0,2915,ES.v.0
2025-07-24 03:00:00+00:00,34,1,14160,6405.0,6405.0,6399.75,6400.5,3429,ES.v.0
2025-07-24 04:00:00+00:00,34,1,14160,6400.5,6402.25,6399.0,6401.0,2638,ES.v.0
2025-07-24 05:00:00+00:00,34,1,14160,6401.0,6402.0,6399.0,6399.25,2821,ES.v.0
2025-07-24 06:00:00+00:00,34,1,14160,6399.25,6403.5,6396.0,6396.5,6366,ES.v.0
2025-07-24 07:00:00+00:00,34,1,14160,6396.25,6397.75,6393.5,6395.75,9528,ES.v.0
2025-07-24 08:00:00+00:00,34,1,14160,6395.75,6402.0,6394.0,6400.75,9183,ES.v.0
2025-07-24 09:00:00+00:00,34,1,14160,6401.0,6404.0,6399.5,6403.0,7260,ES.v.0
2025-07-24 10:00:00+00:00,34,1,14160,6403.25,6404.5,6395.75,6398.5,9693,ES.v.0
2025-07-24 11:00:00+00:00,34,1,14160,6398.5,6406.75,6397.75,6403.75,11150,ES.v.0
2025-07-24 12:00:00+00:00,34,1,14160,6403.75,6404.5,6391.5,6398.0,27703,ES.v.0
2025-07-24 13:00:00+00:00,34,1,14160,6398.25,6410.25,6394.5,6406.75,127778,ES.v.0
2025-07-24 14:00:00+00:00,34,1,14160,6407.0,6412.5,6396.5,6411.5,140222,ES.v.0
2025-07-24 15:00:00+00:00,34,1,14160,6411.75,6415.5,6409.25,6411.75,99991,ES.v.0
2025-07-24 16:00:00+00:00,34,1,14160,6411.75,6412.25,6399.0,6405.5,108732,ES.v.0
2025-07-24 17:00:00+00:00,34,1,14160,6405.25,6416.75,6404.0,6409.0,79786,ES.v.0
2025-07-24 18:00:00+00:00,34,1,14160,6409.25,6418.25,6403.5,6409.0,94136,ES.v.0
2025-07-24 19:00:00+00:00,34,1,14160,6408.75,6414.5,6399.75,6401.75,206594,ES.v.0
2025-07-24 20:00:00+00:00,34,1,14160,6402.0,6407.5,6399.25,6406.5,53026,ES.v.0
2025-07-24 22:00:00+00:00,34,1,14160,6406.75,6413.25,6404.75,6410.0,5427,ES.v.0
2025-07-24 23:00:00+00:00,34,1,14160,6409.75,6412.0,6407.5,6411.25,3200,ES.v.0
2025-07-25 00:00:00+00:00,34,1,14160,6411.25,6414.75,6410.25,6414.0,5168,ES.v.0
2025-07-25 01:00:00+00:00,34,1,14160,6414.0,6418.0,6413.0,6416.75,5052,ES.v.0
2025-07-25 02:00:00+00:00,34,1,14160,6416.75,6418.75,6416.0,6416.5,3732,ES.v.0
2025-07-25 03:00:00+00:00,34,1,14160,6416.75,6421.25,6416.5,6418.5,4016,ES.v.0
2025-07-25 04:00:00+00:00,34,1,14160,6418.5,6419.0,6410.5,6411.25,4117,ES.v.0
2025-07-25 05:00:00+00:00,34,1,14160,6411.5,6413.75,6411.25,6412.75,2603,ES.v.0
2025-07-25 06:00:00+00:00,34,1,14160,6412.5,6414.5,6408.25,6408.75,4516,ES.v.0
2025-07-25 07:00:00+00:00,34,1,14160,6409.0,6409.75,6402.75,6404.75,12062,ES.v.0
2025-07-25 08:00:00+00:00,34,1,14160,6404.5,6408.0,6401.0,6406.25,8201,ES.v.0
2025-07-25 09:00:00+00:00,34,1,14160,6406.25,6408.5,6403.75,6407.5,4469,ES.v.0
2025-07-25 10:00:00+00:00,34,1,14160,6407.75,6410.0,6405.5,6409.25,4975,ES.v.0
2025-07-25 11:00:00+00:00,34,1,14160,6409.25,6409.25,6404.0,6405.5,6079,ES.v.0
2025-07-25 12:00:00+00:00,34,1,14160,6405.5,6410.25,6404.5,6407.0,12371,ES.v.0
2025-07-25 13:00:00+00:00,34,1,14160,6407.0,6410.5,6402.0,6406.75,111003,ES.v.0
2025-07-25 14:00:00+00:00,34,1,14160,6406.75,6416.0,6402.75,6412.75,107384,ES.v.0
2025-07-25 15:00:00+00:00,34,1,14160,6412.75,6415.5,6410.5,6413.75,66252,ES.v.0
2025-07-25 16:00:00+00:00,34,1,14160,6413.75,6424.5,6412.25,6423.25,77381,ES.v.0
2025-07-25 17:00:00+00:00,34,1,14160,6423.25,6428.75,6421.5,6426.25,54572,ES.v.0
2025-07-25 18:00:00+00:00,34,1,14160,6426.5,6430.5,6424.75,6427.25,56575,ES.v.0
2025-07-25 19:00:00+00:00,34,1,14160,6427.0,6431.0,6421.25,6425.75,160507,ES.v.0
2025-07-25 20:00:00+00:00,34,1,14160,6425.75,6428.75,6421.75,6428.25,53666,ES.v.0
2025-07-27 22:00:00+00:00,34,1,14160,6450.0,6455.0,6442.75,6445.0,14827,ES.v.0
2025-07-27 23:00:00+00:00,34,1,14160,6445.0,6452.5,6443.75,6447.75,6127,ES.v.0
2025-07-28 00:00:00+00:00,34,1,14160,6447.75,6451.25,6445.75,6450.75,5043,ES.v.0
2025-07-28 01:00:00+00:00,34,1,14160,6451.0,6451.0,6448.0,6450.0,3911,ES.v.0
2025-07-28 02:00:00+00:00,34,1,14160,6449.75,6453.75,6448.75,6451.75,3928,ES.v.0
2025-07-28 03:00:00+00:00,34,1,14160,6451.75,6452.0,6450.0,6451.25,2710,ES.v.0
2025-07-28 04:00:00+00:00,34,1,14160,6451.5,6454.5,6451.0,6454.0,2319,ES.v.0
2025-07-28 05:00:00+00:00,34,1,14160,6453.75,6456.25,6453.5,6455.25,4522,ES.v.0
2025-07-28 06:00:00+00:00,34,1,14160,6455.5,6457.75,6451.0,6451.25,8078,ES.v.0
2025-07-28 07:00:00+00:00,34,1,14160,6451.5,6452.5,6444.25,6447.0,13586,ES.v.0
2025-07-28 08:00:00+00:00,34,1,14160,6446.75,6447.25,6443.75,6444.5,9608,ES.v.0
2025-07-28 09:00:00+00:00,34,1,14160,6444.5,6445.5,6440.0,6441.0,7264,ES.v.0
2025-07-28 10:00:00+00:00,34,1,14160,6441.0,6442.0,6433.5,6435.25,10089,ES.v.0
2025-07-28 11:00:00+00:00,34,1,14160,6435.0,6437.5,6434.0,6435.75,9894,ES.v.0
2025-07-28 12:00:00+00:00,34,1,14160,6435.75,6440.25,6433.25,6439.25,18964,ES.v.0
2025-07-28 13:00:00+00:00,34,1,14160,6439.25,6439.5,6424.25,6428.0,132529,ES.v.0
2025-07-28 14:00:00+00:00,34,1,14160,6427.75,6434.25,6425.75,6427.75,127993,ES.v.0
2025-07-28 15:00:00+00:00,34,1,14160,6427.75,6429.25,6416.5,6427.25,102792,ES.v.0
2025-07-28 16:00:00+00:00,34,1,14160,6427.5,6430.25,6421.0,6422.5,69748,ES.v.0
2025-07-28 17:00:00+00:00,34,1,14160,6422.25,6425.25,6414.25,6414.75,76455,ES.v.0
2025-07-28 18:00:00+00:00,34,1,14160,6414.5,6416.5,6408.75,6414.5,88240,ES.v.0
2025-07-28 19:00:00+00:00,34,1,14160,6414.25,6424.25,6410.5,6423.0,151253,ES.v.0
2025-07-28 20:00:00+00:00,34,1,14160,6423.0,6425.5,6421.75,6424.5,44389,ES.v.0
2025-07-28 22:00:00+00:00,34,1,14160,6424.25,6429.0,6423.25,6428.25,4422,ES.v.0
2025-07-28 23:00:00+00:00,34,1,14160,6428.25,6429.0,6426.0,6428.25,2233,ES.v.0
2025-07-29 00:00:00+00:00,34,1,14160,6428.25,6428.5,6423.75,6427.25,4468,ES.v.0
2025-07-29 01:00:00+00:00,34,1,14160,6427.25,6430.25,6426.75,6427.75,3682,ES.v.0
2025-07-29 02:00:00+00:00,34,1,14160,6427.75,6430.0,6426.5,6430.0,3152,ES.v.0
2025-07-29 03:00:00+00:00,34,1,14160,6430.0,6431.75,6428.75,6431.0,2485,ES.v.0
2025-07-29 04:00:00+00:00,34,1,14160,6431.25,6433.5,6430.5,6431.75,2466,ES.v.0
2025-07-29 05:00:00+00:00,34,1,14160,6431.75,6434.25,6431.25,6432.75,1959,ES.v.0
2025-07-29 06:00:00+00:00,34,1,14160,6433.0,6434.75,6428.75,6429.25,4544,ES.v.0
2025-07-29 07:00:00+00:00,34,1,14160,6429.5,6439.5,6429.25,6437.75,10711,ES.v.0
2025-07-29 08:00:00+00:00,34,1,14160,6438.0,6439.5,6435.5,6436.75,7284,ES.v.0
2025-07-29 09:00:00+00:00,34,1,14160,6437.0,6440.75,6436.25,6440.0,10403,ES.v.0
2025-07-29 10:00:00+00:00,34,1,14160,6440.0,6441.5,6438.5,6440.25,7702,ES.v.0
2025-07-29 11:00:00+00:00,34,1,14160,6440.25,6442.5,6435.25,6438.25,10186,ES.v.0
2025-07-29 12:00:00+00:00,34,1,14160,6438.5,6440.25,6432.5,6434.25,13335,ES.v.0
2025-07-29 13:00:00+00:00,34,1,14160,6434.0,6440.0,6425.5,6432.75,129797,ES.v.0
2025-07-29 14:00:00+00:00,34,1,14160,6433.0,6434.5,6418.25,6420.25,139516,ES.v.0
2025-07-29 15:00:00+00:00,34,1,14160,6420.25,6423.25,6400.0,6412.25,201607,ES.v.0
2025-07-29 16:00:00+00:00,34,1,14160,6412.0,6415.5,6404.0,6415.0,102085,ES.v.0
2025-07-29 17:00:00+00:00,34,1,14160,6415.0,6419.25,6402.25,6409.0,113327,ES.v.0
2025-07-29 18:00:00+00:00,34,1,14160,6409.25,6411.75,6404.5,6406.5,77039,ES.v.0
2025-07-29 19:00:00+00:00,34,1,14160,6406.25,6409.25,6396.25,6406.0,187573,ES.v.0
2025-07-29 20:00:00+00:00,34,1,14160,6406.25,6407.25,6402.0,6403.5,35673,ES.v.0
2025-07-29 22:00:00+00:00,34,1,14160,6404.0,6409.25,6403.25,6407.5,4646,ES.v.0
2025-07-29 23:00:00+00:00,34,1,14160,6407.75,6409.5,6405.75,6407.75,2407,ES.v.0
2025-07-30 00:00:00+00:00,34,1,14160,6407.75,6413.0,6407.0,6412.0,4531,ES.v.0
2025-07-30 01:00:00+00:00,34,1,14160,6412.0,6414.0,6407.75,6412.25,4098,ES.v.0
2025-07-30 02:00:00+00:00,34,1,14160,6412.25,6414.0,6410.5,6412.75,3070,ES.v.0
2025-07-30 03:00:00+00:00,34,1,14160,6412.75,6415.5,6412.75,6413.75,3123,ES.v.0
2025-07-30 04:00:00+00:00,34,1,14160,6414.0,6416.0,6414.0,6415.5,1618,ES.v.0
2025-07-30 05:00:00+00:00,34,1,14160,6415.5,6416.5,6412.5,6415.0,2824,ES.v.0
2025-07-30 06:00:00+00:00,34,1,14160,6415.0,6416.75,6412.75,6413.25,3689,ES.v.0
2025-07-30 07:00:00+00:00,34,1,14160,6413.25,6414.5,6406.75,6413.75,8602,ES.v.0
2025-07-30 08:00:00+00:00,34,1,14160,6413.75,6416.0,6405.0,6410.0,8203,ES.v.0
2025-07-30 09:00:00+00:00,34,1,14160,6410.0,6413.0,6408.25,6412.25,5110,ES.v.0
2025-07-30 10:00:00+00:00,34,1,14160,6412.5,6414.25,6411.25,6414.25,5142,ES.v.0
2025-07-30 11:00:00+00:00,34,1,14160,6414.25,6417.5,6412.75,6414.75,9542,ES.v.0
2025-07-30 12:00:00+00:00,34,1,14160,6414.75,6416.5,6406.5,6410.75,26950,ES.v.0
2025-07-30 13:00:00+00:00,34,1,14160,6410.75,6414.5,6405.0,6409.75,95518,ES.v.0
2025-07-30 14:00:00+00:00,34,1,14160,6409.5,6421.0,6406.25,6414.75,105495,ES.v.0
2025-07-30 15:00:00+00:00,34,1,14160,6414.75,6416.25,6402.25,6414.0,106862,ES.v.0
2025-07-30 16:00:00+00:00,34,1,14160,6413.75,6419.75,6412.0,6417.0,63935,ES.v.0
2025-07-30 17:00:00+00:00,34,1,14160,6417.0,6422.25,6413.5,6419.5,50497,ES.v.0
2025-07-30 18:00:00+00:00,34,1,14160,6419.25,6429.75,6378.0,6380.25,238766,ES.v.0
2025-07-30 19:00:00+00:00,34,1,14160,6380.25,6399.0,6366.75,6397.5,371892,ES.v.0
2025-07-30 20:00:00+00:00,34,1,14160,6397.75,6435.25,6393.5,6425.5,108052,ES.v.0
2025-07-30 22:00:00+00:00,34,1,14160,6435.5,6444.75,6431.0,6443.0,13739,ES.v.0
2025-07-30 23:00:00+00:00,34,1,14160,6442.75,6446.75,6442.25,6442.5,5875,ES.v.0
2025-07-31 00:00:00+00:00,34,1,14160,6442.25,6448.25,6439.25,6447.5,8569,ES.v.0
2025-07-31 01:00:00+00:00,34,1,14160,6447.5,6452.25,6445.5,6449.75,6578,ES.v.0
2025-07-31 02:00:00+00:00,34,1,14160,6450.0,6455.0,6449.25,6453.75,4496,ES.v.0
2025-07-31 03:00:00+00:00,34,1,14160,6453.75,6456.25,6452.0,6455.5,3674,ES.v.0
2025-07-31 04:00:00+00:00,34,1,14160,6455.25,6459.25,6453.75,6458.0,5721,ES.v.0
2025-07-31 05:00:00+00:00,34,1,14160,6458.0,6458.5,6453.25,6457.25,4922,ES.v.0
2025-07-31 06:00:00+00:00,34,1,14160,6457.5,6459.25,6452.0,6454.5,8033,ES.v.0
2025-07-31 07:00:00+00:00,34,1,14160,6454.75,6468.5,6451.75,6465.25,18700,ES.v.0
2025-07-31 08:00:00+00:00,34,1,14160,6465.25,6467.0,6460.5,6461.5,13448,ES.v.0
2025-07-31 09:00:00+00:00,34,1,14160,6461.75,6462.5,6455.5,6456.75,9088,ES.v.0
2025-07-31 10:00:00+00:00,34,1,14160,6456.75,6461.5,6451.25,6451.75,10906,ES.v.0
2025-07-31 11:00:00+00:00,34,1,14160,6451.5,6456.0,6448.75,6451.0,20170,ES.v.0
2025-07-31 12:00:00+00:00,34,1,14160,6451.0,6458.5,6450.25,6456.0,31140,ES.v.0
2025-07-31 13:00:00+00:00,34,1,14160,6455.75,6456.25,6427.5,6445.5,212336,ES.v.0
2025-07-31 14:00:00+00:00,34,1,14160,6445.5,6450.0,6417.0,6418.0,220910,ES.v.0
2025-07-31 15:00:00+00:00,34,1,14160,6417.75,6427.5,6402.25,6427.5,203669,ES.v.0
2025-07-31 16:00:00+00:00,34,1,14160,6427.25,6435.25,6423.75,6430.0,92009,ES.v.0
2025-07-31 17:00:00+00:00,34,1,14160,6430.0,6430.0,6382.5,6386.5,209691,ES.v.0
2025-07-31 18:00:00+00:00,34,1,14160,6386.5,6403.0,6365.5,6393.25,184023,ES.v.0
2025-07-31 19:00:00+00:00,34,1,14160,6393.25,6400.0,6358.25,6371.0,359011,ES.v.0
2025-07-31 20:00:00+00:00,34,1,14160,6371.25,6394.75,6357.5,6368.75,102676,ES.v.0
2025-07-31 22:00:00+00:00,34,1,14160,6359.5,6373.5,6350.25,6358.75,16433,ES.v.0
2025-07-31 23:00:00+00:00,34,1,14160,6359.0,6363.75,6355.0,6362.75,10601,ES.v.0
2025-08-01 00:00:00+00:00,34,1,14160,6362.5,6363.5,6346.25,6356.75,12418,ES.v.0
2025-08-01 01:00:00+00:00,34,1,14160,6356.75,6366.75,6355.25,6365.0,8710,ES.v.0
2025-08-01 02:00:00+00:00,34,1,14160,6365.0,6369.5,6362.5,6368.0,5264,ES.v.0
2025-08-01 03:00:00+00:00,34,1,14160,6368.25,6372.5,6362.0,6362.25,5733,ES.v.0
2025-08-01 04:00:00+00:00,34,1,14160,6362.5,6365.5,6360.5,6364.25,4947,ES.v.0
2025-08-01 05:00:00+00:00,34,1,14160,6364.25,6365.5,6357.25,6357.5,5215,ES.v.0
2025-08-01 06:00:00+00:00,34,1,14160,6357.25,6358.25,6348.25,6351.75,11571,ES.v.0
2025-08-01 07:00:00+00:00,34,1,14160,6351.75,6353.25,6312.0,6322.75,36589,ES.v.0
2025-08-01 08:00:00+00:00,34,1,14160,6322.5,6326.5,6304.5,6315.0,40329,ES.v.0
2025-08-01 09:00:00+00:00,34,1,14160,6315.0,6320.25,6308.75,6314.75,19919,ES.v.0
2025-08-01 10:00:00+00:00,34,1,14160,6314.75,6315.0,6295.0,6300.75,27105,ES.v.0
2025-08-01 11:00:00+00:00,34,1,14160,6300.75,6317.0,6298.5,6316.25,26037,ES.v.0
2025-08-01 12:00:00+00:00,34,1,14160,6316.25,6331.0,6300.0,6306.75,98914,ES.v.0
2025-08-01 13:00:00+00:00,34,1,14160,6306.5,6314.25,6258.0,6262.25,328652,ES.v.0
2025-08-01 14:00:00+00:00,34,1,14160,6262.25,6288.0,6243.75,6267.0,403177,ES.v.0
2025-08-01 15:00:00+00:00,34,1,14160,6266.75,6287.5,6260.5,6287.25,196714,ES.v.0
2025-08-01 16:00:00+00:00,34,1,14160,6287.0,6297.0,6258.75,6260.25,195789,ES.v.0
2025-08-01 17:00:00+00:00,34,1,14160,6260.0,6265.0,6248.5,6252.75,182040,ES.v.0
2025-08-01 18:00:00+00:00,34,1,14160,6252.75,6278.0,6239.5,6260.5,194611,ES.v.0
2025-08-01 19:00:00+00:00,34,1,14160,6260.75,6280.25,6255.0,6263.5,300308,ES.v.0
2025-08-01 20:00:00+00:00,34,1,14160,6263.75,6268.25,6262.25,6263.25,71929,ES.v.0
2025-08-03 22:00:00+00:00,34,1,14160,6257.0,6270.0,6251.25,6268.25,15554,ES.v.0
2025-08-03 23:00:00+00:00,34,1,14160,6268.5,6272.5,6261.0,6271.25,9814,ES.v.0
2025-08-04 00:00:00+00:00,34,1,14160,6271.25,6281.75,6269.75,6280.0,11019,ES.v.0
2025-08-04 01:00:00+00:00,34,1,14160,6280.25,6284.25,6275.5,6282.0,9838,ES.v.0
2025-08-04 02:00:00+00:00,34,1,14160,6281.5,6288.5,6280.5,6287.75,6706,ES.v.0
2025-08-04 03:00:00+00:00,34,1,14160,6287.75,6290.25,6285.25,6289.75,5886,ES.v.0
2025-08-04 04:00:00+00:00,34,1,14160,6289.75,6290.0,6279.75,6285.75,6692,ES.v.0
2025-08-04 05:00:00+00:00,34,1,14160,6285.75,6291.75,6283.5,6289.25,5946,ES.v.0
2025-08-04 06:00:00+00:00,34,1,14160,6289.25,6293.0,6279.25,6289.0,12125,ES.v.0
2025-08-04 07:00:00+00:00,34,1,14160,6289.0,6303.5,6286.0,6296.0,22193,ES.v.0
2025-08-04 08:00:00+00:00,34,1,14160,6296.0,6306.75,6295.25,6305.75,14726,ES.v.0
2025-08-04 09:00:00+00:00,34,1,14160,6306.0,6310.0,6304.0,6304.25,14261,ES.v.0
2025-08-04 10:00:00+00:00,34,1,14160,6304.25,6307.5,6300.25,6301.5,14347,ES.v.0
2025-08-04 11:00:00+00:00,34,1,14160,6301.75,6303.75,6294.5,6296.25,15644,ES.v.0
2025-08-04 12:00:00+00:00,34,1,14160,6296.5,6305.0,6294.75,6300.0,21125,ES.v.0
2025-08-04 13:00:00+00:00,34,1,14160,6300.0,6339.0,6298.25,6336.75,203566,ES.v.0
2025-08-04 14:00:00+00:00,34,1,14160,6337.0,6345.0,6329.5,6339.0,194220,ES.v.0
2025-08-04 15:00:00+00:00,34,1,14160,6338.75,6347.75,6332.5,6345.5,119433,ES.v.0
2025-08-04 16:00:00+00:00,34,1,14160,6345.5,6351.25,6342.75,6348.0,85852,ES.v.0
2025-08-04 17:00:00+00:00,34,1,14160,6348.0,6352.0,6340.0,6344.5,80589,ES.v.0
2025-08-04 18:00:00+00:00,34,1,14160,6344.25,6350.5,6343.5,6345.25,75239,ES.v.0
2025-08-04 19:00:00+00:00,34,1,14160,6345.25,6358.5,6343.5,6357.0,220916,ES.v.0
2025-08-04 20:00:00+00:00,34,1,14160,6357.25,6370.0,6355.0,6369.5,60334,ES.v.0
2025-08-04 22:00:00+00:00,34,1,14160,6370.0,6371.75,6363.0,6365.0,5730,ES.v.0
2025-08-04 23:00:00+00:00,34,1,14160,6365.0,6369.25,6362.25,6364.0,5001,ES.v.0
2025-08-05 00:00:00+00:00,34,1,14160,6364.0,6376.0,6360.25,6368.25,10381,ES.v.0
2025-08-05 01:00:00+00:00,34,1,14160,6368.5,6373.0,6364.25,6365.25,6801,ES.v.0
2025-08-05 02:00:00+00:00,34,1,14160,6365.0,6367.0,6363.5,6365.5,3348,ES.v.0
2025-08-05 03:00:00+00:00,34,1,14160,6365.5,6368.75,6362.5,6365.25,3782,ES.v.0
2025-08-05 04:00:00+00:00,34,1,14160,6365.25,6369.0,6363.5,6368.75,2982,ES.v.0
2025-08-05 05:00:00+00:00,34,1,14160,6369.0,6371.25,6366.75,6370.0,3508,ES.v.0
2025-08-05 06:00:00+00:00,34,1,14160,6370.25,6375.75,6368.25,6374.75,6895,ES.v.0
2025-08-05 07:00:00+00:00,34,1,14160,6375.0,6377.5,6360.75,6362.0,13124,ES.v.0
2025-08-05 08:00:00+00:00,34,1,14160,6361.75,6366.0,6358.5,6363.0,12728,ES.v.0
2025-08-05 09:00:00+00:00,34,1,14160,6363.0,6368.75,6361.75,6365.75,9119,ES.v.0
2025-08-05 10:00:00+00:00,34,1,14160,6365.75,6374.5,6365.75,6373.0,11841,ES.v.0
2025-08-05 11:00:00+00:00,34,1,14160,6372.75,6374.5,6367.0,6371.75,11598,ES.v.0
2025-08-05 12:00:00+00:00,34,1,14160,6372.0,6376.75,6362.75,6364.25,30981,ES.v.0
2025-08-05 13:00:00+00:00,34,1,14160,6364.0,6371.75,6357.5,6364.75,138855,ES.v.0
2025-08-05 14:00:00+00:00,34,1,14160,6364.5,6364.5,6315.5,6324.25,316067,ES.v.0
2025-08-05 15:00:00+00:00,34,1,14160,6324.0,6332.0,6316.75,6325.75,179854,ES.v.0
2025-08-05 16:00:00+00:00,34,1,14160,6325.75,6342.0,6323.25,6334.5,134897,ES.v.0
2025-08-05 17:00:00+00:00,34,1,14160,6334.25,6348.75,6332.0,6346.75,82572,ES.v.0
2025-08-05 18:00:00+00:00,34,1,14160,6346.75,6347.75,6323.75,6329.5,126845,ES.v.0
2025-08-05 19:00:00+00:00,34,1,14160,6329.75,6336.75,6323.25,6325.25,184939,ES.v.0
2025-08-05 20:00:00+00:00,34,1,14160,6325.5,6332.5,6320.75,6324.5,53020,ES.v.0
2025-08-05 22:00:00+00:00,34,1,14160,6323.0,6328.5,6313.25,6323.0,10928,ES.v.0
2025-08-05 23:00:00+00:00,34,1,14160,6322.75,6326.0,6316.5,6316.75,6647,ES.v.0
2025-08-06 00:00:00+00:00,34,1,14160,6316.5,6326.0,6316.0,6320.75,7753,ES.v.0
2025-08-06 01:00:00+00:00,34,1,14160,6321.0,6334.5,6319.0,6334.0,8099,ES.v.0
2025-08-06 02:00:00+00:00,34,1,14160,6334.0,6341.5,6331.5,6338.5,6703,ES.v.0
2025-08-06 03:00:00+00:00,34,1,14160,6338.75,6341.0,6335.5,6340.0,3558,ES.v.0
2025-08-06 04:00:00+00:00,34,1,14160,6340.25,6342.5,6339.75,6341.25,2820,ES.v.0
2025-08-06 05:00:00+00:00,34,1,14160,6341.25,6350.75,6340.0,6347.5,6020,ES.v.0
2025-08-06 06:00:00+00:00,34,1,14160,6347.5,6353.5,6345.75,6349.25,7360,ES.v.0
2025-08-06 07:00:00+00:00,34,1,14160,6349.25,6358.25,6349.25,6357.5,10813,ES.v.0
2025-08-06 08:00:00+00:00,34,1,14160,6357.5,6358.0,6343.75,6345.75,10234,ES.v.0
2025-08-06 09:00:00+00:00,34,1,14160,6345.5,6348.5,6337.5,6340.25,7747,ES.v.0
2025-08-06 10:00:00+00:00,34,1,14160,6340.25,6343.5,6331.75,6339.25,12167,ES.v.0
2025-08-06 11:00:00+00:00,34,1,14160,6339.25,6343.75,6337.25,6338.75,11517,ES.v.0
2025-08-06 12:00:00+00:00,34,1,14160,6338.5,6340.5,6330.75,6339.25,19130,ES.v.0
2025-08-06 13:00:00+00:00,34,1,14160,6339.25,6344.75,6327.25,6333.5,180352,ES.v.0
2025-08-06 14:00:00+00:00,34,1,14160,6333.25,6355.0,6325.75,6353.75,223582,ES.v.0
2025-08-06 15:00:00+00:00,34,1,14160,6353.75,6374.25,6348.75,6371.75,173560,ES.v.0
2025-08-06 16:00:00+00:00,34,1,14160,6371.75,6375.0,6363.25,6367.5,98101,ES.v.0
2025-08-06 17:00:00+00:00,34,1,14160,6367.5,6372.0,6364.25,6367.25,69340,ES.v.0
2025-08-06 18:00:00+00:00,34,1,14160,6367.25,6377.0,6366.75,6371.0,77406,ES.v.0
2025-08-06 19:00:00+00:00,34,1,14160,6371.25,6379.5,6368.75,6371.75,170876,ES.v.0
2025-08-06 20:00:00+00:00,34,1,14160,6371.75,6372.5,6367.75,6370.75,42452,ES.v.0
2025-08-06 22:00:00+00:00,34,1,14160,6371.0,6387.5,6364.25,6383.0,16014,ES.v.0
2025-08-06 23:00:00+00:00,34,1,14160,6382.75,6387.5,6377.75,6380.5,5776,ES.v.0
2025-08-07 00:00:00+00:00,34,1,14160,6380.25,6388.5,6378.25,6385.75,6399,ES.v.0
2025-08-07 01:00:00+00:00,34,1,14160,6385.5,6391.5,6385.25,6388.75,5101,ES.v.0
2025-08-07 02:00:00+00:00,34,1,14160,6388.5,6391.25,6384.75,6386.5,3712,ES.v.0
2025-08-07 03:00:00+00:00,34,1,14160,6386.5,6389.75,6385.75,6387.75,3218,ES.v.0
2025-08-07 04:00:00+00:00,34,1,14160,6387.75,6389.25,6380.75,6382.75,3180,ES.v.0
2025-08-07 05:00:00+00:00,34,1,14160,6382.75,6385.5,6380.25,6385.25,3431,ES.v.0
2025-08-07 06:00:00+00:00,34,1,14160,6385.0,6389.75,6382.75,6384.0,5799,ES.v.0
2025-08-07 07:00:00+00:00,34,1,14160,6384.0,6395.5,6383.5,6394.25,10694,ES.v.0
2025-08-07 08:00:00+00:00,34,1,14160,6394.25,6409.75,6394.0,6405.75,18123,ES.v.0
2025-08-07 09:00:00+00:00,34,1,14160,6406.0,6420.5,6402.25,6418.25,15023,ES.v.0
2025-08-07 10:00:00+00:00,34,1,14160,6418.5,6426.75,6411.25,6412.75,20276,ES.v.0
2025-08-07 11:00:00+00:00,34,1,14160,6413.0,6417.0,6406.0,6406.5,17042,ES.v.0
2025-08-07 12:00:00+00:00,34,1,14160,6406.5,6413.5,6405.25,6407.75,22150,ES.v.0
2025-08-07 13:00:00+00:00,34,1,14160,6408.0,6414.5,6397.25,6409.25,156517,ES.v.0
2025-08-07 14:00:00+00:00,34,1,14160,6409.25,6412.75,6367.5,6371.25,270046,ES.v.0
2025-08-07 15:00:00+00:00,34,1,14160,6371.0,6375.5,6357.0,6362.25,166652,ES.v.0
2025-08-07 16:00:00+00:00,34,1,14160,6362.0,6369.5,6344.0,6355.75,149722,ES.v.0
2025-08-07 17:00:00+00:00,34,1,14160,6355.75,6362.5,6340.25,6351.0,127654,ES.v.0
2025-08-07 18:00:00+00:00,34,1,14160,6351.0,6354.0,6334.5,6348.75,118566,ES.v.0
2025-08-07 19:00:00+00:00,34,1,14160,6348.75,6368.5,6343.5,6367.5,186230,ES.v.0
2025-08-07 20:00:00+00:00,34,1,14160,6367.5,6375.5,6366.25,6373.75,63594,ES.v.0
2025-08-07 22:00:00+00:00,34,1,14160,6372.5,6382.75,6371.5,6379.5,7175,ES.v.0
2025-08-07 23:00:00+00:00,34,1,14160,6379.75,6381.0,6375.75,6377.0,3381,ES.v.0
2025-08-08 00:00:00+00:00,34,1,14160,6376.75,6387.5,6373.75,6384.5,8215,ES.v.0
2025-08-08 01:00:00+00:00,34,1,14160,6384.5,6386.25,6381.0,6383.25,4466,ES.v.0
2025-08-08 02:00:00+00:00,34,1,14160,6383.25,6387.5,6383.25,6386.75,3181,ES.v.0
2025-08-08 03:00:00+00:00,34,1,14160,6386.5,6387.0,6381.25,6381.75,3609,ES.v.0
2025-08-08 04:00:00+00:00,34,1,14160,6381.75,6382.5,6377.25,6378.5,3828,ES.v.0
2025-08-08 05:00:00+00:00,34,1,14160,6378.75,6381.5,6369.25,6370.5,5967,ES.v.0
2025-08-08 06:00:00+00:00,34,1,14160,6370.5,6380.25,6370.25,6376.5,5403,ES.v.0
2025-08-08 07:00:00+00:00,34,1,14160,6376.75,6382.0,6375.75,6376.75,7151,ES.v.0
2025-08-08 08:00:00+00:00,34,1,14160,6376.75,6382.75,6376.75,6380.25,6667,ES.v.0
2025-08-08 09:00:00+00:00,34,1,14160,6380.25,6385.5,6379.75,6383.25,6629,ES.v.0
2025-08-08 10:00:00+00:00,34,1,14160,6383.25,6386.5,6383.25,6385.5,5010,ES.v.0
2025-08-08 11:00:00+00:00,34,1,14160,6385.75,6389.75,6384.0,6388.5,12547,ES.v.0
2025-08-08 12:00:00+00:00,34,1,14160,6388.75,6389.0,6376.25,6379.0,21811,ES.v.0
2025-08-08 13:00:00+00:00,34,1,14160,6379.25,6401.5,6377.0,6401.0,145031,ES.v.0
2025-08-08 14:00:00+00:00,34,1,14160,6401.0,6413.0,6399.25,6400.5,194613,ES.v.0
2025-08-08 15:00:00+00:00,34,1,14160,6400.25,6407.25,6390.5,6405.75,151110,ES.v.0
2025-08-08 16:00:00+00:00,34,1,14160,6406.0,6416.0,6405.0,6408.0,124215,ES.v.0
2025-08-08 17:00:00+00:00,34,1,14160,6408.0,6415.75,6403.5,6414.25,96464,ES.v.0
2025-08-08 18:00:00+00:00,34,1,14160,6414.5,6419.0,6411.5,6415.25,72936,ES.v.0
2025-08-08 19:00:00+00:00,34,1,14160,6415.0,6419.0,6402.75,6414.0,195022,ES.v.0
2025-08-08 20:00:00+00:00,34,1,14160,6413.75,6425.75,6413.25,6425.25,48652,ES.v.0
2025-08-10 22:00:00+00:00,34,1,14160,6422.75,6425.5,6417.75,6420.5,8194,ES.v.0
2025-08-10 23:00:00+00:00,34,1,14160,6420.5,6422.5,6413.0,6414.75,6087,ES.v.0
2025-08-11 00:00:00+00:00,34,1,14160,6414.75,6423.25,6414.5,6421.75,5688,ES.v.0
2025-08-11 01:00:00+00:00,34,1,14160,6421.75,6428.5,6421.0,6427.5,6120,ES.v.0
2025-08-11 02:00:00+00:00,34,1,14160,6427.75,6429.5,6425.25,6426.25,4718,ES.v.0
2025-08-11 03:00:00+00:00,34,1,14160,6426.25,6429.25,6423.75,6425.0,3380,ES.v.0
2025-08-11 04:00:00+00:00,34,1,14160,6424.75,6425.75,6420.25,6421.5,3244,ES.v.0
2025-08-11 05:00:00+00:00,34,1,14160,6421.5,6423.0,6420.0,6422.25,3570,ES.v.0
2025-08-11 06:00:00+00:00,34,1,14160,6422.25,6428.25,6420.0,6428.0,5622,ES.v.0
2025-08-11 07:00:00+00:00,34,1,14160,6428.0,6428.5,6412.25,6414.5,9870,ES.v.0
2025-08-11 08:00:00+00:00,34,1,14160,6414.5,6415.75,6408.5,6413.5,11858,ES.v.0
2025-08-11 09:00:00+00:00,34,1,14160,6413.5,6420.5,6413.25,6419.0,6870,ES.v.0
2025-08-11 10:00:00+00:00,34,1,14160,6419.0,6423.0,6417.5,6421.75,6642,ES.v.0
2025-08-11 11:00:00+00:00,34,1,14160,6421.75,6425.75,6420.75,6424.5,7831,ES.v.0
2025-08-11 12:00:00+00:00,34,1,14160,6424.5,6426.75,6415.75,6418.0,14114,ES.v.0
2025-08-11 13:00:00+00:00,34,1,14160,6418.0,6419.25,6410.0,6418.5,118566,ES.v.0
2025-08-11 14:00:00+00:00,34,1,14160,6418.25,6421.5,6406.75,6409.25,138308,ES.v.0
2025-08-11 15:00:00+00:00,34,1,14160,6409.25,6420.5,6406.75,6420.25,103271,ES.v.0
2025-08-11 16:00:00+00:00,34,1,14160,6420.25,6431.5,6414.5,6414.75,125040,ES.v.0
2025-08-11 17:00:00+00:00,34,1,14160,6414.75,6417.5,6405.25,6409.0,93697,ES.v.0
2025-08-11 18:00:00+00:00,34,1,14160,6409.0,6410.0,6396.25,6406.25,109783,ES.v.0
2025-08-11 19:00:00+00:00,34,1,14160,6406.25,6407.5,6387.5,6400.0,197324,ES.v.0
2025-08-11 20:00:00+00:00,34,1,14160,6400.25,6401.75,6394.75,6396.5,41927,ES.v.0
2025-08-11 22:00:00+00:00,34,1,14160,6396.0,6400.5,6393.0,6399.75,6269,ES.v.0
2025-08-11 23:00:00+00:00,34,1,14160,6399.5,6401.25,6396.25,6398.75,3129,ES.v.0
2025-08-12 00:00:00+00:00,34,1,14160,6398.75,6406.25,6397.0,6401.25,7819,ES.v.0
2025-08-12 01:00:00+00:00,34,1,14160,6401.5,6405.0,6399.5,6404.5,3788,ES.v.0
2025-08-12 02:00:00+00:00,34,1,14160,6404.5,6406.25,6403.25,6404.0,3259,ES.v.0
2025-08-12 03:00:00+00:00,34,1,14160,6404.0,6406.75,6403.75,6404.75,2195,ES.v.0
2025-08-12 04:00:00+00:00,34,1,14160,6404.75,6409.75,6403.5,6409.0,2482,ES.v.0
2025-08-12 05:00:00+00:00,34,1,14160,6409.0,6409.25,6392.25,6400.75,12311,ES.v.0
2025-08-12 06:00:00+00:00,34,1,14160,6401.0,6411.0,6400.0,6405.25,7115,ES.v.0
2025-08-12 07:00:00+00:00,34,1,14160,6405.5,6410.5,6403.5,6408.5,8088,ES.v.0
2025-08-12 08:00:00+00:00,34,1,14160,6408.25,6409.0,6401.25,6402.25,5817,ES.v.0
2025-08-12 09:00:00+00:00,34,1,14160,6402.0,6405.0,6400.25,6400.5,6246,ES.v.0
2025-08-12 10:00:00+00:00,34,1,14160,6400.25,6401.5,6398.0,6398.75,5862,ES.v.0
2025-08-12 11:00:00+00:00,34,1,14160,6399.0,6399.0,6391.25,6398.0,11256,ES.v.0
2025-08-12 12:00:00+00:00,34,1,14160,6398.25,6442.0,6397.5,6432.0,88363,ES.v.0
2025-08-12 13:00:00+00:00,34,1,14160,6432.0,6439.75,6410.25,6414.0,233466,ES.v.0
2025-08-12 14:00:00+00:00,34,1,14160,6414.25,6443.25,6408.5,6439.75,218201,ES.v.0
2025-08-12 15:00:00+00:00,34,1,14160,6439.75,6453.75,6439.0,6453.25,152497,ES.v.0
2025-08-12 16:00:00+00:00,34,1,14160,6453.5,6461.25,6449.5,6458.0,79155,ES.v.0
2025-08-12 17:00:00+00:00,34,1,14160,6458.0,6462.5,6455.25,6461.75,66460,ES.v.0
2025-08-12 18:00:00+00:00,34,1,14160,6461.5,6467.25,6460.75,6461.5,73300,ES.v.0
2025-08-12 19:00:00+00:00,34,1,14160,6461.5,6470.0,6460.75,6467.5,175745,ES.v.0
2025-08-12 20:00:00+00:00,34,1,14160,6467.5,6469.75,6465.5,6468.5,47307,ES.v.0
2025-08-12 22:00:00+00:00,34,1,14160,6468.0,6468.5,6464.0,6465.0,5549,ES.v.0
2025-08-12 23:00:00+00:00,34,1,14160,6464.75,6474.75,6464.5,6471.25,8355,ES.v.0
2025-08-13 00:00:00+00:00,34,1,14160,6471.25,6472.0,6465.25,6466.0,8169,ES.v.0
2025-08-13 01:00:00+00:00,34,1,14160,6466.0,6467.0,6461.25,6461.75,5555,ES.v.0
2025-08-13 02:00:00+00:00,34,1,14160,6461.75,6467.25,6461.0,6465.75,4224,ES.v.0
2025-08-13 03:00:00+00:00,34,1,14160,6465.75,6468.5,6465.25,6466.5,3183,ES.v.0
2025-08-13 04:00:00+00:00,34,1,14160,6466.5,6471.0,6466.25,6469.25,3582,ES.v.0
2025-08-13 05:00:00+00:00,34,1,14160,6469.5,6470.0,6466.0,6466.5,3113,ES.v.0
2025-08-13 06:00:00+00:00,34,1,14160,6466.75,6471.75,6463.0,6468.25,5638,ES.v.0
2025-08-13 07:00:00+00:00,34,1,14160,6468.5,6477.25,6468.25,6476.0,10356,ES.v.0
2025-08-13 08:00:00+00:00,34,1,14160,6476.25,6484.25,6474.75,6479.0,11416,ES.v.0
2025-08-13 09:00:00+00:00,34,1,14160,6479.25,6484.25,6477.5,6483.5,7914,ES.v.0
2025-08-13 10:00:00+00:00,34,1,14160,6483.25,6484.5,6478.75,6481.25,8048,ES.v.0
2025-08-13 11:00:00+00:00,34,1,14160,6481.0,6483.5,6479.25,6481.25,9224,ES.v.0
2025-08-13 12:00:00+00:00,34,1,14160,6481.25,6488.5,6480.0,6486.0,15916,ES.v.0
2025-08-13 13:00:00+00:00,34,1,14160,6486.25,6502.5,6485.0,6496.75,134335,ES.v.0
2025-08-13 14:00:00+00:00,34,1,14160,6496.75,6497.5,6475.5,6478.0,190320,ES.v.0
2025-08-13 15:00:00+00:00,34,1,14160,6478.0,6482.75,6470.5,6474.25,141795,ES.v.0
2025-08-13 16:00:00+00:00,34,1,14160,6474.0,6479.0,6466.75,6470.25,83792,ES.v.0
2025-08-13 17:00:00+00:00,34,1,14160,6470.25,6477.75,6467.0,6475.5,89656,ES.v.0
2025-08-13 18:00:00+00:00,34,1,14160,6475.75,6483.25,6472.5,6480.25,95413,ES.v.0
2025-08-13 19:00:00+00:00,34,1,14160,6480.5,6491.25,6478.5,6489.0,171929,ES.v.0
2025-08-13 20:00:00+00:00,34,1,14160,6489.0,6493.25,6483.75,6484.0,39347,ES.v.0
2025-08-13 22:00:00+00:00,34,1,14160,6485.0,6489.0,6479.75,6488.25,5200,ES.v.0
2025-08-13 23:00:00+00:00,34,1,14160,6488.25,6490.5,6486.25,6487.25,3418,ES.v.0
2025-08-14 00:00:00+00:00,34,1,14160,6487.5,6489.25,6484.5,6484.75,5330,ES.v.0
2025-08-14 01:00:00+00:00,34,1,14160,6484.75,6485.5,6481.25,6484.0,5127,ES.v.0
2025-08-14 02:00:00+00:00,34,1,14160,6484.25,6486.25,6483.0,6486.0,2685,ES.v.0
2025-08-14 03:00:00+00:00,34,1,14160,6486.25,6486.75,6482.25,6483.0,2441,ES.v.0
2025-08-14 04:00:00+00:00,34,1,14160,6482.75,6486.0,6482.0,6485.25,2107,ES.v.0
2025-08-14 05:00:00+00:00,34,1,14160,6485.5,6485.5,6478.0,6480.0,4511,ES.v.0
2025-08-14 06:00:00+00:00,34,1,14160,6480.0,6480.75,6477.0,6479.5,5735,ES.v.0
2025-08-14 07:00:00+00:00,34,1,14160,6479.5,6485.25,6479.5,6485.0,8115,ES.v.0
2025-08-14 08:00:00+00:00,34,1,14160,6484.75,6488.0,6484.0,6485.0,5875,ES.v.0
2025-08-14 09:00:00+00:00,34,1,14160,6484.75,6489.0,6483.5,6487.0,5234,ES.v.0
2025-08-14 10:00:00+00:00,34,1,14160,6486.75,6488.0,6483.5,6485.25,4774,ES.v.0
2025-08-14 11:00:00+00:00,34,1,14160,6485.0,6491.25,6484.0,6490.75,7265,ES.v.0
2025-08-14 12:00:00+00:00,34,1,14160,6490.75,6491.75,6453.25,6465.75,72847,ES.v.0
2025-08-14 13:00:00+00:00,34,1,14160,6465.5,6482.0,6460.0,6479.75,166247,ES.v.0
2025-08-14 14:00:00+00:00,34,1,14160,6479.75,6495.25,6476.25,6487.0,163191,ES.v.0
2025-08-14 15:00:00+00:00,34,1,14160,6487.0,6487.5,6469.0,6479.75,153512,ES.v.0
2025-08-14 16:00:00+00:00,34,1,14160,6479.75,6482.25,6465.5,6481.0,108863,ES.v.0
2025-08-14 17:00:00+00:00,34,1,14160,6481.25,6490.25,6480.25,6486.75,88923,ES.v.0
2025-08-14 18:00:00+00:00,34,1,14160,6486.75,6489.0,6478.5,6485.5,92060,ES.v.0
2025-08-14 19:00:00+00:00,34,1,14160,6485.75,6496.0,6484.25,6488.75,162408,ES.v.0
2025-08-14 20:00:00+00:00,34,1,14160,6488.75,6491.25,6481.5,6489.75,66373,ES.v.0
2025-08-14 22:00:00+00:00,34,1,14160,6489.25,6492.75,6486.75,6492.5,4568,ES.v.0
2025-08-14 23:00:00+00:00,34,1,14160,6492.5,6494.75,6490.25,6490.5,2940,ES.v.0
2025-08-15 00:00:00+00:00,34,1,14160,6490.75,6496.0,6487.5,6492.75,5031,ES.v.0
2025-08-15 01:00:00+00:00,34,1,14160,6492.5,6500.0,6492.0,6498.0,5411,ES.v.0
2025-08-15 02:00:00+00:00,34,1,14160,6498.0,6501.5,6498.0,6500.0,5658,ES.v.0
2025-08-15 03:00:00+00:00,34,1,14160,6499.75,6501.5,6498.0,6501.25,3577,ES.v.0
2025-08-15 04:00:00+00:00,34,1,14160,6501.25,6505.75,6501.0,6503.75,3954,ES.v.0
2025-08-15 05:00:00+00:00,34,1,14160,6503.75,6506.75,6502.25,6505.75,3842,ES.v.0
2025-08-15 06:00:00+00:00,34,1,14160,6505.75,6508.75,6504.0,6506.0,6896,ES.v.0
2025-08-15 07:00:00+00:00,34,1,14160,6506.25,6508.25,6503.25,6505.25,8150,ES.v.0
2025-08-15 08:00:00+00:00,34,1,14160,6505.25,6507.5,6494.0,6494.75,10874,ES.v.0
2025-08-15 09:00:00+00:00,34,1,14160,6494.5,6497.25,6491.75,6491.75,7888,ES.v.0
2025-08-15 10:00:00+00:00,34,1,14160,6492.0,6501.0,6490.0,6499.5,11589,ES.v.0
2025-08-15 11:00:00+00:00,34,1,14160,6499.5,6502.25,6498.75,6499.5,8054,ES.v.0
2025-08-15 12:00:00+00:00,34,1,14160,6499.75,6500.5,6492.0,6498.5,28360,ES.v.0
2025-08-15 13:00:00+00:00,34,1,14160,6498.25,6500.5,6473.5,6477.25,172937,ES.v.0
2025-08-15 14:00:00+00:00,34,1,14160,6477.0,6483.25,6468.25,6472.75,148163,ES.v.0
2025-08-15 15:00:00+00:00,34,1,14160,6472.5,6479.5,6461.5,6470.75,137215,ES.v.0
2025-08-15 16:00:00+00:00,34,1,14160,6470.5,6479.5,6467.25,6477.5,90544,ES.v.0
2025-08-15 17:00:00+00:00,34,1,14160,6477.5,6485.0,6474.0,6484.25,72783,ES.v.0
2025-08-15 18:00:00+00:00,34,1,14160,6484.5,6485.5,6474.75,6479.25,82812,ES.v.0
2025-08-15 19:00:00+00:00,34,1,14160,6479.25,6479.5,6467.75,6471.5,187469,ES.v.0
2025-08-15 20:00:00+00:00,34,1,14160,6471.5,6472.25,6464.0,6467.25,43911,ES.v.0
2025-08-17 22:00:00+00:00,34,1,14160,6467.0,6480.0,6466.25,6479.25,6793,ES.v.0
2025-08-17 23:00:00+00:00,34,1,14160,6479.25,6482.75,6477.75,6480.5,3462,ES.v.0
2025-08-18 00:00:00+00:00,34,1,14160,6480.5,6483.0,6479.5,6480.25,4786,ES.v.0
2025-08-18 01:00:00+00:00,34,1,14160,6480.25,6484.25,6479.5,6484.25,4052,ES.v.0
2025-08-18 02:00:00+00:00,34,1,14160,6484.0,6484.25,6481.25,6482.5,2353,ES.v.0
2025-08-18 03:00:00+00:00,34,1,14160,6482.5,6483.75,6479.75,6480.5,2516,ES.v.0
2025-08-18 04:00:00+00:00,34,1,14160,6480.25,6481.0,6478.0,6478.5,2450,ES.v.0
2025-08-18 05:00:00+00:00,34,1,14160,6478.25,6480.0,6477.0,6478.5,2947,ES.v.0
2025-08-18 06:00:00+00:00,34,1,14160,6478.25,6479.75,6461.25,6466.25,9662,ES.v.0
2025-08-18 07:00:00+00:00,34,1,14160,6466.5,6468.75,6459.0,6465.25,10455,ES.v.0
2025-08-18 08:00:00+00:00,34,1,14160,6465.5,6467.75,6456.75,6464.25,11802,ES.v.0
2025-08-18 09:00:00+00:00,34,1,14160,6464.5,6464.75,6456.0,6459.5,8058,ES.v.0
2025-08-18 10:00:00+00:00,34,1,14160,6459.75,6466.5,6459.25,6465.25,6660,ES.v.0
2025-08-18 11:00:00+00:00,34,1,14160,6465.25,6466.25,6461.25,6464.5,7688,ES.v.0
2025-08-18 12:00:00+00:00,34,1,14160,6464.5,6467.25,6461.0,6466.5,12068,ES.v.0
2025-08-18 13:00:00+00:00,34,1,14160,6466.5,6474.0,6461.0,6462.75,109233,ES.v.0
2025-08-18 14:00:00+00:00,34,1,14160,6462.75,6475.25,6458.5,6468.25,144232,ES.v.0
2025-08-18 15:00:00+00:00,34,1,14160,6468.0,6470.5,6460.75,6463.25,78963,ES.v.0
2025-08-18 16:00:00+00:00,34,1,14160,6463.0,6469.75,6457.25,6460.75,77633,ES.v.0
2025-08-18 17:00:00+00:00,34,1,14160,6460.75,6474.25,6460.5,6463.5,82111,ES.v.0
2025-08-18 18:00:00+00:00,34,1,14160,6463.75,6471.75,6460.0,6470.5,70232,ES.v.0
2025-08-18 19:00:00+00:00,34,1,14160,6470.25,6474.75,6466.5,6468.75,137544,ES.v.0
2025-08-18 20:00:00+00:00,34,1,14160,6468.75,6470.75,6466.0,6467.0,31978,ES.v.0
2025-08-18 22:00:00+00:00,34,1,14160,6468.5,6477.5,6467.75,6474.5,5050,ES.v.0
2025-08-18 23:00:00+00:00,34,1,14160,6474.25,6475.25,6470.25,6471.5,2302,ES.v.0
2025-08-19 00:00:00+00:00,34,1,14160,6471.5,6471.75,6462.0,6465.75,6455,ES.v.0
2025-08-19 01:00:00+00:00,34,1,14160,6466.0,6469.0,6463.75,6464.0,3966,ES.v.0
2025-08-19 02:00:00+00:00,34,1,14160,6463.75,6466.25,6460.25,6460.75,3889,ES.v.0
2025-08-19 03:00:00+00:00,34,1,14160,6460.75,6466.0,6459.25,6460.0,4071,ES.v.0
2025-08-19 04:00:00+00:00,34,1,14160,6460.25,6460.25,6456.75,6459.0,3363,ES.v.0
2025-08-19 05:00:00+00:00,34,1,14160,6459.25,6460.5,6454.0,6455.25,4030,ES.v.0
2025-08-19 06:00:00+00:00,34,1,14160,6455.0,6460.75,6454.75,6459.5,4218,ES.v.0
2025-08-19 07:00:00+00:00,34,1,14160,6459.5,6462.0,6456.75,6460.25,6073,ES.v.0
2025-08-19 08:00:00+00:00,34,1,14160,6460.25,6465.5,6458.0,6465.25,5801,ES.v.0
2025-08-19 09:00:00+00:00,34,1,14160,6465.25,6469.0,6464.25,6465.75,5594,ES.v.0
2025-08-19 10:00:00+00:00,34,1,14160,6466.0,6466.0,6459.5,6461.5,9427,ES.v.0
2025-08-19 11:00:00+00:00,34,1,14160,6461.25,6467.75,6461.0,6467.25,9019,ES.v.0
2025-08-19 12:00:00+00:00,34,1,14160,6467.0,6468.75,6462.5,6463.25,15323,ES.v.0
2025-08-19 13:00:00+00:00,34,1,14160,6463.25,6469.5,6454.75,6463.75,131632,ES.v.0
2025-08-19 14:00:00+00:00,34,1,14160,6463.75,6476.25,6446.5,6446.75,247106,ES.v.0
2025-08-19 15:00:00+00:00,34,1,14160,6446.75,6453.75,6439.0,6442.25,143372,ES.v.0
2025-08-19 16:00:00+00:00,34,1,14160,6442.0,6446.0,6427.75,6431.25,130158,ES.v.0
2025-08-19 17:00:00+00:00,34,1,14160,6431.25,6435.75,6422.5,6432.75,107177,ES.v.0
2025-08-19 18:00:00+00:00,34,1,14160,6432.75,6433.5,6421.25,6425.75,84879,ES.v.0
2025-08-19 19:00:00+00:00,34,1,14160,6426.0,6434.25,6419.25,6432.75,190278,ES.v.0
2025-08-19 20:00:00+00:00,34,1,14160,6432.75,6436.5,6432.5,6435.0,43986,ES.v.0
2025-08-19 22:00:00+00:00,34,1,14160,6433.0,6438.0,6429.75,6432.25,6240,ES.v.0
2025-08-19 23:00:00+00:00,34,1,14160,6432.25,6434.25,6424.25,6427.25,6562,ES.v.0
2025-08-20 00:00:00+00:00,34,1,14160,6427.5,6427.5,6422.25,6425.0,7266,ES.v.0
2025-08-20 01:00:00+00:00,34,1,14160,6424.75,6427.5,6417.5,6418.75,11365,ES.v.0
2025-08-20 02:00:00+00:00,34,1,14160,6418.5,6420.75,6415.5,6419.5,5374,ES.v.0
2025-08-20 03:00:00+00:00,34,1,14160,6419.5,6420.25,6409.25,6410.5,7507,ES.v.0
2025-08-20 04:00:00+00:00,34,1,14160,6410.75,6415.75,6410.5,6413.0,4323,ES.v.0
2025-08-20 05:00:00+00:00,34,1,14160,6412.75,6416.25,6409.0,6415.5,5190,ES.v.0
2025-08-20 06:00:00+00:00,34,1,14160,6415.5,6419.25,6411.25,6417.75,7705,ES.v.0
2025-08-20 07:00:00+00:00,34,1,14160,6417.75,6425.5,6417.25,6419.75,10148,ES.v.0
2025-08-20 08:00:00+00:00,34,1,14160,6420.0,6422.0,6412.5,6419.5,10709,ES.v.0
2025-08-20 09:00:00+00:00,34,1,14160,6419.75,6425.5,6417.75,6424.0,8639,ES.v.0
2025-08-20 10:00:00+00:00,34,1,14160,6424.25,6427.75,6420.75,6425.25,7595,ES.v.0
2025-08-20 11:00:00+00:00,34,1,14160,6425.0,6429.75,6418.5,6424.25,13803,ES.v.0
2025-08-20 12:00:00+00:00,34,1,14160,6424.25,6429.75,6421.5,6427.0,22023,ES.v.0
2025-08-20 13:00:00+00:00,34,1,14160,6427.0,6430.75,6383.0,6387.25,214717,ES.v.0
2025-08-20 14:00:00+00:00,34,1,14160,6387.25,6396.5,6362.75,6367.25,301362,ES.v.0
2025-08-20 15:00:00+00:00,34,1,14160,6367.5,6402.75,6365.25,6385.0,228880,ES.v.0
2025-08-20 16:00:00+00:00,34,1,14160,6385.0,6408.5,6384.5,6397.0,134162,ES.v.0
2025-08-20 17:00:00+00:00,34,1,14160,6396.75,6413.25,6395.0,6406.0,115354,ES.v.0
2025-08-20 18:00:00+00:00,34,1,14160,6406.0,6407.25,6385.5,6400.5,140691,ES.v.0
2025-08-20 19:00:00+00:00,34,1,14160,6400.5,6424.25,6400.25,6413.75,217997,ES.v.0
2025-08-20 20:00:00+00:00,34,1,14160,6414.0,6415.5,6411.0,6414.5,38411,ES.v.0
2025-08-20 22:00:00+00:00,34,1,14160,6414.25,6417.75,6410.0,6411.5,7047,ES.v.0
2025-08-20 23:00:00+00:00,34,1,14160,6411.25,6412.75,6408.0,6411.25,3453,ES.v.0
2025-08-21 00:00:00+00:00,34,1,14160,6411.0,6411.5,6401.25,6405.5,6954,ES.v.0
2025-08-21 01:00:00+00:00,34,1,14160,6405.25,6416.75,6401.0,6416.25,6854,ES.v.0
2025-08-21 02:00:00+00:00,34,1,14160,6416.0,6419.0,6413.75,6417.25,5321,ES.v.0
2025-08-21 03:00:00+00:00,34,1,14160,6417.25,6418.75,6413.5,6413.75,2633,ES.v.0
2025-08-21 04:00:00+00:00,34,1,14160,6413.75,6414.5,6411.25,6412.0,2594,ES.v.0
2025-08-21 05:00:00+00:00,34,1,14160,6412.25,6414.0,6406.5,6413.25,4193,ES.v.0
2025-08-21 06:00:00+00:00,34,1,14160,6413.5,6418.75,6412.25,6416.25,4607,ES.v.0
2025-08-21 07:00:00+00:00,34,1,14160,6416.25,6417.25,6409.5,6413.0,8733,ES.v.0
2025-08-21 08:00:00+00:00,34,1,14160,6413.25,6416.75,6403.0,6403.25,9133,ES.v.0
2025-08-21 09:00:00+00:00,34,1,14160,6403.25,6408.25,6401.25,6403.75,7330,ES.v.0
2025-08-21 10:00:00+00:00,34,1,14160,6403.75,6404.5,6395.0,6403.0,10622,ES.v.0
2025-08-21 11:00:00+00:00,34,1,14160,6402.75,6408.25,6394.25,6397.75,15593,ES.v.0
2025-08-21 12:00:00+00:00,34,1,14160,6397.75,6398.0,6384.75,6387.0,29092,ES.v.0
2025-08-21 13:00:00+00:00,34,1,14160,6386.75,6397.75,6375.5,6384.0,179647,ES.v.0
2025-08-21 14:00:00+00:00,34,1,14160,6383.75,6412.25,6378.5,6404.25,196209,ES.v.0
2025-08-21 15:00:00+00:00,34,1,14160,6404.0,6408.5,6385.25,6388.25,159191,ES.v.0
2025-08-21 16:00:00+00:00,34,1,14160,6388.0,6392.75,6378.75,6381.0,115332,ES.v.0
2025-08-21 17:00:00+00:00,34,1,14160,6381.0,6394.5,6370.25,6391.5,112346,ES.v.0
2025-08-21 18:00:00+00:00,34,1,14160,6391.5,6395.25,6383.0,6393.75,82094,ES.v.0
2025-08-21 19:00:00+00:00,34,1,14160,6393.5,6397.5,6383.0,6388.25,155663,ES.v.0
2025-08-21 20:00:00+00:00,34,1,14160,6388.5,6392.25,6386.0,6390.75,31762,ES.v.0
2025-08-21 22:00:00+00:00,34,1,14160,6392.0,6397.5,6391.5,6396.75,5569,ES.v.0
2025-08-21 23:00:00+00:00,34,1,14160,6396.5,6398.5,6394.25,6398.25,3293,ES.v.0
2025-08-22 00:00:00+00:00,34,1,14160,6398.0,6399.25,6385.25,6391.5,9061,ES.v.0
2025-08-22 01:00:00+00:00,34,1,14160,6391.5,6393.0,6387.75,6390.0,4726,ES.v.0
2025-08-22 02:00:00+00:00,34,1,14160,6390.0,6394.75,6388.75,6389.0,4957,ES.v.0
2025-08-22 03:00:00+00:00,34,1,14160,6389.0,6389.5,6385.5,6386.25,3151,ES.v.0
2025-08-22 04:00:00+00:00,34,1,14160,6386.5,6390.5,6386.0,6389.0,2084,ES.v.0
2025-08-22 05:00:00+00:00,34,1,14160,6389.0,6389.75,6382.75,6385.25,3477,ES.v.0
2025-08-22 06:00:00+00:00,34,1,14160,6385.25,6385.25,6364.0,6376.75,12393,ES.v.0
2025-08-22 07:00:00+00:00,34,1,14160,6376.75,6391.5,6375.0,6390.5,9994,ES.v.0
2025-08-22 08:00:00+00:00,34,1,14160,6390.25,6402.75,6388.75,6402.0,13242,ES.v.0
2025-08-22 09:00:00+00:00,34,1,14160,6402.0,6402.5,6398.5,6402.0,7352,ES.v.0
2025-08-22 10:00:00+00:00,34,1,14160,6402.25,6406.0,6401.25,6404.0,7764,ES.v.0
2025-08-22 11:00:00+00:00,34,1,14160,6404.0,6406.0,6398.0,6400.0,9013,ES.v.0
2025-08-22 12:00:00+00:00,34,1,14160,6399.75,6405.75,6399.25,6400.25,15960,ES.v.0
2025-08-22 13:00:00+00:00,34,1,14160,6400.25,6427.75,6399.25,6414.25,147543,ES.v.0
2025-08-22 14:00:00+00:00,34,1,14160,6414.25,6492.75,6414.25,6487.25,395793,ES.v.0
2025-08-22 15:00:00+00:00,34,1,14160,6487.5,6496.25,6484.0,6485.0,141836,ES.v.0
2025-08-22 16:00:00+00:00,34,1,14160,6485.25,6490.0,6473.75,6478.0,106243,ES.v.0
2025-08-22 17:00:00+00:00,34,1,14160,6477.75,6495.0,6477.75,6489.0,96235,ES.v.0
2025-08-22 18:00:00+00:00,34,1,14160,6489.0,6491.5,6483.75,6485.75,76560,ES.v.0
2025-08-22 19:00:00+00:00,34,1,14160,6485.75,6487.75,6474.0,6483.25,225755,ES.v.0
2025-08-22 20:00:00+00:00,34,1,14160,6483.0,6486.75,6480.0,6484.75,47302,ES.v.0
2025-08-24 22:00:00+00:00,34,1,14160,6493.0,6494.0,6479.0,6483.25,7031,ES.v.0
2025-08-24 23:00:00+00:00,34,1,14160,6483.25,6486.75,6480.75,6483.0,4243,ES.v.0
2025-08-25 00:00:00+00:00,34,1,14160,6483.25,6487.25,6477.75,6479.25,6698,ES.v.0
2025-08-25 01:00:00+00:00,34,1,14160,6479.25,6480.0,6474.5,6474.5,4971,ES.v.0
2025-08-25 02:00:00+00:00,34,1,14160,6474.5,6477.25,6471.75,6472.0,5911,ES.v.0
2025-08-25 03:00:00+00:00,34,1,14160,6471.75,6478.25,6471.5,6477.75,7297,ES.v.0
2025-08-25 04:00:00+00:00,34,1,14160,6477.5,6480.0,6476.75,6479.25,2975,ES.v.0
2025-08-25 05:00:00+00:00,34,1,14160,6479.25,6482.0,6478.25,6481.75,3890,ES.v.0
2025-08-25 06:00:00+00:00,34,1,14160,6481.75,6482.5,6473.25,6474.0,8208,ES.v.0
2025-08-25 07:00:00+00:00,34,1,14160,6474.25,6476.0,6471.75,6474.0,10644,ES.v.0
2025-08-25 08:00:00+00:00,34,1,14160,6474.0,6475.75,6470.75,6471.0,7847,ES.v.0
2025-08-25 09:00:00+00:00,34,1,14160,6471.25,6471.5,6467.0,6470.0,7693,ES.v.0
2025-08-25 10:00:00+00:00,34,1,14160,6470.0,6470.0,6462.5,6463.75,8401,ES.v.0
2025-08-25 11:00:00+00:00,34,1,14160,6463.75,6469.5,6462.75,6468.25,7481,ES.v.0
2025-08-25 12:00:00+00:00,34,1,14160,6468.0,6468.0,6460.75,6464.25,16750,ES.v.0
2025-08-25 13:00:00+00:00,34,1,14160,6464.5,6473.5,6463.75,6473.25,129401,ES.v.0
2025-08-25 14:00:00+00:00,34,1,14160,6473.0,6476.75,6466.75,6474.0,138744,ES.v.0
2025-08-25 15:00:00+00:00,34,1,14160,6473.75,6480.25,6471.75,6479.25,93315,ES.v.0
2025-08-25 16:00:00+00:00,34,1,14160,6479.25,6482.75,6477.5,6479.75,56131,ES.v.0
2025-08-25 17:00:00+00:00,34,1,14160,6479.5,6480.0,6469.75,6474.75,78828,ES.v.0
2025-08-25 18:00:00+00:00,34,1,14160,6474.5,6475.25,6468.5,6468.75,66001,ES.v.0
2025-08-25 19:00:00+00:00,34,1,14160,6469.0,6471.0,6453.25,6454.5,177264,ES.v.0
2025-08-25 20:00:00+00:00,34,1,14160,6454.75,6461.25,6453.0,6459.5,49681,ES.v.0
2025-08-25 22:00:00+00:00,34,1,14160,6460.25,6463.75,6458.5,6462.0,4172,ES.v.0
2025-08-25 23:00:00+00:00,34,1,14160,6462.0,6463.0,6457.75,6460.0,3766,ES.v.0
2025-08-26 00:00:00+00:00,34,1,14160,6459.75,6463.25,6430.75,6441.25,39835,ES.v.0
2025-08-26 01:00:00+00:00,34,1,14160,6441.5,6449.75,6437.75,6441.75,11329,ES.v.0
2025-08-26 02:00:00+00:00,34,1,14160,6442.0,6453.0,6441.75,6446.25,6412,ES.v.0
2025-08-26 03:00:00+00:00,34,1,14160,6446.5,6448.25,6444.5,6446.75,3387,ES.v.0
2025-08-26 04:00:00+00:00,34,1,14160,6446.75,6448.75,6444.75,6447.75,2524,ES.v.0
2025-08-26 05:00:00+00:00,34,1,14160,6448.0,6454.75,6448.0,6453.25,4537,ES.v.0
2025-08-26 06:00:00+00:00,34,1,14160,6453.0,6454.25,6445.25,6447.0,7802,ES.v.0
2025-08-26 07:00:00+00:00,34,1,14160,6446.75,6448.25,6435.0,6442.25,16390,ES.v.0
2025-08-26 08:00:00+00:00,34,1,14160,6442.25,6448.75,6441.5,6446.0,8466,ES.v.0
2025-08-26 09:00:00+00:00,34,1,14160,6446.0,6451.0,6444.25,6449.5,6472,ES.v.0
2025-08-26 10:00:00+00:00,34,1,14160,6449.5,6453.5,6449.0,6451.75,8443,ES.v.0
2025-08-26 11:00:00+00:00,34,1,14160,6451.75,6452.75,6444.0,6449.25,10157,ES.v.0
2025-08-26 12:00:00+00:00,34,1,14160,6449.0,6452.0,6443.0,6450.75,17825,ES.v.0
2025-08-26 13:00:00+00:00,34,1,14160,6450.75,6457.5,6444.5,6454.25,130891,ES.v.0
2025-08-26 14:00:00+00:00,34,1,14160,6454.25,6461.75,6452.75,6456.0,132632,ES.v.0
2025-08-26 15:00:00+00:00,34,1,14160,6455.75,6458.0,6452.0,6456.5,84631,ES.v.0
2025-08-26 16:00:00+00:00,34,1,14160,6456.5,6464.75,6456.5,6462.25,72188,ES.v.0
2025-08-26 17:00:00+00:00,34,1,14160,6462.25,6465.25,6453.5,6457.75,75439,ES.v.0
2025-08-26 18:00:00+00:00,34,1,14160,6457.75,6469.5,6456.75,6468.25,71892,ES.v.0
2025-08-26 19:00:00+00:00,34,1,14160,6468.5,6485.0,6465.5,6481.0,271809,ES.v.0
2025-08-26 20:00:00+00:00,34,1,14160,6480.75,6487.5,6479.25,6487.0,53396,ES.v.0
2025-08-26 22:00:00+00:00,34,1,14160,6486.75,6488.75,6485.0,6486.75,4811,ES.v.0
2025-08-26 23:00:00+00:00,34,1,14160,6487.0,6488.25,6485.75,6486.25,2265,ES.v.0
2025-08-27 00:00:00+00:00,34,1,14160,6486.5,6487.0,6483.25,6484.0,4462,ES.v.0
2025-08-27 01:00:00+00:00,34,1,14160,6484.0,6489.0,6483.75,6488.5,4412,ES.v.0
2025-08-27 02:00:00+00:00,34,1,14160,6488.75,6489.25,6486.0,6486.5,2600,ES.v.0
2025-08-27 03:00:00+00:00,34,1,14160,6486.5,6488.5,6486.25,6487.75,1955,ES.v.0
2025-08-27 04:00:00+00:00,34,1,14160,6487.5,6488.5,6486.0,6487.25,1795,ES.v.0
2025-08-27 05:00:00+00:00,34,1,14160,6487.25,6487.5,6483.0,6484.0,3059,ES.v.0
2025-08-27 06:00:00+00:00,34,1,14160,6484.0,6487.5,6483.25,6484.25,5364,ES.v.0
2025-08-27 07:00:00+00:00,34,1,14160,6484.5,6487.75,6478.5,6482.5,11473,ES.v.0
2025-08-27 08:00:00+00:00,34,1,14160,6482.75,6484.5,6478.0,6482.25,8200,ES.v.0
2025-08-27 09:00:00+00:00,34,1,14160,6482.25,6486.5,6481.5,6484.75,5481,ES.v.0
2025-08-27 10:00:00+00:00,34,1,14160,6485.0,6486.5,6484.0,6485.0,4196,ES.v.0
2025-08-27 11:00:00+00:00,34,1,14160,6484.75,6487.75,6483.5,6486.0,6077,ES.v.0
2025-08-27 12:00:00+00:00,34,1,14160,6486.0,6488.5,6477.75,6480.75,20389,ES.v.0
2025-08-27 13:00:00+00:00,34,1,14160,6480.5,6483.75,6472.25,6482.0,127011,ES.v.0
2025-08-27 14:00:00+00:00,34,1,14160,6482.0,6492.75,6481.0,6490.5,129286,ES.v.0
2025-08-27 15:00:00+00:00,34,1,14160,6490.5,6495.5,6487.5,6494.25,82717,ES.v.0
2025-08-27 16:00:00+00:00,34,1,14160,6494.25,6494.75,6482.0,6491.5,97865,ES.v.0
2025-08-27 17:00:00+00:00,34,1,14160,6491.5,6496.75,6488.75,6496.25,49393,ES.v.0
2025-08-27 18:00:00+00:00,34,1,14160,6496.25,6502.25,6494.25,6498.75,67190,ES.v.0
2025-08-27 19:00:00+00:00,34,1,14160,6499.0,6502.5,6486.5,6494.25,181299,ES.v.0
2025-08-27 20:00:00+00:00,34,1,14160,6494.5,6505.5,6459.25,6485.25,94598,ES.v.0
2025-08-27 22:00:00+00:00,34,1,14160,6485.0,6486.25,6474.25,6478.0,7459,ES.v.0
2025-08-27 23:00:00+00:00,34,1,14160,6477.75,6479.5,6474.5,6476.0,4152,ES.v.0
2025-08-28 00:00:00+00:00,34,1,14160,6475.75,6480.0,6471.0,6479.0,8560,ES.v.0
2025-08-28 01:00:00+00:00,34,1,14160,6479.0,6487.5,6478.5,6486.5,6321,ES.v.0
2025-08-28 02:00:00+00:00,34,1,14160,6486.5,6489.75,6485.75,6487.75,4552,ES.v.0
2025-08-28 03:00:00+00:00,34,1,14160,6487.75,6493.75,6487.25,6492.5,4637,ES.v.0
2025-08-28 04:00:00+00:00,34,1,14160,6492.5,6492.5,6487.5,6488.25,2548,ES.v.0
2025-08-28 05:00:00+00:00,34,1,14160,6488.0,6490.0,6485.0,6485.5,2607,ES.v.0
2025-08-28 06:00:00+00:00,34,1,14160,6485.5,6499.75,6485.0,6497.0,8451,ES.v.0
2025-08-28 07:00:00+00:00,34,1,14160,6497.0,6504.25,6496.75,6504.25,10852,ES.v.0
2025-08-28 08:00:00+00:00,34,1,14160,6504.25,6506.75,6498.75,6499.0,11310,ES.v.0
2025-08-28 09:00:00+00:00,34,1,14160,6499.0,6501.75,6496.25,6497.75,5806,ES.v.0
2025-08-28 10:00:00+00:00,34,1,14160,6498.0,6499.5,6492.0,6495.75,7165,ES.v.0
2025-08-28 11:00:00+00:00,34,1,14160,6495.5,6497.75,6490.5,6497.25,10564,ES.v.0
2025-08-28 12:00:00+00:00,34,1,14160,6497.25,6503.25,6492.0,6498.75,29561,ES.v.0
2025-08-28 13:00:00+00:00,34,1,14160,6498.75,6508.5,6480.75,6487.0,187417,ES.v.0
2025-08-28 14:00:00+00:00,34,1,14160,6486.75,6499.5,6483.25,6496.5,166792,ES.v.0
2025-08-28 15:00:00+00:00,34,1,14160,6496.75,6504.25,6488.5,6498.0,130089,ES.v.0
2025-08-28 16:00:00+00:00,34,1,14160,6498.0,6513.0,6497.0,6504.25,105662,ES.v.0
2025-08-28 17:00:00+00:00,34,1,14160,6504.5,6513.0,6502.25,6511.75,65064,ES.v.0
2025-08-28 18:00:00+00:00,34,1,14160,6511.5,6518.5,6511.0,6517.75,71767,ES.v.0
2025-08-28 19:00:00+00:00,34,1,14160,6517.5,6523.0,6515.25,6517.0,192882,ES.v.0
2025-08-28 20:00:00+00:00,34,1,14160,6517.0,6519.25,6514.0,6516.25,53600,ES.v.0
2025-08-28 22:00:00+00:00,34,1,14160,6516.0,6518.0,6511.5,6513.0,5400,ES.v.0
2025-08-28 23:00:00+00:00,34,1,14160,6512.75,6515.25,6511.75,6514.25,2647,ES.v.0
2025-08-29 00:00:00+00:00,34,1,14160,6514.0,6516.75,6512.5,6514.25,4260,ES.v.0
2025-08-29 01:00:00+00:00,34,1,14160,6514.25,6515.5,6511.5,6512.25,3701,ES.v.0
2025-08-29 02:00:00+00:00,34,1,14160,6512.25,6512.25,6509.75,6511.0,3081,ES.v.0
2025-08-29 03:00:00+00:00,34,1,14160,6511.0,6514.5,6511.0,6511.75,2815,ES.v.0
2025-08-29 04:00:00+00:00,34,1,14160,6511.5,6512.5,6509.5,6509.75,1635,ES.v.0
2025-08-29 05:00:00+00:00,34,1,14160,6510.0,6511.5,6509.0,6511.5,2388,ES.v.0
2025-08-29 06:00:00+00:00,34,1,14160,6511.5,6513.0,6508.5,6508.75,4468,ES.v.0
2025-08-29 07:00:00+00:00,34,1,14160,6508.75,6512.0,6502.75,6503.0,9718,ES.v.0
2025-08-29 08:00:00+00:00,34,1,14160,6503.0,6504.75,6492.0,6492.75,16034,ES.v.0
2025-08-29 09:00:00+00:00,34,1,14160,6493.0,6497.75,6488.75,6495.75,9548,ES.v.0
2025-08-29 10:00:00+00:00,34,1,14160,6496.0,6498.25,6492.25,6495.0,7919,ES.v.0
2025-08-29 11:00:00+00:00,34,1,14160,6494.75,6498.25,6494.0,6495.75,8338,ES.v.0
2025-08-29 12:00:00+00:00,34,1,14160,6495.5,6505.75,6491.75,6501.25,30971,ES.v.0
2025-08-29 13:00:00+00:00,34,1,14160,6501.0,6504.0,6477.0,6479.25,189474,ES.v.0
2025-08-29 14:00:00+00:00,34,1,14160,6479.75,6485.0,6455.5,6462.5,288328,ES.v.0
2025-08-29 15:00:00+00:00,34,1,14160,6462.5,6472.0,6461.0,6462.25,121447,ES.v.0
2025-08-29 16:00:00+00:00,34,1,14160,6462.0,6474.75,6461.75,6471.25,73985,ES.v.0
2025-08-29 17:00:00+00:00,34,1,14160,6471.25,6474.5,6458.5,6470.75,92524,ES.v.0
2025-08-29 18:00:00+00:00,34,1,14160,6470.5,6471.75,6465.75,6469.25,64353,ES.v.0
2025-08-29 19:00:00+00:00,34,1,14160,6469.0,6476.0,6462.25,6475.25,264393,ES.v.0
2025-08-29 20:00:00+00:00,34,1,14160,6475.25,6479.25,6470.75,6474.0,65698,ES.v.0
2025-08-31 22:00:00+00:00,34,1,14160,6478.75,6487.5,6474.25,6487.25,7115,ES.v.0
2025-08-31 23:00:00+00:00,34,1,14160,6487.25,6489.75,6486.25,6488.25,2867,ES.v.0
2025-09-01 00:00:00+00:00,34,1,14160,6488.25,6491.5,6485.25,6488.75,5080,ES.v.0
2025-09-01 01:00:00+00:00,34,1,14160,6488.75,6489.0,6482.75,6484.25,4580,ES.v.0
2025-09-01 02:00:00+00:00,34,1,14160,6484.25,6484.5,6474.75,6475.75,4900,ES.v.0
2025-09-01 03:00:00+00:00,34,1,14160,6475.5,6478.75,6468.25,6470.25,4924,ES.v.0
2025-09-01 04:00:00+00:00,34,1,14160,6470.25,6471.5,6465.0,6469.0,3678,ES.v.0
2025-09-01 05:00:00+00:00,34,1,14160,6469.0,6470.75,6464.5,6467.75,4175,ES.v.0
2025-09-01 06:00:00+00:00,34,1,14160,6467.5,6475.5,6459.5,6470.75,8593,ES.v.0
2025-09-01 07:00:00+00:00,34,1,14160,6471.0,6478.0,6469.25,6476.0,8013,ES.v.0
2025-09-01 08:00:00+00:00,34,1,14160,6476.0,6485.0,6473.5,6482.0,8878,ES.v.0
2025-09-01 09:00:00+00:00,34,1,14160,6481.75,6482.5,6478.0,6479.25,3694,ES.v.0
2025-09-01 10:00:00+00:00,34,1,14160,6479.25,6482.0,6476.75,6477.75,5122,ES.v.0
2025-09-01 11:00:00+00:00,34,1,14160,6477.5,6478.75,6470.25,6472.5,5115,ES.v.0
2025-09-01 12:00:00+00:00,34,1,14160,6472.5,6475.5,6470.75,6474.25,4792,ES.v.0
2025-09-01 13:00:00+00:00,34,1,14160,6474.25,6479.0,6467.75,6478.0,11571,ES.v.0
2025-09-01 14:00:00+00:00,34,1,14160,6478.0,6481.25,6477.5,6481.0,10001,ES.v.0
2025-09-01 15:00:00+00:00,34,1,14160,6480.75,6484.0,6477.5,6482.25,10237,ES.v.0
2025-09-01 16:00:00+00:00,34,1,14160,6482.25,6484.0,6478.75,6483.0,4248,ES.v.0
2025-09-01 22:00:00+00:00,34,1,14160,6480.75,6482.25,6472.25,6472.75,5219,ES.v.0
2025-09-01 23:00:00+00:00,34,1,14160,6472.75,6473.5,6465.75,6469.75,6167,ES.v.0
2025-09-02 00:00:00+00:00,34,1,14160,6470.0,6474.25,6467.25,6473.75,5990,ES.v.0
2025-09-02 01:00:00+00:00,34,1,14160,6474.0,6476.25,6469.0,6469.0,4827,ES.v.0
2025-09-02 02:00:00+00:00,34,1,14160,6469.0,6471.0,6464.0,6466.75,5011,ES.v.0
2025-09-02 03:00:00+00:00,34,1,14160,6466.75,6469.5,6464.5,6469.0,2733,ES.v.0
2025-09-02 04:00:00+00:00,34,1,14160,6468.75,6471.25,6467.25,6469.5,2326,ES.v.0
2025-09-02 05:00:00+00:00,34,1,14160,6469.5,6469.75,6463.0,6464.0,3734,ES.v.0
2025-09-02 06:00:00+00:00,34,1,14160,6464.25,6471.75,6463.25,6471.5,4814,ES.v.0
2025-09-02 07:00:00+00:00,34,1,14160,6471.5,6472.5,6427.75,6430.25,31913,ES.v.0
2025-09-02 08:00:00+00:00,34,1,14160,6430.25,6446.0,6428.25,6441.75,20189,ES.v.0
2025-09-02 09:00:00+00:00,34,1,14160,6441.75,6444.5,6437.5,6438.0,9235,ES.v.0
2025-09-02 10:00:00+00:00,34,1,14160,6438.0,6441.0,6421.0,6426.5,17649,ES.v.0
2025-09-02 11:00:00+00:00,34,1,14160,6426.75,6428.0,6420.75,6422.25,19555,ES.v.0
2025-09-02 12:00:00+00:00,34,1,14160,6422.25,6422.25,6387.25,6396.0,78217,ES.v.0
2025-09-02 13:00:00+00:00,34,1,14160,6396.0,6416.5,6383.25,6414.5,234872,ES.v.0
2025-09-02 14:00:00+00:00,34,1,14160,6414.0,6425.0,6395.0,6399.25,239543,ES.v.0
2025-09-02 15:00:00+00:00,34,1,14160,6399.5,6402.5,6371.75,6374.5,187546,ES.v.0
2025-09-02 16:00:00+00:00,34,1,14160,6374.75,6392.5,6372.5,6392.25,131865,ES.v.0
2025-09-02 17:00:00+00:00,34,1,14160,6392.25,6413.75,6388.0,6406.75,149981,ES.v.0
2025-09-02 18:00:00+00:00,34,1,14160,6406.75,6412.5,6396.0,6403.75,114120,ES.v.0
2025-09-02 19:00:00+00:00,34,1,14160,6403.75,6427.75,6403.5,6426.0,243590,ES.v.0
2025-09-02 20:00:00+00:00,34,1,14160,6426.0,6447.5,6424.25,6447.25,96415,ES.v.0
2025-09-02 22:00:00+00:00,34,1,14160,6448.0,6448.0,6435.75,6437.0,10240,ES.v.0
2025-09-02 23:00:00+00:00,34,1,14160,6437.0,6438.0,6433.5,6435.0,5935,ES.v.0
2025-09-03 00:00:00+00:00,34,1,14160,6434.75,6435.5,6432.0,6434.75,6948,ES.v.0
2025-09-03 01:00:00+00:00,34,1,14160,6434.25,6434.75,6429.5,6433.5,5332,ES.v.0
2025-09-03 02:00:00+00:00,34,1,14160,6433.25,6434.25,6428.75,6430.5,3984,ES.v.0
2025-09-03 03:00:00+00:00,34,1,14160,6430.5,6433.0,6426.25,6430.0,5322,ES.v.0
2025-09-03 04:00:00+00:00,34,1,14160,6430.0,6432.0,6428.75,6431.0,2773,ES.v.0
2025-09-03 05:00:00+00:00,34,1,14160,6431.0,6431.25,6425.5,6426.75,5541,ES.v.0
2025-09-03 06:00:00+00:00,34,1,14160,6426.75,6437.5,6426.0,6434.0,15746,ES.v.0
2025-09-03 07:00:00+00:00,34,1,14160,6434.0,6444.0,6428.0,6442.5,18095,ES.v.0
2025-09-03 08:00:00+00:00,34,1,14160,6442.5,6454.0,6441.0,6451.75,20336,ES.v.0
2025-09-03 09:00:00+00:00,34,1,14160,6451.75,6457.75,6447.25,6455.25,9810,ES.v.0
2025-09-03 10:00:00+00:00,34,1,14160,6455.25,6458.25,6452.75,6457.25,8396,ES.v.0
2025-09-03 11:00:00+00:00,34,1,14160,6457.0,6460.25,6448.5,6449.75,18145,ES.v.0
2025-09-03 12:00:00+00:00,34,1,14160,6449.75,6456.0,6444.25,6445.75,25245,ES.v.0
2025-09-03 13:00:00+00:00,34,1,14160,6445.75,6454.5,6440.25,6441.5,174853,ES.v.0
2025-09-03 14:00:00+00:00,34,1,14160,6441.75,6463.75,6437.75,6461.75,217945,ES.v.0
2025-09-03 15:00:00+00:00,34,1,14160,6461.75,6464.25,6443.0,6445.75,175935,ES.v.0
2025-09-03 16:00:00+00:00,34,1,14160,6445.5,6453.25,6436.0,6440.0,128965,ES.v.0
2025-09-03 17:00:00+00:00,34,1,14160,6440.0,6450.5,6428.0,6431.75,123350,ES.v.0
2025-09-03 18:00:00+00:00,34,1,14160,6431.75,6434.75,6426.5,6431.0,106084,ES.v.0
2025-09-03 19:00:00+00:00,34,1,14160,6430.75,6459.25,6427.75,6458.5,222016,ES.v.0
2025-09-03 20:00:00+00:00,34,1,14160,6458.5,6462.75,6457.75,6460.5,75270,ES.v.0
2025-09-03 22:00:00+00:00,34,1,14160,6460.0,6460.5,6454.75,6455.0,4996,ES.v.0
2025-09-03 23:00:00+00:00,34,1,14160,6455.25,6459.5,6454.5,6455.75,2764,ES.v.0
2025-09-04 00:00:00+00:00,34,1,14160,6455.75,6471.25,6454.5,6467.25,10367,ES.v.0
2025-09-04 01:00:00+00:00,34,1,14160,6467.25,6469.25,6463.0,6465.25,5829,ES.v.0
2025-09-04 02:00:00+00:00,34,1,14160,6465.25,6472.25,6461.25,6462.5,5859,ES.v.0
2025-09-04 03:00:00+00:00,34,1,14160,6462.5,6463.75,6458.5,6460.5,4236,ES.v.0
2025-09-04 04:00:00+00:00,34,1,14160,6460.25,6466.75,6460.25,6466.0,3338,ES.v.0
2025-09-04 05:00:00+00:00,34,1,14160,6465.75,6469.0,6460.5,6462.5,4452,ES.v.0
2025-09-04 06:00:00+00:00,34,1,14160,6462.25,6466.0,6459.0,6459.25,7086,ES.v.0
2025-09-04 07:00:00+00:00,34,1,14160,6459.25,6469.5,6458.5,6466.0,11489,ES.v.0
2025-09-04 08:00:00+00:00,34,1,14160,6466.25,6469.25,6463.25,6466.5,8378,ES.v.0
2025-09-04 09:00:00+00:00,34,1,14160,6466.5,6470.25,6465.25,6470.0,5330,ES.v.0
2025-09-04 10:00:00+00:00,34,1,14160,6469.75,6473.75,6467.25,6469.5,11457,ES.v.0
2025-09-04 11:00:00+00:00,34,1,14160,6469.25,6472.25,6462.75,6465.5,9773,ES.v.0
2025-09-04 12:00:00+00:00,34,1,14160,6465.75,6471.75,6461.5,6465.25,19221,ES.v.0
2025-09-04 13:00:00+00:00,34,1,14160,6465.0,6474.75,6461.25,6470.5,137769,ES.v.0
2025-09-04 14:00:00+00:00,34,1,14160,6470.25,6479.25,6456.25,6477.75,204564,ES.v.0
2025-09-04 15:00:00+00:00,34,1,14160,6478.0,6487.75,6474.75,6483.25,130882,ES.v.0
2025-09-04 16:00:00+00:00,34,1,14160,6483.25,6487.25,6479.5,6481.0,79552,ES.v.0
2025-09-04 17:00:00+00:00,34,1,14160,6481.0,6496.25,6480.75,6493.0,92626,ES.v.0
2025-09-04 18:00:00+00:00,34,1,14160,6493.0,6498.25,6492.25,6498.0,68757,ES.v.0
2025-09-04 19:00:00+00:00,34,1,14160,6497.75,6512.75,6497.5,6511.25,218002,ES.v.0
2025-09-04 20:00:00+00:00,34,1,14160,6511.0,6516.75,6508.5,6512.5,68418,ES.v.0
2025-09-04 22:00:00+00:00,34,1,14160,6515.75,6517.75,6513.0,6516.5,5927,ES.v.0
2025-09-04 23:00:00+00:00,34,1,14160,6516.25,6518.0,6515.0,6515.75,3302,ES.v.0
2025-09-05 00:00:00+00:00,34,1,14160,6515.75,6519.75,6514.5,6519.25,5089,ES.v.0
2025-09-05 01:00:00+00:00,34,1,14160,6519.5,6521.0,6518.0,6519.75,3419,ES.v.0
2025-09-05 02:00:00+00:00,34,1,14160,6519.5,6520.75,6517.5,6519.5,2773,ES.v.0
2025-09-05 03:00:00+00:00,34,1,14160,6519.5,6520.25,6518.0,6520.0,2023,ES.v.0
2025-09-05 04:00:00+00:00,34,1,14160,6520.25,6522.5,6520.0,6520.75,2431,ES.v.0
2025-09-05 05:00:00+00:00,34,1,14160,6520.5,6527.75,6519.75,6525.25,4533,ES.v.0
2025-09-05 06:00:00+00:00,34,1,14160,6525.5,6531.0,6524.5,6526.5,8730,ES.v.0
2025-09-05 07:00:00+00:00,34,1,14160,6526.5,6528.25,6519.25,6522.25,12512,ES.v.0
2025-09-05 08:00:00+00:00,34,1,14160,6522.25,6527.5,6520.75,6526.25,7859,ES.v.0
2025-09-05 09:00:00+00:00,34,1,14160,6526.5,6526.75,6522.75,6523.25,6766,ES.v.0
2025-09-05 10:00:00+00:00,34,1,14160,6523.25,6525.5,6521.25,6522.75,6707,ES.v.0
2025-09-05 11:00:00+00:00,34,1,14160,6522.5,6526.5,6517.25,6517.5,10872,ES.v.0
2025-09-05 12:00:00+00:00,34,1,14160,6517.5,6535.75,6502.5,6535.5,81409,ES.v.0
2025-09-05 13:00:00+00:00,34,1,14160,6535.75,6541.75,6524.75,6530.0,203320,ES.v.0
2025-09-05 14:00:00+00:00,34,1,14160,6530.0,6530.25,6459.5,6460.5,424027,ES.v.0
2025-09-05 15:00:00+00:00,34,1,14160,6460.25,6488.0,6452.0,6475.75,245623,ES.v.0
2025-09-05 16:00:00+00:00,34,1,14160,6475.5,6486.25,6471.0,6483.5,124041,ES.v.0
2025-09-05 17:00:00+00:00,34,1,14160,6483.5,6484.25,6464.75,6470.25,111578,ES.v.0
2025-09-05 18:00:00+00:00,34,1,14160,6470.25,6482.0,6467.5,6481.75,85236,ES.v.0
2025-09-05 19:00:00+00:00,34,1,14160,6482.0,6493.0,6477.75,6491.0,232150,ES.v.0
2025-09-05 20:00:00+00:00,34,1,14160,6490.75,6491.5,6485.25,6488.75,45036,ES.v.0
2025-09-07 22:00:00+00:00,34,1,14160,6483.75,6502.5,6480.25,6498.75,14655,ES.v.0
2025-09-07 23:00:00+00:00,34,1,14160,6498.75,6506.0,6498.25,6505.0,6937,ES.v.0
2025-09-08 00:00:00+00:00,34,1,14160,6505.0,6507.5,6500.0,6500.25,7847,ES.v.0
2025-09-08 01:00:00+00:00,34,1,14160,6500.25,6503.75,6499.25,6501.5,5176,ES.v.0
2025-09-08 02:00:00+00:00,34,1,14160,6501.75,6502.25,6495.25,6496.75,3650,ES.v.0
2025-09-08 03:00:00+00:00,34,1,14160,6496.5,6501.5,6496.5,6499.25,4432,ES.v.0
2025-09-08 04:00:00+00:00,34,1,14160,6499.25,6499.5,6493.75,6494.75,3446,ES.v.0
2025-09-08 05:00:00+00:00,34,1,14160,6494.75,6498.5,6493.75,6494.0,3223,ES.v.0
2025-09-08 06:00:00+00:00,34,1,14160,6493.75,6501.5,6493.75,6498.5,9095,ES.v.0
2025-09-08 07:00:00+00:00,34,1,14160,6498.75,6507.0,6497.75,6500.25,10643,ES.v.0
2025-09-08 08:00:00+00:00,34,1,14160,6500.25,6505.25,6498.75,6503.5,7954,ES.v.0
2025-09-08 09:00:00+00:00,34,1,14160,6503.25,6506.75,6500.5,6506.0,5371,ES.v.0
2025-09-08 10:00:00+00:00,34,1,14160,6506.0,6508.25,6504.75,6505.0,6735,ES.v.0
2025-09-08 11:00:00+00:00,34,1,14160,6505.0,6507.0,6500.5,6501.0,8851,ES.v.0
2025-09-08 12:00:00+00:00,34,1,14160,6501.0,6505.5,6496.75,6504.75,17697,ES.v.0
2025-09-08 13:00:00+00:00,34,1,14160,6505.0,6509.0,6498.5,6501.75,156671,ES.v.0
2025-09-08 14:00:00+00:00,34,1,14160,6501.75,6516.0,6495.25,6512.0,166319,ES.v.0
2025-09-08 15:00:00+00:00,34,1,14160,6511.75,6516.5,6502.75,6512.0,130845,ES.v.0
2025-09-08 16:00:00+00:00,34,1,14160,6512.0,6512.0,6495.75,6503.5,121584,ES.v.0
2025-09-08 17:00:00+00:00,34,1,14160,6503.5,6505.75,6490.25,6493.75,90829,ES.v.0
2025-09-08 18:00:00+00:00,34,1,14160,6493.75,6503.75,6491.25,6500.25,85451,ES.v.0
2025-09-08 19:00:00+00:00,34,1,14160,6500.0,6508.0,6491.25,6507.0,199570,ES.v.0
2025-09-08 20:00:00+00:00,34,1,14160,6507.0,6508.5,6504.75,6507.0,40080,ES.v.0
2025-09-08 22:00:00+00:00,34,1,14160,6507.75,6513.5,6506.75,6513.0,6261,ES.v.0
2025-09-08 23:00:00+00:00,34,1,14160,6513.25,6514.25,6509.25,6509.5,3405,ES.v.0
2025-09-09 00:00:00+00:00,34,1,14160,6509.75,6512.25,6507.75,6508.0,5542,ES.v.0
2025-09-09 01:00:00+00:00,34,1,14160,6508.0,6509.25,6504.0,6508.25,5988,ES.v.0
2025-09-09 02:00:00+00:00,34,1,14160,6508.25,6515.25,6508.25,6512.25,4865,ES.v.0
2025-09-09 03:00:00+00:00,34,1,14160,6512.25,6515.5,6512.0,6515.0,4102,ES.v.0
2025-09-09 04:00:00+00:00,34,1,14160,6514.75,6515.0,6512.0,6513.5,2595,ES.v.0
2025-09-09 05:00:00+00:00,34,1,14160,6513.5,6514.25,6508.25,6512.25,4066,ES.v.0
2025-09-09 06:00:00+00:00,34,1,14160,6512.25,6517.75,6511.5,6515.75,8268,ES.v.0
2025-09-09 07:00:00+00:00,34,1,14160,6515.75,6523.5,6513.75,6514.5,13026,ES.v.0
2025-09-09 08:00:00+00:00,34,1,14160,6514.75,6516.0,6511.0,6512.75,11124,ES.v.0
2025-09-09 09:00:00+00:00,34,1,14160,6512.75,6515.25,6511.0,6511.75,5423,ES.v.0
2025-09-09 10:00:00+00:00,34,1,14160,6511.75,6514.5,6510.0,6511.75,4608,ES.v.0
2025-09-09 11:00:00+00:00,34,1,14160,6511.5,6514.5,6507.0,6513.75,8394,ES.v.0
2025-09-09 12:00:00+00:00,34,1,14160,6513.5,6515.0,6510.5,6511.75,13080,ES.v.0
2025-09-09 13:00:00+00:00,34,1,14160,6511.5,6512.75,6502.0,6507.5,135842,ES.v.0
2025-09-09 14:00:00+00:00,34,1,14160,6507.5,6515.0,6489.25,6500.5,238179,ES.v.0
2025-09-09 15:00:00+00:00,34,1,14160,6500.25,6505.5,6495.0,6499.75,128963,ES.v.0
2025-09-09 16:00:00+00:00,34,1,14160,6499.75,6509.5,6498.75,6507.75,86780,ES.v.0
2025-09-09 17:00:00+00:00,34,1,14160,6507.75,6517.25,6507.25,6515.25,107008,ES.v.0
2025-09-09 18:00:00+00:00,34,1,14160,6515.5,6518.5,6513.0,6516.0,80875,ES.v.0
2025-09-09 19:00:00+00:00,34,1,14160,6516.0,6526.25,6513.0,6521.0,171583,ES.v.0
2025-09-09 20:00:00+00:00,34,1,14160,6521.0,6536.25,6516.5,6530.25,63095,ES.v.0
2025-09-09 22:00:00+00:00,34,1,14160,6532.25,6537.25,6531.0,6533.75,6015,ES.v.0
2025-09-09 23:00:00+00:00,34,1,14160,6534.0,6534.0,6526.75,6529.75,8582,ES.v.0
2025-09-10 00:00:00+00:00,34,1,14160,6529.75,6534.0,6529.0,6531.25,5635,ES.v.0
2025-09-10 01:00:00+00:00,34,1,14160,6531.25,6537.0,6529.75,6535.5,6120,ES.v.0
2025-09-10 02:00:00+00:00,34,1,14160,6535.5,6537.0,6533.5,6536.25,4456,ES.v.0
2025-09-10 03:00:00+00:00,34,1,14160,6536.0,6537.75,6535.75,6537.5,2806,ES.v.0
2025-09-10 04:00:00+00:00,34,1,14160,6537.5,6539.5,6537.25,6539.5,3731,ES.v.0
2025-09-10 05:00:00+00:00,34,1,14160,6539.25,6539.75,6536.5,6537.75,4856,ES.v.0
2025-09-10 06:00:00+00:00,34,1,14160,6538.0,6541.5,6535.5,6539.5,8423,ES.v.0
2025-09-10 07:00:00+00:00,34,1,14160,6539.5,6543.75,6537.75,6541.0,11751,ES.v.0
2025-09-10 08:00:00+00:00,34,1,14160,6541.0,6541.75,6531.0,6532.75,10565,ES.v.0
2025-09-10 09:00:00+00:00,34,1,14160,6532.75,6536.0,6529.5,6535.75,8875,ES.v.0
2025-09-10 10:00:00+00:00,34,1,14160,6536.0,6540.0,6534.5,6540.0,8324,ES.v.0
2025-09-10 11:00:00+00:00,34,1,14160,6540.0,6545.5,6539.5,6543.5,13085,ES.v.0
2025-09-10 12:00:00+00:00,34,1,14160,6543.5,6565.25,6538.75,6554.75,62287,ES.v.0
2025-09-10 13:00:00+00:00,34,1,14160,6554.75,6559.25,6543.75,6552.75,190793,ES.v.0
2025-09-10 14:00:00+00:00,34,1,14160,6552.5,6562.25,6549.5,6550.75,184473,ES.v.0
2025-09-10 15:00:00+00:00,34,1,14160,6550.75,6553.0,6540.0,6549.5,161343,ES.v.0
2025-09-10 16:00:00+00:00,34,1,14160,6549.75,6550.75,6538.0,6546.0,98015,ES.v.0
2025-09-10 17:00:00+00:00,34,1,14160,6546.0,6551.0,6535.75,6539.75,107793,ES.v.0
2025-09-10 18:00:00+00:00,34,1,14160,6539.75,6540.75,6530.25,6536.5,107119,ES.v.0
2025-09-10 19:00:00+00:00,34,1,14160,6536.25,6543.5,6522.5,6539.25,228630,ES.v.0
2025-09-10 20:00:00+00:00,34,1,14160,6539.0,6541.25,6536.0,6536.75,42283,ES.v.0
2025-09-10 22:00:00+00:00,34,1,14160,6535.75,6547.5,6535.5,6544.0,6883,ES.v.0
2025-09-10 23:00:00+00:00,34,1,14160,6544.25,6548.0,6542.75,6545.5,4318,ES.v.0
2025-09-11 00:00:00+00:00,34,1,14160,6545.5,6547.5,6539.5,6545.75,5252,ES.v.0
2025-09-11 01:00:00+00:00,34,1,14160,6545.75,6547.75,6544.25,6546.5,4312,ES.v.0
2025-09-11 02:00:00+00:00,34,1,14160,6546.5,6547.5,6544.0,6545.75,2907,ES.v.0
2025-09-11 03:00:00+00:00,34,1,14160,6545.5,6547.25,6545.25,6546.25,2202,ES.v.0
2025-09-11 04:00:00+00:00,34,1,14160,6546.0,6546.75,6539.5,6539.5,3400,ES.v.0
2025-09-11 05:00:00+00:00,34,1,14160,6539.75,6542.75,6537.25,6540.5,3986,ES.v.0
2025-09-11 06:00:00+00:00,34,1,14160,6540.5,6549.0,6539.0,6547.75,6229,ES.v.0
2025-09-11 07:00:00+00:00,34,1,14160,6547.75,6549.5,6544.25,6548.75,8211,ES.v.0
2025-09-11 08:00:00+00:00,34,1,14160,6548.5,6551.25,6546.5,6547.5,7234,ES.v.0
2025-09-11 09:00:00+00:00,34,1,14160,6547.5,6549.25,6546.25,6547.75,4269,ES.v.0
2025-09-11 10:00:00+00:00,34,1,14160,6548.0,6553.5,6547.25,6552.75,6591,ES.v.0
2025-09-11 11:00:00+00:00,34,1,14160,6552.75,6555.25,6551.75,6553.25,9155,ES.v.0
2025-09-11 12:00:00+00:00,34,1,14160,6553.0,6562.25,6535.5,6558.0,72060,ES.v.0
2025-09-11 13:00:00+00:00,34,1,14160,6557.75,6572.5,6552.0,6572.0,165264,ES.v.0
2025-09-11 14:00:00+00:00,34,1,14160,6572.0,6586.5,6570.0,6583.0,199260,ES.v.0
2025-09-11 15:00:00+00:00,34,1,14160,6582.75,6595.0,6581.75,6588.75,139475,ES.v.0
2025-09-11 16:00:00+00:00,34,1,14160,6588.75,6593.75,6585.0,6588.0,85199,ES.v.0
2025-09-11 17:00:00+00:00,34,1,14160,6588.0,6592.5,6585.0,6592.0,76119,ES.v.0
2025-09-11 18:00:00+00:00,34,1,14160,6592.0,6594.0,6588.0,6592.0,80585,ES.v.0
2025-09-11 19:00:00+00:00,34,1,14160,6591.75,6600.0,6590.25,6592.25,195425,ES.v.0
2025-09-11 20:00:00+00:00,34,1,14160,6592.0,6594.25,6590.25,6591.75,44799,ES.v.0
2025-09-11 22:00:00+00:00,34,1,14160,6596.25,6596.25,6590.25,6592.0,6636,ES.v.0
2025-09-11 23:00:00+00:00,34,1,14160,6592.25,6594.75,6591.0,6593.0,2586,ES.v.0
2025-09-12 00:00:00+00:00,34,1,14160,6593.0,6593.25,6590.5,6591.0,4644,ES.v.0
2025-09-12 01:00:00+00:00,34,1,14160,6591.25,6592.0,6587.5,6587.75,4818,ES.v.0
2025-09-12 02:00:00+00:00,34,1,14160,6588.0,6590.0,6586.25,6589.0,4749,ES.v.0
2025-09-12 03:00:00+00:00,34,1,14160,6589.0,6591.0,6588.25,6590.5,2614,ES.v.0
2025-09-12 04:00:00+00:00,34,1,14160,6590.5,6593.5,6590.5,6591.5,2520,ES.v.0
2025-09-12 05:00:00+00:00,34,1,14160,6591.5,6594.25,6591.0,6593.25,4108,ES.v.0
2025-09-12 06:00:00+00:00,34,1,14160,6593.25,6593.5,6585.25,6589.0,8968,ES.v.0
2025-09-12 07:00:00+00:00,34,1,14160,6589.0,6591.25,6584.0,6584.75,10096,ES.v.0
2025-09-12 08:00:00+00:00,34,1,14160,6584.75,6586.25,6576.0,6583.25,13600,ES.v.0
2025-09-12 09:00:00+00:00,34,1,14160,6583.0,6585.25,6581.75,6583.5,6374,ES.v.0
2025-09-12 10:00:00+00:00,34,1,14160,6583.5,6586.5,6582.75,6586.25,5751,ES.v.0
2025-09-12 11:00:00+00:00,34,1,14160,6586.25,6589.5,6583.0,6589.25,9402,ES.v.0
2025-09-12 12:00:00+00:00,34,1,14160,6589.25,6591.0,6584.5,6590.5,22100,ES.v.0
2025-09-12 13:00:00+00:00,34,1,14160,6590.5,6594.5,6585.0,6593.0,112435,ES.v.0
2025-09-12 14:00:00+00:00,34,1,14160,6593.5,6598.75,6586.75,6597.75,125500,ES.v.0
2025-09-12 15:00:00+00:00,34,1,14160,6597.75,6598.0,6585.75,6589.75,100907,ES.v.0
2025-09-12 16:00:00+00:00,34,1,14160,6589.75,6595.75,6586.5,6594.25,73933,ES.v.0
2025-09-12 17:00:00+00:00,34,1,14160,6594.5,6598.5,6591.75,6597.25,59875,ES.v.0
2025-09-12 18:00:00+00:00,34,1,14160,6597.5,6606.0,6596.0,6602.0,79837,ES.v.0
2025-09-12 19:00:00+00:00,34,1,14160,6602.25,6603.5,6583.0,6587.75,242558,ES.v.0
2025-09-12 20:00:00+00:00,34,1,14160,6587.75,6590.0,6585.5,6588.5,43606,ES.v.0
2025-09-14 22:00:00+00:00,34,1,14160,6588.25,6592.5,6586.25,6591.5,2677,ES.v.0
2025-09-14 23:00:00+00:00,34,1,14160,6591.5,6592.25,6586.75,6588.0,1752,ES.v.0
2025-09-15 00:00:00+00:00,34,1,14160,6588.25,6589.5,6585.25,6588.75,3116,ES.v.0
2025-09-15 01:00:00+00:00,34,1,14160,6588.75,6591.5,6588.5,6591.0,1671,ES.v.0
2025-09-15 02:00:00+00:00,34,1,14160,6590.75,6592.25,6589.5,6592.25,1568,ES.v.0
2025-09-15 03:00:00+00:00,34,1,14160,6592.0,6593.75,6591.5,6592.25,1562,ES.v.0
2025-09-15 04:00:00+00:00,34,1,14160,6592.25,6594.0,6592.25,6594.0,773,ES.v.0
2025-09-15 05:00:00+00:00,34,1,14160,6593.75,6596.5,6592.0,6595.75,1840,ES.v.0
2025-09-15 06:00:00+00:00,34,1,14160,6595.75,6599.25,6594.5,6598.5,4111,ES.v.0
2025-09-15 07:00:00+00:00,34,1,14160,6598.25,6600.75,6596.75,6598.5,5786,ES.v.0
2025-09-15 08:00:00+00:00,34,1,14160,6598.5,6598.75,6586.25,6594.25,12738,ES.v.0
2025-09-15 09:00:00+00:00,34,1,14160,6594.0,6595.0,6591.0,6594.5,3434,ES.v.0
2025-09-15 10:00:00+00:00,34,1,14160,6594.5,6599.0,6593.75,6598.5,4004,ES.v.0
2025-09-15 11:00:00+00:00,34,1,14160,6598.75,6602.5,6598.25,6602.0,6567,ES.v.0
2025-09-15 12:00:00+00:00,34,1,14160,6602.0,6609.75,6601.25,6609.5,14623,ES.v.0
2025-09-15 13:00:00+00:00,34,1,14160,6609.5,6619.75,6606.75,6619.5,59320,ES.v.0
2025-09-15 14:00:00+00:00,34,1,14160,6619.25,6623.0,6612.75,6622.5,56533,ES.v.0
2025-09-15 15:00:00+00:00,34,1,14160,6622.5,6623.5,6615.0,6619.0,44090,ES.v.0
2025-09-15 16:00:00+00:00,34,1,14160,6618.75,6621.75,6613.25,6613.75,28749,ES.v.0
2025-09-15 17:00:00+00:00,34,1,14160,6613.75,6619.5,6607.75,6619.0,46867,ES.v.0
2025-09-15 18:00:00+00:00,34,1,14160,6618.75,6619.0,6605.5,6612.75,35202,ES.v.0
2025-09-15 19:00:00+00:00,34,1,14160,6612.5,6622.75,6609.75,6621.75,72540,ES.v.0
2025-09-15 20:00:00+00:00,34,1,14160,6621.75,6622.5,6616.0,6616.75,23821,ES.v.0
2025-09-15 22:00:00+00:00,34,1,14160,6616.25,6617.5,6614.0,6615.0,1536,ES.v.0
2025-09-15 23:00:00+00:00,34,1,14160,6614.75,6621.25,6614.5,6620.25,1187,ES.v.0
2025-09-16 00:00:00+00:00,34,1,14160,6620.25,6620.25,6615.25,6619.0,2099,ES.v.0
2025-09-16 01:00:00+00:00,34,1,14160,6619.0,6621.5,6618.0,6619.75,1439,ES.v.0
2025-09-16 02:00:00+00:00,34,1,14160,6620.0,6625.75,6620.0,6623.0,1667,ES.v.0
2025-09-16 03:00:00+00:00,34,1,14160,6623.25,6627.75,6623.0,6627.25,1301,ES.v.0
2025-09-16 04:00:00+00:00,34,1,14160,6627.0,6627.25,6625.75,6626.75,574,ES.v.0
2025-09-16 05:00:00+00:00,34,1,14160,6626.75,6631.75,6626.0,6629.25,1234,ES.v.0
2025-09-16 06:00:00+00:00,34,1,14160,6629.25,6631.0,6625.5,6625.75,1463,ES.v.0
2025-09-16 07:00:00+00:00,34,1,14160,6625.75,6630.5,6625.25,6630.25,3328,ES.v.0
2025-09-16 08:00:00+00:00,34,1,14160,6630.0,6639.0,6629.75,6636.75,3457,ES.v.0
2025-09-16 09:00:00+00:00,34,1,14160,6637.0,6638.75,6632.5,6634.25,2102,ES.v.0
2025-09-16 10:00:00+00:00,34,1,14160,6634.25,6634.75,6632.5,6633.5,2192,ES.v.0
2025-09-16 11:00:00+00:00,34,1,14160,6633.5,6633.5,6629.75,6631.5,3246,ES.v.0
2025-09-16 12:00:00+00:00,34,1,14160,6631.75,6632.0,6624.0,6626.75,5735,ES.v.0
2025-09-16 13:00:00+00:00,34,1,14160,6626.75,6630.25,6612.5,6615.25,35194,ES.v.0
2025-09-16 14:00:00+00:00,34,1,14160,6615.0,6617.5,6608.25,6610.75,32220,ES.v.0
2025-09-16 15:00:00+00:00,34,1,14160,6611.0,6613.5,6604.25,6609.0,25243,ES.v.0
2025-09-16 16:00:00+00:00,34,1,14160,6608.75,6613.25,6607.0,6611.75,13731,ES.v.0
2025-09-16 17:00:00+00:00,34,1,14160,6611.75,6616.75,6611.5,6614.25,13481,ES.v.0
2025-09-16 18:00:00+00:00,34,1,14160,6614.0,6619.75,6612.5,6618.5,12675,ES.v.0
2025-09-16 19:00:00+00:00,34,1,14160,6618.25,6619.5,6609.0,6611.5,50124,ES.v.0
2025-09-16 20:00:00+00:00,34,1,14160,6611.5,6616.5,6610.75,6613.0,10605,ES.v.0
2025-09-16 22:00:00+00:00,34,1,14160,6613.0,6617.25,6611.0,6616.25,997,ES.v.0
2025-09-16 23:00:00+00:00,34,1,14160,6616.25,6617.0,6614.0,6615.25,515,ES.v.0
2025-09-17 00:00:00+00:00,34,1,294973,6672.25,6674.25,6670.25,6672.0,4085,ES.v.0
2025-09-17 01:00:00+00:00,34,1,294973,6672.0,6672.75,6667.75,6668.0,3564,ES.v.0
2025-09-17 02:00:00+00:00,34,1,294973,6668.25,6668.75,6664.5,6666.5,2858,ES.v.0
2025-09-17 03:00:00+00:00,34,1,294973,6666.5,6666.75,6665.0,6665.25,1677,ES.v.0
2025-09-17 04:00:00+00:00,34,1,294973,6665.5,6666.75,6663.75,6665.5,1623,ES.v.0
2025-09-17 05:00:00+00:00,34,1,294973,6665.5,6666.5,6662.25,6665.25,3221,ES.v.0
2025-09-17 06:00:00+00:00,34,1,294973,6665.25,6669.25,6663.75,6668.5,4012,ES.v.0
2025-09-17 07:00:00+00:00,34,1,294973,6668.5,6673.0,6666.25,6671.5,8593,ES.v.0
2025-09-17 08:00:00+00:00,34,1,294973,6671.25,6671.75,6653.75,6665.5,23965,ES.v.0
2025-09-17 09:00:00+00:00,34,1,294973,6665.75,6669.5,6665.0,6666.75,8123,ES.v.0
2025-09-17 10:00:00+00:00,34,1,294973,6666.5,6668.0,6660.5,6662.0,8297,ES.v.0
2025-09-17 11:00:00+00:00,34,1,294973,6662.25,6665.75,6659.75,6662.75,10853,ES.v.0
2025-09-17 12:00:00+00:00,34,1,294973,6663.0,6668.25,6661.75,6667.75,15146,ES.v.0
2025-09-17 13:00:00+00:00,34,1,294973,6667.75,6675.75,6665.0,6667.75,138994,ES.v.0
2025-09-17 14:00:00+00:00,34,1,294973,6667.5,6668.5,6659.0,6661.75,132455,ES.v.0
2025-09-17 15:00:00+00:00,34,1,294973,6661.75,6665.25,6657.0,6661.25,80913,ES.v.0
2025-09-17 16:00:00+00:00,34,1,294973,6661.25,6662.25,6650.0,6652.0,87321,ES.v.0
2025-09-17 17:00:00+00:00,34,1,294973,6651.75,6667.0,6651.75,6665.5,62061,ES.v.0
2025-09-17 18:00:00+00:00,34,1,294973,6665.5,6686.5,6611.0,6645.75,416299,ES.v.0
2025-09-17 19:00:00+00:00,34,1,294973,6645.75,6676.0,6643.25,6660.25,336946,ES.v.0
2025-09-17 20:00:00+00:00,34,1,294973,6660.5,6669.25,6660.0,6665.75,44373,ES.v.0
2025-09-17 22:00:00+00:00,34,1,294973,6664.5,6682.75,6664.0,6681.0,9038,ES.v.0
2025-09-17 23:00:00+00:00,34,1,294973,6681.25,6684.5,6680.75,6683.25,8036,ES.v.0
2025-09-18 00:00:00+00:00,34,1,294973,6683.25,6683.25,6676.75,6678.0,8028,ES.v.0
2025-09-18 01:00:00+00:00,34,1,294973,6677.75,6684.0,6677.5,6683.25,7659,ES.v.0
2025-09-18 02:00:00+00:00,34,1,294973,6683.5,6687.75,6681.5,6687.5,7095,ES.v.0
2025-09-18 03:00:00+00:00,34,1,294973,6687.25,6691.5,6687.25,6690.25,7573,ES.v.0
2025-09-18 04:00:00+00:00,34,1,294973,6690.25,6693.5,6688.75,6692.75,4964,ES.v.0
2025-09-18 05:00:00+00:00,34,1,294973,6692.5,6693.5,6684.75,6686.75,6585,ES.v.0
2025-09-18 06:00:00+00:00,34,1,294973,6686.5,6690.0,6680.0,6689.5,9960,ES.v.0
2025-09-18 07:00:00+00:00,34,1,294973,6689.5,6701.5,6688.25,6699.5,17511,ES.v.0
2025-09-18 08:00:00+00:00,34,1,294973,6699.5,6719.0,6698.0,6718.0,24994,ES.v.0
2025-09-18 09:00:00+00:00,34,1,294973,6718.0,6719.75,6714.0,6715.25,15748,ES.v.0
2025-09-18 10:00:00+00:00,34,1,294973,6715.25,6717.75,6707.5,6710.25,11903,ES.v.0
2025-09-18 11:00:00+00:00,34,1,294973,6710.5,6717.0,6706.25,6710.25,20746,ES.v.0
2025-09-18 12:00:00+00:00,34,1,294973,6710.25,6712.5,6692.75,6693.0,31907,ES.v.0
2025-09-18 13:00:00+00:00,34,1,294973,6693.25,6694.0,6670.25,6688.75,225840,ES.v.0
2025-09-18 14:00:00+00:00,34,1,294973,6688.75,6718.0,6688.0,6695.75,231938,ES.v.0
2025-09-18 15:00:00+00:00,34,1,294973,6696.0,6708.5,6689.75,6694.0,150525,ES.v.0
2025-09-18 16:00:00+00:00,34,1,294973,6694.0,6710.5,6691.0,6709.0,93428,ES.v.0
2025-09-18 17:00:00+00:00,34,1,294973,6709.0,6711.0,6693.5,6696.0,103895,ES.v.0
2025-09-18 18:00:00+00:00,34,1,294973,6696.25,6704.0,6691.5,6701.25,81149,ES.v.0
2025-09-18 19:00:00+00:00,34,1,294973,6701.25,6703.5,6688.25,6692.25,196859,ES.v.0
2025-09-18 20:00:00+00:00,34,1,294973,6692.25,6700.25,6691.0,6698.75,50021,ES.v.0
2025-09-18 22:00:00+00:00,34,1,294973,6700.0,6705.0,6697.25,6703.5,6674,ES.v.0
2025-09-18 23:00:00+00:00,34,1,294973,6703.75,6705.5,6702.5,6703.0,3254,ES.v.0
2025-09-19 00:00:00+00:00,34,1,294973,6703.25,6705.75,6693.5,6696.5,7280,ES.v.0
2025-09-19 01:00:00+00:00,34,1,294973,6696.5,6701.0,6695.25,6699.25,5339,ES.v.0
2025-09-19 02:00:00+00:00,34,1,294973,6699.25,6700.5,6694.25,6696.5,4481,ES.v.0
2025-09-19 03:00:00+00:00,34,1,294973,6696.5,6703.0,6695.75,6697.5,5657,ES.v.0
2025-09-19 04:00:00+00:00,34,1,294973,6697.75,6699.25,6690.5,6698.75,5367,ES.v.0
2025-09-19 05:00:00+00:00,34,1,294973,6698.75,6699.5,6690.75,6692.75,5573,ES.v.0
2025-09-19 06:00:00+00:00,34,1,294973,6693.0,6694.75,6684.0,6684.0,11412,ES.v.0
2025-09-19 07:00:00+00:00,34,1,294973,6684.0,6689.5,6679.5,6688.0,12003,ES.v.0
2025-09-19 08:00:00+00:00,34,1,294973,6688.0,6695.5,6687.25,6693.0,7599,ES.v.0
2025-09-19 09:00:00+00:00,34,1,294973,6692.75,6697.75,6692.25,6693.0,7462,ES.v.0
2025-09-19 10:00:00+00:00,34,1,294973,6693.25,6697.5,6691.25,6696.25,7418,ES.v.0
2025-09-19 11:00:00+00:00,34,1,294973,6696.0,6700.0,6693.5,6699.75,10185,ES.v.0
2025-09-19 12:00:00+00:00,34,1,294973,6699.75,6706.25,6698.75,6702.5,21310,ES.v.0
2025-09-19 13:00:00+00:00,34,1,294973,6702.75,6712.5,6696.75,6705.75,188923,ES.v.0
2025-09-19 14:00:00+00:00,34,1,294973,6705.5,6708.25,6693.25,6699.5,153837,ES.v.0
2025-09-19 15:00:00+00:00,34,1,294973,6699.5,6703.25,6687.25,6700.0,138608,ES.v.0
2025-09-19 16:00:00+00:00,34,1,294973,6699.75,6712.25,6699.5,6710.0,107758,ES.v.0
2025-09-19 17:00:00+00:00,34,1,294973,6710.0,6714.0,6706.75,6712.0,70808,ES.v.0
2025-09-19 18:00:00+00:00,34,1,294973,6711.75,6717.0,6708.5,6717.0,73449,ES.v.0
2025-09-19 19:00:00+00:00,34,1,294973,6716.75,6731.5,6716.25,6721.75,293557,ES.v.0
2025-09-19 20:00:00+00:00,34,1,294973,6721.75,6724.75,6718.0,6719.75,70248,ES.v.0
2025-09-21 22:00:00+00:00,34,1,294973,6716.0,6721.25,6712.25,6716.5,6753,ES.v.0
2025-09-21 23:00:00+00:00,34,1,294973,6716.5,6717.25,6714.0,6714.75,2612,ES.v.0
2025-09-22 00:00:00+00:00,34,1,294973,6714.75,6720.0,6710.5,6711.5,7996,ES.v.0
2025-09-22 01:00:00+00:00,34,1,294973,6711.5,6716.5,6710.75,6714.5,6445,ES.v.0
2025-09-22 02:00:00+00:00,34,1,294973,6714.25,6716.5,6713.5,6716.0,3252,ES.v.0
2025-09-22 03:00:00+00:00,34,1,294973,6715.75,6719.0,6713.75,6718.0,3760,ES.v.0
2025-09-22 04:00:00+00:00,34,1,294973,6718.0,6718.5,6715.5,6715.75,2385,ES.v.0
2025-09-22 05:00:00+00:00,34,1,294973,6715.75,6718.25,6714.75,6714.75,3232,ES.v.0
2025-09-22 06:00:00+00:00,34,1,294973,6715.0,6715.75,6709.25,6710.25,7675,ES.v.0
2025-09-22 07:00:00+00:00,34,1,294973,6710.5,6713.0,6695.25,6702.0,17515,ES.v.0
2025-09-22 08:00:00+00:00,34,1,294973,6702.25,6711.5,6701.25,6704.25,11892,ES.v.0
2025-09-22 09:00:00+00:00,34,1,294973,6704.5,6705.75,6699.25,6702.75,8151,ES.v.0
2025-09-22 10:00:00+00:00,34,1,294973,6702.75,6708.5,6700.75,6701.5,8219,ES.v.0
2025-09-22 11:00:00+00:00,34,1,294973,6701.5,6704.0,6699.0,6703.75,11034,ES.v.0
2025-09-22 12:00:00+00:00,34,1,294973,6703.5,6704.75,6698.5,6703.25,17854,ES.v.0
2025-09-22 13:00:00+00:00,34,1,294973,6703.0,6719.25,6700.0,6717.75,124794,ES.v.0
2025-09-22 14:00:00+00:00,34,1,294973,6718.0,6734.75,6715.5,6734.25,148457,ES.v.0
2025-09-22 15:00:00+00:00,34,1,294973,6734.0,6737.5,6728.5,6729.75,110843,ES.v.0
2025-09-22 16:00:00+00:00,34,1,294973,6729.75,6749.25,6729.5,6748.25,123327,ES.v.0
2025-09-22 17:00:00+00:00,34,1,294973,6748.0,6752.0,6745.25,6747.5,73460,ES.v.0
2025-09-22 18:00:00+00:00,34,1,294973,6747.5,6752.5,6744.5,6752.25,68708,ES.v.0
2025-09-22 19:00:00+00:00,34,1,294973,6752.0,6756.75,6751.0,6751.75,189864,ES.v.0
2025-09-22 20:00:00+00:00,34,1,294973,6751.75,6752.25,6744.75,6749.75,58458,ES.v.0
2025-09-22 22:00:00+00:00,34,1,294973,6749.5,6751.0,6745.75,6748.25,5270,ES.v.0
2025-09-22 23:00:00+00:00,34,1,294973,6748.25,6752.5,6747.5,6751.0,3223,ES.v.0
2025-09-23 00:00:00+00:00,34,1,294973,6751.0,6752.5,6748.5,6749.75,4160,ES.v.0
2025-09-23 01:00:00+00:00,34,1,294973,6749.75,6753.25,6749.0,6750.5,3985,ES.v.0
2025-09-23 02:00:00+00:00,34,1,294973,6750.5,6752.5,6750.25,6750.5,2454,ES.v.0
2025-09-23 03:00:00+00:00,34,1,294973,6750.5,6752.5,6750.25,6751.25,2160,ES.v.0
2025-09-23 04:00:00+00:00,34,1,294973,6751.25,6751.5,6746.25,6747.5,3401,ES.v.0
2025-09-23 05:00:00+00:00,34,1,294973,6747.25,6754.0,6746.75,6750.5,4134,ES.v.0
2025-09-23 06:00:00+00:00,34,1,294973,6750.25,6753.75,6749.75,6753.25,4507,ES.v.0
2025-09-23 07:00:00+00:00,34,1,294973,6753.25,6753.25,6747.25,6749.75,14820,ES.v.0
2025-09-23 08:00:00+00:00,34,1,294973,6749.5,6754.75,6749.5,6750.5,12220,ES.v.0
2025-09-23 09:00:00+00:00,34,1,294973,6750.75,6753.25,6749.5,6752.5,5774,ES.v.0
2025-09-23 10:00:00+00:00,34,1,294973,6752.5,6753.0,6745.75,6749.25,8200,ES.v.0
2025-09-23 11:00:00+00:00,34,1,294973,6749.0,6751.75,6744.0,6751.0,9448,ES.v.0
2025-09-23 12:00:00+00:00,34,1,294973,6751.0,6752.75,6748.0,6751.75,15523,ES.v.0
2025-09-23 13:00:00+00:00,34,1,294973,6752.0,6756.5,6748.5,6751.75,120422,ES.v.0
2025-09-23 14:00:00+00:00,34,1,294973,6752.0,6755.5,6744.25,6745.75,138254,ES.v.0
2025-09-23 15:00:00+00:00,34,1,294973,6745.75,6747.5,6737.25,6738.0,105479,ES.v.0
2025-09-23 16:00:00+00:00,34,1,294973,6738.0,6741.25,6731.25,6734.0,118913,ES.v.0
2025-09-23 17:00:00+00:00,34,1,294973,6734.0,6735.25,6702.0,6714.0,218816,ES.v.0
2025-09-23 18:00:00+00:00,34,1,294973,6714.25,6715.75,6701.75,6703.0,135696,ES.v.0
2025-09-23 19:00:00+00:00,34,1,294973,6703.0,6718.5,6702.75,6715.75,226920,ES.v.0
2025-09-23 20:00:00+00:00,34,1,294973,6716.0,6718.75,6713.0,6716.5,46737,ES.v.0
2025-09-23 22:00:00+00:00,34,1,294973,6717.75,6722.5,6716.5,6719.75,5341,ES.v.0
2025-09-23 23:00:00+00:00,34,1,294973,6719.75,6720.0,6717.25,6717.75,2147,ES.v.0
2025-09-24 00:00:00+00:00,34,1,294973,6717.75,6719.0,6711.75,6717.5,9638,ES.v.0
2025-09-24 01:00:00+00:00,34,1,294973,6717.5,6718.0,6712.75,6714.75,5141,ES.v.0
2025-09-24 02:00:00+00:00,34,1,294973,6714.5,6718.0,6713.5,6717.25,3275,ES.v.0
2025-09-24 03:00:00+00:00,34,1,294973,6717.25,6718.75,6717.0,6718.25,2372,ES.v.0
2025-09-24 04:00:00+00:00,34,1,294973,6718.25,6721.0,6718.0,6720.75,2053,ES.v.0
2025-09-24 05:00:00+00:00,34,1,294973,6720.75,6722.75,6719.5,6722.5,3438,ES.v.0
2025-09-24 06:00:00+00:00,34,1,294973,6722.75,6728.0,6722.0,6725.25,8097,ES.v.0
2025-09-24 07:00:00+00:00,34,1,294973,6725.5,6726.75,6715.5,6726.5,14292,ES.v.0
2025-09-24 08:00:00+00:00,34,1,294973,6726.75,6727.75,6722.25,6724.5,10075,ES.v.0
2025-09-24 09:00:00+00:00,34,1,294973,6724.25,6727.5,6724.0,6725.75,6354,ES.v.0
2025-09-24 10:00:00+00:00,34,1,294973,6726.0,6726.75,6721.5,6725.5,6888,ES.v.0
2025-09-24 11:00:00+00:00,34,1,294973,6725.5,6728.75,6722.5,6725.75,9447,ES.v.0
2025-09-24 12:00:00+00:00,34,1,294973,6725.5,6727.5,6723.5,6726.75,13016,ES.v.0
2025-09-24 13:00:00+00:00,34,1,294973,6726.75,6728.5,6706.0,6712.5,146375,ES.v.0
2025-09-24 14:00:00+00:00,34,1,294973,6712.5,6719.0,6708.5,6711.5,143409,ES.v.0
2025-09-24 15:00:00+00:00,34,1,294973,6711.5,6713.75,6683.75,6685.5,164488,ES.v.0
2025-09-24 16:00:00+00:00,34,1,294973,6685.5,6693.0,6678.0,6687.0,175717,ES.v.0
2025-09-24 17:00:00+00:00,34,1,294973,6687.25,6700.0,6685.25,6687.5,112351,ES.v.0
2025-09-24 18:00:00+00:00,34,1,294973,6687.25,6693.5,6681.25,6693.25,110213,ES.v.0
2025-09-24 19:00:00+00:00,34,1,294973,6693.0,6696.0,6687.0,6692.0,182700,ES.v.0
2025-09-24 20:00:00+00:00,34,1,294973,6692.0,6699.5,6692.0,6697.0,51496,ES.v.0
2025-09-24 22:00:00+00:00,34,1,294973,6697.25,6700.0,6694.5,6697.0,3820,ES.v.0
2025-09-24 23:00:00+00:00,34,1,294973,6696.75,6698.75,6694.5,6698.5,2224,ES.v.0
2025-09-25 00:00:00+00:00,34,1,294973,6698.25,6703.0,6697.5,6702.25,5879,ES.v.0
2025-09-25 01:00:00+00:00,34,1,294973,6702.25,6705.25,6701.25,6703.25,4054,ES.v.0
2025-09-25 02:00:00+00:00,34,1,294973,6703.25,6705.0,6702.25,6704.5,2372,ES.v.0
2025-09-25 03:00:00+00:00,34,1,294973,6704.75,6704.75,6703.0,6704.75,1962,ES.v.0
2025-09-25 04:00:00+00:00,34,1,294973,6704.75,6705.25,6698.75,6700.0,3724,ES.v.0
2025-09-25 05:00:00+00:00,34,1,294973,6699.75,6700.5,6696.0,6698.25,4330,ES.v.0
2025-09-25 06:00:00+00:00,34,1,294973,6698.25,6699.5,6690.0,6691.5,6591,ES.v.0
2025-09-25 07:00:00+00:00,34,1,294973,6691.75,6696.0,6683.75,6693.25,12662,ES.v.0
2025-09-25 08:00:00+00:00,34,1,294973,6693.25,6697.5,6687.75,6690.0,10031,ES.v.0
2025-09-25 09:00:00+00:00,34,1,294973,6690.0,6692.5,6684.5,6687.75,8882,ES.v.0
2025-09-25 10:00:00+00:00,34,1,294973,6687.75,6689.5,6679.25,6682.75,12976,ES.v.0
2025-09-25 11:00:00+00:00,34,1,294973,6682.75,6683.0,6662.5,6664.5,30236,ES.v.0
2025-09-25 12:00:00+00:00,34,1,294973,6664.25,6673.0,6653.5,6658.75,51469,ES.v.0
2025-09-25 13:00:00+00:00,34,1,294973,6658.5,6662.75,6631.25,6637.0,264981,ES.v.0
2025-09-25 14:00:00+00:00,34,1,294973,6637.0,6672.5,6635.75,6668.75,256184,ES.v.0
2025-09-25 15:00:00+00:00,34,1,294973,6668.75,6675.0,6652.25,6670.25,196629,ES.v.0
2025-09-25 16:00:00+00:00,34,1,294973,6670.0,6673.0,6656.25,6659.0,135145,ES.v.0
2025-09-25 17:00:00+00:00,34,1,294973,6659.0,6664.25,6635.5,6636.5,154946,ES.v.0
2025-09-25 18:00:00+00:00,34,1,294973,6636.5,6662.5,6624.25,6659.75,217657,ES.v.0
2025-09-25 19:00:00+00:00,34,1,294973,6659.75,6663.75,6651.5,6660.5,200946,ES.v.0
2025-09-25 20:00:00+00:00,34,1,294973,6660.5,6666.5,6658.0,6662.0,46478,ES.v.0
2025-09-25 22:00:00+00:00,34,1,294973,6662.75,6669.0,6660.0,6662.75,5637,ES.v.0
2025-09-25 23:00:00+00:00,34,1,294973,6662.25,6663.5,6658.75,6659.0,5133,ES.v.0
2025-09-26 00:00:00+00:00,34,1,294973,6658.75,6662.75,6657.25,6662.0,5853,ES.v.0
2025-09-26 01:00:00+00:00,34,1,294973,6661.75,6661.75,6656.0,6658.25,7371,ES.v.0
2025-09-26 02:00:00+00:00,34,1,294973,6658.25,6663.75,6657.5,6659.75,4727,ES.v.0
2025-09-26 03:00:00+00:00,34,1,294973,6659.75,6660.25,6653.75,6658.0,5680,ES.v.0
2025-09-26 04:00:00+00:00,34,1,294973,6657.75,6661.25,6653.5,6653.75,6478,ES.v.0
2025-09-26 05:00:00+00:00,34,1,294973,6653.75,6661.5,6653.25,6661.0,6262,ES.v.0
2025-09-26 06:00:00+00:00,34,1,294973,6661.0,6673.25,6660.0,6668.75,13299,ES.v.0
2025-09-26 07:00:00+00:00,34,1,294973,6668.75,6674.5,6664.5,6670.5,12130,ES.v.0
2025-09-26 08:00:00+00:00,34,1,294973,6670.5,6673.0,6660.25,6660.25,10862,ES.v.0
2025-09-26 09:00:00+00:00,34,1,294973,6660.25,6665.75,6657.0,6664.5,10586,ES.v.0
2025-09-26 10:00:00+00:00,34,1,294973,6664.75,6666.75,6657.25,6659.75,7323,ES.v.0
2025-09-26 11:00:00+00:00,34,1,294973,6659.25,6668.75,6657.0,6666.0,11992,ES.v.0
2025-09-26 12:00:00+00:00,34,1,294973,6666.0,6690.25,6664.25,6681.5,46673,ES.v.0
2025-09-26 13:00:00+00:00,34,1,294973,6681.5,6698.25,6667.5,6697.0,171580,ES.v.0
2025-09-26 14:00:00+00:00,34,1,294973,6697.0,6703.75,6657.25,6663.0,275850,ES.v.0
2025-09-26 15:00:00+00:00,34,1,294973,6662.75,6679.5,6658.5,6665.25,150710,ES.v.0
2025-09-26 16:00:00+00:00,34,1,294973,6665.25,6694.0,6663.25,6692.5,125030,ES.v.0
2025-09-26 17:00:00+00:00,34,1,294973,6692.5,6696.5,6686.25,6692.5,84818,ES.v.0
2025-09-26 18:00:00+00:00,34,1,294973,6692.25,6700.5,6687.25,6698.25,92601,ES.v.0
2025-09-26 19:00:00+00:00,34,1,294973,6698.25,6699.0,6690.0,6696.25,157799,ES.v.0
2025-09-26 20:00:00+00:00,34,1,294973,6696.25,6703.0,6695.25,6697.75,56298,ES.v.0
2025-09-28 22:00:00+00:00,34,1,294973,6697.0,6705.75,6696.75,6703.0,6498,ES.v.0
2025-09-28 23:00:00+00:00,34,1,294973,6702.75,6707.5,6702.25,6705.75,4836,ES.v.0
2025-09-29 00:00:00+00:00,34,1,294973,6705.75,6713.5,6704.0,6711.0,8602,ES.v.0
2025-09-29 01:00:00+00:00,34,1,294973,6711.0,6713.25,6707.0,6711.25,7002,ES.v.0
2025-09-29 02:00:00+00:00,34,1,294973,6711.25,6714.75,6709.75,6714.5,4566,ES.v.0
2025-09-29 03:00:00+00:00,34,1,294973,6714.25,6716.75,6713.5,6715.75,3740,ES.v.0
2025-09-29 04:00:00+00:00,34,1,294973,6716.0,6719.0,6715.5,6717.25,3613,ES.v.0
2025-09-29 05:00:00+00:00,34,1,294973,6717.25,6720.0,6716.25,6717.0,4395,ES.v.0
2025-09-29 06:00:00+00:00,34,1,294973,6717.0,6724.75,6715.0,6722.0,10069,ES.v.0
2025-09-29 07:00:00+00:00,34,1,294973,6722.25,6726.5,6717.0,6724.0,14157,ES.v.0
2025-09-29 08:00:00+00:00,34,1,294973,6723.75,6731.5,6723.0,6731.0,12142,ES.v.0
2025-09-29 09:00:00+00:00,34,1,294973,6731.25,6734.25,6728.75,6729.0,11689,ES.v.0
2025-09-29 10:00:00+00:00,34,1,294973,6729.0,6736.0,6728.0,6733.25,11575,ES.v.0
2025-09-29 11:00:00+00:00,34,1,294973,6733.25,6734.0,6723.5,6728.25,18616,ES.v.0
2025-09-29 12:00:00+00:00,34,1,294973,6728.25,6734.75,6725.75,6733.25,19689,ES.v.0
2025-09-29 13:00:00+00:00,34,1,294973,6733.25,6735.75,6715.75,6723.75,149738,ES.v.0
2025-09-29 14:00:00+00:00,34,1,294973,6723.75,6731.25,6718.5,6723.25,150565,ES.v.0
2025-09-29 15:00:00+00:00,34,1,294973,6723.25,6725.25,6706.25,6711.0,160439,ES.v.0
2025-09-29 16:00:00+00:00,34,1,294973,6711.0,6716.0,6706.25,6708.5,95112,ES.v.0
2025-09-29 17:00:00+00:00,34,1,294973,6708.5,6709.0,6699.5,6707.25,101318,ES.v.0
2025-09-29 18:00:00+00:00,34,1,294973,6707.25,6714.0,6707.0,6711.5,68929,ES.v.0
2025-09-29 19:00:00+00:00,34,1,294973,6711.75,6716.25,6696.25,6714.25,227411,ES.v.0
2025-09-29 20:00:00+00:00,34,1,294973,6714.25,6716.0,6706.75,6708.5,46779,ES.v.0
2025-09-29 22:00:00+00:00,34,1,294973,6708.0,6714.0,6707.25,6713.5,3661,ES.v.0
2025-09-29 23:00:00+00:00,34,1,294973,6713.5,6715.0,6710.75,6711.25,2587,ES.v.0
2025-09-30 00:00:00+00:00,34,1,294973,6711.25,6715.5,6706.75,6714.75,6169,ES.v.0
2025-09-30 01:00:00+00:00,34,1,294973,6714.5,6714.5,6707.5,6709.75,5849,ES.v.0
2025-09-30 02:00:00+00:00,34,1,294973,6709.75,6716.0,6708.75,6714.75,4104,ES.v.0
2025-09-30 03:00:00+00:00,34,1,294973,6715.0,6717.0,6712.5,6713.5,4196,ES.v.0
2025-09-30 04:00:00+00:00,34,1,294973,6713.5,6714.0,6708.75,6708.75,3564,ES.v.0
2025-09-30 05:00:00+00:00,34,1,294973,6708.75,6712.75,6707.5,6711.75,3750,ES.v.0
2025-09-30 06:00:00+00:00,34,1,294973,6712.0,6715.75,6705.25,6705.75,6788,ES.v.0
2025-09-30 07:00:00+00:00,34,1,294973,6705.75,6707.25,6694.25,6702.75,16415,ES.v.0
2025-09-30 08:00:00+00:00,34,1,294973,6702.25,6705.25,6695.75,6703.0,11078,ES.v.0
2025-09-30 09:00:00+00:00,34,1,294973,6702.75,6705.5,6699.75,6701.5,9028,ES.v.0
2025-09-30 10:00:00+00:00,34,1,294973,6701.25,6704.25,6695.75,6703.25,9196,ES.v.0
2025-09-30 11:00:00+00:00,34,1,294973,6703.25,6704.75,6698.5,6701.5,10779,ES.v.0
2025-09-30 12:00:00+00:00,34,1,294973,6701.5,6710.5,6698.0,6708.0,21085,ES.v.0
2025-09-30 13:00:00+00:00,34,1,294973,6708.25,6710.25,6696.75,6708.25,132347,ES.v.0
2025-09-30 14:00:00+00:00,34,1,294973,6707.75,6713.0,6694.0,6709.75,215325,ES.v.0
2025-09-30 15:00:00+00:00,34,1,294973,6709.5,6713.75,6693.0,6707.0,163062,ES.v.0
2025-09-30 16:00:00+00:00,34,1,294973,6707.25,6718.0,6702.75,6705.0,110255,ES.v.0
2025-09-30 17:00:00+00:00,34,1,294973,6705.0,6707.75,6694.25,6702.0,129498,ES.v.0
2025-09-30 18:00:00+00:00,34,1,294973,6701.75,6723.25,6700.75,6721.0,138650,ES.v.0
2025-09-30 19:00:00+00:00,34,1,294973,6721.25,6743.5,6720.5,6737.25,338048,ES.v.0
2025-09-30 20:00:00+00:00,34,1,294973,6737.0,6738.75,6722.0,6724.0,81072,ES.v.0
2025-09-30 22:00:00+00:00,34,1,294973,6725.5,6733.25,6720.75,6723.75,10629,ES.v.0
2025-09-30 23:00:00+00:00,34,1,294973,6723.75,6726.75,6720.25,6723.5,4443,ES.v.0
2025-10-01 00:00:00+00:00,34,1,294973,6723.5,6725.0,6713.25,6714.75,10088,ES.v.0
2025-10-01 01:00:00+00:00,34,1,294973,6714.75,6717.0,6711.75,6714.75,6597,ES.v.0
2025-10-01 02:00:00+00:00,34,1,294973,6714.75,6715.0,6710.0,6711.0,5247,ES.v.0
2025-10-01 03:00:00+00:00,34,1,294973,6711.0,6711.25,6706.0,6708.25,5796,ES.v.0
2025-10-01 04:00:00+00:00,34,1,294973,6708.5,6710.75,6707.75,6708.5,4400,ES.v.0
2025-10-01 05:00:00+00:00,34,1,294973,6708.75,6709.75,6704.0,6704.5,5982,ES.v.0
2025-10-01 06:00:00+00:00,34,1,294973,6704.5,6707.0,6680.0,6683.5,28057,ES.v.0
2025-10-01 07:00:00+00:00,34,1,294973,6683.25,6691.0,6680.75,6687.5,25875,ES.v.0
2025-10-01 08:00:00+00:00,34,1,294973,6687.5,6698.75,6683.75,6696.0,19021,ES.v.0
2025-10-01 09:00:00+00:00,34,1,294973,6696.0,6706.0,6695.25,6702.0,15851,ES.v.0
2025-10-01 10:00:00+00:00,34,1,294973,6702.0,6705.75,6697.75,6699.5,12862,ES.v.0
2025-10-01 11:00:00+00:00,34,1,294973,6699.5,6715.25,6699.25,6714.25,16800,ES.v.0
2025-10-01 12:00:00+00:00,34,1,294973,6714.25,6715.25,6702.0,6710.5,43561,ES.v.0
2025-10-01 13:00:00+00:00,34,1,294973,6710.75,6729.0,6705.25,6712.75,182299,ES.v.0
2025-10-01 14:00:00+00:00,34,1,294973,6712.0,6735.75,6708.5,6733.25,174925,ES.v.0
2025-10-01 15:00:00+00:00,34,1,294973,6733.25,6747.5,6732.25,6744.75,127672,ES.v.0
2025-10-01 16:00:00+00:00,34,1,294973,6745.0,6746.75,6739.0,6744.25,85816,ES.v.0
2025-10-01 17:00:00+00:00,34,1,294973,6744.25,6756.5,6743.0,6754.75,94034,ES.v.0
2025-10-01 18:00:00+00:00,34,1,294973,6755.0,6769.0,6754.25,6767.0,104199,ES.v.0
2025-10-01 19:00:00+00:00,34,1,294973,6767.0,6769.5,6760.5,6760.5,213761,ES.v.0
2025-10-01 20:00:00+00:00,34,1,294973,6760.75,6761.25,6755.0,6757.0,52288,ES.v.0
2025-10-01 22:00:00+00:00,34,1,294973,6757.0,6760.75,6756.0,6758.25,4039,ES.v.0
2025-10-01 23:00:00+00:00,34,1,294973,6758.0,6761.5,6756.0,6759.5,4015,ES.v.0
2025-10-02 00:00:00+00:00,34,1,294973,6759.75,6769.0,6758.5,6767.5,8837,ES.v.0
2025-10-02 01:00:00+00:00,34,1,294973,6767.75,6771.75,6765.0,6771.25,8265,ES.v.0
2025-10-02 02:00:00+00:00,34,1,294973,6771.25,6771.5,6765.25,6766.5,4442,ES.v.0
2025-10-02 03:00:00+00:00,34,1,294973,6766.75,6768.25,6763.75,6767.75,3932,ES.v.0
2025-10-02 04:00:00+00:00,34,1,294973,6767.75,6771.0,6764.5,6769.0,4085,ES.v.0
2025-10-02 05:00:00+00:00,34,1,294973,6768.75,6771.5,6767.5,6768.5,3711,ES.v.0
2025-10-02 06:00:00+00:00,34,1,294973,6768.5,6770.0,6764.5,6765.75,7407,ES.v.0
2025-10-02 07:00:00+00:00,34,1,294973,6765.75,6770.75,6763.75,6767.75,12868,ES.v.0
2025-10-02 08:00:00+00:00,34,1,294973,6768.0,6775.0,6767.5,6774.0,13724,ES.v.0
2025-10-02 09:00:00+00:00,34,1,294973,6774.0,6774.5,6765.5,6770.5,9735,ES.v.0
2025-10-02 10:00:00+00:00,34,1,294973,6770.25,6775.25,6770.0,6772.25,9583,ES.v.0
2025-10-02 11:00:00+00:00,34,1,294973,6772.0,6778.5,6771.75,6777.75,13740,ES.v.0
2025-10-02 12:00:00+00:00,34,1,294973,6777.5,6781.0,6776.25,6779.25,18380,ES.v.0
2025-10-02 13:00:00+00:00,34,1,294973,6779.0,6782.25,6761.75,6768.5,164918,ES.v.0
2025-10-02 14:00:00+00:00,34,1,294973,6768.25,6769.25,6749.75,6749.75,184568,ES.v.0
2025-10-02 15:00:00+00:00,34,1,294973,6749.75,6758.25,6741.5,6757.5,174740,ES.v.0
2025-10-02 16:00:00+00:00,34,1,294973,6757.5,6760.0,6749.25,6758.25,98175,ES.v.0
2025-10-02 17:00:00+00:00,34,1,294973,6758.5,6765.0,6753.5,6762.75,84618,ES.v.0
2025-10-02 18:00:00+00:00,34,1,294973,6763.0,6771.5,6762.5,6768.0,87297,ES.v.0
2025-10-02 19:00:00+00:00,34,1,294973,6767.75,6770.5,6762.5,6766.75,177224,ES.v.0
2025-10-02 20:00:00+00:00,34,1,294973,6766.75,6769.0,6763.75,6765.0,35238,ES.v.0
2025-10-02 22:00:00+00:00,34,1,294973,6764.75,6766.25,6758.75,6765.5,4427,ES.v.0
2025-10-02 23:00:00+00:00,34,1,294973,6765.25,6769.5,6763.75,6769.25,3142,ES.v.0
2025-10-03 00:00:00+00:00,34,1,294973,6769.25,6775.25,6767.0,6773.25,6017,ES.v.0
2025-10-03 01:00:00+00:00,34,1,294973,6773.0,6777.75,6771.5,6777.75,5134,ES.v.0
2025-10-03 02:00:00+00:00,34,1,294973,6777.75,6777.75,6773.75,6776.5,3778,ES.v.0
2025-10-03 03:00:00+00:00,34,1,294973,6776.75,6780.75,6776.25,6780.0,3580,ES.v.0
2025-10-03 04:00:00+00:00,34,1,294973,6779.75,6781.5,6779.25,6781.25,2645,ES.v.0
2025-10-03 05:00:00+00:00,34,1,294973,6781.25,6784.25,6780.25,6780.5,4347,ES.v.0
2025-10-03 06:00:00+00:00,34,1,294973,6780.25,6784.75,6776.75,6783.0,6523,ES.v.0
2025-10-03 07:00:00+00:00,34,1,294973,6783.25,6785.75,6782.0,6784.25,9365,ES.v.0
2025-10-03 08:00:00+00:00,34,1,294973,6784.0,6785.25,6782.5,6784.5,8574,ES.v.0
2025-10-03 09:00:00+00:00,34,1,294973,6784.5,6787.5,6782.5,6787.25,9004,ES.v.0
2025-10-03 10:00:00+00:00,34,1,294973,6787.25,6787.5,6779.75,6780.25,6783,ES.v.0
2025-10-03 11:00:00+00:00,34,1,294973,6780.0,6782.25,6772.0,6774.0,14810,ES.v.0
2025-10-03 12:00:00+00:00,34,1,294973,6773.75,6776.75,6766.5,6770.5,18575,ES.v.0
2025-10-03 13:00:00+00:00,34,1,294973,6770.5,6788.25,6768.0,6780.25,121500,ES.v.0
2025-10-03 14:00:00+00:00,34,1,294973,6780.25,6795.5,6771.75,6793.75,187588,ES.v.0
2025-10-03 15:00:00+00:00,34,1,294973,6794.0,6799.25,6786.0,6797.75,120760,ES.v.0
2025-10-03 16:00:00+00:00,34,1,294973,6798.0,6800.0,6793.0,6795.25,78155,ES.v.0
2025-10-03 17:00:00+00:00,34,1,294973,6795.25,6795.5,6754.0,6764.5,264962,ES.v.0
2025-10-03 18:00:00+00:00,34,1,294973,6764.5,6779.75,6755.25,6771.5,173962,ES.v.0
2025-10-03 19:00:00+00:00,34,1,294973,6771.25,6775.5,6760.5,6765.0,213457,ES.v.0
2025-10-03 20:00:00+00:00,34,1,294973,6765.25,6766.75,6760.25,6763.0,41568,ES.v.0
2025-10-05 22:00:00+00:00,34,1,294973,6768.0,6777.75,6767.0,6776.5,8234,ES.v.0
2025-10-05 23:00:00+00:00,34,1,294973,6776.5,6783.5,6776.25,6778.5,6730,ES.v.0
2025-10-06 00:00:00+00:00,34,1,294973,6778.5,6779.25,6775.0,6777.5,6808,ES.v.0
2025-10-06 01:00:00+00:00,34,1,294973,6777.75,6780.0,6775.75,6779.75,3969,ES.v.0
2025-10-06 02:00:00+00:00,34,1,294973,6779.5,6782.0,6778.75,6781.5,2807,ES.v.0
2025-10-06 03:00:00+00:00,34,1,294973,6781.75,6785.5,6781.75,6783.0,4112,ES.v.0
2025-10-06 04:00:00+00:00,34,1,294973,6783.25,6787.5,6779.25,6786.0,5050,ES.v.0
2025-10-06 05:00:00+00:00,34,1,294973,6786.0,6786.25,6781.25,6782.5,3198,ES.v.0
2025-10-06 06:00:00+00:00,34,1,294973,6782.5,6785.75,6780.5,6784.5,6533,ES.v.0
2025-10-06 07:00:00+00:00,34,1,294973,6784.5,6785.0,6771.75,6778.25,17306,ES.v.0
2025-10-06 08:00:00+00:00,34,1,294973,6778.25,6784.75,6778.0,6782.5,11088,ES.v.0
2025-10-06 09:00:00+00:00,34,1,294973,6782.75,6789.0,6781.75,6788.5,7948,ES.v.0
2025-10-06 10:00:00+00:00,34,1,294973,6788.5,6793.75,6786.25,6789.75,14512,ES.v.0
2025-10-06 11:00:00+00:00,34,1,294973,6789.5,6790.0,6781.5,6788.0,18574,ES.v.0
2025-10-06 12:00:00+00:00,34,1,294973,6788.25,6794.0,6782.5,6782.5,27869,ES.v.0
2025-10-06 13:00:00+00:00,34,1,294973,6782.5,6790.25,6771.0,6772.5,156765,ES.v.0
2025-10-06 14:00:00+00:00,34,1,294973,6772.25,6780.75,6766.5,6780.0,165709,ES.v.0
2025-10-06 15:00:00+00:00,34,1,294973,6779.75,6791.75,6779.25,6790.5,107371,ES.v.0
2025-10-06 16:00:00+00:00,34,1,294973,6790.25,6791.25,6785.25,6789.75,77005,ES.v.0
2025-10-06 17:00:00+00:00,34,1,294973,6789.75,6796.0,6785.75,6795.25,90354,ES.v.0
2025-10-06 18:00:00+00:00,34,1,294973,6795.0,6797.75,6792.25,6793.5,72669,ES.v.0
2025-10-06 19:00:00+00:00,34,1,294973,6793.25,6793.75,6788.0,6788.5,171271,ES.v.0
2025-10-06 20:00:00+00:00,34,1,294973,6788.5,6791.5,6787.0,6790.25,56605,ES.v.0
2025-10-06 22:00:00+00:00,34,1,294973,6789.5,6793.0,6777.25,6778.5,7099,ES.v.0
2025-10-06 23:00:00+00:00,34,1,294973,6778.75,6781.5,6776.25,6778.5,5742,ES.v.0
2025-10-07 00:00:00+00:00,34,1,294973,6778.25,6780.0,6775.25,6777.25,6796,ES.v.0
2025-10-07 01:00:00+00:00,34,1,294973,6777.25,6780.25,6775.25,6780.0,4629,ES.v.0
2025-10-07 02:00:00+00:00,34,1,294973,6780.0,6781.5,6778.25,6780.25,2612,ES.v.0
2025-10-07 03:00:00+00:00,34,1,294973,6780.0,6782.25,6779.0,6781.25,2192,ES.v.0
2025-10-07 04:00:00+00:00,34,1,294973,6781.25,6786.0,6780.75,6785.25,3081,ES.v.0
2025-10-07 05:00:00+00:00,34,1,294973,6785.25,6786.0,6782.25,6782.75,3537,ES.v.0
2025-10-07 06:00:00+00:00,34,1,294973,6782.75,6784.5,6775.75,6780.75,8022,ES.v.0
2025-10-07 07:00:00+00:00,34,1,294973,6781.0,6781.75,6776.5,6780.0,10628,ES.v.0
2025-10-07 08:00:00+00:00,34,1,294973,6780.0,6783.5,6774.0,6783.25,11709,ES.v.0
2025-10-07 09:00:00+00:00,34,1,294973,6783.25,6786.75,6782.25,6786.25,6723,ES.v.0
2025-10-07 10:00:00+00:00,34,1,294973,6786.25,6789.5,6784.25,6785.5,8356,ES.v.0
2025-10-07 11:00:00+00:00,34,1,294973,6785.5,6791.5,6784.75,6791.5,9002,ES.v.0
2025-10-07 12:00:00+00:00,34,1,294973,6791.5,6799.5,6788.5,6798.75,20061,ES.v.0
2025-10-07 13:00:00+00:00,34,1,294973,6799.0,6802.75,6792.5,6793.75,133450,ES.v.0
2025-10-07 14:00:00+00:00,34,1,294973,6794.0,6795.25,6776.75,6780.25,178320,ES.v.0
2025-10-07 15:00:00+00:00,34,1,294973,6780.5,6782.25,6747.25,6753.0,339124,ES.v.0
2025-10-07 16:00:00+00:00,34,1,294973,6753.0,6766.25,6747.25,6754.5,169631,ES.v.0
2025-10-07 17:00:00+00:00,34,1,294973,6754.25,6764.75,6752.5,6753.75,101767,ES.v.0
2025-10-07 18:00:00+00:00,34,1,294973,6754.0,6761.5,6748.5,6761.25,104989,ES.v.0
2025-10-07 19:00:00+00:00,34,1,294973,6761.25,6765.25,6755.75,6762.5,183824,ES.v.0
2025-10-07 20:00:00+00:00,34,1,294973,6762.75,6767.75,6762.25,6765.0,50431,ES.v.0
2025-10-07 22:00:00+00:00,34,1,294973,6766.0,6770.25,6764.75,6769.5,4882,ES.v.0
2025-10-07 23:00:00+00:00,34,1,294973,6769.5,6769.5,6758.5,6759.5,6039,ES.v.0
2025-10-08 00:00:00+00:00,34,1,294973,6759.25,6766.25,6758.25,6765.25,5689,ES.v.0
2025-10-08 01:00:00+00:00,34,1,294973,6765.0,6770.0,6764.75,6768.5,5766,ES.v.0
2025-10-08 02:00:00+00:00,34,1,294973,6768.5,6772.5,6768.0,6771.25,4580,ES.v.0
2025-10-08 03:00:00+00:00,34,1,294973,6771.25,6772.25,6769.5,6771.5,2554,ES.v.0
2025-10-08 04:00:00+00:00,34,1,294973,6771.5,6772.25,6769.0,6770.25,2475,ES.v.0
2025-10-08 05:00:00+00:00,34,1,294973,6770.5,6770.5,6764.5,6764.5,4348,ES.v.0
2025-10-08 06:00:00+00:00,34,1,294973,6764.75,6765.75,6759.0,6763.75,6653,ES.v.0
2025-10-08 07:00:00+00:00,34,1,294973,6763.75,6772.75,6762.0,6771.5,12202,ES.v.0
2025-10-08 08:00:00+00:00,34,1,294973,6771.25,6774.5,6766.5,6770.0,10877,ES.v.0
2025-10-08 09:00:00+00:00,34,1,294973,6770.25,6772.75,6768.25,6771.0,7418,ES.v.0
2025-10-08 10:00:00+00:00,34,1,294973,6770.75,6775.0,6764.25,6774.5,8795,ES.v.0
2025-10-08 11:00:00+00:00,34,1,294973,6774.5,6776.25,6767.5,6774.0,12819,ES.v.0
2025-10-08 12:00:00+00:00,34,1,294973,6773.75,6774.0,6765.75,6771.25,19073,ES.v.0
2025-10-08 13:00:00+00:00,34,1,294973,6771.5,6776.5,6764.5,6773.5,137778,ES.v.0
2025-10-08 14:00:00+00:00,34,1,294973,6773.5,6793.0,6773.5,6789.0,180542,ES.v.0
2025-10-08 15:00:00+00:00,34,1,294973,6789.0,6801.25,6788.0,6799.5,111905,ES.v.0
2025-10-08 16:00:00+00:00,34,1,294973,6799.5,6802.75,6793.75,6798.75,76594,ES.v.0
2025-10-08 17:00:00+00:00,34,1,294973,6798.5,6801.75,6795.75,6797.75,60065,ES.v.0
2025-10-08 18:00:00+00:00,34,1,294973,6797.75,6802.75,6792.5,6793.5,90122,ES.v.0
2025-10-08 19:00:00+00:00,34,1,294973,6793.25,6803.25,6792.25,6802.0,178974,ES.v.0
2025-10-08 20:00:00+00:00,34,1,294973,6801.75,6807.75,6800.0,6803.25,51021,ES.v.0
2025-10-08 22:00:00+00:00,34,1,294973,6802.75,6807.75,6802.0,6807.0,4367,ES.v.0
2025-10-08 23:00:00+00:00,34,1,294973,6807.0,6812.25,6805.75,6809.0,5803,ES.v.0
2025-10-09 00:00:00+00:00,34,1,294973,6808.75,6808.75,6804.75,6806.0,5432,ES.v.0
2025-10-09 01:00:00+00:00,34,1,294973,6806.0,6807.25,6798.0,6799.25,9219,ES.v.0
2025-10-09 02:00:00+00:00,34,1,294973,6799.0,6800.0,6794.5,6795.0,7044,ES.v.0
2025-10-09 03:00:00+00:00,34,1,294973,6795.0,6800.5,6795.0,6797.25,7850,ES.v.0
2025-10-09 04:00:00+00:00,34,1,294973,6797.5,6802.0,6797.25,6801.75,3202,ES.v.0
2025-10-09 05:00:00+00:00,34,1,294973,6801.5,6806.5,6800.5,6804.75,4350,ES.v.0
2025-10-09 06:00:00+00:00,34,1,294973,6805.0,6807.5,6799.25,6801.5,6651,ES.v.0
2025-10-09 07:00:00+00:00,34,1,294973,6801.75,6804.25,6799.25,6801.5,11454,ES.v.0
2025-10-09 08:00:00+00:00,34,1,294973,6801.25,6802.75,6795.75,6797.25,11198,ES.v.0
2025-10-09 09:00:00+00:00,34,1,294973,6797.5,6803.75,6795.5,6800.5,8629,ES.v.0
2025-10-09 10:00:00+00:00,34,1,294973,6800.5,6802.5,6797.0,6799.5,6825,ES.v.0
2025-10-09 11:00:00+00:00,34,1,294973,6799.5,6805.75,6799.5,6799.75,11201,ES.v.0
2025-10-09 12:00:00+00:00,34,1,294973,6800.0,6805.25,6800.0,6805.0,16002,ES.v.0
2025-10-09 13:00:00+00:00,34,1,294973,6805.0,6809.5,6785.25,6789.0,155663,ES.v.0
2025-10-09 14:00:00+00:00,34,1,294973,6788.75,6792.0,6768.5,6782.75,232982,ES.v.0
2025-10-09 15:00:00+00:00,34,1,294973,6782.75,6788.0,6769.0,6782.25,157322,ES.v.0
2025-10-09 16:00:00+00:00,34,1,294973,6782.5,6785.25,6765.5,6767.0,133423,ES.v.0
2025-10-09 17:00:00+00:00,34,1,294973,6767.0,6772.75,6760.75,6770.75,160870,ES.v.0
2025-10-09 18:00:00+00:00,34,1,294973,6770.75,6772.25,6762.25,6767.75,100378,ES.v.0
2025-10-09 19:00:00+00:00,34,1,294973,6767.75,6782.0,6767.0,6781.25,211497,ES.v.0
2025-10-09 20:00:00+00:00,34,1,294973,6781.25,6782.5,6775.5,6779.75,44995,ES.v.0
2025-10-09 22:00:00+00:00,34,1,294973,6779.5,6786.5,6779.0,6785.25,5322,ES.v.0
2025-10-09 23:00:00+00:00,34,1,294973,6785.5,6789.5,6784.0,6789.25,3522,ES.v.0
2025-10-10 00:00:00+00:00,34,1,294973,6789.25,6791.75,6785.75,6790.0,7018,ES.v.0
2025-10-10 01:00:00+00:00,34,1,294973,6790.25,6792.75,6789.25,6792.5,4963,ES.v.0
2025-10-10 02:00:00+00:00,34,1,294973,6792.25,6792.75,6788.75,6789.25,2822,ES.v.0
2025-10-10 03:00:00+00:00,34,1,294973,6789.25,6790.25,6784.5,6785.75,4662,ES.v.0
2025-10-10 04:00:00+00:00,34,1,294973,6786.0,6787.0,6781.25,6782.75,3602,ES.v.0
2025-10-10 05:00:00+00:00,34,1,294973,6782.75,6788.5,6780.5,6788.25,3453,ES.v.0
2025-10-10 06:00:00+00:00,34,1,294973,6788.5,6792.75,6779.25,6782.0,11608,ES.v.0
2025-10-10 07:00:00+00:00,34,1,294973,6782.25,6787.75,6781.25,6786.25,11625,ES.v.0
2025-10-10 08:00:00+00:00,34,1,294973,6786.25,6790.0,6785.0,6788.25,7790,ES.v.0
2025-10-10 09:00:00+00:00,34,1,294973,6788.5,6788.75,6772.5,6773.75,17758,ES.v.0
2025-10-10 10:00:00+00:00,34,1,294973,6773.5,6783.0,6773.25,6782.5,10997,ES.v.0
2025-10-10 11:00:00+00:00,34,1,294973,6782.25,6788.25,6782.0,6788.0,10948,ES.v.0
2025-10-10 12:00:00+00:00,34,1,294973,6787.75,6790.5,6781.0,6783.25,20161,ES.v.0
2025-10-10 13:00:00+00:00,34,1,294973,6783.25,6806.5,6783.25,6797.0,172320,ES.v.0
2025-10-10 14:00:00+00:00,34,1,294973,6796.75,6800.25,6742.5,6757.75,254315,ES.v.0
2025-10-10 15:00:00+00:00,34,1,294973,6757.5,6757.75,6659.0,6682.75,639829,ES.v.0
2025-10-10 16:00:00+00:00,34,1,294973,6682.5,6692.25,6653.25,6655.25,295880,ES.v.0
2025-10-10 17:00:00+00:00,34,1,294973,6655.25,6673.5,6641.5,6660.0,233914,ES.v.0
2025-10-10 18:00:00+00:00,34,1,294973,6660.0,6665.0,6631.5,6635.75,169767,ES.v.0
2025-10-10 19:00:00+00:00,34,1,294973,6635.75,6646.25,6591.75,6595.0,422660,ES.v.0
2025-10-10 20:00:00+00:00,34,1,294973,6595.25,6607.0,6540.25,6552.0,140034,ES.v.0
2025-10-12 22:00:00+00:00,34,1,294973,6632.0,6675.25,6632.0,6654.75,55366,ES.v.0
2025-10-12 23:00:00+00:00,34,1,294973,6655.0,6671.0,6646.25,6668.25,25074,ES.v.0
2025-10-13 00:00:00+00:00,34,1,294973,6668.25,6679.0,6661.75,6677.75,24484,ES.v.0
2025-10-13 01:00:00+00:00,34,1,294973,6677.75,6683.75,6673.5,6683.0,21054,ES.v.0
2025-10-13 02:00:00+00:00,34,1,294973,6682.75,6685.0,6676.0,6676.5,11823,ES.v.0
2025-10-13 03:00:00+00:00,34,1,294973,6676.25,6683.75,6668.25,6670.75,11747,ES.v.0
2025-10-13 04:00:00+00:00,34,1,294973,6671.0,6680.0,6669.75,6679.0,8354,ES.v.0
2025-10-13 05:00:00+00:00,34,1,294973,6679.0,6683.5,6675.75,6683.0,8590,ES.v.0
2025-10-13 06:00:00+00:00,34,1,294973,6683.0,6687.5,6672.25,6687.0,20008,ES.v.0
2025-10-13 07:00:00+00:00,34,1,294973,6687.0,6706.25,6681.75,6696.5,44774,ES.v.0
2025-10-13 08:00:00+00:00,34,1,294973,6696.25,6697.75,6681.0,6688.75,21870,ES.v.0
2025-10-13 09:00:00+00:00,34,1,294973,6688.5,6689.75,6680.75,6681.75,13277,ES.v.0
2025-10-13 10:00:00+00:00,34,1,294973,6681.5,6687.5,6675.25,6681.25,19039,ES.v.0
2025-10-13 11:00:00+00:00,34,1,294973,6681.25,6686.25,6653.25,6667.25,64593,ES.v.0
2025-10-13 12:00:00+00:00,34,1,294973,6667.25,6677.0,6659.75,6669.25,38958,ES.v.0
2025-10-13 13:00:00+00:00,34,1,294973,6669.25,6694.75,6661.75,6693.25,246046,ES.v.0
2025-10-13 14:00:00+00:00,34,1,294973,6693.25,6697.0,6663.5,6666.5,279634,ES.v.0
2025-10-13 15:00:00+00:00,34,1,294973,6666.5,6696.75,6661.75,6694.25,166457,ES.v.0
2025-10-13 16:00:00+00:00,34,1,294973,6694.5,6708.75,6691.0,6707.5,147419,ES.v.0
2025-10-13 17:00:00+00:00,34,1,294973,6707.5,6711.5,6688.25,6697.25,126429,ES.v.0
2025-10-13 18:00:00+00:00,34,1,294973,6697.0,6707.75,6683.0,6685.5,106047,ES.v.0
2025-10-13 19:00:00+00:00,34,1,294973,6685.75,6700.75,6681.5,6694.5,209986,ES.v.0
2025-10-13 20:00:00+00:00,34,1,294973,6694.5,6696.0,6688.5,6689.75,50153,ES.v.0
2025-10-13 22:00:00+00:00,34,1,294973,6691.0,6696.5,6689.75,6695.75,5159,ES.v.0
2025-10-13 23:00:00+00:00,34,1,294973,6695.75,6696.0,6688.0,6691.25,4696,ES.v.0
2025-10-14 00:00:00+00:00,34,1,294973,6691.25,6718.5,6689.5,6710.75,18755,ES.v.0
2025-10-14 01:00:00+00:00,34,1,294973,6710.5,6712.0,6701.75,6710.75,12241,ES.v.0
2025-10-14 02:00:00+00:00,34,1,294973,6710.5,6712.75,6700.0,6701.0,8444,ES.v.0
2025-10-14 03:00:00+00:00,34,1,294973,6701.25,6701.75,6691.0,6693.0,9649,ES.v.0
2025-10-14 04:00:00+00:00,34,1,294973,6693.25,6694.5,6660.75,6672.0,28048,ES.v.0
2025-10-14 05:00:00+00:00,34,1,294973,6672.25,6673.5,6637.75,6651.0,25928,ES.v.0
2025-10-14 06:00:00+00:00,34,1,294973,6650.75,6658.75,6642.0,6645.75,22700,ES.v.0
2025-10-14 07:00:00+00:00,34,1,294973,6645.75,6652.25,6623.25,6636.25,48432,ES.v.0
2025-10-14 08:00:00+00:00,34,1,294973,6636.25,6648.75,6626.25,6647.75,27291,ES.v.0
2025-10-14 09:00:00+00:00,34,1,294973,6647.75,6652.25,6634.25,6635.25,15165,ES.v.0
2025-10-14 10:00:00+00:00,34,1,294973,6635.25,6636.25,6605.75,6618.0,45668,ES.v.0
2025-10-14 11:00:00+00:00,34,1,294973,6618.25,6642.5,6616.0,6640.0,38438,ES.v.0
2025-10-14 12:00:00+00:00,34,1,294973,6640.0,6640.5,6616.0,6631.0,52402,ES.v.0
2025-10-14 13:00:00+00:00,34,1,294973,6631.0,6638.75,6593.25,6630.5,284605,ES.v.0
2025-10-14 14:00:00+00:00,34,1,294973,6630.25,6666.25,6627.0,6660.25,276644,ES.v.0
2025-10-14 15:00:00+00:00,34,1,294973,6660.25,6694.25,6657.75,6687.5,218451,ES.v.0
2025-10-14 16:00:00+00:00,34,1,294973,6687.5,6720.25,6677.75,6707.5,209225,ES.v.0
2025-10-14 17:00:00+00:00,34,1,294973,6707.5,6722.5,6700.0,6715.25,157295,ES.v.0
2025-10-14 18:00:00+00:00,34,1,294973,6715.5,6717.75,6708.25,6713.0,131123,ES.v.0
2025-10-14 19:00:00+00:00,34,1,294973,6713.0,6717.5,6666.0,6686.0,387875,ES.v.0
2025-10-14 20:00:00+00:00,34,1,294973,6685.75,6693.75,6672.25,6685.0,58714,ES.v.0
2025-10-14 22:00:00+00:00,34,1,294973,6684.25,6698.25,6684.25,6690.75,10291,ES.v.0
2025-10-14 23:00:00+00:00,34,1,294973,6690.5,6699.0,6688.75,6689.0,5593,ES.v.0
2025-10-15 00:00:00+00:00,34,1,294973,6689.0,6695.75,6683.5,6695.25,7763,ES.v.0
2025-10-15 01:00:00+00:00,34,1,294973,6695.25,6698.25,6687.25,6694.25,6006,ES.v.0
2025-10-15 02:00:00+00:00,34,1,294973,6694.5,6705.5,6694.25,6697.0,7211,ES.v.0
2025-10-15 03:00:00+00:00,34,1,294973,6696.75,6701.0,6691.75,6697.0,5411,ES.v.0
2025-10-15 04:00:00+00:00,34,1,294973,6697.25,6706.0,6696.0,6705.0,4622,ES.v.0
2025-10-15 05:00:00+00:00,34,1,294973,6705.25,6715.75,6705.25,6710.25,10252,ES.v.0
2025-10-15 06:00:00+00:00,34,1,294973,6710.25,6715.5,6706.5,6715.25,10368,ES.v.0
2025-10-15 07:00:00+00:00,34,1,294973,6714.75,6720.0,6709.0,6715.0,14398,ES.v.0
2025-10-15 08:00:00+00:00,34,1,294973,6714.75,6721.25,6714.0,6717.25,14014,ES.v.0
2025-10-15 09:00:00+00:00,34,1,294973,6717.5,6731.25,6716.75,6728.5,17495,ES.v.0
2025-10-15 10:00:00+00:00,34,1,294973,6728.5,6731.25,6723.5,6728.75,9920,ES.v.0
2025-10-15 11:00:00+00:00,34,1,294973,6728.5,6730.75,6724.25,6729.0,16795,ES.v.0
2025-10-15 12:00:00+00:00,34,1,294973,6729.25,6741.0,6728.0,6738.5,46930,ES.v.0
2025-10-15 13:00:00+00:00,34,1,294973,6738.75,6750.0,6724.25,6747.0,208752,ES.v.0
2025-10-15 14:00:00+00:00,34,1,294973,6747.0,6766.75,6746.75,6754.25,215911,ES.v.0
2025-10-15 15:00:00+00:00,34,1,294973,6754.25,6755.75,6702.0,6715.5,314518,ES.v.0
2025-10-15 16:00:00+00:00,34,1,294973,6715.25,6727.5,6702.0,6703.75,199183,ES.v.0
2025-10-15 17:00:00+00:00,34,1,294973,6703.75,6708.0,6651.5,6706.0,313940,ES.v.0
2025-10-15 18:00:00+00:00,34,1,294973,6706.0,6721.5,6697.25,6720.5,149616,ES.v.0
2025-10-15 19:00:00+00:00,34,1,294973,6720.5,6721.5,6695.75,6715.0,287128,ES.v.0
2025-10-15 20:00:00+00:00,34,1,294973,6715.25,6724.5,6709.25,6713.5,66501,ES.v.0
2025-10-15 22:00:00+00:00,34,1,294973,6715.25,6726.5,6714.0,6722.5,9131,ES.v.0
2025-10-15 23:00:00+00:00,34,1,294973,6722.5,6722.5,6710.25,6715.0,5852,ES.v.0
2025-10-16 00:00:00+00:00,34,1,294973,6714.75,6716.75,6702.5,6710.0,10199,ES.v.0
2025-10-16 01:00:00+00:00,34,1,294973,6710.0,6716.0,6708.5,6713.25,5930,ES.v.0
2025-10-16 02:00:00+00:00,34,1,294973,6713.25,6716.0,6705.75,6713.5,5960,ES.v.0
2025-10-16 03:00:00+00:00,34,1,294973,6713.5,6716.0,6708.25,6709.75,4479,ES.v.0
2025-10-16 04:00:00+00:00,34,1,294973,6709.75,6714.75,6708.75,6712.5,3425,ES.v.0
2025-10-16 05:00:00+00:00,34,1,294973,6712.75,6720.0,6710.75,6716.0,7129,ES.v.0
2025-10-16 06:00:00+00:00,34,1,294973,6716.0,6730.25,6716.0,6729.5,10154,ES.v.0
2025-10-16 07:00:00+00:00,34,1,294973,6729.5,6736.0,6718.25,6732.25,22064,ES.v.0
2025-10-16 08:00:00+00:00,34,1,294973,6732.0,6737.5,6726.25,6729.25,12032,ES.v.0
2025-10-16 09:00:00+00:00,34,1,294973,6729.25,6737.0,6728.0,6736.25,10570,ES.v.0
2025-10-16 10:00:00+00:00,34,1,294973,6736.5,6743.5,6735.75,6739.0,13180,ES.v.0
2025-10-16 11:00:00+00:00,34,1,294973,6739.0,6745.25,6738.0,6739.75,14666,ES.v.0
2025-10-16 12:00:00+00:00,34,1,294973,6739.75,6746.5,6732.5,6741.75,29175,ES.v.0
2025-10-16 13:00:00+00:00,34,1,294973,6742.0,6744.25,6724.25,6729.5,171594,ES.v.0
2025-10-16 14:00:00+00:00,34,1,294973,6729.75,6750.5,6717.25,6733.75,269634,ES.v.0
2025-10-16 15:00:00+00:00,34,1,294973,6734.0,6743.75,6701.75,6707.5,267917,ES.v.0
2025-10-16 16:00:00+00:00,34,1,294973,6707.75,6714.0,6654.75,6695.75,367379,ES.v.0
2025-10-16 17:00:00+00:00,34,1,294973,6695.5,6704.75,6673.0,6680.0,241163,ES.v.0
2025-10-16 18:00:00+00:00,34,1,294973,6680.0,6681.5,6632.0,6667.0,321102,ES.v.0
2025-10-16 19:00:00+00:00,34,1,294973,6666.75,6674.25,6641.5,6668.5,289964,ES.v.0
2025-10-16 20:00:00+00:00,34,1,294973,6668.75,6673.75,6651.0,6659.25,62578,ES.v.0
2025-10-16 22:00:00+00:00,34,1,294973,6659.25,6669.25,6644.25,6644.5,11717,ES.v.0
2025-10-16 23:00:00+00:00,34,1,294973,6644.75,6652.0,6641.75,6651.25,13242,ES.v.0
2025-10-17 00:00:00+00:00,34,1,294973,6651.25,6658.0,6648.25,6651.5,12690,ES.v.0
2025-10-17 01:00:00+00:00,34,1,294973,6651.5,6663.0,6642.5,6648.25,12499,ES.v.0
2025-10-17 02:00:00+00:00,34,1,294973,6648.5,6650.5,6642.75,6648.0,8046,ES.v.0
2025-10-17 03:00:00+00:00,34,1,294973,6648.0,6650.25,6636.25,6642.0,10287,ES.v.0
2025-10-17 04:00:00+00:00,34,1,294973,6642.0,6644.0,6635.5,6636.75,7536,ES.v.0
2025-10-17 05:00:00+00:00,34,1,294973,6637.0,6637.5,6618.5,6628.25,15961,ES.v.0
2025-10-17 06:00:00+00:00,34,1,294973,6628.5,6634.5,6608.75,6611.25,21891,ES.v.0
2025-10-17 07:00:00+00:00,34,1,294973,6611.5,6613.25,6571.5,6584.75,62561,ES.v.0
2025-10-17 08:00:00+00:00,34,1,294973,6584.75,6597.75,6571.25,6591.0,39320,ES.v.0
2025-10-17 09:00:00+00:00,34,1,294973,6590.75,6608.5,6589.5,6592.0,30507,ES.v.0
2025-10-17 10:00:00+00:00,34,1,294973,6592.25,6616.0,6590.75,6615.5,50990,ES.v.0
2025-10-17 11:00:00+00:00,34,1,294973,6615.75,6655.75,6612.75,6652.75,90159,ES.v.0
2025-10-17 12:00:00+00:00,34,1,294973,6652.75,6672.0,6646.75,6658.5,78204,ES.v.0
2025-10-17 13:00:00+00:00,34,1,294973,6658.25,6684.5,6641.5,6666.25,255458,ES.v.0
2025-10-17 14:00:00+00:00,34,1,294973,6666.25,6697.5,6653.0,6655.5,299620,ES.v.0
2025-10-17 15:00:00+00:00,34,1,294973,6655.5,6682.25,6640.5,6677.0,269944,ES.v.0
2025-10-17 16:00:00+00:00,34,1,294973,6677.0,6696.75,6672.25,6680.0,178342,ES.v.0
2025-10-17 17:00:00+00:00,34,1,294973,6680.0,6690.75,6665.0,6688.75,145998,ES.v.0
2025-10-17 18:00:00+00:00,34,1,294973,6688.75,6711.5,6688.5,6704.0,125027,ES.v.0
2025-10-17 19:00:00+00:00,34,1,294973,6704.25,6718.0,6700.5,6703.75,213238,ES.v.0
2025-10-17 20:00:00+00:00,34,1,294973,6703.75,6713.0,6701.5,6711.0,51766,ES.v.0
2025-10-19 22:00:00+00:00,34,1,294973,6721.0,6726.0,6712.75,6715.75,11240,ES.v.0
2025-10-19 23:00:00+00:00,34,1,294973,6716.25,6716.5,6701.5,6705.75,9252,ES.v.0
2025-10-20 00:00:00+00:00,34,1,294973,6705.5,6716.5,6694.0,6714.5,17565,ES.v.0
2025-10-20 01:00:00+00:00,34,1,294973,6714.5,6720.75,6710.0,6713.25,10511,ES.v.0
2025-10-20 02:00:00+00:00,34,1,294973,6713.0,6717.0,6709.25,6715.0,5624,ES.v.0
2025-10-20 03:00:00+00:00,34,1,294973,6715.0,6724.75,6715.0,6723.25,4881,ES.v.0
2025-10-20 04:00:00+00:00,34,1,294973,6723.25,6728.5,6722.0,6727.25,5242,ES.v.0
2025-10-20 05:00:00+00:00,34,1,294973,6727.0,6732.0,6724.0,6728.75,5931,ES.v.0
2025-10-20 06:00:00+00:00,34,1,294973,6728.75,6731.25,6723.25,6727.75,8529,ES.v.0
2025-10-20 07:00:00+00:00,34,1,294973,6728.0,6737.5,6725.0,6731.25,13667,ES.v.0
2025-10-20 08:00:00+00:00,34,1,294973,6731.25,6732.5,6718.5,6720.25,11368,ES.v.0
2025-10-20 09:00:00+00:00,34,1,294973,6720.0,6725.75,6717.25,6722.5,9755,ES.v.0
2025-10-20 10:00:00+00:00,34,1,294973,6722.75,6727.0,6712.0,6712.75,12859,ES.v.0
2025-10-20 11:00:00+00:00,34,1,294973,6712.5,6724.75,6711.5,6724.0,12250,ES.v.0
2025-10-20 12:00:00+00:00,34,1,294973,6723.75,6734.5,6720.75,6734.0,24391,ES.v.0
2025-10-20 13:00:00+00:00,34,1,294973,6733.75,6754.75,6732.0,6747.5,161722,ES.v.0
2025-10-20 14:00:00+00:00,34,1,294973,6747.5,6775.5,6747.5,6773.0,182156,ES.v.0
2025-10-20 15:00:00+00:00,34,1,294973,6772.75,6774.0,6762.25,6766.25,147282,ES.v.0
2025-10-20 16:00:00+00:00,34,1,294973,6766.5,6771.75,6763.0,6771.25,98370,ES.v.0
2025-10-20 17:00:00+00:00,34,1,294973,6771.25,6782.0,6771.0,6778.75,82010,ES.v.0
2025-10-20 18:00:00+00:00,34,1,294973,6778.75,6783.0,6772.5,6777.25,81807,ES.v.0
2025-10-20 19:00:00+00:00,34,1,294973,6777.5,6782.5,6772.5,6773.25,180319,ES.v.0
2025-10-20 20:00:00+00:00,34,1,294973,6773.5,6780.5,6770.0,6780.25,46763,ES.v.0
2025-10-20 22:00:00+00:00,34,1,294973,6779.5,6781.0,6776.25,6777.5,4657,ES.v.0
2025-10-20 23:00:00+00:00,34,1,294973,6777.75,6782.75,6776.5,6778.0,4567,ES.v.0
2025-10-21 00:00:00+00:00,34,1,294973,6778.0,6782.0,6776.0,6782.0,5090,ES.v.0
2025-10-21 01:00:00+00:00,34,1,294973,6781.75,6784.75,6778.25,6780.5,6488,ES.v.0
2025-10-21 02:00:00+00:00,34,1,294973,6780.5,6785.0,6779.5,6780.25,4249,ES.v.0
2025-10-21 03:00:00+00:00,34,1,294973,6780.5,6782.0,6775.75,6777.75,3806,ES.v.0
2025-10-21 04:00:00+00:00,34,1,294973,6777.75,6777.75,6771.5,6773.75,4471,ES.v.0
2025-10-21 05:00:00+00:00,34,1,294973,6774.0,6776.0,6767.5,6771.5,6139,ES.v.0
2025-10-21 06:00:00+00:00,34,1,294973,6771.75,6771.75,6764.5,6767.5,8214,ES.v.0
2025-10-21 07:00:00+00:00,34,1,294973,6767.75,6769.25,6764.0,6767.0,10349,ES.v.0
2025-10-21 08:00:00+00:00,34,1,294973,6767.25,6768.5,6763.25,6764.75,10450,ES.v.0
2025-10-21 09:00:00+00:00,34,1,294973,6764.75,6771.0,6764.25,6768.5,9339,ES.v.0
2025-10-21 10:00:00+00:00,34,1,294973,6768.75,6772.0,6765.25,6771.25,12754,ES.v.0
2025-10-21 11:00:00+00:00,34,1,294973,6771.0,6776.5,6769.5,6776.0,16034,ES.v.0
2025-10-21 12:00:00+00:00,34,1,294973,6776.0,6777.75,6772.75,6774.0,16656,ES.v.0
2025-10-21 13:00:00+00:00,34,1,294973,6774.0,6777.5,6761.5,6765.25,147601,ES.v.0
2025-10-21 14:00:00+00:00,34,1,294973,6765.25,6786.25,6759.25,6785.75,239283,ES.v.0
2025-10-21 15:00:00+00:00,34,1,294973,6785.5,6787.25,6773.75,6782.75,161872,ES.v.0
2025-10-21 16:00:00+00:00,34,1,294973,6782.5,6789.75,6773.25,6774.75,140831,ES.v.0
2025-10-21 17:00:00+00:00,34,1,294973,6774.75,6783.0,6767.25,6781.75,130656,ES.v.0
2025-10-21 18:00:00+00:00,34,1,294973,6782.0,6785.0,6777.5,6779.5,98090,ES.v.0
2025-10-21 19:00:00+00:00,34,1,294973,6779.25,6784.0,6771.5,6772.0,148930,ES.v.0
2025-10-21 20:00:00+00:00,34,1,294973,6772.25,6776.0,6764.75,6772.5,56432,ES.v.0
2025-10-21 22:00:00+00:00,34,1,294973,6776.0,6778.0,6771.75,6775.5,6538,ES.v.0
2025-10-21 23:00:00+00:00,34,1,294973,6775.5,6775.75,6769.25,6769.75,4092,ES.v.0
2025-10-22 00:00:00+00:00,34,1,294973,6769.75,6772.5,6765.25,6766.5,7129,ES.v.0
2025-10-22 01:00:00+00:00,34,1,294973,6766.25,6774.75,6764.0,6774.0,6232,ES.v.0
2025-10-22 02:00:00+00:00,34,1,294973,6774.25,6777.25,6771.25,6775.25,4335,ES.v.0
2025-10-22 03:00:00+00:00,34,1,294973,6775.5,6780.0,6769.25,6779.5,5077,ES.v.0
2025-10-22 04:00:00+00:00,34,1,294973,6779.5,6788.0,6779.0,6784.75,7024,ES.v.0
2025-10-22 05:00:00+00:00,34,1,294973,6784.75,6786.5,6780.75,6782.25,3822,ES.v.0
2025-10-22 06:00:00+00:00,34,1,294973,6782.25,6788.75,6779.25,6785.5,6465,ES.v.0
2025-10-22 07:00:00+00:00,34,1,294973,6785.5,6786.0,6775.25,6781.75,10047,ES.v.0
2025-10-22 08:00:00+00:00,34,1,294973,6782.0,6782.0,6772.0,6775.75,9735,ES.v.0
2025-10-22 09:00:00+00:00,34,1,294973,6775.5,6778.75,6768.5,6778.5,9068,ES.v.0
2025-10-22 10:00:00+00:00,34,1,294973,6778.5,6782.75,6776.75,6778.5,10658,ES.v.0
2025-10-22 11:00:00+00:00,34,1,294973,6778.25,6779.25,6765.5,6769.25,20422,ES.v.0
2025-10-22 12:00:00+00:00,34,1,294973,6769.25,6780.75,6768.5,6779.25,25559,ES.v.0
2025-10-22 13:00:00+00:00,34,1,294973,6779.25,6781.75,6763.5,6771.5,142485,ES.v.0
2025-10-22 14:00:00+00:00,34,1,294973,6771.5,6775.25,6739.5,6759.75,327248,ES.v.0
2025-10-22 15:00:00+00:00,34,1,294973,6759.5,6763.25,6732.25,6748.75,266354,ES.v.0
2025-10-22 16:00:00+00:00,34,1,294973,6749.0,6750.75,6698.0,6732.0,291625,ES.v.0
2025-10-22 17:00:00+00:00,34,1,294973,6731.75,6735.25,6690.75,6705.25,217275,ES.v.0
2025-10-22 18:00:00+00:00,34,1,294973,6705.5,6724.0,6695.25,6723.25,168143,ES.v.0
2025-10-22 19:00:00+00:00,34,1,294973,6723.25,6742.25,6713.5,6737.0,245669,ES.v.0
2025-10-22 20:00:00+00:00,34,1,294973,6737.0,6744.75,6731.75,6737.5,48392,ES.v.0
2025-10-22 22:00:00+00:00,34,1,294973,6733.5,6739.5,6729.5,6736.75,6408,ES.v.0
2025-10-22 23:00:00+00:00,34,1,294973,6736.75,6740.5,6726.5,6727.0,5667,ES.v.0
2025-10-23 00:00:00+00:00,34,1,294973,6727.0,6737.75,6717.5,6737.0,10956,ES.v.0
2025-10-23 01:00:00+00:00,34,1,294973,6736.75,6748.25,6736.25,6747.0,8617,ES.v.0
2025-10-23 02:00:00+00:00,34,1,294973,6747.25,6749.75,6745.75,6747.0,4836,ES.v.0
2025-10-23 03:00:00+00:00,34,1,294973,6747.25,6750.25,6742.75,6745.0,7645,ES.v.0
2025-10-23 04:00:00+00:00,34,1,294973,6745.0,6746.75,6739.75,6741.5,4419,ES.v.0
2025-10-23 05:00:00+00:00,34,1,294973,6741.75,6747.25,6738.25,6746.25,5449,ES.v.0
2025-10-23 06:00:00+00:00,34,1,294973,6746.25,6749.75,6742.75,6748.25,7085,ES.v.0
2025-10-23 07:00:00+00:00,34,1,294973,6748.25,6751.75,6739.5,6746.5,12547,ES.v.0
2025-10-23 08:00:00+00:00,34,1,294973,6746.5,6749.75,6742.25,6744.75,9944,ES.v.0
2025-10-23 09:00:00+00:00,34,1,294973,6744.75,6746.75,6732.5,6739.25,11503,ES.v.0
2025-10-23 10:00:00+00:00,34,1,294973,6739.5,6742.25,6737.25,6740.0,9206,ES.v.0
2025-10-23 11:00:00+00:00,34,1,294973,6739.75,6740.25,6723.5,6725.75,17547,ES.v.0
2025-10-23 12:00:00+00:00,34,1,294973,6725.75,6737.25,6719.5,6736.0,32362,ES.v.0
2025-10-23 13:00:00+00:00,34,1,294973,6736.0,6766.0,6724.0,6758.0,170219,ES.v.0
2025-10-23 14:00:00+00:00,34,1,294973,6758.25,6762.25,6739.0,6760.5,227598,ES.v.0
2025-10-23 15:00:00+00:00,34,1,294973,6760.5,6765.5,6745.25,6761.0,152441,ES.v.0
2025-10-23 16:00:00+00:00,34,1,294973,6760.75,6774.0,6759.75,6772.75,123857,ES.v.0
2025-10-23 17:00:00+00:00,34,1,294973,6773.0,6783.5,6762.5,6782.25,179555,ES.v.0
2025-10-23 18:00:00+00:00,34,1,294973,6782.5,6785.75,6776.75,6784.0,87962,ES.v.0
2025-10-23 19:00:00+00:00,34,1,294973,6784.0,6785.75,6771.5,6774.75,175881,ES.v.0
2025-10-23 20:00:00+00:00,34,1,294973,6774.5,6778.25,6773.5,6777.75,45272,ES.v.0
2025-10-23 22:00:00+00:00,34,1,294973,6778.25,6781.75,6776.5,6779.75,4746,ES.v.0
2025-10-23 23:00:00+00:00,34,1,294973,6779.75,6782.0,6779.5,6780.75,2268,ES.v.0
2025-10-24 00:00:00+00:00,34,1,294973,6781.0,6781.75,6776.75,6781.0,4421,ES.v.0
2025-10-24 01:00:00+00:00,34,1,294973,6781.0,6785.5,6780.75,6784.75,5308,ES.v.0
2025-10-24 02:00:00+00:00,34,1,294973,6784.75,6787.0,6781.75,6783.25,4769,ES.v.0
2025-10-24 03:00:00+00:00,34,1,294973,6783.25,6788.25,6782.75,6787.75,4345,ES.v.0
2025-10-24 04:00:00+00:00,34,1,294973,6787.75,6788.5,6785.25,6787.75,3243,ES.v.0
2025-10-24 05:00:00+00:00,34,1,294973,6787.75,6791.75,6786.75,6791.5,4745,ES.v.0
2025-10-24 06:00:00+00:00,34,1,294973,6791.5,6798.25,6791.0,6795.0,8816,ES.v.0
2025-10-24 07:00:00+00:00,34,1,294973,6795.25,6795.5,6787.5,6788.25,11161,ES.v.0
2025-10-24 08:00:00+00:00,34,1,294973,6788.25,6793.5,6784.0,6789.75,13797,ES.v.0
2025-10-24 09:00:00+00:00,34,1,294973,6789.5,6798.75,6789.25,6794.5,9525,ES.v.0
2025-10-24 10:00:00+00:00,34,1,294973,6794.5,6797.75,6792.5,6793.0,8922,ES.v.0
2025-10-24 11:00:00+00:00,34,1,294973,6793.0,6799.75,6792.5,6797.5,11959,ES.v.0
2025-10-24 12:00:00+00:00,34,1,294973,6797.75,6837.25,6792.5,6812.75,70189,ES.v.0
2025-10-24 13:00:00+00:00,34,1,294973,6813.0,6835.0,6812.5,6829.5,190980,ES.v.0
2025-10-24 14:00:00+00:00,34,1,294973,6830.0,6835.5,6815.25,6823.0,211750,ES.v.0
2025-10-24 15:00:00+00:00,34,1,294973,6823.0,6841.25,6821.0,6835.75,145974,ES.v.0
2025-10-24 16:00:00+00:00,34,1,294973,6835.75,6841.25,6828.25,6836.0,84761,ES.v.0
2025-10-24 17:00:00+00:00,34,1,294973,6835.75,6840.75,6832.75,6836.75,61741,ES.v.0
2025-10-24 18:00:00+00:00,34,1,294973,6836.75,6839.75,6833.25,6838.0,73729,ES.v.0
2025-10-24 19:00:00+00:00,34,1,294973,6837.75,6841.0,6823.75,6827.25,215392,ES.v.0
2025-10-24 20:00:00+00:00,34,1,294973,6827.25,6829.5,6824.25,6825.25,49960,ES.v.0
2025-10-26 22:00:00+00:00,34,1,294973,6881.0,6890.0,6865.75,6872.0,28074,ES.v.0
2025-10-26 23:00:00+00:00,34,1,294973,6872.25,6876.75,6868.75,6870.75,6459,ES.v.0
2025-10-27 00:00:00+00:00,34,1,294973,6870.75,6876.75,6869.25,6872.25,11301,ES.v.0
2025-10-27 01:00:00+00:00,34,1,294973,6872.5,6873.25,6869.25,6869.5,8537,ES.v.0
2025-10-27 02:00:00+00:00,34,1,294973,6869.5,6875.25,6867.5,6875.0,6240,ES.v.0
2025-10-27 03:00:00+00:00,34,1,294973,6875.0,6881.25,6874.25,6878.5,7738,ES.v.0
2025-10-27 04:00:00+00:00,34,1,294973,6878.25,6880.5,6877.0,6879.25,3985,ES.v.0
2025-10-27 05:00:00+00:00,34,1,294973,6879.0,6883.75,6879.0,6882.75,5048,ES.v.0
2025-10-27 06:00:00+00:00,34,1,294973,6883.0,6888.25,6882.25,6884.5,8907,ES.v.0
2025-10-27 07:00:00+00:00,34,1,294973,6884.5,6889.0,6882.75,6882.75,11669,ES.v.0
2025-10-27 08:00:00+00:00,34,1,294973,6883.0,6884.25,6876.5,6881.0,16118,ES.v.0
2025-10-27 09:00:00+00:00,34,1,294973,6881.25,6887.0,6878.75,6887.0,11334,ES.v.0
2025-10-27 10:00:00+00:00,34,1,294973,6887.0,6888.5,6884.0,6886.5,10753,ES.v.0
2025-10-27 11:00:00+00:00,34,1,294973,6886.5,6889.0,6878.75,6880.25,19506,ES.v.0
2025-10-27 12:00:00+00:00,34,1,294973,6880.0,6885.25,6879.25,6883.0,17328,ES.v.0
2025-10-27 13:00:00+00:00,34,1,294973,6882.75,6889.0,6877.0,6886.75,135808,ES.v.0
2025-10-27 14:00:00+00:00,34,1,294973,6886.75,6892.5,6879.75,6883.0,186446,ES.v.0
2025-10-27 15:00:00+00:00,34,1,294973,6883.0,6892.25,6881.25,6890.25,108932,ES.v.0
2025-10-27 16:00:00+00:00,34,1,294973,6890.25,6895.0,6889.75,6893.75,71317,ES.v.0
2025-10-27 17:00:00+00:00,34,1,294973,6893.75,6896.0,6887.75,6895.5,75890,ES.v.0
2025-10-27 18:00:00+00:00,34,1,294973,6895.75,6898.75,6893.75,6897.5,80875,ES.v.0
2025-10-27 19:00:00+00:00,34,1,294973,6897.5,6911.75,6896.25,6907.5,233758,ES.v.0
2025-10-27 20:00:00+00:00,34,1,294973,6907.5,6916.25,6907.0,6914.0,67806,ES.v.0
2025-10-27 22:00:00+00:00,34,1,294973,6914.0,6914.0,6910.25,6911.75,4978,ES.v.0
2025-10-27 23:00:00+00:00,34,1,294973,6911.5,6917.75,6910.75,6911.0,6377,ES.v.0
2025-10-28 00:00:00+00:00,34,1,294973,6910.75,6912.0,6908.5,6909.0,6628,ES.v.0
2025-10-28 01:00:00+00:00,34,1,294973,6909.0,6910.25,6906.0,6907.25,6830,ES.v.0
2025-10-28 02:00:00+00:00,34,1,294973,6907.25,6909.25,6905.25,6907.75,4577,ES.v.0
2025-10-28 03:00:00+00:00,34,1,294973,6907.75,6910.0,6906.0,6908.25,3950,ES.v.0
2025-10-28 04:00:00+00:00,34,1,294973,6908.0,6909.0,6904.75,6905.0,4247,ES.v.0
2025-10-28 05:00:00+00:00,34,1,294973,6905.25,6906.5,6902.25,6904.75,5385,ES.v.0
2025-10-28 06:00:00+00:00,34,1,294973,6905.0,6909.75,6903.5,6903.75,5520,ES.v.0
2025-10-28 07:00:00+00:00,34,1,294973,6904.0,6908.75,6902.25,6903.5,8075,ES.v.0
2025-10-28 08:00:00+00:00,34,1,294973,6903.75,6908.0,6901.5,6906.75,14254,ES.v.0
2025-10-28 09:00:00+00:00,34,1,294973,6906.75,6908.25,6904.0,6907.25,6952,ES.v.0
2025-10-28 10:00:00+00:00,34,1,294973,6907.25,6910.5,6906.0,6907.5,7345,ES.v.0
2025-10-28 11:00:00+00:00,34,1,294973,6907.5,6914.0,6907.0,6912.5,14381,ES.v.0
2025-10-28 12:00:00+00:00,34,1,294973,6912.75,6918.25,6912.25,6916.0,19729,ES.v.0
2025-10-28 13:00:00+00:00,34,1,294973,6916.25,6927.5,6906.75,6911.5,173879,ES.v.0
2025-10-28 14:00:00+00:00,34,1,294973,6911.5,6919.0,6910.0,6913.75,127670,ES.v.0
2025-10-28 15:00:00+00:00,34,1,294973,6914.0,6917.5,6903.0,6911.0,100570,ES.v.0
2025-10-28 16:00:00+00:00,34,1,294973,6910.75,6930.0,6910.75,6924.25,159442,ES.v.0
2025-10-28 17:00:00+00:00,34,1,294973,6924.5,6932.5,6924.0,6931.5,111871,ES.v.0
2025-10-28 18:00:00+00:00,34,1,294973,6931.75,6939.75,6931.0,6937.0,96048,ES.v.0
2025-10-28 19:00:00+00:00,34,1,294973,6937.0,6944.75,6924.25,6925.5,218751,ES.v.0
2025-10-28 20:00:00+00:00,34,1,294973,6925.5,6928.0,6921.5,6927.5,52477,ES.v.0
2025-10-28 22:00:00+00:00,34,1,294973,6929.25,6931.5,6925.25,6926.0,4546,ES.v.0
2025-10-28 23:00:00+00:00,34,1,294973,6926.0,6929.0,6924.5,6927.75,3161,ES.v.0
2025-10-29 00:00:00+00:00,34,1,294973,6928.0,6930.5,6924.5,6926.0,5758,ES.v.0
2025-10-29 01:00:00+00:00,34,1,294973,6925.75,6935.0,6925.5,6932.75,9819,ES.v.0
2025-10-29 02:00:00+00:00,34,1,294973,6932.75,6940.0,6932.5,6937.5,7067,ES.v.0
2025-10-29 03:00:00+00:00,34,1,294973,6937.75,6939.25,6934.5,6938.0,4109,ES.v.0
2025-10-29 04:00:00+00:00,34,1,294973,6938.0,6939.25,6933.0,6938.75,3181,ES.v.0
2025-10-29 05:00:00+00:00,34,1,294973,6938.5,6941.25,6938.25,6940.5,4111,ES.v.0
2025-10-29 06:00:00+00:00,34,1,294973,6940.5,6944.0,6939.5,6943.0,6382,ES.v.0
2025-10-29 07:00:00+00:00,34,1,294973,6943.0,6945.5,6939.5,6945.0,8606,ES.v.0
2025-10-29 08:00:00+00:00,34,1,294973,6944.75,6949.25,6935.75,6937.25,16223,ES.v.0
2025-10-29 09:00:00+00:00,34,1,294973,6937.25,6937.75,6930.75,6935.75,14137,ES.v.0
2025-10-29 10:00:00+00:00,34,1,294973,6935.75,6942.5,6934.5,6938.75,10735,ES.v.0
2025-10-29 11:00:00+00:00,34,1,294973,6938.5,6948.5,6936.75,6943.0,16778,ES.v.0
2025-10-29 12:00:00+00:00,34,1,294973,6943.0,6946.0,6937.5,6942.0,15751,ES.v.0
2025-10-29 13:00:00+00:00,34,1,294973,6942.0,6951.75,6936.25,6950.75,118208,ES.v.0
2025-10-29 14:00:00+00:00,34,1,294973,6950.75,6952.0,6932.5,6938.0,158448,ES.v.0
2025-10-29 15:00:00+00:00,34,1,294973,6938.25,6942.75,6932.75,6934.75,127763,ES.v.0
2025-10-29 16:00:00+00:00,34,1,294973,6934.75,6942.5,6929.75,6940.0,104847,ES.v.0
2025-10-29 17:00:00+00:00,34,1,294973,6939.75,6942.5,6930.5,6935.0,73413,ES.v.0
2025-10-29 18:00:00+00:00,34,1,294973,6935.5,6944.5,6882.25,6914.75,364678,ES.v.0
2025-10-29 19:00:00+00:00,34,1,294973,6914.75,6928.75,6895.0,6928.0,288447,ES.v.0
2025-10-29 20:00:00+00:00,34,1,294973,6928.0,6945.5,6905.5,6918.0,97618,ES.v.0
2025-10-29 22:00:00+00:00,34,1,294973,6906.5,6922.25,6902.5,6913.0,11671,ES.v.0
2025-10-29 23:00:00+00:00,34,1,294973,6912.75,6924.75,6908.25,6922.25,8521,ES.v.0
2025-10-30 00:00:00+00:00,34,1,294973,6922.5,6940.0,6922.25,6933.0,11456,ES.v.0
2025-10-30 01:00:00+00:00,34,1,294973,6933.25,6939.25,6926.25,6935.75,9714,ES.v.0
2025-10-30 02:00:00+00:00,34,1,294973,6936.0,6948.75,6935.5,6944.25,10271,ES.v.0
2025-10-30 03:00:00+00:00,34,1,294973,6944.0,6953.75,6944.0,6948.0,9582,ES.v.0
2025-10-30 04:00:00+00:00,34,1,294973,6947.75,6949.0,6901.0,6914.25,57394,ES.v.0
2025-10-30 05:00:00+00:00,34,1,294973,6914.25,6939.0,6912.25,6929.75,12937,ES.v.0
2025-10-30 06:00:00+00:00,34,1,294973,6929.75,6930.25,6916.0,6919.25,10857,ES.v.0
2025-10-30 07:00:00+00:00,34,1,294973,6919.5,6932.75,6911.75,6927.25,15331,ES.v.0
2025-10-30 08:00:00+00:00,34,1,294973,6927.0,6929.5,6916.0,6922.0,14050,ES.v.0
2025-10-30 09:00:00+00:00,34,1,294973,6922.0,6925.75,6905.75,6908.25,13411,ES.v.0
2025-10-30 10:00:00+00:00,34,1,294973,6908.5,6920.25,6906.75,6918.0,12107,ES.v.0
2025-10-30 11:00:00+00:00,34,1,294973,6918.25,6929.75,6916.5,6921.75,16159,ES.v.0
2025-10-30 12:00:00+00:00,34,1,294973,6921.75,6924.75,6890.5,6891.0,64622,ES.v.0
2025-10-30 13:00:00+00:00,34,1,294973,6890.75,6910.75,6867.75,6904.25,254029,ES.v.0
2025-10-30 14:00:00+00:00,34,1,294973,6904.0,6913.75,6886.25,6898.25,272906,ES.v.0
2025-10-30 15:00:00+00:00,34,1,294973,6898.25,6909.5,6883.75,6887.75,161327,ES.v.0
2025-10-30 16:00:00+00:00,34,1,294973,6887.75,6905.75,6886.0,6898.25,122884,ES.v.0
2025-10-30 17:00:00+00:00,34,1,294973,6898.25,6900.5,6884.0,6898.25,115407,ES.v.0
2025-10-30 18:00:00+00:00,34,1,294973,6898.0,6898.25,6875.25,6877.5,146302,ES.v.0
2025-10-30 19:00:00+00:00,34,1,294973,6877.25,6878.25,6852.5,6853.75,296685,ES.v.0
2025-10-30 20:00:00+00:00,34,1,294973,6853.75,6896.5,6851.0,6894.0,113687,ES.v.0
2025-10-30 22:00:00+00:00,34,1,294973,6897.0,6900.0,6890.75,6893.25,9609,ES.v.0
2025-10-30 23:00:00+00:00,34,1,294973,6893.5,6899.25,6888.0,6898.5,8022,ES.v.0
2025-10-31 00:00:00+00:00,34,1,294973,6898.75,6903.25,6889.25,6901.0,10090,ES.v.0
2025-10-31 01:00:00+00:00,34,1,294973,6900.75,6904.0,6895.5,6903.25,7170,ES.v.0
2025-10-31 02:00:00+00:00,34,1,294973,6903.25,6904.5,6893.25,6897.0,6716,ES.v.0
2025-10-31 03:00:00+00:00,34,1,294973,6896.75,6900.5,6893.0,6900.0,7799,ES.v.0
2025-10-31 04:00:00+00:00,34,1,294973,6900.0,6903.0,6899.75,6901.0,4116,ES.v.0
2025-10-31 05:00:00+00:00,34,1,294973,6900.75,6901.25,6894.0,6895.25,5166,ES.v.0
2025-10-31 06:00:00+00:00,34,1,294973,6895.0,6902.5,6894.25,6895.75,8221,ES.v.0
2025-10-31 07:00:00+00:00,34,1,294973,6896.0,6906.25,6893.0,6905.75,7600,ES.v.0
2025-10-31 08:00:00+00:00,34,1,294973,6906.0,6906.0,6896.25,6903.25,12275,ES.v.0
2025-10-31 09:00:00+00:00,34,1,294973,6903.5,6906.0,6898.75,6899.75,8127,ES.v.0
2025-10-31 10:00:00+00:00,34,1,294973,6900.0,6900.75,6893.25,6898.0,8652,ES.v.0
2025-10-31 11:00:00+00:00,34,1,294973,6898.0,6911.5,6894.75,6907.75,18936,ES.v.0
2025-10-31 12:00:00+00:00,34,1,294973,6907.5,6918.5,6901.75,6905.75,45227,ES.v.0
2025-10-31 13:00:00+00:00,34,1,294973,6905.75,6906.25,6880.0,6886.25,182376,ES.v.0
2025-10-31 14:00:00+00:00,34,1,294973,6886.25,6899.5,6873.75,6896.5,198760,ES.v.0
2025-10-31 15:00:00+00:00,34,1,294973,6896.5,6899.5,6872.5,6873.5,208987,ES.v.0
2025-10-31 16:00:00+00:00,34,1,294973,6873.75,6876.25,6852.5,6855.0,199815,ES.v.0
2025-10-31 17:00:00+00:00,34,1,294973,6855.0,6866.5,6843.5,6860.5,181431,ES.v.0
2025-10-31 18:00:00+00:00,34,1,294973,6860.25,6879.25,6859.5,6878.0,133624,ES.v.0
2025-10-31 19:00:00+00:00,34,1,294973,6878.0,6900.0,6871.75,6872.0,332984,ES.v.0
2025-10-31 20:00:00+00:00,34,1,294973,6872.0,6874.75,6866.75,6872.25,80396,ES.v.0
2025-11-02 23:00:00+00:00,34,1,294973,6878.0,6895.0,6876.75,6892.5,13253,ES.v.0
2025-11-03 00:00:00+00:00,34,1,294973,6892.5,6898.5,6892.0,6898.25,7648,ES.v.0
2025-11-03 01:00:00+00:00,34,1,294973,6898.25,6899.25,6891.25,6891.5,8614,ES.v.0
2025-11-03 02:00:00+00:00,34,1,294973,6891.5,6896.0,6887.25,6888.5,8151,ES.v.0
2025-11-03 03:00:00+00:00,34,1,294973,6888.5,6889.0,6880.75,6886.25,7630,ES.v.0
2025-11-03 04:00:00+00:00,34,1,294973,6886.0,6888.0,6883.75,6887.0,3627,ES.v.0
2025-11-03 05:00:00+00:00,34,1,294973,6887.0,6888.75,6882.0,6884.75,4856,ES.v.0
2025-11-03 06:00:00+00:00,34,1,294973,6885.0,6888.0,6877.75,6880.5,5938,ES.v.0
2025-11-03 07:00:00+00:00,34,1,294973,6880.25,6880.5,6873.75,6876.0,7077,ES.v.0
2025-11-03 08:00:00+00:00,34,1,294973,6876.0,6889.5,6873.25,6887.25,11363,ES.v.0
2025-11-03 09:00:00+00:00,34,1,294973,6887.25,6902.25,6887.0,6894.75,14459,ES.v.0
2025-11-03 10:00:00+00:00,34,1,294973,6895.0,6900.75,6893.25,6895.75,9155,ES.v.0
2025-11-03 11:00:00+00:00,34,1,294973,6895.75,6903.0,6895.75,6896.0,9412,ES.v.0
2025-11-03 12:00:00+00:00,34,1,294973,6896.25,6900.25,6891.5,6891.75,11086,ES.v.0
2025-11-03 13:00:00+00:00,34,1,294973,6891.5,6897.25,6885.75,6896.5,21291,ES.v.0
2025-11-03 14:00:00+00:00,34,1,294973,6896.75,6909.5,6872.25,6875.75,182911,ES.v.0
2025-11-03 15:00:00+00:00,34,1,294973,6876.25,6880.5,6849.5,6874.25,275556,ES.v.0
2025-11-03 16:00:00+00:00,34,1,294973,6874.25,6886.75,6868.75,6884.75,157957,ES.v.0
2025-11-03 17:00:00+00:00,34,1,294973,6884.75,6890.5,6874.75,6889.25,127815,ES.v.0
2025-11-03 18:00:00+00:00,34,1,294973,6889.25,6893.25,6885.0,6886.75,83431,ES.v.0
2025-11-03 19:00:00+00:00,34,1,294973,6886.75,6889.5,6876.5,6885.0,114860,ES.v.0
2025-11-03 20:00:00+00:00,34,1,294973,6885.0,6887.5,6875.75,6885.25,171945,ES.v.0
2025-11-03 21:00:00+00:00,34,1,294973,6885.25,6892.5,6882.25,6884.0,43862,ES.v.0
2025-11-03 23:00:00+00:00,34,1,294973,6884.0,6884.0,6874.75,6876.25,5057,ES.v.0
2025-11-04 00:00:00+00:00,34,1,294973,6876.25,6876.25,6862.5,6869.25,12890,ES.v.0
2025-11-04 01:00:00+00:00,34,1,294973,6869.5,6871.25,6862.0,6866.0,9049,ES.v.0
2025-11-04 02:00:00+00:00,34,1,294973,6866.0,6866.25,6853.0,6853.0,13038,ES.v.0
2025-11-04 03:00:00+00:00,34,1,294973,6853.0,6862.0,6852.25,6852.5,10325,ES.v.0
2025-11-04 04:00:00+00:00,34,1,294973,6852.75,6854.75,6846.0,6849.25,10136,ES.v.0
2025-11-04 05:00:00+00:00,34,1,294973,6849.5,6850.25,6826.5,6830.0,18053,ES.v.0
2025-11-04 06:00:00+00:00,34,1,294973,6830.0,6830.5,6814.75,6820.5,25550,ES.v.0
2025-11-04 07:00:00+00:00,34,1,294973,6820.5,6824.5,6811.75,6821.5,19458,ES.v.0
2025-11-04 08:00:00+00:00,34,1,294973,6821.75,6821.75,6806.5,6814.25,25038,ES.v.0
2025-11-04 09:00:00+00:00,34,1,294973,6814.5,6818.75,6791.5,6792.75,29695,ES.v.0
2025-11-04 10:00:00+00:00,34,1,294973,6792.75,6815.25,6786.25,6813.5,29398,ES.v.0
2025-11-04 11:00:00+00:00,34,1,294973,6813.5,6817.75,6810.75,6812.75,19716,ES.v.0
2025-11-04 12:00:00+00:00,34,1,294973,6813.0,6820.5,6805.0,6814.5,26866,ES.v.0
2025-11-04 13:00:00+00:00,34,1,294973,6814.25,6816.5,6802.25,6809.0,35196,ES.v.0
2025-11-04 14:00:00+00:00,34,1,294973,6808.75,6837.75,6795.75,6836.5,227157,ES.v.0
2025-11-04 15:00:00+00:00,34,1,294973,6836.25,6849.25,6825.75,6831.25,212755,ES.v.0
2025-11-04 16:00:00+00:00,34,1,294973,6831.25,6838.0,6824.0,6831.5,167269,ES.v.0
2025-11-04 17:00:00+00:00,34,1,294973,6831.75,6831.75,6806.0,6809.25,177238,ES.v.0
2025-11-04 18:00:00+00:00,34,1,294973,6809.25,6813.25,6796.25,6810.5,140093,ES.v.0
2025-11-04 19:00:00+00:00,34,1,294973,6810.25,6816.0,6794.75,6801.25,130417,ES.v.0
2025-11-04 20:00:00+00:00,34,1,294973,6801.25,6815.0,6795.75,6803.5,221342,ES.v.0
2025-11-04 21:00:00+00:00,34,1,294973,6803.5,6808.0,6796.75,6806.25,59808,ES.v.0
2025-11-04 23:00:00+00:00,34,1,294973,6801.0,6806.5,6793.0,6793.25,10880,ES.v.0
2025-11-05 00:00:00+00:00,34,1,294973,6793.5,6793.5,6773.0,6773.25,22686,ES.v.0
2025-11-05 01:00:00+00:00,34,1,294973,6773.5,6773.5,6748.5,6760.0,39722,ES.v.0
2025-11-05 02:00:00+00:00,34,1,294973,6760.0,6777.0,6752.75,6775.25,21201,ES.v.0
2025-11-05 03:00:00+00:00,34,1,294973,6775.5,6795.25,6775.25,6795.0,19174,ES.v.0
2025-11-05 04:00:00+00:00,34,1,294973,6795.25,6795.75,6782.75,6786.75,9660,ES.v.0
2025-11-05 05:00:00+00:00,34,1,294973,6787.0,6798.75,6784.5,6789.0,9990,ES.v.0
2025-11-05 06:00:00+00:00,34,1,294973,6789.0,6801.25,6783.25,6797.75,10231,ES.v.0
2025-11-05 07:00:00+00:00,34,1,294973,6797.75,6798.75,6786.25,6787.0,9350,ES.v.0
2025-11-05 08:00:00+00:00,34,1,294973,6787.0,6800.5,6782.0,6795.0,16488,ES.v.0
2025-11-05 09:00:00+00:00,34,1,294973,6795.0,6801.25,6787.75,6794.0,13540,ES.v.0
2025-11-05 10:00:00+00:00,34,1,294973,6793.75,6798.75,6773.25,6773.5,16068,ES.v.0
2025-11-05 11:00:00+00:00,34,1,294973,6773.5,6789.0,6771.75,6787.25,14558,ES.v.0
2025-11-05 12:00:00+00:00,34,1,294973,6787.25,6796.5,6782.0,6795.25,18395,ES.v.0
2025-11-05 13:00:00+00:00,34,1,294973,6795.5,6807.75,6790.5,6805.5,36560,ES.v.0
2025-11-05 14:00:00+00:00,34,1,294973,6805.5,6824.5,6789.75,6822.0,173556,ES.v.0
2025-11-05 15:00:00+00:00,34,1,294973,6821.75,6831.25,6809.5,6827.0,233822,ES.v.0
2025-11-05 16:00:00+00:00,34,1,294973,6827.25,6846.5,6816.0,6842.5,160791,ES.v.0
2025-11-05 17:00:00+00:00,34,1,294973,6842.5,6857.75,6839.0,6851.0,116303,ES.v.0
2025-11-05 18:00:00+00:00,34,1,294973,6851.0,6857.5,6849.0,6855.5,75662,ES.v.0
2025-11-05 19:00:00+00:00,34,1,294973,6855.25,6855.25,6846.25,6851.25,78526,ES.v.0
2025-11-05 20:00:00+00:00,34,1,294973,6851.25,6854.5,6823.0,6824.25,220690,ES.v.0
2025-11-05 21:00:00+00:00,34,1,294973,6824.25,6830.75,6820.0,6827.5,74009,ES.v.0
2025-11-05 23:00:00+00:00,34,1,294973,6828.5,6835.0,6820.75,6834.75,9532,ES.v.0
2025-11-06 00:00:00+00:00,34,1,294973,6834.75,6835.0,6810.5,6821.0,12850,ES.v.0
2025-11-06 01:00:00+00:00,34,1,294973,6820.75,6820.75,6805.5,6815.0,13934,ES.v.0
2025-11-06 02:00:00+00:00,34,1,294973,6815.25,6823.0,6808.0,6822.25,8997,ES.v.0
2025-11-06 03:00:00+00:00,34,1,294973,6822.0,6826.0,6819.25,6823.25,6663,ES.v.0
2025-11-06 04:00:00+00:00,34,1,294973,6823.0,6827.5,6820.0,6826.5,4244,ES.v.0
2025-11-06 05:00:00+00:00,34,1,294973,6826.5,6827.25,6816.5,6818.0,5204,ES.v.0
2025-11-06 06:00:00+00:00,34,1,294973,6817.75,6821.25,6813.5,6815.25,6474,ES.v.0
2025-11-06 07:00:00+00:00,34,1,294973,6815.25,6821.75,6807.75,6808.5,8404,ES.v.0
2025-11-06 08:00:00+00:00,34,1,294973,6808.5,6814.75,6804.0,6812.75,14287,ES.v.0
2025-11-06 09:00:00+00:00,34,1,294973,6812.75,6827.5,6812.25,6823.75,11856,ES.v.0
2025-11-06 10:00:00+00:00,34,1,294973,6824.0,6833.25,6822.75,6829.0,7680,ES.v.0
2025-11-06 11:00:00+00:00,34,1,294973,6829.0,6834.0,6827.0,6828.5,8171,ES.v.0
2025-11-06 12:00:00+00:00,34,1,294973,6828.25,6838.25,6828.0,6836.25,12500,ES.v.0
2025-11-06 13:00:00+00:00,34,1,294973,6836.0,6843.5,6831.0,6832.0,18294,ES.v.0
2025-11-06 14:00:00+00:00,34,1,294973,6831.75,6834.25,6788.0,6788.5,226857,ES.v.0
2025-11-06 15:00:00+00:00,34,1,294973,6788.5,6800.75,6754.25,6756.25,360273,ES.v.0
2025-11-06 16:00:00+00:00,34,1,294973,6756.0,6766.75,6736.75,6738.75,254456,ES.v.0
2025-11-06 17:00:00+00:00,34,1,294973,6738.75,6762.5,6733.5,6757.75,187229,ES.v.0
2025-11-06 18:00:00+00:00,34,1,294973,6757.75,6769.0,6738.0,6762.0,149594,ES.v.0
2025-11-06 19:00:00+00:00,34,1,294973,6762.25,6784.5,6759.5,6777.0,149331,ES.v.0
2025-11-06 20:00:00+00:00,34,1,294973,6776.75,6780.75,6742.5,6750.0,237602,ES.v.0
2025-11-06 21:00:00+00:00,34,1,294973,6750.25,6767.5,6748.75,6764.75,56912,ES.v.0
2025-11-06 23:00:00+00:00,34,1,294973,6763.0,6769.25,6756.0,6765.0,9684,ES.v.0
2025-11-07 00:00:00+00:00,34,1,294973,6765.0,6772.0,6757.5,6766.5,12735,ES.v.0
2025-11-07 01:00:00+00:00,34,1,294973,6766.5,6767.25,6742.5,6755.0,20521,ES.v.0
2025-11-07 02:00:00+00:00,34,1,294973,6755.25,6755.75,6742.75,6753.5,13083,ES.v.0
2025-11-07 03:00:00+00:00,34,1,294973,6753.5,6755.25,6739.25,6744.5,11404,ES.v.0
2025-11-07 04:00:00+00:00,34,1,294973,6744.5,6751.5,6732.0,6749.5,10581,ES.v.0
2025-11-07 05:00:00+00:00,34,1,294973,6749.25,6764.75,6749.0,6764.25,9292,ES.v.0
2025-11-07 06:00:00+00:00,34,1,294973,6764.5,6766.0,6760.25,6763.75,6893,ES.v.0
2025-11-07 07:00:00+00:00,34,1,294973,6763.75,6769.5,6761.0,6767.0,8550,ES.v.0
2025-11-07 08:00:00+00:00,34,1,294973,6767.0,6770.75,6755.0,6762.5,16823,ES.v.0
2025-11-07 09:00:00+00:00,34,1,294973,6762.25,6766.25,6748.25,6752.0,15327,ES.v.0
2025-11-07 10:00:00+00:00,34,1,294973,6752.0,6756.0,6737.25,6744.0,15099,ES.v.0
2025-11-07 11:00:00+00:00,34,1,294973,6744.0,6744.25,6715.75,6738.25,34588,ES.v.0
2025-11-07 12:00:00+00:00,34,1,294973,6738.0,6739.25,6712.25,6717.75,30946,ES.v.0
2025-11-07 13:00:00+00:00,34,1,294973,6717.75,6730.5,6713.0,6723.25,48023,ES.v.0
2025-11-07 14:00:00+00:00,34,1,294973,6723.25,6725.5,6687.25,6706.5,245590,ES.v.0
2025-11-07 15:00:00+00:00,34,1,294973,6706.75,6716.25,6676.25,6677.0,328675,ES.v.0
2025-11-07 16:00:00+00:00,34,1,294973,6677.0,6684.0,6657.0,6663.25,234458,ES.v.0
2025-11-07 17:00:00+00:00,34,1,294973,6663.25,6686.5,6655.5,6683.25,206155,ES.v.0
2025-11-07 18:00:00+00:00,34,1,294973,6683.0,6705.0,6679.75,6700.25,197367,ES.v.0
2025-11-07 19:00:00+00:00,34,1,294973,6700.0,6744.0,6696.0,6743.25,211518,ES.v.0
2025-11-07 20:00:00+00:00,34,1,294973,6743.25,6755.5,6723.25,6753.25,288580,ES.v.0
2025-11-07 21:00:00+00:00,34,1,294973,6753.5,6765.75,6753.25,6765.0,63798,ES.v.0
2025-11-09 23:00:00+00:00,34,1,294973,6788.0,6795.5,6778.25,6785.25,19015,ES.v.0
2025-11-10 00:00:00+00:00,34,1,294973,6785.0,6787.5,6772.0,6783.5,17733,ES.v.0
2025-11-10 01:00:00+00:00,34,1,294973,6783.25,6798.0,6782.75,6797.25,19716,ES.v.0
2025-11-10 02:00:00+00:00,34,1,294973,6797.0,6799.75,6793.25,6796.75,8928,ES.v.0
2025-11-10 03:00:00+00:00,34,1,294973,6796.5,6804.0,6796.5,6798.75,9500,ES.v.0
2025-11-10 04:00:00+00:00,34,1,294973,6798.5,6803.75,6798.5,6800.75,6853,ES.v.0
2025-11-10 05:00:00+00:00,34,1,294973,6801.0,6806.25,6800.75,6803.5,10081,ES.v.0
2025-11-10 06:00:00+00:00,34,1,294973,6803.5,6807.25,6799.5,6800.0,9646,ES.v.0
2025-11-10 07:00:00+00:00,34,1,294973,6800.0,6804.25,6798.5,6802.25,11236,ES.v.0
2025-11-10 08:00:00+00:00,34,1,294973,6802.5,6812.25,6796.25,6811.75,22366,ES.v.0
2025-11-10 09:00:00+00:00,34,1,294973,6812.0,6823.5,6810.75,6819.25,19889,ES.v.0
2025-11-10 10:00:00+00:00,34,1,294973,6819.5,6821.75,6815.75,6817.0,9588,ES.v.0
2025-11-10 11:00:00+00:00,34,1,294973,6817.25,6819.75,6811.0,6819.75,10907,ES.v.0
2025-11-10 12:00:00+00:00,34,1,294973,6819.75,6821.25,6811.0,6815.0,14763,ES.v.0
2025-11-10 13:00:00+00:00,34,1,294973,6815.0,6820.75,6813.25,6819.75,19735,ES.v.0
2025-11-10 14:00:00+00:00,34,1,294973,6819.75,6835.5,6812.75,6829.0,192188,ES.v.0
2025-11-10 15:00:00+00:00,34,1,294973,6828.75,6835.75,6804.5,6805.5,235614,ES.v.0
2025-11-10 16:00:00+00:00,34,1,294973,6805.5,6811.0,6792.75,6809.0,218395,ES.v.0
2025-11-10 17:00:00+00:00,34,1,294973,6809.25,6840.75,6807.25,6837.75,149378,ES.v.0
2025-11-10 18:00:00+00:00,34,1,294973,6837.75,6849.0,6836.75,6842.25,114440,ES.v.0
2025-11-10 19:00:00+00:00,34,1,294973,6842.5,6860.5,6842.0,6856.5,103297,ES.v.0
2025-11-10 20:00:00+00:00,34,1,294973,6856.5,6865.75,6854.0,6857.0,248472,ES.v.0
2025-11-10 21:00:00+00:00,34,1,294973,6857.0,6864.0,6855.75,6857.75,53991,ES.v.0
2025-11-10 23:00:00+00:00,34,1,294973,6857.25,6862.75,6854.25,6862.25,6750,ES.v.0
2025-11-11 00:00:00+00:00,34,1,294973,6862.25,6867.0,6858.5,6860.5,7940,ES.v.0
2025-11-11 01:00:00+00:00,34,1,294973,6860.5,6865.0,6859.25,6861.0,6758,ES.v.0
2025-11-11 02:00:00+00:00,34,1,294973,6860.75,6864.0,6857.0,6860.25,6602,ES.v.0
2025-11-11 03:00:00+00:00,34,1,294973,6860.25,6862.75,6857.5,6861.5,4295,ES.v.0
2025-11-11 04:00:00+00:00,34,1,294973,6861.75,6862.0,6852.25,6853.25,6260,ES.v.0
2025-11-11 05:00:00+00:00,34,1,294973,6853.25,6854.25,6847.5,6847.75,9800,ES.v.0
2025-11-11 06:00:00+00:00,34,1,294973,6847.5,6856.75,6847.25,6852.0,6490,ES.v.0
2025-11-11 07:00:00+00:00,34,1,294973,6852.25,6853.75,6845.25,6845.75,7035,ES.v.0
2025-11-11 08:00:00+00:00,34,1,294973,6845.75,6850.75,6842.25,6843.25,11595,ES.v.0
2025-11-11 09:00:00+00:00,34,1,294973,6843.5,6847.25,6839.25,6840.25,12013,ES.v.0
2025-11-11 10:00:00+00:00,34,1,294973,6840.25,6845.25,6839.0,6843.0,7569,ES.v.0
2025-11-11 11:00:00+00:00,34,1,294973,6843.25,6847.25,6842.0,6844.5,7998,ES.v.0
2025-11-11 12:00:00+00:00,34,1,294973,6844.5,6847.25,6838.0,6839.5,12808,ES.v.0
2025-11-11 13:00:00+00:00,34,1,294973,6839.75,6845.5,6835.75,6841.25,23314,ES.v.0
2025-11-11 14:00:00+00:00,34,1,294973,6841.0,6852.0,6837.5,6850.5,139575,ES.v.0
2025-11-11 15:00:00+00:00,34,1,294973,6850.5,6850.5,6830.5,6834.75,217354,ES.v.0
2025-11-11 16:00:00+00:00,34,1,294973,6834.5,6851.0,6830.75,6841.0,185586,ES.v.0
2025-11-11 17:00:00+00:00,34,1,294973,6841.0,6866.25,6840.25,6864.75,147434,ES.v.0
2025-11-11 18:00:00+00:00,34,1,294973,6864.75,6876.75,6864.0,6875.75,143246,ES.v.0
2025-11-11 19:00:00+00:00,34,1,294973,6875.75,6878.0,6868.25,6875.0,97776,ES.v.0
2025-11-11 20:00:00+00:00,34,1,294973,6875.0,6879.75,6866.75,6872.75,182649,ES.v.0
2025-11-11 21:00:00+00:00,34,1,294973,6872.75,6880.0,6869.25,6874.0,51668,ES.v.0
2025-11-11 23:00:00+00:00,34,1,294973,6874.0,6876.0,6868.0,6871.25,7021,ES.v.0
2025-11-12 00:00:00+00:00,34,1,294973,6871.5,6880.0,6870.75,6877.0,8256,ES.v.0
2025-11-12 01:00:00+00:00,34,1,294973,6877.25,6885.5,6876.25,6884.0,11024,ES.v.0
2025-11-12 02:00:00+00:00,34,1,294973,6884.25,6889.25,6880.0,6882.25,9288,ES.v.0
2025-11-12 03:00:00+00:00,34,1,294973,6882.5,6883.75,6879.25,6882.75,5491,ES.v.0
2025-11-12 04:00:00+00:00,34,1,294973,6882.5,6883.25,6877.25,6881.0,5462,ES.v.0
2025-11-12 05:00:00+00:00,34,1,294973,6881.0,6888.25,6880.75,6886.0,4901,ES.v.0
2025-11-12 06:00:00+00:00,34,1,294973,6885.75,6891.0,6885.5,6889.75,5243,ES.v.0
2025-11-12 07:00:00+00:00,34,1,294973,6890.0,6898.0,6890.0,6892.0,9030,ES.v.0
2025-11-12 08:00:00+00:00,34,1,294973,6892.0,6897.75,6889.25,6893.25,11269,ES.v.0
2025-11-12 09:00:00+00:00,34,1,294973,6893.25,6900.5,6890.0,6898.25,12754,ES.v.0
2025-11-12 10:00:00+00:00,34,1,294973,6898.25,6900.5,6889.75,6893.75,9618,ES.v.0
2025-11-12 11:00:00+00:00,34,1,294973,6893.75,6895.5,6882.75,6885.25,11017,ES.v.0
2025-11-12 12:00:00+00:00,34,1,294973,6885.25,6898.5,6882.0,6896.25,18576,ES.v.0
2025-11-12 13:00:00+00:00,34,1,294973,6896.0,6898.5,6893.75,6895.25,12685,ES.v.0
2025-11-12 14:00:00+00:00,34,1,294973,6895.25,6895.5,6873.75,6880.0,147190,ES.v.0
2025-11-12 15:00:00+00:00,34,1,294973,6880.0,6885.25,6860.75,6866.25,224886,ES.v.0
2025-11-12 16:00:00+00:00,34,1,294973,6866.5,6872.75,6852.0,6860.25,204479,ES.v.0
2025-11-12 17:00:00+00:00,34,1,294973,6860.25,6881.25,6858.0,6879.25,160870,ES.v.0
2025-11-12 18:00:00+00:00,34,1,294973,6879.0,6884.25,6873.0,6878.75,112022,ES.v.0
2025-11-12 19:00:00+00:00,34,1,294973,6878.75,6880.5,6865.0,6870.5,120064,ES.v.0
2025-11-12 20:00:00+00:00,34,1,294973,6870.5,6884.0,6863.5,6876.0,185488,ES.v.0
2025-11-12 21:00:00+00:00,34,1,294973,6876.25,6881.0,6872.75,6873.25,48652,ES.v.0
2025-11-12 23:00:00+00:00,34,1,294973,6873.25,6875.0,6851.25,6858.25,16357,ES.v.0
2025-11-13 00:00:00+00:00,34,1,294973,6858.5,6869.25,6858.25,6863.75,11446,ES.v.0
2025-11-13 01:00:00+00:00,34,1,294973,6863.75,6889.5,6862.25,6884.25,25786,ES.v.0
2025-11-13 02:00:00+00:00,34,1,294973,6884.25,6886.25,6876.5,6878.75,7914,ES.v.0
2025-11-13 03:00:00+00:00,34,1,294973,6879.0,6886.5,6874.75,6883.25,6736,ES.v.0
2025-11-13 04:00:00+00:00,34,1,294973,6883.0,6887.5,6880.75,6886.25,3947,ES.v.0
2025-11-13 05:00:00+00:00,34,1,294973,6886.5,6890.25,6886.0,6887.75,4159,ES.v.0
2025-11-13 06:00:00+00:00,34,1,294973,6887.5,6892.5,6886.0,6889.75,4052,ES.v.0
2025-11-13 07:00:00+00:00,34,1,294973,6889.75,6892.5,6882.5,6883.25,6581,ES.v.0
2025-11-13 08:00:00+00:00,34,1,294973,6883.0,6886.25,6878.25,6884.0,10532,ES.v.0
2025-11-13 09:00:00+00:00,34,1,294973,6884.0,6885.0,6859.25,6865.5,18804,ES.v.0
2025-11-13 10:00:00+00:00,34,1,294973,6865.5,6876.0,6864.5,6870.25,11127,ES.v.0
2025-11-13 11:00:00+00:00,34,1,294973,6870.25,6875.25,6858.75,6867.5,13795,ES.v.0
2025-11-13 12:00:00+00:00,34,1,294973,6867.5,6872.5,6860.0,6865.75,11088,ES.v.0
2025-11-13 13:00:00+00:00,34,1,294973,6865.75,6866.75,6849.25,6851.25,29805,ES.v.0
2025-11-13 14:00:00+00:00,34,1,294973,6851.25,6853.5,6817.0,6829.5,217140,ES.v.0
2025-11-13 15:00:00+00:00,34,1,294973,6829.5,6850.5,6794.5,6805.75,321917,ES.v.0
2025-11-13 16:00:00+00:00,34,1,294973,6806.0,6809.25,6783.25,6793.0,271660,ES.v.0
2025-11-13 17:00:00+00:00,34,1,294973,6793.0,6806.0,6780.75,6782.5,208753,ES.v.0
2025-11-13 18:00:00+00:00,34,1,294973,6782.5,6788.75,6756.0,6767.75,213358,ES.v.0
2025-11-13 19:00:00+00:00,34,1,294973,6767.75,6777.5,6746.0,6758.0,212824,ES.v.0
2025-11-13 20:00:00+00:00,34,1,294973,6758.0,6771.5,6746.0,6762.0,309588,ES.v.0
2025-11-13 21:00:00+00:00,34,1,294973,6762.0,6778.5,6761.0,6762.5,62403,ES.v.0
2025-11-13 23:00:00+00:00,34,1,294973,6762.75,6775.0,6762.75,6767.0,11583,ES.v.0
2025-11-14 00:00:00+00:00,34,1,294973,6766.75,6774.25,6764.75,6766.75,10570,ES.v.0
2025-11-14 01:00:00+00:00,34,1,294973,6766.75,6774.0,6765.0,6768.5,9748,ES.v.0
2025-11-14 02:00:00+00:00,34,1,294973,6768.75,6774.75,6768.5,6771.0,7727,ES.v.0
2025-11-14 03:00:00+00:00,34,1,294973,6771.0,6772.5,6761.5,6766.5,8271,ES.v.0
2025-11-14 04:00:00+00:00,34,1,294973,6766.5,6768.0,6751.5,6753.75,13178,ES.v.0
2025-11-14 05:00:00+00:00,34,1,294973,6754.0,6767.75,6743.75,6764.0,14864,ES.v.0
2025-11-14 06:00:00+00:00,34,1,294973,6763.75,6764.25,6745.75,6757.75,11849,ES.v.0
2025-11-14 07:00:00+00:00,34,1,294973,6757.5,6758.0,6733.25,6746.0,23213,ES.v.0
2025-11-14 08:00:00+00:00,34,1,294973,6746.0,6747.75,6728.25,6744.75,34096,ES.v.0
2025-11-14 09:00:00+00:00,34,1,294973,6744.75,6754.75,6735.5,6738.25,21293,ES.v.0
2025-11-14 10:00:00+00:00,34,1,294973,6738.0,6748.5,6735.75,6739.0,11977,ES.v.0
2025-11-14 11:00:00+00:00,34,1,294973,6738.75,6738.75,6704.25,6714.5,33772,ES.v.0
2025-11-14 12:00:00+00:00,34,1,294973,6714.75,6715.0,6684.25,6695.25,51937,ES.v.0
2025-11-14 13:00:00+00:00,34,1,294973,6695.0,6700.5,6677.75,6692.0,64618,ES.v.0
2025-11-14 14:00:00+00:00,34,1,294973,6692.25,6726.5,6670.5,6725.0,301194,ES.v.0
2025-11-14 15:00:00+00:00,34,1,294973,6725.0,6766.75,6707.25,6761.0,374374,ES.v.0
2025-11-14 16:00:00+00:00,34,1,294973,6760.75,6788.75,6747.25,6786.0,225432,ES.v.0
2025-11-14 17:00:00+00:00,34,1,294973,6785.75,6795.5,6770.0,6779.25,172659,ES.v.0
2025-11-14 18:00:00+00:00,34,1,294973,6779.25,6782.25,6753.5,6771.25,195562,ES.v.0
2025-11-14 19:00:00+00:00,34,1,294973,6771.0,6787.5,6761.25,6785.0,135865,ES.v.0
2025-11-14 20:00:00+00:00,34,1,294973,6785.0,6789.75,6750.0,6758.0,235455,ES.v.0
2025-11-14 21:00:00+00:00,34,1,294973,6758.0,6769.25,6750.75,6765.25,57782,ES.v.0
2025-11-16 23:00:00+00:00,34,1,294973,6764.75,6770.5,6740.5,6766.75,17691,ES.v.0
2025-11-17 00:00:00+00:00,34,1,294973,6766.5,6778.75,6755.75,6776.0,15413,ES.v.0
2025-11-17 01:00:00+00:00,34,1,294973,6776.25,6780.25,6770.0,6770.75,11498,ES.v.0
2025-11-17 02:00:00+00:00,34,1,294973,6770.75,6782.0,6770.0,6781.0,8011,ES.v.0
2025-11-17 03:00:00+00:00,34,1,294973,6780.75,6785.0,6779.25,6784.0,5592,ES.v.0
2025-11-17 04:00:00+00:00,34,1,294973,6784.0,6787.75,6782.75,6786.0,5364,ES.v.0
2025-11-17 05:00:00+00:00,34,1,294973,6786.0,6788.25,6780.0,6780.75,6181,ES.v.0
2025-11-17 06:00:00+00:00,34,1,294973,6780.75,6785.5,6778.25,6779.5,6975,ES.v.0
2025-11-17 07:00:00+00:00,34,1,294973,6779.5,6795.25,6778.5,6792.5,9453,ES.v.0
2025-11-17 08:00:00+00:00,34,1,294973,6792.25,6801.5,6790.25,6799.25,13138,ES.v.0
2025-11-17 09:00:00+00:00,34,1,294973,6799.0,6800.5,6783.25,6787.5,13469,ES.v.0
2025-11-17 10:00:00+00:00,34,1,294973,6787.25,6787.75,6764.25,6769.0,14718,ES.v.0
2025-11-17 11:00:00+00:00,34,1,294973,6769.0,6779.25,6764.25,6771.75,12584,ES.v.0
2025-11-17 12:00:00+00:00,34,1,294973,6771.75,6771.75,6755.75,6759.0,18045,ES.v.0
2025-11-17 13:00:00+00:00,34,1,294973,6759.0,6760.25,6734.5,6747.5,32910,ES.v.0
2025-11-17 14:00:00+00:00,34,1,294973,6747.5,6774.75,6726.5,6765.0,187768,ES.v.0
2025-11-17 15:00:00+00:00,34,1,294973,6765.25,6769.5,6738.25,6744.5,239402,ES.v.0
2025-11-17 16:00:00+00:00,34,1,294973,6744.5,6767.25,6714.75,6767.0,230524,ES.v.0
2025-11-17 17:00:00+00:00,34,1,294973,6767.0,6767.5,6728.75,6729.5,148755,ES.v.0
2025-11-17 18:00:00+00:00,34,1,294973,6729.5,6736.25,6702.0,6702.75,198518,ES.v.0
2025-11-17 19:00:00+00:00,34,1,294973,6702.75,6706.25,6663.75,6664.5,235471,ES.v.0
2025-11-17 20:00:00+00:00,34,1,294973,6664.25,6694.75,6658.5,6693.75,332015,ES.v.0
2025-11-17 21:00:00+00:00,34,1,294973,6693.75,6701.0,6692.0,6697.25,60055,ES.v.0
2025-11-17 23:00:00+00:00,34,1,294973,6696.5,6706.25,6693.25,6701.5,9922,ES.v.0
2025-11-18 00:00:00+00:00,34,1,294973,6701.5,6704.5,6685.0,6689.75,14798,ES.v.0
2025-11-18 01:00:00+00:00,34,1,294973,6689.75,6708.75,6688.75,6704.0,14346,ES.v.0
2025-11-18 02:00:00+00:00,34,1,294973,6704.0,6707.75,6686.5,6686.75,12858,ES.v.0
2025-11-18 03:00:00+00:00,34,1,294973,6686.5,6687.25,6672.5,6675.25,21066,ES.v.0
2025-11-18 04:00:00+00:00,34,1,294973,6675.25,6675.25,6638.75,6661.75,36687,ES.v.0
2025-11-18 05:00:00+00:00,34,1,294973,6661.5,6667.75,6653.25,6656.25,16240,ES.v.0
2025-11-18 06:00:00+00:00,34,1,294973,6656.5,6663.75,6643.0,6646.5,17464,ES.v.0
2025-11-18 07:00:00+00:00,34,1,294973,6646.75,6662.75,6635.5,6655.0,21919,ES.v.0
2025-11-18 08:00:00+00:00,34,1,294973,6655.25,6685.75,6654.25,6674.25,29793,ES.v.0
2025-11-18 09:00:00+00:00,34,1,294973,6674.25,6684.5,6667.5,6680.75,16528,ES.v.0
2025-11-18 10:00:00+00:00,34,1,294973,6680.5,6682.25,6670.5,6680.25,10154,ES.v.0
2025-11-18 11:00:00+00:00,34,1,294973,6679.75,6681.75,6665.25,6675.0,15004,ES.v.0
2025-11-18 12:00:00+00:00,34,1,294973,6674.75,6675.0,6643.25,6650.5,29491,ES.v.0
2025-11-18 13:00:00+00:00,34,1,294973,6650.75,6668.0,6650.5,6661.75,35703,ES.v.0
2025-11-18 14:00:00+00:00,34,1,294973,6661.5,6679.0,6621.5,6622.0,285221,ES.v.0
2025-11-18 15:00:00+00:00,34,1,294973,6622.0,6638.75,6603.25,6607.5,467449,ES.v.0
2025-11-18 16:00:00+00:00,34,1,294973,6607.5,6659.75,6594.0,6647.25,325211,ES.v.0
2025-11-18 17:00:00+00:00,34,1,294973,6647.25,6679.75,6614.75,6672.75,253752,ES.v.0
2025-11-18 18:00:00+00:00,34,1,294973,6673.0,6687.5,6663.0,6666.25,212639,ES.v.0
2025-11-18 19:00:00+00:00,34,1,294973,6666.25,6685.5,6660.25,6680.0,207843,ES.v.0
2025-11-18 20:00:00+00:00,34,1,294973,6680.0,6685.5,6636.5,6637.5,322355,ES.v.0
2025-11-18 21:00:00+00:00,34,1,294973,6637.75,6638.5,6624.75,6627.75,79004,ES.v.0
2025-11-18 23:00:00+00:00,34,1,294973,6630.75,6647.5,6629.5,6641.75,12225,ES.v.0
2025-11-19 00:00:00+00:00,34,1,294973,6641.75,6643.75,6622.5,6635.75,16019,ES.v.0
2025-11-19 01:00:00+00:00,34,1,294973,6635.75,6647.5,6627.5,6633.75,15598,ES.v.0
2025-11-19 02:00:00+00:00,34,1,294973,6634.0,6652.25,6634.0,6650.5,11793,ES.v.0
2025-11-19 03:00:00+00:00,34,1,294973,6650.75,6652.5,6629.75,6630.75,9316,ES.v.0
2025-11-19 04:00:00+00:00,34,1,294973,6630.75,6634.5,6621.5,6627.0,10847,ES.v.0
2025-11-19 05:00:00+00:00,34,1,294973,6627.25,6634.0,6613.25,6630.5,12301,ES.v.0
2025-11-19 06:00:00+00:00,34,1,294973,6630.25,6636.5,6626.75,6634.25,7955,ES.v.0
2025-11-19 07:00:00+00:00,34,1,294973,6634.0,6647.75,6630.25,6644.75,12540,ES.v.0
2025-11-19 08:00:00+00:00,34,1,294973,6644.5,6652.5,6636.0,6639.25,19398,ES.v.0
2025-11-19 09:00:00+00:00,34,1,294973,6639.0,6659.0,6634.75,6658.0,15769,ES.v.0
2025-11-19 10:00:00+00:00,34,1,294973,6658.25,6664.75,6655.25,6663.5,12985,ES.v.0
2025-11-19 11:00:00+00:00,34,1,294973,6663.5,6668.75,6660.25,6661.0,15080,ES.v.0
2025-11-19 12:00:00+00:00,34,1,294973,6661.0,6667.25,6656.75,6661.75,17131,ES.v.0
2025-11-19 13:00:00+00:00,34,1,294973,6662.0,6664.75,6650.25,6652.75,32974,ES.v.0
2025-11-19 14:00:00+00:00,34,1,294973,6652.75,6693.75,6635.75,6691.75,232287,ES.v.0
2025-11-19 15:00:00+00:00,34,1,294973,6692.0,6709.0,6661.0,6664.75,317602,ES.v.0
2025-11-19 16:00:00+00:00,34,1,294973,6664.5,6670.25,6642.5,6660.0,263613,ES.v.0
2025-11-19 17:00:00+00:00,34,1,294973,6660.0,6664.75,6622.0,6648.5,226034,ES.v.0
2025-11-19 18:00:00+00:00,34,1,294973,6648.5,6668.25,6642.75,6660.75,183777,ES.v.0
2025-11-19 19:00:00+00:00,34,1,294973,6661.0,6663.5,6628.25,6647.75,165519,ES.v.0
2025-11-19 20:00:00+00:00,34,1,294973,6647.75,6683.5,6645.25,6661.75,266005,ES.v.0
2025-11-19 21:00:00+00:00,34,1,294973,6661.5,6704.25,6652.25,6696.0,97610,ES.v.0
2025-11-19 23:00:00+00:00,34,1,294973,6697.5,6732.75,6694.0,6732.0,25279,ES.v.0
2025-11-20 00:00:00+00:00,34,1,294973,6731.75,6743.25,6728.0,6736.0,14747,ES.v.0
2025-11-20 01:00:00+00:00,34,1,294973,6735.75,6743.0,6732.25,6742.0,10366,ES.v.0
2025-11-20 02:00:00+00:00,34,1,294973,6741.75,6746.5,6737.5,6745.0,10254,ES.v.0
2025-11-20 03:00:00+00:00,34,1,294973,6744.75,6749.75,6738.5,6744.5,10261,ES.v.0
2025-11-20 04:00:00+00:00,34,1,294973,6744.25,6749.75,6742.25,6749.5,5787,ES.v.0
2025-11-20 05:00:00+00:00,34,1,294973,6749.25,6754.0,6744.75,6746.5,8679,ES.v.0
2025-11-20 06:00:00+00:00,34,1,294973,6746.75,6749.5,6740.5,6749.0,7449,ES.v.0
2025-11-20 07:00:00+00:00,34,1,294973,6749.0,6757.0,6742.75,6744.25,14742,ES.v.0
2025-11-20 08:00:00+00:00,34,1,294973,6744.25,6755.0,6740.5,6743.75,20133,ES.v.0
2025-11-20 09:00:00+00:00,34,1,294973,6743.5,6745.75,6725.5,6729.0,17914,ES.v.0
2025-11-20 10:00:00+00:00,34,1,294973,6729.0,6746.5,6724.0,6744.25,12652,ES.v.0
2025-11-20 11:00:00+00:00,34,1,294973,6744.25,6744.5,6729.0,6733.0,15926,ES.v.0
2025-11-20 12:00:00+00:00,34,1,294973,6733.0,6747.25,6726.25,6746.25,17653,ES.v.0
2025-11-20 13:00:00+00:00,34,1,294973,6746.5,6772.75,6737.0,6767.75,67410,ES.v.0
2025-11-20 14:00:00+00:00,34,1,294973,6767.75,6786.0,6760.25,6784.5,238204,ES.v.0
2025-11-20 15:00:00+00:00,34,1,294973,6784.75,6791.25,6762.75,6763.0,280093,ES.v.0
2025-11-20 16:00:00+00:00,34,1,294973,6763.25,6763.5,6628.0,6636.0,553327,ES.v.0
2025-11-20 17:00:00+00:00,34,1,294973,6636.0,6658.0,6588.25,6606.5,495836,ES.v.0
2025-11-20 18:00:00+00:00,34,1,294973,6606.75,6654.0,6575.0,6584.25,350968,ES.v.0
2025-11-20 19:00:00+00:00,34,1,294973,6584.25,6617.0,6572.25,6615.0,248824,ES.v.0
2025-11-20 20:00:00+00:00,34,1,294973,6615.0,6615.25,6552.5,6558.75,375933,ES.v.0
2025-11-20 21:00:00+00:00,34,1,294973,6558.75,6562.25,6550.5,6552.0,81015,ES.v.0
2025-11-20 23:00:00+00:00,34,1,294973,6560.0,6571.5,6539.25,6566.0,28906,ES.v.0
2025-11-21 00:00:00+00:00,34,1,294973,6565.75,6581.25,6561.75,6577.5,18238,ES.v.0
2025-11-21 01:00:00+00:00,34,1,294973,6577.5,6589.0,6575.0,6583.25,18665,ES.v.0
2025-11-21 02:00:00+00:00,34,1,294973,6583.5,6588.0,6577.0,6580.5,14177,ES.v.0
2025-11-21 03:00:00+00:00,34,1,294973,6580.5,6594.0,6578.5,6584.5,13005,ES.v.0
2025-11-21 04:00:00+00:00,34,1,294973,6584.5,6586.0,6566.25,6579.5,14327,ES.v.0
2025-11-21 05:00:00+00:00,34,1,294973,6579.5,6585.5,6569.25,6572.25,10831,ES.v.0
2025-11-21 06:00:00+00:00,34,1,294973,6572.25,6582.25,6568.75,6577.0,9653,ES.v.0
2025-11-21 07:00:00+00:00,34,1,294973,6576.75,6580.0,6551.5,6554.5,18837,ES.v.0
2025-11-21 08:00:00+00:00,34,1,294973,6554.25,6585.0,6554.0,6582.75,31926,ES.v.0
2025-11-21 09:00:00+00:00,34,1,294973,6582.75,6584.25,6552.0,6552.5,25388,ES.v.0
2025-11-21 10:00:00+00:00,34,1,294973,6552.5,6561.5,6525.0,6560.75,46178,ES.v.0
2025-11-21 11:00:00+00:00,34,1,294973,6561.25,6572.5,6544.25,6552.75,25607,ES.v.0
2025-11-21 12:00:00+00:00,34,1,294973,6553.0,6597.0,6531.5,6585.5,84277,ES.v.0
2025-11-21 13:00:00+00:00,34,1,294973,6585.75,6599.0,6573.25,6590.75,54914,ES.v.0
2025-11-21 14:00:00+00:00,34,1,294973,6590.5,6596.0,6562.5,6576.25,251617,ES.v.0
2025-11-21 15:00:00+00:00,34,1,294973,6576.5,6590.5,6539.0,6558.5,423980,ES.v.0
2025-11-21 16:00:00+00:00,34,1,294973,6558.5,6638.5,6541.75,6638.0,309026,ES.v.0
2025-11-21 17:00:00+00:00,34,1,294973,6637.75,6647.0,6625.0,6633.25,230987,ES.v.0
2025-11-21 18:00:00+00:00,34,1,294973,6633.5,6672.75,6600.25,6654.0,263350,ES.v.0
2025-11-21 19:00:00+00:00,34,1,294973,6654.25,6677.5,6641.5,6649.5,212633,ES.v.0
2025-11-21 20:00:00+00:00,34,1,294973,6649.25,6654.0,6614.0,6622.5,314723,ES.v.0
2025-11-21 21:00:00+00:00,34,1,294973,6622.5,6632.75,6621.0,6631.5,64542,ES.v.0
2025-11-23 23:00:00+00:00,34,1,294973,6654.75,6666.5,6650.0,6653.25,15534,ES.v.0
2025-11-24 00:00:00+00:00,34,1,294973,6653.25,6653.25,6637.0,6647.5,12095,ES.v.0
2025-11-24 01:00:00+00:00,34,1,294973,6647.5,6653.75,6642.0,6647.0,10355,ES.v.0
2025-11-24 02:00:00+00:00,34,1,294973,6647.25,6661.25,6643.75,6661.0,8790,ES.v.0
2025-11-24 03:00:00+00:00,34,1,294973,6661.0,6662.5,6654.0,6655.5,5980,ES.v.0
2025-11-24 04:00:00+00:00,34,1,294973,6655.25,6656.75,6645.75,6648.75,8049,ES.v.0
2025-11-24 05:00:00+00:00,34,1,294973,6648.5,6659.25,6647.5,6656.75,6511,ES.v.0
2025-11-24 06:00:00+00:00,34,1,294973,6656.75,6657.0,6649.0,6652.5,4601,ES.v.0
2025-11-24 07:00:00+00:00,34,1,294973,6652.25,6662.75,6647.0,6660.25,10202,ES.v.0
2025-11-24 08:00:00+00:00,34,1,294973,6660.25,6669.5,6647.5,6668.0,21808,ES.v.0
2025-11-24 09:00:00+00:00,34,1,294973,6667.5,6669.5,6625.0,6638.0,27515,ES.v.0
2025-11-24 10:00:00+00:00,34,1,294973,6638.25,6642.0,6625.5,6632.75,15872,ES.v.0
2025-11-24 11:00:00+00:00,34,1,294973,6632.5,6646.25,6626.25,6645.75,15633,ES.v.0
2025-11-24 12:00:00+00:00,34,1,294973,6645.5,6658.75,6639.25,6657.25,19486,ES.v.0
2025-11-24 13:00:00+00:00,34,1,294973,6657.25,6667.25,6651.75,6653.0,25207,ES.v.0
2025-11-24 14:00:00+00:00,34,1,294973,6653.0,6686.75,6646.75,6671.25,230075,ES.v.0
2025-11-24 15:00:00+00:00,34,1,294973,6671.25,6703.75,6670.25,6696.75,264318,ES.v.0
2025-11-24 16:00:00+00:00,34,1,294973,6697.0,6716.25,6696.75,6706.25,171257,ES.v.0
2025-11-24 17:00:00+00:00,34,1,294973,6706.25,6725.25,6700.25,6722.0,143142,ES.v.0
2025-11-24 18:00:00+00:00,34,1,294973,6722.25,6729.0,6719.0,6723.75,96865,ES.v.0
2025-11-24 19:00:00+00:00,34,1,294973,6723.75,6729.5,6710.0,6714.5,126105,ES.v.0
2025-11-24 20:00:00+00:00,34,1,294973,6714.5,6731.75,6714.5,6718.75,260059,ES.v.0
2025-11-24 21:00:00+00:00,34,1,294973,6718.5,6727.5,6715.75,6725.0,57210,ES.v.0
2025-11-24 23:00:00+00:00,34,1,294973,6726.25,6728.25,6722.0,6722.25,8362,ES.v.0
2025-11-25 00:00:00+00:00,34,1,294973,6722.0,6724.0,6715.75,6723.25,9326,ES.v.0
2025-11-25 01:00:00+00:00,34,1,294973,6723.0,6724.0,6714.5,6715.25,6361,ES.v.0
2025-11-25 02:00:00+00:00,34,1,294973,6715.25,6721.75,6715.0,6720.5,5973,ES.v.0
2025-11-25 03:00:00+00:00,34,1,294973,6720.25,6722.0,6713.5,6715.0,7894,ES.v.0
2025-11-25 04:00:00+00:00,34,1,294973,6715.5,6722.75,6714.75,6719.75,5052,ES.v.0
2025-11-25 05:00:00+00:00,34,1,294973,6719.75,6723.75,6714.75,6717.0,4239,ES.v.0
2025-11-25 06:00:00+00:00,34,1,294973,6716.75,6720.25,6712.25,6713.75,5241,ES.v.0
2025-11-25 07:00:00+00:00,34,1,294973,6714.0,6721.5,6710.75,6718.0,7371,ES.v.0
2025-11-25 08:00:00+00:00,34,1,294973,6717.75,6720.5,6706.75,6709.25,16051,ES.v.0
2025-11-25 09:00:00+00:00,34,1,294973,6709.5,6715.75,6701.75,6708.0,13771,ES.v.0
2025-11-25 10:00:00+00:00,34,1,294973,6707.75,6715.25,6703.0,6713.0,8690,ES.v.0
2025-11-25 11:00:00+00:00,34,1,294973,6713.25,6714.75,6706.5,6712.0,8580,ES.v.0
2025-11-25 12:00:00+00:00,34,1,294973,6711.75,6732.5,6711.0,6717.5,29045,ES.v.0
2025-11-25 13:00:00+00:00,34,1,294973,6717.25,6730.5,6714.75,6718.0,34441,ES.v.0
2025-11-25 14:00:00+00:00,34,1,294973,6718.0,6730.0,6674.5,6718.25,241326,ES.v.0
2025-11-25 15:00:00+00:00,34,1,294973,6718.75,6740.75,6689.0,6728.5,319231,ES.v.0
2025-11-25 16:00:00+00:00,34,1,294973,6728.5,6749.75,6718.5,6747.5,162305,ES.v.0
2025-11-25 17:00:00+00:00,34,1,294973,6747.5,6774.25,6747.25,6763.75,171463,ES.v.0
2025-11-25 18:00:00+00:00,34,1,294973,6763.75,6774.5,6762.75,6769.0,100015,ES.v.0
2025-11-25 19:00:00+00:00,34,1,294973,6769.25,6771.5,6755.0,6769.75,131877,ES.v.0
2025-11-25 20:00:00+00:00,34,1,294973,6769.75,6792.5,6769.5,6780.25,222958,ES.v.0
2025-11-25 21:00:00+00:00,34,1,294973,6780.25,6784.25,6778.5,6780.75,49493,ES.v.0
2025-11-25 23:00:00+00:00,34,1,294973,6781.0,6785.5,6778.25,6783.25,6638,ES.v.0
2025-11-26 00:00:00+00:00,34,1,294973,6783.75,6790.75,6780.25,6789.75,5765,ES.v.0
2025-11-26 01:00:00+00:00,34,1,294973,6789.5,6798.0,6787.75,6797.5,10343,ES.v.0
2025-11-26 02:00:00+00:00,34,1,294973,6797.25,6799.5,6795.75,6799.0,8252,ES.v.0
2025-11-26 03:00:00+00:00,34,1,294973,6799.0,6801.75,6797.5,6800.0,5950,ES.v.0
2025-11-26 04:00:00+00:00,34,1,294973,6800.0,6801.0,6796.0,6797.5,4171,ES.v.0
2025-11-26 05:00:00+00:00,34,1,294973,6797.25,6804.25,6797.25,6803.0,5939,ES.v.0
2025-11-26 06:00:00+00:00,34,1,294973,6803.0,6807.25,6800.75,6805.0,5595,ES.v.0
2025-11-26 07:00:00+00:00,34,1,294973,6804.75,6810.75,6804.75,6807.25,8949,ES.v.0
2025-11-26 08:00:00+00:00,34,1,294973,6807.25,6809.0,6800.25,6800.5,16368,ES.v.0
2025-11-26 09:00:00+00:00,34,1,294973,6800.25,6801.0,6793.25,6795.25,14273,ES.v.0
2025-11-26 10:00:00+00:00,34,1,294973,6795.25,6804.25,6795.25,6803.25,8917,ES.v.0
2025-11-26 11:00:00+00:00,34,1,294973,6803.0,6805.0,6796.75,6798.0,11029,ES.v.0
2025-11-26 12:00:00+00:00,34,1,294973,6797.75,6799.25,6787.0,6796.5,23046,ES.v.0
2025-11-26 13:00:00+00:00,34,1,294973,6796.5,6804.5,6794.75,6803.75,24429,ES.v.0
2025-11-26 14:00:00+00:00,34,1,294973,6804.0,6824.0,6797.5,6802.0,188170,ES.v.0
2025-11-26 15:00:00+00:00,34,1,294973,6802.0,6825.0,6795.75,6824.5,231313,ES.v.0
2025-11-26 16:00:00+00:00,34,1,294973,6824.75,6846.5,6823.75,6843.0,170139,ES.v.0
2025-11-26 17:00:00+00:00,34,1,294973,6842.75,6846.75,6833.5,6840.5,125214,ES.v.0
2025-11-26 18:00:00+00:00,34,1,294973,6840.5,6845.0,6825.0,6833.0,168121,ES.v.0
2025-11-26 19:00:00+00:00,34,1,294973,6833.25,6843.25,6830.5,6838.0,104287,ES.v.0
2025-11-26 20:00:00+00:00,34,1,294973,6838.0,6845.25,6825.25,6825.25,192072,ES.v.0
2025-11-26 21:00:00+00:00,34,1,294973,6825.5,6833.25,6825.0,6830.25,44328,ES.v.0
2025-11-26 23:00:00+00:00,34,1,294973,6830.25,6833.5,6827.5,6829.25,3428,ES.v.0
2025-11-27 00:00:00+00:00,34,1,294973,6829.25,6832.5,6828.25,6832.25,3364,ES.v.0
2025-11-27 01:00:00+00:00,34,1,294973,6832.25,6833.75,6827.75,6832.75,4809,ES.v.0
2025-11-27 02:00:00+00:00,34,1,294973,6832.5,6833.75,6828.5,6829.0,4041,ES.v.0
2025-11-27 03:00:00+00:00,34,1,294973,6829.0,6829.75,6826.5,6828.25,2961,ES.v.0
2025-11-27 04:00:00+00:00,34,1,294973,6828.5,6830.75,6827.25,6830.0,2212,ES.v.0
2025-11-27 05:00:00+00:00,34,1,294973,6830.0,6833.25,6830.0,6830.75,2002,ES.v.0
2025-11-27 06:00:00+00:00,34,1,294973,6830.75,6831.25,6825.0,6825.5,3584,ES.v.0
2025-11-27 07:00:00+00:00,34,1,294973,6825.5,6830.25,6825.0,6829.75,3398,ES.v.0
2025-11-27 08:00:00+00:00,34,1,294973,6829.75,6832.75,6824.25,6826.75,6552,ES.v.0
2025-11-27 09:00:00+00:00,34,1,294973,6826.75,6831.5,6825.0,6825.25,4676,ES.v.0
2025-11-27 10:00:00+00:00,34,1,294973,6825.25,6828.75,6824.25,6828.5,2810,ES.v.0
2025-11-27 11:00:00+00:00,34,1,294973,6828.5,6829.5,6825.25,6827.5,2950,ES.v.0
2025-11-27 12:00:00+00:00,34,1,294973,6827.5,6830.25,6826.5,6827.0,3586,ES.v.0
2025-11-27 13:00:00+00:00,34,1,294973,6827.0,6830.0,6824.75,6828.0,5787,ES.v.0
2025-11-27 14:00:00+00:00,34,1,294973,6827.75,6831.75,6825.75,6827.5,9284,ES.v.0
2025-11-27 15:00:00+00:00,34,1,294973,6827.5,6829.0,6825.0,6827.0,7476,ES.v.0
2025-11-27 16:00:00+00:00,34,1,294973,6827.0,6828.75,6825.0,6827.0,7340,ES.v.0
2025-11-27 17:00:00+00:00,34,1,294973,6826.75,6828.5,6825.5,6828.0,2204,ES.v.0
2025-11-27 23:00:00+00:00,34,1,294973,6829.0,6836.75,6828.75,6836.5,3628,ES.v.0
2025-11-28 00:00:00+00:00,34,1,294973,6836.5,6839.25,6835.0,6836.25,2378,ES.v.0
2025-11-28 01:00:00+00:00,34,1,294973,6836.75,6841.25,6834.5,6835.25,2282,ES.v.0
2025-11-28 02:00:00+00:00,34,1,294973,6835.25,6837.25,6832.25,6835.0,1045,ES.v.0
2025-11-28 13:00:00+00:00,34,1,294973,6841.75,6844.5,6836.0,6837.25,4403,ES.v.0
2025-11-28 14:00:00+00:00,34,1,294973,6837.0,6844.25,6831.25,6838.5,37022,ES.v.0
2025-11-28 15:00:00+00:00,34,1,294973,6838.75,6852.5,6836.5,6851.0,46368,ES.v.0
2025-11-28 16:00:00+00:00,34,1,294973,6851.0,6856.0,6842.5,6854.25,59331,ES.v.0
2025-11-28 17:00:00+00:00,34,1,294973,6854.5,6863.75,6845.25,6860.5,127339,ES.v.0
2025-11-28 18:00:00+00:00,34,1,294973,6860.25,6863.5,6855.25,6857.25,36858,ES.v.0
2025-11-30 23:00:00+00:00,34,1,294973,6854.75,6864.5,6848.5,6853.0,15184,ES.v.0
2025-12-01 00:00:00+00:00,34,1,294973,6853.0,6854.5,6826.25,6828.75,18636,ES.v.0
2025-12-01 01:00:00+00:00,34,1,294973,6828.75,6831.0,6817.25,6825.25,24055,ES.v.0
2025-12-01 02:00:00+00:00,34,1,294973,6825.5,6827.0,6817.25,6819.75,12038,ES.v.0
2025-12-01 03:00:00+00:00,34,1,294973,6819.5,6819.75,6811.5,6814.75,13157,ES.v.0
2025-12-01 04:00:00+00:00,34,1,294973,6814.75,6815.75,6807.75,6807.75,8400,ES.v.0
2025-12-01 05:00:00+00:00,34,1,294973,6808.0,6812.5,6802.0,6811.75,11085,ES.v.0
2025-12-01 06:00:00+00:00,34,1,294973,6811.5,6815.5,6808.25,6815.25,8158,ES.v.0
2025-12-01 07:00:00+00:00,34,1,294973,6815.0,6817.5,6808.75,6816.0,9441,ES.v.0
2025-12-01 08:00:00+00:00,34,1,294973,6815.75,6827.5,6812.25,6823.0,15999,ES.v.0
2025-12-01 09:00:00+00:00,34,1,294973,6823.0,6829.75,6815.0,6816.25,12645,ES.v.0
2025-12-01 10:00:00+00:00,34,1,294973,6816.5,6825.75,6816.25,6820.5,7614,ES.v.0
2025-12-01 11:00:00+00:00,34,1,294973,6820.5,6821.75,6815.75,6819.5,9301,ES.v.0
2025-12-01 12:00:00+00:00,34,1,294973,6819.75,6821.25,6805.0,6808.75,17697,ES.v.0
2025-12-01 13:00:00+00:00,34,1,294973,6809.0,6818.25,6807.0,6817.25,26292,ES.v.0
2025-12-01 14:00:00+00:00,34,1,294973,6817.25,6844.25,6811.75,6839.75,196488,ES.v.0
2025-12-01 15:00:00+00:00,34,1,294973,6840.25,6844.0,6813.75,6842.25,227436,ES.v.0
2025-12-01 16:00:00+00:00,34,1,294973,6842.25,6850.0,6826.75,6845.0,161690,ES.v.0
2025-12-01 17:00:00+00:00,34,1,294973,6845.0,6853.5,6838.5,6846.0,111118,ES.v.0
2025-12-01 18:00:00+00:00,34,1,294973,6846.0,6855.75,6845.25,6853.75,68143,ES.v.0
2025-12-01 19:00:00+00:00,34,1,294973,6854.0,6854.25,6823.75,6827.75,158791,ES.v.0
2025-12-01 20:00:00+00:00,34,1,294973,6827.5,6836.25,6819.25,6829.0,229870,ES.v.0
2025-12-01 21:00:00+00:00,34,1,294973,6829.0,6830.0,6824.75,6826.75,46957,ES.v.0
2025-12-01 23:00:00+00:00,34,1,294973,6829.0,6831.25,6822.0,6825.0,5972,ES.v.0
2025-12-02 00:00:00+00:00,34,1,294973,6825.0,6829.0,6822.0,6826.5,5344,ES.v.0
2025-12-02 01:00:00+00:00,34,1,294973,6826.25,6833.25,6825.0,6827.25,6603,ES.v.0
2025-12-02 02:00:00+00:00,34,1,294973,6827.0,6831.0,6823.0,6829.25,6763,ES.v.0
2025-12-02 03:00:00+00:00,34,1,294973,6829.0,6829.5,6815.25,6824.25,7765,ES.v.0
2025-12-02 04:00:00+00:00,34,1,294973,6824.25,6825.75,6819.75,6820.75,4001,ES.v.0
2025-12-02 05:00:00+00:00,34,1,294973,6821.0,6823.0,6818.75,6820.75,3225,ES.v.0
2025-12-02 06:00:00+00:00,34,1,294973,6820.75,6824.0,6814.25,6821.0,5189,ES.v.0
2025-12-02 07:00:00+00:00,34,1,294973,6821.0,6825.0,6817.5,6819.25,4373,ES.v.0
2025-12-02 08:00:00+00:00,34,1,294973,6819.0,6830.75,6812.25,6829.5,11846,ES.v.0
2025-12-02 09:00:00+00:00,34,1,294973,6829.5,6837.0,6829.25,6834.5,10755,ES.v.0
2025-12-02 10:00:00+00:00,34,1,294973,6834.25,6846.75,6833.25,6845.0,11714,ES.v.0
2025-12-02 11:00:00+00:00,34,1,294973,6845.25,6849.0,6842.5,6843.5,9307,ES.v.0
2025-12-02 12:00:00+00:00,34,1,294973,6843.25,6845.75,6837.0,6845.5,11456,ES.v.0
2025-12-02 13:00:00+00:00,34,1,294973,6845.25,6848.5,6842.25,6848.5,16318,ES.v.0
2025-12-02 14:00:00+00:00,34,1,294973,6848.25,6854.75,6839.75,6848.25,151220,ES.v.0
2025-12-02 15:00:00+00:00,34,1,294973,6848.25,6862.0,6833.25,6860.25,227590,ES.v.0
2025-12-02 16:00:00+00:00,34,1,294973,6860.25,6863.5,6818.0,6830.5,296194,ES.v.0
2025-12-02 17:00:00+00:00,34,1,294973,6830.5,6853.25,6826.0,6826.25,143539,ES.v.0
2025-12-02 18:00:00+00:00,34,1,294973,6826.0,6840.75,6824.25,6835.75,125867,ES.v.0
2025-12-02 19:00:00+00:00,34,1,294973,6835.5,6850.75,6832.25,6848.0,120124,ES.v.0
2025-12-02 20:00:00+00:00,34,1,294973,6848.25,6853.5,6838.0,6839.25,172245,ES.v.0
2025-12-02 21:00:00+00:00,34,1,294973,6839.25,6843.0,6838.0,6842.75,33945,ES.v.0
2025-12-02 23:00:00+00:00,34,1,294973,6843.0,6847.75,6841.5,6845.75,4853,ES.v.0
2025-12-03 00:00:00+00:00,34,1,294973,6846.0,6850.75,6837.25,6848.5,9811,ES.v.0
2025-12-03 01:00:00+00:00,34,1,294973,6848.5,6851.75,6847.5,6849.75,6232,ES.v.0
2025-12-03 02:00:00+00:00,34,1,294973,6849.5,6855.75,6848.75,6852.0,5587,ES.v.0
2025-12-03 03:00:00+00:00,34,1,294973,6851.75,6857.0,6849.75,6855.75,3923,ES.v.0
2025-12-03 04:00:00+00:00,34,1,294973,6855.75,6856.75,6854.0,6854.5,2399,ES.v.0
2025-12-03 05:00:00+00:00,34,1,294973,6854.25,6857.75,6852.75,6853.5,3003,ES.v.0
2025-12-03 06:00:00+00:00,34,1,294973,6853.75,6856.25,6849.25,6853.25,5340,ES.v.0
2025-12-03 07:00:00+00:00,34,1,294973,6853.0,6857.0,6850.25,6852.5,4646,ES.v.0
2025-12-03 08:00:00+00:00,34,1,294973,6852.5,6856.0,6845.75,6855.25,8586,ES.v.0
2025-12-03 09:00:00+00:00,34,1,294973,6855.25,6855.5,6847.0,6852.0,9220,ES.v.0
2025-12-03 10:00:00+00:00,34,1,294973,6852.0,6854.5,6846.5,6849.75,6094,ES.v.0
2025-12-03 11:00:00+00:00,34,1,294973,6849.75,6853.75,6847.0,6850.5,6642,ES.v.0
2025-12-03 12:00:00+00:00,34,1,294973,6850.25,6860.5,6846.5,6858.0,11694,ES.v.0
2025-12-03 13:00:00+00:00,34,1,294973,6858.0,6862.25,6854.0,6855.5,19739,ES.v.0
2025-12-03 14:00:00+00:00,34,1,294973,6855.5,6856.5,6817.5,6832.75,233829,ES.v.0
2025-12-03 15:00:00+00:00,34,1,294973,6832.75,6853.5,6831.0,6847.0,229266,ES.v.0
2025-12-03 16:00:00+00:00,34,1,294973,6847.0,6859.5,6840.0,6845.75,163526,ES.v.0
2025-12-03 17:00:00+00:00,34,1,294973,6846.0,6865.0,6844.75,6863.0,123051,ES.v.0
2025-12-03 18:00:00+00:00,34,1,294973,6862.75,6869.25,6858.75,6863.0,86596,ES.v.0
2025-12-03 19:00:00+00:00,34,1,294973,6863.0,6871.75,6862.25,6870.25,71936,ES.v.0
2025-12-03 20:00:00+00:00,34,1,294973,6870.25,6873.25,6859.25,6862.5,189109,ES.v.0
2025-12-03 21:00:00+00:00,34,1,294973,6862.5,6865.25,6861.5,6864.75,42606,ES.v.0
2025-12-03 23:00:00+00:00,34,1,294973,6866.0,6866.0,6861.0,6863.5,4505,ES.v.0
2025-12-04 00:00:00+00:00,34,1,294973,6863.5,6866.75,6857.75,6859.5,4583,ES.v.0
2025-12-04 01:00:00+00:00,34,1,294973,6859.5,6865.0,6858.75,6861.25,5765,ES.v.0
2025-12-04 02:00:00+00:00,34,1,294973,6861.25,6864.5,6857.5,6863.25,4511,ES.v.0
2025-12-04 03:00:00+00:00,34,1,294973,6863.25,6863.25,6857.0,6860.5,3592,ES.v.0
2025-12-04 04:00:00+00:00,34,1,294973,6860.25,6863.5,6858.5,6862.75,3675,ES.v.0
2025-12-04 05:00:00+00:00,34,1,294973,6863.0,6864.5,6860.75,6862.75,3108,ES.v.0
2025-12-04 06:00:00+00:00,34,1,294973,6863.0,6866.25,6861.75,6865.25,3279,ES.v.0
2025-12-04 07:00:00+00:00,34,1,294973,6865.25,6868.5,6864.5,6865.5,4067,ES.v.0
2025-12-04 08:00:00+00:00,34,1,294973,6865.5,6865.5,6854.25,6858.75,11165,ES.v.0
2025-12-04 09:00:00+00:00,34,1,294973,6859.0,6870.0,6855.75,6868.25,9771,ES.v.0
2025-12-04 10:00:00+00:00,34,1,294973,6868.5,6869.25,6861.5,6862.5,6379,ES.v.0
2025-12-04 11:00:00+00:00,34,1,294973,6862.5,6865.75,6860.0,6865.25,7700,ES.v.0
2025-12-04 12:00:00+00:00,34,1,294973,6865.5,6871.25,6864.5,6868.25,12182,ES.v.0
2025-12-04 13:00:00+00:00,34,1,294973,6868.25,6871.0,6862.0,6864.25,18036,ES.v.0
2025-12-04 14:00:00+00:00,34,1,294973,6864.25,6880.75,6850.25,6853.5,194075,ES.v.0
2025-12-04 15:00:00+00:00,34,1,294973,6853.5,6868.75,6844.5,6855.75,201775,ES.v.0
2025-12-04 16:00:00+00:00,34,1,294973,6856.0,6868.75,6845.0,6867.25,156550,ES.v.0
2025-12-04 17:00:00+00:00,34,1,294973,6867.0,6868.75,6856.5,6866.0,103648,ES.v.0
2025-12-04 18:00:00+00:00,34,1,294973,6866.0,6871.0,6857.75,6864.25,87174,ES.v.0
2025-12-04 19:00:00+00:00,34,1,294973,6864.25,6865.5,6836.25,6855.5,177862,ES.v.0
2025-12-04 20:00:00+00:00,34,1,294973,6855.25,6869.0,6846.0,6867.5,201010,ES.v.0
2025-12-04 21:00:00+00:00,34,1,294973,6867.25,6868.5,6864.0,6865.75,41910,ES.v.0
2025-12-04 23:00:00+00:00,34,1,294973,6865.5,6869.5,6861.25,6863.75,5853,ES.v.0
2025-12-05 00:00:00+00:00,34,1,294973,6863.5,6871.5,6862.0,6870.75,6137,ES.v.0
2025-12-05 01:00:00+00:00,34,1,294973,6871.0,6875.75,6870.0,6875.5,5884,ES.v.0
2025-12-05 02:00:00+00:00,34,1,294973,6875.5,6881.25,6874.5,6876.25,5666,ES.v.0
2025-12-05 03:00:00+00:00,34,1,294973,6876.25,6879.25,6874.75,6878.0,2906,ES.v.0
2025-12-05 04:00:00+00:00,34,1,294973,6878.0,6881.0,6877.5,6880.0,3491,ES.v.0
2025-12-05 05:00:00+00:00,34,1,294973,6880.0,6882.0,6879.25,6882.0,3240,ES.v.0
2025-12-05 06:00:00+00:00,34,1,294973,6882.0,6884.0,6879.25,6880.5,3766,ES.v.0
2025-12-05 07:00:00+00:00,34,1,294973,6880.75,6884.0,6879.5,6881.75,5167,ES.v.0
2025-12-05 08:00:00+00:00,34,1,294973,6882.0,6886.25,6878.5,6878.5,11964,ES.v.0
2025-12-05 09:00:00+00:00,34,1,294973,6878.5,6881.25,6876.5,6878.5,5946,ES.v.0
2025-12-05 10:00:00+00:00,34,1,294973,6878.75,6881.5,6877.25,6877.75,4753,ES.v.0
2025-12-05 11:00:00+00:00,34,1,294973,6877.75,6882.0,6876.0,6880.25,6235,ES.v.0
2025-12-05 12:00:00+00:00,34,1,294973,6880.25,6882.25,6876.0,6879.25,8796,ES.v.0
2025-12-05 13:00:00+00:00,34,1,294973,6879.25,6880.75,6856.75,6864.0,33305,ES.v.0
2025-12-05 14:00:00+00:00,34,1,294973,6864.0,6891.25,6863.75,6889.75,155869,ES.v.0
2025-12-05 15:00:00+00:00,34,1,294973,6889.75,6905.0,6883.25,6887.5,218066,ES.v.0
2025-12-05 16:00:00+00:00,34,1,294973,6887.5,6892.25,6870.5,6880.75,222707,ES.v.0
2025-12-05 17:00:00+00:00,34,1,294973,6880.75,6885.0,6866.5,6883.5,136680,ES.v.0
2025-12-05 18:00:00+00:00,34,1,294973,6883.25,6890.5,6875.75,6882.5,98840,ES.v.0
2025-12-05 19:00:00+00:00,34,1,294973,6882.75,6885.0,6876.25,6883.25,85377,ES.v.0
2025-12-05 20:00:00+00:00,34,1,294973,6883.25,6883.75,6866.75,6876.75,181826,ES.v.0
2025-12-05 21:00:00+00:00,34,1,294973,6876.75,6881.75,6876.25,6879.5,42314,ES.v.0
2025-12-07 23:00:00+00:00,34,1,294973,6883.0,6886.25,6877.25,6881.0,6434,ES.v.0
2025-12-08 00:00:00+00:00,34,1,294973,6881.25,6882.0,6872.75,6881.0,6698,ES.v.0
2025-12-08 01:00:00+00:00,34,1,294973,6881.0,6884.25,6880.0,6883.5,6304,ES.v.0
2025-12-08 02:00:00+00:00,34,1,294973,6883.5,6887.75,6882.5,6887.75,4972,ES.v.0
2025-12-08 03:00:00+00:00,34,1,294973,6887.5,6890.0,6886.5,6888.5,3926,ES.v.0
2025-12-08 04:00:00+00:00,34,1,294973,6888.5,6891.5,6888.5,6890.75,3480,ES.v.0
2025-12-08 05:00:00+00:00,34,1,294973,6890.75,6892.0,6889.25,6890.0,3193,ES.v.0
2025-12-08 06:00:00+00:00,34,1,294973,6890.25,6892.25,6887.75,6888.0,3771,ES.v.0
2025-12-08 07:00:00+00:00,34,1,294973,6888.0,6893.75,6886.5,6890.75,6014,ES.v.0
2025-12-08 08:00:00+00:00,34,1,294973,6890.75,6891.0,6883.25,6884.5,9294,ES.v.0
2025-12-08 09:00:00+00:00,34,1,294973,6884.5,6889.75,6884.0,6884.5,7034,ES.v.0
2025-12-08 10:00:00+00:00,34,1,294973,6884.5,6888.25,6882.25,6887.25,7491,ES.v.0
2025-12-08 11:00:00+00:00,34,1,294973,6887.0,6887.0,6881.25,6882.75,6786,ES.v.0
2025-12-08 12:00:00+00:00,34,1,294973,6882.75,6889.5,6880.75,6887.5,8689,ES.v.0
2025-12-08 13:00:00+00:00,34,1,294973,6887.5,6893.25,6885.0,6888.75,18527,ES.v.0
2025-12-08 14:00:00+00:00,34,1,294973,6888.75,6891.75,6869.25,6874.0,139661,ES.v.0
2025-12-08 15:00:00+00:00,34,1,294973,6873.75,6877.25,6855.25,6856.25,164941,ES.v.0
2025-12-08 16:00:00+00:00,34,1,294973,6856.5,6860.75,6848.5,6853.25,143037,ES.v.0
2025-12-08 17:00:00+00:00,34,1,294973,6853.25,6862.75,6841.25,6860.75,131778,ES.v.0
2025-12-08 18:00:00+00:00,34,1,294973,6860.75,6863.5,6835.25,6841.0,131646,ES.v.0
2025-12-08 19:00:00+00:00,34,1,294973,6841.0,6848.0,6836.25,6843.0,98949,ES.v.0
2025-12-08 20:00:00+00:00,34,1,294973,6843.0,6857.75,6840.0,6856.5,168863,ES.v.0
2025-12-08 21:00:00+00:00,34,1,294973,6856.25,6864.75,6853.0,6864.5,68738,ES.v.0
2025-12-08 23:00:00+00:00,34,1,294973,6865.0,6868.5,6860.25,6868.5,8247,ES.v.0
2025-12-09 00:00:00+00:00,34,1,294973,6868.25,6868.5,6864.75,6866.75,3906,ES.v.0
2025-12-09 01:00:00+00:00,34,1,294973,6866.75,6868.0,6859.75,6861.5,6677,ES.v.0
2025-12-09 02:00:00+00:00,34,1,294973,6861.75,6865.0,6859.0,6862.5,3952,ES.v.0
2025-12-09 03:00:00+00:00,34,1,294973,6862.25,6863.5,6860.75,6862.75,2534,ES.v.0
2025-12-09 04:00:00+00:00,34,1,294973,6862.75,6863.0,6860.25,6861.0,2057,ES.v.0
2025-12-09 05:00:00+00:00,34,1,294973,6861.25,6861.5,6857.75,6858.0,3378,ES.v.0
2025-12-09 06:00:00+00:00,34,1,294973,6857.75,6863.25,6855.0,6862.0,4815,ES.v.0
2025-12-09 07:00:00+00:00,34,1,294973,6862.0,6865.0,6860.75,6864.25,3882,ES.v.0
2025-12-09 08:00:00+00:00,34,1,294973,6864.0,6868.25,6862.0,6863.5,9486,ES.v.0
2025-12-09 09:00:00+00:00,34,1,294973,6863.75,6863.75,6856.25,6857.25,8106,ES.v.0
2025-12-09 10:00:00+00:00,34,1,294973,6857.25,6863.0,6844.75,6861.0,23385,ES.v.0
2025-12-09 11:00:00+00:00,34,1,294973,6861.0,6862.5,6852.75,6861.5,11643,ES.v.0
2025-12-09 12:00:00+00:00,34,1,294973,6861.75,6862.25,6855.0,6859.0,9842,ES.v.0
2025-12-09 13:00:00+00:00,34,1,294973,6858.75,6860.5,6848.75,6850.5,20167,ES.v.0
2025-12-09 14:00:00+00:00,34,1,294973,6850.5,6864.5,6845.0,6863.0,132822,ES.v.0
2025-12-09 15:00:00+00:00,34,1,294973,6863.25,6868.5,6854.5,6864.0,139015,ES.v.0
2025-12-09 16:00:00+00:00,34,1,294973,6863.75,6872.75,6863.25,6868.75,106398,ES.v.0
2025-12-09 17:00:00+00:00,34,1,294973,6868.5,6872.5,6855.0,6861.75,97897,ES.v.0
2025-12-09 18:00:00+00:00,34,1,294973,6861.5,6864.0,6852.5,6859.5,87076,ES.v.0
2025-12-09 19:00:00+00:00,34,1,294973,6859.5,6860.25,6850.75,6855.25,71129,ES.v.0
2025-12-09 20:00:00+00:00,34,1,294973,6855.0,6857.5,6844.5,6849.25,138798,ES.v.0
2025-12-09 21:00:00+00:00,34,1,294973,6849.5,6850.0,6844.0,6846.25,31447,ES.v.0
2025-12-09 23:00:00+00:00,34,1,294973,6847.25,6849.0,6846.25,6846.5,5607,ES.v.0
2025-12-10 00:00:00+00:00,34,1,294973,6846.5,6851.0,6843.25,6843.25,5868,ES.v.0
2025-12-10 01:00:00+00:00,34,1,294973,6843.25,6846.0,6842.25,6843.75,5611,ES.v.0
2025-12-10 02:00:00+00:00,34,1,294973,6843.75,6848.5,6843.75,6847.5,3590,ES.v.0
2025-12-10 03:00:00+00:00,34,1,294973,6847.25,6849.25,6845.0,6847.25,2863,ES.v.0
2025-12-10 04:00:00+00:00,34,1,294973,6847.25,6854.25,6847.25,6851.5,4526,ES.v.0
2025-12-10 05:00:00+00:00,34,1,294973,6851.25,6851.5,6845.75,6848.0,3341,ES.v.0
2025-12-10 06:00:00+00:00,34,1,294973,6848.0,6853.0,6848.0,6851.75,3607,ES.v.0
2025-12-10 07:00:00+00:00,34,1,294973,6851.5,6856.0,6850.0,6855.25,4418,ES.v.0
2025-12-10 08:00:00+00:00,34,1,294973,6855.25,6859.25,6851.75,6854.5,11831,ES.v.0
2025-12-10 09:00:00+00:00,34,1,294973,6854.5,6857.5,6850.25,6852.5,7744,ES.v.0
2025-12-10 10:00:00+00:00,34,1,294973,6852.25,6857.75,6834.25,6840.75,20370,ES.v.0
2025-12-10 11:00:00+00:00,34,1,294973,6840.75,6850.0,6839.0,6845.25,13403,ES.v.0
2025-12-10 12:00:00+00:00,34,1,294973,6845.0,6845.75,6838.25,6843.0,9147,ES.v.0
2025-12-10 13:00:00+00:00,34,1,294973,6843.25,6856.25,6841.5,6846.75,20873,ES.v.0
2025-12-10 14:00:00+00:00,34,1,294973,6847.0,6851.0,6830.75,6849.0,143941,ES.v.0
2025-12-10 15:00:00+00:00,34,1,294973,6849.0,6852.5,6834.25,6840.25,158876,ES.v.0
2025-12-10 16:00:00+00:00,34,1,294973,6840.0,6856.5,6832.25,6853.75,130008,ES.v.0
2025-12-10 17:00:00+00:00,34,1,294973,6853.5,6860.0,6847.0,6856.25,75553,ES.v.0
2025-12-10 18:00:00+00:00,34,1,294973,6856.25,6858.5,6842.25,6846.25,83986,ES.v.0
2025-12-10 19:00:00+00:00,34,1,294973,6846.0,6898.5,6844.75,6896.75,317436,ES.v.0
2025-12-10 20:00:00+00:00,34,1,294973,6896.75,6908.0,6888.75,6892.0,259076,ES.v.0
2025-12-10 21:00:00+00:00,34,1,294973,6892.25,6896.0,6885.0,6893.25,48573,ES.v.0
2025-12-10 23:00:00+00:00,34,1,294973,6887.0,6891.25,6880.5,6882.75,10110,ES.v.0
2025-12-11 00:00:00+00:00,34,1,294973,6882.75,6883.0,6871.75,6874.5,9535,ES.v.0
2025-12-11 01:00:00+00:00,34,1,294973,6874.5,6875.25,6868.75,6869.75,8368,ES.v.0
2025-12-11 02:00:00+00:00,34,1,294973,6869.75,6869.75,6847.0,6851.5,18098,ES.v.0
2025-12-11 03:00:00+00:00,34,1,294973,6851.25,6851.5,6817.5,6834.75,39112,ES.v.0
2025-12-11 04:00:00+00:00,34,1,294973,6835.0,6841.5,6832.5,6837.25,8375,ES.v.0
2025-12-11 05:00:00+00:00,34,1,294973,6837.0,6838.5,6829.5,6836.0,7320,ES.v.0
2025-12-11 06:00:00+00:00,34,1,294973,6836.0,6838.0,6828.25,6837.5,7357,ES.v.0
2025-12-11 07:00:00+00:00,34,1,294973,6837.25,6842.5,6829.25,6841.5,10097,ES.v.0
2025-12-11 08:00:00+00:00,34,1,294973,6841.25,6842.75,6828.5,6841.75,19197,ES.v.0
2025-12-11 09:00:00+00:00,34,1,294973,6841.75,6858.0,6840.0,6855.25,15725,ES.v.0
2025-12-11 10:00:00+00:00,34,1,294973,6855.25,6857.0,6850.75,6852.75,10849,ES.v.0
2025-12-11 11:00:00+00:00,34,1,294973,6852.5,6864.0,6851.25,6862.75,11075,ES.v.0
2025-12-11 12:00:00+00:00,34,1,294973,6862.5,6877.0,6861.75,6874.25,18689,ES.v.0
2025-12-11 13:00:00+00:00,34,1,294973,6874.0,6875.25,6862.5,6864.25,21443,ES.v.0
2025-12-11 14:00:00+00:00,34,1,294973,6864.5,6875.25,6839.25,6842.75,242268,ES.v.0
2025-12-11 15:00:00+00:00,34,1,294973,6843.0,6884.75,6838.0,6874.0,290756,ES.v.0
2025-12-11 16:00:00+00:00,34,1,294973,6874.0,6886.5,6860.5,6871.5,189130,ES.v.0
2025-12-11 17:00:00+00:00,34,1,294973,6871.75,6897.25,6870.5,6889.75,143490,ES.v.0
2025-12-11 18:00:00+00:00,34,1,294973,6889.5,6903.25,6887.75,6896.25,110360,ES.v.0
2025-12-11 19:00:00+00:00,34,1,294973,6896.5,6909.25,6895.25,6905.25,89442,ES.v.0
2025-12-11 20:00:00+00:00,34,1,294973,6905.25,6908.75,6896.5,6908.0,165470,ES.v.0
2025-12-11 21:00:00+00:00,34,1,294973,6908.0,6928.75,6907.0,6925.0,65256,ES.v.0
2025-12-11 23:00:00+00:00,34,1,294973,6914.0,6915.5,6902.75,6904.0,12755,ES.v.0
2025-12-12 00:00:00+00:00,34,1,294973,6904.0,6907.75,6898.5,6901.0,8746,ES.v.0
2025-12-12 01:00:00+00:00,34,1,294973,6901.0,6907.0,6900.75,6906.5,6795,ES.v.0
2025-12-12 02:00:00+00:00,34,1,294973,6906.25,6911.75,6905.75,6909.5,6416,ES.v.0
2025-12-12 03:00:00+00:00,34,1,294973,6909.75,6910.5,6904.75,6906.5,4451,ES.v.0
2025-12-12 04:00:00+00:00,34,1,294973,6906.5,6907.0,6903.25,6904.75,4680,ES.v.0
2025-12-12 05:00:00+00:00,34,1,294973,6904.5,6912.75,6904.5,6911.0,5489,ES.v.0
2025-12-12 06:00:00+00:00,34,1,294973,6911.25,6913.5,6906.75,6907.75,5701,ES.v.0
2025-12-12 07:00:00+00:00,34,1,294973,6907.5,6907.75,6904.5,6905.25,4714,ES.v.0
2025-12-12 08:00:00+00:00,34,1,294973,6905.5,6912.5,6903.75,6909.75,10732,ES.v.0
2025-12-12 09:00:00+00:00,34,1,294973,6909.5,6910.75,6892.0,6897.0,16372,ES.v.0
2025-12-12 10:00:00+00:00,34,1,294973,6897.0,6902.25,6892.25,6898.0,10186,ES.v.0
2025-12-12 11:00:00+00:00,34,1,294973,6898.25,6900.5,6890.25,6893.0,10511,ES.v.0
2025-12-12 12:00:00+00:00,34,1,294973,6893.0,6901.5,6889.5,6897.0,16493,ES.v.0
2025-12-12 13:00:00+00:00,34,1,294973,6897.0,6908.0,6895.25,6907.75,21618,ES.v.0
2025-12-12 14:00:00+00:00,34,1,294973,6907.75,6909.0,6885.75,6889.0,158572,ES.v.0
2025-12-12 15:00:00+00:00,34,1,294973,6889.0,6889.5,6826.75,6831.0,359531,ES.v.0
2025-12-12 16:00:00+00:00,34,1,294973,6830.75,6838.25,6805.0,6819.25,346466,ES.v.0
2025-12-12 17:00:00+00:00,34,1,294973,6819.25,6846.0,6816.75,6840.25,193147,ES.v.0
2025-12-12 18:00:00+00:00,34,1,294973,6840.25,6856.75,6837.25,6839.25,161015,ES.v.0
2025-12-12 19:00:00+00:00,34,1,294973,6839.25,6840.5,6826.0,6833.5,138391,ES.v.0
2025-12-12 20:00:00+00:00,34,1,294973,6833.5,6838.75,6814.25,6831.25,250103,ES.v.0
2025-12-12 21:00:00+00:00,34,1,294973,6831.5,6837.25,6829.75,6833.5,58056,ES.v.0
2025-12-14 23:00:00+00:00,34,1,294973,6831.0,6838.0,6818.75,6833.0,7606,ES.v.0
2025-12-15 00:00:00+00:00,34,1,294973,6833.0,6843.75,6831.5,6842.75,5119,ES.v.0
2025-12-15 01:00:00+00:00,34,1,294973,6842.5,6848.0,6838.75,6847.25,4548,ES.v.0
2025-12-15 02:00:00+00:00,34,1,294973,6847.25,6850.75,6844.25,6846.25,3531,ES.v.0
2025-12-15 03:00:00+00:00,34,1,294973,6846.25,6848.5,6843.75,6846.0,2005,ES.v.0
2025-12-15 04:00:00+00:00,34,1,294973,6846.25,6850.75,6842.0,6850.0,2396,ES.v.0
2025-12-15 05:00:00+00:00,34,1,294973,6849.75,6851.5,6846.75,6850.25,2081,ES.v.0
2025-12-15 06:00:00+00:00,34,1,294973,6850.25,6851.5,6845.25,6849.5,2720,ES.v.0
2025-12-15 07:00:00+00:00,34,1,294973,6849.75,6851.5,6843.25,6845.5,4049,ES.v.0
2025-12-15 08:00:00+00:00,34,1,294973,6845.5,6856.5,6841.75,6854.5,7324,ES.v.0
2025-12-15 09:00:00+00:00,34,1,294973,6854.25,6863.0,6852.0,6861.75,6473,ES.v.0
2025-12-15 10:00:00+00:00,34,1,294973,6861.5,6865.25,6860.25,6864.25,5098,ES.v.0
2025-12-15 11:00:00+00:00,34,1,294973,6864.25,6866.25,6862.25,6864.75,4540,ES.v.0
2025-12-15 12:00:00+00:00,34,1,294973,6864.75,6866.5,6858.5,6864.5,8395,ES.v.0
2025-12-15 13:00:00+00:00,34,1,294973,6864.25,6868.75,6860.25,6867.75,11253,ES.v.0
2025-12-15 14:00:00+00:00,34,1,294973,6867.5,6872.5,6836.75,6838.0,75507,ES.v.0
2025-12-15 15:00:00+00:00,34,1,294973,6838.0,6839.25,6806.25,6824.75,121980,ES.v.0
2025-12-15 16:00:00+00:00,34,1,294973,6824.75,6844.0,6814.75,6822.0,79613,ES.v.0
2025-12-15 17:00:00+00:00,34,1,294973,6822.0,6828.0,6807.5,6818.5,50595,ES.v.0
2025-12-15 18:00:00+00:00,34,1,294973,6818.25,6827.5,6808.5,6823.5,48780,ES.v.0
2025-12-15 19:00:00+00:00,34,1,294973,6823.5,6831.5,6817.5,6830.5,35521,ES.v.0
2025-12-15 20:00:00+00:00,34,1,294973,6830.25,6830.75,6819.0,6820.75,81489,ES.v.0
2025-12-15 21:00:00+00:00,34,1,294973,6820.75,6825.75,6819.25,6824.25,19852,ES.v.0
2025-12-15 23:00:00+00:00,34,1,294973,6825.25,6827.75,6812.5,6817.5,2314,ES.v.0
2025-12-16 00:00:00+00:00,34,1,294973,6817.5,6820.0,6805.5,6808.0,4355,ES.v.0
2025-12-16 01:00:00+00:00,34,1,294973,6808.25,6812.25,6780.5,6789.25,11333,ES.v.0
2025-12-16 02:00:00+00:00,34,1,294973,6789.25,6795.25,6784.75,6789.0,3694,ES.v.0
2025-12-16 03:00:00+00:00,34,1,294973,6789.0,6794.25,6781.5,6792.5,2901,ES.v.0
2025-12-16 04:00:00+00:00,34,1,294973,6792.75,6795.75,6786.0,6793.5,1472,ES.v.0
2025-12-16 05:00:00+00:00,34,1,294973,6793.25,6793.75,6780.25,6781.25,3176,ES.v.0
2025-12-16 06:00:00+00:00,34,1,294973,6781.5,6785.5,6780.0,6785.0,2738,ES.v.0
2025-12-16 07:00:00+00:00,34,1,294973,6785.25,6788.25,6775.25,6784.75,3467,ES.v.0
2025-12-16 08:00:00+00:00,34,1,294973,6784.75,6800.0,6784.0,6799.5,5685,ES.v.0
2025-12-16 09:00:00+00:00,34,1,294973,6799.25,6803.5,6789.0,6793.0,4181,ES.v.0
2025-12-16 10:00:00+00:00,34,1,294973,6792.75,6811.75,6789.75,6806.25,3895,ES.v.0
2025-12-16 11:00:00+00:00,34,1,294973,6806.25,6816.0,6804.5,6816.0,2478,ES.v.0
2025-12-16 12:00:00+00:00,34,1,294973,6816.25,6822.25,6813.5,6817.0,4402,ES.v.0
2025-12-16 13:00:00+00:00,34,1,294973,6816.75,6833.75,6807.25,6810.75,16408,ES.v.0
2025-12-16 14:00:00+00:00,34,1,294973,6810.75,6823.0,6789.75,6820.5,43807,ES.v.0
2025-12-16 15:00:00+00:00,34,1,294973,6821.0,6823.75,6777.0,6803.0,46942,ES.v.0
2025-12-16 16:00:00+00:00,34,1,294973,6802.75,6806.25,6778.75,6795.5,27861,ES.v.0
2025-12-16 17:00:00+00:00,34,1,294973,6795.75,6802.0,6767.0,6768.25,26534,ES.v.0
2025-12-16 18:00:00+00:00,34,1,294973,6768.5,6798.5,6762.0,6791.0,33253,ES.v.0
2025-12-16 19:00:00+00:00,34,1,294973,6791.0,6798.25,6771.0,6791.75,26013,ES.v.0
2025-12-16 20:00:00+00:00,34,1,294973,6791.75,6817.75,6790.25,6800.25,58734,ES.v.0
2025-12-16 21:00:00+00:00,34,1,294973,6800.0,6801.75,6790.0,6793.0,15983,ES.v.0
2025-12-16 23:00:00+00:00,34,1,294973,6796.0,6800.0,6787.5,6790.25,2141,ES.v.0
2025-12-17 00:00:00+00:00,34,1,42140878,6845.25,6848.5,6835.0,6843.5,9597,ES.v.0
2025-12-17 01:00:00+00:00,34,1,42140878,6843.5,6855.75,6843.5,6855.25,9517,ES.v.0
2025-12-17 02:00:00+00:00,34,1,42140878,6855.25,6856.75,6849.0,6854.75,6594,ES.v.0
2025-12-17 03:00:00+00:00,34,1,42140878,6854.75,6857.25,6850.0,6851.75,4903,ES.v.0
2025-12-17 04:00:00+00:00,34,1,42140878,6851.75,6856.0,6845.75,6846.5,4963,ES.v.0
2025-12-17 05:00:00+00:00,34,1,42140878,6846.75,6854.0,6842.75,6853.0,5571,ES.v.0
2025-12-17 06:00:00+00:00,34,1,42140878,6852.75,6864.0,6852.5,6859.75,7482,ES.v.0
2025-12-17 07:00:00+00:00,34,1,42140878,6859.75,6867.5,6858.0,6862.5,9176,ES.v.0
2025-12-17 08:00:00+00:00,34,1,42140878,6862.5,6869.25,6857.75,6864.75,13016,ES.v.0
2025-12-17 09:00:00+00:00,34,1,42140878,6864.5,6877.75,6862.0,6876.0,14344,ES.v.0
2025-12-17 10:00:00+00:00,34,1,42140878,6876.0,6882.25,6875.0,6880.75,12457,ES.v.0
2025-12-17 11:00:00+00:00,34,1,42140878,6880.75,6882.5,6876.5,6881.0,10296,ES.v.0
2025-12-17 12:00:00+00:00,34,1,42140878,6881.25,6882.5,6877.5,6878.75,11626,ES.v.0
2025-12-17 13:00:00+00:00,34,1,42140878,6878.75,6880.5,6863.0,6873.75,46940,ES.v.0
2025-12-17 14:00:00+00:00,34,1,42140878,6873.75,6877.75,6841.5,6857.75,188310,ES.v.0
2025-12-17 15:00:00+00:00,34,1,42140878,6857.75,6862.25,6804.0,6810.0,279404,ES.v.0
2025-12-17 16:00:00+00:00,34,1,42140878,6809.75,6821.0,6794.5,6806.0,230052,ES.v.0
2025-12-17 17:00:00+00:00,34,1,42140878,6806.0,6815.0,6793.5,6801.75,155573,ES.v.0
2025-12-17 18:00:00+00:00,34,1,42140878,6801.75,6812.5,6783.25,6788.5,133349,ES.v.0
2025-12-17 19:00:00+00:00,34,1,42140878,6788.25,6796.25,6783.25,6794.5,112077,ES.v.0
2025-12-17 20:00:00+00:00,34,1,42140878,6794.5,6796.5,6775.5,6777.0,247393,ES.v.0
2025-12-17 21:00:00+00:00,34,1,42140878,6776.75,6795.0,6776.75,6786.5,64692,ES.v.0
2025-12-17 23:00:00+00:00,34,1,42140878,6792.0,6793.0,6780.25,6782.25,9094,ES.v.0
2025-12-18 00:00:00+00:00,34,1,42140878,6782.5,6793.0,6776.0,6792.25,15435,ES.v.0
2025-12-18 01:00:00+00:00,34,1,42140878,6792.0,6793.0,6782.75,6784.5,10531,ES.v.0
2025-12-18 02:00:00+00:00,34,1,42140878,6784.5,6795.0,6783.25,6785.5,10594,ES.v.0
2025-12-18 03:00:00+00:00,34,1,42140878,6785.25,6786.0,6771.5,6780.0,10722,ES.v.0
2025-12-18 04:00:00+00:00,34,1,42140878,6780.0,6789.0,6779.0,6788.5,4881,ES.v.0
2025-12-18 05:00:00+00:00,34,1,42140878,6788.5,6789.25,6782.75,6785.75,6393,ES.v.0
2025-12-18 06:00:00+00:00,34,1,42140878,6785.75,6787.5,6780.5,6786.0,8195,ES.v.0
2025-12-18 07:00:00+00:00,34,1,42140878,6786.0,6795.5,6785.75,6793.5,8452,ES.v.0
2025-12-18 08:00:00+00:00,34,1,42140878,6793.5,6801.0,6789.0,6798.25,16134,ES.v.0
2025-12-18 09:00:00+00:00,34,1,42140878,6798.25,6807.75,6795.0,6807.25,12170,ES.v.0
2025-12-18 10:00:00+00:00,34,1,42140878,6807.25,6808.25,6802.5,6805.25,8562,ES.v.0
2025-12-18 11:00:00+00:00,34,1,42140878,6805.25,6811.75,6804.25,6811.0,9356,ES.v.0
2025-12-18 12:00:00+00:00,34,1,42140878,6811.0,6812.0,6803.5,6805.0,12286,ES.v.0
2025-12-18 13:00:00+00:00,34,1,42140878,6805.0,6837.75,6801.0,6829.25,73457,ES.v.0
2025-12-18 14:00:00+00:00,34,1,42140878,6829.0,6850.25,6820.5,6844.5,241007,ES.v.0
2025-12-18 15:00:00+00:00,34,1,42140878,6844.5,6870.5,6825.0,6864.75,303767,ES.v.0
2025-12-18 16:00:00+00:00,34,1,42140878,6864.5,6872.0,6857.5,6860.0,174055,ES.v.0
2025-12-18 17:00:00+00:00,34,1,42140878,6859.75,6860.0,6811.75,6847.25,354680,ES.v.0
2025-12-18 18:00:00+00:00,34,1,42140878,6847.25,6860.75,6839.25,6845.75,153876,ES.v.0
2025-12-18 19:00:00+00:00,34,1,42140878,6845.75,6846.25,6816.25,6820.5,194818,ES.v.0
2025-12-18 20:00:00+00:00,34,1,42140878,6820.5,6850.0,6817.75,6828.5,273418,ES.v.0
2025-12-18 21:00:00+00:00,34,1,42140878,6828.5,6829.75,6820.0,6822.75,55478,ES.v.0
2025-12-18 23:00:00+00:00,34,1,42140878,6824.75,6829.75,6820.0,6829.75,7511,ES.v.0
2025-12-19 00:00:00+00:00,34,1,42140878,6830.0,6831.25,6822.75,6828.25,6488,ES.v.0
2025-12-19 01:00:00+00:00,34,1,42140878,6828.25,6833.0,6822.25,6830.5,8908,ES.v.0
2025-12-19 02:00:00+00:00,34,1,42140878,6830.25,6833.25,6825.5,6826.0,7408,ES.v.0
2025-12-19 03:00:00+00:00,34,1,42140878,6825.75,6836.75,6822.5,6834.5,9353,ES.v.0
2025-12-19 04:00:00+00:00,34,1,42140878,6834.5,6836.5,6830.75,6834.0,4253,ES.v.0
2025-12-19 05:00:00+00:00,34,1,42140878,6833.75,6834.5,6827.25,6827.75,6470,ES.v.0
2025-12-19 06:00:00+00:00,34,1,42140878,6827.75,6830.75,6820.5,6827.25,8329,ES.v.0
2025-12-19 07:00:00+00:00,34,1,42140878,6827.5,6841.25,6827.25,6840.0,8606,ES.v.0
2025-12-19 08:00:00+00:00,34,1,42140878,6839.5,6851.25,6837.5,6848.25,13736,ES.v.0
2025-12-19 09:00:00+00:00,34,1,42140878,6848.0,6854.25,6844.75,6852.75,9089,ES.v.0
2025-12-19 10:00:00+00:00,34,1,42140878,6852.75,6853.5,6845.75,6847.0,9049,ES.v.0
2025-12-19 11:00:00+00:00,34,1,42140878,6846.75,6847.75,6837.75,6842.25,11478,ES.v.0
2025-12-19 12:00:00+00:00,34,1,42140878,6842.25,6846.0,6829.0,6830.0,15771,ES.v.0
2025-12-19 13:00:00+00:00,34,1,42140878,6830.0,6840.75,6829.0,6836.0,30207,ES.v.0
2025-12-19 14:00:00+00:00,34,1,42140878,6836.0,6881.75,6831.5,6880.5,235101,ES.v.0
2025-12-19 15:00:00+00:00,34,1,42140878,6880.25,6887.5,6866.75,6872.25,204532,ES.v.0
2025-12-19 16:00:00+00:00,34,1,42140878,6872.25,6888.25,6868.0,6879.75,140050,ES.v.0
2025-12-19 17:00:00+00:00,34,1,42140878,6879.5,6893.25,6879.0,6889.0,89200,ES.v.0
2025-12-19 18:00:00+00:00,34,1,42140878,6889.25,6893.75,6884.0,6884.75,66100,ES.v.0
2025-12-19 19:00:00+00:00,34,1,42140878,6884.75,6892.75,6884.5,6888.5,57123,ES.v.0
2025-12-19 20:00:00+00:00,34,1,42140878,6888.75,6891.0,6879.25,6888.5,242523,ES.v.0
2025-12-19 21:00:00+00:00,34,1,42140878,6888.5,6895.25,6886.25,6893.5,65921,ES.v.0
2025-12-21 23:00:00+00:00,34,1,42140878,6906.25,6910.0,6900.75,6906.0,9602,ES.v.0
2025-12-22 00:00:00+00:00,34,1,42140878,6906.25,6908.0,6900.5,6900.75,7339,ES.v.0
2025-12-22 01:00:00+00:00,34,1,42140878,6901.0,6909.25,6900.75,6907.0,6598,ES.v.0
2025-12-22 02:00:00+00:00,34,1,42140878,6907.0,6908.25,6905.25,6908.25,3630,ES.v.0
2025-12-22 03:00:00+00:00,34,1,42140878,6908.0,6909.0,6903.75,6904.5,4280,ES.v.0
2025-12-22 04:00:00+00:00,34,1,42140878,6904.5,6906.5,6903.75,6904.5,3011,ES.v.0
2025-12-22 05:00:00+00:00,34,1,42140878,6904.25,6905.25,6901.25,6903.25,3276,ES.v.0
2025-12-22 06:00:00+00:00,34,1,42140878,6903.25,6907.75,6903.25,6906.5,3188,ES.v.0
2025-12-22 07:00:00+00:00,34,1,42140878,6906.75,6911.75,6906.5,6910.25,5083,ES.v.0
2025-12-22 08:00:00+00:00,34,1,42140878,6910.5,6913.0,6904.75,6905.75,9107,ES.v.0
2025-12-22 09:00:00+00:00,34,1,42140878,6905.75,6912.25,6905.25,6910.5,7217,ES.v.0
2025-12-22 10:00:00+00:00,34,1,42140878,6910.75,6912.5,6909.5,6911.0,5089,ES.v.0
2025-12-22 11:00:00+00:00,34,1,42140878,6911.0,6913.75,6909.75,6910.75,6986,ES.v.0
2025-12-22 12:00:00+00:00,34,1,42140878,6911.0,6915.5,6909.25,6914.75,11779,ES.v.0
2025-12-22 13:00:00+00:00,34,1,42140878,6914.75,6919.5,6913.75,6919.25,15536,ES.v.0
2025-12-22 14:00:00+00:00,34,1,42140878,6919.25,6927.75,6911.75,6922.25,146429,ES.v.0
2025-12-22 15:00:00+00:00,34,1,42140878,6922.25,6923.75,6908.5,6918.5,154065,ES.v.0
2025-12-22 16:00:00+00:00,34,1,42140878,6918.75,6932.25,6918.5,6932.25,110997,ES.v.0
2025-12-22 17:00:00+00:00,34,1,42140878,6932.25,6936.25,6927.75,6934.75,75915,ES.v.0
2025-12-22 18:00:00+00:00,34,1,42140878,6934.75,6935.0,6925.75,6927.25,74670,ES.v.0
2025-12-22 19:00:00+00:00,34,1,42140878,6927.25,6932.5,6924.5,6930.25,67201,ES.v.0
2025-12-22 20:00:00+00:00,34,1,42140878,6930.0,6933.75,6928.25,6929.5,166668,ES.v.0
2025-12-22 21:00:00+00:00,34,1,42140878,6929.5,6932.5,6928.75,6930.75,34522,ES.v.0
2025-12-22 23:00:00+00:00,34,1,42140878,6930.75,6933.5,6929.5,6930.75,5246,ES.v.0
2025-12-23 00:00:00+00:00,34,1,42140878,6931.0,6932.5,6929.5,6932.5,3931,ES.v.0
2025-12-23 01:00:00+00:00,34,1,42140878,6932.5,6933.75,6928.5,6931.25,4993,ES.v.0
2025-12-23 02:00:00+00:00,34,1,42140878,6931.25,6935.75,6931.0,6933.0,4783,ES.v.0
2025-12-23 03:00:00+00:00,34,1,42140878,6933.0,6934.25,6929.75,6930.25,2774,ES.v.0
2025-12-23 04:00:00+00:00,34,1,42140878,6930.5,6931.0,6925.25,6926.0,3361,ES.v.0
2025-12-23 05:00:00+00:00,34,1,42140878,6926.0,6927.25,6924.5,6925.0,3674,ES.v.0
2025-12-23 06:00:00+00:00,34,1,42140878,6925.0,6926.0,6922.25,6924.5,3772,ES.v.0
2025-12-23 07:00:00+00:00,34,1,42140878,6924.5,6927.0,6923.0,6925.5,3312,ES.v.0
2025-12-23 08:00:00+00:00,34,1,42140878,6925.5,6932.25,6924.75,6929.5,7392,ES.v.0
2025-12-23 09:00:00+00:00,34,1,42140878,6929.25,6936.75,6929.0,6935.75,6310,ES.v.0
2025-12-23 10:00:00+00:00,34,1,42140878,6935.75,6936.5,6931.0,6932.75,5666,ES.v.0
2025-12-23 11:00:00+00:00,34,1,42140878,6932.75,6933.5,6929.5,6930.5,4278,ES.v.0
2025-12-23 12:00:00+00:00,34,1,42140878,6930.25,6932.0,6924.0,6928.0,8442,ES.v.0
2025-12-23 13:00:00+00:00,34,1,42140878,6928.0,6928.75,6913.25,6915.75,27642,ES.v.0
2025-12-23 14:00:00+00:00,34,1,42140878,6915.75,6943.5,6913.75,6935.0,132353,ES.v.0
2025-12-23 15:00:00+00:00,34,1,42140878,6934.75,6946.5,6924.0,6944.75,146484,ES.v.0
2025-12-23 16:00:00+00:00,34,1,42140878,6945.0,6951.75,6944.0,6950.75,85365,ES.v.0
2025-12-23 17:00:00+00:00,34,1,42140878,6950.75,6953.75,6948.25,6951.5,60713,ES.v.0
2025-12-23 18:00:00+00:00,34,1,42140878,6951.5,6959.0,6951.0,6956.75,56458,ES.v.0
2025-12-23 19:00:00+00:00,34,1,42140878,6956.75,6961.25,6956.5,6960.0,53398,ES.v.0
2025-12-23 20:00:00+00:00,34,1,42140878,6960.25,6963.75,6957.75,6960.25,149346,ES.v.0
2025-12-23 21:00:00+00:00,34,1,42140878,6960.5,6962.0,6957.0,6958.0,42569,ES.v.0
2025-12-23 23:00:00+00:00,34,1,42140878,6959.5,6959.5,6955.5,6957.0,4051,ES.v.0
2025-12-24 00:00:00+00:00,34,1,42140878,6957.25,6959.5,6956.75,6957.75,3837,ES.v.0
2025-12-24 01:00:00+00:00,34,1,42140878,6958.0,6959.5,6955.25,6956.25,3661,ES.v.0
2025-12-24 02:00:00+00:00,34,1,42140878,6956.0,6956.75,6953.75,6954.75,4105,ES.v.0
2025-12-24 03:00:00+00:00,34,1,42140878,6954.75,6956.25,6953.5,6955.25,2761,ES.v.0
2025-12-24 04:00:00+00:00,34,1,42140878,6955.0,6956.25,6953.25,6953.5,1983,ES.v.0
2025-12-24 05:00:00+00:00,34,1,42140878,6953.75,6955.75,6952.5,6954.25,3093,ES.v.0
2025-12-24 06:00:00+00:00,34,1,42140878,6954.25,6955.0,6953.5,6954.5,2071,ES.v.0
2025-12-24 07:00:00+00:00,34,1,42140878,6954.75,6955.25,6952.5,6953.5,2095,ES.v.0
2025-12-24 08:00:00+00:00,34,1,42140878,6953.5,6956.0,6953.5,6954.75,3457,ES.v.0
2025-12-24 09:00:00+00:00,34,1,42140878,6954.75,6959.0,6954.0,6956.25,3265,ES.v.0
2025-12-24 10:00:00+00:00,34,1,42140878,6956.5,6957.75,6954.5,6956.75,3071,ES.v.0
2025-12-24 11:00:00+00:00,34,1,42140878,6956.75,6957.75,6955.75,6956.5,2538,ES.v.0
2025-12-24 12:00:00+00:00,34,1,42140878,6956.75,6960.5,6956.0,6960.25,4286,ES.v.0
2025-12-24 13:00:00+00:00,34,1,42140878,6960.0,6962.75,6956.75,6961.75,8115,ES.v.0
2025-12-24 14:00:00+00:00,34,1,42140878,6961.75,6967.0,6957.25,6965.75,68503,ES.v.0
2025-12-24 15:00:00+00:00,34,1,42140878,6965.75,6975.25,6965.0,6975.0,75146,ES.v.0
2025-12-24 16:00:00+00:00,34,1,42140878,6975.0,6985.5,6973.75,6984.0,80389,ES.v.0
2025-12-24 17:00:00+00:00,34,1,42140878,6984.0,6988.0,6981.0,6982.5,115482,ES.v.0
2025-12-24 18:00:00+00:00,34,1,42140878,6982.25,6983.0,6976.75,6980.0,29775,ES.v.0
2025-12-25 23:00:00+00:00,34,1,42140878,6979.5,6990.0,6979.5,6984.75,5496,ES.v.0
2025-12-26 00:00:00+00:00,34,1,42140878,6984.5,6989.0,6984.25,6987.75,2712,ES.v.0
2025-12-26 01:00:00+00:00,34,1,42140878,6987.75,6988.75,6981.5,6982.25,3977,ES.v.0
2025-12-26 02:00:00+00:00,34,1,42140878,6982.25,6984.0,6980.75,6983.25,2578,ES.v.0
2025-12-26 03:00:00+00:00,34,1,42140878,6983.25,6984.25,6981.0,6981.25,2025,ES.v.0
2025-12-26 04:00:00+00:00,34,1,42140878,6981.0,6981.75,6979.5,6981.0,2203,ES.v.0
2025-12-26 05:00:00+00:00,34,1,42140878,6981.0,6982.25,6979.0,6980.0,2087,ES.v.0
2025-12-26 06:00:00+00:00,34,1,42140878,6980.0,6980.75,6978.5,6979.25,2188,ES.v.0
2025-12-26 07:00:00+00:00,34,1,42140878,6979.25,6979.5,6974.75,6976.75,3259,ES.v.0
2025-12-26 08:00:00+00:00,34,1,42140878,6976.75,6978.25,6974.0,6977.25,3923,ES.v.0
2025-12-26 09:00:00+00:00,34,1,42140878,6977.25,6980.5,6976.75,6979.25,2898,ES.v.0
2025-12-26 10:00:00+00:00,34,1,42140878,6979.5,6982.0,6979.0,6980.0,2728,ES.v.0
2025-12-26 11:00:00+00:00,34,1,42140878,6980.0,6981.0,6975.5,6977.75,2777,ES.v.0
2025-12-26 12:00:00+00:00,34,1,42140878,6977.75,6981.75,6976.75,6980.25,3100,ES.v.0
2025-12-26 13:00:00+00:00,34,1,42140878,6980.25,6985.5,6979.0,6982.25,11423,ES.v.0
2025-12-26 14:00:00+00:00,34,1,42140878,6982.5,6994.0,6979.25,6984.75,91256,ES.v.0
2025-12-26 15:00:00+00:00,34,1,42140878,6984.75,6986.75,6973.0,6984.75,100803,ES.v.0
2025-12-26 16:00:00+00:00,34,1,42140878,6984.75,6986.25,6974.0,6976.75,59705,ES.v.0
2025-12-26 17:00:00+00:00,34,1,42140878,6976.5,6978.75,6970.75,6974.75,56546,ES.v.0
2025-12-26 18:00:00+00:00,34,1,42140878,6974.75,6979.75,6969.0,6978.75,53433,ES.v.0
2025-12-26 19:00:00+00:00,34,1,42140878,6979.0,6981.25,6976.25,6978.0,45337,ES.v.0
2025-12-26 20:00:00+00:00,34,1,42140878,6978.0,6981.5,6977.0,6980.0,104326,ES.v.0
2025-12-26 21:00:00+00:00,34,1,42140878,6980.0,6981.0,6976.5,6977.0,26052,ES.v.0
2025-12-28 23:00:00+00:00,34,1,42140878,6980.5,6983.5,6976.75,6979.5,5369,ES.v.0
2025-12-29 00:00:00+00:00,34,1,42140878,6979.5,6984.75,6977.25,6984.5,5804,ES.v.0
2025-12-29 01:00:00+00:00,34,1,42140878,6984.25,6984.75,6973.5,6974.75,6129,ES.v.0
2025-12-29 02:00:00+00:00,34,1,42140878,6974.75,6976.25,6972.75,6974.5,3796,ES.v.0
2025-12-29 03:00:00+00:00,34,1,42140878,6974.5,6977.75,6973.0,6977.25,3049,ES.v.0
2025-12-29 04:00:00+00:00,34,1,42140878,6977.25,6979.25,6976.25,6976.5,2586,ES.v.0
2025-12-29 05:00:00+00:00,34,1,42140878,6976.5,6976.5,6971.0,6971.75,4400,ES.v.0
2025-12-29 06:00:00+00:00,34,1,42140878,6971.75,6976.75,6970.5,6971.75,4517,ES.v.0
2025-12-29 07:00:00+00:00,34,1,42140878,6971.75,6973.25,6967.25,6969.0,5297,ES.v.0
2025-12-29 08:00:00+00:00,34,1,42140878,6969.25,6969.75,6957.5,6959.0,12820,ES.v.0
2025-12-29 09:00:00+00:00,34,1,42140878,6959.25,6965.75,6959.25,6964.25,9399,ES.v.0
2025-12-29 10:00:00+00:00,34,1,42140878,6964.5,6966.75,6961.75,6962.5,5255,ES.v.0
2025-12-29 11:00:00+00:00,34,1,42140878,6962.75,6966.75,6960.0,6966.25,6150,ES.v.0
2025-12-29 12:00:00+00:00,34,1,42140878,6966.0,6966.25,6956.5,6960.0,9111,ES.v.0
2025-12-29 13:00:00+00:00,34,1,42140878,6959.75,6963.0,6945.75,6952.0,23588,ES.v.0
2025-12-29 14:00:00+00:00,34,1,42140878,6952.25,6967.75,6942.25,6951.25,150103,ES.v.0
2025-12-29 15:00:00+00:00,34,1,42140878,6951.25,6959.75,6943.5,6949.25,145443,ES.v.0
2025-12-29 16:00:00+00:00,34,1,42140878,6949.0,6952.0,6942.25,6946.5,81502,ES.v.0
2025-12-29 17:00:00+00:00,34,1,42140878,6946.5,6948.0,6936.0,6945.5,66939,ES.v.0
2025-12-29 18:00:00+00:00,34,1,42140878,6945.75,6954.75,6943.5,6948.0,60911,ES.v.0
2025-12-29 19:00:00+00:00,34,1,42140878,6947.75,6960.75,6944.25,6959.0,74223,ES.v.0
2025-12-29 20:00:00+00:00,34,1,42140878,6959.25,6962.5,6950.75,6955.0,120245,ES.v.0
2025-12-29 21:00:00+00:00,34,1,42140878,6955.25,6957.0,6952.0,6956.5,29318,ES.v.0
2025-12-29 23:00:00+00:00,34,1,42140878,6956.5,6957.25,6950.25,6951.0,4972,ES.v.0
2025-12-30 00:00:00+00:00,34,1,42140878,6951.0,6954.25,6949.5,6949.5,3146,ES.v.0
2025-12-30 01:00:00+00:00,34,1,42140878,6949.75,6953.5,6948.25,6953.5,3412,ES.v.0
2025-12-30 02:00:00+00:00,34,1,42140878,6953.5,6953.75,6948.25,6950.25,3060,ES.v.0
2025-12-30 03:00:00+00:00,34,1,42140878,6950.25,6956.75,6950.0,6954.25,3210,ES.v.0
2025-12-30 04:00:00+00:00,34,1,42140878,6954.25,6957.75,6953.25,6956.75,2258,ES.v.0
2025-12-30 05:00:00+00:00,34,1,42140878,6956.75,6957.5,6952.25,6955.5,2707,ES.v.0
2025-12-30 06:00:00+00:00,34,1,42140878,6955.5,6955.5,6950.25,6952.0,3210,ES.v.0
2025-12-30 07:00:00+00:00,34,1,42140878,6952.0,6952.0,6943.75,6946.5,4731,ES.v.0
2025-12-30 08:00:00+00:00,34,1,42140878,6946.75,6955.75,6946.75,6955.0,8856,ES.v.0
2025-12-30 09:00:00+00:00,34,1,42140878,6954.75,6957.25,6953.25,6954.5,6603,ES.v.0
2025-12-30 10:00:00+00:00,34,1,42140878,6954.75,6956.0,6951.0,6951.75,5994,ES.v.0
2025-12-30 11:00:00+00:00,34,1,42140878,6951.75,6954.25,6947.0,6953.0,7525,ES.v.0
2025-12-30 12:00:00+00:00,34,1,42140878,6953.0,6956.0,6949.5,6952.0,7761,ES.v.0
2025-12-30 13:00:00+00:00,34,1,42140878,6951.75,6955.75,6948.25,6952.5,12839,ES.v.0
2025-12-30 14:00:00+00:00,34,1,42140878,6952.5,6960.75,6944.0,6956.0,108320,ES.v.0
2025-12-30 15:00:00+00:00,34,1,42140878,6956.25,6957.0,6940.75,6951.5,126659,ES.v.0
2025-12-30 16:00:00+00:00,34,1,42140878,6951.5,6961.5,6947.25,6947.5,93248,ES.v.0
2025-12-30 17:00:00+00:00,34,1,42140878,6947.5,6952.0,6943.5,6951.25,61777,ES.v.0
2025-12-30 18:00:00+00:00,34,1,42140878,6951.25,6954.25,6947.0,6952.75,47658,ES.v.0
2025-12-30 19:00:00+00:00,34,1,42140878,6953.0,6954.5,6948.25,6950.0,48272,ES.v.0
2025-12-30 20:00:00+00:00,34,1,42140878,6950.0,6953.25,6942.25,6945.25,127261,ES.v.0
2025-12-30 21:00:00+00:00,34,1,42140878,6945.25,6947.0,6942.75,6945.5,35095,ES.v.0
2025-12-30 23:00:00+00:00,34,1,42140878,6945.5,6948.25,6939.0,6942.5,4233,ES.v.0
2025-12-31 00:00:00+00:00,34,1,42140878,6942.25,6942.25,6932.25,6933.75,4647,ES.v.0
2025-12-31 01:00:00+00:00,34,1,42140878,6933.5,6935.5,6928.25,6933.25,5942,ES.v.0
2025-12-31 02:00:00+00:00,34,1,42140878,6933.25,6938.0,6932.5,6937.25,4158,ES.v.0
2025-12-31 03:00:00+00:00,34,1,42140878,6937.0,6938.75,6934.0,6935.0,2612,ES.v.0
2025-12-31 04:00:00+00:00,34,1,42140878,6935.25,6938.25,6934.25,6935.0,1836,ES.v.0
2025-12-31 05:00:00+00:00,34,1,42140878,6935.0,6936.0,6929.5,6930.5,2289,ES.v.0
2025-12-31 06:00:00+00:00,34,1,42140878,6930.5,6931.25,6926.5,6929.5,3480,ES.v.0
2025-12-31 07:00:00+00:00,34,1,42140878,6929.25,6932.75,6926.25,6930.0,3978,ES.v.0
2025-12-31 08:00:00+00:00,34,1,42140878,6930.25,6931.75,6922.25,6923.5,6146,ES.v.0
2025-12-31 09:00:00+00:00,34,1,42140878,6923.5,6928.5,6923.0,6924.75,4829,ES.v.0
2025-12-31 10:00:00+00:00,34,1,42140878,6925.0,6928.5,6923.0,6926.75,3739,ES.v.0
2025-12-31 11:00:00+00:00,34,1,42140878,6927.0,6931.5,6926.75,6931.25,3912,ES.v.0
2025-12-31 12:00:00+00:00,34,1,42140878,6931.0,6937.5,6929.25,6936.25,7508,ES.v.0
2025-12-31 13:00:00+00:00,34,1,42140878,6936.25,6951.5,6935.0,6949.25,17677,ES.v.0
2025-12-31 14:00:00+00:00,34,1,42140878,6949.0,6951.0,6925.25,6932.0,110594,ES.v.0
2025-12-31 15:00:00+00:00,34,1,42140878,6932.25,6933.25,6913.75,6915.25,108986,ES.v.0
2025-12-31 16:00:00+00:00,34,1,42140878,6915.25,6926.75,6915.0,6926.0,72609,ES.v.0
2025-12-31 17:00:00+00:00,34,1,42140878,6926.0,6926.75,6918.5,6920.5,58003,ES.v.0
2025-12-31 18:00:00+00:00,34,1,42140878,6920.5,6933.5,6919.5,6931.25,54921,ES.v.0
2025-12-31 19:00:00+00:00,34,1,42140878,6931.0,6935.25,6912.25,6913.25,94022,ES.v.0
2025-12-31 20:00:00+00:00,34,1,42140878,6913.5,6914.25,6890.25,6891.75,271860,ES.v.0
2025-12-31 21:00:00+00:00,34,1,42140878,6891.75,6897.75,6891.5,6893.75,62308,ES.v.0
2026-01-01 23:00:00+00:00,34,1,42140878,6902.0,6905.0,6897.0,6902.75,9964,ES.v.0
2026-01-02 00:00:00+00:00,34,1,42140878,6902.75,6905.0,6898.25,6904.75,5250,ES.v.0
2026-01-02 01:00:00+00:00,34,1,42140878,6904.75,6913.5,6904.75,6913.0,8158,ES.v.0
2026-01-02 02:00:00+00:00,34,1,42140878,6913.0,6920.0,6912.75,6919.25,7265,ES.v.0
2026-01-02 03:00:00+00:00,34,1,42140878,6919.0,6923.5,6918.25,6923.5,4464,ES.v.0
2026-01-02 04:00:00+00:00,34,1,42140878,6923.5,6924.75,6921.5,6922.25,5124,ES.v.0
2026-01-02 05:00:00+00:00,34,1,42140878,6922.25,6924.75,6920.25,6924.5,4343,ES.v.0
2026-01-02 06:00:00+00:00,34,1,42140878,6924.25,6925.75,6923.5,6923.5,4715,ES.v.0
2026-01-02 07:00:00+00:00,34,1,42140878,6923.5,6924.75,6920.5,6921.75,5108,ES.v.0
2026-01-02 08:00:00+00:00,34,1,42140878,6921.75,6932.5,6921.5,6931.25,20892,ES.v.0
2026-01-02 09:00:00+00:00,34,1,42140878,6931.0,6937.75,6930.5,6937.0,13462,ES.v.0
2026-01-02 10:00:00+00:00,34,1,42140878,6937.25,6938.5,6930.75,6935.75,9502,ES.v.0
2026-01-02 11:00:00+00:00,34,1,42140878,6935.75,6938.0,6932.0,6933.25,6977,ES.v.0
2026-01-02 12:00:00+00:00,34,1,42140878,6933.0,6933.75,6928.0,6931.25,11285,ES.v.0
2026-01-02 13:00:00+00:00,34,1,42140878,6931.25,6931.75,6925.75,6928.5,15654,ES.v.0
2026-01-02 14:00:00+00:00,34,1,42140878,6928.25,6939.25,6911.75,6932.75,180048,ES.v.0
2026-01-02 15:00:00+00:00,34,1,42140878,6932.75,6939.75,6880.25,6884.0,337761,ES.v.0
2026-01-02 16:00:00+00:00,34,1,42140878,6884.0,6895.75,6871.5,6880.25,224479,ES.v.0
2026-01-02 17:00:00+00:00,34,1,42140878,6880.0,6897.25,6875.0,6880.75,136813,ES.v.0
2026-01-02 18:00:00+00:00,34,1,42140878,6880.5,6886.75,6866.75,6873.75,112701,ES.v.0
2026-01-02 19:00:00+00:00,34,1,42140878,6873.75,6908.75,6872.0,6900.25,137717,ES.v.0
2026-01-02 20:00:00+00:00,34,1,42140878,6900.5,6906.0,6889.5,6900.25,202439,ES.v.0
2026-01-02 21:00:00+00:00,34,1,42140878,6900.5,6905.25,6897.75,6900.5,43591,ES.v.0
2026-01-04 23:00:00+00:00,34,1,42140878,6911.5,6911.5,6899.5,6907.0,15544,ES.v.0
2026-01-05 00:00:00+00:00,34,1,42140878,6907.25,6910.5,6902.5,6908.0,10713,ES.v.0
2026-01-05 01:00:00+00:00,34,1,42140878,6908.0,6912.25,6906.0,6908.75,11670,ES.v.0
2026-01-05 02:00:00+00:00,34,1,42140878,6908.75,6912.75,6908.5,6911.25,5923,ES.v.0
2026-01-05 03:00:00+00:00,34,1,42140878,6911.0,6912.25,6906.75,6907.5,4559,ES.v.0
2026-01-05 04:00:00+00:00,34,1,42140878,6907.25,6912.75,6906.5,6911.75,4528,ES.v.0
2026-01-05 05:00:00+00:00,34,1,42140878,6911.75,6912.5,6907.5,6912.25,5089,ES.v.0
2026-01-05 06:00:00+00:00,34,1,42140878,6912.25,6915.5,6906.75,6915.0,6843,ES.v.0
2026-01-05 07:00:00+00:00,34,1,42140878,6915.25,6915.75,6906.0,6909.75,6804,ES.v.0
2026-01-05 08:00:00+00:00,34,1,42140878,6909.75,6920.75,6908.25,6916.25,15692,ES.v.0
2026-01-05 09:00:00+00:00,34,1,42140878,6916.0,6920.0,6911.5,6914.0,9014,ES.v.0
2026-01-05 10:00:00+00:00,34,1,42140878,6914.0,6921.75,6913.75,6920.25,8522,ES.v.0
2026-01-05 11:00:00+00:00,34,1,42140878,6920.25,6924.5,6918.5,6922.25,9330,ES.v.0
2026-01-05 12:00:00+00:00,34,1,42140878,6922.0,6925.75,6917.75,6921.0,10757,ES.v.0
2026-01-05 13:00:00+00:00,34,1,42140878,6921.0,6925.75,6912.25,6923.0,19397,ES.v.0
2026-01-05 14:00:00+00:00,34,1,42140878,6923.0,6947.75,6922.5,6939.0,221890,ES.v.0
2026-01-05 15:00:00+00:00,34,1,42140878,6939.75,6957.5,6935.0,6952.25,195190,ES.v.0
2026-01-05 16:00:00+00:00,34,1,42140878,6952.0,6963.5,6949.0,6957.75,123775,ES.v.0
2026-01-05 17:00:00+00:00,34,1,42140878,6958.0,6960.25,6950.75,6954.5,99642,ES.v.0
2026-01-05 18:00:00+00:00,34,1,42140878,6954.75,6956.75,6945.0,6954.5,87188,ES.v.0
2026-01-05 19:00:00+00:00,34,1,42140878,6954.5,6956.25,6941.25,6944.75,87910,ES.v.0
2026-01-05 20:00:00+00:00,34,1,42140878,6944.5,6951.0,6940.0,6946.0,201044,ES.v.0
2026-01-05 21:00:00+00:00,34,1,42140878,6946.25,6946.75,6942.5,6943.5,34945,ES.v.0
2026-01-05 23:00:00+00:00,34,1,42140878,6945.5,6947.75,6941.25,6941.75,7062,ES.v.0
2026-01-06 00:00:00+00:00,34,1,42140878,6941.75,6944.75,6939.5,6941.25,6159,ES.v.0
2026-01-06 01:00:00+00:00,34,1,42140878,6941.5,6948.75,6940.25,6947.5,8793,ES.v.0
2026-01-06 02:00:00+00:00,34,1,42140878,6947.75,6951.5,6946.25,6951.25,5921,ES.v.0
2026-01-06 03:00:00+00:00,34,1,42140878,6951.25,6952.0,6950.0,6951.0,3732,ES.v.0
2026-01-06 04:00:00+00:00,34,1,42140878,6950.75,6954.75,6950.75,6954.0,6692,ES.v.0
2026-01-06 05:00:00+00:00,34,1,42140878,6954.25,6955.0,6952.5,6953.0,3170,ES.v.0
2026-01-06 06:00:00+00:00,34,1,42140878,6952.75,6958.75,6952.75,6957.0,6249,ES.v.0
2026-01-06 07:00:00+00:00,34,1,42140878,6957.0,6957.0,6951.75,6953.25,3712,ES.v.0
2026-01-06 08:00:00+00:00,34,1,42140878,6953.25,6953.5,6931.0,6936.75,20595,ES.v.0
2026-01-06 09:00:00+00:00,34,1,42140878,6937.0,6944.5,6935.75,6939.25,16181,ES.v.0
2026-01-06 10:00:00+00:00,34,1,42140878,6939.25,6942.0,6938.25,6940.5,6891,ES.v.0
2026-01-06 11:00:00+00:00,34,1,42140878,6940.5,6942.75,6939.0,6940.0,6048,ES.v.0
2026-01-06 12:00:00+00:00,34,1,42140878,6939.75,6949.25,6939.25,6948.0,11106,ES.v.0
2026-01-06 13:00:00+00:00,34,1,42140878,6947.75,6949.25,6939.0,6943.75,18721,ES.v.0
2026-01-06 14:00:00+00:00,34,1,42140878,6943.75,6970.0,6939.75,6969.0,162434,ES.v.0
2026-01-06 15:00:00+00:00,34,1,42140878,6969.25,6977.25,6954.75,6959.0,211577,ES.v.0
2026-01-06 16:00:00+00:00,34,1,42140878,6958.75,6962.75,6950.5,6962.0,149033,ES.v.0
2026-01-06 17:00:00+00:00,34,1,42140878,6961.75,6979.0,6959.0,6977.75,103705,ES.v.0
2026-01-06 18:00:00+00:00,34,1,42140878,6977.75,6985.5,6973.5,6985.5,87883,ES.v.0
2026-01-06 19:00:00+00:00,34,1,42140878,6985.5,6990.0,6984.75,6986.75,74208,ES.v.0
2026-01-06 20:00:00+00:00,34,1,42140878,6986.75,6991.5,6986.25,6986.25,167496,ES.v.0
2026-01-06 21:00:00+00:00,34,1,42140878,6986.25,6989.0,6986.0,6988.5,46246,ES.v.0
2026-01-06 23:00:00+00:00,34,1,42140878,6988.5,6991.5,6986.25,6987.0,5857,ES.v.0
2026-01-07 00:00:00+00:00,34,1,42140878,6987.0,6990.25,6986.5,6988.75,5954,ES.v.0
2026-01-07 01:00:00+00:00,34,1,42140878,6988.75,6989.5,6986.25,6988.25,6492,ES.v.0
2026-01-07 02:00:00+00:00,34,1,42140878,6988.0,6991.0,6986.25,6987.0,4646,ES.v.0
2026-01-07 03:00:00+00:00,34,1,42140878,6987.25,6989.25,6986.0,6986.25,3375,ES.v.0
2026-01-07 04:00:00+00:00,34,1,42140878,6986.5,6986.75,6984.0,6985.0,4495,ES.v.0
2026-01-07 05:00:00+00:00,34,1,42140878,6984.75,6986.75,6983.5,6984.25,3925,ES.v.0
2026-01-07 06:00:00+00:00,34,1,42140878,6984.25,6987.25,6981.0,6981.5,4494,ES.v.0
2026-01-07 07:00:00+00:00,34,1,42140878,6981.25,6983.5,6980.5,6980.75,3810,ES.v.0
2026-01-07 08:00:00+00:00,34,1,42140878,6980.75,6984.75,6978.75,6979.25,8608,ES.v.0
2026-01-07 09:00:00+00:00,34,1,42140878,6979.0,6979.75,6975.75,6978.75,8685,ES.v.0
2026-01-07 10:00:00+00:00,34,1,42140878,6978.75,6981.25,6975.25,6978.5,7181,ES.v.0
2026-01-07 11:00:00+00:00,34,1,42140878,6978.5,6982.5,6977.25,6982.25,7105,ES.v.0
2026-01-07 12:00:00+00:00,34,1,42140878,6982.25,6985.0,6980.0,6983.75,10353,ES.v.0
2026-01-07 13:00:00+00:00,34,1,42140878,6983.5,6990.0,6980.5,6989.5,20321,ES.v.0
2026-01-07 14:00:00+00:00,34,1,42140878,6989.25,6998.25,6984.25,6992.5,131197,ES.v.0
2026-01-07 15:00:00+00:00,34,1,42140878,6993.0,6994.5,6976.25,6991.75,220756,ES.v.0
2026-01-07 16:00:00+00:00,34,1,42140878,6992.0,7002.5,6986.0,7002.25,124456,ES.v.0
2026-01-07 17:00:00+00:00,34,1,42140878,7002.25,7006.75,6994.75,6997.0,103183,ES.v.0
2026-01-07 18:00:00+00:00,34,1,42140878,6996.75,6998.5,6987.25,6995.0,103945,ES.v.0
2026-01-07 19:00:00+00:00,34,1,42140878,6995.25,6995.75,6981.25,6984.25,107432,ES.v.0
2026-01-07 20:00:00+00:00,34,1,42140878,6984.25,6985.0,6959.25,6963.0,241581,ES.v.0
2026-01-07 21:00:00+00:00,34,1,42140878,6962.75,6967.25,6958.0,6967.0,48659,ES.v.0
2026-01-07 23:00:00+00:00,34,1,42140878,6967.5,6969.5,6963.75,6964.5,6903,ES.v.0
2026-01-08 00:00:00+00:00,34,1,42140878,6964.5,6968.75,6962.25,6968.5,5067,ES.v.0
2026-01-08 01:00:00+00:00,34,1,42140878,6968.5,6968.75,6963.75,6967.75,6675,ES.v.0
2026-01-08 02:00:00+00:00,34,1,42140878,6968.0,6968.75,6955.0,6957.75,8647,ES.v.0
2026-01-08 03:00:00+00:00,34,1,42140878,6957.5,6958.25,6953.75,6954.75,6981,ES.v.0
2026-01-08 04:00:00+00:00,34,1,42140878,6954.75,6957.0,6953.25,6954.5,3251,ES.v.0
2026-01-08 05:00:00+00:00,34,1,42140878,6954.5,6955.5,6946.0,6946.0,6139,ES.v.0
2026-01-08 06:00:00+00:00,34,1,42140878,6946.25,6946.75,6935.25,6941.5,13180,ES.v.0
2026-01-08 07:00:00+00:00,34,1,42140878,6941.75,6957.75,6936.5,6948.0,16158,ES.v.0
2026-01-08 08:00:00+00:00,34,1,42140878,6948.0,6957.0,6947.75,6951.75,11865,ES.v.0
2026-01-08 09:00:00+00:00,34,1,42140878,6952.0,6955.5,6945.75,6949.5,8895,ES.v.0
2026-01-08 10:00:00+00:00,34,1,42140878,6949.5,6950.5,6944.5,6950.25,8525,ES.v.0
2026-01-08 11:00:00+00:00,34,1,42140878,6950.25,6953.25,6943.75,6949.0,13640,ES.v.0
2026-01-08 12:00:00+00:00,34,1,42140878,6948.75,6951.75,6944.75,6949.25,11998,ES.v.0
2026-01-08 13:00:00+00:00,34,1,42140878,6949.0,6959.75,6947.5,6956.5,20152,ES.v.0
2026-01-08 14:00:00+00:00,34,1,42140878,6956.25,6958.75,6940.0,6948.25,195530,ES.v.0
2026-01-08 15:00:00+00:00,34,1,42140878,6948.25,6966.0,6944.0,6964.5,232502,ES.v.0
2026-01-08 16:00:00+00:00,34,1,42140878,6964.5,6967.25,6950.5,6965.5,168219,ES.v.0
2026-01-08 17:00:00+00:00,34,1,42140878,6965.25,6972.5,6957.5,6967.25,101288,ES.v.0
2026-01-08 18:00:00+00:00,34,1,42140878,6967.25,6968.25,6953.75,6955.0,104346,ES.v.0
2026-01-08 19:00:00+00:00,34,1,42140878,6955.0,6960.0,6949.25,6955.25,92092,ES.v.0
2026-01-08 20:00:00+00:00,34,1,42140878,6955.0,6967.0,6953.75,6960.75,166693,ES.v.0
2026-01-08 21:00:00+00:00,34,1,42140878,6961.0,6977.75,6960.5,6971.25,47119,ES.v.0
2026-01-08 23:00:00+00:00,34,1,42140878,6973.25,6974.0,6963.0,6964.0,6392,ES.v.0
2026-01-09 00:00:00+00:00,34,1,42140878,6964.0,6967.5,6961.0,6961.5,5796,ES.v.0
2026-01-09 01:00:00+00:00,34,1,42140878,6961.5,6963.25,6954.25,6957.75,7581,ES.v.0
2026-01-09 02:00:00+00:00,34,1,42140878,6957.75,6964.5,6957.0,6962.5,6249,ES.v.0
2026-01-09 03:00:00+00:00,34,1,42140878,6962.5,6963.5,6959.75,6960.75,3306,ES.v.0
2026-01-09 04:00:00+00:00,34,1,42140878,6961.0,6962.0,6957.75,6961.25,3037,ES.v.0
2026-01-09 05:00:00+00:00,34,1,42140878,6961.5,6963.5,6958.5,6963.0,3408,ES.v.0
2026-01-09 06:00:00+00:00,34,1,42140878,6963.0,6965.25,6959.25,6963.25,3564,ES.v.0
2026-01-09 07:00:00+00:00,34,1,42140878,6963.5,6963.75,6956.25,6960.75,4873,ES.v.0
2026-01-09 08:00:00+00:00,34,1,42140878,6961.0,6965.5,6956.75,6957.75,9358,ES.v.0
2026-01-09 09:00:00+00:00,34,1,42140878,6957.75,6968.0,6956.75,6967.5,8128,ES.v.0
2026-01-09 10:00:00+00:00,34,1,42140878,6967.75,6969.25,6965.75,6966.75,5584,ES.v.0
2026-01-09 11:00:00+00:00,34,1,42140878,6966.75,6973.25,6965.5,6968.0,8064,ES.v.0
2026-01-09 12:00:00+00:00,34,1,42140878,6968.0,6972.0,6965.25,6971.75,7977,ES.v.0
2026-01-09 13:00:00+00:00,34,1,42140878,6971.75,6988.5,6969.5,6987.0,39001,ES.v.0
2026-01-09 14:00:00+00:00,34,1,42140878,6987.0,6989.75,6968.25,6979.5,171573,ES.v.0
2026-01-09 15:00:00+00:00,34,1,42140878,6979.5,6999.75,6955.75,6983.75,306158,ES.v.0
2026-01-09 16:00:00+00:00,34,1,42140878,6983.75,7005.25,6983.75,7004.0,166770,ES.v.0
2026-01-09 17:00:00+00:00,34,1,42140878,7003.75,7010.0,7002.0,7004.5,91765,ES.v.0
2026-01-09 18:00:00+00:00,34,1,42140878,7004.75,7014.0,6998.25,7010.25,98653,ES.v.0
2026-01-09 19:00:00+00:00,34,1,42140878,7010.0,7017.0,7008.25,7013.5,73825,ES.v.0
2026-01-09 20:00:00+00:00,34,1,42140878,7013.75,7017.5,7003.25,7004.75,187033,ES.v.0
2026-01-09 21:00:00+00:00,34,1,42140878,7004.5,7005.75,7001.75,7004.0,55367,ES.v.0
2026-01-11 23:00:00+00:00,34,1,42140878,7007.0,7008.5,6992.0,6998.25,12596,ES.v.0
2026-01-12 00:00:00+00:00,34,1,42140878,6998.0,6999.25,6975.25,6979.25,22962,ES.v.0
2026-01-12 01:00:00+00:00,34,1,42140878,6979.25,6980.0,6967.25,6977.25,24667,ES.v.0
2026-01-12 02:00:00+00:00,34,1,42140878,6977.5,6977.5,6968.25,6970.0,13195,ES.v.0
2026-01-12 03:00:00+00:00,34,1,42140878,6970.0,6971.5,6964.5,6967.75,9482,ES.v.0
2026-01-12 04:00:00+00:00,34,1,42140878,6968.0,6969.0,6964.0,6966.5,6155,ES.v.0
2026-01-12 05:00:00+00:00,34,1,42140878,6966.25,6968.75,6958.25,6962.5,8198,ES.v.0
2026-01-12 06:00:00+00:00,34,1,42140878,6962.5,6967.0,6961.5,6964.75,5824,ES.v.0
2026-01-12 07:00:00+00:00,34,1,42140878,6964.5,6970.25,6964.0,6967.5,8569,ES.v.0
2026-01-12 08:00:00+00:00,34,1,42140878,6967.5,6970.75,6950.0,6953.0,30695,ES.v.0
2026-01-12 09:00:00+00:00,34,1,42140878,6953.25,6959.0,6951.75,6957.75,14487,ES.v.0
2026-01-12 10:00:00+00:00,34,1,42140878,6958.0,6961.75,6955.5,6958.75,10129,ES.v.0
2026-01-12 11:00:00+00:00,34,1,42140878,6958.75,6964.5,6957.5,6961.0,9792,ES.v.0
2026-01-12 12:00:00+00:00,34,1,42140878,6960.75,6970.5,6960.5,6968.5,16430,ES.v.0
2026-01-12 13:00:00+00:00,34,1,42140878,6968.75,6970.0,6964.5,6966.75,21771,ES.v.0
2026-01-12 14:00:00+00:00,34,1,42140878,6966.75,7002.75,6964.5,6999.75,170872,ES.v.0
2026-01-12 15:00:00+00:00,34,1,42140878,7000.0,7004.5,6993.0,7002.75,161410,ES.v.0
2026-01-12 16:00:00+00:00,34,1,42140878,7002.75,7012.5,7000.25,7009.5,92536,ES.v.0
2026-01-12 17:00:00+00:00,34,1,42140878,7009.75,7012.25,7004.75,7010.5,52643,ES.v.0
2026-01-12 18:00:00+00:00,34,1,42140878,7010.75,7018.0,7009.75,7016.25,53103,ES.v.0
2026-01-12 19:00:00+00:00,34,1,42140878,7016.25,7024.5,7013.5,7024.0,61145,ES.v.0
2026-01-12 20:00:00+00:00,34,1,42140878,7024.0,7025.25,7015.75,7016.0,148539,ES.v.0
2026-01-12 21:00:00+00:00,34,1,42140878,7015.75,7018.75,7009.75,7011.5,49761,ES.v.0
2026-01-12 23:00:00+00:00,34,1,42140878,7014.0,7014.0,7005.5,7006.0,8961,ES.v.0
2026-01-13 00:00:00+00:00,34,1,42140878,7005.75,7007.0,7002.0,7002.25,8118,ES.v.0
2026-01-13 01:00:00+00:00,34,1,42140878,7002.25,7008.5,6998.75,7005.75,9735,ES.v.0
2026-01-13 02:00:00+00:00,34,1,42140878,7006.0,7009.5,7005.0,7007.25,5799,ES.v.0
2026-01-13 03:00:00+00:00,34,1,42140878,7007.25,7009.5,7004.75,7007.0,3690,ES.v.0
2026-01-13 04:00:00+00:00,34,1,42140878,7007.25,7009.5,7006.0,7008.75,2847,ES.v.0
2026-01-13 05:00:00+00:00,34,1,42140878,7008.75,7010.75,7006.5,7009.75,3516,ES.v.0
2026-01-13 06:00:00+00:00,34,1,42140878,7009.75,7014.0,7009.5,7011.0,4265,ES.v.0
2026-01-13 07:00:00+00:00,34,1,42140878,7011.25,7013.0,7009.0,7011.0,3987,ES.v.0
2026-01-13 08:00:00+00:00,34,1,42140878,7011.0,7011.0,7005.75,7008.5,9075,ES.v.0
2026-01-13 09:00:00+00:00,34,1,42140878,7008.75,7012.25,7005.75,7008.5,7332,ES.v.0
2026-01-13 10:00:00+00:00,34,1,42140878,7008.25,7008.75,7002.5,7005.25,6507,ES.v.0
2026-01-13 11:00:00+00:00,34,1,42140878,7005.25,7010.25,7003.75,7010.25,8290,ES.v.0
2026-01-13 12:00:00+00:00,34,1,42140878,7010.25,7011.25,7005.5,7006.5,12010,ES.v.0
2026-01-13 13:00:00+00:00,34,1,42140878,7006.5,7036.25,7004.75,7020.0,71511,ES.v.0
2026-01-13 14:00:00+00:00,34,1,42140878,7019.75,7027.5,7005.0,7005.25,169718,ES.v.0
2026-01-13 15:00:00+00:00,34,1,42140878,7005.25,7008.25,6983.5,7000.5,242995,ES.v.0
2026-01-13 16:00:00+00:00,34,1,42140878,7000.25,7015.25,6986.75,7012.25,156173,ES.v.0
2026-01-13 17:00:00+00:00,34,1,42140878,7012.5,7014.5,6988.0,6992.25,138662,ES.v.0
2026-01-13 18:00:00+00:00,34,1,42140878,6992.0,6999.5,6987.0,6990.75,102767,ES.v.0
2026-01-13 19:00:00+00:00,34,1,42140878,6991.0,6995.25,6985.0,6992.5,97908,ES.v.0
2026-01-13 20:00:00+00:00,34,1,42140878,6992.25,7003.25,6976.75,7000.75,203621,ES.v.0
2026-01-13 21:00:00+00:00,34,1,42140878,7000.75,7004.25,6998.25,6999.25,41514,ES.v.0
2026-01-13 23:00:00+00:00,34,1,42140878,6998.5,7001.75,6996.75,6997.75,4636,ES.v.0
2026-01-14 00:00:00+00:00,34,1,42140878,6997.75,7002.5,6996.0,6999.5,6190,ES.v.0
2026-01-14 01:00:00+00:00,34,1,42140878,6999.25,7000.5,6992.25,6992.75,6769,ES.v.0
2026-01-14 02:00:00+00:00,34,1,42140878,6992.75,6995.25,6991.0,6994.75,4644,ES.v.0
2026-01-14 03:00:00+00:00,34,1,42140878,6994.75,7000.0,6994.5,6998.5,3986,ES.v.0
2026-01-14 04:00:00+00:00,34,1,42140878,6998.25,6999.0,6989.0,6990.5,4554,ES.v.0
2026-01-14 05:00:00+00:00,34,1,42140878,6990.5,6991.5,6985.5,6986.25,5711,ES.v.0
2026-01-14 06:00:00+00:00,34,1,42140878,6986.25,6989.0,6983.25,6989.0,7960,ES.v.0
2026-01-14 07:00:00+00:00,34,1,42140878,6989.25,6990.25,6986.25,6989.0,4842,ES.v.0
2026-01-14 08:00:00+00:00,34,1,42140878,6989.0,6992.25,6985.75,6989.75,9110,ES.v.0
2026-01-14 09:00:00+00:00,34,1,42140878,6989.75,6994.0,6986.75,6990.0,7681,ES.v.0
2026-01-14 10:00:00+00:00,34,1,42140878,6990.0,6990.25,6967.25,6971.5,24588,ES.v.0
2026-01-14 11:00:00+00:00,34,1,42140878,6971.25,6977.5,6966.25,6972.25,15432,ES.v.0
2026-01-14 12:00:00+00:00,34,1,42140878,6972.25,6981.25,6963.5,6976.0,18782,ES.v.0
2026-01-14 13:00:00+00:00,34,1,42140878,6976.0,6980.75,6967.0,6970.75,29140,ES.v.0
2026-01-14 14:00:00+00:00,34,1,42140878,6970.75,6979.75,6948.25,6949.25,208744,ES.v.0
2026-01-14 15:00:00+00:00,34,1,42140878,6949.25,6971.25,6926.5,6933.5,326205,ES.v.0
2026-01-14 16:00:00+00:00,34,1,42140878,6933.5,6957.0,6923.25,6928.0,205645,ES.v.0
2026-01-14 17:00:00+00:00,34,1,42140878,6927.75,6936.75,6923.75,6928.25,142484,ES.v.0
2026-01-14 18:00:00+00:00,34,1,42140878,6928.25,6944.5,6924.75,6943.5,131936,ES.v.0
2026-01-14 19:00:00+00:00,34,1,42140878,6943.25,6948.5,6938.25,6943.25,105044,ES.v.0
2026-01-14 20:00:00+00:00,34,1,42140878,6943.0,6970.25,6935.5,6968.0,333675,ES.v.0
2026-01-14 21:00:00+00:00,34,1,42140878,6968.25,6970.75,6945.0,6960.0,65743,ES.v.0
2026-01-14 23:00:00+00:00,34,1,42140878,6955.75,6961.25,6949.5,6959.75,9557,ES.v.0
2026-01-15 00:00:00+00:00,34,1,42140878,6959.75,6960.0,6955.5,6958.25,6046,ES.v.0
2026-01-15 01:00:00+00:00,34,1,42140878,6958.25,6965.25,6952.5,6964.0,11342,ES.v.0
2026-01-15 02:00:00+00:00,34,1,42140878,6964.25,6964.75,6958.0,6960.25,4520,ES.v.0
2026-01-15 03:00:00+00:00,34,1,42140878,6960.25,6963.25,6956.25,6956.75,5018,ES.v.0
2026-01-15 04:00:00+00:00,34,1,42140878,6956.75,6960.25,6955.5,6957.0,4468,ES.v.0
2026-01-15 05:00:00+00:00,34,1,42140878,6956.75,6968.25,6956.75,6963.25,8956,ES.v.0
2026-01-15 06:00:00+00:00,34,1,42140878,6963.25,6977.75,6961.25,6973.75,13217,ES.v.0
2026-01-15 07:00:00+00:00,34,1,42140878,6973.75,6975.25,6969.25,6971.75,8336,ES.v.0
2026-01-15 08:00:00+00:00,34,1,42140878,6971.75,6979.75,6968.25,6978.0,14500,ES.v.0
2026-01-15 09:00:00+00:00,34,1,42140878,6978.25,6992.75,6977.25,6988.25,16553,ES.v.0
2026-01-15 10:00:00+00:00,34,1,42140878,6988.25,6991.5,6986.75,6989.5,10011,ES.v.0
2026-01-15 11:00:00+00:00,34,1,42140878,6989.5,6993.5,6989.25,6990.75,10964,ES.v.0
2026-01-15 12:00:00+00:00,34,1,42140878,6990.75,6994.0,6987.5,6992.75,16822,ES.v.0
2026-01-15 13:00:00+00:00,34,1,42140878,6992.5,7002.0,6989.25,6998.25,30561,ES.v.0
2026-01-15 14:00:00+00:00,34,1,42140878,6998.25,7011.25,6994.5,6998.75,188813,ES.v.0
2026-01-15 15:00:00+00:00,34,1,42140878,6999.0,7012.0,6992.5,7007.25,211440,ES.v.0
2026-01-15 16:00:00+00:00,34,1,42140878,7007.25,7016.5,7006.0,7013.25,108684,ES.v.0
2026-01-15 17:00:00+00:00,34,1,42140878,7013.25,7017.25,7001.5,7002.25,92149,ES.v.0
2026-01-15 18:00:00+00:00,34,1,42140878,7002.25,7015.25,7001.25,7009.75,68391,ES.v.0
2026-01-15 19:00:00+00:00,34,1,42140878,7009.5,7009.5,6988.0,6989.75,135450,ES.v.0
2026-01-15 20:00:00+00:00,34,1,42140878,6989.75,6992.75,6974.75,6984.75,216292,ES.v.0
2026-01-15 21:00:00+00:00,34,1,42140878,6984.5,6986.5,6981.0,6983.5,40451,ES.v.0
2026-01-15 23:00:00+00:00,34,1,42140878,6986.75,6991.0,6982.75,6989.75,6989,ES.v.0
2026-01-16 00:00:00+00:00,34,1,42140878,6989.5,6992.5,6987.5,6992.0,4384,ES.v.0
2026-01-16 01:00:00+00:00,34,1,42140878,6991.75,6995.25,6988.5,6993.5,8089,ES.v.0
2026-01-16 02:00:00+00:00,34,1,42140878,6993.25,6998.25,6991.75,6997.25,5420,ES.v.0
2026-01-16 03:00:00+00:00,34,1,42140878,6997.25,7000.0,6996.75,6998.25,4020,ES.v.0
2026-01-16 04:00:00+00:00,34,1,42140878,6998.5,7003.25,6998.0,7003.0,4132,ES.v.0
2026-01-16 05:00:00+00:00,34,1,42140878,7003.0,7003.75,7000.75,7001.25,3473,ES.v.0
2026-01-16 06:00:00+00:00,34,1,42140878,7001.5,7004.0,7000.25,7003.75,3272,ES.v.0
2026-01-16 07:00:00+00:00,34,1,42140878,7003.75,7005.5,7000.5,7003.0,4258,ES.v.0
2026-01-16 08:00:00+00:00,34,1,42140878,7003.0,7007.0,6996.75,7000.0,10632,ES.v.0
2026-01-16 09:00:00+00:00,34,1,42140878,7000.0,7004.0,6998.0,6998.0,8155,ES.v.0
2026-01-16 10:00:00+00:00,34,1,42140878,6998.0,7003.75,6997.5,7001.75,7717,ES.v.0
2026-01-16 11:00:00+00:00,34,1,42140878,7001.75,7004.25,6991.5,6993.25,12256,ES.v.0
2026-01-16 12:00:00+00:00,34,1,42140878,6993.0,6997.5,6987.25,6992.0,15497,ES.v.0
2026-01-16 13:00:00+00:00,34,1,42140878,6991.75,6995.5,6988.75,6990.75,21398,ES.v.0
2026-01-16 14:00:00+00:00,34,1,42140878,6990.75,7002.25,6978.75,6979.0,184292,ES.v.0
2026-01-16 15:00:00+00:00,34,1,42140878,6979.0,6987.75,6960.5,6978.25,250088,ES.v.0
2026-01-16 16:00:00+00:00,34,1,42140878,6978.0,6995.0,6975.25,6987.0,165927,ES.v.0
2026-01-16 17:00:00+00:00,34,1,42140878,6986.75,6990.0,6978.75,6979.25,78543,ES.v.0
2026-01-16 18:00:00+00:00,34,1,42140878,6979.5,6992.75,6978.0,6986.75,62819,ES.v.0
2026-01-16 19:00:00+00:00,34,1,42140878,6986.75,6997.5,6980.0,6987.25,110230,ES.v.0
2026-01-16 20:00:00+00:00,34,1,42140878,6987.25,6989.25,6975.0,6976.5,188191,ES.v.0
2026-01-16 21:00:00+00:00,34,1,42140878,6976.25,6980.25,6973.5,6977.75,46036,ES.v.0
2026-01-18 23:00:00+00:00,34,1,42140878,6918.25,6935.0,6911.0,6933.5,31370,ES.v.0
2026-01-19 00:00:00+00:00,34,1,42140878,6933.25,6934.0,6914.25,6923.0,18005,ES.v.0
2026-01-19 01:00:00+00:00,34,1,42140878,6923.0,6927.0,6914.25,6916.0,13572,ES.v.0
2026-01-19 02:00:00+00:00,34,1,42140878,6915.75,6922.5,6915.75,6922.5,7314,ES.v.0
2026-01-19 03:00:00+00:00,34,1,42140878,6922.25,6922.75,6914.75,6917.75,6020,ES.v.0
2026-01-19 04:00:00+00:00,34,1,42140878,6917.75,6918.5,6914.25,6915.0,4656,ES.v.0
2026-01-19 05:00:00+00:00,34,1,42140878,6915.25,6921.0,6912.5,6916.75,5937,ES.v.0
2026-01-19 06:00:00+00:00,34,1,42140878,6916.75,6922.0,6915.25,6915.75,5383,ES.v.0
2026-01-19 07:00:00+00:00,34,1,42140878,6916.0,6917.0,6904.25,6908.25,14820,ES.v.0
2026-01-19 08:00:00+00:00,34,1,42140878,6908.25,6924.5,6908.25,6921.0,17957,ES.v.0
2026-01-19 09:00:00+00:00,34,1,42140878,6921.0,6922.0,6890.25,6894.75,27150,ES.v.0
2026-01-19 10:00:00+00:00,34,1,42140878,6894.5,6903.5,6891.75,6893.5,14360,ES.v.0
2026-01-19 11:00:00+00:00,34,1,42140878,6893.5,6900.25,6891.5,6898.5,12110,ES.v.0
2026-01-19 12:00:00+00:00,34,1,42140878,6898.25,6909.75,6895.0,6905.75,14212,ES.v.0
2026-01-19 13:00:00+00:00,34,1,42140878,6905.5,6908.0,6896.25,6902.5,16979,ES.v.0
2026-01-19 14:00:00+00:00,34,1,42140878,6902.75,6907.0,6887.5,6899.75,34000,ES.v.0
2026-01-19 15:00:00+00:00,34,1,42140878,6899.75,6904.75,6895.25,6902.0,25420,ES.v.0
2026-01-19 16:00:00+00:00,34,1,42140878,6902.25,6912.25,6900.0,6910.0,25532,ES.v.0
2026-01-19 17:00:00+00:00,34,1,42140878,6910.0,6916.75,6908.25,6913.25,11241,ES.v.0
2026-01-19 23:00:00+00:00,34,1,42140878,6913.5,6916.5,6906.0,6907.0,6686,ES.v.0
2026-01-20 00:00:00+00:00,34,1,42140878,6907.25,6910.5,6896.25,6904.0,12855,ES.v.0
2026-01-20 01:00:00+00:00,34,1,42140878,6904.25,6913.0,6904.0,6910.5,9503,ES.v.0
2026-01-20 02:00:00+00:00,34,1,42140878,6910.75,6913.5,6903.5,6912.0,8758,ES.v.0
2026-01-20 03:00:00+00:00,34,1,42140878,6912.0,6913.25,6909.75,6910.5,4240,ES.v.0
2026-01-20 04:00:00+00:00,34,1,42140878,6910.5,6911.0,6901.5,6903.25,4904,ES.v.0
2026-01-20 05:00:00+00:00,34,1,42140878,6903.25,6909.5,6901.75,6904.75,7305,ES.v.0
2026-01-20 06:00:00+00:00,34,1,42140878,6904.75,6905.5,6878.75,6887.75,22056,ES.v.0
2026-01-20 07:00:00+00:00,34,1,42140878,6888.0,6889.5,6877.25,6882.5,15374,ES.v.0
2026-01-20 08:00:00+00:00,34,1,42140878,6882.5,6883.75,6857.0,6864.5,39168,ES.v.0
2026-01-20 09:00:00+00:00,34,1,42140878,6864.5,6868.5,6846.75,6852.25,36354,ES.v.0
2026-01-20 10:00:00+00:00,34,1,42140878,6852.25,6868.0,6847.5,6862.5,22375,ES.v.0
2026-01-20 11:00:00+00:00,34,1,42140878,6862.5,6874.5,6861.75,6869.75,22782,ES.v.0
2026-01-20 12:00:00+00:00,34,1,42140878,6869.5,6887.25,6866.5,6881.0,36052,ES.v.0
2026-01-20 13:00:00+00:00,34,1,42140878,6881.25,6885.25,6860.5,6867.5,67913,ES.v.0
2026-01-20 14:00:00+00:00,34,1,42140878,6867.25,6890.25,6865.25,6878.5,272957,ES.v.0
2026-01-20 15:00:00+00:00,34,1,42140878,6878.5,6904.75,6865.75,6895.0,285821,ES.v.0
2026-01-20 16:00:00+00:00,34,1,42140878,6895.0,6902.75,6880.25,6894.0,208443,ES.v.0
2026-01-20 17:00:00+00:00,34,1,42140878,6894.0,6896.25,6861.25,6867.25,198232,ES.v.0
2026-01-20 18:00:00+00:00,34,1,42140878,6867.25,6871.5,6836.5,6843.5,170848,ES.v.0
2026-01-20 19:00:00+00:00,34,1,42140878,6843.75,6849.75,6829.0,6834.75,170752,ES.v.0
2026-01-20 20:00:00+00:00,34,1,42140878,6834.75,6838.0,6822.25,6833.75,321419,ES.v.0
2026-01-20 21:00:00+00:00,34,1,42140878,6833.5,6840.5,6828.75,6837.5,59451,ES.v.0
2026-01-20 23:00:00+00:00,34,1,42140878,6839.0,6843.5,6829.25,6832.25,12436,ES.v.0
2026-01-21 00:00:00+00:00,34,1,42140878,6832.25,6845.0,6832.25,6843.75,10529,ES.v.0
2026-01-21 01:00:00+00:00,34,1,42140878,6844.0,6851.5,6843.5,6849.0,12177,ES.v.0
2026-01-21 02:00:00+00:00,34,1,42140878,6849.25,6849.75,6842.75,6844.75,8440,ES.v.0
2026-01-21 03:00:00+00:00,34,1,42140878,6844.75,6854.75,6844.5,6848.75,12259,ES.v.0
2026-01-21 04:00:00+00:00,34,1,42140878,6848.5,6852.25,6846.0,6849.5,7077,ES.v.0
2026-01-21 05:00:00+00:00,34,1,42140878,6849.25,6853.75,6846.75,6852.75,7514,ES.v.0
2026-01-21 06:00:00+00:00,34,1,42140878,6852.75,6855.5,6847.25,6847.25,9113,ES.v.0
2026-01-21 07:00:00+00:00,34,1,42140878,6847.25,6857.5,6846.5,6852.75,11721,ES.v.0
2026-01-21 08:00:00+00:00,34,1,42140878,6852.75,6856.75,6848.75,6852.5,19681,ES.v.0
2026-01-21 09:00:00+00:00,34,1,42140878,6852.5,6855.25,6836.75,6836.75,18500,ES.v.0
2026-01-21 10:00:00+00:00,34,1,42140878,6837.0,6849.25,6835.0,6842.25,14485,ES.v.0
2026-01-21 11:00:00+00:00,34,1,42140878,6842.0,6842.5,6818.75,6819.5,22133,ES.v.0
2026-01-21 12:00:00+00:00,34,1,42140878,6819.5,6828.75,6814.5,6825.75,29808,ES.v.0
2026-01-21 13:00:00+00:00,34,1,42140878,6825.75,6832.25,6815.75,6824.75,41295,ES.v.0
2026-01-21 14:00:00+00:00,34,1,42140878,6824.75,6883.25,6821.75,6881.25,283170,ES.v.0
2026-01-21 15:00:00+00:00,34,1,42140878,6881.5,6908.75,6873.0,6904.75,249363,ES.v.0
2026-01-21 16:00:00+00:00,34,1,42140878,6904.5,6905.75,6855.5,6856.75,252969,ES.v.0
2026-01-21 17:00:00+00:00,34,1,42140878,6857.0,6866.25,6837.25,6862.75,239941,ES.v.0
2026-01-21 18:00:00+00:00,34,1,42140878,6862.5,6871.75,6842.5,6866.5,151859,ES.v.0
2026-01-21 19:00:00+00:00,34,1,42140878,6866.5,6945.0,6855.25,6942.25,345005,ES.v.0
2026-01-21 20:00:00+00:00,34,1,42140878,6942.5,6945.25,6903.25,6911.0,329219,ES.v.0
2026-01-21 21:00:00+00:00,34,1,42140878,6910.75,6919.5,6910.0,6915.75,42271,ES.v.0
2026-01-21 23:00:00+00:00,34,1,42140878,6920.0,6928.25,6919.0,6924.25,8481,ES.v.0
2026-01-22 00:00:00+00:00,34,1,42140878,6924.25,6929.75,6922.0,6927.0,7979,ES.v.0
2026-01-22 01:00:00+00:00,34,1,42140878,6927.0,6934.25,6925.5,6933.25,9709,ES.v.0
2026-01-22 02:00:00+00:00,34,1,42140878,6933.0,6934.75,6928.25,6929.5,6799,ES.v.0
2026-01-22 03:00:00+00:00,34,1,42140878,6929.5,6933.75,6929.5,6932.25,5692,ES.v.0
2026-01-22 04:00:00+00:00,34,1,42140878,6932.25,6932.25,6927.5,6929.5,5339,ES.v.0
2026-01-22 05:00:00+00:00,34,1,42140878,6929.5,6930.25,6919.5,6921.0,6341,ES.v.0
2026-01-22 06:00:00+00:00,34,1,42140878,6920.5,6925.75,6911.25,6922.0,10903,ES.v.0
2026-01-22 07:00:00+00:00,34,1,42140878,6922.0,6932.0,6914.75,6930.0,10413,ES.v.0
2026-01-22 08:00:00+00:00,34,1,42140878,6929.75,6952.25,6928.75,6947.25,27253,ES.v.0
2026-01-22 09:00:00+00:00,34,1,42140878,6947.0,6956.0,6946.5,6953.0,15319,ES.v.0
2026-01-22 10:00:00+00:00,34,1,42140878,6953.25,6954.25,6946.25,6951.25,15543,ES.v.0
2026-01-22 11:00:00+00:00,34,1,42140878,6951.0,6954.75,6944.0,6945.25,17366,ES.v.0
2026-01-22 12:00:00+00:00,34,1,42140878,6945.0,6948.75,6941.75,6947.5,16050,ES.v.0
2026-01-22 13:00:00+00:00,34,1,42140878,6947.5,6958.5,6945.0,6957.5,30404,ES.v.0
2026-01-22 14:00:00+00:00,34,1,42140878,6957.5,6964.5,6930.5,6936.0,198629,ES.v.0
2026-01-22 15:00:00+00:00,34,1,42140878,6935.5,6951.75,6925.5,6943.0,215473,ES.v.0
2026-01-22 16:00:00+00:00,34,1,42140878,6943.0,6962.0,6942.5,6954.25,124160,ES.v.0
2026-01-22 17:00:00+00:00,34,1,42140878,6954.25,6968.25,6951.0,6967.0,101559,ES.v.0
2026-01-22 18:00:00+00:00,34,1,42140878,6966.75,6969.0,6955.25,6957.25,82532,ES.v.0
2026-01-22 19:00:00+00:00,34,1,42140878,6957.0,6966.75,6944.5,6944.5,88327,ES.v.0
2026-01-22 20:00:00+00:00,34,1,42140878,6944.5,6952.25,6932.5,6946.0,227435,ES.v.0
2026-01-22 21:00:00+00:00,34,1,42140878,6945.75,6948.5,6935.75,6940.25,43826,ES.v.0
2026-01-22 23:00:00+00:00,34,1,42140878,6938.0,6944.25,6933.5,6941.25,9567,ES.v.0
2026-01-23 00:00:00+00:00,34,1,42140878,6941.0,6950.0,6937.5,6949.5,6719,ES.v.0
2026-01-23 01:00:00+00:00,34,1,42140878,6949.5,6957.0,6949.0,6956.5,13206,ES.v.0
2026-01-23 02:00:00+00:00,34,1,42140878,6956.75,6957.0,6951.5,6951.75,5164,ES.v.0
2026-01-23 03:00:00+00:00,34,1,42140878,6951.75,6958.5,6951.75,6956.5,5241,ES.v.0
2026-01-23 04:00:00+00:00,34,1,42140878,6956.5,6959.0,6954.75,6958.0,4487,ES.v.0
2026-01-23 05:00:00+00:00,34,1,42140878,6958.25,6960.75,6957.0,6960.5,3227,ES.v.0
2026-01-23 06:00:00+00:00,34,1,42140878,6960.5,6963.25,6957.25,6957.5,4427,ES.v.0
2026-01-23 07:00:00+00:00,34,1,42140878,6957.5,6960.75,6953.25,6955.0,6360,ES.v.0
2026-01-23 08:00:00+00:00,34,1,42140878,6954.75,6955.0,6935.25,6938.25,18343,ES.v.0
2026-01-23 09:00:00+00:00,34,1,42140878,6938.25,6942.75,6925.5,6929.5,20535,ES.v.0
2026-01-23 10:00:00+00:00,34,1,42140878,6929.25,6931.25,6925.75,6929.75,11293,ES.v.0
2026-01-23 11:00:00+00:00,34,1,42140878,6929.75,6943.75,6929.25,6933.5,24267,ES.v.0
2026-01-23 12:00:00+00:00,34,1,42140878,6933.25,6942.5,6931.0,6940.5,14285,ES.v.0
2026-01-23 13:00:00+00:00,34,1,42140878,6940.5,6940.5,6925.75,6928.0,20089,ES.v.0
2026-01-23 14:00:00+00:00,34,1,42140878,6927.75,6942.0,6924.75,6941.75,136326,ES.v.0
2026-01-23 15:00:00+00:00,34,1,42140878,6941.5,6961.25,6936.5,6958.75,170279,ES.v.0
2026-01-23 16:00:00+00:00,34,1,42140878,6958.75,6964.0,6948.25,6951.75,135264,ES.v.0
2026-01-23 17:00:00+00:00,34,1,42140878,6951.75,6958.0,6931.0,6933.5,136626,ES.v.0
2026-01-23 18:00:00+00:00,34,1,42140878,6933.5,6947.0,6932.25,6943.5,107073,ES.v.0
2026-01-23 19:00:00+00:00,34,1,42140878,6943.75,6956.25,6943.25,6949.5,87563,ES.v.0
2026-01-23 20:00:00+00:00,34,1,42140878,6949.5,6950.25,6939.25,6945.5,181419,ES.v.0
2026-01-23 21:00:00+00:00,34,1,42140878,6945.5,6946.0,6932.25,6933.75,49635,ES.v.0
2026-01-25 23:00:00+00:00,34,1,42140878,6904.0,6916.5,6879.0,6914.25,23692,ES.v.0
2026-01-26 00:00:00+00:00,34,1,42140878,6914.5,6925.0,6911.5,6919.5,14308,ES.v.0
2026-01-26 01:00:00+00:00,34,1,42140878,6919.5,6933.25,6917.25,6930.0,14706,ES.v.0
2026-01-26 02:00:00+00:00,34,1,42140878,6930.0,6933.0,6920.25,6923.0,8127,ES.v.0
2026-01-26 03:00:00+00:00,34,1,42140878,6923.0,6931.75,6923.0,6927.0,7172,ES.v.0
2026-01-26 04:00:00+00:00,34,1,42140878,6927.0,6931.5,6924.25,6926.75,4641,ES.v.0
2026-01-26 05:00:00+00:00,34,1,42140878,6926.75,6934.0,6925.5,6933.25,4674,ES.v.0
2026-01-26 06:00:00+00:00,34,1,42140878,6933.5,6939.0,6932.75,6934.0,6394,ES.v.0
2026-01-26 07:00:00+00:00,34,1,42140878,6934.0,6943.0,6933.25,6940.75,7210,ES.v.0
2026-01-26 08:00:00+00:00,34,1,42140878,6941.0,6949.25,6940.75,6948.0,11041,ES.v.0
2026-01-26 09:00:00+00:00,34,1,42140878,6948.0,6950.25,6921.75,6928.25,18957,ES.v.0
2026-01-26 10:00:00+00:00,34,1,42140878,6928.25,6938.75,6927.25,6934.25,10038,ES.v.0
2026-01-26 11:00:00+00:00,34,1,42140878,6934.5,6937.5,6932.25,6936.75,6841,ES.v.0
2026-01-26 12:00:00+00:00,34,1,42140878,6936.5,6944.75,6936.25,6940.75,12165,ES.v.0
2026-01-26 13:00:00+00:00,34,1,42140878,6940.75,6952.5,6937.5,6951.75,18538,ES.v.0
2026-01-26 14:00:00+00:00,34,1,42140878,6951.75,6980.0,6951.0,6976.5,147458,ES.v.0
2026-01-26 15:00:00+00:00,34,1,42140878,6976.25,6988.0,6971.0,6983.75,157829,ES.v.0
2026-01-26 16:00:00+00:00,34,1,42140878,6983.75,6987.5,6975.75,6984.75,105462,ES.v.0
2026-01-26 17:00:00+00:00,34,1,42140878,6985.0,6991.0,6984.0,6986.0,68829,ES.v.0
2026-01-26 18:00:00+00:00,34,1,42140878,6986.0,6995.5,6982.75,6989.75,77999,ES.v.0
2026-01-26 19:00:00+00:00,34,1,42140878,6989.5,6993.75,6988.25,6989.5,65233,ES.v.0
2026-01-26 20:00:00+00:00,34,1,42140878,6989.5,6991.5,6979.5,6980.75,167920,ES.v.0
2026-01-26 21:00:00+00:00,34,1,42140878,6980.75,6983.0,6976.25,6977.0,45440,ES.v.0
2026-01-26 23:00:00+00:00,34,1,42140878,6977.0,6983.5,6972.0,6981.25,11304,ES.v.0
2026-01-27 00:00:00+00:00,34,1,42140878,6981.25,6984.0,6977.5,6983.5,5191,ES.v.0
2026-01-27 01:00:00+00:00,34,1,42140878,6983.25,6988.25,6981.75,6987.5,6558,ES.v.0
2026-01-27 02:00:00+00:00,34,1,42140878,6987.25,6997.5,6987.25,6997.0,8105,ES.v.0
2026-01-27 03:00:00+00:00,34,1,42140878,6996.75,6999.0,6996.0,6998.25,5411,ES.v.0
2026-01-27 04:00:00+00:00,34,1,42140878,6998.5,7003.5,6998.0,7000.75,6662,ES.v.0
2026-01-27 05:00:00+00:00,34,1,42140878,7000.5,7003.25,6997.0,7002.75,4978,ES.v.0
2026-01-27 06:00:00+00:00,34,1,42140878,7002.75,7006.5,7000.25,7000.75,6662,ES.v.0
2026-01-27 07:00:00+00:00,34,1,42140878,7000.75,7004.0,6999.0,7002.0,5341,ES.v.0
2026-01-27 08:00:00+00:00,34,1,42140878,7002.0,7003.0,6994.25,6997.25,10721,ES.v.0
2026-01-27 09:00:00+00:00,34,1,42140878,6997.25,6999.25,6994.75,6995.5,8636,ES.v.0
2026-01-27 10:00:00+00:00,34,1,42140878,6995.25,7000.5,6995.0,6999.0,7120,ES.v.0
2026-01-27 11:00:00+00:00,34,1,42140878,6999.0,7003.5,6997.0,7002.25,10328,ES.v.0
2026-01-27 12:00:00+00:00,34,1,42140878,7002.0,7002.25,6994.5,6997.25,13788,ES.v.0
2026-01-27 13:00:00+00:00,34,1,42140878,6997.0,6999.75,6994.0,6995.0,14192,ES.v.0
2026-01-27 14:00:00+00:00,34,1,42140878,6995.0,7007.75,6988.25,7005.0,136735,ES.v.0
2026-01-27 15:00:00+00:00,34,1,42140878,7005.25,7014.75,6998.0,7013.25,156319,ES.v.0
2026-01-27 16:00:00+00:00,34,1,42140878,7013.25,7018.5,7013.0,7013.0,93347,ES.v.0
2026-01-27 17:00:00+00:00,34,1,42140878,7013.0,7014.5,7006.5,7007.0,90872,ES.v.0
2026-01-27 18:00:00+00:00,34,1,42140878,7007.0,7015.25,7001.5,7013.25,73018,ES.v.0
2026-01-27 19:00:00+00:00,34,1,42140878,7013.5,7017.0,7010.5,7013.75,50279,ES.v.0
2026-01-27 20:00:00+00:00,34,1,42140878,7014.0,7017.25,7007.0,7008.75,156262,ES.v.0
2026-01-27 21:00:00+00:00,34,1,42140878,7009.0,7012.0,7005.5,7009.5,42220,ES.v.0
2026-01-27 23:00:00+00:00,34,1,42140878,7010.25,7015.0,7009.25,7012.75,4855,ES.v.0
2026-01-28 00:00:00+00:00,34,1,42140878,7012.75,7026.5,7012.5,7024.5,11497,ES.v.0
2026-01-28 01:00:00+00:00,34,1,42140878,7024.75,7027.5,7022.5,7023.5,8606,ES.v.0
2026-01-28 02:00:00+00:00,34,1,42140878,7023.5,7027.25,7023.0,7026.0,7040,ES.v.0
2026-01-28 03:00:00+00:00,34,1,42140878,7025.75,7027.25,7023.75,7024.25,4961,ES.v.0
2026-01-28 04:00:00+00:00,34,1,42140878,7024.25,7027.75,7024.25,7026.75,3709,ES.v.0
2026-01-28 05:00:00+00:00,34,1,42140878,7027.0,7032.25,7027.0,7031.75,5599,ES.v.0
2026-01-28 06:00:00+00:00,34,1,42140878,7031.75,7043.0,7031.75,7034.5,21318,ES.v.0
2026-01-28 07:00:00+00:00,34,1,42140878,7034.75,7037.5,7030.75,7036.75,10171,ES.v.0
2026-01-28 08:00:00+00:00,34,1,42140878,7036.75,7039.0,7026.0,7027.25,14164,ES.v.0
2026-01-28 09:00:00+00:00,34,1,42140878,7027.5,7033.0,7026.0,7031.5,10382,ES.v.0
2026-01-28 10:00:00+00:00,34,1,42140878,7031.75,7036.5,7029.5,7035.5,8037,ES.v.0
2026-01-28 11:00:00+00:00,34,1,42140878,7035.5,7035.5,7028.75,7033.0,9195,ES.v.0
2026-01-28 12:00:00+00:00,34,1,42140878,7033.25,7033.5,7022.25,7022.75,20855,ES.v.0
2026-01-28 13:00:00+00:00,34,1,42140878,7023.0,7027.0,7017.5,7022.25,20337,ES.v.0
2026-01-28 14:00:00+00:00,34,1,42140878,7022.25,7031.0,7018.0,7023.75,124654,ES.v.0
2026-01-28 15:00:00+00:00,34,1,42140878,7023.5,7025.75,7007.25,7007.5,163718,ES.v.0
2026-01-28 16:00:00+00:00,34,1,42140878,7007.5,7015.5,6997.0,6999.25,119898,ES.v.0
2026-01-28 17:00:00+00:00,34,1,42140878,6999.25,7008.75,6997.0,7000.5,89464,ES.v.0
2026-01-28 18:00:00+00:00,34,1,42140878,7000.5,7006.5,6997.5,7002.5,58085,ES.v.0
2026-01-28 19:00:00+00:00,34,1,42140878,7003.0,7012.75,6991.25,7001.25,146708,ES.v.0
2026-01-28 20:00:00+00:00,34,1,42140878,7001.25,7015.0,6999.25,7006.5,193035,ES.v.0
2026-01-28 21:00:00+00:00,34,1,42140878,7006.5,7023.0,6977.25,7016.75,87708,ES.v.0
2026-01-28 23:00:00+00:00,34,1,42140878,7021.5,7022.0,6994.5,6996.0,19047,ES.v.0
2026-01-29 00:00:00+00:00,34,1,42140878,6996.0,6999.25,6985.75,6999.25,16297,ES.v.0
2026-01-29 01:00:00+00:00,34,1,42140878,6999.5,6999.75,6987.0,6994.75,14055,ES.v.0
2026-01-29 02:00:00+00:00,34,1,42140878,6994.75,7006.25,6993.5,7003.0,11900,ES.v.0
2026-01-29 03:00:00+00:00,34,1,42140878,7003.0,7009.75,7003.0,7008.75,6444,ES.v.0
2026-01-29 04:00:00+00:00,34,1,42140878,7008.75,7016.0,7008.0,7015.5,5115,ES.v.0
2026-01-29 05:00:00+00:00,34,1,42140878,7015.5,7019.75,7012.25,7017.75,4811,ES.v.0
2026-01-29 06:00:00+00:00,34,1,42140878,7017.75,7023.75,7017.25,7020.0,6132,ES.v.0
2026-01-29 07:00:00+00:00,34,1,42140878,7019.75,7029.5,7017.5,7026.5,10037,ES.v.0
2026-01-29 08:00:00+00:00,34,1,42140878,7026.5,7029.5,7019.0,7024.75,17590,ES.v.0
2026-01-29 09:00:00+00:00,34,1,42140878,7024.75,7029.25,7018.75,7019.25,12190,ES.v.0
2026-01-29 10:00:00+00:00,34,1,42140878,7019.0,7023.5,7012.75,7013.75,10547,ES.v.0
2026-01-29 11:00:00+00:00,34,1,42140878,7014.0,7022.0,7010.0,7019.5,14351,ES.v.0
2026-01-29 12:00:00+00:00,34,1,42140878,7019.5,7024.0,7013.25,7019.0,13085,ES.v.0
2026-01-29 13:00:00+00:00,34,1,42140878,7018.75,7026.75,7015.0,7023.5,17902,ES.v.0
2026-01-29 14:00:00+00:00,34,1,42140878,7023.5,7023.75,6965.5,6966.5,239685,ES.v.0
2026-01-29 15:00:00+00:00,34,1,42140878,6966.5,6967.25,6902.25,6910.75,457142,ES.v.0
2026-01-29 16:00:00+00:00,34,1,42140878,6911.0,6940.75,6898.25,6937.5,289509,ES.v.0
2026-01-29 17:00:00+00:00,34,1,42140878,6937.25,6967.75,6936.75,6939.5,185924,ES.v.0
2026-01-29 18:00:00+00:00,34,1,42140878,6939.5,6968.75,6937.5,6956.25,129846,ES.v.0
2026-01-29 19:00:00+00:00,34,1,42140878,6956.25,6973.25,6952.75,6962.0,108945,ES.v.0
2026-01-29 20:00:00+00:00,34,1,42140878,6962.25,6999.0,6961.25,6989.75,232696,ES.v.0
2026-01-29 21:00:00+00:00,34,1,42140878,6990.0,7002.5,6985.25,6989.75,63466,ES.v.0
2026-01-29 23:00:00+00:00,34,1,42140878,6992.75,6995.0,6968.5,6986.5,18075,ES.v.0
2026-01-30 00:00:00+00:00,34,1,42140878,6986.5,6991.0,6974.5,6977.0,15940,ES.v.0
2026-01-30 01:00:00+00:00,34,1,42140878,6977.25,6977.75,6952.0,6962.75,18640,ES.v.0
2026-01-30 02:00:00+00:00,34,1,42140878,6962.75,6964.5,6943.25,6961.0,23163,ES.v.0
2026-01-30 03:00:00+00:00,34,1,42140878,6961.0,6971.75,6960.75,6966.25,15914,ES.v.0
2026-01-30 04:00:00+00:00,34,1,42140878,6966.25,6973.5,6964.25,6965.5,7061,ES.v.0
2026-01-30 05:00:00+00:00,34,1,42140878,6965.5,6970.25,6956.5,6956.5,7308,ES.v.0
2026-01-30 06:00:00+00:00,34,1,42140878,6956.75,6958.0,6935.0,6937.5,14944,ES.v.0
2026-01-30 07:00:00+00:00,34,1,42140878,6937.5,6949.75,6928.25,6930.25,15449,ES.v.0
2026-01-30 08:00:00+00:00,34,1,42140878,6930.25,6945.75,6926.0,6941.0,23318,ES.v.0
2026-01-30 09:00:00+00:00,34,1,42140878,6941.0,6945.0,6917.5,6926.5,20405,ES.v.0
2026-01-30 10:00:00+00:00,34,1,42140878,6926.25,6943.75,6926.0,6938.75,15912,ES.v.0
2026-01-30 11:00:00+00:00,34,1,42140878,6939.0,6970.75,6938.0,6968.5,23454,ES.v.0
2026-01-30 12:00:00+00:00,34,1,42140878,6968.75,6975.75,6956.0,6961.5,22825,ES.v.0
2026-01-30 13:00:00+00:00,34,1,42140878,6961.25,6970.25,6947.25,6957.0,25050,ES.v.0
2026-01-30 14:00:00+00:00,34,1,42140878,6957.0,6985.5,6955.0,6965.25,189215,ES.v.0
2026-01-30 15:00:00+00:00,34,1,42140878,6965.0,6991.25,6957.0,6969.5,274202,ES.v.0
2026-01-30 16:00:00+00:00,34,1,42140878,6969.5,6975.25,6950.5,6954.5,210271,ES.v.0
2026-01-30 17:00:00+00:00,34,1,42140878,6954.75,6963.5,6935.0,6939.25,207367,ES.v.0
2026-01-30 18:00:00+00:00,34,1,42140878,6939.25,6969.0,6918.75,6961.75,213921,ES.v.0
2026-01-30 19:00:00+00:00,34,1,42140878,6962.0,6975.25,6952.0,6953.5,185814,ES.v.0
2026-01-30 20:00:00+00:00,34,1,42140878,6953.5,6976.75,6940.75,6968.0,340299,ES.v.0
2026-01-30 21:00:00+00:00,34,1,42140878,6967.75,6973.25,6957.5,6961.25,60740,ES.v.0
2026-02-01 23:00:00+00:00,34,1,42140878,6938.5,6952.5,6918.25,6946.5,36145,ES.v.0
2026-02-02 00:00:00+00:00,34,1,42140878,6946.5,6965.75,6938.0,6958.75,22062,ES.v.0
2026-02-02 01:00:00+00:00,34,1,42140878,6958.5,6963.0,6915.0,6917.25,34495,ES.v.0
2026-02-02 02:00:00+00:00,34,1,42140878,6917.25,6924.5,6905.25,6906.5,24829,ES.v.0
2026-02-02 03:00:00+00:00,34,1,42140878,6906.5,6910.0,6883.0,6886.0,26614,ES.v.0
2026-02-02 04:00:00+00:00,34,1,42140878,6886.25,6902.25,6873.5,6897.0,24380,ES.v.0
2026-02-02 05:00:00+00:00,34,1,42140878,6897.0,6898.0,6877.5,6880.75,15746,ES.v.0
2026-02-02 06:00:00+00:00,34,1,42140878,6880.5,6885.0,6864.5,6875.25,19445,ES.v.0
2026-02-02 07:00:00+00:00,34,1,42140878,6875.25,6897.25,6874.75,6896.75,18652,ES.v.0
2026-02-02 08:00:00+00:00,34,1,42140878,6896.5,6921.0,6895.25,6917.5,31359,ES.v.0
2026-02-02 09:00:00+00:00,34,1,42140878,6917.5,6928.5,6907.0,6925.25,24060,ES.v.0
2026-02-02 10:00:00+00:00,34,1,42140878,6925.25,6929.5,6914.5,6917.25,16240,ES.v.0
2026-02-02 11:00:00+00:00,34,1,42140878,6917.5,6937.0,6916.0,6931.75,17659,ES.v.0
2026-02-02 12:00:00+00:00,34,1,42140878,6931.5,6945.0,6931.0,6936.25,20919,ES.v.0
2026-02-02 13:00:00+00:00,34,1,42140878,6936.25,6945.0,6929.5,6942.5,24520,ES.v.0
2026-02-02 14:00:00+00:00,34,1,42140878,6942.25,6986.5,6941.25,6974.75,210512,ES.v.0
2026-02-02 15:00:00+00:00,34,1,42140878,6973.75,7005.5,6970.75,6995.25,228291,ES.v.0
2026-02-02 16:00:00+00:00,34,1,42140878,6995.0,7006.5,6986.75,7005.5,130755,ES.v.0
2026-02-02 17:00:00+00:00,34,1,42140878,7005.5,7017.25,7004.25,7011.75,101101,ES.v.0
2026-02-02 18:00:00+00:00,34,1,42140878,7012.0,7015.75,7004.25,7013.0,70593,ES.v.0
2026-02-02 19:00:00+00:00,34,1,42140878,7012.75,7016.75,7001.25,7003.0,79304,ES.v.0
2026-02-02 20:00:00+00:00,34,1,42140878,7003.0,7012.5,6998.25,7003.0,207740,ES.v.0
2026-02-02 21:00:00+00:00,34,1,42140878,7003.25,7007.25,6997.5,7003.25,47487,ES.v.0
2026-02-02 23:00:00+00:00,34,1,42140878,7004.25,7022.25,7002.5,7015.25,11414,ES.v.0
2026-02-03 00:00:00+00:00,34,1,42140878,7015.25,7023.25,7009.25,7018.25,8780,ES.v.0
2026-02-03 01:00:00+00:00,34,1,42140878,7018.25,7023.5,7015.0,7017.25,8724,ES.v.0
2026-02-03 02:00:00+00:00,34,1,42140878,7017.25,7017.25,7008.0,7012.75,8046,ES.v.0
2026-02-03 03:00:00+00:00,34,1,42140878,7012.5,7018.75,7010.5,7017.25,5892,ES.v.0
2026-02-03 04:00:00+00:00,34,1,42140878,7017.5,7023.0,7016.5,7022.25,4717,ES.v.0
2026-02-03 05:00:00+00:00,34,1,42140878,7022.25,7023.5,7015.75,7021.25,5250,ES.v.0
2026-02-03 06:00:00+00:00,34,1,42140878,7021.5,7024.5,7019.0,7021.75,5676,ES.v.0
2026-02-03 07:00:00+00:00,34,1,42140878,7021.75,7025.75,7019.0,7023.5,7354,ES.v.0
2026-02-03 08:00:00+00:00,34,1,42140878,7023.25,7027.25,7016.0,7017.5,15165,ES.v.0
2026-02-03 09:00:00+00:00,34,1,42140878,7017.5,7023.25,7012.0,7014.25,11027,ES.v.0
2026-02-03 10:00:00+00:00,34,1,42140878,7014.5,7018.25,7010.25,7011.25,7666,ES.v.0
2026-02-03 11:00:00+00:00,34,1,42140878,7011.25,7013.5,7006.75,7010.75,9414,ES.v.0
2026-02-03 12:00:00+00:00,34,1,42140878,7010.75,7023.25,7008.0,7020.0,14281,ES.v.0
2026-02-03 13:00:00+00:00,34,1,42140878,7020.25,7021.5,7015.0,7015.25,15278,ES.v.0
2026-02-03 14:00:00+00:00,34,1,42140878,7015.25,7017.0,6980.0,6981.5,191724,ES.v.0
2026-02-03 15:00:00+00:00,34,1,42140878,6981.75,6984.25,6954.25,6978.0,349900,ES.v.0
2026-02-03 16:00:00+00:00,34,1,42140878,6978.0,6978.75,6949.0,6952.75,202054,ES.v.0
2026-02-03 17:00:00+00:00,34,1,42140878,6953.0,6953.75,6920.0,6923.0,234852,ES.v.0
2026-02-03 18:00:00+00:00,34,1,42140878,6923.0,6931.5,6894.0,6894.5,189024,ES.v.0
2026-02-03 19:00:00+00:00,34,1,42140878,6894.5,6918.5,6886.25,6914.5,249290,ES.v.0
2026-02-03 20:00:00+00:00,34,1,42140878,6914.25,6944.25,6908.75,6940.5,255869,ES.v.0
2026-02-03 21:00:00+00:00,34,1,42140878,6940.5,6946.0,6931.75,6938.75,64380,ES.v.0
2026-02-03 23:00:00+00:00,34,1,42140878,6934.0,6944.5,6931.25,6942.5,9474,ES.v.0
2026-02-04 00:00:00+00:00,34,1,42140878,6942.75,6943.75,6933.5,6934.0,7905,ES.v.0
2026-02-04 01:00:00+00:00,34,1,42140878,6934.25,6947.0,6934.25,6944.5,10522,ES.v.0
2026-02-04 02:00:00+00:00,34,1,42140878,6944.5,6951.25,6939.75,6942.5,9351,ES.v.0
2026-02-04 03:00:00+00:00,34,1,42140878,6942.75,6949.5,6940.5,6946.75,7166,ES.v.0
2026-02-04 04:00:00+00:00,34,1,42140878,6946.75,6948.5,6944.0,6946.0,3663,ES.v.0
2026-02-04 05:00:00+00:00,34,1,42140878,6946.25,6948.75,6942.0,6948.75,4246,ES.v.0
2026-02-04 06:00:00+00:00,34,1,42140878,6948.75,6959.25,6947.0,6955.25,9947,ES.v.0
2026-02-04 07:00:00+00:00,34,1,42140878,6955.25,6961.0,6954.25,6959.0,7236,ES.v.0
2026-02-04 08:00:00+00:00,34,1,42140878,6958.75,6960.0,6941.0,6946.25,21125,ES.v.0
2026-02-04 09:00:00+00:00,34,1,42140878,6946.25,6950.25,6932.5,6940.75,18931,ES.v.0
2026-02-04 10:00:00+00:00,34,1,42140878,6941.0,6954.25,6938.75,6950.25,15202,ES.v.0
2026-02-04 11:00:00+00:00,34,1,42140878,6950.25,6965.75,6947.5,6961.0,16221,ES.v.0
2026-02-04 12:00:00+00:00,34,1,42140878,6961.25,6965.0,6950.25,6952.25,14510,ES.v.0
2026-02-04 13:00:00+00:00,34,1,42140878,6952.25,6959.0,6944.75,6946.5,28368,ES.v.0
2026-02-04 14:00:00+00:00,34,1,42140878,6946.25,6960.75,6924.0,6928.0,226457,ES.v.0
2026-02-04 15:00:00+00:00,34,1,42140878,6928.0,6955.0,6910.5,6931.5,389808,ES.v.0
2026-02-04 16:00:00+00:00,34,1,42140878,6931.75,6934.75,6888.5,6911.25,275847,ES.v.0
2026-02-04 17:00:00+00:00,34,1,42140878,6911.0,6916.5,6862.5,6882.0,294114,ES.v.0
2026-02-04 18:00:00+00:00,34,1,42140878,6882.0,6900.5,6868.25,6891.5,201313,ES.v.0
2026-02-04 19:00:00+00:00,34,1,42140878,6891.75,6930.25,6878.75,6928.25,225827,ES.v.0
2026-02-04 20:00:00+00:00,34,1,42140878,6928.25,6930.5,6901.75,6906.25,193674,ES.v.0
2026-02-04 21:00:00+00:00,34,1,42140878,6906.5,6941.5,6892.25,6928.5,79283,ES.v.0
2026-02-04 23:00:00+00:00,34,1,42140878,6915.5,6928.75,6913.5,6918.5,11478,ES.v.0
2026-02-05 00:00:00+00:00,34,1,42140878,6918.25,6930.25,6911.5,6924.5,8701,ES.v.0
2026-02-05 01:00:00+00:00,34,1,42140878,6924.75,6935.25,6923.5,6931.0,9934,ES.v.0
2026-02-05 02:00:00+00:00,34,1,42140878,6931.0,6932.75,6895.5,6896.75,24216,ES.v.0
2026-02-05 03:00:00+00:00,34,1,42140878,6897.0,6909.25,6889.0,6891.0,16534,ES.v.0
2026-02-05 04:00:00+00:00,34,1,42140878,6891.5,6906.75,6888.0,6904.0,10675,ES.v.0
2026-02-05 05:00:00+00:00,34,1,42140878,6904.25,6909.0,6893.75,6900.25,8585,ES.v.0
2026-02-05 06:00:00+00:00,34,1,42140878,6900.5,6913.75,6900.0,6913.0,8169,ES.v.0
2026-02-05 07:00:00+00:00,34,1,42140878,6913.0,6917.0,6907.25,6908.25,9246,ES.v.0
2026-02-05 08:00:00+00:00,34,1,42140878,6908.0,6923.75,6900.75,6901.0,24867,ES.v.0
2026-02-05 09:00:00+00:00,34,1,42140878,6901.25,6918.5,6895.5,6905.25,20006,ES.v.0
2026-02-05 10:00:00+00:00,34,1,42140878,6905.5,6918.25,6903.25,6908.0,13396,ES.v.0
2026-02-05 11:00:00+00:00,34,1,42140878,6908.0,6916.5,6904.5,6915.0,14927,ES.v.0
2026-02-05 12:00:00+00:00,34,1,42140878,6914.75,6920.75,6856.25,6870.5,66915,ES.v.0
2026-02-05 13:00:00+00:00,34,1,42140878,6870.25,6880.5,6855.25,6857.25,51226,ES.v.0
2026-02-05 14:00:00+00:00,34,1,42140878,6857.25,6881.25,6831.5,6850.0,310683,ES.v.0
2026-02-05 15:00:00+00:00,34,1,42140878,6850.25,6858.5,6802.75,6817.0,419610,ES.v.0
2026-02-05 16:00:00+00:00,34,1,42140878,6817.25,6859.5,6801.5,6856.0,259330,ES.v.0
2026-02-05 17:00:00+00:00,34,1,42140878,6856.0,6870.25,6833.5,6848.5,165600,ES.v.0
2026-02-05 18:00:00+00:00,34,1,42140878,6848.5,6857.0,6820.5,6826.75,119389,ES.v.0
2026-02-05 19:00:00+00:00,34,1,42140878,6826.75,6859.0,6823.75,6834.5,127433,ES.v.0
2026-02-05 20:00:00+00:00,34,1,42140878,6834.5,6852.75,6805.5,6817.75,233030,ES.v.0
2026-02-05 21:00:00+00:00,34,1,42140878,6818.0,6829.0,6785.0,6788.75,101463,ES.v.0
2026-02-05 23:00:00+00:00,34,1,42140878,6785.5,6794.5,6763.75,6771.25,22941,ES.v.0
2026-02-06 00:00:00+00:00,34,1,42140878,6771.25,6784.25,6751.5,6782.5,28469,ES.v.0
2026-02-06 01:00:00+00:00,34,1,42140878,6782.5,6804.75,6768.75,6803.25,23599,ES.v.0
2026-02-06 02:00:00+00:00,34,1,42140878,6803.5,6810.75,6798.25,6804.5,17880,ES.v.0
2026-02-06 03:00:00+00:00,34,1,42140878,6804.25,6808.5,6790.0,6801.25,14125,ES.v.0
2026-02-06 04:00:00+00:00,34,1,42140878,6801.25,6801.25,6782.25,6787.75,10577,ES.v.0
2026-02-06 05:00:00+00:00,34,1,42140878,6787.75,6813.5,6782.25,6810.25,11481,ES.v.0
2026-02-06 06:00:00+00:00,34,1,42140878,6810.25,6816.25,6803.75,6805.25,9007,ES.v.0
2026-02-06 07:00:00+00:00,34,1,42140878,6805.0,6811.25,6797.5,6809.5,10979,ES.v.0
2026-02-06 08:00:00+00:00,34,1,42140878,6809.5,6820.75,6796.75,6816.25,25105,ES.v.0
2026-02-06 09:00:00+00:00,34,1,42140878,6816.25,6848.75,6811.5,6843.25,40542,ES.v.0
2026-02-06 10:00:00+00:00,34,1,42140878,6843.0,6850.0,6835.0,6849.25,17359,ES.v.0
2026-02-06 11:00:00+00:00,34,1,42140878,6849.0,6870.0,6848.5,6865.75,28854,ES.v.0
2026-02-06 12:00:00+00:00,34,1,42140878,6865.5,6867.5,6845.5,6850.0,29946,ES.v.0
2026-02-06 13:00:00+00:00,34,1,42140878,6850.25,6864.5,6846.75,6857.0,35835,ES.v.0
2026-02-06 14:00:00+00:00,34,1,42140878,6856.75,6907.25,6850.25,6890.25,273356,ES.v.0
2026-02-06 15:00:00+00:00,34,1,42140878,6890.0,6912.75,6872.75,6899.75,327119,ES.v.0
2026-02-06 16:00:00+00:00,34,1,42140878,6899.75,6922.25,6896.0,6916.5,179180,ES.v.0
2026-02-06 17:00:00+00:00,34,1,42140878,6916.5,6937.5,6913.5,6931.5,125562,ES.v.0
2026-02-06 18:00:00+00:00,34,1,42140878,6931.5,6938.75,6928.0,6932.25,85128,ES.v.0
2026-02-06 19:00:00+00:00,34,1,42140878,6932.5,6940.0,6929.5,6935.5,82511,ES.v.0
2026-02-06 20:00:00+00:00,34,1,42140878,6935.5,6965.5,6933.0,6948.75,249948,ES.v.0
2026-02-06 21:00:00+00:00,34,1,42140878,6948.75,6952.25,6942.0,6945.75,65416,ES.v.0
2026-02-08 23:00:00+00:00,34,1,42140878,6960.25,6978.0,6959.0,6973.0,17111,ES.v.0
2026-02-09 00:00:00+00:00,34,1,42140878,6972.75,6979.75,6968.0,6969.75,13631,ES.v.0
2026-02-09 01:00:00+00:00,34,1,42140878,6969.75,6970.0,6958.0,6961.5,11941,ES.v.0
2026-02-09 02:00:00+00:00,34,1,42140878,6961.25,6967.5,6958.0,6961.75,8500,ES.v.0
2026-02-09 03:00:00+00:00,34,1,42140878,6962.0,6964.0,6956.75,6957.25,6394,ES.v.0
2026-02-09 04:00:00+00:00,34,1,42140878,6957.25,6962.75,6957.0,6958.75,5195,ES.v.0
2026-02-09 05:00:00+00:00,34,1,42140878,6958.75,6964.25,6957.0,6963.0,5794,ES.v.0
2026-02-09 06:00:00+00:00,34,1,42140878,6963.25,6963.75,6953.25,6955.0,13178,ES.v.0
2026-02-09 07:00:00+00:00,34,1,42140878,6955.0,6957.0,6947.0,6953.25,9758,ES.v.0
2026-02-09 08:00:00+00:00,34,1,42140878,6953.5,6968.0,6952.25,6956.25,15224,ES.v.0
2026-02-09 09:00:00+00:00,34,1,42140878,6956.25,6960.0,6941.25,6943.75,13597,ES.v.0
2026-02-09 10:00:00+00:00,34,1,42140878,6944.0,6944.75,6921.0,6935.75,21469,ES.v.0
2026-02-09 11:00:00+00:00,34,1,42140878,6935.75,6939.5,6930.75,6934.75,10795,ES.v.0
2026-02-09 12:00:00+00:00,34,1,42140878,6935.0,6946.0,6928.25,6946.0,16327,ES.v.0
2026-02-09 13:00:00+00:00,34,1,42140878,6945.75,6954.25,6937.25,6938.0,26928,ES.v.0
2026-02-09 14:00:00+00:00,34,1,42140878,6938.25,6957.5,6924.25,6945.25,197981,ES.v.0
2026-02-09 15:00:00+00:00,34,1,42140878,6945.0,6986.0,6943.0,6983.75,179302,ES.v.0
2026-02-09 16:00:00+00:00,34,1,42140878,6983.75,6997.5,6982.0,6995.5,105997,ES.v.0
2026-02-09 17:00:00+00:00,34,1,42140878,6995.5,6998.0,6986.25,6987.0,72101,ES.v.0
2026-02-09 18:00:00+00:00,34,1,42140878,6987.25,6993.75,6977.0,6988.25,90731,ES.v.0
2026-02-09 19:00:00+00:00,34,1,42140878,6988.25,7000.5,6986.5,6995.5,72837,ES.v.0
2026-02-09 20:00:00+00:00,34,1,42140878,6995.75,6998.75,6980.0,6980.25,183082,ES.v.0
2026-02-09 21:00:00+00:00,34,1,42140878,6980.5,6986.75,6980.0,6984.0,41237,ES.v.0
2026-02-09 23:00:00+00:00,34,1,42140878,6985.0,6989.5,6976.0,6978.75,8727,ES.v.0
2026-02-10 00:00:00+00:00,34,1,42140878,6978.75,6981.75,6974.0,6978.25,7362,ES.v.0
2026-02-10 01:00:00+00:00,34,1,42140878,6978.25,6983.25,6973.5,6980.5,8565,ES.v.0
2026-02-10 02:00:00+00:00,34,1,42140878,6980.75,6981.0,6973.0,6976.5,6064,ES.v.0
2026-02-10 03:00:00+00:00,34,1,42140878,6976.5,6978.75,6972.25,6976.75,5795,ES.v.0
2026-02-10 04:00:00+00:00,34,1,42140878,6976.5,6984.25,6976.5,6983.75,4646,ES.v.0
2026-02-10 05:00:00+00:00,34,1,42140878,6984.0,6986.25,6978.25,6984.75,5593,ES.v.0
2026-02-10 06:00:00+00:00,34,1,42140878,6985.0,6985.0,6974.5,6977.75,5319,ES.v.0
2026-02-10 07:00:00+00:00,34,1,42140878,6978.0,6985.0,6977.0,6984.75,5337,ES.v.0
2026-02-10 08:00:00+00:00,34,1,42140878,6985.0,6987.75,6979.25,6985.5,11916,ES.v.0
2026-02-10 09:00:00+00:00,34,1,42140878,6985.25,6997.5,6985.25,6989.0,9797,ES.v.0
2026-02-10 10:00:00+00:00,34,1,42140878,6988.75,6992.5,6985.0,6989.25,10855,ES.v.0
2026-02-10 11:00:00+00:00,34,1,42140878,6989.0,6992.5,6984.5,6991.75,7732,ES.v.0
2026-02-10 12:00:00+00:00,34,1,42140878,6991.75,6996.5,6977.5,6977.75,14088,ES.v.0
2026-02-10 13:00:00+00:00,34,1,42140878,6978.0,6984.25,6970.5,6984.0,29005,ES.v.0
2026-02-10 14:00:00+00:00,34,1,42140878,6984.0,7002.25,6975.0,6998.0,161466,ES.v.0
2026-02-10 15:00:00+00:00,34,1,42140878,6998.25,7006.5,6987.25,6994.5,182603,ES.v.0
2026-02-10 16:00:00+00:00,34,1,42140878,6994.5,6997.25,6981.5,6988.5,130276,ES.v.0
2026-02-10 17:00:00+00:00,34,1,42140878,6988.5,6998.75,6982.75,6995.25,75062,ES.v.0
2026-02-10 18:00:00+00:00,34,1,42140878,6995.5,6995.5,6969.0,6977.0,126618,ES.v.0
2026-02-10 19:00:00+00:00,34,1,42140878,6977.0,6982.25,6971.75,6978.5,75543,ES.v.0
2026-02-10 20:00:00+00:00,34,1,42140878,6978.5,6980.5,6957.0,6961.25,201072,ES.v.0
2026-02-10 21:00:00+00:00,34,1,42140878,6961.5,6970.75,6959.25,6970.5,42969,ES.v.0
2026-02-10 23:00:00+00:00,34,1,42140878,6971.5,6976.25,6969.75,6974.75,5377,ES.v.0
2026-02-11 00:00:00+00:00,34,1,42140878,6974.75,6978.75,6974.0,6977.75,3625,ES.v.0
2026-02-11 01:00:00+00:00,34,1,42140878,6977.5,6983.75,6977.5,6981.5,6301,ES.v.0
2026-02-11 02:00:00+00:00,34,1,42140878,6981.25,6983.0,6979.25,6982.0,4177,ES.v.0
2026-02-11 03:00:00+00:00,34,1,42140878,6981.75,6986.0,6979.0,6985.25,3914,ES.v.0
2026-02-11 04:00:00+00:00,34,1,42140878,6985.0,6985.75,6977.25,6979.75,3723,ES.v.0
2026-02-11 05:00:00+00:00,34,1,42140878,6979.5,6983.0,6975.0,6976.25,4039,ES.v.0
2026-02-11 06:00:00+00:00,34,1,42140878,6976.25,6980.75,6973.5,6974.0,4537,ES.v.0
2026-02-11 07:00:00+00:00,34,1,42140878,6974.0,6977.5,6971.0,6974.25,5497,ES.v.0
2026-02-11 08:00:00+00:00,34,1,42140878,6974.25,6975.75,6963.75,6972.75,11112,ES.v.0
2026-02-11 09:00:00+00:00,34,1,42140878,6972.5,6978.0,6965.75,6965.75,10252,ES.v.0
2026-02-11 10:00:00+00:00,34,1,42140878,6966.0,6966.0,6953.0,6964.25,20180,ES.v.0
2026-02-11 11:00:00+00:00,34,1,42140878,6964.25,6973.25,6963.25,6963.75,13260,ES.v.0
2026-02-11 12:00:00+00:00,34,1,42140878,6963.5,6971.25,6963.0,6967.5,13038,ES.v.0
2026-02-11 13:00:00+00:00,34,1,42140878,6967.5,7006.25,6966.5,7004.75,60503,ES.v.0
2026-02-11 14:00:00+00:00,34,1,42140878,7004.75,7011.5,6977.25,6981.0,198848,ES.v.0
2026-02-11 15:00:00+00:00,34,1,42140878,6981.25,6987.5,6931.0,6963.0,355963,ES.v.0
2026-02-11 16:00:00+00:00,34,1,42140878,6962.75,6974.0,6953.25,6960.25,170212,ES.v.0
2026-02-11 17:00:00+00:00,34,1,42140878,6960.0,6979.75,6953.25,6967.25,126693,ES.v.0
2026-02-11 18:00:00+00:00,34,1,42140878,6967.25,6969.75,6953.5,6967.0,112157,ES.v.0
2026-02-11 19:00:00+00:00,34,1,42140878,6967.0,6979.25,6960.75,6968.75,109096,ES.v.0
2026-02-11 20:00:00+00:00,34,1,42140878,6968.5,6970.5,6955.75,6958.75,168327,ES.v.0
2026-02-11 21:00:00+00:00,34,1,42140878,6959.0,6967.75,6958.25,6963.0,39843,ES.v.0
2026-02-11 23:00:00+00:00,34,1,42140878,6964.5,6968.5,6952.25,6957.5,9683,ES.v.0
2026-02-12 00:00:00+00:00,34,1,42140878,6957.25,6964.5,6953.25,6963.5,8492,ES.v.0
2026-02-12 01:00:00+00:00,34,1,42140878,6963.75,6974.25,6960.0,6970.75,11070,ES.v.0
2026-02-12 02:00:00+00:00,34,1,42140878,6970.75,6973.25,6965.5,6971.75,6171,ES.v.0
2026-02-12 03:00:00+00:00,34,1,42140878,6971.75,6978.0,6970.25,6977.25,6318,ES.v.0
2026-02-12 04:00:00+00:00,34,1,42140878,6977.25,6983.25,6976.0,6979.75,7466,ES.v.0
2026-02-12 05:00:00+00:00,34,1,42140878,6980.0,6984.25,6980.0,6982.25,5164,ES.v.0
2026-02-12 06:00:00+00:00,34,1,42140878,6982.25,6983.0,6972.5,6976.5,6834,ES.v.0
2026-02-12 07:00:00+00:00,34,1,42140878,6976.5,6983.0,6975.5,6981.75,5882,ES.v.0
2026-02-12 08:00:00+00:00,34,1,42140878,6981.75,6985.0,6974.75,6981.75,11115,ES.v.0
2026-02-12 09:00:00+00:00,34,1,42140878,6981.5,6985.75,6979.0,6983.5,8278,ES.v.0
2026-02-12 10:00:00+00:00,34,1,42140878,6983.5,6986.25,6976.25,6979.5,7831,ES.v.0
2026-02-12 11:00:00+00:00,34,1,42140878,6979.5,6984.25,6978.75,6983.5,6626,ES.v.0
2026-02-12 12:00:00+00:00,34,1,42140878,6983.25,6986.75,6978.75,6980.0,9741,ES.v.0
2026-02-12 13:00:00+00:00,34,1,42140878,6980.0,6991.5,6973.5,6986.5,22444,ES.v.0
2026-02-12 14:00:00+00:00,34,1,42140878,6986.5,6992.75,6962.0,6967.25,189592,ES.v.0
2026-02-12 15:00:00+00:00,34,1,42140878,6967.0,6976.0,6924.25,6925.0,261277,ES.v.0
2026-02-12 16:00:00+00:00,34,1,42140878,6925.0,6926.25,6873.0,6884.5,445113,ES.v.0
2026-02-12 17:00:00+00:00,34,1,42140878,6884.5,6894.0,6867.0,6867.75,232031,ES.v.0
2026-02-12 18:00:00+00:00,34,1,42140878,6867.75,6891.5,6860.0,6885.0,200778,ES.v.0
2026-02-12 19:00:00+00:00,34,1,42140878,6885.25,6898.0,6874.0,6889.75,166231,ES.v.0
2026-02-12 20:00:00+00:00,34,1,42140878,6890.0,6893.75,6842.0,6850.5,297534,ES.v.0
2026-02-12 21:00:00+00:00,34,1,42140878,6850.75,6865.0,6846.75,6861.75,65661,ES.v.0
2026-02-12 23:00:00+00:00,34,1,42140878,6865.5,6867.0,6847.25,6860.75,19767,ES.v.0
2026-02-13 00:00:00+00:00,34,1,42140878,6860.5,6868.75,6840.25,6844.75,21901,ES.v.0
2026-02-13 01:00:00+00:00,34,1,42140878,6844.75,6861.5,6844.75,6854.5,15426,ES.v.0
2026-02-13 02:00:00+00:00,34,1,42140878,6854.5,6862.5,6854.5,6857.5,7997,ES.v.0
2026-02-13 03:00:00+00:00,34,1,42140878,6857.75,6861.0,6846.5,6847.0,7135,ES.v.0
2026-02-13 04:00:00+00:00,34,1,42140878,6847.25,6858.0,6845.75,6848.75,6846,ES.v.0
2026-02-13 05:00:00+00:00,34,1,42140878,6849.0,6851.0,6835.0,6838.0,12071,ES.v.0
2026-02-13 06:00:00+00:00,34,1,42140878,6838.0,6841.75,6824.25,6838.0,14230,ES.v.0
2026-02-13 07:00:00+00:00,34,1,42140878,6838.0,6847.5,6836.75,6843.25,11668,ES.v.0
2026-02-13 08:00:00+00:00,34,1,42140878,6843.5,6849.75,6827.5,6845.75,26626,ES.v.0
2026-02-13 09:00:00+00:00,34,1,42140878,6845.75,6854.5,6837.0,6846.75,20238,ES.v.0
2026-02-13 10:00:00+00:00,34,1,42140878,6846.5,6853.75,6837.75,6838.0,14667,ES.v.0
2026-02-13 11:00:00+00:00,34,1,42140878,6838.25,6839.75,6820.0,6837.0,25719,ES.v.0
2026-02-13 12:00:00+00:00,34,1,42140878,6837.0,6843.5,6827.75,6835.5,27217,ES.v.0
2026-02-13 13:00:00+00:00,34,1,42140878,6835.25,6865.0,6821.25,6855.0,86109,ES.v.0
2026-02-13 14:00:00+00:00,34,1,42140878,6854.75,6862.75,6808.75,6833.5,316334,ES.v.0
2026-02-13 15:00:00+00:00,34,1,42140878,6833.25,6880.75,6832.75,6860.0,305989,ES.v.0
2026-02-13 16:00:00+00:00,34,1,42140878,6860.25,6890.25,6852.75,6882.5,173807,ES.v.0
2026-02-13 17:00:00+00:00,34,1,42140878,6882.5,6897.75,6879.75,6886.25,106008,ES.v.0
2026-02-13 18:00:00+00:00,34,1,42140878,6886.25,6897.75,6875.5,6881.25,106156,ES.v.0
2026-02-13 19:00:00+00:00,34,1,42140878,6881.75,6888.5,6856.75,6858.75,108746,ES.v.0
2026-02-13 20:00:00+00:00,34,1,42140878,6858.75,6867.75,6832.75,6850.0,239711,ES.v.0
2026-02-13 21:00:00+00:00,34,1,42140878,6850.25,6856.5,6845.25,6845.25,47952,ES.v.0
2026-02-15 23:00:00+00:00,34,1,42140878,6852.5,6861.5,6844.25,6860.5,9848,ES.v.0
2026-02-16 00:00:00+00:00,34,1,42140878,6860.5,6865.0,6855.75,6862.75,9204,ES.v.0
2026-02-16 01:00:00+00:00,34,1,42140878,6862.75,6870.75,6861.25,6869.0,6386,ES.v.0
2026-02-16 02:00:00+00:00,34,1,42140878,6869.0,6871.5,6862.0,6863.0,4522,ES.v.0
2026-02-16 03:00:00+00:00,34,1,42140878,6863.0,6864.25,6858.25,6862.0,3616,ES.v.0
2026-02-16 04:00:00+00:00,34,1,42140878,6862.0,6865.25,6860.75,6861.75,3881,ES.v.0
2026-02-16 05:00:00+00:00,34,1,42140878,6861.75,6863.25,6856.25,6859.0,3355,ES.v.0
2026-02-16 06:00:00+00:00,34,1,42140878,6858.75,6863.5,6856.25,6862.75,3329,ES.v.0
2026-02-16 07:00:00+00:00,34,1,42140878,6862.75,6873.0,6862.25,6870.75,5525,ES.v.0
2026-02-16 08:00:00+00:00,34,1,42140878,6871.0,6880.0,6866.75,6878.0,11127,ES.v.0
2026-02-16 09:00:00+00:00,34,1,42140878,6878.0,6885.5,6876.75,6883.5,8500,ES.v.0
2026-02-16 10:00:00+00:00,34,1,42140878,6883.25,6883.75,6876.0,6877.75,7375,ES.v.0
2026-02-16 11:00:00+00:00,34,1,42140878,6878.0,6879.0,6871.5,6876.0,4663,ES.v.0
2026-02-16 12:00:00+00:00,34,1,42140878,6876.0,6880.75,6873.25,6876.0,4287,ES.v.0
2026-02-16 13:00:00+00:00,34,1,42140878,6876.0,6878.25,6872.25,6873.75,5296,ES.v.0
2026-02-16 14:00:00+00:00,34,1,42140878,6873.5,6873.75,6846.25,6859.0,32853,ES.v.0
2026-02-16 15:00:00+00:00,34,1,42140878,6859.0,6864.0,6842.75,6843.75,23430,ES.v.0
2026-02-16 16:00:00+00:00,34,1,42140878,6844.0,6858.0,6841.0,6852.5,26690,ES.v.0
2026-02-16 17:00:00+00:00,34,1,42140878,6852.5,6859.5,6849.0,6854.25,9240,ES.v.0
2026-02-16 23:00:00+00:00,34,1,42140878,6856.0,6869.75,6852.25,6864.25,8295,ES.v.0
2026-02-17 00:00:00+00:00,34,1,42140878,6864.5,6868.0,6854.0,6855.5,7686,ES.v.0
2026-02-17 01:00:00+00:00,34,1,42140878,6855.5,6862.25,6826.0,6829.5,16830,ES.v.0
2026-02-17 02:00:00+00:00,34,1,42140878,6829.25,6834.25,6822.25,6830.25,14193,ES.v.0
2026-02-17 03:00:00+00:00,34,1,42140878,6830.5,6830.75,6813.75,6820.75,15295,ES.v.0
2026-02-17 04:00:00+00:00,34,1,42140878,6820.75,6824.25,6817.75,6822.75,5217,ES.v.0
2026-02-17 05:00:00+00:00,34,1,42140878,6822.75,6823.0,6810.0,6813.5,10271,ES.v.0
2026-02-17 06:00:00+00:00,34,1,42140878,6813.5,6825.75,6813.25,6824.25,7040,ES.v.0
2026-02-17 07:00:00+00:00,34,1,42140878,6824.25,6831.5,6814.0,6830.75,9989,ES.v.0
2026-02-17 08:00:00+00:00,34,1,42140878,6830.75,6848.0,6829.25,6832.5,21705,ES.v.0
2026-02-17 09:00:00+00:00,34,1,42140878,6832.5,6843.0,6830.25,6841.25,13555,ES.v.0
2026-02-17 10:00:00+00:00,34,1,42140878,6841.0,6843.75,6823.75,6825.75,10715,ES.v.0
2026-02-17 11:00:00+00:00,34,1,42140878,6825.75,6835.25,6821.0,6832.25,12840,ES.v.0
2026-02-17 12:00:00+00:00,34,1,42140878,6832.25,6838.75,6818.0,6819.5,19105,ES.v.0
2026-02-17 13:00:00+00:00,34,1,42140878,6819.5,6844.5,6805.75,6826.0,52268,ES.v.0
2026-02-17 14:00:00+00:00,34,1,42140878,6825.75,6862.0,6797.75,6799.75,231388,ES.v.0
2026-02-17 15:00:00+00:00,34,1,42140878,6799.75,6831.25,6791.0,6819.75,280724,ES.v.0
2026-02-17 16:00:00+00:00,34,1,42140878,6819.5,6866.75,6818.0,6858.75,228988,ES.v.0
2026-02-17 17:00:00+00:00,34,1,42140878,6858.5,6859.75,6825.25,6844.25,135998,ES.v.0
2026-02-17 18:00:00+00:00,34,1,42140878,6844.25,6881.5,6832.25,6875.25,142909,ES.v.0
2026-02-17 19:00:00+00:00,34,1,42140878,6875.25,6883.75,6868.5,6870.0,106212,ES.v.0
2026-02-17 20:00:00+00:00,34,1,42140878,6870.0,6875.5,6853.5,6862.5,195573,ES.v.0
2026-02-17 21:00:00+00:00,34,1,42140878,6862.25,6869.75,6857.75,6862.25,47602,ES.v.0
2026-02-17 23:00:00+00:00,34,1,42140878,6862.75,6864.75,6848.75,6850.25,8167,ES.v.0
2026-02-18 00:00:00+00:00,34,1,42140878,6850.25,6859.5,6849.75,6852.5,7062,ES.v.0
2026-02-18 01:00:00+00:00,34,1,42140878,6852.25,6857.25,6849.5,6857.0,5896,ES.v.0
2026-02-18 02:00:00+00:00,34,1,42140878,6857.0,6861.75,6855.0,6859.0,5037,ES.v.0
2026-02-18 03:00:00+00:00,34,1,42140878,6859.0,6867.5,6854.75,6866.25,5162,ES.v.0
2026-02-18 04:00:00+00:00,34,1,42140878,6866.25,6875.0,6864.75,6874.5,5776,ES.v.0
2026-02-18 05:00:00+00:00,34,1,42140878,6874.5,6877.25,6872.25,6873.5,3337,ES.v.0
2026-02-18 06:00:00+00:00,34,1,42140878,6873.5,6878.5,6870.5,6874.0,4602,ES.v.0
2026-02-18 07:00:00+00:00,34,1,42140878,6873.75,6878.75,6870.25,6877.25,6863,ES.v.0
2026-02-18 08:00:00+00:00,34,1,42140878,6877.25,6895.75,6877.25,6894.25,18419,ES.v.0
2026-02-18 09:00:00+00:00,34,1,42140878,6894.25,6904.0,6893.75,6896.0,18801,ES.v.0
2026-02-18 10:00:00+00:00,34,1,42140878,6896.0,6902.75,6895.25,6898.25,11467,ES.v.0
2026-02-18 11:00:00+00:00,34,1,42140878,6898.25,6899.25,6888.5,6889.5,10807,ES.v.0
2026-02-18 12:00:00+00:00,34,1,42140878,6889.5,6899.5,6874.75,6885.75,30107,ES.v.0
2026-02-18 13:00:00+00:00,34,1,42140878,6885.75,6894.0,6871.0,6873.75,26801,ES.v.0
2026-02-18 14:00:00+00:00,34,1,42140878,6873.75,6897.75,6861.5,6895.5,205160,ES.v.0
2026-02-18 15:00:00+00:00,34,1,42140878,6895.5,6921.5,6894.75,6919.5,202139,ES.v.0
2026-02-18 16:00:00+00:00,34,1,42140878,6919.25,6923.75,6908.75,6909.0,113549,ES.v.0
2026-02-18 17:00:00+00:00,34,1,42140878,6909.25,6923.0,6907.5,6919.25,80101,ES.v.0
2026-02-18 18:00:00+00:00,34,1,42140878,6919.0,6925.75,6894.25,6903.5,118573,ES.v.0
2026-02-18 19:00:00+00:00,34,1,42140878,6903.25,6907.5,6873.75,6879.25,145613,ES.v.0
2026-02-18 20:00:00+00:00,34,1,42140878,6879.5,6905.75,6872.5,6895.5,209327,ES.v.0
2026-02-18 21:00:00+00:00,34,1,42140878,6895.5,6897.0,6889.5,6892.0,38834,ES.v.0
2026-02-18 23:00:00+00:00,34,1,42140878,6891.75,6902.25,6890.5,6894.75,5914,ES.v.0
2026-02-19 00:00:00+00:00,34,1,42140878,6894.75,6896.25,6886.75,6891.75,7833,ES.v.0
2026-02-19 01:00:00+00:00,34,1,42140878,6891.5,6901.75,6890.25,6897.0,8339,ES.v.0
2026-02-19 02:00:00+00:00,34,1,42140878,6896.75,6900.0,6893.25,6897.75,4723,ES.v.0
2026-02-19 03:00:00+00:00,34,1,42140878,6897.75,6901.25,6894.5,6898.0,4534,ES.v.0
2026-02-19 04:00:00+00:00,34,1,42140878,6898.0,6900.5,6893.0,6893.5,3484,ES.v.0
2026-02-19 05:00:00+00:00,34,1,42140878,6893.5,6903.75,6890.0,6902.0,5043,ES.v.0
2026-02-19 06:00:00+00:00,34,1,42140878,6902.0,6906.5,6900.0,6906.25,5084,ES.v.0
2026-02-19 07:00:00+00:00,34,1,42140878,6906.25,6911.5,6903.75,6905.5,5847,ES.v.0
2026-02-19 08:00:00+00:00,34,1,42140878,6905.5,6912.5,6889.5,6891.75,14200,ES.v.0
2026-02-19 09:00:00+00:00,34,1,42140878,6891.75,6895.5,6872.25,6881.25,21636,ES.v.0
2026-02-19 10:00:00+00:00,34,1,42140878,6881.25,6882.25,6866.25,6873.0,21223,ES.v.0
2026-02-19 11:00:00+00:00,34,1,42140878,6873.0,6879.75,6869.0,6878.75,13358,ES.v.0
2026-02-19 12:00:00+00:00,34,1,42140878,6878.5,6886.25,6868.0,6879.75,20434,ES.v.0
2026-02-19 13:00:00+00:00,34,1,42140878,6879.75,6881.5,6862.0,6872.0,31395,ES.v.0
2026-02-19 14:00:00+00:00,34,1,42140878,6871.75,6890.75,6857.0,6882.5,189166,ES.v.0
2026-02-19 15:00:00+00:00,34,1,42140878,6882.75,6894.5,6869.75,6886.0,205220,ES.v.0
2026-02-19 16:00:00+00:00,34,1,42140878,6886.0,6891.0,6859.5,6867.75,142463,ES.v.0
2026-02-19 17:00:00+00:00,34,1,42140878,6867.75,6880.5,6853.5,6856.5,119501,ES.v.0
2026-02-19 18:00:00+00:00,34,1,42140878,6856.5,6871.0,6847.75,6869.75,111351,ES.v.0
2026-02-19 19:00:00+00:00,34,1,42140878,6869.75,6873.0,6851.0,6857.75,99395,ES.v.0
2026-02-19 20:00:00+00:00,34,1,42140878,6857.5,6878.75,6857.5,6878.25,145516,ES.v.0
2026-02-19 21:00:00+00:00,34,1,42140878,6878.0,6883.5,6871.25,6872.25,48003,ES.v.0
2026-02-19 23:00:00+00:00,34,1,42140878,6874.25,6882.5,6871.25,6880.0,6394,ES.v.0
2026-02-20 00:00:00+00:00,34,1,42140878,6880.25,6887.5,6876.0,6886.5,10088,ES.v.0
2026-02-20 01:00:00+00:00,34,1,42140878,6886.75,6892.75,6886.0,6888.5,9141,ES.v.0
2026-02-20 02:00:00+00:00,34,1,42140878,6888.5,6893.5,6883.75,6888.0,7455,ES.v.0
2026-02-20 03:00:00+00:00,34,1,42140878,6887.75,6890.0,6886.25,6886.5,4263,ES.v.0
2026-02-20 04:00:00+00:00,34,1,42140878,6886.5,6891.25,6885.5,6889.25,4410,ES.v.0
2026-02-20 05:00:00+00:00,34,1,42140878,6889.0,6898.25,6889.0,6897.5,5608,ES.v.0
2026-02-20 06:00:00+00:00,34,1,42140878,6897.5,6900.0,6894.75,6897.0,4768,ES.v.0
2026-02-20 07:00:00+00:00,34,1,42140878,6896.75,6899.0,6890.25,6893.0,5660,ES.v.0
2026-02-20 08:00:00+00:00,34,1,42140878,6893.0,6896.75,6887.25,6895.75,10730,ES.v.0
2026-02-20 09:00:00+00:00,34,1,42140878,6895.5,6904.75,6891.5,6892.5,11998,ES.v.0
2026-02-20 10:00:00+00:00,34,1,42140878,6892.75,6894.25,6882.75,6882.75,9604,ES.v.0
2026-02-20 11:00:00+00:00,34,1,42140878,6883.0,6883.0,6866.0,6869.0,19783,ES.v.0
2026-02-20 12:00:00+00:00,34,1,42140878,6868.75,6874.25,6860.5,6869.75,26173,ES.v.0
2026-02-20 13:00:00+00:00,34,1,42140878,6869.75,6877.5,6851.25,6861.5,42325,ES.v.0
2026-02-20 14:00:00+00:00,34,1,42140878,6861.5,6884.0,6847.25,6878.75,196793,ES.v.0
2026-02-20 15:00:00+00:00,34,1,42140878,6880.0,6925.0,6872.25,6919.0,370015,ES.v.0
2026-02-20 16:00:00+00:00,34,1,42140878,6919.0,6923.25,6889.25,6916.75,207043,ES.v.0
2026-02-20 17:00:00+00:00,34,1,42140878,6916.5,6919.75,6871.0,6905.25,227767,ES.v.0
2026-02-20 18:00:00+00:00,34,1,42140878,6905.0,6931.5,6887.75,6924.0,238960,ES.v.0
2026-02-20 19:00:00+00:00,34,1,42140878,6924.25,6929.0,6908.75,6911.25,106516,ES.v.0
2026-02-20 20:00:00+00:00,34,1,42140878,6911.5,6926.25,6911.0,6924.75,160155,ES.v.0
2026-02-20 21:00:00+00:00,34,1,42140878,6924.75,6929.0,6922.5,6924.75,49374,ES.v.0
2026-02-22 23:00:00+00:00,34,1,42140878,6918.0,6923.0,6900.25,6906.25,16713,ES.v.0
2026-02-23 00:00:00+00:00,34,1,42140878,6906.0,6906.0,6878.25,6879.25,18902,ES.v.0
2026-02-23 01:00:00+00:00,34,1,42140878,6879.25,6885.25,6874.75,6875.5,19930,ES.v.0
2026-02-23 02:00:00+00:00,34,1,42140878,6875.25,6878.5,6870.25,6874.5,10439,ES.v.0
2026-02-23 03:00:00+00:00,34,1,42140878,6874.5,6878.0,6869.0,6872.75,7651,ES.v.0
2026-02-23 04:00:00+00:00,34,1,42140878,6873.0,6875.25,6867.5,6871.5,5206,ES.v.0
2026-02-23 05:00:00+00:00,34,1,42140878,6871.5,6875.0,6867.5,6874.0,5988,ES.v.0
2026-02-23 06:00:00+00:00,34,1,42140878,6874.25,6879.75,6873.0,6879.25,5607,ES.v.0
2026-02-23 07:00:00+00:00,34,1,42140878,6879.25,6887.75,6878.5,6885.5,9621,ES.v.0
2026-02-23 08:00:00+00:00,34,1,42140878,6885.75,6891.75,6881.75,6891.0,12083,ES.v.0
2026-02-23 09:00:00+00:00,34,1,42140878,6891.25,6910.0,6891.25,6907.5,16933,ES.v.0
2026-02-23 10:00:00+00:00,34,1,42140878,6908.0,6913.25,6899.75,6906.5,13123,ES.v.0
2026-02-23 11:00:00+00:00,34,1,42140878,6906.75,6911.25,6892.75,6897.5,11184,ES.v.0
2026-02-23 12:00:00+00:00,34,1,42140878,6897.25,6900.75,6886.25,6889.5,18074,ES.v.0
2026-02-23 13:00:00+00:00,34,1,42140878,6889.5,6903.5,6886.0,6899.75,25253,ES.v.0
2026-02-23 14:00:00+00:00,34,1,42140878,6899.75,6930.25,6892.5,6894.5,186707,ES.v.0
2026-02-23 15:00:00+00:00,34,1,42140878,6894.5,6902.0,6851.0,6852.0,259990,ES.v.0
2026-02-23 16:00:00+00:00,34,1,42140878,6851.75,6860.25,6832.75,6849.0,207310,ES.v.0
2026-02-23 17:00:00+00:00,34,1,42140878,6849.0,6854.25,6835.0,6850.0,102645,ES.v.0
2026-02-23 18:00:00+00:00,34,1,42140878,6849.75,6869.25,6847.75,6849.5,106581,ES.v.0
2026-02-23 19:00:00+00:00,34,1,42140878,6849.5,6852.25,6834.75,6840.0,95253,ES.v.0
2026-02-23 20:00:00+00:00,34,1,42140878,6840.0,6854.5,6835.75,6854.0,202919,ES.v.0
2026-02-23 21:00:00+00:00,34,1,42140878,6854.25,6859.0,6851.0,6858.25,50405,ES.v.0
2026-02-23 23:00:00+00:00,34,1,42140878,6858.25,6864.0,6854.75,6857.25,9712,ES.v.0
2026-02-24 00:00:00+00:00,34,1,42140878,6857.25,6863.25,6853.0,6861.25,10497,ES.v.0
2026-02-24 01:00:00+00:00,34,1,42140878,6861.25,6863.75,6856.75,6862.0,7874,ES.v.0
2026-02-24 02:00:00+00:00,34,1,42140878,6862.0,6872.25,6860.5,6870.25,8498,ES.v.0
2026-02-24 03:00:00+00:00,34,1,42140878,6870.25,6872.5,6869.5,6870.5,5515,ES.v.0
2026-02-24 04:00:00+00:00,34,1,42140878,6870.25,6873.0,6868.75,6872.0,4733,ES.v.0
2026-02-24 05:00:00+00:00,34,1,42140878,6872.0,6875.0,6862.75,6865.25,7029,ES.v.0
2026-02-24 06:00:00+00:00,34,1,42140878,6865.25,6867.75,6861.75,6866.75,5811,ES.v.0
2026-02-24 07:00:00+00:00,34,1,42140878,6866.5,6873.0,6865.5,6866.25,6984,ES.v.0
2026-02-24 08:00:00+00:00,34,1,42140878,6866.25,6866.5,6850.25,6855.75,17699,ES.v.0
2026-02-24 09:00:00+00:00,34,1,42140878,6855.75,6868.25,6855.5,6868.0,12517,ES.v.0
2026-02-24 10:00:00+00:00,34,1,42140878,6868.0,6871.25,6862.5,6866.0,7786,ES.v.0
2026-02-24 11:00:00+00:00,34,1,42140878,6866.25,6869.25,6859.75,6864.5,9772,ES.v.0
2026-02-24 12:00:00+00:00,34,1,42140878,6864.5,6871.5,6845.75,6850.0,27985,ES.v.0
2026-02-24 13:00:00+00:00,34,1,42140878,6850.25,6866.25,6849.25,6863.25,25568,ES.v.0
2026-02-24 14:00:00+00:00,34,1,42140878,6863.25,6883.75,6828.5,6861.0,229140,ES.v.0
2026-02-24 15:00:00+00:00,34,1,42140878,6861.0,6895.0,6848.75,6883.0,246322,ES.v.0
2026-02-24 16:00:00+00:00,34,1,42140878,6882.75,6898.25,6880.75,6894.0,136471,ES.v.0
2026-02-24 17:00:00+00:00,34,1,42140878,6893.75,6907.5,6893.25,6903.25,106407,ES.v.0
2026-02-24 18:00:00+00:00,34,1,42140878,6903.25,6910.5,6898.0,6903.75,81294,ES.v.0
2026-02-24 19:00:00+00:00,34,1,42140878,6903.75,6906.0,6895.75,6900.75,87522,ES.v.0
2026-02-24 20:00:00+00:00,34,1,42140878,6900.5,6912.75,6894.0,6903.25,185608,ES.v.0
2026-02-24 21:00:00+00:00,34,1,42140878,6903.0,6905.0,6899.0,6900.0,35293,ES.v.0
2026-02-24 23:00:00+00:00,34,1,42140878,6900.25,6906.0,6895.75,6904.25,6114,ES.v.0
2026-02-25 00:00:00+00:00,34,1,42140878,6904.25,6909.75,6899.25,6908.5,7048,ES.v.0
2026-02-25 01:00:00+00:00,34,1,42140878,6908.5,6916.25,6907.0,6914.5,9387,ES.v.0
2026-02-25 02:00:00+00:00,34,1,42140878,6914.5,6917.5,6912.25,6916.75,6853,ES.v.0
2026-02-25 03:00:00+00:00,34,1,42140878,6916.75,6916.75,6892.25,6910.0,15187,ES.v.0
2026-02-25 04:00:00+00:00,34,1,42140878,6910.0,6910.25,6903.25,6906.25,5872,ES.v.0
2026-02-25 05:00:00+00:00,34,1,42140878,6906.5,6910.25,6902.75,6904.25,4326,ES.v.0
2026-02-25 06:00:00+00:00,34,1,42140878,6904.0,6909.5,6902.5,6905.5,4622,ES.v.0
2026-02-25 07:00:00+00:00,34,1,42140878,6905.75,6908.25,6901.0,6903.5,4750,ES.v.0
2026-02-25 08:00:00+00:00,34,1,42140878,6903.75,6914.5,6903.75,6912.25,10092,ES.v.0
2026-02-25 09:00:00+00:00,34,1,42140878,6912.0,6915.75,6909.0,6914.75,6987,ES.v.0
2026-02-25 10:00:00+00:00,34,1,42140878,6915.0,6917.5,6911.0,6912.25,7627,ES.v.0
2026-02-25 11:00:00+00:00,34,1,42140878,6912.25,6924.25,6911.25,6924.0,9750,ES.v.0
2026-02-25 12:00:00+00:00,34,1,42140878,6923.75,6928.75,6920.0,6926.25,16058,ES.v.0
2026-02-25 13:00:00+00:00,34,1,42140878,6926.25,6929.5,6922.0,6927.0,16417,ES.v.0
2026-02-25 14:00:00+00:00,34,1,42140878,6927.25,6949.0,6926.75,6942.0,170487,ES.v.0
2026-02-25 15:00:00+00:00,34,1,42140878,6942.0,6944.75,6930.25,6937.0,152934,ES.v.0
2026-02-25 16:00:00+00:00,34,1,42140878,6937.0,6953.0,6935.75,6949.25,122032,ES.v.0
2026-02-25 17:00:00+00:00,34,1,42140878,6949.5,6954.75,6946.75,6954.5,73609,ES.v.0
2026-02-25 18:00:00+00:00,34,1,42140878,6954.5,6956.0,6950.75,6953.75,47893,ES.v.0
2026-02-25 19:00:00+00:00,34,1,42140878,6954.0,6962.0,6953.75,6959.5,63947,ES.v.0
2026-02-25 20:00:00+00:00,34,1,42140878,6959.5,6965.75,6956.0,6959.5,172604,ES.v.0
2026-02-25 21:00:00+00:00,34,1,42140878,6959.5,6983.75,6958.25,6975.5,63286,ES.v.0
2026-02-25 23:00:00+00:00,34,1,42140878,6965.0,6969.25,6941.75,6948.5,18896,ES.v.0
2026-02-26 00:00:00+00:00,34,1,42140878,6948.5,6954.75,6946.0,6950.0,9974,ES.v.0
2026-02-26 01:00:00+00:00,34,1,42140878,6950.0,6952.5,6941.25,6951.5,10060,ES.v.0
2026-02-26 02:00:00+00:00,34,1,42140878,6951.5,6952.75,6946.25,6949.5,5736,ES.v.0
2026-02-26 03:00:00+00:00,34,1,42140878,6949.5,6953.25,6947.5,6949.0,3454,ES.v.0
2026-02-26 04:00:00+00:00,34,1,42140878,6949.0,6950.5,6947.25,6948.25,3260,ES.v.0
2026-02-26 05:00:00+00:00,34,1,42140878,6948.25,6948.5,6943.75,6947.0,5118,ES.v.0
2026-02-26 06:00:00+00:00,34,1,42140878,6947.25,6954.0,6947.0,6949.75,5626,ES.v.0
2026-02-26 07:00:00+00:00,34,1,42140878,6949.75,6955.75,6949.5,6951.25,6593,ES.v.0
2026-02-26 08:00:00+00:00,34,1,42140878,6951.25,6960.25,6950.5,6952.75,9622,ES.v.0
2026-02-26 09:00:00+00:00,34,1,42140878,6952.75,6963.5,6951.75,6958.75,8231,ES.v.0
2026-02-26 10:00:00+00:00,34,1,42140878,6958.75,6960.75,6951.5,6953.5,7064,ES.v.0
2026-02-26 11:00:00+00:00,34,1,42140878,6953.75,6958.75,6952.25,6957.25,6522,ES.v.0
2026-02-26 12:00:00+00:00,34,1,42140878,6957.0,6965.25,6956.75,6962.0,11827,ES.v.0
2026-02-26 13:00:00+00:00,34,1,42140878,6962.0,6970.75,6960.75,6966.5,18460,ES.v.0
2026-02-26 14:00:00+00:00,34,1,42140878,6966.5,6968.25,6931.75,6934.5,192436,ES.v.0
2026-02-26 15:00:00+00:00,34,1,42140878,6934.5,6938.25,6870.75,6905.0,387917,ES.v.0
2026-02-26 16:00:00+00:00,34,1,42140878,6904.75,6918.75,6887.75,6889.75,182545,ES.v.0
2026-02-26 17:00:00+00:00,34,1,42140878,6889.75,6898.5,6877.5,6881.75,112645,ES.v.0
2026-02-26 18:00:00+00:00,34,1,42140878,6882.0,6909.75,6874.25,6901.75,144756,ES.v.0
2026-02-26 19:00:00+00:00,34,1,42140878,6901.75,6924.75,6899.25,6918.25,120006,ES.v.0
2026-02-26 20:00:00+00:00,34,1,42140878,6918.25,6926.25,6914.0,6921.5,170619,ES.v.0
2026-02-26 21:00:00+00:00,34,1,42140878,6921.25,6922.5,6902.75,6903.75,47068,ES.v.0
2026-02-26 23:00:00+00:00,34,1,42140878,6899.0,6900.75,6882.5,6892.5,18392,ES.v.0
2026-02-27 00:00:00+00:00,34,1,42140878,6892.5,6899.25,6883.0,6890.75,11593,ES.v.0
2026-02-27 01:00:00+00:00,34,1,42140878,6891.0,6897.25,6887.75,6892.75,9132,ES.v.0
2026-02-27 02:00:00+00:00,34,1,42140878,6893.0,6899.75,6892.75,6899.5,7704,ES.v.0
2026-02-27 03:00:00+00:00,34,1,42140878,6899.5,6900.25,6894.0,6898.25,4905,ES.v.0
2026-02-27 04:00:00+00:00,34,1,42140878,6898.5,6901.5,6896.25,6899.25,4189,ES.v.0
2026-02-27 05:00:00+00:00,34,1,42140878,6899.0,6907.0,6899.0,6901.25,5541,ES.v.0
2026-02-27 06:00:00+00:00,34,1,42140878,6901.5,6903.25,6892.5,6900.5,6335,ES.v.0
2026-02-27 07:00:00+00:00,34,1,42140878,6900.5,6908.25,6900.5,6907.0,6798,ES.v.0
2026-02-27 08:00:00+00:00,34,1,42140878,6907.0,6911.25,6899.75,6907.5,11315,ES.v.0
2026-02-27 09:00:00+00:00,34,1,42140878,6907.5,6915.5,6900.25,6901.5,15458,ES.v.0
2026-02-27 10:00:00+00:00,34,1,42140878,6901.5,6902.5,6887.0,6894.5,14937,ES.v.0
2026-02-27 11:00:00+00:00,34,1,42140878,6894.75,6896.5,6878.5,6885.0,14538,ES.v.0
2026-02-27 12:00:00+00:00,34,1,42140878,6885.0,6893.75,6873.75,6877.75,24892,ES.v.0
2026-02-27 13:00:00+00:00,34,1,42140878,6877.75,6882.5,6851.0,6865.5,58960,ES.v.0
2026-02-27 14:00:00+00:00,34,1,42140878,6865.75,6867.5,6841.5,6853.5,215666,ES.v.0
2026-02-27 15:00:00+00:00,34,1,42140878,6853.5,6885.75,6851.5,6877.25,213295,ES.v.0
2026-02-27 16:00:00+00:00,34,1,42140878,6877.5,6888.25,6870.75,6873.75,148488,ES.v.0
2026-02-27 17:00:00+00:00,34,1,42140878,6873.75,6888.25,6858.0,6869.25,147735,ES.v.0
2026-02-27 18:00:00+00:00,34,1,42140878,6869.0,6872.25,6855.75,6865.0,90845,ES.v.0
2026-02-27 19:00:00+00:00,34,1,42140878,6864.75,6875.25,6855.0,6858.5,99364,ES.v.0
2026-02-27 20:00:00+00:00,34,1,42140878,6858.5,6894.0,6858.5,6888.25,359807,ES.v.0
2026-02-27 21:00:00+00:00,34,1,42140878,6888.25,6889.0,6873.0,6875.25,82797,ES.v.0
2026-03-01 23:00:00+00:00,34,1,42140878,6820.0,6838.5,6811.25,6816.75,54116,ES.v.0
2026-03-02 00:00:00+00:00,34,1,42140878,6817.0,6831.5,6809.25,6829.75,30605,ES.v.0
2026-03-02 01:00:00+00:00,34,1,42140878,6829.5,6857.0,6829.0,6849.75,33830,ES.v.0
2026-03-02 02:00:00+00:00,34,1,42140878,6849.75,6853.0,6835.0,6840.0,16489,ES.v.0
2026-03-02 03:00:00+00:00,34,1,42140878,6840.25,6843.25,6835.0,6836.75,9018,ES.v.0
2026-03-02 04:00:00+00:00,34,1,42140878,6837.0,6844.25,6827.25,6830.5,14755,ES.v.0
2026-03-02 05:00:00+00:00,34,1,42140878,6830.5,6833.0,6814.5,6815.25,11001,ES.v.0
2026-03-02 06:00:00+00:00,34,1,42140878,6815.25,6820.25,6787.0,6798.5,22889,ES.v.0
2026-03-02 07:00:00+00:00,34,1,42140878,6798.5,6801.75,6782.25,6784.5,29012,ES.v.0
2026-03-02 08:00:00+00:00,34,1,42140878,6784.75,6800.25,6768.5,6792.25,47678,ES.v.0
2026-03-02 09:00:00+00:00,34,1,42140878,6792.0,6817.75,6789.25,6812.5,36357,ES.v.0
2026-03-02 10:00:00+00:00,34,1,42140878,6812.25,6826.5,6812.0,6818.75,26966,ES.v.0
2026-03-02 11:00:00+00:00,34,1,42140878,6819.0,6831.5,6812.5,6820.0,22351,ES.v.0
2026-03-02 12:00:00+00:00,34,1,42140878,6819.5,6824.25,6805.0,6811.25,30488,ES.v.0
2026-03-02 13:00:00+00:00,34,1,42140878,6811.25,6833.25,6804.25,6807.5,44062,ES.v.0
2026-03-02 14:00:00+00:00,34,1,42140878,6807.75,6858.0,6802.25,6853.75,245633,ES.v.0
2026-03-02 15:00:00+00:00,34,1,42140878,6853.75,6877.75,6843.75,6866.0,255694,ES.v.0
2026-03-02 16:00:00+00:00,34,1,42140878,6866.0,6894.5,6853.25,6887.0,200045,ES.v.0
2026-03-02 17:00:00+00:00,34,1,42140878,6887.0,6897.75,6881.5,6896.75,100486,ES.v.0
2026-03-02 18:00:00+00:00,34,1,42140878,6896.75,6898.75,6876.25,6877.0,88366,ES.v.0
2026-03-02 19:00:00+00:00,34,1,42140878,6876.75,6911.25,6876.0,6906.5,119657,ES.v.0
2026-03-02 20:00:00+00:00,34,1,42140878,6906.75,6908.0,6872.75,6887.25,283604,ES.v.0
2026-03-02 21:00:00+00:00,34,1,42140878,6887.0,6888.25,6878.5,6884.5,49871,ES.v.0
2026-03-02 23:00:00+00:00,34,1,42140878,6883.5,6886.0,6870.75,6877.0,10781,ES.v.0
2026-03-03 00:00:00+00:00,34,1,42140878,6877.0,6879.75,6866.0,6867.25,9269,ES.v.0
2026-03-03 01:00:00+00:00,34,1,42140878,6867.25,6875.5,6853.25,6854.25,17120,ES.v.0
2026-03-03 02:00:00+00:00,34,1,42140878,6854.25,6855.75,6840.0,6850.5,23930,ES.v.0
2026-03-03 03:00:00+00:00,34,1,42140878,6850.5,6855.75,6841.75,6848.75,12685,ES.v.0
2026-03-03 04:00:00+00:00,34,1,42140878,6848.75,6852.0,6834.5,6837.5,11260,ES.v.0
2026-03-03 05:00:00+00:00,34,1,42140878,6837.75,6841.75,6828.75,6831.0,18988,ES.v.0
2026-03-03 06:00:00+00:00,34,1,42140878,6831.25,6836.75,6824.5,6827.75,18178,ES.v.0
2026-03-03 07:00:00+00:00,34,1,42140878,6827.75,6830.75,6812.25,6814.0,18663,ES.v.0
2026-03-03 08:00:00+00:00,34,1,42140878,6813.75,6816.25,6775.75,6777.75,54921,ES.v.0
2026-03-03 09:00:00+00:00,34,1,42140878,6777.75,6794.5,6766.25,6767.75,49398,ES.v.0
2026-03-03 10:00:00+00:00,34,1,42140878,6767.75,6773.75,6751.0,6764.25,55069,ES.v.0
2026-03-03 11:00:00+00:00,34,1,42140878,6763.75,6780.0,6742.75,6773.75,52122,ES.v.0
2026-03-03 12:00:00+00:00,34,1,42140878,6773.75,6801.0,6771.5,6793.0,54199,ES.v.0
2026-03-03 13:00:00+00:00,34,1,42140878,6793.5,6795.5,6759.25,6768.75,64058,ES.v.0
2026-03-03 14:00:00+00:00,34,1,42140878,6769.0,6794.0,6741.5,6746.25,289018,ES.v.0
2026-03-03 15:00:00+00:00,34,1,42140878,6746.25,6762.0,6718.75,6741.75,330143,ES.v.0
2026-03-03 16:00:00+00:00,34,1,42140878,6742.0,6807.75,6739.75,6798.75,290974,ES.v.0
2026-03-03 17:00:00+00:00,34,1,42140878,6798.5,6808.0,6783.75,6797.25,165447,ES.v.0
2026-03-03 18:00:00+00:00,34,1,42140878,6797.0,6842.75,6797.0,6836.25,189893,ES.v.0
2026-03-03 19:00:00+00:00,34,1,42140878,6836.25,6849.75,6816.0,6836.0,190979,ES.v.0
2026-03-03 20:00:00+00:00,34,1,42140878,6836.0,6843.25,6815.25,6825.75,211632,ES.v.0
2026-03-03 21:00:00+00:00,34,1,42140878,6826.0,6826.5,6809.75,6814.0,46082,ES.v.0
2026-03-03 23:00:00+00:00,34,1,42140878,6813.25,6824.75,6805.5,6810.5,12745,ES.v.0
2026-03-04 00:00:00+00:00,34,1,42140878,6811.0,6833.0,6806.0,6821.0,22997,ES.v.0
2026-03-04 01:00:00+00:00,34,1,42140878,6821.0,6826.25,6795.25,6806.75,26884,ES.v.0
2026-03-04 02:00:00+00:00,34,1,42140878,6807.0,6812.5,6787.75,6799.75,20517,ES.v.0
2026-03-04 03:00:00+00:00,34,1,42140878,6799.75,6800.0,6777.5,6793.5,19258,ES.v.0
2026-03-04 04:00:00+00:00,34,1,42140878,6793.25,6802.0,6786.75,6792.0,13058,ES.v.0
2026-03-04 05:00:00+00:00,34,1,42140878,6792.5,6798.25,6780.25,6788.5,12987,ES.v.0
2026-03-04 06:00:00+00:00,34,1,42140878,6788.5,6795.0,6773.5,6790.75,15947,ES.v.0
2026-03-04 07:00:00+00:00,34,1,42140878,6790.5,6812.25,6782.5,6807.25,17378,ES.v.0
2026-03-04 08:00:00+00:00,34,1,42140878,6807.5,6813.0,6795.25,6803.5,27415,ES.v.0
2026-03-04 09:00:00+00:00,34,1,42140878,6803.75,6826.5,6797.0,6825.0,25155,ES.v.0
2026-03-04 10:00:00+00:00,34,1,42140878,6825.0,6848.5,6821.75,6842.75,50298,ES.v.0
2026-03-04 11:00:00+00:00,34,1,42140878,6843.0,6855.0,6832.25,6832.5,30588,ES.v.0
2026-03-04 12:00:00+00:00,34,1,42140878,6832.75,6843.0,6813.0,6827.75,37513,ES.v.0
2026-03-04 13:00:00+00:00,34,1,42140878,6827.75,6856.75,6827.0,6848.25,58933,ES.v.0
2026-03-04 14:00:00+00:00,34,1,42140878,6847.75,6857.75,6817.75,6836.25,183328,ES.v.0
2026-03-04 15:00:00+00:00,34,1,42140878,6836.25,6886.25,6831.0,6881.0,235062,ES.v.0
2026-03-04 16:00:00+00:00,34,1,42140878,6881.25,6889.75,6864.25,6880.5,173503,ES.v.0
2026-03-04 17:00:00+00:00,34,1,42140878,6880.75,6887.25,6868.5,6885.0,100674,ES.v.0
2026-03-04 18:00:00+00:00,34,1,42140878,6885.0,6891.75,6876.5,6888.5,88480,ES.v.0
2026-03-04 19:00:00+00:00,34,1,42140878,6888.5,6894.0,6886.75,6891.25,72687,ES.v.0
2026-03-04 20:00:00+00:00,34,1,42140878,6891.0,6893.0,6873.0,6873.0,189565,ES.v.0
2026-03-04 21:00:00+00:00,34,1,42140878,6873.0,6882.25,6866.0,6879.0,57472,ES.v.0
2026-03-04 23:00:00+00:00,34,1,42140878,6883.25,6889.25,6878.25,6885.5,10532,ES.v.0
2026-03-05 00:00:00+00:00,34,1,42140878,6885.25,6900.75,6883.75,6892.5,15707,ES.v.0
2026-03-05 01:00:00+00:00,34,1,42140878,6892.5,6893.25,6857.25,6863.5,26164,ES.v.0
2026-03-05 02:00:00+00:00,34,1,42140878,6863.5,6873.0,6857.25,6865.5,15969,ES.v.0
2026-03-05 03:00:00+00:00,34,1,42140878,6865.5,6868.25,6850.25,6856.75,14916,ES.v.0
2026-03-05 04:00:00+00:00,34,1,42140878,6856.25,6869.5,6853.25,6868.5,9308,ES.v.0
2026-03-05 05:00:00+00:00,34,1,42140878,6868.5,6869.0,6854.0,6854.5,6924,ES.v.0
2026-03-05 06:00:00+00:00,34,1,42140878,6854.5,6867.0,6844.5,6866.75,16345,ES.v.0
2026-03-05 07:00:00+00:00,34,1,42140878,6866.75,6868.25,6855.5,6863.25,13081,ES.v.0
2026-03-05 08:00:00+00:00,34,1,42140878,6863.25,6864.25,6840.5,6858.0,26296,ES.v.0
2026-03-05 09:00:00+00:00,34,1,42140878,6857.75,6894.0,6856.25,6871.5,48494,ES.v.0
2026-03-05 10:00:00+00:00,34,1,42140878,6871.75,6878.0,6865.0,6869.75,14493,ES.v.0
2026-03-05 11:00:00+00:00,34,1,42140878,6870.0,6880.5,6865.5,6867.0,16170,ES.v.0
2026-03-05 12:00:00+00:00,34,1,42140878,6867.25,6880.75,6856.5,6862.75,23862,ES.v.0
2026-03-05 13:00:00+00:00,34,1,42140878,6863.0,6864.5,6842.75,6844.5,36824,ES.v.0
2026-03-05 14:00:00+00:00,34,1,42140878,6844.75,6873.0,6835.75,6872.75,197719,ES.v.0
2026-03-05 15:00:00+00:00,34,1,42140878,6872.5,6877.5,6814.25,6842.75,257080,ES.v.0
2026-03-05 16:00:00+00:00,34,1,42140878,6843.0,6845.25,6811.0,6831.75,186179,ES.v.0
2026-03-05 17:00:00+00:00,34,1,42140878,6832.0,6845.75,6781.0,6785.75,223874,ES.v.0
2026-03-05 18:00:00+00:00,34,1,42140878,6785.5,6803.75,6779.25,6787.25,167496,ES.v.0
2026-03-05 19:00:00+00:00,34,1,42140878,6787.25,6799.25,6777.0,6791.75,138358,ES.v.0
2026-03-05 20:00:00+00:00,34,1,42140878,6791.75,6839.0,6784.75,6835.0,305148,ES.v.0
2026-03-05 21:00:00+00:00,34,1,42140878,6835.0,6835.5,6821.5,6824.75,52078,ES.v.0
2026-03-05 23:00:00+00:00,34,1,42140878,6826.0,6843.0,6822.25,6841.0,10301,ES.v.0
2026-03-06 00:00:00+00:00,34,1,42140878,6841.0,6850.25,6840.75,6842.75,10561,ES.v.0
2026-03-06 01:00:00+00:00,34,1,42140878,6842.25,6845.75,6833.25,6839.0,12035,ES.v.0
2026-03-06 02:00:00+00:00,34,1,42140878,6839.0,6847.5,6836.5,6836.75,8147,ES.v.0
2026-03-06 03:00:00+00:00,34,1,42140878,6836.75,6848.0,6836.75,6847.25,6031,ES.v.0
2026-03-06 04:00:00+00:00,34,1,42140878,6847.25,6853.0,6843.5,6847.25,5668,ES.v.0
2026-03-06 05:00:00+00:00,34,1,42140878,6847.25,6854.0,6845.5,6847.25,5989,ES.v.0
2026-03-06 06:00:00+00:00,34,1,42140878,6847.5,6850.75,6842.25,6843.75,5911,ES.v.0
2026-03-06 07:00:00+00:00,34,1,42140878,6843.75,6850.5,6840.25,6847.5,7046,ES.v.0
2026-03-06 08:00:00+00:00,34,1,42140878,6847.5,6848.0,6829.25,6837.75,19077,ES.v.0
2026-03-06 09:00:00+00:00,34,1,42140878,6838.0,6840.25,6798.5,6805.5,33716,ES.v.0
2026-03-06 10:00:00+00:00,34,1,42140878,6805.75,6822.25,6805.0,6814.75,21951,ES.v.0
2026-03-06 11:00:00+00:00,34,1,42140878,6814.75,6817.75,6789.25,6793.75,32910,ES.v.0
2026-03-06 12:00:00+00:00,34,1,42140878,6793.75,6802.25,6783.75,6789.75,39511,ES.v.0
2026-03-06 13:00:00+00:00,34,1,42140878,6789.5,6805.5,6738.25,6745.0,111304,ES.v.0
2026-03-06 14:00:00+00:00,34,1,42140878,6745.0,6759.25,6715.75,6727.25,281979,ES.v.0
2026-03-06 15:00:00+00:00,34,1,42140878,6727.5,6778.0,6726.0,6768.0,270193,ES.v.0
2026-03-06 16:00:00+00:00,34,1,42140878,6768.0,6779.0,6752.75,6768.5,182344,ES.v.0
2026-03-06 17:00:00+00:00,34,1,42140878,6768.75,6777.5,6739.0,6749.5,135494,ES.v.0
2026-03-06 18:00:00+00:00,34,1,42140878,6749.75,6780.5,6748.25,6759.0,145558,ES.v.0
2026-03-06 19:00:00+00:00,34,1,42140878,6759.25,6775.25,6756.5,6768.75,113323,ES.v.0
2026-03-06 20:00:00+00:00,34,1,42140878,6768.5,6778.75,6729.25,6742.5,285534,ES.v.0
2026-03-06 21:00:00+00:00,34,1,42140878,6742.5,6745.25,6730.0,6740.0,74491,ES.v.0
2026-03-08 22:00:00+00:00,34,1,42140878,6685.5,6693.0,6612.0,6641.0,64412,ES.v.0
2026-03-08 23:00:00+00:00,34,1,42140878,6641.0,6646.75,6620.25,6628.25,29087,ES.v.0
2026-03-09 00:00:00+00:00,34,1,42140878,6628.5,6637.75,6613.0,6619.0,34232,ES.v.0
2026-03-09 01:00:00+00:00,34,1,42140878,6619.5,6623.0,6589.75,6590.75,39833,ES.v.0
2026-03-09 02:00:00+00:00,34,1,42140878,6591.0,6608.75,6584.5,6603.5,32731,ES.v.0
2026-03-09 03:00:00+00:00,34,1,42140878,6603.5,6614.5,6602.75,6609.25,24660,ES.v.0
2026-03-09 04:00:00+00:00,34,1,42140878,6609.5,6621.0,6609.5,6611.25,17325,ES.v.0
2026-03-09 05:00:00+00:00,34,1,42140878,6611.75,6643.75,6608.25,6642.25,28045,ES.v.0
2026-03-09 06:00:00+00:00,34,1,42140878,6642.5,6651.75,6629.0,6632.75,26770,ES.v.0
2026-03-09 07:00:00+00:00,34,1,42140878,6632.5,6648.5,6624.25,6642.75,28212,ES.v.0
2026-03-09 08:00:00+00:00,34,1,42140878,6643.0,6660.5,6633.75,6656.5,57310,ES.v.0
2026-03-09 09:00:00+00:00,34,1,42140878,6656.75,6701.5,6649.25,6683.25,60289,ES.v.0
2026-03-09 10:00:00+00:00,34,1,42140878,6683.25,6686.25,6661.5,6667.0,39847,ES.v.0
2026-03-09 11:00:00+00:00,34,1,42140878,6667.25,6677.5,6660.75,6668.25,33497,ES.v.0
2026-03-09 12:00:00+00:00,34,1,42140878,6668.25,6690.75,6661.75,6670.25,46882,ES.v.0
2026-03-09 13:00:00+00:00,34,1,42140878,6670.5,6693.75,6644.25,6658.25,222748,ES.v.0
2026-03-09 14:00:00+00:00,34,1,42140878,6658.25,6701.5,6641.0,6693.5,265141,ES.v.0
2026-03-09 15:00:00+00:00,34,1,42140878,6693.5,6717.25,6693.5,6712.5,182820,ES.v.0
2026-03-09 16:00:00+00:00,34,1,42140878,6712.75,6741.0,6709.5,6730.75,165007,ES.v.0
2026-03-09 17:00:00+00:00,34,1,42140878,6730.75,6731.75,6698.75,6705.75,123004,ES.v.0
2026-03-09 18:00:00+00:00,34,1,42140878,6705.75,6731.25,6705.5,6719.25,120069,ES.v.0
2026-03-09 19:00:00+00:00,34,1,42140878,6719.25,6818.5,6717.0,6801.75,428622,ES.v.0
2026-03-09 20:00:00+00:00,34,1,42140878,6801.75,6808.5,6781.25,6793.75,85961,ES.v.0
2026-03-09 22:00:00+00:00,34,1,42140878,6800.75,6800.75,6774.0,6778.25,27725,ES.v.0
2026-03-09 23:00:00+00:00,34,1,42140878,6778.5,6782.75,6766.0,6771.75,11400,ES.v.0
2026-03-10 00:00:00+00:00,34,1,42140878,6771.75,6791.5,6762.5,6782.5,20162,ES.v.0
2026-03-10 01:00:00+00:00,34,1,42140878,6782.5,6796.0,6780.5,6792.25,14449,ES.v.0
2026-03-10 02:00:00+00:00,34,1,42140878,6792.25,6794.75,6775.25,6778.5,11266,ES.v.0
2026-03-10 03:00:00+00:00,34,1,42140878,6778.5,6787.25,6764.5,6772.5,12993,ES.v.0
2026-03-10 04:00:00+00:00,34,1,42140878,6772.75,6780.0,6767.75,6777.5,6581,ES.v.0
2026-03-10 05:00:00+00:00,34,1,42140878,6777.5,6791.0,6777.25,6789.75,7886,ES.v.0
2026-03-10 06:00:00+00:00,34,1,42140878,6790.0,6795.5,6786.25,6790.25,10007,ES.v.0
2026-03-10 07:00:00+00:00,34,1,42140878,6790.0,6820.5,6786.5,6819.25,27118,ES.v.0
2026-03-10 08:00:00+00:00,34,1,42140878,6819.5,6833.5,6815.75,6820.0,39019,ES.v.0
2026-03-10 09:00:00+00:00,34,1,42140878,6820.25,6832.5,6818.5,6820.25,25198,ES.v.0
2026-03-10 10:00:00+00:00,34,1,42140878,6820.25,6821.25,6802.75,6814.0,31345,ES.v.0
2026-03-10 11:00:00+00:00,34,1,42140878,6814.0,6824.0,6787.0,6790.0,44430,ES.v.0
2026-03-10 12:00:00+00:00,34,1,42140878,6790.0,6792.75,6768.75,6785.5,51376,ES.v.0
2026-03-10 13:00:00+00:00,34,1,42140878,6785.75,6806.0,6772.0,6776.0,180131,ES.v.0
2026-03-10 14:00:00+00:00,34,1,42140878,6775.5,6829.75,6765.0,6829.25,230302,ES.v.0
2026-03-10 15:00:00+00:00,34,1,42140878,6829.25,6837.5,6820.25,6831.5,168665,ES.v.0
2026-03-10 16:00:00+00:00,34,1,42140878,6831.75,6836.25,6814.5,6832.5,140116,ES.v.0
2026-03-10 17:00:00+00:00,34,1,42140878,6832.5,6852.0,6824.5,6838.5,194936,ES.v.0
2026-03-10 18:00:00+00:00,34,1,42140878,6838.25,6840.0,6791.0,6802.5,265441,ES.v.0
2026-03-10 19:00:00+00:00,34,1,42140878,6802.75,6813.0,6779.75,6788.0,241590,ES.v.0
2026-03-10 20:00:00+00:00,34,1,42140878,6788.0,6801.25,6786.75,6797.25,48907,ES.v.0
2026-03-10 22:00:00+00:00,34,1,42140878,6796.75,6797.25,6782.5,6787.0,8460,ES.v.0
2026-03-10 23:00:00+00:00,34,1,42140878,6787.25,6799.5,6786.0,6797.0,5925,ES.v.0
2026-03-11 00:00:00+00:00,34,1,42140878,6797.25,6813.5,6795.75,6808.5,17696,ES.v.0
2026-03-11 01:00:00+00:00,34,1,42140878,6808.75,6819.25,6806.75,6816.5,11250,ES.v.0
2026-03-11 02:00:00+00:00,34,1,42140878,6816.5,6819.5,6812.75,6816.25,6839,ES.v.0
2026-03-11 03:00:00+00:00,34,1,42140878,6816.25,6822.5,6814.0,6821.5,6883,ES.v.0
2026-03-11 04:00:00+00:00,34,1,42140878,6821.75,6822.0,6814.25,6815.25,4673,ES.v.0
2026-03-11 05:00:00+00:00,34,1,42140878,6815.5,6816.25,6802.0,6803.0,7590,ES.v.0
2026-03-11 06:00:00+00:00,34,1,42140878,6803.0,6808.5,6798.5,6806.0,8090,ES.v.0
2026-03-11 07:00:00+00:00,34,1,42140878,6806.0,6807.5,6783.75,6794.75,16503,ES.v.0
2026-03-11 08:00:00+00:00,34,1,42140878,6795.0,6800.0,6775.5,6782.0,30274,ES.v.0
2026-03-11 09:00:00+00:00,34,1,42140878,6782.0,6783.0,6768.25,6769.5,21701,ES.v.0
2026-03-11 10:00:00+00:00,34,1,42140878,6769.75,6800.5,6769.0,6800.0,22365,ES.v.0
2026-03-11 11:00:00+00:00,34,1,42140878,6800.0,6806.0,6773.75,6779.5,36551,ES.v.0
2026-03-11 12:00:00+00:00,34,1,42140878,6779.25,6804.5,6764.0,6771.75,46109,ES.v.0
2026-03-11 13:00:00+00:00,34,1,42140878,6771.75,6802.0,6771.0,6795.75,168875,ES.v.0
2026-03-11 14:00:00+00:00,34,1,42140878,6796.0,6818.0,6768.5,6797.5,264513,ES.v.0
2026-03-11 15:00:00+00:00,34,1,42140878,6797.5,6803.5,6753.0,6758.75,214539,ES.v.0
2026-03-11 16:00:00+00:00,34,1,42140878,6758.5,6779.75,6751.5,6779.25,149827,ES.v.0
2026-03-11 17:00:00+00:00,34,1,42140878,6779.0,6784.5,6749.75,6766.25,155731,ES.v.0
2026-03-11 18:00:00+00:00,34,1,42140878,6766.5,6774.5,6753.5,6769.25,116408,ES.v.0
2026-03-11 19:00:00+00:00,34,1,42140878,6769.25,6782.5,6759.75,6779.75,140381,ES.v.0
2026-03-11 20:00:00+00:00,34,1,42140878,6779.75,6782.0,6768.0,6769.75,47613,ES.v.0
2026-03-11 22:00:00+00:00,34,1,42140878,6766.0,6769.5,6735.25,6742.0,25220,ES.v.0
2026-03-11 23:00:00+00:00,34,1,42140878,6741.75,6743.0,6715.25,6729.25,26576,ES.v.0
2026-03-12 00:00:00+00:00,34,1,42140878,6729.0,6731.5,6715.25,6728.0,19834,ES.v.0
2026-03-12 01:00:00+00:00,34,1,42140878,6728.0,6738.5,6721.5,6726.75,18229,ES.v.0
2026-03-12 02:00:00+00:00,34,1,42140878,6727.0,6729.5,6705.75,6712.25,16520,ES.v.0
2026-03-12 03:00:00+00:00,34,1,42140878,6712.25,6718.25,6706.25,6713.0,8802,ES.v.0
2026-03-12 04:00:00+00:00,34,1,42140878,6712.75,6720.0,6709.25,6710.25,7040,ES.v.0
2026-03-12 05:00:00+00:00,34,1,42140878,6710.5,6723.25,6710.25,6720.75,11828,ES.v.0
2026-03-12 06:00:00+00:00,34,1,42140878,6720.75,6731.75,6715.75,6730.25,11430,ES.v.0
2026-03-12 07:00:00+00:00,34,1,42140878,6730.75,6746.5,6730.25,6746.25,16924,ES.v.0
2026-03-12 08:00:00+00:00,34,1,42140878,6746.0,6756.5,6740.25,6750.0,27767,ES.v.0
2026-03-12 09:00:00+00:00,34,1,42140878,6750.25,6758.5,6733.75,6757.25,18733,ES.v.0
2026-03-12 10:00:00+00:00,34,1,42140878,6757.25,6760.5,6746.5,6749.0,17596,ES.v.0
2026-03-12 11:00:00+00:00,34,1,42140878,6748.25,6760.75,6741.5,6742.75,25298,ES.v.0
2026-03-12 12:00:00+00:00,34,1,42140878,6743.0,6744.25,6728.75,6737.75,32999,ES.v.0
2026-03-12 13:00:00+00:00,34,1,42140878,6737.5,6741.5,6697.0,6704.0,235960,ES.v.0
2026-03-12 14:00:00+00:00,34,1,42140878,6704.0,6727.75,6688.25,6700.5,293408,ES.v.0
2026-03-12 15:00:00+00:00,34,1,42140878,6700.75,6719.0,6684.5,6708.75,243224,ES.v.0
2026-03-12 16:00:00+00:00,34,1,42140878,6709.0,6729.25,6693.0,6704.25,229679,ES.v.0
2026-03-12 17:00:00+00:00,34,1,42140878,6704.25,6719.25,6688.75,6697.5,150316,ES.v.0
2026-03-12 18:00:00+00:00,34,1,42140878,6697.75,6708.25,6688.0,6689.5,109502,ES.v.0
2026-03-12 19:00:00+00:00,34,1,42140878,6689.25,6702.75,6675.25,6676.25,220881,ES.v.0
2026-03-12 20:00:00+00:00,34,1,42140878,6676.5,6687.5,6671.75,6685.25,60700,ES.v.0
2026-03-12 22:00:00+00:00,34,1,42140878,6684.25,6693.25,6677.5,6690.75,12806,ES.v.0
2026-03-12 23:00:00+00:00,34,1,42140878,6691.0,6695.75,6679.5,6680.25,9065,ES.v.0
2026-03-13 00:00:00+00:00,34,1,42140878,6680.0,6707.75,6671.0,6702.5,21363,ES.v.0
2026-03-13 01:00:00+00:00,34,1,42140878,6702.5,6711.75,6700.5,6702.75,10425,ES.v.0
2026-03-13 02:00:00+00:00,34,1,42140878,6702.75,6707.25,6696.0,6697.25,6421,ES.v.0
2026-03-13 03:00:00+00:00,34,1,42140878,6697.25,6702.75,6693.25,6702.0,6060,ES.v.0
2026-03-13 04:00:00+00:00,34,1,42140878,6701.75,6702.5,6688.25,6691.75,5444,ES.v.0
2026-03-13 05:00:00+00:00,34,1,42140878,6691.75,6697.0,6687.0,6693.75,5712,ES.v.0
2026-03-13 06:00:00+00:00,34,1,42140878,6693.5,6695.0,6667.5,6668.25,13143,ES.v.0
2026-03-13 07:00:00+00:00,34,1,42140878,6668.0,6669.75,6650.5,6656.0,20593,ES.v.0
2026-03-13 08:00:00+00:00,34,1,42140878,6656.25,6672.25,6640.0,6669.5,32781,ES.v.0
2026-03-13 09:00:00+00:00,34,1,42140878,6669.5,6683.75,6669.25,6674.5,26863,ES.v.0
2026-03-13 10:00:00+00:00,34,1,42140878,6674.5,6694.5,6673.25,6694.0,28916,ES.v.0
2026-03-13 11:00:00+00:00,34,1,42140878,6693.75,6707.0,6690.5,6706.5,36003,ES.v.0
2026-03-13 12:00:00+00:00,34,1,42140878,6706.5,6725.25,6697.75,6710.25,47923,ES.v.0
2026-03-13 13:00:00+00:00,34,1,42140878,6710.25,6737.5,6702.5,6719.75,211102,ES.v.0
2026-03-13 14:00:00+00:00,34,1,42140878,6719.25,6726.75,6663.5,6667.0,289981,ES.v.0
2026-03-13 15:00:00+00:00,34,1,42140878,6667.0,6683.25,6644.5,6647.5,247936,ES.v.0
2026-03-13 16:00:00+00:00,34,1,42140878,6647.25,6666.25,6645.25,6647.25,177630,ES.v.0
2026-03-13 17:00:00+00:00,34,1,42140878,6647.25,6665.0,6634.5,6639.75,144218,ES.v.0
2026-03-13 18:00:00+00:00,34,1,42140878,6640.0,6662.0,6638.25,6655.75,122626,ES.v.0
2026-03-13 19:00:00+00:00,34,1,42140878,6655.75,6655.75,6627.0,6637.0,212289,ES.v.0
2026-03-13 20:00:00+00:00,34,1,42140878,6637.0,6638.0,6625.0,6625.25,52109,ES.v.0
2026-03-15 22:00:00+00:00,34,1,42140878,6608.5,6658.25,6608.5,6655.5,25829,ES.v.0
2026-03-15 23:00:00+00:00,34,1,42140878,6656.0,6663.0,6641.25,6649.0,16145,ES.v.0
2026-03-16 00:00:00+00:00,34,1,42140878,6649.25,6670.0,6648.5,6664.75,16224,ES.v.0
2026-03-16 01:00:00+00:00,34,1,42140878,6665.0,6671.75,6656.0,6669.75,11734,ES.v.0
2026-03-16 02:00:00+00:00,34,1,42140878,6669.5,6670.5,6658.75,6661.5,6285,ES.v.0
2026-03-16 03:00:00+00:00,34,1,42140878,6662.0,6674.25,6661.5,6672.5,4076,ES.v.0
2026-03-16 04:00:00+00:00,34,1,42140878,6672.5,6675.5,6665.25,6665.25,3034,ES.v.0
2026-03-16 05:00:00+00:00,34,1,42140878,6665.75,6678.5,6665.5,6677.5,3987,ES.v.0
2026-03-16 06:00:00+00:00,34,1,42140878,6677.5,6680.0,6671.5,6679.25,4194,ES.v.0
2026-03-16 07:00:00+00:00,34,1,42140878,6679.25,6684.0,6661.5,6664.75,10637,ES.v.0
2026-03-16 08:00:00+00:00,34,1,42140878,6664.75,6679.75,6659.75,6666.5,16481,ES.v.0
2026-03-16 09:00:00+00:00,34,1,42140878,6666.5,6668.25,6652.0,6656.5,13390,ES.v.0
2026-03-16 10:00:00+00:00,34,1,42140878,6656.25,6686.75,6655.25,6685.25,17611,ES.v.0
2026-03-16 11:00:00+00:00,34,1,42140878,6685.25,6691.0,6676.0,6688.25,17327,ES.v.0
2026-03-16 12:00:00+00:00,34,1,42140878,6688.25,6704.5,6688.25,6694.75,28042,ES.v.0
2026-03-16 13:00:00+00:00,34,1,42140878,6695.0,6723.0,6690.5,6722.0,90521,ES.v.0
2026-03-16 14:00:00+00:00,34,1,42140878,6721.75,6728.0,6689.25,6711.75,121503,ES.v.0
2026-03-16 15:00:00+00:00,34,1,42140878,6712.0,6720.25,6697.75,6698.0,73901,ES.v.0
2026-03-16 16:00:00+00:00,34,1,42140878,6698.0,6705.25,6684.5,6697.5,77469,ES.v.0
2026-03-16 17:00:00+00:00,34,1,42140878,6697.75,6711.0,6693.25,6700.75,51382,ES.v.0
2026-03-16 18:00:00+00:00,34,1,42140878,6700.75,6716.25,6700.0,6709.5,47982,ES.v.0
2026-03-16 19:00:00+00:00,34,1,42140878,6709.25,6734.25,6697.25,6703.0,113891,ES.v.0
2026-03-16 20:00:00+00:00,34,1,42140878,6703.0,6707.5,6696.0,6699.25,27169,ES.v.0
2026-03-16 22:00:00+00:00,34,1,42140878,6700.0,6700.25,6692.5,6693.25,3033,ES.v.0
2026-03-16 23:00:00+00:00,34,1,42140878,6693.5,6701.75,6693.5,6701.75,2104,ES.v.0
2026-03-17 00:00:00+00:00,34,1,42140878,6701.5,6701.75,6683.5,6685.25,4696,ES.v.0
2026-03-17 01:00:00+00:00,34,1,42140878,6685.5,6693.0,6684.75,6691.25,2921,ES.v.0
2026-03-17 02:00:00+00:00,34,1,42140878,6691.5,6691.75,6681.75,6682.25,2237,ES.v.0
2026-03-17 03:00:00+00:00,34,1,42140878,6682.25,6687.25,6680.0,6682.0,1985,ES.v.0
2026-03-17 04:00:00+00:00,34,1,42140878,6682.25,6693.75,6681.25,6691.25,1510,ES.v.0
2026-03-17 05:00:00+00:00,34,1,42140878,6691.25,6694.0,6672.75,6673.25,2611,ES.v.0
2026-03-17 06:00:00+00:00,34,1,42140878,6673.0,6675.25,6665.25,6671.0,4433,ES.v.0
2026-03-17 07:00:00+00:00,34,1,42140878,6671.0,6685.0,6667.5,6675.75,3815,ES.v.0
2026-03-17 08:00:00+00:00,34,1,42140878,6675.5,6683.75,6668.75,6677.75,6298,ES.v.0
2026-03-17 09:00:00+00:00,34,1,42140878,6677.5,6697.5,6677.5,6697.0,6163,ES.v.0
2026-03-17 10:00:00+00:00,34,1,42140878,6696.75,6697.5,6684.5,6695.75,4173,ES.v.0
2026-03-17 11:00:00+00:00,34,1,42140878,6695.5,6700.75,6691.0,6692.0,5372,ES.v.0
2026-03-17 12:00:00+00:00,34,1,42140878,6692.0,6723.75,6691.5,6721.25,12050,ES.v.0
2026-03-17 13:00:00+00:00,34,1,42140878,6721.25,6757.5,6720.75,6752.25,32378,ES.v.0
2026-03-17 14:00:00+00:00,34,1,42140878,6752.0,6752.0,6728.25,6743.25,29135,ES.v.0
2026-03-17 15:00:00+00:00,34,1,42140878,6743.25,6746.0,6716.0,6723.0,25840,ES.v.0
2026-03-17 16:00:00+00:00,34,1,42140878,6723.25,6729.5,6713.75,6722.5,19610,ES.v.0
2026-03-17 17:00:00+00:00,34,1,42140878,6722.75,6732.75,6722.5,6730.25,14537,ES.v.0
2026-03-17 18:00:00+00:00,34,1,42140878,6730.5,6736.75,6720.5,6724.0,13285,ES.v.0
2026-03-17 19:00:00+00:00,34,1,42140878,6724.25,6729.25,6717.75,6720.5,30012,ES.v.0
2026-03-17 20:00:00+00:00,34,1,42140878,6720.5,6725.5,6718.5,6723.0,10867,ES.v.0
2026-03-17 22:00:00+00:00,34,1,42140878,6722.5,6723.75,6713.25,6716.75,1422,ES.v.0
2026-03-17 23:00:00+00:00,34,1,42140878,6717.0,6720.0,6713.75,6714.75,1178,ES.v.0
2026-03-18 00:00:00+00:00,34,1,42140864,6766.25,6781.5,6765.25,6780.75,6374,ES.v.0
2026-03-18 01:00:00+00:00,34,1,42140864,6781.0,6786.75,6781.0,6786.0,7048,ES.v.0
2026-03-18 02:00:00+00:00,34,1,42140864,6785.75,6794.25,6785.75,6792.0,6199,ES.v.0
2026-03-18 03:00:00+00:00,34,1,42140864,6792.0,6799.0,6790.5,6797.0,4367,ES.v.0
2026-03-18 04:00:00+00:00,34,1,42140864,6797.0,6801.0,6796.5,6799.25,4362,ES.v.0
2026-03-18 05:00:00+00:00,34,1,42140864,6799.25,6804.75,6798.0,6804.5,4053,ES.v.0
2026-03-18 06:00:00+00:00,34,1,42140864,6804.5,6814.0,6803.5,6808.0,9632,ES.v.0
2026-03-18 07:00:00+00:00,34,1,42140864,6808.0,6810.5,6803.0,6803.5,9182,ES.v.0
2026-03-18 08:00:00+00:00,34,1,42140864,6803.25,6810.75,6802.0,6806.25,11448,ES.v.0
2026-03-18 09:00:00+00:00,34,1,42140864,6806.25,6810.0,6802.75,6806.0,8483,ES.v.0
2026-03-18 10:00:00+00:00,34,1,42140864,6806.0,6811.75,6802.75,6803.25,10792,ES.v.0
2026-03-18 11:00:00+00:00,34,1,42140864,6803.0,6807.25,6787.5,6793.0,28214,ES.v.0
2026-03-18 12:00:00+00:00,34,1,42140864,6792.5,6794.5,6733.75,6737.0,87577,ES.v.0
2026-03-18 13:00:00+00:00,34,1,42140864,6737.0,6759.75,6732.0,6756.0,170525,ES.v.0
2026-03-18 14:00:00+00:00,34,1,42140864,6755.75,6757.25,6719.0,6733.75,178369,ES.v.0
2026-03-18 15:00:00+00:00,34,1,42140864,6733.75,6743.0,6726.25,6733.0,143982,ES.v.0
2026-03-18 16:00:00+00:00,34,1,42140864,6733.0,6738.75,6720.75,6728.0,102812,ES.v.0
2026-03-18 17:00:00+00:00,34,1,42140864,6727.75,6731.5,6715.0,6729.75,98484,ES.v.0
2026-03-18 18:00:00+00:00,34,1,42140864,6730.5,6737.5,6695.0,6695.75,187954,ES.v.0
2026-03-18 19:00:00+00:00,34,1,42140864,6695.5,6709.5,6673.75,6677.25,231417,ES.v.0
2026-03-18 20:00:00+00:00,34,1,42140864,6677.0,6680.25,6654.5,6664.0,74911,ES.v.0
2026-03-18 22:00:00+00:00,34,1,42140864,6673.0,6673.0,6656.75,6663.75,12659,ES.v.0
2026-03-18 23:00:00+00:00,34,1,42140864,6663.75,6675.75,6662.75,6670.25,13156,ES.v.0
2026-03-19 00:00:00+00:00,34,1,42140864,6670.25,6675.5,6662.0,6670.0,12312,ES.v.0
2026-03-19 01:00:00+00:00,34,1,42140864,6670.0,6681.0,6666.0,6673.75,10497,ES.v.0
2026-03-19 02:00:00+00:00,34,1,42140864,6674.0,6695.0,6666.25,6687.5,20534,ES.v.0
2026-03-19 03:00:00+00:00,34,1,42140864,6687.25,6692.0,6682.5,6682.75,6886,ES.v.0
2026-03-19 04:00:00+00:00,34,1,42140864,6682.5,6682.75,6671.25,6675.75,6336,ES.v.0
2026-03-19 05:00:00+00:00,34,1,42140864,6676.0,6679.25,6663.25,6667.5,9232,ES.v.0
2026-03-19 06:00:00+00:00,34,1,42140864,6667.25,6679.25,6665.0,6671.5,10284,ES.v.0
2026-03-19 07:00:00+00:00,34,1,42140864,6671.5,6676.0,6655.0,6659.25,17121,ES.v.0
2026-03-19 08:00:00+00:00,34,1,42140864,6659.25,6668.25,6647.5,6657.5,40926,ES.v.0
2026-03-19 09:00:00+00:00,34,1,42140864,6657.75,6682.0,6645.5,6676.75,55217,ES.v.0
2026-03-19 10:00:00+00:00,34,1,42140864,6676.75,6677.25,6663.75,6667.5,23402,ES.v.0
2026-03-19 11:00:00+00:00,34,1,42140864,6667.75,6673.25,6649.5,6660.0,29347,ES.v.0
2026-03-19 12:00:00+00:00,34,1,42140864,6659.75,6661.75,6623.75,6629.5,76733,ES.v.0
2026-03-19 13:00:00+00:00,34,1,42140864,6629.5,6650.25,6611.75,6647.0,224733,ES.v.0
2026-03-19 14:00:00+00:00,34,1,42140864,6646.75,6655.5,6620.75,6638.75,217271,ES.v.0
2026-03-19 15:00:00+00:00,34,1,42140864,6638.75,6658.25,6622.0,6640.0,213731,ES.v.0
2026-03-19 16:00:00+00:00,34,1,42140864,6639.75,6652.0,6626.5,6632.25,160455,ES.v.0
2026-03-19 17:00:00+00:00,34,1,42140864,6632.25,6639.5,6616.25,6633.25,116589,ES.v.0
2026-03-19 18:00:00+00:00,34,1,42140864,6633.25,6649.75,6624.0,6645.75,126817,ES.v.0
2026-03-19 19:00:00+00:00,34,1,42140864,6645.75,6692.0,6645.25,6658.75,363380,ES.v.0
2026-03-19 20:00:00+00:00,34,1,42140864,6659.0,6675.25,6654.75,6670.5,52030,ES.v.0
2026-03-19 22:00:00+00:00,34,1,42140864,6675.5,6680.0,6667.75,6676.75,8751,ES.v.0
2026-03-19 23:00:00+00:00,34,1,42140864,6676.75,6682.25,6671.0,6673.25,7352,ES.v.0
2026-03-20 00:00:00+00:00,34,1,42140864,6673.25,6679.5,6666.25,6669.0,9280,ES.v.0
2026-03-20 01:00:00+00:00,34,1,42140864,6669.5,6685.5,6667.5,6675.0,11988,ES.v.0
2026-03-20 02:00:00+00:00,34,1,42140864,6675.5,6679.25,6672.75,6674.5,4836,ES.v.0
2026-03-20 03:00:00+00:00,34,1,42140864,6674.5,6675.5,6669.0,6671.0,4945,ES.v.0
2026-03-20 04:00:00+00:00,34,1,42140864,6671.5,6673.75,6665.75,6666.25,3510,ES.v.0
2026-03-20 05:00:00+00:00,34,1,42140864,6665.75,6670.0,6660.75,6667.5,4509,ES.v.0
2026-03-20 06:00:00+00:00,34,1,42140864,6667.25,6669.75,6651.5,6653.75,5452,ES.v.0
2026-03-20 07:00:00+00:00,34,1,42140864,6653.5,6672.75,6643.25,6670.25,11795,ES.v.0
2026-03-20 08:00:00+00:00,34,1,42140864,6670.25,6675.25,6660.75,6662.0,18770,ES.v.0
2026-03-20 09:00:00+00:00,34,1,42140864,6662.25,6668.0,6627.0,6632.5,30752,ES.v.0
2026-03-20 10:00:00+00:00,34,1,42140864,6632.0,6634.0,6607.75,6624.25,39809,ES.v.0
2026-03-20 11:00:00+00:00,34,1,42140864,6624.25,6640.0,6622.25,6634.75,24572,ES.v.0
2026-03-20 12:00:00+00:00,34,1,42140864,6634.25,6646.5,6629.0,6643.5,52267,ES.v.0
2026-03-20 13:00:00+00:00,34,1,42140864,6643.5,6648.0,6605.5,6607.25,219960,ES.v.0
2026-03-20 14:00:00+00:00,34,1,42140864,6607.0,6613.75,6587.5,6596.75,249399,ES.v.0
2026-03-20 15:00:00+00:00,34,1,42140864,6596.75,6617.75,6590.5,6605.75,189739,ES.v.0
2026-03-20 16:00:00+00:00,34,1,42140864,6605.75,6616.0,6595.25,6603.75,131974,ES.v.0
2026-03-20 17:00:00+00:00,34,1,42140864,6603.75,6608.75,6581.5,6590.0,146786,ES.v.0
2026-03-20 18:00:00+00:00,34,1,42140864,6590.0,6593.0,6552.25,6556.75,172291,ES.v.0
2026-03-20 19:00:00+00:00,34,1,42140864,6556.75,6562.75,6523.75,6562.75,361314,ES.v.0
2026-03-20 20:00:00+00:00,34,1,42140864,6562.75,6592.5,6559.5,6588.5,110955,ES.v.0
2026-03-22 22:00:00+00:00,34,1,42140864,6510.0,6562.0,6505.0,6546.5,44077,ES.v.0
2026-03-22 23:00:00+00:00,34,1,42140864,6546.75,6557.5,6533.0,6539.5,14841,ES.v.0
2026-03-23 00:00:00+00:00,34,1,42140864,6539.75,6555.5,6523.75,6525.75,28656,ES.v.0
2026-03-23 01:00:00+00:00,34,1,42140864,6525.75,6554.0,6522.25,6549.25,22834,ES.v.0
2026-03-23 02:00:00+00:00,34,1,42140864,6549.5,6554.25,6535.5,6540.25,13263,ES.v.0
2026-03-23 03:00:00+00:00,34,1,42140864,6540.25,6544.5,6524.0,6524.5,11873,ES.v.0
2026-03-23 04:00:00+00:00,34,1,42140864,6524.75,6536.75,6523.25,6534.75,7825,ES.v.0
2026-03-23 05:00:00+00:00,34,1,42140864,6534.75,6542.5,6520.25,6530.0,12270,ES.v.0
2026-03-23 06:00:00+00:00,34,1,42140864,6529.75,6530.75,6496.75,6503.75,19536,ES.v.0
2026-03-23 07:00:00+00:00,34,1,42140864,6504.0,6517.75,6483.5,6497.75,29955,ES.v.0
2026-03-23 08:00:00+00:00,34,1,42140864,6497.5,6524.75,6497.25,6518.75,35209,ES.v.0
2026-03-23 09:00:00+00:00,34,1,42140864,6519.0,6527.25,6498.75,6506.25,28566,ES.v.0
2026-03-23 10:00:00+00:00,34,1,42140864,6506.0,6518.0,6490.0,6506.75,34062,ES.v.0
2026-03-23 11:00:00+00:00,34,1,42140864,6506.75,6748.0,6506.0,6638.75,226389,ES.v.0
2026-03-23 12:00:00+00:00,34,1,42140864,6639.0,6696.5,6625.0,6690.75,108373,ES.v.0
2026-03-23 13:00:00+00:00,34,1,42140864,6691.0,6698.0,6638.0,6680.25,203495,ES.v.0
2026-03-23 14:00:00+00:00,34,1,42140864,6680.0,6701.5,6663.5,6688.75,212775,ES.v.0
2026-03-23 15:00:00+00:00,34,1,42140864,6689.0,6704.75,6635.5,6637.25,256194,ES.v.0
2026-03-23 16:00:00+00:00,34,1,42140864,6637.25,6653.75,6616.0,6632.75,210690,ES.v.0
2026-03-23 17:00:00+00:00,34,1,42140864,6632.75,6660.25,6620.0,6658.0,139421,ES.v.0
2026-03-23 18:00:00+00:00,34,1,42140864,6658.0,6674.25,6642.5,6667.0,133150,ES.v.0
2026-03-23 19:00:00+00:00,34,1,42140864,6667.25,6667.75,6631.25,6631.5,211324,ES.v.0
2026-03-23 20:00:00+00:00,34,1,42140864,6631.5,6639.25,6621.0,6632.75,62289,ES.v.0
2026-03-23 22:00:00+00:00,34,1,42140864,6635.0,6652.5,6624.5,6650.75,10225,ES.v.0
2026-03-23 23:00:00+00:00,34,1,42140864,6651.0,6651.0,6637.75,6645.0,7429,ES.v.0
2026-03-24 00:00:00+00:00,34,1,42140864,6645.0,6645.25,6598.25,6612.5,28254,ES.v.0
2026-03-24 01:00:00+00:00,34,1,42140864,6613.25,6613.75,6591.0,6599.0,16473,ES.v.0
2026-03-24 02:00:00+00:00,34,1,42140864,6598.75,6607.0,6590.0,6596.25,11332,ES.v.0
2026-03-24 03:00:00+00:00,34,1,42140864,6596.75,6603.0,6592.25,6603.0,6338,ES.v.0
2026-03-24 04:00:00+00:00,34,1,42140864,6603.0,6608.75,6594.5,6598.0,4813,ES.v.0
2026-03-24 05:00:00+00:00,34,1,42140864,6598.0,6609.5,6582.5,6597.25,12537,ES.v.0
2026-03-24 06:00:00+00:00,34,1,42140864,6598.0,6630.0,6597.25,6624.5,12077,ES.v.0
2026-03-24 07:00:00+00:00,34,1,42140864,6624.5,6653.5,6623.0,6644.75,23989,ES.v.0
2026-03-24 08:00:00+00:00,34,1,42140864,6645.25,6651.75,6619.25,6622.5,28985,ES.v.0
2026-03-24 09:00:00+00:00,34,1,42140864,6623.0,6635.25,6604.25,6631.75,20369,ES.v.0
2026-03-24 10:00:00+00:00,34,1,42140864,6631.75,6635.25,6620.0,6630.0,16813,ES.v.0
2026-03-24 11:00:00+00:00,34,1,42140864,6630.0,6633.75,6604.25,6627.0,27027,ES.v.0
2026-03-24 12:00:00+00:00,34,1,42140864,6626.75,6630.5,6596.25,6599.75,36967,ES.v.0
2026-03-24 13:00:00+00:00,34,1,42140864,6599.75,6606.0,6573.5,6589.75,198734,ES.v.0
2026-03-24 14:00:00+00:00,34,1,42140864,6590.0,6635.25,6587.25,6615.0,343175,ES.v.0
2026-03-24 15:00:00+00:00,34,1,42140864,6615.25,6646.0,6614.5,6625.75,190577,ES.v.0
2026-03-24 16:00:00+00:00,34,1,42140864,6626.0,6638.0,6615.25,6626.5,155242,ES.v.0
2026-03-24 17:00:00+00:00,34,1,42140864,6626.5,6629.25,6598.5,6618.25,195165,ES.v.0
2026-03-24 18:00:00+00:00,34,1,42140864,6618.25,6641.75,6607.25,6623.75,163079,ES.v.0
2026-03-24 19:00:00+00:00,34,1,42140864,6623.75,6632.25,6600.25,6607.0,194501,ES.v.0
2026-03-24 20:00:00+00:00,34,1,42140864,6607.0,6680.5,6605.75,6646.25,151536,ES.v.0
2026-03-24 22:00:00+00:00,34,1,42140864,6646.5,6660.75,6641.5,6655.25,15734,ES.v.0
2026-03-24 23:00:00+00:00,34,1,42140864,6655.0,6659.0,6648.5,6651.0,10101,ES.v.0
2026-03-25 00:00:00+00:00,34,1,42140864,6651.25,6671.5,6645.0,6661.0,20012,ES.v.0
2026-03-25 01:00:00+00:00,34,1,42140864,6660.75,6665.0,6651.25,6652.5,11576,ES.v.0
2026-03-25 02:00:00+00:00,34,1,42140864,6652.5,6653.25,6638.25,6639.0,12991,ES.v.0
2026-03-25 03:00:00+00:00,34,1,42140864,6638.75,6649.5,6634.75,6648.0,9455,ES.v.0
2026-03-25 04:00:00+00:00,34,1,42140864,6648.0,6659.25,6647.25,6657.75,7785,ES.v.0
2026-03-25 05:00:00+00:00,34,1,42140864,6657.75,6659.25,6646.0,6648.0,6710,ES.v.0
2026-03-25 06:00:00+00:00,34,1,42140864,6648.0,6652.5,6637.25,6648.25,11047,ES.v.0
2026-03-25 07:00:00+00:00,34,1,42140864,6648.25,6658.75,6642.5,6654.75,14217,ES.v.0
2026-03-25 08:00:00+00:00,34,1,42140864,6654.75,6681.5,6654.0,6657.0,38317,ES.v.0
2026-03-25 09:00:00+00:00,34,1,42140864,6657.25,6667.5,6649.5,6659.25,24246,ES.v.0
2026-03-25 10:00:00+00:00,34,1,42140864,6659.25,6668.25,6653.25,6658.5,21889,ES.v.0
2026-03-25 11:00:00+00:00,34,1,42140864,6658.75,6676.0,6656.25,6671.25,32240,ES.v.0
2026-03-25 12:00:00+00:00,34,1,42140864,6670.75,6681.0,6639.25,6660.75,75644,ES.v.0
2026-03-25 13:00:00+00:00,34,1,42140864,6661.0,6684.75,6638.75,6639.5,202788,ES.v.0
2026-03-25 14:00:00+00:00,34,1,42140864,6639.5,6667.5,6631.25,6662.25,239261,ES.v.0
2026-03-25 15:00:00+00:00,34,1,42140864,6662.0,6665.5,6616.5,6644.5,251504,ES.v.0
2026-03-25 16:00:00+00:00,34,1,42140864,6644.75,6658.25,6634.5,6652.75,156192,ES.v.0
2026-03-25 17:00:00+00:00,34,1,42140864,6652.75,6669.5,6644.0,6654.25,146024,ES.v.0
2026-03-25 18:00:00+00:00,34,1,42140864,6654.0,6660.5,6631.0,6640.0,105525,ES.v.0
2026-03-25 19:00:00+00:00,34,1,42140864,6639.75,6648.5,6630.5,6642.0,187788,ES.v.0
2026-03-25 20:00:00+00:00,34,1,42140864,6641.75,6647.25,6635.5,6641.0,38773,ES.v.0
2026-03-25 22:00:00+00:00,34,1,42140864,6641.5,6641.5,6628.25,6629.5,6968,ES.v.0
2026-03-25 23:00:00+00:00,34,1,42140864,6629.75,6633.25,6621.5,6629.75,7502,ES.v.0
2026-03-26 00:00:00+00:00,34,1,42140864,6630.0,6647.0,6628.5,6633.75,12653,ES.v.0
2026-03-26 01:00:00+00:00,34,1,42140864,6633.75,6639.75,6629.5,6636.25,7488,ES.v.0
2026-03-26 02:00:00+00:00,34,1,42140864,6635.25,6639.25,6608.5,6620.0,13421,ES.v.0
2026-03-26 03:00:00+00:00,34,1,42140864,6619.75,6647.0,6619.25,6639.5,10597,ES.v.0
2026-03-26 04:00:00+00:00,34,1,42140864,6639.5,6640.5,6625.25,6626.5,6045,ES.v.0
2026-03-26 05:00:00+00:00,34,1,42140864,6626.5,6630.5,6612.0,6613.0,10267,ES.v.0
2026-03-26 06:00:00+00:00,34,1,42140864,6613.0,6620.75,6608.0,6620.0,9157,ES.v.0
2026-03-26 07:00:00+00:00,34,1,42140864,6620.0,6622.25,6600.0,6614.5,12211,ES.v.0
2026-03-26 08:00:00+00:00,34,1,42140864,6614.5,6622.75,6593.25,6602.0,22843,ES.v.0
2026-03-26 09:00:00+00:00,34,1,42140864,6602.0,6603.5,6581.25,6590.75,25017,ES.v.0
2026-03-26 10:00:00+00:00,34,1,42140864,6590.75,6602.0,6586.0,6594.5,20314,ES.v.0
2026-03-26 11:00:00+00:00,34,1,42140864,6594.75,6598.5,6578.75,6579.5,20356,ES.v.0
2026-03-26 12:00:00+00:00,34,1,42140864,6579.75,6593.5,6574.25,6586.25,35087,ES.v.0
2026-03-26 13:00:00+00:00,34,1,42140864,6586.0,6619.5,6579.75,6617.75,202530,ES.v.0
2026-03-26 14:00:00+00:00,34,1,42140864,6618.25,6622.0,6580.75,6594.5,230456,ES.v.0
2026-03-26 15:00:00+00:00,34,1,42140864,6594.75,6602.0,6581.25,6587.75,160273,ES.v.0
2026-03-26 16:00:00+00:00,34,1,42140864,6587.5,6589.5,6560.75,6568.5,152855,ES.v.0
2026-03-26 17:00:00+00:00,34,1,42140864,6568.5,6573.0,6536.0,6538.25,128803,ES.v.0
2026-03-26 18:00:00+00:00,34,1,42140864,6538.25,6548.5,6536.25,6546.25,122453,ES.v.0
2026-03-26 19:00:00+00:00,34,1,42140864,6546.25,6547.25,6520.25,6523.0,233303,ES.v.0
2026-03-26 20:00:00+00:00,34,1,42140864,6523.0,6597.25,6517.0,6535.5,140397,ES.v.0
2026-03-26 22:00:00+00:00,34,1,42140864,6536.0,6551.0,6536.0,6547.0,10748,ES.v.0
2026-03-26 23:00:00+00:00,34,1,42140864,6546.75,6554.0,6542.0,6551.5,6711,ES.v.0
2026-03-27 00:00:00+00:00,34,1,42140864,6551.5,6558.0,6534.25,6537.0,16331,ES.v.0
2026-03-27 01:00:00+00:00,34,1,42140864,6537.0,6549.5,6534.25,6547.5,10966,ES.v.0
2026-03-27 02:00:00+00:00,34,1,42140864,6547.75,6550.5,6540.75,6541.75,10396,ES.v.0
2026-03-27 03:00:00+00:00,34,1,42140864,6541.75,6552.25,6538.25,6551.5,6359,ES.v.0
2026-03-27 04:00:00+00:00,34,1,42140864,6551.5,6556.75,6548.0,6555.5,5420,ES.v.0
2026-03-27 05:00:00+00:00,34,1,42140864,6555.5,6568.5,6555.5,6559.5,12921,ES.v.0
2026-03-27 06:00:00+00:00,34,1,42140864,6559.75,6567.0,6552.0,6554.5,11939,ES.v.0
2026-03-27 07:00:00+00:00,34,1,42140864,6554.5,6554.75,6541.75,6546.75,10414,ES.v.0
2026-03-27 08:00:00+00:00,34,1,42140864,6546.5,6551.75,6522.25,6523.5,29517,ES.v.0
2026-03-27 09:00:00+00:00,34,1,42140864,6523.5,6532.0,6508.75,6515.25,29545,ES.v.0
2026-03-27 10:00:00+00:00,34,1,42140864,6515.5,6522.5,6494.5,6497.75,27232,ES.v.0
2026-03-27 11:00:00+00:00,34,1,42140864,6498.0,6508.5,6489.25,6502.0,31474,ES.v.0
2026-03-27 12:00:00+00:00,34,1,42140864,6501.75,6503.5,6486.75,6490.5,37104,ES.v.0
2026-03-27 13:00:00+00:00,34,1,42140864,6490.75,6496.75,6454.0,6458.5,211768,ES.v.0
2026-03-27 14:00:00+00:00,34,1,42140864,6458.5,6477.0,6451.75,6470.5,232653,ES.v.0
2026-03-27 15:00:00+00:00,34,1,42140864,6470.5,6490.25,6457.75,6471.25,205167,ES.v.0
2026-03-27 16:00:00+00:00,34,1,42140864,6471.5,6473.0,6448.75,6455.5,149349,ES.v.0
2026-03-27 17:00:00+00:00,34,1,42140864,6455.5,6468.0,6427.5,6429.5,157896,ES.v.0
2026-03-27 18:00:00+00:00,34,1,42140864,6429.5,6435.25,6419.25,6421.5,169312,ES.v.0
2026-03-27 19:00:00+00:00,34,1,42140864,6421.5,6424.75,6398.25,6407.25,321637,ES.v.0
2026-03-27 20:00:00+00:00,34,1,42140864,6407.0,6412.25,6389.0,6398.0,99021,ES.v.0
2026-03-29 22:00:00+00:00,34,1,42140864,6380.0,6388.25,6364.25,6382.5,28195,ES.v.0
2026-03-29 23:00:00+00:00,34,1,42140864,6382.25,6387.0,6363.0,6367.75,17123,ES.v.0
2026-03-30 00:00:00+00:00,34,1,42140864,6367.75,6395.0,6360.25,6370.75,36414,ES.v.0
2026-03-30 01:00:00+00:00,34,1,42140864,6370.5,6385.75,6368.25,6384.25,19278,ES.v.0
2026-03-30 02:00:00+00:00,34,1,42140864,6384.5,6402.0,6380.25,6397.0,20316,ES.v.0
2026-03-30 03:00:00+00:00,34,1,42140864,6396.75,6410.75,6396.5,6408.0,12989,ES.v.0
2026-03-30 04:00:00+00:00,34,1,42140864,6408.25,6419.0,6406.25,6411.5,10038,ES.v.0
2026-03-30 05:00:00+00:00,34,1,42140864,6411.25,6420.75,6411.25,6416.75,9546,ES.v.0
2026-03-30 06:00:00+00:00,34,1,42140864,6416.75,6435.5,6415.25,6429.25,16698,ES.v.0
2026-03-30 07:00:00+00:00,34,1,42140864,6429.0,6438.0,6422.75,6435.0,19206,ES.v.0
2026-03-30 08:00:00+00:00,34,1,42140864,6434.75,6447.25,6429.25,6446.0,22736,ES.v.0
2026-03-30 09:00:00+00:00,34,1,42140864,6446.25,6446.5,6432.0,6437.25,21046,ES.v.0
2026-03-30 10:00:00+00:00,34,1,42140864,6437.5,6442.75,6432.75,6442.5,17367,ES.v.0
2026-03-30 11:00:00+00:00,34,1,42140864,6442.5,6481.75,6442.0,6450.0,59430,ES.v.0
2026-03-30 12:00:00+00:00,34,1,42140864,6450.0,6466.5,6442.75,6464.0,38198,ES.v.0
2026-03-30 13:00:00+00:00,34,1,42140864,6464.0,6471.25,6413.75,6417.5,186458,ES.v.0
2026-03-30 14:00:00+00:00,34,1,42140864,6417.5,6443.5,6414.5,6442.75,223464,ES.v.0
2026-03-30 15:00:00+00:00,34,1,42140864,6442.5,6455.75,6423.0,6441.0,177681,ES.v.0
2026-03-30 16:00:00+00:00,34,1,42140864,6441.0,6442.25,6417.0,6420.0,122821,ES.v.0
2026-03-30 17:00:00+00:00,34,1,42140864,6420.0,6425.5,6393.75,6402.75,155116,ES.v.0
2026-03-30 18:00:00+00:00,34,1,42140864,6402.5,6404.75,6381.75,6384.75,117263,ES.v.0
2026-03-30 19:00:00+00:00,34,1,42140864,6384.75,6394.25,6359.5,6387.75,306570,ES.v.0
2026-03-30 20:00:00+00:00,34,1,42140864,6388.0,6388.5,6377.0,6383.25,64236,ES.v.0
2026-03-30 22:00:00+00:00,34,1,42140864,6385.25,6392.75,6383.5,6384.25,6802,ES.v.0
2026-03-30 23:00:00+00:00,34,1,42140864,6384.0,6384.0,6367.0,6373.0,10439,ES.v.0
2026-03-31 00:00:00+00:00,34,1,42140864,6373.0,6428.5,6353.25,6411.75,44851,ES.v.0
2026-03-31 01:00:00+00:00,34,1,42140864,6411.75,6454.0,6399.25,6441.5,41496,ES.v.0
2026-03-31 02:00:00+00:00,34,1,42140864,6441.5,6462.0,6437.75,6450.25,23272,ES.v.0
2026-03-31 03:00:00+00:00,34,1,42140864,6450.25,6459.0,6442.25,6443.0,14037,ES.v.0
2026-03-31 04:00:00+00:00,34,1,42140864,6442.75,6448.75,6432.25,6434.25,10271,ES.v.0
2026-03-31 05:00:00+00:00,34,1,42140864,6434.0,6444.5,6422.0,6438.5,12618,ES.v.0
2026-03-31 06:00:00+00:00,34,1,42140864,6438.5,6440.5,6427.25,6433.5,15617,ES.v.0
2026-03-31 07:00:00+00:00,34,1,42140864,6433.5,6455.5,6421.5,6454.75,22728,ES.v.0
2026-03-31 08:00:00+00:00,34,1,42140864,6454.75,6456.5,6435.0,6440.25,21232,ES.v.0
2026-03-31 09:00:00+00:00,34,1,42140864,6440.5,6449.75,6435.25,6438.25,16109,ES.v.0
2026-03-31 10:00:00+00:00,34,1,42140864,6438.25,6445.5,6423.75,6435.25,18565,ES.v.0
2026-03-31 11:00:00+00:00,34,1,42140864,6435.5,6467.0,6431.25,6453.5,49018,ES.v.0
2026-03-31 12:00:00+00:00,34,1,42140864,6453.5,6470.0,6438.0,6453.5,70896,ES.v.0
2026-03-31 13:00:00+00:00,34,1,42140864,6453.75,6495.0,6450.25,6494.0,192770,ES.v.0
2026-03-31 14:00:00+00:00,34,1,42140864,6494.5,6497.25,6447.0,6454.0,245688,ES.v.0
2026-03-31 15:00:00+00:00,34,1,42140864,6454.25,6490.5,6453.5,6465.25,201401,ES.v.0
2026-03-31 16:00:00+00:00,34,1,42140864,6465.25,6563.5,6462.5,6534.75,321821,ES.v.0
2026-03-31 17:00:00+00:00,34,1,42140864,6534.75,6554.0,6529.25,6532.0,230341,ES.v.0
2026-03-31 18:00:00+00:00,34,1,42140864,6532.0,6557.25,6531.75,6554.25,142546,ES.v.0
2026-03-31 19:00:00+00:00,34,1,42140864,6554.5,6583.25,6548.0,6569.0,405400,ES.v.0
2026-03-31 20:00:00+00:00,34,1,42140864,6569.25,6577.25,6562.0,6567.5,104331,ES.v.0
2026-03-31 22:00:00+00:00,34,1,42140864,6562.0,6577.25,6561.0,6572.75,15165,ES.v.0
2026-03-31 23:00:00+00:00,34,1,42140864,6572.75,6592.0,6569.0,6589.75,13325,ES.v.0
2026-04-01 00:00:00+00:00,34,1,42140864,6589.25,6592.75,6580.25,6592.5,15416,ES.v.0
2026-04-01 01:00:00+00:00,34,1,42140864,6592.75,6595.0,6579.0,6581.25,14753,ES.v.0
2026-04-01 02:00:00+00:00,34,1,42140864,6581.5,6585.5,6575.5,6578.5,7752,ES.v.0
2026-04-01 03:00:00+00:00,34,1,42140864,6578.5,6583.5,6577.5,6580.5,5002,ES.v.0
2026-04-01 04:00:00+00:00,34,1,42140864,6580.5,6588.0,6579.5,6585.75,7504,ES.v.0
2026-04-01 05:00:00+00:00,34,1,42140864,6586.0,6599.75,6584.75,6593.0,8780,ES.v.0
2026-04-01 06:00:00+00:00,34,1,42140864,6593.0,6622.0,6592.0,6620.25,27937,ES.v.0
2026-04-01 07:00:00+00:00,34,1,42140864,6620.5,6623.0,6598.5,6600.5,31485,ES.v.0
2026-04-01 08:00:00+00:00,34,1,42140864,6600.5,6608.5,6590.0,6601.25,30602,ES.v.0
2026-04-01 09:00:00+00:00,34,1,42140864,6601.75,6607.75,6586.5,6602.75,26515,ES.v.0
2026-04-01 10:00:00+00:00,34,1,42140864,6603.0,6618.5,6598.5,6616.0,26117,ES.v.0
2026-04-01 11:00:00+00:00,34,1,42140864,6616.0,6630.75,6614.5,6627.75,28367,ES.v.0
2026-04-01 12:00:00+00:00,34,1,42140864,6628.0,6643.75,6593.25,6596.25,78280,ES.v.0
2026-04-01 13:00:00+00:00,34,1,42140864,6596.25,6628.5,6590.0,6611.25,205085,ES.v.0
2026-04-01 14:00:00+00:00,34,1,42140864,6611.25,6637.0,6604.75,6633.5,241161,ES.v.0
2026-04-01 15:00:00+00:00,34,1,42140864,6633.5,6649.75,6627.25,6647.0,161869,ES.v.0
2026-04-01 16:00:00+00:00,34,1,42140864,6647.0,6649.5,6636.25,6646.0,115112,ES.v.0
2026-04-01 17:00:00+00:00,34,1,42140864,6646.25,6653.75,6635.5,6635.75,103113,ES.v.0
2026-04-01 18:00:00+00:00,34,1,42140864,6635.75,6637.25,6604.0,6611.5,204054,ES.v.0
2026-04-01 19:00:00+00:00,34,1,42140864,6611.5,6634.75,6610.0,6619.5,266621,ES.v.0
2026-04-01 20:00:00+00:00,34,1,42140864,6619.5,6623.75,6616.0,6617.25,53935,ES.v.0
2026-04-01 22:00:00+00:00,34,1,42140864,6618.5,6622.25,6610.5,6612.75,7395,ES.v.0
2026-04-01 23:00:00+00:00,34,1,42140864,6612.75,6619.25,6610.0,6614.75,6187,ES.v.0
2026-04-02 00:00:00+00:00,34,1,42140864,6614.75,6632.5,6607.25,6630.5,23377,ES.v.0
2026-04-02 01:00:00+00:00,34,1,42140864,6630.5,6631.5,6553.25,6559.5,83741,ES.v.0
2026-04-02 02:00:00+00:00,34,1,42140864,6560.0,6565.75,6542.0,6550.0,25966,ES.v.0
2026-04-02 03:00:00+00:00,34,1,42140864,6550.0,6551.5,6535.75,6537.75,10673,ES.v.0
2026-04-02 04:00:00+00:00,34,1,42140864,6537.25,6540.75,6531.0,6533.25,9600,ES.v.0
2026-04-02 05:00:00+00:00,34,1,42140864,6533.5,6540.75,6522.0,6522.5,12133,ES.v.0
2026-04-02 06:00:00+00:00,34,1,42140864,6522.75,6534.0,6520.0,6532.75,18529,ES.v.0
2026-04-02 07:00:00+00:00,34,1,42140864,6532.75,6550.0,6527.75,6549.0,23761,ES.v.0
2026-04-02 08:00:00+00:00,34,1,42140864,6548.75,6550.75,6537.5,6542.0,18836,ES.v.0
2026-04-02 09:00:00+00:00,34,1,42140864,6542.25,6547.5,6537.25,6541.0,13646,ES.v.0
2026-04-02 10:00:00+00:00,34,1,42140864,6541.0,6543.25,6526.0,6536.75,20466,ES.v.0
2026-04-02 11:00:00+00:00,34,1,42140864,6536.25,6538.25,6508.0,6508.25,35052,ES.v.0
2026-04-02 12:00:00+00:00,34,1,42140864,6508.5,6525.0,6503.75,6516.75,46418,ES.v.0
2026-04-02 13:00:00+00:00,34,1,42140864,6517.0,6563.0,6514.25,6560.25,214697,ES.v.0
2026-04-02 14:00:00+00:00,34,1,42140864,6560.25,6644.5,6549.5,6618.75,446992,ES.v.0
2026-04-02 15:00:00+00:00,34,1,42140864,6619.0,6624.5,6595.25,6605.25,262810,ES.v.0
2026-04-02 16:00:00+00:00,34,1,42140864,6605.0,6614.25,6586.5,6600.25,153047,ES.v.0
2026-04-02 17:00:00+00:00,34,1,42140864,6600.25,6615.25,6590.25,6597.25,112972,ES.v.0
2026-04-02 18:00:00+00:00,34,1,42140864,6597.0,6615.25,6597.0,6609.0,94929,ES.v.0
2026-04-02 19:00:00+00:00,34,1,42140864,6609.25,6625.25,6605.0,6623.25,199481,ES.v.0
2026-04-02 20:00:00+00:00,34,1,42140864,6623.25,6628.75,6619.25,6624.0,51153,ES.v.0
2026-04-02 22:00:00+00:00,34,1,42140864,6622.5,6626.0,6619.0,6623.75,4337,ES.v.0
2026-04-02 23:00:00+00:00,34,1,42140864,6623.25,6626.0,6620.75,6623.75,2502,ES.v.0
2026-04-03 00:00:00+00:00,34,1,42140864,6624.0,6632.25,6622.25,6624.0,4587,ES.v.0
2026-04-03 01:00:00+00:00,34,1,42140864,6624.25,6625.25,6618.25,6619.0,3458,ES.v.0
2026-04-03 02:00:00+00:00,34,1,42140864,6618.75,6620.5,6608.75,6613.25,4920,ES.v.0
2026-04-03 03:00:00+00:00,34,1,42140864,6613.5,6617.25,6611.0,6612.5,2695,ES.v.0
2026-04-03 04:00:00+00:00,34,1,42140864,6612.5,6615.25,6609.25,6611.0,2012,ES.v.0
2026-04-03 05:00:00+00:00,34,1,42140864,6611.25,6616.25,6608.75,6613.5,2129,ES.v.0
2026-04-03 06:00:00+00:00,34,1,42140864,6613.5,6613.75,6602.5,6606.0,4347,ES.v.0
2026-04-03 07:00:00+00:00,34,1,42140864,6606.0,6611.0,6598.75,6607.25,5403,ES.v.0
2026-04-03 08:00:00+00:00,34,1,42140864,6607.25,6610.0,6604.0,6606.0,1828,ES.v.0
2026-04-03 09:00:00+00:00,34,1,42140864,6606.25,6607.0,6602.5,6604.25,1629,ES.v.0
2026-04-03 10:00:00+00:00,34,1,42140864,6604.25,6605.0,6600.5,6604.0,3625,ES.v.0
2026-04-03 11:00:00+00:00,34,1,42140864,6604.0,6611.25,6598.25,6607.75,4693,ES.v.0
2026-04-03 12:00:00+00:00,34,1,42140864,6607.75,6639.0,6598.75,6600.25,19699,ES.v.0
2026-04-03 13:00:00+00:00,34,1,42140864,6600.5,6606.5,6598.5,6603.75,3579,ES.v.0
2026-04-05 22:00:00+00:00,34,1,42140864,6590.0,6590.0,6567.0,6587.5,23626,ES.v.0
2026-04-05 23:00:00+00:00,34,1,42140864,6587.5,6589.5,6578.25,6587.5,8179,ES.v.0
2026-04-06 00:00:00+00:00,34,1,42140864,6587.5,6610.75,6586.5,6609.25,15774,ES.v.0
2026-04-06 01:00:00+00:00,34,1,42140864,6609.25,6618.0,6606.5,6609.75,10079,ES.v.0
2026-04-06 02:00:00+00:00,34,1,42140864,6609.75,6635.75,6608.75,6615.75,18735,ES.v.0
2026-04-06 03:00:00+00:00,34,1,42140864,6615.75,6616.75,6595.25,6612.25,11687,ES.v.0
2026-04-06 04:00:00+00:00,34,1,42140864,6612.25,6622.5,6611.25,6621.0,5498,ES.v.0
2026-04-06 05:00:00+00:00,34,1,42140864,6621.0,6624.0,6613.25,6617.25,4829,ES.v.0
2026-04-06 06:00:00+00:00,34,1,42140864,6617.0,6632.5,6614.5,6624.5,11450,ES.v.0
2026-04-06 07:00:00+00:00,34,1,42140864,6624.75,6639.5,6614.25,6634.75,11699,ES.v.0
2026-04-06 08:00:00+00:00,34,1,42140864,6634.75,6650.0,6634.75,6645.0,12166,ES.v.0
2026-04-06 09:00:00+00:00,34,1,42140864,6645.0,6651.25,6635.75,6637.25,13333,ES.v.0
2026-04-06 10:00:00+00:00,34,1,42140864,6637.5,6643.0,6619.0,6631.0,15611,ES.v.0
2026-04-06 11:00:00+00:00,34,1,42140864,6631.25,6631.25,6624.0,6627.0,12875,ES.v.0
2026-04-06 12:00:00+00:00,34,1,42140864,6627.0,6635.5,6622.5,6629.25,19776,ES.v.0
2026-04-06 13:00:00+00:00,34,1,42140864,6629.25,6649.25,6617.75,6649.25,144644,ES.v.0
2026-04-06 14:00:00+00:00,34,1,42140864,6649.0,6661.0,6624.0,6638.5,213315,ES.v.0
2026-04-06 15:00:00+00:00,34,1,42140864,6638.75,6644.25,6626.5,6642.25,100469,ES.v.0
2026-04-06 16:00:00+00:00,34,1,42140864,6642.5,6649.0,6635.75,6643.0,68163,ES.v.0
2026-04-06 17:00:00+00:00,34,1,42140864,6643.25,6644.0,6618.75,6628.25,96256,ES.v.0
2026-04-06 18:00:00+00:00,34,1,42140864,6628.5,6650.25,6626.0,6647.0,84106,ES.v.0
2026-04-06 19:00:00+00:00,34,1,42140864,6647.0,6653.5,6641.75,6653.0,122746,ES.v.0
2026-04-06 20:00:00+00:00,34,1,42140864,6653.0,6654.25,6646.5,6650.75,38193,ES.v.0
2026-04-06 22:00:00+00:00,34,1,42140864,6650.5,6659.25,6642.25,6643.25,7975,ES.v.0
2026-04-06 23:00:00+00:00,34,1,42140864,6643.25,6650.0,6641.5,6641.75,4344,ES.v.0
2026-04-07 00:00:00+00:00,34,1,42140864,6641.5,6654.75,6637.75,6641.0,11298,ES.v.0
2026-04-07 01:00:00+00:00,34,1,42140864,6641.0,6643.75,6611.75,6614.25,17373,ES.v.0
2026-04-07 02:00:00+00:00,34,1,42140864,6614.25,6623.0,6609.0,6621.0,13348,ES.v.0
2026-04-07 03:00:00+00:00,34,1,42140864,6621.25,6624.75,6616.25,6622.25,5843,ES.v.0
2026-04-07 04:00:00+00:00,34,1,42140864,6622.5,6629.0,6616.25,6625.75,8330,ES.v.0
2026-04-07 05:00:00+00:00,34,1,42140864,6626.25,6629.0,6617.25,6623.0,7001,ES.v.0
2026-04-07 06:00:00+00:00,34,1,42140864,6622.75,6627.75,6618.75,6627.0,8721,ES.v.0
2026-04-07 07:00:00+00:00,34,1,42140864,6627.0,6630.5,6621.25,6628.0,12423,ES.v.0
2026-04-07 08:00:00+00:00,34,1,42140864,6628.0,6659.25,6627.75,6654.75,42642,ES.v.0
2026-04-07 09:00:00+00:00,34,1,42140864,6654.75,6667.0,6653.0,6661.0,25223,ES.v.0
2026-04-07 10:00:00+00:00,34,1,42140864,6661.0,6664.0,6613.75,6618.25,75109,ES.v.0
2026-04-07 11:00:00+00:00,34,1,42140864,6618.0,6631.5,6611.0,6619.75,38941,ES.v.0
2026-04-07 12:00:00+00:00,34,1,42140864,6619.5,6640.75,6602.0,6624.0,58741,ES.v.0
2026-04-07 13:00:00+00:00,34,1,42140864,6624.25,6639.0,6602.25,6602.75,168011,ES.v.0
2026-04-07 14:00:00+00:00,34,1,42140864,6603.0,6616.5,6581.5,6588.5,265949,ES.v.0
2026-04-07 15:00:00+00:00,34,1,42140864,6588.5,6606.25,6572.75,6600.75,224836,ES.v.0
2026-04-07 16:00:00+00:00,34,1,42140864,6600.5,6633.0,6600.25,6623.5,200339,ES.v.0
2026-04-07 17:00:00+00:00,34,1,42140864,6623.25,6646.5,6617.25,6630.0,143244,ES.v.0
2026-04-07 18:00:00+00:00,34,1,42140864,6630.25,6633.0,6597.0,6602.25,127785,ES.v.0
2026-04-07 19:00:00+00:00,34,1,42140864,6602.5,6659.5,6596.75,6655.5,374977,ES.v.0
2026-04-07 20:00:00+00:00,34,1,42140864,6655.5,6673.5,6649.25,6663.5,95365,ES.v.0
2026-04-07 22:00:00+00:00,34,1,42140864,6689.0,6793.5,6652.25,6791.75,95588,ES.v.0
2026-04-07 23:00:00+00:00,34,1,42140864,6791.75,6818.75,6783.5,6804.25,66798,ES.v.0
2026-04-08 00:00:00+00:00,34,1,42140864,6804.25,6810.0,6788.0,6803.5,40551,ES.v.0
2026-04-08 01:00:00+00:00,34,1,42140864,6803.5,6812.75,6799.0,6809.25,19450,ES.v.0
2026-04-08 02:00:00+00:00,34,1,42140864,6809.0,6818.0,6809.0,6817.5,13926,ES.v.0
2026-04-08 03:00:00+00:00,34,1,42140864,6817.5,6819.0,6812.0,6815.0,9134,ES.v.0
2026-04-08 04:00:00+00:00,34,1,42140864,6815.25,6824.75,6815.25,6819.75,11888,ES.v.0
2026-04-08 05:00:00+00:00,34,1,42140864,6819.75,6837.5,6817.75,6836.0,19161,ES.v.0
2026-04-08 06:00:00+00:00,34,1,42140864,6836.25,6838.0,6828.5,6829.75,25390,ES.v.0
2026-04-08 07:00:00+00:00,34,1,42140864,6830.0,6832.75,6817.5,6818.5,42448,ES.v.0
2026-04-08 08:00:00+00:00,34,1,42140864,6818.75,6834.5,6817.0,6834.0,34696,ES.v.0
2026-04-08 09:00:00+00:00,34,1,42140864,6834.0,6840.75,6828.0,6832.0,30833,ES.v.0
2026-04-08 10:00:00+00:00,34,1,42140864,6831.75,6837.75,6827.25,6833.75,20646,ES.v.0
2026-04-08 11:00:00+00:00,34,1,42140864,6833.5,6847.25,6828.5,6839.25,39325,ES.v.0
2026-04-08 12:00:00+00:00,34,1,42140864,6839.5,6845.25,6820.75,6831.75,71891,ES.v.0
2026-04-08 13:00:00+00:00,34,1,42140864,6831.75,6836.75,6805.0,6811.75,282435,ES.v.0
2026-04-08 14:00:00+00:00,34,1,42140864,6811.75,6818.5,6780.0,6794.0,311638,ES.v.0
2026-04-08 15:00:00+00:00,34,1,42140864,6793.75,6816.25,6789.75,6814.0,198590,ES.v.0
2026-04-08 16:00:00+00:00,34,1,42140864,6814.0,6827.5,6809.75,6825.75,129855,ES.v.0
2026-04-08 17:00:00+00:00,34,1,42140864,6826.0,6829.75,6812.5,6822.75,118971,ES.v.0
2026-04-08 18:00:00+00:00,34,1,42140864,6823.0,6831.25,6793.0,6794.0,188005,ES.v.0
2026-04-08 19:00:00+00:00,34,1,42140864,6794.0,6825.25,6792.5,6823.5,272980,ES.v.0
2026-04-08 20:00:00+00:00,34,1,42140864,6823.5,6827.0,6814.25,6816.25,61242,ES.v.0
2026-04-08 22:00:00+00:00,34,1,42140864,6814.25,6823.0,6809.5,6815.75,9225,ES.v.0
2026-04-08 23:00:00+00:00,34,1,42140864,6815.75,6820.75,6812.0,6812.75,5607,ES.v.0
2026-04-09 00:00:00+00:00,34,1,42140864,6812.75,6817.5,6806.75,6811.75,11300,ES.v.0
2026-04-09 01:00:00+00:00,34,1,42140864,6811.75,6814.0,6803.5,6811.0,12773,ES.v.0
2026-04-09 02:00:00+00:00,34,1,42140864,6811.0,6815.0,6809.5,6810.25,5990,ES.v.0
2026-04-09 03:00:00+00:00,34,1,42140864,6810.25,6812.0,6806.25,6810.5,5922,ES.v.0
2026-04-09 04:00:00+00:00,34,1,42140864,6810.5,6811.25,6807.75,6808.75,3468,ES.v.0
2026-04-09 05:00:00+00:00,34,1,42140864,6808.75,6816.25,6805.0,6811.5,5520,ES.v.0
2026-04-09 06:00:00+00:00,34,1,42140864,6811.75,6817.25,6806.0,6811.25,10796,ES.v.0
2026-04-09 07:00:00+00:00,34,1,42140864,6811.25,6813.25,6794.0,6798.75,20302,ES.v.0
2026-04-09 08:00:00+00:00,34,1,42140864,6798.75,6801.75,6792.5,6795.25,18740,ES.v.0
2026-04-09 09:00:00+00:00,34,1,42140864,6795.25,6802.5,6792.5,6802.0,12984,ES.v.0
2026-04-09 10:00:00+00:00,34,1,42140864,6802.0,6804.5,6795.0,6795.75,14174,ES.v.0
2026-04-09 11:00:00+00:00,34,1,42140864,6795.25,6807.75,6794.0,6805.25,21240,ES.v.0
2026-04-09 12:00:00+00:00,34,1,42140864,6805.5,6813.0,6801.0,6807.0,31094,ES.v.0
2026-04-09 13:00:00+00:00,34,1,42140864,6807.25,6821.75,6804.25,6816.75,146345,ES.v.0
2026-04-09 14:00:00+00:00,34,1,42140864,6816.5,6821.0,6801.75,6816.75,182380,ES.v.0
2026-04-09 15:00:00+00:00,34,1,42140864,6816.75,6853.25,6809.5,6852.25,258686,ES.v.0
2026-04-09 16:00:00+00:00,34,1,42140864,6852.25,6872.0,6852.25,6862.75,185465,ES.v.0
2026-04-09 17:00:00+00:00,34,1,42140864,6863.0,6876.0,6860.5,6869.75,125560,ES.v.0
2026-04-09 18:00:00+00:00,34,1,42140864,6869.75,6870.5,6848.0,6855.25,157770,ES.v.0
2026-04-09 19:00:00+00:00,34,1,42140864,6855.25,6871.25,6853.5,6861.75,214522,ES.v.0
2026-04-09 20:00:00+00:00,34,1,42140864,6861.75,6863.5,6856.25,6860.75,52948,ES.v.0
2026-04-09 22:00:00+00:00,34,1,42140864,6858.0,6862.5,6852.75,6853.75,12238,ES.v.0
2026-04-09 23:00:00+00:00,34,1,42140864,6854.0,6858.5,6851.0,6856.0,4463,ES.v.0
2026-04-10 00:00:00+00:00,34,1,42140864,6856.0,6865.5,6852.0,6864.25,7687,ES.v.0
2026-04-10 01:00:00+00:00,34,1,42140864,6864.0,6869.25,6860.75,6866.25,6507,ES.v.0
2026-04-10 02:00:00+00:00,34,1,42140864,6866.25,6867.0,6860.0,6863.25,4759,ES.v.0
2026-04-10 03:00:00+00:00,34,1,42140864,6863.25,6868.5,6862.5,6866.5,3364,ES.v.0
2026-04-10 04:00:00+00:00,34,1,42140864,6866.5,6867.0,6861.5,6862.75,2838,ES.v.0
2026-04-10 05:00:00+00:00,34,1,42140864,6862.75,6866.25,6861.5,6862.25,3117,ES.v.0
2026-04-10 06:00:00+00:00,34,1,42140864,6862.0,6862.75,6854.25,6856.5,8132,ES.v.0
2026-04-10 07:00:00+00:00,34,1,42140864,6856.5,6864.0,6855.0,6861.5,12504,ES.v.0
2026-04-10 08:00:00+00:00,34,1,42140864,6861.75,6862.0,6850.5,6851.5,12157,ES.v.0
2026-04-10 09:00:00+00:00,34,1,42140864,6851.5,6867.0,6851.5,6862.75,20263,ES.v.0
2026-04-10 10:00:00+00:00,34,1,42140864,6862.75,6866.75,6857.75,6864.25,11215,ES.v.0
2026-04-10 11:00:00+00:00,34,1,42140864,6864.5,6871.0,6862.25,6864.25,14526,ES.v.0
2026-04-10 12:00:00+00:00,34,1,42140864,6864.5,6888.0,6862.5,6871.5,30297,ES.v.0
2026-04-10 13:00:00+00:00,34,1,42140864,6871.25,6881.5,6864.0,6870.0,151722,ES.v.0
2026-04-10 14:00:00+00:00,34,1,42140864,6869.75,6882.0,6862.5,6875.75,193284,ES.v.0
2026-04-10 15:00:00+00:00,34,1,42140864,6876.0,6883.0,6853.5,6856.75,188769,ES.v.0
2026-04-10 16:00:00+00:00,34,1,42140864,6856.75,6863.25,6847.0,6856.75,130911,ES.v.0
2026-04-10 17:00:00+00:00,34,1,42140864,6856.75,6857.5,6846.25,6856.75,94112,ES.v.0
2026-04-10 18:00:00+00:00,34,1,42140864,6856.75,6859.5,6850.75,6855.5,77742,ES.v.0
2026-04-10 19:00:00+00:00,34,1,42140864,6855.75,6862.25,6848.75,6855.5,189178,ES.v.0
2026-04-10 20:00:00+00:00,34,1,42140864,6855.5,6864.25,6851.0,6863.75,47048,ES.v.0
2026-04-12 22:00:00+00:00,34,1,42140864,6780.0,6794.5,6767.0,6778.25,43021,ES.v.0
2026-04-12 23:00:00+00:00,34,1,42140864,6778.25,6784.75,6772.25,6784.25,11096,ES.v.0
2026-04-13 00:00:00+00:00,34,1,42140864,6784.5,6800.5,6777.25,6800.25,18131,ES.v.0
2026-04-13 01:00:00+00:00,34,1,42140864,6800.5,6807.75,6800.0,6805.25,15416,ES.v.0
2026-04-13 02:00:00+00:00,34,1,42140864,6805.25,6806.25,6800.75,6805.5,5273,ES.v.0
2026-04-13 03:00:00+00:00,34,1,42140864,6805.75,6807.0,6800.75,6801.25,5138,ES.v.0
2026-04-13 04:00:00+00:00,34,1,42140864,6801.5,6811.0,6799.25,6807.75,6035,ES.v.0
2026-04-13 05:00:00+00:00,34,1,42140864,6807.5,6809.75,6802.25,6808.25,6398,ES.v.0
2026-04-13 06:00:00+00:00,34,1,42140864,6808.5,6816.75,6808.5,6814.5,10140,ES.v.0
2026-04-13 07:00:00+00:00,34,1,42140864,6814.5,6818.25,6810.0,6812.5,13176,ES.v.0
2026-04-13 08:00:00+00:00,34,1,42140864,6812.25,6819.75,6810.25,6813.25,15392,ES.v.0
2026-04-13 09:00:00+00:00,34,1,42140864,6813.25,6820.0,6812.25,6813.5,11951,ES.v.0
2026-04-13 10:00:00+00:00,34,1,42140864,6813.75,6821.5,6811.25,6821.0,12782,ES.v.0
2026-04-13 11:00:00+00:00,34,1,42140864,6821.25,6831.5,6802.5,6804.75,28244,ES.v.0
2026-04-13 12:00:00+00:00,34,1,42140864,6805.0,6824.75,6802.5,6822.5,31870,ES.v.0
2026-04-13 13:00:00+00:00,34,1,42140864,6822.75,6859.0,6821.5,6858.5,196370,ES.v.0
2026-04-13 14:00:00+00:00,34,1,42140864,6858.0,6868.25,6845.0,6867.0,204193,ES.v.0
2026-04-13 15:00:00+00:00,34,1,42140864,6866.75,6867.0,6853.75,6856.25,135907,ES.v.0
2026-04-13 16:00:00+00:00,34,1,42140864,6856.0,6890.0,6851.25,6884.75,223260,ES.v.0
2026-04-13 17:00:00+00:00,34,1,42140864,6884.75,6890.0,6880.25,6883.25,89884,ES.v.0
2026-04-13 18:00:00+00:00,34,1,42140864,6883.25,6896.75,6883.0,6894.75,80387,ES.v.0
2026-04-13 19:00:00+00:00,34,1,42140864,6894.75,6924.75,6892.0,6921.25,244904,ES.v.0
2026-04-13 20:00:00+00:00,34,1,42140864,6921.25,6928.25,6919.25,6927.5,61872,ES.v.0
2026-04-13 22:00:00+00:00,34,1,42140864,6925.25,6930.0,6924.25,6927.25,6189,ES.v.0
2026-04-13 23:00:00+00:00,34,1,42140864,6927.5,6931.75,6925.0,6925.75,7966,ES.v.0
2026-04-14 00:00:00+00:00,34,1,42140864,6925.75,6927.75,6920.5,6926.0,9499,ES.v.0
2026-04-14 01:00:00+00:00,34,1,42140864,6926.0,6926.0,6922.0,6923.75,5158,ES.v.0
2026-04-14 02:00:00+00:00,34,1,42140864,6923.75,6927.5,6923.25,6925.5,3487,ES.v.0
2026-04-14 03:00:00+00:00,34,1,42140864,6925.75,6925.75,6922.0,6924.25,3158,ES.v.0
2026-04-14 04:00:00+00:00,34,1,42140864,6924.0,6925.75,6923.5,6925.25,2169,ES.v.0
2026-04-14 05:00:00+00:00,34,1,42140864,6925.25,6926.0,6921.5,6922.0,3258,ES.v.0
2026-04-14 06:00:00+00:00,34,1,42140864,6922.0,6927.5,6920.25,6926.0,7584,ES.v.0
2026-04-14 07:00:00+00:00,34,1,42140864,6926.0,6938.0,6924.75,6933.25,19119,ES.v.0
2026-04-14 08:00:00+00:00,34,1,42140864,6933.25,6940.75,6931.75,6939.75,11768,ES.v.0
2026-04-14 09:00:00+00:00,34,1,42140864,6940.0,6942.25,6932.5,6933.5,10958,ES.v.0
2026-04-14 10:00:00+00:00,34,1,42140864,6933.5,6937.25,6928.0,6929.5,14178,ES.v.0
2026-04-14 11:00:00+00:00,34,1,42140864,6929.25,6945.25,6928.0,6939.0,21640,ES.v.0
2026-04-14 12:00:00+00:00,34,1,42140864,6939.25,6949.5,6936.5,6939.75,33697,ES.v.0
2026-04-14 13:00:00+00:00,34,1,42140864,6939.75,6961.25,6937.25,6956.5,170645,ES.v.0
2026-04-14 14:00:00+00:00,34,1,42140864,6956.5,6979.0,6956.0,6977.0,183328,ES.v.0
2026-04-14 15:00:00+00:00,34,1,42140864,6977.0,6995.25,6970.75,6990.5,153795,ES.v.0
2026-04-14 16:00:00+00:00,34,1,42140864,6990.75,6999.5,6989.75,6991.25,101242,ES.v.0
2026-04-14 17:00:00+00:00,34,1,42140864,6991.5,7003.25,6991.25,6999.5,85547,ES.v.0
2026-04-14 18:00:00+00:00,34,1,42140864,6999.5,7001.5,6983.25,6989.75,116176,ES.v.0
2026-04-14 19:00:00+00:00,34,1,42140864,6989.5,7008.0,6988.75,7006.0,220366,ES.v.0
2026-04-14 20:00:00+00:00,34,1,42140864,7006.0,7007.25,7000.5,7004.25,51025,ES.v.0
2026-04-14 22:00:00+00:00,34,1,42140864,7004.0,7009.0,7001.75,7005.25,6470,ES.v.0
2026-04-14 23:00:00+00:00,34,1,42140864,7005.25,7013.75,7005.0,7008.75,6748,ES.v.0
2026-04-15 00:00:00+00:00,34,1,42140864,7008.5,7009.75,7005.0,7008.75,7149,ES.v.0
2026-04-15 01:00:00+00:00,34,1,42140864,7008.75,7012.5,7007.0,7011.25,5860,ES.v.0
2026-04-15 02:00:00+00:00,34,1,42140864,7011.25,7011.5,7003.75,7005.0,5833,ES.v.0
2026-04-15 03:00:00+00:00,34,1,42140864,7005.0,7011.0,7004.75,7010.0,4223,ES.v.0
2026-04-15 04:00:00+00:00,34,1,42140864,7010.0,7011.0,7007.25,7007.75,3402,ES.v.0
2026-04-15 05:00:00+00:00,34,1,42140864,7007.75,7017.25,7000.5,7003.75,11104,ES.v.0
2026-04-15 06:00:00+00:00,34,1,42140864,7004.0,7008.0,7003.0,7005.25,7285,ES.v.0
2026-04-15 07:00:00+00:00,34,1,42140864,7005.25,7007.0,6999.25,7005.25,12357,ES.v.0
2026-04-15 08:00:00+00:00,34,1,42140864,7005.5,7010.5,7002.5,7008.5,10301,ES.v.0
2026-04-15 09:00:00+00:00,34,1,42140864,7008.75,7010.25,6999.25,7000.25,16245,ES.v.0
2026-04-15 10:00:00+00:00,34,1,42140864,7000.25,7005.25,6991.75,7002.0,26577,ES.v.0
2026-04-15 11:00:00+00:00,34,1,42140864,7002.0,7018.0,7001.5,7009.0,27491,ES.v.0
2026-04-15 12:00:00+00:00,34,1,42140864,7009.25,7012.0,7001.5,7008.5,23301,ES.v.0
2026-04-15 13:00:00+00:00,34,1,42140864,7008.75,7024.75,7004.0,7018.0,170354,ES.v.0
2026-04-15 14:00:00+00:00,34,1,42140864,7017.75,7033.0,7011.5,7029.0,182593,ES.v.0
2026-04-15 15:00:00+00:00,34,1,42140864,7029.25,7037.5,7026.0,7032.0,131411,ES.v.0
2026-04-15 16:00:00+00:00,34,1,42140864,7032.0,7040.25,7019.25,7027.25,136902,ES.v.0
2026-04-15 17:00:00+00:00,34,1,42140864,7027.25,7042.25,7026.5,7037.0,88578,ES.v.0
2026-04-15 18:00:00+00:00,34,1,42140864,7036.75,7060.5,7033.75,7058.25,128786,ES.v.0
2026-04-15 19:00:00+00:00,34,1,42140864,7058.5,7064.5,7054.25,7060.0,227450,ES.v.0
2026-04-15 20:00:00+00:00,34,1,42140864,7060.25,7062.5,7054.25,7058.25,51819,ES.v.0
2026-04-15 22:00:00+00:00,34,1,42140864,7057.25,7065.75,7055.5,7065.5,6457,ES.v.0
2026-04-15 23:00:00+00:00,34,1,42140864,7065.5,7070.0,7064.0,7069.0,4262,ES.v.0
2026-04-16 00:00:00+00:00,34,1,42140864,7069.0,7076.0,7066.0,7073.75,11461,ES.v.0
2026-04-16 01:00:00+00:00,34,1,42140864,7073.75,7077.5,7071.25,7072.5,8032,ES.v.0
2026-04-16 02:00:00+00:00,34,1,42140864,7072.75,7075.75,7070.5,7072.0,5277,ES.v.0
2026-04-16 03:00:00+00:00,34,1,42140864,7072.0,7075.5,7071.25,7071.25,3852,ES.v.0
2026-04-16 04:00:00+00:00,34,1,42140864,7071.25,7072.75,7069.75,7071.25,3844,ES.v.0
2026-04-16 05:00:00+00:00,34,1,42140864,7071.5,7074.5,7068.25,7073.5,5380,ES.v.0
2026-04-16 06:00:00+00:00,34,1,42140864,7073.25,7078.5,7073.25,7077.0,9512,ES.v.0
2026-04-16 07:00:00+00:00,34,1,42140864,7077.0,7077.25,7069.25,7070.75,12494,ES.v.0
2026-04-16 08:00:00+00:00,34,1,42140864,7070.75,7072.0,7062.0,7067.75,16434,ES.v.0
2026-04-16 09:00:00+00:00,34,1,42140864,7067.75,7070.5,7065.0,7068.5,7710,ES.v.0
2026-04-16 10:00:00+00:00,34,1,42140864,7068.5,7070.75,7059.0,7064.75,12158,ES.v.0
2026-04-16 11:00:00+00:00,34,1,42140864,7064.5,7070.0,7062.75,7068.5,12397,ES.v.0
2026-04-16 12:00:00+00:00,34,1,42140864,7068.75,7073.25,7065.5,7069.5,19519,ES.v.0
2026-04-16 13:00:00+00:00,34,1,42140864,7069.5,7074.0,7046.5,7056.25,171806,ES.v.0
2026-04-16 14:00:00+00:00,34,1,42140864,7056.0,7063.0,7047.75,7060.5,182914,ES.v.0
2026-04-16 15:00:00+00:00,34,1,42140864,7060.25,7085.75,7060.25,7084.0,210317,ES.v.0
2026-04-16 16:00:00+00:00,34,1,42140864,7084.0,7089.0,7063.25,7069.5,149832,ES.v.0
2026-04-16 17:00:00+00:00,34,1,42140864,7069.75,7076.5,7059.5,7067.75,122219,ES.v.0
2026-04-16 18:00:00+00:00,34,1,42140864,7067.5,7073.5,7056.25,7068.75,105638,ES.v.0
2026-04-16 19:00:00+00:00,34,1,42140864,7068.75,7080.75,7067.5,7076.75,165315,ES.v.0
2026-04-16 20:00:00+00:00,34,1,42140864,7076.75,7080.0,7074.5,7078.25,43973,ES.v.0
2026-04-16 22:00:00+00:00,34,1,42140864,7077.25,7083.25,7075.5,7082.25,5382,ES.v.0
2026-04-16 23:00:00+00:00,34,1,42140864,7082.25,7085.5,7081.25,7083.5,3446,ES.v.0
2026-04-17 00:00:00+00:00,34,1,42140864,7083.5,7084.25,7077.75,7082.75,6465,ES.v.0
2026-04-17 01:00:00+00:00,34,1,42140864,7082.75,7084.5,7081.25,7083.25,4574,ES.v.0
2026-04-17 02:00:00+00:00,34,1,42140864,7083.25,7084.0,7077.25,7078.75,3192,ES.v.0
2026-04-17 03:00:00+00:00,34,1,42140864,7078.5,7079.5,7076.25,7078.0,3022,ES.v.0
2026-04-17 04:00:00+00:00,34,1,42140864,7078.25,7083.0,7077.5,7079.25,2291,ES.v.0
2026-04-17 05:00:00+00:00,34,1,42140864,7079.5,7082.0,7075.25,7081.25,3569,ES.v.0
2026-04-17 06:00:00+00:00,34,1,42140864,7081.5,7083.75,7077.25,7079.75,5657,ES.v.0
2026-04-17 07:00:00+00:00,34,1,42140864,7080.0,7087.75,7080.0,7086.5,9189,ES.v.0
2026-04-17 08:00:00+00:00,34,1,42140864,7086.5,7091.0,7084.5,7090.75,10151,ES.v.0
2026-04-17 09:00:00+00:00,34,1,42140864,7090.75,7093.75,7087.75,7093.0,12218,ES.v.0
2026-04-17 10:00:00+00:00,34,1,42140864,7093.0,7095.5,7088.0,7091.75,10323,ES.v.0
2026-04-17 11:00:00+00:00,34,1,42140864,7091.5,7102.25,7091.25,7101.0,15344,ES.v.0
2026-04-17 12:00:00+00:00,34,1,42140864,7101.25,7137.0,7099.5,7136.0,94999,ES.v.0
2026-04-17 13:00:00+00:00,34,1,42140864,7136.0,7147.5,7117.0,7143.5,329131,ES.v.0
2026-04-17 14:00:00+00:00,34,1,42140864,7143.5,7174.75,7141.5,7166.0,261981,ES.v.0
2026-04-17 15:00:00+00:00,34,1,42140864,7166.0,7175.0,7159.5,7169.0,190358,ES.v.0
2026-04-17 16:00:00+00:00,34,1,42140864,7169.25,7185.75,7166.75,7181.0,117661,ES.v.0
2026-04-17 17:00:00+00:00,34,1,42140864,7181.25,7183.75,7151.5,7164.5,186912,ES.v.0
2026-04-17 18:00:00+00:00,34,1,42140864,7164.75,7166.75,7152.75,7158.0,130465,ES.v.0
2026-04-17 19:00:00+00:00,34,1,42140864,7157.75,7165.5,7151.0,7161.5,201836,ES.v.0
2026-04-17 20:00:00+00:00,34,1,42140864,7161.5,7166.25,7159.5,7164.25,53864,ES.v.0
2026-04-19 22:00:00+00:00,34,1,42140864,7102.5,7116.0,7085.0,7110.75,42000,ES.v.0
2026-04-19 23:00:00+00:00,34,1,42140864,7110.75,7114.0,7102.5,7106.5,9719,ES.v.0
2026-04-20 00:00:00+00:00,34,1,42140864,7106.75,7114.0,7101.5,7112.75,11702,ES.v.0
2026-04-20 01:00:00+00:00,34,1,42140864,7112.75,7126.75,7112.25,7124.5,12402,ES.v.0
2026-04-20 02:00:00+00:00,34,1,42140864,7124.5,7124.5,7119.5,7122.0,5346,ES.v.0
2026-04-20 03:00:00+00:00,34,1,42140864,7122.0,7123.75,7118.75,7119.25,3626,ES.v.0
2026-04-20 04:00:00+00:00,34,1,42140864,7119.25,7121.75,7116.0,7120.25,5277,ES.v.0
2026-04-20 05:00:00+00:00,34,1,42140864,7120.5,7121.0,7109.5,7113.75,8119,ES.v.0
2026-04-20 06:00:00+00:00,34,1,42140864,7114.0,7128.5,7113.5,7124.25,11440,ES.v.0
2026-04-20 07:00:00+00:00,34,1,42140864,7124.5,7131.25,7114.5,7119.0,22474,ES.v.0
2026-04-20 08:00:00+00:00,34,1,42140864,7118.75,7131.25,7110.25,7129.5,18676,ES.v.0
2026-04-20 09:00:00+00:00,34,1,42140864,7129.5,7134.0,7125.5,7128.0,10223,ES.v.0
2026-04-20 10:00:00+00:00,34,1,42140864,7128.25,7136.25,7125.25,7126.5,10314,ES.v.0
2026-04-20 11:00:00+00:00,34,1,42140864,7126.25,7130.5,7121.0,7129.0,15484,ES.v.0
2026-04-20 12:00:00+00:00,34,1,42140864,7129.25,7141.0,7126.75,7136.5,23810,ES.v.0
2026-04-20 13:00:00+00:00,34,1,42140864,7136.5,7159.5,7134.75,7156.75,162925,ES.v.0
2026-04-20 14:00:00+00:00,34,1,42140864,7157.0,7157.5,7124.75,7131.75,230312,ES.v.0
2026-04-20 15:00:00+00:00,34,1,42140864,7131.75,7145.25,7121.5,7136.0,196129,ES.v.0
2026-04-20 16:00:00+00:00,34,1,42140864,7136.25,7141.25,7130.25,7136.75,85759,ES.v.0
2026-04-20 17:00:00+00:00,34,1,42140864,7136.75,7144.25,7132.75,7137.75,83965,ES.v.0
2026-04-20 18:00:00+00:00,34,1,42140864,7137.75,7146.75,7135.0,7143.0,91111,ES.v.0
2026-04-20 19:00:00+00:00,34,1,42140864,7143.25,7149.25,7136.5,7148.25,167715,ES.v.0
2026-04-20 20:00:00+00:00,34,1,42140864,7148.25,7160.5,7145.0,7152.0,66193,ES.v.0
2026-04-20 22:00:00+00:00,34,1,42140864,7150.75,7160.75,7150.0,7158.25,5434,ES.v.0
2026-04-20 23:00:00+00:00,34,1,42140864,7158.25,7158.5,7154.25,7155.0,2602,ES.v.0
2026-04-21 00:00:00+00:00,34,1,42140864,7155.0,7160.5,7150.0,7158.25,9530,ES.v.0
2026-04-21 01:00:00+00:00,34,1,42140864,7158.5,7162.5,7155.5,7158.75,6869,ES.v.0
2026-04-21 02:00:00+00:00,34,1,42140864,7158.75,7160.75,7157.5,7158.0,3268,ES.v.0
2026-04-21 03:00:00+00:00,34,1,42140864,7158.0,7158.75,7153.5,7156.75,3779,ES.v.0
2026-04-21 04:00:00+00:00,34,1,42140864,7156.75,7161.25,7156.75,7160.75,2645,ES.v.0
2026-04-21 05:00:00+00:00,34,1,42140864,7160.75,7165.25,7160.0,7160.5,5895,ES.v.0
2026-04-21 06:00:00+00:00,34,1,42140864,7160.75,7165.75,7159.5,7162.75,5315,ES.v.0
2026-04-21 07:00:00+00:00,34,1,42140864,7163.0,7163.25,7156.5,7158.25,11119,ES.v.0
2026-04-21 08:00:00+00:00,34,1,42140864,7158.0,7167.0,7154.5,7164.0,9046,ES.v.0
2026-04-21 09:00:00+00:00,34,1,42140864,7164.0,7169.75,7158.5,7168.5,8799,ES.v.0
2026-04-21 10:00:00+00:00,34,1,42140864,7168.5,7177.5,7168.0,7176.0,10128,ES.v.0
2026-04-21 11:00:00+00:00,34,1,42140864,7175.75,7183.0,7170.0,7175.5,27974,ES.v.0
2026-04-21 12:00:00+00:00,34,1,42140864,7175.75,7177.25,7160.75,7164.0,36638,ES.v.0
2026-04-21 13:00:00+00:00,34,1,42140864,7164.25,7168.5,7147.0,7167.5,154803,ES.v.0
2026-04-21 14:00:00+00:00,34,1,42140864,7167.75,7172.5,7134.0,7135.25,201797,ES.v.0
2026-04-21 15:00:00+00:00,34,1,42140864,7135.5,7141.5,7119.25,7126.5,251752,ES.v.0
2026-04-21 16:00:00+00:00,34,1,42140864,7126.5,7138.25,7113.5,7114.75,140699,ES.v.0
2026-04-21 17:00:00+00:00,34,1,42140864,7114.5,7133.25,7096.75,7116.75,254127,ES.v.0
2026-04-21 18:00:00+00:00,34,1,42140864,7116.75,7128.0,7105.5,7122.0,146806,ES.v.0
2026-04-21 19:00:00+00:00,34,1,42140864,7122.25,7138.5,7085.0,7100.5,348930,ES.v.0
2026-04-21 20:00:00+00:00,34,1,42140864,7100.75,7140.0,7091.75,7122.25,99978,ES.v.0
2026-04-21 22:00:00+00:00,34,1,42140864,7125.0,7130.5,7121.25,7124.25,6542,ES.v.0
2026-04-21 23:00:00+00:00,34,1,42140864,7124.25,7131.25,7123.0,7131.0,5428,ES.v.0
2026-04-22 00:00:00+00:00,34,1,42140864,7131.25,7140.0,7131.25,7134.5,9766,ES.v.0
2026-04-22 01:00:00+00:00,34,1,42140864,7134.5,7142.0,7134.25,7139.75,6379,ES.v.0
2026-04-22 02:00:00+00:00,34,1,42140864,7139.75,7143.0,7139.0,7139.75,4069,ES.v.0
2026-04-22 03:00:00+00:00,34,1,42140864,7139.75,7141.5,7135.5,7135.75,3567,ES.v.0
2026-04-22 04:00:00+00:00,34,1,42140864,7136.0,7138.0,7129.5,7130.25,4140,ES.v.0
2026-04-22 05:00:00+00:00,34,1,42140864,7130.25,7147.5,7128.5,7141.0,14107,ES.v.0
2026-04-22 06:00:00+00:00,34,1,42140864,7141.0,7143.75,7134.0,7142.0,7432,ES.v.0
2026-04-22 07:00:00+00:00,34,1,42140864,7142.0,7147.0,7139.5,7142.25,11237,ES.v.0
2026-04-22 08:00:00+00:00,34,1,42140864,7142.5,7144.0,7130.0,7138.5,13748,ES.v.0
2026-04-22 09:00:00+00:00,34,1,42140864,7138.5,7146.5,7134.0,7138.25,13022,ES.v.0
2026-04-22 10:00:00+00:00,34,1,42140864,7138.5,7143.5,7132.75,7138.75,11814,ES.v.0
2026-04-22 11:00:00+00:00,34,1,42140864,7139.0,7143.0,7135.5,7142.0,13250,ES.v.0
2026-04-22 12:00:00+00:00,34,1,42140864,7142.0,7157.25,7138.0,7139.0,44759,ES.v.0
2026-04-22 13:00:00+00:00,34,1,42140864,7139.0,7153.5,7137.5,7152.75,150286,ES.v.0
2026-04-22 14:00:00+00:00,34,1,42140864,7152.75,7166.25,7146.25,7159.25,182192,ES.v.0
2026-04-22 15:00:00+00:00,34,1,42140864,7159.25,7164.0,7150.0,7154.75,128802,ES.v.0
2026-04-22 16:00:00+00:00,34,1,42140864,7155.0,7160.25,7146.5,7147.75,102146,ES.v.0
2026-04-22 17:00:00+00:00,34,1,42140864,7147.75,7163.0,7147.75,7158.25,98721,ES.v.0
2026-04-22 18:00:00+00:00,34,1,42140864,7158.25,7160.5,7150.5,7154.5,71002,ES.v.0
2026-04-22 19:00:00+00:00,34,1,42140864,7154.5,7173.0,7150.0,7170.25,179153,ES.v.0
2026-04-22 20:00:00+00:00,34,1,42140864,7170.25,7173.0,7156.0,7164.5,48736,ES.v.0
2026-04-22 22:00:00+00:00,34,1,42140864,7163.0,7164.0,7158.25,7161.0,4115,ES.v.0
2026-04-22 23:00:00+00:00,34,1,42140864,7161.0,7163.25,7159.5,7162.75,2280,ES.v.0
2026-04-23 00:00:00+00:00,34,1,42140864,7162.5,7163.0,7105.5,7154.75,52079,ES.v.0
2026-04-23 01:00:00+00:00,34,1,42140864,7154.75,7155.25,7139.5,7141.5,10514,ES.v.0
2026-04-23 02:00:00+00:00,34,1,42140864,7141.5,7142.5,7132.0,7133.0,12907,ES.v.0
2026-04-23 03:00:00+00:00,34,1,42140864,7133.5,7136.5,7118.75,7127.25,11984,ES.v.0
2026-04-23 04:00:00+00:00,34,1,42140864,7127.25,7135.5,7123.5,7135.25,5654,ES.v.0
2026-04-23 05:00:00+00:00,34,1,42140864,7135.25,7142.0,7131.0,7138.25,7286,ES.v.0
2026-04-23 06:00:00+00:00,34,1,42140864,7138.25,7144.75,7138.25,7143.25,10961,ES.v.0
2026-04-23 07:00:00+00:00,34,1,42140864,7143.25,7149.0,7140.25,7145.0,13511,ES.v.0
2026-04-23 08:00:00+00:00,34,1,42140864,7145.0,7146.5,7130.75,7133.0,14401,ES.v.0
2026-04-23 09:00:00+00:00,34,1,42140864,7132.75,7140.5,7125.75,7135.0,15251,ES.v.0
2026-04-23 10:00:00+00:00,34,1,42140864,7135.0,7143.0,7129.0,7141.75,17243,ES.v.0
2026-04-23 11:00:00+00:00,34,1,42140864,7141.75,7160.75,7134.25,7158.25,34242,ES.v.0
2026-04-23 12:00:00+00:00,34,1,42140864,7158.0,7169.5,7136.25,7152.0,51024,ES.v.0
2026-04-23 13:00:00+00:00,34,1,42140864,7152.25,7171.0,7142.5,7159.75,145928,ES.v.0
2026-04-23 14:00:00+00:00,34,1,42140864,7159.75,7178.5,7149.0,7175.0,172929,ES.v.0
2026-04-23 15:00:00+00:00,34,1,42140864,7175.0,7181.5,7164.25,7168.75,143300,ES.v.0
2026-04-23 16:00:00+00:00,34,1,42140864,7168.5,7170.25,7160.25,7166.25,104792,ES.v.0
2026-04-23 17:00:00+00:00,34,1,42140864,7166.25,7168.25,7079.25,7123.5,474318,ES.v.0
2026-04-23 18:00:00+00:00,34,1,42140864,7123.25,7152.25,7119.0,7128.25,214299,ES.v.0
2026-04-23 19:00:00+00:00,34,1,42140864,7128.25,7146.75,7121.5,7141.75,217981,ES.v.0
2026-04-23 20:00:00+00:00,34,1,42140864,7142.0,7144.5,7128.75,7132.5,50982,ES.v.0
2026-04-23 22:00:00+00:00,34,1,42140864,7143.0,7148.0,7139.75,7146.5,8398,ES.v.0
2026-04-23 23:00:00+00:00,34,1,42140864,7146.5,7153.75,7144.25,7153.25,4269,ES.v.0
2026-04-24 00:00:00+00:00,34,1,42140864,7153.5,7161.25,7150.5,7156.25,11296,ES.v.0
2026-04-24 01:00:00+00:00,34,1,42140864,7156.5,7157.75,7150.75,7156.75,7628,ES.v.0
2026-04-24 02:00:00+00:00,34,1,42140864,7156.5,7157.0,7140.5,7142.5,8387,ES.v.0
2026-04-24 03:00:00+00:00,34,1,42140864,7142.75,7144.5,7136.25,7139.5,6123,ES.v.0
2026-04-24 04:00:00+00:00,34,1,42140864,7139.25,7145.25,7137.0,7144.5,4617,ES.v.0
2026-04-24 05:00:00+00:00,34,1,42140864,7144.5,7151.25,7140.0,7150.75,5697,ES.v.0
2026-04-24 06:00:00+00:00,34,1,42140864,7151.0,7152.5,7145.0,7147.25,6120,ES.v.0
2026-04-24 07:00:00+00:00,34,1,42140864,7147.0,7155.5,7146.5,7153.75,11090,ES.v.0
2026-04-24 08:00:00+00:00,34,1,42140864,7153.5,7159.25,7141.25,7143.5,18082,ES.v.0
2026-04-24 09:00:00+00:00,34,1,42140864,7143.75,7146.75,7135.5,7143.75,12629,ES.v.0
2026-04-24 10:00:00+00:00,34,1,42140864,7143.75,7152.5,7141.5,7151.25,11923,ES.v.0
2026-04-24 11:00:00+00:00,34,1,42140864,7150.75,7189.5,7150.5,7171.0,68755,ES.v.0
2026-04-24 12:00:00+00:00,34,1,42140864,7171.25,7177.75,7154.25,7162.25,52572,ES.v.0
2026-04-24 13:00:00+00:00,34,1,42140864,7162.5,7170.5,7145.0,7154.75,176011,ES.v.0
2026-04-24 14:00:00+00:00,34,1,42140864,7154.75,7171.75,7146.5,7170.0,197729,ES.v.0
2026-04-24 15:00:00+00:00,34,1,42140864,7170.0,7197.25,7167.5,7193.5,220876,ES.v.0
2026-04-24 16:00:00+00:00,34,1,42140864,7193.5,7195.75,7184.25,7191.5,118758,ES.v.0
2026-04-24 17:00:00+00:00,34,1,42140864,7191.5,7200.5,7182.75,7192.25,101853,ES.v.0
2026-04-24 18:00:00+00:00,34,1,42140864,7192.25,7193.5,7184.75,7190.75,83586,ES.v.0
2026-04-24 19:00:00+00:00,34,1,42140864,7191.0,7200.0,7189.75,7194.75,196053,ES.v.0
2026-04-24 20:00:00+00:00,34,1,42140864,7194.5,7197.25,7190.0,7195.5,46714,ES.v.0
2026-04-26 22:00:00+00:00,34,1,42140864,7185.0,7191.0,7171.5,7182.0,14358,ES.v.0
2026-04-26 23:00:00+00:00,34,1,42140864,7182.25,7182.75,7175.0,7178.5,6007,ES.v.0
2026-04-27 00:00:00+00:00,34,1,42140864,7178.75,7193.0,7177.25,7190.5,11026,ES.v.0
2026-04-27 01:00:00+00:00,34,1,42140864,7190.75,7208.0,7189.75,7207.5,19022,ES.v.0
2026-04-27 02:00:00+00:00,34,1,42140864,7207.75,7208.5,7201.75,7203.25,6216,ES.v.0
2026-04-27 03:00:00+00:00,34,1,42140864,7203.5,7206.75,7201.75,7202.75,6621,ES.v.0
2026-04-27 04:00:00+00:00,34,1,42140864,7202.75,7205.25,7199.75,7200.75,5847,ES.v.0
2026-04-27 05:00:00+00:00,34,1,42140864,7200.5,7201.0,7188.0,7189.75,7252,ES.v.0
2026-04-27 06:00:00+00:00,34,1,42140864,7189.75,7191.5,7186.0,7188.0,8300,ES.v.0
2026-04-27 07:00:00+00:00,34,1,42140864,7188.0,7190.25,7185.0,7187.0,9336,ES.v.0
2026-04-27 08:00:00+00:00,34,1,42140864,7186.75,7190.0,7181.5,7188.75,13781,ES.v.0
2026-04-27 09:00:00+00:00,34,1,42140864,7189.0,7191.25,7187.25,7189.0,7361,ES.v.0
2026-04-27 10:00:00+00:00,34,1,42140864,7189.0,7195.25,7186.5,7194.0,10080,ES.v.0
2026-04-27 11:00:00+00:00,34,1,42140864,7193.75,7198.5,7193.5,7196.5,12950,ES.v.0
2026-04-27 12:00:00+00:00,34,1,42140864,7196.75,7197.25,7185.0,7188.25,24824,ES.v.0
2026-04-27 13:00:00+00:00,34,1,42140864,7188.5,7198.5,7180.25,7195.5,164225,ES.v.0
2026-04-27 14:00:00+00:00,34,1,42140864,7195.5,7199.0,7185.25,7190.75,157124,ES.v.0
2026-04-27 15:00:00+00:00,34,1,42140864,7191.0,7192.75,7177.0,7188.75,121251,ES.v.0
2026-04-27 16:00:00+00:00,34,1,42140864,7188.75,7197.75,7186.25,7196.0,77517,ES.v.0
2026-04-27 17:00:00+00:00,34,1,42140864,7196.25,7207.25,7193.75,7203.5,84047,ES.v.0
2026-04-27 18:00:00+00:00,34,1,42140864,7203.5,7207.25,7201.75,7203.0,59587,ES.v.0
2026-04-27 19:00:00+00:00,34,1,42140864,7203.25,7211.25,7201.5,7207.25,168638,ES.v.0
2026-04-27 20:00:00+00:00,34,1,42140864,7207.0,7208.0,7202.25,7205.25,35997,ES.v.0
2026-04-27 22:00:00+00:00,34,1,42140864,7204.75,7221.75,7204.75,7216.5,8254,ES.v.0
2026-04-27 23:00:00+00:00,34,1,42140864,7216.5,7220.0,7215.0,7217.25,2834,ES.v.0
2026-04-28 00:00:00+00:00,34,1,42140864,7217.25,7223.25,7212.25,7213.75,9591,ES.v.0
2026-04-28 01:00:00+00:00,34,1,42140864,7213.75,7219.25,7208.0,7208.75,8098,ES.v.0
2026-04-28 02:00:00+00:00,34,1,42140864,7209.0,7212.0,7204.5,7206.0,6215,ES.v.0
2026-04-28 03:00:00+00:00,34,1,42140864,7205.75,7212.0,7205.0,7208.25,4066,ES.v.0
2026-04-28 04:00:00+00:00,34,1,42140864,7208.25,7213.0,7207.0,7209.5,2586,ES.v.0
2026-04-28 05:00:00+00:00,34,1,42140864,7209.75,7210.5,7196.0,7198.25,7889,ES.v.0
2026-04-28 06:00:00+00:00,34,1,42140864,7198.25,7201.0,7189.5,7194.0,8663,ES.v.0
2026-04-28 07:00:00+00:00,34,1,42140864,7193.75,7198.0,7190.75,7196.75,10771,ES.v.0
2026-04-28 08:00:00+00:00,34,1,42140864,7197.0,7201.75,7188.5,7200.5,13673,ES.v.0
2026-04-28 09:00:00+00:00,34,1,42140864,7200.5,7201.0,7188.0,7191.75,13160,ES.v.0
2026-04-28 10:00:00+00:00,34,1,42140864,7191.75,7194.5,7186.0,7189.0,15075,ES.v.0
2026-04-28 11:00:00+00:00,34,1,42140864,7189.0,7191.75,7155.25,7158.5,47628,ES.v.0
2026-04-28 12:00:00+00:00,34,1,42140864,7158.75,7170.0,7147.5,7169.5,60281,ES.v.0
2026-04-28 13:00:00+00:00,34,1,42140864,7169.25,7183.0,7160.5,7169.5,187723,ES.v.0
2026-04-28 14:00:00+00:00,34,1,42140864,7169.75,7177.5,7146.25,7159.0,246549,ES.v.0
2026-04-28 15:00:00+00:00,34,1,42140864,7158.75,7164.75,7147.75,7153.75,154732,ES.v.0
2026-04-28 16:00:00+00:00,34,1,42140864,7153.75,7159.75,7147.25,7155.5,107795,ES.v.0
2026-04-28 17:00:00+00:00,34,1,42140864,7155.5,7165.5,7148.0,7164.5,89437,ES.v.0
2026-04-28 18:00:00+00:00,34,1,42140864,7164.5,7170.5,7161.5,7169.25,90888,ES.v.0
2026-04-28 19:00:00+00:00,34,1,42140864,7169.25,7176.25,7166.25,7171.5,171775,ES.v.0
2026-04-28 20:00:00+00:00,34,1,42140864,7171.5,7176.25,7167.5,7172.5,41951,ES.v.0
2026-04-28 22:00:00+00:00,34,1,42140864,7172.5,7178.0,7172.5,7176.0,3526,ES.v.0
2026-04-28 23:00:00+00:00,34,1,42140864,7176.0,7179.5,7174.25,7179.5,2258,ES.v.0
2026-04-29 00:00:00+00:00,34,1,42140864,7179.5,7188.0,7179.5,7183.5,8994,ES.v.0
2026-04-29 01:00:00+00:00,34,1,42140864,7183.25,7183.5,7169.0,7178.25,13352,ES.v.0
2026-04-29 02:00:00+00:00,34,1,42140864,7178.5,7185.25,7178.5,7181.5,5355,ES.v.0
2026-04-29 03:00:00+00:00,34,1,42140864,7181.75,7185.25,7181.25,7182.5,4190,ES.v.0
2026-04-29 04:00:00+00:00,34,1,42140864,7182.5,7187.0,7182.5,7184.5,3631,ES.v.0
2026-04-29 05:00:00+00:00,34,1,42140864,7184.75,7187.25,7182.0,7185.0,4174,ES.v.0
2026-04-29 06:00:00+00:00,34,1,42140864,7185.0,7188.5,7179.25,7179.75,7228,ES.v.0
2026-04-29 07:00:00+00:00,34,1,42140864,7179.5,7183.5,7169.25,7174.5,15476,ES.v.0
2026-04-29 08:00:00+00:00,34,1,42140864,7174.75,7180.25,7166.5,7172.75,20130,ES.v.0
2026-04-29 09:00:00+00:00,34,1,42140864,7172.75,7177.75,7167.5,7169.5,10429,ES.v.0
2026-04-29 10:00:00+00:00,34,1,42140864,7169.25,7181.0,7166.5,7176.5,11228,ES.v.0
2026-04-29 11:00:00+00:00,34,1,42140864,7176.25,7180.0,7169.75,7173.5,15235,ES.v.0
2026-04-29 12:00:00+00:00,34,1,42140864,7173.25,7174.75,7161.25,7169.0,27000,ES.v.0
2026-04-29 13:00:00+00:00,34,1,42140864,7169.0,7174.0,7149.5,7160.75,153925,ES.v.0
2026-04-29 14:00:00+00:00,34,1,42140864,7160.75,7175.25,7155.75,7168.0,141393,ES.v.0
2026-04-29 15:00:00+00:00,34,1,42140864,7167.75,7168.5,7145.25,7153.5,184588,ES.v.0
2026-04-29 16:00:00+00:00,34,1,42140864,7153.75,7160.75,7142.0,7150.25,114421,ES.v.0
2026-04-29 17:00:00+00:00,34,1,42140864,7150.0,7160.75,7145.25,7159.25,88953,ES.v.0
2026-04-29 18:00:00+00:00,34,1,42140864,7159.25,7160.25,7137.0,7158.75,154030,ES.v.0
2026-04-29 19:00:00+00:00,34,1,42140864,7159.0,7170.75,7153.0,7170.25,200196,ES.v.0
2026-04-29 20:00:00+00:00,34,1,42140864,7170.5,7190.75,7131.25,7141.5,131145,ES.v.0
2026-04-29 22:00:00+00:00,34,1,42140864,7150.0,7196.5,7148.5,7184.25,35310,ES.v.0
2026-04-29 23:00:00+00:00,34,1,42140864,7184.5,7193.25,7180.0,7192.75,9340,ES.v.0
2026-04-30 00:00:00+00:00,34,1,42140864,7192.75,7201.5,7191.0,7199.25,11765,ES.v.0
2026-04-30 01:00:00+00:00,34,1,42140864,7199.0,7200.5,7193.75,7199.25,8985,ES.v.0
2026-04-30 02:00:00+00:00,34,1,42140864,7199.25,7199.75,7165.5,7177.25,20451,ES.v.0
2026-04-30 03:00:00+00:00,34,1,42140864,7177.0,7181.5,7171.75,7172.0,8551,ES.v.0
2026-04-30 04:00:00+00:00,34,1,42140864,7172.0,7172.0,7144.75,7145.25,17319,ES.v.0
2026-04-30 05:00:00+00:00,34,1,42140864,7145.5,7158.75,7143.0,7143.5,12374,ES.v.0
2026-04-30 06:00:00+00:00,34,1,42140864,7143.25,7158.0,7133.75,7153.25,23692,ES.v.0
2026-04-30 07:00:00+00:00,34,1,42140864,7153.25,7165.75,7149.75,7161.25,17832,ES.v.0
2026-04-30 08:00:00+00:00,34,1,42140864,7160.75,7171.0,7159.25,7165.0,14577,ES.v.0
2026-04-30 09:00:00+00:00,34,1,42140864,7164.75,7184.75,7158.5,7171.25,25013,ES.v.0
2026-04-30 10:00:00+00:00,34,1,42140864,7171.0,7187.25,7171.0,7180.5,24045,ES.v.0
2026-04-30 11:00:00+00:00,34,1,42140864,7180.75,7200.5,7180.0,7194.5,28238,ES.v.0
2026-04-30 12:00:00+00:00,34,1,42140864,7194.5,7211.5,7193.25,7204.0,39137,ES.v.0
2026-04-30 13:00:00+00:00,34,1,42140864,7204.0,7209.75,7160.25,7165.25,206620,ES.v.0
2026-04-30 14:00:00+00:00,34,1,42140864,7165.25,7194.75,7157.25,7192.0,242963,ES.v.0
2026-04-30 15:00:00+00:00,34,1,42140864,7192.0,7204.25,7187.75,7199.25,166389,ES.v.0
2026-04-30 16:00:00+00:00,34,1,42140864,7199.5,7207.5,7192.5,7197.0,103287,ES.v.0
2026-04-30 17:00:00+00:00,34,1,42140864,7197.25,7225.5,7196.75,7224.75,110419,ES.v.0
2026-04-30 18:00:00+00:00,34,1,42140864,7224.75,7242.0,7224.25,7237.5,127169,ES.v.0
2026-04-30 19:00:00+00:00,34,1,42140864,7237.5,7251.75,7236.25,7238.25,289265,ES.v.0
2026-04-30 20:00:00+00:00,34,1,42140864,7238.0,7253.5,7238.0,7246.75,79637,ES.v.0
2026-04-30 22:00:00+00:00,34,1,42140864,7256.0,7263.5,7246.25,7250.0,13921,ES.v.0
2026-04-30 23:00:00+00:00,34,1,42140864,7250.0,7257.25,7249.0,7252.75,7177,ES.v.0
2026-05-01 00:00:00+00:00,34,1,42140864,7252.75,7261.0,7250.5,7258.0,8161,ES.v.0
2026-05-01 01:00:00+00:00,34,1,42140864,7257.75,7264.0,7255.5,7262.75,6356,ES.v.0
2026-05-01 02:00:00+00:00,34,1,42140864,7262.75,7263.0,7258.25,7260.75,3903,ES.v.0
2026-05-01 03:00:00+00:00,34,1,42140864,7261.0,7265.75,7259.25,7260.25,5415,ES.v.0
2026-05-01 04:00:00+00:00,34,1,42140864,7260.25,7260.5,7256.75,7258.0,2180,ES.v.0
2026-05-01 05:00:00+00:00,34,1,42140864,7258.0,7260.25,7256.25,7257.0,3425,ES.v.0
2026-05-01 06:00:00+00:00,34,1,42140864,7257.25,7258.25,7251.0,7252.0,5012,ES.v.0
2026-05-01 07:00:00+00:00,34,1,42140864,7252.0,7257.0,7248.5,7249.75,12221,ES.v.0
2026-05-01 08:00:00+00:00,34,1,42140864,7249.75,7253.0,7247.75,7250.25,7594,ES.v.0
2026-05-01 09:00:00+00:00,34,1,42140864,7250.25,7254.25,7246.5,7253.25,5071,ES.v.0
2026-05-01 10:00:00+00:00,34,1,42140864,7253.25,7254.5,7248.75,7254.0,6124,ES.v.0
2026-05-01 11:00:00+00:00,34,1,42140864,7254.25,7257.0,7249.0,7256.25,8492,ES.v.0
2026-05-01 12:00:00+00:00,34,1,42140864,7256.25,7271.5,7254.5,7258.5,32822,ES.v.0
2026-05-01 13:00:00+00:00,34,1,42140864,7258.25,7293.25,7258.0,7293.25,178023,ES.v.0
2026-05-01 14:00:00+00:00,34,1,42140864,7293.0,7300.75,7274.5,7278.5,211139,ES.v.0
2026-05-01 15:00:00+00:00,34,1,42140864,7278.75,7295.75,7272.0,7285.25,142669,ES.v.0
2026-05-01 16:00:00+00:00,34,1,42140864,7285.25,7287.75,7266.0,7270.25,127240,ES.v.0
2026-05-01 17:00:00+00:00,34,1,42140864,7270.0,7283.75,7269.75,7279.5,70030,ES.v.0
2026-05-01 18:00:00+00:00,34,1,42140864,7279.5,7280.75,7259.0,7262.75,102871,ES.v.0
2026-05-01 19:00:00+00:00,34,1,42140864,7262.75,7277.0,7255.5,7257.5,191919,ES.v.0
2026-05-01 20:00:00+00:00,34,1,42140864,7257.5,7258.25,7240.75,7247.75,56376,ES.v.0
2026-05-03 22:00:00+00:00,34,1,42140864,7276.25,7279.75,7262.25,7265.5,13334,ES.v.0
2026-05-03 23:00:00+00:00,34,1,42140864,7265.75,7268.0,7259.25,7261.75,5560,ES.v.0
2026-05-04 00:00:00+00:00,34,1,42140864,7261.75,7267.25,7254.25,7266.5,12935,ES.v.0
2026-05-04 01:00:00+00:00,34,1,42140864,7266.5,7267.75,7259.5,7267.0,9471,ES.v.0
2026-05-04 02:00:00+00:00,34,1,42140864,7267.25,7268.75,7260.0,7266.0,8045,ES.v.0
2026-05-04 03:00:00+00:00,34,1,42140864,7266.0,7269.0,7263.5,7267.0,4603,ES.v.0
2026-05-04 04:00:00+00:00,34,1,42140864,7267.0,7270.75,7265.75,7267.75,3609,ES.v.0
2026-05-04 05:00:00+00:00,34,1,42140864,7267.75,7274.5,7267.25,7270.0,6851,ES.v.0
2026-05-04 06:00:00+00:00,34,1,42140864,7270.0,7271.25,7259.5,7262.75,8676,ES.v.0
2026-05-04 07:00:00+00:00,34,1,42140864,7263.0,7273.5,7259.5,7265.25,13297,ES.v.0
2026-05-04 08:00:00+00:00,34,1,42140864,7265.0,7265.5,7255.0,7262.25,15042,ES.v.0
2026-05-04 09:00:00+00:00,34,1,42140864,7262.5,7267.75,7260.5,7263.75,8167,ES.v.0
2026-05-04 10:00:00+00:00,34,1,42140864,7264.0,7265.5,7213.75,7247.0,78966,ES.v.0
2026-05-04 11:00:00+00:00,34,1,42140864,7247.25,7254.25,7236.75,7245.25,29087,ES.v.0
2026-05-04 12:00:00+00:00,34,1,42140864,7245.25,7256.0,7245.25,7249.25,28570,ES.v.0
2026-05-04 13:00:00+00:00,34,1,42140864,7249.25,7257.75,7238.25,7257.75,152186,ES.v.0
2026-05-04 14:00:00+00:00,34,1,42140864,7257.5,7271.0,7248.0,7258.75,163285,ES.v.0
2026-05-04 15:00:00+00:00,34,1,42140864,7259.0,7264.25,7218.75,7225.25,316602,ES.v.0
2026-05-04 16:00:00+00:00,34,1,42140864,7225.25,7228.25,7199.5,7215.0,214688,ES.v.0
2026-05-04 17:00:00+00:00,34,1,42140864,7214.75,7236.25,7214.25,7232.75,116734,ES.v.0
2026-05-04 18:00:00+00:00,34,1,42140864,7233.0,7239.5,7217.5,7223.75,110063,ES.v.0
2026-05-04 19:00:00+00:00,34,1,42140864,7224.0,7231.5,7220.5,7231.0,175004,ES.v.0
2026-05-04 20:00:00+00:00,34,1,42140864,7231.25,7231.5,7222.75,7225.25,37029,ES.v.0
2026-05-04 22:00:00+00:00,34,1,42140864,7228.75,7234.75,7226.0,7227.5,5600,ES.v.0
2026-05-04 23:00:00+00:00,34,1,42140864,7227.5,7229.25,7224.5,7227.0,3053,ES.v.0
2026-05-05 00:00:00+00:00,34,1,42140864,7227.25,7235.75,7223.75,7231.75,8220,ES.v.0
2026-05-05 01:00:00+00:00,34,1,42140864,7231.75,7239.0,7227.25,7235.5,7626,ES.v.0
2026-05-05 02:00:00+00:00,34,1,42140864,7235.75,7241.0,7233.75,7236.5,6958,ES.v.0
2026-05-05 03:00:00+00:00,34,1,42140864,7236.25,7242.0,7235.5,7240.75,3511,ES.v.0
2026-05-05 04:00:00+00:00,34,1,42140864,7240.5,7243.75,7238.5,7240.0,3805,ES.v.0
2026-05-05 05:00:00+00:00,34,1,42140864,7239.75,7244.25,7238.25,7243.75,4461,ES.v.0
2026-05-05 06:00:00+00:00,34,1,42140864,7243.75,7248.25,7235.75,7247.5,11422,ES.v.0
2026-05-05 07:00:00+00:00,34,1,42140864,7247.75,7256.75,7245.75,7247.25,17269,ES.v.0
2026-05-05 08:00:00+00:00,34,1,42140864,7247.5,7257.0,7247.25,7254.75,13878,ES.v.0
2026-05-05 09:00:00+00:00,34,1,42140864,7254.75,7258.0,7249.75,7255.5,9505,ES.v.0
2026-05-05 10:00:00+00:00,34,1,42140864,7255.25,7261.75,7253.0,7255.5,11337,ES.v.0
2026-05-05 11:00:00+00:00,34,1,42140864,7255.5,7259.25,7248.75,7258.25,17685,ES.v.0
2026-05-05 12:00:00+00:00,34,1,42140864,7258.25,7269.0,7256.25,7261.75,29240,ES.v.0
2026-05-05 13:00:00+00:00,34,1,42140864,7261.75,7277.25,7261.5,7275.0,136390,ES.v.0
2026-05-05 14:00:00+00:00,34,1,42140864,7275.0,7286.25,7266.75,7280.75,223770,ES.v.0
2026-05-05 15:00:00+00:00,34,1,42140864,7280.5,7285.75,7278.5,7279.5,105549,ES.v.0
2026-05-05 16:00:00+00:00,34,1,42140864,7279.75,7288.0,7279.0,7284.0,69800,ES.v.0
2026-05-05 17:00:00+00:00,34,1,42140864,7284.0,7291.5,7280.25,7289.25,61762,ES.v.0
2026-05-05 18:00:00+00:00,34,1,42140864,7289.25,7296.25,7289.0,7292.75,65059,ES.v.0
2026-05-05 19:00:00+00:00,34,1,42140864,7292.75,7299.75,7282.5,7287.0,193351,ES.v.0
2026-05-05 20:00:00+00:00,34,1,42140864,7286.75,7304.25,7284.75,7295.5,57954,ES.v.0
2026-05-05 22:00:00+00:00,34,1,42140864,7300.5,7320.0,7293.5,7316.75,23214,ES.v.0
2026-05-05 23:00:00+00:00,34,1,42140864,7316.75,7319.25,7312.25,7314.25,11438,ES.v.0
2026-05-06 00:00:00+00:00,34,1,42140864,7314.25,7316.0,7299.25,7303.5,15628,ES.v.0
2026-05-06 01:00:00+00:00,34,1,42140864,7303.25,7310.25,7302.75,7307.75,8406,ES.v.0
2026-05-06 02:00:00+00:00,34,1,42140864,7307.75,7308.25,7302.5,7304.25,6207,ES.v.0
2026-05-06 03:00:00+00:00,34,1,42140864,7304.25,7311.0,7303.25,7307.75,5264,ES.v.0
2026-05-06 04:00:00+00:00,34,1,42140864,7308.0,7310.25,7306.5,7308.75,4531,ES.v.0
2026-05-06 05:00:00+00:00,34,1,42140864,7308.5,7312.75,7307.0,7311.5,6080,ES.v.0
2026-05-06 06:00:00+00:00,34,1,42140864,7311.5,7314.75,7303.75,7309.75,13394,ES.v.0
2026-05-06 07:00:00+00:00,34,1,42140864,7309.75,7311.75,7306.5,7310.75,15908,ES.v.0
2026-05-06 08:00:00+00:00,34,1,42140864,7311.0,7343.25,7305.5,7335.25,48199,ES.v.0
2026-05-06 09:00:00+00:00,34,1,42140864,7335.25,7343.0,7323.0,7341.75,35713,ES.v.0
2026-05-06 10:00:00+00:00,34,1,42140864,7341.75,7363.75,7340.5,7358.0,49627,ES.v.0
2026-05-06 11:00:00+00:00,34,1,42140864,7357.75,7366.25,7345.0,7348.0,56667,ES.v.0
2026-05-06 12:00:00+00:00,34,1,42140864,7348.25,7348.75,7326.5,7338.5,53678,ES.v.0
2026-05-06 13:00:00+00:00,34,1,42140864,7338.5,7347.5,7327.25,7346.0,184331,ES.v.0
2026-05-06 14:00:00+00:00,34,1,42140864,7346.0,7372.0,7336.25,7371.25,242454,ES.v.0
2026-05-06 15:00:00+00:00,34,1,42140864,7371.5,7375.0,7358.75,7365.75,170015,ES.v.0
2026-05-06 16:00:00+00:00,34,1,42140864,7365.75,7369.75,7354.5,7359.0,86968,ES.v.0
2026-05-06 17:00:00+00:00,34,1,42140864,7359.25,7371.0,7355.5,7371.0,64378,ES.v.0
2026-05-06 18:00:00+00:00,34,1,42140864,7371.0,7384.5,7369.75,7379.25,106655,ES.v.0
2026-05-06 19:00:00+00:00,34,1,42140864,7379.25,7395.75,7379.0,7386.75,249397,ES.v.0
2026-05-06 20:00:00+00:00,34,1,42140864,7386.75,7395.75,7384.5,7386.75,72114,ES.v.0
2026-05-06 22:00:00+00:00,34,1,42140864,7380.5,7383.75,7377.0,7378.75,7513,ES.v.0
2026-05-06 23:00:00+00:00,34,1,42140864,7378.75,7382.5,7377.5,7379.75,4649,ES.v.0
2026-05-07 00:00:00+00:00,34,1,42140864,7379.75,7385.5,7378.5,7384.75,10392,ES.v.0
2026-05-07 01:00:00+00:00,34,1,42140864,7384.75,7393.0,7381.0,7390.25,8685,ES.v.0
2026-05-07 02:00:00+00:00,34,1,42140864,7390.25,7391.25,7383.25,7388.5,7142,ES.v.0
2026-05-07 03:00:00+00:00,34,1,42140864,7388.5,7392.0,7386.75,7390.5,4744,ES.v.0
2026-05-07 04:00:00+00:00,34,1,42140864,7390.5,7394.5,7389.5,7393.5,4873,ES.v.0
2026-05-07 05:00:00+00:00,34,1,42140864,7393.25,7395.75,7392.0,7394.0,5986,ES.v.0
2026-05-07 06:00:00+00:00,34,1,42140864,7393.75,7403.0,7390.25,7399.5,12332,ES.v.0
2026-05-07 07:00:00+00:00,34,1,42140864,7399.25,7410.5,7395.5,7402.0,27617,ES.v.0
2026-05-07 08:00:00+00:00,34,1,42140864,7402.0,7408.5,7393.75,7395.25,21591,ES.v.0
2026-05-07 09:00:00+00:00,34,1,42140864,7395.25,7399.5,7392.0,7394.0,13931,ES.v.0
2026-05-07 10:00:00+00:00,34,1,42140864,7393.75,7398.75,7389.75,7395.25,13247,ES.v.0
2026-05-07 11:00:00+00:00,34,1,42140864,7395.5,7399.0,7392.75,7396.75,19377,ES.v.0
2026-05-07 12:00:00+00:00,34,1,42140864,7396.5,7402.75,7395.25,7401.75,22813,ES.v.0
2026-05-07 13:00:00+00:00,34,1,42140864,7402.0,7402.0,7383.75,7387.5,157559,ES.v.0
2026-05-07 14:00:00+00:00,34,1,42140864,7387.5,7409.5,7387.25,7409.25,182186,ES.v.0
2026-05-07 15:00:00+00:00,34,1,42140864,7409.5,7410.0,7386.0,7388.0,171484,ES.v.0
2026-05-07 16:00:00+00:00,34,1,42140864,7388.0,7388.5,7364.0,7368.5,235737,ES.v.0
2026-05-07 17:00:00+00:00,34,1,42140864,7368.5,7374.75,7345.75,7365.25,236560,ES.v.0
2026-05-07 18:00:00+00:00,34,1,42140864,7365.25,7370.5,7345.5,7359.75,162312,ES.v.0
2026-05-07 19:00:00+00:00,34,1,42140864,7359.75,7367.5,7348.5,7364.25,251123,ES.v.0
2026-05-07 20:00:00+00:00,34,1,42140864,7364.5,7378.75,7351.25,7352.25,92954,ES.v.0
2026-05-07 22:00:00+00:00,34,1,42140864,7340.0,7359.25,7336.25,7349.5,20844,ES.v.0
2026-05-07 23:00:00+00:00,34,1,42140864,7349.5,7363.0,7348.25,7362.75,5560,ES.v.0
2026-05-08 00:00:00+00:00,34,1,42140864,7363.0,7373.25,7363.0,7372.75,13630,ES.v.0
2026-05-08 01:00:00+00:00,34,1,42140864,7372.5,7380.5,7372.5,7376.25,11389,ES.v.0
2026-05-08 02:00:00+00:00,34,1,42140864,7376.25,7379.5,7367.25,7374.75,10022,ES.v.0
2026-05-08 03:00:00+00:00,34,1,42140864,7374.5,7379.5,7373.5,7378.25,4853,ES.v.0
2026-05-08 04:00:00+00:00,34,1,42140864,7378.0,7382.5,7375.25,7379.25,4949,ES.v.0
2026-05-08 05:00:00+00:00,34,1,42140864,7379.25,7385.5,7378.75,7382.75,6562,ES.v.0
2026-05-08 06:00:00+00:00,34,1,42140864,7382.5,7388.75,7379.25,7388.0,9031,ES.v.0
2026-05-08 07:00:00+00:00,34,1,42140864,7388.0,7388.5,7380.75,7387.25,14168,ES.v.0
2026-05-08 08:00:00+00:00,34,1,42140864,7387.25,7394.5,7386.25,7393.75,13850,ES.v.0
2026-05-08 09:00:00+00:00,34,1,42140864,7394.0,7402.25,7390.5,7394.5,19268,ES.v.0
2026-05-08 10:00:00+00:00,34,1,42140864,7394.75,7399.75,7391.0,7396.25,13385,ES.v.0
2026-05-08 11:00:00+00:00,34,1,42140864,7396.25,7402.0,7396.25,7399.75,15458,ES.v.0
2026-05-08 12:00:00+00:00,34,1,42140864,7399.75,7412.5,7394.5,7398.25,43823,ES.v.0
2026-05-08 13:00:00+00:00,34,1,42140864,7398.0,7413.75,7389.0,7413.5,149583,ES.v.0
2026-05-08 14:00:00+00:00,34,1,42140864,7413.25,7422.75,7408.25,7417.75,183351,ES.v.0
2026-05-08 15:00:00+00:00,34,1,42140864,7417.75,7420.75,7407.25,7416.0,136417,ES.v.0
2026-05-08 16:00:00+00:00,34,1,42140864,7415.75,7424.25,7415.0,7415.75,86339,ES.v.0
2026-05-08 17:00:00+00:00,34,1,42140864,7415.75,7426.0,7414.75,7418.75,79856,ES.v.0
2026-05-08 18:00:00+00:00,34,1,42140864,7418.75,7427.75,7407.5,7410.75,103898,ES.v.0
2026-05-08 19:00:00+00:00,34,1,42140864,7410.5,7422.0,7410.0,7421.0,200590,ES.v.0
2026-05-08 20:00:00+00:00,34,1,42140864,7421.0,7425.0,7417.25,7420.5,62012,ES.v.0
2026-05-10 22:00:00+00:00,34,1,42140864,7403.5,7409.75,7390.5,7404.5,17297,ES.v.0
2026-05-10 23:00:00+00:00,34,1,42140864,7404.25,7409.0,7401.25,7402.75,7942,ES.v.0
2026-05-11 00:00:00+00:00,34,1,42140864,7402.75,7412.75,7397.0,7402.25,16820,ES.v.0
2026-05-11 01:00:00+00:00,34,1,42140864,7402.25,7411.25,7398.0,7411.0,12389,ES.v.0
2026-05-11 02:00:00+00:00,34,1,42140864,7411.0,7414.5,7409.5,7411.25,6593,ES.v.0
2026-05-11 03:00:00+00:00,34,1,42140864,7411.25,7415.5,7407.5,7411.25,6680,ES.v.0
2026-05-11 04:00:00+00:00,34,1,42140864,7411.25,7413.25,7406.75,7412.75,4143,ES.v.0
2026-05-11 05:00:00+00:00,34,1,42140864,7413.0,7415.0,7410.25,7410.5,5511,ES.v.0
2026-05-11 06:00:00+00:00,34,1,42140864,7410.5,7416.25,7409.5,7413.0,8255,ES.v.0
2026-05-11 07:00:00+00:00,34,1,42140864,7413.0,7415.0,7410.0,7414.25,11668,ES.v.0
2026-05-11 08:00:00+00:00,34,1,42140864,7414.25,7417.75,7410.0,7414.0,14345,ES.v.0
2026-05-11 09:00:00+00:00,34,1,42140864,7413.75,7420.75,7413.0,7415.0,13900,ES.v.0
2026-05-11 10:00:00+00:00,34,1,42140864,7414.75,7416.75,7411.0,7412.25,9695,ES.v.0
2026-05-11 11:00:00+00:00,34,1,42140864,7412.25,7420.25,7410.75,7414.0,17090,ES.v.0
2026-05-11 12:00:00+00:00,34,1,42140864,7414.0,7415.75,7402.5,7408.75,31972,ES.v.0
2026-05-11 13:00:00+00:00,34,1,42140864,7408.75,7437.25,7406.75,7432.75,148607,ES.v.0
2026-05-11 14:00:00+00:00,34,1,42140864,7432.5,7445.75,7421.5,7443.0,189883,ES.v.0
2026-05-11 15:00:00+00:00,34,1,42140864,7442.75,7449.75,7435.75,7448.5,113051,ES.v.0
2026-05-11 16:00:00+00:00,34,1,42140864,7448.25,7450.5,7434.25,7439.5,105928,ES.v.0
2026-05-11 17:00:00+00:00,34,1,42140864,7439.5,7454.75,7434.75,7448.0,88760,ES.v.0
2026-05-11 18:00:00+00:00,34,1,42140864,7448.25,7452.75,7431.0,7431.25,86695,ES.v.0
2026-05-11 19:00:00+00:00,34,1,42140864,7431.5,7439.0,7427.5,7438.75,208409,ES.v.0
2026-05-11 20:00:00+00:00,34,1,42140864,7438.75,7440.25,7426.0,7435.0,51380,ES.v.0
2026-05-11 22:00:00+00:00,34,1,42140864,7435.5,7443.75,7434.25,7441.0,4514,ES.v.0
2026-05-11 23:00:00+00:00,34,1,42140864,7441.25,7441.75,7436.25,7438.75,3278,ES.v.0
2026-05-12 00:00:00+00:00,34,1,42140864,7438.5,7438.75,7428.75,7429.75,8934,ES.v.0
2026-05-12 01:00:00+00:00,34,1,42140864,7429.75,7432.0,7411.25,7419.0,19805,ES.v.0
2026-05-12 02:00:00+00:00,34,1,42140864,7419.25,7430.75,7417.75,7429.25,9934,ES.v.0
2026-05-12 03:00:00+00:00,34,1,42140864,7429.25,7430.25,7424.25,7425.25,4419,ES.v.0
2026-05-12 04:00:00+00:00,34,1,42140864,7425.25,7427.5,7420.75,7420.75,5155,ES.v.0
2026-05-12 05:00:00+00:00,34,1,42140864,7420.75,7424.0,7418.5,7421.5,6063,ES.v.0
2026-05-12 06:00:00+00:00,34,1,42140864,7421.5,7422.75,7408.25,7408.75,11381,ES.v.0
2026-05-12 07:00:00+00:00,34,1,42140864,7409.0,7417.25,7402.25,7416.0,18513,ES.v.0
2026-05-12 08:00:00+00:00,34,1,42140864,7416.0,7416.75,7405.5,7409.5,15621,ES.v.0
2026-05-12 09:00:00+00:00,34,1,42140864,7409.5,7416.5,7403.25,7411.5,13717,ES.v.0
2026-05-12 10:00:00+00:00,34,1,42140864,7411.5,7416.0,7406.75,7412.0,10750,ES.v.0
2026-05-12 11:00:00+00:00,34,1,42140864,7411.75,7413.75,7402.0,7407.75,19103,ES.v.0
2026-05-12 12:00:00+00:00,34,1,42140864,7407.75,7420.75,7398.75,7419.5,39323,ES.v.0
2026-05-12 13:00:00+00:00,34,1,42140864,7419.5,7421.25,7393.5,7396.25,184536,ES.v.0
2026-05-12 14:00:00+00:00,34,1,42140864,7396.0,7408.75,7380.0,7383.0,259384,ES.v.0
2026-05-12 15:00:00+00:00,34,1,42140864,7383.0,7385.5,7363.25,7369.75,204796,ES.v.0
2026-05-12 16:00:00+00:00,34,1,42140864,7370.0,7380.0,7363.5,7366.25,120379,ES.v.0
2026-05-12 17:00:00+00:00,34,1,42140864,7366.25,7397.25,7365.25,7396.0,147966,ES.v.0
2026-05-12 18:00:00+00:00,34,1,42140864,7396.0,7410.5,7391.75,7405.25,135280,ES.v.0
2026-05-12 19:00:00+00:00,34,1,42140864,7405.25,7433.75,7404.75,7428.25,246650,ES.v.0
2026-05-12 20:00:00+00:00,34,1,42140864,7428.0,7428.75,7415.75,7420.5,56561,ES.v.0
2026-05-12 22:00:00+00:00,34,1,42140864,7419.25,7427.5,7419.25,7421.75,6109,ES.v.0
2026-05-12 23:00:00+00:00,34,1,42140864,7421.75,7423.5,7411.75,7412.0,6497,ES.v.0
2026-05-13 00:00:00+00:00,34,1,42140864,7411.75,7423.25,7410.0,7420.5,10873,ES.v.0
2026-05-13 01:00:00+00:00,34,1,42140864,7420.25,7436.5,7420.0,7429.0,12102,ES.v.0
2026-05-13 02:00:00+00:00,34,1,42140864,7428.75,7432.0,7425.25,7429.25,6790,ES.v.0
2026-05-13 03:00:00+00:00,34,1,42140864,7429.0,7436.0,7425.5,7434.0,6046,ES.v.0
2026-05-13 04:00:00+00:00,34,1,42140864,7434.0,7438.5,7433.0,7437.25,4662,ES.v.0
2026-05-13 05:00:00+00:00,34,1,42140864,7437.25,7441.75,7435.5,7439.25,7729,ES.v.0
2026-05-13 06:00:00+00:00,34,1,42140864,7439.5,7443.5,7434.25,7437.25,9101,ES.v.0
2026-05-13 07:00:00+00:00,34,1,42140864,7437.5,7446.5,7434.25,7445.0,12661,ES.v.0
2026-05-13 08:00:00+00:00,34,1,42140864,7445.25,7454.25,7444.0,7447.5,17132,ES.v.0
2026-05-13 09:00:00+00:00,34,1,42140864,7447.25,7447.5,7439.5,7447.0,12020,ES.v.0
2026-05-13 10:00:00+00:00,34,1,42140864,7447.25,7449.0,7439.25,7442.75,10557,ES.v.0
2026-05-13 11:00:00+00:00,34,1,42140864,7442.5,7445.0,7438.5,7441.25,12715,ES.v.0
2026-05-13 12:00:00+00:00,34,1,42140864,7441.25,7446.25,7416.5,7421.0,55010,ES.v.0
2026-05-13 13:00:00+00:00,34,1,42140864,7421.25,7435.0,7399.0,7413.5,189758,ES.v.0
2026-05-13 14:00:00+00:00,34,1,42140864,7413.25,7434.5,7412.25,7433.0,170615,ES.v.0
2026-05-13 15:00:00+00:00,34,1,42140864,7433.0,7447.0,7431.25,7442.0,116775,ES.v.0
2026-05-13 16:00:00+00:00,34,1,42140864,7442.0,7467.75,7439.75,7465.25,133158,ES.v.0
2026-05-13 17:00:00+00:00,34,1,42140864,7465.5,7474.0,7465.5,7466.25,78139,ES.v.0
2026-05-13 18:00:00+00:00,34,1,42140864,7466.25,7483.75,7465.75,7471.5,108484,ES.v.0
2026-05-13 19:00:00+00:00,34,1,42140864,7471.5,7482.25,7467.75,7468.5,183384,ES.v.0
2026-05-13 20:00:00+00:00,34,1,42140864,7468.5,7478.0,7466.5,7476.0,48087,ES.v.0
2026-05-13 22:00:00+00:00,34,1,42140864,7477.5,7481.75,7472.5,7479.0,6760,ES.v.0
2026-05-13 23:00:00+00:00,34,1,42140864,7479.0,7483.75,7477.0,7480.5,5541,ES.v.0
2026-05-14 00:00:00+00:00,34,1,42140864,7480.25,7489.0,7475.5,7487.75,10106,ES.v.0
2026-05-14 01:00:00+00:00,34,1,42140864,7487.75,7487.75,7477.75,7478.75,7877,ES.v.0
2026-05-14 02:00:00+00:00,34,1,42140864,7478.5,7484.0,7476.5,7478.5,6828,ES.v.0
2026-05-14 03:00:00+00:00,34,1,42140864,7478.5,7482.75,7471.75,7473.25,6500,ES.v.0
2026-05-14 04:00:00+00:00,34,1,42140864,7473.5,7481.75,7471.0,7477.5,5026,ES.v.0
2026-05-14 05:00:00+00:00,34,1,42140864,7477.5,7486.75,7473.25,7483.0,8392,ES.v.0
2026-05-14 06:00:00+00:00,34,1,42140864,7483.25,7489.5,7483.0,7485.0,9538,ES.v.0
2026-05-14 07:00:00+00:00,34,1,42140864,7485.0,7489.0,7478.25,7479.25,9939,ES.v.0
2026-05-14 08:00:00+00:00,34,1,42140864,7479.5,7491.75,7478.0,7487.75,15403,ES.v.0
2026-05-14 09:00:00+00:00,34,1,42140864,7488.0,7490.0,7475.25,7485.0,13020,ES.v.0
2026-05-14 10:00:00+00:00,34,1,42140864,7485.0,7496.25,7483.25,7488.5,18573,ES.v.0
2026-05-14 11:00:00+00:00,34,1,42140864,7488.25,7495.0,7485.0,7491.0,13057,ES.v.0
2026-05-14 12:00:00+00:00,34,1,42140864,7491.0,7499.25,7486.0,7489.75,23203,ES.v.0
2026-05-14 13:00:00+00:00,34,1,42140864,7489.5,7503.25,7479.75,7488.5,162536,ES.v.0
2026-05-14 14:00:00+00:00,34,1,42140864,7488.5,7520.0,7486.75,7516.5,185005,ES.v.0
2026-05-14 15:00:00+00:00,34,1,42140864,7516.5,7537.5,7515.75,7537.25,146685,ES.v.0
2026-05-14 16:00:00+00:00,34,1,42140864,7537.0,7540.0,7515.75,7522.75,163177,ES.v.0
2026-05-14 17:00:00+00:00,34,1,42140864,7522.5,7527.5,7507.0,7521.5,137912,ES.v.0
2026-05-14 18:00:00+00:00,34,1,42140864,7521.5,7528.0,7511.0,7527.5,110953,ES.v.0
2026-05-14 19:00:00+00:00,34,1,42140864,7527.5,7531.25,7522.5,7526.0,179606,ES.v.0
2026-05-14 20:00:00+00:00,34,1,42140864,7526.0,7530.0,7518.25,7523.0,53453,ES.v.0
2026-05-14 22:00:00+00:00,34,1,42140864,7522.25,7527.0,7520.5,7524.0,5405,ES.v.0
2026-05-14 23:00:00+00:00,34,1,42140864,7524.25,7528.25,7519.25,7521.0,4272,ES.v.0
2026-05-15 00:00:00+00:00,34,1,42140864,7520.75,7526.5,7512.75,7519.0,10591,ES.v.0
2026-05-15 01:00:00+00:00,34,1,42140864,7518.75,7520.0,7494.25,7495.25,22088,ES.v.0
2026-05-15 02:00:00+00:00,34,1,42140864,7495.25,7512.0,7493.75,7508.25,16572,ES.v.0
2026-05-15 03:00:00+00:00,34,1,42140864,7508.0,7509.5,7501.25,7505.25,9287,ES.v.0
2026-05-15 04:00:00+00:00,34,1,42140864,7505.25,7505.25,7492.25,7493.5,10523,ES.v.0
2026-05-15 05:00:00+00:00,34,1,42140864,7493.75,7493.75,7466.0,7466.0,23106,ES.v.0
2026-05-15 06:00:00+00:00,34,1,42140864,7466.25,7484.75,7463.0,7480.75,27944,ES.v.0
2026-05-15 07:00:00+00:00,34,1,42140864,7480.5,7487.25,7472.0,7474.5,21038,ES.v.0
2026-05-15 08:00:00+00:00,34,1,42140864,7474.75,7476.0,7435.75,7450.0,45044,ES.v.0
2026-05-15 09:00:00+00:00,34,1,42140864,7450.0,7455.0,7436.25,7445.0,27940,ES.v.0
2026-05-15 10:00:00+00:00,34,1,42140864,7445.5,7471.5,7441.5,7464.25,37957,ES.v.0
2026-05-15 11:00:00+00:00,34,1,42140864,7464.25,7468.5,7446.0,7446.5,24090,ES.v.0
2026-05-15 12:00:00+00:00,34,1,42140864,7446.5,7447.0,7429.75,7437.75,51044,ES.v.0
2026-05-15 13:00:00+00:00,34,1,42140864,7438.0,7462.0,7420.25,7432.25,281477,ES.v.0
2026-05-15 14:00:00+00:00,34,1,42140864,7432.5,7467.75,7430.25,7450.5,293532,ES.v.0
2026-05-15 15:00:00+00:00,34,1,42140864,7450.5,7460.5,7431.75,7443.75,190168,ES.v.0
2026-05-15 16:00:00+00:00,34,1,42140864,7443.75,7458.0,7437.25,7450.25,120735,ES.v.0
2026-05-15 17:00:00+00:00,34,1,42140864,7450.5,7471.0,7447.5,7470.75,101707,ES.v.0
2026-05-15 18:00:00+00:00,34,1,42140864,7470.75,7475.75,7445.25,7457.0,132692,ES.v.0
2026-05-15 19:00:00+00:00,34,1,42140864,7457.0,7458.5,7427.0,7432.5,273443,ES.v.0
2026-05-15 20:00:00+00:00,34,1,42140864,7432.5,7433.0,7409.25,7418.0,96204,ES.v.0
2026-05-17 22:00:00+00:00,34,1,42140864,7410.0,7435.0,7408.5,7429.5,20464,ES.v.0
2026-05-17 23:00:00+00:00,34,1,42140864,7429.25,7430.75,7397.75,7411.25,20826,ES.v.0
2026-05-18 00:00:00+00:00,34,1,42140864,7411.0,7415.25,7381.5,7397.5,34946,ES.v.0
2026-05-18 01:00:00+00:00,34,1,42140864,7397.25,7400.0,7375.0,7387.75,23250,ES.v.0
2026-05-18 02:00:00+00:00,34,1,42140864,7387.5,7393.0,7378.75,7382.0,15262,ES.v.0
2026-05-18 03:00:00+00:00,34,1,42140864,7382.0,7388.25,7378.0,7385.5,9717,ES.v.0
2026-05-18 04:00:00+00:00,34,1,42140864,7385.5,7393.25,7379.5,7384.75,11199,ES.v.0
2026-05-18 05:00:00+00:00,34,1,42140864,7384.75,7392.5,7379.5,7385.0,11693,ES.v.0
2026-05-18 06:00:00+00:00,34,1,42140864,7384.5,7395.25,7376.0,7395.25,17252,ES.v.0
2026-05-18 07:00:00+00:00,34,1,42140864,7395.0,7407.75,7384.75,7396.5,33022,ES.v.0
2026-05-18 08:00:00+00:00,34,1,42140864,7396.75,7416.75,7396.75,7416.25,23580,ES.v.0
2026-05-18 09:00:00+00:00,34,1,42140864,7416.25,7417.75,7405.5,7410.5,16462,ES.v.0
2026-05-18 10:00:00+00:00,34,1,42140864,7411.0,7411.5,7394.0,7399.0,18852,ES.v.0
2026-05-18 11:00:00+00:00,34,1,42140864,7398.75,7433.0,7386.5,7414.0,54172,ES.v.0
2026-05-18 12:00:00+00:00,34,1,42140864,7414.25,7453.25,7413.25,7450.0,60895,ES.v.0
2026-05-18 13:00:00+00:00,34,1,42140864,7450.0,7454.25,7415.25,7445.75,238757,ES.v.0
2026-05-18 14:00:00+00:00,34,1,42140864,7445.75,7448.0,7404.25,7423.0,294694,ES.v.0
2026-05-18 15:00:00+00:00,34,1,42140864,7423.0,7430.5,7391.75,7403.0,206091,ES.v.0
2026-05-18 16:00:00+00:00,34,1,42140864,7403.0,7419.0,7381.75,7404.75,191119,ES.v.0
2026-05-18 17:00:00+00:00,34,1,42140864,7405.0,7414.75,7399.25,7410.0,104042,ES.v.0
2026-05-18 18:00:00+00:00,34,1,42140864,7410.0,7411.25,7373.5,7376.5,154474,ES.v.0
2026-05-18 19:00:00+00:00,34,1,42140864,7376.5,7428.0,7376.0,7426.25,315609,ES.v.0
2026-05-18 20:00:00+00:00,34,1,42140864,7426.25,7428.25,7417.0,7420.25,45998,ES.v.0
2026-05-18 22:00:00+00:00,34,1,42140864,7423.5,7438.5,7422.75,7434.25,9256,ES.v.0
2026-05-18 23:00:00+00:00,34,1,42140864,7434.25,7438.75,7426.5,7429.25,5960,ES.v.0
2026-05-19 00:00:00+00:00,34,1,42140864,7429.25,7440.75,7423.25,7424.0,14315,ES.v.0
2026-05-19 01:00:00+00:00,34,1,42140864,7423.75,7426.5,7411.5,7416.75,12989,ES.v.0
2026-05-19 02:00:00+00:00,34,1,42140864,7416.5,7416.5,7402.75,7410.5,13612,ES.v.0
2026-05-19 03:00:00+00:00,34,1,42140864,7410.75,7422.25,7406.25,7412.5,6914,ES.v.0
2026-05-19 04:00:00+00:00,34,1,42140864,7412.75,7412.75,7397.25,7404.75,10460,ES.v.0
2026-05-19 05:00:00+00:00,34,1,42140864,7405.25,7407.5,7391.5,7402.0,9992,ES.v.0
2026-05-19 06:00:00+00:00,34,1,42140864,7402.0,7416.5,7396.5,7413.5,13785,ES.v.0
2026-05-19 07:00:00+00:00,34,1,42140864,7413.75,7433.0,7411.0,7429.75,19201,ES.v.0
2026-05-19 08:00:00+00:00,34,1,42140864,7429.5,7431.25,7406.5,7413.25,17776,ES.v.0
2026-05-19 09:00:00+00:00,34,1,42140864,7412.75,7413.0,7384.0,7398.0,23076,ES.v.0
2026-05-19 10:00:00+00:00,34,1,42140864,7398.0,7401.25,7384.25,7399.75,24923,ES.v.0
2026-05-19 11:00:00+00:00,34,1,42140864,7399.5,7405.25,7388.5,7389.0,19619,ES.v.0
2026-05-19 12:00:00+00:00,34,1,42140864,7389.0,7404.75,7385.75,7401.25,22508,ES.v.0
2026-05-19 13:00:00+00:00,34,1,42140864,7401.25,7403.5,7370.0,7392.5,256339,ES.v.0
2026-05-19 14:00:00+00:00,34,1,42140864,7392.25,7393.0,7354.25,7370.75,319296,ES.v.0
2026-05-19 15:00:00+00:00,34,1,42140864,7370.75,7378.75,7355.75,7368.75,191964,ES.v.0
2026-05-19 16:00:00+00:00,34,1,42140864,7368.75,7402.0,7361.75,7400.25,159819,ES.v.0
2026-05-19 17:00:00+00:00,34,1,42140864,7400.25,7415.25,7398.25,7406.75,137708,ES.v.0
2026-05-19 18:00:00+00:00,34,1,42140864,7406.75,7411.75,7380.0,7383.0,132483,ES.v.0
2026-05-19 19:00:00+00:00,34,1,42140864,7382.75,7400.5,7365.0,7377.5,262885,ES.v.0
2026-05-19 20:00:00+00:00,34,1,42140864,7377.5,7378.25,7369.5,7372.5,51401,ES.v.0
2026-05-19 22:00:00+00:00,34,1,42140864,7377.0,7380.75,7367.75,7375.0,8283,ES.v.0
2026-05-19 23:00:00+00:00,34,1,42140864,7375.0,7393.75,7374.0,7382.0,8150,ES.v.0
2026-05-20 00:00:00+00:00,34,1,42140864,7381.5,7381.5,7356.0,7375.5,23113,ES.v.0
2026-05-20 01:00:00+00:00,34,1,42140864,7375.5,7386.0,7359.5,7381.5,16596,ES.v.0
2026-05-20 02:00:00+00:00,34,1,42140864,7381.75,7387.0,7361.25,7364.75,12490,ES.v.0
2026-05-20 03:00:00+00:00,34,1,42140864,7365.0,7368.75,7356.0,7365.75,10249,ES.v.0
2026-05-20 04:00:00+00:00,34,1,42140864,7365.75,7374.75,7362.25,7364.0,5856,ES.v.0
2026-05-20 05:00:00+00:00,34,1,42140864,7364.0,7381.25,7364.0,7376.5,8114,ES.v.0
2026-05-20 06:00:00+00:00,34,1,42140864,7376.25,7389.5,7375.75,7389.25,11685,ES.v.0
2026-05-20 07:00:00+00:00,34,1,42140864,7389.25,7392.5,7384.5,7385.0,15143,ES.v.0
2026-05-20 08:00:00+00:00,34,1,42140864,7385.25,7403.75,7384.5,7397.75,18187,ES.v.0
2026-05-20 09:00:00+00:00,34,1,42140864,7397.75,7406.0,7392.25,7402.0,11983,ES.v.0
2026-05-20 10:00:00+00:00,34,1,42140864,7402.0,7412.0,7399.5,7400.75,14828,ES.v.0
2026-05-20 11:00:00+00:00,34,1,42140864,7400.5,7407.75,7395.0,7399.0,18461,ES.v.0
2026-05-20 12:00:00+00:00,34,1,42140864,7399.0,7416.25,7397.5,7402.5,26846,ES.v.0
2026-05-20 13:00:00+00:00,34,1,42140864,7402.5,7410.5,7380.75,7399.5,189776,ES.v.0
2026-05-20 14:00:00+00:00,34,1,42140864,7399.75,7433.75,7376.75,7430.75,318712,ES.v.0
2026-05-20 15:00:00+00:00,34,1,42140864,7430.75,7458.0,7424.5,7441.25,236047,ES.v.0
2026-05-20 16:00:00+00:00,34,1,42140864,7441.5,7444.25,7423.75,7432.5,136331,ES.v.0
2026-05-20 17:00:00+00:00,34,1,42140864,7432.75,7446.0,7426.25,7437.25,103112,ES.v.0
2026-05-20 18:00:00+00:00,34,1,42140864,7437.5,7447.25,7432.0,7440.25,84788,ES.v.0
2026-05-20 19:00:00+00:00,34,1,42140864,7440.5,7455.0,7439.0,7451.5,165095,ES.v.0
2026-05-20 20:00:00+00:00,34,1,42140864,7451.5,7453.75,7428.5,7433.25,67250,ES.v.0
2026-05-20 22:00:00+00:00,34,1,42140864,7432.75,7432.75,7407.5,7419.0,15689,ES.v.0
2026-05-20 23:00:00+00:00,34,1,42140864,7419.0,7425.75,7415.5,7420.75,6194,ES.v.0
2026-05-21 00:00:00+00:00,34,1,42140864,7420.5,7424.75,7414.5,7422.5,10597,ES.v.0
2026-05-21 01:00:00+00:00,34,1,42140864,7422.75,7437.5,7422.75,7435.0,13056,ES.v.0
2026-05-21 02:00:00+00:00,34,1,42140864,7435.25,7444.5,7435.25,7438.75,8856,ES.v.0
2026-05-21 03:00:00+00:00,34,1,42140864,7438.75,7448.0,7438.25,7444.0,6430,ES.v.0
2026-05-21 04:00:00+00:00,34,1,42140864,7444.0,7454.0,7443.25,7453.0,5421,ES.v.0
2026-05-21 05:00:00+00:00,34,1,42140864,7453.25,7457.5,7434.0,7445.75,11358,ES.v.0
2026-05-21 06:00:00+00:00,34,1,42140864,7445.75,7451.25,7433.0,7438.0,14170,ES.v.0
2026-05-21 07:00:00+00:00,34,1,42140864,7438.0,7441.5,7426.5,7440.25,17318,ES.v.0
2026-05-21 08:00:00+00:00,34,1,42140864,7440.25,7469.75,7439.5,7452.5,27726,ES.v.0
2026-05-21 09:00:00+00:00,34,1,42140864,7452.25,7463.75,7451.25,7454.75,12872,ES.v.0
2026-05-21 10:00:00+00:00,34,1,42140864,7454.75,7459.0,7415.0,7423.5,43430,ES.v.0
2026-05-21 11:00:00+00:00,34,1,42140864,7423.25,7438.0,7418.75,7429.75,24424,ES.v.0
2026-05-21 12:00:00+00:00,34,1,42140864,7430.25,7436.5,7417.75,7419.25,38133,ES.v.0
2026-05-21 13:00:00+00:00,34,1,42140864,7419.25,7439.5,7410.5,7435.25,208875,ES.v.0
2026-05-21 14:00:00+00:00,34,1,42140864,7435.25,7443.75,7411.5,7426.75,234646,ES.v.0
2026-05-21 15:00:00+00:00,34,1,42140864,7426.75,7435.75,7408.5,7430.0,195226,ES.v.0
2026-05-21 16:00:00+00:00,34,1,42140864,7430.25,7437.0,7418.0,7426.25,106897,ES.v.0
2026-05-21 17:00:00+00:00,34,1,42140864,7426.25,7486.75,7426.25,7474.5,243676,ES.v.0
2026-05-21 18:00:00+00:00,34,1,42140864,7474.5,7478.75,7438.0,7447.75,195514,ES.v.0
2026-05-21 19:00:00+00:00,34,1,42140864,7447.5,7469.75,7447.25,7465.25,208139,ES.v.0
2026-05-21 20:00:00+00:00,34,1,42140864,7465.25,7470.25,7463.25,7467.0,37801,ES.v.0
2026-05-21 22:00:00+00:00,34,1,42140864,7467.0,7479.0,7466.75,7478.0,8343,ES.v.0
2026-05-21 23:00:00+00:00,34,1,42140864,7478.0,7484.0,7476.25,7479.5,4776,ES.v.0
2026-05-22 00:00:00+00:00,34,1,42140864,7479.75,7488.5,7476.5,7484.25,11562,ES.v.0
2026-05-22 01:00:00+00:00,34,1,42140864,7484.25,7485.25,7474.25,7480.75,11267,ES.v.0
2026-05-22 02:00:00+00:00,34,1,42140864,7480.5,7485.0,7478.25,7483.5,5955,ES.v.0
2026-05-22 03:00:00+00:00,34,1,42140864,7483.25,7488.75,7480.0,7488.75,4605,ES.v.0
2026-05-22 04:00:00+00:00,34,1,42140864,7488.5,7493.75,7488.5,7493.25,5675,ES.v.0
2026-05-22 05:00:00+00:00,34,1,42140864,7493.25,7494.75,7484.25,7485.5,7770,ES.v.0
2026-05-22 06:00:00+00:00,34,1,42140864,7485.25,7494.75,7483.25,7489.0,12889,ES.v.0
2026-05-22 07:00:00+00:00,34,1,42140864,7489.0,7489.75,7481.5,7488.75,14241,ES.v.0
2026-05-22 08:00:00+00:00,34,1,42140864,7488.75,7500.5,7483.75,7485.25,25017,ES.v.0
2026-05-22 09:00:00+00:00,34,1,42140864,7485.25,7485.5,7473.0,7483.25,18762,ES.v.0
2026-05-22 10:00:00+00:00,34,1,42140864,7483.5,7483.5,7469.5,7474.5,14222,ES.v.0
2026-05-22 11:00:00+00:00,34,1,42140864,7474.5,7486.75,7472.25,7480.75,14501,ES.v.0
2026-05-22 12:00:00+00:00,34,1,42140864,7480.75,7503.5,7478.0,7502.75,45085,ES.v.0
2026-05-22 13:00:00+00:00,34,1,42140864,7503.0,7516.25,7491.0,7509.75,172191,ES.v.0
2026-05-22 14:00:00+00:00,34,1,42140864,7510.0,7510.0,7478.75,7499.5,177149,ES.v.0
2026-05-22 15:00:00+00:00,34,1,42140864,7499.5,7515.25,7498.75,7510.75,105041,ES.v.0
2026-05-22 16:00:00+00:00,34,1,42140864,7510.75,7512.25,7502.75,7507.25,80031,ES.v.0
2026-05-22 17:00:00+00:00,34,1,42140864,7507.25,7524.0,7501.5,7508.25,133385,ES.v.0
2026-05-22 18:00:00+00:00,34,1,42140864,7508.25,7511.5,7502.25,7505.5,77567,ES.v.0
2026-05-22 19:00:00+00:00,34,1,42140864,7505.5,7506.75,7483.75,7490.75,171972,ES.v.0
2026-05-22 20:00:00+00:00,34,1,42140864,7491.0,7495.0,7482.25,7484.25,48033,ES.v.0
2026-05-24 22:00:00+00:00,34,1,42140864,7519.0,7536.75,7517.0,7533.25,18353,ES.v.0
2026-05-24 23:00:00+00:00,34,1,42140864,7533.5,7544.0,7533.25,7537.25,10892,ES.v.0
2026-05-25 00:00:00+00:00,34,1,42140864,7537.5,7547.5,7535.0,7542.5,14408,ES.v.0
2026-05-25 01:00:00+00:00,34,1,42140864,7542.5,7549.5,7541.0,7546.25,8325,ES.v.0
2026-05-25 02:00:00+00:00,34,1,42140864,7546.25,7552.25,7545.25,7552.0,9022,ES.v.0
2026-05-25 03:00:00+00:00,34,1,42140864,7552.0,7559.25,7552.0,7555.75,11313,ES.v.0
2026-05-25 04:00:00+00:00,34,1,42140864,7555.75,7562.5,7555.75,7559.0,3819,ES.v.0
2026-05-25 05:00:00+00:00,34,1,42140864,7559.25,7565.0,7559.25,7561.0,7678,ES.v.0
2026-05-25 06:00:00+00:00,34,1,42140864,7561.0,7562.75,7557.0,7559.75,9247,ES.v.0
2026-05-25 07:00:00+00:00,34,1,42140864,7559.75,7566.0,7548.25,7561.0,17250,ES.v.0
2026-05-25 08:00:00+00:00,34,1,42140864,7561.0,7561.75,7553.0,7559.75,7369,ES.v.0
2026-05-25 09:00:00+00:00,34,1,42140864,7560.0,7562.0,7558.0,7559.75,5511,ES.v.0
2026-05-25 10:00:00+00:00,34,1,42140864,7559.75,7563.25,7558.25,7561.75,4503,ES.v.0
2026-05-25 11:00:00+00:00,34,1,42140864,7561.5,7566.5,7559.25,7564.0,6759,ES.v.0
2026-05-25 12:00:00+00:00,34,1,42140864,7564.0,7568.75,7558.0,7559.25,12460,ES.v.0
2026-05-25 13:00:00+00:00,34,1,42140864,7559.0,7565.75,7557.5,7565.0,11554,ES.v.0
2026-05-25 14:00:00+00:00,34,1,42140864,7565.0,7565.5,7554.25,7555.75,14713,ES.v.0
2026-05-25 15:00:00+00:00,34,1,42140864,7555.5,7569.75,7554.25,7559.0,25758,ES.v.0
2026-05-25 16:00:00+00:00,34,1,42140864,7559.0,7564.75,7555.25,7564.5,11438,ES.v.0
2026-05-25 22:00:00+00:00,34,1,42140864,7561.25,7565.75,7547.75,7549.25,10600,ES.v.0
2026-05-25 23:00:00+00:00,34,1,42140864,7549.25,7551.5,7542.75,7547.5,9838,ES.v.0
2026-05-26 00:00:00+00:00,34,1,42140864,7547.75,7548.0,7536.0,7539.75,14977,ES.v.0
2026-05-26 01:00:00+00:00,34,1,42140864,7539.75,7541.25,7531.75,7539.0,12006,ES.v.0
2026-05-26 02:00:00+00:00,34,1,42140864,7538.75,7541.0,7535.0,7538.25,6105,ES.v.0
2026-05-26 03:00:00+00:00,34,1,42140864,7538.25,7541.5,7536.5,7540.5,4361,ES.v.0
2026-05-26 04:00:00+00:00,34,1,42140864,7540.25,7542.5,7537.25,7538.5,4384,ES.v.0
2026-05-26 05:00:00+00:00,34,1,42140864,7538.5,7541.25,7535.5,7537.25,5561,ES.v.0
2026-05-26 06:00:00+00:00,34,1,42140864,7537.5,7544.5,7536.0,7539.5,11388,ES.v.0
2026-05-26 07:00:00+00:00,34,1,42140864,7539.75,7541.25,7525.25,7531.25,19642,ES.v.0
2026-05-26 08:00:00+00:00,34,1,42140864,7531.25,7533.5,7528.0,7532.75,10725,ES.v.0
2026-05-26 09:00:00+00:00,34,1,42140864,7532.75,7539.0,7530.0,7537.5,13456,ES.v.0
2026-05-26 10:00:00+00:00,34,1,42140864,7537.75,7551.25,7536.25,7542.25,17933,ES.v.0
2026-05-26 11:00:00+00:00,34,1,42140864,7542.5,7544.5,7532.25,7540.0,18928,ES.v.0
2026-05-26 12:00:00+00:00,34,1,42140864,7540.0,7548.5,7536.0,7544.0,21842,ES.v.0
2026-05-26 13:00:00+00:00,34,1,42140864,7543.75,7545.0,7525.0,7541.5,162556,ES.v.0
2026-05-26 14:00:00+00:00,34,1,42140864,7541.5,7555.25,7539.0,7547.75,153016,ES.v.0
2026-05-26 15:00:00+00:00,34,1,42140864,7548.0,7548.75,7517.0,7523.25,179935,ES.v.0
2026-05-26 16:00:00+00:00,34,1,42140864,7523.0,7534.0,7519.75,7523.5,96320,ES.v.0
2026-05-26 17:00:00+00:00,34,1,42140864,7523.5,7528.0,7518.25,7524.0,69001,ES.v.0
2026-05-26 18:00:00+00:00,34,1,42140864,7523.75,7533.75,7521.5,7524.75,72675,ES.v.0
2026-05-26 19:00:00+00:00,34,1,42140864,7524.5,7542.5,7522.0,7539.25,166619,ES.v.0
2026-05-26 20:00:00+00:00,34,1,42140864,7539.25,7540.75,7531.0,7532.75,46987,ES.v.0
2026-05-26 22:00:00+00:00,34,1,42140864,7533.0,7538.0,7529.25,7533.25,7069,ES.v.0
2026-05-26 23:00:00+00:00,34,1,42140864,7533.5,7544.75,7533.5,7543.5,6317,ES.v.0
2026-05-27 00:00:00+00:00,34,1,42140864,7543.5,7547.25,7537.75,7545.75,10291,ES.v.0
2026-05-27 01:00:00+00:00,34,1,42140864,7545.75,7548.75,7541.5,7542.25,8455,ES.v.0
2026-05-27 02:00:00+00:00,34,1,42140864,7542.5,7547.0,7542.25,7544.25,4994,ES.v.0
2026-05-27 03:00:00+00:00,34,1,42140864,7544.25,7546.75,7538.5,7539.0,4377,ES.v.0
2026-05-27 04:00:00+00:00,34,1,42140864,7539.0,7543.0,7535.5,7541.5,4767,ES.v.0
2026-05-27 05:00:00+00:00,34,1,42140864,7541.25,7545.0,7537.75,7543.75,5030,ES.v.0
2026-05-27 06:00:00+00:00,34,1,42140864,7543.75,7545.5,7537.0,7540.0,7200,ES.v.0
2026-05-27 07:00:00+00:00,34,1,42140864,7540.25,7548.5,7540.0,7548.0,8877,ES.v.0
2026-05-27 08:00:00+00:00,34,1,42140864,7547.75,7559.75,7547.0,7557.75,14156,ES.v.0
2026-05-27 09:00:00+00:00,34,1,42140864,7557.5,7561.25,7555.75,7560.0,9098,ES.v.0
2026-05-27 10:00:00+00:00,34,1,42140864,7560.25,7565.0,7559.25,7561.75,11542,ES.v.0
2026-05-27 11:00:00+00:00,34,1,42140864,7562.0,7566.5,7550.5,7551.0,19228,ES.v.0
2026-05-27 12:00:00+00:00,34,1,42140864,7551.25,7570.75,7545.25,7552.75,60955,ES.v.0
2026-05-27 13:00:00+00:00,34,1,42140864,7552.75,7553.5,7525.5,7538.0,190865,ES.v.0
2026-05-27 14:00:00+00:00,34,1,42140864,7538.0,7547.0,7525.75,7530.0,220733,ES.v.0
2026-05-27 15:00:00+00:00,34,1,42140864,7530.0,7535.0,7516.5,7524.25,155981,ES.v.0
2026-05-27 16:00:00+00:00,34,1,42140864,7524.25,7539.75,7519.0,7531.0,93553,ES.v.0
2026-05-27 17:00:00+00:00,34,1,42140864,7531.0,7533.75,7515.0,7530.75,95942,ES.v.0
2026-05-27 18:00:00+00:00,34,1,42140864,7530.5,7544.25,7526.5,7542.0,78387,ES.v.0
2026-05-27 19:00:00+00:00,34,1,42140864,7542.0,7545.25,7535.25,7540.0,160030,ES.v.0
2026-05-27 20:00:00+00:00,34,1,42140864,7539.75,7557.25,7538.5,7554.25,45924,ES.v.0
2026-05-27 22:00:00+00:00,34,1,42140864,7553.75,7557.75,7541.25,7546.25,10897,ES.v.0
2026-05-27 23:00:00+00:00,34,1,42140864,7546.0,7549.25,7532.25,7534.5,9416,ES.v.0
2026-05-28 00:00:00+00:00,34,1,42140864,7534.25,7551.75,7532.5,7549.25,11059,ES.v.0
2026-05-28 01:00:00+00:00,34,1,42140864,7549.0,7550.5,7542.75,7549.25,6389,ES.v.0
2026-05-28 02:00:00+00:00,34,1,42140864,7549.5,7550.75,7532.5,7534.0,11264,ES.v.0
2026-05-28 03:00:00+00:00,34,1,42140864,7534.25,7536.25,7511.5,7512.75,27393,ES.v.0
2026-05-28 04:00:00+00:00,34,1,42140864,7512.75,7515.0,7505.75,7510.0,16612,ES.v.0
2026-05-28 05:00:00+00:00,34,1,42140864,7510.0,7529.25,7507.0,7527.75,16585,ES.v.0
2026-05-28 06:00:00+00:00,34,1,42140864,7528.0,7531.5,7523.75,7528.25,13275,ES.v.0
2026-05-28 07:00:00+00:00,34,1,42140864,7528.25,7534.25,7525.25,7531.75,15178,ES.v.0
2026-05-28 08:00:00+00:00,34,1,42140864,7531.75,7534.5,7526.75,7533.25,11872,ES.v.0
2026-05-28 09:00:00+00:00,34,1,42140864,7533.0,7536.0,7527.5,7532.25,10270,ES.v.0
2026-05-28 10:00:00+00:00,34,1,42140864,7532.25,7532.5,7515.0,7519.25,19411,ES.v.0
2026-05-28 11:00:00+00:00,34,1,42140864,7519.0,7524.75,7517.0,7522.0,15384,ES.v.0
2026-05-28 12:00:00+00:00,34,1,42140864,7522.0,7539.75,7520.75,7538.25,26208,ES.v.0
2026-05-28 13:00:00+00:00,34,1,42140864,7538.25,7544.0,7525.25,7535.75,127347,ES.v.0
2026-05-28 14:00:00+00:00,34,1,42140864,7535.75,7574.0,7533.25,7562.75,260164,ES.v.0
2026-05-28 15:00:00+00:00,34,1,42140864,7562.75,7577.0,7561.5,7574.75,121664,ES.v.0
2026-05-28 16:00:00+00:00,34,1,42140864,7574.75,7582.75,7570.75,7581.0,79029,ES.v.0
2026-05-28 17:00:00+00:00,34,1,42140864,7581.0,7583.75,7574.75,7581.0,73401,ES.v.0
2026-05-28 18:00:00+00:00,34,1,42140864,7581.0,7583.0,7576.0,7576.75,79551,ES.v.0
2026-05-28 19:00:00+00:00,34,1,42140864,7576.5,7586.5,7575.25,7582.0,169295,ES.v.0
2026-05-28 20:00:00+00:00,34,1,42140864,7581.75,7590.75,7580.0,7587.75,42302,ES.v.0
2026-05-28 22:00:00+00:00,34,1,42140864,7587.5,7592.5,7585.0,7585.5,7200,ES.v.0
2026-05-28 23:00:00+00:00,34,1,42140864,7585.5,7590.0,7584.0,7585.25,3834,ES.v.0
2026-05-29 00:00:00+00:00,34,1,42140864,7585.0,7586.0,7575.75,7577.5,10442,ES.v.0
2026-05-29 01:00:00+00:00,34,1,42140864,7577.5,7579.5,7572.75,7577.25,10811,ES.v.0
2026-05-29 02:00:00+00:00,34,1,42140864,7577.25,7581.25,7574.25,7576.0,6086,ES.v.0
2026-05-29 03:00:00+00:00,34,1,42140864,7576.25,7582.75,7575.75,7580.75,5798,ES.v.0
2026-05-29 04:00:00+00:00,34,1,42140864,7580.75,7587.5,7580.75,7585.0,5897,ES.v.0
2026-05-29 05:00:00+00:00,34,1,42140864,7585.25,7588.0,7584.0,7586.0,5975,ES.v.0
2026-05-29 06:00:00+00:00,34,1,42140864,7586.0,7592.75,7586.0,7592.5,12656,ES.v.0
2026-05-29 07:00:00+00:00,34,1,42140864,7592.5,7592.75,7580.0,7586.5,15483,ES.v.0
2026-05-29 08:00:00+00:00,34,1,42140864,7586.5,7589.5,7582.25,7586.0,11530,ES.v.0
2026-05-29 09:00:00+00:00,34,1,42140864,7586.0,7595.25,7585.25,7590.25,12775,ES.v.0
2026-05-29 10:00:00+00:00,34,1,42140864,7590.5,7591.25,7585.0,7590.25,9898,ES.v.0
2026-05-29 11:00:00+00:00,34,1,42140864,7590.25,7595.75,7584.25,7593.5,20305,ES.v.0
2026-05-29 12:00:00+00:00,34,1,42140864,7593.5,7594.0,7586.0,7591.25,17647,ES.v.0
2026-05-29 13:00:00+00:00,34,1,42140864,7591.5,7610.0,7586.75,7609.0,136058,ES.v.0
2026-05-29 14:00:00+00:00,34,1,42140864,7608.75,7611.5,7577.5,7590.75,281783,ES.v.0
2026-05-29 15:00:00+00:00,34,1,42140864,7591.0,7604.75,7589.25,7594.75,154930,ES.v.0
2026-05-29 16:00:00+00:00,34,1,42140864,7594.75,7608.5,7593.75,7598.25,109262,ES.v.0
2026-05-29 17:00:00+00:00,34,1,42140864,7598.0,7600.5,7582.5,7583.5,100116,ES.v.0
2026-05-29 18:00:00+00:00,34,1,42140864,7583.25,7598.25,7581.75,7585.25,113275,ES.v.0
2026-05-29 19:00:00+00:00,34,1,42140864,7585.25,7607.0,7583.75,7595.0,323797,ES.v.0
2026-05-29 20:00:00+00:00,34,1,42140864,7595.0,7599.0,7589.25,7590.75,74755,ES.v.0
2026-05-31 22:00:00+00:00,34,1,42140864,7595.0,7603.25,7585.25,7601.5,13096,ES.v.0
2026-05-31 23:00:00+00:00,34,1,42140864,7601.5,7606.5,7600.25,7605.25,4964,ES.v.0
2026-06-01 00:00:00+00:00,34,1,42140864,7605.25,7614.0,7604.5,7611.75,13334,ES.v.0
2026-06-01 01:00:00+00:00,34,1,42140864,7611.5,7614.5,7608.25,7613.75,10246,ES.v.0
2026-06-01 02:00:00+00:00,34,1,42140864,7613.75,7617.75,7613.75,7615.5,7087,ES.v.0
2026-06-01 03:00:00+00:00,34,1,42140864,7615.5,7619.75,7611.0,7612.25,9284,ES.v.0
2026-06-01 04:00:00+00:00,34,1,42140864,7612.25,7618.0,7612.25,7617.5,5007,ES.v.0
2026-06-01 05:00:00+00:00,34,1,42140864,7617.5,7619.0,7614.0,7617.75,5828,ES.v.0
2026-06-01 06:00:00+00:00,34,1,42140864,7618.0,7618.75,7614.25,7617.5,8137,ES.v.0
2026-06-01 07:00:00+00:00,34,1,42140864,7617.75,7620.5,7607.5,7611.25,17174,ES.v.0
2026-06-01 08:00:00+00:00,34,1,42140864,7611.25,7614.25,7605.75,7614.0,13429,ES.v.0
2026-06-01 09:00:00+00:00,34,1,42140864,7614.25,7616.5,7609.0,7610.0,11211,ES.v.0
2026-06-01 10:00:00+00:00,34,1,42140864,7610.0,7617.75,7610.0,7616.5,8154,ES.v.0
2026-06-01 11:00:00+00:00,34,1,42140864,7616.25,7623.0,7613.75,7614.25,17941,ES.v.0
2026-06-01 12:00:00+00:00,34,1,42140864,7614.25,7615.75,7606.25,7608.75,30046,ES.v.0
2026-06-01 13:00:00+00:00,34,1,42140864,7608.75,7610.25,7576.25,7584.75,208289,ES.v.0
2026-06-01 14:00:00+00:00,34,1,42140864,7585.25,7596.25,7581.0,7585.0,183259,ES.v.0
2026-06-01 15:00:00+00:00,34,1,42140864,7585.0,7603.0,7582.75,7595.5,158852,ES.v.0
2026-06-01 16:00:00+00:00,34,1,42140864,7595.5,7609.25,7587.0,7608.0,129761,ES.v.0
2026-06-01 17:00:00+00:00,34,1,42140864,7607.75,7632.25,7598.75,7624.25,166854,ES.v.0
2026-06-01 18:00:00+00:00,34,1,42140864,7624.25,7628.25,7622.0,7624.25,63149,ES.v.0
2026-06-01 19:00:00+00:00,34,1,42140864,7624.25,7626.5,7610.5,7614.0,179348,ES.v.0
2026-06-01 20:00:00+00:00,34,1,42140864,7614.0,7618.0,7606.5,7608.5,50403,ES.v.0
2026-06-01 22:00:00+00:00,34,1,42140864,7612.0,7612.0,7591.0,7595.5,12268,ES.v.0
2026-06-01 23:00:00+00:00,34,1,42140864,7595.5,7599.0,7592.0,7595.75,5773,ES.v.0
2026-06-02 00:00:00+00:00,34,1,42140864,7595.75,7596.0,7580.25,7581.75,16674,ES.v.0
2026-06-02 01:00:00+00:00,34,1,42140864,7581.5,7586.0,7577.5,7577.5,14682,ES.v.0
2026-06-02 02:00:00+00:00,34,1,42140864,7577.75,7583.25,7577.25,7581.5,7902,ES.v.0
2026-06-02 03:00:00+00:00,34,1,42140864,7581.25,7582.75,7576.5,7582.0,9260,ES.v.0
2026-06-02 04:00:00+00:00,34,1,42140864,7581.75,7590.75,7581.25,7590.25,7752,ES.v.0
2026-06-02 05:00:00+00:00,34,1,42140864,7590.5,7596.75,7588.5,7594.25,7292,ES.v.0
2026-06-02 06:00:00+00:00,34,1,42140864,7594.0,7602.5,7593.75,7601.5,11329,ES.v.0
2026-06-02 07:00:00+00:00,34,1,42140864,7601.5,7606.5,7601.25,7606.25,12850,ES.v.0
2026-06-02 08:00:00+00:00,34,1,42140864,7606.25,7610.5,7603.25,7605.75,16558,ES.v.0
2026-06-02 09:00:00+00:00,34,1,42140864,7605.5,7605.75,7598.5,7601.5,12217,ES.v.0
2026-06-02 10:00:00+00:00,34,1,42140864,7601.5,7603.5,7598.75,7599.0,7414,ES.v.0
2026-06-02 11:00:00+00:00,34,1,42140864,7599.0,7604.5,7595.5,7596.25,13935,ES.v.0
2026-06-02 12:00:00+00:00,34,1,42140864,7596.25,7603.0,7595.25,7597.0,18816,ES.v.0
2026-06-02 13:00:00+00:00,34,1,42140864,7597.0,7605.25,7587.5,7603.75,136391,ES.v.0
2026-06-02 14:00:00+00:00,34,1,42140864,7603.5,7625.25,7600.0,7625.25,163793,ES.v.0
2026-06-02 15:00:00+00:00,34,1,42140864,7625.25,7632.0,7621.75,7624.75,121690,ES.v.0
2026-06-02 16:00:00+00:00,34,1,42140864,7624.75,7627.75,7618.75,7626.5,81996,ES.v.0
2026-06-02 17:00:00+00:00,34,1,42140864,7626.5,7627.5,7615.5,7616.5,76073,ES.v.0
2026-06-02 18:00:00+00:00,34,1,42140864,7616.75,7621.25,7614.25,7619.0,65499,ES.v.0
2026-06-02 19:00:00+00:00,34,1,42140864,7619.0,7625.25,7618.75,7623.5,146217,ES.v.0
2026-06-02 20:00:00+00:00,34,1,42140864,7623.5,7630.0,7623.25,7628.25,47787,ES.v.0
2026-06-02 22:00:00+00:00,34,1,42140864,7628.0,7628.5,7620.5,7621.5,9074,ES.v.0
2026-06-02 23:00:00+00:00,34,1,42140864,7621.5,7625.75,7602.0,7624.5,27728,ES.v.0
2026-06-03 00:00:00+00:00,34,1,42140864,7624.5,7627.0,7619.5,7625.25,8384,ES.v.0
2026-06-03 01:00:00+00:00,34,1,42140864,7625.25,7626.0,7619.25,7621.75,8554,ES.v.0
2026-06-03 02:00:00+00:00,34,1,42140864,7622.0,7623.0,7620.0,7621.5,3823,ES.v.0
2026-06-03 03:00:00+00:00,34,1,42140864,7621.25,7624.5,7621.0,7623.75,2900,ES.v.0
2026-06-03 04:00:00+00:00,34,1,42140864,7623.5,7626.0,7622.0,7622.25,3162,ES.v.0
2026-06-03 05:00:00+00:00,34,1,42140864,7622.25,7624.5,7617.5,7619.0,5535,ES.v.0
2026-06-03 06:00:00+00:00,34,1,42140864,7619.0,7622.0,7615.75,7619.25,9188,ES.v.0
2026-06-03 07:00:00+00:00,34,1,42140864,7619.0,7623.5,7615.75,7620.25,10433,ES.v.0
2026-06-03 08:00:00+00:00,34,1,42140864,7620.25,7622.25,7615.25,7618.75,14022,ES.v.0
2026-06-03 09:00:00+00:00,34,1,42140864,7618.5,7621.5,7611.25,7612.0,11459,ES.v.0
2026-06-03 10:00:00+00:00,34,1,42140864,7612.0,7622.25,7610.5,7614.5,21527,ES.v.0
2026-06-03 11:00:00+00:00,34,1,42140864,7614.5,7620.25,7614.5,7616.25,10753,ES.v.0
2026-06-03 12:00:00+00:00,34,1,42140864,7616.5,7619.0,7603.75,7607.0,28863,ES.v.0
2026-06-03 13:00:00+00:00,34,1,42140864,7607.0,7614.75,7574.0,7586.25,198695,ES.v.0
2026-06-03 14:00:00+00:00,34,1,42140864,7586.5,7597.25,7583.75,7588.75,161500,ES.v.0
2026-06-03 15:00:00+00:00,34,1,42140864,7589.0,7592.25,7574.75,7579.25,119397,ES.v.0
2026-06-03 16:00:00+00:00,34,1,42140864,7579.25,7582.0,7562.5,7578.25,135994,ES.v.0
2026-06-03 17:00:00+00:00,34,1,42140864,7578.0,7585.0,7567.0,7583.0,93122,ES.v.0
2026-06-03 18:00:00+00:00,34,1,42140864,7583.0,7588.0,7577.25,7583.5,79963,ES.v.0
2026-06-03 19:00:00+00:00,34,1,42140864,7583.5,7583.5,7568.5,7572.5,244559,ES.v.0
2026-06-03 20:00:00+00:00,34,1,42140864,7572.5,7573.25,7541.75,7547.5,81425,ES.v.0
2026-06-03 22:00:00+00:00,34,1,42140864,7539.75,7546.25,7530.5,7543.5,18993,ES.v.0
2026-06-03 23:00:00+00:00,34,1,42140864,7543.5,7544.75,7529.0,7534.5,11179,ES.v.0
2026-06-04 00:00:00+00:00,34,1,42140864,7534.25,7548.75,7531.5,7546.5,13366,ES.v.0
2026-06-04 01:00:00+00:00,34,1,42140864,7546.5,7551.25,7536.5,7540.75,9781,ES.v.0
2026-06-04 02:00:00+00:00,34,1,42140864,7540.75,7541.5,7527.5,7535.0,10020,ES.v.0
2026-06-04 03:00:00+00:00,34,1,42140864,7535.0,7544.75,7534.25,7543.75,5597,ES.v.0
2026-06-04 04:00:00+00:00,34,1,42140864,7543.75,7548.0,7541.25,7546.25,4394,ES.v.0
2026-06-04 05:00:00+00:00,34,1,42140864,7546.0,7546.75,7538.5,7543.75,6265,ES.v.0
2026-06-04 06:00:00+00:00,34,1,42140864,7543.75,7553.0,7542.25,7552.75,9793,ES.v.0
2026-06-04 07:00:00+00:00,34,1,42140864,7552.75,7557.75,7550.75,7553.75,15256,ES.v.0
2026-06-04 08:00:00+00:00,34,1,42140864,7553.5,7553.75,7537.0,7540.75,22418,ES.v.0
2026-06-04 09:00:00+00:00,34,1,42140864,7540.5,7549.75,7532.25,7547.75,18183,ES.v.0
2026-06-04 10:00:00+00:00,34,1,42140864,7547.75,7547.75,7528.0,7533.5,15782,ES.v.0
2026-06-04 11:00:00+00:00,34,1,42140864,7533.75,7546.0,7524.5,7544.0,34654,ES.v.0
2026-06-04 12:00:00+00:00,34,1,42140864,7543.75,7552.5,7536.75,7550.25,31487,ES.v.0
2026-06-04 13:00:00+00:00,34,1,42140864,7550.25,7564.5,7541.75,7559.5,171421,ES.v.0
2026-06-04 14:00:00+00:00,34,1,42140864,7559.25,7570.5,7549.75,7569.75,171842,ES.v.0
2026-06-04 15:00:00+00:00,34,1,42140864,7569.5,7587.5,7569.5,7581.0,130636,ES.v.0
2026-06-04 16:00:00+00:00,34,1,42140864,7581.25,7597.5,7579.5,7596.5,85767,ES.v.0
2026-06-04 17:00:00+00:00,34,1,42140864,7596.5,7605.5,7594.0,7604.75,69239,ES.v.0
2026-06-04 18:00:00+00:00,34,1,42140864,7604.75,7608.0,7603.0,7604.5,67172,ES.v.0
2026-06-04 19:00:00+00:00,34,1,42140864,7604.5,7611.5,7598.25,7599.5,185157,ES.v.0
2026-06-04 20:00:00+00:00,34,1,42140864,7599.75,7602.0,7587.25,7587.75,49783,ES.v.0
2026-06-04 22:00:00+00:00,34,1,42140864,7589.5,7591.0,7578.25,7585.75,7619,ES.v.0
2026-06-04 23:00:00+00:00,34,1,42140864,7586.0,7586.75,7573.25,7573.5,9366,ES.v.0
2026-06-05 00:00:00+00:00,34,1,42140864,7573.5,7573.5,7556.75,7559.0,19413,ES.v.0
2026-06-05 01:00:00+00:00,34,1,42140864,7559.25,7561.0,7546.75,7560.75,18442,ES.v.0
2026-06-05 02:00:00+00:00,34,1,42140864,7560.5,7566.5,7558.25,7561.25,9347,ES.v.0
2026-06-05 03:00:00+00:00,34,1,42140864,7561.5,7564.0,7553.75,7556.5,6414,ES.v.0
2026-06-05 04:00:00+00:00,34,1,42140864,7556.75,7565.5,7555.5,7563.75,5251,ES.v.0
2026-06-05 05:00:00+00:00,34,1,42140864,7564.0,7564.5,7556.75,7558.0,6588,ES.v.0
2026-06-05 06:00:00+00:00,34,1,42140864,7558.0,7565.0,7550.75,7554.0,11101,ES.v.0
2026-06-05 07:00:00+00:00,34,1,42140864,7554.0,7560.0,7547.25,7557.25,16242,ES.v.0
2026-06-05 08:00:00+00:00,34,1,42140864,7557.5,7568.5,7554.5,7560.25,17334,ES.v.0
2026-06-05 09:00:00+00:00,34,1,42140864,7560.5,7578.75,7559.75,7567.75,22249,ES.v.0
2026-06-05 10:00:00+00:00,34,1,42140864,7567.75,7574.25,7567.25,7568.5,8802,ES.v.0
2026-06-05 11:00:00+00:00,34,1,42140864,7568.25,7571.0,7559.5,7563.25,19356,ES.v.0
2026-06-05 12:00:00+00:00,34,1,42140864,7563.25,7568.25,7544.5,7549.75,45916,ES.v.0
2026-06-05 13:00:00+00:00,34,1,42140864,7549.75,7553.0,7510.5,7511.25,239242,ES.v.0
2026-06-05 14:00:00+00:00,34,1,42140864,7511.25,7533.5,7505.75,7523.0,285082,ES.v.0
2026-06-05 15:00:00+00:00,34,1,42140864,7523.0,7526.25,7486.25,7490.25,205360,ES.v.0
2026-06-05 16:00:00+00:00,34,1,42140864,7490.0,7490.5,7449.0,7469.75,240903,ES.v.0
2026-06-05 17:00:00+00:00,34,1,42140864,7469.75,7477.75,7452.0,7471.25,170931,ES.v.0
2026-06-05 18:00:00+00:00,34,1,42140864,7471.5,7472.5,7409.25,7416.25,256807,ES.v.0
2026-06-05 19:00:00+00:00,34,1,42140864,7416.25,7423.0,7379.75,7400.25,467047,ES.v.0
2026-06-05 20:00:00+00:00,34,1,42140864,7400.25,7401.5,7359.0,7368.0,140620,ES.v.0
2026-06-07 22:00:00+00:00,34,1,42140864,7368.0,7396.25,7355.5,7368.0,38985,ES.v.0
2026-06-07 23:00:00+00:00,34,1,42140864,7368.0,7404.25,7368.0,7400.5,17938,ES.v.0
2026-06-08 00:00:00+00:00,34,1,42140864,7400.0,7423.0,7395.75,7415.25,28503,ES.v.0
2026-06-08 01:00:00+00:00,34,1,42140864,7415.5,7419.0,7384.25,7405.75,35138,ES.v.0
2026-06-08 02:00:00+00:00,34,1,42140864,7406.25,7419.25,7400.75,7414.5,17834,ES.v.0
2026-06-08 03:00:00+00:00,34,1,42140864,7414.75,7419.25,7410.75,7416.75,8127,ES.v.0
2026-06-08 04:00:00+00:00,34,1,42140864,7416.75,7418.75,7400.75,7401.25,10360,ES.v.0
2026-06-08 05:00:00+00:00,34,1,42140864,7401.25,7408.75,7386.25,7391.5,16194,ES.v.0
2026-06-08 06:00:00+00:00,34,1,42140864,7391.75,7409.75,7389.75,7402.5,18922,ES.v.0
2026-06-08 07:00:00+00:00,34,1,42140864,7402.5,7429.0,7400.5,7423.25,32905,ES.v.0
2026-06-08 08:00:00+00:00,34,1,42140864,7423.0,7423.75,7409.25,7413.75,28818,ES.v.0
2026-06-08 09:00:00+00:00,34,1,42140864,7413.75,7431.0,7407.25,7427.25,22109,ES.v.0
2026-06-08 10:00:00+00:00,34,1,42140864,7427.5,7435.75,7414.0,7428.25,28556,ES.v.0
2026-06-08 11:00:00+00:00,34,1,42140864,7428.25,7457.75,7422.75,7447.0,53156,ES.v.0
2026-06-08 12:00:00+00:00,34,1,42140864,7447.0,7467.75,7446.0,7459.25,44942,ES.v.0
2026-06-08 13:00:00+00:00,34,1,42140864,7459.25,7471.75,7431.0,7431.5,225874,ES.v.0
2026-06-08 14:00:00+00:00,34,1,42140864,7431.25,7473.5,7429.0,7473.25,233508,ES.v.0
2026-06-08 15:00:00+00:00,34,1,42140864,7473.0,7476.75,7440.75,7450.0,189940,ES.v.0
2026-06-08 16:00:00+00:00,34,1,42140864,7450.0,7462.25,7437.25,7441.5,120450,ES.v.0
2026-06-08 17:00:00+00:00,34,1,42140864,7441.5,7446.5,7423.0,7433.75,149653,ES.v.0
2026-06-08 18:00:00+00:00,34,1,42140864,7433.75,7447.0,7430.0,7432.0,102523,ES.v.0
2026-06-08 19:00:00+00:00,34,1,42140864,7432.0,7434.25,7403.75,7416.0,249820,ES.v.0
2026-06-08 20:00:00+00:00,34,1,42140864,7416.0,7419.0,7407.5,7412.25,46722,ES.v.0
2026-06-08 22:00:00+00:00,34,1,42140864,7412.75,7416.75,7390.75,7411.75,14715,ES.v.0
2026-06-08 23:00:00+00:00,34,1,42140864,7411.75,7419.25,7403.25,7410.5,9564,ES.v.0
2026-06-09 00:00:00+00:00,34,1,42140864,7410.0,7411.75,7390.25,7395.25,19485,ES.v.0
2026-06-09 01:00:00+00:00,34,1,42140864,7395.5,7428.0,7393.25,7419.75,16358,ES.v.0
2026-06-09 02:00:00+00:00,34,1,42140864,7419.75,7425.25,7415.5,7423.5,8186,ES.v.0
2026-06-09 03:00:00+00:00,34,1,42140864,7423.25,7433.0,7421.25,7430.25,8683,ES.v.0
2026-06-09 04:00:00+00:00,34,1,42140864,7430.25,7437.25,7428.0,7434.0,5858,ES.v.0
2026-06-09 05:00:00+00:00,34,1,42140864,7434.25,7440.75,7432.25,7436.5,7224,ES.v.0
2026-06-09 06:00:00+00:00,34,1,42140864,7436.75,7442.0,7430.0,7433.5,9026,ES.v.0
2026-06-09 07:00:00+00:00,34,1,42140864,7433.25,7446.75,7430.75,7432.5,16233,ES.v.0
2026-06-09 08:00:00+00:00,34,1,42140864,7432.75,7449.0,7428.0,7442.0,17497,ES.v.0
2026-06-09 09:00:00+00:00,34,1,42140864,7442.0,7451.0,7441.25,7448.75,8824,ES.v.0
2026-06-09 10:00:00+00:00,34,1,42140864,7448.75,7456.0,7434.5,7451.25,19493,ES.v.0
2026-06-09 11:00:00+00:00,34,1,42140864,7451.5,7454.75,7443.0,7443.5,15069,ES.v.0
2026-06-09 12:00:00+00:00,34,1,42140864,7443.5,7456.75,7441.5,7456.25,24101,ES.v.0
2026-06-09 13:00:00+00:00,34,1,42140864,7456.25,7491.0,7449.0,7465.5,205741,ES.v.0
2026-06-09 14:00:00+00:00,34,1,42140864,7465.25,7472.25,7367.5,7399.0,413110,ES.v.0
2026-06-09 15:00:00+00:00,34,1,42140864,7399.0,7405.75,7311.0,7312.25,347368,ES.v.0
2026-06-09 16:00:00+00:00,34,1,42140864,7312.25,7327.25,7247.25,7287.5,422658,ES.v.0
2026-06-09 17:00:00+00:00,34,1,42140864,7287.25,7361.5,7285.25,7347.5,226404,ES.v.0
2026-06-09 18:00:00+00:00,34,1,42140864,7347.75,7393.5,7342.5,7389.5,164360,ES.v.0
2026-06-09 19:00:00+00:00,34,1,42140864,7389.25,7398.75,7347.25,7392.0,318659,ES.v.0
2026-06-09 20:00:00+00:00,34,1,42140864,7391.75,7399.0,7382.5,7390.0,68909,ES.v.0
2026-06-09 22:00:00+00:00,34,1,42140864,7380.0,7387.75,7363.5,7370.25,16412,ES.v.0
2026-06-09 23:00:00+00:00,34,1,42140864,7370.5,7380.0,7365.0,7378.75,10101,ES.v.0
2026-06-10 00:00:00+00:00,34,1,42140864,7378.75,7393.0,7364.0,7381.5,20945,ES.v.0
2026-06-10 01:00:00+00:00,34,1,42140864,7381.75,7390.0,7376.5,7380.0,12582,ES.v.0
2026-06-10 02:00:00+00:00,34,1,42140864,7380.25,7381.25,7369.5,7371.25,10189,ES.v.0
2026-06-10 03:00:00+00:00,34,1,42140864,7371.0,7381.25,7369.75,7372.5,6416,ES.v.0
2026-06-10 04:00:00+00:00,34,1,42140864,7372.5,7373.5,7356.0,7358.0,11224,ES.v.0
2026-06-10 05:00:00+00:00,34,1,42140864,7358.0,7370.5,7353.75,7368.25,11151,ES.v.0
2026-06-10 06:00:00+00:00,34,1,42140864,7368.5,7376.0,7366.5,7368.5,11340,ES.v.0
2026-06-10 07:00:00+00:00,34,1,42140864,7368.5,7373.5,7361.75,7367.5,12155,ES.v.0
2026-06-10 08:00:00+00:00,34,1,42140864,7367.5,7367.75,7332.5,7336.25,27834,ES.v.0
2026-06-10 09:00:00+00:00,34,1,42140864,7336.5,7342.75,7319.0,7337.5,28007,ES.v.0
2026-06-10 10:00:00+00:00,34,1,42140864,7337.75,7346.75,7324.5,7343.75,19972,ES.v.0
2026-06-10 11:00:00+00:00,34,1,42140864,7344.25,7346.5,7305.5,7322.25,62024,ES.v.0
2026-06-10 12:00:00+00:00,34,1,42140864,7322.25,7367.0,7318.75,7350.25,83411,ES.v.0
2026-06-10 13:00:00+00:00,34,1,42140864,7350.5,7390.5,7335.25,7378.0,195624,ES.v.0
2026-06-10 14:00:00+00:00,34,1,42140864,7378.0,7404.75,7343.0,7349.25,224436,ES.v.0
2026-06-10 15:00:00+00:00,34,1,42140864,7349.0,7364.75,7305.0,7340.25,258942,ES.v.0
2026-06-10 16:00:00+00:00,34,1,42140864,7340.25,7346.0,7314.5,7324.0,121145,ES.v.0
2026-06-10 17:00:00+00:00,34,1,42140864,7324.0,7334.5,7299.0,7327.25,122480,ES.v.0
2026-06-10 18:00:00+00:00,34,1,42140864,7327.25,7338.5,7290.5,7295.25,117699,ES.v.0
2026-06-10 19:00:00+00:00,34,1,42140864,7295.0,7302.25,7275.25,7276.0,241606,ES.v.0
2026-06-10 20:00:00+00:00,34,1,42140864,7276.0,7279.25,7256.0,7267.0,84158,ES.v.0
2026-06-10 22:00:00+00:00,34,1,42140864,7259.25,7266.75,7243.0,7244.0,22152,ES.v.0
2026-06-10 23:00:00+00:00,34,1,42140864,7244.0,7263.25,7232.25,7249.5,27372,ES.v.0
2026-06-11 00:00:00+00:00,34,1,42140864,7250.0,7283.0,7245.75,7277.0,28891,ES.v.0
2026-06-11 01:00:00+00:00,34,1,42140864,7277.25,7306.0,7277.0,7287.5,25447,ES.v.0
2026-06-11 02:00:00+00:00,34,1,42140864,7287.75,7297.0,7272.75,7289.25,15698,ES.v.0
2026-06-11 03:00:00+00:00,34,1,42140864,7289.5,7306.0,7281.0,7304.75,12071,ES.v.0
2026-06-11 04:00:00+00:00,34,1,42140864,7305.0,7317.5,7300.5,7312.75,10721,ES.v.0
2026-06-11 05:00:00+00:00,34,1,42140864,7313.0,7313.75,7302.75,7308.5,8751,ES.v.0
2026-06-11 06:00:00+00:00,34,1,42140864,7308.25,7316.0,7294.75,7315.5,18321,ES.v.0
2026-06-11 07:00:00+00:00,34,1,42140864,7315.5,7331.25,7312.25,7327.25,25287,ES.v.0
2026-06-11 08:00:00+00:00,34,1,42140864,7327.0,7337.5,7326.5,7336.5,19841,ES.v.0
2026-06-11 09:00:00+00:00,34,1,42140864,7336.5,7338.75,7331.75,7333.75,13931,ES.v.0
2026-06-11 10:00:00+00:00,34,1,42140864,7333.5,7337.75,7328.25,7329.0,13226,ES.v.0
2026-06-11 11:00:00+00:00,34,1,42140864,7328.75,7334.0,7317.5,7332.25,25244,ES.v.0
2026-06-11 12:00:00+00:00,34,1,42140864,7332.0,7334.0,7288.25,7316.5,73317,ES.v.0
2026-06-11 13:00:00+00:00,34,1,42140864,7316.25,7335.5,7283.0,7317.25,209907,ES.v.0
2026-06-11 14:00:00+00:00,34,1,42140864,7317.25,7335.75,7270.25,7275.5,248869,ES.v.0
2026-06-11 15:00:00+00:00,34,1,42140864,7275.5,7314.25,7263.0,7300.25,164715,ES.v.0
2026-06-11 16:00:00+00:00,34,1,42140864,7300.25,7323.0,7284.5,7284.75,125774,ES.v.0
2026-06-11 17:00:00+00:00,34,1,42140864,7285.0,7386.5,7271.75,7369.25,268338,ES.v.0
2026-06-11 18:00:00+00:00,34,1,42140864,7369.25,7383.25,7344.75,7377.5,142220,ES.v.0
2026-06-11 19:00:00+00:00,34,1,42140864,7377.75,7420.0,7373.0,7394.25,291555,ES.v.0
2026-06-11 20:00:00+00:00,34,1,42140864,7394.5,7409.5,7390.25,7398.25,66915,ES.v.0
2026-06-11 22:00:00+00:00,34,1,42140864,7397.5,7416.25,7396.75,7411.5,12853,ES.v.0
2026-06-11 23:00:00+00:00,34,1,42140864,7411.75,7417.0,7402.75,7415.0,7200,ES.v.0
2026-06-12 00:00:00+00:00,34,1,42140864,7415.0,7421.25,7406.5,7412.75,10208,ES.v.0
2026-06-12 01:00:00+00:00,34,1,42140864,7412.5,7412.75,7396.75,7410.25,10120,ES.v.0
2026-06-12 02:00:00+00:00,34,1,42140864,7410.25,7415.25,7404.75,7411.5,6612,ES.v.0
2026-06-12 03:00:00+00:00,34,1,42140864,7411.5,7411.75,7399.5,7407.0,6033,ES.v.0
2026-06-12 04:00:00+00:00,34,1,42140864,7407.25,7411.5,7400.25,7410.75,4130,ES.v.0
2026-06-12 05:00:00+00:00,34,1,42140864,7410.75,7412.75,7387.5,7393.0,9106,ES.v.0
2026-06-12 06:00:00+00:00,34,1,42140864,7393.25,7403.75,7384.5,7388.0,11782,ES.v.0
2026-06-12 07:00:00+00:00,34,1,42140864,7388.0,7408.5,7374.75,7400.75,23656,ES.v.0
2026-06-12 08:00:00+00:00,34,1,42140864,7401.0,7428.25,7399.25,7415.0,27812,ES.v.0
2026-06-12 09:00:00+00:00,34,1,42140864,7415.0,7451.25,7415.0,7439.25,24534,ES.v.0
2026-06-12 10:00:00+00:00,34,1,42140864,7439.25,7444.75,7419.25,7424.75,20813,ES.v.0
2026-06-12 11:00:00+00:00,34,1,42140864,7425.0,7448.0,7422.5,7443.0,20345,ES.v.0
2026-06-12 12:00:00+00:00,34,1,42140864,7443.0,7444.5,7402.0,7404.5,30490,ES.v.0
2026-06-12 13:00:00+00:00,34,1,42140864,7404.5,7424.75,7366.5,7383.0,169817,ES.v.0
2026-06-12 14:00:00+00:00,34,1,42140864,7383.25,7443.5,7380.25,7440.5,200251,ES.v.0
2026-06-12 15:00:00+00:00,34,1,42140864,7440.75,7461.75,7401.25,7405.75,160953,ES.v.0
2026-06-12 16:00:00+00:00,34,1,42140864,7405.75,7439.5,7398.25,7432.5,98676,ES.v.0
2026-06-12 17:00:00+00:00,34,1,42140864,7432.25,7447.0,7426.25,7430.5,66241,ES.v.0
2026-06-12 18:00:00+00:00,34,1,42140864,7430.5,7441.25,7421.75,7428.0,73110,ES.v.0
2026-06-12 19:00:00+00:00,34,1,42140864,7428.0,7439.75,7418.75,7433.5,150498,ES.v.0
2026-06-12 20:00:00+00:00,34,1,42140864,7433.5,7444.75,7433.0,7436.25,38887,ES.v.0
2026-06-14 22:00:00+00:00,34,1,42140864,7480.0,7504.5,7480.0,7494.75,15767,ES.v.0
2026-06-14 23:00:00+00:00,34,1,42140864,7494.75,7498.5,7484.75,7496.5,6248,ES.v.0
2026-06-15 00:00:00+00:00,34,1,42140864,7496.5,7514.0,7494.0,7507.25,9707,ES.v.0
2026-06-15 01:00:00+00:00,34,1,42140864,7507.25,7514.5,7505.5,7512.25,5067,ES.v.0
2026-06-15 02:00:00+00:00,34,1,42140864,7512.0,7520.0,7511.75,7519.0,4745,ES.v.0
2026-06-15 03:00:00+00:00,34,1,42140864,7519.0,7523.5,7515.5,7519.5,4001,ES.v.0
2026-06-15 04:00:00+00:00,34,1,42140864,7519.5,7527.25,7517.0,7526.75,3340,ES.v.0
2026-06-15 05:00:00+00:00,34,1,42140864,7526.5,7531.25,7526.0,7531.25,6389,ES.v.0
2026-06-15 06:00:00+00:00,34,1,42140864,7531.25,7533.25,7523.0,7526.0,8671,ES.v.0
2026-06-15 07:00:00+00:00,34,1,42140864,7526.0,7532.0,7521.25,7522.5,10262,ES.v.0
2026-06-15 08:00:00+00:00,34,1,42140864,7522.25,7532.25,7522.0,7527.75,9404,ES.v.0
2026-06-15 09:00:00+00:00,34,1,42140864,7527.75,7531.5,7518.5,7523.0,7425,ES.v.0
2026-06-15 10:00:00+00:00,34,1,42140864,7523.0,7528.5,7522.5,7527.75,4220,ES.v.0
2026-06-15 11:00:00+00:00,34,1,42140864,7527.75,7537.75,7527.0,7531.75,10624,ES.v.0
2026-06-15 12:00:00+00:00,34,1,42140864,7531.75,7535.0,7523.5,7530.5,14240,ES.v.0
2026-06-15 13:00:00+00:00,34,1,42140864,7530.5,7557.75,7527.75,7550.0,84653,ES.v.0
2026-06-15 14:00:00+00:00,34,1,42140864,7550.0,7561.0,7540.75,7559.25,93212,ES.v.0
2026-06-15 15:00:00+00:00,34,1,42140864,7559.25,7580.5,7559.0,7578.75,56181,ES.v.0
2026-06-15 16:00:00+00:00,34,1,42140864,7579.0,7584.5,7572.25,7575.5,39185,ES.v.0
2026-06-15 17:00:00+00:00,34,1,42140864,7575.5,7580.5,7567.5,7569.0,29447,ES.v.0
2026-06-15 18:00:00+00:00,34,1,42140864,7569.0,7571.75,7561.25,7567.25,32037,ES.v.0
2026-06-15 19:00:00+00:00,34,1,42140864,7567.25,7569.75,7551.5,7564.5,102300,ES.v.0
2026-06-15 20:00:00+00:00,34,1,42140864,7564.5,7566.25,7559.0,7559.0,22306,ES.v.0
2026-06-15 22:00:00+00:00,34,1,42140864,7560.75,7564.5,7548.0,7552.25,2551,ES.v.0
2026-06-15 23:00:00+00:00,34,1,42140864,7552.0,7557.0,7550.0,7555.75,1706,ES.v.0
2026-06-16 00:00:00+00:00,34,1,42140864,7555.5,7561.0,7548.25,7551.5,2308,ES.v.0
2026-06-16 01:00:00+00:00,34,1,42140864,7551.0,7554.5,7548.75,7551.25,2222,ES.v.0
2026-06-16 02:00:00+00:00,34,1,42140864,7551.5,7556.0,7549.25,7552.5,1653,ES.v.0
2026-06-16 03:00:00+00:00,34,1,42140864,7552.25,7562.5,7551.75,7558.0,1814,ES.v.0
2026-06-16 04:00:00+00:00,34,1,42140864,7558.5,7558.5,7550.5,7553.75,1101,ES.v.0
2026-06-16 05:00:00+00:00,34,1,42140864,7554.25,7560.75,7551.5,7553.0,1284,ES.v.0
2026-06-16 06:00:00+00:00,34,1,42140864,7553.0,7559.0,7552.0,7557.5,1430,ES.v.0
2026-06-16 07:00:00+00:00,34,1,42140864,7558.0,7563.0,7555.5,7559.5,2465,ES.v.0
2026-06-16 08:00:00+00:00,34,1,42140864,7560.0,7565.5,7555.5,7561.5,3237,ES.v.0
2026-06-16 09:00:00+00:00,34,1,42140864,7561.0,7563.75,7553.75,7555.25,2127,ES.v.0
2026-06-16 10:00:00+00:00,34,1,42140864,7556.25,7565.5,7556.0,7565.0,1838,ES.v.0
2026-06-16 11:00:00+00:00,34,1,42140864,7564.75,7569.25,7562.5,7566.0,3036,ES.v.0
2026-06-16 12:00:00+00:00,34,1,42140864,7566.0,7569.5,7556.75,7559.75,5357,ES.v.0
2026-06-16 13:00:00+00:00,34,1,42140864,7559.75,7570.5,7555.25,7557.25,19273,ES.v.0
2026-06-16 14:00:00+00:00,34,1,42140864,7557.25,7568.0,7538.25,7544.75,26152,ES.v.0
2026-06-16 15:00:00+00:00,34,1,42140864,7545.0,7553.0,7533.0,7543.5,18648,ES.v.0
2026-06-16 16:00:00+00:00,34,1,42140864,7543.5,7556.25,7538.75,7542.75,13530,ES.v.0
2026-06-16 17:00:00+00:00,34,1,42140864,7543.0,7544.0,7530.0,7537.25,9899,ES.v.0
2026-06-16 18:00:00+00:00,34,1,42140864,7537.0,7539.25,7531.75,7533.25,6810,ES.v.0
2026-06-16 19:00:00+00:00,34,1,42140864,7533.25,7534.0,7514.25,7519.25,43054,ES.v.0
2026-06-16 20:00:00+00:00,34,1,42140864,7519.25,7520.25,7509.75,7515.25,10907,ES.v.0
2026-06-16 22:00:00+00:00,34,1,42140864,7514.5,7529.0,7514.5,7528.25,1127,ES.v.0
2026-06-16 23:00:00+00:00,34,1,42140864,7528.0,7528.25,7520.75,7523.75,859,ES.v.0
2026-06-17 00:00:00+00:00,34,1,42140870,7592.0,7600.5,7592.0,7597.0,6275,ES.v.0
2026-06-17 01:00:00+00:00,34,1,42140870,7597.0,7605.5,7595.25,7605.5,6782,ES.v.0
2026-06-17 02:00:00+00:00,34,1,42140870,7605.25,7605.75,7601.25,7602.5,3767,ES.v.0
2026-06-17 03:00:00+00:00,34,1,42140870,7602.5,7606.25,7598.75,7605.75,3757,ES.v.0
2026-06-17 04:00:00+00:00,34,1,42140870,7605.75,7606.5,7601.0,7606.0,3165,ES.v.0
2026-06-17 05:00:00+00:00,34,1,42140870,7606.0,7608.0,7603.0,7604.0,5443,ES.v.0
2026-06-17 06:00:00+00:00,34,1,42140870,7603.75,7609.25,7601.25,7609.0,6635,ES.v.0
2026-06-17 07:00:00+00:00,34,1,42140870,7608.75,7612.5,7603.25,7605.75,10267,ES.v.0
2026-06-17 08:00:00+00:00,34,1,42140870,7605.75,7608.25,7591.75,7599.75,13752,ES.v.0
2026-06-17 09:00:00+00:00,34,1,42140870,7600.0,7602.75,7590.5,7592.25,9486,ES.v.0
2026-06-17 10:00:00+00:00,34,1,42140870,7592.25,7598.25,7585.25,7591.0,11739,ES.v.0
2026-06-17 11:00:00+00:00,34,1,42140870,7591.25,7597.75,7583.0,7586.5,11411,ES.v.0
2026-06-17 12:00:00+00:00,34,1,42140870,7586.75,7596.5,7586.25,7595.25,17850,ES.v.0
2026-06-17 13:00:00+00:00,34,1,42140870,7595.25,7600.25,7581.0,7581.0,121488,ES.v.0
2026-06-17 14:00:00+00:00,34,1,42140870,7581.25,7604.25,7560.5,7572.5,211877,ES.v.0
2026-06-17 15:00:00+00:00,34,1,42140870,7572.25,7591.25,7568.0,7588.75,110942,ES.v.0
2026-06-17 16:00:00+00:00,34,1,42140870,7589.0,7593.25,7581.5,7582.75,54391,ES.v.0
2026-06-17 17:00:00+00:00,34,1,42140870,7582.5,7589.75,7568.5,7588.75,77922,ES.v.0
2026-06-17 18:00:00+00:00,34,1,42140870,7588.25,7590.75,7514.5,7540.75,311741,ES.v.0
2026-06-17 19:00:00+00:00,34,1,42140870,7540.5,7552.0,7472.25,7492.25,386775,ES.v.0
2026-06-17 20:00:00+00:00,34,1,42140870,7492.5,7515.25,7490.0,7511.0,66700,ES.v.0
2026-06-17 22:00:00+00:00,34,1,42140870,7512.5,7527.75,7504.25,7525.5,12448,ES.v.0
2026-06-17 23:00:00+00:00,34,1,42140870,7525.75,7541.25,7524.25,7541.25,8787,ES.v.0
2026-06-18 00:00:00+00:00,34,1,42140870,7541.5,7560.5,7539.75,7550.75,21328,ES.v.0
2026-06-18 01:00:00+00:00,34,1,42140870,7550.75,7561.25,7550.0,7553.0,11164,ES.v.0
2026-06-18 02:00:00+00:00,34,1,42140870,7553.0,7559.75,7552.0,7556.75,4815,ES.v.0
2026-06-18 03:00:00+00:00,34,1,42140870,7556.5,7558.75,7550.25,7555.5,5764,ES.v.0
2026-06-18 04:00:00+00:00,34,1,42140870,7555.5,7556.75,7539.25,7544.75,7252,ES.v.0
2026-06-18 05:00:00+00:00,34,1,42140870,7545.0,7550.5,7542.75,7546.5,5244,ES.v.0
2026-06-18 06:00:00+00:00,34,1,42140870,7546.25,7557.25,7541.0,7556.75,11018,ES.v.0
2026-06-18 07:00:00+00:00,34,1,42140870,7556.5,7559.5,7550.25,7559.25,12963,ES.v.0
2026-06-18 08:00:00+00:00,34,1,42140870,7559.5,7568.25,7547.0,7547.75,18377,ES.v.0
2026-06-18 09:00:00+00:00,34,1,42140870,7548.25,7564.0,7545.75,7563.25,12755,ES.v.0
2026-06-18 10:00:00+00:00,34,1,42140870,7563.25,7564.75,7551.5,7553.5,12804,ES.v.0
2026-06-18 11:00:00+00:00,34,1,42140870,7553.5,7554.75,7530.75,7543.25,23935,ES.v.0
2026-06-18 12:00:00+00:00,34,1,42140870,7543.25,7565.0,7540.75,7560.5,31151,ES.v.0
2026-06-18 13:00:00+00:00,34,1,42140870,7560.5,7581.5,7535.5,7544.0,244843,ES.v.0
2026-06-18 14:00:00+00:00,34,1,42140870,7544.25,7570.75,7539.0,7566.25,214914,ES.v.0
2026-06-18 15:00:00+00:00,34,1,42140870,7566.5,7568.75,7541.0,7560.5,156215,ES.v.0
2026-06-18 16:00:00+00:00,34,1,42140870,7560.25,7570.5,7555.0,7564.0,96902,ES.v.0
2026-06-18 17:00:00+00:00,34,1,42140870,7564.0,7579.0,7561.5,7567.0,77184,ES.v.0
2026-06-18 18:00:00+00:00,34,1,42140870,7567.0,7568.0,7559.25,7561.5,80720,ES.v.0
2026-06-18 19:00:00+00:00,34,1,42140870,7561.5,7580.75,7549.0,7564.25,266808,ES.v.0
2026-06-18 20:00:00+00:00,34,1,42140870,7564.5,7583.0,7562.25,7574.75,71047,ES.v.0
2026-06-18 22:00:00+00:00,34,1,42140870,7576.75,7580.0,7559.5,7561.0,5843,ES.v.0
2026-06-18 23:00:00+00:00,34,1,42140870,7561.25,7568.25,7560.5,7565.75,2895,ES.v.0
2026-06-19 00:00:00+00:00,34,1,42140870,7565.5,7565.75,7556.0,7558.25,6122,ES.v.0
2026-06-19 01:00:00+00:00,34,1,42140870,7558.25,7560.75,7547.25,7547.75,6252,ES.v.0
2026-06-19 02:00:00+00:00,34,1,42140870,7547.5,7549.25,7541.75,7546.25,5072,ES.v.0
2026-06-19 03:00:00+00:00,34,1,42140870,7546.25,7548.5,7536.0,7538.5,6620,ES.v.0
2026-06-19 04:00:00+00:00,34,1,42140870,7538.5,7539.5,7521.5,7525.25,8627,ES.v.0
2026-06-19 05:00:00+00:00,34,1,42140870,7525.5,7531.75,7520.5,7531.5,8267,ES.v.0
2026-06-19 06:00:00+00:00,34,1,42140870,7531.5,7543.0,7530.25,7541.25,9561,ES.v.0
2026-06-19 07:00:00+00:00,34,1,42140870,7541.25,7556.5,7541.0,7554.25,10157,ES.v.0
2026-06-19 08:00:00+00:00,34,1,42140870,7554.25,7560.5,7550.75,7558.75,7281,ES.v.0
2026-06-19 09:00:00+00:00,34,1,42140870,7559.0,7562.5,7553.5,7555.25,7581,ES.v.0
2026-06-19 10:00:00+00:00,34,1,42140870,7555.25,7555.75,7537.75,7543.75,10440,ES.v.0
2026-06-19 11:00:00+00:00,34,1,42140870,7543.5,7546.0,7537.0,7544.25,8243,ES.v.0
2026-06-19 12:00:00+00:00,34,1,42140870,7544.25,7562.25,7533.25,7558.75,14821,ES.v.0
2026-06-19 13:00:00+00:00,34,1,42140870,7559.0,7563.25,7554.5,7559.5,18901,ES.v.0
2026-06-19 14:00:00+00:00,34,1,42140870,7559.25,7566.0,7553.5,7565.25,15835,ES.v.0
2026-06-19 15:00:00+00:00,34,1,42140870,7565.0,7568.5,7558.5,7563.75,13874,ES.v.0
2026-06-19 16:00:00+00:00,34,1,42140870,7563.75,7567.0,7554.0,7556.25,7788,ES.v.0
2026-06-21 22:00:00+00:00,34,1,42140870,7543.25,7550.0,7526.0,7538.25,12295,ES.v.0
2026-06-21 23:00:00+00:00,34,1,42140870,7537.75,7538.0,7513.0,7516.0,10811,ES.v.0
2026-06-22 00:00:00+00:00,34,1,42140870,7515.75,7549.75,7514.5,7548.75,19375,ES.v.0
2026-06-22 01:00:00+00:00,34,1,42140870,7549.0,7557.25,7548.75,7549.5,13818,ES.v.0
2026-06-22 02:00:00+00:00,34,1,42140870,7549.75,7550.75,7537.25,7538.5,11997,ES.v.0
2026-06-22 03:00:00+00:00,34,1,42140870,7538.5,7542.25,7533.5,7534.5,8940,ES.v.0
2026-06-22 04:00:00+00:00,34,1,42140870,7534.75,7536.5,7528.25,7534.75,7566,ES.v.0
2026-06-22 05:00:00+00:00,34,1,42140870,7534.75,7547.5,7534.0,7546.25,9987,ES.v.0
2026-06-22 06:00:00+00:00,34,1,42140870,7546.5,7562.75,7546.0,7561.75,14524,ES.v.0
2026-06-22 07:00:00+00:00,34,1,42140870,7561.75,7567.25,7560.5,7562.75,10759,ES.v.0
2026-06-22 08:00:00+00:00,34,1,42140870,7562.75,7563.75,7552.5,7559.5,9544,ES.v.0
2026-06-22 09:00:00+00:00,34,1,42140870,7559.5,7564.5,7554.25,7554.75,8683,ES.v.0
2026-06-22 10:00:00+00:00,34,1,42140870,7554.75,7564.75,7554.75,7558.75,7592,ES.v.0
2026-06-22 11:00:00+00:00,34,1,42140870,7558.75,7577.75,7558.5,7563.5,20524,ES.v.0
2026-06-22 12:00:00+00:00,34,1,42140870,7563.75,7576.25,7563.75,7568.0,17809,ES.v.0
2026-06-22 13:00:00+00:00,34,1,42140870,7568.0,7596.75,7568.0,7596.25,167801,ES.v.0
2026-06-22 14:00:00+00:00,34,1,42140870,7596.25,7599.25,7527.25,7543.0,268348,ES.v.0
2026-06-22 15:00:00+00:00,34,1,42140870,7542.75,7559.25,7534.75,7542.5,183760,ES.v.0
2026-06-22 16:00:00+00:00,34,1,42140870,7542.5,7550.25,7532.25,7546.0,119324,ES.v.0
2026-06-22 17:00:00+00:00,34,1,42140870,7546.25,7549.5,7535.5,7542.75,73458,ES.v.0
2026-06-22 18:00:00+00:00,34,1,42140870,7543.0,7553.75,7531.5,7533.0,83460,ES.v.0
2026-06-22 19:00:00+00:00,34,1,42140870,7533.0,7545.75,7528.0,7540.25,206606,ES.v.0
2026-06-22 20:00:00+00:00,34,1,42140870,7540.25,7547.25,7539.0,7540.75,41577,ES.v.0
2026-06-22 22:00:00+00:00,34,1,42140870,7541.25,7549.5,7529.5,7532.0,8211,ES.v.0
2026-06-22 23:00:00+00:00,34,1,42140870,7532.0,7533.0,7526.0,7532.0,5398,ES.v.0
2026-06-23 00:00:00+00:00,34,1,42140870,7531.75,7545.25,7522.0,7540.25,16489,ES.v.0
2026-06-23 01:00:00+00:00,34,1,42140870,7540.25,7542.25,7512.0,7522.25,17717,ES.v.0
2026-06-23 02:00:00+00:00,34,1,42140870,7522.75,7525.0,7510.5,7512.75,11468,ES.v.0
2026-06-23 03:00:00+00:00,34,1,42140870,7512.75,7513.75,7496.5,7508.75,17505,ES.v.0
2026-06-23 04:00:00+00:00,34,1,42140870,7509.0,7512.25,7481.75,7483.25,12353,ES.v.0
2026-06-23 05:00:00+00:00,34,1,42140870,7483.5,7488.0,7467.0,7468.75,20906,ES.v.0
2026-06-23 06:00:00+00:00,34,1,42140870,7468.75,7472.5,7444.75,7447.25,27220,ES.v.0
2026-06-23 07:00:00+00:00,34,1,42140870,7447.0,7455.5,7428.25,7433.5,29462,ES.v.0
2026-06-23 08:00:00+00:00,34,1,42140870,7433.75,7438.5,7421.75,7430.5,33929,ES.v.0
2026-06-23 09:00:00+00:00,34,1,42140870,7430.75,7446.25,7429.5,7444.5,22198,ES.v.0
2026-06-23 10:00:00+00:00,34,1,42140870,7444.5,7449.75,7427.25,7436.75,25321,ES.v.0
2026-06-23 11:00:00+00:00,34,1,42140870,7436.5,7453.5,7432.5,7450.75,32902,ES.v.0
2026-06-23 12:00:00+00:00,34,1,42140870,7450.75,7454.5,7427.5,7432.75,37297,ES.v.0
2026-06-23 13:00:00+00:00,34,1,42140870,7432.5,7466.5,7415.25,7465.25,240714,ES.v.0
2026-06-23 14:00:00+00:00,34,1,42140870,7465.25,7491.0,7459.75,7464.75,270730,ES.v.0
2026-06-23 15:00:00+00:00,34,1,42140870,7464.75,7468.5,7435.75,7453.75,188277,ES.v.0
2026-06-23 16:00:00+00:00,34,1,42140870,7454.0,7475.25,7452.5,7469.75,116641,ES.v.0
2026-06-23 17:00:00+00:00,34,1,42140870,7469.75,7476.5,7452.5,7453.25,107939,ES.v.0
2026-06-23 18:00:00+00:00,34,1,42140870,7453.25,7461.25,7428.75,7436.0,139814,ES.v.0
2026-06-23 19:00:00+00:00,34,1,42140870,7436.0,7453.0,7433.0,7434.75,277391,ES.v.0
2026-06-23 20:00:00+00:00,34,1,42140870,7435.0,7446.75,7431.5,7445.5,53784,ES.v.0
2026-06-23 22:00:00+00:00,34,1,42140870,7449.25,7452.25,7429.25,7434.75,11699,ES.v.0
2026-06-23 23:00:00+00:00,34,1,42140870,7435.0,7450.75,7420.25,7446.75,14329,ES.v.0
2026-06-24 00:00:00+00:00,34,1,42140870,7446.75,7459.75,7443.5,7453.5,19418,ES.v.0
2026-06-24 01:00:00+00:00,34,1,42140870,7453.75,7454.75,7442.5,7451.25,15403,ES.v.0
2026-06-24 02:00:00+00:00,34,1,42140870,7451.0,7453.25,7429.75,7430.25,12885,ES.v.0
2026-06-24 03:00:00+00:00,34,1,42140870,7430.0,7451.75,7426.75,7448.0,13615,ES.v.0
2026-06-24 04:00:00+00:00,34,1,42140870,7448.0,7451.5,7434.75,7449.5,7780,ES.v.0
2026-06-24 05:00:00+00:00,34,1,42140870,7449.75,7459.25,7447.5,7450.25,8883,ES.v.0
2026-06-24 06:00:00+00:00,34,1,42140870,7450.25,7453.75,7445.25,7448.75,7906,ES.v.0
2026-06-24 07:00:00+00:00,34,1,42140870,7449.0,7452.75,7439.75,7442.75,15131,ES.v.0
2026-06-24 08:00:00+00:00,34,1,42140870,7443.0,7453.25,7442.5,7447.5,12697,ES.v.0
2026-06-24 09:00:00+00:00,34,1,42140870,7447.5,7452.25,7439.25,7447.75,12262,ES.v.0
2026-06-24 10:00:00+00:00,34,1,42140870,7447.75,7458.25,7442.25,7449.0,14042,ES.v.0
2026-06-24 11:00:00+00:00,34,1,42140870,7449.0,7465.0,7443.75,7463.75,19885,ES.v.0
2026-06-24 12:00:00+00:00,34,1,42140870,7463.75,7467.25,7447.75,7450.5,25949,ES.v.0
2026-06-24 13:00:00+00:00,34,1,42140870,7450.5,7472.25,7437.75,7454.5,219920,ES.v.0
2026-06-24 14:00:00+00:00,34,1,42140870,7454.75,7494.25,7436.5,7493.75,262947,ES.v.0
2026-06-24 15:00:00+00:00,34,1,42140870,7493.75,7496.5,7474.5,7480.25,182663,ES.v.0
2026-06-24 16:00:00+00:00,34,1,42140870,7480.25,7485.5,7450.75,7453.0,152911,ES.v.0
2026-06-24 17:00:00+00:00,34,1,42140870,7453.0,7461.25,7407.75,7414.0,202455,ES.v.0
2026-06-24 18:00:00+00:00,34,1,42140870,7414.25,7443.25,7408.25,7415.5,182073,ES.v.0
2026-06-24 19:00:00+00:00,34,1,42140870,7415.5,7431.5,7404.25,7428.25,252975,ES.v.0
2026-06-24 20:00:00+00:00,34,1,42140870,7428.25,7482.25,7421.25,7477.5,91336,ES.v.0
2026-06-24 22:00:00+00:00,34,1,42140870,7476.25,7486.75,7465.75,7466.25,11285,ES.v.0
2026-06-24 23:00:00+00:00,34,1,42140870,7466.5,7478.5,7464.0,7471.75,6819,ES.v.0
2026-06-25 00:00:00+00:00,34,1,42140870,7472.0,7473.0,7453.0,7454.5,13529,ES.v.0
2026-06-25 01:00:00+00:00,34,1,42140870,7455.0,7466.5,7452.25,7460.25,8983,ES.v.0
2026-06-25 02:00:00+00:00,34,1,42140870,7460.0,7465.0,7452.75,7463.25,6840,ES.v.0
2026-06-25 03:00:00+00:00,34,1,42140870,7463.5,7469.75,7460.25,7469.25,5913,ES.v.0
2026-06-25 04:00:00+00:00,34,1,42140870,7469.5,7469.75,7459.75,7464.5,4908,ES.v.0
2026-06-25 05:00:00+00:00,34,1,42140870,7464.25,7476.5,7464.25,7472.0,7065,ES.v.0
2026-06-25 06:00:00+00:00,34,1,42140870,7472.0,7482.25,7471.0,7477.75,8068,ES.v.0
2026-06-25 07:00:00+00:00,34,1,42140870,7478.0,7488.75,7478.0,7488.0,10539,ES.v.0
2026-06-25 08:00:00+00:00,34,1,42140870,7488.25,7491.25,7475.5,7477.0,10785,ES.v.0
2026-06-25 09:00:00+00:00,34,1,42140870,7477.0,7484.5,7476.25,7480.75,7657,ES.v.0
2026-06-25 10:00:00+00:00,34,1,42140870,7480.5,7487.5,7479.75,7483.75,6209,ES.v.0
2026-06-25 11:00:00+00:00,34,1,42140870,7483.75,7487.0,7472.25,7476.0,13405,ES.v.0
2026-06-25 12:00:00+00:00,34,1,42140870,7475.75,7496.0,7472.5,7487.0,30909,ES.v.0
2026-06-25 13:00:00+00:00,34,1,42140870,7487.0,7490.5,7390.5,7393.25,301715,ES.v.0
2026-06-25 14:00:00+00:00,34,1,42140870,7393.25,7475.75,7392.5,7449.5,339086,ES.v.0
2026-06-25 15:00:00+00:00,34,1,42140870,7449.25,7462.25,7414.25,7437.5,151527,ES.v.0
2026-06-25 16:00:00+00:00,34,1,42140870,7437.75,7458.75,7409.75,7420.25,124133,ES.v.0
2026-06-25 17:00:00+00:00,34,1,42140870,7420.25,7438.0,7410.75,7429.5,92529,ES.v.0
2026-06-25 18:00:00+00:00,34,1,42140870,7429.5,7456.75,7408.25,7434.5,129214,ES.v.0
2026-06-25 19:00:00+00:00,34,1,42140870,7434.25,7435.0,7409.0,7428.5,187801,ES.v.0
2026-06-25 20:00:00+00:00,34,1,42140870,7428.5,7454.5,7427.25,7433.75,67144,ES.v.0
2026-06-25 22:00:00+00:00,34,1,42140870,7431.0,7435.75,7416.0,7425.25,7414,ES.v.0
2026-06-25 23:00:00+00:00,34,1,42140870,7425.25,7454.25,7417.25,7423.75,14133,ES.v.0
2026-06-26 00:00:00+00:00,34,1,42140870,7423.75,7434.75,7418.75,7421.25,10312,ES.v.0
2026-06-26 01:00:00+00:00,34,1,42140870,7421.75,7427.75,7395.0,7399.75,13644,ES.v.0
2026-06-26 02:00:00+00:00,34,1,42140870,7399.75,7401.5,7366.5,7370.75,19518,ES.v.0
2026-06-26 03:00:00+00:00,34,1,42140870,7371.25,7383.5,7357.25,7383.0,15081,ES.v.0
2026-06-26 04:00:00+00:00,34,1,42140870,7383.25,7385.5,7365.75,7367.75,11421,ES.v.0
2026-06-26 05:00:00+00:00,34,1,42140870,7367.75,7382.75,7364.5,7372.0,13214,ES.v.0
2026-06-26 06:00:00+00:00,34,1,42140870,7372.25,7409.5,7369.0,7404.0,16774,ES.v.0
2026-06-26 07:00:00+00:00,34,1,42140870,7404.0,7413.75,7394.75,7410.75,13448,ES.v.0
2026-06-26 08:00:00+00:00,34,1,42140870,7411.0,7416.0,7382.75,7388.5,15665,ES.v.0
2026-06-26 09:00:00+00:00,34,1,42140870,7388.75,7396.75,7379.75,7385.25,15028,ES.v.0
2026-06-26 10:00:00+00:00,34,1,42140870,7385.5,7389.5,7376.5,7386.5,9446,ES.v.0
2026-06-26 11:00:00+00:00,34,1,42140870,7386.5,7394.75,7377.75,7384.5,13700,ES.v.0
2026-06-26 12:00:00+00:00,34,1,42140870,7384.75,7403.75,7380.25,7384.0,26128,ES.v.0
2026-06-26 13:00:00+00:00,34,1,42140870,7384.0,7405.75,7360.0,7401.5,191785,ES.v.0
2026-06-26 14:00:00+00:00,34,1,42140870,7401.25,7436.25,7398.75,7418.0,188915,ES.v.0
2026-06-26 15:00:00+00:00,34,1,42140870,7418.0,7459.5,7409.5,7447.5,166415,ES.v.0
2026-06-26 16:00:00+00:00,34,1,42140870,7447.75,7449.0,7420.75,7438.25,93870,ES.v.0
2026-06-26 17:00:00+00:00,34,1,42140870,7438.25,7452.25,7427.75,7430.0,72825,ES.v.0
2026-06-26 18:00:00+00:00,34,1,42140870,7430.25,7439.5,7405.25,7409.0,101318,ES.v.0
2026-06-26 19:00:00+00:00,34,1,42140870,7408.75,7431.75,7368.75,7380.25,240267,ES.v.0
2026-06-26 20:00:00+00:00,34,1,42140870,7380.0,7421.0,7368.5,7397.25,123929,ES.v.0
2026-06-28 22:00:00+00:00,34,1,42140870,7398.0,7438.5,7398.0,7434.5,15179,ES.v.0
2026-06-28 23:00:00+00:00,34,1,42140870,7434.5,7455.75,7432.5,7447.25,9935,ES.v.0
2026-06-29 00:00:00+00:00,34,1,42140870,7447.5,7447.5,7422.5,7438.5,20636,ES.v.0
2026-06-29 01:00:00+00:00,34,1,42140870,7438.5,7443.0,7426.75,7438.5,12004,ES.v.0
2026-06-29 02:00:00+00:00,34,1,42140870,7438.75,7443.75,7420.75,7440.5,9220,ES.v.0
2026-06-29 03:00:00+00:00,34,1,42140870,7440.75,7452.75,7434.0,7450.25,10193,ES.v.0
2026-06-29 04:00:00+00:00,34,1,42140870,7450.25,7450.5,7439.75,7442.0,5563,ES.v.0
2026-06-29 05:00:00+00:00,34,1,42140870,7442.25,7458.5,7439.0,7457.25,10221,ES.v.0
2026-06-29 06:00:00+00:00,34,1,42140870,7457.0,7457.75,7444.25,7446.25,10780,ES.v.0
2026-06-29 07:00:00+00:00,34,1,42140870,7446.5,7453.25,7436.5,7451.5,12866,ES.v.0
2026-06-29 08:00:00+00:00,34,1,42140870,7451.25,7463.75,7450.25,7451.5,12145,ES.v.0
2026-06-29 09:00:00+00:00,34,1,42140870,7451.25,7459.25,7447.5,7454.5,10760,ES.v.0
2026-06-29 10:00:00+00:00,34,1,42140870,7454.75,7466.75,7452.5,7466.0,12598,ES.v.0
2026-06-29 11:00:00+00:00,34,1,42140870,7466.0,7473.75,7458.0,7463.5,16792,ES.v.0
2026-06-29 12:00:00+00:00,34,1,42140870,7463.5,7469.25,7455.25,7464.0,17594,ES.v.0
2026-06-29 13:00:00+00:00,34,1,42140870,7464.0,7490.0,7444.5,7458.5,219894,ES.v.0
2026-06-29 14:00:00+00:00,34,1,42140870,7458.5,7472.5,7409.0,7468.0,348329,ES.v.0
2026-06-29 15:00:00+00:00,34,1,42140870,7468.0,7475.75,7453.0,7475.0,147398,ES.v.0
2026-06-29 16:00:00+00:00,34,1,42140870,7475.25,7481.75,7470.0,7477.25,92124,ES.v.0
2026-06-29 17:00:00+00:00,34,1,42140870,7477.25,7498.75,7477.25,7494.0,93911,ES.v.0
2026-06-29 18:00:00+00:00,34,1,42140870,7494.0,7502.0,7491.25,7497.0,73725,ES.v.0
2026-06-29 19:00:00+00:00,34,1,42140870,7496.75,7505.0,7491.5,7497.0,185857,ES.v.0
2026-06-29 20:00:00+00:00,34,1,42140870,7497.0,7500.0,7491.25,7493.5,51256,ES.v.0
2026-06-29 22:00:00+00:00,34,1,42140870,7495.5,7497.5,7490.5,7494.5,5445,ES.v.0
2026-06-29 23:00:00+00:00,34,1,42140870,7494.5,7498.75,7491.75,7495.5,3445,ES.v.0
2026-06-30 00:00:00+00:00,34,1,42140870,7495.5,7501.0,7481.75,7492.5,11443,ES.v.0
2026-06-30 01:00:00+00:00,34,1,42140870,7492.75,7501.5,7484.0,7498.25,10212,ES.v.0
2026-06-30 02:00:00+00:00,34,1,42140870,7498.25,7498.5,7488.25,7491.5,5998,ES.v.0
2026-06-30 03:00:00+00:00,34,1,42140870,7491.25,7507.0,7490.25,7501.5,7220,ES.v.0
2026-06-30 04:00:00+00:00,34,1,42140870,7501.5,7513.5,7501.25,7510.75,6977,ES.v.0
2026-06-30 05:00:00+00:00,34,1,42140870,7510.75,7515.0,7503.75,7510.25,8702,ES.v.0
2026-06-30 06:00:00+00:00,34,1,42140870,7510.25,7511.5,7501.5,7508.75,10629,ES.v.0
2026-06-30 07:00:00+00:00,34,1,42140870,7508.75,7512.75,7501.0,7502.0,11948,ES.v.0
2026-06-30 08:00:00+00:00,34,1,42140870,7501.75,7510.25,7494.0,7501.75,15223,ES.v.0
2026-06-30 09:00:00+00:00,34,1,42140870,7502.0,7508.25,7498.75,7506.0,8560,ES.v.0
2026-06-30 10:00:00+00:00,34,1,42140870,7506.25,7515.0,7504.0,7513.25,9351,ES.v.0
2026-06-30 11:00:00+00:00,34,1,42140870,7513.0,7517.5,7509.0,7510.5,15736,ES.v.0
2026-06-30 12:00:00+00:00,34,1,42140870,7510.75,7511.0,7491.5,7497.0,30298,ES.v.0
2026-06-30 13:00:00+00:00,34,1,42140870,7497.0,7528.0,7492.25,7526.75,144645,ES.v.0
2026-06-30 14:00:00+00:00,34,1,42140870,7526.75,7541.75,7515.5,7520.5,186568,ES.v.0
2026-06-30 15:00:00+00:00,34,1,42140870,7520.5,7547.75,7520.0,7545.75,120716,ES.v.0
2026-06-30 16:00:00+00:00,34,1,42140870,7545.5,7558.25,7545.25,7555.75,81371,ES.v.0
2026-06-30 17:00:00+00:00,34,1,42140870,7555.75,7559.25,7548.5,7552.0,64024,ES.v.0
2026-06-30 18:00:00+00:00,34,1,42140870,7552.25,7561.75,7550.5,7558.75,67698,ES.v.0
2026-06-30 19:00:00+00:00,34,1,42140870,7558.75,7567.75,7544.5,7544.75,307718,ES.v.0
2026-06-30 20:00:00+00:00,34,1,42140870,7545.0,7553.25,7538.5,7542.0,82685,ES.v.0
2026-06-30 22:00:00+00:00,34,1,42140870,7543.25,7550.75,7540.5,7543.25,9245,ES.v.0
2026-06-30 23:00:00+00:00,34,1,42140870,7543.5,7547.0,7542.0,7544.75,4211,ES.v.0
2026-07-01 00:00:00+00:00,34,1,42140870,7545.0,7549.25,7541.75,7545.0,8736,ES.v.0
2026-07-01 01:00:00+00:00,34,1,42140870,7545.0,7545.75,7531.75,7532.5,12239,ES.v.0
2026-07-01 02:00:00+00:00,34,1,42140870,7532.75,7533.25,7517.5,7529.0,14442,ES.v.0
2026-07-01 03:00:00+00:00,34,1,42140870,7529.0,7534.0,7526.25,7532.5,7078,ES.v.0
2026-07-01 04:00:00+00:00,34,1,42140870,7532.5,7534.75,7527.25,7530.5,6278,ES.v.0
2026-07-01 05:00:00+00:00,34,1,42140870,7530.25,7532.75,7526.0,7527.5,5924,ES.v.0
2026-07-01 06:00:00+00:00,34,1,42140870,7527.25,7530.0,7521.75,7524.25,12453,ES.v.0
2026-07-01 07:00:00+00:00,34,1,42140870,7524.5,7525.25,7510.5,7523.0,18429,ES.v.0
2026-07-01 08:00:00+00:00,34,1,42140870,7522.75,7529.25,7519.25,7529.0,11474,ES.v.0
2026-07-01 09:00:00+00:00,34,1,42140870,7528.75,7531.25,7522.0,7531.0,7725,ES.v.0
2026-07-01 10:00:00+00:00,34,1,42140870,7531.0,7537.5,7526.25,7536.25,11629,ES.v.0
2026-07-01 11:00:00+00:00,34,1,42140870,7536.0,7539.75,7530.0,7530.75,13108,ES.v.0
2026-07-01 12:00:00+00:00,34,1,42140870,7531.0,7538.75,7524.75,7528.5,35793,ES.v.0
2026-07-01 13:00:00+00:00,34,1,42140870,7528.5,7540.0,7505.75,7536.25,218906,ES.v.0
2026-07-01 14:00:00+00:00,34,1,42140870,7536.75,7554.5,7533.0,7553.5,181459,ES.v.0
2026-07-01 15:00:00+00:00,34,1,42140870,7553.5,7578.5,7552.5,7572.5,145612,ES.v.0
2026-07-01 16:00:00+00:00,34,1,42140870,7572.5,7579.0,7557.5,7559.75,94881,ES.v.0
2026-07-01 17:00:00+00:00,34,1,42140870,7559.75,7568.5,7554.75,7556.75,81600,ES.v.0
2026-07-01 18:00:00+00:00,34,1,42140870,7556.75,7561.5,7549.25,7553.5,78005,ES.v.0
2026-07-01 19:00:00+00:00,34,1,42140870,7553.5,7561.75,7536.5,7542.0,202896,ES.v.0
2026-07-01 20:00:00+00:00,34,1,42140870,7542.0,7543.0,7525.75,7532.75,65483,ES.v.0
2026-07-01 22:00:00+00:00,34,1,42140870,7536.0,7541.0,7531.75,7540.0,5950,ES.v.0
2026-07-01 23:00:00+00:00,34,1,42140870,7540.25,7540.5,7529.0,7534.75,4549,ES.v.0
2026-07-02 00:00:00+00:00,34,1,42140870,7534.75,7541.75,7522.75,7541.0,12662,ES.v.0
2026-07-02 01:00:00+00:00,34,1,42140870,7541.25,7556.25,7540.0,7552.75,11790,ES.v.0
2026-07-02 02:00:00+00:00,34,1,42140870,7552.75,7558.0,7551.25,7557.0,6437,ES.v.0
2026-07-02 03:00:00+00:00,34,1,42140870,7557.25,7558.0,7549.75,7554.5,6536,ES.v.0
2026-07-02 04:00:00+00:00,34,1,42140870,7554.75,7556.0,7541.25,7548.25,6265,ES.v.0
2026-07-02 05:00:00+00:00,34,1,42140870,7548.5,7555.0,7541.25,7542.75,7484,ES.v.0
2026-07-02 06:00:00+00:00,34,1,42140870,7542.75,7544.5,7526.25,7530.5,12930,ES.v.0
2026-07-02 07:00:00+00:00,34,1,42140870,7530.5,7536.75,7520.25,7531.0,16080,ES.v.0
2026-07-02 08:00:00+00:00,34,1,42140870,7531.0,7545.0,7522.5,7542.25,14533,ES.v.0
2026-07-02 09:00:00+00:00,34,1,42140870,7542.25,7542.5,7534.5,7537.25,8716,ES.v.0
2026-07-02 10:00:00+00:00,34,1,42140870,7537.25,7544.25,7531.75,7543.0,8722,ES.v.0
2026-07-02 11:00:00+00:00,34,1,42140870,7543.0,7549.5,7538.5,7543.5,11884,ES.v.0
2026-07-02 12:00:00+00:00,34,1,42140870,7543.5,7576.75,7541.0,7561.75,54820,ES.v.0
2026-07-02 13:00:00+00:00,34,1,42140870,7561.75,7593.75,7551.5,7588.75,196205,ES.v.0
2026-07-02 14:00:00+00:00,34,1,42140870,7588.75,7593.5,7540.25,7557.25,312227,ES.v.0
2026-07-02 15:00:00+00:00,34,1,42140870,7557.25,7559.0,7520.75,7526.75,252339,ES.v.0
2026-07-02 16:00:00+00:00,34,1,42140870,7527.0,7529.5,7498.0,7501.5,164321,ES.v.0
2026-07-02 17:00:00+00:00,34,1,42140870,7501.5,7503.0,7479.5,7482.0,141815,ES.v.0
2026-07-02 18:00:00+00:00,34,1,42140870,7482.25,7514.75,7480.0,7509.0,125064,ES.v.0
2026-07-02 19:00:00+00:00,34,1,42140870,7509.25,7534.0,7491.75,7526.25,226862,ES.v.0
2026-07-02 20:00:00+00:00,34,1,42140870,7526.25,7527.25,7517.75,7523.0,59085,ES.v.0
2026-07-02 22:00:00+00:00,34,1,42140870,7523.75,7536.0,7523.75,7535.5,4292,ES.v.0
2026-07-02 23:00:00+00:00,34,1,42140870,7535.25,7537.75,7529.25,7536.25,4600,ES.v.0
2026-07-03 00:00:00+00:00,34,1,42140870,7536.0,7540.25,7527.25,7529.75,7877,ES.v.0
2026-07-03 01:00:00+00:00,34,1,42140870,7530.25,7550.75,7529.5,7549.25,10700,ES.v.0
2026-07-03 02:00:00+00:00,34,1,42140870,7549.5,7553.25,7548.25,7552.75,5157,ES.v.0
2026-07-03 03:00:00+00:00,34,1,42140870,7552.5,7555.25,7548.0,7554.0,3491,ES.v.0
2026-07-03 04:00:00+00:00,34,1,42140870,7554.25,7557.25,7553.25,7554.75,3543,ES.v.0
2026-07-03 05:00:00+00:00,34,1,42140870,7554.75,7555.75,7550.5,7554.5,5179,ES.v.0
2026-07-03 06:00:00+00:00,34,1,42140870,7554.5,7565.25,7553.75,7558.25,9660,ES.v.0
2026-07-03 07:00:00+00:00,34,1,42140870,7558.25,7560.75,7551.5,7552.0,7633,ES.v.0
2026-07-03 08:00:00+00:00,34,1,42140870,7552.0,7553.5,7546.5,7547.5,5724,ES.v.0
2026-07-03 09:00:00+00:00,34,1,42140870,7547.25,7553.25,7545.75,7548.75,4850,ES.v.0
2026-07-03 10:00:00+00:00,34,1,42140870,7548.5,7554.0,7547.0,7552.0,3135,ES.v.0
2026-07-03 11:00:00+00:00,34,1,42140870,7551.75,7552.75,7546.5,7552.5,3902,ES.v.0
2026-07-03 12:00:00+00:00,34,1,42140870,7552.5,7556.5,7549.0,7552.75,5441,ES.v.0
2026-07-03 13:00:00+00:00,34,1,42140870,7552.75,7559.25,7549.25,7554.25,15986,ES.v.0
2026-07-03 14:00:00+00:00,34,1,42140870,7554.25,7561.75,7550.5,7560.25,13021,ES.v.0
2026-07-03 15:00:00+00:00,34,1,42140870,7560.25,7560.5,7554.25,7559.0,9871,ES.v.0
2026-07-03 16:00:00+00:00,34,1,42140870,7559.0,7559.0,7553.25,7557.0,5104,ES.v.0
2026-07-05 22:00:00+00:00,34,1,42140870,7562.25,7568.75,7551.5,7563.0,7499,ES.v.0
2026-07-05 23:00:00+00:00,34,1,42140870,7562.75,7570.75,7560.75,7569.75,5294,ES.v.0
2026-07-06 00:00:00+00:00,34,1,42140870,7570.0,7574.25,7557.25,7566.0,13323,ES.v.0
2026-07-06 01:00:00+00:00,34,1,42140870,7565.5,7566.25,7549.75,7553.5,9533,ES.v.0
2026-07-06 02:00:00+00:00,34,1,42140870,7553.5,7555.75,7540.5,7544.25,8869,ES.v.0
2026-07-06 03:00:00+00:00,34,1,42140870,7544.25,7548.0,7538.25,7542.25,7666,ES.v.0
2026-07-06 04:00:00+00:00,34,1,42140870,7542.0,7552.75,7539.75,7552.25,5758,ES.v.0
2026-07-06 05:00:00+00:00,34,1,42140870,7552.5,7554.5,7545.0,7550.0,6640,ES.v.0
2026-07-06 06:00:00+00:00,34,1,42140870,7550.0,7555.75,7546.25,7554.5,5490,ES.v.0
2026-07-06 07:00:00+00:00,34,1,42140870,7554.25,7563.5,7552.5,7563.0,7430,ES.v.0
2026-07-06 08:00:00+00:00,34,1,42140870,7563.0,7566.75,7556.25,7562.75,8477,ES.v.0
2026-07-06 09:00:00+00:00,34,1,42140870,7562.75,7565.5,7557.25,7565.0,6624,ES.v.0
2026-07-06 10:00:00+00:00,34,1,42140870,7565.0,7566.5,7559.25,7563.0,5595,ES.v.0
2026-07-06 11:00:00+00:00,34,1,42140870,7563.0,7565.25,7556.25,7556.5,9037,ES.v.0
2026-07-06 12:00:00+00:00,34,1,42140870,7556.5,7564.5,7555.5,7562.75,18854,ES.v.0
2026-07-06 13:00:00+00:00,34,1,42140870,7562.75,7574.0,7551.75,7564.0,137851,ES.v.0
2026-07-06 14:00:00+00:00,34,1,42140870,7564.25,7582.25,7558.5,7582.0,149536,ES.v.0
2026-07-06 15:00:00+00:00,34,1,42140870,7582.25,7589.0,7575.25,7587.5,104615,ES.v.0
2026-07-06 16:00:00+00:00,34,1,42140870,7587.5,7590.5,7582.75,7583.75,60179,ES.v.0
2026-07-06 17:00:00+00:00,34,1,42140870,7583.75,7594.75,7575.25,7580.0,92128,ES.v.0
2026-07-06 18:00:00+00:00,34,1,42140870,7580.0,7599.0,7580.0,7598.25,77843,ES.v.0
2026-07-06 19:00:00+00:00,34,1,42140870,7598.25,7602.5,7587.75,7593.5,176507,ES.v.0
2026-07-06 20:00:00+00:00,34,1,42140870,7593.75,7598.75,7591.25,7596.75,39200,ES.v.0
2026-07-06 22:00:00+00:00,34,1,42140870,7597.0,7601.25,7592.5,7594.0,4737,ES.v.0
2026-07-06 23:00:00+00:00,34,1,42140870,7593.75,7598.0,7584.25,7585.75,6137,ES.v.0
2026-07-07 00:00:00+00:00,34,1,42140870,7585.5,7595.0,7583.25,7585.0,12921,ES.v.0
2026-07-07 01:00:00+00:00,34,1,42140870,7585.25,7589.0,7579.25,7583.25,10097,ES.v.0
2026-07-07 02:00:00+00:00,34,1,42140870,7583.5,7587.25,7578.75,7579.0,6633,ES.v.0
2026-07-07 03:00:00+00:00,34,1,42140870,7579.25,7583.25,7570.75,7574.0,11229,ES.v.0
2026-07-07 04:00:00+00:00,34,1,42140870,7574.25,7575.0,7566.5,7568.5,7572,ES.v.0
2026-07-07 05:00:00+00:00,34,1,42140870,7568.75,7575.0,7563.0,7573.5,11469,ES.v.0
2026-07-07 06:00:00+00:00,34,1,42140870,7573.25,7574.5,7567.0,7573.5,8563,ES.v.0
2026-07-07 07:00:00+00:00,34,1,42140870,7573.75,7580.0,7571.25,7572.25,11036,ES.v.0
2026-07-07 08:00:00+00:00,34,1,42140870,7572.25,7582.75,7571.25,7578.75,10896,ES.v.0
2026-07-07 09:00:00+00:00,34,1,42140870,7578.75,7583.5,7576.25,7581.75,7636,ES.v.0
2026-07-07 10:00:00+00:00,34,1,42140870,7582.0,7584.5,7573.25,7577.5,12687,ES.v.0
2026-07-07 11:00:00+00:00,34,1,42140870,7577.5,7579.5,7572.0,7579.0,17315,ES.v.0
2026-07-07 12:00:00+00:00,34,1,42140870,7579.0,7587.0,7578.0,7580.75,26525,ES.v.0
2026-07-07 13:00:00+00:00,34,1,42140870,7580.75,7587.5,7560.5,7566.25,146848,ES.v.0
2026-07-07 14:00:00+00:00,34,1,42140870,7566.25,7570.0,7529.5,7542.25,233838,ES.v.0
2026-07-07 15:00:00+00:00,34,1,42140870,7542.0,7551.25,7531.25,7551.0,121042,ES.v.0
2026-07-07 16:00:00+00:00,34,1,42140870,7551.0,7568.75,7549.75,7567.5,119604,ES.v.0
2026-07-07 17:00:00+00:00,34,1,42140870,7567.25,7571.25,7561.75,7569.25,66525,ES.v.0
2026-07-07 18:00:00+00:00,34,1,42140870,7569.25,7570.5,7551.5,7552.5,90653,ES.v.0
2026-07-07 19:00:00+00:00,34,1,42140870,7552.5,7556.75,7537.0,7553.0,211804,ES.v.0
2026-07-07 20:00:00+00:00,34,1,42140870,7553.0,7554.5,7546.5,7551.75,39390,ES.v.0
2026-07-07 22:00:00+00:00,34,1,42140870,7545.0,7549.0,7537.5,7547.5,8150,ES.v.0
2026-07-07 23:00:00+00:00,34,1,42140870,7547.25,7553.25,7538.0,7539.0,6710,ES.v.0
2026-07-08 00:00:00+00:00,34,1,42140870,7538.75,7562.0,7533.25,7561.75,16809,ES.v.0
2026-07-08 01:00:00+00:00,34,1,42140870,7561.75,7563.0,7550.5,7553.0,9788,ES.v.0
2026-07-08 02:00:00+00:00,34,1,42140870,7553.25,7555.0,7546.25,7553.0,7487,ES.v.0
2026-07-08 03:00:00+00:00,34,1,42140870,7553.25,7561.5,7553.25,7554.5,5349,ES.v.0
2026-07-08 04:00:00+00:00,34,1,42140870,7554.5,7556.25,7547.0,7551.25,5914,ES.v.0
2026-07-08 05:00:00+00:00,34,1,42140870,7551.5,7554.75,7538.75,7543.5,8860,ES.v.0
2026-07-08 06:00:00+00:00,34,1,42140870,7543.75,7545.0,7532.75,7539.25,11756,ES.v.0
2026-07-08 07:00:00+00:00,34,1,42140870,7539.25,7548.0,7532.0,7541.5,13965,ES.v.0
2026-07-08 08:00:00+00:00,34,1,42140870,7541.5,7546.75,7477.5,7480.75,72285,ES.v.0
2026-07-08 09:00:00+00:00,34,1,42140870,7480.75,7483.75,7468.5,7474.5,34305,ES.v.0
2026-07-08 10:00:00+00:00,34,1,42140870,7474.75,7490.5,7469.0,7485.75,28622,ES.v.0
2026-07-08 11:00:00+00:00,34,1,42140870,7485.5,7506.5,7479.5,7498.5,35826,ES.v.0
2026-07-08 12:00:00+00:00,34,1,42140870,7498.5,7519.0,7492.5,7505.25,38676,ES.v.0
2026-07-08 13:00:00+00:00,34,1,42140870,7505.5,7524.75,7501.75,7515.75,161592,ES.v.0
2026-07-08 14:00:00+00:00,34,1,42140870,7515.75,7522.5,7484.0,7493.25,212923,ES.v.0
2026-07-08 15:00:00+00:00,34,1,42140870,7493.5,7495.25,7469.5,7481.0,176189,ES.v.0
2026-07-08 16:00:00+00:00,34,1,42140870,7481.0,7522.75,7480.75,7522.0,167074,ES.v.0
2026-07-08 17:00:00+00:00,34,1,42140870,7522.0,7536.5,7514.5,7519.5,108512,ES.v.0
2026-07-08 18:00:00+00:00,34,1,42140870,7519.25,7530.5,7515.5,7528.25,90367,ES.v.0
2026-07-08 19:00:00+00:00,34,1,42140870,7528.5,7536.5,7518.25,7526.75,157721,ES.v.0
2026-07-08 20:00:00+00:00,34,1,42140870,7526.5,7529.5,7508.0,7515.5,51132,ES.v.0
2026-07-08 22:00:00+00:00,34,1,42140870,7517.25,7523.25,7516.25,7519.0,4519,ES.v.0
2026-07-08 23:00:00+00:00,34,1,42140870,7519.0,7528.25,7516.25,7527.0,5352,ES.v.0
2026-07-09 00:00:00+00:00,34,1,42140870,7527.0,7537.0,7525.75,7532.25,13331,ES.v.0
2026-07-09 01:00:00+00:00,34,1,42140870,7532.25,7538.0,7527.75,7530.25,9390,ES.v.0
2026-07-09 02:00:00+00:00,34,1,42140870,7530.25,7543.5,7527.0,7528.5,11691,ES.v.0
2026-07-09 03:00:00+00:00,34,1,42140870,7528.75,7540.0,7525.0,7539.0,7865,ES.v.0
2026-07-09 04:00:00+00:00,34,1,42140870,7539.0,7547.0,7535.0,7546.0,5813,ES.v.0
2026-07-09 05:00:00+00:00,34,1,42140870,7546.0,7554.0,7536.0,7552.5,12730,ES.v.0
2026-07-09 06:00:00+00:00,34,1,42140870,7552.25,7553.5,7547.0,7549.75,11183,ES.v.0
2026-07-09 07:00:00+00:00,34,1,42140870,7549.75,7557.75,7548.0,7553.5,14449,ES.v.0
2026-07-09 08:00:00+00:00,34,1,42140870,7553.5,7558.0,7542.0,7545.75,13287,ES.v.0
2026-07-09 09:00:00+00:00,34,1,42140870,7545.5,7546.5,7533.25,7541.75,10165,ES.v.0
2026-07-09 10:00:00+00:00,34,1,42140870,7541.75,7544.0,7526.75,7534.5,13117,ES.v.0
2026-07-09 11:00:00+00:00,34,1,42140870,7534.5,7546.5,7531.0,7543.25,16673,ES.v.0
2026-07-09 12:00:00+00:00,34,1,42140870,7543.25,7554.5,7542.25,7544.5,22829,ES.v.0
2026-07-09 13:00:00+00:00,34,1,42140870,7544.75,7566.5,7530.25,7561.25,148992,ES.v.0
2026-07-09 14:00:00+00:00,34,1,42140870,7561.25,7564.5,7529.5,7562.0,196334,ES.v.0
2026-07-09 15:00:00+00:00,34,1,42140870,7562.0,7578.0,7560.5,7573.75,120100,ES.v.0
2026-07-09 16:00:00+00:00,34,1,42140870,7573.75,7584.25,7573.75,7579.5,65253,ES.v.0
2026-07-09 17:00:00+00:00,34,1,42140870,7579.75,7595.0,7579.5,7591.5,84610,ES.v.0
2026-07-09 18:00:00+00:00,34,1,42140870,7591.25,7594.0,7583.0,7585.0,63548,ES.v.0
2026-07-09 19:00:00+00:00,34,1,42140870,7585.25,7591.0,7581.0,7590.75,129508,ES.v.0
2026-07-09 20:00:00+00:00,34,1,42140870,7590.25,7592.0,7584.75,7586.25,36550,ES.v.0
2026-07-09 22:00:00+00:00,34,1,42140870,7587.25,7589.0,7583.75,7586.75,3811,ES.v.0
2026-07-09 23:00:00+00:00,34,1,42140870,7586.75,7591.75,7585.0,7588.5,4008,ES.v.0
2026-07-10 00:00:00+00:00,34,1,42140870,7588.5,7589.5,7574.5,7580.75,12732,ES.v.0
2026-07-10 01:00:00+00:00,34,1,42140870,7580.75,7583.75,7576.0,7580.25,9161,ES.v.0
2026-07-10 02:00:00+00:00,34,1,42140870,7580.25,7586.5,7577.0,7586.25,8240,ES.v.0
2026-07-10 03:00:00+00:00,34,1,42140870,7586.25,7588.5,7581.75,7583.25,5957,ES.v.0
2026-07-10 04:00:00+00:00,34,1,42140870,7583.25,7584.25,7577.25,7577.5,5223,ES.v.0
2026-07-10 05:00:00+00:00,34,1,42140870,7577.75,7579.75,7575.75,7576.5,7679,ES.v.0
2026-07-10 06:00:00+00:00,34,1,42140870,7576.5,7579.5,7570.5,7574.0,13659,ES.v.0
2026-07-10 07:00:00+00:00,34,1,42140870,7574.0,7579.5,7569.5,7572.25,12316,ES.v.0
2026-07-10 08:00:00+00:00,34,1,42140870,7572.0,7579.25,7569.75,7574.25,13962,ES.v.0
2026-07-10 09:00:00+00:00,34,1,42140870,7574.25,7582.5,7568.5,7581.0,10267,ES.v.0
2026-07-10 10:00:00+00:00,34,1,42140870,7581.0,7590.75,7581.0,7590.5,10585,ES.v.0
2026-07-10 11:00:00+00:00,34,1,42140870,7590.25,7592.25,7580.75,7583.25,13787,ES.v.0
2026-07-10 12:00:00+00:00,34,1,42140870,7583.5,7595.5,7577.25,7588.0,30753,ES.v.0
2026-07-10 13:00:00+00:00,34,1,42140870,7588.25,7604.5,7586.75,7601.5,113297,ES.v.0
2026-07-10 14:00:00+00:00,34,1,42140870,7601.5,7605.75,7552.75,7584.25,212620,ES.v.0
2026-07-10 15:00:00+00:00,34,1,42140870,7584.25,7606.75,7578.5,7600.25,146970,ES.v.0
2026-07-10 16:00:00+00:00,34,1,42140870,7600.25,7614.0,7600.0,7612.75,78680,ES.v.0
2026-07-10 17:00:00+00:00,34,1,42140870,7612.5,7617.0,7607.25,7612.75,52811,ES.v.0
2026-07-10 18:00:00+00:00,34,1,42140870,7612.75,7620.25,7612.0,7618.5,54810,ES.v.0
2026-07-10 19:00:00+00:00,34,1,42140870,7618.5,7627.25,7617.75,7620.75,139357,ES.v.0
2026-07-10 20:00:00+00:00,34,1,42140870,7621.0,7628.75,7618.0,7626.0,41786,ES.v.0
2026-07-12 22:00:00+00:00,34,1,42140870,7607.0,7612.0,7591.75,7600.75,18357,ES.v.0
2026-07-12 23:00:00+00:00,34,1,42140870,7600.75,7601.0,7593.0,7599.0,4723,ES.v.0
2026-07-13 00:00:00+00:00,34,1,42140870,7599.25,7615.25,7592.75,7597.0,20015,ES.v.0
2026-07-13 01:00:00+00:00,34,1,42140870,7597.0,7599.25,7588.75,7592.25,12596,ES.v.0
2026-07-13 02:00:00+00:00,34,1,42140870,7592.25,7594.25,7585.75,7586.25,7653,ES.v.0
2026-07-13 03:00:00+00:00,34,1,42140870,7586.25,7586.75,7582.25,7583.25,7359,ES.v.0
2026-07-13 04:00:00+00:00,34,1,42140870,7583.25,7583.25,7575.5,7577.5,8578,ES.v.0
2026-07-13 05:00:00+00:00,34,1,42140870,7577.25,7584.25,7566.5,7578.5,15513,ES.v.0
2026-07-13 06:00:00+00:00,34,1,42140870,7578.25,7584.75,7574.0,7584.0,11087,ES.v.0
2026-07-13 07:00:00+00:00,34,1,42140870,7584.25,7591.25,7581.5,7587.75,12840,ES.v.0
2026-07-13 08:00:00+00:00,34,1,42140870,7587.75,7599.5,7586.75,7598.5,13501,ES.v.0
2026-07-13 09:00:00+00:00,34,1,42140870,7598.5,7603.75,7594.75,7601.5,8360,ES.v.0
2026-07-13 10:00:00+00:00,34,1,42140870,7601.75,7602.5,7597.0,7598.0,9370,ES.v.0
2026-07-13 11:00:00+00:00,34,1,42140870,7597.75,7604.5,7592.0,7594.25,13828,ES.v.0
2026-07-13 12:00:00+00:00,34,1,42140870,7594.25,7598.25,7586.0,7597.0,23053,ES.v.0
2026-07-13 13:00:00+00:00,34,1,42140870,7597.0,7609.75,7590.25,7607.5,145350,ES.v.0
2026-07-13 14:00:00+00:00,34,1,42140870,7607.5,7610.5,7573.5,7598.5,218778,ES.v.0
2026-07-13 15:00:00+00:00,34,1,42140870,7598.5,7601.75,7581.75,7583.25,95213,ES.v.0
2026-07-13 16:00:00+00:00,34,1,42140870,7583.25,7589.0,7560.0,7570.25,134626,ES.v.0
2026-07-13 17:00:00+00:00,34,1,42140870,7570.25,7578.0,7563.25,7563.5,78918,ES.v.0
2026-07-13 18:00:00+00:00,34,1,42140870,7563.75,7574.0,7561.0,7567.25,89902,ES.v.0
2026-07-13 19:00:00+00:00,34,1,42140870,7567.25,7571.25,7551.0,7563.25,194827,ES.v.0
2026-07-13 20:00:00+00:00,34,1,42140870,7563.0,7563.5,7547.25,7554.25,52859,ES.v.0
2026-07-13 22:00:00+00:00,34,1,42140870,7557.0,7563.25,7551.0,7552.0,5593,ES.v.0
2026-07-13 23:00:00+00:00,34,1,42140870,7552.0,7553.5,7541.5,7553.25,7139,ES.v.0
2026-07-14 00:00:00+00:00,34,1,42140870,7553.5,7560.5,7539.75,7558.5,19755,ES.v.0
2026-07-14 01:00:00+00:00,34,1,42140870,7558.5,7560.25,7546.25,7548.25,10571,ES.v.0
2026-07-14 02:00:00+00:00,34,1,42140870,7548.5,7554.75,7539.0,7540.5,10351,ES.v.0
2026-07-14 03:00:00+00:00,34,1,42140870,7540.5,7544.75,7531.5,7544.0,12691,ES.v.0
2026-07-14 04:00:00+00:00,34,1,42140870,7544.25,7561.5,7538.5,7560.25,7816,ES.v.0
2026-07-14 05:00:00+00:00,34,1,42140870,7560.5,7573.75,7558.0,7568.25,10838,ES.v.0
2026-07-14 06:00:00+00:00,34,1,42140870,7568.0,7575.25,7559.0,7559.0,10684,ES.v.0
2026-07-14 07:00:00+00:00,34,1,42140870,7559.25,7566.0,7552.5,7559.0,12686,ES.v.0
2026-07-14 08:00:00+00:00,34,1,42140870,7559.0,7564.5,7552.5,7554.25,12332,ES.v.0
2026-07-14 09:00:00+00:00,34,1,42140870,7554.5,7564.0,7551.25,7557.5,9486,ES.v.0
2026-07-14 10:00:00+00:00,34,1,42140870,7557.75,7566.0,7553.25,7557.0,9324,ES.v.0
2026-07-14 11:00:00+00:00,34,1,42140870,7557.0,7564.25,7544.0,7555.75,24580,ES.v.0
2026-07-14 12:00:00+00:00,34,1,42140870,7555.5,7613.75,7544.75,7579.5,74802,ES.v.0
2026-07-14 13:00:00+00:00,34,1,42140870,7579.5,7588.25,7564.25,7583.5,147444,ES.v.0
2026-07-14 14:00:00+00:00,34,1,42140870,7583.5,7603.75,7556.5,7587.5,177740,ES.v.0
2026-07-14 15:00:00+00:00,34,1,42140870,7587.5,7601.5,7576.25,7579.75,136851,ES.v.0
2026-07-14 16:00:00+00:00,34,1,42140870,7580.0,7589.25,7570.0,7589.25,82424,ES.v.0
2026-07-14 17:00:00+00:00,34,1,42140870,7589.25,7596.75,7585.25,7593.25,61061,ES.v.0
2026-07-14 18:00:00+00:00,34,1,42140870,7593.5,7598.25,7587.0,7592.0,63757,ES.v.0
2026-07-14 19:00:00+00:00,34,1,42140870,7592.25,7596.0,7587.0,7590.0,124981,ES.v.0
2026-07-14 20:00:00+00:00,34,1,42140870,7590.0,7592.5,7585.75,7591.0,31191,ES.v.0
2026-07-14 22:00:00+00:00,34,1,42140870,7589.75,7592.25,7583.0,7589.0,4158,ES.v.0
2026-07-14 23:00:00+00:00,34,1,42140870,7589.0,7604.25,7587.75,7602.75,6681,ES.v.0
2026-07-15 00:00:00+00:00,34,1,42140870,7602.75,7604.5,7592.5,7601.5,10135,ES.v.0
2026-07-15 01:00:00+00:00,34,1,42140870,7601.75,7604.5,7596.0,7604.25,7303,ES.v.0
2026-07-15 02:00:00+00:00,34,1,42140870,7604.5,7607.5,7602.5,7603.25,6908,ES.v.0
2026-07-15 03:00:00+00:00,34,1,42140870,7603.25,7608.25,7601.25,7607.0,4490,ES.v.0
2026-07-15 04:00:00+00:00,34,1,42140870,7607.25,7608.5,7605.75,7608.5,3620,ES.v.0
2026-07-15 05:00:00+00:00,34,1,42140870,7608.5,7613.5,7602.5,7609.0,10042,ES.v.0
2026-07-15 06:00:00+00:00,34,1,42140870,7609.25,7611.0,7606.25,7607.75,7824,ES.v.0
2026-07-15 07:00:00+00:00,34,1,42140870,7607.5,7609.0,7593.5,7604.5,13987,ES.v.0
2026-07-15 08:00:00+00:00,34,1,42140870,7604.5,7607.25,7595.75,7606.75,12535,ES.v.0
2026-07-15 09:00:00+00:00,34,1,42140870,7606.75,7610.75,7603.75,7604.5,8167,ES.v.0
2026-07-15 10:00:00+00:00,34,1,42140870,7604.75,7606.75,7597.0,7601.5,8144,ES.v.0
2026-07-15 11:00:00+00:00,34,1,42140870,7601.0,7603.75,7598.0,7600.0,8410,ES.v.0
2026-07-15 12:00:00+00:00,34,1,42140870,7600.0,7614.75,7592.5,7611.5,28246,ES.v.0
2026-07-15 13:00:00+00:00,34,1,42140870,7611.5,7626.25,7601.25,7614.5,166746,ES.v.0
2026-07-15 14:00:00+00:00,34,1,42140870,7614.5,7626.0,7597.25,7604.75,209849,ES.v.0
2026-07-15 15:00:00+00:00,34,1,42140870,7605.0,7611.5,7592.0,7596.25,130020,ES.v.0
2026-07-15 16:00:00+00:00,34,1,42140870,7596.25,7598.0,7571.75,7586.75,152878,ES.v.0
2026-07-15 17:00:00+00:00,34,1,42140870,7587.0,7616.25,7586.0,7612.5,115283,ES.v.0
2026-07-15 18:00:00+00:00,34,1,42140870,7612.5,7619.75,7601.0,7602.0,100573,ES.v.0
2026-07-15 19:00:00+00:00,34,1,42140870,7602.0,7618.0,7600.5,7617.0,169786,ES.v.0
2026-07-15 20:00:00+00:00,34,1,42140870,7617.0,7619.75,7608.75,7616.0,40375,ES.v.0
2026-07-15 22:00:00+00:00,34,1,42140870,7615.0,7622.25,7613.25,7618.25,5949,ES.v.0
2026-07-15 23:00:00+00:00,34,1,42140870,7618.25,7622.0,7615.5,7616.25,3315,ES.v.0
2026-07-16 00:00:00+00:00,34,1,42140870,7616.25,7627.75,7614.25,7616.5,11802,ES.v.0
2026-07-16 01:00:00+00:00,34,1,42140870,7616.75,7619.0,7610.25,7614.5,9212,ES.v.0
2026-07-16 02:00:00+00:00,34,1,42140870,7614.75,7623.5,7611.0,7622.75,8080,ES.v.0
2026-07-16 03:00:00+00:00,34,1,42140870,7622.75,7625.25,7621.0,7624.5,5404,ES.v.0
2026-07-16 04:00:00+00:00,34,1,42140870,7624.5,7626.5,7620.5,7621.75,4228,ES.v.0
2026-07-16 05:00:00+00:00,34,1,42140870,7622.0,7632.0,7615.5,7617.0,11513,ES.v.0
2026-07-16 06:00:00+00:00,34,1,42140870,7617.25,7625.0,7611.0,7618.25,12247,ES.v.0
2026-07-16 07:00:00+00:00,34,1,42140870,7618.25,7618.75,7600.0,7601.75,13668,ES.v.0
2026-07-16 08:00:00+00:00,34,1,42140870,7601.75,7610.0,7593.5,7609.5,15325,ES.v.0
2026-07-16 09:00:00+00:00,34,1,42140870,7609.75,7615.5,7605.0,7605.0,11075,ES.v.0
2026-07-16 10:00:00+00:00,34,1,42140870,7605.25,7607.75,7600.75,7603.0,9946,ES.v.0
2026-07-16 11:00:00+00:00,34,1,42140870,7602.75,7603.5,7580.75,7597.25,24988,ES.v.0
2026-07-16 12:00:00+00:00,34,1,42140870,7597.0,7599.0,7580.5,7586.5,32357,ES.v.0
2026-07-16 13:00:00+00:00,34,1,42140870,7586.75,7604.25,7575.5,7588.0,165047,ES.v.0
2026-07-16 14:00:00+00:00,34,1,42140870,7587.75,7615.0,7585.25,7611.25,182290,ES.v.0
2026-07-16 15:00:00+00:00,34,1,42140870,7611.0,7613.5,7598.75,7605.0,139787,ES.v.0
2026-07-16 16:00:00+00:00,34,1,42140870,7605.0,7605.5,7583.0,7598.25,126070,ES.v.0
2026-07-16 17:00:00+00:00,34,1,42140870,7598.25,7598.75,7579.5,7582.25,83346,ES.v.0
2026-07-16 18:00:00+00:00,34,1,42140870,7582.25,7586.5,7568.0,7571.5,107953,ES.v.0
2026-07-16 19:00:00+00:00,34,1,42140870,7571.25,7579.5,7548.25,7577.0,211769,ES.v.0
2026-07-16 20:00:00+00:00,34,1,42140870,7577.0,7578.0,7566.25,7569.25,44275,ES.v.0
2026-07-16 22:00:00+00:00,34,1,42140870,7572.75,7575.0,7563.75,7565.75,6813,ES.v.0
2026-07-16 23:00:00+00:00,34,1,42140870,7566.0,7567.0,7557.0,7560.5,5926,ES.v.0
2026-07-17 00:00:00+00:00,34,1,42140870,7560.25,7563.5,7546.0,7552.25,13144,ES.v.0
2026-07-17 01:00:00+00:00,34,1,42140870,7552.25,7556.0,7535.5,7538.0,14507,ES.v.0
2026-07-17 02:00:00+00:00,34,1,42140870,7538.25,7539.5,7525.5,7530.0,10787,ES.v.0
2026-07-17 03:00:00+00:00,34,1,42140870,7530.25,7541.5,7524.25,7524.25,10548,ES.v.0
2026-07-17 04:00:00+00:00,34,1,42140870,7524.5,7524.75,7507.75,7513.75,15916,ES.v.0
2026-07-17 05:00:00+00:00,34,1,42140870,7513.75,7516.0,7503.0,7511.25,13598,ES.v.0
2026-07-17 06:00:00+00:00,34,1,42140870,7511.0,7523.5,7509.0,7512.0,16233,ES.v.0
2026-07-17 07:00:00+00:00,34,1,42140870,7512.25,7519.0,7510.0,7511.75,19039,ES.v.0
2026-07-17 08:00:00+00:00,34,1,42140870,7511.75,7516.75,7491.25,7499.5,36359,ES.v.0
2026-07-17 09:00:00+00:00,34,1,42140870,7499.5,7510.5,7496.75,7510.25,18777,ES.v.0
2026-07-17 10:00:00+00:00,34,1,42140870,7510.25,7522.0,7507.0,7518.25,23086,ES.v.0
2026-07-17 11:00:00+00:00,34,1,42140870,7518.25,7522.0,7509.25,7519.0,19174,ES.v.0
2026-07-17 12:00:00+00:00,34,1,42140870,7518.75,7519.5,7502.5,7504.25,25409,ES.v.0
2026-07-17 13:00:00+00:00,34,1,42140870,7504.5,7514.0,7473.0,7513.75,243658,ES.v.0
2026-07-17 14:00:00+00:00,34,1,42140870,7513.75,7539.0,7512.5,7516.25,269081,ES.v.0
2026-07-17 15:00:00+00:00,34,1,42140870,7516.25,7536.5,7504.75,7534.25,190289,ES.v.0
2026-07-17 16:00:00+00:00,34,1,42140870,7534.25,7538.5,7513.5,7529.25,145997,ES.v.0
2026-07-17 17:00:00+00:00,34,1,42140870,7529.0,7538.0,7508.75,7510.75,92837,ES.v.0
2026-07-17 18:00:00+00:00,34,1,42140870,7511.0,7516.75,7495.75,7508.5,113058,ES.v.0
2026-07-17 19:00:00+00:00,34,1,42140870,7508.75,7510.0,7486.25,7497.0,227224,ES.v.0
2026-07-17 20:00:00+00:00,34,1,42140870,7496.75,7497.75,7484.0,7494.75,65117,ES.v.0
2026-07-19 22:00:00+00:00,34,1,42140870,7485.0,7502.5,7482.0,7495.75,15249,ES.v.0
2026-07-19 23:00:00+00:00,34,1,42140870,7496.0,7505.25,7491.25,7504.0,7627,ES.v.0
2026-07-20 00:00:00+00:00,34,1,42140870,7504.5,7517.5,7496.75,7503.25,14453,ES.v.0
2026-07-20 01:00:00+00:00,34,1,42140870,7503.5,7511.75,7490.0,7494.75,11901,ES.v.0
2026-07-20 02:00:00+00:00,34,1,42140870,7494.75,7511.0,7493.75,7505.5,9293,ES.v.0
2026-07-20 03:00:00+00:00,34,1,42140870,7505.5,7510.25,7501.25,7505.5,5726,ES.v.0
2026-07-20 04:00:00+00:00,34,1,42140870,7505.75,7515.0,7499.0,7509.25,6091,ES.v.0
2026-07-20 05:00:00+00:00,34,1,42140870,7509.5,7510.25,7494.0,7496.0,6822,ES.v.0
2026-07-20 06:00:00+00:00,34,1,42140870,7496.25,7499.75,7491.0,7497.0,8162,ES.v.0
2026-07-20 07:00:00+00:00,34,1,42140870,7497.25,7519.5,7496.75,7516.0,20758,ES.v.0
2026-07-20 08:00:00+00:00,34,1,42140870,7516.0,7521.75,7512.0,7514.25,13786,ES.v.0
2026-07-20 09:00:00+00:00,34,1,42140870,7514.25,7527.75,7510.5,7521.75,11315,ES.v.0
2026-07-20 10:00:00+00:00,34,1,42140870,7521.75,7524.25,7516.0,7522.0,10363,ES.v.0
2026-07-20 11:00:00+00:00,34,1,42140870,7522.0,7545.25,7520.75,7535.5,43193,ES.v.0
2026-07-20 12:00:00+00:00,34,1,42140870,7535.5,7536.0,7521.0,7527.25,38509,ES.v.0
2026-07-20 13:00:00+00:00,34,1,42140870,7527.25,7552.0,7519.0,7520.5,175025,ES.v.0
2026-07-20 14:00:00+00:00,34,1,42140870,7520.75,7527.5,7500.75,7505.25,189423,ES.v.0
2026-07-20 15:00:00+00:00,34,1,42140870,7505.0,7528.25,7502.0,7523.5,132809,ES.v.0
2026-07-20 16:00:00+00:00,34,1,42140870,7523.75,7534.0,7508.25,7513.75,123912,ES.v.0
2026-07-20 17:00:00+00:00,34,1,42140870,7513.75,7515.75,7499.25,7509.0,88166,ES.v.0
2026-07-20 18:00:00+00:00,34,1,42140870,7509.25,7517.75,7487.75,7490.5,110688,ES.v.0
2026-07-20 19:00:00+00:00,34,1,42140870,7490.25,7497.25,7478.0,7486.0,209384,ES.v.0
2026-07-20 20:00:00+00:00,34,1,42140870,7486.0,7493.25,7476.75,7483.25,44279,ES.v.0
2026-07-20 22:00:00+00:00,34,1,42140870,7484.0,7485.75,7473.0,7475.5,6393,ES.v.0
2026-07-20 23:00:00+00:00,34,1,42140870,7475.5,7491.0,7474.5,7485.25,6208,ES.v.0
2026-07-21 00:00:00+00:00,34,1,42140870,7485.0,7495.75,7473.75,7492.25,14216,ES.v.0
2026-07-21 01:00:00+00:00,34,1,42140870,7492.25,7499.25,7489.5,7492.5,10569,ES.v.0
2026-07-21 02:00:00+00:00,34,1,42140870,7493.0,7501.75,7488.75,7501.75,8022,ES.v.0
2026-07-21 03:00:00+00:00,34,1,42140870,7501.5,7513.0,7501.5,7512.75,9032,ES.v.0
2026-07-21 04:00:00+00:00,34,1,42140870,7512.75,7516.75,7512.5,7514.25,6356,ES.v.0
2026-07-21 05:00:00+00:00,34,1,42140870,7514.25,7523.75,7510.0,7520.75,7179,ES.v.0
2026-07-21 06:00:00+00:00,34,1,42140870,7520.75,7530.25,7518.0,7523.75,10795,ES.v.0
2026-07-21 07:00:00+00:00,34,1,42140870,7524.0,7528.0,7514.0,7517.75,16151,ES.v.0
2026-07-21 08:00:00+00:00,34,1,42140870,7517.75,7525.75,7516.0,7523.25,9903,ES.v.0
2026-07-21 09:00:00+00:00,34,1,42140870,7523.25,7528.25,7521.25,7522.5,8635,ES.v.0
2026-07-21 10:00:00+00:00,34,1,42140870,7522.75,7530.25,7519.5,7522.0,17696,ES.v.0
2026-07-21 11:00:00+00:00,34,1,42140870,7522.25,7523.5,7511.0,7515.0,13288,ES.v.0
2026-07-21 12:00:00+00:00,34,1,42140870,7515.0,7522.0,7505.25,7515.5,25180,ES.v.0
2026-07-21 13:00:00+00:00,34,1,42140870,7515.75,7530.25,7504.5,7516.5,159227,ES.v.0
2026-07-21 14:00:00+00:00,34,1,42140870,7516.75,7536.5,7510.75,7531.25,184062,ES.v.0
2026-07-21 15:00:00+00:00,34,1,42140870,7531.0,7544.0,7521.5,7538.75,118496,ES.v.0
2026-07-21 16:00:00+00:00,34,1,42140870,7538.5,7554.0,7538.25,7550.5,68052,ES.v.0
2026-07-21 17:00:00+00:00,34,1,42140870,7550.25,7552.5,7545.25,7549.25,52367,ES.v.0
2026-07-21 18:00:00+00:00,34,1,42140870,7549.0,7550.75,7542.25,7547.0,57844,ES.v.0
2026-07-21 19:00:00+00:00,34,1,42140870,7546.75,7549.5,7543.5,7545.75,136656,ES.v.0
2026-07-21 20:00:00+00:00,34,1,42140870,7545.5,7547.0,7540.75,7542.75,37371,ES.v.0
2026-07-21 22:00:00+00:00,34,1,42140870,7545.0,7545.5,7538.25,7540.5,4497,ES.v.0
2026-07-21 23:00:00+00:00,34,1,42140870,7540.5,7544.0,7539.5,7543.25,3276,ES.v.0
2026-07-22 00:00:00+00:00,34,1,42140870,7543.0,7547.0,7537.5,7542.0,7919,ES.v.0
2026-07-22 01:00:00+00:00,34,1,42140870,7542.0,7544.5,7534.25,7541.0,6963,ES.v.0
2026-07-22 02:00:00+00:00,34,1,42140870,7541.0,7543.0,7536.0,7541.25,5205,ES.v.0
2026-07-22 03:00:00+00:00,34,1,42140870,7541.0,7544.75,7534.25,7535.5,6111,ES.v.0
2026-07-22 04:00:00+00:00,34,1,42140870,7535.5,7539.25,7534.25,7538.25,3204,ES.v.0
2026-07-22 05:00:00+00:00,34,1,42140870,7538.5,7538.75,7532.0,7536.25,5316,ES.v.0
2026-07-22 06:00:00+00:00,34,1,42140870,7536.25,7536.5,7521.0,7522.75,13431,ES.v.0
2026-07-22 07:00:00+00:00,34,1,42140870,7522.5,7527.25,7512.0,7516.0,20045,ES.v.0
2026-07-22 08:00:00+00:00,34,1,42140870,7516.25,7526.5,7514.75,7525.0,13117,ES.v.0
2026-07-22 09:00:00+00:00,34,1,42140870,7525.25,7531.75,7520.25,7526.25,13229,ES.v.0
2026-07-22 10:00:00+00:00,34,1,42140870,7526.25,7533.0,7524.5,7530.0,11159,ES.v.0
2026-07-22 11:00:00+00:00,34,1,42140870,7530.0,7530.25,7511.5,7517.25,20470,ES.v.0
2026-07-22 12:00:00+00:00,34,1,42140870,7517.5,7523.25,7504.0,7514.75,30205,ES.v.0
2026-07-22 13:00:00+00:00,34,1,42140870,7514.75,7550.0,7514.75,7549.75,126628,ES.v.0
2026-07-22 14:00:00+00:00,34,1,42140870,7550.0,7556.25,7528.75,7541.75,166081,ES.v.0
2026-07-22 15:00:00+00:00,34,1,42140870,7542.0,7560.75,7541.25,7560.0,111632,ES.v.0
2026-07-22 16:00:00+00:00,34,1,42140870,7560.25,7563.5,7557.25,7561.0,53996,ES.v.0
2026-07-22 17:00:00+00:00,34,1,42140870,7561.0,7562.5,7546.0,7547.5,62531,ES.v.0
2026-07-22 18:00:00+00:00,34,1,42140870,7547.75,7549.75,7542.25,7546.75,74743,ES.v.0
2026-07-22 19:00:00+00:00,34,1,42140870,7547.0,7547.25,7535.75,7536.5,151123,ES.v.0
2026-07-22 20:00:00+00:00,34,1,42140870,7536.75,7554.0,7531.75,7541.0,65790,ES.v.0
2026-07-22 22:00:00+00:00,34,1,42140870,7530.25,7536.0,7515.75,7522.5,14802,ES.v.0
2026-07-22 23:00:00+00:00,34,1,42140870,7522.5,7530.5,7517.0,7530.25,6466,ES.v.0
2026-07-23 00:00:00+00:00,34,1,42140870,7530.5,7549.25,7527.75,7546.5,13290,ES.v.0
2026-07-23 01:00:00+00:00,34,1,42140870,7546.5,7549.5,7538.25,7538.75,10666,ES.v.0
2026-07-23 02:00:00+00:00,34,1,42140870,7538.75,7541.75,7526.5,7530.75,8647,ES.v.0
2026-07-23 03:00:00+00:00,34,1,42140870,7531.0,7531.25,7520.75,7527.0,6476,ES.v.0
2026-07-23 04:00:00+00:00,34,1,42140870,7527.0,7533.75,7521.25,7527.25,4982,ES.v.0
2026-07-23 05:00:00+00:00,34,1,42140870,7527.5,7535.5,7521.5,7522.75,5269,ES.v.0
2026-07-23 06:00:00+00:00,34,1,42140870,7522.5,7526.5,7519.25,7519.75,9411,ES.v.0
2026-07-23 07:00:00+00:00,34,1,42140870,7519.75,7520.5,7495.25,7504.5,25595,ES.v.0
2026-07-23 08:00:00+00:00,34,1,42140870,7504.25,7519.5,7498.75,7518.75,15218,ES.v.0
2026-07-23 09:00:00+00:00,34,1,42140870,7518.75,7526.0,7509.25,7511.25,11773,ES.v.0
2026-07-23 10:00:00+00:00,34,1,42140870,7511.25,7524.25,7508.5,7520.5,11118,ES.v.0
2026-07-23 11:00:00+00:00,34,1,42140870,7520.25,7521.75,7490.0,7500.0,30890,ES.v.0
2026-07-23 12:00:00+00:00,34,1,42140870,7500.0,7501.5,7462.0,7466.0,63646,ES.v.0
2026-07-23 13:00:00+00:00,34,1,42140870,7465.75,7486.25,7445.0,7455.75,235544,ES.v.0
2026-07-23 14:00:00+00:00,34,1,42140870,7455.75,7469.75,7440.0,7443.5,248403,ES.v.0
2026-07-23 15:00:00+00:00,34,1,42140870,7443.75,7445.0,7411.75,7438.25,232843,ES.v.0
2026-07-23 16:00:00+00:00,34,1,42140870,7438.25,7457.5,7435.25,7446.75,149907,ES.v.0
2026-07-23 17:00:00+00:00,34,1,42140870,7446.75,7452.25,7431.75,7432.0,107389,ES.v.0
2026-07-23 18:00:00+00:00,34,1,42140870,7431.75,7437.5,7426.75,7431.25,86101,ES.v.0
2026-07-23 19:00:00+00:00,34,1,42140870,7431.25,7447.75,7418.5,7444.0,207236,ES.v.0
2026-07-23 20:00:00+00:00,34,1,42140870,7444.0,7458.25,7443.5,7455.75,56274,ES.v.0
2026-07-23 22:00:00+00:00,34,1,42140870,7450.5,7454.0,7442.75,7453.25,6246,ES.v.0
2026-07-23 23:00:00+00:00,34,1,42140870,7453.25,7453.75,7444.5,7449.0,5662,ES.v.0
2026-07-24 00:00:00+00:00,34,1,42140870,7449.25,7457.0,7443.5,7454.25,15049,ES.v.0
2026-07-24 01:00:00+00:00,34,1,42140870,7454.5,7459.25,7450.25,7451.0,8477,ES.v.0
2026-07-24 02:00:00+00:00,34,1,42140870,7451.0,7453.25,7439.25,7439.5,7510,ES.v.0
2026-07-24 03:00:00+00:00,34,1,42140870,7439.5,7444.0,7436.75,7437.25,6844,ES.v.0
2026-07-24 04:00:00+00:00,34,1,42140870,7437.5,7444.75,7435.25,7443.5,5252,ES.v.0
2026-07-24 05:00:00+00:00,34,1,42140870,7443.25,7450.5,7441.5,7442.0,6753,ES.v.0
2026-07-24 06:00:00+00:00,34,1,42140870,7442.25,7447.25,7433.75,7442.5,9134,ES.v.0
2026-07-24 07:00:00+00:00,34,1,42140870,7442.75,7463.25,7442.0,7456.5,15379,ES.v.0
2026-07-24 08:00:00+00:00,34,1,42140870,7456.75,7462.0,7449.25,7457.25,11202,ES.v.0
2026-07-24 09:00:00+00:00,34,1,42140870,7457.5,7467.5,7456.25,7465.75,12216,ES.v.0
2026-07-24 10:00:00+00:00,34,1,42140870,7465.75,7467.0,7457.75,7458.5,9144,ES.v.0
2026-07-24 11:00:00+00:00,34,1,42140870,7458.5,7469.0,7453.0,7465.0,18560,ES.v.0
2026-07-24 12:00:00+00:00,34,1,42140870,7465.0,7467.75,7449.0,7450.25,28224,ES.v.0
2026-07-24 13:00:00+00:00,34,1,42140870,7450.0,7457.25,7432.5,7433.5,158005,ES.v.0
2026-07-24 14:00:00+00:00,34,1,42140870,7433.75,7466.5,7431.5,7465.0,234304,ES.v.0
2026-07-24 15:00:00+00:00,34,1,42140870,7464.75,7492.0,7454.75,7489.75,216034,ES.v.0
2026-07-24 16:00:00+00:00,34,1,42140870,7489.75,7496.5,7466.25,7473.5,133600,ES.v.0
2026-07-24 17:00:00+00:00,34,1,42140870,7473.75,7481.0,7461.0,7469.0,94834,ES.v.0
2026-07-24 18:00:00+00:00,34,1,42140870,7469.0,7472.25,7435.5,7443.25,126122,ES.v.0
2026-07-24 19:00:00+00:00,34,1,42140870,7443.25,7451.0,7432.0,7447.75,199817,ES.v.0
2026-07-24 20:00:00+00:00,34,1,42140870,7448.0,7450.0,7439.25,7444.0,44841,ES.v.0
2026-07-26 22:00:00+00:00,34,1,42140870,7490.0,7509.5,7486.0,7491.75,15392,ES.v.0
2026-07-26 23:00:00+00:00,34,1,42140870,7492.0,7512.0,7491.0,7511.0,11372,ES.v.0
2026-07-27 00:00:00+00:00,34,1,42140870,7511.0,7512.0,7492.5,7492.75,16705,ES.v.0
2026-07-27 01:00:00+00:00,34,1,42140870,7492.5,7499.25,7487.0,7498.0,12526,ES.v.0
2026-07-27 02:00:00+00:00,34,1,42140870,7498.25,7502.5,7495.75,7499.25,7046,ES.v.0
2026-07-27 03:00:00+00:00,34,1,42140870,7499.25,7503.5,7498.0,7499.5,4665,ES.v.0
2026-07-27 04:00:00+00:00,34,1,42140870,7499.5,7507.0,7498.75,7504.75,5259,ES.v.0
2026-07-27 05:00:00+00:00,34,1,42140870,7504.75,7517.0,7504.25,7514.5,8670,ES.v.0
2026-07-27 06:00:00+00:00,34,1,42140870,7514.5,7520.0,7510.75,7511.75,13199,ES.v.0
2026-07-27 07:00:00+00:00,34,1,42140870,7511.75,7517.25,7505.75,7505.75,15491,ES.v.0
2026-07-27 08:00:00+00:00,34,1,42140870,7505.75,7520.0,7505.5,7519.25,14962,ES.v.0
2026-07-27 09:00:00+00:00,34,1,42140870,7519.25,7524.75,7516.5,7522.25,11390,ES.v.0
2026-07-27 10:00:00+00:00,34,1,42140870,7522.25,7524.25,7518.5,7521.75,9523,ES.v.0
2026-07-27 11:00:00+00:00,34,1,42140870,7521.75,7522.0,7507.75,7511.75,18105,ES.v.0
2026-07-27 12:00:00+00:00,34,1,42140870,7511.75,7515.25,7504.5,7513.25,23760,ES.v.0
2026-07-27 13:00:00+00:00,34,1,42140870,7513.5,7515.25,7473.75,7474.0,168221,ES.v.0
2026-07-27 14:00:00+00:00,34,1,42140870,7474.0,7479.25,7423.0,7455.5,301157,ES.v.0
2026-07-27 15:00:00+00:00,34,1,42140870,7455.75,7461.75,7421.25,7433.0,178756,ES.v.0
2026-07-27 16:00:00+00:00,34,1,42140870,7433.0,7455.25,7424.25,7428.0,149651,ES.v.0
2026-07-27 17:00:00+00:00,34,1,42140870,7428.25,7436.5,7416.25,7436.0,101283,ES.v.0
2026-07-27 18:00:00+00:00,34,1,42140870,7436.25,7450.5,7424.0,7448.75,110256,ES.v.0
2026-07-27 19:00:00+00:00,34,1,42140870,7448.75,7456.75,7442.75,7449.25,165404,ES.v.0
2026-07-27 20:00:00+00:00,34,1,42140870,7449.25,7456.5,7445.0,7453.5,35666,ES.v.0
2026-07-27 22:00:00+00:00,34,1,42140870,7453.0,7456.0,7444.0,7444.5,5181,ES.v.0
2026-07-27 23:00:00+00:00,34,1,42140870,7444.5,7450.0,7440.0,7447.75,5213,ES.v.0
2026-07-28 00:00:00+00:00,34,1,42140870,7448.25,7452.0,7434.25,7437.75,12379,ES.v.0
2026-07-28 01:00:00+00:00,34,1,42140870,7437.5,7443.5,7425.0,7434.25,13381,ES.v.0
2026-07-28 02:00:00+00:00,34,1,42140870,7434.5,7435.75,7426.75,7430.5,8140,ES.v.0
2026-07-28 03:00:00+00:00,34,1,42140870,7430.5,7442.0,7424.0,7440.5,11050,ES.v.0
2026-07-28 04:00:00+00:00,34,1,42140870,7440.5,7440.5,7426.0,7427.25,7610,ES.v.0
2026-07-28 05:00:00+00:00,34,1,42140870,7427.5,7431.5,7419.0,7420.75,8328,ES.v.0
2026-07-28 06:00:00+00:00,34,1,42140870,7421.25,7431.5,7419.5,7429.75,14119,ES.v.0
2026-07-28 07:00:00+00:00,34,1,42140870,7429.75,7438.5,7429.0,7433.25,15093,ES.v.0
2026-07-28 08:00:00+00:00,34,1,42140870,7433.5,7449.0,7425.25,7442.0,20921,ES.v.0
2026-07-28 09:00:00+00:00,34,1,42140870,7441.75,7445.75,7438.0,7439.75,8583,ES.v.0
2026-07-28 10:00:00+00:00,34,1,42140870,7439.5,7444.25,7433.75,7442.25,14585,ES.v.0
2026-07-28 11:00:00+00:00,34,1,42140870,7442.25,7452.5,7432.5,7450.75,33601,ES.v.0
2026-07-28 12:00:00+00:00,34,1,42140870,7450.75,7467.0,7448.25,7456.5,33946,ES.v.0
2026-07-28 13:00:00+00:00,34,1,42140870,7456.5,7462.25,7417.0,7422.0,192945,ES.v.0
2026-07-28 14:00:00+00:00,34,1,42140870,7421.75,7456.0,7420.0,7444.0,204335,ES.v.0
2026-07-28 15:00:00+00:00,34,1,42140870,7444.25,7482.25,7437.5,7479.5,188863,ES.v.0
2026-07-28 16:00:00+00:00,34,1,42140870,7479.75,7485.75,7466.75,7484.0,107476,ES.v.0
2026-07-28 17:00:00+00:00,34,1,42140870,7484.0,7485.5,7462.75,7469.5,106051,ES.v.0
2026-07-28 18:00:00+00:00,34,1,42140870,7469.75,7474.0,7462.0,7472.25,82802,ES.v.0
2026-07-28 19:00:00+00:00,34,1,42140870,7472.25,7477.5,7462.5,7466.0,164108,ES.v.0
2026-07-28 20:00:00+00:00,34,1,42140870,7466.0,7474.0,7458.25,7467.5,46636,ES.v.0
2026-07-28 22:00:00+00:00,34,1,42140870,7464.0,7474.0,7450.5,7451.75,17353,ES.v.0
2026-07-28 23:00:00+00:00,34,1,42140870,7452.0,7495.25,7449.25,7494.75,27929,ES.v.0
2026-07-29 00:00:00+00:00,34,1,42140870,7494.75,7501.0,7485.25,7486.75,21913,ES.v.0
2026-07-29 01:00:00+00:00,34,1,42140870,7486.75,7489.25,7455.0,7455.5,22218,ES.v.0
2026-07-29 02:00:00+00:00,34,1,42140870,7455.25,7468.75,7453.25,7463.25,12745,ES.v.0
2026-07-29 03:00:00+00:00,34,1,42140870,7463.25,7468.0,7445.0,7447.25,11816,ES.v.0
2026-07-29 04:00:00+00:00,34,1,42140870,7447.75,7450.5,7438.5,7450.5,13278,ES.v.0
2026-07-29 05:00:00+00:00,34,1,42140870,7450.75,7462.75,7448.5,7457.75,9903,ES.v.0
2026-07-29 06:00:00+00:00,34,1,42140870,7457.5,7480.0,7451.25,7478.75,14646,ES.v.0
2026-07-29 07:00:00+00:00,34,1,42140870,7478.75,7485.0,7474.75,7481.25,17361,ES.v.0
2026-07-29 08:00:00+00:00,34,1,42140870,7481.25,7486.0,7469.0,7480.75,18036,ES.v.0
2026-07-29 09:00:00+00:00,34,1,42140870,7481.0,7492.0,7477.5,7485.75,14057,ES.v.0
2026-07-29 10:00:00+00:00,34,1,42140870,7485.75,7488.5,7476.0,7477.5,13244,ES.v.0
2026-07-29 11:00:00+00:00,34,1,42140870,7478.0,7484.75,7476.25,7480.75,13207,ES.v.0
2026-07-29 12:00:00+00:00,34,1,42140870,7480.75,7481.5,7455.5,7463.5,32519,ES.v.0
2026-07-29 13:00:00+00:00,34,1,42140870,7463.5,7464.75,7422.0,7430.0,183483,ES.v.0
2026-07-29 14:00:00+00:00,34,1,42140870,7430.0,7439.75,7393.0,7403.75,259298,ES.v.0
2026-07-29 15:00:00+00:00,34,1,42140870,7403.75,7412.5,7385.75,7393.0,151060,ES.v.0
2026-07-29 16:00:00+00:00,34,1,42140870,7393.25,7404.5,7371.75,7404.5,141566,ES.v.0
2026-07-29 17:00:00+00:00,34,1,42140870,7404.25,7428.25,7402.75,7419.5,134672,ES.v.0
2026-07-29 18:00:00+00:00,34,1,42140870,7419.75,7482.75,7414.75,7475.25,253872,ES.v.0
2026-07-29 19:00:00+00:00,34,1,42140870,7475.25,7482.0,7345.75,7350.25,445394,ES.v.0
2026-07-29 20:00:00+00:00,34,1,42140870,7350.25,7358.0,7324.0,7335.25,111962,ES.v.0
2026-07-29 22:00:00+00:00,34,1,42140870,7338.0,7376.5,7331.0,7370.0,26111,ES.v.0
2026-07-29 23:00:00+00:00,34,1,42140870,7370.0,7382.75,7369.5,7378.25,13873,ES.v.0
2026-07-30 00:00:00+00:00,34,1,42140870,7378.5,7387.75,7368.0,7375.75,23892,ES.v.0
2026-07-30 01:00:00+00:00,34,1,42140870,7376.25,7392.25,7374.25,7388.75,17686,ES.v.0
2026-07-30 02:00:00+00:00,34,1,42140870,7389.0,7392.75,7377.5,7378.25,10056,ES.v.0
2026-07-30 03:00:00+00:00,34,1,42140870,7378.25,7384.0,7369.5,7375.0,10310,ES.v.0
2026-07-30 04:00:00+00:00,34,1,42140870,7375.0,7379.25,7366.25,7367.5,7959,ES.v.0
2026-07-30 05:00:00+00:00,34,1,42140870,7367.75,7377.0,7361.75,7368.5,12024,ES.v.0
2026-07-30 06:00:00+00:00,34,1,42140870,7368.5,7369.25,7358.5,7363.75,14857,ES.v.0
2026-07-30 07:00:00+00:00,34,1,42140870,7364.0,7382.25,7354.25,7359.5,34698,ES.v.0
2026-07-30 08:00:00+00:00,34,1,42140870,7359.5,7378.75,7351.5,7372.75,21437,ES.v.0
2026-07-30 09:00:00+00:00,34,1,42140870,7372.5,7388.0,7371.25,7374.5,15758,ES.v.0
2026-07-30 10:00:00+00:00,34,1,42140870,7374.5,7392.5,7371.5,7385.0,18138,ES.v.0
2026-07-30 11:00:00+00:00,34,1,42140870,7385.25,7402.0,7385.25,7399.75,20948,ES.v.0
2026-07-30 12:00:00+00:00,34,1,42140870,7399.5,7406.0,7392.75,7398.75,38921,ES.v.0
2026-07-30 13:00:00+00:00,34,1,42140870,7398.75,7440.0,7397.75,7439.75,233116,ES.v.0
2026-07-30 14:00:00+00:00,34,1,42140870,7439.5,7446.5,7408.75,7415.25,273594,ES.v.0
2026-07-30 15:00:00+00:00,34,1,42140870,7415.25,7430.0,7399.0,7424.5,227970,ES.v.0
2026-07-30 16:00:00+00:00,34,1,42140870,7424.5,7445.75,7421.75,7443.75,145756,ES.v.0
2026-07-30 17:00:00+00:00,34,1,42140870,7443.75,7457.75,7443.75,7451.5,92284,ES.v.0
2026-07-30 18:00:00+00:00,34,1,42140870,7451.75,7462.5,7450.5,7461.5,72810,ES.v.0
2026-07-30 19:00:00+00:00,34,1,42140870,7461.5,7478.5,7461.25,7472.75,213790,ES.v.0
2026-07-30 20:00:00+00:00,34,1,42140870,7473.0,7498.0,7468.0,7474.5,81257,ES.v.0
2026-07-30 22:00:00+00:00,34,1,42140870,7479.5,7485.5,7468.25,7484.5,10551,ES.v.0
2026-07-30 23:00:00+00:00,34,1,42140870,7484.5,7491.5,7480.25,7487.75,6898,ES.v.0
2026-07-31 00:00:00+00:00,34,1,42140870,7487.75,7498.0,7484.75,7495.0,12163,ES.v.0
2026-07-31 01:00:00+00:00,34,1,42140870,7495.0,7504.5,7494.25,7497.75,13355,ES.v.0
2026-07-31 02:00:00+00:00,34,1,42140870,7497.75,7500.5,7488.5,7493.0,8282,ES.v.0
2026-07-31 03:00:00+00:00,34,1,42140870,7492.75,7498.75,7488.25,7497.25,7553,ES.v.0
2026-07-31 04:00:00+00:00,34,1,42140870,7496.75,7509.25,7492.5,7508.75,6533,ES.v.0
2026-07-31 05:00:00+00:00,34,1,42140870,7508.75,7510.75,7505.5,7508.25,7403,ES.v.0
2026-07-31 06:00:00+00:00,34,1,42140870,7508.25,7511.25,7491.75,7496.5,14774,ES.v.0
2026-07-31 07:00:00+00:00,34,1,42140870,7496.25,7509.25,7493.25,7506.75,20719,ES.v.0
2026-07-31 08:00:00+00:00,34,1,42140870,7506.5,7513.75,7503.0,7513.0,16305,ES.v.0
2026-07-31 09:00:00+00:00,34,1,42140870,7513.0,7517.75,7503.75,7504.25,15190,ES.v.0
2026-07-31 10:00:00+00:00,34,1,42140870,7504.0,7512.0,7502.0,7506.75,12207,ES.v.0
2026-07-31 11:00:00+00:00,34,1,42140870,7506.75,7511.5,7494.5,7499.25,17844,ES.v.0
2026-07-31 12:00:00+00:00,34,1,42140870,7499.5,7499.5,7479.5,7483.0,32637,ES.v.0
2026-07-31 13:00:00+00:00,34,1,42140870,7483.0,7515.5,7466.75,7470.75,239473,ES.v.0
2026-07-31 14:00:00+00:00,34,1,42140870,7470.5,7481.25,7427.5,7477.0,360020,ES.v.0
2026-07-31 15:00:00+00:00,34,1,42140870,7477.0,7485.0,7449.25,7482.5,210245,ES.v.0
2026-07-31 16:00:00+00:00,34,1,42140870,7482.5,7503.0,7475.75,7497.5,130317,ES.v.0
2026-07-31 17:00:00+00:00,34,1,42140870,7497.5,7517.0,7496.5,7506.0,114493,ES.v.0
2026-07-31 18:00:00+00:00,34,1,42140870,7505.75,7516.75,7504.25,7513.0,84554,ES.v.0
2026-07-31 19:00:00+00:00,34,1,42140870,7512.75,7541.0,7509.0,7520.0,310317,ES.v.0
2026-07-31 20:00:00+00:00,34,1,42140870,7520.25,7527.75,7499.0,7503.5,84756,ES.v.0
2026-08-02 22:00:00+00:00,34,1,42140870,7550.0,7559.0,7544.5,7545.5,20317,ES.v.0
2026-08-02 23:00:00+00:00,34,1,42140870,7545.75,7555.0,7543.5,7551.5,8170,ES.v.0
2026-08-03 00:00:00+00:00,34,1,42140870,7551.5,7556.75,7545.5,7554.25,15853,ES.v.0
2026-08-03 01:00:00+00:00,34,1,42140870,7554.0,7558.75,7549.75,7558.0,10000,ES.v.0
2026-08-03 02:00:00+00:00,34,1,42140870,7558.0,7561.75,7556.5,7560.5,7183,ES.v.0
2026-08-03 03:00:00+00:00,34,1,42140870,7560.5,7564.5,7558.25,7561.75,7173,ES.v.0
2026-08-03 04:00:00+00:00,34,1,42140870,7561.75,7567.0,7561.0,7563.25,6096,ES.v.0
2026-08-03 05:00:00+00:00,34,1,42140870,7563.5,7565.25,7560.25,7563.0,5977,ES.v.0
2026-08-03 06:00:00+00:00,34,1,42140870,7563.25,7566.0,7555.75,7556.75,9267,ES.v.0
2026-08-03 07:00:00+00:00,34,1,42140870,7557.0,7561.75,7552.75,7559.75,17462,ES.v.0
2026-08-03 08:00:00+00:00,34,1,42140870,7559.75,7560.0,7547.5,7559.5,18211,ES.v.0
2026-08-03 09:00:00+00:00,34,1,42140870,7559.5,7560.25,7553.5,7557.5,10959,ES.v.0
2026-08-03 10:00:00+00:00,34,1,42140870,7557.5,7563.0,7555.5,7562.75,11630,ES.v.0
2026-08-03 11:00:00+00:00,34,1,42140870,7562.75,7567.75,7555.75,7557.5,22505,ES.v.0
2026-08-03 12:00:00+00:00,34,1,42140870,7557.25,7566.25,7553.25,7563.25,30613,ES.v.0
2026-08-03 13:00:00+00:00,34,1,42140870,7563.5,7588.25,7542.75,7588.0,216173,ES.v.0
2026-08-03 14:00:00+00:00,34,1,42140870,7587.75,7606.0,7582.75,7606.0,201805,ES.v.0
2026-08-03 15:00:00+00:00,34,1,42140870,7606.0,7614.0,7599.75,7611.5,149163,ES.v.0
2026-08-03 16:00:00+00:00,34,1,42140870,7611.5,7618.0,7609.25,7613.75,96527,ES.v.0
2026-08-03 17:00:00+00:00,34,1,42140870,7614.0,7629.75,7611.0,7628.0,93385,ES.v.0
2026-08-03 18:00:00+00:00,34,1,42140870,7628.25,7635.0,7625.0,7631.25,120415,ES.v.0
2026-08-03 19:00:00+00:00,34,1,42140870,7631.0,7637.75,7625.75,7628.5,230622,ES.v.0
2026-08-03 20:00:00+00:00,34,1,42140870,7628.5,7636.5,7625.25,7631.25,45137,ES.v.0
2026-08-03 22:00:00+00:00,34,1,42140870,7631.0,7636.5,7629.0,7635.25,4826,ES.v.0
2026-08-03 23:00:00+00:00,34,1,42140870,7635.25,7636.25,7632.75,7635.5,4226,ES.v.0
2026-08-04 00:00:00+00:00,34,1,42140870,7635.5,7637.25,7629.25,7632.75,11551,ES.v.0
2026-08-04 01:00:00+00:00,34,1,42140870,7632.75,7647.5,7629.5,7646.5,13670,ES.v.0
2026-08-04 02:00:00+00:00,34,1,42140870,7646.25,7647.5,7639.0,7642.5,7102,ES.v.0
2026-08-04 03:00:00+00:00,34,1,42140870,7642.25,7645.5,7638.25,7644.75,6037,ES.v.0
2026-08-04 04:00:00+00:00,34,1,42140870,7644.75,7646.5,7641.75,7645.5,2959,ES.v.0
2026-08-04 05:00:00+00:00,34,1,42140870,7645.25,7649.5,7642.75,7647.5,5510,ES.v.0
2026-08-04 06:00:00+00:00,34,1,42140870,7647.75,7650.0,7642.75,7644.5,7319,ES.v.0
2026-08-04 07:00:00+00:00,34,1,42140870,7644.5,7648.0,7641.5,7643.5,14850,ES.v.0
2026-08-04 08:00:00+00:00,34,1,42140870,7643.5,7645.75,7635.25,7637.25,18161,ES.v.0
2026-08-04 09:00:00+00:00,34,1,42140870,7637.0,7638.5,7631.75,7637.5,14741,ES.v.0
2026-08-04 10:00:00+00:00,34,1,42140870,7637.75,7647.75,7635.5,7643.0,19835,ES.v.0
2026-08-04 11:00:00+00:00,34,1,42140870,7643.25,7657.75,7641.5,7654.5,29285,ES.v.0
2026-08-04 12:00:00+00:00,34,1,42140870,7654.5,7656.25,7651.0,7651.0,21490,ES.v.0
2026-08-04 13:00:00+00:00,34,1,42140870,7651.0,7686.5,7649.25,7685.5,204824,ES.v.0
2026-08-04 14:00:00+00:00,34,1,42140870,7685.25,7716.5,7682.5,7715.25,242413,ES.v.0
2026-08-04 15:00:00+00:00,34,1,42140870,7715.5,7741.25,7714.0,7736.5,186840,ES.v.0
2026-08-04 16:00:00+00:00,34,1,42140870,7736.5,7755.75,7733.25,7755.25,122417,ES.v.0
2026-08-04 17:00:00+00:00,34,1,42140870,7755.25,7783.75,7754.25,7768.25,152223,ES.v.0
2026-08-04 18:00:00+00:00,34,1,42140870,7768.25,7777.25,7763.5,7773.0,127795,ES.v.0
2026-08-04 19:00:00+00:00,34,1,42140870,7773.0,7786.0,7761.25,7764.0,293566,ES.v.0
2026-08-04 20:00:00+00:00,34,1,42140870,7764.25,7781.25,7761.25,7774.5,79223,ES.v.0
2026-08-04 22:00:00+00:00,34,1,42140870,7772.0,7783.25,7771.0,7780.75,8928,ES.v.0
2026-08-04 23:00:00+00:00,34,1,42140870,7780.75,7782.75,7775.75,7777.5,6230,ES.v.0
