ts_event,rtype,publisher_id,instrument_id,open,high,low,close,volume,symbol
2024-08-05 00:00:00+00:00,34,1,393,2483.2,2483.2,2455.7,2464.3,14992,GC.v.0
2024-08-05 01:00:00+00:00,34,1,393,2463.7,2484.2,2462.1,2481.5,13310,GC.v.0
2024-08-05 02:00:00+00:00,34,1,393,2481.6,2488.5,2475.1,2484.7,6635,GC.v.0
2024-08-05 03:00:00+00:00,34,1,393,2484.7,2494.5,2484.6,2492.8,6797,GC.v.0
2024-08-05 04:00:00+00:00,34,1,393,2493.0,2500.8,2492.8,2494.6,7978,GC.v.0
2024-08-05 05:00:00+00:00,34,1,393,2494.6,2494.6,2473.6,2479.7,14440,GC.v.0
2024-08-05 06:00:00+00:00,34,1,393,2479.6,2480.3,2463.6,2470.0,15938,GC.v.0
2024-08-05 07:00:00+00:00,34,1,393,2470.0,2486.8,2465.9,2473.2,15155,GC.v.0
2024-08-05 08:00:00+00:00,34,1,393,2473.3,2475.8,2464.1,2465.8,11406,GC.v.0
2024-08-05 09:00:00+00:00,34,1,393,2466.1,2469.7,2460.0,2464.9,13868,GC.v.0
2024-08-05 10:00:00+00:00,34,1,393,2465.0,2466.4,2448.6,2449.1,14742,GC.v.0
2024-08-05 11:00:00+00:00,34,1,393,2449.0,2449.0,2423.1,2426.8,32036,GC.v.0
2024-08-05 12:00:00+00:00,34,1,393,2426.9,2433.0,2403.8,2414.1,39037,GC.v.0
2024-08-05 13:00:00+00:00,34,1,393,2414.2,2437.4,2414.2,2434.1,35452,GC.v.0
2024-08-05 14:00:00+00:00,34,1,393,2433.4,2438.0,2426.1,2437.1,20860,GC.v.0
2024-08-05 15:00:00+00:00,34,1,393,2436.9,2452.8,2436.7,2443.3,20114,GC.v.0
2024-08-05 16:00:00+00:00,34,1,393,2443.3,2449.6,2439.5,2443.7,10562,GC.v.0
2024-08-05 17:00:00+00:00,34,1,393,2443.7,2447.7,2441.0,2446.2,8697,GC.v.0
2024-08-05 18:00:00+00:00,34,1,393,2446.2,2450.2,2444.9,2446.1,3670,GC.v.0
2024-08-05 19:00:00+00:00,34,1,393,2446.2,2454.7,2445.8,2449.0,5657,GC.v.0
2024-08-05 20:00:00+00:00,34,1,393,2449.3,2453.1,2446.9,2452.1,2520,GC.v.0
2024-08-05 22:00:00+00:00,34,1,393,2451.7,2453.8,2449.0,2450.1,1241,GC.v.0
2024-08-05 23:00:00+00:00,34,1,393,2450.2,2451.3,2445.4,2445.9,1657,GC.v.0
2024-08-06 00:00:00+00:00,34,1,393,2446.0,2459.5,2445.7,2457.1,5078,GC.v.0
2024-08-06 01:00:00+00:00,34,1,393,2457.1,2459.0,2451.7,2453.4,5590,GC.v.0
2024-08-06 02:00:00+00:00,34,1,393,2453.2,2454.1,2446.5,2448.1,4526,GC.v.0
2024-08-06 03:00:00+00:00,34,1,393,2448.2,2451.8,2447.1,2449.8,2916,GC.v.0
2024-08-06 04:00:00+00:00,34,1,393,2449.5,2453.4,2447.3,2448.5,3345,GC.v.0
2024-08-06 05:00:00+00:00,34,1,393,2448.6,2452.3,2438.5,2439.2,7210,GC.v.0
2024-08-06 06:00:00+00:00,34,1,393,2439.4,2448.9,2434.6,2442.0,11670,GC.v.0
2024-08-06 07:00:00+00:00,34,1,393,2442.1,2451.3,2442.0,2450.5,6786,GC.v.0
2024-08-06 08:00:00+00:00,34,1,393,2450.6,2456.2,2448.6,2451.5,5676,GC.v.0
2024-08-06 09:00:00+00:00,34,1,393,2451.7,2456.2,2450.8,2454.1,5867,GC.v.0
2024-08-06 10:00:00+00:00,34,1,393,2454.0,2457.1,2451.9,2453.0,3569,GC.v.0
2024-08-06 11:00:00+00:00,34,1,393,2453.0,2456.0,2450.7,2451.7,5884,GC.v.0
2024-08-06 12:00:00+00:00,34,1,393,2451.7,2452.9,2432.1,2433.4,16982,GC.v.0
2024-08-06 13:00:00+00:00,34,1,393,2433.4,2439.9,2429.3,2436.2,18220,GC.v.0
2024-08-06 14:00:00+00:00,34,1,393,2436.2,2444.1,2426.9,2429.2,20871,GC.v.0
2024-08-06 15:00:00+00:00,34,1,393,2429.2,2431.7,2421.8,2428.4,21223,GC.v.0
2024-08-06 16:00:00+00:00,34,1,393,2428.5,2432.5,2426.4,2431.0,8715,GC.v.0
2024-08-06 17:00:00+00:00,34,1,393,2431.0,2434.6,2428.6,2432.9,7996,GC.v.0
2024-08-06 18:00:00+00:00,34,1,393,2432.9,2437.1,2432.4,2433.9,3837,GC.v.0
2024-08-06 19:00:00+00:00,34,1,393,2434.0,2434.3,2427.6,2428.8,4888,GC.v.0
2024-08-06 20:00:00+00:00,34,1,393,2429.0,2432.1,2428.1,2432.1,2095,GC.v.0
2024-08-06 22:00:00+00:00,34,1,393,2432.6,2433.1,2428.8,2429.4,1410,GC.v.0
2024-08-06 23:00:00+00:00,34,1,393,2429.3,2430.5,2423.3,2424.3,2843,GC.v.0
2024-08-07 00:00:00+00:00,34,1,393,2424.2,2427.6,2421.1,2426.8,3639,GC.v.0
2024-08-07 01:00:00+00:00,34,1,393,2426.8,2428.0,2418.8,2424.0,9657,GC.v.0
2024-08-07 02:00:00+00:00,34,1,393,2424.0,2428.6,2420.7,2424.0,6564,GC.v.0
2024-08-07 03:00:00+00:00,34,1,393,2424.2,2427.4,2423.0,2425.9,3305,GC.v.0
2024-08-07 04:00:00+00:00,34,1,393,2426.0,2434.8,2425.7,2433.0,4679,GC.v.0
2024-08-07 05:00:00+00:00,34,1,393,2432.7,2436.2,2428.4,2431.3,5758,GC.v.0
2024-08-07 06:00:00+00:00,34,1,393,2431.3,2437.6,2429.4,2434.5,5719,GC.v.0
2024-08-07 07:00:00+00:00,34,1,393,2434.7,2434.8,2428.0,2429.3,5326,GC.v.0
2024-08-07 08:00:00+00:00,34,1,393,2429.2,2433.6,2428.0,2433.2,4913,GC.v.0
2024-08-07 09:00:00+00:00,34,1,393,2433.4,2436.5,2432.5,2434.4,4615,GC.v.0
2024-08-07 10:00:00+00:00,34,1,393,2434.5,2438.4,2433.2,2437.6,4414,GC.v.0
2024-08-07 11:00:00+00:00,34,1,393,2437.6,2442.7,2434.2,2441.4,8404,GC.v.0
2024-08-07 12:00:00+00:00,34,1,393,2441.4,2447.3,2439.2,2444.1,10322,GC.v.0
2024-08-07 13:00:00+00:00,34,1,393,2444.3,2445.3,2436.7,2440.3,10556,GC.v.0
2024-08-07 14:00:00+00:00,34,1,393,2440.1,2443.5,2438.1,2439.2,11694,GC.v.0
2024-08-07 15:00:00+00:00,34,1,393,2439.3,2442.3,2432.1,2434.8,17955,GC.v.0
2024-08-07 16:00:00+00:00,34,1,393,2434.7,2440.1,2433.1,2439.9,6624,GC.v.0
2024-08-07 17:00:00+00:00,34,1,393,2439.9,2440.0,2429.6,2430.0,10649,GC.v.0
2024-08-07 18:00:00+00:00,34,1,393,2429.9,2432.0,2423.9,2426.3,8547,GC.v.0
2024-08-07 19:00:00+00:00,34,1,393,2426.2,2430.7,2425.3,2425.6,5103,GC.v.0
2024-08-07 20:00:00+00:00,34,1,393,2425.7,2427.4,2421.7,2423.5,3564,GC.v.0
2024-08-07 22:00:00+00:00,34,1,393,2422.8,2423.5,2420.2,2422.7,2056,GC.v.0
2024-08-07 23:00:00+00:00,34,1,393,2422.8,2425.0,2421.5,2423.8,2094,GC.v.0
2024-08-08 00:00:00+00:00,34,1,393,2423.9,2427.9,2422.3,2424.3,4076,GC.v.0
2024-08-08 01:00:00+00:00,34,1,393,2424.3,2430.4,2423.5,2425.4,6337,GC.v.0
2024-08-08 02:00:00+00:00,34,1,393,2425.3,2429.7,2424.8,2429.6,2662,GC.v.0
2024-08-08 03:00:00+00:00,34,1,393,2429.5,2433.8,2427.8,2433.3,2437,GC.v.0
2024-08-08 04:00:00+00:00,34,1,393,2433.3,2435.1,2431.5,2433.2,3086,GC.v.0
2024-08-08 05:00:00+00:00,34,1,393,2433.1,2434.4,2431.2,2434.2,2756,GC.v.0
2024-08-08 06:00:00+00:00,34,1,393,2434.3,2439.7,2431.5,2436.6,6088,GC.v.0
2024-08-08 07:00:00+00:00,34,1,393,2436.5,2439.1,2433.5,2435.6,4376,GC.v.0
2024-08-08 08:00:00+00:00,34,1,393,2435.5,2437.0,2431.5,2433.2,3026,GC.v.0
2024-08-08 09:00:00+00:00,34,1,393,2433.2,2437.9,2432.6,2435.0,4344,GC.v.0
2024-08-08 10:00:00+00:00,34,1,393,2435.1,2445.7,2435.1,2444.5,6599,GC.v.0
2024-08-08 11:00:00+00:00,34,1,393,2444.5,2453.1,2444.2,2451.7,14237,GC.v.0
2024-08-08 12:00:00+00:00,34,1,393,2451.7,2455.3,2446.5,2447.4,16361,GC.v.0
2024-08-08 13:00:00+00:00,34,1,393,2447.4,2454.9,2441.2,2453.4,21861,GC.v.0
2024-08-08 14:00:00+00:00,34,1,393,2453.4,2464.0,2448.5,2453.2,29894,GC.v.0
2024-08-08 15:00:00+00:00,34,1,393,2453.3,2459.8,2451.3,2458.1,8298,GC.v.0
2024-08-08 16:00:00+00:00,34,1,393,2458.0,2463.4,2456.2,2457.5,9115,GC.v.0
2024-08-08 17:00:00+00:00,34,1,393,2457.6,2464.5,2455.3,2463.0,10151,GC.v.0
2024-08-08 18:00:00+00:00,34,1,393,2463.0,2465.8,2461.7,2463.6,4730,GC.v.0
2024-08-08 19:00:00+00:00,34,1,393,2463.5,2464.3,2461.1,2463.1,4062,GC.v.0
2024-08-08 20:00:00+00:00,34,1,393,2463.2,2467.9,2462.7,2467.4,2275,GC.v.0
2024-08-08 22:00:00+00:00,34,1,393,2467.3,2467.6,2464.1,2465.1,2830,GC.v.0
2024-08-08 23:00:00+00:00,34,1,393,2465.1,2465.9,2462.2,2463.8,1612,GC.v.0
2024-08-09 00:00:00+00:00,34,1,393,2464.1,2464.8,2461.8,2463.0,2273,GC.v.0
2024-08-09 01:00:00+00:00,34,1,393,2463.3,2467.2,2459.4,2466.7,4765,GC.v.0
2024-08-09 02:00:00+00:00,34,1,393,2466.6,2468.7,2461.7,2461.9,3484,GC.v.0
2024-08-09 03:00:00+00:00,34,1,393,2462.0,2462.8,2458.9,2460.7,2411,GC.v.0
2024-08-09 04:00:00+00:00,34,1,393,2460.5,2464.0,2459.7,2463.3,1692,GC.v.0
2024-08-09 05:00:00+00:00,34,1,393,2463.2,2463.4,2456.4,2456.5,4020,GC.v.0
2024-08-09 06:00:00+00:00,34,1,393,2456.3,2461.1,2456.1,2460.0,4536,GC.v.0
2024-08-09 07:00:00+00:00,34,1,393,2459.9,2466.2,2459.5,2462.3,4904,GC.v.0
2024-08-09 08:00:00+00:00,34,1,393,2462.4,2465.9,2461.2,2463.5,3623,GC.v.0
2024-08-09 09:00:00+00:00,34,1,393,2463.6,2464.6,2461.8,2462.6,4129,GC.v.0
2024-08-09 10:00:00+00:00,34,1,393,2462.7,2471.4,2462.1,2470.0,6903,GC.v.0
2024-08-09 11:00:00+00:00,34,1,393,2470.1,2472.2,2464.5,2465.9,8761,GC.v.0
2024-08-09 12:00:00+00:00,34,1,393,2465.9,2469.3,2462.7,2469.0,9562,GC.v.0
2024-08-09 13:00:00+00:00,34,1,393,2469.0,2472.7,2460.0,2466.1,25487,GC.v.0
2024-08-09 14:00:00+00:00,34,1,393,2466.0,2475.5,2464.5,2467.8,20707,GC.v.0
2024-08-09 15:00:00+00:00,34,1,393,2467.8,2471.9,2465.8,2470.6,10049,GC.v.0
2024-08-09 16:00:00+00:00,34,1,393,2470.8,2474.0,2466.6,2473.9,6837,GC.v.0
2024-08-09 17:00:00+00:00,34,1,393,2473.9,2476.5,2469.9,2470.0,8155,GC.v.0
2024-08-09 18:00:00+00:00,34,1,393,2470.1,2470.3,2466.6,2469.3,4115,GC.v.0
2024-08-09 19:00:00+00:00,34,1,393,2469.3,2469.6,2466.7,2468.6,3505,GC.v.0
2024-08-09 20:00:00+00:00,34,1,393,2468.6,2470.7,2468.5,2470.6,1869,GC.v.0
2024-08-11 22:00:00+00:00,34,1,393,2470.1,2472.3,2466.0,2469.3,2294,GC.v.0
2024-08-11 23:00:00+00:00,34,1,393,2469.2,2469.4,2466.2,2466.8,1748,GC.v.0
2024-08-12 00:00:00+00:00,34,1,393,2466.8,2468.0,2465.7,2467.3,1467,GC.v.0
2024-08-12 01:00:00+00:00,34,1,393,2467.3,2469.2,2463.5,2465.0,2571,GC.v.0
2024-08-12 02:00:00+00:00,34,1,393,2464.8,2466.6,2462.7,2465.3,3012,GC.v.0
2024-08-12 03:00:00+00:00,34,1,393,2465.0,2468.2,2464.8,2467.4,2315,GC.v.0
2024-08-12 04:00:00+00:00,34,1,393,2467.6,2472.5,2467.0,2472.4,1511,GC.v.0
2024-08-12 05:00:00+00:00,34,1,393,2472.3,2473.8,2467.9,2473.4,5207,GC.v.0
2024-08-12 06:00:00+00:00,34,1,393,2473.4,2476.2,2472.4,2475.7,4197,GC.v.0
2024-08-12 07:00:00+00:00,34,1,393,2475.9,2482.4,2474.4,2480.9,6270,GC.v.0
2024-08-12 08:00:00+00:00,34,1,393,2481.1,2482.9,2478.9,2481.0,6416,GC.v.0
2024-08-12 09:00:00+00:00,34,1,393,2481.0,2484.3,2480.0,2481.9,9008,GC.v.0
2024-08-12 10:00:00+00:00,34,1,393,2481.9,2484.0,2480.5,2483.1,4693,GC.v.0
2024-08-12 11:00:00+00:00,34,1,393,2483.2,2483.5,2478.8,2480.7,7877,GC.v.0
2024-08-12 12:00:00+00:00,34,1,393,2480.7,2484.8,2480.5,2483.8,6866,GC.v.0
2024-08-12 13:00:00+00:00,34,1,393,2483.9,2497.2,2481.4,2493.7,23382,GC.v.0
2024-08-12 14:00:00+00:00,34,1,393,2493.7,2495.1,2483.7,2492.8,19296,GC.v.0
2024-08-12 15:00:00+00:00,34,1,393,2492.6,2500.3,2492.3,2499.3,16156,GC.v.0
2024-08-12 16:00:00+00:00,34,1,393,2499.3,2505.8,2498.5,2502.9,11630,GC.v.0
2024-08-12 17:00:00+00:00,34,1,393,2502.8,2508.5,2501.3,2507.1,9094,GC.v.0
2024-08-12 18:00:00+00:00,34,1,393,2507.0,2511.3,2506.3,2510.4,8036,GC.v.0
2024-08-12 19:00:00+00:00,34,1,393,2510.3,2512.4,2509.8,2510.6,5862,GC.v.0
2024-08-12 20:00:00+00:00,34,1,393,2510.7,2513.4,2510.5,2513.4,2229,GC.v.0
2024-08-12 22:00:00+00:00,34,1,393,2512.6,2514.4,2509.9,2513.9,2428,GC.v.0
2024-08-12 23:00:00+00:00,34,1,393,2513.8,2516.6,2512.8,2515.6,2570,GC.v.0
2024-08-13 00:00:00+00:00,34,1,393,2515.6,2517.3,2508.4,2511.9,5189,GC.v.0
2024-08-13 01:00:00+00:00,34,1,393,2511.9,2513.7,2501.2,2506.7,7858,GC.v.0
2024-08-13 02:00:00+00:00,34,1,393,2506.6,2507.8,2501.6,2501.6,2825,GC.v.0
2024-08-13 03:00:00+00:00,34,1,393,2501.5,2505.0,2501.4,2503.8,3629,GC.v.0
2024-08-13 04:00:00+00:00,34,1,393,2503.9,2505.4,2500.3,2502.3,2601,GC.v.0
2024-08-13 05:00:00+00:00,34,1,393,2502.2,2504.5,2498.7,2503.0,5302,GC.v.0
2024-08-13 06:00:00+00:00,34,1,393,2503.1,2504.8,2501.3,2503.4,3322,GC.v.0
2024-08-13 07:00:00+00:00,34,1,393,2503.3,2505.9,2500.5,2503.8,6735,GC.v.0
2024-08-13 08:00:00+00:00,34,1,393,2503.9,2503.9,2498.2,2499.9,4986,GC.v.0
2024-08-13 09:00:00+00:00,34,1,393,2499.9,2501.9,2498.3,2500.0,3801,GC.v.0
2024-08-13 10:00:00+00:00,34,1,393,2500.0,2502.9,2498.4,2501.4,4524,GC.v.0
2024-08-13 11:00:00+00:00,34,1,393,2501.4,2506.4,2500.6,2505.3,7412,GC.v.0
2024-08-13 12:00:00+00:00,34,1,393,2505.3,2512.5,2503.7,2507.3,17478,GC.v.0
2024-08-13 13:00:00+00:00,34,1,393,2507.3,2515.6,2498.2,2512.4,20659,GC.v.0
2024-08-13 14:00:00+00:00,34,1,393,2512.4,2512.8,2503.2,2511.0,11564,GC.v.0
2024-08-13 15:00:00+00:00,34,1,393,2511.1,2512.8,2505.5,2508.3,7294,GC.v.0
2024-08-13 16:00:00+00:00,34,1,393,2508.3,2510.8,2505.9,2509.2,6360,GC.v.0
2024-08-13 17:00:00+00:00,34,1,393,2509.2,2510.1,2505.5,2507.3,5180,GC.v.0
2024-08-13 18:00:00+00:00,34,1,393,2507.3,2508.7,2506.2,2507.6,3530,GC.v.0
2024-08-13 19:00:00+00:00,34,1,393,2507.6,2508.8,2502.0,2506.9,4948,GC.v.0
2024-08-13 20:00:00+00:00,34,1,393,2506.8,2507.5,2504.3,2504.9,2102,GC.v.0
2024-08-13 22:00:00+00:00,34,1,393,2506.3,2506.7,2503.1,2505.1,1037,GC.v.0
2024-08-13 23:00:00+00:00,34,1,393,2505.0,2505.0,2502.4,2503.6,1579,GC.v.0
2024-08-14 00:00:00+00:00,34,1,393,2503.7,2507.1,2503.5,2505.2,2392,GC.v.0
2024-08-14 01:00:00+00:00,34,1,393,2505.2,2512.2,2503.9,2504.9,5415,GC.v.0
2024-08-14 02:00:00+00:00,34,1,393,2504.8,2505.1,2494.5,2499.2,8024,GC.v.0
2024-08-14 03:00:00+00:00,34,1,393,2499.2,2501.0,2498.2,2500.1,2227,GC.v.0
2024-08-14 04:00:00+00:00,34,1,393,2500.0,2502.2,2499.3,2501.2,2330,GC.v.0
2024-08-14 05:00:00+00:00,34,1,393,2501.1,2501.9,2498.4,2501.3,1798,GC.v.0
2024-08-14 06:00:00+00:00,34,1,393,2501.5,2506.8,2499.6,2506.5,5142,GC.v.0
2024-08-14 07:00:00+00:00,34,1,393,2506.2,2510.8,2505.3,2509.7,4927,GC.v.0
2024-08-14 08:00:00+00:00,34,1,393,2509.8,2517.9,2507.7,2513.5,9209,GC.v.0
2024-08-14 09:00:00+00:00,34,1,393,2513.5,2514.6,2510.1,2511.8,4532,GC.v.0
2024-08-14 10:00:00+00:00,34,1,393,2511.9,2515.3,2509.5,2514.0,3987,GC.v.0
2024-08-14 11:00:00+00:00,34,1,393,2514.2,2514.3,2510.7,2513.8,3874,GC.v.0
2024-08-14 12:00:00+00:00,34,1,393,2513.8,2519.7,2500.8,2507.9,22304,GC.v.0
2024-08-14 13:00:00+00:00,34,1,393,2507.9,2508.8,2487.7,2496.2,30122,GC.v.0
2024-08-14 14:00:00+00:00,34,1,393,2496.1,2497.1,2485.4,2488.6,20956,GC.v.0
2024-08-14 15:00:00+00:00,34,1,393,2488.6,2490.7,2480.3,2482.6,17167,GC.v.0
2024-08-14 16:00:00+00:00,34,1,393,2482.5,2484.0,2476.2,2482.5,11708,GC.v.0
2024-08-14 17:00:00+00:00,34,1,393,2482.4,2483.4,2478.6,2479.9,7844,GC.v.0
2024-08-14 18:00:00+00:00,34,1,393,2479.9,2486.4,2478.9,2486.2,5407,GC.v.0
2024-08-14 19:00:00+00:00,34,1,393,2486.0,2486.8,2482.6,2485.5,3768,GC.v.0
2024-08-14 20:00:00+00:00,34,1,393,2485.6,2486.8,2484.8,2486.0,1534,GC.v.0
2024-08-14 22:00:00+00:00,34,1,393,2486.2,2486.3,2484.0,2485.5,954,GC.v.0
2024-08-14 23:00:00+00:00,34,1,393,2485.5,2486.9,2484.8,2486.8,2383,GC.v.0
2024-08-15 00:00:00+00:00,34,1,393,2486.9,2491.5,2486.0,2487.3,6281,GC.v.0
2024-08-15 01:00:00+00:00,34,1,393,2487.3,2490.8,2485.4,2488.0,4724,GC.v.0
2024-08-15 02:00:00+00:00,34,1,393,2488.2,2490.0,2487.2,2488.9,2393,GC.v.0
2024-08-15 03:00:00+00:00,34,1,393,2489.0,2491.9,2488.9,2491.1,1813,GC.v.0
2024-08-15 04:00:00+00:00,34,1,393,2491.3,2493.0,2490.3,2490.9,2598,GC.v.0
2024-08-15 05:00:00+00:00,34,1,393,2490.8,2492.7,2487.7,2491.5,3700,GC.v.0
2024-08-15 06:00:00+00:00,34,1,393,2491.6,2496.4,2490.2,2493.6,6155,GC.v.0
2024-08-15 07:00:00+00:00,34,1,393,2493.6,2494.3,2491.9,2493.3,3207,GC.v.0
2024-08-15 08:00:00+00:00,34,1,393,2493.4,2494.9,2491.2,2493.0,4185,GC.v.0
2024-08-15 09:00:00+00:00,34,1,393,2493.0,2494.8,2492.9,2494.3,2272,GC.v.0
2024-08-15 10:00:00+00:00,34,1,393,2494.3,2497.9,2494.3,2495.7,3419,GC.v.0
2024-08-15 11:00:00+00:00,34,1,393,2495.7,2501.9,2495.3,2501.1,6554,GC.v.0
2024-08-15 12:00:00+00:00,34,1,393,2501.3,2508.0,2478.0,2478.4,28595,GC.v.0
2024-08-15 13:00:00+00:00,34,1,393,2478.5,2488.8,2469.2,2481.9,33283,GC.v.0
2024-08-15 14:00:00+00:00,34,1,393,2481.7,2496.5,2481.7,2490.0,16580,GC.v.0
2024-08-15 15:00:00+00:00,34,1,393,2489.8,2497.3,2488.3,2496.1,9031,GC.v.0
2024-08-15 16:00:00+00:00,34,1,393,2496.1,2497.7,2492.6,2493.2,4482,GC.v.0
2024-08-15 17:00:00+00:00,34,1,393,2493.4,2494.2,2491.0,2493.2,5403,GC.v.0
2024-08-15 18:00:00+00:00,34,1,393,2493.3,2496.2,2492.5,2496.1,4994,GC.v.0
2024-08-15 19:00:00+00:00,34,1,393,2496.2,2499.4,2491.9,2493.5,5161,GC.v.0
2024-08-15 20:00:00+00:00,34,1,393,2493.4,2495.3,2492.6,2494.5,2092,GC.v.0
2024-08-15 22:00:00+00:00,34,1,393,2494.4,2494.7,2492.0,2492.4,590,GC.v.0
2024-08-15 23:00:00+00:00,34,1,393,2492.4,2495.7,2491.8,2494.7,2075,GC.v.0
2024-08-16 00:00:00+00:00,34,1,393,2494.8,2497.3,2494.5,2495.9,1218,GC.v.0
2024-08-16 01:00:00+00:00,34,1,393,2496.0,2497.7,2493.2,2495.1,2783,GC.v.0
2024-08-16 02:00:00+00:00,34,1,393,2494.8,2495.4,2491.2,2492.6,3150,GC.v.0
2024-08-16 03:00:00+00:00,34,1,393,2492.5,2493.3,2488.2,2489.8,4239,GC.v.0
2024-08-16 04:00:00+00:00,34,1,393,2489.9,2491.1,2489.3,2490.0,2250,GC.v.0
2024-08-16 05:00:00+00:00,34,1,393,2490.1,2493.8,2489.8,2493.0,2670,GC.v.0
2024-08-16 06:00:00+00:00,34,1,393,2493.1,2495.4,2491.9,2492.4,4284,GC.v.0
2024-08-16 07:00:00+00:00,34,1,393,2492.4,2501.9,2488.5,2499.3,10032,GC.v.0
2024-08-16 08:00:00+00:00,34,1,393,2499.6,2501.5,2496.5,2500.0,5838,GC.v.0
2024-08-16 09:00:00+00:00,34,1,393,2500.0,2502.1,2498.9,2500.9,3817,GC.v.0
2024-08-16 10:00:00+00:00,34,1,393,2500.8,2506.0,2500.4,2502.3,5988,GC.v.0
2024-08-16 11:00:00+00:00,34,1,393,2502.4,2510.3,2502.4,2510.0,9418,GC.v.0
2024-08-16 12:00:00+00:00,34,1,393,2510.0,2531.4,2509.3,2530.5,29246,GC.v.0
2024-08-16 13:00:00+00:00,34,1,393,2530.6,2538.7,2522.2,2533.3,39642,GC.v.0
2024-08-16 14:00:00+00:00,34,1,393,2533.3,2533.9,2515.8,2525.6,29284,GC.v.0
2024-08-16 15:00:00+00:00,34,1,393,2525.6,2531.0,2524.1,2530.3,12133,GC.v.0
2024-08-16 16:00:00+00:00,34,1,393,2530.5,2536.3,2530.3,2534.4,11181,GC.v.0
2024-08-16 17:00:00+00:00,34,1,393,2534.3,2538.7,2531.4,2538.2,9144,GC.v.0
2024-08-16 18:00:00+00:00,34,1,393,2538.3,2544.1,2536.8,2541.9,9959,GC.v.0
2024-08-16 19:00:00+00:00,34,1,393,2542.0,2547.4,2540.2,2546.5,7252,GC.v.0
2024-08-16 20:00:00+00:00,34,1,393,2546.5,2548.3,2543.8,2546.2,3435,GC.v.0
2024-08-18 22:00:00+00:00,34,1,393,2549.7,2549.9,2540.9,2543.6,5497,GC.v.0
2024-08-18 23:00:00+00:00,34,1,393,2543.6,2545.6,2542.2,2545.1,1218,GC.v.0
2024-08-19 00:00:00+00:00,34,1,393,2545.2,2545.6,2539.0,2540.9,4770,GC.v.0
2024-08-19 01:00:00+00:00,34,1,393,2541.1,2545.0,2533.7,2537.0,10613,GC.v.0
2024-08-19 02:00:00+00:00,34,1,393,2536.9,2543.0,2534.7,2542.5,5463,GC.v.0
2024-08-19 03:00:00+00:00,34,1,393,2542.2,2544.8,2539.3,2542.0,4654,GC.v.0
2024-08-19 04:00:00+00:00,34,1,393,2541.9,2543.4,2537.6,2539.5,3238,GC.v.0
2024-08-19 05:00:00+00:00,34,1,393,2539.5,2541.1,2537.9,2539.9,2942,GC.v.0
2024-08-19 06:00:00+00:00,34,1,393,2539.6,2543.6,2538.3,2540.5,4879,GC.v.0
2024-08-19 07:00:00+00:00,34,1,393,2540.6,2543.4,2537.9,2541.2,6610,GC.v.0
2024-08-19 08:00:00+00:00,34,1,393,2541.2,2545.8,2540.7,2541.5,4403,GC.v.0
2024-08-19 09:00:00+00:00,34,1,393,2541.5,2542.5,2538.2,2538.4,4266,GC.v.0
2024-08-19 10:00:00+00:00,34,1,393,2538.3,2538.5,2526.9,2527.7,9203,GC.v.0
2024-08-19 11:00:00+00:00,34,1,393,2527.8,2533.5,2524.4,2532.8,7880,GC.v.0
2024-08-19 12:00:00+00:00,34,1,393,2532.9,2533.8,2526.4,2529.4,6551,GC.v.0
2024-08-19 13:00:00+00:00,34,1,393,2529.5,2534.3,2523.7,2532.9,15233,GC.v.0
2024-08-19 14:00:00+00:00,34,1,393,2532.8,2543.0,2531.5,2539.5,15730,GC.v.0
2024-08-19 15:00:00+00:00,34,1,393,2539.5,2544.4,2538.2,2542.4,8944,GC.v.0
2024-08-19 16:00:00+00:00,34,1,393,2542.6,2545.8,2540.3,2543.8,7743,GC.v.0
2024-08-19 17:00:00+00:00,34,1,393,2543.7,2544.1,2539.1,2541.6,7331,GC.v.0
2024-08-19 18:00:00+00:00,34,1,393,2541.5,2543.4,2540.9,2542.8,5131,GC.v.0
2024-08-19 19:00:00+00:00,34,1,393,2542.7,2544.3,2541.5,2543.9,3654,GC.v.0
2024-08-19 20:00:00+00:00,34,1,393,2543.9,2544.2,2541.8,2542.6,1732,GC.v.0
2024-08-19 22:00:00+00:00,34,1,393,2542.4,2542.9,2540.2,2542.5,999,GC.v.0
2024-08-19 23:00:00+00:00,34,1,393,2542.4,2542.6,2540.7,2541.8,1274,GC.v.0
2024-08-20 00:00:00+00:00,34,1,393,2541.9,2545.0,2541.5,2543.0,2746,GC.v.0
2024-08-20 01:00:00+00:00,34,1,393,2543.0,2546.4,2539.3,2540.0,5091,GC.v.0
2024-08-20 02:00:00+00:00,34,1,393,2539.9,2540.6,2536.5,2537.4,4351,GC.v.0
2024-08-20 03:00:00+00:00,34,1,393,2537.5,2540.2,2536.6,2539.4,2015,GC.v.0
2024-08-20 04:00:00+00:00,34,1,393,2539.5,2540.4,2537.1,2538.6,1325,GC.v.0
2024-08-20 05:00:00+00:00,34,1,393,2538.7,2541.4,2537.3,2537.3,2826,GC.v.0
2024-08-20 06:00:00+00:00,34,1,393,2537.2,2543.8,2535.1,2540.5,5698,GC.v.0
2024-08-20 07:00:00+00:00,34,1,393,2540.4,2553.7,2539.3,2553.2,11544,GC.v.0
2024-08-20 08:00:00+00:00,34,1,393,2553.4,2561.7,2552.8,2558.3,13960,GC.v.0
2024-08-20 09:00:00+00:00,34,1,393,2558.5,2563.8,2558.4,2560.3,8702,GC.v.0
2024-08-20 10:00:00+00:00,34,1,393,2560.2,2563.4,2559.6,2561.4,4559,GC.v.0
2024-08-20 11:00:00+00:00,34,1,393,2561.2,2565.5,2560.6,2564.8,5570,GC.v.0
2024-08-20 12:00:00+00:00,34,1,393,2565.0,2568.0,2560.2,2565.2,11780,GC.v.0
2024-08-20 13:00:00+00:00,34,1,393,2565.3,2570.4,2558.3,2568.2,21646,GC.v.0
2024-08-20 14:00:00+00:00,34,1,393,2568.5,2568.8,2558.4,2562.1,18248,GC.v.0
2024-08-20 15:00:00+00:00,34,1,393,2562.1,2562.3,2543.6,2546.4,25823,GC.v.0
2024-08-20 16:00:00+00:00,34,1,393,2546.6,2548.6,2538.6,2547.1,13087,GC.v.0
2024-08-20 17:00:00+00:00,34,1,393,2547.1,2551.4,2544.6,2548.8,7238,GC.v.0
2024-08-20 18:00:00+00:00,34,1,393,2548.7,2553.8,2547.5,2551.7,4553,GC.v.0
2024-08-20 19:00:00+00:00,34,1,393,2551.6,2553.5,2549.0,2553.2,4024,GC.v.0
2024-08-20 20:00:00+00:00,34,1,393,2553.1,2555.3,2551.5,2552.1,1683,GC.v.0
2024-08-20 22:00:00+00:00,34,1,393,2552.2,2553.9,2551.3,2552.9,1167,GC.v.0
2024-08-20 23:00:00+00:00,34,1,393,2552.8,2554.1,2550.7,2551.1,1128,GC.v.0
2024-08-21 00:00:00+00:00,34,1,393,2551.1,2553.9,2550.6,2551.7,1885,GC.v.0
2024-08-21 01:00:00+00:00,34,1,393,2551.8,2555.2,2548.8,2554.7,4470,GC.v.0
2024-08-21 02:00:00+00:00,34,1,393,2554.8,2558.0,2553.9,2557.5,4785,GC.v.0
2024-08-21 03:00:00+00:00,34,1,393,2557.5,2557.5,2551.2,2555.2,2981,GC.v.0
2024-08-21 04:00:00+00:00,34,1,393,2555.3,2555.6,2551.6,2554.0,2493,GC.v.0
2024-08-21 05:00:00+00:00,34,1,393,2553.9,2556.3,2552.9,2553.0,2657,GC.v.0
2024-08-21 06:00:00+00:00,34,1,393,2553.1,2557.5,2549.5,2552.2,5969,GC.v.0
2024-08-21 07:00:00+00:00,34,1,393,2552.3,2554.8,2545.7,2547.3,6337,GC.v.0
2024-08-21 08:00:00+00:00,34,1,393,2547.2,2550.1,2544.5,2545.4,5475,GC.v.0
2024-08-21 09:00:00+00:00,34,1,393,2545.2,2547.5,2542.6,2543.8,5828,GC.v.0
2024-08-21 10:00:00+00:00,34,1,393,2543.7,2548.0,2542.6,2547.5,4690,GC.v.0
2024-08-21 11:00:00+00:00,34,1,393,2547.7,2552.0,2545.0,2549.9,4798,GC.v.0
2024-08-21 12:00:00+00:00,34,1,393,2550.0,2552.0,2544.9,2548.4,8054,GC.v.0
2024-08-21 13:00:00+00:00,34,1,393,2548.6,2551.0,2535.4,2540.8,15736,GC.v.0
2024-08-21 14:00:00+00:00,34,1,393,2540.7,2544.5,2528.2,2539.1,26926,GC.v.0
2024-08-21 15:00:00+00:00,34,1,393,2539.1,2548.9,2539.1,2546.2,8909,GC.v.0
2024-08-21 16:00:00+00:00,34,1,393,2546.2,2546.8,2540.9,2544.9,6474,GC.v.0
2024-08-21 17:00:00+00:00,34,1,393,2544.8,2549.2,2544.7,2547.3,4408,GC.v.0
2024-08-21 18:00:00+00:00,34,1,393,2547.2,2557.3,2547.0,2554.2,10068,GC.v.0
2024-08-21 19:00:00+00:00,34,1,393,2554.2,2554.6,2549.1,2549.5,6050,GC.v.0
2024-08-21 20:00:00+00:00,34,1,393,2549.6,2550.5,2547.7,2550.2,1552,GC.v.0
2024-08-21 22:00:00+00:00,34,1,393,2549.9,2550.8,2548.7,2550.8,982,GC.v.0
2024-08-21 23:00:00+00:00,34,1,393,2550.7,2551.3,2549.0,2549.7,917,GC.v.0
2024-08-22 00:00:00+00:00,34,1,393,2549.9,2551.4,2548.0,2550.4,1709,GC.v.0
2024-08-22 01:00:00+00:00,34,1,393,2550.3,2550.8,2543.4,2544.1,3243,GC.v.0
2024-08-22 02:00:00+00:00,34,1,393,2544.0,2544.9,2536.4,2538.9,4995,GC.v.0
2024-08-22 03:00:00+00:00,34,1,393,2538.9,2541.3,2537.9,2539.0,4949,GC.v.0
2024-08-22 04:00:00+00:00,34,1,393,2539.2,2539.2,2536.1,2538.5,1919,GC.v.0
2024-08-22 05:00:00+00:00,34,1,393,2538.6,2542.9,2537.1,2542.1,4266,GC.v.0
2024-08-22 06:00:00+00:00,34,1,393,2542.0,2547.2,2539.7,2543.8,8449,GC.v.0
2024-08-22 07:00:00+00:00,34,1,393,2543.8,2546.1,2540.7,2543.3,6346,GC.v.0
2024-08-22 08:00:00+00:00,34,1,393,2543.3,2543.8,2538.5,2539.7,5496,GC.v.0
2024-08-22 09:00:00+00:00,34,1,393,2539.8,2544.2,2537.1,2543.3,6426,GC.v.0
2024-08-22 10:00:00+00:00,34,1,393,2543.4,2545.3,2541.2,2541.5,2549,GC.v.0
2024-08-22 11:00:00+00:00,34,1,393,2541.4,2542.1,2533.7,2535.6,7375,GC.v.0
2024-08-22 12:00:00+00:00,34,1,393,2535.7,2541.9,2531.3,2536.9,12103,GC.v.0
2024-08-22 13:00:00+00:00,34,1,393,2536.9,2537.9,2518.7,2523.5,27208,GC.v.0
2024-08-22 14:00:00+00:00,34,1,393,2523.7,2523.7,2506.4,2515.9,31358,GC.v.0
2024-08-22 15:00:00+00:00,34,1,393,2515.8,2520.2,2510.7,2517.9,13485,GC.v.0
2024-08-22 16:00:00+00:00,34,1,393,2518.0,2522.1,2517.4,2520.2,7703,GC.v.0
2024-08-22 17:00:00+00:00,34,1,393,2520.1,2520.4,2515.3,2517.9,7164,GC.v.0
2024-08-22 18:00:00+00:00,34,1,393,2518.0,2520.7,2516.1,2517.9,4332,GC.v.0
2024-08-22 19:00:00+00:00,34,1,393,2517.9,2519.2,2514.2,2518.4,4002,GC.v.0
2024-08-22 20:00:00+00:00,34,1,393,2518.6,2520.7,2518.0,2520.6,2439,GC.v.0
2024-08-22 22:00:00+00:00,34,1,393,2521.1,2521.1,2519.8,2520.5,576,GC.v.0
2024-08-22 23:00:00+00:00,34,1,393,2520.5,2523.0,2520.3,2522.9,900,GC.v.0
2024-08-23 00:00:00+00:00,34,1,393,2522.9,2527.9,2521.9,2525.4,3477,GC.v.0
2024-08-23 01:00:00+00:00,34,1,393,2525.4,2527.0,2523.3,2526.5,4267,GC.v.0
2024-08-23 02:00:00+00:00,34,1,393,2526.6,2527.2,2522.1,2525.5,3215,GC.v.0
2024-08-23 03:00:00+00:00,34,1,393,2525.4,2529.2,2524.9,2528.6,3582,GC.v.0
2024-08-23 04:00:00+00:00,34,1,393,2528.6,2530.0,2528.0,2528.9,2039,GC.v.0
2024-08-23 05:00:00+00:00,34,1,393,2528.9,2531.3,2526.6,2527.3,4750,GC.v.0
2024-08-23 06:00:00+00:00,34,1,393,2527.3,2530.0,2526.0,2528.3,3495,GC.v.0
2024-08-23 07:00:00+00:00,34,1,393,2528.5,2529.8,2527.1,2528.9,5092,GC.v.0
2024-08-23 08:00:00+00:00,34,1,393,2528.8,2535.4,2528.4,2534.2,5695,GC.v.0
2024-08-23 09:00:00+00:00,34,1,393,2534.3,2537.4,2532.4,2534.5,6741,GC.v.0
2024-08-23 10:00:00+00:00,34,1,393,2534.4,2534.8,2531.0,2534.6,4244,GC.v.0
2024-08-23 11:00:00+00:00,34,1,393,2534.5,2538.0,2532.9,2537.1,4054,GC.v.0
2024-08-23 12:00:00+00:00,34,1,393,2537.0,2537.8,2533.9,2536.9,5825,GC.v.0
2024-08-23 13:00:00+00:00,34,1,393,2536.9,2539.6,2530.1,2533.8,10396,GC.v.0
2024-08-23 14:00:00+00:00,34,1,393,2533.9,2554.2,2532.1,2545.0,45327,GC.v.0
2024-08-23 15:00:00+00:00,34,1,393,2545.0,2554.5,2543.8,2545.7,15260,GC.v.0
2024-08-23 16:00:00+00:00,34,1,393,2546.0,2546.5,2537.5,2546.1,10479,GC.v.0
2024-08-23 17:00:00+00:00,34,1,393,2546.1,2549.0,2545.3,2546.6,7566,GC.v.0
2024-08-23 18:00:00+00:00,34,1,393,2546.6,2547.6,2544.7,2545.4,3556,GC.v.0
2024-08-23 19:00:00+00:00,34,1,393,2545.4,2548.6,2543.5,2546.6,4657,GC.v.0
2024-08-23 20:00:00+00:00,34,1,393,2546.4,2548.7,2545.3,2548.7,2900,GC.v.0
2024-08-25 22:00:00+00:00,34,1,393,2545.1,2550.3,2544.6,2548.4,2458,GC.v.0
2024-08-25 23:00:00+00:00,34,1,393,2548.4,2552.1,2548.4,2551.3,2025,GC.v.0
2024-08-26 00:00:00+00:00,34,1,393,2551.2,2552.3,2547.7,2549.0,4142,GC.v.0
2024-08-26 01:00:00+00:00,34,1,393,2549.0,2550.8,2546.0,2548.7,4017,GC.v.0
2024-08-26 02:00:00+00:00,34,1,393,2548.7,2550.8,2547.3,2547.3,1647,GC.v.0
2024-08-26 03:00:00+00:00,34,1,393,2547.3,2548.4,2544.5,2545.0,1968,GC.v.0
2024-08-26 04:00:00+00:00,34,1,393,2545.1,2546.2,2544.0,2545.0,1635,GC.v.0
2024-08-26 05:00:00+00:00,34,1,393,2544.8,2546.7,2544.0,2545.9,2976,GC.v.0
2024-08-26 06:00:00+00:00,34,1,393,2546.0,2550.8,2545.2,2550.6,4617,GC.v.0
2024-08-26 07:00:00+00:00,34,1,393,2550.6,2557.3,2549.6,2556.9,9298,GC.v.0
2024-08-26 08:00:00+00:00,34,1,393,2557.0,2561.7,2556.3,2560.0,6457,GC.v.0
2024-08-26 09:00:00+00:00,34,1,393,2560.1,2561.5,2559.1,2561.0,4210,GC.v.0
2024-08-26 10:00:00+00:00,34,1,393,2561.0,2562.5,2558.4,2560.8,4929,GC.v.0
2024-08-26 11:00:00+00:00,34,1,393,2560.7,2562.5,2556.4,2562.1,6211,GC.v.0
2024-08-26 12:00:00+00:00,34,1,393,2562.2,2563.2,2558.2,2559.5,7197,GC.v.0
2024-08-26 13:00:00+00:00,34,1,393,2559.5,2562.3,2551.0,2551.6,15207,GC.v.0
2024-08-26 14:00:00+00:00,34,1,393,2551.6,2554.7,2546.1,2552.6,13519,GC.v.0
2024-08-26 15:00:00+00:00,34,1,393,2552.5,2553.2,2546.9,2551.7,9044,GC.v.0
2024-08-26 16:00:00+00:00,34,1,393,2551.7,2556.3,2549.3,2555.9,5445,GC.v.0
2024-08-26 17:00:00+00:00,34,1,393,2556.0,2559.4,2552.2,2553.9,7689,GC.v.0
2024-08-26 18:00:00+00:00,34,1,393,2553.8,2555.3,2551.3,2552.6,2763,GC.v.0
2024-08-26 19:00:00+00:00,34,1,393,2552.6,2556.8,2552.5,2553.7,4321,GC.v.0
2024-08-26 20:00:00+00:00,34,1,393,2553.9,2554.8,2553.1,2553.6,1069,GC.v.0
2024-08-26 22:00:00+00:00,34,1,393,2553.8,2554.5,2552.3,2552.6,672,GC.v.0
2024-08-26 23:00:00+00:00,34,1,393,2552.5,2552.9,2550.5,2550.7,840,GC.v.0
2024-08-27 00:00:00+00:00,34,1,393,2550.8,2552.0,2548.1,2548.3,1888,GC.v.0
2024-08-27 01:00:00+00:00,34,1,393,2548.4,2549.2,2543.5,2545.1,5593,GC.v.0
2024-08-27 02:00:00+00:00,34,1,393,2544.9,2545.7,2541.0,2543.9,4302,GC.v.0
2024-08-27 03:00:00+00:00,34,1,393,2544.0,2544.8,2540.9,2544.2,2406,GC.v.0
2024-08-27 04:00:00+00:00,34,1,393,2544.3,2544.8,2541.4,2542.3,2194,GC.v.0
2024-08-27 05:00:00+00:00,34,1,393,2542.3,2548.8,2541.7,2548.6,4921,GC.v.0
2024-08-27 06:00:00+00:00,34,1,393,2548.6,2552.5,2547.9,2549.9,6083,GC.v.0
2024-08-27 07:00:00+00:00,34,1,393,2549.9,2552.7,2539.5,2540.0,8831,GC.v.0
2024-08-27 08:00:00+00:00,34,1,393,2539.9,2547.5,2538.5,2546.2,6077,GC.v.0
2024-08-27 09:00:00+00:00,34,1,393,2546.1,2549.0,2543.3,2544.2,6034,GC.v.0
2024-08-27 10:00:00+00:00,34,1,393,2544.1,2545.5,2542.0,2544.1,5399,GC.v.0
2024-08-27 11:00:00+00:00,34,1,393,2544.1,2547.7,2543.7,2546.6,3015,GC.v.0
2024-08-27 12:00:00+00:00,34,1,393,2546.5,2549.6,2542.9,2545.0,6452,GC.v.0
2024-08-27 13:00:00+00:00,34,1,393,2544.9,2550.4,2538.9,2547.8,16038,GC.v.0
2024-08-27 14:00:00+00:00,34,1,393,2547.4,2553.5,2542.9,2550.0,15131,GC.v.0
2024-08-27 15:00:00+00:00,34,1,393,2550.2,2556.7,2546.8,2547.5,11327,GC.v.0
2024-08-27 16:00:00+00:00,34,1,393,2547.3,2549.9,2545.0,2549.8,6298,GC.v.0
2024-08-27 17:00:00+00:00,34,1,393,2549.7,2557.1,2549.5,2555.5,9782,GC.v.0
2024-08-27 18:00:00+00:00,34,1,393,2555.4,2561.4,2555.2,2560.0,9110,GC.v.0
2024-08-27 19:00:00+00:00,34,1,393,2560.0,2561.1,2558.4,2560.4,4506,GC.v.0
2024-08-27 20:00:00+00:00,34,1,393,2560.4,2561.4,2559.1,2560.0,2628,GC.v.0
2024-08-27 22:00:00+00:00,34,1,393,2559.8,2561.3,2559.8,2560.8,982,GC.v.0
2024-08-27 23:00:00+00:00,34,1,393,2560.9,2564.3,2559.4,2560.5,2876,GC.v.0
2024-08-28 00:00:00+00:00,34,1,393,2560.7,2561.1,2559.1,2559.8,1857,GC.v.0
2024-08-28 01:00:00+00:00,34,1,393,2559.6,2559.6,2552.0,2552.3,5735,GC.v.0
2024-08-28 02:00:00+00:00,34,1,393,2552.3,2553.7,2548.5,2551.5,4384,GC.v.0
2024-08-28 03:00:00+00:00,34,1,393,2551.4,2552.2,2548.5,2550.9,3109,GC.v.0
2024-08-28 04:00:00+00:00,34,1,393,2550.9,2551.1,2545.3,2546.6,3898,GC.v.0
2024-08-28 05:00:00+00:00,34,1,393,2546.7,2546.8,2540.3,2540.6,6899,GC.v.0
2024-08-28 06:00:00+00:00,34,1,393,2540.5,2543.9,2537.9,2543.2,8532,GC.v.0
2024-08-28 07:00:00+00:00,34,1,393,2543.1,2546.2,2542.3,2544.8,7246,GC.v.0
2024-08-28 08:00:00+00:00,34,1,393,2544.8,2544.8,2540.6,2542.7,4998,GC.v.0
2024-08-28 09:00:00+00:00,34,1,393,2542.7,2546.0,2542.4,2544.9,4205,GC.v.0
2024-08-28 10:00:00+00:00,34,1,393,2545.0,2545.3,2537.2,2540.1,5563,GC.v.0
2024-08-28 11:00:00+00:00,34,1,393,2540.0,2540.3,2535.2,2536.0,7167,GC.v.0
2024-08-28 12:00:00+00:00,34,1,393,2536.2,2536.3,2527.8,2535.3,16805,GC.v.0
2024-08-28 13:00:00+00:00,34,1,393,2535.3,2545.5,2533.4,2541.1,20664,GC.v.0
2024-08-28 14:00:00+00:00,34,1,393,2541.1,2543.9,2538.5,2542.2,11201,GC.v.0
2024-08-28 15:00:00+00:00,34,1,393,2542.1,2545.0,2539.6,2540.8,9150,GC.v.0
2024-08-28 16:00:00+00:00,34,1,393,2540.8,2541.1,2530.8,2536.4,8798,GC.v.0
2024-08-28 17:00:00+00:00,34,1,393,2536.4,2540.8,2534.9,2539.9,6768,GC.v.0
2024-08-28 18:00:00+00:00,34,1,393,2539.9,2542.6,2537.9,2542.4,4970,GC.v.0
2024-08-28 19:00:00+00:00,34,1,393,2542.4,2544.0,2541.2,2542.0,4842,GC.v.0
2024-08-28 20:00:00+00:00,34,1,393,2542.1,2543.1,2537.3,2539.0,2688,GC.v.0
2024-08-28 22:00:00+00:00,34,1,393,2539.2,2542.2,2538.4,2540.4,2360,GC.v.0
2024-08-28 23:00:00+00:00,34,1,393,2540.3,2541.4,2539.7,2541.3,991,GC.v.0
2024-08-29 00:00:00+00:00,34,1,393,2541.3,2548.3,2541.2,2545.2,3738,GC.v.0
2024-08-29 01:00:00+00:00,34,1,393,2545.4,2547.9,2544.8,2546.2,2705,GC.v.0
2024-08-29 02:00:00+00:00,34,1,393,2546.2,2548.3,2544.6,2545.9,1947,GC.v.0
2024-08-29 03:00:00+00:00,34,1,393,2545.7,2549.9,2545.4,2549.7,2022,GC.v.0
2024-08-29 04:00:00+00:00,34,1,393,2549.7,2551.6,2548.7,2548.9,3559,GC.v.0
2024-08-29 05:00:00+00:00,34,1,393,2548.9,2553.4,2546.9,2552.2,3936,GC.v.0
2024-08-29 06:00:00+00:00,34,1,393,2552.1,2554.5,2549.5,2550.0,6152,GC.v.0
2024-08-29 07:00:00+00:00,34,1,393,2550.1,2552.2,2548.2,2552.2,4635,GC.v.0
2024-08-29 08:00:00+00:00,34,1,393,2552.3,2553.4,2548.2,2550.3,6522,GC.v.0
2024-08-29 09:00:00+00:00,34,1,393,2550.4,2557.8,2549.1,2556.1,6157,GC.v.0
2024-08-29 10:00:00+00:00,34,1,393,2556.2,2557.6,2554.1,2556.4,6663,GC.v.0
2024-08-29 11:00:00+00:00,34,1,393,2556.5,2556.6,2552.3,2553.3,5464,GC.v.0
2024-08-29 12:00:00+00:00,34,1,393,2553.2,2554.0,2536.5,2542.4,20121,GC.v.0
2024-08-29 13:00:00+00:00,34,1,393,2542.5,2552.6,2541.3,2550.1,16152,GC.v.0
2024-08-29 14:00:00+00:00,34,1,393,2550.0,2555.8,2547.5,2555.6,17901,GC.v.0
2024-08-29 15:00:00+00:00,34,1,393,2555.6,2559.1,2552.0,2556.1,9429,GC.v.0
2024-08-29 16:00:00+00:00,34,1,393,2556.1,2560.1,2550.6,2558.7,9094,GC.v.0
2024-08-29 17:00:00+00:00,34,1,393,2558.7,2562.2,2556.8,2559.2,8756,GC.v.0
2024-08-29 18:00:00+00:00,34,1,393,2559.4,2559.9,2554.2,2556.5,7354,GC.v.0
2024-08-29 19:00:00+00:00,34,1,393,2556.3,2558.3,2554.1,2554.4,3776,GC.v.0
2024-08-29 20:00:00+00:00,34,1,393,2554.5,2555.6,2554.0,2554.6,1716,GC.v.0
2024-08-29 22:00:00+00:00,34,1,393,2553.6,2554.8,2553.3,2554.0,843,GC.v.0
2024-08-29 23:00:00+00:00,34,1,393,2553.9,2554.0,2551.9,2552.6,1143,GC.v.0
2024-08-30 00:00:00+00:00,34,1,393,2552.6,2552.6,2549.9,2551.0,2340,GC.v.0
2024-08-30 01:00:00+00:00,34,1,393,2551.0,2553.6,2547.8,2549.5,4775,GC.v.0
2024-08-30 02:00:00+00:00,34,1,393,2549.4,2551.3,2547.4,2549.4,4159,GC.v.0
2024-08-30 03:00:00+00:00,34,1,393,2549.4,2550.4,2545.8,2547.0,2406,GC.v.0
2024-08-30 04:00:00+00:00,34,1,393,2546.9,2548.1,2545.7,2546.8,2532,GC.v.0
2024-08-30 05:00:00+00:00,34,1,393,2546.8,2549.7,2545.9,2547.2,4430,GC.v.0
2024-08-30 06:00:00+00:00,34,1,393,2547.1,2557.6,2546.5,2550.7,12093,GC.v.0
2024-08-30 07:00:00+00:00,34,1,393,2550.6,2554.4,2550.4,2552.5,4460,GC.v.0
2024-08-30 08:00:00+00:00,34,1,393,2552.5,2559.8,2552.1,2556.0,5972,GC.v.0
2024-08-30 09:00:00+00:00,34,1,393,2555.9,2560.1,2555.7,2557.2,4412,GC.v.0
2024-08-30 10:00:00+00:00,34,1,393,2557.3,2557.8,2548.1,2548.6,7047,GC.v.0
2024-08-30 11:00:00+00:00,34,1,393,2548.6,2554.9,2548.2,2552.7,5292,GC.v.0
2024-08-30 12:00:00+00:00,34,1,393,2552.6,2558.1,2549.5,2553.0,11205,GC.v.0
2024-08-30 13:00:00+00:00,34,1,393,2553.0,2553.0,2546.1,2549.0,12745,GC.v.0
2024-08-30 14:00:00+00:00,34,1,393,2548.8,2551.7,2539.3,2542.1,19137,GC.v.0
2024-08-30 15:00:00+00:00,34,1,393,2542.1,2542.6,2533.0,2535.3,17201,GC.v.0
2024-08-30 16:00:00+00:00,34,1,393,2535.2,2538.8,2529.2,2530.3,12670,GC.v.0
2024-08-30 17:00:00+00:00,34,1,393,2530.3,2533.0,2526.6,2532.1,12887,GC.v.0
2024-08-30 18:00:00+00:00,34,1,393,2532.2,2537.2,2531.9,2534.9,6975,GC.v.0
2024-08-30 19:00:00+00:00,34,1,393,2534.8,2536.6,2530.8,2534.7,5415,GC.v.0
2024-08-30 20:00:00+00:00,34,1,393,2534.8,2536.1,2534.4,2536.0,2305,GC.v.0
2024-09-01 22:00:00+00:00,34,1,393,2536.0,2536.8,2531.6,2535.4,1563,GC.v.0
2024-09-01 23:00:00+00:00,34,1,393,2535.4,2535.7,2533.9,2535.1,2035,GC.v.0
2024-09-02 00:00:00+00:00,34,1,393,2535.1,2537.2,2533.3,2533.6,1352,GC.v.0
2024-09-02 01:00:00+00:00,34,1,393,2533.5,2537.1,2529.1,2530.4,3860,GC.v.0
2024-09-02 02:00:00+00:00,34,1,393,2530.3,2530.7,2522.1,2524.0,6288,GC.v.0
2024-09-02 03:00:00+00:00,34,1,393,2523.8,2528.5,2523.5,2528.3,2305,GC.v.0
2024-09-02 04:00:00+00:00,34,1,393,2528.4,2531.4,2528.1,2528.9,2280,GC.v.0
2024-09-02 05:00:00+00:00,34,1,393,2529.0,2530.6,2527.4,2528.7,3054,GC.v.0
2024-09-02 06:00:00+00:00,34,1,393,2528.7,2533.6,2528.0,2529.9,4139,GC.v.0
2024-09-02 07:00:00+00:00,34,1,393,2529.8,2531.8,2528.3,2530.3,3368,GC.v.0
2024-09-02 08:00:00+00:00,34,1,393,2530.3,2539.5,2529.2,2538.5,7374,GC.v.0
2024-09-02 09:00:00+00:00,34,1,393,2538.4,2538.7,2530.6,2531.5,5209,GC.v.0
2024-09-02 10:00:00+00:00,34,1,393,2531.4,2534.6,2530.7,2531.6,3215,GC.v.0
2024-09-02 11:00:00+00:00,34,1,393,2531.7,2532.5,2529.5,2532.2,2861,GC.v.0
2024-09-02 12:00:00+00:00,34,1,393,2532.1,2535.6,2531.1,2533.6,2957,GC.v.0
2024-09-02 13:00:00+00:00,34,1,393,2533.6,2534.7,2530.6,2532.1,3616,GC.v.0
2024-09-02 14:00:00+00:00,34,1,393,2532.0,2534.7,2530.0,2534.2,4077,GC.v.0
2024-09-02 15:00:00+00:00,34,1,393,2534.4,2534.7,2532.0,2533.8,2959,GC.v.0
2024-09-02 16:00:00+00:00,34,1,393,2533.9,2534.1,2530.7,2532.4,1419,GC.v.0
2024-09-02 17:00:00+00:00,34,1,393,2532.4,2533.4,2530.9,2531.5,895,GC.v.0
2024-09-02 18:00:00+00:00,34,1,393,2531.6,2532.4,2530.8,2531.7,451,GC.v.0
2024-09-02 22:00:00+00:00,34,1,393,2531.8,2532.1,2529.3,2529.6,882,GC.v.0
2024-09-02 23:00:00+00:00,34,1,393,2529.6,2530.3,2528.3,2529.1,1591,GC.v.0
2024-09-03 00:00:00+00:00,34,1,393,2529.2,2529.7,2526.8,2527.5,1837,GC.v.0
2024-09-03 01:00:00+00:00,34,1,393,2527.6,2527.6,2521.1,2525.7,6130,GC.v.0
2024-09-03 02:00:00+00:00,34,1,393,2525.7,2528.3,2524.2,2527.1,5616,GC.v.0
2024-09-03 03:00:00+00:00,34,1,393,2527.0,2527.7,2524.7,2526.5,2831,GC.v.0
2024-09-03 04:00:00+00:00,34,1,393,2526.4,2528.7,2525.5,2527.7,1444,GC.v.0
2024-09-03 05:00:00+00:00,34,1,393,2527.5,2527.7,2524.4,2526.8,3690,GC.v.0
2024-09-03 06:00:00+00:00,34,1,393,2526.7,2531.1,2524.6,2529.8,6322,GC.v.0
2024-09-03 07:00:00+00:00,34,1,393,2529.9,2534.0,2528.5,2532.9,7187,GC.v.0
2024-09-03 08:00:00+00:00,34,1,393,2533.0,2538.5,2532.6,2536.0,6431,GC.v.0
2024-09-03 09:00:00+00:00,34,1,393,2536.1,2537.1,2532.9,2532.9,4739,GC.v.0
2024-09-03 10:00:00+00:00,34,1,393,2532.8,2533.0,2524.3,2529.3,9862,GC.v.0
2024-09-03 11:00:00+00:00,34,1,393,2529.2,2533.6,2516.3,2521.5,17851,GC.v.0
2024-09-03 12:00:00+00:00,34,1,393,2521.2,2534.2,2519.0,2525.2,26218,GC.v.0
2024-09-03 13:00:00+00:00,34,1,393,2525.3,2529.6,2506.8,2511.6,33880,GC.v.0
2024-09-03 14:00:00+00:00,34,1,393,2511.7,2518.5,2504.4,2509.7,27046,GC.v.0
2024-09-03 15:00:00+00:00,34,1,393,2509.6,2521.3,2508.6,2520.0,11204,GC.v.0
2024-09-03 16:00:00+00:00,34,1,393,2520.1,2520.6,2515.3,2517.4,5705,GC.v.0
2024-09-03 17:00:00+00:00,34,1,393,2517.4,2523.7,2517.0,2520.9,6166,GC.v.0
2024-09-03 18:00:00+00:00,34,1,393,2521.0,2521.5,2518.6,2520.9,2883,GC.v.0
2024-09-03 19:00:00+00:00,34,1,393,2520.7,2526.0,2520.5,2523.6,4473,GC.v.0
2024-09-03 20:00:00+00:00,34,1,393,2523.5,2524.9,2522.9,2524.8,1230,GC.v.0
2024-09-03 22:00:00+00:00,34,1,393,2524.6,2525.9,2523.5,2524.5,1432,GC.v.0
2024-09-03 23:00:00+00:00,34,1,393,2524.6,2526.2,2523.8,2524.7,1290,GC.v.0
2024-09-04 00:00:00+00:00,34,1,393,2524.7,2526.4,2523.4,2523.5,2622,GC.v.0
2024-09-04 01:00:00+00:00,34,1,393,2523.6,2525.8,2522.4,2524.8,3063,GC.v.0
2024-09-04 02:00:00+00:00,34,1,393,2524.6,2528.4,2523.8,2526.8,2654,GC.v.0
2024-09-04 03:00:00+00:00,34,1,393,2526.7,2528.1,2524.8,2526.3,1338,GC.v.0
2024-09-04 04:00:00+00:00,34,1,393,2526.4,2528.0,2525.7,2527.1,967,GC.v.0
2024-09-04 05:00:00+00:00,34,1,393,2527.1,2527.8,2524.0,2524.3,2772,GC.v.0
2024-09-04 06:00:00+00:00,34,1,393,2524.4,2524.7,2514.7,2515.6,5969,GC.v.0
2024-09-04 07:00:00+00:00,34,1,393,2515.5,2519.5,2512.8,2513.2,7306,GC.v.0
2024-09-04 08:00:00+00:00,34,1,393,2513.1,2514.3,2503.3,2504.1,11795,GC.v.0
2024-09-04 09:00:00+00:00,34,1,393,2504.2,2514.4,2502.7,2512.7,11233,GC.v.0
2024-09-04 10:00:00+00:00,34,1,393,2512.7,2521.2,2512.2,2520.1,7261,GC.v.0
2024-09-04 11:00:00+00:00,34,1,393,2520.2,2522.3,2517.6,2520.2,6979,GC.v.0
2024-09-04 12:00:00+00:00,34,1,393,2520.2,2522.5,2516.3,2517.5,10539,GC.v.0
2024-09-04 13:00:00+00:00,34,1,393,2517.4,2521.3,2512.8,2516.4,15686,GC.v.0
2024-09-04 14:00:00+00:00,34,1,393,2516.2,2531.5,2515.5,2527.2,32998,GC.v.0
2024-09-04 15:00:00+00:00,34,1,393,2527.4,2529.5,2523.9,2525.2,9365,GC.v.0
2024-09-04 16:00:00+00:00,34,1,393,2525.1,2529.3,2524.3,2528.0,5485,GC.v.0
2024-09-04 17:00:00+00:00,34,1,393,2528.0,2528.6,2524.8,2525.4,6547,GC.v.0
2024-09-04 18:00:00+00:00,34,1,393,2525.4,2526.7,2523.0,2525.7,4565,GC.v.0
2024-09-04 19:00:00+00:00,34,1,393,2525.8,2525.8,2522.5,2524.3,3884,GC.v.0
2024-09-04 20:00:00+00:00,34,1,393,2524.2,2528.0,2523.8,2526.5,2219,GC.v.0
2024-09-04 22:00:00+00:00,34,1,393,2526.4,2526.5,2524.7,2525.4,800,GC.v.0
2024-09-04 23:00:00+00:00,34,1,393,2525.5,2527.0,2525.2,2526.0,997,GC.v.0
2024-09-05 00:00:00+00:00,34,1,393,2526.0,2526.6,2524.5,2525.2,1206,GC.v.0
2024-09-05 01:00:00+00:00,34,1,393,2525.2,2529.6,2524.7,2526.6,3478,GC.v.0
2024-09-05 02:00:00+00:00,34,1,393,2526.6,2529.2,2526.4,2528.3,1273,GC.v.0
2024-09-05 03:00:00+00:00,34,1,393,2528.2,2528.8,2524.6,2524.8,1863,GC.v.0
2024-09-05 04:00:00+00:00,34,1,393,2524.7,2525.1,2523.7,2524.2,1883,GC.v.0
2024-09-05 05:00:00+00:00,34,1,393,2524.1,2533.3,2523.8,2531.9,4210,GC.v.0
2024-09-05 06:00:00+00:00,34,1,393,2531.9,2537.1,2530.8,2534.3,7780,GC.v.0
2024-09-05 07:00:00+00:00,34,1,393,2534.2,2537.4,2532.9,2536.5,5091,GC.v.0
2024-09-05 08:00:00+00:00,34,1,393,2536.5,2547.4,2536.1,2545.0,12133,GC.v.0
2024-09-05 09:00:00+00:00,34,1,393,2545.2,2547.6,2545.2,2545.8,4609,GC.v.0
2024-09-05 10:00:00+00:00,34,1,393,2545.7,2547.1,2543.5,2546.5,4502,GC.v.0
2024-09-05 11:00:00+00:00,34,1,393,2546.6,2548.7,2543.8,2545.4,7154,GC.v.0
2024-09-05 12:00:00+00:00,34,1,393,2545.5,2554.0,2544.3,2548.1,18699,GC.v.0
2024-09-05 13:00:00+00:00,34,1,393,2548.1,2549.6,2542.6,2544.7,13212,GC.v.0
2024-09-05 14:00:00+00:00,34,1,393,2544.9,2550.9,2537.5,2539.0,23692,GC.v.0
2024-09-05 15:00:00+00:00,34,1,393,2539.1,2541.3,2533.7,2537.4,13704,GC.v.0
2024-09-05 16:00:00+00:00,34,1,393,2537.4,2542.1,2536.3,2540.7,4630,GC.v.0
2024-09-05 17:00:00+00:00,34,1,393,2540.6,2545.8,2539.6,2545.5,5360,GC.v.0
2024-09-05 18:00:00+00:00,34,1,393,2545.6,2547.4,2545.0,2546.0,3177,GC.v.0
2024-09-05 19:00:00+00:00,34,1,393,2545.9,2546.5,2544.0,2545.2,2760,GC.v.0
2024-09-05 20:00:00+00:00,34,1,393,2545.3,2547.3,2545.1,2547.1,1326,GC.v.0
2024-09-05 22:00:00+00:00,34,1,393,2547.1,2547.2,2545.7,2546.1,878,GC.v.0
2024-09-05 23:00:00+00:00,34,1,393,2546.1,2547.9,2546.1,2547.2,1489,GC.v.0
2024-09-06 00:00:00+00:00,34,1,393,2547.3,2547.5,2545.6,2545.9,1162,GC.v.0
2024-09-06 01:00:00+00:00,34,1,393,2545.8,2546.5,2543.1,2543.5,2533,GC.v.0
2024-09-06 02:00:00+00:00,34,1,393,2543.5,2547.8,2542.8,2547.4,2170,GC.v.0
2024-09-06 03:00:00+00:00,34,1,393,2547.3,2548.2,2546.7,2548.0,1173,GC.v.0
2024-09-06 04:00:00+00:00,34,1,393,2547.9,2549.4,2547.4,2548.3,2324,GC.v.0
2024-09-06 05:00:00+00:00,34,1,393,2548.3,2551.9,2548.3,2550.1,3668,GC.v.0
2024-09-06 06:00:00+00:00,34,1,393,2550.1,2551.7,2546.7,2549.4,4310,GC.v.0
2024-09-06 07:00:00+00:00,34,1,393,2549.2,2550.1,2546.4,2546.5,3243,GC.v.0
2024-09-06 08:00:00+00:00,34,1,393,2546.5,2548.4,2545.6,2547.8,2999,GC.v.0
2024-09-06 09:00:00+00:00,34,1,393,2547.8,2549.9,2546.4,2549.1,2930,GC.v.0
2024-09-06 10:00:00+00:00,34,1,393,2549.1,2549.7,2546.9,2548.8,3226,GC.v.0
2024-09-06 11:00:00+00:00,34,1,393,2548.7,2550.3,2544.6,2546.2,3848,GC.v.0
2024-09-06 12:00:00+00:00,34,1,393,2546.1,2559.8,2537.3,2552.3,34070,GC.v.0
2024-09-06 13:00:00+00:00,34,1,393,2552.4,2553.2,2531.6,2539.3,32860,GC.v.0
2024-09-06 14:00:00+00:00,34,1,393,2539.1,2545.6,2529.9,2536.3,28032,GC.v.0
2024-09-06 15:00:00+00:00,34,1,393,2536.5,2548.4,2533.2,2534.9,28482,GC.v.0
2024-09-06 16:00:00+00:00,34,1,393,2534.8,2535.4,2513.9,2518.4,32038,GC.v.0
2024-09-06 17:00:00+00:00,34,1,393,2518.3,2526.5,2515.2,2524.8,13494,GC.v.0
2024-09-06 18:00:00+00:00,34,1,393,2525.0,2526.2,2521.3,2524.0,4887,GC.v.0
2024-09-06 19:00:00+00:00,34,1,393,2524.1,2526.3,2520.0,2525.4,5039,GC.v.0
2024-09-06 20:00:00+00:00,34,1,393,2525.2,2527.3,2524.2,2526.8,1981,GC.v.0
2024-09-08 22:00:00+00:00,34,1,393,2526.5,2527.3,2525.3,2527.0,2411,GC.v.0
2024-09-08 23:00:00+00:00,34,1,393,2527.2,2527.5,2524.6,2526.0,2428,GC.v.0
2024-09-09 00:00:00+00:00,34,1,393,2526.1,2527.3,2524.6,2525.0,3035,GC.v.0
2024-09-09 01:00:00+00:00,34,1,393,2524.9,2527.8,2523.7,2526.8,3135,GC.v.0
2024-09-09 02:00:00+00:00,34,1,393,2526.9,2528.3,2525.9,2526.1,2345,GC.v.0
2024-09-09 03:00:00+00:00,34,1,393,2526.0,2529.5,2525.6,2528.2,2840,GC.v.0
2024-09-09 04:00:00+00:00,34,1,393,2528.1,2528.5,2526.3,2527.2,1558,GC.v.0
2024-09-09 05:00:00+00:00,34,1,393,2527.1,2527.3,2516.3,2516.8,4761,GC.v.0
2024-09-09 06:00:00+00:00,34,1,393,2516.9,2522.4,2514.2,2518.7,8495,GC.v.0
2024-09-09 07:00:00+00:00,34,1,393,2518.8,2526.0,2517.7,2523.5,10536,GC.v.0
2024-09-09 08:00:00+00:00,34,1,393,2523.5,2524.9,2519.2,2521.1,9433,GC.v.0
2024-09-09 09:00:00+00:00,34,1,393,2521.3,2526.6,2521.1,2525.3,4998,GC.v.0
2024-09-09 10:00:00+00:00,34,1,393,2525.4,2528.3,2522.1,2523.6,5185,GC.v.0
2024-09-09 11:00:00+00:00,34,1,393,2523.6,2528.1,2522.5,2526.4,3282,GC.v.0
2024-09-09 12:00:00+00:00,34,1,393,2526.5,2533.5,2525.4,2530.2,9458,GC.v.0
2024-09-09 13:00:00+00:00,34,1,393,2530.1,2534.7,2528.3,2529.0,16352,GC.v.0
2024-09-09 14:00:00+00:00,34,1,393,2528.9,2530.4,2522.2,2526.1,12543,GC.v.0
2024-09-09 15:00:00+00:00,34,1,393,2526.1,2528.9,2522.7,2528.3,5810,GC.v.0
2024-09-09 16:00:00+00:00,34,1,393,2528.4,2534.4,2528.4,2533.5,6839,GC.v.0
2024-09-09 17:00:00+00:00,34,1,393,2533.6,2535.8,2528.5,2529.0,9811,GC.v.0
2024-09-09 18:00:00+00:00,34,1,393,2529.0,2534.4,2528.4,2533.8,4040,GC.v.0
2024-09-09 19:00:00+00:00,34,1,393,2533.7,2535.2,2531.7,2535.1,2907,GC.v.0
2024-09-09 20:00:00+00:00,34,1,393,2535.1,2536.5,2534.4,2535.5,1882,GC.v.0
2024-09-09 22:00:00+00:00,34,1,393,2536.0,2536.1,2534.7,2535.9,817,GC.v.0
2024-09-09 23:00:00+00:00,34,1,393,2535.8,2536.5,2534.6,2535.6,1777,GC.v.0
2024-09-10 00:00:00+00:00,34,1,393,2535.7,2536.3,2533.6,2534.1,1532,GC.v.0
2024-09-10 01:00:00+00:00,34,1,393,2534.2,2535.7,2531.6,2532.5,2338,GC.v.0
2024-09-10 02:00:00+00:00,34,1,393,2532.7,2532.8,2530.7,2532.0,2091,GC.v.0
2024-09-10 03:00:00+00:00,34,1,393,2531.9,2533.3,2530.4,2531.4,1757,GC.v.0
2024-09-10 04:00:00+00:00,34,1,393,2531.4,2531.7,2529.8,2530.6,1646,GC.v.0
2024-09-10 05:00:00+00:00,34,1,393,2530.6,2533.8,2529.6,2532.9,2624,GC.v.0
2024-09-10 06:00:00+00:00,34,1,393,2533.0,2535.5,2532.2,2534.0,3937,GC.v.0
2024-09-10 07:00:00+00:00,34,1,393,2533.9,2536.8,2531.1,2531.8,5528,GC.v.0
2024-09-10 08:00:00+00:00,34,1,393,2531.7,2532.2,2529.1,2531.2,5591,GC.v.0
2024-09-10 09:00:00+00:00,34,1,393,2531.1,2535.0,2528.9,2535.0,6511,GC.v.0
2024-09-10 10:00:00+00:00,34,1,393,2535.0,2538.7,2534.0,2534.5,12141,GC.v.0
2024-09-10 11:00:00+00:00,34,1,393,2534.5,2536.0,2533.0,2533.5,6041,GC.v.0
2024-09-10 12:00:00+00:00,34,1,393,2533.5,2543.2,2533.4,2542.9,10918,GC.v.0
2024-09-10 13:00:00+00:00,34,1,393,2543.0,2544.3,2535.1,2535.9,18277,GC.v.0
2024-09-10 14:00:00+00:00,34,1,393,2535.8,2538.2,2529.7,2538.0,17374,GC.v.0
2024-09-10 15:00:00+00:00,34,1,393,2538.0,2547.5,2537.1,2541.6,14486,GC.v.0
2024-09-10 16:00:00+00:00,34,1,393,2541.7,2544.5,2539.6,2543.2,5624,GC.v.0
2024-09-10 17:00:00+00:00,34,1,393,2543.1,2544.4,2541.6,2541.9,5108,GC.v.0
2024-09-10 18:00:00+00:00,34,1,393,2541.9,2545.5,2540.8,2545.4,11881,GC.v.0
2024-09-10 19:00:00+00:00,34,1,393,2545.3,2546.6,2543.2,2546.4,7173,GC.v.0
2024-09-10 20:00:00+00:00,34,1,393,2546.3,2546.5,2544.9,2545.7,1905,GC.v.0
2024-09-10 22:00:00+00:00,34,1,393,2545.7,2546.0,2545.1,2545.4,1062,GC.v.0
2024-09-10 23:00:00+00:00,34,1,393,2545.4,2547.8,2545.3,2547.6,1038,GC.v.0
2024-09-11 00:00:00+00:00,34,1,393,2547.5,2547.9,2544.9,2545.3,1803,GC.v.0
2024-09-11 01:00:00+00:00,34,1,393,2545.2,2552.0,2543.6,2547.7,6926,GC.v.0
2024-09-11 02:00:00+00:00,34,1,393,2547.6,2549.4,2546.6,2547.8,2038,GC.v.0
2024-09-11 03:00:00+00:00,34,1,393,2547.6,2548.9,2545.7,2548.2,3052,GC.v.0
2024-09-11 04:00:00+00:00,34,1,393,2548.3,2549.0,2547.3,2548.4,1962,GC.v.0
2024-09-11 05:00:00+00:00,34,1,393,2548.4,2551.3,2548.2,2550.2,4850,GC.v.0
2024-09-11 06:00:00+00:00,34,1,393,2550.2,2558.0,2549.8,2555.5,11651,GC.v.0
2024-09-11 07:00:00+00:00,34,1,393,2555.6,2556.8,2549.8,2550.6,5625,GC.v.0
2024-09-11 08:00:00+00:00,34,1,393,2550.6,2556.2,2549.8,2553.3,8209,GC.v.0
2024-09-11 09:00:00+00:00,34,1,393,2553.4,2553.6,2550.9,2552.2,2738,GC.v.0
2024-09-11 10:00:00+00:00,34,1,393,2552.1,2552.2,2548.8,2550.8,6704,GC.v.0
2024-09-11 11:00:00+00:00,34,1,393,2550.7,2553.4,2549.7,2551.0,5268,GC.v.0
2024-09-11 12:00:00+00:00,34,1,393,2551.0,2553.5,2530.7,2537.2,34747,GC.v.0
2024-09-11 13:00:00+00:00,34,1,393,2537.2,2541.8,2531.6,2538.4,25858,GC.v.0
2024-09-11 14:00:00+00:00,34,1,393,2538.2,2539.2,2529.0,2538.2,18773,GC.v.0
2024-09-11 15:00:00+00:00,34,1,393,2538.1,2543.9,2537.4,2543.6,9141,GC.v.0
2024-09-11 16:00:00+00:00,34,1,393,2543.5,2549.0,2542.4,2544.1,9397,GC.v.0
2024-09-11 17:00:00+00:00,34,1,393,2544.0,2545.7,2541.1,2543.4,11837,GC.v.0
2024-09-11 18:00:00+00:00,34,1,393,2543.3,2545.2,2539.8,2540.0,6503,GC.v.0
2024-09-11 19:00:00+00:00,34,1,393,2540.1,2541.9,2538.3,2541.5,4531,GC.v.0
2024-09-11 20:00:00+00:00,34,1,393,2541.6,2542.4,2539.9,2540.2,1599,GC.v.0
2024-09-11 22:00:00+00:00,34,1,393,2540.6,2541.6,2540.0,2540.5,959,GC.v.0
2024-09-11 23:00:00+00:00,34,1,393,2540.5,2540.9,2539.5,2539.6,907,GC.v.0
2024-09-12 00:00:00+00:00,34,1,393,2539.6,2540.2,2538.7,2540.0,1049,GC.v.0
2024-09-12 01:00:00+00:00,34,1,393,2539.8,2543.1,2539.5,2541.0,2171,GC.v.0
2024-09-12 02:00:00+00:00,34,1,393,2541.1,2542.1,2538.9,2540.2,1447,GC.v.0
2024-09-12 03:00:00+00:00,34,1,393,2540.2,2543.9,2540.1,2543.7,1298,GC.v.0
2024-09-12 04:00:00+00:00,34,1,393,2543.8,2545.6,2543.2,2544.8,1719,GC.v.0
2024-09-12 05:00:00+00:00,34,1,393,2544.9,2547.5,2544.9,2547.2,2412,GC.v.0
2024-09-12 06:00:00+00:00,34,1,393,2547.2,2550.0,2544.4,2544.4,4668,GC.v.0
2024-09-12 07:00:00+00:00,34,1,393,2544.5,2545.7,2542.2,2543.8,4404,GC.v.0
2024-09-12 08:00:00+00:00,34,1,393,2543.8,2547.3,2543.0,2545.1,3681,GC.v.0
2024-09-12 09:00:00+00:00,34,1,393,2545.2,2547.1,2544.2,2546.7,2069,GC.v.0
2024-09-12 10:00:00+00:00,34,1,393,2546.7,2549.0,2541.0,2541.2,6637,GC.v.0
2024-09-12 11:00:00+00:00,34,1,393,2541.0,2548.3,2540.9,2547.4,14686,GC.v.0
2024-09-12 12:00:00+00:00,34,1,393,2547.6,2564.1,2546.5,2556.8,32466,GC.v.0
2024-09-12 13:00:00+00:00,34,1,393,2556.7,2580.4,2550.0,2573.8,55766,GC.v.0
2024-09-12 14:00:00+00:00,34,1,393,2573.8,2583.3,2569.8,2581.9,24794,GC.v.0
2024-09-12 15:00:00+00:00,34,1,393,2581.9,2583.6,2577.3,2581.7,11983,GC.v.0
2024-09-12 16:00:00+00:00,34,1,393,2581.8,2582.1,2573.4,2579.2,10739,GC.v.0
2024-09-12 17:00:00+00:00,34,1,393,2579.3,2583.5,2578.5,2582.4,11667,GC.v.0
2024-09-12 18:00:00+00:00,34,1,393,2582.5,2587.2,2580.4,2584.3,10674,GC.v.0
2024-09-12 19:00:00+00:00,34,1,393,2584.5,2587.7,2583.0,2586.2,6433,GC.v.0
2024-09-12 20:00:00+00:00,34,1,393,2586.2,2588.5,2585.1,2587.2,2952,GC.v.0
2024-09-12 22:00:00+00:00,34,1,393,2587.5,2587.7,2585.4,2585.7,1570,GC.v.0
2024-09-12 23:00:00+00:00,34,1,393,2585.7,2587.0,2585.0,2586.8,2277,GC.v.0
2024-09-13 00:00:00+00:00,34,1,393,2586.8,2591.5,2585.1,2589.9,3440,GC.v.0
2024-09-13 01:00:00+00:00,34,1,393,2589.9,2596.3,2587.9,2591.4,8390,GC.v.0
2024-09-13 02:00:00+00:00,34,1,393,2591.4,2593.7,2589.6,2593.4,2414,GC.v.0
2024-09-13 03:00:00+00:00,34,1,393,2593.4,2598.3,2592.8,2596.0,3651,GC.v.0
2024-09-13 04:00:00+00:00,34,1,393,2596.1,2598.2,2594.8,2596.9,1797,GC.v.0
2024-09-13 05:00:00+00:00,34,1,393,2596.9,2599.0,2594.0,2594.9,3170,GC.v.0
2024-09-13 06:00:00+00:00,34,1,393,2594.7,2596.8,2591.4,2595.1,6730,GC.v.0
2024-09-13 07:00:00+00:00,34,1,393,2595.1,2599.2,2591.9,2597.7,8428,GC.v.0
2024-09-13 08:00:00+00:00,34,1,393,2597.8,2599.1,2593.4,2597.8,6167,GC.v.0
2024-09-13 09:00:00+00:00,34,1,393,2597.8,2601.0,2594.7,2596.2,8952,GC.v.0
2024-09-13 10:00:00+00:00,34,1,393,2596.3,2597.1,2593.2,2594.8,3743,GC.v.0
2024-09-13 11:00:00+00:00,34,1,393,2594.9,2596.1,2591.4,2595.0,4210,GC.v.0
2024-09-13 12:00:00+00:00,34,1,393,2595.2,2604.0,2593.8,2603.9,9882,GC.v.0
2024-09-13 13:00:00+00:00,34,1,393,2603.9,2611.7,2601.5,2605.8,23610,GC.v.0
2024-09-13 14:00:00+00:00,34,1,393,2605.6,2608.4,2601.2,2606.4,16548,GC.v.0
2024-09-13 15:00:00+00:00,34,1,393,2606.6,2610.6,2601.6,2610.3,11415,GC.v.0
2024-09-13 16:00:00+00:00,34,1,393,2610.4,2613.3,2608.2,2612.6,8656,GC.v.0
2024-09-13 17:00:00+00:00,34,1,393,2612.5,2614.6,2609.7,2610.7,8183,GC.v.0
2024-09-13 18:00:00+00:00,34,1,393,2610.9,2612.1,2608.8,2610.4,5307,GC.v.0
2024-09-13 19:00:00+00:00,34,1,393,2610.5,2611.2,2606.8,2611.0,4951,GC.v.0
2024-09-13 20:00:00+00:00,34,1,393,2610.8,2611.2,2605.7,2606.2,2630,GC.v.0
2024-09-15 22:00:00+00:00,34,1,393,2608.0,2608.7,2605.5,2608.1,2660,GC.v.0
2024-09-15 23:00:00+00:00,34,1,393,2608.2,2608.5,2606.3,2607.0,2148,GC.v.0
2024-09-16 00:00:00+00:00,34,1,393,2606.9,2610.2,2606.8,2609.1,1448,GC.v.0
2024-09-16 01:00:00+00:00,34,1,393,2609.0,2610.4,2607.3,2609.4,1928,GC.v.0
2024-09-16 02:00:00+00:00,34,1,393,2609.3,2613.7,2609.2,2613.1,1952,GC.v.0
2024-09-16 03:00:00+00:00,34,1,393,2613.1,2616.6,2611.5,2614.1,4128,GC.v.0
2024-09-16 04:00:00+00:00,34,1,393,2614.2,2614.5,2612.6,2613.5,1034,GC.v.0
2024-09-16 05:00:00+00:00,34,1,393,2613.4,2616.9,2613.1,2616.2,2406,GC.v.0
2024-09-16 06:00:00+00:00,34,1,393,2616.3,2617.4,2612.7,2612.9,4419,GC.v.0
2024-09-16 07:00:00+00:00,34,1,393,2612.9,2613.2,2607.2,2609.8,8819,GC.v.0
2024-09-16 08:00:00+00:00,34,1,393,2609.9,2616.2,2609.2,2614.3,6737,GC.v.0
2024-09-16 09:00:00+00:00,34,1,393,2614.3,2615.9,2611.6,2612.9,3960,GC.v.0
2024-09-16 10:00:00+00:00,34,1,393,2613.1,2613.8,2602.5,2607.5,7646,GC.v.0
2024-09-16 11:00:00+00:00,34,1,393,2607.4,2610.8,2606.4,2610.5,5098,GC.v.0
2024-09-16 12:00:00+00:00,34,1,393,2610.6,2611.0,2606.0,2610.9,10141,GC.v.0
2024-09-16 13:00:00+00:00,34,1,393,2610.9,2616.8,2608.6,2615.8,12933,GC.v.0
2024-09-16 14:00:00+00:00,34,1,393,2615.7,2616.1,2603.7,2607.7,15146,GC.v.0
2024-09-16 15:00:00+00:00,34,1,393,2607.7,2609.6,2605.2,2607.4,7337,GC.v.0
2024-09-16 16:00:00+00:00,34,1,393,2607.5,2611.6,2607.1,2611.3,4123,GC.v.0
2024-09-16 17:00:00+00:00,34,1,393,2611.1,2611.7,2607.2,2610.1,5259,GC.v.0
2024-09-16 18:00:00+00:00,34,1,393,2610.2,2610.4,2607.8,2608.6,2549,GC.v.0
2024-09-16 19:00:00+00:00,34,1,393,2608.5,2610.9,2607.1,2609.9,2323,GC.v.0
2024-09-16 20:00:00+00:00,34,1,393,2609.9,2611.0,2609.2,2610.0,1439,GC.v.0
2024-09-16 22:00:00+00:00,34,1,393,2609.8,2610.8,2609.3,2610.1,1092,GC.v.0
2024-09-16 23:00:00+00:00,34,1,393,2610.3,2610.9,2609.3,2610.8,687,GC.v.0
2024-09-17 00:00:00+00:00,34,1,393,2610.7,2611.5,2606.9,2607.1,1744,GC.v.0
2024-09-17 01:00:00+00:00,34,1,393,2607.1,2609.8,2605.4,2609.7,2497,GC.v.0
2024-09-17 02:00:00+00:00,34,1,393,2609.6,2613.4,2607.9,2608.7,3617,GC.v.0
2024-09-17 03:00:00+00:00,34,1,393,2608.5,2608.6,2604.1,2604.5,3812,GC.v.0
2024-09-17 04:00:00+00:00,34,1,393,2604.4,2606.4,2601.2,2603.6,3140,GC.v.0
2024-09-17 05:00:00+00:00,34,1,393,2603.8,2606.5,2601.3,2606.2,2961,GC.v.0
2024-09-17 06:00:00+00:00,34,1,393,2606.3,2613.7,2606.2,2611.2,6804,GC.v.0
2024-09-17 07:00:00+00:00,34,1,393,2611.1,2612.7,2609.6,2610.7,3202,GC.v.0
2024-09-17 08:00:00+00:00,34,1,393,2610.7,2611.0,2604.8,2607.3,5732,GC.v.0
2024-09-17 09:00:00+00:00,34,1,393,2607.2,2607.2,2598.9,2600.5,8805,GC.v.0
2024-09-17 10:00:00+00:00,34,1,393,2600.5,2603.0,2596.9,2600.3,7443,GC.v.0
2024-09-17 11:00:00+00:00,34,1,393,2600.2,2609.0,2599.4,2606.9,10635,GC.v.0
2024-09-17 12:00:00+00:00,34,1,393,2607.1,2608.5,2594.9,2604.5,18086,GC.v.0
2024-09-17 13:00:00+00:00,34,1,393,2604.7,2606.5,2599.5,2600.5,12324,GC.v.0
2024-09-17 14:00:00+00:00,34,1,393,2600.4,2609.5,2598.3,2603.5,14799,GC.v.0
2024-09-17 15:00:00+00:00,34,1,393,2603.6,2604.3,2588.4,2592.4,15357,GC.v.0
2024-09-17 16:00:00+00:00,34,1,393,2592.5,2593.3,2588.0,2589.7,8370,GC.v.0
2024-09-17 17:00:00+00:00,34,1,393,2589.8,2597.2,2587.3,2596.7,9355,GC.v.0
2024-09-17 18:00:00+00:00,34,1,393,2596.5,2598.4,2595.4,2596.9,3526,GC.v.0
2024-09-17 19:00:00+00:00,34,1,393,2596.8,2597.9,2593.7,2595.4,3311,GC.v.0
2024-09-17 20:00:00+00:00,34,1,393,2595.4,2597.1,2594.9,2596.4,1726,GC.v.0
2024-09-17 22:00:00+00:00,34,1,393,2596.0,2597.9,2595.8,2597.1,895,GC.v.0
2024-09-17 23:00:00+00:00,34,1,393,2597.1,2600.6,2597.1,2600.3,1405,GC.v.0
2024-09-18 00:00:00+00:00,34,1,393,2600.2,2601.0,2597.7,2599.4,1973,GC.v.0
2024-09-18 01:00:00+00:00,34,1,393,2599.3,2602.9,2598.0,2598.5,4870,GC.v.0
2024-09-18 02:00:00+00:00,34,1,393,2598.7,2600.5,2596.4,2600.1,3092,GC.v.0
2024-09-18 03:00:00+00:00,34,1,393,2600.2,2602.8,2599.1,2602.2,2944,GC.v.0
2024-09-18 04:00:00+00:00,34,1,393,2602.2,2602.8,2594.2,2594.9,4269,GC.v.0
2024-09-18 05:00:00+00:00,34,1,393,2594.8,2595.5,2591.9,2594.0,4320,GC.v.0
2024-09-18 06:00:00+00:00,34,1,393,2594.1,2596.3,2592.9,2595.2,2919,GC.v.0
2024-09-18 07:00:00+00:00,34,1,393,2595.5,2598.2,2595.0,2597.8,3443,GC.v.0
2024-09-18 08:00:00+00:00,34,1,393,2597.9,2598.2,2594.6,2596.1,2126,GC.v.0
2024-09-18 09:00:00+00:00,34,1,393,2596.1,2598.6,2594.3,2598.6,4675,GC.v.0
2024-09-18 10:00:00+00:00,34,1,393,2598.8,2604.8,2597.8,2602.7,7451,GC.v.0
2024-09-18 11:00:00+00:00,34,1,393,2602.8,2607.3,2601.6,2604.0,5610,GC.v.0
2024-09-18 12:00:00+00:00,34,1,393,2604.1,2605.4,2600.1,2602.8,7229,GC.v.0
2024-09-18 13:00:00+00:00,34,1,393,2602.8,2605.3,2595.2,2598.5,10445,GC.v.0
2024-09-18 14:00:00+00:00,34,1,393,2598.5,2601.6,2594.5,2598.4,8888,GC.v.0
2024-09-18 15:00:00+00:00,34,1,393,2598.4,2601.4,2594.7,2596.5,6516,GC.v.0
2024-09-18 16:00:00+00:00,34,1,393,2596.6,2602.0,2595.7,2601.7,3966,GC.v.0
2024-09-18 17:00:00+00:00,34,1,393,2601.7,2601.7,2593.5,2594.0,7600,GC.v.0
2024-09-18 18:00:00+00:00,34,1,393,2594.4,2627.2,2594.4,2601.9,69857,GC.v.0
2024-09-18 19:00:00+00:00,34,1,393,2602.0,2602.5,2572.5,2574.8,46884,GC.v.0
2024-09-18 20:00:00+00:00,34,1,393,2574.9,2586.7,2574.2,2584.8,7408,GC.v.0
2024-09-18 22:00:00+00:00,34,1,393,2585.1,2586.6,2580.8,2584.2,2573,GC.v.0
2024-09-18 23:00:00+00:00,34,1,393,2584.0,2584.5,2580.9,2584.1,1761,GC.v.0
2024-09-19 00:00:00+00:00,34,1,393,2584.2,2584.4,2581.8,2583.5,2385,GC.v.0
2024-09-19 01:00:00+00:00,34,1,393,2583.5,2583.5,2575.3,2580.1,6546,GC.v.0
2024-09-19 02:00:00+00:00,34,1,393,2580.2,2591.6,2580.2,2588.9,6900,GC.v.0
2024-09-19 03:00:00+00:00,34,1,393,2588.9,2590.1,2585.8,2588.7,5417,GC.v.0
2024-09-19 04:00:00+00:00,34,1,393,2588.8,2588.9,2584.0,2588.7,4567,GC.v.0
2024-09-19 05:00:00+00:00,34,1,393,2588.6,2599.2,2588.6,2599.2,8473,GC.v.0
2024-09-19 06:00:00+00:00,34,1,393,2599.1,2603.5,2598.6,2600.7,8481,GC.v.0
2024-09-19 07:00:00+00:00,34,1,393,2600.6,2610.0,2599.8,2609.8,10558,GC.v.0
2024-09-19 08:00:00+00:00,34,1,393,2609.9,2612.0,2606.4,2610.4,5789,GC.v.0
2024-09-19 09:00:00+00:00,34,1,393,2610.3,2620.5,2609.4,2617.1,14742,GC.v.0
2024-09-19 10:00:00+00:00,34,1,393,2617.1,2617.1,2611.0,2613.9,7620,GC.v.0
2024-09-19 11:00:00+00:00,34,1,393,2613.9,2615.1,2609.4,2614.7,6008,GC.v.0
2024-09-19 12:00:00+00:00,34,1,393,2614.6,2616.5,2598.1,2601.6,20219,GC.v.0
2024-09-19 13:00:00+00:00,34,1,393,2601.6,2607.7,2594.3,2600.1,22730,GC.v.0
2024-09-19 14:00:00+00:00,34,1,393,2599.9,2610.0,2596.6,2606.4,17931,GC.v.0
2024-09-19 15:00:00+00:00,34,1,393,2606.5,2614.9,2605.6,2614.6,11427,GC.v.0
2024-09-19 16:00:00+00:00,34,1,393,2614.8,2617.9,2613.3,2617.1,9755,GC.v.0
2024-09-19 17:00:00+00:00,34,1,393,2617.0,2618.2,2613.4,2616.0,6581,GC.v.0
2024-09-19 18:00:00+00:00,34,1,393,2616.1,2616.3,2611.9,2613.5,4727,GC.v.0
2024-09-19 19:00:00+00:00,34,1,393,2613.4,2613.9,2610.8,2613.3,3979,GC.v.0
2024-09-19 20:00:00+00:00,34,1,393,2613.3,2614.6,2610.9,2611.7,2397,GC.v.0
2024-09-19 22:00:00+00:00,34,1,393,2611.2,2612.6,2610.9,2612.3,839,GC.v.0
2024-09-19 23:00:00+00:00,34,1,393,2612.3,2612.4,2611.0,2611.8,996,GC.v.0
2024-09-20 00:00:00+00:00,34,1,393,2611.8,2613.2,2610.6,2612.8,1740,GC.v.0
2024-09-20 01:00:00+00:00,34,1,393,2612.8,2614.4,2608.7,2613.3,4643,GC.v.0
2024-09-20 02:00:00+00:00,34,1,393,2613.1,2617.6,2612.2,2616.7,2598,GC.v.0
2024-09-20 03:00:00+00:00,34,1,393,2616.7,2618.7,2615.8,2616.6,3638,GC.v.0
2024-09-20 04:00:00+00:00,34,1,393,2616.5,2619.6,2616.5,2618.6,3282,GC.v.0
2024-09-20 05:00:00+00:00,34,1,393,2618.7,2620.2,2617.3,2619.5,2655,GC.v.0
2024-09-20 06:00:00+00:00,34,1,393,2619.6,2632.5,2619.3,2630.6,13968,GC.v.0
2024-09-20 07:00:00+00:00,34,1,393,2630.9,2635.1,2629.9,2632.3,10751,GC.v.0
2024-09-20 08:00:00+00:00,34,1,393,2632.3,2637.9,2630.6,2634.8,7282,GC.v.0
2024-09-20 09:00:00+00:00,34,1,393,2634.9,2635.7,2627.4,2631.3,7407,GC.v.0
2024-09-20 10:00:00+00:00,34,1,393,2631.4,2639.3,2631.3,2638.4,7340,GC.v.0
2024-09-20 11:00:00+00:00,34,1,393,2638.5,2640.7,2635.3,2639.1,6609,GC.v.0
2024-09-20 12:00:00+00:00,34,1,393,2639.0,2644.9,2638.8,2641.0,13239,GC.v.0
2024-09-20 13:00:00+00:00,34,1,393,2640.9,2641.9,2627.5,2631.9,26416,GC.v.0
2024-09-20 14:00:00+00:00,34,1,393,2631.9,2642.5,2629.9,2639.0,20536,GC.v.0
2024-09-20 15:00:00+00:00,34,1,393,2639.0,2648.6,2636.2,2648.3,23184,GC.v.0
2024-09-20 16:00:00+00:00,34,1,393,2648.3,2651.0,2645.2,2650.0,11786,GC.v.0
2024-09-20 17:00:00+00:00,34,1,393,2650.0,2650.5,2644.1,2644.7,10073,GC.v.0
2024-09-20 18:00:00+00:00,34,1,393,2644.8,2647.5,2642.9,2646.9,6119,GC.v.0
2024-09-20 19:00:00+00:00,34,1,393,2646.7,2648.7,2645.8,2646.1,5429,GC.v.0
2024-09-20 20:00:00+00:00,34,1,393,2646.1,2647.7,2644.0,2647.1,2455,GC.v.0
2024-09-22 22:00:00+00:00,34,1,393,2646.2,2647.8,2643.1,2645.0,2100,GC.v.0
2024-09-22 23:00:00+00:00,34,1,393,2645.1,2646.0,2644.1,2644.8,753,GC.v.0
2024-09-23 00:00:00+00:00,34,1,393,2644.6,2645.0,2642.9,2643.2,1731,GC.v.0
2024-09-23 01:00:00+00:00,34,1,393,2643.0,2646.5,2640.7,2645.0,5534,GC.v.0
2024-09-23 02:00:00+00:00,34,1,393,2644.9,2652.5,2643.5,2650.1,4741,GC.v.0
2024-09-23 03:00:00+00:00,34,1,393,2650.1,2655.9,2649.6,2653.3,5233,GC.v.0
2024-09-23 04:00:00+00:00,34,1,393,2653.1,2655.8,2652.7,2654.1,1777,GC.v.0
2024-09-23 05:00:00+00:00,34,1,393,2654.1,2656.1,2651.4,2654.6,3174,GC.v.0
2024-09-23 06:00:00+00:00,34,1,393,2654.8,2654.8,2649.3,2649.3,4770,GC.v.0
2024-09-23 07:00:00+00:00,34,1,393,2649.2,2649.8,2638.6,2640.0,11411,GC.v.0
2024-09-23 08:00:00+00:00,34,1,393,2639.9,2645.3,2639.5,2641.7,6431,GC.v.0
2024-09-23 09:00:00+00:00,34,1,393,2641.6,2646.8,2640.1,2646.4,4675,GC.v.0
2024-09-23 10:00:00+00:00,34,1,393,2646.3,2648.4,2645.6,2646.2,5150,GC.v.0
2024-09-23 11:00:00+00:00,34,1,393,2646.3,2650.5,2645.8,2649.0,6203,GC.v.0
2024-09-23 12:00:00+00:00,34,1,393,2648.9,2653.0,2644.5,2651.9,10162,GC.v.0
2024-09-23 13:00:00+00:00,34,1,393,2651.9,2659.4,2650.6,2656.6,23721,GC.v.0
2024-09-23 14:00:00+00:00,34,1,393,2656.6,2659.8,2652.4,2655.4,17844,GC.v.0
2024-09-23 15:00:00+00:00,34,1,393,2655.4,2657.0,2650.6,2654.1,10486,GC.v.0
2024-09-23 16:00:00+00:00,34,1,393,2654.0,2655.7,2651.3,2653.1,11076,GC.v.0
2024-09-23 17:00:00+00:00,34,1,393,2653.1,2654.1,2651.4,2653.0,6115,GC.v.0
2024-09-23 18:00:00+00:00,34,1,393,2652.9,2653.9,2650.9,2652.3,3971,GC.v.0
2024-09-23 19:00:00+00:00,34,1,393,2652.2,2652.7,2650.4,2651.0,3814,GC.v.0
2024-09-23 20:00:00+00:00,34,1,393,2651.1,2653.7,2650.9,2653.4,1392,GC.v.0
2024-09-23 22:00:00+00:00,34,1,393,2653.3,2653.8,2651.1,2652.1,1093,GC.v.0
2024-09-23 23:00:00+00:00,34,1,393,2652.1,2652.1,2650.5,2651.1,891,GC.v.0
2024-09-24 00:00:00+00:00,34,1,393,2651.0,2651.3,2648.5,2650.0,2087,GC.v.0
2024-09-24 01:00:00+00:00,34,1,393,2649.8,2655.2,2649.6,2653.9,4703,GC.v.0
2024-09-24 02:00:00+00:00,34,1,393,2653.9,2654.1,2651.5,2653.8,2515,GC.v.0
2024-09-24 03:00:00+00:00,34,1,393,2653.7,2660.9,2653.6,2658.9,5900,GC.v.0
2024-09-24 04:00:00+00:00,34,1,393,2658.8,2662.8,2656.5,2662.5,4416,GC.v.0
2024-09-24 05:00:00+00:00,34,1,393,2662.5,2664.6,2649.9,2650.1,9028,GC.v.0
2024-09-24 06:00:00+00:00,34,1,393,2650.3,2654.6,2648.9,2653.1,9446,GC.v.0
2024-09-24 07:00:00+00:00,34,1,393,2653.4,2654.9,2647.1,2653.6,7943,GC.v.0
2024-09-24 08:00:00+00:00,34,1,393,2653.5,2654.2,2650.5,2653.7,3089,GC.v.0
2024-09-24 09:00:00+00:00,34,1,393,2653.5,2655.7,2651.6,2655.3,4947,GC.v.0
2024-09-24 10:00:00+00:00,34,1,393,2655.4,2661.0,2655.2,2658.2,6803,GC.v.0
2024-09-24 11:00:00+00:00,34,1,393,2658.3,2658.5,2647.9,2651.1,11948,GC.v.0
2024-09-24 12:00:00+00:00,34,1,393,2651.1,2658.2,2648.0,2658.0,13938,GC.v.0
2024-09-24 13:00:00+00:00,34,1,393,2658.1,2662.2,2655.8,2660.2,15182,GC.v.0
2024-09-24 14:00:00+00:00,34,1,393,2660.3,2672.0,2659.0,2668.5,23409,GC.v.0
2024-09-24 15:00:00+00:00,34,1,393,2668.5,2673.7,2664.4,2667.8,18467,GC.v.0
2024-09-24 16:00:00+00:00,34,1,393,2667.9,2680.3,2667.1,2678.6,19725,GC.v.0
2024-09-24 17:00:00+00:00,34,1,393,2678.6,2680.0,2674.7,2679.1,9388,GC.v.0
2024-09-24 18:00:00+00:00,34,1,393,2679.0,2682.7,2678.4,2682.4,6372,GC.v.0
2024-09-24 19:00:00+00:00,34,1,393,2682.3,2689.4,2681.3,2687.7,11461,GC.v.0
2024-09-24 20:00:00+00:00,34,1,393,2687.7,2688.8,2681.5,2682.1,5015,GC.v.0
2024-09-24 22:00:00+00:00,34,1,393,2682.8,2684.4,2682.1,2683.6,1556,GC.v.0
2024-09-24 23:00:00+00:00,34,1,393,2683.7,2684.0,2681.3,2682.9,1750,GC.v.0
2024-09-25 00:00:00+00:00,34,1,393,2682.9,2686.4,2681.4,2685.3,2750,GC.v.0
2024-09-25 01:00:00+00:00,34,1,393,2685.5,2687.7,2679.8,2684.3,8306,GC.v.0
2024-09-25 02:00:00+00:00,34,1,393,2684.2,2694.9,2683.8,2694.4,6707,GC.v.0
2024-09-25 03:00:00+00:00,34,1,393,2694.4,2694.6,2684.2,2686.0,5116,GC.v.0
2024-09-25 04:00:00+00:00,34,1,393,2685.9,2686.2,2682.0,2683.2,2405,GC.v.0
2024-09-25 05:00:00+00:00,34,1,393,2683.1,2684.1,2678.6,2681.2,5205,GC.v.0
2024-09-25 06:00:00+00:00,34,1,393,2681.1,2683.7,2677.8,2679.2,6459,GC.v.0
2024-09-25 07:00:00+00:00,34,1,393,2679.5,2681.9,2674.2,2681.1,7267,GC.v.0
2024-09-25 08:00:00+00:00,34,1,393,2681.2,2682.9,2678.8,2680.2,4318,GC.v.0
2024-09-25 09:00:00+00:00,34,1,393,2680.2,2681.9,2677.0,2681.1,4304,GC.v.0
2024-09-25 10:00:00+00:00,34,1,393,2681.2,2682.5,2678.6,2679.8,5356,GC.v.0
2024-09-25 11:00:00+00:00,34,1,393,2679.8,2682.4,2678.1,2681.7,4560,GC.v.0
2024-09-25 12:00:00+00:00,34,1,393,2681.6,2685.3,2681.2,2683.8,10465,GC.v.0
2024-09-25 13:00:00+00:00,34,1,393,2683.8,2691.5,2682.6,2689.0,16865,GC.v.0
2024-09-25 14:00:00+00:00,34,1,393,2688.7,2691.9,2678.0,2683.4,21712,GC.v.0
2024-09-25 15:00:00+00:00,34,1,393,2683.4,2685.2,2679.5,2682.1,13149,GC.v.0
2024-09-25 16:00:00+00:00,34,1,393,2682.2,2683.5,2673.4,2677.8,14053,GC.v.0
2024-09-25 17:00:00+00:00,34,1,393,2677.8,2687.3,2677.2,2684.8,14016,GC.v.0
2024-09-25 18:00:00+00:00,34,1,393,2684.9,2685.9,2683.2,2684.7,3569,GC.v.0
2024-09-25 19:00:00+00:00,34,1,393,2684.5,2685.8,2683.7,2683.8,2924,GC.v.0
2024-09-25 20:00:00+00:00,34,1,393,2683.9,2684.3,2680.3,2681.3,2968,GC.v.0
2024-09-25 22:00:00+00:00,34,1,393,2681.2,2683.3,2680.7,2681.8,1774,GC.v.0
2024-09-25 23:00:00+00:00,34,1,393,2681.9,2683.2,2679.6,2679.8,1849,GC.v.0
2024-09-26 00:00:00+00:00,34,1,393,2679.9,2683.8,2678.5,2682.6,3985,GC.v.0
2024-09-26 01:00:00+00:00,34,1,393,2682.5,2685.1,2681.2,2684.5,2948,GC.v.0
2024-09-26 02:00:00+00:00,34,1,393,2684.3,2685.1,2680.3,2681.4,2041,GC.v.0
2024-09-26 03:00:00+00:00,34,1,393,2681.3,2685.7,2681.0,2685.7,3395,GC.v.0
2024-09-26 04:00:00+00:00,34,1,393,2685.7,2686.2,2683.3,2683.8,1619,GC.v.0
2024-09-26 05:00:00+00:00,34,1,393,2683.7,2686.7,2683.0,2684.8,3074,GC.v.0
2024-09-26 06:00:00+00:00,34,1,393,2684.5,2685.7,2681.1,2684.5,4447,GC.v.0
2024-09-26 07:00:00+00:00,34,1,393,2684.7,2690.0,2682.4,2687.6,7356,GC.v.0
2024-09-26 08:00:00+00:00,34,1,393,2687.7,2693.7,2687.6,2692.3,7294,GC.v.0
2024-09-26 09:00:00+00:00,34,1,393,2692.3,2693.1,2690.2,2692.2,4973,GC.v.0
2024-09-26 10:00:00+00:00,34,1,393,2692.1,2699.0,2690.7,2695.9,10092,GC.v.0
2024-09-26 11:00:00+00:00,34,1,393,2696.0,2708.7,2695.6,2705.9,16228,GC.v.0
2024-09-26 12:00:00+00:00,34,1,393,2706.0,2707.3,2691.4,2700.3,26267,GC.v.0
2024-09-26 13:00:00+00:00,34,1,393,2700.4,2702.8,2677.5,2683.5,39168,GC.v.0
2024-09-26 14:00:00+00:00,34,1,393,2683.5,2692.3,2682.4,2688.8,19582,GC.v.0
2024-09-26 15:00:00+00:00,34,1,393,2688.8,2696.0,2685.3,2694.2,9613,GC.v.0
2024-09-26 16:00:00+00:00,34,1,393,2694.2,2695.3,2685.9,2691.0,10638,GC.v.0
2024-09-26 17:00:00+00:00,34,1,393,2690.9,2695.2,2690.5,2693.9,5688,GC.v.0
2024-09-26 18:00:00+00:00,34,1,393,2694.0,2700.2,2693.1,2698.9,6131,GC.v.0
2024-09-26 19:00:00+00:00,34,1,393,2698.9,2700.9,2695.1,2696.6,4313,GC.v.0
2024-09-26 20:00:00+00:00,34,1,393,2696.6,2696.9,2693.7,2695.1,1855,GC.v.0
2024-09-26 22:00:00+00:00,34,1,393,2695.1,2695.7,2694.3,2694.7,1176,GC.v.0
2024-09-26 23:00:00+00:00,34,1,393,2694.7,2695.6,2694.3,2694.9,1166,GC.v.0
2024-09-27 00:00:00+00:00,34,1,393,2694.9,2695.0,2691.6,2692.0,1983,GC.v.0
2024-09-27 01:00:00+00:00,34,1,393,2692.0,2695.1,2688.5,2691.9,4062,GC.v.0
2024-09-27 02:00:00+00:00,34,1,393,2691.9,2693.3,2689.5,2691.3,3529,GC.v.0
2024-09-27 03:00:00+00:00,34,1,393,2691.4,2696.4,2691.0,2696.0,2286,GC.v.0
2024-09-27 04:00:00+00:00,34,1,393,2696.2,2696.3,2691.7,2692.9,1590,GC.v.0
2024-09-27 05:00:00+00:00,34,1,393,2693.0,2693.7,2684.4,2687.2,4769,GC.v.0
2024-09-27 06:00:00+00:00,34,1,393,2687.3,2691.7,2686.2,2687.9,7483,GC.v.0
2024-09-27 07:00:00+00:00,34,1,393,2687.8,2690.5,2683.2,2687.1,8153,GC.v.0
2024-09-27 08:00:00+00:00,34,1,393,2687.0,2687.8,2684.0,2684.8,4776,GC.v.0
2024-09-27 09:00:00+00:00,34,1,393,2684.7,2687.4,2680.6,2686.2,7440,GC.v.0
2024-09-27 10:00:00+00:00,34,1,393,2686.2,2687.9,2684.3,2686.7,4080,GC.v.0
2024-09-27 11:00:00+00:00,34,1,393,2686.7,2691.6,2686.7,2688.4,5018,GC.v.0
2024-09-27 12:00:00+00:00,34,1,393,2688.4,2696.9,2684.7,2692.4,15771,GC.v.0
2024-09-27 13:00:00+00:00,34,1,393,2692.5,2693.6,2686.5,2688.9,16686,GC.v.0
2024-09-27 14:00:00+00:00,34,1,393,2688.8,2689.6,2671.5,2671.8,25819,GC.v.0
2024-09-27 15:00:00+00:00,34,1,393,2671.7,2676.9,2666.3,2672.0,25398,GC.v.0
2024-09-27 16:00:00+00:00,34,1,393,2672.0,2678.5,2668.1,2673.9,12002,GC.v.0
2024-09-27 17:00:00+00:00,34,1,393,2674.0,2674.4,2665.3,2667.7,13256,GC.v.0
2024-09-27 18:00:00+00:00,34,1,393,2667.8,2671.5,2665.8,2670.4,5236,GC.v.0
2024-09-27 19:00:00+00:00,34,1,393,2670.5,2675.3,2668.0,2674.5,5543,GC.v.0
2024-09-27 20:00:00+00:00,34,1,393,2674.3,2682.7,2673.6,2680.8,3734,GC.v.0
2024-09-29 22:00:00+00:00,34,1,393,2680.5,2685.5,2679.3,2684.5,3628,GC.v.0
2024-09-29 23:00:00+00:00,34,1,393,2684.4,2686.8,2683.4,2685.3,2291,GC.v.0
2024-09-30 00:00:00+00:00,34,1,393,2685.4,2687.7,2682.8,2683.1,3581,GC.v.0
2024-09-30 01:00:00+00:00,34,1,393,2683.1,2685.9,2668.8,2674.4,8349,GC.v.0
2024-09-30 02:00:00+00:00,34,1,393,2674.1,2678.1,2672.0,2673.9,3532,GC.v.0
2024-09-30 03:00:00+00:00,34,1,393,2674.0,2677.3,2673.6,2675.2,1384,GC.v.0
2024-09-30 04:00:00+00:00,34,1,393,2675.0,2677.6,2673.7,2677.5,1910,GC.v.0
2024-09-30 05:00:00+00:00,34,1,393,2677.4,2681.0,2676.0,2679.4,2756,GC.v.0
2024-09-30 06:00:00+00:00,34,1,393,2679.4,2681.8,2677.2,2679.6,5108,GC.v.0
2024-09-30 07:00:00+00:00,34,1,393,2679.7,2682.4,2672.3,2672.6,6389,GC.v.0
2024-09-30 08:00:00+00:00,34,1,393,2672.6,2678.4,2672.3,2675.3,5130,GC.v.0
2024-09-30 09:00:00+00:00,34,1,393,2675.3,2675.3,2670.0,2671.4,5477,GC.v.0
2024-09-30 10:00:00+00:00,34,1,393,2671.4,2671.7,2657.3,2658.3,11181,GC.v.0
2024-09-30 11:00:00+00:00,34,1,393,2658.4,2664.4,2655.8,2663.2,8538,GC.v.0
2024-09-30 12:00:00+00:00,34,1,393,2663.4,2666.0,2656.5,2660.6,9526,GC.v.0
2024-09-30 13:00:00+00:00,34,1,393,2660.8,2663.6,2651.7,2657.1,16376,GC.v.0
2024-09-30 14:00:00+00:00,34,1,393,2657.0,2657.9,2650.2,2655.0,15691,GC.v.0
2024-09-30 15:00:00+00:00,34,1,393,2655.1,2658.1,2652.0,2655.3,8064,GC.v.0
2024-09-30 16:00:00+00:00,34,1,393,2655.5,2661.0,2654.9,2660.8,6223,GC.v.0
2024-09-30 17:00:00+00:00,34,1,393,2660.8,2663.4,2657.8,2659.2,7866,GC.v.0
2024-09-30 18:00:00+00:00,34,1,393,2659.2,2659.8,2646.2,2653.2,14752,GC.v.0
2024-09-30 19:00:00+00:00,34,1,393,2653.1,2653.5,2648.1,2652.8,5068,GC.v.0
2024-09-30 20:00:00+00:00,34,1,393,2652.9,2656.9,2652.6,2656.4,1931,GC.v.0
2024-09-30 22:00:00+00:00,34,1,393,2656.1,2656.4,2653.8,2656.4,1083,GC.v.0
2024-09-30 23:00:00+00:00,34,1,393,2656.5,2657.8,2656.0,2657.2,1396,GC.v.0
2024-10-01 00:00:00+00:00,34,1,393,2657.3,2658.7,2655.4,2657.9,2031,GC.v.0
2024-10-01 01:00:00+00:00,34,1,393,2658.0,2661.4,2657.0,2661.3,1375,GC.v.0
2024-10-01 02:00:00+00:00,34,1,393,2661.3,2661.5,2656.4,2657.8,2521,GC.v.0
2024-10-01 03:00:00+00:00,34,1,393,2657.8,2660.0,2655.8,2659.4,1667,GC.v.0
2024-10-01 04:00:00+00:00,34,1,393,2659.2,2661.8,2658.7,2661.0,1475,GC.v.0
2024-10-01 05:00:00+00:00,34,1,393,2660.9,2665.8,2660.9,2664.4,3384,GC.v.0
2024-10-01 06:00:00+00:00,34,1,393,2664.3,2666.8,2663.8,2666.5,3323,GC.v.0
2024-10-01 07:00:00+00:00,34,1,393,2666.6,2668.9,2662.9,2667.0,7774,GC.v.0
2024-10-01 08:00:00+00:00,34,1,393,2667.1,2668.2,2663.8,2667.9,3966,GC.v.0
2024-10-01 09:00:00+00:00,34,1,393,2667.8,2670.7,2666.8,2670.1,6126,GC.v.0
2024-10-01 10:00:00+00:00,34,1,393,2670.1,2672.0,2669.7,2671.7,3095,GC.v.0
2024-10-01 11:00:00+00:00,34,1,393,2671.7,2673.6,2668.0,2671.8,5382,GC.v.0
2024-10-01 12:00:00+00:00,34,1,393,2671.8,2678.3,2671.7,2673.2,11642,GC.v.0
2024-10-01 13:00:00+00:00,34,1,393,2673.2,2694.0,2669.5,2689.8,38787,GC.v.0
2024-10-01 14:00:00+00:00,34,1,393,2690.8,2691.9,2678.9,2680.5,27044,GC.v.0
2024-10-01 15:00:00+00:00,34,1,393,2680.6,2687.1,2675.2,2685.1,18502,GC.v.0
2024-10-01 16:00:00+00:00,34,1,393,2685.0,2694.7,2682.9,2687.8,18168,GC.v.0
2024-10-01 17:00:00+00:00,34,1,393,2687.8,2693.4,2681.9,2683.8,18318,GC.v.0
2024-10-01 18:00:00+00:00,34,1,393,2683.7,2686.4,2678.9,2682.5,7508,GC.v.0
2024-10-01 19:00:00+00:00,34,1,393,2682.4,2685.6,2679.4,2679.9,5303,GC.v.0
2024-10-01 20:00:00+00:00,34,1,393,2679.9,2685.3,2679.2,2684.8,2376,GC.v.0
2024-10-01 22:00:00+00:00,34,1,393,2684.6,2684.6,2681.9,2683.0,1084,GC.v.0
2024-10-01 23:00:00+00:00,34,1,393,2683.1,2683.2,2681.0,2681.2,1085,GC.v.0
2024-10-02 00:00:00+00:00,34,1,393,2681.2,2681.5,2678.0,2678.5,2268,GC.v.0
2024-10-02 01:00:00+00:00,34,1,393,2678.5,2683.2,2677.2,2681.6,3073,GC.v.0
2024-10-02 02:00:00+00:00,34,1,393,2681.6,2682.2,2679.5,2681.1,1535,GC.v.0
2024-10-02 03:00:00+00:00,34,1,393,2681.2,2682.6,2676.0,2676.2,2530,GC.v.0
2024-10-02 04:00:00+00:00,34,1,393,2676.2,2677.5,2673.4,2675.2,2721,GC.v.0
2024-10-02 05:00:00+00:00,34,1,393,2675.0,2677.2,2665.4,2669.0,6420,GC.v.0
2024-10-02 06:00:00+00:00,34,1,393,2669.1,2672.3,2668.1,2670.6,3197,GC.v.0
2024-10-02 07:00:00+00:00,34,1,393,2670.6,2676.7,2670.4,2676.5,5497,GC.v.0
2024-10-02 08:00:00+00:00,34,1,393,2676.6,2676.9,2669.6,2673.4,6506,GC.v.0
2024-10-02 09:00:00+00:00,34,1,393,2673.4,2676.8,2672.6,2674.1,4307,GC.v.0
2024-10-02 10:00:00+00:00,34,1,393,2674.0,2675.5,2669.8,2670.2,2432,GC.v.0
2024-10-02 11:00:00+00:00,34,1,393,2670.1,2673.6,2669.1,2670.6,3373,GC.v.0
2024-10-02 12:00:00+00:00,34,1,393,2670.7,2674.2,2664.9,2670.8,11372,GC.v.0
2024-10-02 13:00:00+00:00,34,1,393,2670.8,2682.3,2670.3,2680.8,16525,GC.v.0
2024-10-02 14:00:00+00:00,34,1,393,2681.0,2684.8,2668.4,2669.2,15744,GC.v.0
2024-10-02 15:00:00+00:00,34,1,393,2669.3,2672.0,2662.1,2671.3,14152,GC.v.0
2024-10-02 16:00:00+00:00,34,1,393,2671.2,2673.7,2669.2,2670.9,5663,GC.v.0
2024-10-02 17:00:00+00:00,34,1,393,2671.0,2674.3,2668.4,2673.6,4179,GC.v.0
2024-10-02 18:00:00+00:00,34,1,393,2673.7,2677.1,2672.4,2675.0,4461,GC.v.0
2024-10-02 19:00:00+00:00,34,1,393,2675.1,2680.1,2674.7,2679.8,3462,GC.v.0
2024-10-02 20:00:00+00:00,34,1,393,2679.8,2681.2,2679.4,2680.2,1814,GC.v.0
2024-10-02 22:00:00+00:00,34,1,393,2679.9,2680.8,2678.8,2679.7,1062,GC.v.0
2024-10-02 23:00:00+00:00,34,1,393,2679.6,2681.4,2679.6,2680.3,1304,GC.v.0
2024-10-03 00:00:00+00:00,34,1,393,2680.4,2683.4,2677.9,2678.3,3742,GC.v.0
2024-10-03 01:00:00+00:00,34,1,393,2678.2,2679.5,2675.4,2678.8,1758,GC.v.0
2024-10-03 02:00:00+00:00,34,1,393,2678.7,2679.2,2675.8,2676.2,1427,GC.v.0
2024-10-03 03:00:00+00:00,34,1,393,2676.1,2678.2,2673.7,2676.2,2356,GC.v.0
2024-10-03 04:00:00+00:00,34,1,393,2676.2,2676.9,2674.8,2675.2,826,GC.v.0
2024-10-03 05:00:00+00:00,34,1,393,2675.3,2676.8,2672.3,2673.6,2390,GC.v.0
2024-10-03 06:00:00+00:00,34,1,393,2673.6,2677.9,2671.8,2676.3,3342,GC.v.0
2024-10-03 07:00:00+00:00,34,1,393,2676.4,2676.7,2663.7,2665.5,7722,GC.v.0
2024-10-03 08:00:00+00:00,34,1,393,2665.4,2667.7,2661.9,2665.3,5693,GC.v.0
2024-10-03 09:00:00+00:00,34,1,393,2665.2,2667.9,2660.8,2664.9,5624,GC.v.0
2024-10-03 10:00:00+00:00,34,1,393,2664.8,2668.1,2664.1,2666.9,3664,GC.v.0
2024-10-03 11:00:00+00:00,34,1,393,2667.0,2669.3,2663.5,2668.3,4016,GC.v.0
2024-10-03 12:00:00+00:00,34,1,393,2668.3,2675.9,2662.3,2662.6,10248,GC.v.0
2024-10-03 13:00:00+00:00,34,1,393,2662.6,2671.6,2661.8,2667.6,11991,GC.v.0
2024-10-03 14:00:00+00:00,34,1,393,2667.3,2675.1,2657.8,2670.4,29560,GC.v.0
2024-10-03 15:00:00+00:00,34,1,393,2670.3,2674.9,2667.8,2668.9,8532,GC.v.0
2024-10-03 16:00:00+00:00,34,1,393,2669.2,2681.9,2668.7,2680.3,10737,GC.v.0
2024-10-03 17:00:00+00:00,34,1,393,2680.3,2682.4,2675.3,2676.9,7732,GC.v.0
2024-10-03 18:00:00+00:00,34,1,393,2677.0,2679.9,2675.6,2677.5,2837,GC.v.0
2024-10-03 19:00:00+00:00,34,1,393,2677.3,2679.6,2676.9,2677.9,4031,GC.v.0
2024-10-03 20:00:00+00:00,34,1,393,2677.9,2678.0,2675.7,2675.9,1592,GC.v.0
2024-10-03 22:00:00+00:00,34,1,393,2675.7,2677.0,2673.9,2675.7,1131,GC.v.0
2024-10-03 23:00:00+00:00,34,1,393,2675.5,2676.2,2673.9,2675.4,581,GC.v.0
2024-10-04 00:00:00+00:00,34,1,393,2675.5,2677.4,2675.1,2677.0,1314,GC.v.0
2024-10-04 01:00:00+00:00,34,1,393,2676.9,2679.0,2676.5,2678.1,1486,GC.v.0
2024-10-04 02:00:00+00:00,34,1,393,2678.1,2683.6,2677.8,2681.8,2229,GC.v.0
2024-10-04 03:00:00+00:00,34,1,393,2682.0,2683.4,2680.5,2680.8,1983,GC.v.0
2024-10-04 04:00:00+00:00,34,1,393,2680.8,2686.2,2680.3,2683.9,2639,GC.v.0
2024-10-04 05:00:00+00:00,34,1,393,2683.9,2687.7,2683.9,2687.2,1954,GC.v.0
2024-10-04 06:00:00+00:00,34,1,393,2687.2,2687.5,2679.2,2680.0,3179,GC.v.0
2024-10-04 07:00:00+00:00,34,1,393,2680.1,2683.2,2678.6,2681.0,3876,GC.v.0
2024-10-04 08:00:00+00:00,34,1,393,2681.1,2681.5,2678.7,2679.1,1899,GC.v.0
2024-10-04 09:00:00+00:00,34,1,393,2679.0,2680.1,2676.6,2677.4,2966,GC.v.0
2024-10-04 10:00:00+00:00,34,1,393,2677.4,2680.7,2677.1,2678.2,2103,GC.v.0
2024-10-04 11:00:00+00:00,34,1,393,2678.1,2682.6,2677.3,2681.4,3609,GC.v.0
2024-10-04 12:00:00+00:00,34,1,393,2681.3,2681.5,2651.6,2658.5,39235,GC.v.0
2024-10-04 13:00:00+00:00,34,1,393,2658.4,2675.6,2657.1,2671.9,25685,GC.v.0
2024-10-04 14:00:00+00:00,34,1,393,2671.9,2681.6,2666.4,2678.7,18490,GC.v.0
2024-10-04 15:00:00+00:00,34,1,393,2678.7,2690.6,2667.5,2673.4,34126,GC.v.0
2024-10-04 16:00:00+00:00,34,1,393,2673.4,2673.9,2661.8,2665.5,9335,GC.v.0
2024-10-04 17:00:00+00:00,34,1,393,2665.4,2670.5,2663.9,2670.1,7044,GC.v.0
2024-10-04 18:00:00+00:00,34,1,393,2670.2,2670.8,2664.4,2665.5,3782,GC.v.0
2024-10-04 19:00:00+00:00,34,1,393,2665.5,2672.0,2662.6,2671.6,4391,GC.v.0
2024-10-04 20:00:00+00:00,34,1,393,2671.5,2673.8,2669.7,2673.2,2191,GC.v.0
2024-10-06 22:00:00+00:00,34,1,393,2671.7,2672.6,2667.9,2670.2,1873,GC.v.0
2024-10-06 23:00:00+00:00,34,1,393,2670.1,2671.9,2669.1,2669.6,1251,GC.v.0
2024-10-07 00:00:00+00:00,34,1,393,2669.7,2670.5,2667.2,2668.8,1797,GC.v.0
2024-10-07 01:00:00+00:00,34,1,393,2668.9,2671.5,2663.0,2665.7,3512,GC.v.0
2024-10-07 02:00:00+00:00,34,1,393,2665.7,2668.1,2664.6,2664.6,1758,GC.v.0
2024-10-07 03:00:00+00:00,34,1,393,2664.6,2667.0,2663.5,2666.9,2060,GC.v.0
2024-10-07 04:00:00+00:00,34,1,393,2666.8,2668.2,2665.8,2666.3,917,GC.v.0
2024-10-07 05:00:00+00:00,34,1,393,2666.2,2666.2,2659.0,2660.3,2986,GC.v.0
2024-10-07 06:00:00+00:00,34,1,393,2660.3,2663.4,2659.1,2662.6,4268,GC.v.0
2024-10-07 07:00:00+00:00,34,1,393,2662.6,2672.5,2661.3,2671.8,6526,GC.v.0
2024-10-07 08:00:00+00:00,34,1,393,2671.6,2676.0,2670.7,2671.7,6695,GC.v.0
2024-10-07 09:00:00+00:00,34,1,393,2671.9,2676.9,2670.0,2676.4,3976,GC.v.0
2024-10-07 10:00:00+00:00,34,1,393,2676.3,2678.2,2674.8,2674.9,2958,GC.v.0
2024-10-07 11:00:00+00:00,34,1,393,2675.0,2679.2,2674.6,2676.6,5046,GC.v.0
2024-10-07 12:00:00+00:00,34,1,393,2676.6,2679.1,2657.3,2659.6,17878,GC.v.0
2024-10-07 13:00:00+00:00,34,1,393,2659.7,2673.2,2659.3,2662.2,18231,GC.v.0
2024-10-07 14:00:00+00:00,34,1,393,2662.2,2667.5,2660.1,2660.5,13806,GC.v.0
2024-10-07 15:00:00+00:00,34,1,393,2660.5,2669.8,2658.7,2665.2,8993,GC.v.0
2024-10-07 16:00:00+00:00,34,1,393,2665.2,2666.6,2662.0,2666.4,3784,GC.v.0
2024-10-07 17:00:00+00:00,34,1,393,2666.3,2668.3,2663.6,2667.4,4067,GC.v.0
2024-10-07 18:00:00+00:00,34,1,393,2667.5,2667.6,2658.8,2660.1,4746,GC.v.0
2024-10-07 19:00:00+00:00,34,1,393,2660.2,2664.1,2659.6,2662.8,4082,GC.v.0
2024-10-07 20:00:00+00:00,34,1,393,2662.7,2663.1,2661.1,2661.9,1055,GC.v.0
2024-10-07 22:00:00+00:00,34,1,393,2662.8,2668.2,2660.9,2663.2,2702,GC.v.0
2024-10-07 23:00:00+00:00,34,1,393,2663.2,2664.0,2661.6,2662.1,1927,GC.v.0
2024-10-08 00:00:00+00:00,34,1,393,2662.1,2664.3,2661.6,2662.7,2156,GC.v.0
2024-10-08 01:00:00+00:00,34,1,393,2662.6,2667.0,2656.7,2666.2,7668,GC.v.0
2024-10-08 02:00:00+00:00,34,1,393,2666.5,2667.3,2652.7,2654.8,7909,GC.v.0
2024-10-08 03:00:00+00:00,34,1,393,2654.8,2664.8,2654.5,2662.0,5198,GC.v.0
2024-10-08 04:00:00+00:00,34,1,393,2662.0,2662.9,2660.3,2662.1,1490,GC.v.0
2024-10-08 05:00:00+00:00,34,1,393,2662.1,2665.8,2660.7,2664.3,2558,GC.v.0
2024-10-08 06:00:00+00:00,34,1,393,2664.2,2665.9,2654.9,2655.8,4959,GC.v.0
2024-10-08 07:00:00+00:00,34,1,393,2655.6,2657.6,2649.6,2652.9,10226,GC.v.0
2024-10-08 08:00:00+00:00,34,1,393,2652.9,2659.5,2647.3,2657.1,9135,GC.v.0
2024-10-08 09:00:00+00:00,34,1,393,2657.2,2661.2,2654.9,2660.6,4599,GC.v.0
2024-10-08 10:00:00+00:00,34,1,393,2660.6,2666.9,2659.0,2665.4,6615,GC.v.0
2024-10-08 11:00:00+00:00,34,1,393,2665.4,2672.4,2665.2,2670.0,9667,GC.v.0
2024-10-08 12:00:00+00:00,34,1,393,2670.0,2672.4,2658.7,2665.2,17703,GC.v.0
2024-10-08 13:00:00+00:00,34,1,393,2665.1,2666.9,2655.6,2658.7,15648,GC.v.0
2024-10-08 14:00:00+00:00,34,1,393,2658.8,2659.4,2638.0,2640.1,37625,GC.v.0
2024-10-08 15:00:00+00:00,34,1,393,2640.1,2640.2,2623.4,2632.0,30500,GC.v.0
2024-10-08 16:00:00+00:00,34,1,393,2632.0,2635.3,2625.4,2627.5,12349,GC.v.0
2024-10-08 17:00:00+00:00,34,1,393,2627.6,2636.7,2624.0,2633.0,13164,GC.v.0
2024-10-08 18:00:00+00:00,34,1,393,2633.1,2635.6,2632.3,2634.4,3740,GC.v.0
2024-10-08 19:00:00+00:00,34,1,393,2634.4,2642.9,2633.6,2641.9,6847,GC.v.0
2024-10-08 20:00:00+00:00,34,1,393,2641.9,2642.0,2637.9,2640.6,2304,GC.v.0
2024-10-08 22:00:00+00:00,34,1,393,2640.7,2641.3,2639.3,2640.8,868,GC.v.0
2024-10-08 23:00:00+00:00,34,1,393,2640.8,2642.5,2640.0,2640.7,1613,GC.v.0
2024-10-09 00:00:00+00:00,34,1,393,2640.6,2641.8,2639.4,2639.6,2215,GC.v.0
2024-10-09 01:00:00+00:00,34,1,393,2639.7,2642.9,2636.9,2638.7,5058,GC.v.0
2024-10-09 02:00:00+00:00,34,1,393,2638.6,2639.0,2635.3,2637.1,2823,GC.v.0
2024-10-09 03:00:00+00:00,34,1,393,2636.9,2637.4,2633.4,2635.6,3837,GC.v.0
2024-10-09 04:00:00+00:00,34,1,393,2635.7,2637.2,2633.8,2634.4,1598,GC.v.0
2024-10-09 05:00:00+00:00,34,1,393,2634.5,2642.8,2634.2,2638.2,3647,GC.v.0
2024-10-09 06:00:00+00:00,34,1,393,2638.1,2638.1,2628.8,2631.2,7893,GC.v.0
2024-10-09 07:00:00+00:00,34,1,393,2631.0,2634.2,2627.6,2630.0,4875,GC.v.0
2024-10-09 08:00:00+00:00,34,1,393,2630.0,2635.9,2628.9,2634.8,9097,GC.v.0
2024-10-09 09:00:00+00:00,34,1,393,2634.8,2637.1,2633.3,2636.6,4395,GC.v.0
2024-10-09 10:00:00+00:00,34,1,393,2636.7,2639.9,2634.5,2639.5,4350,GC.v.0
2024-10-09 11:00:00+00:00,34,1,393,2639.5,2641.0,2635.1,2637.5,4908,GC.v.0
2024-10-09 12:00:00+00:00,34,1,393,2637.4,2640.9,2633.6,2637.3,9880,GC.v.0
2024-10-09 13:00:00+00:00,34,1,393,2637.4,2639.3,2625.1,2628.0,17479,GC.v.0
2024-10-09 14:00:00+00:00,34,1,393,2628.1,2630.3,2622.8,2628.3,16496,GC.v.0
2024-10-09 15:00:00+00:00,34,1,393,2628.2,2636.5,2627.9,2633.2,12341,GC.v.0
2024-10-09 16:00:00+00:00,34,1,393,2633.3,2634.4,2626.0,2627.1,6225,GC.v.0
2024-10-09 17:00:00+00:00,34,1,393,2627.2,2628.5,2624.8,2628.1,5743,GC.v.0
2024-10-09 18:00:00+00:00,34,1,393,2628.3,2629.6,2623.3,2624.9,5100,GC.v.0
2024-10-09 19:00:00+00:00,34,1,393,2624.8,2628.7,2624.7,2627.5,2892,GC.v.0
2024-10-09 20:00:00+00:00,34,1,393,2627.6,2627.9,2625.3,2626.1,1446,GC.v.0
2024-10-09 22:00:00+00:00,34,1,393,2625.8,2626.7,2624.8,2626.1,1379,GC.v.0
2024-10-09 23:00:00+00:00,34,1,393,2626.0,2626.6,2625.0,2625.4,1002,GC.v.0
2024-10-10 00:00:00+00:00,34,1,393,2625.6,2627.3,2623.1,2626.5,2449,GC.v.0
2024-10-10 01:00:00+00:00,34,1,393,2626.6,2629.7,2623.9,2626.2,5228,GC.v.0
2024-10-10 02:00:00+00:00,34,1,393,2626.1,2632.6,2625.0,2632.2,2689,GC.v.0
2024-10-10 03:00:00+00:00,34,1,393,2632.3,2633.8,2628.7,2628.9,3780,GC.v.0
2024-10-10 04:00:00+00:00,34,1,393,2628.9,2631.9,2628.8,2631.0,1206,GC.v.0
2024-10-10 05:00:00+00:00,34,1,393,2631.0,2632.6,2629.5,2630.1,1499,GC.v.0
2024-10-10 06:00:00+00:00,34,1,393,2630.4,2633.9,2627.8,2629.8,4038,GC.v.0
2024-10-10 07:00:00+00:00,34,1,393,2629.8,2634.3,2627.4,2633.9,4491,GC.v.0
2024-10-10 08:00:00+00:00,34,1,393,2633.8,2634.4,2630.6,2632.4,3409,GC.v.0
2024-10-10 09:00:00+00:00,34,1,393,2632.3,2635.9,2631.3,2634.2,3346,GC.v.0
2024-10-10 10:00:00+00:00,34,1,393,2634.3,2635.5,2632.5,2634.9,2742,GC.v.0
2024-10-10 11:00:00+00:00,34,1,393,2634.9,2635.9,2628.0,2630.0,5509,GC.v.0
2024-10-10 12:00:00+00:00,34,1,393,2630.1,2644.4,2618.8,2642.1,27525,GC.v.0
2024-10-10 13:00:00+00:00,34,1,393,2642.2,2645.4,2632.2,2644.2,23413,GC.v.0
2024-10-10 14:00:00+00:00,34,1,393,2644.2,2647.2,2639.8,2642.5,18094,GC.v.0
2024-10-10 15:00:00+00:00,34,1,393,2642.5,2643.4,2635.7,2640.7,12633,GC.v.0
2024-10-10 16:00:00+00:00,34,1,393,2640.8,2646.5,2635.8,2636.3,12301,GC.v.0
2024-10-10 17:00:00+00:00,34,1,393,2636.3,2643.5,2633.2,2641.0,11714,GC.v.0
2024-10-10 18:00:00+00:00,34,1,393,2641.1,2646.6,2640.4,2643.6,7827,GC.v.0
2024-10-10 19:00:00+00:00,34,1,393,2643.6,2648.8,2643.2,2646.5,7013,GC.v.0
2024-10-10 20:00:00+00:00,34,1,393,2646.6,2648.9,2646.2,2647.3,2619,GC.v.0
2024-10-10 22:00:00+00:00,34,1,393,2647.4,2647.4,2645.3,2645.5,1378,GC.v.0
2024-10-10 23:00:00+00:00,34,1,393,2645.7,2653.2,2645.6,2650.6,4289,GC.v.0
2024-10-11 00:00:00+00:00,34,1,393,2650.5,2651.8,2649.5,2651.1,2585,GC.v.0
2024-10-11 01:00:00+00:00,34,1,393,2651.2,2655.1,2650.2,2655.0,6460,GC.v.0
2024-10-11 02:00:00+00:00,34,1,393,2654.8,2661.1,2652.1,2659.3,10475,GC.v.0
2024-10-11 03:00:00+00:00,34,1,393,2659.3,2663.1,2657.5,2662.7,4059,GC.v.0
2024-10-11 04:00:00+00:00,34,1,393,2662.8,2663.3,2661.1,2662.7,1865,GC.v.0
2024-10-11 05:00:00+00:00,34,1,393,2662.7,2663.1,2660.3,2661.8,2797,GC.v.0
2024-10-11 06:00:00+00:00,34,1,393,2662.0,2664.9,2655.2,2656.8,8973,GC.v.0
2024-10-11 07:00:00+00:00,34,1,393,2656.7,2662.7,2655.5,2662.6,5948,GC.v.0
2024-10-11 08:00:00+00:00,34,1,393,2662.4,2663.3,2656.3,2656.4,5396,GC.v.0
2024-10-11 09:00:00+00:00,34,1,393,2656.5,2658.9,2653.2,2654.9,5598,GC.v.0
2024-10-11 10:00:00+00:00,34,1,393,2654.8,2659.2,2654.0,2658.6,2967,GC.v.0
2024-10-11 11:00:00+00:00,34,1,393,2658.7,2661.8,2655.7,2661.7,4148,GC.v.0
2024-10-11 12:00:00+00:00,34,1,393,2661.6,2667.4,2657.7,2660.4,14630,GC.v.0
2024-10-11 13:00:00+00:00,34,1,393,2660.7,2670.6,2660.0,2666.9,14830,GC.v.0
2024-10-11 14:00:00+00:00,34,1,393,2666.8,2672.8,2663.8,2670.4,13128,GC.v.0
2024-10-11 15:00:00+00:00,34,1,393,2670.4,2676.8,2670.4,2676.3,13084,GC.v.0
2024-10-11 16:00:00+00:00,34,1,393,2676.4,2679.0,2675.3,2677.8,10865,GC.v.0
2024-10-11 17:00:00+00:00,34,1,393,2677.8,2678.6,2673.5,2677.0,10759,GC.v.0
2024-10-11 18:00:00+00:00,34,1,393,2677.0,2677.1,2673.2,2675.8,5398,GC.v.0
2024-10-11 19:00:00+00:00,34,1,393,2675.7,2675.9,2672.1,2672.9,4626,GC.v.0
2024-10-11 20:00:00+00:00,34,1,393,2673.1,2674.5,2671.5,2674.2,1887,GC.v.0
2024-10-13 22:00:00+00:00,34,1,393,2673.1,2673.8,2660.9,2667.1,4841,GC.v.0
2024-10-13 23:00:00+00:00,34,1,393,2667.1,2667.4,2664.3,2664.7,1647,GC.v.0
2024-10-14 00:00:00+00:00,34,1,393,2664.8,2665.5,2661.8,2663.9,2890,GC.v.0
2024-10-14 01:00:00+00:00,34,1,393,2663.8,2665.6,2660.6,2663.1,4653,GC.v.0
2024-10-14 02:00:00+00:00,34,1,393,2662.9,2673.0,2660.0,2672.1,6061,GC.v.0
2024-10-14 03:00:00+00:00,34,1,393,2672.3,2674.4,2670.8,2672.5,2929,GC.v.0
2024-10-14 04:00:00+00:00,34,1,393,2672.5,2677.9,2672.1,2676.2,2753,GC.v.0
2024-10-14 05:00:00+00:00,34,1,393,2676.3,2677.8,2674.1,2676.0,2057,GC.v.0
2024-10-14 06:00:00+00:00,34,1,393,2676.0,2684.2,2674.5,2681.1,8972,GC.v.0
2024-10-14 07:00:00+00:00,34,1,393,2681.1,2682.3,2676.2,2677.4,4611,GC.v.0
2024-10-14 08:00:00+00:00,34,1,393,2677.4,2679.0,2675.0,2676.4,2141,GC.v.0
2024-10-14 09:00:00+00:00,34,1,393,2676.4,2680.0,2673.6,2675.3,3589,GC.v.0
2024-10-14 10:00:00+00:00,34,1,393,2675.3,2678.0,2672.9,2673.1,5127,GC.v.0
2024-10-14 11:00:00+00:00,34,1,393,2673.1,2674.0,2668.0,2669.2,7110,GC.v.0
2024-10-14 12:00:00+00:00,34,1,393,2669.0,2671.7,2666.0,2668.3,7422,GC.v.0
2024-10-14 13:00:00+00:00,34,1,393,2668.2,2678.3,2664.6,2672.1,13539,GC.v.0
2024-10-14 14:00:00+00:00,34,1,393,2672.3,2673.8,2661.6,2662.5,15266,GC.v.0
2024-10-14 15:00:00+00:00,34,1,393,2662.6,2665.9,2660.6,2663.5,8477,GC.v.0
2024-10-14 16:00:00+00:00,34,1,393,2663.5,2666.5,2662.6,2665.4,4102,GC.v.0
2024-10-14 17:00:00+00:00,34,1,393,2665.5,2666.7,2663.9,2665.4,4161,GC.v.0
2024-10-14 18:00:00+00:00,34,1,393,2665.4,2667.8,2665.0,2666.0,1873,GC.v.0
2024-10-14 19:00:00+00:00,34,1,393,2666.0,2669.5,2663.7,2669.3,3194,GC.v.0
2024-10-14 20:00:00+00:00,34,1,393,2669.3,2670.2,2662.7,2665.8,3092,GC.v.0
2024-10-14 22:00:00+00:00,34,1,393,2663.5,2666.8,2663.5,2666.4,1165,GC.v.0
2024-10-14 23:00:00+00:00,34,1,393,2666.5,2667.4,2665.3,2665.8,1246,GC.v.0
2024-10-15 00:00:00+00:00,34,1,393,2665.8,2666.6,2664.2,2664.6,1395,GC.v.0
2024-10-15 01:00:00+00:00,34,1,393,2664.6,2667.7,2663.6,2664.7,3284,GC.v.0
2024-10-15 02:00:00+00:00,34,1,393,2664.6,2669.3,2664.5,2668.1,3201,GC.v.0
2024-10-15 03:00:00+00:00,34,1,393,2667.6,2668.1,2660.8,2662.1,3994,GC.v.0
2024-10-15 04:00:00+00:00,34,1,393,2662.0,2662.0,2659.2,2660.7,2839,GC.v.0
2024-10-15 05:00:00+00:00,34,1,393,2660.5,2660.6,2654.4,2658.4,7798,GC.v.0
2024-10-15 06:00:00+00:00,34,1,393,2658.4,2665.6,2657.9,2665.0,4338,GC.v.0
2024-10-15 07:00:00+00:00,34,1,393,2665.0,2670.6,2664.4,2667.4,7498,GC.v.0
2024-10-15 08:00:00+00:00,34,1,393,2667.4,2672.3,2666.3,2670.5,5621,GC.v.0
2024-10-15 09:00:00+00:00,34,1,393,2670.7,2672.1,2667.8,2670.3,3878,GC.v.0
2024-10-15 10:00:00+00:00,34,1,393,2670.3,2673.3,2669.3,2669.6,2863,GC.v.0
2024-10-15 11:00:00+00:00,34,1,393,2669.7,2671.2,2662.3,2664.5,6796,GC.v.0
2024-10-15 12:00:00+00:00,34,1,393,2664.5,2674.3,2663.0,2664.8,13234,GC.v.0
2024-10-15 13:00:00+00:00,34,1,393,2664.7,2669.9,2662.8,2664.9,15999,GC.v.0
2024-10-15 14:00:00+00:00,34,1,393,2665.1,2680.9,2664.2,2676.4,24340,GC.v.0
2024-10-15 15:00:00+00:00,34,1,393,2676.5,2682.0,2673.7,2681.3,13290,GC.v.0
2024-10-15 16:00:00+00:00,34,1,393,2681.4,2685.9,2677.8,2678.7,11716,GC.v.0
2024-10-15 17:00:00+00:00,34,1,393,2678.7,2681.0,2675.6,2680.4,6268,GC.v.0
2024-10-15 18:00:00+00:00,34,1,393,2680.6,2682.6,2680.1,2681.9,2772,GC.v.0
2024-10-15 19:00:00+00:00,34,1,393,2681.8,2683.3,2676.2,2678.3,6006,GC.v.0
2024-10-15 20:00:00+00:00,34,1,393,2678.4,2679.9,2677.1,2679.4,1779,GC.v.0
2024-10-15 22:00:00+00:00,34,1,393,2679.5,2679.5,2677.9,2678.6,910,GC.v.0
2024-10-15 23:00:00+00:00,34,1,393,2678.6,2679.0,2676.7,2676.8,1036,GC.v.0
2024-10-16 00:00:00+00:00,34,1,393,2676.7,2676.8,2674.9,2676.5,1473,GC.v.0
2024-10-16 01:00:00+00:00,34,1,393,2676.4,2684.4,2676.4,2684.2,4846,GC.v.0
2024-10-16 02:00:00+00:00,34,1,393,2684.2,2686.4,2682.0,2684.4,3825,GC.v.0
2024-10-16 03:00:00+00:00,34,1,393,2684.5,2685.5,2681.6,2683.5,2472,GC.v.0
2024-10-16 04:00:00+00:00,34,1,393,2683.6,2684.7,2682.0,2683.1,1947,GC.v.0
2024-10-16 05:00:00+00:00,34,1,393,2683.2,2686.9,2682.6,2685.8,2798,GC.v.0
2024-10-16 06:00:00+00:00,34,1,393,2685.9,2694.1,2683.3,2693.8,11709,GC.v.0
2024-10-16 07:00:00+00:00,34,1,393,2693.7,2694.2,2689.8,2692.5,4268,GC.v.0
2024-10-16 08:00:00+00:00,34,1,393,2692.6,2696.9,2691.0,2696.2,4561,GC.v.0
2024-10-16 09:00:00+00:00,34,1,393,2696.3,2699.4,2694.8,2696.7,6388,GC.v.0
2024-10-16 10:00:00+00:00,34,1,393,2696.9,2697.7,2689.9,2691.0,8226,GC.v.0
2024-10-16 11:00:00+00:00,34,1,393,2691.0,2696.9,2689.7,2694.8,6387,GC.v.0
2024-10-16 12:00:00+00:00,34,1,393,2694.7,2698.4,2692.7,2698.2,11214,GC.v.0
2024-10-16 13:00:00+00:00,34,1,393,2698.2,2702.5,2688.9,2691.6,23918,GC.v.0
2024-10-16 14:00:00+00:00,34,1,393,2691.5,2698.5,2686.4,2688.7,20412,GC.v.0
2024-10-16 15:00:00+00:00,34,1,393,2688.8,2692.2,2684.0,2686.3,10850,GC.v.0
2024-10-16 16:00:00+00:00,34,1,393,2686.3,2690.6,2683.1,2690.4,7405,GC.v.0
2024-10-16 17:00:00+00:00,34,1,393,2690.5,2692.7,2689.4,2691.7,5347,GC.v.0
2024-10-16 18:00:00+00:00,34,1,393,2691.7,2693.2,2691.0,2691.3,1696,GC.v.0
2024-10-16 19:00:00+00:00,34,1,393,2691.3,2691.4,2689.0,2691.2,2888,GC.v.0
2024-10-16 20:00:00+00:00,34,1,393,2691.2,2691.4,2689.4,2690.4,1095,GC.v.0
2024-10-16 22:00:00+00:00,34,1,393,2690.4,2690.8,2688.8,2689.3,691,GC.v.0
2024-10-16 23:00:00+00:00,34,1,393,2689.3,2690.4,2689.1,2689.7,491,GC.v.0
2024-10-17 00:00:00+00:00,34,1,393,2689.8,2693.7,2689.7,2693.4,1994,GC.v.0
2024-10-17 01:00:00+00:00,34,1,393,2693.5,2698.9,2692.1,2698.6,4978,GC.v.0
2024-10-17 02:00:00+00:00,34,1,393,2698.8,2700.6,2693.9,2697.2,5649,GC.v.0
2024-10-17 03:00:00+00:00,34,1,393,2697.2,2697.5,2689.9,2692.2,4499,GC.v.0
2024-10-17 04:00:00+00:00,34,1,393,2692.3,2695.5,2691.9,2694.7,2274,GC.v.0
2024-10-17 05:00:00+00:00,34,1,393,2694.6,2700.0,2693.7,2699.2,4729,GC.v.0
2024-10-17 06:00:00+00:00,34,1,393,2699.3,2701.4,2695.6,2696.8,7549,GC.v.0
2024-10-17 07:00:00+00:00,34,1,393,2696.8,2699.0,2694.7,2697.2,7610,GC.v.0
2024-10-17 08:00:00+00:00,34,1,393,2697.2,2699.3,2695.4,2697.3,4605,GC.v.0
2024-10-17 09:00:00+00:00,34,1,393,2697.3,2697.4,2692.0,2695.1,5869,GC.v.0
2024-10-17 10:00:00+00:00,34,1,393,2695.0,2704.2,2694.6,2702.8,6804,GC.v.0
2024-10-17 11:00:00+00:00,34,1,393,2702.8,2704.0,2696.4,2696.9,5781,GC.v.0
2024-10-17 12:00:00+00:00,34,1,393,2697.0,2698.0,2688.2,2695.8,19538,GC.v.0
2024-10-17 13:00:00+00:00,34,1,393,2695.8,2705.8,2693.0,2704.3,20613,GC.v.0
2024-10-17 14:00:00+00:00,34,1,393,2704.4,2712.2,2700.2,2711.4,25419,GC.v.0
2024-10-17 15:00:00+00:00,34,1,393,2711.3,2712.7,2703.3,2709.0,13829,GC.v.0
2024-10-17 16:00:00+00:00,34,1,393,2708.9,2709.0,2699.5,2707.6,9828,GC.v.0
2024-10-17 17:00:00+00:00,34,1,393,2707.9,2709.7,2705.9,2707.4,7402,GC.v.0
2024-10-17 18:00:00+00:00,34,1,393,2707.4,2707.9,2704.5,2704.9,2626,GC.v.0
2024-10-17 19:00:00+00:00,34,1,393,2704.8,2708.0,2704.0,2707.2,2425,GC.v.0
2024-10-17 20:00:00+00:00,34,1,393,2707.3,2708.3,2706.2,2708.3,1324,GC.v.0
2024-10-17 22:00:00+00:00,34,1,393,2707.8,2708.7,2707.3,2707.7,704,GC.v.0
2024-10-17 23:00:00+00:00,34,1,393,2707.7,2709.5,2707.3,2708.9,785,GC.v.0
2024-10-18 00:00:00+00:00,34,1,393,2708.9,2710.9,2708.1,2708.2,2209,GC.v.0
2024-10-18 01:00:00+00:00,34,1,393,2708.4,2722.2,2708.1,2720.0,10856,GC.v.0
2024-10-18 02:00:00+00:00,34,1,393,2719.8,2727.2,2719.3,2723.2,8897,GC.v.0
2024-10-18 03:00:00+00:00,34,1,393,2723.2,2726.0,2722.1,2725.2,3539,GC.v.0
2024-10-18 04:00:00+00:00,34,1,393,2725.1,2726.5,2723.9,2725.4,1498,GC.v.0
2024-10-18 05:00:00+00:00,34,1,393,2725.5,2729.3,2725.2,2726.5,3986,GC.v.0
2024-10-18 06:00:00+00:00,34,1,393,2726.3,2726.8,2717.9,2723.0,9977,GC.v.0
2024-10-18 07:00:00+00:00,34,1,393,2722.8,2724.5,2717.6,2717.6,6109,GC.v.0
2024-10-18 08:00:00+00:00,34,1,393,2717.7,2721.7,2716.9,2721.6,3943,GC.v.0
2024-10-18 09:00:00+00:00,34,1,393,2721.6,2728.4,2721.6,2726.4,7485,GC.v.0
2024-10-18 10:00:00+00:00,34,1,393,2726.6,2728.5,2723.3,2728.0,4332,GC.v.0
2024-10-18 11:00:00+00:00,34,1,393,2728.0,2728.4,2723.0,2725.1,8816,GC.v.0
2024-10-18 12:00:00+00:00,34,1,393,2725.2,2732.3,2724.4,2724.8,12569,GC.v.0
2024-10-18 13:00:00+00:00,34,1,393,2724.7,2731.1,2720.2,2728.9,19759,GC.v.0
2024-10-18 14:00:00+00:00,34,1,393,2729.0,2735.5,2727.0,2732.8,18891,GC.v.0
2024-10-18 15:00:00+00:00,34,1,393,2732.7,2734.7,2728.9,2730.0,11654,GC.v.0
2024-10-18 16:00:00+00:00,34,1,393,2730.0,2734.3,2729.9,2732.8,6328,GC.v.0
2024-10-18 17:00:00+00:00,34,1,393,2732.8,2735.1,2728.7,2731.3,7701,GC.v.0
2024-10-18 18:00:00+00:00,34,1,393,2731.3,2736.7,2730.8,2735.6,5267,GC.v.0
2024-10-18 19:00:00+00:00,34,1,393,2735.7,2735.9,2733.3,2734.9,4411,GC.v.0
2024-10-18 20:00:00+00:00,34,1,393,2734.9,2737.8,2734.3,2736.4,3079,GC.v.0
2024-10-20 22:00:00+00:00,34,1,393,2736.3,2738.9,2734.6,2738.7,2579,GC.v.0
2024-10-20 23:00:00+00:00,34,1,393,2738.5,2740.2,2737.4,2738.6,2039,GC.v.0
2024-10-21 00:00:00+00:00,34,1,393,2738.7,2740.9,2736.3,2736.6,3478,GC.v.0
2024-10-21 01:00:00+00:00,34,1,393,2736.7,2744.3,2735.9,2741.3,7111,GC.v.0
2024-10-21 02:00:00+00:00,34,1,393,2741.4,2746.3,2739.9,2745.6,5427,GC.v.0
2024-10-21 03:00:00+00:00,34,1,393,2745.6,2747.8,2744.3,2746.5,5143,GC.v.0
2024-10-21 04:00:00+00:00,34,1,393,2746.6,2747.0,2744.5,2745.3,1915,GC.v.0
2024-10-21 05:00:00+00:00,34,1,393,2745.3,2745.3,2739.5,2740.0,3808,GC.v.0
2024-10-21 06:00:00+00:00,34,1,393,2739.8,2745.6,2738.6,2745.3,4609,GC.v.0
2024-10-21 07:00:00+00:00,34,1,393,2745.1,2747.4,2740.2,2745.5,6874,GC.v.0
2024-10-21 08:00:00+00:00,34,1,393,2745.4,2748.0,2744.4,2746.3,6085,GC.v.0
2024-10-21 09:00:00+00:00,34,1,393,2746.4,2751.7,2745.6,2749.3,9790,GC.v.0
2024-10-21 10:00:00+00:00,34,1,393,2749.4,2749.6,2742.7,2748.3,7429,GC.v.0
2024-10-21 11:00:00+00:00,34,1,393,2748.3,2752.8,2748.0,2749.4,9309,GC.v.0
2024-10-21 12:00:00+00:00,34,1,393,2749.5,2754.5,2747.5,2753.4,17195,GC.v.0
2024-10-21 13:00:00+00:00,34,1,393,2753.5,2755.4,2748.4,2753.8,22781,GC.v.0
2024-10-21 14:00:00+00:00,34,1,393,2753.8,2754.3,2736.6,2739.9,30064,GC.v.0
2024-10-21 15:00:00+00:00,34,1,393,2739.8,2741.9,2731.4,2734.8,18465,GC.v.0
2024-10-21 16:00:00+00:00,34,1,393,2734.6,2738.8,2732.7,2738.3,7344,GC.v.0
2024-10-21 17:00:00+00:00,34,1,393,2738.2,2740.2,2736.1,2737.5,7553,GC.v.0
2024-10-21 18:00:00+00:00,34,1,393,2737.4,2737.7,2729.6,2730.6,5385,GC.v.0
2024-10-21 19:00:00+00:00,34,1,393,2730.7,2735.9,2728.5,2734.7,7898,GC.v.0
2024-10-21 20:00:00+00:00,34,1,393,2734.7,2736.0,2733.5,2734.5,1832,GC.v.0
2024-10-21 22:00:00+00:00,34,1,393,2734.7,2736.5,2733.5,2735.1,1551,GC.v.0
2024-10-21 23:00:00+00:00,34,1,393,2735.0,2737.1,2734.7,2735.8,1316,GC.v.0
2024-10-22 00:00:00+00:00,34,1,393,2735.8,2739.4,2735.0,2738.9,3060,GC.v.0
2024-10-22 01:00:00+00:00,34,1,393,2738.9,2744.8,2738.3,2742.3,5851,GC.v.0
2024-10-22 02:00:00+00:00,34,1,393,2742.0,2745.0,2742.0,2743.2,2042,GC.v.0
2024-10-22 03:00:00+00:00,34,1,393,2743.0,2747.5,2743.0,2745.4,3428,GC.v.0
2024-10-22 04:00:00+00:00,34,1,393,2745.2,2750.2,2745.2,2749.0,3898,GC.v.0
2024-10-22 05:00:00+00:00,34,1,393,2749.0,2749.4,2743.5,2744.9,3550,GC.v.0
2024-10-22 06:00:00+00:00,34,1,393,2744.9,2751.6,2744.0,2749.3,5191,GC.v.0
2024-10-22 07:00:00+00:00,34,1,393,2749.2,2750.5,2746.7,2747.9,3682,GC.v.0
2024-10-22 08:00:00+00:00,34,1,393,2747.7,2752.5,2745.5,2749.1,6590,GC.v.0
2024-10-22 09:00:00+00:00,34,1,393,2749.0,2750.5,2744.3,2745.9,5167,GC.v.0
2024-10-22 10:00:00+00:00,34,1,393,2745.7,2753.7,2744.9,2753.2,7052,GC.v.0
2024-10-22 11:00:00+00:00,34,1,393,2753.2,2753.4,2743.8,2746.5,8097,GC.v.0
2024-10-22 12:00:00+00:00,34,1,393,2746.5,2752.5,2746.0,2750.5,10781,GC.v.0
2024-10-22 13:00:00+00:00,34,1,393,2750.5,2756.8,2749.4,2750.3,22129,GC.v.0
2024-10-22 14:00:00+00:00,34,1,393,2750.4,2757.7,2748.0,2756.3,18339,GC.v.0
2024-10-22 15:00:00+00:00,34,1,393,2756.3,2758.7,2751.4,2752.2,11627,GC.v.0
2024-10-22 16:00:00+00:00,34,1,393,2752.1,2760.0,2751.8,2759.7,10245,GC.v.0
2024-10-22 17:00:00+00:00,34,1,393,2759.8,2762.9,2758.0,2761.4,10778,GC.v.0
2024-10-22 18:00:00+00:00,34,1,393,2761.4,2761.8,2758.7,2759.1,4527,GC.v.0
2024-10-22 19:00:00+00:00,34,1,393,2759.1,2763.2,2758.3,2762.8,4482,GC.v.0
2024-10-22 20:00:00+00:00,34,1,393,2762.8,2763.3,2760.9,2763.1,3430,GC.v.0
2024-10-22 22:00:00+00:00,34,1,393,2762.6,2762.8,2760.8,2761.3,1130,GC.v.0
2024-10-22 23:00:00+00:00,34,1,393,2761.4,2762.1,2759.8,2760.6,967,GC.v.0
2024-10-23 00:00:00+00:00,34,1,393,2760.6,2761.1,2758.8,2759.5,1410,GC.v.0
2024-10-23 01:00:00+00:00,34,1,393,2759.5,2761.4,2752.3,2753.0,5660,GC.v.0
2024-10-23 02:00:00+00:00,34,1,393,2752.9,2755.5,2752.1,2753.3,4148,GC.v.0
2024-10-23 03:00:00+00:00,34,1,393,2753.2,2761.2,2752.7,2760.0,5345,GC.v.0
2024-10-23 04:00:00+00:00,34,1,393,2760.3,2764.6,2759.2,2763.8,4955,GC.v.0
2024-10-23 05:00:00+00:00,34,1,393,2763.8,2767.3,2762.9,2765.4,5017,GC.v.0
2024-10-23 06:00:00+00:00,34,1,393,2765.3,2767.1,2762.0,2764.6,4568,GC.v.0
2024-10-23 07:00:00+00:00,34,1,393,2764.6,2769.7,2763.5,2769.0,4526,GC.v.0
2024-10-23 08:00:00+00:00,34,1,393,2768.9,2772.6,2768.7,2770.9,4843,GC.v.0
2024-10-23 09:00:00+00:00,34,1,393,2771.1,2771.6,2763.8,2764.8,8271,GC.v.0
2024-10-23 10:00:00+00:00,34,1,393,2764.8,2766.7,2763.8,2764.7,4554,GC.v.0
2024-10-23 11:00:00+00:00,34,1,393,2764.6,2767.0,2763.0,2763.9,5495,GC.v.0
2024-10-23 12:00:00+00:00,34,1,393,2763.9,2764.5,2754.5,2757.3,16722,GC.v.0
2024-10-23 13:00:00+00:00,34,1,393,2757.2,2758.0,2745.4,2751.2,29068,GC.v.0
2024-10-23 14:00:00+00:00,34,1,393,2751.3,2752.5,2730.0,2731.5,36929,GC.v.0
2024-10-23 15:00:00+00:00,34,1,393,2731.5,2736.2,2722.1,2735.4,23061,GC.v.0
2024-10-23 16:00:00+00:00,34,1,393,2735.4,2736.9,2732.1,2732.9,7762,GC.v.0
2024-10-23 17:00:00+00:00,34,1,393,2732.8,2734.3,2727.2,2730.3,9166,GC.v.0
2024-10-23 18:00:00+00:00,34,1,393,2730.1,2730.2,2725.4,2727.6,4596,GC.v.0
2024-10-23 19:00:00+00:00,34,1,393,2727.8,2731.9,2726.8,2729.7,5437,GC.v.0
2024-10-23 20:00:00+00:00,34,1,393,2729.7,2730.3,2727.7,2729.0,1728,GC.v.0
2024-10-23 22:00:00+00:00,34,1,393,2729.2,2731.2,2728.7,2731.0,1487,GC.v.0
2024-10-23 23:00:00+00:00,34,1,393,2730.9,2734.7,2730.9,2734.0,1692,GC.v.0
2024-10-24 00:00:00+00:00,34,1,393,2733.9,2734.2,2730.5,2734.0,2680,GC.v.0
2024-10-24 01:00:00+00:00,34,1,393,2734.1,2739.9,2733.0,2736.7,6678,GC.v.0
2024-10-24 02:00:00+00:00,34,1,393,2736.7,2737.5,2733.2,2736.4,3464,GC.v.0
2024-10-24 03:00:00+00:00,34,1,393,2736.4,2737.1,2734.5,2735.9,1588,GC.v.0
2024-10-24 04:00:00+00:00,34,1,393,2736.0,2740.3,2735.8,2739.5,2346,GC.v.0
2024-10-24 05:00:00+00:00,34,1,393,2739.4,2742.6,2738.7,2741.6,2809,GC.v.0
2024-10-24 06:00:00+00:00,34,1,393,2741.7,2749.1,2741.0,2747.7,7682,GC.v.0
2024-10-24 07:00:00+00:00,34,1,393,2747.7,2749.9,2744.9,2746.3,5476,GC.v.0
2024-10-24 08:00:00+00:00,34,1,393,2746.4,2750.5,2745.2,2749.4,5207,GC.v.0
2024-10-24 09:00:00+00:00,34,1,393,2749.3,2752.2,2748.6,2749.3,4892,GC.v.0
2024-10-24 10:00:00+00:00,34,1,393,2749.3,2751.8,2749.0,2749.4,2665,GC.v.0
2024-10-24 11:00:00+00:00,34,1,393,2749.4,2752.5,2747.6,2751.2,4454,GC.v.0
2024-10-24 12:00:00+00:00,34,1,393,2751.2,2754.6,2747.0,2751.9,11723,GC.v.0
2024-10-24 13:00:00+00:00,34,1,393,2752.1,2756.3,2742.4,2746.4,19788,GC.v.0
2024-10-24 14:00:00+00:00,34,1,393,2746.6,2749.6,2735.1,2745.3,24879,GC.v.0
2024-10-24 15:00:00+00:00,34,1,393,2745.3,2747.4,2739.3,2743.9,10316,GC.v.0
2024-10-24 16:00:00+00:00,34,1,393,2744.0,2748.7,2738.6,2746.7,8581,GC.v.0
2024-10-24 17:00:00+00:00,34,1,393,2746.7,2750.0,2745.7,2748.5,9190,GC.v.0
2024-10-24 18:00:00+00:00,34,1,393,2748.5,2750.7,2747.5,2748.4,3688,GC.v.0
2024-10-24 19:00:00+00:00,34,1,393,2748.5,2749.8,2746.3,2749.8,2921,GC.v.0
2024-10-24 20:00:00+00:00,34,1,393,2749.8,2749.9,2747.6,2748.8,1330,GC.v.0
2024-10-24 22:00:00+00:00,34,1,393,2748.6,2748.6,2746.7,2746.8,1021,GC.v.0
2024-10-24 23:00:00+00:00,34,1,393,2746.9,2747.8,2745.8,2746.0,884,GC.v.0
2024-10-25 00:00:00+00:00,34,1,393,2746.1,2747.0,2743.4,2744.6,1857,GC.v.0
2024-10-25 01:00:00+00:00,34,1,393,2744.6,2747.8,2742.3,2742.5,3243,GC.v.0
2024-10-25 02:00:00+00:00,34,1,393,2742.5,2743.1,2738.8,2740.9,3335,GC.v.0
2024-10-25 03:00:00+00:00,34,1,393,2740.9,2741.0,2737.0,2738.5,2697,GC.v.0
2024-10-25 04:00:00+00:00,34,1,393,2738.7,2740.4,2736.5,2738.3,2342,GC.v.0
2024-10-25 05:00:00+00:00,34,1,393,2738.4,2742.3,2738.3,2741.2,3039,GC.v.0
2024-10-25 06:00:00+00:00,34,1,393,2741.4,2745.0,2737.6,2744.7,4203,GC.v.0
2024-10-25 07:00:00+00:00,34,1,393,2744.6,2744.6,2738.6,2739.1,4170,GC.v.0
2024-10-25 08:00:00+00:00,34,1,393,2739.2,2739.7,2731.3,2732.0,10666,GC.v.0
2024-10-25 09:00:00+00:00,34,1,393,2731.9,2733.7,2729.1,2733.4,7068,GC.v.0
2024-10-25 10:00:00+00:00,34,1,393,2733.4,2734.8,2729.3,2734.6,4517,GC.v.0
2024-10-25 11:00:00+00:00,34,1,393,2734.3,2741.8,2733.4,2736.6,7859,GC.v.0
2024-10-25 12:00:00+00:00,34,1,393,2736.4,2745.1,2735.6,2744.0,9927,GC.v.0
2024-10-25 13:00:00+00:00,34,1,393,2744.1,2744.6,2737.6,2740.2,13394,GC.v.0
2024-10-25 14:00:00+00:00,34,1,393,2740.1,2753.3,2740.0,2751.3,17878,GC.v.0
2024-10-25 15:00:00+00:00,34,1,393,2751.2,2754.7,2749.0,2749.9,9548,GC.v.0
2024-10-25 16:00:00+00:00,34,1,393,2749.7,2752.1,2746.7,2751.9,7347,GC.v.0
2024-10-25 17:00:00+00:00,34,1,393,2751.9,2757.8,2751.4,2757.0,9077,GC.v.0
2024-10-25 18:00:00+00:00,34,1,393,2757.1,2757.5,2753.9,2754.9,4443,GC.v.0
2024-10-25 19:00:00+00:00,34,1,393,2754.8,2757.1,2753.1,2755.3,4970,GC.v.0
2024-10-25 20:00:00+00:00,34,1,393,2755.3,2760.9,2755.2,2760.8,4269,GC.v.0
2024-10-27 22:00:00+00:00,34,1,393,2749.2,2750.0,2742.0,2746.7,7034,GC.v.0
2024-10-27 23:00:00+00:00,34,1,393,2746.9,2752.5,2746.7,2748.0,4047,GC.v.0
2024-10-28 00:00:00+00:00,34,1,393,2747.9,2748.7,2744.4,2744.8,3181,GC.v.0
2024-10-28 01:00:00+00:00,34,1,393,2744.8,2745.4,2736.9,2744.7,7963,GC.v.0
2024-10-28 02:00:00+00:00,34,1,393,2744.7,2748.3,2743.1,2746.5,3305,GC.v.0
2024-10-28 03:00:00+00:00,34,1,393,2746.6,2747.1,2741.7,2741.9,1945,GC.v.0
2024-10-28 04:00:00+00:00,34,1,393,2741.9,2745.6,2741.3,2744.9,2096,GC.v.0
2024-10-28 05:00:00+00:00,34,1,393,2745.1,2750.9,2743.4,2750.4,5314,GC.v.0
2024-10-28 06:00:00+00:00,34,1,393,2750.5,2756.6,2749.6,2752.7,8240,GC.v.0
2024-10-28 07:00:00+00:00,34,1,393,2752.8,2755.7,2748.1,2751.4,6633,GC.v.0
2024-10-28 08:00:00+00:00,34,1,393,2751.4,2753.4,2743.8,2744.4,8585,GC.v.0
2024-10-28 09:00:00+00:00,34,1,393,2744.4,2746.4,2740.5,2741.5,7437,GC.v.0
2024-10-28 10:00:00+00:00,34,1,393,2741.4,2745.6,2740.1,2744.3,5491,GC.v.0
2024-10-28 11:00:00+00:00,34,1,393,2744.5,2745.1,2741.8,2744.5,5963,GC.v.0
2024-10-28 12:00:00+00:00,34,1,393,2744.4,2747.3,2743.5,2746.8,8334,GC.v.0
2024-10-28 13:00:00+00:00,34,1,393,2746.6,2756.0,2745.0,2753.1,17968,GC.v.0
2024-10-28 14:00:00+00:00,34,1,393,2753.0,2758.3,2751.0,2756.5,15975,GC.v.0
2024-10-28 15:00:00+00:00,34,1,393,2756.6,2756.9,2751.8,2752.9,9918,GC.v.0
2024-10-28 16:00:00+00:00,34,1,393,2752.9,2757.3,2752.3,2755.1,5666,GC.v.0
2024-10-28 17:00:00+00:00,34,1,393,2755.2,2757.5,2752.4,2755.9,6362,GC.v.0
2024-10-28 18:00:00+00:00,34,1,393,2755.9,2756.0,2752.5,2754.4,3370,GC.v.0
2024-10-28 19:00:00+00:00,34,1,393,2754.3,2756.0,2752.7,2754.7,2748,GC.v.0
2024-10-28 20:00:00+00:00,34,1,393,2754.9,2755.4,2753.6,2754.7,1336,GC.v.0
2024-10-28 22:00:00+00:00,34,1,393,2754.3,2754.9,2752.0,2754.1,992,GC.v.0
2024-10-28 23:00:00+00:00,34,1,393,2754.2,2756.4,2753.1,2756.2,1098,GC.v.0
2024-10-29 00:00:00+00:00,34,1,393,2756.4,2759.0,2755.3,2758.0,2934,GC.v.0
2024-10-29 01:00:00+00:00,34,1,393,2758.0,2764.8,2757.7,2764.6,6002,GC.v.0
2024-10-29 02:00:00+00:00,34,1,393,2764.6,2770.2,2762.7,2765.3,8777,GC.v.0
2024-10-29 03:00:00+00:00,34,1,393,2765.0,2765.4,2760.9,2763.7,4110,GC.v.0
2024-10-29 04:00:00+00:00,34,1,393,2763.6,2767.2,2763.4,2766.8,1828,GC.v.0
2024-10-29 05:00:00+00:00,34,1,393,2766.9,2768.8,2761.8,2762.0,4091,GC.v.0
2024-10-29 06:00:00+00:00,34,1,393,2762.0,2768.8,2761.1,2767.8,4116,GC.v.0
2024-10-29 07:00:00+00:00,34,1,393,2767.8,2768.3,2763.7,2764.3,3017,GC.v.0
2024-10-29 08:00:00+00:00,34,1,393,2764.5,2767.6,2758.5,2767.0,7538,GC.v.0
2024-10-29 09:00:00+00:00,34,1,393,2767.0,2768.8,2762.0,2764.4,6267,GC.v.0
2024-10-29 10:00:00+00:00,34,1,393,2764.4,2765.1,2759.5,2762.3,5086,GC.v.0
2024-10-29 11:00:00+00:00,34,1,393,2762.4,2765.5,2757.9,2764.0,8310,GC.v.0
2024-10-29 12:00:00+00:00,34,1,393,2764.0,2766.2,2761.0,2761.4,7740,GC.v.0
2024-10-29 13:00:00+00:00,34,1,393,2761.3,2776.6,2760.4,2773.4,24545,GC.v.0
2024-10-29 14:00:00+00:00,34,1,393,2773.4,2784.0,2773.2,2781.8,24336,GC.v.0
2024-10-29 15:00:00+00:00,34,1,393,2782.0,2782.9,2772.5,2776.3,18256,GC.v.0
2024-10-29 16:00:00+00:00,34,1,393,2776.3,2782.4,2776.2,2781.6,10770,GC.v.0
2024-10-29 17:00:00+00:00,34,1,393,2781.5,2784.9,2778.5,2782.1,13159,GC.v.0
2024-10-29 18:00:00+00:00,34,1,393,2782.2,2785.9,2780.5,2785.5,5945,GC.v.0
2024-10-29 19:00:00+00:00,34,1,393,2785.5,2787.3,2783.4,2784.6,5388,GC.v.0
2024-10-29 20:00:00+00:00,34,1,393,2784.6,2787.7,2784.3,2787.4,2409,GC.v.0
2024-10-29 22:00:00+00:00,34,1,393,2786.9,2788.0,2785.0,2787.0,1683,GC.v.0
2024-10-29 23:00:00+00:00,34,1,393,2787.0,2787.6,2785.9,2787.3,902,GC.v.0
2024-10-30 00:00:00+00:00,34,1,393,2787.5,2791.6,2787.2,2790.3,3606,GC.v.0
2024-10-30 01:00:00+00:00,34,1,393,2790.3,2794.4,2789.2,2793.9,4931,GC.v.0
2024-10-30 02:00:00+00:00,34,1,393,2793.9,2794.0,2788.3,2792.7,5226,GC.v.0
2024-10-30 03:00:00+00:00,34,1,393,2792.6,2793.5,2789.4,2791.0,3043,GC.v.0
2024-10-30 04:00:00+00:00,34,1,393,2791.2,2793.0,2789.4,2792.2,1578,GC.v.0
2024-10-30 05:00:00+00:00,34,1,393,2792.2,2796.8,2790.0,2795.1,4358,GC.v.0
2024-10-30 06:00:00+00:00,34,1,393,2795.1,2801.7,2793.4,2799.2,6993,GC.v.0
2024-10-30 07:00:00+00:00,34,1,393,2799.3,2800.2,2792.3,2794.3,6604,GC.v.0
2024-10-30 08:00:00+00:00,34,1,393,2794.3,2796.8,2791.5,2794.0,6404,GC.v.0
2024-10-30 09:00:00+00:00,34,1,393,2793.9,2796.6,2792.3,2796.5,3299,GC.v.0
2024-10-30 10:00:00+00:00,34,1,393,2796.5,2798.5,2792.0,2792.1,4755,GC.v.0
2024-10-30 11:00:00+00:00,34,1,393,2792.2,2793.9,2790.0,2790.3,6900,GC.v.0
2024-10-30 12:00:00+00:00,34,1,393,2790.2,2795.3,2784.9,2794.3,14629,GC.v.0
2024-10-30 13:00:00+00:00,34,1,393,2794.4,2799.5,2782.4,2789.6,30960,GC.v.0
2024-10-30 14:00:00+00:00,34,1,393,2789.6,2793.3,2786.9,2792.1,17997,GC.v.0
2024-10-30 15:00:00+00:00,34,1,393,2791.9,2797.8,2783.4,2796.6,15374,GC.v.0
2024-10-30 16:00:00+00:00,34,1,393,2796.4,2799.2,2794.7,2797.1,7528,GC.v.0
2024-10-30 17:00:00+00:00,34,1,393,2797.0,2801.3,2795.6,2800.3,8886,GC.v.0
2024-10-30 18:00:00+00:00,34,1,393,2800.4,2801.8,2799.0,2799.4,4413,GC.v.0
2024-10-30 19:00:00+00:00,34,1,393,2799.5,2799.7,2796.1,2799.0,4559,GC.v.0
2024-10-30 20:00:00+00:00,34,1,393,2799.0,2799.7,2796.3,2799.1,1941,GC.v.0
2024-10-30 22:00:00+00:00,34,1,393,2799.1,2799.5,2796.8,2798.3,1292,GC.v.0
2024-10-30 23:00:00+00:00,34,1,393,2798.1,2798.9,2796.1,2796.4,1006,GC.v.0
2024-10-31 00:00:00+00:00,34,1,393,2796.5,2799.3,2795.7,2798.7,2154,GC.v.0
2024-10-31 01:00:00+00:00,34,1,393,2798.7,2801.2,2794.7,2795.8,4432,GC.v.0
2024-10-31 02:00:00+00:00,34,1,393,2795.8,2800.1,2795.6,2798.0,3144,GC.v.0
2024-10-31 03:00:00+00:00,34,1,393,2798.0,2799.4,2795.4,2795.7,1502,GC.v.0
2024-10-31 04:00:00+00:00,34,1,393,2795.8,2796.4,2793.2,2795.5,2587,GC.v.0
2024-10-31 05:00:00+00:00,34,1,393,2795.4,2797.7,2793.6,2796.3,4779,GC.v.0
2024-10-31 06:00:00+00:00,34,1,393,2796.4,2797.2,2790.6,2790.8,6130,GC.v.0
2024-10-31 07:00:00+00:00,34,1,393,2790.8,2794.9,2789.0,2792.8,6419,GC.v.0
2024-10-31 08:00:00+00:00,34,1,393,2792.7,2793.9,2787.9,2789.9,5691,GC.v.0
2024-10-31 09:00:00+00:00,34,1,393,2789.8,2791.1,2788.0,2789.1,5250,GC.v.0
2024-10-31 10:00:00+00:00,34,1,393,2789.0,2792.1,2784.0,2791.6,10169,GC.v.0
2024-10-31 11:00:00+00:00,34,1,393,2791.7,2793.7,2787.5,2790.4,6003,GC.v.0
2024-10-31 12:00:00+00:00,34,1,393,2790.4,2792.9,2782.4,2784.3,13495,GC.v.0
2024-10-31 13:00:00+00:00,34,1,393,2784.2,2784.5,2764.8,2765.8,34540,GC.v.0
2024-10-31 14:00:00+00:00,34,1,393,2765.7,2767.7,2744.7,2745.0,41205,GC.v.0
2024-10-31 15:00:00+00:00,34,1,393,2745.0,2751.4,2741.8,2751.0,22183,GC.v.0
2024-10-31 16:00:00+00:00,34,1,393,2751.0,2753.9,2748.2,2751.0,10732,GC.v.0
2024-10-31 17:00:00+00:00,34,1,393,2751.1,2754.2,2748.3,2749.8,10169,GC.v.0
2024-10-31 18:00:00+00:00,34,1,393,2749.7,2758.3,2749.7,2757.2,10110,GC.v.0
2024-10-31 19:00:00+00:00,34,1,393,2757.3,2760.0,2755.8,2756.6,6431,GC.v.0
2024-10-31 20:00:00+00:00,34,1,393,2756.6,2758.4,2753.6,2754.1,2436,GC.v.0
2024-10-31 22:00:00+00:00,34,1,393,2754.0,2757.5,2753.8,2756.0,1386,GC.v.0
2024-10-31 23:00:00+00:00,34,1,393,2756.1,2757.7,2755.3,2756.5,1238,GC.v.0
2024-11-01 00:00:00+00:00,34,1,393,2756.6,2757.2,2754.5,2754.6,1280,GC.v.0
2024-11-01 01:00:00+00:00,34,1,393,2754.6,2759.8,2754.5,2759.6,5545,GC.v.0
2024-11-01 02:00:00+00:00,34,1,393,2759.4,2760.9,2755.5,2758.5,3155,GC.v.0
2024-11-01 03:00:00+00:00,34,1,393,2758.6,2761.7,2757.2,2761.5,2805,GC.v.0
2024-11-01 04:00:00+00:00,34,1,393,2761.4,2762.7,2760.4,2761.8,1760,GC.v.0
2024-11-01 05:00:00+00:00,34,1,393,2761.9,2765.0,2761.2,2764.7,3149,GC.v.0
2024-11-01 06:00:00+00:00,34,1,393,2764.8,2767.5,2761.0,2761.5,5471,GC.v.0
2024-11-01 07:00:00+00:00,34,1,393,2761.6,2762.9,2756.8,2759.5,3573,GC.v.0
2024-11-01 08:00:00+00:00,34,1,393,2759.3,2764.8,2758.2,2763.2,5995,GC.v.0
2024-11-01 09:00:00+00:00,34,1,393,2763.2,2765.2,2757.9,2761.3,4598,GC.v.0
2024-11-01 10:00:00+00:00,34,1,393,2761.3,2761.7,2754.8,2759.6,4232,GC.v.0
2024-11-01 11:00:00+00:00,34,1,393,2759.6,2764.0,2759.6,2762.7,5508,GC.v.0
2024-11-01 12:00:00+00:00,34,1,393,2762.7,2770.0,2758.7,2764.0,23037,GC.v.0
2024-11-01 13:00:00+00:00,34,1,393,2763.9,2772.4,2762.2,2766.1,19131,GC.v.0
2024-11-01 14:00:00+00:00,34,1,393,2766.2,2769.7,2749.4,2757.1,26566,GC.v.0
2024-11-01 15:00:00+00:00,34,1,393,2757.1,2760.4,2752.3,2754.4,9192,GC.v.0
2024-11-01 16:00:00+00:00,34,1,393,2754.4,2755.9,2749.8,2752.7,6033,GC.v.0
2024-11-01 17:00:00+00:00,34,1,393,2752.8,2753.6,2744.6,2746.1,9341,GC.v.0
2024-11-01 18:00:00+00:00,34,1,393,2745.9,2747.7,2743.1,2745.7,5568,GC.v.0
2024-11-01 19:00:00+00:00,34,1,393,2745.7,2746.6,2742.6,2743.8,4440,GC.v.0
2024-11-01 20:00:00+00:00,34,1,393,2743.9,2746.7,2743.0,2745.9,2452,GC.v.0
2024-11-03 23:00:00+00:00,34,1,393,2743.5,2749.5,2739.4,2747.4,5097,GC.v.0
2024-11-04 00:00:00+00:00,34,1,393,2747.6,2750.5,2745.9,2749.6,2514,GC.v.0
2024-11-04 01:00:00+00:00,34,1,393,2749.8,2750.8,2744.5,2749.2,4440,GC.v.0
2024-11-04 02:00:00+00:00,34,1,393,2749.1,2750.3,2746.1,2749.3,2399,GC.v.0
2024-11-04 03:00:00+00:00,34,1,393,2749.5,2751.9,2748.7,2750.3,1942,GC.v.0
2024-11-04 04:00:00+00:00,34,1,393,2750.3,2751.4,2748.9,2750.3,1167,GC.v.0
2024-11-04 05:00:00+00:00,34,1,393,2750.4,2753.0,2746.8,2750.8,3309,GC.v.0
2024-11-04 06:00:00+00:00,34,1,393,2750.8,2750.8,2745.0,2750.8,4381,GC.v.0
2024-11-04 07:00:00+00:00,34,1,393,2750.7,2754.0,2744.2,2745.0,5018,GC.v.0
2024-11-04 08:00:00+00:00,34,1,393,2745.0,2747.7,2740.7,2742.3,7051,GC.v.0
2024-11-04 09:00:00+00:00,34,1,393,2742.3,2753.2,2741.5,2752.4,9032,GC.v.0
2024-11-04 10:00:00+00:00,34,1,393,2752.4,2754.4,2746.2,2747.6,6302,GC.v.0
2024-11-04 11:00:00+00:00,34,1,393,2747.6,2750.3,2745.4,2749.9,3638,GC.v.0
2024-11-04 12:00:00+00:00,34,1,393,2749.7,2753.2,2748.2,2752.7,5008,GC.v.0
2024-11-04 13:00:00+00:00,34,1,393,2752.7,2756.2,2747.9,2756.1,9992,GC.v.0
2024-11-04 14:00:00+00:00,34,1,393,2756.1,2757.5,2747.1,2752.6,12978,GC.v.0
2024-11-04 15:00:00+00:00,34,1,393,2752.9,2755.0,2747.0,2747.8,13943,GC.v.0
2024-11-04 16:00:00+00:00,34,1,393,2747.9,2748.4,2741.8,2743.8,10949,GC.v.0
2024-11-04 17:00:00+00:00,34,1,393,2743.8,2747.9,2741.0,2747.8,6346,GC.v.0
2024-11-04 18:00:00+00:00,34,1,393,2747.7,2748.6,2744.9,2747.7,5350,GC.v.0
2024-11-04 19:00:00+00:00,34,1,393,2747.6,2749.2,2746.5,2747.7,2020,GC.v.0
2024-11-04 20:00:00+00:00,34,1,393,2747.6,2748.1,2745.7,2746.5,2253,GC.v.0
2024-11-04 21:00:00+00:00,34,1,393,2746.6,2746.8,2745.1,2745.8,752,GC.v.0
2024-11-04 23:00:00+00:00,34,1,393,2746.0,2746.9,2744.8,2744.8,1077,GC.v.0
2024-11-05 00:00:00+00:00,34,1,393,2744.8,2745.4,2742.8,2743.8,1786,GC.v.0
2024-11-05 01:00:00+00:00,34,1,393,2743.7,2745.0,2741.6,2743.1,3335,GC.v.0
2024-11-05 02:00:00+00:00,34,1,393,2743.0,2744.1,2733.4,2737.1,6854,GC.v.0
2024-11-05 03:00:00+00:00,34,1,393,2737.1,2744.8,2736.6,2744.1,4704,GC.v.0
2024-11-05 04:00:00+00:00,34,1,393,2744.1,2745.1,2741.7,2743.1,2589,GC.v.0
2024-11-05 05:00:00+00:00,34,1,393,2743.1,2745.9,2740.7,2741.2,2363,GC.v.0
2024-11-05 06:00:00+00:00,34,1,393,2741.2,2747.7,2740.3,2746.6,4166,GC.v.0
2024-11-05 07:00:00+00:00,34,1,393,2746.5,2750.2,2744.1,2745.3,3813,GC.v.0
2024-11-05 08:00:00+00:00,34,1,393,2745.4,2752.5,2741.0,2751.6,7486,GC.v.0
2024-11-05 09:00:00+00:00,34,1,393,2751.6,2754.2,2748.1,2749.2,5142,GC.v.0
2024-11-05 10:00:00+00:00,34,1,393,2749.1,2749.7,2744.8,2747.0,5798,GC.v.0
2024-11-05 11:00:00+00:00,34,1,393,2747.5,2752.1,2747.5,2750.7,6449,GC.v.0
2024-11-05 12:00:00+00:00,34,1,393,2750.9,2752.2,2746.5,2747.0,3776,GC.v.0
2024-11-05 13:00:00+00:00,34,1,393,2747.1,2756.0,2745.8,2754.0,10774,GC.v.0
2024-11-05 14:00:00+00:00,34,1,393,2753.9,2759.5,2750.4,2756.2,15195,GC.v.0
2024-11-05 15:00:00+00:00,34,1,393,2756.2,2756.2,2742.2,2751.4,18750,GC.v.0
2024-11-05 16:00:00+00:00,34,1,393,2751.5,2754.0,2745.5,2748.3,7732,GC.v.0
2024-11-05 17:00:00+00:00,34,1,393,2748.3,2753.0,2747.4,2751.4,5515,GC.v.0
2024-11-05 18:00:00+00:00,34,1,393,2751.4,2753.3,2748.8,2750.8,5029,GC.v.0
2024-11-05 19:00:00+00:00,34,1,393,2750.8,2751.7,2748.9,2749.9,1995,GC.v.0
2024-11-05 20:00:00+00:00,34,1,393,2750.0,2752.7,2749.1,2752.1,2881,GC.v.0
2024-11-05 21:00:00+00:00,34,1,393,2752.2,2754.1,2751.7,2753.4,1056,GC.v.0
2024-11-05 23:00:00+00:00,34,1,393,2752.6,2755.2,2750.7,2754.4,1450,GC.v.0
2024-11-06 00:00:00+00:00,34,1,393,2754.5,2754.5,2744.0,2746.8,6045,GC.v.0
2024-11-06 01:00:00+00:00,34,1,393,2747.1,2758.8,2741.6,2756.0,12429,GC.v.0
2024-11-06 02:00:00+00:00,34,1,393,2755.6,2757.3,2745.7,2746.4,11393,GC.v.0
2024-11-06 03:00:00+00:00,34,1,393,2746.4,2752.7,2738.8,2743.0,13592,GC.v.0
2024-11-06 04:00:00+00:00,34,1,393,2743.2,2752.0,2742.0,2750.6,7585,GC.v.0
2024-11-06 05:00:00+00:00,34,1,393,2750.6,2752.5,2745.4,2747.8,6330,GC.v.0
2024-11-06 06:00:00+00:00,34,1,393,2747.8,2748.0,2709.8,2716.2,28601,GC.v.0
2024-11-06 07:00:00+00:00,34,1,393,2716.1,2742.2,2713.1,2734.5,16929,GC.v.0
2024-11-06 08:00:00+00:00,34,1,393,2734.4,2742.8,2731.6,2733.3,10242,GC.v.0
2024-11-06 09:00:00+00:00,34,1,393,2733.3,2737.7,2725.2,2733.7,8116,GC.v.0
2024-11-06 10:00:00+00:00,34,1,393,2733.6,2736.3,2727.6,2729.1,3888,GC.v.0
2024-11-06 11:00:00+00:00,34,1,393,2729.1,2731.8,2704.4,2707.8,16340,GC.v.0
2024-11-06 12:00:00+00:00,34,1,393,2707.6,2716.9,2701.8,2703.8,16661,GC.v.0
2024-11-06 13:00:00+00:00,34,1,393,2703.6,2703.6,2666.9,2672.2,50039,GC.v.0
2024-11-06 14:00:00+00:00,34,1,393,2672.2,2678.7,2660.7,2668.4,35562,GC.v.0
2024-11-06 15:00:00+00:00,34,1,393,2668.4,2684.8,2666.1,2684.6,28622,GC.v.0
2024-11-06 16:00:00+00:00,34,1,393,2684.7,2687.0,2671.2,2674.8,16176,GC.v.0
2024-11-06 17:00:00+00:00,34,1,393,2674.7,2677.9,2670.1,2672.0,7826,GC.v.0
2024-11-06 18:00:00+00:00,34,1,393,2671.9,2678.2,2671.5,2674.2,9600,GC.v.0
2024-11-06 19:00:00+00:00,34,1,393,2674.3,2677.1,2673.4,2675.7,3532,GC.v.0
2024-11-06 20:00:00+00:00,34,1,393,2675.7,2676.4,2667.9,2669.3,5302,GC.v.0
2024-11-06 21:00:00+00:00,34,1,393,2669.4,2671.2,2667.5,2668.0,1895,GC.v.0
2024-11-06 23:00:00+00:00,34,1,393,2667.7,2671.8,2666.5,2671.3,2374,GC.v.0
2024-11-07 00:00:00+00:00,34,1,393,2671.3,2671.5,2668.2,2668.8,2390,GC.v.0
2024-11-07 01:00:00+00:00,34,1,393,2668.7,2671.4,2650.3,2656.4,13738,GC.v.0
2024-11-07 02:00:00+00:00,34,1,393,2656.5,2664.8,2656.5,2664.6,6740,GC.v.0
2024-11-07 03:00:00+00:00,34,1,393,2664.7,2668.3,2662.9,2666.2,5054,GC.v.0
2024-11-07 04:00:00+00:00,34,1,393,2666.1,2666.6,2660.7,2661.3,3648,GC.v.0
2024-11-07 05:00:00+00:00,34,1,393,2661.4,2667.6,2661.4,2666.0,2756,GC.v.0
2024-11-07 06:00:00+00:00,34,1,393,2665.8,2666.4,2659.5,2663.9,4724,GC.v.0
2024-11-07 07:00:00+00:00,34,1,393,2663.8,2674.7,2662.9,2670.1,8944,GC.v.0
2024-11-07 08:00:00+00:00,34,1,393,2670.2,2673.6,2664.3,2664.3,8095,GC.v.0
2024-11-07 09:00:00+00:00,34,1,393,2664.4,2673.0,2664.3,2668.5,6845,GC.v.0
2024-11-07 10:00:00+00:00,34,1,393,2668.5,2675.2,2666.7,2673.3,7619,GC.v.0
2024-11-07 11:00:00+00:00,34,1,393,2673.2,2675.1,2670.6,2673.3,3624,GC.v.0
2024-11-07 12:00:00+00:00,34,1,393,2673.2,2681.5,2671.3,2681.0,9391,GC.v.0
2024-11-07 13:00:00+00:00,34,1,393,2681.1,2692.5,2679.7,2692.0,21509,GC.v.0
2024-11-07 14:00:00+00:00,34,1,393,2691.8,2702.6,2689.6,2699.3,21243,GC.v.0
2024-11-07 15:00:00+00:00,34,1,393,2699.2,2707.8,2697.4,2706.1,17082,GC.v.0
2024-11-07 16:00:00+00:00,34,1,393,2706.0,2706.8,2697.7,2703.1,14346,GC.v.0
2024-11-07 17:00:00+00:00,34,1,393,2703.1,2707.8,2701.5,2706.8,7508,GC.v.0
2024-11-07 18:00:00+00:00,34,1,393,2706.8,2707.0,2701.3,2703.0,7573,GC.v.0
2024-11-07 19:00:00+00:00,34,1,393,2703.2,2705.5,2694.6,2701.6,12820,GC.v.0
2024-11-07 20:00:00+00:00,34,1,393,2701.7,2718.3,2700.0,2711.9,15454,GC.v.0
2024-11-07 21:00:00+00:00,34,1,393,2712.0,2716.1,2711.1,2714.0,2508,GC.v.0
2024-11-07 23:00:00+00:00,34,1,393,2713.6,2715.4,2711.4,2714.3,2232,GC.v.0
2024-11-08 00:00:00+00:00,34,1,393,2714.2,2717.8,2712.9,2713.5,2656,GC.v.0
2024-11-08 01:00:00+00:00,34,1,393,2713.6,2715.0,2706.5,2707.4,6638,GC.v.0
2024-11-08 02:00:00+00:00,34,1,393,2707.2,2708.4,2702.4,2704.8,4438,GC.v.0
2024-11-08 03:00:00+00:00,34,1,393,2704.8,2707.9,2701.2,2702.4,3197,GC.v.0
2024-11-08 04:00:00+00:00,34,1,393,2702.4,2703.4,2700.4,2700.8,2815,GC.v.0
2024-11-08 05:00:00+00:00,34,1,393,2701.0,2703.4,2700.8,2702.3,1952,GC.v.0
2024-11-08 06:00:00+00:00,34,1,393,2702.3,2703.1,2693.1,2693.6,7622,GC.v.0
2024-11-08 07:00:00+00:00,34,1,393,2693.5,2695.1,2687.3,2694.6,6949,GC.v.0
2024-11-08 08:00:00+00:00,34,1,393,2694.5,2699.0,2688.9,2696.0,8821,GC.v.0
2024-11-08 09:00:00+00:00,34,1,393,2695.9,2698.4,2694.3,2696.7,4034,GC.v.0
2024-11-08 10:00:00+00:00,34,1,393,2696.7,2696.7,2689.0,2695.6,4767,GC.v.0
2024-11-08 11:00:00+00:00,34,1,393,2695.9,2702.3,2693.8,2699.2,5209,GC.v.0
2024-11-08 12:00:00+00:00,34,1,393,2699.3,2700.4,2693.3,2699.2,6075,GC.v.0
2024-11-08 13:00:00+00:00,34,1,393,2699.1,2708.8,2695.1,2705.3,16908,GC.v.0
2024-11-08 14:00:00+00:00,34,1,393,2705.3,2711.7,2694.9,2699.2,20150,GC.v.0
2024-11-08 15:00:00+00:00,34,1,393,2699.0,2700.4,2690.9,2695.1,17286,GC.v.0
2024-11-08 16:00:00+00:00,34,1,393,2694.9,2696.8,2690.2,2690.8,9384,GC.v.0
2024-11-08 17:00:00+00:00,34,1,393,2690.9,2696.2,2690.9,2695.6,6439,GC.v.0
2024-11-08 18:00:00+00:00,34,1,393,2695.7,2696.5,2691.5,2692.7,7132,GC.v.0
2024-11-08 19:00:00+00:00,34,1,393,2692.8,2695.3,2690.9,2694.8,3733,GC.v.0
2024-11-08 20:00:00+00:00,34,1,393,2694.7,2696.2,2692.6,2692.8,4698,GC.v.0
2024-11-08 21:00:00+00:00,34,1,393,2692.8,2693.6,2690.4,2691.7,2357,GC.v.0
2024-11-10 23:00:00+00:00,34,1,393,2692.1,2693.3,2686.6,2692.6,2442,GC.v.0
2024-11-11 00:00:00+00:00,34,1,393,2692.8,2693.4,2689.7,2691.2,1906,GC.v.0
2024-11-11 01:00:00+00:00,34,1,393,2691.1,2692.1,2678.5,2679.9,7945,GC.v.0
2024-11-11 02:00:00+00:00,34,1,393,2679.7,2682.0,2673.1,2678.8,6134,GC.v.0
2024-11-11 03:00:00+00:00,34,1,393,2678.7,2678.8,2674.9,2677.2,2636,GC.v.0
2024-11-11 04:00:00+00:00,34,1,393,2677.0,2679.4,2675.6,2679.2,2595,GC.v.0
2024-11-11 05:00:00+00:00,34,1,393,2679.0,2681.3,2673.5,2676.0,4970,GC.v.0
2024-11-11 06:00:00+00:00,34,1,393,2676.0,2680.7,2675.1,2679.9,2385,GC.v.0
2024-11-11 07:00:00+00:00,34,1,393,2679.8,2680.6,2675.5,2676.3,3690,GC.v.0
2024-11-11 08:00:00+00:00,34,1,393,2676.3,2678.6,2674.3,2676.3,4039,GC.v.0
2024-11-11 09:00:00+00:00,34,1,393,2676.3,2677.6,2670.5,2673.5,5337,GC.v.0
2024-11-11 10:00:00+00:00,34,1,393,2673.4,2682.6,2667.7,2668.7,8740,GC.v.0
2024-11-11 11:00:00+00:00,34,1,393,2668.8,2673.9,2665.8,2669.2,7494,GC.v.0
2024-11-11 12:00:00+00:00,34,1,393,2669.3,2669.9,2663.0,2664.1,7094,GC.v.0
2024-11-11 13:00:00+00:00,34,1,393,2664.0,2664.3,2640.5,2642.0,29323,GC.v.0
2024-11-11 14:00:00+00:00,34,1,393,2642.1,2642.3,2623.9,2629.0,39142,GC.v.0
2024-11-11 15:00:00+00:00,34,1,393,2628.9,2633.0,2619.8,2621.1,20474,GC.v.0
2024-11-11 16:00:00+00:00,34,1,393,2621.2,2624.9,2619.2,2621.8,12283,GC.v.0
2024-11-11 17:00:00+00:00,34,1,393,2621.8,2623.7,2617.7,2619.2,11144,GC.v.0
2024-11-11 18:00:00+00:00,34,1,393,2619.1,2626.1,2617.1,2625.6,11074,GC.v.0
2024-11-11 19:00:00+00:00,34,1,393,2625.6,2627.3,2624.4,2625.8,3874,GC.v.0
2024-11-11 20:00:00+00:00,34,1,393,2625.9,2632.8,2625.9,2628.4,6317,GC.v.0
2024-11-11 21:00:00+00:00,34,1,393,2628.6,2629.7,2625.6,2626.1,1938,GC.v.0
2024-11-11 23:00:00+00:00,34,1,393,2625.7,2630.4,2625.6,2630.2,2263,GC.v.0
2024-11-12 00:00:00+00:00,34,1,393,2630.3,2632.0,2628.4,2630.1,2703,GC.v.0
2024-11-12 01:00:00+00:00,34,1,393,2630.0,2633.4,2625.1,2630.2,6781,GC.v.0
2024-11-12 02:00:00+00:00,34,1,393,2630.2,2631.6,2626.6,2628.0,3438,GC.v.0
2024-11-12 03:00:00+00:00,34,1,393,2628.2,2629.8,2624.9,2625.0,1739,GC.v.0
2024-11-12 04:00:00+00:00,34,1,393,2624.9,2625.3,2621.6,2623.9,3337,GC.v.0
2024-11-12 05:00:00+00:00,34,1,393,2623.9,2624.3,2611.2,2612.9,8726,GC.v.0
2024-11-12 06:00:00+00:00,34,1,393,2612.7,2616.4,2609.6,2614.2,7346,GC.v.0
2024-11-12 07:00:00+00:00,34,1,393,2614.3,2615.5,2601.7,2604.6,13190,GC.v.0
2024-11-12 08:00:00+00:00,34,1,393,2604.8,2612.9,2604.7,2606.7,8192,GC.v.0
2024-11-12 09:00:00+00:00,34,1,393,2606.5,2606.9,2596.7,2599.4,11333,GC.v.0
2024-11-12 10:00:00+00:00,34,1,393,2599.4,2604.7,2595.7,2602.7,9912,GC.v.0
2024-11-12 11:00:00+00:00,34,1,393,2602.7,2605.1,2598.6,2604.1,7428,GC.v.0
2024-11-12 12:00:00+00:00,34,1,393,2604.1,2613.9,2604.1,2611.9,16809,GC.v.0
2024-11-12 13:00:00+00:00,34,1,393,2611.9,2623.0,2610.9,2618.1,23209,GC.v.0
2024-11-12 14:00:00+00:00,34,1,393,2618.3,2624.1,2615.4,2616.9,17895,GC.v.0
2024-11-12 15:00:00+00:00,34,1,393,2616.8,2618.3,2603.7,2604.8,23471,GC.v.0
2024-11-12 16:00:00+00:00,34,1,393,2605.0,2610.6,2604.0,2607.2,11128,GC.v.0
2024-11-12 17:00:00+00:00,34,1,393,2607.1,2607.5,2598.8,2603.9,10463,GC.v.0
2024-11-12 18:00:00+00:00,34,1,393,2604.0,2608.8,2602.9,2605.5,7754,GC.v.0
2024-11-12 19:00:00+00:00,34,1,393,2605.6,2607.9,2604.3,2604.7,3066,GC.v.0
2024-11-12 20:00:00+00:00,34,1,393,2604.6,2607.6,2601.6,2606.1,4901,GC.v.0
2024-11-12 21:00:00+00:00,34,1,393,2606.2,2607.2,2603.5,2604.7,1651,GC.v.0
2024-11-12 23:00:00+00:00,34,1,393,2604.7,2605.8,2603.7,2604.7,1239,GC.v.0
2024-11-13 00:00:00+00:00,34,1,393,2604.9,2605.6,2603.9,2605.4,1443,GC.v.0
2024-11-13 01:00:00+00:00,34,1,393,2605.4,2617.1,2605.4,2614.1,7761,GC.v.0
2024-11-13 02:00:00+00:00,34,1,393,2614.2,2618.4,2611.1,2617.9,4976,GC.v.0
2024-11-13 03:00:00+00:00,34,1,393,2618.1,2619.1,2612.2,2617.3,5453,GC.v.0
2024-11-13 04:00:00+00:00,34,1,393,2617.5,2618.2,2612.0,2612.1,4436,GC.v.0
2024-11-13 05:00:00+00:00,34,1,393,2612.3,2613.7,2609.3,2611.6,3448,GC.v.0
2024-11-13 06:00:00+00:00,34,1,393,2611.4,2613.4,2610.1,2611.1,3169,GC.v.0
2024-11-13 07:00:00+00:00,34,1,393,2611.0,2613.3,2610.1,2612.0,2780,GC.v.0
2024-11-13 08:00:00+00:00,34,1,393,2612.1,2616.8,2606.7,2613.6,10124,GC.v.0
2024-11-13 09:00:00+00:00,34,1,393,2613.5,2617.7,2613.2,2614.4,5671,GC.v.0
2024-11-13 10:00:00+00:00,34,1,393,2614.3,2616.3,2612.8,2614.8,4386,GC.v.0
2024-11-13 11:00:00+00:00,34,1,393,2614.7,2617.5,2611.6,2616.7,4911,GC.v.0
2024-11-13 12:00:00+00:00,34,1,393,2616.8,2618.9,2614.8,2615.7,4878,GC.v.0
2024-11-13 13:00:00+00:00,34,1,393,2615.7,2625.0,2613.0,2618.6,22687,GC.v.0
2024-11-13 14:00:00+00:00,34,1,393,2618.6,2622.6,2606.6,2607.8,21537,GC.v.0
2024-11-13 15:00:00+00:00,34,1,393,2607.7,2613.0,2599.3,2611.3,22189,GC.v.0
2024-11-13 16:00:00+00:00,34,1,393,2611.3,2612.0,2590.5,2591.5,21321,GC.v.0
2024-11-13 17:00:00+00:00,34,1,393,2591.6,2592.6,2583.3,2589.1,13530,GC.v.0
2024-11-13 18:00:00+00:00,34,1,393,2589.2,2591.3,2585.3,2588.6,10388,GC.v.0
2024-11-13 19:00:00+00:00,34,1,393,2588.7,2591.0,2586.4,2586.9,3682,GC.v.0
2024-11-13 20:00:00+00:00,34,1,393,2586.8,2587.0,2578.8,2579.4,7912,GC.v.0
2024-11-13 21:00:00+00:00,34,1,393,2579.5,2583.0,2578.1,2578.4,2735,GC.v.0
2024-11-13 23:00:00+00:00,34,1,393,2578.1,2585.8,2573.6,2575.0,9389,GC.v.0
2024-11-14 00:00:00+00:00,34,1,393,2575.2,2579.0,2574.0,2576.7,2955,GC.v.0
2024-11-14 01:00:00+00:00,34,1,393,2576.7,2577.2,2566.5,2567.7,11902,GC.v.0
2024-11-14 02:00:00+00:00,34,1,393,2567.4,2569.5,2563.8,2565.5,7669,GC.v.0
2024-11-14 03:00:00+00:00,34,1,393,2565.5,2569.6,2564.7,2565.3,3821,GC.v.0
2024-11-14 04:00:00+00:00,34,1,393,2565.2,2569.9,2563.8,2569.9,5358,GC.v.0
2024-11-14 05:00:00+00:00,34,1,393,2569.7,2569.8,2560.0,2563.2,9314,GC.v.0
2024-11-14 06:00:00+00:00,34,1,393,2563.2,2565.0,2556.4,2559.7,7025,GC.v.0
2024-11-14 07:00:00+00:00,34,1,393,2559.6,2563.8,2555.1,2561.9,7933,GC.v.0
2024-11-14 08:00:00+00:00,34,1,393,2561.8,2565.2,2559.4,2560.8,6362,GC.v.0
2024-11-14 09:00:00+00:00,34,1,393,2561.0,2563.3,2541.5,2548.3,17531,GC.v.0
2024-11-14 10:00:00+00:00,34,1,393,2548.2,2552.9,2543.8,2552.0,10681,GC.v.0
2024-11-14 11:00:00+00:00,34,1,393,2551.9,2559.9,2550.0,2558.7,9403,GC.v.0
2024-11-14 12:00:00+00:00,34,1,393,2558.9,2562.1,2555.1,2557.2,9486,GC.v.0
2024-11-14 13:00:00+00:00,34,1,393,2557.1,2565.3,2556.1,2562.1,16766,GC.v.0
2024-11-14 14:00:00+00:00,34,1,393,2562.0,2571.1,2559.2,2564.6,21230,GC.v.0
2024-11-14 15:00:00+00:00,34,1,393,2564.6,2578.2,2563.5,2575.4,20689,GC.v.0
2024-11-14 16:00:00+00:00,34,1,393,2575.6,2582.7,2574.4,2579.1,13593,GC.v.0
2024-11-14 17:00:00+00:00,34,1,393,2579.2,2581.0,2572.4,2578.3,8420,GC.v.0
2024-11-14 18:00:00+00:00,34,1,393,2578.3,2578.7,2572.4,2575.0,6184,GC.v.0
2024-11-14 19:00:00+00:00,34,1,393,2575.0,2582.3,2575.0,2581.4,4229,GC.v.0
2024-11-14 20:00:00+00:00,34,1,393,2581.4,2582.0,2569.0,2572.5,11830,GC.v.0
2024-11-14 21:00:00+00:00,34,1,393,2572.6,2574.9,2569.4,2570.6,2613,GC.v.0
2024-11-14 23:00:00+00:00,34,1,393,2570.4,2572.3,2569.9,2571.8,1419,GC.v.0
2024-11-15 00:00:00+00:00,34,1,393,2571.9,2572.5,2570.8,2571.6,2167,GC.v.0
2024-11-15 01:00:00+00:00,34,1,393,2571.6,2576.5,2567.6,2569.6,4944,GC.v.0
2024-11-15 02:00:00+00:00,34,1,393,2569.7,2575.8,2569.7,2574.9,2684,GC.v.0
2024-11-15 03:00:00+00:00,34,1,393,2575.0,2576.1,2572.4,2572.5,1775,GC.v.0
2024-11-15 04:00:00+00:00,34,1,393,2572.4,2574.3,2571.6,2571.7,923,GC.v.0
2024-11-15 05:00:00+00:00,34,1,393,2571.8,2571.9,2564.2,2564.4,3752,GC.v.0
2024-11-15 06:00:00+00:00,34,1,393,2564.3,2568.1,2558.9,2565.8,5752,GC.v.0
2024-11-15 07:00:00+00:00,34,1,393,2565.9,2569.3,2563.7,2568.2,3166,GC.v.0
2024-11-15 08:00:00+00:00,34,1,393,2568.1,2573.9,2565.1,2571.4,6131,GC.v.0
2024-11-15 09:00:00+00:00,34,1,393,2571.5,2573.7,2568.5,2568.5,3594,GC.v.0
2024-11-15 10:00:00+00:00,34,1,393,2568.5,2575.3,2567.5,2572.6,5610,GC.v.0
2024-11-15 11:00:00+00:00,34,1,393,2572.5,2578.0,2571.3,2575.3,5173,GC.v.0
2024-11-15 12:00:00+00:00,34,1,393,2575.3,2575.6,2569.9,2573.6,6316,GC.v.0
2024-11-15 13:00:00+00:00,34,1,393,2573.8,2580.4,2565.3,2569.7,21991,GC.v.0
2024-11-15 14:00:00+00:00,34,1,393,2569.6,2580.2,2568.6,2577.5,17201,GC.v.0
2024-11-15 15:00:00+00:00,34,1,393,2577.5,2580.8,2569.6,2575.6,14347,GC.v.0
2024-11-15 16:00:00+00:00,34,1,393,2575.6,2578.1,2566.3,2566.7,9568,GC.v.0
2024-11-15 17:00:00+00:00,34,1,393,2566.6,2569.4,2564.6,2567.4,6784,GC.v.0
2024-11-15 18:00:00+00:00,34,1,393,2567.4,2572.5,2563.7,2572.1,8736,GC.v.0
2024-11-15 19:00:00+00:00,34,1,393,2572.2,2572.7,2566.8,2568.2,3230,GC.v.0
2024-11-15 20:00:00+00:00,34,1,393,2568.2,2568.5,2563.9,2566.7,3617,GC.v.0
2024-11-15 21:00:00+00:00,34,1,393,2566.7,2568.2,2565.6,2567.4,1740,GC.v.0
2024-11-17 23:00:00+00:00,34,1,393,2571.5,2580.0,2568.5,2575.9,5267,GC.v.0
2024-11-18 00:00:00+00:00,34,1,393,2575.8,2581.9,2574.4,2581.0,3464,GC.v.0
2024-11-18 01:00:00+00:00,34,1,393,2581.0,2601.9,2581.0,2591.4,17659,GC.v.0
2024-11-18 02:00:00+00:00,34,1,393,2591.3,2600.0,2591.3,2595.6,6586,GC.v.0
2024-11-18 03:00:00+00:00,34,1,393,2595.5,2597.1,2592.4,2594.4,2745,GC.v.0
2024-11-18 04:00:00+00:00,34,1,393,2594.4,2597.7,2593.9,2596.8,1460,GC.v.0
2024-11-18 05:00:00+00:00,34,1,393,2596.7,2596.9,2589.3,2590.0,3884,GC.v.0
2024-11-18 06:00:00+00:00,34,1,393,2589.8,2592.5,2584.9,2590.7,5851,GC.v.0
2024-11-18 07:00:00+00:00,34,1,393,2590.6,2591.6,2585.8,2587.1,3694,GC.v.0
2024-11-18 08:00:00+00:00,34,1,393,2587.0,2594.6,2586.3,2589.8,5351,GC.v.0
2024-11-18 09:00:00+00:00,34,1,393,2589.7,2601.8,2588.0,2600.3,8184,GC.v.0
2024-11-18 10:00:00+00:00,34,1,393,2600.3,2601.2,2593.7,2598.5,5979,GC.v.0
2024-11-18 11:00:00+00:00,34,1,393,2598.4,2599.9,2594.7,2598.8,5232,GC.v.0
2024-11-18 12:00:00+00:00,34,1,393,2598.5,2601.6,2594.7,2599.7,7539,GC.v.0
2024-11-18 13:00:00+00:00,34,1,393,2599.4,2609.9,2597.1,2608.5,16617,GC.v.0
2024-11-18 14:00:00+00:00,34,1,393,2608.5,2614.9,2607.2,2612.5,15813,GC.v.0
2024-11-18 15:00:00+00:00,34,1,393,2612.5,2617.6,2610.3,2617.2,11773,GC.v.0
2024-11-18 16:00:00+00:00,34,1,393,2617.3,2619.5,2613.6,2615.9,9054,GC.v.0
2024-11-18 17:00:00+00:00,34,1,393,2616.0,2616.2,2611.6,2614.8,6144,GC.v.0
2024-11-18 18:00:00+00:00,34,1,393,2614.8,2616.5,2612.0,2615.4,6636,GC.v.0
2024-11-18 19:00:00+00:00,34,1,393,2615.5,2617.0,2612.6,2614.0,3257,GC.v.0
2024-11-18 20:00:00+00:00,34,1,393,2614.0,2615.8,2612.4,2614.4,3600,GC.v.0
2024-11-18 21:00:00+00:00,34,1,393,2614.5,2616.7,2614.1,2616.1,2414,GC.v.0
2024-11-18 23:00:00+00:00,34,1,393,2616.3,2617.1,2614.2,2616.6,1569,GC.v.0
2024-11-19 00:00:00+00:00,34,1,393,2616.7,2617.7,2615.0,2617.3,1766,GC.v.0
2024-11-19 01:00:00+00:00,34,1,393,2617.4,2622.0,2615.5,2619.7,6514,GC.v.0
2024-11-19 02:00:00+00:00,34,1,393,2619.9,2628.3,2619.9,2626.6,6622,GC.v.0
2024-11-19 03:00:00+00:00,34,1,393,2626.5,2629.7,2625.6,2628.5,4424,GC.v.0
2024-11-19 04:00:00+00:00,34,1,393,2628.4,2629.5,2625.7,2627.1,1928,GC.v.0
2024-11-19 05:00:00+00:00,34,1,393,2627.1,2627.5,2625.0,2626.6,3043,GC.v.0
2024-11-19 06:00:00+00:00,34,1,393,2626.4,2630.6,2625.3,2629.0,3561,GC.v.0
2024-11-19 07:00:00+00:00,34,1,393,2629.1,2629.2,2621.4,2622.9,5055,GC.v.0
2024-11-19 08:00:00+00:00,34,1,393,2622.7,2631.0,2622.5,2630.3,8123,GC.v.0
2024-11-19 09:00:00+00:00,34,1,393,2630.2,2638.4,2629.3,2634.1,14373,GC.v.0
2024-11-19 10:00:00+00:00,34,1,393,2634.2,2640.6,2633.9,2638.9,7256,GC.v.0
2024-11-19 11:00:00+00:00,34,1,393,2638.9,2639.9,2632.6,2633.2,6500,GC.v.0
2024-11-19 12:00:00+00:00,34,1,393,2633.2,2643.2,2632.4,2643.2,9455,GC.v.0
2024-11-19 13:00:00+00:00,34,1,393,2643.3,2643.4,2633.1,2639.2,17396,GC.v.0
2024-11-19 14:00:00+00:00,34,1,393,2639.1,2640.9,2626.2,2626.9,22223,GC.v.0
2024-11-19 15:00:00+00:00,34,1,393,2626.9,2632.5,2624.5,2628.2,13457,GC.v.0
2024-11-19 16:00:00+00:00,34,1,393,2628.5,2632.3,2626.0,2630.2,8416,GC.v.0
2024-11-19 17:00:00+00:00,34,1,393,2630.1,2637.0,2629.3,2631.8,7054,GC.v.0
2024-11-19 18:00:00+00:00,34,1,393,2631.8,2634.3,2629.9,2633.9,4661,GC.v.0
2024-11-19 19:00:00+00:00,34,1,393,2634.0,2635.5,2632.7,2634.5,2285,GC.v.0
2024-11-19 20:00:00+00:00,34,1,393,2634.5,2638.4,2634.2,2637.4,2724,GC.v.0
2024-11-19 21:00:00+00:00,34,1,393,2637.4,2637.6,2634.0,2635.7,2449,GC.v.0
2024-11-19 23:00:00+00:00,34,1,393,2635.8,2638.4,2634.9,2638.0,1826,GC.v.0
2024-11-20 00:00:00+00:00,34,1,393,2638.0,2642.3,2637.4,2640.9,2478,GC.v.0
2024-11-20 01:00:00+00:00,34,1,393,2641.0,2644.6,2638.8,2642.8,4803,GC.v.0
2024-11-20 02:00:00+00:00,34,1,393,2642.9,2645.3,2641.7,2643.4,3234,GC.v.0
2024-11-20 03:00:00+00:00,34,1,393,2643.6,2644.7,2640.9,2641.2,2185,GC.v.0
2024-11-20 04:00:00+00:00,34,1,393,2641.2,2642.0,2639.3,2639.9,1413,GC.v.0
2024-11-20 05:00:00+00:00,34,1,393,2639.9,2641.9,2638.2,2640.2,3080,GC.v.0
2024-11-20 06:00:00+00:00,34,1,393,2640.1,2640.4,2631.6,2632.8,6434,GC.v.0
2024-11-20 07:00:00+00:00,34,1,393,2632.6,2633.5,2624.2,2624.6,6967,GC.v.0
2024-11-20 08:00:00+00:00,34,1,393,2624.5,2627.7,2621.9,2627.4,5495,GC.v.0
2024-11-20 09:00:00+00:00,34,1,393,2627.4,2629.1,2624.0,2625.0,5118,GC.v.0
2024-11-20 10:00:00+00:00,34,1,393,2625.2,2629.5,2624.0,2628.3,4417,GC.v.0
2024-11-20 11:00:00+00:00,34,1,393,2628.3,2631.5,2624.6,2631.4,5449,GC.v.0
2024-11-20 12:00:00+00:00,34,1,393,2631.4,2635.8,2630.3,2635.2,6990,GC.v.0
2024-11-20 13:00:00+00:00,34,1,393,2635.1,2644.1,2634.4,2639.6,13799,GC.v.0
2024-11-20 14:00:00+00:00,34,1,393,2639.7,2649.9,2637.5,2646.7,18864,GC.v.0
2024-11-20 15:00:00+00:00,34,1,393,2646.5,2652.6,2644.2,2652.4,13941,GC.v.0
2024-11-20 16:00:00+00:00,34,1,393,2652.4,2654.3,2649.6,2654.1,8872,GC.v.0
2024-11-20 17:00:00+00:00,34,1,393,2654.0,2659.0,2652.7,2655.3,8235,GC.v.0
2024-11-20 18:00:00+00:00,34,1,393,2655.3,2655.7,2648.8,2651.9,7933,GC.v.0
2024-11-20 19:00:00+00:00,34,1,393,2651.9,2656.7,2651.8,2654.4,3241,GC.v.0
2024-11-20 20:00:00+00:00,34,1,393,2654.4,2654.7,2650.7,2652.3,3196,GC.v.0
2024-11-20 21:00:00+00:00,34,1,393,2652.4,2654.2,2651.4,2654.1,1780,GC.v.0
2024-11-20 23:00:00+00:00,34,1,393,2653.5,2655.5,2651.6,2654.6,1551,GC.v.0
2024-11-21 00:00:00+00:00,34,1,393,2654.8,2661.3,2654.2,2660.9,3158,GC.v.0
2024-11-21 01:00:00+00:00,34,1,393,2661.1,2663.3,2654.1,2656.0,5257,GC.v.0
2024-11-21 02:00:00+00:00,34,1,393,2655.9,2660.8,2654.8,2656.3,3256,GC.v.0
2024-11-21 03:00:00+00:00,34,1,393,2656.3,2659.7,2653.1,2659.4,2739,GC.v.0
2024-11-21 04:00:00+00:00,34,1,393,2659.5,2661.6,2659.4,2659.4,1785,GC.v.0
2024-11-21 05:00:00+00:00,34,1,393,2659.5,2660.7,2657.1,2659.4,2470,GC.v.0
2024-11-21 06:00:00+00:00,34,1,393,2659.4,2664.6,2659.1,2663.8,3835,GC.v.0
2024-11-21 07:00:00+00:00,34,1,393,2663.7,2667.2,2662.3,2665.5,3966,GC.v.0
2024-11-21 08:00:00+00:00,34,1,393,2665.4,2672.6,2664.3,2671.2,8092,GC.v.0
2024-11-21 09:00:00+00:00,34,1,393,2671.1,2674.0,2666.1,2671.5,7539,GC.v.0
2024-11-21 10:00:00+00:00,34,1,393,2671.5,2672.9,2667.5,2672.4,5854,GC.v.0
2024-11-21 11:00:00+00:00,34,1,393,2672.5,2676.2,2670.9,2674.1,4283,GC.v.0
2024-11-21 12:00:00+00:00,34,1,393,2674.3,2674.4,2665.5,2666.0,7291,GC.v.0
2024-11-21 13:00:00+00:00,34,1,393,2665.8,2670.3,2662.8,2667.9,10638,GC.v.0
2024-11-21 14:00:00+00:00,34,1,393,2668.1,2674.2,2663.6,2667.4,14121,GC.v.0
2024-11-21 15:00:00+00:00,34,1,393,2667.3,2673.2,2666.8,2670.4,10233,GC.v.0
2024-11-21 16:00:00+00:00,34,1,393,2670.3,2672.4,2663.6,2667.2,9403,GC.v.0
2024-11-21 17:00:00+00:00,34,1,393,2667.2,2675.4,2664.2,2674.6,6853,GC.v.0
2024-11-21 18:00:00+00:00,34,1,393,2674.5,2676.0,2671.6,2675.1,5454,GC.v.0
2024-11-21 19:00:00+00:00,34,1,393,2675.1,2676.5,2670.4,2672.3,3476,GC.v.0
2024-11-21 20:00:00+00:00,34,1,393,2672.3,2674.4,2671.2,2674.1,2603,GC.v.0
2024-11-21 21:00:00+00:00,34,1,393,2674.0,2674.3,2670.3,2672.2,2718,GC.v.0
2024-11-21 23:00:00+00:00,34,1,393,2672.0,2672.4,2670.1,2671.1,1243,GC.v.0
2024-11-22 00:00:00+00:00,34,1,393,2671.3,2675.6,2670.8,2675.2,2038,GC.v.0
2024-11-22 01:00:00+00:00,34,1,393,2675.1,2681.7,2675.1,2680.1,4340,GC.v.0
2024-11-22 02:00:00+00:00,34,1,393,2679.7,2688.8,2679.5,2688.5,4846,GC.v.0
2024-11-22 03:00:00+00:00,34,1,393,2688.4,2692.9,2683.4,2688.6,7940,GC.v.0
2024-11-22 04:00:00+00:00,34,1,393,2688.6,2694.7,2685.2,2690.9,5413,GC.v.0
2024-11-22 05:00:00+00:00,34,1,393,2691.0,2691.3,2685.1,2688.5,3001,GC.v.0
2024-11-22 06:00:00+00:00,34,1,393,2688.8,2695.6,2688.1,2695.3,3810,GC.v.0
2024-11-22 07:00:00+00:00,34,1,393,2695.2,2701.8,2693.0,2699.1,7693,GC.v.0
2024-11-22 08:00:00+00:00,34,1,393,2699.2,2703.0,2697.3,2699.9,8508,GC.v.0
2024-11-22 09:00:00+00:00,34,1,393,2699.8,2709.8,2695.8,2705.7,11659,GC.v.0
2024-11-22 10:00:00+00:00,34,1,393,2705.8,2711.1,2705.0,2710.0,7832,GC.v.0
2024-11-22 11:00:00+00:00,34,1,393,2710.1,2712.4,2699.2,2701.1,10785,GC.v.0
2024-11-22 12:00:00+00:00,34,1,393,2701.0,2707.3,2699.3,2705.4,6860,GC.v.0
2024-11-22 13:00:00+00:00,34,1,393,2705.2,2706.5,2691.3,2695.1,15668,GC.v.0
2024-11-22 14:00:00+00:00,34,1,393,2695.1,2698.7,2686.4,2696.8,16079,GC.v.0
2024-11-22 15:00:00+00:00,34,1,393,2697.1,2707.5,2696.6,2706.0,14107,GC.v.0
2024-11-22 16:00:00+00:00,34,1,393,2706.1,2708.8,2703.1,2707.3,9067,GC.v.0
2024-11-22 17:00:00+00:00,34,1,393,2707.5,2709.5,2705.7,2709.0,4178,GC.v.0
2024-11-22 18:00:00+00:00,34,1,393,2709.0,2713.7,2708.9,2713.1,7965,GC.v.0
2024-11-22 19:00:00+00:00,34,1,393,2713.2,2713.7,2709.2,2710.3,3435,GC.v.0
2024-11-22 20:00:00+00:00,34,1,393,2710.3,2711.1,2707.2,2707.8,3979,GC.v.0
2024-11-22 21:00:00+00:00,34,1,393,2707.8,2718.5,2707.7,2718.2,3789,GC.v.0
2024-11-24 23:00:00+00:00,34,1,393,2716.9,2723.2,2690.0,2721.6,8485,GC.v.0
2024-11-25 00:00:00+00:00,34,1,393,2721.5,2721.9,2711.5,2712.4,4277,GC.v.0
2024-11-25 01:00:00+00:00,34,1,393,2712.5,2713.0,2696.7,2703.2,11288,GC.v.0
2024-11-25 02:00:00+00:00,34,1,393,2703.3,2706.6,2694.2,2697.0,5830,GC.v.0
2024-11-25 03:00:00+00:00,34,1,393,2697.0,2699.2,2661.0,2674.0,17625,GC.v.0
2024-11-25 04:00:00+00:00,34,1,393,2674.0,2678.1,2665.5,2673.9,5740,GC.v.0
2024-11-25 05:00:00+00:00,34,1,393,2674.0,2675.5,2660.0,2666.6,7388,GC.v.0
2024-11-25 06:00:00+00:00,34,1,393,2666.6,2672.0,2663.4,2668.7,5055,GC.v.0
2024-11-25 07:00:00+00:00,34,1,393,2668.6,2674.2,2665.2,2669.4,6164,GC.v.0
2024-11-25 08:00:00+00:00,34,1,393,2669.2,2675.1,2668.7,2673.6,4941,GC.v.0
2024-11-25 09:00:00+00:00,34,1,393,2673.6,2676.9,2671.6,2675.5,3783,GC.v.0
2024-11-25 10:00:00+00:00,34,1,393,2675.5,2679.9,2670.3,2679.4,4920,GC.v.0
2024-11-25 11:00:00+00:00,34,1,393,2679.4,2690.3,2679.3,2688.4,8349,GC.v.0
2024-11-25 12:00:00+00:00,34,1,393,2688.5,2688.8,2681.4,2682.4,6666,GC.v.0
2024-11-25 13:00:00+00:00,34,1,393,2682.3,2689.5,2678.0,2679.7,11549,GC.v.0
2024-11-25 14:00:00+00:00,34,1,393,2679.7,2680.1,2634.5,2642.6,48539,GC.v.0
2024-11-25 15:00:00+00:00,34,1,393,2642.5,2642.8,2627.3,2629.6,20678,GC.v.0
2024-11-25 16:00:00+00:00,34,1,393,2629.4,2640.9,2629.4,2633.3,12006,GC.v.0
2024-11-25 17:00:00+00:00,34,1,393,2633.2,2635.5,2625.4,2629.2,8596,GC.v.0
2024-11-25 18:00:00+00:00,34,1,393,2629.1,2629.8,2616.6,2620.2,16076,GC.v.0
2024-11-25 19:00:00+00:00,34,1,393,2620.2,2627.5,2619.6,2626.9,5478,GC.v.0
2024-11-25 20:00:00+00:00,34,1,393,2626.9,2630.0,2623.7,2627.3,3746,GC.v.0
2024-11-25 21:00:00+00:00,34,1,393,2627.2,2629.4,2625.8,2626.4,1980,GC.v.0
2024-11-25 23:00:00+00:00,34,1,393,2626.2,2629.0,2605.3,2610.5,6598,GC.v.0
2024-11-26 00:00:00+00:00,34,1,393,2610.7,2624.7,2608.8,2619.9,4954,GC.v.0
2024-11-26 01:00:00+00:00,34,1,393,2619.9,2632.6,2618.0,2628.4,6068,GC.v.0
2024-11-26 02:00:00+00:00,34,1,393,2628.3,2630.8,2625.1,2625.6,2487,GC.v.0
2024-11-26 03:00:00+00:00,34,1,393,2625.5,2631.1,2622.9,2630.5,1637,GC.v.0
2024-11-26 04:00:00+00:00,34,1,393,2630.2,2631.6,2625.2,2626.6,1191,GC.v.0
2024-11-26 05:00:00+00:00,34,1,393,2626.5,2626.5,2617.1,2624.7,2986,GC.v.0
2024-11-26 06:00:00+00:00,34,1,393,2624.7,2626.3,2621.4,2622.3,1640,GC.v.0
2024-11-26 07:00:00+00:00,34,1,393,2622.3,2623.3,2610.9,2614.2,4117,GC.v.0
2024-11-26 08:00:00+00:00,34,1,393,2614.2,2618.5,2612.8,2613.7,4038,GC.v.0
2024-11-26 09:00:00+00:00,34,1,393,2613.6,2627.6,2613.1,2626.4,5219,GC.v.0
2024-11-26 10:00:00+00:00,34,1,393,2626.5,2633.5,2625.6,2631.8,6036,GC.v.0
2024-11-26 11:00:00+00:00,34,1,393,2631.8,2633.6,2628.1,2633.5,2996,GC.v.0
2024-11-26 12:00:00+00:00,34,1,393,2633.7,2635.1,2629.7,2631.2,3919,GC.v.0
2024-11-26 13:00:00+00:00,34,1,393,2631.2,2642.7,2623.9,2629.9,14657,GC.v.0
2024-11-26 14:00:00+00:00,34,1,393,2629.9,2634.1,2616.7,2623.0,15336,GC.v.0
2024-11-26 15:00:00+00:00,34,1,393,2623.0,2633.3,2620.5,2629.9,9636,GC.v.0
2024-11-26 16:00:00+00:00,34,1,393,2630.0,2631.8,2626.7,2628.9,4233,GC.v.0
2024-11-26 17:00:00+00:00,34,1,393,2628.8,2628.8,2625.0,2625.2,2621,GC.v.0
2024-11-26 18:00:00+00:00,34,1,393,2625.1,2625.2,2619.7,2623.8,5382,GC.v.0
2024-11-26 19:00:00+00:00,34,1,393,2624.0,2629.6,2622.7,2628.7,1737,GC.v.0
2024-11-26 20:00:00+00:00,34,1,393,2628.9,2633.3,2628.1,2632.1,1831,GC.v.0
2024-11-26 21:00:00+00:00,34,1,393,2632.1,2634.0,2631.2,2633.8,628,GC.v.0
2024-11-26 23:00:00+00:00,34,1,393,2633.5,2634.3,2630.9,2632.0,271,GC.v.0
2024-11-27 00:00:00+00:00,34,1,393,2632.5,2633.1,2627.4,2628.2,518,GC.v.0
2024-11-27 01:00:00+00:00,34,1,393,2628.0,2632.8,2627.2,2632.1,739,GC.v.0
2024-11-27 02:00:00+00:00,34,1,393,2631.6,2640.8,2631.6,2637.8,1043,GC.v.0
2024-11-27 03:00:00+00:00,34,1,393,2637.9,2639.7,2636.1,2638.3,930,GC.v.0
2024-11-27 04:00:00+00:00,34,1,393,2637.9,2640.9,2636.8,2639.1,653,GC.v.0
2024-11-27 05:00:00+00:00,34,1,393,2638.9,2645.9,2638.4,2642.4,912,GC.v.0
2024-11-27 06:00:00+00:00,34,1,393,2642.2,2648.1,2639.1,2647.9,1183,GC.v.0
2024-11-27 07:00:00+00:00,34,1,393,2648.0,2648.8,2646.4,2647.4,1132,GC.v.0
2024-11-27 08:00:00+00:00,34,1,393,2646.8,2653.5,2645.5,2653.4,2402,GC.v.0
2024-11-27 09:00:00+00:00,34,1,393,2653.2,2653.8,2647.7,2648.0,1024,GC.v.0
2024-11-27 10:00:00+00:00,34,1,393,2648.0,2649.9,2647.5,2648.3,719,GC.v.0
2024-11-27 11:00:00+00:00,34,1,393,2648.2,2651.8,2642.1,2650.7,1229,GC.v.0
2024-11-27 12:00:00+00:00,34,1,393,2650.8,2654.8,2648.9,2650.7,1195,GC.v.0
2024-11-27 13:00:00+00:00,34,1,393,2651.2,2657.9,2644.9,2655.7,2577,GC.v.0
2024-11-27 14:00:00+00:00,34,1,393,2656.1,2656.4,2648.0,2650.7,2736,GC.v.0
2024-11-27 15:00:00+00:00,34,1,393,2650.3,2651.0,2634.5,2642.2,4791,GC.v.0
2024-11-27 16:00:00+00:00,34,1,393,2642.0,2643.8,2637.6,2638.7,1771,GC.v.0
2024-11-27 17:00:00+00:00,34,1,393,2638.7,2642.9,2634.8,2637.5,1057,GC.v.0
2024-11-27 18:00:00+00:00,34,1,393,2637.0,2640.9,2636.9,2638.9,548,GC.v.0
2024-11-27 19:00:00+00:00,34,1,393,2638.7,2639.5,2634.2,2635.1,182,GC.v.0
2024-11-27 20:00:00+00:00,34,1,393,2634.9,2639.5,2634.8,2638.0,549,GC.v.0
2024-11-27 21:00:00+00:00,34,1,393,2637.4,2637.7,2635.2,2636.4,45,GC.v.0
2024-11-27 23:00:00+00:00,34,1,393,2636.4,2636.4,2636.4,2636.4,2,GC.v.0
2024-11-28 00:00:00+00:00,34,1,393,2637.1,2637.3,2636.1,2636.1,7,GC.v.0
2024-11-28 01:00:00+00:00,34,1,393,2632.0,2632.0,2620.7,2626.5,46,GC.v.0
2024-11-28 02:00:00+00:00,34,1,393,2628.6,2628.7,2627.0,2627.0,27,GC.v.0
2024-11-28 03:00:00+00:00,34,1,393,2625.9,2631.0,2625.9,2629.3,48,GC.v.0
2024-11-28 04:00:00+00:00,34,1,393,2628.8,2633.9,2628.8,2630.4,10,GC.v.0
2024-11-28 06:00:00+00:00,34,1,393,2635.0,2639.0,2635.0,2639.0,6,GC.v.0
2024-11-28 07:00:00+00:00,34,1,393,2636.6,2638.2,2635.5,2637.0,80,GC.v.0
2024-11-28 08:00:00+00:00,34,1,393,2637.0,2644.0,2636.1,2642.0,133,GC.v.0
2024-11-28 09:00:00+00:00,34,1,393,2643.1,2646.6,2642.6,2645.7,80,GC.v.0
2024-11-28 10:00:00+00:00,34,1,393,2645.9,2648.6,2644.1,2647.0,206,GC.v.0
2024-11-28 11:00:00+00:00,34,1,393,2647.8,2647.8,2644.9,2646.8,135,GC.v.0
2024-11-28 12:00:00+00:00,34,1,393,2645.4,2646.1,2645.1,2645.2,90,GC.v.0
2024-11-28 13:00:00+00:00,34,1,393,2645.3,2645.8,2642.3,2645.5,238,GC.v.0
2024-11-28 14:00:00+00:00,34,1,393,2646.0,2646.0,2642.9,2642.9,125,GC.v.0
2024-11-28 15:00:00+00:00,34,1,393,2640.8,2642.8,2635.9,2638.2,397,GC.v.0
2024-11-28 16:00:00+00:00,34,1,393,2638.5,2642.0,2638.5,2641.2,125,GC.v.0
2024-11-28 18:00:00+00:00,34,1,393,2639.5,2639.7,2639.5,2639.7,9,GC.v.0
2024-11-28 23:00:00+00:00,34,1,393,2637.9,2637.9,2637.6,2637.6,4,GC.v.0
2024-11-29 00:00:00+00:00,34,1,1551,2662.4,2663.0,2659.2,2659.8,1790,GC.v.0
2024-11-29 01:00:00+00:00,34,1,1551,2659.6,2671.1,2657.5,2669.0,5483,GC.v.0
2024-11-29 02:00:00+00:00,34,1,1551,2668.8,2686.9,2668.8,2681.5,8867,GC.v.0
2024-11-29 03:00:00+00:00,34,1,1551,2681.7,2684.7,2678.8,2684.2,3174,GC.v.0
2024-11-29 04:00:00+00:00,34,1,1551,2684.3,2688.6,2682.5,2684.0,2877,GC.v.0
2024-11-29 05:00:00+00:00,34,1,1551,2684.2,2688.4,2683.6,2686.3,3044,GC.v.0
2024-11-29 06:00:00+00:00,34,1,1551,2686.4,2690.5,2685.7,2689.2,3270,GC.v.0
2024-11-29 07:00:00+00:00,34,1,1551,2689.4,2689.5,2683.1,2684.7,3240,GC.v.0
2024-11-29 08:00:00+00:00,34,1,1551,2684.8,2686.7,2678.5,2681.2,5249,GC.v.0
2024-11-29 09:00:00+00:00,34,1,1551,2681.1,2688.8,2679.7,2688.1,6056,GC.v.0
2024-11-29 10:00:00+00:00,34,1,1551,2688.2,2689.7,2685.2,2686.8,4474,GC.v.0
2024-11-29 11:00:00+00:00,34,1,1551,2686.6,2688.2,2683.3,2683.3,4159,GC.v.0
2024-11-29 12:00:00+00:00,34,1,1551,2683.3,2688.6,2682.6,2683.6,4656,GC.v.0
2024-11-29 13:00:00+00:00,34,1,1551,2683.7,2687.0,2679.6,2681.6,8492,GC.v.0
2024-11-29 14:00:00+00:00,34,1,1551,2681.5,2686.4,2675.5,2677.4,10624,GC.v.0
2024-11-29 15:00:00+00:00,34,1,1551,2677.6,2682.9,2674.6,2682.8,10028,GC.v.0
2024-11-29 16:00:00+00:00,34,1,1551,2682.8,2686.5,2682.0,2686.2,5879,GC.v.0
2024-11-29 17:00:00+00:00,34,1,1551,2686.2,2686.2,2681.5,2684.9,4565,GC.v.0
2024-11-29 18:00:00+00:00,34,1,1551,2684.9,2685.0,2675.3,2676.5,5466,GC.v.0
2024-11-29 19:00:00+00:00,34,1,1551,2676.3,2676.7,2672.0,2673.9,1853,GC.v.0
2024-12-01 23:00:00+00:00,34,1,1551,2673.8,2678.5,2665.6,2668.5,4230,GC.v.0
2024-12-02 00:00:00+00:00,34,1,1551,2668.8,2670.3,2652.5,2660.1,7236,GC.v.0
2024-12-02 01:00:00+00:00,34,1,1551,2660.2,2661.8,2645.3,2658.6,11890,GC.v.0
2024-12-02 02:00:00+00:00,34,1,1551,2658.4,2660.7,2648.2,2649.3,5607,GC.v.0
2024-12-02 03:00:00+00:00,34,1,1551,2649.6,2653.9,2646.6,2652.2,4540,GC.v.0
2024-12-02 04:00:00+00:00,34,1,1551,2652.3,2653.5,2649.0,2651.4,2272,GC.v.0
2024-12-02 05:00:00+00:00,34,1,1551,2651.3,2651.5,2644.5,2646.1,4324,GC.v.0
2024-12-02 06:00:00+00:00,34,1,1551,2646.0,2650.4,2644.7,2648.7,3928,GC.v.0
2024-12-02 07:00:00+00:00,34,1,1551,2648.8,2656.3,2648.0,2652.3,4606,GC.v.0
2024-12-02 08:00:00+00:00,34,1,1551,2652.3,2655.5,2649.2,2652.2,5777,GC.v.0
2024-12-02 09:00:00+00:00,34,1,1551,2652.1,2659.8,2651.3,2656.4,5979,GC.v.0
2024-12-02 10:00:00+00:00,34,1,1551,2656.5,2660.7,2656.1,2658.8,4199,GC.v.0
2024-12-02 11:00:00+00:00,34,1,1551,2658.8,2669.2,2658.6,2664.7,12144,GC.v.0
2024-12-02 12:00:00+00:00,34,1,1551,2664.7,2668.1,2662.0,2664.0,5027,GC.v.0
2024-12-02 13:00:00+00:00,34,1,1551,2664.1,2672.1,2659.8,2670.4,13880,GC.v.0
2024-12-02 14:00:00+00:00,34,1,1551,2670.3,2675.0,2665.3,2669.0,13449,GC.v.0
2024-12-02 15:00:00+00:00,34,1,1551,2668.9,2672.8,2663.4,2665.4,13182,GC.v.0
2024-12-02 16:00:00+00:00,34,1,1551,2665.5,2667.4,2661.6,2664.4,7462,GC.v.0
2024-12-02 17:00:00+00:00,34,1,1551,2664.4,2665.0,2660.3,2661.9,5441,GC.v.0
2024-12-02 18:00:00+00:00,34,1,1551,2661.8,2661.9,2656.3,2659.9,7674,GC.v.0
2024-12-02 19:00:00+00:00,34,1,1551,2659.9,2663.3,2658.9,2660.6,3405,GC.v.0
2024-12-02 20:00:00+00:00,34,1,1551,2660.6,2667.4,2658.1,2660.1,5719,GC.v.0
2024-12-02 21:00:00+00:00,34,1,1551,2660.3,2662.3,2659.6,2661.8,1281,GC.v.0
2024-12-02 23:00:00+00:00,34,1,1551,2662.0,2665.7,2660.9,2664.7,1575,GC.v.0
2024-12-03 00:00:00+00:00,34,1,1551,2664.9,2667.1,2663.3,2663.8,2324,GC.v.0
2024-12-03 01:00:00+00:00,34,1,1551,2663.9,2668.3,2656.6,2659.2,5734,GC.v.0
2024-12-03 02:00:00+00:00,34,1,1551,2658.9,2661.8,2656.9,2659.7,3542,GC.v.0
2024-12-03 03:00:00+00:00,34,1,1551,2659.5,2663.2,2658.9,2663.2,1594,GC.v.0
2024-12-03 04:00:00+00:00,34,1,1551,2663.1,2665.9,2660.8,2662.4,2539,GC.v.0
2024-12-03 05:00:00+00:00,34,1,1551,2662.4,2664.4,2659.4,2663.5,1747,GC.v.0
2024-12-03 06:00:00+00:00,34,1,1551,2663.7,2672.8,2663.7,2669.7,6386,GC.v.0
2024-12-03 07:00:00+00:00,34,1,1551,2669.8,2670.5,2667.0,2667.3,2937,GC.v.0
2024-12-03 08:00:00+00:00,34,1,1551,2667.2,2668.2,2661.9,2668.2,8013,GC.v.0
2024-12-03 09:00:00+00:00,34,1,1551,2668.1,2670.9,2666.3,2666.5,10646,GC.v.0
2024-12-03 10:00:00+00:00,34,1,1551,2666.6,2668.1,2665.0,2665.2,3357,GC.v.0
2024-12-03 11:00:00+00:00,34,1,1551,2665.2,2668.1,2665.1,2666.2,2661,GC.v.0
2024-12-03 12:00:00+00:00,34,1,1551,2666.0,2666.7,2660.5,2662.3,5088,GC.v.0
2024-12-03 13:00:00+00:00,34,1,1551,2662.3,2676.3,2660.1,2675.6,12979,GC.v.0
2024-12-03 14:00:00+00:00,34,1,1551,2675.6,2678.4,2668.4,2669.2,16330,GC.v.0
2024-12-03 15:00:00+00:00,34,1,1551,2669.6,2670.6,2657.8,2663.1,17312,GC.v.0
2024-12-03 16:00:00+00:00,34,1,1551,2663.1,2671.4,2661.6,2671.0,8187,GC.v.0
2024-12-03 17:00:00+00:00,34,1,1551,2670.9,2671.5,2665.8,2669.4,5766,GC.v.0
2024-12-03 18:00:00+00:00,34,1,1551,2669.4,2671.7,2665.5,2668.2,5225,GC.v.0
2024-12-03 19:00:00+00:00,34,1,1551,2668.3,2668.8,2662.4,2663.3,3659,GC.v.0
2024-12-03 20:00:00+00:00,34,1,1551,2663.2,2666.7,2663.0,2664.3,2218,GC.v.0
2024-12-03 21:00:00+00:00,34,1,1551,2664.4,2666.4,2664.2,2666.0,1061,GC.v.0
2024-12-03 23:00:00+00:00,34,1,1551,2665.8,2666.1,2663.1,2664.7,1023,GC.v.0
2024-12-04 00:00:00+00:00,34,1,1551,2664.7,2665.4,2661.3,2662.4,1408,GC.v.0
2024-12-04 01:00:00+00:00,34,1,1551,2662.4,2665.5,2659.5,2664.4,5118,GC.v.0
2024-12-04 02:00:00+00:00,34,1,1551,2664.3,2670.3,2664.2,2668.1,3574,GC.v.0
2024-12-04 03:00:00+00:00,34,1,1551,2668.2,2670.1,2665.2,2666.7,2521,GC.v.0
2024-12-04 04:00:00+00:00,34,1,1551,2666.5,2670.7,2665.9,2670.4,1350,GC.v.0
2024-12-04 05:00:00+00:00,34,1,1551,2670.4,2673.2,2669.6,2671.7,3364,GC.v.0
2024-12-04 06:00:00+00:00,34,1,1551,2671.8,2673.6,2669.4,2671.3,2749,GC.v.0
2024-12-04 07:00:00+00:00,34,1,1551,2671.5,2671.5,2662.1,2663.6,4895,GC.v.0
2024-12-04 08:00:00+00:00,34,1,1551,2663.5,2664.3,2658.7,2663.5,5956,GC.v.0
2024-12-04 09:00:00+00:00,34,1,1551,2663.5,2664.9,2660.6,2662.8,4328,GC.v.0
2024-12-04 10:00:00+00:00,34,1,1551,2662.9,2666.4,2662.2,2666.1,6574,GC.v.0
2024-12-04 11:00:00+00:00,34,1,1551,2666.3,2669.6,2665.2,2668.1,7816,GC.v.0
2024-12-04 12:00:00+00:00,34,1,1551,2668.1,2668.4,2658.0,2659.2,8599,GC.v.0
2024-12-04 13:00:00+00:00,34,1,1551,2659.0,2671.9,2654.2,2671.2,20074,GC.v.0
2024-12-04 14:00:00+00:00,34,1,1551,2671.2,2676.8,2667.8,2672.6,16551,GC.v.0
2024-12-04 15:00:00+00:00,34,1,1551,2672.6,2682.0,2672.1,2679.7,22782,GC.v.0
2024-12-04 16:00:00+00:00,34,1,1551,2679.7,2680.4,2671.3,2674.2,8351,GC.v.0
2024-12-04 17:00:00+00:00,34,1,1551,2674.1,2677.4,2672.9,2675.9,4934,GC.v.0
2024-12-04 18:00:00+00:00,34,1,1551,2675.9,2677.4,2673.2,2673.5,4656,GC.v.0
2024-12-04 19:00:00+00:00,34,1,1551,2673.4,2679.9,2671.0,2676.2,5223,GC.v.0
2024-12-04 20:00:00+00:00,34,1,1551,2676.2,2676.4,2672.4,2674.5,3158,GC.v.0
2024-12-04 21:00:00+00:00,34,1,1551,2674.6,2675.6,2673.3,2674.3,1169,GC.v.0
2024-12-04 23:00:00+00:00,34,1,1551,2674.2,2675.3,2672.5,2673.9,1024,GC.v.0
2024-12-05 00:00:00+00:00,34,1,1551,2674.0,2674.0,2671.3,2672.1,1960,GC.v.0
2024-12-05 01:00:00+00:00,34,1,1551,2672.1,2674.6,2670.0,2670.8,3403,GC.v.0
2024-12-05 02:00:00+00:00,34,1,1551,2670.8,2673.7,2669.1,2670.5,2113,GC.v.0
2024-12-05 03:00:00+00:00,34,1,1551,2670.3,2673.3,2668.3,2672.8,1831,GC.v.0
2024-12-05 04:00:00+00:00,34,1,1551,2672.8,2673.6,2669.6,2670.2,1342,GC.v.0
2024-12-05 05:00:00+00:00,34,1,1551,2670.2,2680.0,2669.6,2677.5,4719,GC.v.0
2024-12-05 06:00:00+00:00,34,1,1551,2677.3,2678.6,2671.2,2671.7,4230,GC.v.0
2024-12-05 07:00:00+00:00,34,1,1551,2671.6,2676.0,2670.0,2673.5,7956,GC.v.0
2024-12-05 08:00:00+00:00,34,1,1551,2673.4,2674.9,2666.4,2667.6,4972,GC.v.0
2024-12-05 09:00:00+00:00,34,1,1551,2667.5,2670.6,2665.8,2668.6,4234,GC.v.0
2024-12-05 10:00:00+00:00,34,1,1551,2668.5,2674.0,2668.5,2672.4,3992,GC.v.0
2024-12-05 11:00:00+00:00,34,1,1551,2672.2,2676.4,2671.6,2674.8,4423,GC.v.0
2024-12-05 12:00:00+00:00,34,1,1551,2675.0,2676.6,2670.8,2676.5,5291,GC.v.0
2024-12-05 13:00:00+00:00,34,1,1551,2676.6,2677.9,2667.6,2672.5,12539,GC.v.0
2024-12-05 14:00:00+00:00,34,1,1551,2672.3,2673.8,2662.8,2663.5,10736,GC.v.0
2024-12-05 15:00:00+00:00,34,1,1551,2663.6,2665.5,2654.6,2663.5,24413,GC.v.0
2024-12-05 16:00:00+00:00,34,1,1551,2663.7,2666.7,2656.1,2658.4,11059,GC.v.0
2024-12-05 17:00:00+00:00,34,1,1551,2658.4,2659.4,2646.6,2651.0,14655,GC.v.0
2024-12-05 18:00:00+00:00,34,1,1551,2650.9,2652.8,2646.3,2652.6,7294,GC.v.0
2024-12-05 19:00:00+00:00,34,1,1551,2652.7,2654.9,2651.5,2652.8,4284,GC.v.0
2024-12-05 20:00:00+00:00,34,1,1551,2652.9,2655.0,2651.1,2654.5,3172,GC.v.0
2024-12-05 21:00:00+00:00,34,1,1551,2654.4,2655.6,2654.1,2655.0,1073,GC.v.0
2024-12-05 23:00:00+00:00,34,1,1551,2655.0,2656.8,2654.0,2656.7,1315,GC.v.0
2024-12-06 00:00:00+00:00,34,1,1551,2656.6,2656.6,2651.4,2651.8,1788,GC.v.0
2024-12-06 01:00:00+00:00,34,1,1551,2651.8,2653.7,2635.6,2640.5,11521,GC.v.0
2024-12-06 02:00:00+00:00,34,1,1551,2640.5,2648.1,2639.7,2647.9,2938,GC.v.0
2024-12-06 03:00:00+00:00,34,1,1551,2648.0,2664.8,2647.6,2662.9,8154,GC.v.0
2024-12-06 04:00:00+00:00,34,1,1551,2663.0,2666.7,2662.3,2664.4,5866,GC.v.0
2024-12-06 05:00:00+00:00,34,1,1551,2664.5,2664.9,2657.3,2659.8,5922,GC.v.0
2024-12-06 06:00:00+00:00,34,1,1551,2659.7,2664.3,2658.2,2661.3,5953,GC.v.0
2024-12-06 07:00:00+00:00,34,1,1551,2661.3,2662.1,2657.9,2661.8,2800,GC.v.0
2024-12-06 08:00:00+00:00,34,1,1551,2661.7,2667.2,2659.8,2666.2,5106,GC.v.0
2024-12-06 09:00:00+00:00,34,1,1551,2666.3,2667.9,2661.6,2662.5,5863,GC.v.0
2024-12-06 10:00:00+00:00,34,1,1551,2662.6,2662.8,2655.0,2655.6,4826,GC.v.0
2024-12-06 11:00:00+00:00,34,1,1551,2655.5,2660.9,2653.7,2659.9,3997,GC.v.0
2024-12-06 12:00:00+00:00,34,1,1551,2659.8,2663.3,2657.2,2660.1,5048,GC.v.0
2024-12-06 13:00:00+00:00,34,1,1551,2660.0,2665.3,2652.7,2657.4,20816,GC.v.0
2024-12-06 14:00:00+00:00,34,1,1551,2657.1,2660.7,2645.5,2657.1,19070,GC.v.0
2024-12-06 15:00:00+00:00,34,1,1551,2657.0,2662.3,2654.2,2659.5,12601,GC.v.0
2024-12-06 16:00:00+00:00,34,1,1551,2659.5,2663.7,2657.2,2662.4,6690,GC.v.0
2024-12-06 17:00:00+00:00,34,1,1551,2662.5,2662.6,2656.0,2656.8,5753,GC.v.0
2024-12-06 18:00:00+00:00,34,1,1551,2656.7,2660.9,2655.9,2659.1,5276,GC.v.0
2024-12-06 19:00:00+00:00,34,1,1551,2659.2,2659.3,2654.9,2656.8,2801,GC.v.0
2024-12-06 20:00:00+00:00,34,1,1551,2656.8,2658.3,2653.5,2654.0,3001,GC.v.0
2024-12-06 21:00:00+00:00,34,1,1551,2653.9,2655.7,2653.0,2654.9,1705,GC.v.0
2024-12-08 23:00:00+00:00,34,1,1551,2665.0,2672.7,2658.5,2662.4,7753,GC.v.0
2024-12-09 00:00:00+00:00,34,1,1551,2662.2,2662.4,2649.7,2653.3,5009,GC.v.0
2024-12-09 01:00:00+00:00,34,1,1551,2653.3,2672.9,2653.3,2668.3,8277,GC.v.0
2024-12-09 02:00:00+00:00,34,1,1551,2668.5,2670.4,2662.5,2667.7,3441,GC.v.0
2024-12-09 03:00:00+00:00,34,1,1551,2667.7,2668.3,2660.0,2660.6,3847,GC.v.0
2024-12-09 04:00:00+00:00,34,1,1551,2660.5,2661.1,2656.6,2657.9,3776,GC.v.0
2024-12-09 05:00:00+00:00,34,1,1551,2657.9,2662.1,2657.5,2660.0,2887,GC.v.0
2024-12-09 06:00:00+00:00,34,1,1551,2659.9,2666.0,2659.8,2665.3,3391,GC.v.0
2024-12-09 07:00:00+00:00,34,1,1551,2665.3,2673.2,2664.4,2672.3,6452,GC.v.0
2024-12-09 08:00:00+00:00,34,1,1551,2672.5,2673.0,2667.6,2671.0,8378,GC.v.0
2024-12-09 09:00:00+00:00,34,1,1551,2671.1,2679.0,2670.4,2677.1,6462,GC.v.0
2024-12-09 10:00:00+00:00,34,1,1551,2677.3,2680.4,2675.0,2679.4,6612,GC.v.0
2024-12-09 11:00:00+00:00,34,1,1551,2679.4,2682.5,2675.3,2678.3,6700,GC.v.0
2024-12-09 12:00:00+00:00,34,1,1551,2678.3,2680.4,2675.7,2678.7,6329,GC.v.0
2024-12-09 13:00:00+00:00,34,1,1551,2678.8,2689.5,2677.2,2688.7,16426,GC.v.0
2024-12-09 14:00:00+00:00,34,1,1551,2688.8,2698.8,2685.3,2697.5,20190,GC.v.0
2024-12-09 15:00:00+00:00,34,1,1551,2697.4,2700.0,2689.6,2691.2,17968,GC.v.0
2024-12-09 16:00:00+00:00,34,1,1551,2691.1,2693.5,2688.4,2690.5,10707,GC.v.0
2024-12-09 17:00:00+00:00,34,1,1551,2690.5,2692.2,2686.3,2687.4,6024,GC.v.0
2024-12-09 18:00:00+00:00,34,1,1551,2687.4,2687.5,2684.3,2685.8,5830,GC.v.0
2024-12-09 19:00:00+00:00,34,1,1551,2685.7,2686.1,2681.6,2682.9,3540,GC.v.0
2024-12-09 20:00:00+00:00,34,1,1551,2682.9,2682.9,2679.4,2680.8,4072,GC.v.0
2024-12-09 21:00:00+00:00,34,1,1551,2680.8,2683.9,2680.6,2683.0,2732,GC.v.0
2024-12-09 23:00:00+00:00,34,1,1551,2684.4,2684.5,2682.1,2683.0,1629,GC.v.0
2024-12-10 00:00:00+00:00,34,1,1551,2683.0,2688.3,2680.7,2687.7,3306,GC.v.0
2024-12-10 01:00:00+00:00,34,1,1551,2687.8,2691.5,2683.3,2690.3,6500,GC.v.0
2024-12-10 02:00:00+00:00,34,1,1551,2690.2,2694.4,2688.9,2691.6,5828,GC.v.0
2024-12-10 03:00:00+00:00,34,1,1551,2691.6,2694.4,2688.0,2692.7,4353,GC.v.0
2024-12-10 04:00:00+00:00,34,1,1551,2692.8,2696.9,2692.5,2693.1,3068,GC.v.0
2024-12-10 05:00:00+00:00,34,1,1551,2693.1,2694.2,2690.7,2691.3,3426,GC.v.0
2024-12-10 06:00:00+00:00,34,1,1551,2691.2,2693.3,2688.0,2692.5,2959,GC.v.0
2024-12-10 07:00:00+00:00,34,1,1551,2692.4,2693.2,2685.5,2686.6,4034,GC.v.0
2024-12-10 08:00:00+00:00,34,1,1551,2686.5,2687.9,2683.3,2685.6,6796,GC.v.0
2024-12-10 09:00:00+00:00,34,1,1551,2685.8,2689.5,2684.1,2687.6,5219,GC.v.0
2024-12-10 10:00:00+00:00,34,1,1551,2687.6,2699.5,2686.9,2698.1,9711,GC.v.0
2024-12-10 11:00:00+00:00,34,1,1551,2698.1,2698.1,2692.1,2697.0,9245,GC.v.0
2024-12-10 12:00:00+00:00,34,1,1551,2697.1,2703.4,2695.1,2701.1,15760,GC.v.0
2024-12-10 13:00:00+00:00,34,1,1551,2701.2,2705.8,2695.4,2704.4,12973,GC.v.0
2024-12-10 14:00:00+00:00,34,1,1551,2704.3,2717.2,2703.2,2713.8,23020,GC.v.0
2024-12-10 15:00:00+00:00,34,1,1551,2713.7,2715.4,2709.1,2712.4,15070,GC.v.0
2024-12-10 16:00:00+00:00,34,1,1551,2712.3,2718.1,2709.0,2717.9,12034,GC.v.0
2024-12-10 17:00:00+00:00,34,1,1551,2717.8,2721.1,2715.7,2719.7,7878,GC.v.0
2024-12-10 18:00:00+00:00,34,1,1551,2719.8,2720.8,2717.3,2718.0,5732,GC.v.0
2024-12-10 19:00:00+00:00,34,1,1551,2718.1,2720.5,2717.2,2718.3,3163,GC.v.0
2024-12-10 20:00:00+00:00,34,1,1551,2718.2,2719.7,2717.3,2718.2,2709,GC.v.0
2024-12-10 21:00:00+00:00,34,1,1551,2718.2,2721.7,2718.1,2721.5,2764,GC.v.0
2024-12-10 23:00:00+00:00,34,1,1551,2721.2,2726.3,2720.3,2723.8,3857,GC.v.0
2024-12-11 00:00:00+00:00,34,1,1551,2723.8,2732.9,2721.7,2731.7,7029,GC.v.0
2024-12-11 01:00:00+00:00,34,1,1551,2731.9,2734.2,2727.2,2732.4,10730,GC.v.0
2024-12-11 02:00:00+00:00,34,1,1551,2732.4,2738.9,2732.4,2736.1,11271,GC.v.0
2024-12-11 03:00:00+00:00,34,1,1551,2736.1,2741.0,2736.1,2737.6,8003,GC.v.0
2024-12-11 04:00:00+00:00,34,1,1551,2737.7,2740.9,2734.5,2735.9,7592,GC.v.0
2024-12-11 05:00:00+00:00,34,1,1551,2735.9,2739.6,2727.7,2727.8,16276,GC.v.0
2024-12-11 06:00:00+00:00,34,1,1551,2727.7,2732.1,2726.4,2731.8,8886,GC.v.0
2024-12-11 07:00:00+00:00,34,1,1551,2731.8,2732.0,2724.0,2726.2,8051,GC.v.0
2024-12-11 08:00:00+00:00,34,1,1551,2726.1,2735.4,2724.2,2728.0,9284,GC.v.0
2024-12-11 09:00:00+00:00,34,1,1551,2728.0,2728.2,2720.7,2727.2,8535,GC.v.0
2024-12-11 10:00:00+00:00,34,1,1551,2727.3,2731.2,2722.2,2725.6,6802,GC.v.0
2024-12-11 11:00:00+00:00,34,1,1551,2725.6,2728.5,2723.4,2727.3,4089,GC.v.0
2024-12-11 12:00:00+00:00,34,1,1551,2727.5,2728.6,2724.3,2725.5,5096,GC.v.0
2024-12-11 13:00:00+00:00,34,1,1551,2725.5,2733.1,2719.1,2732.0,16858,GC.v.0
2024-12-11 14:00:00+00:00,34,1,1551,2732.1,2742.6,2728.5,2742.2,20503,GC.v.0
2024-12-11 15:00:00+00:00,34,1,1551,2742.1,2759.7,2742.0,2754.7,32200,GC.v.0
2024-12-11 16:00:00+00:00,34,1,1551,2754.8,2757.6,2750.0,2753.1,16419,GC.v.0
2024-12-11 17:00:00+00:00,34,1,1551,2752.9,2758.4,2752.9,2757.1,7901,GC.v.0
2024-12-11 18:00:00+00:00,34,1,1551,2757.2,2759.0,2750.4,2750.6,8644,GC.v.0
2024-12-11 19:00:00+00:00,34,1,1551,2750.6,2755.3,2749.5,2753.0,3682,GC.v.0
2024-12-11 20:00:00+00:00,34,1,1551,2753.3,2755.3,2752.1,2752.7,4022,GC.v.0
2024-12-11 21:00:00+00:00,34,1,1551,2752.7,2754.6,2751.4,2753.8,2400,GC.v.0
2024-12-11 23:00:00+00:00,34,1,1551,2753.6,2754.7,2752.1,2753.9,2008,GC.v.0
2024-12-12 00:00:00+00:00,34,1,1551,2753.9,2758.7,2752.8,2758.4,2476,GC.v.0
2024-12-12 01:00:00+00:00,34,1,1551,2758.5,2761.3,2748.4,2751.5,8467,GC.v.0
2024-12-12 02:00:00+00:00,34,1,1551,2751.3,2751.9,2743.1,2746.0,5339,GC.v.0
2024-12-12 03:00:00+00:00,34,1,1551,2746.1,2749.2,2745.4,2748.3,3280,GC.v.0
2024-12-12 04:00:00+00:00,34,1,1551,2748.2,2749.8,2746.2,2747.7,2140,GC.v.0
2024-12-12 05:00:00+00:00,34,1,1551,2747.6,2750.9,2746.6,2748.5,2928,GC.v.0
2024-12-12 06:00:00+00:00,34,1,1551,2748.6,2752.0,2744.5,2751.9,4356,GC.v.0
2024-12-12 07:00:00+00:00,34,1,1551,2751.8,2752.9,2748.0,2749.0,4244,GC.v.0
2024-12-12 08:00:00+00:00,34,1,1551,2749.0,2755.3,2748.9,2753.7,7046,GC.v.0
2024-12-12 09:00:00+00:00,34,1,1551,2753.7,2754.6,2747.6,2748.4,8238,GC.v.0
2024-12-12 10:00:00+00:00,34,1,1551,2748.4,2750.5,2743.3,2744.8,8307,GC.v.0
2024-12-12 11:00:00+00:00,34,1,1551,2744.9,2745.1,2738.8,2742.5,8002,GC.v.0
2024-12-12 12:00:00+00:00,34,1,1551,2742.5,2744.5,2735.7,2736.4,5816,GC.v.0
2024-12-12 13:00:00+00:00,34,1,1551,2736.4,2742.6,2725.9,2726.2,20696,GC.v.0
2024-12-12 14:00:00+00:00,34,1,1551,2726.3,2728.1,2704.8,2711.0,43454,GC.v.0
2024-12-12 15:00:00+00:00,34,1,1551,2710.8,2715.3,2696.7,2701.5,30795,GC.v.0
2024-12-12 16:00:00+00:00,34,1,1551,2701.2,2707.5,2700.4,2707.2,10382,GC.v.0
2024-12-12 17:00:00+00:00,34,1,1551,2707.2,2711.7,2706.2,2711.2,7715,GC.v.0
2024-12-12 18:00:00+00:00,34,1,1551,2711.3,2711.9,2706.9,2707.9,5461,GC.v.0
2024-12-12 19:00:00+00:00,34,1,1551,2708.1,2710.3,2705.9,2706.4,3322,GC.v.0
2024-12-12 20:00:00+00:00,34,1,1551,2706.5,2707.5,2703.2,2704.1,3521,GC.v.0
2024-12-12 21:00:00+00:00,34,1,1551,2704.2,2707.4,2703.9,2705.2,1235,GC.v.0
2024-12-12 23:00:00+00:00,34,1,1551,2704.9,2705.8,2704.1,2704.9,1144,GC.v.0
2024-12-13 00:00:00+00:00,34,1,1551,2704.9,2709.1,2703.5,2708.9,2445,GC.v.0
2024-12-13 01:00:00+00:00,34,1,1551,2708.8,2716.4,2708.7,2714.0,6667,GC.v.0
2024-12-13 02:00:00+00:00,34,1,1551,2714.0,2714.9,2707.2,2709.3,7109,GC.v.0
2024-12-13 03:00:00+00:00,34,1,1551,2709.3,2714.1,2708.7,2710.3,2509,GC.v.0
2024-12-13 04:00:00+00:00,34,1,1551,2710.3,2710.8,2707.9,2709.7,1765,GC.v.0
2024-12-13 05:00:00+00:00,34,1,1551,2709.9,2710.2,2706.7,2709.1,2324,GC.v.0
2024-12-13 06:00:00+00:00,34,1,1551,2709.3,2711.2,2703.8,2710.0,3406,GC.v.0
2024-12-13 07:00:00+00:00,34,1,1551,2710.0,2711.0,2702.6,2705.3,4522,GC.v.0
2024-12-13 08:00:00+00:00,34,1,1551,2705.2,2706.4,2693.6,2695.1,9697,GC.v.0
2024-12-13 09:00:00+00:00,34,1,1551,2695.0,2697.2,2687.9,2689.2,12600,GC.v.0
2024-12-13 10:00:00+00:00,34,1,1551,2689.4,2690.2,2684.8,2686.7,8512,GC.v.0
2024-12-13 11:00:00+00:00,34,1,1551,2686.7,2689.4,2683.9,2685.4,5848,GC.v.0
2024-12-13 12:00:00+00:00,34,1,1551,2685.3,2693.7,2683.0,2693.6,11379,GC.v.0
2024-12-13 13:00:00+00:00,34,1,1551,2693.7,2695.1,2678.1,2681.1,20503,GC.v.0
2024-12-13 14:00:00+00:00,34,1,1551,2681.1,2683.5,2675.3,2679.4,14612,GC.v.0
2024-12-13 15:00:00+00:00,34,1,1551,2679.3,2682.1,2673.1,2679.2,14135,GC.v.0
2024-12-13 16:00:00+00:00,34,1,1551,2679.1,2683.7,2676.7,2681.5,7628,GC.v.0
2024-12-13 17:00:00+00:00,34,1,1551,2681.6,2681.6,2675.0,2676.2,6086,GC.v.0
2024-12-13 18:00:00+00:00,34,1,1551,2676.3,2677.3,2671.2,2674.4,9126,GC.v.0
2024-12-13 19:00:00+00:00,34,1,1551,2674.5,2675.4,2671.8,2672.8,2500,GC.v.0
2024-12-13 20:00:00+00:00,34,1,1551,2672.9,2673.3,2663.9,2665.7,5525,GC.v.0
2024-12-13 21:00:00+00:00,34,1,1551,2665.7,2668.5,2663.3,2665.9,5030,GC.v.0
2024-12-15 23:00:00+00:00,34,1,1551,2668.0,2670.8,2666.2,2669.3,2702,GC.v.0
2024-12-16 00:00:00+00:00,34,1,1551,2669.2,2669.8,2661.4,2665.2,3630,GC.v.0
2024-12-16 01:00:00+00:00,34,1,1551,2665.1,2674.1,2664.7,2672.1,5529,GC.v.0
2024-12-16 02:00:00+00:00,34,1,1551,2671.9,2673.0,2669.1,2670.3,2582,GC.v.0
2024-12-16 03:00:00+00:00,34,1,1551,2670.1,2673.7,2669.8,2671.7,2037,GC.v.0
2024-12-16 04:00:00+00:00,34,1,1551,2671.7,2672.5,2669.5,2670.5,1046,GC.v.0
2024-12-16 05:00:00+00:00,34,1,1551,2670.3,2671.4,2667.6,2671.0,3230,GC.v.0
2024-12-16 06:00:00+00:00,34,1,1551,2670.9,2672.9,2670.0,2671.6,1781,GC.v.0
2024-12-16 07:00:00+00:00,34,1,1551,2671.5,2674.4,2669.4,2672.2,3071,GC.v.0
2024-12-16 08:00:00+00:00,34,1,1551,2672.3,2679.8,2670.7,2675.8,6844,GC.v.0
2024-12-16 09:00:00+00:00,34,1,1551,2675.9,2678.9,2674.2,2676.6,4389,GC.v.0
2024-12-16 10:00:00+00:00,34,1,1551,2676.6,2679.8,2676.4,2677.5,5053,GC.v.0
2024-12-16 11:00:00+00:00,34,1,1551,2677.4,2683.3,2676.4,2682.5,5669,GC.v.0
2024-12-16 12:00:00+00:00,34,1,1551,2682.4,2683.4,2676.5,2679.1,4609,GC.v.0
2024-12-16 13:00:00+00:00,34,1,1551,2679.0,2683.4,2677.7,2681.3,9196,GC.v.0
2024-12-16 14:00:00+00:00,34,1,1551,2681.2,2682.2,2671.8,2673.5,11010,GC.v.0
2024-12-16 15:00:00+00:00,34,1,1551,2673.4,2675.4,2669.1,2672.8,10192,GC.v.0
2024-12-16 16:00:00+00:00,34,1,1551,2672.8,2674.2,2666.6,2670.1,6711,GC.v.0
2024-12-16 17:00:00+00:00,34,1,1551,2670.0,2673.1,2669.2,2669.4,3699,GC.v.0
2024-12-16 18:00:00+00:00,34,1,1551,2669.5,2672.9,2668.5,2672.5,4463,GC.v.0
2024-12-16 19:00:00+00:00,34,1,1551,2672.6,2672.9,2668.5,2669.9,1815,GC.v.0
2024-12-16 20:00:00+00:00,34,1,1551,2669.8,2671.0,2669.0,2670.3,2358,GC.v.0
2024-12-16 21:00:00+00:00,34,1,1551,2670.3,2670.4,2668.7,2670.2,1719,GC.v.0
2024-12-16 23:00:00+00:00,34,1,1551,2670.2,2670.3,2668.2,2668.4,807,GC.v.0
2024-12-17 00:00:00+00:00,34,1,1551,2668.5,2672.5,2668.0,2672.2,1847,GC.v.0
2024-12-17 01:00:00+00:00,34,1,1551,2672.1,2675.6,2671.3,2675.2,3444,GC.v.0
2024-12-17 02:00:00+00:00,34,1,1551,2675.1,2675.8,2670.8,2672.0,2468,GC.v.0
2024-12-17 03:00:00+00:00,34,1,1551,2672.1,2673.4,2668.6,2670.8,3177,GC.v.0
2024-12-17 04:00:00+00:00,34,1,1551,2670.7,2672.3,2667.5,2668.5,1643,GC.v.0
2024-12-17 05:00:00+00:00,34,1,1551,2668.4,2671.5,2665.4,2670.6,3569,GC.v.0
2024-12-17 06:00:00+00:00,34,1,1551,2670.5,2671.4,2663.7,2666.2,3707,GC.v.0
2024-12-17 07:00:00+00:00,34,1,1551,2666.3,2673.4,2665.5,2670.4,4080,GC.v.0
2024-12-17 08:00:00+00:00,34,1,1551,2670.2,2670.2,2655.1,2659.5,11482,GC.v.0
2024-12-17 09:00:00+00:00,34,1,1551,2659.4,2661.2,2652.5,2654.6,11103,GC.v.0
2024-12-17 10:00:00+00:00,34,1,1551,2654.5,2658.4,2653.2,2653.2,5845,GC.v.0
2024-12-17 11:00:00+00:00,34,1,1551,2653.0,2657.7,2651.1,2657.2,5021,GC.v.0
2024-12-17 12:00:00+00:00,34,1,1551,2657.1,2661.5,2655.7,2657.6,5379,GC.v.0
2024-12-17 13:00:00+00:00,34,1,1551,2657.5,2662.0,2646.8,2650.1,17551,GC.v.0
2024-12-17 14:00:00+00:00,34,1,1551,2650.0,2655.8,2646.1,2649.9,17603,GC.v.0
2024-12-17 15:00:00+00:00,34,1,1551,2649.7,2657.5,2649.0,2654.4,10346,GC.v.0
2024-12-17 16:00:00+00:00,34,1,1551,2654.5,2656.6,2651.0,2653.9,6586,GC.v.0
2024-12-17 17:00:00+00:00,34,1,1551,2653.9,2663.4,2652.9,2662.2,5485,GC.v.0
2024-12-17 18:00:00+00:00,34,1,1551,2662.1,2665.3,2660.8,2663.5,4843,GC.v.0
2024-12-17 19:00:00+00:00,34,1,1551,2663.5,2664.5,2661.5,2662.0,1680,GC.v.0
2024-12-17 20:00:00+00:00,34,1,1551,2662.0,2663.5,2659.9,2660.5,2439,GC.v.0
2024-12-17 21:00:00+00:00,34,1,1551,2660.7,2663.7,2660.2,2663.5,1791,GC.v.0
2024-12-17 23:00:00+00:00,34,1,1551,2663.3,2664.1,2661.3,2663.6,953,GC.v.0
2024-12-18 00:00:00+00:00,34,1,1551,2663.7,2667.6,2662.7,2666.3,2003,GC.v.0
2024-12-18 01:00:00+00:00,34,1,1551,2666.3,2667.5,2663.7,2666.4,2629,GC.v.0
2024-12-18 02:00:00+00:00,34,1,1551,2666.5,2666.5,2662.0,2662.5,1935,GC.v.0
2024-12-18 03:00:00+00:00,34,1,1551,2662.3,2663.7,2660.1,2660.5,2149,GC.v.0
2024-12-18 04:00:00+00:00,34,1,1551,2660.4,2661.0,2657.3,2660.1,2213,GC.v.0
2024-12-18 05:00:00+00:00,34,1,1551,2660.1,2664.6,2659.0,2662.9,1968,GC.v.0
2024-12-18 06:00:00+00:00,34,1,1551,2662.9,2663.4,2660.1,2661.7,2093,GC.v.0
2024-12-18 07:00:00+00:00,34,1,1551,2661.8,2662.3,2658.2,2659.9,2623,GC.v.0
2024-12-18 08:00:00+00:00,34,1,1551,2659.8,2665.1,2657.3,2663.2,5562,GC.v.0
2024-12-18 09:00:00+00:00,34,1,1551,2663.2,2664.4,2660.9,2662.3,3181,GC.v.0
2024-12-18 10:00:00+00:00,34,1,1551,2662.4,2665.4,2661.7,2664.3,1889,GC.v.0
2024-12-18 11:00:00+00:00,34,1,1551,2664.5,2665.5,2661.5,2661.8,1995,GC.v.0
2024-12-18 12:00:00+00:00,34,1,1551,2661.7,2664.1,2659.6,2660.1,2944,GC.v.0
2024-12-18 13:00:00+00:00,34,1,1551,2660.3,2664.1,2656.5,2659.8,10114,GC.v.0
2024-12-18 14:00:00+00:00,34,1,1551,2659.9,2660.8,2652.8,2654.0,11033,GC.v.0
2024-12-18 15:00:00+00:00,34,1,1551,2653.9,2655.0,2649.6,2654.8,8900,GC.v.0
2024-12-18 16:00:00+00:00,34,1,1551,2654.8,2656.2,2649.6,2651.4,6624,GC.v.0
2024-12-18 17:00:00+00:00,34,1,1551,2651.3,2655.8,2651.1,2652.0,4806,GC.v.0
2024-12-18 18:00:00+00:00,34,1,1551,2652.1,2654.4,2650.9,2652.5,4395,GC.v.0
2024-12-18 19:00:00+00:00,34,1,1551,2651.8,2651.8,2618.9,2619.5,33956,GC.v.0
2024-12-18 20:00:00+00:00,34,1,1551,2619.4,2624.6,2601.7,2606.9,23222,GC.v.0
2024-12-18 21:00:00+00:00,34,1,1551,2607.0,2610.2,2598.1,2599.6,6263,GC.v.0
2024-12-18 23:00:00+00:00,34,1,1551,2600.6,2605.6,2596.7,2601.5,3657,GC.v.0
2024-12-19 00:00:00+00:00,34,1,1551,2601.7,2610.2,2601.4,2608.3,5173,GC.v.0
2024-12-19 01:00:00+00:00,34,1,1551,2608.2,2630.0,2606.1,2624.2,13004,GC.v.0
2024-12-19 02:00:00+00:00,34,1,1551,2624.1,2626.1,2618.7,2624.7,6714,GC.v.0
2024-12-19 03:00:00+00:00,34,1,1551,2624.5,2626.0,2620.2,2623.1,3086,GC.v.0
2024-12-19 04:00:00+00:00,34,1,1551,2623.4,2624.3,2619.9,2621.9,2722,GC.v.0
2024-12-19 05:00:00+00:00,34,1,1551,2621.8,2623.1,2619.5,2620.1,1981,GC.v.0
2024-12-19 06:00:00+00:00,34,1,1551,2620.0,2626.6,2616.1,2625.3,4710,GC.v.0
2024-12-19 07:00:00+00:00,34,1,1551,2625.2,2635.9,2624.1,2630.1,13217,GC.v.0
2024-12-19 08:00:00+00:00,34,1,1551,2630.0,2633.6,2626.5,2632.7,5918,GC.v.0
2024-12-19 09:00:00+00:00,34,1,1551,2632.8,2635.7,2632.2,2633.8,5214,GC.v.0
2024-12-19 10:00:00+00:00,34,1,1551,2633.8,2640.9,2630.9,2633.3,11789,GC.v.0
2024-12-19 11:00:00+00:00,34,1,1551,2633.3,2635.6,2629.8,2630.9,4594,GC.v.0
2024-12-19 12:00:00+00:00,34,1,1551,2630.8,2630.9,2618.1,2620.7,10968,GC.v.0
2024-12-19 13:00:00+00:00,34,1,1551,2620.6,2620.7,2608.8,2610.0,21058,GC.v.0
2024-12-19 14:00:00+00:00,34,1,1551,2609.9,2615.4,2605.9,2606.5,17330,GC.v.0
2024-12-19 15:00:00+00:00,34,1,1551,2606.3,2610.6,2601.0,2603.1,15741,GC.v.0
2024-12-19 16:00:00+00:00,34,1,1551,2603.0,2611.7,2601.7,2606.6,9310,GC.v.0
2024-12-19 17:00:00+00:00,34,1,1551,2606.5,2608.8,2605.3,2607.5,5623,GC.v.0
2024-12-19 18:00:00+00:00,34,1,1551,2607.6,2614.8,2606.8,2614.5,8076,GC.v.0
2024-12-19 19:00:00+00:00,34,1,1551,2614.5,2616.0,2611.4,2611.4,3932,GC.v.0
2024-12-19 20:00:00+00:00,34,1,1551,2611.5,2615.5,2611.5,2612.1,3711,GC.v.0
2024-12-19 21:00:00+00:00,34,1,1551,2612.3,2612.6,2608.3,2610.0,1317,GC.v.0
2024-12-19 23:00:00+00:00,34,1,1551,2609.7,2611.0,2607.6,2608.8,1269,GC.v.0
2024-12-20 00:00:00+00:00,34,1,1551,2608.7,2609.7,2604.5,2604.9,1828,GC.v.0
2024-12-20 01:00:00+00:00,34,1,1551,2604.9,2617.9,2603.7,2617.7,8926,GC.v.0
2024-12-20 02:00:00+00:00,34,1,1551,2617.7,2618.0,2610.0,2611.4,7700,GC.v.0
2024-12-20 03:00:00+00:00,34,1,1551,2611.6,2613.2,2610.1,2612.3,1371,GC.v.0
2024-12-20 04:00:00+00:00,34,1,1551,2612.3,2614.8,2611.6,2612.4,1294,GC.v.0
2024-12-20 05:00:00+00:00,34,1,1551,2612.4,2615.3,2610.6,2614.0,1571,GC.v.0
2024-12-20 06:00:00+00:00,34,1,1551,2614.1,2619.3,2613.0,2618.6,3340,GC.v.0
2024-12-20 07:00:00+00:00,34,1,1551,2618.5,2621.5,2615.9,2620.0,3671,GC.v.0
2024-12-20 08:00:00+00:00,34,1,1551,2620.1,2622.2,2618.7,2620.0,4064,GC.v.0
2024-12-20 09:00:00+00:00,34,1,1551,2620.0,2621.2,2616.8,2619.8,4373,GC.v.0
2024-12-20 10:00:00+00:00,34,1,1551,2619.8,2622.3,2618.8,2619.2,2789,GC.v.0
2024-12-20 11:00:00+00:00,34,1,1551,2619.2,2619.6,2614.8,2618.4,4823,GC.v.0
2024-12-20 12:00:00+00:00,34,1,1551,2618.4,2620.9,2616.5,2617.8,4248,GC.v.0
2024-12-20 13:00:00+00:00,34,1,1551,2617.8,2629.5,2614.4,2625.2,15375,GC.v.0
2024-12-20 14:00:00+00:00,34,1,1551,2625.1,2636.2,2623.9,2634.1,16249,GC.v.0
2024-12-20 15:00:00+00:00,34,1,1551,2634.1,2653.3,2634.0,2652.1,20933,GC.v.0
2024-12-20 16:00:00+00:00,34,1,1551,2652.2,2653.8,2642.4,2643.7,13108,GC.v.0
2024-12-20 17:00:00+00:00,34,1,1551,2643.9,2646.7,2641.2,2644.8,6416,GC.v.0
2024-12-20 18:00:00+00:00,34,1,1551,2644.7,2649.5,2643.1,2647.3,6775,GC.v.0
2024-12-20 19:00:00+00:00,34,1,1551,2647.5,2649.2,2646.0,2648.0,3280,GC.v.0
2024-12-20 20:00:00+00:00,34,1,1551,2647.8,2648.2,2642.4,2643.0,4108,GC.v.0
2024-12-20 21:00:00+00:00,34,1,1551,2642.9,2643.6,2638.0,2640.5,3209,GC.v.0
2024-12-22 23:00:00+00:00,34,1,1551,2639.1,2641.9,2638.0,2641.4,2003,GC.v.0
2024-12-23 00:00:00+00:00,34,1,1551,2641.5,2641.6,2634.2,2637.7,2552,GC.v.0
2024-12-23 01:00:00+00:00,34,1,1551,2637.8,2641.1,2635.3,2638.1,4329,GC.v.0
2024-12-23 02:00:00+00:00,34,1,1551,2638.2,2643.0,2638.0,2641.5,2748,GC.v.0
2024-12-23 03:00:00+00:00,34,1,1551,2641.5,2642.6,2637.7,2639.1,2665,GC.v.0
2024-12-23 04:00:00+00:00,34,1,1551,2639.0,2641.5,2638.9,2640.6,1493,GC.v.0
2024-12-23 05:00:00+00:00,34,1,1551,2640.6,2644.1,2640.0,2641.5,2280,GC.v.0
2024-12-23 06:00:00+00:00,34,1,1551,2641.5,2646.8,2638.8,2645.3,4121,GC.v.0
2024-12-23 07:00:00+00:00,34,1,1551,2645.3,2646.7,2643.2,2643.9,3074,GC.v.0
2024-12-23 08:00:00+00:00,34,1,1551,2643.9,2646.5,2640.1,2644.1,4868,GC.v.0
2024-12-23 09:00:00+00:00,34,1,1551,2644.0,2645.0,2640.1,2640.6,3312,GC.v.0
2024-12-23 10:00:00+00:00,34,1,1551,2640.5,2641.2,2633.6,2634.1,4811,GC.v.0
2024-12-23 11:00:00+00:00,34,1,1551,2633.9,2634.4,2627.2,2630.0,5670,GC.v.0
2024-12-23 12:00:00+00:00,34,1,1551,2630.2,2632.7,2628.0,2629.2,4386,GC.v.0
2024-12-23 13:00:00+00:00,34,1,1551,2629.2,2633.9,2628.0,2631.3,7346,GC.v.0
2024-12-23 14:00:00+00:00,34,1,1551,2631.2,2633.8,2627.4,2629.7,7398,GC.v.0
2024-12-23 15:00:00+00:00,34,1,1551,2629.8,2631.1,2624.0,2624.7,10802,GC.v.0
2024-12-23 16:00:00+00:00,34,1,1551,2624.6,2632.4,2623.2,2632.0,8812,GC.v.0
2024-12-23 17:00:00+00:00,34,1,1551,2632.1,2633.0,2627.5,2628.2,4968,GC.v.0
2024-12-23 18:00:00+00:00,34,1,1551,2628.1,2629.9,2626.7,2627.2,4689,GC.v.0
2024-12-23 19:00:00+00:00,34,1,1551,2627.1,2628.9,2625.3,2626.8,2134,GC.v.0
2024-12-23 20:00:00+00:00,34,1,1551,2626.8,2628.3,2624.9,2626.7,2414,GC.v.0
2024-12-23 21:00:00+00:00,34,1,1551,2626.7,2629.8,2625.8,2629.3,1315,GC.v.0
2024-12-23 23:00:00+00:00,34,1,1551,2629.4,2631.9,2628.7,2629.9,1165,GC.v.0
2024-12-24 00:00:00+00:00,34,1,1551,2629.8,2631.2,2627.4,2630.6,1607,GC.v.0
2024-12-24 01:00:00+00:00,34,1,1551,2630.6,2632.6,2629.3,2632.1,2027,GC.v.0
2024-12-24 02:00:00+00:00,34,1,1551,2632.0,2634.0,2630.6,2630.7,1615,GC.v.0
2024-12-24 03:00:00+00:00,34,1,1551,2630.7,2632.0,2629.4,2632.0,1771,GC.v.0
2024-12-24 04:00:00+00:00,34,1,1551,2632.0,2633.6,2631.6,2633.4,1884,GC.v.0
2024-12-24 05:00:00+00:00,34,1,1551,2633.5,2634.6,2631.7,2633.2,1623,GC.v.0
2024-12-24 06:00:00+00:00,34,1,1551,2633.3,2633.6,2630.7,2632.2,1773,GC.v.0
2024-12-24 07:00:00+00:00,34,1,1551,2632.1,2635.1,2631.3,2631.8,2154,GC.v.0
2024-12-24 08:00:00+00:00,34,1,1551,2631.9,2634.0,2630.5,2632.2,2214,GC.v.0
2024-12-24 09:00:00+00:00,34,1,1551,2632.3,2633.5,2628.0,2628.1,2852,GC.v.0
2024-12-24 10:00:00+00:00,34,1,1551,2627.9,2632.2,2627.5,2630.4,2447,GC.v.0
2024-12-24 11:00:00+00:00,34,1,1551,2630.4,2631.1,2626.9,2629.5,1922,GC.v.0
2024-12-24 12:00:00+00:00,34,1,1551,2629.6,2630.9,2627.6,2628.7,2565,GC.v.0
2024-12-24 13:00:00+00:00,34,1,1551,2628.7,2629.9,2625.5,2628.5,4188,GC.v.0
2024-12-24 14:00:00+00:00,34,1,1551,2628.6,2632.6,2624.4,2625.0,5754,GC.v.0
2024-12-24 15:00:00+00:00,34,1,1551,2625.0,2627.4,2624.2,2626.6,4089,GC.v.0
2024-12-24 16:00:00+00:00,34,1,1551,2626.5,2633.0,2626.5,2631.5,4054,GC.v.0
2024-12-24 17:00:00+00:00,34,1,1551,2631.4,2635.8,2630.9,2634.2,3632,GC.v.0
2024-12-24 18:00:00+00:00,34,1,1551,2634.3,2635.0,2631.6,2633.5,1533,GC.v.0
2024-12-25 23:00:00+00:00,34,1,1551,2638.0,2638.0,2634.1,2635.7,1558,GC.v.0
2024-12-26 00:00:00+00:00,34,1,1551,2635.7,2640.1,2635.7,2639.3,1742,GC.v.0
2024-12-26 01:00:00+00:00,34,1,1551,2639.1,2646.2,2638.5,2644.4,3409,GC.v.0
2024-12-26 02:00:00+00:00,34,1,1551,2644.5,2645.5,2643.4,2645.3,1629,GC.v.0
2024-12-26 03:00:00+00:00,34,1,1551,2645.4,2646.8,2643.0,2643.9,1915,GC.v.0
2024-12-26 04:00:00+00:00,34,1,1551,2644.0,2645.8,2643.1,2643.7,900,GC.v.0
2024-12-26 05:00:00+00:00,34,1,1551,2643.8,2643.9,2641.7,2642.0,1705,GC.v.0
2024-12-26 06:00:00+00:00,34,1,1551,2641.9,2642.6,2640.1,2641.3,1321,GC.v.0
2024-12-26 07:00:00+00:00,34,1,1551,2641.4,2644.0,2638.4,2640.0,2586,GC.v.0
2024-12-26 08:00:00+00:00,34,1,1551,2640.0,2643.3,2639.1,2641.8,2444,GC.v.0
2024-12-26 09:00:00+00:00,34,1,1551,2641.7,2642.7,2640.2,2642.0,1312,GC.v.0
2024-12-26 10:00:00+00:00,34,1,1551,2642.0,2644.8,2641.3,2644.2,1819,GC.v.0
2024-12-26 11:00:00+00:00,34,1,1551,2644.2,2646.2,2643.6,2643.8,2626,GC.v.0
2024-12-26 12:00:00+00:00,34,1,1551,2643.8,2644.5,2639.6,2642.1,2512,GC.v.0
2024-12-26 13:00:00+00:00,34,1,1551,2642.0,2648.5,2637.9,2638.9,9902,GC.v.0
2024-12-26 14:00:00+00:00,34,1,1551,2638.9,2646.5,2638.6,2646.2,4259,GC.v.0
2024-12-26 15:00:00+00:00,34,1,1551,2646.2,2655.6,2645.3,2652.8,10364,GC.v.0
2024-12-26 16:00:00+00:00,34,1,1551,2652.9,2653.1,2647.9,2648.8,5240,GC.v.0
2024-12-26 17:00:00+00:00,34,1,1551,2648.9,2649.3,2645.3,2647.0,5219,GC.v.0
2024-12-26 18:00:00+00:00,34,1,1551,2647.0,2654.6,2646.9,2653.5,6661,GC.v.0
2024-12-26 19:00:00+00:00,34,1,1551,2653.4,2654.3,2651.2,2653.4,1640,GC.v.0
2024-12-26 20:00:00+00:00,34,1,1551,2653.3,2655.7,2652.8,2654.8,2482,GC.v.0
2024-12-26 21:00:00+00:00,34,1,1551,2654.9,2655.0,2653.0,2653.3,1494,GC.v.0
2024-12-26 23:00:00+00:00,34,1,1551,2653.7,2654.6,2651.8,2652.8,1461,GC.v.0
2024-12-27 00:00:00+00:00,34,1,1551,2652.8,2653.9,2651.2,2651.3,1143,GC.v.0
2024-12-27 01:00:00+00:00,34,1,1551,2651.2,2653.5,2650.0,2650.6,2339,GC.v.0
2024-12-27 02:00:00+00:00,34,1,1551,2650.6,2651.7,2647.2,2651.1,2291,GC.v.0
2024-12-27 03:00:00+00:00,34,1,1551,2651.1,2653.9,2650.0,2652.5,2374,GC.v.0
2024-12-27 04:00:00+00:00,34,1,1551,2652.4,2652.5,2649.8,2650.4,1393,GC.v.0
2024-12-27 05:00:00+00:00,34,1,1551,2650.3,2651.3,2647.5,2647.5,1280,GC.v.0
2024-12-27 06:00:00+00:00,34,1,1551,2647.4,2652.0,2647.3,2649.7,2214,GC.v.0
2024-12-27 07:00:00+00:00,34,1,1551,2649.6,2652.6,2648.2,2648.8,3566,GC.v.0
2024-12-27 08:00:00+00:00,34,1,1551,2648.7,2648.7,2640.6,2640.8,5161,GC.v.0
2024-12-27 09:00:00+00:00,34,1,1551,2640.7,2642.5,2638.5,2638.7,3014,GC.v.0
2024-12-27 10:00:00+00:00,34,1,1551,2638.7,2642.8,2638.3,2641.7,2814,GC.v.0
2024-12-27 11:00:00+00:00,34,1,1551,2641.8,2644.4,2640.1,2644.2,2278,GC.v.0
2024-12-27 12:00:00+00:00,34,1,1551,2644.1,2646.5,2640.9,2641.6,4347,GC.v.0
2024-12-27 13:00:00+00:00,34,1,1551,2641.7,2642.7,2632.1,2633.4,12814,GC.v.0
2024-12-27 14:00:00+00:00,34,1,1551,2633.5,2634.1,2625.2,2629.7,12598,GC.v.0
2024-12-27 15:00:00+00:00,34,1,1551,2629.7,2634.9,2628.0,2633.3,7789,GC.v.0
2024-12-27 16:00:00+00:00,34,1,1551,2633.4,2635.3,2630.9,2633.6,5901,GC.v.0
2024-12-27 17:00:00+00:00,34,1,1551,2633.6,2633.9,2629.0,2630.8,3378,GC.v.0
2024-12-27 18:00:00+00:00,34,1,1551,2630.7,2635.2,2630.1,2634.1,3565,GC.v.0
2024-12-27 19:00:00+00:00,34,1,1551,2634.2,2637.0,2633.0,2636.3,1927,GC.v.0
2024-12-27 20:00:00+00:00,34,1,1551,2636.3,2636.5,2628.6,2631.6,3713,GC.v.0
2024-12-27 21:00:00+00:00,34,1,1551,2631.7,2636.6,2631.5,2636.5,1836,GC.v.0
2024-12-29 23:00:00+00:00,34,1,1551,2636.1,2640.5,2633.6,2638.7,1856,GC.v.0
2024-12-30 00:00:00+00:00,34,1,1551,2638.9,2639.8,2635.4,2636.6,1243,GC.v.0
2024-12-30 01:00:00+00:00,34,1,1551,2636.5,2640.2,2635.8,2637.7,2356,GC.v.0
2024-12-30 02:00:00+00:00,34,1,1551,2637.5,2638.7,2635.6,2636.7,1740,GC.v.0
2024-12-30 03:00:00+00:00,34,1,1551,2636.8,2640.7,2635.8,2639.9,1902,GC.v.0
2024-12-30 04:00:00+00:00,34,1,1551,2639.8,2639.8,2634.3,2634.8,1676,GC.v.0
2024-12-30 05:00:00+00:00,34,1,1551,2634.9,2636.5,2632.0,2635.4,1836,GC.v.0
2024-12-30 06:00:00+00:00,34,1,1551,2635.3,2636.5,2630.2,2631.2,2708,GC.v.0
2024-12-30 07:00:00+00:00,34,1,1551,2630.9,2631.9,2627.6,2628.9,2770,GC.v.0
2024-12-30 08:00:00+00:00,34,1,1551,2628.8,2629.6,2621.5,2623.6,5149,GC.v.0
2024-12-30 09:00:00+00:00,34,1,1551,2623.6,2629.7,2623.2,2624.9,4786,GC.v.0
2024-12-30 10:00:00+00:00,34,1,1551,2624.6,2626.9,2623.1,2623.1,3730,GC.v.0
2024-12-30 11:00:00+00:00,34,1,1551,2623.1,2631.7,2621.3,2629.5,4528,GC.v.0
2024-12-30 12:00:00+00:00,34,1,1551,2629.4,2636.2,2628.6,2635.1,3871,GC.v.0
2024-12-30 13:00:00+00:00,34,1,1551,2635.1,2636.9,2618.0,2618.3,10644,GC.v.0
2024-12-30 14:00:00+00:00,34,1,1551,2618.1,2626.8,2616.8,2623.7,11597,GC.v.0
2024-12-30 15:00:00+00:00,34,1,1551,2623.7,2623.9,2611.9,2613.6,14361,GC.v.0
2024-12-30 16:00:00+00:00,34,1,1551,2613.7,2615.7,2608.4,2612.0,6842,GC.v.0
2024-12-30 17:00:00+00:00,34,1,1551,2612.2,2618.9,2612.2,2618.4,4876,GC.v.0
2024-12-30 18:00:00+00:00,34,1,1551,2618.7,2619.7,2616.3,2619.0,4437,GC.v.0
2024-12-30 19:00:00+00:00,34,1,1551,2619.1,2621.7,2616.5,2620.3,2481,GC.v.0
2024-12-30 20:00:00+00:00,34,1,1551,2620.3,2623.2,2619.7,2621.9,2294,GC.v.0
2024-12-30 21:00:00+00:00,34,1,1551,2621.8,2622.1,2619.7,2620.0,1056,GC.v.0
2024-12-30 23:00:00+00:00,34,1,1551,2620.0,2620.9,2617.8,2620.2,944,GC.v.0
2024-12-31 00:00:00+00:00,34,1,1551,2620.2,2621.8,2618.6,2620.9,782,GC.v.0
2024-12-31 01:00:00+00:00,34,1,1551,2620.9,2624.0,2619.4,2620.7,2960,GC.v.0
2024-12-31 02:00:00+00:00,34,1,1551,2620.7,2622.1,2619.1,2619.4,1074,GC.v.0
2024-12-31 03:00:00+00:00,34,1,1551,2619.4,2619.6,2615.5,2616.6,1504,GC.v.0
2024-12-31 04:00:00+00:00,34,1,1551,2616.5,2619.4,2616.3,2618.9,810,GC.v.0
2024-12-31 05:00:00+00:00,34,1,1551,2619.1,2620.6,2614.3,2616.0,2083,GC.v.0
2024-12-31 06:00:00+00:00,34,1,1551,2615.9,2620.7,2615.2,2619.3,2453,GC.v.0
2024-12-31 07:00:00+00:00,34,1,1551,2619.2,2626.5,2618.7,2625.9,2565,GC.v.0
2024-12-31 08:00:00+00:00,34,1,1551,2626.0,2629.7,2624.7,2628.7,3267,GC.v.0
2024-12-31 09:00:00+00:00,34,1,1551,2628.7,2629.1,2625.6,2627.5,2168,GC.v.0
2024-12-31 10:00:00+00:00,34,1,1551,2627.8,2628.0,2622.9,2624.0,2798,GC.v.0
2024-12-31 11:00:00+00:00,34,1,1551,2624.1,2626.8,2622.2,2623.4,1600,GC.v.0
2024-12-31 12:00:00+00:00,34,1,1551,2623.6,2625.4,2621.6,2623.9,1880,GC.v.0
2024-12-31 13:00:00+00:00,34,1,1551,2624.1,2629.2,2617.4,2625.6,7138,GC.v.0
2024-12-31 14:00:00+00:00,34,1,1551,2625.6,2630.7,2623.5,2626.7,5541,GC.v.0
2024-12-31 15:00:00+00:00,34,1,1551,2626.7,2641.0,2625.5,2640.2,9556,GC.v.0
2024-12-31 16:00:00+00:00,34,1,1551,2640.0,2641.3,2636.5,2639.3,6410,GC.v.0
2024-12-31 17:00:00+00:00,34,1,1551,2639.3,2641.9,2637.4,2638.6,4469,GC.v.0
2024-12-31 18:00:00+00:00,34,1,1551,2638.6,2642.0,2637.2,2638.6,5062,GC.v.0
2024-12-31 19:00:00+00:00,34,1,1551,2638.6,2640.7,2636.9,2637.9,1841,GC.v.0
2024-12-31 20:00:00+00:00,34,1,1551,2637.8,2639.2,2636.8,2637.8,1548,GC.v.0
2024-12-31 21:00:00+00:00,34,1,1551,2637.9,2639.4,2637.6,2639.3,877,GC.v.0
2025-01-01 23:00:00+00:00,34,1,1551,2641.0,2641.4,2636.1,2637.6,1593,GC.v.0
2025-01-02 00:00:00+00:00,34,1,1551,2638.1,2642.3,2637.1,2639.5,1886,GC.v.0
2025-01-02 01:00:00+00:00,34,1,1551,2639.5,2647.5,2637.8,2645.3,5155,GC.v.0
2025-01-02 02:00:00+00:00,34,1,1551,2645.4,2648.6,2644.7,2646.9,2728,GC.v.0
2025-01-02 03:00:00+00:00,34,1,1551,2646.8,2647.7,2644.3,2645.4,1251,GC.v.0
2025-01-02 04:00:00+00:00,34,1,1551,2645.4,2646.1,2643.2,2645.8,1471,GC.v.0
2025-01-02 05:00:00+00:00,34,1,1551,2645.8,2648.8,2645.1,2646.0,1928,GC.v.0
2025-01-02 06:00:00+00:00,34,1,1551,2646.0,2647.8,2643.6,2646.5,1942,GC.v.0
2025-01-02 07:00:00+00:00,34,1,1551,2646.4,2648.0,2644.7,2647.9,1839,GC.v.0
2025-01-02 08:00:00+00:00,34,1,1551,2648.0,2650.2,2642.6,2648.8,5049,GC.v.0
2025-01-02 09:00:00+00:00,34,1,1551,2649.0,2652.9,2648.9,2649.0,4010,GC.v.0
2025-01-02 10:00:00+00:00,34,1,1551,2648.9,2659.4,2644.7,2654.7,10441,GC.v.0
2025-01-02 11:00:00+00:00,34,1,1551,2654.8,2656.7,2652.8,2654.6,3156,GC.v.0
2025-01-02 12:00:00+00:00,34,1,1551,2654.7,2659.9,2653.2,2656.4,4846,GC.v.0
2025-01-02 13:00:00+00:00,34,1,1551,2656.4,2660.7,2648.2,2656.3,15970,GC.v.0
2025-01-02 14:00:00+00:00,34,1,1551,2656.2,2664.9,2653.2,2660.7,14671,GC.v.0
2025-01-02 15:00:00+00:00,34,1,1551,2660.8,2669.7,2658.5,2667.7,14147,GC.v.0
2025-01-02 16:00:00+00:00,34,1,1551,2667.7,2674.2,2663.2,2673.0,12517,GC.v.0
2025-01-02 17:00:00+00:00,34,1,1551,2673.0,2674.1,2666.4,2670.5,9091,GC.v.0
2025-01-02 18:00:00+00:00,34,1,1551,2670.5,2672.8,2667.5,2669.2,5987,GC.v.0
2025-01-02 19:00:00+00:00,34,1,1551,2669.2,2670.8,2667.5,2668.2,2736,GC.v.0
2025-01-02 20:00:00+00:00,34,1,1551,2668.3,2674.1,2667.7,2672.6,3523,GC.v.0
2025-01-02 21:00:00+00:00,34,1,1551,2672.7,2673.4,2669.9,2671.2,1464,GC.v.0
2025-01-02 23:00:00+00:00,34,1,1551,2671.1,2673.0,2670.1,2671.1,1428,GC.v.0
2025-01-03 00:00:00+00:00,34,1,1551,2671.3,2675.2,2671.1,2674.5,1867,GC.v.0
2025-01-03 01:00:00+00:00,34,1,1551,2674.7,2676.5,2670.9,2673.6,3187,GC.v.0
2025-01-03 02:00:00+00:00,34,1,1551,2673.5,2678.4,2670.3,2676.8,9025,GC.v.0
2025-01-03 03:00:00+00:00,34,1,1551,2676.7,2681.0,2675.5,2677.4,4021,GC.v.0
2025-01-03 04:00:00+00:00,34,1,1551,2677.1,2679.4,2676.6,2678.1,936,GC.v.0
2025-01-03 05:00:00+00:00,34,1,1551,2677.9,2677.9,2672.0,2674.3,2443,GC.v.0
2025-01-03 06:00:00+00:00,34,1,1551,2674.3,2675.5,2671.7,2674.8,2101,GC.v.0
2025-01-03 07:00:00+00:00,34,1,1551,2674.7,2674.7,2667.9,2669.6,3995,GC.v.0
2025-01-03 08:00:00+00:00,34,1,1551,2669.6,2671.2,2664.3,2667.1,5768,GC.v.0
2025-01-03 09:00:00+00:00,34,1,1551,2667.1,2670.5,2667.0,2667.7,3274,GC.v.0
2025-01-03 10:00:00+00:00,34,1,1551,2667.7,2672.3,2667.1,2672.0,3540,GC.v.0
2025-01-03 11:00:00+00:00,34,1,1551,2672.0,2673.5,2670.8,2672.1,3334,GC.v.0
2025-01-03 12:00:00+00:00,34,1,1551,2672.1,2672.8,2668.6,2669.3,2654,GC.v.0
2025-01-03 13:00:00+00:00,34,1,1551,2669.1,2670.3,2657.0,2664.1,12771,GC.v.0
2025-01-03 14:00:00+00:00,34,1,1551,2664.0,2667.1,2659.2,2661.5,10778,GC.v.0
2025-01-03 15:00:00+00:00,34,1,1551,2661.6,2662.4,2655.0,2657.9,9914,GC.v.0
2025-01-03 16:00:00+00:00,34,1,1551,2657.8,2661.5,2652.3,2653.4,6787,GC.v.0
2025-01-03 17:00:00+00:00,34,1,1551,2653.3,2656.3,2652.4,2655.5,4328,GC.v.0
2025-01-03 18:00:00+00:00,34,1,1551,2655.4,2656.2,2653.2,2656.1,4315,GC.v.0
2025-01-03 19:00:00+00:00,34,1,1551,2655.9,2657.2,2652.9,2653.3,1957,GC.v.0
2025-01-03 20:00:00+00:00,34,1,1551,2653.3,2654.0,2650.6,2651.9,2738,GC.v.0
2025-01-03 21:00:00+00:00,34,1,1551,2651.8,2653.8,2649.7,2652.7,2838,GC.v.0
2025-01-05 23:00:00+00:00,34,1,1551,2652.8,2655.2,2651.6,2653.6,1982,GC.v.0
2025-01-06 00:00:00+00:00,34,1,1551,2653.6,2656.0,2651.2,2655.8,1798,GC.v.0
2025-01-06 01:00:00+00:00,34,1,1551,2656.0,2661.0,2653.8,2654.2,4407,GC.v.0
2025-01-06 02:00:00+00:00,34,1,1551,2654.3,2658.3,2652.6,2657.2,2221,GC.v.0
2025-01-06 03:00:00+00:00,34,1,1551,2657.2,2657.8,2651.2,2652.2,2381,GC.v.0
2025-01-06 04:00:00+00:00,34,1,1551,2652.2,2652.9,2645.2,2646.8,4915,GC.v.0
2025-01-06 05:00:00+00:00,34,1,1551,2646.7,2647.7,2642.4,2645.2,4655,GC.v.0
2025-01-06 06:00:00+00:00,34,1,1551,2645.3,2646.9,2641.3,2643.6,3923,GC.v.0
2025-01-06 07:00:00+00:00,34,1,1551,2643.5,2646.3,2636.6,2638.7,6173,GC.v.0
2025-01-06 08:00:00+00:00,34,1,1551,2638.6,2644.6,2637.5,2643.6,4445,GC.v.0
2025-01-06 09:00:00+00:00,34,1,1551,2643.5,2647.7,2643.4,2644.9,4250,GC.v.0
2025-01-06 10:00:00+00:00,34,1,1551,2644.9,2646.9,2642.8,2645.8,2951,GC.v.0
2025-01-06 11:00:00+00:00,34,1,1551,2645.6,2663.8,2644.5,2659.4,14331,GC.v.0
2025-01-06 12:00:00+00:00,34,1,1551,2659.4,2661.1,2654.9,2658.1,6944,GC.v.0
2025-01-06 13:00:00+00:00,34,1,1551,2658.1,2661.7,2630.8,2634.5,23514,GC.v.0
2025-01-06 14:00:00+00:00,34,1,1551,2634.5,2647.2,2624.6,2643.2,23225,GC.v.0
2025-01-06 15:00:00+00:00,34,1,1551,2643.4,2651.9,2641.2,2645.2,13889,GC.v.0
2025-01-06 16:00:00+00:00,34,1,1551,2645.3,2652.7,2643.4,2652.2,5934,GC.v.0
2025-01-06 17:00:00+00:00,34,1,1551,2652.5,2652.6,2645.4,2647.9,4150,GC.v.0
2025-01-06 18:00:00+00:00,34,1,1551,2647.9,2650.0,2644.9,2645.7,4776,GC.v.0
2025-01-06 19:00:00+00:00,34,1,1551,2645.6,2646.6,2643.7,2645.6,1601,GC.v.0
2025-01-06 20:00:00+00:00,34,1,1551,2645.5,2646.2,2643.7,2645.2,2410,GC.v.0
2025-01-06 21:00:00+00:00,34,1,1551,2645.3,2647.8,2645.2,2647.0,1004,GC.v.0
2025-01-06 23:00:00+00:00,34,1,1551,2647.1,2647.1,2644.4,2645.1,1030,GC.v.0
2025-01-07 00:00:00+00:00,34,1,1551,2645.3,2646.4,2643.5,2646.3,1294,GC.v.0
2025-01-07 01:00:00+00:00,34,1,1551,2646.2,2652.1,2646.0,2650.1,4720,GC.v.0
2025-01-07 02:00:00+00:00,34,1,1551,2650.0,2651.2,2647.4,2648.8,1720,GC.v.0
2025-01-07 03:00:00+00:00,34,1,1551,2648.8,2650.9,2647.6,2650.7,1273,GC.v.0
2025-01-07 04:00:00+00:00,34,1,1551,2650.5,2650.7,2648.3,2648.9,1177,GC.v.0
2025-01-07 05:00:00+00:00,34,1,1551,2648.9,2656.2,2647.7,2654.9,2960,GC.v.0
2025-01-07 06:00:00+00:00,34,1,1551,2654.9,2657.6,2651.7,2652.1,4282,GC.v.0
2025-01-07 07:00:00+00:00,34,1,1551,2652.0,2653.7,2649.7,2652.2,2029,GC.v.0
2025-01-07 08:00:00+00:00,34,1,1551,2652.1,2656.7,2651.7,2653.8,4444,GC.v.0
2025-01-07 09:00:00+00:00,34,1,1551,2653.8,2655.8,2651.2,2652.9,2967,GC.v.0
2025-01-07 10:00:00+00:00,34,1,1551,2652.8,2656.4,2652.8,2655.4,1776,GC.v.0
2025-01-07 11:00:00+00:00,34,1,1551,2655.4,2659.9,2653.3,2659.6,4090,GC.v.0
2025-01-07 12:00:00+00:00,34,1,1551,2659.7,2665.1,2658.6,2663.9,9009,GC.v.0
2025-01-07 13:00:00+00:00,34,1,1551,2663.9,2678.5,2661.8,2676.5,28890,GC.v.0
2025-01-07 14:00:00+00:00,34,1,1551,2676.4,2676.9,2668.4,2672.5,13294,GC.v.0
2025-01-07 15:00:00+00:00,34,1,1551,2672.0,2672.0,2653.8,2661.0,25896,GC.v.0
2025-01-07 16:00:00+00:00,34,1,1551,2661.1,2669.5,2659.9,2665.7,8756,GC.v.0
2025-01-07 17:00:00+00:00,34,1,1551,2665.8,2670.4,2664.2,2666.7,5742,GC.v.0
2025-01-07 18:00:00+00:00,34,1,1551,2666.7,2666.8,2661.5,2663.5,5337,GC.v.0
2025-01-07 19:00:00+00:00,34,1,1551,2663.6,2664.7,2661.3,2663.7,1984,GC.v.0
2025-01-07 20:00:00+00:00,34,1,1551,2663.8,2666.0,2661.6,2664.9,3038,GC.v.0
2025-01-07 21:00:00+00:00,34,1,1551,2664.9,2665.0,2662.4,2663.1,1317,GC.v.0
2025-01-07 23:00:00+00:00,34,1,1551,2662.9,2664.4,2662.7,2663.8,1237,GC.v.0
2025-01-08 00:00:00+00:00,34,1,1551,2663.8,2666.2,2662.8,2664.5,1265,GC.v.0
2025-01-08 01:00:00+00:00,34,1,1551,2664.7,2664.9,2660.7,2662.9,3227,GC.v.0
2025-01-08 02:00:00+00:00,34,1,1551,2662.9,2664.3,2659.4,2662.9,1905,GC.v.0
2025-01-08 03:00:00+00:00,34,1,1551,2662.9,2663.0,2659.3,2660.1,1210,GC.v.0
2025-01-08 04:00:00+00:00,34,1,1551,2660.0,2662.0,2658.4,2660.0,1209,GC.v.0
2025-01-08 05:00:00+00:00,34,1,1551,2660.0,2664.7,2659.7,2664.0,2128,GC.v.0
2025-01-08 06:00:00+00:00,34,1,1551,2664.0,2667.2,2663.1,2666.0,3097,GC.v.0
2025-01-08 07:00:00+00:00,34,1,1551,2666.1,2668.5,2665.4,2666.4,2193,GC.v.0
2025-01-08 08:00:00+00:00,34,1,1551,2666.4,2667.5,2662.9,2665.6,3313,GC.v.0
2025-01-08 09:00:00+00:00,34,1,1551,2665.6,2669.1,2665.5,2667.5,2780,GC.v.0
2025-01-08 10:00:00+00:00,34,1,1551,2667.4,2669.3,2666.5,2666.6,6029,GC.v.0
2025-01-08 11:00:00+00:00,34,1,1551,2666.5,2666.7,2660.3,2664.1,5863,GC.v.0
2025-01-08 12:00:00+00:00,34,1,1551,2664.1,2666.5,2658.9,2665.7,5147,GC.v.0
2025-01-08 13:00:00+00:00,34,1,1551,2665.8,2674.9,2663.5,2674.8,15370,GC.v.0
2025-01-08 14:00:00+00:00,34,1,1551,2674.7,2683.9,2674.6,2677.2,21663,GC.v.0
2025-01-08 15:00:00+00:00,34,1,1551,2677.1,2683.7,2675.0,2681.5,10870,GC.v.0
2025-01-08 16:00:00+00:00,34,1,1551,2681.3,2687.0,2678.3,2686.2,8303,GC.v.0
2025-01-08 17:00:00+00:00,34,1,1551,2686.2,2686.8,2665.3,2671.8,17749,GC.v.0
2025-01-08 18:00:00+00:00,34,1,1551,2671.7,2675.9,2668.2,2669.8,8714,GC.v.0
2025-01-08 19:00:00+00:00,34,1,1551,2670.0,2677.5,2668.9,2674.6,4322,GC.v.0
2025-01-08 20:00:00+00:00,34,1,1551,2674.8,2681.5,2674.7,2680.6,3691,GC.v.0
2025-01-08 21:00:00+00:00,34,1,1551,2680.7,2681.5,2678.9,2680.1,2249,GC.v.0
2025-01-08 23:00:00+00:00,34,1,1551,2679.9,2680.5,2678.5,2679.2,1078,GC.v.0
2025-01-09 00:00:00+00:00,34,1,1551,2679.2,2679.5,2676.8,2677.5,1621,GC.v.0
2025-01-09 01:00:00+00:00,34,1,1551,2677.4,2679.2,2675.0,2676.4,2384,GC.v.0
2025-01-09 02:00:00+00:00,34,1,1551,2676.5,2678.2,2674.3,2677.0,2265,GC.v.0
2025-01-09 03:00:00+00:00,34,1,1551,2677.1,2680.9,2676.8,2678.0,1953,GC.v.0
2025-01-09 04:00:00+00:00,34,1,1551,2678.0,2678.2,2673.7,2677.2,1720,GC.v.0
2025-01-09 05:00:00+00:00,34,1,1551,2677.2,2679.7,2675.2,2676.0,1736,GC.v.0
2025-01-09 06:00:00+00:00,34,1,1551,2676.1,2683.9,2676.0,2683.6,2698,GC.v.0
2025-01-09 07:00:00+00:00,34,1,1551,2683.7,2683.8,2678.8,2678.9,2569,GC.v.0
2025-01-09 08:00:00+00:00,34,1,1551,2678.8,2684.6,2676.9,2681.4,7026,GC.v.0
2025-01-09 09:00:00+00:00,34,1,1551,2681.5,2682.5,2678.7,2681.1,3426,GC.v.0
2025-01-09 10:00:00+00:00,34,1,1551,2681.0,2684.8,2680.5,2683.3,3280,GC.v.0
2025-01-09 11:00:00+00:00,34,1,1551,2683.3,2690.7,2680.9,2687.3,12724,GC.v.0
2025-01-09 12:00:00+00:00,34,1,1551,2687.3,2692.8,2686.6,2691.8,5609,GC.v.0
2025-01-09 13:00:00+00:00,34,1,1551,2691.7,2696.8,2690.1,2691.4,10650,GC.v.0
2025-01-09 14:00:00+00:00,34,1,1551,2691.3,2695.0,2686.0,2691.9,9984,GC.v.0
2025-01-09 15:00:00+00:00,34,1,1551,2691.8,2694.8,2687.2,2687.5,8778,GC.v.0
2025-01-09 16:00:00+00:00,34,1,1551,2687.5,2690.4,2685.1,2686.7,5317,GC.v.0
2025-01-09 17:00:00+00:00,34,1,1551,2686.5,2687.8,2681.8,2685.6,6245,GC.v.0
2025-01-09 18:00:00+00:00,34,1,1551,2685.5,2693.5,2684.5,2692.3,8362,GC.v.0
2025-01-09 19:00:00+00:00,34,1,1551,2692.3,2692.5,2689.6,2691.3,1760,GC.v.0
2025-01-09 20:00:00+00:00,34,1,1551,2691.3,2692.2,2690.6,2691.2,1000,GC.v.0
2025-01-09 21:00:00+00:00,34,1,1551,2691.3,2693.7,2690.7,2692.6,1013,GC.v.0
2025-01-09 23:00:00+00:00,34,1,1551,2692.9,2693.8,2691.8,2693.3,1233,GC.v.0
2025-01-10 00:00:00+00:00,34,1,1551,2693.5,2695.6,2692.9,2695.0,1322,GC.v.0
2025-01-10 01:00:00+00:00,34,1,1551,2695.0,2696.2,2693.5,2694.6,2392,GC.v.0
2025-01-10 02:00:00+00:00,34,1,1551,2694.6,2698.3,2693.8,2696.8,2985,GC.v.0
2025-01-10 03:00:00+00:00,34,1,1551,2696.9,2698.7,2696.0,2697.7,1581,GC.v.0
2025-01-10 04:00:00+00:00,34,1,1551,2697.6,2698.0,2694.9,2695.7,1472,GC.v.0
2025-01-10 05:00:00+00:00,34,1,1551,2695.6,2700.6,2695.4,2699.7,2490,GC.v.0
2025-01-10 06:00:00+00:00,34,1,1551,2699.6,2703.4,2698.7,2702.4,3122,GC.v.0
2025-01-10 07:00:00+00:00,34,1,1551,2702.6,2703.0,2697.0,2700.1,6474,GC.v.0
2025-01-10 08:00:00+00:00,34,1,1551,2700.0,2709.0,2699.7,2706.9,8400,GC.v.0
2025-01-10 09:00:00+00:00,34,1,1551,2706.9,2708.4,2703.9,2704.1,4752,GC.v.0
2025-01-10 10:00:00+00:00,34,1,1551,2704.1,2710.1,2703.6,2709.2,7093,GC.v.0
2025-01-10 11:00:00+00:00,34,1,1551,2709.0,2711.4,2708.1,2708.7,4989,GC.v.0
2025-01-10 12:00:00+00:00,34,1,1551,2708.7,2708.8,2701.7,2704.9,7446,GC.v.0
2025-01-10 13:00:00+00:00,34,1,1551,2704.9,2714.3,2686.9,2713.0,38463,GC.v.0
2025-01-10 14:00:00+00:00,34,1,1551,2713.0,2735.0,2711.5,2723.4,40292,GC.v.0
2025-01-10 15:00:00+00:00,34,1,1551,2723.0,2734.2,2715.5,2720.4,24556,GC.v.0
2025-01-10 16:00:00+00:00,34,1,1551,2720.6,2728.8,2715.4,2727.1,16007,GC.v.0
2025-01-10 17:00:00+00:00,34,1,1551,2727.3,2729.4,2720.5,2726.4,9479,GC.v.0
2025-01-10 18:00:00+00:00,34,1,1551,2726.5,2727.7,2713.3,2717.4,12221,GC.v.0
2025-01-10 19:00:00+00:00,34,1,1551,2717.5,2720.0,2715.8,2716.3,3712,GC.v.0
2025-01-10 20:00:00+00:00,34,1,1551,2716.3,2717.7,2714.5,2716.7,3168,GC.v.0
2025-01-10 21:00:00+00:00,34,1,1551,2716.6,2720.3,2715.5,2717.4,2325,GC.v.0
2025-01-12 23:00:00+00:00,34,1,1551,2716.8,2721.4,2714.0,2721.1,2860,GC.v.0
2025-01-13 00:00:00+00:00,34,1,1551,2721.0,2723.8,2718.0,2720.2,2440,GC.v.0
2025-01-13 01:00:00+00:00,34,1,1551,2720.3,2720.4,2709.9,2716.4,5890,GC.v.0
2025-01-13 02:00:00+00:00,34,1,1551,2716.5,2720.4,2715.7,2717.5,2193,GC.v.0
2025-01-13 03:00:00+00:00,34,1,1551,2717.3,2717.4,2712.9,2715.4,1764,GC.v.0
2025-01-13 04:00:00+00:00,34,1,1551,2715.5,2718.6,2712.5,2714.0,1844,GC.v.0
2025-01-13 05:00:00+00:00,34,1,1551,2714.1,2714.8,2710.8,2714.4,1505,GC.v.0
2025-01-13 06:00:00+00:00,34,1,1551,2714.2,2717.3,2713.8,2716.1,2481,GC.v.0
2025-01-13 07:00:00+00:00,34,1,1551,2716.0,2716.5,2708.1,2708.3,3704,GC.v.0
2025-01-13 08:00:00+00:00,34,1,1551,2708.2,2715.5,2707.5,2712.5,5965,GC.v.0
2025-01-13 09:00:00+00:00,34,1,1551,2712.4,2712.7,2704.8,2707.2,5914,GC.v.0
2025-01-13 10:00:00+00:00,34,1,1551,2707.1,2707.7,2700.8,2706.0,8300,GC.v.0
2025-01-13 11:00:00+00:00,34,1,1551,2705.9,2707.8,2699.4,2699.9,4632,GC.v.0
2025-01-13 12:00:00+00:00,34,1,1551,2699.7,2700.9,2683.0,2691.9,17150,GC.v.0
2025-01-13 13:00:00+00:00,34,1,1551,2691.8,2694.2,2679.9,2689.5,17589,GC.v.0
2025-01-13 14:00:00+00:00,34,1,1551,2689.4,2692.8,2682.8,2690.1,14094,GC.v.0
2025-01-13 15:00:00+00:00,34,1,1551,2690.1,2692.8,2680.2,2680.9,12421,GC.v.0
2025-01-13 16:00:00+00:00,34,1,1551,2681.1,2686.7,2679.6,2681.5,8215,GC.v.0
2025-01-13 17:00:00+00:00,34,1,1551,2681.5,2684.4,2679.7,2682.2,6729,GC.v.0
2025-01-13 18:00:00+00:00,34,1,1551,2682.1,2682.6,2676.0,2678.6,8934,GC.v.0
2025-01-13 19:00:00+00:00,34,1,1551,2678.7,2679.4,2675.2,2677.4,3793,GC.v.0
2025-01-13 20:00:00+00:00,34,1,1551,2677.4,2680.8,2677.1,2680.2,2024,GC.v.0
2025-01-13 21:00:00+00:00,34,1,1551,2680.1,2682.3,2679.1,2681.2,1211,GC.v.0
2025-01-13 23:00:00+00:00,34,1,1551,2682.0,2687.3,2680.8,2686.0,2270,GC.v.0
2025-01-14 00:00:00+00:00,34,1,1551,2686.1,2688.1,2684.2,2687.3,1968,GC.v.0
2025-01-14 01:00:00+00:00,34,1,1551,2687.4,2689.1,2684.6,2686.6,3591,GC.v.0
2025-01-14 02:00:00+00:00,34,1,1551,2686.6,2687.3,2684.6,2686.1,2135,GC.v.0
2025-01-14 03:00:00+00:00,34,1,1551,2686.1,2687.0,2683.8,2686.3,2826,GC.v.0
2025-01-14 04:00:00+00:00,34,1,1551,2686.2,2689.0,2684.0,2688.4,1815,GC.v.0
2025-01-14 05:00:00+00:00,34,1,1551,2688.6,2689.9,2682.4,2684.1,3574,GC.v.0
2025-01-14 06:00:00+00:00,34,1,1551,2684.2,2684.8,2682.0,2684.0,1503,GC.v.0
2025-01-14 07:00:00+00:00,34,1,1551,2684.0,2685.1,2681.2,2683.3,2527,GC.v.0
2025-01-14 08:00:00+00:00,34,1,1551,2683.4,2690.3,2681.2,2684.8,5489,GC.v.0
2025-01-14 09:00:00+00:00,34,1,1551,2684.6,2685.3,2678.8,2682.3,5038,GC.v.0
2025-01-14 10:00:00+00:00,34,1,1551,2682.4,2683.1,2677.8,2679.9,4287,GC.v.0
2025-01-14 11:00:00+00:00,34,1,1551,2679.8,2682.8,2677.2,2682.3,3709,GC.v.0
2025-01-14 12:00:00+00:00,34,1,1551,2682.1,2684.9,2678.8,2680.8,4311,GC.v.0
2025-01-14 13:00:00+00:00,34,1,1551,2680.8,2687.4,2672.0,2675.3,20310,GC.v.0
2025-01-14 14:00:00+00:00,34,1,1551,2675.1,2679.0,2672.2,2678.2,10977,GC.v.0
2025-01-14 15:00:00+00:00,34,1,1551,2678.4,2686.2,2678.2,2684.9,10743,GC.v.0
2025-01-14 16:00:00+00:00,34,1,1551,2684.9,2688.0,2682.5,2685.6,7002,GC.v.0
2025-01-14 17:00:00+00:00,34,1,1551,2685.6,2686.0,2681.3,2683.0,5516,GC.v.0
2025-01-14 18:00:00+00:00,34,1,1551,2682.9,2686.0,2680.0,2685.9,5787,GC.v.0
2025-01-14 19:00:00+00:00,34,1,1551,2685.8,2689.9,2685.4,2687.8,3300,GC.v.0
2025-01-14 20:00:00+00:00,34,1,1551,2687.8,2690.5,2685.3,2690.2,2689,GC.v.0
2025-01-14 21:00:00+00:00,34,1,1551,2689.9,2693.7,2689.7,2693.1,1671,GC.v.0
2025-01-14 23:00:00+00:00,34,1,1551,2693.3,2695.2,2690.3,2691.9,1506,GC.v.0
2025-01-15 00:00:00+00:00,34,1,1551,2691.9,2692.2,2689.1,2689.3,1088,GC.v.0
2025-01-15 01:00:00+00:00,34,1,1551,2689.2,2690.7,2685.8,2686.0,2757,GC.v.0
2025-01-15 02:00:00+00:00,34,1,1551,2686.0,2690.9,2685.4,2689.8,2997,GC.v.0
2025-01-15 03:00:00+00:00,34,1,1551,2689.8,2691.7,2689.0,2691.4,1798,GC.v.0
2025-01-15 04:00:00+00:00,34,1,1551,2691.2,2692.0,2689.2,2690.7,1138,GC.v.0
2025-01-15 05:00:00+00:00,34,1,1551,2690.6,2693.6,2689.3,2693.2,2285,GC.v.0
2025-01-15 06:00:00+00:00,34,1,1551,2693.4,2697.8,2693.3,2695.7,3290,GC.v.0
2025-01-15 07:00:00+00:00,34,1,1551,2695.7,2700.3,2695.0,2697.9,3312,GC.v.0
2025-01-15 08:00:00+00:00,34,1,1551,2697.9,2702.7,2697.7,2702.0,4351,GC.v.0
2025-01-15 09:00:00+00:00,34,1,1551,2702.2,2709.3,2701.0,2707.7,6119,GC.v.0
2025-01-15 10:00:00+00:00,34,1,1551,2707.8,2712.7,2707.0,2711.0,7550,GC.v.0
2025-01-15 11:00:00+00:00,34,1,1551,2711.2,2711.7,2706.0,2708.1,5929,GC.v.0
2025-01-15 12:00:00+00:00,34,1,1551,2708.0,2708.9,2705.7,2706.0,4546,GC.v.0
2025-01-15 13:00:00+00:00,34,1,1551,2706.0,2717.2,2702.4,2716.4,24592,GC.v.0
2025-01-15 14:00:00+00:00,34,1,1551,2716.5,2719.0,2699.3,2704.3,26002,GC.v.0
2025-01-15 15:00:00+00:00,34,1,1551,2704.2,2705.4,2698.0,2699.8,22455,GC.v.0
2025-01-15 16:00:00+00:00,34,1,1551,2700.0,2712.6,2698.2,2712.0,20256,GC.v.0
2025-01-15 17:00:00+00:00,34,1,1551,2712.1,2716.5,2711.7,2715.9,8536,GC.v.0
2025-01-15 18:00:00+00:00,34,1,1551,2715.9,2719.5,2714.7,2718.2,7243,GC.v.0
2025-01-15 19:00:00+00:00,34,1,1551,2718.3,2719.6,2717.2,2718.2,2930,GC.v.0
2025-01-15 20:00:00+00:00,34,1,1551,2718.3,2720.3,2717.4,2719.6,2966,GC.v.0
2025-01-15 21:00:00+00:00,34,1,1551,2719.8,2722.7,2719.0,2722.6,1955,GC.v.0
2025-01-15 23:00:00+00:00,34,1,1551,2722.3,2725.2,2721.9,2723.6,1701,GC.v.0
2025-01-16 00:00:00+00:00,34,1,1551,2723.6,2726.3,2720.4,2723.2,7990,GC.v.0
2025-01-16 01:00:00+00:00,34,1,1551,2723.3,2731.6,2722.4,2727.4,5672,GC.v.0
2025-01-16 02:00:00+00:00,34,1,1551,2727.5,2729.2,2725.0,2726.5,2704,GC.v.0
2025-01-16 03:00:00+00:00,34,1,1551,2726.4,2728.7,2724.1,2727.8,1841,GC.v.0
2025-01-16 04:00:00+00:00,34,1,1551,2727.7,2729.0,2727.1,2728.1,1144,GC.v.0
2025-01-16 05:00:00+00:00,34,1,1551,2728.1,2728.2,2723.6,2724.8,3226,GC.v.0
2025-01-16 06:00:00+00:00,34,1,1551,2724.9,2725.8,2720.9,2724.1,3877,GC.v.0
2025-01-16 07:00:00+00:00,34,1,1551,2724.2,2728.8,2723.6,2727.2,4011,GC.v.0
2025-01-16 08:00:00+00:00,34,1,1551,2727.2,2733.4,2726.2,2730.0,5379,GC.v.0
2025-01-16 09:00:00+00:00,34,1,1551,2730.0,2737.7,2728.2,2736.4,7969,GC.v.0
2025-01-16 10:00:00+00:00,34,1,1551,2736.3,2739.0,2736.0,2737.9,4181,GC.v.0
2025-01-16 11:00:00+00:00,34,1,1551,2738.1,2740.5,2732.5,2732.6,5757,GC.v.0
2025-01-16 12:00:00+00:00,34,1,1551,2732.7,2732.7,2727.6,2730.8,8089,GC.v.0
2025-01-16 13:00:00+00:00,34,1,1551,2730.8,2747.2,2728.1,2744.1,19555,GC.v.0
2025-01-16 14:00:00+00:00,34,1,1551,2744.1,2749.8,2742.8,2749.0,16877,GC.v.0
2025-01-16 15:00:00+00:00,34,1,1551,2748.7,2752.3,2743.5,2752.1,17355,GC.v.0
2025-01-16 16:00:00+00:00,34,1,1551,2752.2,2755.5,2750.6,2752.9,11935,GC.v.0
2025-01-16 17:00:00+00:00,34,1,1551,2753.0,2757.9,2752.2,2754.1,7973,GC.v.0
2025-01-16 18:00:00+00:00,34,1,1551,2754.5,2755.9,2747.6,2748.1,8368,GC.v.0
2025-01-16 19:00:00+00:00,34,1,1551,2748.1,2750.5,2747.3,2748.1,3834,GC.v.0
2025-01-16 20:00:00+00:00,34,1,1551,2748.0,2748.8,2746.3,2747.0,4196,GC.v.0
2025-01-16 21:00:00+00:00,34,1,1551,2746.9,2747.2,2745.0,2746.9,2238,GC.v.0
2025-01-16 23:00:00+00:00,34,1,1551,2746.8,2747.7,2743.2,2745.0,2023,GC.v.0
2025-01-17 00:00:00+00:00,34,1,1551,2744.9,2748.2,2744.8,2747.6,1990,GC.v.0
2025-01-17 01:00:00+00:00,34,1,1551,2747.8,2747.8,2742.5,2746.3,4572,GC.v.0
2025-01-17 02:00:00+00:00,34,1,1551,2746.3,2748.1,2745.2,2746.6,2069,GC.v.0
2025-01-17 03:00:00+00:00,34,1,1551,2746.5,2748.4,2746.0,2747.0,1762,GC.v.0
2025-01-17 04:00:00+00:00,34,1,1551,2747.0,2747.2,2744.8,2745.3,1164,GC.v.0
2025-01-17 05:00:00+00:00,34,1,1551,2745.2,2745.7,2740.5,2741.1,2435,GC.v.0
2025-01-17 06:00:00+00:00,34,1,1551,2741.1,2743.2,2740.1,2741.3,2940,GC.v.0
2025-01-17 07:00:00+00:00,34,1,1551,2741.5,2743.0,2739.1,2740.7,3322,GC.v.0
2025-01-17 08:00:00+00:00,34,1,1551,2740.8,2741.6,2738.0,2739.7,3563,GC.v.0
2025-01-17 09:00:00+00:00,34,1,1551,2739.5,2739.7,2729.8,2731.1,7859,GC.v.0
2025-01-17 10:00:00+00:00,34,1,1551,2731.1,2732.6,2729.2,2729.6,5257,GC.v.0
2025-01-17 11:00:00+00:00,34,1,1551,2729.6,2736.9,2729.4,2736.4,5156,GC.v.0
2025-01-17 12:00:00+00:00,34,1,1551,2736.4,2743.1,2736.4,2741.9,6791,GC.v.0
2025-01-17 13:00:00+00:00,34,1,1551,2741.8,2744.3,2734.9,2736.9,12527,GC.v.0
2025-01-17 14:00:00+00:00,34,1,1551,2736.7,2746.5,2734.1,2745.0,14696,GC.v.0
2025-01-17 15:00:00+00:00,34,1,1551,2745.0,2750.8,2744.7,2749.9,12427,GC.v.0
2025-01-17 16:00:00+00:00,34,1,1551,2749.8,2759.2,2749.0,2758.3,11036,GC.v.0
2025-01-17 17:00:00+00:00,34,1,1551,2758.2,2758.5,2753.2,2753.4,7284,GC.v.0
2025-01-17 18:00:00+00:00,34,1,1551,2753.3,2753.6,2744.2,2744.2,8558,GC.v.0
2025-01-17 19:00:00+00:00,34,1,1551,2744.5,2745.7,2741.7,2742.0,5087,GC.v.0
2025-01-17 20:00:00+00:00,34,1,1551,2742.2,2742.3,2737.2,2739.0,4266,GC.v.0
2025-01-17 21:00:00+00:00,34,1,1551,2738.9,2740.6,2736.0,2740.0,1636,GC.v.0
2025-01-19 23:00:00+00:00,34,1,1551,2739.6,2741.1,2731.1,2736.3,3093,GC.v.0
2025-01-20 00:00:00+00:00,34,1,1551,2736.2,2737.6,2734.2,2737.5,1651,GC.v.0
2025-01-20 01:00:00+00:00,34,1,1551,2737.4,2738.1,2731.8,2737.5,3802,GC.v.0
2025-01-20 02:00:00+00:00,34,1,1551,2737.4,2740.3,2736.8,2739.6,1908,GC.v.0
2025-01-20 03:00:00+00:00,34,1,1551,2739.8,2745.5,2739.7,2744.9,2040,GC.v.0
2025-01-20 04:00:00+00:00,34,1,1551,2744.9,2747.8,2742.6,2747.3,1959,GC.v.0
2025-01-20 05:00:00+00:00,34,1,1551,2747.1,2749.3,2746.7,2749.1,2393,GC.v.0
2025-01-20 06:00:00+00:00,34,1,1551,2749.0,2754.8,2748.3,2752.5,2664,GC.v.0
2025-01-20 07:00:00+00:00,34,1,1551,2752.4,2752.9,2745.6,2746.0,2759,GC.v.0
2025-01-20 08:00:00+00:00,34,1,1551,2746.3,2752.6,2745.9,2750.5,3833,GC.v.0
2025-01-20 09:00:00+00:00,34,1,1551,2750.6,2751.8,2746.2,2747.4,2925,GC.v.0
2025-01-20 10:00:00+00:00,34,1,1551,2747.4,2748.4,2744.6,2745.3,3699,GC.v.0
2025-01-20 11:00:00+00:00,34,1,1551,2745.2,2749.5,2744.9,2748.8,2870,GC.v.0
2025-01-20 12:00:00+00:00,34,1,1551,2748.8,2750.4,2746.1,2747.8,2885,GC.v.0
2025-01-20 13:00:00+00:00,34,1,1551,2747.8,2750.6,2722.8,2727.0,22540,GC.v.0
2025-01-20 14:00:00+00:00,34,1,1551,2727.1,2738.0,2726.8,2729.4,13360,GC.v.0
2025-01-20 15:00:00+00:00,34,1,1551,2729.6,2730.5,2724.1,2726.7,7814,GC.v.0
2025-01-20 16:00:00+00:00,34,1,1551,2726.6,2727.5,2715.6,2723.0,11421,GC.v.0
2025-01-20 17:00:00+00:00,34,1,1551,2723.0,2728.7,2719.1,2726.0,6221,GC.v.0
2025-01-20 18:00:00+00:00,34,1,1551,2725.7,2732.3,2721.7,2731.6,2821,GC.v.0
2025-01-20 19:00:00+00:00,34,1,1551,2731.7,2735.1,2730.1,2731.8,1141,GC.v.0
2025-01-20 23:00:00+00:00,34,1,1551,2731.6,2735.4,2730.4,2734.2,2035,GC.v.0
2025-01-21 00:00:00+00:00,34,1,1551,2734.2,2736.1,2722.7,2725.5,4100,GC.v.0
2025-01-21 01:00:00+00:00,34,1,1551,2725.4,2739.2,2723.3,2737.8,5397,GC.v.0
2025-01-21 02:00:00+00:00,34,1,1551,2737.7,2744.6,2737.6,2743.1,3741,GC.v.0
2025-01-21 03:00:00+00:00,34,1,1551,2743.0,2745.9,2740.2,2743.2,2749,GC.v.0
2025-01-21 04:00:00+00:00,34,1,1551,2743.4,2746.3,2741.7,2744.9,2611,GC.v.0
2025-01-21 05:00:00+00:00,34,1,1551,2745.0,2746.8,2742.9,2743.8,2036,GC.v.0
2025-01-21 06:00:00+00:00,34,1,1551,2743.8,2746.3,2739.4,2739.9,4533,GC.v.0
2025-01-21 07:00:00+00:00,34,1,1551,2739.9,2745.0,2736.0,2741.6,6624,GC.v.0
2025-01-21 08:00:00+00:00,34,1,1551,2741.8,2742.1,2733.2,2735.4,6479,GC.v.0
2025-01-21 09:00:00+00:00,34,1,1551,2735.2,2735.5,2725.5,2731.4,8397,GC.v.0
2025-01-21 10:00:00+00:00,34,1,1551,2731.4,2736.3,2731.0,2732.5,4092,GC.v.0
2025-01-21 11:00:00+00:00,34,1,1551,2732.5,2735.7,2728.0,2734.5,4108,GC.v.0
2025-01-21 12:00:00+00:00,34,1,1551,2734.4,2738.5,2731.4,2737.6,5560,GC.v.0
2025-01-21 13:00:00+00:00,34,1,1551,2737.5,2743.0,2735.9,2737.6,10422,GC.v.0
2025-01-21 14:00:00+00:00,34,1,1551,2737.5,2755.3,2736.4,2753.9,17515,GC.v.0
2025-01-21 15:00:00+00:00,34,1,1551,2753.8,2755.8,2747.9,2753.1,17065,GC.v.0
2025-01-21 16:00:00+00:00,34,1,1551,2753.1,2760.7,2751.8,2758.1,12069,GC.v.0
2025-01-21 17:00:00+00:00,34,1,1551,2758.2,2762.0,2755.3,2755.6,8923,GC.v.0
2025-01-21 18:00:00+00:00,34,1,1551,2755.5,2761.7,2755.2,2760.6,5684,GC.v.0
2025-01-21 19:00:00+00:00,34,1,1551,2760.6,2761.4,2756.5,2757.5,3060,GC.v.0
2025-01-21 20:00:00+00:00,34,1,1551,2757.4,2757.6,2754.0,2755.8,3046,GC.v.0
2025-01-21 21:00:00+00:00,34,1,1551,2755.9,2759.5,2755.2,2758.7,1520,GC.v.0
2025-01-21 23:00:00+00:00,34,1,1551,2758.7,2759.4,2756.2,2758.4,2693,GC.v.0
2025-01-22 00:00:00+00:00,34,1,1551,2758.5,2764.2,2757.3,2763.1,2539,GC.v.0
2025-01-22 01:00:00+00:00,34,1,1551,2762.9,2765.6,2761.1,2762.7,4172,GC.v.0
2025-01-22 02:00:00+00:00,34,1,1551,2762.7,2765.6,2761.0,2764.3,2971,GC.v.0
2025-01-22 03:00:00+00:00,34,1,1551,2764.2,2766.8,2763.6,2766.4,2015,GC.v.0
2025-01-22 04:00:00+00:00,34,1,1551,2766.3,2769.3,2765.7,2768.3,2117,GC.v.0
2025-01-22 05:00:00+00:00,34,1,1551,2768.3,2772.3,2766.5,2772.0,4523,GC.v.0
2025-01-22 06:00:00+00:00,34,1,1551,2771.8,2772.0,2760.5,2762.8,6367,GC.v.0
2025-01-22 07:00:00+00:00,34,1,1551,2762.8,2766.5,2760.5,2761.6,4371,GC.v.0
2025-01-22 08:00:00+00:00,34,1,1551,2761.8,2767.8,2759.5,2766.9,4750,GC.v.0
2025-01-22 09:00:00+00:00,34,1,1551,2766.8,2773.3,2766.7,2771.0,6016,GC.v.0
2025-01-22 10:00:00+00:00,34,1,1551,2770.9,2774.4,2769.0,2771.3,5855,GC.v.0
2025-01-22 11:00:00+00:00,34,1,1551,2771.4,2771.7,2767.9,2768.2,3644,GC.v.0
2025-01-22 12:00:00+00:00,34,1,1551,2768.4,2770.6,2763.0,2770.1,6744,GC.v.0
2025-01-22 13:00:00+00:00,34,1,1551,2770.0,2774.2,2759.8,2767.8,14944,GC.v.0
2025-01-22 14:00:00+00:00,34,1,1551,2767.8,2768.9,2759.6,2763.6,14040,GC.v.0
2025-01-22 15:00:00+00:00,34,1,1551,2763.5,2771.8,2761.1,2770.5,13760,GC.v.0
2025-01-22 16:00:00+00:00,34,1,1551,2770.7,2773.0,2767.1,2769.6,8047,GC.v.0
2025-01-22 17:00:00+00:00,34,1,1551,2769.7,2770.7,2767.6,2768.2,4248,GC.v.0
2025-01-22 18:00:00+00:00,34,1,1551,2768.3,2771.5,2765.8,2769.6,6483,GC.v.0
2025-01-22 19:00:00+00:00,34,1,1551,2769.5,2769.8,2766.7,2767.0,1999,GC.v.0
2025-01-22 20:00:00+00:00,34,1,1551,2766.9,2768.8,2766.2,2766.6,2087,GC.v.0
2025-01-22 21:00:00+00:00,34,1,1551,2766.8,2767.2,2764.6,2766.3,1659,GC.v.0
2025-01-22 23:00:00+00:00,34,1,1551,2765.9,2766.4,2763.1,2763.4,2824,GC.v.0
2025-01-23 00:00:00+00:00,34,1,1551,2763.4,2765.5,2761.7,2765.2,2783,GC.v.0
2025-01-23 01:00:00+00:00,34,1,1551,2765.2,2766.4,2760.3,2761.4,4107,GC.v.0
2025-01-23 02:00:00+00:00,34,1,1551,2761.1,2764.1,2760.9,2762.1,1564,GC.v.0
2025-01-23 03:00:00+00:00,34,1,1551,2761.9,2762.8,2758.7,2760.1,1973,GC.v.0
2025-01-23 04:00:00+00:00,34,1,1551,2760.2,2762.4,2760.0,2760.2,1224,GC.v.0
2025-01-23 05:00:00+00:00,34,1,1551,2760.4,2762.4,2759.5,2760.7,2022,GC.v.0
2025-01-23 06:00:00+00:00,34,1,1551,2760.7,2764.6,2759.8,2761.7,2277,GC.v.0
2025-01-23 07:00:00+00:00,34,1,1551,2761.9,2763.4,2759.0,2760.8,2639,GC.v.0
2025-01-23 08:00:00+00:00,34,1,1551,2760.8,2762.6,2759.6,2759.7,2877,GC.v.0
2025-01-23 09:00:00+00:00,34,1,1551,2759.8,2761.0,2747.2,2753.5,10496,GC.v.0
2025-01-23 10:00:00+00:00,34,1,1551,2753.3,2759.0,2752.9,2757.7,5539,GC.v.0
2025-01-23 11:00:00+00:00,34,1,1551,2757.8,2761.8,2756.8,2758.7,5050,GC.v.0
2025-01-23 12:00:00+00:00,34,1,1551,2758.7,2759.6,2748.1,2751.9,10070,GC.v.0
2025-01-23 13:00:00+00:00,34,1,1551,2751.7,2752.9,2741.0,2748.1,16577,GC.v.0
2025-01-23 14:00:00+00:00,34,1,1551,2748.2,2753.9,2745.2,2752.4,15949,GC.v.0
2025-01-23 15:00:00+00:00,34,1,1551,2752.4,2756.0,2747.5,2751.8,14845,GC.v.0
2025-01-23 16:00:00+00:00,34,1,1551,2751.7,2765.2,2749.3,2760.7,16641,GC.v.0
2025-01-23 17:00:00+00:00,34,1,1551,2760.7,2767.1,2759.0,2765.1,10503,GC.v.0
2025-01-23 18:00:00+00:00,34,1,1551,2765.2,2766.7,2762.3,2764.0,4417,GC.v.0
2025-01-23 19:00:00+00:00,34,1,1551,2764.0,2766.5,2762.6,2763.0,9181,GC.v.0
2025-01-23 20:00:00+00:00,34,1,1551,2763.0,2763.9,2760.3,2762.0,3537,GC.v.0
2025-01-23 21:00:00+00:00,34,1,1551,2761.9,2762.2,2759.8,2762.1,1553,GC.v.0
2025-01-23 23:00:00+00:00,34,1,1551,2761.8,2762.7,2761.0,2762.2,1167,GC.v.0
2025-01-24 00:00:00+00:00,34,1,1551,2762.0,2769.0,2762.0,2767.7,3066,GC.v.0
2025-01-24 01:00:00+00:00,34,1,1551,2767.7,2771.0,2766.5,2770.7,4121,GC.v.0
2025-01-24 02:00:00+00:00,34,1,1551,2770.8,2782.8,2770.8,2781.3,9250,GC.v.0
2025-01-24 03:00:00+00:00,34,1,1551,2781.2,2784.9,2778.7,2780.4,4677,GC.v.0
2025-01-24 04:00:00+00:00,34,1,1551,2780.0,2782.3,2777.5,2779.2,2967,GC.v.0
2025-01-24 05:00:00+00:00,34,1,1551,2779.5,2783.5,2779.5,2782.2,3118,GC.v.0
2025-01-24 06:00:00+00:00,34,1,1551,2782.3,2785.3,2778.6,2779.6,4034,GC.v.0
2025-01-24 07:00:00+00:00,34,1,1551,2779.5,2781.9,2777.5,2779.7,2826,GC.v.0
2025-01-24 08:00:00+00:00,34,1,1551,2779.8,2782.2,2776.3,2780.9,5328,GC.v.0
2025-01-24 09:00:00+00:00,34,1,1551,2780.9,2784.4,2777.3,2779.0,5172,GC.v.0
2025-01-24 10:00:00+00:00,34,1,1551,2779.0,2783.5,2777.6,2783.1,4327,GC.v.0
2025-01-24 11:00:00+00:00,34,1,1551,2783.0,2786.9,2780.3,2782.9,8306,GC.v.0
2025-01-24 12:00:00+00:00,34,1,1551,2782.8,2786.3,2782.0,2785.9,4540,GC.v.0
2025-01-24 13:00:00+00:00,34,1,1551,2785.9,2792.8,2785.0,2790.0,12117,GC.v.0
2025-01-24 14:00:00+00:00,34,1,1551,2790.1,2791.9,2780.3,2785.7,14653,GC.v.0
2025-01-24 15:00:00+00:00,34,1,1551,2785.6,2794.8,2782.2,2782.6,16211,GC.v.0
2025-01-24 16:00:00+00:00,34,1,1551,2782.6,2785.1,2775.7,2778.4,12710,GC.v.0
2025-01-24 17:00:00+00:00,34,1,1551,2778.4,2783.5,2776.8,2779.3,5430,GC.v.0
2025-01-24 18:00:00+00:00,34,1,1551,2779.3,2781.2,2777.4,2780.3,4460,GC.v.0
2025-01-24 19:00:00+00:00,34,1,1551,2780.4,2783.2,2778.3,2782.0,2713,GC.v.0
2025-01-24 20:00:00+00:00,34,1,1551,2782.0,2782.3,2777.4,2777.7,2987,GC.v.0
2025-01-24 21:00:00+00:00,34,1,1551,2777.7,2779.0,2776.9,2777.4,1668,GC.v.0
2025-01-26 23:00:00+00:00,34,1,1551,2778.1,2778.1,2766.3,2772.6,3650,GC.v.0
2025-01-27 00:00:00+00:00,34,1,1551,2772.8,2775.9,2771.1,2774.9,2023,GC.v.0
2025-01-27 01:00:00+00:00,34,1,1551,2774.8,2777.8,2767.3,2767.8,4764,GC.v.0
2025-01-27 02:00:00+00:00,34,1,1551,2768.0,2769.1,2757.6,2761.5,6424,GC.v.0
2025-01-27 03:00:00+00:00,34,1,1551,2761.6,2767.6,2760.2,2766.2,2663,GC.v.0
2025-01-27 04:00:00+00:00,34,1,1551,2766.2,2766.2,2760.6,2763.3,1724,GC.v.0
2025-01-27 05:00:00+00:00,34,1,1551,2763.2,2763.2,2758.1,2758.6,2274,GC.v.0
2025-01-27 06:00:00+00:00,34,1,1551,2758.6,2761.5,2755.8,2760.9,2943,GC.v.0
2025-01-27 07:00:00+00:00,34,1,1551,2761.0,2761.5,2752.0,2753.8,5654,GC.v.0
2025-01-27 08:00:00+00:00,34,1,1551,2753.9,2764.4,2753.8,2761.6,5052,GC.v.0
2025-01-27 09:00:00+00:00,34,1,1551,2761.5,2770.5,2760.2,2768.1,5309,GC.v.0
2025-01-27 10:00:00+00:00,34,1,1551,2768.0,2775.8,2767.3,2772.3,7237,GC.v.0
2025-01-27 11:00:00+00:00,34,1,1551,2772.2,2776.4,2769.5,2776.0,7911,GC.v.0
2025-01-27 12:00:00+00:00,34,1,1551,2776.0,2776.5,2765.3,2766.4,7004,GC.v.0
2025-01-27 13:00:00+00:00,34,1,1551,2766.4,2767.3,2756.4,2761.3,10612,GC.v.0
2025-01-27 14:00:00+00:00,34,1,1551,2761.2,2762.0,2747.7,2754.6,14087,GC.v.0
2025-01-27 15:00:00+00:00,34,1,1551,2754.7,2754.7,2742.1,2745.0,14382,GC.v.0
2025-01-27 16:00:00+00:00,34,1,1551,2744.9,2746.7,2734.7,2736.8,11660,GC.v.0
2025-01-27 17:00:00+00:00,34,1,1551,2736.9,2739.1,2732.0,2735.6,9568,GC.v.0
2025-01-27 18:00:00+00:00,34,1,1551,2735.5,2740.1,2734.9,2739.0,5138,GC.v.0
2025-01-27 19:00:00+00:00,34,1,1551,2739.2,2743.0,2738.7,2741.7,3992,GC.v.0
2025-01-27 20:00:00+00:00,34,1,1551,2741.7,2744.2,2740.4,2743.4,2632,GC.v.0
2025-01-27 21:00:00+00:00,34,1,1551,2743.3,2746.3,2742.7,2743.1,1898,GC.v.0
2025-01-27 23:00:00+00:00,34,1,1551,2742.4,2748.6,2742.2,2745.4,2708,GC.v.0
2025-01-28 00:00:00+00:00,34,1,1551,2745.6,2748.0,2743.6,2744.7,1610,GC.v.0
2025-01-28 01:00:00+00:00,34,1,1551,2744.7,2749.7,2742.8,2744.8,2521,GC.v.0
2025-01-28 02:00:00+00:00,34,1,1551,2744.5,2745.2,2741.9,2742.8,1668,GC.v.0
2025-01-28 03:00:00+00:00,34,1,1551,2742.9,2745.4,2740.8,2741.7,1163,GC.v.0
2025-01-28 04:00:00+00:00,34,1,1551,2741.7,2746.6,2741.4,2745.9,1121,GC.v.0
2025-01-28 05:00:00+00:00,34,1,1551,2746.2,2748.7,2744.7,2744.9,1469,GC.v.0
2025-01-28 06:00:00+00:00,34,1,1551,2744.7,2745.9,2741.8,2742.9,1473,GC.v.0
2025-01-28 07:00:00+00:00,34,1,1551,2742.9,2746.7,2741.6,2742.1,1963,GC.v.0
2025-01-28 08:00:00+00:00,34,1,1551,2742.5,2745.5,2737.4,2744.9,4805,GC.v.0
2025-01-28 09:00:00+00:00,34,1,1551,2744.8,2749.1,2744.1,2747.3,3037,GC.v.0
2025-01-28 10:00:00+00:00,34,1,1551,2747.3,2749.6,2745.0,2747.3,3075,GC.v.0
2025-01-28 11:00:00+00:00,34,1,1551,2747.3,2749.3,2746.0,2746.7,2338,GC.v.0
2025-01-28 12:00:00+00:00,34,1,1551,2746.8,2749.3,2745.4,2749.3,2190,GC.v.0
2025-01-28 13:00:00+00:00,34,1,1551,2749.4,2754.5,2749.0,2753.6,8184,GC.v.0
2025-01-28 14:00:00+00:00,34,1,1551,2753.7,2761.3,2753.6,2758.4,11238,GC.v.0
2025-01-28 15:00:00+00:00,34,1,1551,2758.3,2762.8,2756.1,2759.9,8214,GC.v.0
2025-01-28 16:00:00+00:00,34,1,1551,2759.9,2767.4,2759.8,2766.3,7668,GC.v.0
2025-01-28 17:00:00+00:00,34,1,1551,2766.3,2768.9,2764.8,2767.1,6689,GC.v.0
2025-01-28 18:00:00+00:00,34,1,1551,2767.1,2772.8,2766.8,2772.2,5944,GC.v.0
2025-01-28 19:00:00+00:00,34,1,1551,2772.1,2774.0,2771.3,2773.2,2720,GC.v.0
2025-01-28 20:00:00+00:00,34,1,1551,2773.2,2773.6,2770.1,2771.9,3063,GC.v.0
2025-01-28 21:00:00+00:00,34,1,1551,2771.8,2772.0,2770.5,2771.5,812,GC.v.0
2025-01-28 23:00:00+00:00,34,1,1551,2771.6,2771.7,2769.7,2769.8,955,GC.v.0
2025-01-29 00:00:00+00:00,34,1,1551,2769.8,2771.9,2769.5,2771.0,487,GC.v.0
2025-01-29 01:00:00+00:00,34,1,1551,2770.9,2773.8,2770.9,2772.1,579,GC.v.0
2025-01-29 02:00:00+00:00,34,1,1551,2772.0,2773.8,2771.6,2771.9,466,GC.v.0
2025-01-29 03:00:00+00:00,34,1,1551,2771.8,2772.0,2769.6,2770.0,626,GC.v.0
2025-01-29 04:00:00+00:00,34,1,1551,2770.0,2772.4,2769.0,2770.3,547,GC.v.0
2025-01-29 05:00:00+00:00,34,1,1551,2770.3,2770.4,2767.4,2768.0,473,GC.v.0
2025-01-29 06:00:00+00:00,34,1,1551,2768.2,2769.3,2766.0,2766.2,1001,GC.v.0
2025-01-29 07:00:00+00:00,34,1,1551,2766.2,2767.1,2763.7,2765.5,1254,GC.v.0
2025-01-29 08:00:00+00:00,34,1,1551,2765.7,2775.5,2765.5,2772.9,3183,GC.v.0
2025-01-29 09:00:00+00:00,34,1,1551,2772.8,2773.0,2769.1,2770.5,1317,GC.v.0
2025-01-29 10:00:00+00:00,34,1,1551,2770.5,2771.2,2765.3,2766.7,1637,GC.v.0
2025-01-29 11:00:00+00:00,34,1,1551,2766.7,2769.8,2765.9,2769.0,1224,GC.v.0
2025-01-29 12:00:00+00:00,34,1,1551,2768.9,2769.3,2765.7,2769.3,2659,GC.v.0
2025-01-29 13:00:00+00:00,34,1,1551,2769.5,2772.6,2764.7,2772.0,6763,GC.v.0
2025-01-29 14:00:00+00:00,34,1,1551,2772.1,2778.1,2772.1,2776.7,8022,GC.v.0
2025-01-29 15:00:00+00:00,34,1,1551,2776.8,2777.2,2765.5,2772.6,4584,GC.v.0
2025-01-29 16:00:00+00:00,34,1,1551,2772.7,2775.1,2768.8,2770.6,3114,GC.v.0
2025-01-29 17:00:00+00:00,34,1,1551,2770.7,2773.7,2768.4,2769.1,2385,GC.v.0
2025-01-29 18:00:00+00:00,34,1,1551,2769.2,2770.3,2764.9,2768.9,2637,GC.v.0
2025-01-29 19:00:00+00:00,34,1,1551,2768.3,2775.4,2761.0,2773.3,5544,GC.v.0
2025-01-29 20:00:00+00:00,34,1,1551,2773.6,2776.2,2769.3,2769.7,2735,GC.v.0
2025-01-29 21:00:00+00:00,34,1,1551,2769.7,2772.7,2768.5,2772.7,525,GC.v.0
2025-01-29 23:00:00+00:00,34,1,1551,2772.5,2774.6,2771.2,2773.6,174,GC.v.0
2025-01-30 00:00:00+00:00,34,1,1551,2773.7,2775.0,2772.2,2773.6,283,GC.v.0
2025-01-30 01:00:00+00:00,34,1,1551,2773.5,2773.5,2770.0,2771.3,115,GC.v.0
2025-01-30 02:00:00+00:00,34,1,1551,2771.1,2772.7,2770.0,2771.9,124,GC.v.0
2025-01-30 03:00:00+00:00,34,1,1551,2771.5,2773.7,2770.6,2773.4,152,GC.v.0
2025-01-30 04:00:00+00:00,34,1,1551,2773.4,2775.7,2770.7,2771.2,100,GC.v.0
2025-01-30 05:00:00+00:00,34,1,1551,2770.8,2772.1,2770.7,2771.7,167,GC.v.0
2025-01-30 06:00:00+00:00,34,1,1551,2771.4,2779.5,2771.4,2778.3,212,GC.v.0
2025-01-30 07:00:00+00:00,34,1,1551,2778.9,2783.8,2778.0,2782.8,283,GC.v.0
2025-01-30 08:00:00+00:00,34,1,1551,2783.0,2791.2,2782.3,2790.9,1173,GC.v.0
2025-01-30 09:00:00+00:00,34,1,1551,2791.1,2791.5,2786.6,2787.5,540,GC.v.0
2025-01-30 10:00:00+00:00,34,1,1551,2788.2,2795.2,2788.2,2794.3,571,GC.v.0
2025-01-30 11:00:00+00:00,34,1,1551,2794.6,2797.0,2793.6,2796.0,533,GC.v.0
2025-01-30 12:00:00+00:00,34,1,1551,2795.7,2798.5,2793.5,2797.3,753,GC.v.0
2025-01-30 13:00:00+00:00,34,1,1551,2797.3,2807.3,2797.3,2807.1,425,GC.v.0
2025-01-30 14:00:00+00:00,34,1,1551,2807.7,2812.3,2801.9,2812.1,395,GC.v.0
2025-01-30 15:00:00+00:00,34,1,1551,2812.3,2828.0,2811.8,2825.4,925,GC.v.0
2025-01-30 16:00:00+00:00,34,1,1551,2825.7,2827.8,2816.6,2816.6,1137,GC.v.0
2025-01-30 17:00:00+00:00,34,1,1551,2816.6,2822.7,2814.9,2822.6,140,GC.v.0
2025-01-30 18:00:00+00:00,34,1,1551,2824.1,2826.0,2820.7,2823.8,381,GC.v.0
2025-01-30 19:00:00+00:00,34,1,1551,2822.5,2822.5,2820.7,2821.7,117,GC.v.0
2025-01-30 20:00:00+00:00,34,1,1551,2821.5,2827.6,2821.5,2822.4,275,GC.v.0
2025-01-30 21:00:00+00:00,34,1,1551,2827.5,2829.5,2824.5,2829.0,65,GC.v.0
2025-01-30 23:00:00+00:00,34,1,1551,2829.0,2829.0,2829.0,2829.0,1,GC.v.0
2025-01-31 00:00:00+00:00,34,1,19604,2856.5,2859.5,2851.2,2852.6,2972,GC.v.0
2025-01-31 01:00:00+00:00,34,1,19604,2852.7,2853.0,2847.6,2849.3,3367,GC.v.0
2025-01-31 02:00:00+00:00,34,1,19604,2849.3,2851.6,2847.1,2848.4,2414,GC.v.0
2025-01-31 03:00:00+00:00,34,1,19604,2848.4,2852.6,2847.9,2851.2,2069,GC.v.0
2025-01-31 04:00:00+00:00,34,1,19604,2851.1,2851.1,2847.9,2848.9,1328,GC.v.0
2025-01-31 05:00:00+00:00,34,1,19604,2849.1,2849.6,2844.9,2847.1,2087,GC.v.0
2025-01-31 06:00:00+00:00,34,1,19604,2847.0,2849.2,2845.2,2845.8,2245,GC.v.0
2025-01-31 07:00:00+00:00,34,1,19604,2845.7,2850.7,2844.6,2849.8,4721,GC.v.0
2025-01-31 08:00:00+00:00,34,1,19604,2849.8,2851.3,2843.7,2844.9,4177,GC.v.0
2025-01-31 09:00:00+00:00,34,1,19604,2845.0,2849.4,2844.6,2845.7,2782,GC.v.0
2025-01-31 10:00:00+00:00,34,1,19604,2845.7,2846.8,2841.8,2844.4,5049,GC.v.0
2025-01-31 11:00:00+00:00,34,1,19604,2844.2,2844.2,2840.7,2843.0,4964,GC.v.0
2025-01-31 12:00:00+00:00,34,1,19604,2842.9,2848.5,2842.8,2846.1,7417,GC.v.0
2025-01-31 13:00:00+00:00,34,1,19604,2846.1,2849.8,2843.6,2849.5,8005,GC.v.0
2025-01-31 14:00:00+00:00,34,1,19604,2849.5,2856.7,2845.9,2856.4,11687,GC.v.0
2025-01-31 15:00:00+00:00,34,1,19604,2856.5,2862.9,2853.6,2855.1,14665,GC.v.0
2025-01-31 16:00:00+00:00,34,1,19604,2855.4,2856.6,2847.8,2849.7,8106,GC.v.0
2025-01-31 17:00:00+00:00,34,1,19604,2849.8,2852.1,2835.1,2843.1,24861,GC.v.0
2025-01-31 18:00:00+00:00,34,1,19604,2843.1,2846.7,2831.1,2834.2,20542,GC.v.0
2025-01-31 19:00:00+00:00,34,1,19604,2834.2,2835.1,2828.1,2828.6,5501,GC.v.0
2025-01-31 20:00:00+00:00,34,1,19604,2828.6,2831.7,2826.0,2830.4,5333,GC.v.0
2025-01-31 21:00:00+00:00,34,1,19604,2830.3,2834.6,2829.9,2831.5,3391,GC.v.0
2025-02-02 23:00:00+00:00,34,1,19604,2846.5,2861.5,2822.4,2834.1,12830,GC.v.0
2025-02-03 00:00:00+00:00,34,1,19604,2834.3,2838.5,2829.1,2834.2,4233,GC.v.0
2025-02-03 01:00:00+00:00,34,1,19604,2834.2,2834.3,2818.4,2821.1,6747,GC.v.0
2025-02-03 02:00:00+00:00,34,1,19604,2821.0,2821.4,2802.2,2811.5,12425,GC.v.0
2025-02-03 03:00:00+00:00,34,1,19604,2811.6,2813.3,2805.8,2808.2,3905,GC.v.0
2025-02-03 04:00:00+00:00,34,1,19604,2808.3,2816.6,2808.0,2811.7,3379,GC.v.0
2025-02-03 05:00:00+00:00,34,1,19604,2811.6,2816.2,2810.7,2814.1,1798,GC.v.0
2025-02-03 06:00:00+00:00,34,1,19604,2813.9,2819.4,2812.9,2819.0,2712,GC.v.0
2025-02-03 07:00:00+00:00,34,1,19604,2819.1,2824.3,2817.5,2823.6,4617,GC.v.0
2025-02-03 08:00:00+00:00,34,1,19604,2823.8,2833.5,2819.7,2830.0,7513,GC.v.0
2025-02-03 09:00:00+00:00,34,1,19604,2829.9,2835.2,2827.8,2828.9,3546,GC.v.0
2025-02-03 10:00:00+00:00,34,1,19604,2828.8,2832.9,2826.0,2830.4,3681,GC.v.0
2025-02-03 11:00:00+00:00,34,1,19604,2830.4,2836.4,2830.4,2835.3,3303,GC.v.0
2025-02-03 12:00:00+00:00,34,1,19604,2835.4,2847.7,2834.5,2847.5,7497,GC.v.0
2025-02-03 13:00:00+00:00,34,1,19604,2847.7,2852.3,2845.4,2851.6,10518,GC.v.0
2025-02-03 14:00:00+00:00,34,1,19604,2851.7,2872.0,2850.1,2871.1,17104,GC.v.0
2025-02-03 15:00:00+00:00,34,1,19604,2870.5,2871.1,2846.1,2854.8,30358,GC.v.0
2025-02-03 16:00:00+00:00,34,1,19604,2854.5,2864.4,2850.6,2852.9,12880,GC.v.0
2025-02-03 17:00:00+00:00,34,1,19604,2852.8,2862.0,2852.7,2857.2,7054,GC.v.0
2025-02-03 18:00:00+00:00,34,1,19604,2856.7,2861.2,2855.0,2857.3,5591,GC.v.0
2025-02-03 19:00:00+00:00,34,1,19604,2857.2,2861.2,2856.7,2858.0,2793,GC.v.0
2025-02-03 20:00:00+00:00,34,1,19604,2858.1,2859.1,2855.8,2857.1,2446,GC.v.0
2025-02-03 21:00:00+00:00,34,1,19604,2857.0,2858.2,2848.0,2850.7,3899,GC.v.0
2025-02-03 23:00:00+00:00,34,1,19604,2850.4,2850.7,2846.3,2849.7,2228,GC.v.0
2025-02-04 00:00:00+00:00,34,1,19604,2849.7,2850.3,2847.4,2849.1,1743,GC.v.0
2025-02-04 01:00:00+00:00,34,1,19604,2849.2,2858.2,2848.5,2857.0,3150,GC.v.0
2025-02-04 02:00:00+00:00,34,1,19604,2857.0,2857.2,2849.1,2853.2,3007,GC.v.0
2025-02-04 03:00:00+00:00,34,1,19604,2853.2,2856.1,2848.5,2851.8,3244,GC.v.0
2025-02-04 04:00:00+00:00,34,1,19604,2851.8,2852.0,2848.9,2849.4,1233,GC.v.0
2025-02-04 05:00:00+00:00,34,1,19604,2849.5,2849.6,2844.4,2847.6,3353,GC.v.0
2025-02-04 06:00:00+00:00,34,1,19604,2847.4,2847.7,2841.2,2843.1,2886,GC.v.0
2025-02-04 07:00:00+00:00,34,1,19604,2843.2,2845.0,2837.4,2842.1,5055,GC.v.0
2025-02-04 08:00:00+00:00,34,1,19604,2842.2,2848.2,2838.2,2842.6,7156,GC.v.0
2025-02-04 09:00:00+00:00,34,1,19604,2842.7,2848.0,2841.2,2847.4,4120,GC.v.0
2025-02-04 10:00:00+00:00,34,1,19604,2847.3,2847.4,2838.5,2841.2,4417,GC.v.0
2025-02-04 11:00:00+00:00,34,1,19604,2841.2,2843.8,2839.2,2842.1,3063,GC.v.0
2025-02-04 12:00:00+00:00,34,1,19604,2842.0,2849.9,2840.7,2848.8,4656,GC.v.0
2025-02-04 13:00:00+00:00,34,1,19604,2848.8,2867.3,2848.4,2859.7,18084,GC.v.0
2025-02-04 14:00:00+00:00,34,1,19604,2859.5,2874.4,2856.6,2868.7,18928,GC.v.0
2025-02-04 15:00:00+00:00,34,1,19604,2869.3,2874.5,2862.1,2863.9,17972,GC.v.0
2025-02-04 16:00:00+00:00,34,1,19604,2863.9,2872.5,2860.1,2869.7,9599,GC.v.0
2025-02-04 17:00:00+00:00,34,1,19604,2869.7,2877.1,2868.7,2875.7,6829,GC.v.0
2025-02-04 18:00:00+00:00,34,1,19604,2875.6,2876.8,2872.8,2873.7,5592,GC.v.0
2025-02-04 19:00:00+00:00,34,1,19604,2873.8,2875.6,2872.7,2873.7,2689,GC.v.0
2025-02-04 20:00:00+00:00,34,1,19604,2873.5,2875.3,2871.7,2874.2,2655,GC.v.0
2025-02-04 21:00:00+00:00,34,1,19604,2874.2,2875.2,2872.4,2874.2,1468,GC.v.0
2025-02-04 23:00:00+00:00,34,1,19604,2873.7,2874.2,2871.7,2872.0,1489,GC.v.0
2025-02-05 00:00:00+00:00,34,1,19604,2872.1,2876.7,2871.2,2874.3,2904,GC.v.0
2025-02-05 01:00:00+00:00,34,1,19604,2874.2,2879.6,2870.1,2874.7,5725,GC.v.0
2025-02-05 02:00:00+00:00,34,1,19604,2874.7,2882.6,2874.1,2881.0,4402,GC.v.0
2025-02-05 03:00:00+00:00,34,1,19604,2881.3,2884.7,2879.0,2882.5,2396,GC.v.0
2025-02-05 04:00:00+00:00,34,1,19604,2882.6,2886.1,2882.0,2884.3,1939,GC.v.0
2025-02-05 05:00:00+00:00,34,1,19604,2884.4,2887.9,2882.8,2887.1,2507,GC.v.0
2025-02-05 06:00:00+00:00,34,1,19604,2887.0,2888.8,2885.4,2885.7,2563,GC.v.0
2025-02-05 07:00:00+00:00,34,1,19604,2885.8,2890.5,2882.1,2890.5,4126,GC.v.0
2025-02-05 08:00:00+00:00,34,1,19604,2890.3,2896.0,2889.6,2894.0,6370,GC.v.0
2025-02-05 09:00:00+00:00,34,1,19604,2893.9,2898.9,2892.1,2896.3,5238,GC.v.0
2025-02-05 10:00:00+00:00,34,1,19604,2896.4,2901.5,2890.8,2892.5,8329,GC.v.0
2025-02-05 11:00:00+00:00,34,1,19604,2892.5,2895.3,2890.5,2893.1,4244,GC.v.0
2025-02-05 12:00:00+00:00,34,1,19604,2893.1,2896.5,2891.0,2895.2,5245,GC.v.0
2025-02-05 13:00:00+00:00,34,1,19604,2895.2,2895.8,2878.8,2883.7,19358,GC.v.0
2025-02-05 14:00:00+00:00,34,1,19604,2883.6,2895.4,2882.0,2894.0,13659,GC.v.0
2025-02-05 15:00:00+00:00,34,1,19604,2894.2,2906.0,2894.2,2902.2,17804,GC.v.0
2025-02-05 16:00:00+00:00,34,1,19604,2902.1,2903.2,2884.4,2895.9,20950,GC.v.0
2025-02-05 17:00:00+00:00,34,1,19604,2896.1,2898.9,2891.7,2894.5,6328,GC.v.0
2025-02-05 18:00:00+00:00,34,1,19604,2894.5,2895.0,2885.9,2888.2,8435,GC.v.0
2025-02-05 19:00:00+00:00,34,1,19604,2888.1,2889.2,2882.2,2883.4,5707,GC.v.0
2025-02-05 20:00:00+00:00,34,1,19604,2883.2,2885.8,2880.1,2882.2,3869,GC.v.0
2025-02-05 21:00:00+00:00,34,1,19604,2882.1,2885.8,2880.8,2884.8,1583,GC.v.0
2025-02-05 23:00:00+00:00,34,1,19604,2885.0,2886.4,2883.9,2885.2,1560,GC.v.0
2025-02-06 00:00:00+00:00,34,1,19604,2885.3,2888.6,2884.9,2888.3,1486,GC.v.0
2025-02-06 01:00:00+00:00,34,1,19604,2888.5,2890.8,2884.4,2890.5,3705,GC.v.0
2025-02-06 02:00:00+00:00,34,1,19604,2890.4,2893.0,2887.3,2889.0,2681,GC.v.0
2025-02-06 03:00:00+00:00,34,1,19604,2889.0,2889.0,2884.0,2887.0,2623,GC.v.0
2025-02-06 04:00:00+00:00,34,1,19604,2886.9,2889.1,2886.6,2887.2,2013,GC.v.0
2025-02-06 05:00:00+00:00,34,1,19604,2887.4,2888.5,2884.9,2887.2,2325,GC.v.0
2025-02-06 06:00:00+00:00,34,1,19604,2887.2,2890.2,2876.0,2879.2,5515,GC.v.0
2025-02-06 07:00:00+00:00,34,1,19604,2879.2,2882.2,2874.3,2875.6,6149,GC.v.0
2025-02-06 08:00:00+00:00,34,1,19604,2875.7,2880.0,2870.4,2878.9,9151,GC.v.0
2025-02-06 09:00:00+00:00,34,1,19604,2879.0,2882.6,2877.9,2881.7,4842,GC.v.0
2025-02-06 10:00:00+00:00,34,1,19604,2881.6,2884.6,2879.2,2882.1,4285,GC.v.0
2025-02-06 11:00:00+00:00,34,1,19604,2882.0,2889.8,2881.7,2888.7,4991,GC.v.0
2025-02-06 12:00:00+00:00,34,1,19604,2888.7,2894.2,2886.7,2887.5,7873,GC.v.0
2025-02-06 13:00:00+00:00,34,1,19604,2887.6,2889.0,2878.0,2879.2,15062,GC.v.0
2025-02-06 14:00:00+00:00,34,1,19604,2879.2,2884.7,2861.1,2861.9,22740,GC.v.0
2025-02-06 15:00:00+00:00,34,1,19604,2861.8,2877.6,2855.0,2874.0,28099,GC.v.0
2025-02-06 16:00:00+00:00,34,1,19604,2874.1,2878.4,2872.7,2872.7,7721,GC.v.0
2025-02-06 17:00:00+00:00,34,1,19604,2872.7,2877.8,2872.1,2877.5,4383,GC.v.0
2025-02-06 18:00:00+00:00,34,1,19604,2877.5,2878.4,2874.5,2877.6,4463,GC.v.0
2025-02-06 19:00:00+00:00,34,1,19604,2877.6,2878.1,2874.0,2877.9,2135,GC.v.0
2025-02-06 20:00:00+00:00,34,1,19604,2878.0,2882.3,2877.6,2881.4,4031,GC.v.0
2025-02-06 21:00:00+00:00,34,1,19604,2881.4,2881.6,2879.5,2880.1,1115,GC.v.0
2025-02-06 23:00:00+00:00,34,1,19604,2880.2,2882.0,2879.6,2881.5,1424,GC.v.0
2025-02-07 00:00:00+00:00,34,1,19604,2881.7,2884.7,2881.5,2882.5,1870,GC.v.0
2025-02-07 01:00:00+00:00,34,1,19604,2882.6,2891.0,2881.9,2889.5,3801,GC.v.0
2025-02-07 02:00:00+00:00,34,1,19604,2889.7,2891.2,2888.9,2891.0,3430,GC.v.0
2025-02-07 03:00:00+00:00,34,1,19604,2890.9,2892.3,2887.6,2889.5,3160,GC.v.0
2025-02-07 04:00:00+00:00,34,1,19604,2889.5,2890.5,2888.5,2888.8,1679,GC.v.0
2025-02-07 05:00:00+00:00,34,1,19604,2888.9,2889.4,2884.3,2884.8,2087,GC.v.0
2025-02-07 06:00:00+00:00,34,1,19604,2884.6,2888.4,2882.8,2884.2,4435,GC.v.0
2025-02-07 07:00:00+00:00,34,1,19604,2884.2,2889.4,2883.4,2887.5,3007,GC.v.0
2025-02-07 08:00:00+00:00,34,1,19604,2887.6,2890.8,2886.2,2890.2,3977,GC.v.0
2025-02-07 09:00:00+00:00,34,1,19604,2889.9,2897.7,2888.6,2892.5,8324,GC.v.0
2025-02-07 10:00:00+00:00,34,1,19604,2892.6,2893.0,2886.1,2891.8,4466,GC.v.0
2025-02-07 11:00:00+00:00,34,1,19604,2891.9,2893.4,2889.9,2892.4,3268,GC.v.0
2025-02-07 12:00:00+00:00,34,1,19604,2892.3,2892.7,2886.6,2886.7,4969,GC.v.0
2025-02-07 13:00:00+00:00,34,1,19604,2886.7,2893.0,2876.1,2885.6,22226,GC.v.0
2025-02-07 14:00:00+00:00,34,1,19604,2885.5,2904.0,2878.0,2900.3,23217,GC.v.0
2025-02-07 15:00:00+00:00,34,1,19604,2900.3,2910.6,2896.1,2904.4,24953,GC.v.0
2025-02-07 16:00:00+00:00,34,1,19604,2904.9,2905.9,2884.8,2885.2,22451,GC.v.0
2025-02-07 17:00:00+00:00,34,1,19604,2885.1,2887.6,2877.8,2884.6,15193,GC.v.0
2025-02-07 18:00:00+00:00,34,1,19604,2884.5,2890.0,2883.4,2884.6,6790,GC.v.0
2025-02-07 19:00:00+00:00,34,1,19604,2884.7,2887.6,2883.5,2884.5,3486,GC.v.0
2025-02-07 20:00:00+00:00,34,1,19604,2884.6,2887.9,2883.7,2887.0,4120,GC.v.0
2025-02-07 21:00:00+00:00,34,1,19604,2887.1,2889.5,2885.8,2886.1,2093,GC.v.0
2025-02-09 23:00:00+00:00,34,1,19604,2884.8,2895.7,2879.9,2892.4,4149,GC.v.0
2025-02-10 00:00:00+00:00,34,1,19604,2892.3,2896.0,2891.1,2895.0,2296,GC.v.0
2025-02-10 01:00:00+00:00,34,1,19604,2895.2,2902.4,2893.0,2897.5,5470,GC.v.0
2025-02-10 02:00:00+00:00,34,1,19604,2897.4,2901.5,2896.4,2900.8,3417,GC.v.0
2025-02-10 03:00:00+00:00,34,1,19604,2900.8,2902.0,2897.7,2901.8,1734,GC.v.0
2025-02-10 04:00:00+00:00,34,1,19604,2901.8,2904.6,2900.4,2903.8,2860,GC.v.0
2025-02-10 05:00:00+00:00,34,1,19604,2904.0,2906.0,2903.0,2905.9,2818,GC.v.0
2025-02-10 06:00:00+00:00,34,1,19604,2906.0,2916.5,2905.5,2913.8,7040,GC.v.0
2025-02-10 07:00:00+00:00,34,1,19604,2913.8,2922.0,2912.1,2920.4,6649,GC.v.0
2025-02-10 08:00:00+00:00,34,1,19604,2920.4,2927.0,2918.0,2923.8,8374,GC.v.0
2025-02-10 09:00:00+00:00,34,1,19604,2923.8,2929.7,2923.4,2929.0,6697,GC.v.0
2025-02-10 10:00:00+00:00,34,1,19604,2928.9,2932.8,2925.2,2930.8,8139,GC.v.0
2025-02-10 11:00:00+00:00,34,1,19604,2930.9,2932.8,2925.5,2931.5,6715,GC.v.0
2025-02-10 12:00:00+00:00,34,1,19604,2931.4,2934.1,2928.6,2928.8,6943,GC.v.0
2025-02-10 13:00:00+00:00,34,1,19604,2928.9,2937.7,2925.5,2927.7,15085,GC.v.0
2025-02-10 14:00:00+00:00,34,1,19604,2927.7,2933.8,2921.2,2932.9,15692,GC.v.0
2025-02-10 15:00:00+00:00,34,1,19604,2932.8,2938.1,2928.9,2936.5,12532,GC.v.0
2025-02-10 16:00:00+00:00,34,1,19604,2936.4,2937.6,2925.6,2928.4,9992,GC.v.0
2025-02-10 17:00:00+00:00,34,1,19604,2928.4,2932.3,2925.4,2931.1,6678,GC.v.0
2025-02-10 18:00:00+00:00,34,1,19604,2931.1,2936.1,2928.6,2933.7,6865,GC.v.0
2025-02-10 19:00:00+00:00,34,1,19604,2933.5,2935.7,2931.8,2934.2,2627,GC.v.0
2025-02-10 20:00:00+00:00,34,1,19604,2934.3,2935.6,2933.1,2934.8,3972,GC.v.0
2025-02-10 21:00:00+00:00,34,1,19604,2934.9,2937.0,2933.7,2936.8,1635,GC.v.0
2025-02-10 23:00:00+00:00,34,1,19604,2937.0,2947.2,2936.0,2943.2,5916,GC.v.0
2025-02-11 00:00:00+00:00,34,1,19604,2943.3,2949.3,2941.8,2947.6,3696,GC.v.0
2025-02-11 01:00:00+00:00,34,1,19604,2947.7,2960.6,2945.8,2959.1,9804,GC.v.0
2025-02-11 02:00:00+00:00,34,1,19604,2959.0,2968.5,2935.0,2945.7,21004,GC.v.0
2025-02-11 03:00:00+00:00,34,1,19604,2945.6,2953.7,2940.2,2944.6,9398,GC.v.0
2025-02-11 04:00:00+00:00,34,1,19604,2944.7,2946.4,2941.4,2942.6,2731,GC.v.0
2025-02-11 05:00:00+00:00,34,1,19604,2942.6,2949.5,2941.7,2948.3,3057,GC.v.0
2025-02-11 06:00:00+00:00,34,1,19604,2948.5,2953.7,2940.4,2942.7,6724,GC.v.0
2025-02-11 07:00:00+00:00,34,1,19604,2942.8,2944.3,2933.1,2939.1,8087,GC.v.0
2025-02-11 08:00:00+00:00,34,1,19604,2939.0,2941.3,2933.6,2933.9,7859,GC.v.0
2025-02-11 09:00:00+00:00,34,1,19604,2933.9,2939.6,2928.6,2929.1,8157,GC.v.0
2025-02-11 10:00:00+00:00,34,1,19604,2929.0,2934.5,2927.7,2929.1,6473,GC.v.0
2025-02-11 11:00:00+00:00,34,1,19604,2929.0,2933.8,2928.6,2930.2,3825,GC.v.0
2025-02-11 12:00:00+00:00,34,1,19604,2930.4,2930.7,2914.9,2917.0,14234,GC.v.0
2025-02-11 13:00:00+00:00,34,1,19604,2916.6,2925.0,2907.0,2924.0,25271,GC.v.0
2025-02-11 14:00:00+00:00,34,1,19604,2923.8,2930.8,2921.5,2922.4,18405,GC.v.0
2025-02-11 15:00:00+00:00,34,1,19604,2922.3,2934.5,2916.5,2932.7,14812,GC.v.0
2025-02-11 16:00:00+00:00,34,1,19604,2932.8,2935.8,2928.9,2929.5,7695,GC.v.0
2025-02-11 17:00:00+00:00,34,1,19604,2929.4,2933.9,2926.7,2932.3,5105,GC.v.0
2025-02-11 18:00:00+00:00,34,1,19604,2932.3,2935.5,2931.1,2934.9,4429,GC.v.0
2025-02-11 19:00:00+00:00,34,1,19604,2935.0,2935.3,2928.7,2929.7,4179,GC.v.0
2025-02-11 20:00:00+00:00,34,1,19604,2929.6,2930.1,2923.0,2926.0,4820,GC.v.0
2025-02-11 21:00:00+00:00,34,1,19604,2926.1,2928.4,2925.9,2926.5,1782,GC.v.0
2025-02-11 23:00:00+00:00,34,1,19604,2927.0,2927.9,2925.6,2926.8,1395,GC.v.0
2025-02-12 00:00:00+00:00,34,1,19604,2926.9,2927.1,2918.1,2921.2,3222,GC.v.0
2025-02-12 01:00:00+00:00,34,1,19604,2921.1,2924.8,2911.8,2920.8,8015,GC.v.0
2025-02-12 02:00:00+00:00,34,1,19604,2920.8,2925.6,2919.3,2919.4,3803,GC.v.0
2025-02-12 03:00:00+00:00,34,1,19604,2919.3,2920.5,2913.5,2914.7,5472,GC.v.0
2025-02-12 04:00:00+00:00,34,1,19604,2914.7,2917.0,2908.2,2910.5,5052,GC.v.0
2025-02-12 05:00:00+00:00,34,1,19604,2910.5,2913.5,2909.1,2911.5,2585,GC.v.0
2025-02-12 06:00:00+00:00,34,1,19604,2911.4,2920.5,2910.9,2918.9,5262,GC.v.0
2025-02-12 07:00:00+00:00,34,1,19604,2918.9,2920.8,2916.3,2918.1,4318,GC.v.0
2025-02-12 08:00:00+00:00,34,1,19604,2918.1,2919.4,2913.0,2916.6,4414,GC.v.0
2025-02-12 09:00:00+00:00,34,1,19604,2916.4,2917.5,2910.5,2910.9,5098,GC.v.0
2025-02-12 10:00:00+00:00,34,1,19604,2910.9,2916.0,2905.0,2907.4,8643,GC.v.0
2025-02-12 11:00:00+00:00,34,1,19604,2907.2,2911.3,2904.1,2905.6,5743,GC.v.0
2025-02-12 12:00:00+00:00,34,1,19604,2905.6,2912.6,2904.6,2911.6,6395,GC.v.0
2025-02-12 13:00:00+00:00,34,1,19604,2911.6,2912.2,2886.5,2909.8,35152,GC.v.0
2025-02-12 14:00:00+00:00,34,1,19604,2909.6,2925.1,2906.0,2921.1,28702,GC.v.0
2025-02-12 15:00:00+00:00,34,1,19604,2921.2,2923.9,2912.9,2922.5,13483,GC.v.0
2025-02-12 16:00:00+00:00,34,1,19604,2922.3,2931.6,2918.0,2929.6,12165,GC.v.0
2025-02-12 17:00:00+00:00,34,1,19604,2929.6,2936.5,2929.1,2930.8,12163,GC.v.0
2025-02-12 18:00:00+00:00,34,1,19604,2930.8,2931.3,2926.6,2927.3,6839,GC.v.0
2025-02-12 19:00:00+00:00,34,1,19604,2927.4,2928.0,2918.3,2922.2,6860,GC.v.0
2025-02-12 20:00:00+00:00,34,1,19604,2922.2,2926.2,2919.4,2924.5,3566,GC.v.0
2025-02-12 21:00:00+00:00,34,1,19604,2924.7,2929.1,2924.0,2929.0,2102,GC.v.0
2025-02-12 23:00:00+00:00,34,1,19604,2928.8,2930.2,2925.8,2929.5,2376,GC.v.0
2025-02-13 00:00:00+00:00,34,1,19604,2929.5,2934.5,2928.7,2932.5,3196,GC.v.0
2025-02-13 01:00:00+00:00,34,1,19604,2932.3,2934.7,2928.7,2933.3,4555,GC.v.0
2025-02-13 02:00:00+00:00,34,1,19604,2933.5,2937.5,2932.0,2936.7,4778,GC.v.0
2025-02-13 03:00:00+00:00,34,1,19604,2936.8,2946.0,2934.6,2943.8,7834,GC.v.0
2025-02-13 04:00:00+00:00,34,1,19604,2943.9,2947.7,2943.5,2946.7,3068,GC.v.0
2025-02-13 05:00:00+00:00,34,1,19604,2946.8,2950.3,2943.8,2945.9,4755,GC.v.0
2025-02-13 06:00:00+00:00,34,1,19604,2945.8,2946.4,2939.5,2942.8,5971,GC.v.0
2025-02-13 07:00:00+00:00,34,1,19604,2942.9,2946.7,2940.4,2940.6,8765,GC.v.0
2025-02-13 08:00:00+00:00,34,1,19604,2940.7,2944.7,2934.9,2937.1,8217,GC.v.0
2025-02-13 09:00:00+00:00,34,1,19604,2937.2,2944.3,2935.6,2941.8,4594,GC.v.0
2025-02-13 10:00:00+00:00,34,1,19604,2941.7,2946.2,2940.1,2944.8,4470,GC.v.0
2025-02-13 11:00:00+00:00,34,1,19604,2944.7,2945.7,2941.9,2945.6,3662,GC.v.0
2025-02-13 12:00:00+00:00,34,1,19604,2945.7,2949.3,2944.3,2946.5,7012,GC.v.0
2025-02-13 13:00:00+00:00,34,1,19604,2946.5,2946.8,2932.7,2935.6,15917,GC.v.0
2025-02-13 14:00:00+00:00,34,1,19604,2935.8,2945.1,2933.5,2942.9,13095,GC.v.0
2025-02-13 15:00:00+00:00,34,1,19604,2942.8,2949.0,2942.3,2947.8,11529,GC.v.0
2025-02-13 16:00:00+00:00,34,1,19604,2947.8,2948.9,2941.0,2941.6,7582,GC.v.0
2025-02-13 17:00:00+00:00,34,1,19604,2941.6,2948.7,2941.3,2948.5,5541,GC.v.0
2025-02-13 18:00:00+00:00,34,1,19604,2948.5,2953.4,2941.9,2951.9,10047,GC.v.0
2025-02-13 19:00:00+00:00,34,1,19604,2951.9,2955.9,2951.2,2955.5,6206,GC.v.0
2025-02-13 20:00:00+00:00,34,1,19604,2955.5,2958.3,2952.6,2957.3,6215,GC.v.0
2025-02-13 21:00:00+00:00,34,1,19604,2957.4,2958.8,2956.9,2957.2,1702,GC.v.0
2025-02-13 23:00:00+00:00,34,1,19604,2957.3,2960.1,2956.0,2958.1,2201,GC.v.0
2025-02-14 00:00:00+00:00,34,1,19604,2958.0,2958.5,2955.8,2956.4,1842,GC.v.0
2025-02-14 01:00:00+00:00,34,1,19604,2956.4,2964.0,2956.4,2959.1,5185,GC.v.0
2025-02-14 02:00:00+00:00,34,1,19604,2959.0,2959.9,2953.8,2955.8,3506,GC.v.0
2025-02-14 03:00:00+00:00,34,1,19604,2955.9,2959.2,2951.7,2953.4,3371,GC.v.0
2025-02-14 04:00:00+00:00,34,1,19604,2953.2,2956.6,2952.7,2956.2,2059,GC.v.0
2025-02-14 05:00:00+00:00,34,1,19604,2956.3,2959.7,2955.6,2958.8,2532,GC.v.0
2025-02-14 06:00:00+00:00,34,1,19604,2958.8,2963.3,2958.2,2960.7,4839,GC.v.0
2025-02-14 07:00:00+00:00,34,1,19604,2960.7,2961.4,2955.3,2956.5,4977,GC.v.0
2025-02-14 08:00:00+00:00,34,1,19604,2956.5,2962.4,2955.5,2959.5,4706,GC.v.0
2025-02-14 09:00:00+00:00,34,1,19604,2959.2,2962.5,2957.8,2959.3,4327,GC.v.0
2025-02-14 10:00:00+00:00,34,1,19604,2959.4,2964.1,2958.6,2960.6,6418,GC.v.0
2025-02-14 11:00:00+00:00,34,1,19604,2960.6,2961.6,2953.1,2954.4,4487,GC.v.0
2025-02-14 12:00:00+00:00,34,1,19604,2954.4,2956.9,2950.3,2954.1,5838,GC.v.0
2025-02-14 13:00:00+00:00,34,1,19604,2954.2,2955.2,2936.2,2940.3,23742,GC.v.0
2025-02-14 14:00:00+00:00,34,1,19604,2940.3,2948.2,2932.5,2938.9,20836,GC.v.0
2025-02-14 15:00:00+00:00,34,1,19604,2939.2,2939.8,2905.6,2916.7,45866,GC.v.0
2025-02-14 16:00:00+00:00,34,1,19604,2916.6,2919.3,2903.4,2912.2,21756,GC.v.0
2025-02-14 17:00:00+00:00,34,1,19604,2912.3,2913.8,2897.2,2901.7,15148,GC.v.0
2025-02-14 18:00:00+00:00,34,1,19604,2901.7,2902.5,2895.6,2897.0,12632,GC.v.0
2025-02-14 19:00:00+00:00,34,1,19604,2897.1,2899.2,2893.5,2894.8,4452,GC.v.0
2025-02-14 20:00:00+00:00,34,1,19604,2894.7,2897.3,2889.9,2896.5,7294,GC.v.0
2025-02-14 21:00:00+00:00,34,1,19604,2896.4,2897.3,2893.5,2893.7,2615,GC.v.0
2025-02-16 23:00:00+00:00,34,1,19604,2895.1,2904.1,2887.6,2892.4,8162,GC.v.0
2025-02-17 00:00:00+00:00,34,1,19604,2892.5,2898.7,2892.3,2894.4,3600,GC.v.0
2025-02-17 01:00:00+00:00,34,1,19604,2894.4,2908.7,2892.3,2907.1,7868,GC.v.0
2025-02-17 02:00:00+00:00,34,1,19604,2907.1,2912.1,2905.4,2911.8,4084,GC.v.0
2025-02-17 03:00:00+00:00,34,1,19604,2912.0,2916.4,2910.1,2915.1,2709,GC.v.0
2025-02-17 04:00:00+00:00,34,1,19604,2915.0,2915.8,2909.3,2910.7,2937,GC.v.0
2025-02-17 05:00:00+00:00,34,1,19604,2910.4,2916.5,2907.5,2907.6,3422,GC.v.0
2025-02-17 06:00:00+00:00,34,1,19604,2907.6,2910.9,2900.6,2909.0,4790,GC.v.0
2025-02-17 07:00:00+00:00,34,1,19604,2909.0,2915.4,2908.4,2914.3,3535,GC.v.0
2025-02-17 08:00:00+00:00,34,1,19604,2914.4,2914.5,2906.7,2912.0,4236,GC.v.0
2025-02-17 09:00:00+00:00,34,1,19604,2912.3,2919.0,2912.1,2914.3,4904,GC.v.0
2025-02-17 10:00:00+00:00,34,1,19604,2914.1,2915.0,2907.4,2914.1,3712,GC.v.0
2025-02-17 11:00:00+00:00,34,1,19604,2914.1,2915.5,2909.8,2913.0,2569,GC.v.0
2025-02-17 12:00:00+00:00,34,1,19604,2913.1,2913.5,2907.1,2910.1,3804,GC.v.0
2025-02-17 13:00:00+00:00,34,1,19604,2910.0,2911.5,2907.6,2909.4,3375,GC.v.0
2025-02-17 14:00:00+00:00,34,1,19604,2909.4,2917.3,2908.4,2916.6,4368,GC.v.0
2025-02-17 15:00:00+00:00,34,1,19604,2916.7,2917.7,2910.7,2912.1,4676,GC.v.0
2025-02-17 16:00:00+00:00,34,1,19604,2912.2,2914.1,2909.2,2912.9,3094,GC.v.0
2025-02-17 17:00:00+00:00,34,1,19604,2912.8,2913.1,2910.9,2911.6,1205,GC.v.0
2025-02-17 18:00:00+00:00,34,1,19604,2911.6,2912.3,2910.0,2911.0,570,GC.v.0
2025-02-17 19:00:00+00:00,34,1,19604,2911.0,2911.3,2909.5,2911.2,553,GC.v.0
2025-02-17 23:00:00+00:00,34,1,19604,2911.1,2912.2,2909.8,2911.7,970,GC.v.0
2025-02-18 00:00:00+00:00,34,1,19604,2911.7,2913.2,2910.3,2911.4,1422,GC.v.0
2025-02-18 01:00:00+00:00,34,1,19604,2911.3,2912.1,2904.9,2907.8,4261,GC.v.0
2025-02-18 02:00:00+00:00,34,1,19604,2907.9,2918.3,2907.5,2916.2,4891,GC.v.0
2025-02-18 03:00:00+00:00,34,1,19604,2916.4,2924.7,2916.0,2922.2,5248,GC.v.0
2025-02-18 04:00:00+00:00,34,1,19604,2922.1,2923.9,2920.1,2923.7,1316,GC.v.0
2025-02-18 05:00:00+00:00,34,1,19604,2923.9,2928.8,2923.2,2924.4,5500,GC.v.0
2025-02-18 06:00:00+00:00,34,1,19604,2924.2,2927.4,2923.7,2926.2,3166,GC.v.0
2025-02-18 07:00:00+00:00,34,1,19604,2926.3,2928.1,2921.0,2923.8,4286,GC.v.0
2025-02-18 08:00:00+00:00,34,1,19604,2923.9,2925.9,2920.9,2925.3,3967,GC.v.0
2025-02-18 09:00:00+00:00,34,1,19604,2925.4,2926.9,2922.4,2925.5,3074,GC.v.0
2025-02-18 10:00:00+00:00,34,1,19604,2925.6,2926.3,2920.6,2924.7,3450,GC.v.0
2025-02-18 11:00:00+00:00,34,1,19604,2924.6,2927.9,2922.9,2927.5,3076,GC.v.0
2025-02-18 12:00:00+00:00,34,1,19604,2927.5,2932.7,2925.6,2932.0,6496,GC.v.0
2025-02-18 13:00:00+00:00,34,1,19604,2931.8,2937.2,2927.0,2933.6,11200,GC.v.0
2025-02-18 14:00:00+00:00,34,1,19604,2933.6,2946.0,2933.6,2944.9,16600,GC.v.0
2025-02-18 15:00:00+00:00,34,1,19604,2945.1,2947.3,2940.3,2944.8,15402,GC.v.0
2025-02-18 16:00:00+00:00,34,1,19604,2944.7,2952.6,2941.8,2950.9,9650,GC.v.0
2025-02-18 17:00:00+00:00,34,1,19604,2950.9,2951.6,2948.1,2950.3,5436,GC.v.0
2025-02-18 18:00:00+00:00,34,1,19604,2950.4,2953.3,2947.1,2952.7,6668,GC.v.0
2025-02-18 19:00:00+00:00,34,1,19604,2952.6,2956.5,2950.9,2954.8,4328,GC.v.0
2025-02-18 20:00:00+00:00,34,1,19604,2954.9,2955.7,2950.2,2951.3,3808,GC.v.0
2025-02-18 21:00:00+00:00,34,1,19604,2951.2,2955.9,2951.2,2954.4,2083,GC.v.0
2025-02-18 23:00:00+00:00,34,1,19604,2954.1,2955.0,2952.6,2953.3,1242,GC.v.0
2025-02-19 00:00:00+00:00,34,1,19604,2953.4,2953.8,2948.6,2949.0,2763,GC.v.0
2025-02-19 01:00:00+00:00,34,1,19604,2948.8,2959.0,2947.4,2957.4,5867,GC.v.0
2025-02-19 02:00:00+00:00,34,1,19604,2957.5,2958.3,2942.6,2947.8,7771,GC.v.0
2025-02-19 03:00:00+00:00,34,1,19604,2947.8,2948.3,2942.3,2946.5,4303,GC.v.0
2025-02-19 04:00:00+00:00,34,1,19604,2946.5,2947.1,2943.7,2945.9,1618,GC.v.0
2025-02-19 05:00:00+00:00,34,1,19604,2946.0,2951.1,2944.7,2949.8,3727,GC.v.0
2025-02-19 06:00:00+00:00,34,1,19604,2949.7,2952.8,2947.2,2948.4,3289,GC.v.0
2025-02-19 07:00:00+00:00,34,1,19604,2948.3,2953.6,2947.1,2951.7,3787,GC.v.0
2025-02-19 08:00:00+00:00,34,1,19604,2951.7,2957.4,2951.0,2955.8,5420,GC.v.0
2025-02-19 09:00:00+00:00,34,1,19604,2956.0,2964.4,2955.3,2962.6,6425,GC.v.0
2025-02-19 10:00:00+00:00,34,1,19604,2962.6,2964.1,2960.0,2962.3,4000,GC.v.0
2025-02-19 11:00:00+00:00,34,1,19604,2962.1,2963.6,2952.1,2953.0,6693,GC.v.0
2025-02-19 12:00:00+00:00,34,1,19604,2953.2,2955.0,2948.6,2951.1,7852,GC.v.0
2025-02-19 13:00:00+00:00,34,1,19604,2951.3,2960.0,2949.3,2953.2,11515,GC.v.0
2025-02-19 14:00:00+00:00,34,1,19604,2953.3,2957.5,2946.3,2954.9,15954,GC.v.0
2025-02-19 15:00:00+00:00,34,1,19604,2954.8,2956.1,2941.2,2941.6,14956,GC.v.0
2025-02-19 16:00:00+00:00,34,1,19604,2941.8,2948.3,2938.8,2944.5,11482,GC.v.0
2025-02-19 17:00:00+00:00,34,1,19604,2944.3,2946.6,2937.4,2940.6,5931,GC.v.0
2025-02-19 18:00:00+00:00,34,1,19604,2940.4,2942.4,2933.7,2940.7,9603,GC.v.0
2025-02-19 19:00:00+00:00,34,1,19604,2940.7,2948.0,2939.1,2947.3,5773,GC.v.0
2025-02-19 20:00:00+00:00,34,1,19604,2947.3,2951.9,2947.0,2951.1,4078,GC.v.0
2025-02-19 21:00:00+00:00,34,1,19604,2951.3,2952.9,2948.6,2949.6,1760,GC.v.0
2025-02-19 23:00:00+00:00,34,1,19604,2949.5,2951.7,2949.1,2951.0,1011,GC.v.0
2025-02-20 00:00:00+00:00,34,1,19604,2951.1,2957.6,2951.1,2957.4,2886,GC.v.0
2025-02-20 01:00:00+00:00,34,1,19604,2957.2,2959.7,2951.2,2953.7,5958,GC.v.0
2025-02-20 02:00:00+00:00,34,1,19604,2953.9,2959.5,2951.3,2958.6,5396,GC.v.0
2025-02-20 03:00:00+00:00,34,1,19604,2958.6,2961.9,2957.7,2959.7,3698,GC.v.0
2025-02-20 04:00:00+00:00,34,1,19604,2959.6,2959.7,2956.8,2958.1,1821,GC.v.0
2025-02-20 05:00:00+00:00,34,1,19604,2958.2,2963.5,2957.8,2963.5,2799,GC.v.0
2025-02-20 06:00:00+00:00,34,1,19604,2963.5,2966.0,2961.8,2964.8,4954,GC.v.0
2025-02-20 07:00:00+00:00,34,1,19604,2964.5,2973.0,2963.2,2967.3,7350,GC.v.0
2025-02-20 08:00:00+00:00,34,1,19604,2967.1,2972.2,2967.1,2971.9,5238,GC.v.0
2025-02-20 09:00:00+00:00,34,1,19604,2972.0,2973.0,2967.3,2969.4,5135,GC.v.0
2025-02-20 10:00:00+00:00,34,1,19604,2969.4,2973.4,2966.7,2970.6,10860,GC.v.0
2025-02-20 11:00:00+00:00,34,1,19604,2970.7,2971.4,2964.2,2966.2,4220,GC.v.0
2025-02-20 12:00:00+00:00,34,1,19604,2966.3,2968.5,2955.0,2962.8,12677,GC.v.0
2025-02-20 13:00:00+00:00,34,1,19604,2962.7,2965.2,2949.8,2950.8,16796,GC.v.0
2025-02-20 14:00:00+00:00,34,1,19604,2950.9,2956.7,2939.3,2950.6,27439,GC.v.0
2025-02-20 15:00:00+00:00,34,1,19604,2950.7,2956.5,2948.1,2955.2,12792,GC.v.0
2025-02-20 16:00:00+00:00,34,1,19604,2955.2,2962.8,2952.0,2958.9,9244,GC.v.0
2025-02-20 17:00:00+00:00,34,1,19604,2958.7,2963.9,2956.1,2956.6,8936,GC.v.0
2025-02-20 18:00:00+00:00,34,1,19604,2956.6,2958.2,2952.7,2957.4,6268,GC.v.0
2025-02-20 19:00:00+00:00,34,1,19604,2957.5,2957.6,2949.4,2954.1,3797,GC.v.0
2025-02-20 20:00:00+00:00,34,1,19604,2954.2,2954.4,2949.2,2952.8,3713,GC.v.0
2025-02-20 21:00:00+00:00,34,1,19604,2952.8,2956.5,2952.2,2955.6,1653,GC.v.0
2025-02-20 23:00:00+00:00,34,1,19604,2955.7,2959.5,2954.8,2957.8,1534,GC.v.0
2025-02-21 00:00:00+00:00,34,1,19604,2957.6,2958.7,2952.9,2954.9,2040,GC.v.0
2025-02-21 01:00:00+00:00,34,1,19604,2954.8,2964.7,2943.5,2945.4,9902,GC.v.0
2025-02-21 02:00:00+00:00,34,1,19604,2945.4,2956.9,2942.7,2953.4,6425,GC.v.0
2025-02-21 03:00:00+00:00,34,1,19604,2953.4,2954.1,2941.2,2945.2,7907,GC.v.0
2025-02-21 04:00:00+00:00,34,1,19604,2945.1,2946.8,2940.0,2942.5,3141,GC.v.0
2025-02-21 05:00:00+00:00,34,1,19604,2942.4,2947.6,2938.1,2943.7,6074,GC.v.0
2025-02-21 06:00:00+00:00,34,1,19604,2943.6,2945.6,2939.3,2944.0,4024,GC.v.0
2025-02-21 07:00:00+00:00,34,1,19604,2944.1,2948.3,2942.9,2943.9,3046,GC.v.0
2025-02-21 08:00:00+00:00,34,1,19604,2943.7,2945.3,2930.1,2937.1,10565,GC.v.0
2025-02-21 09:00:00+00:00,34,1,19604,2936.9,2943.9,2936.6,2943.4,5506,GC.v.0
2025-02-21 10:00:00+00:00,34,1,19604,2943.4,2945.6,2942.5,2945.3,3047,GC.v.0
2025-02-21 11:00:00+00:00,34,1,19604,2945.2,2950.2,2941.0,2941.7,5588,GC.v.0
2025-02-21 12:00:00+00:00,34,1,19604,2941.8,2950.0,2941.0,2943.6,6609,GC.v.0
2025-02-21 13:00:00+00:00,34,1,19604,2943.7,2948.9,2940.7,2945.1,9063,GC.v.0
2025-02-21 14:00:00+00:00,34,1,19604,2945.1,2954.3,2941.6,2947.6,14143,GC.v.0
2025-02-21 15:00:00+00:00,34,1,19604,2947.9,2949.7,2935.1,2942.5,17752,GC.v.0
2025-02-21 16:00:00+00:00,34,1,19604,2942.5,2953.8,2941.2,2950.4,8553,GC.v.0
2025-02-21 17:00:00+00:00,34,1,19604,2950.7,2956.0,2949.9,2953.9,5776,GC.v.0
2025-02-21 18:00:00+00:00,34,1,19604,2954.0,2959.8,2951.4,2958.5,9077,GC.v.0
2025-02-21 19:00:00+00:00,34,1,19604,2958.4,2959.1,2946.7,2947.4,5646,GC.v.0
2025-02-21 20:00:00+00:00,34,1,19604,2947.3,2951.7,2946.7,2948.4,4745,GC.v.0
2025-02-21 21:00:00+00:00,34,1,19604,2948.2,2952.9,2945.8,2949.6,2257,GC.v.0
2025-02-23 23:00:00+00:00,34,1,19604,2950.4,2955.4,2947.6,2950.0,3018,GC.v.0
2025-02-24 00:00:00+00:00,34,1,19604,2949.9,2952.1,2944.2,2944.4,2776,GC.v.0
2025-02-24 01:00:00+00:00,34,1,19604,2944.6,2945.9,2936.8,2941.7,7009,GC.v.0
2025-02-24 02:00:00+00:00,34,1,19604,2941.6,2953.0,2938.3,2952.8,4591,GC.v.0
2025-02-24 03:00:00+00:00,34,1,19604,2952.8,2957.5,2952.8,2954.7,4162,GC.v.0
2025-02-24 04:00:00+00:00,34,1,19604,2954.9,2956.2,2950.3,2954.0,3100,GC.v.0
2025-02-24 05:00:00+00:00,34,1,19604,2954.1,2954.5,2948.6,2949.4,2214,GC.v.0
2025-02-24 06:00:00+00:00,34,1,19604,2949.2,2956.7,2948.3,2952.1,4001,GC.v.0
2025-02-24 07:00:00+00:00,34,1,19604,2952.1,2958.4,2951.5,2957.5,3473,GC.v.0
2025-02-24 08:00:00+00:00,34,1,19604,2957.7,2963.7,2952.0,2961.1,7285,GC.v.0
2025-02-24 09:00:00+00:00,34,1,19604,2961.1,2963.7,2957.0,2958.7,4561,GC.v.0
2025-02-24 10:00:00+00:00,34,1,19604,2958.9,2959.5,2949.4,2953.9,5273,GC.v.0
2025-02-24 11:00:00+00:00,34,1,19604,2953.9,2962.7,2953.1,2962.2,6603,GC.v.0
2025-02-24 12:00:00+00:00,34,1,19604,2962.2,2966.4,2960.1,2961.8,6386,GC.v.0
2025-02-24 13:00:00+00:00,34,1,19604,2961.9,2971.3,2961.4,2970.9,12452,GC.v.0
2025-02-24 14:00:00+00:00,34,1,19604,2971.1,2974.0,2948.6,2953.4,25649,GC.v.0
2025-02-24 15:00:00+00:00,34,1,19604,2953.3,2956.4,2945.5,2952.6,18012,GC.v.0
2025-02-24 16:00:00+00:00,34,1,19604,2952.6,2960.6,2952.4,2958.8,10675,GC.v.0
2025-02-24 17:00:00+00:00,34,1,19604,2958.8,2960.5,2956.2,2958.5,7270,GC.v.0
2025-02-24 18:00:00+00:00,34,1,19604,2958.4,2964.2,2957.8,2962.7,5245,GC.v.0
2025-02-24 19:00:00+00:00,34,1,19604,2962.8,2965.5,2961.7,2964.3,2547,GC.v.0
2025-02-24 20:00:00+00:00,34,1,19604,2964.3,2966.4,2961.7,2964.8,3337,GC.v.0
2025-02-24 21:00:00+00:00,34,1,19604,2965.0,2969.5,2965.0,2968.9,1969,GC.v.0
2025-02-24 23:00:00+00:00,34,1,19604,2968.5,2970.4,2964.1,2966.0,2616,GC.v.0
2025-02-25 00:00:00+00:00,34,1,19604,2965.9,2968.3,2964.2,2965.2,1716,GC.v.0
2025-02-25 01:00:00+00:00,34,1,19604,2965.4,2968.4,2962.0,2965.6,4848,GC.v.0
2025-02-25 02:00:00+00:00,34,1,19604,2965.5,2968.3,2963.1,2964.6,3440,GC.v.0
2025-02-25 03:00:00+00:00,34,1,19604,2964.6,2965.6,2954.1,2956.3,4770,GC.v.0
2025-02-25 04:00:00+00:00,34,1,19604,2956.4,2956.8,2951.6,2952.8,4289,GC.v.0
2025-02-25 05:00:00+00:00,34,1,19604,2952.6,2956.7,2952.2,2953.3,3464,GC.v.0
2025-02-25 06:00:00+00:00,34,1,19604,2953.2,2953.8,2949.3,2951.1,4493,GC.v.0
2025-02-25 07:00:00+00:00,34,1,19604,2951.0,2955.4,2943.7,2945.4,7635,GC.v.0
2025-02-25 08:00:00+00:00,34,1,19604,2945.4,2956.0,2943.4,2955.2,8360,GC.v.0
2025-02-25 09:00:00+00:00,34,1,19604,2955.1,2956.8,2950.6,2953.2,4289,GC.v.0
2025-02-25 10:00:00+00:00,34,1,19604,2953.2,2956.0,2950.8,2950.9,3711,GC.v.0
2025-02-25 11:00:00+00:00,34,1,19604,2951.1,2954.9,2950.6,2952.2,3484,GC.v.0
2025-02-25 12:00:00+00:00,34,1,19604,2952.3,2955.4,2936.2,2942.1,17175,GC.v.0
2025-02-25 13:00:00+00:00,34,1,19604,2942.2,2952.5,2938.7,2950.8,14155,GC.v.0
2025-02-25 14:00:00+00:00,34,1,19604,2950.9,2959.7,2945.6,2946.5,17702,GC.v.0
2025-02-25 15:00:00+00:00,34,1,19604,2946.3,2948.8,2910.7,2917.8,45337,GC.v.0
2025-02-25 16:00:00+00:00,34,1,19604,2918.1,2919.3,2897.0,2908.4,33853,GC.v.0
2025-02-25 17:00:00+00:00,34,1,19604,2908.4,2922.2,2905.1,2920.9,11765,GC.v.0
2025-02-25 18:00:00+00:00,34,1,19604,2920.9,2925.7,2918.0,2922.2,9950,GC.v.0
2025-02-25 19:00:00+00:00,34,1,19604,2922.1,2925.9,2918.0,2924.3,4612,GC.v.0
2025-02-25 20:00:00+00:00,34,1,19604,2924.0,2926.1,2923.3,2925.5,3070,GC.v.0
2025-02-25 21:00:00+00:00,34,1,19604,2925.4,2930.8,2925.2,2928.6,4045,GC.v.0
2025-02-25 23:00:00+00:00,34,1,19604,2929.0,2932.0,2927.7,2931.6,2543,GC.v.0
2025-02-26 00:00:00+00:00,34,1,19604,2931.6,2938.1,2931.5,2934.4,4710,GC.v.0
2025-02-26 01:00:00+00:00,34,1,19604,2934.3,2942.0,2928.8,2930.7,7994,GC.v.0
2025-02-26 02:00:00+00:00,34,1,19604,2930.9,2935.9,2928.3,2934.5,5477,GC.v.0
2025-02-26 03:00:00+00:00,34,1,19604,2934.4,2935.5,2929.7,2930.7,2235,GC.v.0
2025-02-26 04:00:00+00:00,34,1,19604,2930.5,2932.2,2926.1,2927.8,3166,GC.v.0
2025-02-26 05:00:00+00:00,34,1,19604,2927.8,2933.7,2927.8,2928.2,2691,GC.v.0
2025-02-26 06:00:00+00:00,34,1,19604,2928.1,2929.1,2919.5,2919.6,5006,GC.v.0
2025-02-26 07:00:00+00:00,34,1,19604,2919.5,2929.5,2918.7,2927.2,5129,GC.v.0
2025-02-26 08:00:00+00:00,34,1,19604,2927.3,2932.1,2922.3,2931.3,6419,GC.v.0
2025-02-26 09:00:00+00:00,34,1,19604,2931.4,2932.5,2924.6,2925.7,4343,GC.v.0
2025-02-26 10:00:00+00:00,34,1,19604,2925.7,2930.0,2924.2,2925.3,3288,GC.v.0
2025-02-26 11:00:00+00:00,34,1,19604,2925.1,2929.4,2925.0,2927.5,3040,GC.v.0
2025-02-26 12:00:00+00:00,34,1,19604,2927.4,2929.5,2923.4,2927.7,4468,GC.v.0
2025-02-26 13:00:00+00:00,34,1,19604,2927.7,2929.0,2918.7,2919.3,9447,GC.v.0
2025-02-26 14:00:00+00:00,34,1,19604,2919.3,2919.5,2903.3,2915.2,32369,GC.v.0
2025-02-26 15:00:00+00:00,34,1,19604,2915.0,2928.7,2912.5,2927.9,16312,GC.v.0
2025-02-26 16:00:00+00:00,34,1,19604,2928.0,2932.1,2924.6,2927.4,10774,GC.v.0
2025-02-26 17:00:00+00:00,34,1,19604,2927.4,2931.1,2924.7,2928.5,5963,GC.v.0
2025-02-26 18:00:00+00:00,34,1,19604,2928.5,2931.9,2927.3,2929.4,7232,GC.v.0
2025-02-26 19:00:00+00:00,34,1,19604,2929.4,2931.0,2927.4,2929.2,3190,GC.v.0
2025-02-26 20:00:00+00:00,34,1,19604,2929.0,2931.4,2926.5,2930.7,3394,GC.v.0
2025-02-26 21:00:00+00:00,34,1,19604,2930.8,2933.9,2930.0,2931.7,2460,GC.v.0
2025-02-26 23:00:00+00:00,34,1,19604,2931.4,2935.8,2930.9,2933.9,1729,GC.v.0
2025-02-27 00:00:00+00:00,34,1,19604,2933.8,2933.9,2931.1,2932.0,1878,GC.v.0
2025-02-27 01:00:00+00:00,34,1,19604,2931.8,2933.8,2926.1,2927.1,5008,GC.v.0
2025-02-27 02:00:00+00:00,34,1,19604,2927.4,2929.1,2917.4,2919.1,6462,GC.v.0
2025-02-27 03:00:00+00:00,34,1,19604,2919.1,2922.4,2918.1,2918.5,2516,GC.v.0
2025-02-27 04:00:00+00:00,34,1,19604,2918.5,2919.2,2910.7,2911.8,3869,GC.v.0
2025-02-27 05:00:00+00:00,34,1,19604,2911.9,2913.1,2902.1,2903.6,7884,GC.v.0
2025-02-27 06:00:00+00:00,34,1,19604,2903.8,2910.5,2903.2,2906.3,6170,GC.v.0
2025-02-27 07:00:00+00:00,34,1,19604,2906.2,2908.7,2899.6,2903.6,9052,GC.v.0
2025-02-27 08:00:00+00:00,34,1,19604,2903.6,2903.8,2891.8,2892.8,12287,GC.v.0
2025-02-27 09:00:00+00:00,34,1,19604,2892.6,2907.0,2889.4,2900.4,12567,GC.v.0
2025-02-27 10:00:00+00:00,34,1,19604,2900.4,2908.3,2898.6,2906.0,5941,GC.v.0
2025-02-27 11:00:00+00:00,34,1,19604,2906.1,2908.2,2895.0,2896.0,7851,GC.v.0
2025-02-27 12:00:00+00:00,34,1,19604,2896.1,2902.2,2895.1,2898.0,7332,GC.v.0
2025-02-27 13:00:00+00:00,34,1,19604,2897.7,2904.7,2894.1,2902.1,18378,GC.v.0
2025-02-27 14:00:00+00:00,34,1,19604,2902.1,2906.0,2879.0,2884.2,27309,GC.v.0
2025-02-27 15:00:00+00:00,34,1,19604,2884.4,2895.7,2882.1,2884.2,21466,GC.v.0
2025-02-27 16:00:00+00:00,34,1,19604,2884.3,2891.4,2884.1,2890.6,8479,GC.v.0
2025-02-27 17:00:00+00:00,34,1,19604,2890.8,2895.9,2888.6,2895.2,7380,GC.v.0
2025-02-27 18:00:00+00:00,34,1,19604,2895.0,2899.0,2894.5,2899.0,7172,GC.v.0
2025-02-27 19:00:00+00:00,34,1,19604,2899.0,2899.2,2887.8,2890.6,6193,GC.v.0
2025-02-27 20:00:00+00:00,34,1,19604,2890.6,2890.6,2883.4,2884.5,5646,GC.v.0
2025-02-27 21:00:00+00:00,34,1,19604,2884.7,2888.5,2881.5,2887.8,2569,GC.v.0
2025-02-27 23:00:00+00:00,34,1,19604,2889.0,2889.1,2884.8,2886.2,1736,GC.v.0
2025-02-28 00:00:00+00:00,34,1,19604,2886.1,2891.2,2885.4,2887.2,2076,GC.v.0
2025-02-28 01:00:00+00:00,34,1,19604,2887.3,2896.1,2885.8,2886.8,5837,GC.v.0
2025-02-28 02:00:00+00:00,34,1,19604,2886.7,2890.1,2882.7,2884.7,4946,GC.v.0
2025-02-28 03:00:00+00:00,34,1,19604,2884.8,2888.6,2875.7,2877.6,5939,GC.v.0
2025-02-28 04:00:00+00:00,34,1,19604,2877.7,2878.0,2867.2,2874.2,8573,GC.v.0
2025-02-28 05:00:00+00:00,34,1,19604,2874.0,2879.3,2873.1,2876.1,4753,GC.v.0
2025-02-28 06:00:00+00:00,34,1,19604,2876.2,2878.7,2874.1,2875.2,4081,GC.v.0
2025-02-28 07:00:00+00:00,34,1,19604,2875.1,2877.1,2869.5,2870.4,6522,GC.v.0
2025-02-28 08:00:00+00:00,34,1,19604,2870.2,2872.4,2862.7,2868.2,9002,GC.v.0
2025-02-28 09:00:00+00:00,34,1,19604,2868.1,2876.4,2868.0,2873.7,6328,GC.v.0
2025-02-28 10:00:00+00:00,34,1,19604,2873.8,2876.4,2872.4,2874.5,4586,GC.v.0
2025-02-28 11:00:00+00:00,34,1,19604,2874.6,2875.8,2871.1,2875.2,3728,GC.v.0
2025-02-28 12:00:00+00:00,34,1,19604,2875.3,2877.3,2866.9,2869.2,7397,GC.v.0
2025-02-28 13:00:00+00:00,34,1,19604,2869.2,2875.0,2860.0,2860.5,17255,GC.v.0
2025-02-28 14:00:00+00:00,34,1,19604,2860.6,2864.3,2845.2,2846.4,27156,GC.v.0
2025-02-28 15:00:00+00:00,34,1,19604,2846.2,2862.2,2844.1,2861.7,26675,GC.v.0
2025-02-28 16:00:00+00:00,34,1,19604,2861.8,2866.4,2857.2,2859.4,16327,GC.v.0
2025-02-28 17:00:00+00:00,34,1,19604,2859.4,2862.5,2855.3,2855.3,6575,GC.v.0
2025-02-28 18:00:00+00:00,34,1,19604,2855.5,2858.5,2847.2,2855.8,15506,GC.v.0
2025-02-28 19:00:00+00:00,34,1,19604,2855.8,2861.2,2854.3,2859.2,3974,GC.v.0
2025-02-28 20:00:00+00:00,34,1,19604,2859.2,2864.9,2857.9,2864.4,5371,GC.v.0
2025-02-28 21:00:00+00:00,34,1,19604,2864.6,2869.9,2863.4,2867.3,3142,GC.v.0
2025-03-02 23:00:00+00:00,34,1,19604,2872.0,2888.5,2866.3,2882.5,9812,GC.v.0
2025-03-03 00:00:00+00:00,34,1,19604,2882.5,2882.6,2876.3,2877.1,3766,GC.v.0
2025-03-03 01:00:00+00:00,34,1,19604,2877.1,2884.5,2875.5,2883.1,5226,GC.v.0
2025-03-03 02:00:00+00:00,34,1,19604,2883.2,2884.0,2878.1,2878.5,2831,GC.v.0
2025-03-03 03:00:00+00:00,34,1,19604,2878.4,2878.4,2869.2,2875.7,5869,GC.v.0
2025-03-03 04:00:00+00:00,34,1,19604,2875.8,2878.0,2872.5,2876.6,2366,GC.v.0
2025-03-03 05:00:00+00:00,34,1,19604,2876.6,2876.6,2869.2,2872.6,3570,GC.v.0
2025-03-03 06:00:00+00:00,34,1,19604,2872.4,2875.9,2871.4,2875.4,3035,GC.v.0
2025-03-03 07:00:00+00:00,34,1,19604,2875.6,2876.5,2870.3,2873.3,2745,GC.v.0
2025-03-03 08:00:00+00:00,34,1,19604,2873.3,2879.3,2868.8,2878.5,5988,GC.v.0
2025-03-03 09:00:00+00:00,34,1,19604,2878.8,2881.5,2874.0,2877.6,7508,GC.v.0
2025-03-03 10:00:00+00:00,34,1,19604,2877.7,2884.6,2877.4,2882.4,4258,GC.v.0
2025-03-03 11:00:00+00:00,34,1,19604,2882.4,2886.2,2881.9,2884.6,3880,GC.v.0
2025-03-03 12:00:00+00:00,34,1,19604,2884.5,2888.7,2884.0,2886.5,6812,GC.v.0
2025-03-03 13:00:00+00:00,34,1,19604,2886.4,2887.0,2879.6,2883.1,12523,GC.v.0
2025-03-03 14:00:00+00:00,34,1,19604,2882.9,2895.0,2881.4,2888.6,16458,GC.v.0
2025-03-03 15:00:00+00:00,34,1,19604,2888.4,2901.4,2884.7,2898.8,19805,GC.v.0
2025-03-03 16:00:00+00:00,34,1,19604,2898.8,2904.2,2895.8,2901.9,9081,GC.v.0
2025-03-03 17:00:00+00:00,34,1,19604,2901.8,2904.1,2897.5,2901.5,8126,GC.v.0
2025-03-03 18:00:00+00:00,34,1,19604,2901.5,2902.8,2896.4,2900.3,7878,GC.v.0
2025-03-03 19:00:00+00:00,34,1,19604,2900.1,2901.6,2889.4,2891.3,5911,GC.v.0
2025-03-03 20:00:00+00:00,34,1,19604,2891.3,2902.1,2887.8,2901.3,7716,GC.v.0
2025-03-03 21:00:00+00:00,34,1,19604,2901.4,2906.4,2901.0,2904.1,3708,GC.v.0
2025-03-03 23:00:00+00:00,34,1,19604,2904.2,2904.4,2901.1,2901.5,1691,GC.v.0
2025-03-04 00:00:00+00:00,34,1,19604,2901.5,2904.2,2900.0,2902.4,2389,GC.v.0
2025-03-04 01:00:00+00:00,34,1,19604,2902.4,2903.9,2892.5,2899.3,7299,GC.v.0
2025-03-04 02:00:00+00:00,34,1,19604,2899.4,2900.9,2895.2,2895.6,3737,GC.v.0
2025-03-04 03:00:00+00:00,34,1,19604,2895.5,2904.0,2894.8,2898.7,5252,GC.v.0
2025-03-04 04:00:00+00:00,34,1,19604,2898.6,2902.9,2896.3,2901.0,2144,GC.v.0
2025-03-04 05:00:00+00:00,34,1,19604,2901.0,2904.7,2898.5,2899.6,2993,GC.v.0
2025-03-04 06:00:00+00:00,34,1,19604,2899.5,2899.9,2895.2,2897.6,3275,GC.v.0
2025-03-04 07:00:00+00:00,34,1,19604,2897.8,2910.8,2897.1,2909.3,7213,GC.v.0
2025-03-04 08:00:00+00:00,34,1,19604,2909.2,2929.7,2906.1,2924.7,18072,GC.v.0
2025-03-04 09:00:00+00:00,34,1,19604,2925.0,2931.9,2922.7,2928.9,8187,GC.v.0
2025-03-04 10:00:00+00:00,34,1,19604,2929.0,2929.1,2922.2,2924.6,6646,GC.v.0
2025-03-04 11:00:00+00:00,34,1,19604,2924.4,2932.0,2922.8,2931.3,5708,GC.v.0
2025-03-04 12:00:00+00:00,34,1,19604,2931.2,2937.1,2929.1,2936.5,10410,GC.v.0
2025-03-04 13:00:00+00:00,34,1,19604,2936.6,2939.8,2930.7,2933.7,15173,GC.v.0
2025-03-04 14:00:00+00:00,34,1,19604,2933.8,2934.6,2913.8,2914.0,20688,GC.v.0
2025-03-04 15:00:00+00:00,34,1,19604,2913.9,2923.4,2910.6,2916.4,20482,GC.v.0
2025-03-04 16:00:00+00:00,34,1,19604,2916.3,2926.5,2914.0,2926.2,9882,GC.v.0
2025-03-04 17:00:00+00:00,34,1,19604,2926.2,2927.9,2921.6,2922.1,5029,GC.v.0
2025-03-04 18:00:00+00:00,34,1,19604,2922.0,2926.1,2919.0,2921.8,5551,GC.v.0
2025-03-04 19:00:00+00:00,34,1,19604,2921.7,2927.3,2921.5,2926.8,3070,GC.v.0
2025-03-04 20:00:00+00:00,34,1,19604,2926.7,2931.5,2925.4,2928.7,5192,GC.v.0
2025-03-04 21:00:00+00:00,34,1,19604,2928.5,2929.7,2924.2,2928.2,1854,GC.v.0
2025-03-04 23:00:00+00:00,34,1,19604,2929.0,2929.8,2925.0,2925.5,1193,GC.v.0
2025-03-05 00:00:00+00:00,34,1,19604,2925.4,2927.0,2922.7,2924.0,2162,GC.v.0
2025-03-05 01:00:00+00:00,34,1,19604,2924.2,2925.0,2914.5,2917.7,7379,GC.v.0
2025-03-05 02:00:00+00:00,34,1,19604,2917.6,2924.6,2912.5,2915.0,5639,GC.v.0
2025-03-05 03:00:00+00:00,34,1,19604,2914.9,2923.9,2913.8,2919.5,4453,GC.v.0
2025-03-05 04:00:00+00:00,34,1,19604,2919.4,2923.3,2919.2,2920.6,1823,GC.v.0
2025-03-05 05:00:00+00:00,34,1,19604,2920.6,2929.3,2920.2,2929.1,3374,GC.v.0
2025-03-05 06:00:00+00:00,34,1,19604,2929.3,2932.6,2924.5,2927.4,4408,GC.v.0
2025-03-05 07:00:00+00:00,34,1,19604,2927.6,2930.5,2923.5,2928.7,4356,GC.v.0
2025-03-05 08:00:00+00:00,34,1,19604,2928.5,2932.3,2927.0,2931.0,5980,GC.v.0
2025-03-05 09:00:00+00:00,34,1,19604,2930.9,2933.7,2924.5,2929.8,5145,GC.v.0
2025-03-05 10:00:00+00:00,34,1,19604,2929.8,2930.2,2919.2,2923.4,5465,GC.v.0
2025-03-05 11:00:00+00:00,34,1,19604,2923.2,2928.0,2922.8,2924.0,4608,GC.v.0
2025-03-05 12:00:00+00:00,34,1,19604,2924.1,2930.1,2923.2,2926.5,5942,GC.v.0
2025-03-05 13:00:00+00:00,34,1,19604,2926.6,2927.6,2903.4,2910.1,22098,GC.v.0
2025-03-05 14:00:00+00:00,34,1,19604,2910.0,2927.9,2907.4,2921.9,19611,GC.v.0
2025-03-05 15:00:00+00:00,34,1,19604,2921.7,2934.4,2915.1,2927.7,19510,GC.v.0
2025-03-05 16:00:00+00:00,34,1,19604,2927.6,2941.3,2925.3,2933.7,14735,GC.v.0
2025-03-05 17:00:00+00:00,34,1,19604,2933.9,2935.3,2922.3,2925.7,11928,GC.v.0
2025-03-05 18:00:00+00:00,34,1,19604,2925.6,2930.0,2920.1,2926.8,8372,GC.v.0
2025-03-05 19:00:00+00:00,34,1,19604,2926.7,2931.0,2925.2,2930.1,2654,GC.v.0
2025-03-05 20:00:00+00:00,34,1,19604,2930.1,2932.4,2928.6,2931.6,2243,GC.v.0
2025-03-05 21:00:00+00:00,34,1,19604,2931.7,2931.8,2927.5,2929.0,1532,GC.v.0
2025-03-05 23:00:00+00:00,34,1,19604,2929.5,2929.8,2926.6,2927.3,1231,GC.v.0
2025-03-06 00:00:00+00:00,34,1,19604,2927.4,2929.2,2925.0,2925.1,1907,GC.v.0
2025-03-06 01:00:00+00:00,34,1,19604,2925.1,2935.3,2924.0,2933.3,3702,GC.v.0
2025-03-06 02:00:00+00:00,34,1,19604,2933.4,2935.9,2931.1,2934.8,3223,GC.v.0
2025-03-06 03:00:00+00:00,34,1,19604,2934.9,2935.0,2928.3,2929.8,2065,GC.v.0
2025-03-06 04:00:00+00:00,34,1,19604,2929.9,2930.3,2925.5,2926.5,1799,GC.v.0
2025-03-06 05:00:00+00:00,34,1,19604,2926.3,2928.6,2922.8,2927.6,3824,GC.v.0
2025-03-06 06:00:00+00:00,34,1,19604,2927.6,2931.0,2927.3,2928.5,2980,GC.v.0
2025-03-06 07:00:00+00:00,34,1,19604,2928.5,2930.4,2916.7,2917.2,12021,GC.v.0
2025-03-06 08:00:00+00:00,34,1,19604,2917.1,2919.0,2908.2,2912.7,11784,GC.v.0
2025-03-06 09:00:00+00:00,34,1,19604,2912.5,2912.8,2897.6,2901.2,11689,GC.v.0
2025-03-06 10:00:00+00:00,34,1,19604,2901.2,2913.5,2899.5,2907.1,8446,GC.v.0
2025-03-06 11:00:00+00:00,34,1,19604,2907.1,2915.9,2906.2,2913.9,4575,GC.v.0
2025-03-06 12:00:00+00:00,34,1,19604,2913.8,2914.7,2906.5,2910.7,7008,GC.v.0
2025-03-06 13:00:00+00:00,34,1,19604,2910.5,2917.0,2908.0,2912.5,11736,GC.v.0
2025-03-06 14:00:00+00:00,34,1,19604,2912.4,2925.5,2911.2,2923.6,13513,GC.v.0
2025-03-06 15:00:00+00:00,34,1,19604,2923.8,2931.8,2916.9,2922.8,17750,GC.v.0
2025-03-06 16:00:00+00:00,34,1,19604,2923.1,2927.0,2919.9,2925.6,6551,GC.v.0
2025-03-06 17:00:00+00:00,34,1,19604,2925.5,2929.8,2921.4,2923.0,6929,GC.v.0
2025-03-06 18:00:00+00:00,34,1,19604,2923.0,2929.1,2921.8,2924.3,6045,GC.v.0
2025-03-06 19:00:00+00:00,34,1,19604,2924.6,2925.8,2919.8,2922.0,3679,GC.v.0
2025-03-06 20:00:00+00:00,34,1,19604,2921.7,2924.5,2916.9,2917.4,3555,GC.v.0
2025-03-06 21:00:00+00:00,34,1,19604,2917.4,2919.9,2916.1,2919.8,1612,GC.v.0
2025-03-06 23:00:00+00:00,34,1,19604,2919.2,2920.6,2916.8,2917.1,1531,GC.v.0
2025-03-07 00:00:00+00:00,34,1,19604,2917.1,2917.3,2905.3,2913.0,4941,GC.v.0
2025-03-07 01:00:00+00:00,34,1,19604,2912.9,2917.5,2909.2,2915.0,4454,GC.v.0
2025-03-07 02:00:00+00:00,34,1,19604,2914.8,2916.5,2909.5,2915.0,3894,GC.v.0
2025-03-07 03:00:00+00:00,34,1,19604,2914.9,2915.6,2911.0,2912.5,2785,GC.v.0
2025-03-07 04:00:00+00:00,34,1,19604,2912.4,2915.3,2911.8,2913.2,2029,GC.v.0
2025-03-07 05:00:00+00:00,34,1,19604,2913.3,2919.7,2913.0,2917.1,2786,GC.v.0
2025-03-07 06:00:00+00:00,34,1,19604,2917.1,2921.7,2914.9,2920.6,2665,GC.v.0
2025-03-07 07:00:00+00:00,34,1,19604,2920.5,2925.0,2919.1,2924.8,3061,GC.v.0
2025-03-07 08:00:00+00:00,34,1,19604,2924.8,2931.2,2923.2,2930.4,5349,GC.v.0
2025-03-07 09:00:00+00:00,34,1,19604,2930.2,2930.7,2927.7,2929.1,3137,GC.v.0
2025-03-07 10:00:00+00:00,34,1,19604,2929.0,2929.6,2923.5,2926.0,4305,GC.v.0
2025-03-07 11:00:00+00:00,34,1,19604,2925.9,2930.1,2923.8,2926.2,3089,GC.v.0
2025-03-07 12:00:00+00:00,34,1,19604,2926.3,2930.3,2925.1,2925.9,4057,GC.v.0
2025-03-07 13:00:00+00:00,34,1,19604,2925.9,2933.9,2916.6,2920.5,22058,GC.v.0
2025-03-07 14:00:00+00:00,34,1,19604,2920.4,2937.4,2909.2,2934.9,24581,GC.v.0
2025-03-07 15:00:00+00:00,34,1,19604,2934.8,2938.8,2916.2,2923.7,28082,GC.v.0
2025-03-07 16:00:00+00:00,34,1,19604,2923.6,2928.0,2919.3,2922.0,14784,GC.v.0
2025-03-07 17:00:00+00:00,34,1,19604,2922.2,2924.4,2913.0,2916.3,13519,GC.v.0
2025-03-07 18:00:00+00:00,34,1,19604,2916.3,2917.3,2909.6,2915.3,10797,GC.v.0
2025-03-07 19:00:00+00:00,34,1,19604,2915.5,2918.2,2912.6,2913.3,3847,GC.v.0
2025-03-07 20:00:00+00:00,34,1,19604,2913.3,2919.7,2912.9,2918.2,3771,GC.v.0
2025-03-07 21:00:00+00:00,34,1,19604,2918.5,2920.2,2916.9,2917.7,1721,GC.v.0
2025-03-09 22:00:00+00:00,34,1,19604,2919.6,2923.3,2917.4,2919.1,1797,GC.v.0
2025-03-09 23:00:00+00:00,34,1,19604,2919.1,2925.1,2918.6,2924.3,1612,GC.v.0
2025-03-10 00:00:00+00:00,34,1,19604,2924.3,2926.4,2920.3,2920.9,2776,GC.v.0
2025-03-10 01:00:00+00:00,34,1,19604,2920.9,2925.7,2918.0,2918.7,3566,GC.v.0
2025-03-10 02:00:00+00:00,34,1,19604,2918.8,2921.0,2915.7,2917.9,2698,GC.v.0
2025-03-10 03:00:00+00:00,34,1,19604,2917.8,2919.8,2914.0,2916.8,3008,GC.v.0
2025-03-10 04:00:00+00:00,34,1,19604,2916.8,2918.8,2916.2,2917.0,921,GC.v.0
2025-03-10 05:00:00+00:00,34,1,19604,2917.0,2918.2,2913.1,2916.1,1966,GC.v.0
2025-03-10 06:00:00+00:00,34,1,19604,2916.2,2920.6,2916.0,2920.3,2870,GC.v.0
2025-03-10 07:00:00+00:00,34,1,19604,2920.4,2921.9,2909.8,2915.0,5774,GC.v.0
2025-03-10 08:00:00+00:00,34,1,19604,2915.0,2917.3,2904.1,2904.4,7286,GC.v.0
2025-03-10 09:00:00+00:00,34,1,19604,2904.4,2922.0,2902.9,2918.1,10275,GC.v.0
2025-03-10 10:00:00+00:00,34,1,19604,2918.1,2918.2,2904.3,2910.0,9158,GC.v.0
2025-03-10 11:00:00+00:00,34,1,19604,2909.9,2911.2,2901.8,2910.6,7054,GC.v.0
2025-03-10 12:00:00+00:00,34,1,19604,2910.4,2914.7,2906.2,2913.3,9891,GC.v.0
2025-03-10 13:00:00+00:00,34,1,19604,2913.3,2914.9,2903.5,2910.0,12651,GC.v.0
2025-03-10 14:00:00+00:00,34,1,19604,2910.0,2915.9,2907.1,2915.0,11368,GC.v.0
2025-03-10 15:00:00+00:00,34,1,19604,2915.2,2917.5,2906.4,2911.1,10913,GC.v.0
2025-03-10 16:00:00+00:00,34,1,19604,2911.2,2913.8,2901.6,2901.8,9871,GC.v.0
2025-03-10 17:00:00+00:00,34,1,19604,2901.7,2902.0,2887.0,2892.1,24886,GC.v.0
2025-03-10 18:00:00+00:00,34,1,19604,2891.9,2895.0,2885.2,2890.9,8621,GC.v.0
2025-03-10 19:00:00+00:00,34,1,19604,2890.7,2896.5,2885.4,2890.6,9358,GC.v.0
2025-03-10 20:00:00+00:00,34,1,19604,2890.5,2894.2,2889.4,2893.3,1984,GC.v.0
2025-03-10 22:00:00+00:00,34,1,19604,2893.2,2894.4,2888.6,2889.3,1581,GC.v.0
2025-03-10 23:00:00+00:00,34,1,19604,2889.2,2890.5,2887.0,2889.1,2224,GC.v.0
2025-03-11 00:00:00+00:00,34,1,19604,2889.3,2892.8,2888.1,2890.9,2984,GC.v.0
2025-03-11 01:00:00+00:00,34,1,19604,2890.9,2894.4,2882.5,2892.7,6653,GC.v.0
2025-03-11 02:00:00+00:00,34,1,19604,2893.1,2903.9,2892.6,2902.6,5979,GC.v.0
2025-03-11 03:00:00+00:00,34,1,19604,2902.6,2903.0,2898.7,2900.2,2093,GC.v.0
2025-03-11 04:00:00+00:00,34,1,19604,2900.4,2902.9,2899.0,2901.8,1195,GC.v.0
2025-03-11 05:00:00+00:00,34,1,19604,2901.8,2903.2,2896.1,2899.7,3097,GC.v.0
2025-03-11 06:00:00+00:00,34,1,19604,2899.8,2907.4,2897.8,2907.1,4419,GC.v.0
2025-03-11 07:00:00+00:00,34,1,19604,2906.9,2907.9,2901.5,2905.0,5716,GC.v.0
2025-03-11 08:00:00+00:00,34,1,19604,2905.2,2915.3,2904.4,2914.5,9010,GC.v.0
2025-03-11 09:00:00+00:00,34,1,19604,2914.6,2917.8,2913.3,2916.8,5111,GC.v.0
2025-03-11 10:00:00+00:00,34,1,19604,2916.9,2920.0,2915.7,2916.9,5232,GC.v.0
2025-03-11 11:00:00+00:00,34,1,19604,2916.9,2920.9,2915.5,2919.1,5197,GC.v.0
2025-03-11 12:00:00+00:00,34,1,19604,2919.2,2922.3,2915.8,2918.4,10929,GC.v.0
2025-03-11 13:00:00+00:00,34,1,19604,2918.4,2929.0,2912.1,2924.0,26316,GC.v.0
2025-03-11 14:00:00+00:00,34,1,19604,2923.9,2927.8,2917.3,2920.6,12395,GC.v.0
2025-03-11 15:00:00+00:00,34,1,19604,2920.7,2926.9,2920.4,2922.8,9376,GC.v.0
2025-03-11 16:00:00+00:00,34,1,19604,2922.7,2924.4,2921.3,2923.3,4558,GC.v.0
2025-03-11 17:00:00+00:00,34,1,19604,2923.1,2926.7,2919.9,2923.8,6952,GC.v.0
2025-03-11 18:00:00+00:00,34,1,19604,2923.8,2925.4,2920.8,2923.9,3599,GC.v.0
2025-03-11 19:00:00+00:00,34,1,19604,2923.9,2927.8,2923.2,2925.2,3510,GC.v.0
2025-03-11 20:00:00+00:00,34,1,19604,2925.4,2926.1,2922.0,2922.8,2438,GC.v.0
2025-03-11 22:00:00+00:00,34,1,19604,2922.3,2924.5,2921.2,2923.4,1624,GC.v.0
2025-03-11 23:00:00+00:00,34,1,19604,2923.3,2925.4,2922.1,2922.3,1249,GC.v.0
2025-03-12 00:00:00+00:00,34,1,19604,2922.4,2922.4,2918.5,2920.4,2080,GC.v.0
2025-03-12 01:00:00+00:00,34,1,19604,2920.3,2924.0,2917.3,2921.0,2383,GC.v.0
2025-03-12 02:00:00+00:00,34,1,19604,2920.9,2924.1,2920.0,2921.7,1740,GC.v.0
2025-03-12 03:00:00+00:00,34,1,19604,2921.8,2925.8,2920.5,2920.6,1811,GC.v.0
2025-03-12 04:00:00+00:00,34,1,19604,2920.7,2921.5,2918.5,2920.3,1671,GC.v.0
2025-03-12 05:00:00+00:00,34,1,19604,2920.3,2922.5,2917.8,2921.5,1834,GC.v.0
2025-03-12 06:00:00+00:00,34,1,19604,2921.6,2925.9,2916.8,2917.3,5257,GC.v.0
2025-03-12 07:00:00+00:00,34,1,19604,2917.2,2921.2,2914.1,2919.7,4294,GC.v.0
2025-03-12 08:00:00+00:00,34,1,19604,2919.7,2927.7,2919.2,2927.5,4902,GC.v.0
2025-03-12 09:00:00+00:00,34,1,19604,2927.7,2931.5,2919.5,2920.9,8095,GC.v.0
2025-03-12 10:00:00+00:00,34,1,19604,2920.9,2923.1,2918.4,2920.1,3197,GC.v.0
2025-03-12 11:00:00+00:00,34,1,19604,2919.9,2922.2,2918.3,2920.9,2987,GC.v.0
2025-03-12 12:00:00+00:00,34,1,19604,2920.8,2929.5,2917.1,2923.5,15121,GC.v.0
2025-03-12 13:00:00+00:00,34,1,19604,2923.4,2925.4,2911.0,2921.0,22368,GC.v.0
2025-03-12 14:00:00+00:00,34,1,19604,2920.9,2929.9,2919.9,2929.0,12712,GC.v.0
2025-03-12 15:00:00+00:00,34,1,19604,2929.0,2937.3,2928.5,2935.7,13945,GC.v.0
2025-03-12 16:00:00+00:00,34,1,19604,2935.8,2947.7,2934.8,2943.9,17407,GC.v.0
2025-03-12 17:00:00+00:00,34,1,19604,2943.8,2948.9,2943.4,2944.0,10100,GC.v.0
2025-03-12 18:00:00+00:00,34,1,19604,2943.8,2944.9,2941.4,2943.3,5455,GC.v.0
2025-03-12 19:00:00+00:00,34,1,19604,2943.3,2943.7,2939.3,2939.9,5231,GC.v.0
2025-03-12 20:00:00+00:00,34,1,19604,2940.0,2943.7,2939.3,2943.4,2503,GC.v.0
2025-03-12 22:00:00+00:00,34,1,19604,2943.3,2945.9,2942.5,2945.0,2247,GC.v.0
2025-03-12 23:00:00+00:00,34,1,19604,2944.9,2946.5,2942.4,2945.2,2372,GC.v.0
2025-03-13 00:00:00+00:00,34,1,19604,2945.2,2946.7,2944.9,2946.0,1465,GC.v.0
2025-03-13 01:00:00+00:00,34,1,19604,2946.2,2950.0,2945.0,2946.3,4604,GC.v.0
2025-03-13 02:00:00+00:00,34,1,19604,2946.1,2953.8,2945.8,2952.5,4604,GC.v.0
2025-03-13 03:00:00+00:00,34,1,19604,2952.5,2956.5,2951.2,2954.6,3181,GC.v.0
2025-03-13 04:00:00+00:00,34,1,19604,2954.6,2955.5,2952.1,2953.3,2118,GC.v.0
2025-03-13 05:00:00+00:00,34,1,19604,2953.2,2953.7,2947.4,2949.4,4635,GC.v.0
2025-03-13 06:00:00+00:00,34,1,19604,2949.2,2949.6,2945.1,2946.9,4236,GC.v.0
2025-03-13 07:00:00+00:00,34,1,19604,2946.8,2947.6,2942.2,2944.9,4293,GC.v.0
2025-03-13 08:00:00+00:00,34,1,19604,2944.8,2954.7,2944.4,2950.9,7908,GC.v.0
2025-03-13 09:00:00+00:00,34,1,19604,2950.7,2957.5,2950.2,2956.5,4974,GC.v.0
2025-03-13 10:00:00+00:00,34,1,19604,2956.7,2957.5,2951.7,2953.2,4237,GC.v.0
2025-03-13 11:00:00+00:00,34,1,19604,2953.4,2958.0,2953.3,2955.2,4527,GC.v.0
2025-03-13 12:00:00+00:00,34,1,19604,2955.2,2958.9,2950.2,2951.8,11680,GC.v.0
2025-03-13 13:00:00+00:00,34,1,19604,2951.7,2963.3,2947.6,2960.1,15793,GC.v.0
2025-03-13 14:00:00+00:00,34,1,19604,2960.1,2984.6,2959.5,2980.6,31495,GC.v.0
2025-03-13 15:00:00+00:00,34,1,19604,2980.8,2990.9,2977.2,2989.4,28633,GC.v.0
2025-03-13 16:00:00+00:00,34,1,19604,2989.4,2998.5,2988.6,2992.0,18959,GC.v.0
2025-03-13 17:00:00+00:00,34,1,19604,2992.1,2994.7,2988.8,2991.8,9829,GC.v.0
2025-03-13 18:00:00+00:00,34,1,19604,2991.6,2997.1,2991.1,2996.6,5992,GC.v.0
2025-03-13 19:00:00+00:00,34,1,19604,2996.6,2999.7,2993.9,2995.2,8217,GC.v.0
2025-03-13 20:00:00+00:00,34,1,19604,2995.0,3001.5,2993.2,3001.3,4473,GC.v.0
2025-03-13 22:00:00+00:00,34,1,19604,3001.4,3003.0,2996.1,2999.6,2643,GC.v.0
2025-03-13 23:00:00+00:00,34,1,19604,2999.5,3001.3,2997.3,2998.7,1606,GC.v.0
2025-03-14 00:00:00+00:00,34,1,19604,2998.3,3001.8,2997.0,2999.5,2859,GC.v.0
2025-03-14 01:00:00+00:00,34,1,19604,2999.6,3003.9,2994.8,3001.3,6688,GC.v.0
2025-03-14 02:00:00+00:00,34,1,19604,3001.2,3002.9,2996.8,2996.9,4178,GC.v.0
2025-03-14 03:00:00+00:00,34,1,19604,2997.1,3004.6,2996.8,3004.1,2626,GC.v.0
2025-03-14 04:00:00+00:00,34,1,19604,3004.2,3005.9,2997.3,2998.5,4251,GC.v.0
2025-03-14 05:00:00+00:00,34,1,19604,2998.5,2999.7,2995.0,2999.6,4119,GC.v.0
2025-03-14 06:00:00+00:00,34,1,19604,2999.4,3000.9,2994.6,2998.2,4163,GC.v.0
2025-03-14 07:00:00+00:00,34,1,19604,2998.2,3000.9,2994.3,3000.6,4090,GC.v.0
2025-03-14 08:00:00+00:00,34,1,19604,3000.6,3006.7,2998.8,3005.8,6869,GC.v.0
2025-03-14 09:00:00+00:00,34,1,19604,3005.7,3012.2,3005.6,3011.1,6467,GC.v.0
2025-03-14 10:00:00+00:00,34,1,19604,3010.9,3017.1,2998.8,3004.9,15745,GC.v.0
2025-03-14 11:00:00+00:00,34,1,19604,3005.0,3010.0,3004.0,3004.6,5526,GC.v.0
2025-03-14 12:00:00+00:00,34,1,19604,3004.8,3011.9,3004.2,3005.5,8577,GC.v.0
2025-03-14 13:00:00+00:00,34,1,19604,3005.6,3008.0,2993.7,2997.9,17625,GC.v.0
2025-03-14 14:00:00+00:00,34,1,19604,2997.1,3005.9,2992.3,2995.8,16613,GC.v.0
2025-03-14 15:00:00+00:00,34,1,19604,2995.6,2997.5,2988.6,2995.7,14707,GC.v.0
2025-03-14 16:00:00+00:00,34,1,19604,2995.6,3001.4,2994.2,2999.9,7615,GC.v.0
2025-03-14 17:00:00+00:00,34,1,19604,2999.8,3001.5,2997.1,2997.4,6490,GC.v.0
2025-03-14 18:00:00+00:00,34,1,19604,2997.6,2997.8,2993.4,2993.6,3579,GC.v.0
2025-03-14 19:00:00+00:00,34,1,19604,2993.6,2996.5,2991.0,2992.0,5057,GC.v.0
2025-03-14 20:00:00+00:00,34,1,19604,2992.1,2997.7,2990.0,2993.6,3274,GC.v.0
2025-03-16 22:00:00+00:00,34,1,19604,2994.8,2999.2,2991.9,2997.6,3215,GC.v.0
2025-03-16 23:00:00+00:00,34,1,19604,2997.7,3002.2,2996.6,2998.0,2307,GC.v.0
2025-03-17 00:00:00+00:00,34,1,19604,2997.8,2998.5,2994.4,2998.0,2547,GC.v.0
2025-03-17 01:00:00+00:00,34,1,19604,2997.9,3000.8,2996.5,2998.3,3454,GC.v.0
2025-03-17 02:00:00+00:00,34,1,19604,2998.0,2999.4,2994.5,2995.6,1864,GC.v.0
2025-03-17 03:00:00+00:00,34,1,19604,2995.6,2998.0,2994.1,2995.9,2191,GC.v.0
2025-03-17 04:00:00+00:00,34,1,19604,2996.0,2997.5,2991.5,2991.9,2076,GC.v.0
2025-03-17 05:00:00+00:00,34,1,19604,2992.0,2995.1,2991.4,2994.9,1937,GC.v.0
2025-03-17 06:00:00+00:00,34,1,19604,2995.0,2999.0,2993.8,2997.5,3985,GC.v.0
2025-03-17 07:00:00+00:00,34,1,19604,2997.5,2998.0,2992.6,2993.9,3222,GC.v.0
2025-03-17 08:00:00+00:00,34,1,19604,2993.9,2995.9,2991.5,2995.8,3510,GC.v.0
2025-03-17 09:00:00+00:00,34,1,19604,2995.9,3004.2,2995.0,3003.1,5954,GC.v.0
2025-03-17 10:00:00+00:00,34,1,19604,3003.4,3007.4,3002.6,3007.0,4064,GC.v.0
2025-03-17 11:00:00+00:00,34,1,19604,3007.0,3009.4,3004.5,3005.4,5633,GC.v.0
2025-03-17 12:00:00+00:00,34,1,19604,3005.5,3005.6,2991.6,2994.4,21636,GC.v.0
2025-03-17 13:00:00+00:00,34,1,19604,2994.7,2999.2,2993.2,2996.2,14328,GC.v.0
2025-03-17 14:00:00+00:00,34,1,19604,2996.0,3008.0,2994.8,3006.0,15375,GC.v.0
2025-03-17 15:00:00+00:00,34,1,19604,3006.0,3007.2,3000.4,3004.9,10035,GC.v.0
2025-03-17 16:00:00+00:00,34,1,19604,3004.7,3005.0,3000.3,3002.1,4675,GC.v.0
2025-03-17 17:00:00+00:00,34,1,19604,3002.1,3007.8,3002.1,3006.3,5254,GC.v.0
2025-03-17 18:00:00+00:00,34,1,19604,3006.1,3009.0,3004.6,3007.8,4225,GC.v.0
2025-03-17 19:00:00+00:00,34,1,19604,3007.8,3009.1,3006.2,3008.3,3689,GC.v.0
2025-03-17 20:00:00+00:00,34,1,19604,3008.5,3010.9,3008.2,3010.1,2126,GC.v.0
2025-03-17 22:00:00+00:00,34,1,19604,3009.4,3010.6,3008.2,3008.6,869,GC.v.0
2025-03-17 23:00:00+00:00,34,1,19604,3008.5,3011.4,3008.3,3008.9,1134,GC.v.0
2025-03-18 00:00:00+00:00,34,1,19604,3008.8,3013.3,3008.8,3010.1,2494,GC.v.0
2025-03-18 01:00:00+00:00,34,1,19604,3010.3,3017.8,3008.3,3015.2,5604,GC.v.0
2025-03-18 02:00:00+00:00,34,1,19604,3015.2,3021.7,3011.7,3020.3,6284,GC.v.0
2025-03-18 03:00:00+00:00,34,1,19604,3020.2,3024.1,3019.1,3020.5,4254,GC.v.0
2025-03-18 04:00:00+00:00,34,1,19604,3020.6,3025.7,3020.1,3023.5,2115,GC.v.0
2025-03-18 05:00:00+00:00,34,1,19604,3023.5,3024.0,3016.6,3021.4,5675,GC.v.0
2025-03-18 06:00:00+00:00,34,1,19604,3021.4,3026.6,3020.2,3024.4,4575,GC.v.0
2025-03-18 07:00:00+00:00,34,1,19604,3024.2,3028.3,3023.2,3025.8,5912,GC.v.0
2025-03-18 08:00:00+00:00,34,1,19604,3025.9,3036.6,3025.8,3035.4,10339,GC.v.0
2025-03-18 09:00:00+00:00,34,1,19604,3035.5,3037.6,3027.7,3030.1,7309,GC.v.0
2025-03-18 10:00:00+00:00,34,1,19604,3030.0,3034.9,3029.3,3032.2,5624,GC.v.0
2025-03-18 11:00:00+00:00,34,1,19604,3032.1,3038.0,3030.6,3035.3,5735,GC.v.0
2025-03-18 12:00:00+00:00,34,1,19604,3035.2,3044.7,3035.0,3042.8,12866,GC.v.0
2025-03-18 13:00:00+00:00,34,1,19604,3042.9,3047.5,3034.8,3040.5,21955,GC.v.0
2025-03-18 14:00:00+00:00,34,1,19604,3040.3,3040.3,3031.3,3035.2,18945,GC.v.0
2025-03-18 15:00:00+00:00,34,1,19604,3035.5,3040.9,3032.3,3039.5,10237,GC.v.0
2025-03-18 16:00:00+00:00,34,1,19604,3039.3,3045.0,3038.0,3043.8,7965,GC.v.0
2025-03-18 17:00:00+00:00,34,1,19604,3043.8,3044.8,3037.2,3040.4,8410,GC.v.0
2025-03-18 18:00:00+00:00,34,1,19604,3040.5,3044.0,3040.1,3043.1,2557,GC.v.0
2025-03-18 19:00:00+00:00,34,1,19604,3043.0,3045.0,3042.3,3042.6,3288,GC.v.0
2025-03-18 20:00:00+00:00,34,1,19604,3042.9,3043.0,3040.3,3041.7,2498,GC.v.0
2025-03-18 22:00:00+00:00,34,1,19604,3041.4,3041.6,3039.3,3041.1,787,GC.v.0
2025-03-18 23:00:00+00:00,34,1,19604,3041.3,3041.7,3038.1,3038.2,1102,GC.v.0
2025-03-19 00:00:00+00:00,34,1,19604,3038.3,3040.7,3037.0,3038.0,1480,GC.v.0
2025-03-19 01:00:00+00:00,34,1,19604,3038.1,3039.1,3035.0,3036.9,3216,GC.v.0
2025-03-19 02:00:00+00:00,34,1,19604,3036.8,3041.8,3036.3,3040.8,2506,GC.v.0
2025-03-19 03:00:00+00:00,34,1,19604,3041.0,3046.2,3039.6,3043.9,3426,GC.v.0
2025-03-19 04:00:00+00:00,34,1,19604,3043.8,3045.1,3041.5,3043.9,2247,GC.v.0
2025-03-19 05:00:00+00:00,34,1,19604,3044.0,3052.4,3043.9,3051.4,4973,GC.v.0
2025-03-19 06:00:00+00:00,34,1,19604,3051.4,3051.5,3042.7,3049.1,6726,GC.v.0
2025-03-19 07:00:00+00:00,34,1,19604,3049.1,3049.7,3043.0,3043.2,4489,GC.v.0
2025-03-19 08:00:00+00:00,34,1,19604,3043.5,3044.4,3033.2,3033.8,7824,GC.v.0
2025-03-19 09:00:00+00:00,34,1,19604,3033.8,3040.0,3031.3,3038.9,5530,GC.v.0
2025-03-19 10:00:00+00:00,34,1,19604,3038.9,3045.8,3036.1,3042.3,5739,GC.v.0
2025-03-19 11:00:00+00:00,34,1,19604,3042.1,3048.3,3041.6,3046.8,4387,GC.v.0
2025-03-19 12:00:00+00:00,34,1,19604,3046.8,3048.9,3043.7,3045.4,7198,GC.v.0
2025-03-19 13:00:00+00:00,34,1,19604,3045.3,3046.4,3035.0,3041.8,13046,GC.v.0
2025-03-19 14:00:00+00:00,34,1,19604,3041.7,3041.7,3033.6,3036.3,10254,GC.v.0
2025-03-19 15:00:00+00:00,34,1,19604,3036.2,3042.1,3035.4,3040.1,6092,GC.v.0
2025-03-19 16:00:00+00:00,34,1,19604,3040.3,3046.9,3040.1,3041.7,6418,GC.v.0
2025-03-19 17:00:00+00:00,34,1,19604,3042.0,3042.8,3037.8,3038.6,5147,GC.v.0
2025-03-19 18:00:00+00:00,34,1,19604,3038.9,3058.2,3037.5,3055.4,17850,GC.v.0
2025-03-19 19:00:00+00:00,34,1,19604,3055.6,3061.6,3049.8,3056.6,9150,GC.v.0
2025-03-19 20:00:00+00:00,34,1,19604,3056.6,3057.6,3053.8,3057.5,2696,GC.v.0
2025-03-19 22:00:00+00:00,34,1,19604,3058.0,3060.3,3057.0,3059.6,1634,GC.v.0
2025-03-19 23:00:00+00:00,34,1,19604,3059.5,3060.7,3058.1,3059.6,786,GC.v.0
2025-03-20 00:00:00+00:00,34,1,19604,3059.6,3063.6,3058.9,3061.5,4295,GC.v.0
2025-03-20 01:00:00+00:00,34,1,19604,3061.7,3065.2,3056.9,3057.2,4950,GC.v.0
2025-03-20 02:00:00+00:00,34,1,19604,3057.1,3060.7,3053.7,3054.2,3398,GC.v.0
2025-03-20 03:00:00+00:00,34,1,19604,3054.4,3058.5,3054.2,3058.0,2147,GC.v.0
2025-03-20 04:00:00+00:00,34,1,19604,3057.9,3065.2,3056.2,3060.3,4467,GC.v.0
2025-03-20 05:00:00+00:00,34,1,19604,3060.3,3062.1,3053.2,3055.3,5165,GC.v.0
2025-03-20 06:00:00+00:00,34,1,19604,3055.3,3059.2,3053.3,3055.8,4807,GC.v.0
2025-03-20 07:00:00+00:00,34,1,19604,3055.9,3055.9,3048.6,3049.0,6066,GC.v.0
2025-03-20 08:00:00+00:00,34,1,19604,3049.3,3051.0,3045.5,3049.2,4590,GC.v.0
2025-03-20 09:00:00+00:00,34,1,19604,3049.1,3053.0,3047.6,3048.2,5569,GC.v.0
2025-03-20 10:00:00+00:00,34,1,19604,3048.2,3048.3,3032.8,3041.4,12558,GC.v.0
2025-03-20 11:00:00+00:00,34,1,19604,3041.5,3043.2,3036.3,3042.3,5755,GC.v.0
2025-03-20 12:00:00+00:00,34,1,19604,3042.2,3051.0,3040.8,3048.9,10216,GC.v.0
2025-03-20 13:00:00+00:00,34,1,19604,3049.0,3049.1,3037.7,3039.8,11789,GC.v.0
2025-03-20 14:00:00+00:00,34,1,19604,3039.7,3048.9,3038.0,3048.5,10247,GC.v.0
2025-03-20 15:00:00+00:00,34,1,19604,3048.4,3050.3,3045.3,3048.1,6248,GC.v.0
2025-03-20 16:00:00+00:00,34,1,19604,3048.3,3050.7,3042.0,3046.0,6134,GC.v.0
2025-03-20 17:00:00+00:00,34,1,19604,3046.1,3048.9,3042.8,3048.5,5064,GC.v.0
2025-03-20 18:00:00+00:00,34,1,19604,3048.6,3052.5,3048.1,3050.6,4126,GC.v.0
2025-03-20 19:00:00+00:00,34,1,19604,3050.6,3053.9,3050.5,3052.6,2622,GC.v.0
2025-03-20 20:00:00+00:00,34,1,19604,3052.5,3054.5,3052.4,3052.8,1555,GC.v.0
2025-03-20 22:00:00+00:00,34,1,19604,3052.6,3053.7,3051.0,3053.3,756,GC.v.0
2025-03-20 23:00:00+00:00,34,1,19604,3053.4,3054.4,3051.6,3053.9,994,GC.v.0
2025-03-21 00:00:00+00:00,34,1,19604,3053.9,3055.0,3050.2,3050.7,1771,GC.v.0
2025-03-21 01:00:00+00:00,34,1,19604,3050.9,3052.1,3043.8,3043.8,3450,GC.v.0
2025-03-21 02:00:00+00:00,34,1,19604,3044.0,3045.4,3042.0,3043.5,3975,GC.v.0
2025-03-21 03:00:00+00:00,34,1,19604,3043.4,3043.4,3037.3,3037.5,4260,GC.v.0
2025-03-21 04:00:00+00:00,34,1,19604,3037.5,3039.3,3035.5,3037.5,2680,GC.v.0
2025-03-21 05:00:00+00:00,34,1,19604,3037.6,3037.9,3026.9,3035.2,6431,GC.v.0
2025-03-21 06:00:00+00:00,34,1,19604,3035.3,3041.0,3034.6,3036.9,5616,GC.v.0
2025-03-21 07:00:00+00:00,34,1,19604,3036.8,3039.8,3035.0,3038.2,3358,GC.v.0
2025-03-21 08:00:00+00:00,34,1,19604,3038.3,3041.5,3033.1,3039.0,5776,GC.v.0
2025-03-21 09:00:00+00:00,34,1,19604,3038.9,3039.1,3034.5,3036.2,3622,GC.v.0
2025-03-21 10:00:00+00:00,34,1,19604,3036.4,3040.4,3036.4,3037.8,3437,GC.v.0
2025-03-21 11:00:00+00:00,34,1,19604,3037.8,3045.4,3036.1,3041.3,6822,GC.v.0
2025-03-21 12:00:00+00:00,34,1,19604,3041.2,3045.4,3040.2,3040.8,6004,GC.v.0
2025-03-21 13:00:00+00:00,34,1,19604,3040.8,3044.1,3008.6,3010.9,32888,GC.v.0
2025-03-21 14:00:00+00:00,34,1,19604,3010.7,3021.7,3004.1,3020.8,30174,GC.v.0
2025-03-21 15:00:00+00:00,34,1,19604,3020.9,3022.9,3015.3,3016.2,10943,GC.v.0
2025-03-21 16:00:00+00:00,34,1,19604,3016.1,3023.5,3015.8,3021.6,6593,GC.v.0
2025-03-21 17:00:00+00:00,34,1,19604,3021.6,3023.7,3019.1,3019.7,6432,GC.v.0
2025-03-21 18:00:00+00:00,34,1,19604,3019.9,3028.0,3019.6,3024.0,5620,GC.v.0
2025-03-21 19:00:00+00:00,34,1,19604,3024.2,3027.1,3022.9,3025.5,3638,GC.v.0
2025-03-21 20:00:00+00:00,34,1,19604,3025.7,3030.0,3025.5,3028.2,2675,GC.v.0
2025-03-23 22:00:00+00:00,34,1,19604,3027.6,3031.0,3024.5,3030.5,2012,GC.v.0
2025-03-23 23:00:00+00:00,34,1,19604,3030.5,3031.6,3028.7,3030.4,1164,GC.v.0
2025-03-24 00:00:00+00:00,34,1,19604,3030.3,3031.5,3021.2,3022.8,3694,GC.v.0
2025-03-24 01:00:00+00:00,34,1,19604,3022.7,3029.8,3022.6,3025.4,3911,GC.v.0
2025-03-24 02:00:00+00:00,34,1,19604,3025.6,3028.9,3019.2,3020.9,3385,GC.v.0
2025-03-24 03:00:00+00:00,34,1,19604,3020.7,3023.8,3020.1,3021.1,2856,GC.v.0
2025-03-24 04:00:00+00:00,34,1,19604,3021.3,3024.2,3020.7,3023.5,1155,GC.v.0
2025-03-24 05:00:00+00:00,34,1,19604,3023.4,3027.5,3023.0,3026.8,2176,GC.v.0
2025-03-24 06:00:00+00:00,34,1,19604,3026.7,3030.5,3022.2,3029.5,2730,GC.v.0
2025-03-24 07:00:00+00:00,34,1,19604,3029.5,3033.2,3025.3,3026.8,4532,GC.v.0
2025-03-24 08:00:00+00:00,34,1,19604,3026.7,3032.9,3026.3,3032.6,4592,GC.v.0
2025-03-24 09:00:00+00:00,34,1,19604,3032.7,3034.9,3027.3,3028.7,4783,GC.v.0
2025-03-24 10:00:00+00:00,34,1,19604,3028.6,3038.4,3028.4,3033.5,6541,GC.v.0
2025-03-24 11:00:00+00:00,34,1,19604,3033.5,3034.7,3029.8,3030.1,3298,GC.v.0
2025-03-24 12:00:00+00:00,34,1,19604,3030.1,3034.1,3026.9,3028.8,7143,GC.v.0
2025-03-24 13:00:00+00:00,34,1,19604,3028.7,3032.8,3023.1,3027.1,13134,GC.v.0
2025-03-24 14:00:00+00:00,34,1,19604,3026.9,3028.6,3012.7,3016.7,18301,GC.v.0
2025-03-24 15:00:00+00:00,34,1,19604,3016.7,3020.6,3009.8,3019.1,13061,GC.v.0
2025-03-24 16:00:00+00:00,34,1,19604,3019.1,3020.6,3013.5,3015.3,4597,GC.v.0
2025-03-24 17:00:00+00:00,34,1,19604,3015.4,3016.0,3012.2,3013.4,5567,GC.v.0
2025-03-24 18:00:00+00:00,34,1,19604,3013.4,3014.6,3007.7,3013.4,6434,GC.v.0
2025-03-24 19:00:00+00:00,34,1,19604,3013.5,3015.4,3012.0,3013.2,2760,GC.v.0
2025-03-24 20:00:00+00:00,34,1,19604,3013.2,3020.4,3012.7,3017.6,3304,GC.v.0
2025-03-24 22:00:00+00:00,34,1,19604,3017.5,3018.2,3013.8,3015.7,1421,GC.v.0
2025-03-24 23:00:00+00:00,34,1,19604,3015.8,3016.6,3013.8,3014.4,1559,GC.v.0
2025-03-25 00:00:00+00:00,34,1,19604,3014.4,3019.4,3013.7,3018.6,2024,GC.v.0
2025-03-25 01:00:00+00:00,34,1,19604,3018.8,3019.0,3015.1,3015.9,2691,GC.v.0
2025-03-25 02:00:00+00:00,34,1,19604,3015.9,3016.5,3010.8,3012.8,3537,GC.v.0
2025-03-25 03:00:00+00:00,34,1,19604,3012.9,3019.9,3012.5,3019.0,2792,GC.v.0
2025-03-25 04:00:00+00:00,34,1,19604,3019.0,3020.7,3018.2,3019.8,1308,GC.v.0
2025-03-25 05:00:00+00:00,34,1,19604,3019.8,3025.4,3018.8,3022.5,3671,GC.v.0
2025-03-25 06:00:00+00:00,34,1,19604,3022.6,3023.0,3019.0,3022.2,2127,GC.v.0
2025-03-25 07:00:00+00:00,34,1,19604,3022.3,3022.6,3014.7,3015.4,3680,GC.v.0
2025-03-25 08:00:00+00:00,34,1,19604,3015.5,3025.7,3015.0,3025.4,5099,GC.v.0
2025-03-25 09:00:00+00:00,34,1,19604,3025.3,3027.7,3022.8,3027.3,4137,GC.v.0
2025-03-25 10:00:00+00:00,34,1,19604,3027.3,3029.6,3025.3,3028.5,4857,GC.v.0
2025-03-25 11:00:00+00:00,34,1,19604,3028.6,3031.0,3024.0,3024.9,5641,GC.v.0
2025-03-25 12:00:00+00:00,34,1,19604,3024.9,3027.9,3018.8,3026.6,9492,GC.v.0
2025-03-25 13:00:00+00:00,34,1,19604,3026.5,3037.0,3025.7,3034.2,12358,GC.v.0
2025-03-25 14:00:00+00:00,34,1,19604,3034.2,3042.4,3029.7,3029.8,17242,GC.v.0
2025-03-25 15:00:00+00:00,34,1,19604,3029.7,3032.7,3022.9,3026.5,9299,GC.v.0
2025-03-25 16:00:00+00:00,34,1,19604,3026.7,3031.6,3026.4,3028.9,4642,GC.v.0
2025-03-25 17:00:00+00:00,34,1,19604,3029.1,3029.2,3024.6,3028.1,4445,GC.v.0
2025-03-25 18:00:00+00:00,34,1,19604,3028.1,3028.6,3023.5,3024.1,3287,GC.v.0
2025-03-25 19:00:00+00:00,34,1,19604,3024.0,3026.3,3023.1,3025.7,3295,GC.v.0
2025-03-25 20:00:00+00:00,34,1,19604,3025.6,3026.9,3024.9,3026.2,1269,GC.v.0
2025-03-25 22:00:00+00:00,34,1,19604,3025.8,3027.5,3025.1,3025.9,934,GC.v.0
2025-03-25 23:00:00+00:00,34,1,19604,3025.7,3026.0,3024.7,3025.3,839,GC.v.0
2025-03-26 00:00:00+00:00,34,1,19604,3025.4,3026.0,3021.7,3022.1,2210,GC.v.0
2025-03-26 01:00:00+00:00,34,1,19604,3022.0,3029.2,3020.2,3028.4,4333,GC.v.0
2025-03-26 02:00:00+00:00,34,1,19604,3028.5,3030.7,3027.0,3028.3,3541,GC.v.0
2025-03-26 03:00:00+00:00,34,1,19604,3028.1,3028.1,3020.3,3021.3,2853,GC.v.0
2025-03-26 04:00:00+00:00,34,1,19604,3021.1,3021.4,3018.5,3019.7,2077,GC.v.0
2025-03-26 05:00:00+00:00,34,1,19604,3019.7,3027.7,3017.8,3026.3,3649,GC.v.0
2025-03-26 06:00:00+00:00,34,1,19604,3026.0,3030.0,3025.4,3029.8,3165,GC.v.0
2025-03-26 07:00:00+00:00,34,1,19604,3029.7,3034.7,3028.3,3034.3,3667,GC.v.0
2025-03-26 08:00:00+00:00,34,1,19604,3034.4,3036.1,3027.3,3028.0,3644,GC.v.0
2025-03-26 09:00:00+00:00,34,1,19604,3027.9,3028.1,3021.9,3023.9,5274,GC.v.0
2025-03-26 10:00:00+00:00,34,1,19604,3023.8,3030.7,3022.3,3029.1,4907,GC.v.0
2025-03-26 11:00:00+00:00,34,1,19604,3029.1,3035.9,3028.9,3032.8,5103,GC.v.0
2025-03-26 12:00:00+00:00,34,1,19604,3032.9,3036.0,3030.1,3033.0,5657,GC.v.0
2025-03-26 13:00:00+00:00,34,1,19604,3033.0,3033.4,3021.8,3022.6,9090,GC.v.0
2025-03-26 14:00:00+00:00,34,1,19604,3022.3,3027.8,3020.7,3023.0,7867,GC.v.0
2025-03-26 15:00:00+00:00,34,1,19604,3022.9,3025.1,3018.0,3021.7,8030,GC.v.0
2025-03-26 16:00:00+00:00,34,1,19604,3021.7,3025.8,3021.1,3021.5,3454,GC.v.0
2025-03-26 17:00:00+00:00,34,1,19604,3021.7,3025.0,3021.2,3024.6,5173,GC.v.0
2025-03-26 18:00:00+00:00,34,1,19604,3024.6,3027.2,3023.4,3023.6,3401,GC.v.0
2025-03-26 19:00:00+00:00,34,1,19604,3023.7,3024.3,3020.7,3023.1,2716,GC.v.0
2025-03-26 20:00:00+00:00,34,1,19604,3023.1,3028.2,3023.0,3026.6,3056,GC.v.0
2025-03-26 22:00:00+00:00,34,1,19604,3025.6,3026.8,3022.6,3024.4,1202,GC.v.0
2025-03-26 23:00:00+00:00,34,1,19604,3025.0,3025.3,3022.3,3025.0,1622,GC.v.0
2025-03-27 00:00:00+00:00,34,1,19604,3024.9,3029.6,3024.9,3029.2,1353,GC.v.0
2025-03-27 01:00:00+00:00,34,1,19604,3029.3,3032.2,3027.9,3028.4,1713,GC.v.0
2025-03-27 02:00:00+00:00,34,1,19604,3028.3,3038.0,3028.2,3036.3,2412,GC.v.0
2025-03-27 03:00:00+00:00,34,1,19604,3036.4,3039.2,3034.2,3038.7,997,GC.v.0
2025-03-27 04:00:00+00:00,34,1,19604,3038.5,3043.9,3037.8,3039.8,2179,GC.v.0
2025-03-27 05:00:00+00:00,34,1,19604,3039.9,3041.9,3035.7,3036.3,1721,GC.v.0
2025-03-27 06:00:00+00:00,34,1,19604,3036.3,3039.7,3034.2,3038.0,1925,GC.v.0
2025-03-27 07:00:00+00:00,34,1,19604,3037.8,3047.0,3037.3,3045.7,3753,GC.v.0
2025-03-27 08:00:00+00:00,34,1,19604,3045.9,3047.8,3042.7,3045.6,3167,GC.v.0
2025-03-27 09:00:00+00:00,34,1,19604,3045.8,3049.4,3042.9,3048.8,1837,GC.v.0
2025-03-27 10:00:00+00:00,34,1,19604,3048.7,3065.5,3048.7,3061.0,5928,GC.v.0
2025-03-27 11:00:00+00:00,34,1,19604,3061.2,3064.1,3056.6,3062.8,3721,GC.v.0
2025-03-27 12:00:00+00:00,34,1,19604,3063.2,3064.6,3055.3,3058.1,2999,GC.v.0
2025-03-27 13:00:00+00:00,34,1,19604,3058.2,3060.7,3040.6,3049.9,8116,GC.v.0
2025-03-27 14:00:00+00:00,34,1,19604,3049.8,3070.9,3049.8,3068.8,6741,GC.v.0
2025-03-27 15:00:00+00:00,34,1,19604,3069.1,3071.3,3062.1,3063.1,3831,GC.v.0
2025-03-27 16:00:00+00:00,34,1,19604,3063.1,3067.9,3061.3,3062.0,2626,GC.v.0
2025-03-27 17:00:00+00:00,34,1,19604,3062.3,3067.1,3059.9,3066.7,1806,GC.v.0
2025-03-27 18:00:00+00:00,34,1,19604,3066.6,3070.0,3066.4,3068.3,723,GC.v.0
2025-03-27 19:00:00+00:00,34,1,19604,3067.6,3069.7,3067.3,3069.3,608,GC.v.0
2025-03-27 20:00:00+00:00,34,1,19604,3069.2,3069.4,3067.4,3069.1,472,GC.v.0
2025-03-27 22:00:00+00:00,34,1,19604,3069.7,3069.9,3066.8,3068.6,150,GC.v.0
2025-03-27 23:00:00+00:00,34,1,19604,3067.9,3069.3,3067.4,3069.2,73,GC.v.0
2025-03-28 00:00:00+00:00,34,1,19604,3068.8,3075.4,3068.6,3073.2,464,GC.v.0
2025-03-28 01:00:00+00:00,34,1,19604,3072.9,3084.9,3072.7,3084.7,559,GC.v.0
2025-03-28 02:00:00+00:00,34,1,19604,3085.0,3087.4,3079.4,3081.4,374,GC.v.0
2025-03-28 03:00:00+00:00,34,1,19604,3081.4,3086.9,3079.3,3086.4,167,GC.v.0
2025-03-28 04:00:00+00:00,34,1,19604,3084.9,3085.5,3082.4,3083.1,126,GC.v.0
2025-03-28 05:00:00+00:00,34,1,19604,3083.7,3090.0,3082.5,3087.5,231,GC.v.0
2025-03-28 06:00:00+00:00,34,1,19604,3086.1,3093.5,3086.0,3092.8,324,GC.v.0
2025-03-28 07:00:00+00:00,34,1,19604,3091.8,3094.9,3088.4,3088.9,580,GC.v.0
2025-03-28 08:00:00+00:00,34,1,19604,3088.8,3091.0,3078.0,3084.2,793,GC.v.0
2025-03-28 09:00:00+00:00,34,1,19604,3084.3,3084.4,3079.6,3081.3,536,GC.v.0
2025-03-28 10:00:00+00:00,34,1,19604,3081.8,3081.8,3074.3,3080.6,183,GC.v.0
2025-03-28 11:00:00+00:00,34,1,19604,3081.4,3087.6,3080.8,3082.7,274,GC.v.0
2025-03-28 12:00:00+00:00,34,1,19604,3082.0,3089.0,3078.0,3083.6,531,GC.v.0
2025-03-28 13:00:00+00:00,34,1,19604,3084.2,3090.0,3076.1,3089.3,762,GC.v.0
2025-03-28 14:00:00+00:00,34,1,19604,3089.2,3093.1,3072.3,3075.7,1327,GC.v.0
2025-03-28 15:00:00+00:00,34,1,19604,3075.1,3091.1,3072.4,3090.1,546,GC.v.0
2025-03-28 16:00:00+00:00,34,1,19604,3089.3,3092.9,3085.8,3088.9,228,GC.v.0
2025-03-28 17:00:00+00:00,34,1,19604,3089.9,3091.7,3080.9,3082.2,492,GC.v.0
2025-03-28 18:00:00+00:00,34,1,19604,3082.4,3084.4,3078.2,3084.4,72,GC.v.0
2025-03-28 19:00:00+00:00,34,1,19604,3085.1,3086.9,3084.8,3086.2,82,GC.v.0
2025-03-28 20:00:00+00:00,34,1,19604,3086.7,3091.5,3086.7,3090.0,31,GC.v.0
2025-03-30 22:00:00+00:00,34,1,287,3118.8,3128.3,3118.5,3123.0,6480,GC.v.0
2025-03-30 23:00:00+00:00,34,1,287,3123.2,3124.9,3122.0,3123.5,2166,GC.v.0
2025-03-31 00:00:00+00:00,34,1,287,3123.4,3123.9,3112.5,3114.7,4712,GC.v.0
2025-03-31 01:00:00+00:00,34,1,287,3114.8,3129.1,3112.4,3127.6,7944,GC.v.0
2025-03-31 02:00:00+00:00,34,1,287,3127.5,3140.2,3126.7,3138.8,13279,GC.v.0
2025-03-31 03:00:00+00:00,34,1,287,3138.7,3143.6,3137.6,3139.0,5409,GC.v.0
2025-03-31 04:00:00+00:00,34,1,287,3139.0,3147.0,3138.0,3145.2,3913,GC.v.0
2025-03-31 05:00:00+00:00,34,1,287,3145.0,3152.4,3139.2,3149.2,6453,GC.v.0
2025-03-31 06:00:00+00:00,34,1,287,3149.0,3158.2,3144.6,3149.3,10058,GC.v.0
2025-03-31 07:00:00+00:00,34,1,287,3149.4,3156.9,3149.0,3156.7,8418,GC.v.0
2025-03-31 08:00:00+00:00,34,1,287,3156.6,3159.3,3153.2,3155.0,5706,GC.v.0
2025-03-31 09:00:00+00:00,34,1,287,3155.0,3156.1,3143.3,3147.8,7057,GC.v.0
2025-03-31 10:00:00+00:00,34,1,287,3147.7,3156.4,3144.8,3150.3,8171,GC.v.0
2025-03-31 11:00:00+00:00,34,1,287,3150.5,3151.8,3145.5,3151.5,5894,GC.v.0
2025-03-31 12:00:00+00:00,34,1,287,3151.4,3160.7,3150.1,3158.3,11830,GC.v.0
2025-03-31 13:00:00+00:00,34,1,287,3158.0,3158.4,3131.4,3146.5,29039,GC.v.0
2025-03-31 14:00:00+00:00,34,1,287,3146.3,3157.1,3143.2,3156.6,19420,GC.v.0
2025-03-31 15:00:00+00:00,34,1,287,3156.6,3162.0,3145.7,3146.9,14532,GC.v.0
2025-03-31 16:00:00+00:00,34,1,287,3147.0,3155.5,3144.7,3151.5,9195,GC.v.0
2025-03-31 17:00:00+00:00,34,1,287,3151.5,3153.8,3148.3,3150.3,6953,GC.v.0
2025-03-31 18:00:00+00:00,34,1,287,3150.3,3157.0,3149.9,3154.9,5267,GC.v.0
2025-03-31 19:00:00+00:00,34,1,287,3154.9,3157.5,3154.1,3157.2,4447,GC.v.0
2025-03-31 20:00:00+00:00,34,1,287,3157.1,3158.5,3155.9,3157.4,2338,GC.v.0
2025-03-31 22:00:00+00:00,34,1,287,3157.3,3158.5,3155.1,3156.6,1317,GC.v.0
2025-03-31 23:00:00+00:00,34,1,287,3156.7,3161.0,3155.0,3155.7,2777,GC.v.0
2025-04-01 00:00:00+00:00,34,1,287,3155.5,3162.4,3155.3,3161.7,2984,GC.v.0
2025-04-01 01:00:00+00:00,34,1,287,3161.5,3169.8,3160.1,3166.0,11554,GC.v.0
2025-04-01 02:00:00+00:00,34,1,287,3166.2,3174.0,3164.0,3173.3,8379,GC.v.0
2025-04-01 03:00:00+00:00,34,1,287,3173.2,3177.0,3171.4,3175.6,4660,GC.v.0
2025-04-01 04:00:00+00:00,34,1,287,3175.6,3177.0,3172.2,3174.0,2849,GC.v.0
2025-04-01 05:00:00+00:00,34,1,287,3174.0,3176.9,3158.6,3161.1,10822,GC.v.0
2025-04-01 06:00:00+00:00,34,1,287,3161.0,3164.3,3156.1,3160.5,12930,GC.v.0
2025-04-01 07:00:00+00:00,34,1,287,3160.5,3164.7,3152.2,3156.1,10041,GC.v.0
2025-04-01 08:00:00+00:00,34,1,287,3156.0,3163.9,3155.2,3157.8,7000,GC.v.0
2025-04-01 09:00:00+00:00,34,1,287,3157.9,3161.5,3157.3,3159.7,3062,GC.v.0
2025-04-01 10:00:00+00:00,34,1,287,3159.8,3168.5,3158.1,3161.4,6817,GC.v.0
2025-04-01 11:00:00+00:00,34,1,287,3161.5,3165.5,3157.7,3159.5,5422,GC.v.0
2025-04-01 12:00:00+00:00,34,1,287,3159.6,3165.8,3156.5,3164.9,7582,GC.v.0
2025-04-01 13:00:00+00:00,34,1,287,3164.8,3168.0,3158.2,3165.5,11446,GC.v.0
2025-04-01 14:00:00+00:00,34,1,287,3165.7,3167.8,3153.9,3160.2,19758,GC.v.0
2025-04-01 15:00:00+00:00,34,1,287,3160.0,3164.5,3143.7,3144.0,16139,GC.v.0
2025-04-01 16:00:00+00:00,34,1,287,3143.8,3146.8,3130.5,3138.7,20811,GC.v.0
2025-04-01 17:00:00+00:00,34,1,287,3138.8,3147.4,3138.0,3146.7,7104,GC.v.0
2025-04-01 18:00:00+00:00,34,1,287,3146.7,3150.8,3146.0,3147.2,4748,GC.v.0
2025-04-01 19:00:00+00:00,34,1,287,3147.1,3151.3,3146.7,3150.9,3838,GC.v.0
2025-04-01 20:00:00+00:00,34,1,287,3150.9,3154.1,3147.5,3148.5,2619,GC.v.0
2025-04-01 22:00:00+00:00,34,1,287,3147.5,3149.1,3141.2,3144.8,2670,GC.v.0
2025-04-01 23:00:00+00:00,34,1,287,3145.0,3147.8,3143.2,3146.7,1750,GC.v.0
2025-04-02 00:00:00+00:00,34,1,287,3146.8,3153.8,3144.1,3152.5,4356,GC.v.0
2025-04-02 01:00:00+00:00,34,1,287,3152.3,3163.5,3151.5,3161.1,8808,GC.v.0
2025-04-02 02:00:00+00:00,34,1,287,3161.1,3163.8,3157.8,3157.8,3444,GC.v.0
2025-04-02 03:00:00+00:00,34,1,287,3157.8,3161.9,3153.0,3154.3,3931,GC.v.0
2025-04-02 04:00:00+00:00,34,1,287,3154.2,3155.5,3145.9,3146.6,3100,GC.v.0
2025-04-02 05:00:00+00:00,34,1,287,3146.7,3148.8,3135.7,3147.2,8871,GC.v.0
2025-04-02 06:00:00+00:00,34,1,287,3147.4,3148.5,3143.0,3146.0,4179,GC.v.0
2025-04-02 07:00:00+00:00,34,1,287,3146.1,3155.5,3141.2,3154.7,5961,GC.v.0
2025-04-02 08:00:00+00:00,34,1,287,3154.6,3167.0,3153.0,3162.7,10967,GC.v.0
2025-04-02 09:00:00+00:00,34,1,287,3162.8,3164.5,3159.2,3164.0,5062,GC.v.0
2025-04-02 10:00:00+00:00,34,1,287,3164.3,3164.7,3145.3,3149.5,9698,GC.v.0
2025-04-02 11:00:00+00:00,34,1,287,3149.8,3158.9,3149.5,3157.3,6927,GC.v.0
2025-04-02 12:00:00+00:00,34,1,287,3157.4,3163.0,3152.5,3160.5,8889,GC.v.0
2025-04-02 13:00:00+00:00,34,1,287,3160.4,3170.5,3152.6,3159.1,24328,GC.v.0
2025-04-02 14:00:00+00:00,34,1,287,3159.4,3167.7,3156.0,3162.6,14538,GC.v.0
2025-04-02 15:00:00+00:00,34,1,287,3162.7,3167.3,3158.2,3165.5,10038,GC.v.0
2025-04-02 16:00:00+00:00,34,1,287,3165.5,3177.7,3165.5,3173.9,16155,GC.v.0
2025-04-02 17:00:00+00:00,34,1,287,3173.7,3173.9,3162.3,3167.5,12234,GC.v.0
2025-04-02 18:00:00+00:00,34,1,287,3167.6,3169.9,3161.4,3163.0,4762,GC.v.0
2025-04-02 19:00:00+00:00,34,1,287,3163.2,3167.4,3162.1,3163.0,3132,GC.v.0
2025-04-02 20:00:00+00:00,34,1,287,3163.2,3201.6,3144.2,3190.3,28983,GC.v.0
2025-04-02 22:00:00+00:00,34,1,287,3196.6,3196.6,3151.0,3171.7,21430,GC.v.0
2025-04-02 23:00:00+00:00,34,1,287,3172.2,3194.1,3172.0,3188.3,14089,GC.v.0
2025-04-03 00:00:00+00:00,34,1,287,3188.2,3190.0,3163.6,3174.5,15444,GC.v.0
2025-04-03 01:00:00+00:00,34,1,287,3174.8,3187.1,3171.8,3178.1,15522,GC.v.0
2025-04-03 02:00:00+00:00,34,1,287,3178.0,3179.9,3166.2,3168.9,6946,GC.v.0
2025-04-03 03:00:00+00:00,34,1,287,3169.0,3174.5,3166.5,3170.7,6469,GC.v.0
2025-04-03 04:00:00+00:00,34,1,287,3170.5,3172.2,3161.4,3162.4,4478,GC.v.0
2025-04-03 05:00:00+00:00,34,1,287,3162.5,3162.8,3146.2,3154.1,11157,GC.v.0
2025-04-03 06:00:00+00:00,34,1,287,3154.3,3156.2,3138.2,3151.3,12313,GC.v.0
2025-04-03 07:00:00+00:00,34,1,287,3151.3,3154.8,3142.3,3153.2,8769,GC.v.0
2025-04-03 08:00:00+00:00,34,1,287,3153.3,3156.2,3148.4,3151.7,5903,GC.v.0
2025-04-03 09:00:00+00:00,34,1,287,3151.8,3151.9,3142.1,3142.8,7960,GC.v.0
2025-04-03 10:00:00+00:00,34,1,287,3142.9,3143.3,3111.5,3117.8,24674,GC.v.0
2025-04-03 11:00:00+00:00,34,1,287,3118.0,3120.6,3106.0,3113.4,19115,GC.v.0
2025-04-03 12:00:00+00:00,34,1,287,3113.2,3115.4,3080.8,3097.3,35915,GC.v.0
2025-04-03 13:00:00+00:00,34,1,287,3097.0,3116.0,3073.5,3106.9,38910,GC.v.0
2025-04-03 14:00:00+00:00,34,1,287,3107.5,3159.5,3107.5,3152.2,46169,GC.v.0
2025-04-03 15:00:00+00:00,34,1,287,3152.2,3152.8,3126.4,3132.3,22562,GC.v.0
2025-04-03 16:00:00+00:00,34,1,287,3132.5,3136.0,3122.7,3128.6,8885,GC.v.0
2025-04-03 17:00:00+00:00,34,1,287,3128.5,3132.0,3120.5,3131.5,11827,GC.v.0
2025-04-03 18:00:00+00:00,34,1,287,3131.5,3132.4,3123.9,3132.1,4608,GC.v.0
2025-04-03 19:00:00+00:00,34,1,287,3132.1,3133.4,3121.8,3127.1,5227,GC.v.0
2025-04-03 20:00:00+00:00,34,1,287,3127.2,3143.3,3127.2,3138.1,4154,GC.v.0
2025-04-03 22:00:00+00:00,34,1,287,3138.0,3138.8,3133.9,3136.9,1933,GC.v.0
2025-04-03 23:00:00+00:00,34,1,287,3137.0,3138.8,3130.6,3134.3,2014,GC.v.0
2025-04-04 00:00:00+00:00,34,1,287,3134.3,3136.6,3126.1,3131.3,2937,GC.v.0
2025-04-04 01:00:00+00:00,34,1,287,3131.3,3137.0,3129.1,3129.4,3099,GC.v.0
2025-04-04 02:00:00+00:00,34,1,287,3129.6,3132.8,3111.0,3117.3,7215,GC.v.0
2025-04-04 03:00:00+00:00,34,1,287,3117.5,3120.1,3107.0,3119.0,6397,GC.v.0
2025-04-04 04:00:00+00:00,34,1,287,3118.7,3126.0,3116.9,3120.5,3459,GC.v.0
2025-04-04 05:00:00+00:00,34,1,287,3120.3,3129.5,3119.2,3129.5,2951,GC.v.0
2025-04-04 06:00:00+00:00,34,1,287,3129.3,3131.2,3121.1,3121.6,3629,GC.v.0
2025-04-04 07:00:00+00:00,34,1,287,3121.5,3124.9,3112.1,3113.1,9285,GC.v.0
2025-04-04 08:00:00+00:00,34,1,287,3113.1,3114.9,3098.7,3105.3,10915,GC.v.0
2025-04-04 09:00:00+00:00,34,1,287,3104.8,3117.4,3104.7,3111.5,7863,GC.v.0
2025-04-04 10:00:00+00:00,34,1,287,3111.6,3138.2,3111.3,3132.5,16380,GC.v.0
2025-04-04 11:00:00+00:00,34,1,287,3132.4,3160.2,3115.3,3132.5,28680,GC.v.0
2025-04-04 12:00:00+00:00,34,1,287,3132.7,3134.3,3088.3,3090.6,31851,GC.v.0
2025-04-04 13:00:00+00:00,34,1,287,3090.2,3107.0,3078.0,3081.3,28329,GC.v.0
2025-04-04 14:00:00+00:00,34,1,287,3081.0,3081.0,3045.3,3056.7,46611,GC.v.0
2025-04-04 15:00:00+00:00,34,1,287,3056.4,3068.9,3034.7,3040.5,34014,GC.v.0
2025-04-04 16:00:00+00:00,34,1,287,3040.4,3055.8,3036.4,3050.0,14249,GC.v.0
2025-04-04 17:00:00+00:00,34,1,287,3049.6,3051.6,3032.7,3043.8,14851,GC.v.0
2025-04-04 18:00:00+00:00,34,1,287,3043.5,3045.9,3037.1,3044.8,5939,GC.v.0
2025-04-04 19:00:00+00:00,34,1,287,3044.8,3062.2,3041.2,3057.6,11742,GC.v.0
2025-04-04 20:00:00+00:00,34,1,287,3057.5,3061.4,3054.7,3056.1,4449,GC.v.0
2025-04-06 22:00:00+00:00,34,1,287,3055.1,3055.1,2989.1,3026.8,11943,GC.v.0
2025-04-06 23:00:00+00:00,34,1,287,3026.1,3034.5,2991.2,3015.5,10905,GC.v.0
2025-04-07 00:00:00+00:00,34,1,287,3015.0,3025.2,2985.0,2994.5,12601,GC.v.0
2025-04-07 01:00:00+00:00,34,1,287,2993.8,3084.4,2987.0,3058.9,30221,GC.v.0
2025-04-07 02:00:00+00:00,34,1,287,3059.2,3078.0,3042.6,3044.9,12014,GC.v.0
2025-04-07 03:00:00+00:00,34,1,287,3044.9,3052.0,3033.0,3035.4,6139,GC.v.0
2025-04-07 04:00:00+00:00,34,1,287,3035.3,3052.5,3035.3,3052.3,4090,GC.v.0
2025-04-07 05:00:00+00:00,34,1,287,3052.0,3060.8,3041.2,3047.2,6143,GC.v.0
2025-04-07 06:00:00+00:00,34,1,287,3047.3,3050.1,3032.2,3048.0,8493,GC.v.0
2025-04-07 07:00:00+00:00,34,1,287,3047.8,3048.8,3030.1,3035.7,10153,GC.v.0
2025-04-07 08:00:00+00:00,34,1,287,3035.8,3052.3,3034.7,3048.5,8317,GC.v.0
2025-04-07 09:00:00+00:00,34,1,287,3048.3,3049.7,3035.7,3041.1,6890,GC.v.0
2025-04-07 10:00:00+00:00,34,1,287,3041.2,3053.8,3041.0,3048.4,7716,GC.v.0
2025-04-07 11:00:00+00:00,34,1,287,3048.2,3064.5,3046.5,3047.5,10538,GC.v.0
2025-04-07 12:00:00+00:00,34,1,287,3048.0,3050.3,3030.8,3048.5,19211,GC.v.0
2025-04-07 13:00:00+00:00,34,1,287,3048.5,3051.9,3018.4,3032.4,24227,GC.v.0
2025-04-07 14:00:00+00:00,34,1,287,3032.2,3056.3,3012.0,3014.9,33361,GC.v.0
2025-04-07 15:00:00+00:00,34,1,287,3015.1,3022.1,2995.7,3004.0,20684,GC.v.0
2025-04-07 16:00:00+00:00,34,1,287,3003.8,3004.2,2985.7,2986.4,13303,GC.v.0
2025-04-07 17:00:00+00:00,34,1,287,2986.2,2991.2,2970.4,2984.5,23510,GC.v.0
2025-04-07 18:00:00+00:00,34,1,287,2984.2,2991.6,2978.7,2980.7,6244,GC.v.0
2025-04-07 19:00:00+00:00,34,1,287,2980.8,2998.5,2980.4,2992.3,5598,GC.v.0
2025-04-07 20:00:00+00:00,34,1,287,2992.2,3001.6,2984.0,2998.8,3806,GC.v.0
2025-04-07 22:00:00+00:00,34,1,287,2997.5,3004.8,2996.6,3003.0,1687,GC.v.0
2025-04-07 23:00:00+00:00,34,1,287,3002.2,3003.4,2993.1,2995.3,1844,GC.v.0
2025-04-08 00:00:00+00:00,34,1,287,2995.3,3006.6,2993.8,2998.5,4388,GC.v.0
2025-04-08 01:00:00+00:00,34,1,287,2998.6,3016.9,2996.8,3013.9,10623,GC.v.0
2025-04-08 02:00:00+00:00,34,1,287,3013.8,3018.9,3011.8,3014.7,5140,GC.v.0
2025-04-08 03:00:00+00:00,34,1,287,3014.7,3015.2,3007.3,3008.5,3826,GC.v.0
2025-04-08 04:00:00+00:00,34,1,287,3008.6,3017.7,3005.1,3016.7,3511,GC.v.0
2025-04-08 05:00:00+00:00,34,1,287,3016.6,3022.7,3013.1,3020.6,4815,GC.v.0
2025-04-08 06:00:00+00:00,34,1,287,3020.5,3030.6,3017.2,3028.3,5750,GC.v.0
2025-04-08 07:00:00+00:00,34,1,287,3028.6,3030.1,3017.3,3018.0,7527,GC.v.0
2025-04-08 08:00:00+00:00,34,1,287,3017.7,3024.5,3015.8,3022.9,4951,GC.v.0
2025-04-08 09:00:00+00:00,34,1,287,3022.7,3023.0,3009.0,3021.6,6646,GC.v.0
2025-04-08 10:00:00+00:00,34,1,287,3021.8,3026.0,3019.5,3024.5,5615,GC.v.0
2025-04-08 11:00:00+00:00,34,1,287,3024.6,3036.5,3023.3,3034.1,9427,GC.v.0
2025-04-08 12:00:00+00:00,34,1,287,3034.2,3035.5,3016.3,3017.0,15736,GC.v.0
2025-04-08 13:00:00+00:00,34,1,287,3017.0,3037.9,3016.9,3024.6,19606,GC.v.0
2025-04-08 14:00:00+00:00,34,1,287,3024.7,3034.0,3020.6,3021.0,15155,GC.v.0
2025-04-08 15:00:00+00:00,34,1,287,3021.1,3026.8,3015.6,3016.0,11354,GC.v.0
2025-04-08 16:00:00+00:00,34,1,287,3015.8,3016.1,2998.7,3000.4,14156,GC.v.0
2025-04-08 17:00:00+00:00,34,1,287,3000.7,3002.9,2988.6,2999.6,16597,GC.v.0
2025-04-08 18:00:00+00:00,34,1,287,2999.6,3007.4,2993.6,2998.3,6996,GC.v.0
2025-04-08 19:00:00+00:00,34,1,287,2998.0,3001.9,2990.9,2999.1,5919,GC.v.0
2025-04-08 20:00:00+00:00,34,1,287,2998.9,3000.8,2991.9,2998.3,2811,GC.v.0
2025-04-08 22:00:00+00:00,34,1,287,2998.3,3000.6,2993.3,2995.4,1838,GC.v.0
2025-04-08 23:00:00+00:00,34,1,287,2995.7,3005.9,2983.3,2991.8,5578,GC.v.0
2025-04-09 00:00:00+00:00,34,1,287,2992.0,3002.2,2988.2,2994.8,6815,GC.v.0
2025-04-09 01:00:00+00:00,34,1,287,2994.4,3023.9,2986.6,3022.4,12067,GC.v.0
2025-04-09 02:00:00+00:00,34,1,287,3022.4,3025.3,3012.9,3016.5,7225,GC.v.0
2025-04-09 03:00:00+00:00,34,1,287,3016.4,3024.1,3016.2,3018.8,5257,GC.v.0
2025-04-09 04:00:00+00:00,34,1,287,3018.6,3031.3,3012.4,3029.0,7245,GC.v.0
2025-04-09 05:00:00+00:00,34,1,287,3028.7,3039.0,3020.9,3032.1,10094,GC.v.0
2025-04-09 06:00:00+00:00,34,1,287,3032.3,3058.8,3031.1,3057.2,16698,GC.v.0
2025-04-09 07:00:00+00:00,34,1,287,3057.1,3071.4,3051.6,3059.0,13612,GC.v.0
2025-04-09 08:00:00+00:00,34,1,287,3059.1,3069.2,3056.0,3062.1,8174,GC.v.0
2025-04-09 09:00:00+00:00,34,1,287,3062.1,3067.6,3057.4,3062.1,6243,GC.v.0
2025-04-09 10:00:00+00:00,34,1,287,3062.0,3064.7,3055.2,3060.7,7557,GC.v.0
2025-04-09 11:00:00+00:00,34,1,287,3061.2,3087.0,3054.0,3084.5,20208,GC.v.0
2025-04-09 12:00:00+00:00,34,1,287,3084.8,3091.5,3058.1,3064.0,22032,GC.v.0
2025-04-09 13:00:00+00:00,34,1,287,3064.1,3095.4,3063.6,3092.0,21712,GC.v.0
2025-04-09 14:00:00+00:00,34,1,287,3091.7,3103.0,3084.1,3086.3,18021,GC.v.0
2025-04-09 15:00:00+00:00,34,1,287,3086.0,3104.7,3081.2,3102.1,13569,GC.v.0
2025-04-09 16:00:00+00:00,34,1,287,3102.3,3112.2,3098.6,3109.3,10492,GC.v.0
2025-04-09 17:00:00+00:00,34,1,287,3109.7,3117.1,3066.1,3076.1,32048,GC.v.0
2025-04-09 18:00:00+00:00,34,1,287,3076.1,3090.4,3063.4,3083.7,16395,GC.v.0
2025-04-09 19:00:00+00:00,34,1,287,3083.6,3118.5,3080.1,3110.6,14412,GC.v.0
2025-04-09 20:00:00+00:00,34,1,287,3110.6,3114.0,3095.8,3099.8,4352,GC.v.0
2025-04-09 22:00:00+00:00,34,1,287,3099.1,3104.0,3086.1,3094.2,2738,GC.v.0
2025-04-09 23:00:00+00:00,34,1,287,3094.3,3103.2,3093.4,3101.2,2077,GC.v.0
2025-04-10 00:00:00+00:00,34,1,287,3101.4,3117.4,3096.3,3112.1,5090,GC.v.0
2025-04-10 01:00:00+00:00,34,1,287,3112.2,3116.0,3093.8,3109.8,9183,GC.v.0
2025-04-10 02:00:00+00:00,34,1,287,3109.8,3137.0,3109.4,3135.4,11700,GC.v.0
2025-04-10 03:00:00+00:00,34,1,287,3135.3,3148.1,3132.2,3141.6,8224,GC.v.0
2025-04-10 04:00:00+00:00,34,1,287,3141.5,3144.9,3136.5,3141.5,3994,GC.v.0
2025-04-10 05:00:00+00:00,34,1,287,3141.9,3149.4,3130.0,3139.4,7231,GC.v.0
2025-04-10 06:00:00+00:00,34,1,287,3139.0,3142.6,3134.4,3138.6,4831,GC.v.0
2025-04-10 07:00:00+00:00,34,1,287,3138.7,3139.4,3122.0,3124.5,9868,GC.v.0
2025-04-10 08:00:00+00:00,34,1,287,3124.4,3131.4,3120.6,3121.8,6299,GC.v.0
2025-04-10 09:00:00+00:00,34,1,287,3121.9,3134.2,3119.4,3132.6,5171,GC.v.0
2025-04-10 10:00:00+00:00,34,1,287,3132.8,3139.9,3131.1,3137.2,5297,GC.v.0
2025-04-10 11:00:00+00:00,34,1,287,3137.4,3143.2,3128.0,3142.2,8205,GC.v.0
2025-04-10 12:00:00+00:00,34,1,287,3142.4,3152.0,3133.3,3139.8,17888,GC.v.0
2025-04-10 13:00:00+00:00,34,1,287,3139.8,3154.7,3133.4,3134.2,16575,GC.v.0
2025-04-10 14:00:00+00:00,34,1,287,3134.4,3173.5,3134.0,3173.0,29103,GC.v.0
2025-04-10 15:00:00+00:00,34,1,287,3172.9,3193.8,3172.0,3175.1,26026,GC.v.0
2025-04-10 16:00:00+00:00,34,1,287,3175.1,3185.4,3170.4,3175.6,12722,GC.v.0
2025-04-10 17:00:00+00:00,34,1,287,3175.5,3183.2,3168.1,3179.7,12003,GC.v.0
2025-04-10 18:00:00+00:00,34,1,287,3179.7,3194.3,3175.1,3190.9,7595,GC.v.0
2025-04-10 19:00:00+00:00,34,1,287,3191.1,3193.7,3185.2,3188.6,5683,GC.v.0
2025-04-10 20:00:00+00:00,34,1,287,3188.5,3195.0,3186.7,3194.2,2840,GC.v.0
2025-04-10 22:00:00+00:00,34,1,287,3194.2,3212.0,3193.4,3208.6,7074,GC.v.0
2025-04-10 23:00:00+00:00,34,1,287,3208.7,3211.4,3202.7,3209.1,4306,GC.v.0
2025-04-11 00:00:00+00:00,34,1,287,3209.2,3237.3,3204.8,3225.7,13278,GC.v.0
2025-04-11 01:00:00+00:00,34,1,287,3225.4,3240.2,3220.5,3226.3,12387,GC.v.0
2025-04-11 02:00:00+00:00,34,1,287,3226.1,3241.5,3225.0,3236.2,6608,GC.v.0
2025-04-11 03:00:00+00:00,34,1,287,3236.0,3240.3,3233.2,3237.5,3752,GC.v.0
2025-04-11 04:00:00+00:00,34,1,287,3236.7,3237.1,3226.6,3226.8,3643,GC.v.0
2025-04-11 05:00:00+00:00,34,1,287,3226.9,3238.3,3205.0,3215.2,12443,GC.v.0
2025-04-11 06:00:00+00:00,34,1,287,3214.9,3227.9,3209.6,3215.4,10468,GC.v.0
2025-04-11 07:00:00+00:00,34,1,287,3215.6,3231.8,3211.9,3231.4,7625,GC.v.0
2025-04-11 08:00:00+00:00,34,1,287,3231.3,3246.8,3227.4,3234.0,12511,GC.v.0
2025-04-11 09:00:00+00:00,34,1,287,3233.9,3249.0,3230.0,3246.4,10017,GC.v.0
2025-04-11 10:00:00+00:00,34,1,287,3246.5,3255.9,3227.2,3229.5,13194,GC.v.0
2025-04-11 11:00:00+00:00,34,1,287,3229.5,3243.0,3228.3,3230.8,11380,GC.v.0
2025-04-11 12:00:00+00:00,34,1,287,3231.2,3252.2,3228.4,3251.1,13721,GC.v.0
2025-04-11 13:00:00+00:00,34,1,287,3251.3,3262.3,3236.6,3241.0,21198,GC.v.0
2025-04-11 14:00:00+00:00,34,1,287,3241.0,3255.8,3239.1,3246.9,17575,GC.v.0
2025-04-11 15:00:00+00:00,34,1,287,3246.9,3258.9,3246.3,3258.3,12501,GC.v.0
2025-04-11 16:00:00+00:00,34,1,287,3258.4,3263.0,3235.4,3240.9,14732,GC.v.0
2025-04-11 17:00:00+00:00,34,1,287,3240.9,3253.3,3240.9,3251.9,11698,GC.v.0
2025-04-11 18:00:00+00:00,34,1,287,3252.1,3256.4,3248.7,3252.8,4650,GC.v.0
2025-04-11 19:00:00+00:00,34,1,287,3252.8,3253.0,3245.4,3248.1,5881,GC.v.0
2025-04-11 20:00:00+00:00,34,1,287,3248.2,3257.1,3248.2,3254.9,2856,GC.v.0
2025-04-13 22:00:00+00:00,34,1,287,3246.0,3250.0,3225.6,3238.2,6408,GC.v.0
2025-04-13 23:00:00+00:00,34,1,287,3238.0,3241.5,3233.7,3240.7,2912,GC.v.0
2025-04-14 00:00:00+00:00,34,1,287,3240.4,3244.4,3236.1,3238.0,3544,GC.v.0
2025-04-14 01:00:00+00:00,34,1,287,3238.2,3259.8,3231.8,3256.2,10189,GC.v.0
2025-04-14 02:00:00+00:00,34,1,287,3255.8,3261.6,3245.6,3248.0,7234,GC.v.0
2025-04-14 03:00:00+00:00,34,1,287,3247.7,3250.2,3242.4,3247.6,3240,GC.v.0
2025-04-14 04:00:00+00:00,34,1,287,3247.8,3250.8,3241.1,3242.4,2716,GC.v.0
2025-04-14 05:00:00+00:00,34,1,287,3242.3,3251.2,3236.7,3249.9,4703,GC.v.0
2025-04-14 06:00:00+00:00,34,1,287,3249.7,3253.8,3244.1,3246.5,4697,GC.v.0
2025-04-14 07:00:00+00:00,34,1,287,3246.6,3249.6,3239.9,3243.3,5958,GC.v.0
2025-04-14 08:00:00+00:00,34,1,287,3243.3,3246.2,3232.3,3242.8,11207,GC.v.0
2025-04-14 09:00:00+00:00,34,1,287,3242.6,3247.5,3236.0,3239.9,5816,GC.v.0
2025-04-14 10:00:00+00:00,34,1,287,3239.7,3240.3,3221.1,3230.5,12436,GC.v.0
2025-04-14 11:00:00+00:00,34,1,287,3230.3,3242.0,3229.1,3239.1,8407,GC.v.0
2025-04-14 12:00:00+00:00,34,1,287,3239.2,3244.4,3216.6,3223.3,17301,GC.v.0
2025-04-14 13:00:00+00:00,34,1,287,3223.2,3227.4,3208.7,3221.3,21124,GC.v.0
2025-04-14 14:00:00+00:00,34,1,287,3221.1,3232.6,3211.7,3227.9,13577,GC.v.0
2025-04-14 15:00:00+00:00,34,1,287,3227.8,3228.0,3213.0,3214.6,13443,GC.v.0
2025-04-14 16:00:00+00:00,34,1,287,3214.7,3224.4,3214.4,3223.4,7509,GC.v.0
2025-04-14 17:00:00+00:00,34,1,287,3223.4,3232.5,3223.1,3229.4,8809,GC.v.0
2025-04-14 18:00:00+00:00,34,1,287,3229.5,3230.8,3216.6,3223.9,5766,GC.v.0
2025-04-14 19:00:00+00:00,34,1,287,3223.8,3228.8,3223.7,3228.1,3450,GC.v.0
2025-04-14 20:00:00+00:00,34,1,287,3228.2,3229.6,3223.1,3226.8,1552,GC.v.0
2025-04-14 22:00:00+00:00,34,1,287,3226.1,3231.0,3226.0,3228.1,1456,GC.v.0
2025-04-14 23:00:00+00:00,34,1,287,3228.1,3230.5,3226.2,3228.8,1300,GC.v.0
2025-04-15 00:00:00+00:00,34,1,287,3229.0,3231.8,3226.8,3227.6,2049,GC.v.0
2025-04-15 01:00:00+00:00,34,1,287,3227.3,3242.0,3225.5,3239.4,7608,GC.v.0
2025-04-15 02:00:00+00:00,34,1,287,3239.8,3240.5,3234.7,3239.8,2760,GC.v.0
2025-04-15 03:00:00+00:00,34,1,287,3239.7,3245.2,3239.2,3244.5,3994,GC.v.0
2025-04-15 04:00:00+00:00,34,1,287,3244.3,3249.0,3243.0,3248.1,2936,GC.v.0
2025-04-15 05:00:00+00:00,34,1,287,3248.4,3248.4,3236.9,3240.4,4253,GC.v.0
2025-04-15 06:00:00+00:00,34,1,287,3240.3,3244.5,3238.9,3241.1,3925,GC.v.0
2025-04-15 07:00:00+00:00,34,1,287,3241.3,3242.6,3232.7,3241.4,5982,GC.v.0
2025-04-15 08:00:00+00:00,34,1,287,3241.4,3247.7,3239.4,3243.5,6990,GC.v.0
2025-04-15 09:00:00+00:00,34,1,287,3243.5,3246.4,3237.0,3238.6,3439,GC.v.0
2025-04-15 10:00:00+00:00,34,1,287,3238.6,3243.3,3235.0,3236.2,3326,GC.v.0
2025-04-15 11:00:00+00:00,34,1,287,3236.3,3240.0,3232.2,3236.3,4874,GC.v.0
2025-04-15 12:00:00+00:00,34,1,287,3236.3,3242.2,3229.6,3238.2,11072,GC.v.0
2025-04-15 13:00:00+00:00,34,1,287,3238.2,3242.8,3228.0,3229.9,11363,GC.v.0
2025-04-15 14:00:00+00:00,34,1,287,3229.9,3243.2,3229.8,3239.1,11833,GC.v.0
2025-04-15 15:00:00+00:00,34,1,287,3239.0,3241.0,3233.2,3237.6,6367,GC.v.0
2025-04-15 16:00:00+00:00,34,1,287,3237.8,3239.8,3235.8,3237.5,3558,GC.v.0
2025-04-15 17:00:00+00:00,34,1,287,3237.5,3247.0,3236.4,3244.0,7056,GC.v.0
2025-04-15 18:00:00+00:00,34,1,287,3244.0,3246.3,3241.7,3245.5,2903,GC.v.0
2025-04-15 19:00:00+00:00,34,1,287,3245.4,3248.0,3243.1,3246.7,3463,GC.v.0
2025-04-15 20:00:00+00:00,34,1,287,3246.9,3250.9,3243.4,3246.9,3240,GC.v.0
2025-04-15 22:00:00+00:00,34,1,287,3248.4,3257.9,3245.2,3256.7,4007,GC.v.0
2025-04-15 23:00:00+00:00,34,1,287,3256.9,3269.2,3254.1,3269.0,7621,GC.v.0
2025-04-16 00:00:00+00:00,34,1,287,3269.3,3285.5,3268.7,3282.2,10463,GC.v.0
2025-04-16 01:00:00+00:00,34,1,287,3282.3,3291.6,3273.1,3286.7,12531,GC.v.0
2025-04-16 02:00:00+00:00,34,1,287,3286.5,3291.3,3283.4,3284.2,5272,GC.v.0
2025-04-16 03:00:00+00:00,34,1,287,3284.3,3298.5,3281.3,3297.8,6644,GC.v.0
2025-04-16 04:00:00+00:00,34,1,287,3297.8,3305.1,3286.5,3300.5,9385,GC.v.0
2025-04-16 05:00:00+00:00,34,1,287,3300.6,3308.8,3300.6,3307.3,7427,GC.v.0
2025-04-16 06:00:00+00:00,34,1,287,3307.3,3311.7,3302.8,3308.2,8646,GC.v.0
2025-04-16 07:00:00+00:00,34,1,287,3308.4,3317.8,3308.1,3316.7,12355,GC.v.0
2025-04-16 08:00:00+00:00,34,1,287,3316.7,3334.2,3305.1,3323.8,25903,GC.v.0
2025-04-16 09:00:00+00:00,34,1,287,3323.9,3327.8,3316.3,3319.6,8284,GC.v.0
2025-04-16 10:00:00+00:00,34,1,287,3320.0,3322.8,3315.7,3320.2,4130,GC.v.0
2025-04-16 11:00:00+00:00,34,1,287,3320.2,3330.0,3309.1,3323.2,12840,GC.v.0
2025-04-16 12:00:00+00:00,34,1,287,3323.1,3329.5,3318.8,3323.1,10124,GC.v.0
2025-04-16 13:00:00+00:00,34,1,287,3323.1,3333.5,3312.6,3328.3,16853,GC.v.0
2025-04-16 14:00:00+00:00,34,1,287,3328.4,3336.0,3321.9,3324.2,17419,GC.v.0
2025-04-16 15:00:00+00:00,34,1,287,3324.3,3344.2,3321.0,3341.2,15394,GC.v.0
2025-04-16 16:00:00+00:00,34,1,287,3341.0,3348.5,3337.2,3344.0,14477,GC.v.0
2025-04-16 17:00:00+00:00,34,1,287,3344.2,3349.2,3340.4,3344.0,10658,GC.v.0
2025-04-16 18:00:00+00:00,34,1,287,3343.8,3356.6,3342.1,3353.6,10737,GC.v.0
2025-04-16 19:00:00+00:00,34,1,287,3353.4,3358.4,3351.3,3352.0,8197,GC.v.0
2025-04-16 20:00:00+00:00,34,1,287,3352.0,3357.9,3350.0,3357.7,4292,GC.v.0
2025-04-16 22:00:00+00:00,34,1,287,3357.5,3371.9,3356.9,3364.9,5957,GC.v.0
2025-04-16 23:00:00+00:00,34,1,287,3365.1,3367.3,3361.2,3363.9,4341,GC.v.0
2025-04-17 00:00:00+00:00,34,1,287,3364.0,3364.8,3354.7,3359.0,9336,GC.v.0
2025-04-17 01:00:00+00:00,34,1,287,3359.0,3369.1,3333.1,3337.0,23202,GC.v.0
2025-04-17 02:00:00+00:00,34,1,287,3336.9,3352.5,3333.5,3352.4,9551,GC.v.0
2025-04-17 03:00:00+00:00,34,1,287,3352.1,3357.2,3349.6,3357.1,4900,GC.v.0
2025-04-17 04:00:00+00:00,34,1,287,3357.0,3357.1,3349.6,3353.8,3424,GC.v.0
2025-04-17 05:00:00+00:00,34,1,287,3353.7,3357.4,3341.4,3342.3,5056,GC.v.0
2025-04-17 06:00:00+00:00,34,1,287,3342.6,3347.0,3338.4,3342.4,7332,GC.v.0
2025-04-17 07:00:00+00:00,34,1,287,3342.5,3343.3,3327.3,3336.5,13523,GC.v.0
2025-04-17 08:00:00+00:00,34,1,287,3336.5,3338.7,3325.5,3337.6,7719,GC.v.0
2025-04-17 09:00:00+00:00,34,1,287,3337.5,3340.9,3333.6,3335.1,5344,GC.v.0
2025-04-17 10:00:00+00:00,34,1,287,3335.3,3347.3,3334.6,3341.1,6377,GC.v.0
2025-04-17 11:00:00+00:00,34,1,287,3341.2,3346.8,3335.3,3341.2,6731,GC.v.0
2025-04-17 12:00:00+00:00,34,1,287,3341.2,3355.8,3335.7,3341.5,13533,GC.v.0
2025-04-17 13:00:00+00:00,34,1,287,3341.6,3346.3,3324.4,3327.9,20857,GC.v.0
2025-04-17 14:00:00+00:00,34,1,287,3327.9,3327.9,3296.4,3304.2,35129,GC.v.0
2025-04-17 15:00:00+00:00,34,1,287,3304.4,3318.9,3303.4,3308.8,14709,GC.v.0
2025-04-17 16:00:00+00:00,34,1,287,3309.3,3332.3,3307.4,3330.1,12668,GC.v.0
2025-04-17 17:00:00+00:00,34,1,287,3330.1,3336.4,3327.5,3332.5,9032,GC.v.0
2025-04-17 18:00:00+00:00,34,1,287,3332.5,3334.4,3327.5,3329.6,3686,GC.v.0
2025-04-17 19:00:00+00:00,34,1,287,3329.2,3335.0,3323.7,3334.5,5167,GC.v.0
2025-04-17 20:00:00+00:00,34,1,287,3334.6,3342.7,3332.0,3341.3,3537,GC.v.0
2025-04-20 22:00:00+00:00,34,1,287,3347.0,3368.1,3344.0,3360.2,7967,GC.v.0
2025-04-20 23:00:00+00:00,34,1,287,3360.3,3366.7,3357.7,3361.8,5467,GC.v.0
2025-04-21 00:00:00+00:00,34,1,287,3362.0,3384.7,3361.2,3382.5,12414,GC.v.0
2025-04-21 01:00:00+00:00,34,1,287,3382.2,3391.6,3380.8,3390.2,12553,GC.v.0
2025-04-21 02:00:00+00:00,34,1,287,3390.4,3397.6,3386.8,3396.6,8720,GC.v.0
2025-04-21 03:00:00+00:00,34,1,287,3396.7,3397.2,3389.9,3394.1,6326,GC.v.0
2025-04-21 04:00:00+00:00,34,1,287,3393.9,3393.9,3382.0,3388.6,5034,GC.v.0
2025-04-21 05:00:00+00:00,34,1,287,3388.5,3397.3,3387.8,3396.8,7602,GC.v.0
2025-04-21 06:00:00+00:00,34,1,287,3396.8,3404.7,3394.1,3403.7,9397,GC.v.0
2025-04-21 07:00:00+00:00,34,1,287,3403.5,3407.3,3393.3,3397.1,7885,GC.v.0
2025-04-21 08:00:00+00:00,34,1,287,3397.0,3405.4,3395.1,3403.8,5285,GC.v.0
2025-04-21 09:00:00+00:00,34,1,287,3403.9,3408.8,3402.2,3406.7,5551,GC.v.0
2025-04-21 10:00:00+00:00,34,1,287,3406.6,3409.3,3403.6,3407.3,4921,GC.v.0
2025-04-21 11:00:00+00:00,34,1,287,3407.1,3417.3,3398.1,3415.6,11862,GC.v.0
2025-04-21 12:00:00+00:00,34,1,287,3415.9,3427.5,3410.4,3426.6,17238,GC.v.0
2025-04-21 13:00:00+00:00,34,1,287,3426.6,3438.9,3416.9,3432.3,26411,GC.v.0
2025-04-21 14:00:00+00:00,34,1,287,3432.4,3442.3,3420.7,3428.6,20678,GC.v.0
2025-04-21 15:00:00+00:00,34,1,287,3428.7,3437.4,3419.1,3433.9,14640,GC.v.0
2025-04-21 16:00:00+00:00,34,1,287,3434.0,3435.0,3421.1,3426.1,9345,GC.v.0
2025-04-21 17:00:00+00:00,34,1,287,3426.0,3434.7,3417.1,3434.1,14667,GC.v.0
2025-04-21 18:00:00+00:00,34,1,287,3434.1,3437.8,3428.8,3437.0,5852,GC.v.0
2025-04-21 19:00:00+00:00,34,1,287,3436.9,3441.6,3428.2,3434.5,7311,GC.v.0
2025-04-21 20:00:00+00:00,34,1,287,3434.7,3438.3,3430.5,3435.1,2746,GC.v.0
2025-04-21 22:00:00+00:00,34,1,287,3435.1,3448.0,3434.4,3442.3,5311,GC.v.0
2025-04-21 23:00:00+00:00,34,1,287,3442.4,3455.9,3440.2,3445.3,9170,GC.v.0
2025-04-22 00:00:00+00:00,34,1,287,3445.3,3446.3,3423.9,3436.2,15435,GC.v.0
2025-04-22 01:00:00+00:00,34,1,287,3436.1,3464.6,3431.8,3462.6,19196,GC.v.0
2025-04-22 02:00:00+00:00,34,1,287,3462.5,3485.9,3452.4,3482.7,16400,GC.v.0
2025-04-22 03:00:00+00:00,34,1,287,3482.7,3504.2,3481.2,3497.4,17155,GC.v.0
2025-04-22 04:00:00+00:00,34,1,287,3497.4,3497.9,3488.7,3493.9,9265,GC.v.0
2025-04-22 05:00:00+00:00,34,1,287,3494.0,3504.9,3482.3,3503.6,12718,GC.v.0
2025-04-22 06:00:00+00:00,34,1,287,3503.8,3509.9,3484.7,3489.9,21126,GC.v.0
2025-04-22 07:00:00+00:00,34,1,287,3489.7,3491.2,3471.2,3479.5,19254,GC.v.0
2025-04-22 08:00:00+00:00,34,1,287,3479.7,3483.8,3454.1,3455.5,16822,GC.v.0
2025-04-22 09:00:00+00:00,34,1,287,3455.6,3470.5,3455.3,3466.7,12976,GC.v.0
2025-04-22 10:00:00+00:00,34,1,287,3466.8,3480.4,3462.6,3463.7,12432,GC.v.0
2025-04-22 11:00:00+00:00,34,1,287,3463.6,3473.4,3459.5,3468.6,9042,GC.v.0
2025-04-22 12:00:00+00:00,34,1,287,3468.5,3476.6,3435.5,3442.9,26091,GC.v.0
2025-04-22 13:00:00+00:00,34,1,287,3443.1,3462.0,3419.0,3430.9,42618,GC.v.0
2025-04-22 14:00:00+00:00,34,1,287,3431.0,3452.2,3430.0,3442.9,21839,GC.v.0
2025-04-22 15:00:00+00:00,34,1,287,3442.7,3446.2,3422.1,3429.3,19126,GC.v.0
2025-04-22 16:00:00+00:00,34,1,287,3429.2,3432.6,3383.2,3405.0,47512,GC.v.0
2025-04-22 17:00:00+00:00,34,1,287,3405.3,3422.6,3398.1,3414.2,22010,GC.v.0
2025-04-22 18:00:00+00:00,34,1,287,3414.2,3414.8,3384.5,3393.2,10198,GC.v.0
2025-04-22 19:00:00+00:00,34,1,287,3393.5,3398.0,3379.1,3387.6,10602,GC.v.0
2025-04-22 20:00:00+00:00,34,1,287,3387.7,3395.2,3386.0,3392.0,3574,GC.v.0
2025-04-22 22:00:00+00:00,34,1,287,3367.7,3367.8,3316.0,3337.7,18981,GC.v.0
2025-04-22 23:00:00+00:00,34,1,287,3338.0,3359.4,3336.6,3346.2,11012,GC.v.0
2025-04-23 00:00:00+00:00,34,1,287,3346.1,3380.5,3343.7,3376.7,13197,GC.v.0
2025-04-23 01:00:00+00:00,34,1,287,3376.8,3396.0,3367.9,3388.8,21260,GC.v.0
2025-04-23 02:00:00+00:00,34,1,287,3388.7,3389.6,3357.9,3363.6,12916,GC.v.0
2025-04-23 03:00:00+00:00,34,1,287,3363.8,3365.2,3339.2,3349.1,14296,GC.v.0
2025-04-23 04:00:00+00:00,34,1,287,3349.4,3356.9,3345.7,3356.2,4016,GC.v.0
2025-04-23 05:00:00+00:00,34,1,287,3356.3,3359.5,3324.7,3329.1,15307,GC.v.0
2025-04-23 06:00:00+00:00,34,1,287,3329.2,3336.6,3302.6,3312.1,20329,GC.v.0
2025-04-23 07:00:00+00:00,34,1,287,3312.6,3331.4,3312.6,3329.9,11808,GC.v.0
2025-04-23 08:00:00+00:00,34,1,287,3330.1,3333.0,3316.9,3333.0,8853,GC.v.0
2025-04-23 09:00:00+00:00,34,1,287,3333.1,3352.4,3328.0,3328.5,14643,GC.v.0
2025-04-23 10:00:00+00:00,34,1,287,3328.3,3347.0,3327.3,3341.6,8410,GC.v.0
2025-04-23 11:00:00+00:00,34,1,287,3341.6,3351.7,3332.8,3335.3,9498,GC.v.0
2025-04-23 12:00:00+00:00,34,1,287,3335.3,3345.7,3321.8,3322.2,18640,GC.v.0
2025-04-23 13:00:00+00:00,34,1,287,3322.0,3325.5,3281.6,3288.0,47887,GC.v.0
2025-04-23 14:00:00+00:00,34,1,287,3287.8,3308.8,3270.8,3299.2,42648,GC.v.0
2025-04-23 15:00:00+00:00,34,1,287,3298.9,3306.8,3280.0,3292.8,24232,GC.v.0
2025-04-23 16:00:00+00:00,34,1,287,3293.0,3319.0,3291.7,3307.3,14707,GC.v.0
2025-04-23 17:00:00+00:00,34,1,287,3307.6,3314.9,3288.9,3294.0,13681,GC.v.0
2025-04-23 18:00:00+00:00,34,1,287,3294.2,3300.0,3290.6,3295.8,4937,GC.v.0
2025-04-23 19:00:00+00:00,34,1,287,3295.8,3310.3,3295.8,3306.9,7272,GC.v.0
2025-04-23 20:00:00+00:00,34,1,287,3307.2,3309.1,3297.0,3301.5,3517,GC.v.0
2025-04-23 22:00:00+00:00,34,1,287,3301.8,3329.0,3301.3,3321.2,5597,GC.v.0
2025-04-23 23:00:00+00:00,34,1,287,3321.3,3328.2,3320.3,3327.4,2772,GC.v.0
2025-04-24 00:00:00+00:00,34,1,287,3327.6,3349.0,3324.1,3341.1,12235,GC.v.0
2025-04-24 01:00:00+00:00,34,1,287,3340.8,3377.0,3340.0,3366.5,25472,GC.v.0
2025-04-24 02:00:00+00:00,34,1,287,3366.4,3372.8,3345.5,3352.6,14789,GC.v.0
2025-04-24 03:00:00+00:00,34,1,287,3352.3,3353.1,3331.7,3337.4,11140,GC.v.0
2025-04-24 04:00:00+00:00,34,1,287,3337.3,3341.8,3335.1,3337.4,4239,GC.v.0
2025-04-24 05:00:00+00:00,34,1,287,3337.3,3345.5,3330.6,3334.3,6843,GC.v.0
2025-04-24 06:00:00+00:00,34,1,287,3334.4,3339.3,3325.3,3335.9,11175,GC.v.0
2025-04-24 07:00:00+00:00,34,1,287,3335.9,3350.8,3333.9,3344.2,11451,GC.v.0
2025-04-24 08:00:00+00:00,34,1,287,3344.1,3352.9,3337.7,3346.5,7267,GC.v.0
2025-04-24 09:00:00+00:00,34,1,287,3346.5,3354.7,3336.7,3347.7,7527,GC.v.0
2025-04-24 10:00:00+00:00,34,1,287,3347.2,3348.2,3337.4,3341.5,4989,GC.v.0
2025-04-24 11:00:00+00:00,34,1,287,3341.3,3356.1,3341.1,3348.7,8269,GC.v.0
2025-04-24 12:00:00+00:00,34,1,287,3348.5,3356.7,3346.7,3347.3,10015,GC.v.0
2025-04-24 13:00:00+00:00,34,1,287,3347.4,3348.2,3323.5,3326.5,21290,GC.v.0
2025-04-24 14:00:00+00:00,34,1,287,3326.5,3342.6,3316.9,3338.7,21962,GC.v.0
2025-04-24 15:00:00+00:00,34,1,287,3338.4,3341.4,3330.6,3340.7,11166,GC.v.0
2025-04-24 16:00:00+00:00,34,1,287,3340.8,3347.6,3334.2,3344.1,10284,GC.v.0
2025-04-24 17:00:00+00:00,34,1,287,3344.2,3351.2,3342.0,3349.2,9538,GC.v.0
2025-04-24 18:00:00+00:00,34,1,287,3349.0,3351.8,3345.5,3346.8,3689,GC.v.0
2025-04-24 19:00:00+00:00,34,1,287,3346.9,3358.9,3345.2,3353.8,4767,GC.v.0
2025-04-24 20:00:00+00:00,34,1,287,3353.8,3361.9,3349.4,3361.3,3207,GC.v.0
2025-04-24 22:00:00+00:00,34,1,287,3362.0,3384.1,3361.3,3378.7,10118,GC.v.0
2025-04-24 23:00:00+00:00,34,1,287,3378.5,3380.0,3357.4,3360.2,7094,GC.v.0
2025-04-25 00:00:00+00:00,34,1,287,3359.8,3372.8,3358.3,3368.9,8158,GC.v.0
2025-04-25 01:00:00+00:00,34,1,287,3368.2,3374.3,3353.1,3356.2,9709,GC.v.0
2025-04-25 02:00:00+00:00,34,1,287,3356.1,3364.3,3355.0,3359.7,6387,GC.v.0
2025-04-25 03:00:00+00:00,34,1,287,3359.7,3365.5,3333.0,3334.2,7043,GC.v.0
2025-04-25 04:00:00+00:00,34,1,287,3334.4,3338.0,3326.9,3334.9,8306,GC.v.0
2025-04-25 05:00:00+00:00,34,1,287,3335.1,3337.4,3296.0,3303.9,17210,GC.v.0
2025-04-25 06:00:00+00:00,34,1,287,3303.8,3316.1,3297.4,3314.8,14816,GC.v.0
2025-04-25 07:00:00+00:00,34,1,287,3315.0,3325.2,3313.8,3317.2,8941,GC.v.0
2025-04-25 08:00:00+00:00,34,1,287,3317.2,3317.7,3302.5,3314.2,8580,GC.v.0
2025-04-25 09:00:00+00:00,34,1,287,3314.1,3319.1,3302.0,3302.1,6843,GC.v.0
2025-04-25 10:00:00+00:00,34,1,287,3302.1,3317.0,3302.0,3308.4,6417,GC.v.0
2025-04-25 11:00:00+00:00,34,1,287,3308.0,3311.5,3297.6,3303.9,6931,GC.v.0
2025-04-25 12:00:00+00:00,34,1,287,3303.6,3313.6,3301.0,3302.6,10822,GC.v.0
2025-04-25 13:00:00+00:00,34,1,287,3302.9,3303.0,3274.8,3290.7,32188,GC.v.0
2025-04-25 14:00:00+00:00,34,1,287,3290.9,3298.7,3284.4,3288.2,16905,GC.v.0
2025-04-25 15:00:00+00:00,34,1,287,3288.1,3296.4,3279.8,3293.4,10294,GC.v.0
2025-04-25 16:00:00+00:00,34,1,287,3293.7,3298.9,3291.0,3296.4,5566,GC.v.0
2025-04-25 17:00:00+00:00,34,1,287,3296.5,3306.6,3292.7,3304.2,9922,GC.v.0
2025-04-25 18:00:00+00:00,34,1,287,3304.4,3308.2,3299.1,3299.5,4363,GC.v.0
2025-04-25 19:00:00+00:00,34,1,287,3299.6,3324.0,3298.7,3315.8,8300,GC.v.0
2025-04-25 20:00:00+00:00,34,1,287,3316.0,3331.5,3315.7,3330.2,4212,GC.v.0
2025-04-27 22:00:00+00:00,34,1,287,3336.5,3348.2,3319.2,3320.9,8391,GC.v.0
2025-04-27 23:00:00+00:00,34,1,287,3321.3,3328.3,3309.5,3313.7,6766,GC.v.0
2025-04-28 00:00:00+00:00,34,1,287,3313.4,3326.6,3312.4,3324.6,7865,GC.v.0
2025-04-28 01:00:00+00:00,34,1,287,3324.2,3325.8,3289.0,3290.8,15660,GC.v.0
2025-04-28 02:00:00+00:00,34,1,287,3290.9,3297.4,3278.0,3290.9,12628,GC.v.0
2025-04-28 03:00:00+00:00,34,1,287,3291.0,3306.0,3290.5,3301.7,7147,GC.v.0
2025-04-28 04:00:00+00:00,34,1,287,3301.7,3309.8,3299.7,3309.6,4042,GC.v.0
2025-04-28 05:00:00+00:00,34,1,287,3309.6,3311.4,3298.3,3304.8,5103,GC.v.0
2025-04-28 06:00:00+00:00,34,1,287,3305.4,3307.0,3292.5,3294.6,6586,GC.v.0
2025-04-28 07:00:00+00:00,34,1,287,3294.7,3303.4,3288.4,3297.6,8305,GC.v.0
2025-04-28 08:00:00+00:00,34,1,287,3298.0,3298.8,3288.9,3292.7,3814,GC.v.0
2025-04-28 09:00:00+00:00,34,1,287,3292.6,3298.1,3284.2,3284.4,6572,GC.v.0
2025-04-28 10:00:00+00:00,34,1,287,3284.4,3302.7,3282.6,3300.4,7240,GC.v.0
2025-04-28 11:00:00+00:00,34,1,287,3300.3,3308.6,3295.0,3305.2,7049,GC.v.0
2025-04-28 12:00:00+00:00,34,1,287,3305.9,3313.8,3304.2,3306.7,10040,GC.v.0
2025-04-28 13:00:00+00:00,34,1,287,3306.6,3312.6,3297.0,3303.5,17028,GC.v.0
2025-04-28 14:00:00+00:00,34,1,287,3303.3,3344.9,3303.3,3339.6,26070,GC.v.0
2025-04-28 15:00:00+00:00,34,1,287,3339.5,3347.4,3329.2,3336.4,16195,GC.v.0
2025-04-28 16:00:00+00:00,34,1,287,3336.3,3350.2,3335.6,3347.2,10307,GC.v.0
2025-04-28 17:00:00+00:00,34,1,287,3347.3,3351.7,3343.0,3346.7,6937,GC.v.0
2025-04-28 18:00:00+00:00,34,1,287,3346.3,3361.9,3345.1,3359.6,7038,GC.v.0
2025-04-28 19:00:00+00:00,34,1,287,3359.7,3363.8,3356.3,3362.5,5756,GC.v.0
2025-04-28 20:00:00+00:00,34,1,287,3362.5,3363.0,3353.3,3354.8,3136,GC.v.0
2025-04-28 22:00:00+00:00,34,1,287,3354.9,3359.3,3342.6,3348.3,4281,GC.v.0
2025-04-28 23:00:00+00:00,34,1,287,3348.2,3353.2,3343.8,3348.0,3947,GC.v.0
2025-04-29 00:00:00+00:00,34,1,287,3348.2,3349.8,3337.3,3339.8,5596,GC.v.0
2025-04-29 01:00:00+00:00,34,1,287,3339.6,3350.8,3333.1,3337.6,10199,GC.v.0
2025-04-29 02:00:00+00:00,34,1,287,3337.5,3344.9,3329.2,3330.5,6207,GC.v.0
2025-04-29 03:00:00+00:00,34,1,287,3330.5,3332.2,3317.7,3325.8,8682,GC.v.0
2025-04-29 04:00:00+00:00,34,1,287,3325.7,3328.0,3316.8,3319.6,3671,GC.v.0
2025-04-29 05:00:00+00:00,34,1,287,3319.8,3326.6,3314.8,3320.2,4660,GC.v.0
2025-04-29 06:00:00+00:00,34,1,287,3320.5,3333.6,3318.6,3328.5,6632,GC.v.0
2025-04-29 07:00:00+00:00,34,1,287,3328.5,3333.2,3322.3,3333.0,5220,GC.v.0
2025-04-29 08:00:00+00:00,34,1,287,3333.1,3334.8,3321.6,3321.7,3837,GC.v.0
2025-04-29 09:00:00+00:00,34,1,287,3321.6,3326.1,3318.5,3318.7,4512,GC.v.0
2025-04-29 10:00:00+00:00,34,1,287,3318.7,3325.4,3315.7,3322.3,4875,GC.v.0
2025-04-29 11:00:00+00:00,34,1,287,3322.6,3325.8,3317.3,3319.1,4726,GC.v.0
2025-04-29 12:00:00+00:00,34,1,287,3318.8,3324.7,3309.6,3322.6,13418,GC.v.0
2025-04-29 13:00:00+00:00,34,1,287,3322.5,3331.8,3309.2,3317.1,20150,GC.v.0
2025-04-29 14:00:00+00:00,34,1,287,3317.1,3328.6,3309.6,3325.3,16025,GC.v.0
2025-04-29 15:00:00+00:00,34,1,287,3325.2,3326.3,3315.9,3323.4,7595,GC.v.0
2025-04-29 16:00:00+00:00,34,1,287,3323.8,3340.5,3323.2,3339.1,9677,GC.v.0
2025-04-29 17:00:00+00:00,34,1,287,3339.2,3340.1,3323.6,3324.1,6662,GC.v.0
2025-04-29 18:00:00+00:00,34,1,287,3323.8,3330.0,3322.8,3329.9,4573,GC.v.0
2025-04-29 19:00:00+00:00,34,1,287,3330.0,3335.2,3327.7,3330.3,4622,GC.v.0
2025-04-29 20:00:00+00:00,34,1,287,3330.4,3333.6,3327.3,3327.6,1576,GC.v.0
2025-04-29 22:00:00+00:00,34,1,287,3324.5,3332.8,3322.2,3328.8,1950,GC.v.0
2025-04-29 23:00:00+00:00,34,1,287,3329.0,3329.4,3320.8,3326.8,2167,GC.v.0
2025-04-30 00:00:00+00:00,34,1,287,3326.7,3337.6,3321.5,3323.2,5332,GC.v.0
2025-04-30 01:00:00+00:00,34,1,287,3323.1,3332.5,3317.0,3317.5,6014,GC.v.0
2025-04-30 02:00:00+00:00,34,1,287,3317.3,3322.6,3314.6,3316.5,4303,GC.v.0
2025-04-30 03:00:00+00:00,34,1,287,3316.5,3321.5,3312.8,3314.3,3844,GC.v.0
2025-04-30 04:00:00+00:00,34,1,287,3314.0,3318.3,3310.7,3317.4,3396,GC.v.0
2025-04-30 05:00:00+00:00,34,1,287,3317.3,3324.1,3317.1,3319.4,4132,GC.v.0
2025-04-30 06:00:00+00:00,34,1,287,3319.6,3320.9,3314.3,3315.4,3941,GC.v.0
2025-04-30 07:00:00+00:00,34,1,287,3315.4,3324.3,3312.4,3316.8,5303,GC.v.0
2025-04-30 08:00:00+00:00,34,1,287,3316.8,3317.1,3289.5,3293.7,15062,GC.v.0
2025-04-30 09:00:00+00:00,34,1,287,3293.7,3296.8,3284.0,3285.3,8544,GC.v.0
2025-04-30 10:00:00+00:00,34,1,287,3285.1,3290.0,3281.0,3281.6,6909,GC.v.0
2025-04-30 11:00:00+00:00,34,1,287,3281.8,3291.2,3276.7,3281.5,10023,GC.v.0
2025-04-30 12:00:00+00:00,34,1,287,3281.5,3315.1,3275.6,3307.9,24458,GC.v.0
2025-04-30 13:00:00+00:00,34,1,287,3308.1,3330.1,3306.2,3318.9,23260,GC.v.0
2025-04-30 14:00:00+00:00,34,1,287,3318.5,3324.3,3301.6,3320.5,28524,GC.v.0
2025-04-30 15:00:00+00:00,34,1,287,3320.4,3325.1,3309.0,3318.5,14209,GC.v.0
2025-04-30 16:00:00+00:00,34,1,287,3318.8,3325.0,3317.6,3321.3,6293,GC.v.0
2025-04-30 17:00:00+00:00,34,1,287,3321.5,3324.3,3315.0,3315.8,7182,GC.v.0
2025-04-30 18:00:00+00:00,34,1,287,3315.7,3318.0,3310.7,3312.6,4955,GC.v.0
2025-04-30 19:00:00+00:00,34,1,287,3312.4,3316.5,3302.7,3306.8,5323,GC.v.0
2025-04-30 20:00:00+00:00,34,1,287,3306.7,3308.7,3293.9,3299.2,3963,GC.v.0
2025-04-30 22:00:00+00:00,34,1,287,3299.0,3300.6,3280.0,3282.5,5558,GC.v.0
2025-04-30 23:00:00+00:00,34,1,287,3282.8,3294.0,3278.4,3281.5,4534,GC.v.0
2025-05-01 00:00:00+00:00,34,1,287,3281.5,3285.0,3247.7,3253.9,16947,GC.v.0
2025-05-01 01:00:00+00:00,34,1,287,3253.8,3259.5,3241.6,3246.9,9836,GC.v.0
2025-05-01 02:00:00+00:00,34,1,287,3246.5,3258.5,3242.8,3248.1,6008,GC.v.0
2025-05-01 03:00:00+00:00,34,1,287,3248.2,3249.3,3236.1,3236.7,8830,GC.v.0
2025-05-01 04:00:00+00:00,34,1,287,3237.0,3239.7,3228.3,3234.5,7167,GC.v.0
2025-05-01 05:00:00+00:00,34,1,287,3234.3,3247.1,3231.0,3244.6,6326,GC.v.0
2025-05-01 06:00:00+00:00,34,1,287,3245.0,3251.8,3241.4,3243.9,8039,GC.v.0
2025-05-01 07:00:00+00:00,34,1,287,3243.8,3245.2,3233.8,3238.2,6410,GC.v.0
2025-05-01 08:00:00+00:00,34,1,287,3238.2,3245.3,3237.9,3243.1,3350,GC.v.0
2025-05-01 09:00:00+00:00,34,1,287,3243.2,3244.4,3221.8,3226.0,7338,GC.v.0
2025-05-01 10:00:00+00:00,34,1,287,3226.3,3233.3,3221.1,3230.7,6172,GC.v.0
2025-05-01 11:00:00+00:00,34,1,287,3230.8,3234.9,3211.0,3213.1,11896,GC.v.0
2025-05-01 12:00:00+00:00,34,1,287,3212.9,3241.0,3209.4,3234.4,19871,GC.v.0
2025-05-01 13:00:00+00:00,34,1,287,3234.5,3241.6,3226.4,3233.0,15457,GC.v.0
2025-05-01 14:00:00+00:00,34,1,287,3232.3,3239.5,3222.0,3226.7,17855,GC.v.0
2025-05-01 15:00:00+00:00,34,1,287,3226.8,3229.7,3212.2,3224.6,13413,GC.v.0
2025-05-01 16:00:00+00:00,34,1,287,3224.4,3229.1,3216.4,3227.7,8075,GC.v.0
2025-05-01 17:00:00+00:00,34,1,287,3228.0,3229.2,3217.4,3221.9,6852,GC.v.0
2025-05-01 18:00:00+00:00,34,1,287,3222.0,3234.7,3220.2,3231.2,4903,GC.v.0
2025-05-01 19:00:00+00:00,34,1,287,3231.4,3238.5,3231.3,3236.6,4229,GC.v.0
2025-05-01 20:00:00+00:00,34,1,287,3237.0,3249.0,3236.5,3248.3,4304,GC.v.0
2025-05-01 22:00:00+00:00,34,1,287,3247.6,3252.9,3241.5,3247.0,3211,GC.v.0
2025-05-01 23:00:00+00:00,34,1,287,3246.9,3250.4,3243.4,3246.2,2034,GC.v.0
2025-05-02 00:00:00+00:00,34,1,287,3246.2,3253.1,3234.5,3238.8,6612,GC.v.0
2025-05-02 01:00:00+00:00,34,1,287,3239.4,3246.0,3239.4,3244.7,3945,GC.v.0
2025-05-02 02:00:00+00:00,34,1,287,3245.2,3258.8,3244.2,3256.9,5461,GC.v.0
2025-05-02 03:00:00+00:00,34,1,287,3257.3,3267.4,3254.6,3263.7,5638,GC.v.0
2025-05-02 04:00:00+00:00,34,1,287,3263.9,3266.2,3259.2,3260.4,3917,GC.v.0
2025-05-02 05:00:00+00:00,34,1,287,3260.4,3265.1,3257.6,3260.0,3365,GC.v.0
2025-05-02 06:00:00+00:00,34,1,287,3260.0,3271.6,3254.6,3261.4,7807,GC.v.0
2025-05-02 07:00:00+00:00,34,1,287,3261.5,3272.2,3259.5,3267.0,7584,GC.v.0
2025-05-02 08:00:00+00:00,34,1,287,3267.1,3269.8,3263.1,3265.7,3912,GC.v.0
2025-05-02 09:00:00+00:00,34,1,287,3265.9,3275.5,3262.5,3273.1,7133,GC.v.0
2025-05-02 10:00:00+00:00,34,1,287,3273.3,3273.7,3265.4,3267.5,4377,GC.v.0
2025-05-02 11:00:00+00:00,34,1,287,3267.7,3277.0,3266.5,3269.9,8293,GC.v.0
2025-05-02 12:00:00+00:00,34,1,287,3269.9,3272.7,3256.6,3257.6,18936,GC.v.0
2025-05-02 13:00:00+00:00,34,1,287,3257.3,3267.8,3246.6,3258.0,27505,GC.v.0
2025-05-02 14:00:00+00:00,34,1,287,3257.7,3273.2,3249.8,3271.5,18401,GC.v.0
2025-05-02 15:00:00+00:00,34,1,287,3271.6,3272.7,3238.4,3239.8,19365,GC.v.0
2025-05-02 16:00:00+00:00,34,1,287,3240.0,3243.8,3229.5,3232.0,16298,GC.v.0
2025-05-02 17:00:00+00:00,34,1,287,3231.8,3247.4,3230.3,3238.4,10821,GC.v.0
2025-05-02 18:00:00+00:00,34,1,287,3238.6,3240.0,3231.7,3234.2,4645,GC.v.0
2025-05-02 19:00:00+00:00,34,1,287,3234.2,3242.3,3234.2,3241.4,4980,GC.v.0
2025-05-02 20:00:00+00:00,34,1,287,3241.5,3249.2,3240.5,3247.4,4181,GC.v.0
2025-05-04 22:00:00+00:00,34,1,287,3247.1,3251.3,3243.1,3246.2,3592,GC.v.0
2025-05-04 23:00:00+00:00,34,1,287,3246.4,3259.5,3245.4,3255.2,4936,GC.v.0
2025-05-05 00:00:00+00:00,34,1,287,3255.3,3256.0,3248.0,3253.2,3326,GC.v.0
2025-05-05 01:00:00+00:00,34,1,287,3253.8,3278.3,3253.1,3272.1,9874,GC.v.0
2025-05-05 02:00:00+00:00,34,1,287,3272.1,3280.6,3267.4,3278.2,6856,GC.v.0
2025-05-05 03:00:00+00:00,34,1,287,3278.2,3279.8,3260.9,3262.8,5944,GC.v.0
2025-05-05 04:00:00+00:00,34,1,287,3262.7,3267.8,3261.4,3264.3,3207,GC.v.0
2025-05-05 05:00:00+00:00,34,1,287,3264.2,3270.4,3262.0,3267.9,3021,GC.v.0
2025-05-05 06:00:00+00:00,34,1,287,3267.9,3273.9,3265.0,3270.1,3967,GC.v.0
2025-05-05 07:00:00+00:00,34,1,287,3270.4,3276.0,3266.8,3272.7,4060,GC.v.0
2025-05-05 08:00:00+00:00,34,1,287,3272.8,3291.3,3271.2,3290.7,8382,GC.v.0
2025-05-05 09:00:00+00:00,34,1,287,3290.9,3317.7,3290.2,3317.3,18523,GC.v.0
2025-05-05 10:00:00+00:00,34,1,287,3317.4,3326.9,3316.7,3322.0,11309,GC.v.0
2025-05-05 11:00:00+00:00,34,1,287,3321.8,3327.7,3320.1,3321.9,7251,GC.v.0
2025-05-05 12:00:00+00:00,34,1,287,3321.9,3331.7,3321.7,3328.6,10462,GC.v.0
2025-05-05 13:00:00+00:00,34,1,287,3328.4,3330.1,3320.7,3325.1,10330,GC.v.0
2025-05-05 14:00:00+00:00,34,1,287,3324.4,3337.9,3318.6,3321.3,16186,GC.v.0
2025-05-05 15:00:00+00:00,34,1,287,3321.3,3326.9,3317.3,3321.1,9535,GC.v.0
2025-05-05 16:00:00+00:00,34,1,287,3320.8,3322.5,3314.0,3318.2,6548,GC.v.0
2025-05-05 17:00:00+00:00,34,1,287,3318.4,3326.6,3317.8,3325.5,5896,GC.v.0
2025-05-05 18:00:00+00:00,34,1,287,3325.4,3332.2,3322.3,3331.7,5028,GC.v.0
2025-05-05 19:00:00+00:00,34,1,287,3331.8,3346.7,3331.3,3337.6,9992,GC.v.0
2025-05-05 20:00:00+00:00,34,1,287,3337.6,3344.0,3337.6,3343.5,3058,GC.v.0
2025-05-05 22:00:00+00:00,34,1,287,3345.7,3347.8,3336.3,3339.2,2902,GC.v.0
2025-05-05 23:00:00+00:00,34,1,287,3339.2,3343.9,3337.7,3342.8,2838,GC.v.0
2025-05-06 00:00:00+00:00,34,1,287,3342.8,3342.8,3332.1,3338.8,5672,GC.v.0
2025-05-06 01:00:00+00:00,34,1,287,3338.9,3390.0,3338.9,3388.9,26223,GC.v.0
2025-05-06 02:00:00+00:00,34,1,287,3388.5,3395.0,3365.1,3366.9,16675,GC.v.0
2025-05-06 03:00:00+00:00,34,1,287,3367.1,3380.5,3361.0,3368.9,12084,GC.v.0
2025-05-06 04:00:00+00:00,34,1,287,3368.8,3374.1,3363.9,3371.4,5924,GC.v.0
2025-05-06 05:00:00+00:00,34,1,287,3371.3,3372.3,3357.4,3369.3,8061,GC.v.0
2025-05-06 06:00:00+00:00,34,1,287,3369.5,3375.7,3366.2,3372.5,6883,GC.v.0
2025-05-06 07:00:00+00:00,34,1,287,3372.6,3387.3,3372.6,3378.5,10716,GC.v.0
2025-05-06 08:00:00+00:00,34,1,287,3378.8,3391.1,3375.9,3385.2,7720,GC.v.0
2025-05-06 09:00:00+00:00,34,1,287,3385.3,3391.2,3379.4,3390.9,6392,GC.v.0
2025-05-06 10:00:00+00:00,34,1,287,3390.8,3391.8,3384.4,3391.4,6647,GC.v.0
2025-05-06 11:00:00+00:00,34,1,287,3391.6,3393.2,3381.3,3386.9,7474,GC.v.0
2025-05-06 12:00:00+00:00,34,1,287,3387.1,3400.4,3380.6,3399.3,13587,GC.v.0
2025-05-06 13:00:00+00:00,34,1,287,3399.5,3406.4,3395.9,3399.8,19487,GC.v.0
2025-05-06 14:00:00+00:00,34,1,287,3399.5,3406.9,3386.9,3394.5,20788,GC.v.0
2025-05-06 15:00:00+00:00,34,1,287,3394.3,3408.3,3393.5,3403.1,12458,GC.v.0
2025-05-06 16:00:00+00:00,34,1,287,3403.2,3420.4,3402.8,3417.3,14093,GC.v.0
2025-05-06 17:00:00+00:00,34,1,287,3417.3,3425.9,3416.2,3422.0,14020,GC.v.0
2025-05-06 18:00:00+00:00,34,1,287,3422.2,3426.4,3418.1,3424.3,5173,GC.v.0
2025-05-06 19:00:00+00:00,34,1,287,3424.5,3433.2,3421.2,3431.5,7258,GC.v.0
2025-05-06 20:00:00+00:00,34,1,287,3431.5,3444.5,3428.0,3441.8,8709,GC.v.0
2025-05-06 22:00:00+00:00,34,1,287,3448.1,3448.2,3388.0,3389.3,24805,GC.v.0
2025-05-06 23:00:00+00:00,34,1,287,3389.5,3413.4,3383.9,3409.2,11647,GC.v.0
2025-05-07 00:00:00+00:00,34,1,287,3409.3,3410.3,3367.0,3387.2,20130,GC.v.0
2025-05-07 01:00:00+00:00,34,1,287,3387.3,3393.0,3367.5,3382.7,14482,GC.v.0
2025-05-07 02:00:00+00:00,34,1,287,3382.7,3401.9,3379.7,3398.2,9278,GC.v.0
2025-05-07 03:00:00+00:00,34,1,287,3397.9,3400.3,3378.2,3384.0,6914,GC.v.0
2025-05-07 04:00:00+00:00,34,1,287,3383.8,3395.8,3383.5,3390.2,4372,GC.v.0
2025-05-07 05:00:00+00:00,34,1,287,3390.4,3397.7,3386.8,3396.0,5071,GC.v.0
2025-05-07 06:00:00+00:00,34,1,287,3396.2,3404.5,3395.8,3400.8,6696,GC.v.0
2025-05-07 07:00:00+00:00,34,1,287,3400.6,3405.8,3392.0,3396.0,7536,GC.v.0
2025-05-07 08:00:00+00:00,34,1,287,3396.0,3396.8,3385.7,3390.6,5350,GC.v.0
2025-05-07 09:00:00+00:00,34,1,287,3390.5,3393.0,3376.9,3377.8,6909,GC.v.0
2025-05-07 10:00:00+00:00,34,1,287,3377.7,3401.4,3377.0,3399.2,9252,GC.v.0
2025-05-07 11:00:00+00:00,34,1,287,3399.3,3399.5,3391.2,3395.0,5119,GC.v.0
2025-05-07 12:00:00+00:00,34,1,287,3394.9,3402.3,3391.9,3399.2,8677,GC.v.0
2025-05-07 13:00:00+00:00,34,1,287,3398.8,3406.6,3388.3,3402.4,13992,GC.v.0
2025-05-07 14:00:00+00:00,34,1,287,3402.3,3402.9,3383.3,3393.6,15488,GC.v.0
2025-05-07 15:00:00+00:00,34,1,287,3393.8,3397.8,3389.5,3393.0,7333,GC.v.0
2025-05-07 16:00:00+00:00,34,1,287,3393.0,3397.3,3386.7,3394.0,5658,GC.v.0
2025-05-07 17:00:00+00:00,34,1,287,3394.1,3397.4,3391.1,3393.6,6718,GC.v.0
2025-05-07 18:00:00+00:00,34,1,287,3393.6,3406.5,3383.0,3392.1,17704,GC.v.0
2025-05-07 19:00:00+00:00,34,1,287,3392.5,3394.7,3371.2,3379.3,13504,GC.v.0
2025-05-07 20:00:00+00:00,34,1,287,3379.4,3381.9,3371.4,3372.6,3290,GC.v.0
2025-05-07 22:00:00+00:00,34,1,287,3373.1,3381.0,3371.3,3376.8,3204,GC.v.0
2025-05-07 23:00:00+00:00,34,1,287,3376.5,3383.9,3376.2,3383.1,3209,GC.v.0
2025-05-08 00:00:00+00:00,34,1,287,3383.2,3394.1,3380.6,3387.0,7332,GC.v.0
2025-05-08 01:00:00+00:00,34,1,287,3386.9,3417.0,3385.5,3415.8,14373,GC.v.0
2025-05-08 02:00:00+00:00,34,1,287,3415.7,3422.0,3408.7,3408.8,11264,GC.v.0
2025-05-08 03:00:00+00:00,34,1,287,3408.9,3414.7,3401.8,3402.9,9050,GC.v.0
2025-05-08 04:00:00+00:00,34,1,287,3403.0,3405.8,3388.0,3388.2,7931,GC.v.0
2025-05-08 05:00:00+00:00,34,1,287,3388.1,3390.7,3360.3,3361.0,17879,GC.v.0
2025-05-08 06:00:00+00:00,34,1,287,3361.0,3368.0,3325.4,3335.4,24037,GC.v.0
2025-05-08 07:00:00+00:00,34,1,287,3335.5,3354.9,3332.7,3348.9,15228,GC.v.0
2025-05-08 08:00:00+00:00,34,1,287,3349.1,3350.5,3342.2,3344.5,5741,GC.v.0
2025-05-08 09:00:00+00:00,34,1,287,3344.6,3349.8,3336.6,3337.4,6917,GC.v.0
2025-05-08 10:00:00+00:00,34,1,287,3337.2,3352.3,3335.2,3347.9,8909,GC.v.0
2025-05-08 11:00:00+00:00,34,1,287,3347.7,3351.0,3344.7,3350.0,4786,GC.v.0
2025-05-08 12:00:00+00:00,34,1,287,3350.2,3364.9,3348.6,3362.0,11869,GC.v.0
2025-05-08 13:00:00+00:00,34,1,287,3362.0,3375.7,3360.4,3361.7,15384,GC.v.0
2025-05-08 14:00:00+00:00,34,1,287,3361.6,3369.5,3356.3,3362.4,14567,GC.v.0
2025-05-08 15:00:00+00:00,34,1,287,3362.5,3366.0,3332.0,3336.0,21992,GC.v.0
2025-05-08 16:00:00+00:00,34,1,287,3335.9,3336.0,3309.5,3315.4,22805,GC.v.0
2025-05-08 17:00:00+00:00,34,1,287,3315.5,3316.3,3302.4,3313.6,15837,GC.v.0
2025-05-08 18:00:00+00:00,34,1,287,3313.7,3316.0,3310.7,3313.6,5410,GC.v.0
2025-05-08 19:00:00+00:00,34,1,287,3313.6,3315.2,3293.3,3311.1,11160,GC.v.0
2025-05-08 20:00:00+00:00,34,1,287,3311.5,3316.0,3308.9,3310.4,3087,GC.v.0
2025-05-08 22:00:00+00:00,34,1,287,3310.2,3328.9,3308.8,3328.9,5400,GC.v.0
2025-05-08 23:00:00+00:00,34,1,287,3328.5,3329.0,3317.0,3321.0,3637,GC.v.0
2025-05-09 00:00:00+00:00,34,1,287,3321.5,3327.8,3313.1,3326.9,5824,GC.v.0
2025-05-09 01:00:00+00:00,34,1,287,3326.7,3327.5,3290.6,3295.9,16471,GC.v.0
2025-05-09 02:00:00+00:00,34,1,287,3295.6,3313.7,3278.9,3313.2,17384,GC.v.0
2025-05-09 03:00:00+00:00,34,1,287,3313.3,3318.5,3304.2,3313.0,9882,GC.v.0
2025-05-09 04:00:00+00:00,34,1,287,3313.3,3333.2,3313.3,3330.4,8005,GC.v.0
2025-05-09 05:00:00+00:00,34,1,287,3330.1,3335.9,3317.3,3326.0,10584,GC.v.0
2025-05-09 06:00:00+00:00,34,1,287,3325.8,3331.7,3319.7,3330.4,6258,GC.v.0
2025-05-09 07:00:00+00:00,34,1,287,3330.2,3337.0,3326.6,3331.7,7124,GC.v.0
2025-05-09 08:00:00+00:00,34,1,287,3331.9,3333.6,3324.5,3333.0,6390,GC.v.0
2025-05-09 09:00:00+00:00,34,1,287,3332.9,3333.9,3328.0,3329.6,3989,GC.v.0
2025-05-09 10:00:00+00:00,34,1,287,3329.6,3334.8,3326.3,3327.8,4142,GC.v.0
2025-05-09 11:00:00+00:00,34,1,287,3327.7,3342.8,3327.7,3337.8,8415,GC.v.0
2025-05-09 12:00:00+00:00,34,1,287,3337.9,3340.5,3333.7,3338.5,7703,GC.v.0
2025-05-09 13:00:00+00:00,34,1,287,3338.4,3345.0,3333.2,3335.5,13623,GC.v.0
2025-05-09 14:00:00+00:00,34,1,287,3335.7,3347.0,3324.7,3342.4,19257,GC.v.0
2025-05-09 15:00:00+00:00,34,1,287,3342.0,3351.1,3341.0,3350.3,10087,GC.v.0
2025-05-09 16:00:00+00:00,34,1,287,3350.3,3352.7,3341.4,3342.0,8082,GC.v.0
2025-05-09 17:00:00+00:00,34,1,287,3342.1,3347.6,3340.9,3346.1,4835,GC.v.0
2025-05-09 18:00:00+00:00,34,1,287,3346.1,3348.2,3341.4,3343.5,3199,GC.v.0
2025-05-09 19:00:00+00:00,34,1,287,3343.6,3344.9,3330.9,3334.1,5805,GC.v.0
2025-05-09 20:00:00+00:00,34,1,287,3333.9,3335.5,3328.5,3329.1,3095,GC.v.0
2025-05-11 22:00:00+00:00,34,1,287,3281.0,3292.5,3251.5,3276.7,12817,GC.v.0
2025-05-11 23:00:00+00:00,34,1,287,3276.7,3294.4,3270.1,3292.9,9176,GC.v.0
2025-05-12 00:00:00+00:00,34,1,287,3292.8,3295.5,3275.2,3283.3,9124,GC.v.0
2025-05-12 01:00:00+00:00,34,1,287,3283.1,3286.5,3262.4,3275.7,15811,GC.v.0
2025-05-12 02:00:00+00:00,34,1,287,3275.4,3283.8,3273.4,3275.9,6952,GC.v.0
2025-05-12 03:00:00+00:00,34,1,287,3275.6,3288.9,3274.1,3287.5,5427,GC.v.0
2025-05-12 04:00:00+00:00,34,1,287,3287.3,3287.7,3279.6,3282.7,3015,GC.v.0
2025-05-12 05:00:00+00:00,34,1,287,3282.7,3283.6,3272.2,3279.8,5668,GC.v.0
2025-05-12 06:00:00+00:00,34,1,287,3279.9,3285.2,3276.3,3281.3,6908,GC.v.0
2025-05-12 07:00:00+00:00,34,1,287,3280.8,3281.5,3219.2,3226.8,37657,GC.v.0
2025-05-12 08:00:00+00:00,34,1,287,3226.8,3238.8,3224.3,3235.3,14156,GC.v.0
2025-05-12 09:00:00+00:00,34,1,287,3235.2,3235.4,3216.0,3218.7,9452,GC.v.0
2025-05-12 10:00:00+00:00,34,1,287,3218.1,3222.9,3211.2,3211.6,10211,GC.v.0
2025-05-12 11:00:00+00:00,34,1,287,3211.5,3233.8,3211.3,3228.6,12206,GC.v.0
2025-05-12 12:00:00+00:00,34,1,287,3228.3,3238.6,3223.6,3237.2,12512,GC.v.0
2025-05-12 13:00:00+00:00,34,1,287,3237.3,3253.0,3235.6,3244.6,23543,GC.v.0
2025-05-12 14:00:00+00:00,34,1,287,3244.3,3252.3,3236.9,3242.2,17220,GC.v.0
2025-05-12 15:00:00+00:00,34,1,287,3242.1,3248.6,3236.3,3243.8,8952,GC.v.0
2025-05-12 16:00:00+00:00,34,1,287,3243.5,3244.4,3226.4,3228.4,10457,GC.v.0
2025-05-12 17:00:00+00:00,34,1,287,3228.5,3231.7,3225.1,3226.8,7701,GC.v.0
2025-05-12 18:00:00+00:00,34,1,287,3227.3,3234.7,3223.9,3233.9,4996,GC.v.0
2025-05-12 19:00:00+00:00,34,1,287,3234.1,3243.0,3233.1,3240.3,6481,GC.v.0
2025-05-12 20:00:00+00:00,34,1,287,3240.1,3242.9,3237.3,3241.8,2160,GC.v.0
2025-05-12 22:00:00+00:00,34,1,287,3240.7,3246.7,3233.3,3237.4,3796,GC.v.0
2025-05-12 23:00:00+00:00,34,1,287,3237.4,3244.6,3237.0,3241.3,2402,GC.v.0
2025-05-13 00:00:00+00:00,34,1,287,3241.1,3247.7,3237.2,3243.9,5175,GC.v.0
2025-05-13 01:00:00+00:00,34,1,287,3243.7,3247.4,3220.1,3229.5,11310,GC.v.0
2025-05-13 02:00:00+00:00,34,1,287,3229.8,3245.8,3227.5,3233.2,8022,GC.v.0
2025-05-13 03:00:00+00:00,34,1,287,3232.7,3242.5,3232.3,3240.7,3943,GC.v.0
2025-05-13 04:00:00+00:00,34,1,287,3240.6,3258.2,3238.7,3257.0,6821,GC.v.0
2025-05-13 05:00:00+00:00,34,1,287,3257.2,3265.6,3255.7,3261.0,8734,GC.v.0
2025-05-13 06:00:00+00:00,34,1,287,3260.9,3270.4,3251.8,3266.8,8192,GC.v.0
2025-05-13 07:00:00+00:00,34,1,287,3266.8,3269.7,3258.3,3263.1,5631,GC.v.0
2025-05-13 08:00:00+00:00,34,1,287,3263.3,3265.3,3254.2,3259.5,6049,GC.v.0
2025-05-13 09:00:00+00:00,34,1,287,3259.3,3260.9,3254.5,3257.8,3939,GC.v.0
2025-05-13 10:00:00+00:00,34,1,287,3257.8,3260.4,3255.4,3257.0,2399,GC.v.0
2025-05-13 11:00:00+00:00,34,1,287,3256.9,3263.5,3252.3,3253.1,6909,GC.v.0
2025-05-13 12:00:00+00:00,34,1,287,3253.0,3253.8,3241.6,3246.4,15722,GC.v.0
2025-05-13 13:00:00+00:00,34,1,287,3246.2,3251.4,3231.4,3232.0,17644,GC.v.0
2025-05-13 14:00:00+00:00,34,1,287,3231.9,3253.4,3229.5,3247.5,16787,GC.v.0
2025-05-13 15:00:00+00:00,34,1,287,3247.5,3260.6,3246.7,3258.1,10137,GC.v.0
2025-05-13 16:00:00+00:00,34,1,287,3258.0,3262.1,3252.7,3255.5,7940,GC.v.0
2025-05-13 17:00:00+00:00,34,1,287,3255.4,3257.3,3246.5,3251.9,7740,GC.v.0
2025-05-13 18:00:00+00:00,34,1,287,3251.9,3255.8,3250.3,3253.4,3265,GC.v.0
2025-05-13 19:00:00+00:00,34,1,287,3253.6,3255.8,3250.8,3254.1,3311,GC.v.0
2025-05-13 20:00:00+00:00,34,1,287,3254.1,3259.6,3252.7,3254.5,1872,GC.v.0
2025-05-13 22:00:00+00:00,34,1,287,3254.1,3258.8,3253.4,3258.7,1594,GC.v.0
2025-05-13 23:00:00+00:00,34,1,287,3258.4,3261.3,3256.0,3258.3,1869,GC.v.0
2025-05-14 00:00:00+00:00,34,1,287,3258.4,3258.5,3244.5,3247.9,5327,GC.v.0
2025-05-14 01:00:00+00:00,34,1,287,3248.2,3256.2,3241.6,3243.3,8411,GC.v.0
2025-05-14 02:00:00+00:00,34,1,287,3243.1,3245.8,3232.6,3236.8,8750,GC.v.0
2025-05-14 03:00:00+00:00,34,1,287,3236.5,3237.4,3229.7,3232.0,6468,GC.v.0
2025-05-14 04:00:00+00:00,34,1,287,3232.2,3234.2,3225.9,3227.8,6687,GC.v.0
2025-05-14 05:00:00+00:00,34,1,287,3227.9,3237.7,3225.2,3237.2,7208,GC.v.0
2025-05-14 06:00:00+00:00,34,1,287,3237.2,3239.8,3231.1,3232.1,5613,GC.v.0
2025-05-14 07:00:00+00:00,34,1,287,3232.2,3243.0,3227.7,3242.0,7229,GC.v.0
2025-05-14 08:00:00+00:00,34,1,287,3242.4,3248.2,3234.4,3236.7,6510,GC.v.0
2025-05-14 09:00:00+00:00,34,1,287,3236.7,3240.8,3232.9,3236.2,4988,GC.v.0
2025-05-14 10:00:00+00:00,34,1,287,3236.1,3240.4,3233.2,3239.5,4616,GC.v.0
2025-05-14 11:00:00+00:00,34,1,287,3239.6,3243.3,3223.0,3223.7,8601,GC.v.0
2025-05-14 12:00:00+00:00,34,1,287,3223.9,3226.3,3187.7,3188.5,36272,GC.v.0
2025-05-14 13:00:00+00:00,34,1,287,3188.6,3202.1,3178.3,3195.2,31110,GC.v.0
2025-05-14 14:00:00+00:00,34,1,287,3195.2,3198.1,3183.1,3185.7,15937,GC.v.0
2025-05-14 15:00:00+00:00,34,1,287,3185.8,3190.3,3182.7,3186.5,9192,GC.v.0
2025-05-14 16:00:00+00:00,34,1,287,3186.6,3194.4,3177.5,3191.9,11692,GC.v.0
2025-05-14 17:00:00+00:00,34,1,287,3191.9,3194.0,3184.4,3185.6,7329,GC.v.0
2025-05-14 18:00:00+00:00,34,1,287,3185.9,3186.9,3175.6,3176.1,5412,GC.v.0
2025-05-14 19:00:00+00:00,34,1,287,3176.0,3184.6,3170.7,3183.8,7424,GC.v.0
2025-05-14 20:00:00+00:00,34,1,287,3184.0,3186.7,3180.2,3180.7,3105,GC.v.0
2025-05-14 22:00:00+00:00,34,1,287,3180.8,3186.8,3180.4,3185.1,2560,GC.v.0
2025-05-14 23:00:00+00:00,34,1,287,3185.3,3190.1,3183.7,3188.9,2064,GC.v.0
2025-05-15 00:00:00+00:00,34,1,287,3188.6,3190.6,3182.3,3190.3,3768,GC.v.0
2025-05-15 01:00:00+00:00,34,1,287,3190.2,3195.6,3173.5,3174.6,10286,GC.v.0
2025-05-15 02:00:00+00:00,34,1,287,3175.1,3178.4,3152.8,3156.9,15606,GC.v.0
2025-05-15 03:00:00+00:00,34,1,287,3156.9,3160.2,3150.9,3153.2,8901,GC.v.0
2025-05-15 04:00:00+00:00,34,1,287,3153.2,3155.3,3138.3,3141.3,8994,GC.v.0
2025-05-15 05:00:00+00:00,34,1,287,3141.5,3145.8,3126.4,3132.3,11128,GC.v.0
2025-05-15 06:00:00+00:00,34,1,287,3132.5,3157.2,3123.3,3153.5,17765,GC.v.0
2025-05-15 07:00:00+00:00,34,1,287,3153.2,3155.5,3134.2,3145.4,14029,GC.v.0
2025-05-15 08:00:00+00:00,34,1,287,3145.1,3167.2,3141.8,3165.5,11204,GC.v.0
2025-05-15 09:00:00+00:00,34,1,287,3165.6,3174.4,3162.0,3167.8,10576,GC.v.0
2025-05-15 10:00:00+00:00,34,1,287,3168.0,3182.2,3166.7,3181.6,8137,GC.v.0
2025-05-15 11:00:00+00:00,34,1,287,3181.4,3183.3,3175.4,3182.3,6781,GC.v.0
2025-05-15 12:00:00+00:00,34,1,287,3182.2,3193.4,3180.6,3192.3,15582,GC.v.0
2025-05-15 13:00:00+00:00,34,1,287,3192.3,3203.4,3188.3,3194.7,23130,GC.v.0
2025-05-15 14:00:00+00:00,34,1,287,3194.8,3210.5,3193.5,3208.5,22080,GC.v.0
2025-05-15 15:00:00+00:00,34,1,287,3208.6,3223.2,3207.8,3222.8,14675,GC.v.0
2025-05-15 16:00:00+00:00,34,1,287,3223.0,3226.3,3218.7,3225.9,7234,GC.v.0
2025-05-15 17:00:00+00:00,34,1,287,3226.0,3232.6,3219.6,3224.5,10572,GC.v.0
2025-05-15 18:00:00+00:00,34,1,287,3224.5,3229.3,3223.1,3226.4,4413,GC.v.0
2025-05-15 19:00:00+00:00,34,1,287,3226.4,3235.3,3225.3,3234.6,4873,GC.v.0
2025-05-15 20:00:00+00:00,34,1,287,3234.5,3244.3,3233.7,3243.9,5397,GC.v.0
2025-05-15 22:00:00+00:00,34,1,287,3243.5,3255.8,3239.7,3254.7,5384,GC.v.0
2025-05-15 23:00:00+00:00,34,1,287,3254.9,3254.9,3240.3,3241.2,7055,GC.v.0
2025-05-16 00:00:00+00:00,34,1,287,3241.0,3247.4,3235.1,3246.4,8357,GC.v.0
2025-05-16 01:00:00+00:00,34,1,287,3246.5,3247.9,3218.4,3226.0,15124,GC.v.0
2025-05-16 02:00:00+00:00,34,1,287,3226.0,3231.3,3216.3,3219.1,7550,GC.v.0
2025-05-16 03:00:00+00:00,34,1,287,3218.9,3221.1,3209.2,3214.5,9655,GC.v.0
2025-05-16 04:00:00+00:00,34,1,287,3214.6,3225.7,3214.4,3223.0,5800,GC.v.0
2025-05-16 05:00:00+00:00,34,1,287,3222.8,3226.3,3214.9,3221.8,7274,GC.v.0
2025-05-16 06:00:00+00:00,34,1,287,3221.7,3234.1,3215.4,3217.6,9737,GC.v.0
2025-05-16 07:00:00+00:00,34,1,287,3217.6,3220.6,3207.4,3210.5,11165,GC.v.0
2025-05-16 08:00:00+00:00,34,1,287,3210.6,3212.3,3198.5,3210.3,10016,GC.v.0
2025-05-16 09:00:00+00:00,34,1,287,3210.2,3216.0,3206.7,3211.9,5722,GC.v.0
2025-05-16 10:00:00+00:00,34,1,287,3212.4,3214.0,3171.8,3179.0,18745,GC.v.0
2025-05-16 11:00:00+00:00,34,1,287,3179.2,3182.4,3156.4,3165.5,18337,GC.v.0
2025-05-16 12:00:00+00:00,34,1,287,3165.7,3184.7,3157.2,3180.0,20539,GC.v.0
2025-05-16 13:00:00+00:00,34,1,287,3180.1,3189.3,3171.7,3183.0,18993,GC.v.0
2025-05-16 14:00:00+00:00,34,1,287,3183.1,3192.3,3168.5,3175.4,15759,GC.v.0
2025-05-16 15:00:00+00:00,34,1,287,3175.8,3188.4,3175.3,3186.7,7536,GC.v.0
2025-05-16 16:00:00+00:00,34,1,287,3186.6,3193.1,3183.4,3192.5,6635,GC.v.0
2025-05-16 17:00:00+00:00,34,1,287,3192.6,3196.0,3186.1,3192.1,7731,GC.v.0
2025-05-16 18:00:00+00:00,34,1,287,3192.4,3194.1,3187.2,3189.9,4132,GC.v.0
2025-05-16 19:00:00+00:00,34,1,287,3190.0,3197.9,3189.8,3194.3,4735,GC.v.0
2025-05-16 20:00:00+00:00,34,1,287,3194.3,3208.7,3194.0,3205.3,5521,GC.v.0
2025-05-18 22:00:00+00:00,34,1,287,3220.0,3243.9,3212.2,3242.2,10415,GC.v.0
2025-05-18 23:00:00+00:00,34,1,287,3242.4,3247.9,3229.4,3238.4,8160,GC.v.0
2025-05-19 00:00:00+00:00,34,1,287,3238.6,3252.9,3236.7,3249.0,7424,GC.v.0
2025-05-19 01:00:00+00:00,34,1,287,3248.6,3249.3,3218.0,3222.0,13310,GC.v.0
2025-05-19 02:00:00+00:00,34,1,287,3221.8,3232.6,3220.5,3231.3,6733,GC.v.0
2025-05-19 03:00:00+00:00,34,1,287,3231.3,3233.5,3210.3,3214.8,6486,GC.v.0
2025-05-19 04:00:00+00:00,34,1,287,3214.7,3220.9,3209.1,3218.4,3931,GC.v.0
2025-05-19 05:00:00+00:00,34,1,287,3218.6,3226.9,3217.7,3226.8,4893,GC.v.0
2025-05-19 06:00:00+00:00,34,1,287,3226.6,3234.7,3223.0,3227.2,7879,GC.v.0
2025-05-19 07:00:00+00:00,34,1,287,3227.2,3237.4,3227.2,3235.3,7212,GC.v.0
2025-05-19 08:00:00+00:00,34,1,287,3235.2,3248.8,3232.3,3247.8,8059,GC.v.0
2025-05-19 09:00:00+00:00,34,1,287,3247.9,3251.1,3236.6,3245.2,7947,GC.v.0
2025-05-19 10:00:00+00:00,34,1,287,3245.1,3248.6,3237.4,3245.0,4934,GC.v.0
2025-05-19 11:00:00+00:00,34,1,287,3244.9,3251.8,3242.4,3246.7,4709,GC.v.0
2025-05-19 12:00:00+00:00,34,1,287,3246.6,3247.7,3230.5,3231.9,9051,GC.v.0
2025-05-19 13:00:00+00:00,34,1,287,3231.7,3244.9,3227.2,3232.7,17104,GC.v.0
2025-05-19 14:00:00+00:00,34,1,287,3232.6,3239.6,3219.7,3236.7,14120,GC.v.0
2025-05-19 15:00:00+00:00,34,1,287,3236.5,3243.3,3232.6,3234.6,9701,GC.v.0
2025-05-19 16:00:00+00:00,34,1,287,3234.7,3237.2,3230.6,3234.4,5063,GC.v.0
2025-05-19 17:00:00+00:00,34,1,287,3234.7,3235.9,3228.0,3228.7,6177,GC.v.0
2025-05-19 18:00:00+00:00,34,1,287,3229.0,3238.1,3227.8,3235.8,3228,GC.v.0
2025-05-19 19:00:00+00:00,34,1,287,3235.9,3238.2,3233.9,3235.4,2843,GC.v.0
2025-05-19 20:00:00+00:00,34,1,287,3235.5,3236.2,3230.6,3232.2,1904,GC.v.0
2025-05-19 22:00:00+00:00,34,1,287,3233.0,3233.8,3227.2,3229.3,1662,GC.v.0
2025-05-19 23:00:00+00:00,34,1,287,3229.5,3230.2,3221.3,3224.8,2866,GC.v.0
2025-05-20 00:00:00+00:00,34,1,287,3224.8,3226.2,3215.9,3225.0,6613,GC.v.0
2025-05-20 01:00:00+00:00,34,1,287,3225.0,3235.8,3223.6,3224.3,9302,GC.v.0
2025-05-20 02:00:00+00:00,34,1,287,3224.4,3226.3,3209.4,3209.5,10099,GC.v.0
2025-05-20 03:00:00+00:00,34,1,287,3209.6,3217.3,3207.4,3213.5,6245,GC.v.0
2025-05-20 04:00:00+00:00,34,1,287,3213.6,3220.4,3213.2,3219.5,3751,GC.v.0
2025-05-20 05:00:00+00:00,34,1,287,3219.5,3222.3,3211.9,3216.1,6260,GC.v.0
2025-05-20 06:00:00+00:00,34,1,287,3215.9,3221.1,3209.9,3211.7,7357,GC.v.0
2025-05-20 07:00:00+00:00,34,1,287,3211.5,3227.3,3209.7,3224.8,7285,GC.v.0
2025-05-20 08:00:00+00:00,34,1,287,3224.7,3238.9,3220.2,3238.4,8270,GC.v.0
2025-05-20 09:00:00+00:00,34,1,287,3238.8,3241.7,3233.2,3238.5,11184,GC.v.0
2025-05-20 10:00:00+00:00,34,1,287,3238.4,3241.0,3233.9,3237.3,3841,GC.v.0
2025-05-20 11:00:00+00:00,34,1,287,3237.8,3244.2,3237.3,3243.7,4628,GC.v.0
2025-05-20 12:00:00+00:00,34,1,287,3243.6,3254.1,3236.6,3245.4,14526,GC.v.0
2025-05-20 13:00:00+00:00,34,1,287,3245.3,3265.3,3235.2,3264.6,26249,GC.v.0
2025-05-20 14:00:00+00:00,34,1,287,3264.4,3288.9,3263.7,3285.3,35150,GC.v.0
2025-05-20 15:00:00+00:00,34,1,287,3285.4,3286.3,3275.8,3279.5,14358,GC.v.0
2025-05-20 16:00:00+00:00,34,1,287,3279.4,3285.4,3278.2,3282.0,6341,GC.v.0
2025-05-20 17:00:00+00:00,34,1,287,3281.8,3291.2,3281.2,3289.4,7009,GC.v.0
2025-05-20 18:00:00+00:00,34,1,287,3289.6,3293.0,3287.3,3290.5,5208,GC.v.0
2025-05-20 19:00:00+00:00,34,1,287,3290.5,3298.1,3290.0,3296.8,6321,GC.v.0
2025-05-20 20:00:00+00:00,34,1,287,3296.7,3298.5,3291.5,3292.6,3821,GC.v.0
2025-05-20 22:00:00+00:00,34,1,287,3293.0,3307.9,3291.9,3300.2,8183,GC.v.0
2025-05-20 23:00:00+00:00,34,1,287,3300.0,3300.2,3292.2,3293.9,4147,GC.v.0
2025-05-21 00:00:00+00:00,34,1,287,3294.0,3306.9,3292.2,3305.9,7142,GC.v.0
2025-05-21 01:00:00+00:00,34,1,287,3305.7,3316.8,3287.0,3296.8,20152,GC.v.0
2025-05-21 02:00:00+00:00,34,1,287,3296.6,3307.4,3291.1,3304.3,10911,GC.v.0
2025-05-21 03:00:00+00:00,34,1,287,3304.2,3311.3,3301.5,3309.3,5062,GC.v.0
2025-05-21 04:00:00+00:00,34,1,287,3309.1,3310.1,3303.4,3304.2,4001,GC.v.0
2025-05-21 05:00:00+00:00,34,1,287,3304.2,3321.4,3300.4,3318.2,9240,GC.v.0
2025-05-21 06:00:00+00:00,34,1,287,3317.9,3322.5,3312.5,3321.9,9362,GC.v.0
2025-05-21 07:00:00+00:00,34,1,287,3321.6,3321.6,3309.6,3311.8,7428,GC.v.0
2025-05-21 08:00:00+00:00,34,1,287,3311.9,3314.2,3305.7,3310.7,5124,GC.v.0
2025-05-21 09:00:00+00:00,34,1,287,3310.5,3315.8,3309.2,3315.6,5129,GC.v.0
2025-05-21 10:00:00+00:00,34,1,287,3316.0,3320.5,3310.8,3314.2,5834,GC.v.0
2025-05-21 11:00:00+00:00,34,1,287,3314.3,3318.6,3308.8,3313.3,7226,GC.v.0
2025-05-21 12:00:00+00:00,34,1,287,3313.4,3314.8,3291.5,3304.3,17822,GC.v.0
2025-05-21 13:00:00+00:00,34,1,287,3304.6,3311.8,3297.3,3306.1,17904,GC.v.0
2025-05-21 14:00:00+00:00,34,1,287,3306.0,3310.8,3297.3,3306.8,13913,GC.v.0
2025-05-21 15:00:00+00:00,34,1,287,3306.8,3317.9,3305.7,3313.8,9718,GC.v.0
2025-05-21 16:00:00+00:00,34,1,287,3313.9,3317.1,3304.7,3305.2,6383,GC.v.0
2025-05-21 17:00:00+00:00,34,1,287,3305.2,3318.9,3304.9,3318.8,10901,GC.v.0
2025-05-21 18:00:00+00:00,34,1,287,3318.8,3319.0,3314.2,3316.5,4094,GC.v.0
2025-05-21 19:00:00+00:00,34,1,287,3316.6,3327.2,3316.6,3320.9,7483,GC.v.0
2025-05-21 20:00:00+00:00,34,1,287,3320.8,3322.3,3315.2,3316.6,2811,GC.v.0
2025-05-21 22:00:00+00:00,34,1,287,3318.0,3322.2,3316.3,3319.4,2410,GC.v.0
2025-05-21 23:00:00+00:00,34,1,287,3319.5,3325.9,3319.1,3321.7,3241,GC.v.0
2025-05-22 00:00:00+00:00,34,1,287,3321.7,3328.1,3320.9,3325.2,4417,GC.v.0
2025-05-22 01:00:00+00:00,34,1,287,3325.1,3344.2,3321.2,3339.0,13168,GC.v.0
2025-05-22 02:00:00+00:00,34,1,287,3338.8,3346.6,3337.5,3342.3,7286,GC.v.0
2025-05-22 03:00:00+00:00,34,1,287,3342.6,3346.8,3335.4,3335.9,5315,GC.v.0
2025-05-22 04:00:00+00:00,34,1,287,3336.1,3340.4,3333.4,3339.6,3750,GC.v.0
2025-05-22 05:00:00+00:00,34,1,287,3339.7,3340.6,3327.4,3333.5,5293,GC.v.0
2025-05-22 06:00:00+00:00,34,1,287,3333.8,3337.2,3326.5,3327.6,6723,GC.v.0
2025-05-22 07:00:00+00:00,34,1,287,3327.9,3331.8,3323.4,3328.3,9912,GC.v.0
2025-05-22 08:00:00+00:00,34,1,287,3328.3,3330.2,3310.5,3311.7,13229,GC.v.0
2025-05-22 09:00:00+00:00,34,1,287,3311.5,3313.7,3303.8,3305.4,9384,GC.v.0
2025-05-22 10:00:00+00:00,34,1,287,3305.2,3308.3,3288.5,3289.7,11505,GC.v.0
2025-05-22 11:00:00+00:00,34,1,287,3289.6,3315.0,3282.2,3314.4,16434,GC.v.0
2025-05-22 12:00:00+00:00,34,1,287,3314.4,3314.8,3300.7,3303.9,14281,GC.v.0
2025-05-22 13:00:00+00:00,34,1,287,3303.9,3316.0,3285.8,3286.9,20933,GC.v.0
2025-05-22 14:00:00+00:00,34,1,287,3286.8,3304.2,3277.8,3296.3,19969,GC.v.0
2025-05-22 15:00:00+00:00,34,1,287,3296.5,3298.3,3280.5,3294.0,13500,GC.v.0
2025-05-22 16:00:00+00:00,34,1,287,3294.2,3304.1,3290.0,3300.9,6994,GC.v.0
2025-05-22 17:00:00+00:00,34,1,287,3301.0,3301.1,3289.5,3295.6,8010,GC.v.0
2025-05-22 18:00:00+00:00,34,1,287,3295.7,3297.9,3291.8,3293.6,2813,GC.v.0
2025-05-22 19:00:00+00:00,34,1,287,3293.7,3296.8,3287.7,3290.4,4118,GC.v.0
2025-05-22 20:00:00+00:00,34,1,287,3290.5,3295.5,3289.5,3295.1,2355,GC.v.0
2025-05-22 22:00:00+00:00,34,1,287,3295.1,3299.6,3293.9,3297.8,1673,GC.v.0
2025-05-22 23:00:00+00:00,34,1,287,3297.8,3302.2,3297.3,3300.0,2094,GC.v.0
2025-05-23 00:00:00+00:00,34,1,287,3300.1,3309.5,3285.5,3299.8,10478,GC.v.0
2025-05-23 01:00:00+00:00,34,1,287,3299.9,3306.0,3294.4,3303.8,7782,GC.v.0
2025-05-23 02:00:00+00:00,34,1,287,3304.2,3304.5,3289.3,3295.5,5039,GC.v.0
2025-05-23 03:00:00+00:00,34,1,287,3295.7,3302.4,3295.2,3301.4,3016,GC.v.0
2025-05-23 04:00:00+00:00,34,1,287,3301.3,3316.0,3301.2,3313.0,6131,GC.v.0
2025-05-23 05:00:00+00:00,34,1,287,3313.2,3325.4,3311.9,3323.5,7698,GC.v.0
2025-05-23 06:00:00+00:00,34,1,287,3323.4,3332.0,3322.7,3330.9,10355,GC.v.0
2025-05-23 07:00:00+00:00,34,1,287,3331.0,3334.4,3326.1,3328.9,6228,GC.v.0
2025-05-23 08:00:00+00:00,34,1,287,3328.7,3329.3,3322.2,3326.2,5231,GC.v.0
2025-05-23 09:00:00+00:00,34,1,287,3326.4,3334.1,3324.7,3328.5,5353,GC.v.0
2025-05-23 10:00:00+00:00,34,1,287,3328.5,3331.9,3322.7,3328.2,4537,GC.v.0
2025-05-23 11:00:00+00:00,34,1,287,3328.4,3350.6,3324.5,3348.3,17391,GC.v.0
2025-05-23 12:00:00+00:00,34,1,287,3348.5,3361.0,3344.3,3357.6,25510,GC.v.0
2025-05-23 13:00:00+00:00,34,1,287,3357.7,3365.7,3337.1,3340.2,25446,GC.v.0
2025-05-23 14:00:00+00:00,34,1,287,3339.9,3360.2,3336.2,3359.7,18729,GC.v.0
2025-05-23 15:00:00+00:00,34,1,287,3359.7,3362.8,3352.1,3361.6,12518,GC.v.0
2025-05-23 16:00:00+00:00,34,1,287,3361.8,3364.8,3357.2,3359.4,8089,GC.v.0
2025-05-23 17:00:00+00:00,34,1,287,3359.6,3366.5,3357.2,3363.0,8271,GC.v.0
2025-05-23 18:00:00+00:00,34,1,287,3363.1,3366.5,3360.8,3361.7,4071,GC.v.0
2025-05-23 19:00:00+00:00,34,1,287,3361.9,3365.7,3358.2,3360.4,5556,GC.v.0
2025-05-23 20:00:00+00:00,34,1,287,3360.2,3361.6,3355.9,3357.7,3098,GC.v.0
2025-05-25 22:00:00+00:00,34,1,287,3355.6,3356.0,3339.4,3342.5,6748,GC.v.0
2025-05-25 23:00:00+00:00,34,1,287,3342.7,3349.2,3340.1,3341.5,2984,GC.v.0
2025-05-26 00:00:00+00:00,34,1,287,3341.5,3344.7,3329.3,3340.4,5982,GC.v.0
2025-05-26 01:00:00+00:00,34,1,287,3340.5,3346.1,3333.5,3343.3,5324,GC.v.0
2025-05-26 02:00:00+00:00,34,1,287,3343.2,3355.3,3341.3,3347.0,5500,GC.v.0
2025-05-26 03:00:00+00:00,34,1,287,3347.1,3348.8,3342.6,3346.0,3014,GC.v.0
2025-05-26 04:00:00+00:00,34,1,287,3346.0,3349.7,3344.8,3348.6,2221,GC.v.0
2025-05-26 05:00:00+00:00,34,1,287,3348.8,3350.8,3343.6,3346.5,3858,GC.v.0
2025-05-26 06:00:00+00:00,34,1,287,3346.6,3346.8,3336.0,3336.4,5049,GC.v.0
2025-05-26 07:00:00+00:00,34,1,287,3336.3,3338.1,3331.5,3336.6,5642,GC.v.0
2025-05-26 08:00:00+00:00,34,1,287,3336.7,3338.8,3330.0,3333.2,4862,GC.v.0
2025-05-26 09:00:00+00:00,34,1,287,3333.5,3335.8,3322.9,3328.3,6491,GC.v.0
2025-05-26 10:00:00+00:00,34,1,287,3328.3,3333.1,3328.2,3331.2,2350,GC.v.0
2025-05-26 11:00:00+00:00,34,1,287,3331.2,3334.3,3328.9,3332.9,1495,GC.v.0
2025-05-26 12:00:00+00:00,34,1,287,3332.9,3335.0,3326.1,3334.2,3232,GC.v.0
2025-05-26 13:00:00+00:00,34,1,287,3334.3,3339.0,3331.1,3338.3,5311,GC.v.0
2025-05-26 14:00:00+00:00,34,1,287,3338.5,3341.8,3335.8,3337.5,4804,GC.v.0
2025-05-26 15:00:00+00:00,34,1,287,3337.5,3339.6,3336.9,3337.9,2589,GC.v.0
2025-05-26 16:00:00+00:00,34,1,287,3337.9,3343.8,3337.5,3342.6,2833,GC.v.0
2025-05-26 17:00:00+00:00,34,1,287,3342.4,3343.5,3340.4,3341.1,1098,GC.v.0
2025-05-26 18:00:00+00:00,34,1,287,3341.1,3343.3,3340.9,3342.2,712,GC.v.0
2025-05-26 22:00:00+00:00,34,1,287,3342.8,3349.0,3342.4,3347.5,2297,GC.v.0
2025-05-26 23:00:00+00:00,34,1,287,3347.5,3348.6,3344.1,3345.7,1905,GC.v.0
2025-05-27 00:00:00+00:00,34,1,287,3345.9,3349.7,3342.0,3344.8,3490,GC.v.0
2025-05-27 01:00:00+00:00,34,1,287,3345.0,3347.1,3330.6,3335.0,5729,GC.v.0
2025-05-27 02:00:00+00:00,34,1,287,3335.3,3343.8,3334.2,3342.2,4048,GC.v.0
2025-05-27 03:00:00+00:00,34,1,287,3342.1,3347.0,3340.4,3341.0,2962,GC.v.0
2025-05-27 04:00:00+00:00,34,1,287,3340.9,3341.3,3330.0,3330.3,3803,GC.v.0
2025-05-27 05:00:00+00:00,34,1,287,3330.3,3332.1,3315.0,3322.8,10797,GC.v.0
2025-05-27 06:00:00+00:00,34,1,287,3322.6,3327.7,3304.2,3308.4,14700,GC.v.0
2025-05-27 07:00:00+00:00,34,1,287,3308.1,3312.4,3291.7,3295.8,13478,GC.v.0
2025-05-27 08:00:00+00:00,34,1,287,3295.6,3309.9,3295.2,3297.1,11808,GC.v.0
2025-05-27 09:00:00+00:00,34,1,287,3297.2,3308.7,3293.8,3295.1,9000,GC.v.0
2025-05-27 10:00:00+00:00,34,1,287,3295.0,3298.9,3288.0,3291.5,8684,GC.v.0
2025-05-27 11:00:00+00:00,34,1,287,3291.8,3296.7,3286.1,3286.8,6843,GC.v.0
2025-05-27 12:00:00+00:00,34,1,287,3286.7,3296.7,3286.4,3292.1,7697,GC.v.0
2025-05-27 13:00:00+00:00,34,1,287,3292.3,3303.7,3290.8,3294.1,12066,GC.v.0
2025-05-27 14:00:00+00:00,34,1,287,3293.9,3302.4,3283.0,3298.8,13555,GC.v.0
2025-05-27 15:00:00+00:00,34,1,287,3298.9,3302.1,3287.6,3291.8,8560,GC.v.0
2025-05-27 16:00:00+00:00,34,1,287,3291.8,3297.4,3291.3,3296.6,3490,GC.v.0
2025-05-27 17:00:00+00:00,34,1,287,3296.6,3303.3,3295.4,3300.2,7382,GC.v.0
2025-05-27 18:00:00+00:00,34,1,287,3300.3,3302.9,3298.2,3302.0,2538,GC.v.0
2025-05-27 19:00:00+00:00,34,1,287,3301.9,3306.9,3301.9,3302.9,2814,GC.v.0
2025-05-27 20:00:00+00:00,34,1,287,3303.1,3303.9,3298.5,3299.7,1550,GC.v.0
2025-05-27 22:00:00+00:00,34,1,287,3300.9,3304.4,3299.9,3301.7,1324,GC.v.0
2025-05-27 23:00:00+00:00,34,1,287,3302.1,3310.1,3295.1,3308.3,2312,GC.v.0
2025-05-28 00:00:00+00:00,34,1,287,3308.5,3314.9,3306.8,3307.1,2316,GC.v.0
2025-05-28 01:00:00+00:00,34,1,287,3306.9,3309.3,3296.8,3300.0,2644,GC.v.0
2025-05-28 02:00:00+00:00,34,1,287,3299.9,3312.4,3298.7,3301.7,2795,GC.v.0
2025-05-28 03:00:00+00:00,34,1,287,3301.5,3303.4,3289.9,3296.6,3131,GC.v.0
2025-05-28 04:00:00+00:00,34,1,287,3296.5,3298.9,3293.1,3295.2,1368,GC.v.0
2025-05-28 05:00:00+00:00,34,1,287,3294.8,3309.3,3294.8,3305.6,2653,GC.v.0
2025-05-28 06:00:00+00:00,34,1,287,3305.7,3307.2,3296.6,3306.7,1976,GC.v.0
2025-05-28 07:00:00+00:00,34,1,287,3306.9,3321.0,3305.9,3317.4,4918,GC.v.0
2025-05-28 08:00:00+00:00,34,1,287,3317.8,3322.3,3313.7,3320.3,3613,GC.v.0
2025-05-28 09:00:00+00:00,34,1,287,3320.2,3324.5,3318.8,3323.3,1915,GC.v.0
2025-05-28 10:00:00+00:00,34,1,287,3323.5,3323.9,3310.2,3311.9,1692,GC.v.0
2025-05-28 11:00:00+00:00,34,1,287,3312.0,3314.1,3306.3,3310.6,1898,GC.v.0
2025-05-28 12:00:00+00:00,34,1,287,3310.3,3313.5,3304.4,3310.9,3356,GC.v.0
2025-05-28 13:00:00+00:00,34,1,287,3310.8,3315.5,3295.2,3303.6,8089,GC.v.0
2025-05-28 14:00:00+00:00,34,1,287,3303.7,3308.3,3298.9,3301.3,5053,GC.v.0
2025-05-28 15:00:00+00:00,34,1,287,3301.4,3301.5,3291.1,3294.3,4022,GC.v.0
2025-05-28 16:00:00+00:00,34,1,287,3294.7,3297.5,3286.1,3291.3,2154,GC.v.0
2025-05-28 17:00:00+00:00,34,1,287,3291.5,3297.3,3289.5,3294.9,1544,GC.v.0
2025-05-28 18:00:00+00:00,34,1,287,3295.1,3301.0,3294.7,3299.6,1206,GC.v.0
2025-05-28 19:00:00+00:00,34,1,287,3300.0,3300.9,3291.5,3294.6,1387,GC.v.0
2025-05-28 20:00:00+00:00,34,1,287,3294.5,3295.1,3273.5,3284.4,949,GC.v.0
2025-05-28 22:00:00+00:00,34,1,287,3283.7,3290.3,3272.0,3282.6,425,GC.v.0
2025-05-28 23:00:00+00:00,34,1,287,3283.1,3284.1,3244.0,3255.4,1063,GC.v.0
2025-05-29 00:00:00+00:00,34,1,287,3255.3,3265.1,3249.7,3261.1,606,GC.v.0
2025-05-29 01:00:00+00:00,34,1,287,3261.2,3261.2,3242.4,3260.3,948,GC.v.0
2025-05-29 02:00:00+00:00,34,1,287,3260.0,3272.4,3258.1,3268.7,808,GC.v.0
2025-05-29 03:00:00+00:00,34,1,287,3267.1,3276.6,3266.3,3271.5,377,GC.v.0
2025-05-29 04:00:00+00:00,34,1,287,3271.7,3272.7,3266.4,3266.5,186,GC.v.0
2025-05-29 05:00:00+00:00,34,1,287,3266.7,3269.6,3263.3,3269.6,141,GC.v.0
2025-05-29 06:00:00+00:00,34,1,287,3271.9,3271.9,3265.1,3267.9,213,GC.v.0
2025-05-29 07:00:00+00:00,34,1,287,3268.7,3285.0,3268.6,3284.2,465,GC.v.0
2025-05-29 08:00:00+00:00,34,1,287,3284.3,3286.7,3276.6,3279.4,197,GC.v.0
2025-05-29 09:00:00+00:00,34,1,287,3277.4,3280.8,3273.8,3279.8,69,GC.v.0
2025-05-29 10:00:00+00:00,34,1,287,3280.4,3297.8,3280.1,3294.8,414,GC.v.0
2025-05-29 11:00:00+00:00,34,1,287,3294.6,3302.7,3294.0,3297.6,200,GC.v.0
2025-05-29 12:00:00+00:00,34,1,287,3299.3,3315.6,3299.0,3315.6,296,GC.v.0
2025-05-29 13:00:00+00:00,34,1,287,3314.0,3320.5,3308.9,3310.4,435,GC.v.0
2025-05-29 14:00:00+00:00,34,1,287,3311.7,3317.0,3303.0,3307.9,422,GC.v.0
2025-05-29 15:00:00+00:00,34,1,287,3308.2,3319.6,3308.2,3319.6,222,GC.v.0
2025-05-29 16:00:00+00:00,34,1,287,3320.1,3328.8,3318.4,3321.0,117,GC.v.0
2025-05-29 17:00:00+00:00,34,1,287,3321.0,3322.1,3316.4,3322.1,220,GC.v.0
2025-05-29 18:00:00+00:00,34,1,287,3320.9,3321.3,3317.0,3317.4,21,GC.v.0
2025-05-29 19:00:00+00:00,34,1,287,3317.7,3317.7,3313.0,3313.5,24,GC.v.0
2025-05-29 20:00:00+00:00,34,1,287,3313.2,3315.4,3313.2,3315.1,14,GC.v.0
2025-05-29 22:00:00+00:00,34,1,287,3315.1,3315.5,3314.9,3315.5,7,GC.v.0
2025-05-29 23:00:00+00:00,34,1,287,3311.5,3311.5,3311.5,3311.5,1,GC.v.0
2025-05-30 00:00:00+00:00,34,1,42008094,3338.8,3342.3,3332.8,3335.9,3957,GC.v.0
2025-05-30 01:00:00+00:00,34,1,42008094,3335.8,3347.0,3332.2,3334.1,7985,GC.v.0
2025-05-30 02:00:00+00:00,34,1,42008094,3333.9,3336.4,3318.3,3320.5,9158,GC.v.0
2025-05-30 03:00:00+00:00,34,1,42008094,3320.4,3325.9,3314.7,3318.0,5885,GC.v.0
2025-05-30 04:00:00+00:00,34,1,42008094,3317.7,3320.3,3314.6,3319.5,2870,GC.v.0
2025-05-30 05:00:00+00:00,34,1,42008094,3319.5,3328.4,3313.7,3327.3,6687,GC.v.0
2025-05-30 06:00:00+00:00,34,1,42008094,3327.0,3327.8,3314.1,3325.5,6525,GC.v.0
2025-05-30 07:00:00+00:00,34,1,42008094,3325.4,3325.4,3311.3,3319.2,6572,GC.v.0
2025-05-30 08:00:00+00:00,34,1,42008094,3318.7,3323.5,3315.6,3320.0,4394,GC.v.0
2025-05-30 09:00:00+00:00,34,1,42008094,3319.9,3323.7,3316.7,3320.0,4256,GC.v.0
2025-05-30 10:00:00+00:00,34,1,42008094,3319.8,3324.8,3316.7,3319.3,3646,GC.v.0
2025-05-30 11:00:00+00:00,34,1,42008094,3319.3,3321.5,3311.4,3318.2,5779,GC.v.0
2025-05-30 12:00:00+00:00,34,1,42008094,3318.4,3331.5,3306.8,3328.8,24781,GC.v.0
2025-05-30 13:00:00+00:00,34,1,42008094,3328.5,3332.9,3298.9,3300.6,21802,GC.v.0
2025-05-30 14:00:00+00:00,34,1,42008094,3300.6,3311.3,3294.8,3306.6,17563,GC.v.0
2025-05-30 15:00:00+00:00,34,1,42008094,3306.6,3317.2,3299.7,3312.6,18236,GC.v.0
2025-05-30 16:00:00+00:00,34,1,42008094,3312.8,3320.2,3307.6,3317.7,9698,GC.v.0
2025-05-30 17:00:00+00:00,34,1,42008094,3317.7,3319.0,3313.8,3315.2,5989,GC.v.0
2025-05-30 18:00:00+00:00,34,1,42008094,3315.2,3319.3,3315.2,3318.1,2683,GC.v.0
2025-05-30 19:00:00+00:00,34,1,42008094,3317.9,3319.4,3315.3,3318.7,3366,GC.v.0
2025-05-30 20:00:00+00:00,34,1,42008094,3318.6,3319.7,3312.7,3313.1,2940,GC.v.0
2025-06-01 22:00:00+00:00,34,1,42008094,3323.0,3338.7,3319.4,3336.4,6774,GC.v.0
2025-06-01 23:00:00+00:00,34,1,42008094,3336.4,3339.9,3332.7,3333.3,2820,GC.v.0
2025-06-02 00:00:00+00:00,34,1,42008094,3333.2,3338.7,3326.2,3334.5,5122,GC.v.0
2025-06-02 01:00:00+00:00,34,1,42008094,3334.7,3337.1,3324.3,3326.6,4813,GC.v.0
2025-06-02 02:00:00+00:00,34,1,42008094,3326.6,3335.4,3326.4,3330.5,3431,GC.v.0
2025-06-02 03:00:00+00:00,34,1,42008094,3330.4,3332.8,3326.5,3332.5,2669,GC.v.0
2025-06-02 04:00:00+00:00,34,1,42008094,3332.6,3341.9,3332.6,3337.7,3977,GC.v.0
2025-06-02 05:00:00+00:00,34,1,42008094,3337.6,3350.0,3337.6,3347.8,6223,GC.v.0
2025-06-02 06:00:00+00:00,34,1,42008094,3347.9,3369.9,3347.6,3368.9,11862,GC.v.0
2025-06-02 07:00:00+00:00,34,1,42008094,3369.0,3384.0,3367.7,3377.2,14009,GC.v.0
2025-06-02 08:00:00+00:00,34,1,42008094,3377.2,3381.2,3374.7,3376.5,5596,GC.v.0
2025-06-02 09:00:00+00:00,34,1,42008094,3376.6,3376.9,3368.8,3372.7,6446,GC.v.0
2025-06-02 10:00:00+00:00,34,1,42008094,3372.9,3376.3,3368.8,3373.3,7787,GC.v.0
2025-06-02 11:00:00+00:00,34,1,42008094,3373.3,3385.6,3370.4,3381.2,9768,GC.v.0
2025-06-02 12:00:00+00:00,34,1,42008094,3380.9,3388.9,3378.7,3380.1,10066,GC.v.0
2025-06-02 13:00:00+00:00,34,1,42008094,3380.1,3401.3,3374.5,3395.8,17595,GC.v.0
2025-06-02 14:00:00+00:00,34,1,42008094,3396.1,3404.2,3391.8,3400.6,16243,GC.v.0
2025-06-02 15:00:00+00:00,34,1,42008094,3400.5,3403.5,3393.0,3399.1,8948,GC.v.0
2025-06-02 16:00:00+00:00,34,1,42008094,3399.3,3404.7,3394.3,3396.9,6762,GC.v.0
2025-06-02 17:00:00+00:00,34,1,42008094,3396.9,3400.9,3396.2,3399.2,6374,GC.v.0
2025-06-02 18:00:00+00:00,34,1,42008094,3399.4,3405.4,3395.8,3404.4,6928,GC.v.0
2025-06-02 19:00:00+00:00,34,1,42008094,3404.3,3407.3,3403.0,3406.3,3944,GC.v.0
2025-06-02 20:00:00+00:00,34,1,42008094,3406.3,3408.1,3403.3,3406.4,3468,GC.v.0
2025-06-02 22:00:00+00:00,34,1,42008094,3406.5,3416.6,3406.5,3414.8,4126,GC.v.0
2025-06-02 23:00:00+00:00,34,1,42008094,3414.8,3417.8,3408.3,3412.8,3293,GC.v.0
2025-06-03 00:00:00+00:00,34,1,42008094,3412.5,3414.2,3398.5,3401.3,6415,GC.v.0
2025-06-03 01:00:00+00:00,34,1,42008094,3401.2,3401.3,3387.8,3397.3,12217,GC.v.0
2025-06-03 02:00:00+00:00,34,1,42008094,3397.3,3403.0,3389.0,3393.6,6989,GC.v.0
2025-06-03 03:00:00+00:00,34,1,42008094,3393.2,3394.1,3384.2,3385.7,5705,GC.v.0
2025-06-03 04:00:00+00:00,34,1,42008094,3385.7,3389.8,3383.4,3386.9,3174,GC.v.0
2025-06-03 05:00:00+00:00,34,1,42008094,3387.1,3392.8,3381.1,3389.8,5515,GC.v.0
2025-06-03 06:00:00+00:00,34,1,42008094,3389.9,3392.1,3375.6,3383.2,9620,GC.v.0
2025-06-03 07:00:00+00:00,34,1,42008094,3382.7,3385.5,3376.7,3384.6,7089,GC.v.0
2025-06-03 08:00:00+00:00,34,1,42008094,3384.7,3389.8,3384.3,3385.5,4805,GC.v.0
2025-06-03 09:00:00+00:00,34,1,42008094,3385.5,3387.0,3379.2,3381.2,4079,GC.v.0
2025-06-03 10:00:00+00:00,34,1,42008094,3381.5,3383.1,3379.1,3379.9,2796,GC.v.0
2025-06-03 11:00:00+00:00,34,1,42008094,3380.1,3384.8,3377.7,3383.3,3625,GC.v.0
2025-06-03 12:00:00+00:00,34,1,42008094,3383.5,3387.2,3371.0,3383.6,13667,GC.v.0
2025-06-03 13:00:00+00:00,34,1,42008094,3383.7,3387.0,3364.5,3370.4,17618,GC.v.0
2025-06-03 14:00:00+00:00,34,1,42008094,3369.8,3374.6,3357.2,3370.5,22004,GC.v.0
2025-06-03 15:00:00+00:00,34,1,42008094,3370.4,3375.5,3368.0,3374.0,7849,GC.v.0
2025-06-03 16:00:00+00:00,34,1,42008094,3374.1,3377.4,3367.9,3372.3,5726,GC.v.0
2025-06-03 17:00:00+00:00,34,1,42008094,3372.3,3378.7,3371.0,3377.6,4985,GC.v.0
2025-06-03 18:00:00+00:00,34,1,42008094,3377.6,3378.2,3374.6,3377.6,2256,GC.v.0
2025-06-03 19:00:00+00:00,34,1,42008094,3377.8,3379.8,3374.9,3376.4,2130,GC.v.0
2025-06-03 20:00:00+00:00,34,1,42008094,3376.4,3379.3,3376.2,3376.9,1399,GC.v.0
2025-06-03 22:00:00+00:00,34,1,42008094,3377.8,3382.5,3377.2,3381.2,1268,GC.v.0
2025-06-03 23:00:00+00:00,34,1,42008094,3381.0,3386.1,3378.6,3384.5,2768,GC.v.0
2025-06-04 00:00:00+00:00,34,1,42008094,3384.4,3384.7,3373.1,3373.6,6423,GC.v.0
2025-06-04 01:00:00+00:00,34,1,42008094,3373.6,3396.7,3369.7,3395.2,9633,GC.v.0
2025-06-04 02:00:00+00:00,34,1,42008094,3395.1,3397.1,3386.8,3389.4,5226,GC.v.0
2025-06-04 03:00:00+00:00,34,1,42008094,3389.5,3391.2,3382.1,3383.3,3537,GC.v.0
2025-06-04 04:00:00+00:00,34,1,42008094,3383.5,3385.7,3375.9,3378.4,4314,GC.v.0
2025-06-04 05:00:00+00:00,34,1,42008094,3378.4,3380.3,3372.0,3374.7,5655,GC.v.0
2025-06-04 06:00:00+00:00,34,1,42008094,3374.5,3382.2,3372.5,3379.6,4392,GC.v.0
2025-06-04 07:00:00+00:00,34,1,42008094,3379.7,3389.1,3377.2,3378.0,5968,GC.v.0
2025-06-04 08:00:00+00:00,34,1,42008094,3378.0,3388.0,3375.1,3386.5,5308,GC.v.0
2025-06-04 09:00:00+00:00,34,1,42008094,3386.5,3389.0,3383.3,3387.1,4499,GC.v.0
2025-06-04 10:00:00+00:00,34,1,42008094,3386.7,3388.4,3370.5,3374.6,6960,GC.v.0
2025-06-04 11:00:00+00:00,34,1,42008094,3374.6,3376.2,3366.9,3370.5,7922,GC.v.0
2025-06-04 12:00:00+00:00,34,1,42008094,3370.5,3385.4,3368.2,3383.0,17839,GC.v.0
2025-06-04 13:00:00+00:00,34,1,42008094,3383.2,3387.2,3375.2,3377.0,13638,GC.v.0
2025-06-04 14:00:00+00:00,34,1,42008094,3377.3,3409.7,3375.1,3401.5,26999,GC.v.0
2025-06-04 15:00:00+00:00,34,1,42008094,3401.5,3403.3,3394.5,3396.3,10123,GC.v.0
2025-06-04 16:00:00+00:00,34,1,42008094,3396.5,3400.5,3395.4,3399.4,4943,GC.v.0
2025-06-04 17:00:00+00:00,34,1,42008094,3399.3,3405.5,3397.3,3403.7,5394,GC.v.0
2025-06-04 18:00:00+00:00,34,1,42008094,3403.8,3406.8,3399.6,3400.7,3416,GC.v.0
2025-06-04 19:00:00+00:00,34,1,42008094,3400.8,3400.9,3396.0,3397.3,3449,GC.v.0
2025-06-04 20:00:00+00:00,34,1,42008094,3397.2,3399.3,3394.4,3397.4,2437,GC.v.0
2025-06-04 22:00:00+00:00,34,1,42008094,3398.0,3399.5,3395.8,3397.2,1412,GC.v.0
2025-06-04 23:00:00+00:00,34,1,42008094,3397.3,3402.7,3396.0,3401.6,1979,GC.v.0
2025-06-05 00:00:00+00:00,34,1,42008094,3401.7,3405.2,3395.5,3403.5,5342,GC.v.0
2025-06-05 01:00:00+00:00,34,1,42008094,3403.5,3407.7,3394.1,3397.3,6965,GC.v.0
2025-06-05 02:00:00+00:00,34,1,42008094,3397.1,3398.8,3391.1,3393.7,4259,GC.v.0
2025-06-05 03:00:00+00:00,34,1,42008094,3393.9,3400.5,3392.7,3393.4,3326,GC.v.0
2025-06-05 04:00:00+00:00,34,1,42008094,3393.1,3395.9,3386.9,3391.6,4839,GC.v.0
2025-06-05 05:00:00+00:00,34,1,42008094,3391.6,3393.4,3384.5,3387.3,4768,GC.v.0
2025-06-05 06:00:00+00:00,34,1,42008094,3387.5,3393.6,3386.8,3389.4,4021,GC.v.0
2025-06-05 07:00:00+00:00,34,1,42008094,3389.3,3398.0,3388.7,3394.8,4806,GC.v.0
2025-06-05 08:00:00+00:00,34,1,42008094,3394.8,3400.4,3393.3,3398.8,3230,GC.v.0
2025-06-05 09:00:00+00:00,34,1,42008094,3398.7,3415.3,3397.5,3413.5,13612,GC.v.0
2025-06-05 10:00:00+00:00,34,1,42008094,3413.3,3424.7,3411.8,3424.1,10625,GC.v.0
2025-06-05 11:00:00+00:00,34,1,42008094,3424.0,3427.7,3415.9,3416.6,11749,GC.v.0
2025-06-05 12:00:00+00:00,34,1,42008094,3416.8,3425.0,3400.5,3407.2,19776,GC.v.0
2025-06-05 13:00:00+00:00,34,1,42008094,3407.3,3412.6,3394.8,3401.9,25002,GC.v.0
2025-06-05 14:00:00+00:00,34,1,42008094,3401.9,3407.3,3387.1,3391.0,27375,GC.v.0
2025-06-05 15:00:00+00:00,34,1,42008094,3390.9,3396.4,3362.3,3368.1,28420,GC.v.0
2025-06-05 16:00:00+00:00,34,1,42008094,3367.7,3379.4,3362.8,3376.8,13148,GC.v.0
2025-06-05 17:00:00+00:00,34,1,42008094,3377.1,3377.8,3371.7,3376.9,6318,GC.v.0
2025-06-05 18:00:00+00:00,34,1,42008094,3376.9,3379.2,3373.1,3376.6,3872,GC.v.0
2025-06-05 19:00:00+00:00,34,1,42008094,3376.6,3384.7,3376.0,3380.5,8485,GC.v.0
2025-06-05 20:00:00+00:00,34,1,42008094,3380.4,3381.5,3375.8,3376.1,2309,GC.v.0
2025-06-05 22:00:00+00:00,34,1,42008094,3377.4,3386.3,3375.9,3381.5,3558,GC.v.0
2025-06-05 23:00:00+00:00,34,1,42008094,3381.4,3385.2,3379.6,3384.6,2035,GC.v.0
2025-06-06 00:00:00+00:00,34,1,42008094,3384.4,3387.0,3379.8,3381.7,3801,GC.v.0
2025-06-06 01:00:00+00:00,34,1,42008094,3381.5,3392.0,3377.9,3386.9,6140,GC.v.0
2025-06-06 02:00:00+00:00,34,1,42008094,3386.9,3389.4,3385.0,3386.7,2807,GC.v.0
2025-06-06 03:00:00+00:00,34,1,42008094,3386.7,3394.5,3381.7,3392.3,4319,GC.v.0
2025-06-06 04:00:00+00:00,34,1,42008094,3392.3,3397.3,3391.6,3396.3,3972,GC.v.0
2025-06-06 05:00:00+00:00,34,1,42008094,3396.0,3398.3,3385.6,3389.5,5813,GC.v.0
2025-06-06 06:00:00+00:00,34,1,42008094,3389.4,3390.6,3379.4,3384.0,6126,GC.v.0
2025-06-06 07:00:00+00:00,34,1,42008094,3384.0,3385.4,3375.3,3382.7,5678,GC.v.0
2025-06-06 08:00:00+00:00,34,1,42008094,3382.6,3391.0,3381.5,3388.5,4885,GC.v.0
2025-06-06 09:00:00+00:00,34,1,42008094,3388.5,3388.5,3375.0,3379.8,4860,GC.v.0
2025-06-06 10:00:00+00:00,34,1,42008094,3380.0,3384.0,3379.2,3383.6,2609,GC.v.0
2025-06-06 11:00:00+00:00,34,1,42008094,3383.6,3387.5,3381.3,3381.7,4545,GC.v.0
2025-06-06 12:00:00+00:00,34,1,42008094,3381.5,3387.3,3365.6,3376.2,20456,GC.v.0
2025-06-06 13:00:00+00:00,34,1,42008094,3375.7,3384.3,3364.8,3365.6,21569,GC.v.0
2025-06-06 14:00:00+00:00,34,1,42008094,3365.4,3367.8,3338.5,3348.8,34488,GC.v.0
2025-06-06 15:00:00+00:00,34,1,42008094,3348.7,3359.2,3345.7,3354.6,10969,GC.v.0
2025-06-06 16:00:00+00:00,34,1,42008094,3354.5,3355.2,3342.9,3344.9,8203,GC.v.0
2025-06-06 17:00:00+00:00,34,1,42008094,3345.2,3349.1,3343.6,3345.9,6351,GC.v.0
2025-06-06 18:00:00+00:00,34,1,42008094,3346.2,3346.4,3336.1,3339.8,6336,GC.v.0
2025-06-06 19:00:00+00:00,34,1,42008094,3340.0,3341.2,3333.1,3334.4,5586,GC.v.0
2025-06-06 20:00:00+00:00,34,1,42008094,3334.3,3334.8,3328.8,3331.0,4196,GC.v.0
2025-06-08 22:00:00+00:00,34,1,42008094,3333.4,3341.0,3329.0,3334.6,4096,GC.v.0
2025-06-08 23:00:00+00:00,34,1,42008094,3334.5,3338.9,3333.6,3338.4,2136,GC.v.0
2025-06-09 00:00:00+00:00,34,1,42008094,3338.5,3339.0,3317.5,3325.3,9652,GC.v.0
2025-06-09 01:00:00+00:00,34,1,42008094,3325.5,3329.3,3314.5,3315.5,7099,GC.v.0
2025-06-09 02:00:00+00:00,34,1,42008094,3315.9,3327.5,3313.1,3325.3,6253,GC.v.0
2025-06-09 03:00:00+00:00,34,1,42008094,3325.3,3331.9,3323.7,3330.6,4341,GC.v.0
2025-06-09 04:00:00+00:00,34,1,42008094,3330.7,3333.4,3329.0,3331.8,3002,GC.v.0
2025-06-09 05:00:00+00:00,34,1,42008094,3331.9,3336.9,3329.5,3335.1,3543,GC.v.0
2025-06-09 06:00:00+00:00,34,1,42008094,3335.0,3345.8,3332.7,3345.2,6084,GC.v.0
2025-06-09 07:00:00+00:00,34,1,42008094,3344.9,3349.8,3341.6,3345.2,6589,GC.v.0
2025-06-09 08:00:00+00:00,34,1,42008094,3345.3,3346.7,3340.5,3340.5,5044,GC.v.0
2025-06-09 09:00:00+00:00,34,1,42008094,3340.6,3344.4,3337.6,3339.6,4551,GC.v.0
2025-06-09 10:00:00+00:00,34,1,42008094,3339.5,3340.7,3333.0,3335.7,4095,GC.v.0
2025-06-09 11:00:00+00:00,34,1,42008094,3335.7,3342.4,3334.4,3338.4,5569,GC.v.0
2025-06-09 12:00:00+00:00,34,1,42008094,3338.6,3343.4,3333.7,3341.4,6906,GC.v.0
2025-06-09 13:00:00+00:00,34,1,42008094,3341.2,3342.5,3331.5,3340.1,11412,GC.v.0
2025-06-09 14:00:00+00:00,34,1,42008094,3339.9,3347.9,3336.9,3341.7,12907,GC.v.0
2025-06-09 15:00:00+00:00,34,1,42008094,3341.8,3353.5,3341.1,3349.8,9180,GC.v.0
2025-06-09 16:00:00+00:00,34,1,42008094,3349.7,3358.7,3348.5,3358.4,8174,GC.v.0
2025-06-09 17:00:00+00:00,34,1,42008094,3358.5,3359.0,3353.4,3354.0,5104,GC.v.0
2025-06-09 18:00:00+00:00,34,1,42008094,3354.0,3357.7,3353.4,3354.0,2465,GC.v.0
2025-06-09 19:00:00+00:00,34,1,42008094,3353.9,3356.3,3346.9,3348.2,3754,GC.v.0
2025-06-09 20:00:00+00:00,34,1,42008094,3348.4,3350.7,3346.1,3346.7,1799,GC.v.0
2025-06-09 22:00:00+00:00,34,1,42008094,3346.3,3348.3,3341.6,3343.7,2387,GC.v.0
2025-06-09 23:00:00+00:00,34,1,42008094,3344.0,3348.0,3343.8,3346.6,1495,GC.v.0
2025-06-10 00:00:00+00:00,34,1,42008094,3346.6,3346.6,3333.8,3336.1,6974,GC.v.0
2025-06-10 01:00:00+00:00,34,1,42008094,3336.2,3339.7,3322.6,3326.2,8778,GC.v.0
2025-06-10 02:00:00+00:00,34,1,42008094,3325.8,3330.0,3321.3,3329.1,5844,GC.v.0
2025-06-10 03:00:00+00:00,34,1,42008094,3328.8,3330.2,3324.7,3327.3,3079,GC.v.0
2025-06-10 04:00:00+00:00,34,1,42008094,3327.5,3328.5,3322.4,3326.8,2546,GC.v.0
2025-06-10 05:00:00+00:00,34,1,42008094,3326.8,3339.4,3326.1,3337.9,8661,GC.v.0
2025-06-10 06:00:00+00:00,34,1,42008094,3337.9,3351.5,3335.6,3345.2,11408,GC.v.0
2025-06-10 07:00:00+00:00,34,1,42008094,3345.1,3352.9,3344.3,3350.3,8444,GC.v.0
2025-06-10 08:00:00+00:00,34,1,42008094,3350.3,3355.8,3346.4,3350.0,6387,GC.v.0
2025-06-10 09:00:00+00:00,34,1,42008094,3349.9,3352.4,3347.8,3350.5,3343,GC.v.0
2025-06-10 10:00:00+00:00,34,1,42008094,3350.6,3357.2,3349.2,3356.2,3488,GC.v.0
2025-06-10 11:00:00+00:00,34,1,42008094,3356.2,3363.6,3352.9,3354.4,7990,GC.v.0
2025-06-10 12:00:00+00:00,34,1,42008094,3354.6,3361.5,3348.8,3358.1,9829,GC.v.0
2025-06-10 13:00:00+00:00,34,1,42008094,3358.2,3370.4,3356.5,3364.6,13553,GC.v.0
2025-06-10 14:00:00+00:00,34,1,42008094,3364.6,3364.9,3345.9,3348.8,17050,GC.v.0
2025-06-10 15:00:00+00:00,34,1,42008094,3348.9,3350.4,3344.1,3347.7,10311,GC.v.0
2025-06-10 16:00:00+00:00,34,1,42008094,3347.5,3348.8,3340.8,3342.3,5645,GC.v.0
2025-06-10 17:00:00+00:00,34,1,42008094,3342.3,3347.0,3341.1,3345.8,4615,GC.v.0
2025-06-10 18:00:00+00:00,34,1,42008094,3345.9,3346.3,3340.1,3342.5,3310,GC.v.0
2025-06-10 19:00:00+00:00,34,1,42008094,3342.6,3355.6,3342.2,3349.9,4973,GC.v.0
2025-06-10 20:00:00+00:00,34,1,42008094,3350.1,3350.3,3343.6,3344.8,1857,GC.v.0
2025-06-10 22:00:00+00:00,34,1,42008094,3344.3,3347.7,3341.4,3344.5,2887,GC.v.0
2025-06-10 23:00:00+00:00,34,1,42008094,3344.7,3348.6,3335.4,3348.5,5887,GC.v.0
2025-06-11 00:00:00+00:00,34,1,42008094,3348.6,3356.4,3345.1,3353.2,4833,GC.v.0
2025-06-11 01:00:00+00:00,34,1,42008094,3353.3,3358.6,3348.6,3349.5,4902,GC.v.0
2025-06-11 02:00:00+00:00,34,1,42008094,3349.4,3360.8,3347.9,3359.2,4491,GC.v.0
2025-06-11 03:00:00+00:00,34,1,42008094,3359.4,3363.2,3357.2,3360.8,4095,GC.v.0
2025-06-11 04:00:00+00:00,34,1,42008094,3360.7,3364.4,3358.4,3363.1,4130,GC.v.0
2025-06-11 05:00:00+00:00,34,1,42008094,3363.2,3364.8,3356.2,3360.5,5277,GC.v.0
2025-06-11 06:00:00+00:00,34,1,42008094,3360.6,3361.3,3353.2,3358.1,4867,GC.v.0
2025-06-11 07:00:00+00:00,34,1,42008094,3358.0,3369.7,3355.6,3366.6,7257,GC.v.0
2025-06-11 08:00:00+00:00,34,1,42008094,3366.4,3367.8,3363.5,3365.5,3550,GC.v.0
2025-06-11 09:00:00+00:00,34,1,42008094,3365.5,3365.7,3352.7,3354.7,8575,GC.v.0
2025-06-11 10:00:00+00:00,34,1,42008094,3354.7,3357.3,3348.1,3350.4,4690,GC.v.0
2025-06-11 11:00:00+00:00,34,1,42008094,3350.4,3355.8,3345.7,3353.8,6384,GC.v.0
2025-06-11 12:00:00+00:00,34,1,42008094,3353.8,3382.3,3347.8,3357.3,32534,GC.v.0
2025-06-11 13:00:00+00:00,34,1,42008094,3357.3,3366.0,3347.5,3350.7,21314,GC.v.0
2025-06-11 14:00:00+00:00,34,1,42008094,3350.5,3361.8,3349.2,3358.4,14827,GC.v.0
2025-06-11 15:00:00+00:00,34,1,42008094,3358.5,3363.5,3350.0,3353.7,10562,GC.v.0
2025-06-11 16:00:00+00:00,34,1,42008094,3353.9,3355.2,3348.7,3351.0,5937,GC.v.0
2025-06-11 17:00:00+00:00,34,1,42008094,3351.0,3352.1,3339.4,3344.5,10803,GC.v.0
2025-06-11 18:00:00+00:00,34,1,42008094,3344.7,3368.4,3344.0,3364.3,17326,GC.v.0
2025-06-11 19:00:00+00:00,34,1,42008094,3364.5,3370.2,3362.7,3367.9,5154,GC.v.0
2025-06-11 20:00:00+00:00,34,1,42008094,3368.0,3376.6,3367.8,3376.0,3996,GC.v.0
2025-06-11 22:00:00+00:00,34,1,42008094,3377.5,3390.3,3376.3,3389.4,6179,GC.v.0
2025-06-11 23:00:00+00:00,34,1,42008094,3389.5,3394.0,3377.6,3385.8,7209,GC.v.0
2025-06-12 00:00:00+00:00,34,1,42008094,3386.0,3391.9,3382.5,3386.4,6754,GC.v.0
2025-06-12 01:00:00+00:00,34,1,42008094,3386.4,3397.1,3382.7,3391.6,8524,GC.v.0
2025-06-12 02:00:00+00:00,34,1,42008094,3391.3,3398.4,3389.3,3394.9,7398,GC.v.0
2025-06-12 03:00:00+00:00,34,1,42008094,3394.9,3396.9,3391.5,3393.2,3216,GC.v.0
2025-06-12 04:00:00+00:00,34,1,42008094,3393.4,3394.0,3389.5,3390.8,2121,GC.v.0
2025-06-12 05:00:00+00:00,34,1,42008094,3390.6,3396.5,3388.0,3394.8,3607,GC.v.0
2025-06-12 06:00:00+00:00,34,1,42008094,3394.9,3395.7,3385.1,3395.0,6694,GC.v.0
2025-06-12 07:00:00+00:00,34,1,42008094,3395.1,3395.4,3358.5,3366.6,17615,GC.v.0
2025-06-12 08:00:00+00:00,34,1,42008094,3366.8,3380.8,3366.7,3376.3,9438,GC.v.0
2025-06-12 09:00:00+00:00,34,1,42008094,3376.2,3388.2,3375.0,3385.5,8821,GC.v.0
2025-06-12 10:00:00+00:00,34,1,42008094,3385.6,3406.5,3382.5,3402.9,13496,GC.v.0
2025-06-12 11:00:00+00:00,34,1,42008094,3402.9,3409.2,3393.5,3399.7,11404,GC.v.0
2025-06-12 12:00:00+00:00,34,1,42008094,3399.5,3411.4,3396.7,3409.2,14221,GC.v.0
2025-06-12 13:00:00+00:00,34,1,42008094,3409.0,3419.8,3399.1,3412.8,26943,GC.v.0
2025-06-12 14:00:00+00:00,34,1,42008094,3412.7,3414.2,3403.4,3404.4,20321,GC.v.0
2025-06-12 15:00:00+00:00,34,1,42008094,3404.4,3411.5,3398.1,3406.5,15583,GC.v.0
2025-06-12 16:00:00+00:00,34,1,42008094,3406.6,3412.4,3401.7,3404.4,10357,GC.v.0
2025-06-12 17:00:00+00:00,34,1,42008094,3404.4,3405.7,3398.7,3403.3,7525,GC.v.0
2025-06-12 18:00:00+00:00,34,1,42008094,3403.4,3406.8,3402.3,3406.1,3800,GC.v.0
2025-06-12 19:00:00+00:00,34,1,42008094,3406.0,3409.7,3405.0,3408.5,4084,GC.v.0
2025-06-12 20:00:00+00:00,34,1,42008094,3408.4,3409.4,3405.5,3406.4,2035,GC.v.0
2025-06-12 22:00:00+00:00,34,1,42008094,3406.7,3407.0,3399.6,3404.0,2499,GC.v.0
2025-06-12 23:00:00+00:00,34,1,42008094,3404.0,3417.0,3403.0,3416.4,4091,GC.v.0
2025-06-13 00:00:00+00:00,34,1,42008094,3416.2,3442.0,3412.4,3436.2,28593,GC.v.0
2025-06-13 01:00:00+00:00,34,1,42008094,3436.5,3455.3,3435.1,3449.0,17996,GC.v.0
2025-06-13 02:00:00+00:00,34,1,42008094,3448.7,3466.8,3446.3,3463.8,14493,GC.v.0
2025-06-13 03:00:00+00:00,34,1,42008094,3463.5,3467.0,3445.7,3447.7,13721,GC.v.0
2025-06-13 04:00:00+00:00,34,1,42008094,3447.8,3452.7,3445.0,3447.3,4680,GC.v.0
2025-06-13 05:00:00+00:00,34,1,42008094,3447.2,3450.8,3439.0,3447.2,8826,GC.v.0
2025-06-13 06:00:00+00:00,34,1,42008094,3447.2,3450.5,3429.2,3436.9,12590,GC.v.0
2025-06-13 07:00:00+00:00,34,1,42008094,3437.0,3439.7,3428.3,3435.5,8354,GC.v.0
2025-06-13 08:00:00+00:00,34,1,42008094,3435.2,3446.8,3434.6,3444.7,6669,GC.v.0
2025-06-13 09:00:00+00:00,34,1,42008094,3444.8,3447.8,3440.5,3444.7,8157,GC.v.0
2025-06-13 10:00:00+00:00,34,1,42008094,3444.5,3448.4,3432.0,3436.0,10050,GC.v.0
2025-06-13 11:00:00+00:00,34,1,42008094,3436.2,3443.2,3432.7,3442.1,7306,GC.v.0
2025-06-13 12:00:00+00:00,34,1,42008094,3442.3,3458.9,3441.7,3457.1,14917,GC.v.0
2025-06-13 13:00:00+00:00,34,1,42008094,3457.0,3468.0,3454.3,3457.6,24812,GC.v.0
2025-06-13 14:00:00+00:00,34,1,42008094,3457.3,3460.5,3444.1,3448.4,23570,GC.v.0
2025-06-13 15:00:00+00:00,34,1,42008094,3448.4,3450.9,3440.2,3446.3,13062,GC.v.0
2025-06-13 16:00:00+00:00,34,1,42008094,3446.4,3451.4,3439.2,3450.7,8385,GC.v.0
2025-06-13 17:00:00+00:00,34,1,42008094,3450.6,3453.8,3447.4,3450.6,8796,GC.v.0
2025-06-13 18:00:00+00:00,34,1,42008094,3450.7,3459.6,3448.6,3456.5,8984,GC.v.0
2025-06-13 19:00:00+00:00,34,1,42008094,3456.9,3458.3,3451.5,3452.1,6896,GC.v.0
2025-06-13 20:00:00+00:00,34,1,42008094,3452.3,3455.1,3448.9,3452.6,4131,GC.v.0
2025-06-15 22:00:00+00:00,34,1,42008094,3473.0,3476.3,3444.0,3468.7,12131,GC.v.0
2025-06-15 23:00:00+00:00,34,1,42008094,3468.9,3470.5,3459.5,3464.0,5097,GC.v.0
2025-06-16 00:00:00+00:00,34,1,42008094,3464.3,3471.5,3454.0,3456.5,8081,GC.v.0
2025-06-16 01:00:00+00:00,34,1,42008094,3456.6,3462.6,3453.2,3460.6,6623,GC.v.0
2025-06-16 02:00:00+00:00,34,1,42008094,3460.9,3465.9,3457.3,3458.0,5120,GC.v.0
2025-06-16 03:00:00+00:00,34,1,42008094,3457.8,3459.0,3448.3,3450.7,4928,GC.v.0
2025-06-16 04:00:00+00:00,34,1,42008094,3450.7,3452.5,3445.8,3446.5,3927,GC.v.0
2025-06-16 05:00:00+00:00,34,1,42008094,3446.6,3449.7,3436.7,3441.2,8768,GC.v.0
2025-06-16 06:00:00+00:00,34,1,42008094,3440.8,3440.8,3432.5,3438.0,7355,GC.v.0
2025-06-16 07:00:00+00:00,34,1,42008094,3437.8,3439.5,3429.0,3431.8,7960,GC.v.0
2025-06-16 08:00:00+00:00,34,1,42008094,3432.1,3437.5,3428.9,3432.9,5848,GC.v.0
2025-06-16 09:00:00+00:00,34,1,42008094,3433.1,3438.9,3431.2,3431.6,4893,GC.v.0
2025-06-16 10:00:00+00:00,34,1,42008094,3431.5,3440.8,3430.1,3440.5,5175,GC.v.0
2025-06-16 11:00:00+00:00,34,1,42008094,3440.6,3442.4,3430.2,3434.6,5739,GC.v.0
2025-06-16 12:00:00+00:00,34,1,42008094,3434.8,3437.5,3430.3,3435.3,6139,GC.v.0
2025-06-16 13:00:00+00:00,34,1,42008094,3435.2,3438.1,3400.9,3407.3,31263,GC.v.0
2025-06-16 14:00:00+00:00,34,1,42008094,3407.2,3418.9,3406.5,3416.0,20515,GC.v.0
2025-06-16 15:00:00+00:00,34,1,42008094,3416.2,3425.4,3416.2,3423.8,11284,GC.v.0
2025-06-16 16:00:00+00:00,34,1,42008094,3424.0,3424.7,3415.9,3418.3,6259,GC.v.0
2025-06-16 17:00:00+00:00,34,1,42008094,3418.5,3419.4,3410.3,3412.2,5872,GC.v.0
2025-06-16 18:00:00+00:00,34,1,42008094,3412.2,3413.8,3403.6,3404.7,5788,GC.v.0
2025-06-16 19:00:00+00:00,34,1,42008094,3404.9,3407.4,3402.2,3402.9,6521,GC.v.0
2025-06-16 20:00:00+00:00,34,1,42008094,3402.9,3405.1,3402.3,3404.3,2121,GC.v.0
2025-06-16 22:00:00+00:00,34,1,42008094,3404.2,3417.3,3404.0,3414.5,4511,GC.v.0
2025-06-16 23:00:00+00:00,34,1,42008094,3414.3,3422.7,3412.3,3422.4,5663,GC.v.0
2025-06-17 00:00:00+00:00,34,1,42008094,3422.5,3422.7,3410.4,3413.9,7448,GC.v.0
2025-06-17 01:00:00+00:00,34,1,42008094,3413.3,3421.4,3412.3,3412.6,5014,GC.v.0
2025-06-17 02:00:00+00:00,34,1,42008094,3412.5,3419.9,3406.6,3409.4,7003,GC.v.0
2025-06-17 03:00:00+00:00,34,1,42008094,3409.0,3411.7,3391.3,3406.3,13512,GC.v.0
2025-06-17 04:00:00+00:00,34,1,42008094,3406.3,3415.1,3405.6,3412.8,4416,GC.v.0
2025-06-17 05:00:00+00:00,34,1,42008094,3413.2,3414.0,3409.3,3411.0,3289,GC.v.0
2025-06-17 06:00:00+00:00,34,1,42008094,3410.8,3410.9,3399.2,3403.4,6254,GC.v.0
2025-06-17 07:00:00+00:00,34,1,42008094,3403.5,3410.9,3401.2,3406.2,6260,GC.v.0
2025-06-17 08:00:00+00:00,34,1,42008094,3406.3,3407.0,3396.0,3397.2,5923,GC.v.0
2025-06-17 09:00:00+00:00,34,1,42008094,3397.0,3404.1,3393.7,3403.8,8626,GC.v.0
2025-06-17 10:00:00+00:00,34,1,42008094,3404.0,3417.8,3403.6,3417.1,8266,GC.v.0
2025-06-17 11:00:00+00:00,34,1,42008094,3417.1,3419.0,3406.6,3407.1,6715,GC.v.0
2025-06-17 12:00:00+00:00,34,1,42008094,3407.2,3410.2,3402.1,3405.3,13265,GC.v.0
2025-06-17 13:00:00+00:00,34,1,42008094,3405.5,3416.4,3404.4,3409.8,18371,GC.v.0
2025-06-17 14:00:00+00:00,34,1,42008094,3409.6,3411.3,3384.4,3403.8,34410,GC.v.0
2025-06-17 15:00:00+00:00,34,1,42008094,3403.8,3407.2,3390.0,3397.9,12750,GC.v.0
2025-06-17 16:00:00+00:00,34,1,42008094,3398.1,3404.2,3395.3,3401.4,10441,GC.v.0
2025-06-17 17:00:00+00:00,34,1,42008094,3401.4,3410.0,3399.6,3408.7,8298,GC.v.0
2025-06-17 18:00:00+00:00,34,1,42008094,3408.9,3411.0,3401.0,3401.4,5341,GC.v.0
2025-06-17 19:00:00+00:00,34,1,42008094,3401.6,3405.0,3400.7,3404.4,4709,GC.v.0
2025-06-17 20:00:00+00:00,34,1,42008094,3404.1,3408.7,3402.0,3406.5,1918,GC.v.0
2025-06-17 22:00:00+00:00,34,1,42008094,3409.0,3414.6,3407.0,3407.3,2327,GC.v.0
2025-06-17 23:00:00+00:00,34,1,42008094,3407.5,3409.0,3403.3,3405.5,1824,GC.v.0
2025-06-18 00:00:00+00:00,34,1,42008094,3405.4,3407.2,3401.2,3404.0,2840,GC.v.0
2025-06-18 01:00:00+00:00,34,1,42008094,3404.2,3407.3,3397.3,3397.7,4576,GC.v.0
2025-06-18 02:00:00+00:00,34,1,42008094,3397.5,3398.0,3388.8,3397.9,6525,GC.v.0
2025-06-18 03:00:00+00:00,34,1,42008094,3397.4,3410.2,3397.4,3409.8,5680,GC.v.0
2025-06-18 04:00:00+00:00,34,1,42008094,3409.8,3419.0,3408.2,3413.7,6760,GC.v.0
2025-06-18 05:00:00+00:00,34,1,42008094,3413.9,3414.3,3402.9,3405.1,6664,GC.v.0
2025-06-18 06:00:00+00:00,34,1,42008094,3405.0,3405.5,3397.5,3400.7,5985,GC.v.0
2025-06-18 07:00:00+00:00,34,1,42008094,3400.7,3404.3,3395.0,3404.0,6832,GC.v.0
2025-06-18 08:00:00+00:00,34,1,42008094,3403.9,3406.6,3400.7,3401.5,4544,GC.v.0
2025-06-18 09:00:00+00:00,34,1,42008094,3401.7,3403.8,3393.5,3396.6,4638,GC.v.0
2025-06-18 10:00:00+00:00,34,1,42008094,3396.4,3400.7,3393.9,3398.4,5505,GC.v.0
2025-06-18 11:00:00+00:00,34,1,42008094,3398.4,3405.4,3397.3,3400.4,8233,GC.v.0
2025-06-18 12:00:00+00:00,34,1,42008094,3400.2,3408.5,3399.8,3405.5,10735,GC.v.0
2025-06-18 13:00:00+00:00,34,1,42008094,3405.4,3415.8,3404.5,3411.1,11880,GC.v.0
2025-06-18 14:00:00+00:00,34,1,42008094,3411.1,3411.5,3391.7,3405.7,24098,GC.v.0
2025-06-18 15:00:00+00:00,34,1,42008094,3405.8,3411.4,3399.5,3411.0,7599,GC.v.0
2025-06-18 16:00:00+00:00,34,1,42008094,3411.2,3413.2,3408.4,3409.5,5194,GC.v.0
2025-06-18 17:00:00+00:00,34,1,42008094,3409.6,3409.9,3402.4,3403.5,5240,GC.v.0
2025-06-18 18:00:00+00:00,34,1,42008094,3403.5,3414.2,3396.0,3397.1,12726,GC.v.0
2025-06-18 19:00:00+00:00,34,1,42008094,3396.9,3397.5,3380.5,3384.6,18707,GC.v.0
2025-06-18 20:00:00+00:00,34,1,42008094,3384.4,3387.6,3380.1,3386.4,3693,GC.v.0
2025-06-18 22:00:00+00:00,34,1,42008094,3387.1,3396.7,3386.3,3392.0,2697,GC.v.0
2025-06-18 23:00:00+00:00,34,1,42008094,3392.0,3394.0,3387.6,3391.9,2426,GC.v.0
2025-06-19 00:00:00+00:00,34,1,42008094,3391.7,3400.1,3391.7,3396.3,3591,GC.v.0
2025-06-19 01:00:00+00:00,34,1,42008094,3396.3,3405.2,3391.5,3392.3,6321,GC.v.0
2025-06-19 02:00:00+00:00,34,1,42008094,3391.9,3396.5,3391.0,3393.9,3009,GC.v.0
2025-06-19 03:00:00+00:00,34,1,42008094,3394.1,3394.5,3386.2,3390.9,3160,GC.v.0
2025-06-19 04:00:00+00:00,34,1,42008094,3390.6,3392.5,3389.1,3391.9,1381,GC.v.0
2025-06-19 05:00:00+00:00,34,1,42008094,3392.1,3392.7,3376.9,3381.7,7467,GC.v.0
2025-06-19 06:00:00+00:00,34,1,42008094,3381.5,3381.9,3363.6,3373.5,20206,GC.v.0
2025-06-19 07:00:00+00:00,34,1,42008094,3373.5,3386.2,3367.3,3382.9,13082,GC.v.0
2025-06-19 08:00:00+00:00,34,1,42008094,3383.0,3389.2,3379.3,3386.1,6433,GC.v.0
2025-06-19 09:00:00+00:00,34,1,42008094,3385.8,3391.0,3379.8,3387.3,6078,GC.v.0
2025-06-19 10:00:00+00:00,34,1,42008094,3387.5,3396.9,3386.1,3391.9,6097,GC.v.0
2025-06-19 11:00:00+00:00,34,1,42008094,3392.0,3392.5,3387.2,3388.9,3171,GC.v.0
2025-06-19 12:00:00+00:00,34,1,42008094,3389.0,3389.5,3380.2,3384.7,5558,GC.v.0
2025-06-19 13:00:00+00:00,34,1,42008094,3384.8,3389.8,3376.7,3386.6,9290,GC.v.0
2025-06-19 14:00:00+00:00,34,1,42008094,3386.3,3387.9,3378.4,3381.7,8605,GC.v.0
2025-06-19 15:00:00+00:00,34,1,42008094,3381.8,3389.1,3378.8,3385.9,10550,GC.v.0
2025-06-19 16:00:00+00:00,34,1,42008094,3385.7,3388.5,3382.5,3387.8,5678,GC.v.0
2025-06-19 17:00:00+00:00,34,1,42008094,3387.9,3392.2,3382.7,3385.3,4172,GC.v.0
2025-06-19 18:00:00+00:00,34,1,42008094,3385.0,3388.4,3383.5,3387.4,846,GC.v.0
2025-06-19 22:00:00+00:00,34,1,42008094,3386.4,3387.2,3378.3,3382.1,3203,GC.v.0
2025-06-19 23:00:00+00:00,34,1,42008094,3382.2,3387.0,3380.1,3385.2,2482,GC.v.0
2025-06-20 00:00:00+00:00,34,1,42008094,3385.0,3386.8,3380.9,3384.5,2663,GC.v.0
2025-06-20 01:00:00+00:00,34,1,42008094,3384.6,3384.7,3372.5,3372.8,5887,GC.v.0
2025-06-20 02:00:00+00:00,34,1,42008094,3373.0,3377.0,3367.8,3368.5,5558,GC.v.0
2025-06-20 03:00:00+00:00,34,1,42008094,3368.6,3372.8,3361.1,3371.9,8524,GC.v.0
2025-06-20 04:00:00+00:00,34,1,42008094,3371.7,3373.7,3368.7,3370.6,2952,GC.v.0
2025-06-20 05:00:00+00:00,34,1,42008094,3370.6,3371.3,3358.7,3360.9,6767,GC.v.0
2025-06-20 06:00:00+00:00,34,1,42008094,3360.8,3365.4,3356.2,3361.4,8086,GC.v.0
2025-06-20 07:00:00+00:00,34,1,42008094,3361.1,3371.6,3359.2,3363.4,6605,GC.v.0
2025-06-20 08:00:00+00:00,34,1,42008094,3363.5,3368.6,3362.5,3367.3,3268,GC.v.0
2025-06-20 09:00:00+00:00,34,1,42008094,3367.0,3375.6,3365.4,3371.3,5610,GC.v.0
2025-06-20 10:00:00+00:00,34,1,42008094,3371.4,3373.9,3371.0,3371.3,2571,GC.v.0
2025-06-20 11:00:00+00:00,34,1,42008094,3371.2,3371.7,3361.5,3362.8,7291,GC.v.0
2025-06-20 12:00:00+00:00,34,1,42008094,3363.0,3366.6,3357.3,3360.1,11654,GC.v.0
2025-06-20 13:00:00+00:00,34,1,42008094,3360.1,3390.1,3358.5,3386.6,21216,GC.v.0
2025-06-20 14:00:00+00:00,34,1,42008094,3386.5,3390.8,3381.3,3385.5,15891,GC.v.0
2025-06-20 15:00:00+00:00,34,1,42008094,3385.6,3388.1,3382.1,3385.7,6860,GC.v.0
2025-06-20 16:00:00+00:00,34,1,42008094,3385.9,3389.7,3384.0,3387.7,4026,GC.v.0
2025-06-20 17:00:00+00:00,34,1,42008094,3387.6,3387.9,3382.3,3383.2,4424,GC.v.0
2025-06-20 18:00:00+00:00,34,1,42008094,3383.3,3383.8,3380.2,3382.3,2962,GC.v.0
2025-06-20 19:00:00+00:00,34,1,42008094,3382.3,3386.4,3380.5,3381.4,4288,GC.v.0
2025-06-20 20:00:00+00:00,34,1,42008094,3381.2,3385.0,3380.5,3384.4,3202,GC.v.0
2025-06-22 22:00:00+00:00,34,1,42008094,3400.7,3413.8,3386.8,3394.1,12454,GC.v.0
2025-06-22 23:00:00+00:00,34,1,42008094,3394.2,3396.0,3386.8,3388.4,3764,GC.v.0
2025-06-23 00:00:00+00:00,34,1,42008094,3388.5,3389.3,3373.0,3381.4,8379,GC.v.0
2025-06-23 01:00:00+00:00,34,1,42008094,3381.4,3384.0,3367.5,3371.0,8690,GC.v.0
2025-06-23 02:00:00+00:00,34,1,42008094,3370.7,3380.3,3370.4,3376.6,4150,GC.v.0
2025-06-23 03:00:00+00:00,34,1,42008094,3376.5,3381.6,3375.3,3378.5,3545,GC.v.0
2025-06-23 04:00:00+00:00,34,1,42008094,3378.7,3380.3,3371.9,3373.5,2358,GC.v.0
2025-06-23 05:00:00+00:00,34,1,42008094,3373.7,3375.8,3361.4,3371.5,6783,GC.v.0
2025-06-23 06:00:00+00:00,34,1,42008094,3371.7,3374.6,3367.5,3372.5,4330,GC.v.0
2025-06-23 07:00:00+00:00,34,1,42008094,3372.3,3374.0,3366.4,3372.8,4707,GC.v.0
2025-06-23 08:00:00+00:00,34,1,42008094,3372.9,3377.8,3372.9,3377.2,3976,GC.v.0
2025-06-23 09:00:00+00:00,34,1,42008094,3377.1,3384.6,3377.0,3382.1,5653,GC.v.0
2025-06-23 10:00:00+00:00,34,1,42008094,3382.1,3384.0,3379.6,3383.3,2609,GC.v.0
2025-06-23 11:00:00+00:00,34,1,42008094,3383.7,3397.9,3383.7,3396.1,9777,GC.v.0
2025-06-23 12:00:00+00:00,34,1,42008094,3396.3,3396.6,3371.1,3375.6,13337,GC.v.0
2025-06-23 13:00:00+00:00,34,1,42008094,3375.5,3403.6,3374.9,3396.5,22856,GC.v.0
2025-06-23 14:00:00+00:00,34,1,42008094,3396.3,3402.7,3384.9,3402.4,20237,GC.v.0
2025-06-23 15:00:00+00:00,34,1,42008094,3402.5,3405.9,3400.4,3403.3,9720,GC.v.0
2025-06-23 16:00:00+00:00,34,1,42008094,3403.4,3410.1,3395.7,3405.6,14177,GC.v.0
2025-06-23 17:00:00+00:00,34,1,42008094,3405.5,3407.8,3391.2,3397.7,12273,GC.v.0
2025-06-23 18:00:00+00:00,34,1,42008094,3397.9,3404.3,3392.0,3393.8,6650,GC.v.0
2025-06-23 19:00:00+00:00,34,1,42008094,3393.9,3397.5,3390.8,3391.4,3986,GC.v.0
2025-06-23 20:00:00+00:00,34,1,42008094,3391.5,3392.6,3382.9,3384.4,3417,GC.v.0
2025-06-23 22:00:00+00:00,34,1,42008094,3383.8,3385.0,3365.1,3370.5,8004,GC.v.0
2025-06-23 23:00:00+00:00,34,1,42008094,3370.8,3372.4,3355.5,3358.7,8893,GC.v.0
2025-06-24 00:00:00+00:00,34,1,42008094,3358.9,3369.5,3347.0,3365.4,10178,GC.v.0
2025-06-24 01:00:00+00:00,34,1,42008094,3365.5,3368.7,3356.5,3362.3,6637,GC.v.0
2025-06-24 02:00:00+00:00,34,1,42008094,3362.1,3367.3,3360.1,3366.2,4932,GC.v.0
2025-06-24 03:00:00+00:00,34,1,42008094,3366.2,3372.9,3365.6,3366.9,4315,GC.v.0
2025-06-24 04:00:00+00:00,34,1,42008094,3366.8,3367.9,3361.2,3362.7,3108,GC.v.0
2025-06-24 05:00:00+00:00,34,1,42008094,3362.5,3363.0,3340.6,3346.0,12665,GC.v.0
2025-06-24 06:00:00+00:00,34,1,42008094,3346.1,3347.2,3330.7,3337.3,16211,GC.v.0
2025-06-24 07:00:00+00:00,34,1,42008094,3337.4,3346.0,3331.0,3343.8,14402,GC.v.0
2025-06-24 08:00:00+00:00,34,1,42008094,3343.9,3346.8,3338.5,3341.6,7511,GC.v.0
2025-06-24 09:00:00+00:00,34,1,42008094,3341.4,3343.2,3331.7,3332.2,6610,GC.v.0
2025-06-24 10:00:00+00:00,34,1,42008094,3332.5,3341.6,3332.3,3339.5,4739,GC.v.0
2025-06-24 11:00:00+00:00,34,1,42008094,3339.2,3342.9,3331.7,3335.2,7128,GC.v.0
2025-06-24 12:00:00+00:00,34,1,42008094,3335.0,3335.0,3318.0,3328.3,22933,GC.v.0
2025-06-24 13:00:00+00:00,34,1,42008094,3328.3,3331.7,3308.3,3315.6,25441,GC.v.0
2025-06-24 14:00:00+00:00,34,1,42008094,3316.0,3324.2,3312.0,3318.3,18377,GC.v.0
2025-06-24 15:00:00+00:00,34,1,42008094,3318.2,3330.9,3313.2,3326.9,12224,GC.v.0
2025-06-24 16:00:00+00:00,34,1,42008094,3327.1,3334.5,3325.1,3332.6,5496,GC.v.0
2025-06-24 17:00:00+00:00,34,1,42008094,3332.6,3335.6,3332.0,3332.1,6522,GC.v.0
2025-06-24 18:00:00+00:00,34,1,42008094,3332.2,3333.1,3329.8,3331.4,2650,GC.v.0
2025-06-24 19:00:00+00:00,34,1,42008094,3331.3,3339.2,3329.9,3337.8,4890,GC.v.0
2025-06-24 20:00:00+00:00,34,1,42008094,3337.7,3338.6,3335.7,3338.5,2024,GC.v.0
2025-06-24 22:00:00+00:00,34,1,42008094,3338.1,3339.6,3334.6,3335.6,1525,GC.v.0
2025-06-24 23:00:00+00:00,34,1,42008094,3335.7,3338.8,3335.5,3338.0,1092,GC.v.0
2025-06-25 00:00:00+00:00,34,1,42008094,3338.0,3343.8,3337.4,3340.6,4356,GC.v.0
2025-06-25 01:00:00+00:00,34,1,42008094,3340.5,3349.2,3340.0,3348.8,4904,GC.v.0
2025-06-25 02:00:00+00:00,34,1,42008094,3348.7,3349.5,3341.9,3343.8,3468,GC.v.0
2025-06-25 03:00:00+00:00,34,1,42008094,3343.5,3346.3,3341.3,3342.3,2672,GC.v.0
2025-06-25 04:00:00+00:00,34,1,42008094,3342.2,3343.1,3339.3,3341.3,1859,GC.v.0
2025-06-25 05:00:00+00:00,34,1,42008094,3341.3,3347.5,3340.4,3345.4,3195,GC.v.0
2025-06-25 06:00:00+00:00,34,1,42008094,3345.5,3347.3,3342.4,3345.8,3525,GC.v.0
2025-06-25 07:00:00+00:00,34,1,42008094,3345.8,3351.3,3340.3,3344.5,7717,GC.v.0
2025-06-25 08:00:00+00:00,34,1,42008094,3344.6,3346.4,3339.8,3340.5,6545,GC.v.0
2025-06-25 09:00:00+00:00,34,1,42008094,3340.5,3340.8,3335.0,3338.7,6127,GC.v.0
2025-06-25 10:00:00+00:00,34,1,42008094,3339.0,3343.4,3337.6,3338.1,5344,GC.v.0
2025-06-25 11:00:00+00:00,34,1,42008094,3338.0,3343.5,3336.1,3336.7,5932,GC.v.0
2025-06-25 12:00:00+00:00,34,1,42008094,3336.6,3343.3,3331.9,3334.4,8044,GC.v.0
2025-06-25 13:00:00+00:00,34,1,42008094,3334.4,3335.3,3325.5,3328.2,11696,GC.v.0
2025-06-25 14:00:00+00:00,34,1,42008094,3328.2,3340.2,3325.6,3337.3,10901,GC.v.0
2025-06-25 15:00:00+00:00,34,1,42008094,3337.1,3340.9,3335.2,3339.2,5994,GC.v.0
2025-06-25 16:00:00+00:00,34,1,42008094,3339.4,3349.1,3337.7,3348.6,7631,GC.v.0
2025-06-25 17:00:00+00:00,34,1,42008094,3348.8,3349.4,3338.5,3342.2,9673,GC.v.0
2025-06-25 18:00:00+00:00,34,1,42008094,3342.3,3345.8,3340.3,3345.6,3390,GC.v.0
2025-06-25 19:00:00+00:00,34,1,42008094,3345.5,3350.3,3344.4,3348.2,4688,GC.v.0
2025-06-25 20:00:00+00:00,34,1,42008094,3348.2,3349.8,3345.6,3346.4,2888,GC.v.0
2025-06-25 22:00:00+00:00,34,1,42008094,3347.5,3348.8,3344.3,3346.3,1934,GC.v.0
2025-06-25 23:00:00+00:00,34,1,42008094,3346.3,3354.2,3346.0,3352.8,3395,GC.v.0
2025-06-26 00:00:00+00:00,34,1,42008094,3352.9,3353.2,3345.5,3347.3,3881,GC.v.0
2025-06-26 01:00:00+00:00,34,1,42008094,3347.5,3350.4,3342.8,3343.7,4482,GC.v.0
2025-06-26 02:00:00+00:00,34,1,42008094,3343.7,3355.8,3342.6,3353.1,4351,GC.v.0
2025-06-26 03:00:00+00:00,34,1,42008094,3353.5,3357.0,3350.1,3351.8,3082,GC.v.0
2025-06-26 04:00:00+00:00,34,1,42008094,3351.6,3351.9,3347.1,3347.9,2172,GC.v.0
2025-06-26 05:00:00+00:00,34,1,42008094,3347.7,3352.1,3346.1,3348.1,3299,GC.v.0
2025-06-26 06:00:00+00:00,34,1,42008094,3347.7,3353.8,3344.1,3353.2,5870,GC.v.0
2025-06-26 07:00:00+00:00,34,1,42008094,3353.2,3360.4,3353.0,3359.4,6032,GC.v.0
2025-06-26 08:00:00+00:00,34,1,42008094,3359.4,3363.9,3357.8,3361.6,4918,GC.v.0
2025-06-26 09:00:00+00:00,34,1,42008094,3361.6,3362.3,3351.9,3353.9,7198,GC.v.0
2025-06-26 10:00:00+00:00,34,1,42008094,3353.9,3356.9,3351.3,3356.5,3083,GC.v.0
2025-06-26 11:00:00+00:00,34,1,42008094,3356.6,3357.5,3344.9,3346.4,6526,GC.v.0
2025-06-26 12:00:00+00:00,34,1,42008094,3346.5,3357.8,3334.7,3335.0,15996,GC.v.0
2025-06-26 13:00:00+00:00,34,1,42008094,3335.2,3341.8,3322.5,3332.8,29100,GC.v.0
2025-06-26 14:00:00+00:00,34,1,42008094,3332.6,3337.0,3324.4,3331.5,14978,GC.v.0
2025-06-26 15:00:00+00:00,34,1,42008094,3331.4,3337.9,3331.3,3337.6,6046,GC.v.0
2025-06-26 16:00:00+00:00,34,1,42008094,3337.7,3346.6,3336.6,3344.7,7875,GC.v.0
2025-06-26 17:00:00+00:00,34,1,42008094,3344.6,3349.8,3344.5,3346.3,5759,GC.v.0
2025-06-26 18:00:00+00:00,34,1,42008094,3346.4,3348.4,3344.8,3346.9,2327,GC.v.0
2025-06-26 19:00:00+00:00,34,1,42008094,3347.1,3347.3,3341.2,3345.0,3816,GC.v.0
2025-06-26 20:00:00+00:00,34,1,42008094,3345.1,3346.0,3341.3,3341.6,1617,GC.v.0
2025-06-26 22:00:00+00:00,34,1,42008094,3341.3,3341.4,3332.0,3335.0,3216,GC.v.0
2025-06-26 23:00:00+00:00,34,1,42008094,3334.3,3336.8,3329.2,3331.8,2633,GC.v.0
2025-06-27 00:00:00+00:00,34,1,42008094,3331.7,3333.0,3326.0,3331.7,4084,GC.v.0
2025-06-27 01:00:00+00:00,34,1,42008094,3331.6,3335.1,3327.5,3329.1,4819,GC.v.0
2025-06-27 02:00:00+00:00,34,1,42008094,3328.9,3332.9,3320.7,3321.2,6384,GC.v.0
2025-06-27 03:00:00+00:00,34,1,42008094,3321.2,3323.2,3305.3,3307.2,11053,GC.v.0
2025-06-27 04:00:00+00:00,34,1,42008094,3307.1,3310.0,3303.8,3306.3,7204,GC.v.0
2025-06-27 05:00:00+00:00,34,1,42008094,3306.3,3313.1,3300.4,3309.8,10129,GC.v.0
2025-06-27 06:00:00+00:00,34,1,42008094,3310.1,3312.5,3298.0,3307.0,10572,GC.v.0
2025-06-27 07:00:00+00:00,34,1,42008094,3306.9,3307.4,3295.0,3296.2,8565,GC.v.0
2025-06-27 08:00:00+00:00,34,1,42008094,3296.2,3303.0,3293.4,3301.3,7894,GC.v.0
2025-06-27 09:00:00+00:00,34,1,42008094,3301.1,3302.3,3293.8,3294.6,6582,GC.v.0
2025-06-27 10:00:00+00:00,34,1,42008094,3294.6,3303.3,3291.5,3297.4,6893,GC.v.0
2025-06-27 11:00:00+00:00,34,1,42008094,3297.6,3299.8,3287.6,3292.9,8630,GC.v.0
2025-06-27 12:00:00+00:00,34,1,42008094,3292.7,3293.7,3279.8,3281.3,21251,GC.v.0
2025-06-27 13:00:00+00:00,34,1,42008094,3281.0,3286.4,3266.5,3286.3,33922,GC.v.0
2025-06-27 14:00:00+00:00,34,1,42008094,3286.1,3290.2,3275.3,3284.3,20435,GC.v.0
2025-06-27 15:00:00+00:00,34,1,42008094,3284.2,3289.1,3282.3,3286.3,8708,GC.v.0
2025-06-27 16:00:00+00:00,34,1,42008094,3286.2,3290.4,3285.1,3289.4,6051,GC.v.0
2025-06-27 17:00:00+00:00,34,1,42008094,3289.7,3295.0,3284.7,3289.7,7366,GC.v.0
2025-06-27 18:00:00+00:00,34,1,42008094,3289.8,3290.7,3282.2,3288.0,5166,GC.v.0
2025-06-27 19:00:00+00:00,34,1,42008094,3287.8,3288.7,3280.0,3282.7,3821,GC.v.0
2025-06-27 20:00:00+00:00,34,1,42008094,3283.0,3288.0,3282.3,3286.1,2360,GC.v.0
2025-06-29 22:00:00+00:00,34,1,42008094,3284.3,3293.9,3250.5,3274.7,11872,GC.v.0
2025-06-29 23:00:00+00:00,34,1,42008094,3274.6,3281.9,3273.5,3274.5,4277,GC.v.0
2025-06-30 00:00:00+00:00,34,1,42008094,3274.4,3280.5,3273.1,3275.3,3262,GC.v.0
2025-06-30 01:00:00+00:00,34,1,42008094,3274.9,3287.2,3269.8,3285.2,7315,GC.v.0
2025-06-30 02:00:00+00:00,34,1,42008094,3285.2,3294.8,3285.0,3291.6,6097,GC.v.0
2025-06-30 03:00:00+00:00,34,1,42008094,3291.4,3294.2,3288.8,3290.2,2792,GC.v.0
2025-06-30 04:00:00+00:00,34,1,42008094,3290.0,3297.6,3287.9,3296.8,2936,GC.v.0
2025-06-30 05:00:00+00:00,34,1,42008094,3296.9,3302.3,3295.8,3299.6,4870,GC.v.0
2025-06-30 06:00:00+00:00,34,1,42008094,3299.7,3306.6,3298.6,3303.0,4722,GC.v.0
2025-06-30 07:00:00+00:00,34,1,42008094,3303.0,3307.8,3301.7,3304.0,4725,GC.v.0
2025-06-30 08:00:00+00:00,34,1,42008094,3304.0,3307.9,3299.2,3300.6,4877,GC.v.0
2025-06-30 09:00:00+00:00,34,1,42008094,3300.3,3300.3,3288.3,3299.3,9003,GC.v.0
2025-06-30 10:00:00+00:00,34,1,42008094,3299.6,3300.7,3294.2,3295.3,2416,GC.v.0
2025-06-30 11:00:00+00:00,34,1,42008094,3295.2,3295.5,3285.6,3289.2,6062,GC.v.0
2025-06-30 12:00:00+00:00,34,1,42008094,3289.3,3301.1,3289.3,3293.6,7595,GC.v.0
2025-06-30 13:00:00+00:00,34,1,42008094,3293.5,3299.1,3289.6,3296.7,9007,GC.v.0
2025-06-30 14:00:00+00:00,34,1,42008094,3296.6,3301.5,3290.9,3299.4,9545,GC.v.0
2025-06-30 15:00:00+00:00,34,1,42008094,3299.5,3303.0,3295.4,3301.7,7504,GC.v.0
2025-06-30 16:00:00+00:00,34,1,42008094,3301.6,3309.6,3301.2,3309.1,8101,GC.v.0
2025-06-30 17:00:00+00:00,34,1,42008094,3309.1,3310.9,3303.6,3305.8,7141,GC.v.0
2025-06-30 18:00:00+00:00,34,1,42008094,3305.7,3311.8,3304.3,3310.5,3639,GC.v.0
2025-06-30 19:00:00+00:00,34,1,42008094,3310.7,3321.6,3310.2,3320.5,8376,GC.v.0
2025-06-30 20:00:00+00:00,34,1,42008094,3320.4,3321.3,3314.4,3315.0,2350,GC.v.0
2025-06-30 22:00:00+00:00,34,1,42008094,3315.7,3326.0,3313.7,3323.0,3757,GC.v.0
2025-06-30 23:00:00+00:00,34,1,42008094,3323.2,3324.4,3320.3,3324.4,2648,GC.v.0
2025-07-01 00:00:00+00:00,34,1,42008094,3324.3,3326.9,3321.7,3326.8,2493,GC.v.0
2025-07-01 01:00:00+00:00,34,1,42008094,3326.6,3333.0,3325.8,3328.9,6968,GC.v.0
2025-07-01 02:00:00+00:00,34,1,42008094,3328.8,3330.8,3325.6,3327.5,4426,GC.v.0
2025-07-01 03:00:00+00:00,34,1,42008094,3327.4,3334.7,3327.0,3332.9,3145,GC.v.0
2025-07-01 04:00:00+00:00,34,1,42008094,3332.8,3335.5,3330.6,3335.1,2575,GC.v.0
2025-07-01 05:00:00+00:00,34,1,42008094,3335.1,3343.7,3335.1,3339.8,6933,GC.v.0
2025-07-01 06:00:00+00:00,34,1,42008094,3340.1,3346.0,3336.0,3342.8,6862,GC.v.0
2025-07-01 07:00:00+00:00,34,1,42008094,3342.9,3351.8,3342.0,3351.2,10652,GC.v.0
2025-07-01 08:00:00+00:00,34,1,42008094,3351.0,3354.3,3348.7,3351.4,4347,GC.v.0
2025-07-01 09:00:00+00:00,34,1,42008094,3351.4,3360.3,3350.1,3357.5,8818,GC.v.0
2025-07-01 10:00:00+00:00,34,1,42008094,3357.7,3361.8,3356.2,3360.6,5344,GC.v.0
2025-07-01 11:00:00+00:00,34,1,42008094,3360.6,3365.4,3359.0,3361.0,8100,GC.v.0
2025-07-01 12:00:00+00:00,34,1,42008094,3361.2,3370.5,3360.5,3366.6,13057,GC.v.0
2025-07-01 13:00:00+00:00,34,1,42008094,3366.6,3367.8,3356.6,3363.8,15865,GC.v.0
2025-07-01 14:00:00+00:00,34,1,42008094,3364.0,3366.8,3355.5,3357.8,13729,GC.v.0
2025-07-01 15:00:00+00:00,34,1,42008094,3357.6,3358.8,3348.7,3352.1,14796,GC.v.0
2025-07-01 16:00:00+00:00,34,1,42008094,3352.2,3355.8,3349.6,3354.0,6591,GC.v.0
2025-07-01 17:00:00+00:00,34,1,42008094,3353.9,3354.5,3349.1,3352.0,5846,GC.v.0
2025-07-01 18:00:00+00:00,34,1,42008094,3352.1,3352.3,3348.9,3350.2,2436,GC.v.0
2025-07-01 19:00:00+00:00,34,1,42008094,3350.2,3352.2,3348.7,3349.6,3353,GC.v.0
2025-07-01 20:00:00+00:00,34,1,42008094,3349.4,3352.2,3348.2,3349.9,1924,GC.v.0
2025-07-01 22:00:00+00:00,34,1,42008094,3350.0,3353.8,3346.3,3352.0,2791,GC.v.0
2025-07-01 23:00:00+00:00,34,1,42008094,3352.2,3352.4,3346.9,3348.6,2496,GC.v.0
2025-07-02 00:00:00+00:00,34,1,42008094,3348.7,3354.8,3343.8,3348.9,4745,GC.v.0
2025-07-02 01:00:00+00:00,34,1,42008094,3348.9,3352.9,3340.7,3342.0,5090,GC.v.0
2025-07-02 02:00:00+00:00,34,1,42008094,3341.9,3348.3,3338.4,3346.8,5059,GC.v.0
2025-07-02 03:00:00+00:00,34,1,42008094,3347.0,3351.9,3345.0,3349.7,3127,GC.v.0
2025-07-02 04:00:00+00:00,34,1,42008094,3349.7,3351.8,3349.0,3349.8,1927,GC.v.0
2025-07-02 05:00:00+00:00,34,1,42008094,3349.8,3354.3,3346.6,3348.8,3348,GC.v.0
2025-07-02 06:00:00+00:00,34,1,42008094,3348.8,3349.2,3339.1,3343.3,4663,GC.v.0
2025-07-02 07:00:00+00:00,34,1,42008094,3343.2,3347.6,3337.2,3344.8,6872,GC.v.0
2025-07-02 08:00:00+00:00,34,1,42008094,3344.9,3348.1,3343.0,3343.8,3433,GC.v.0
2025-07-02 09:00:00+00:00,34,1,42008094,3343.7,3352.5,3343.3,3351.6,5189,GC.v.0
2025-07-02 10:00:00+00:00,34,1,42008094,3351.7,3356.7,3350.9,3354.9,3922,GC.v.0
2025-07-02 11:00:00+00:00,34,1,42008094,3354.9,3358.6,3350.0,3352.6,4528,GC.v.0
2025-07-02 12:00:00+00:00,34,1,42008094,3352.5,3361.9,3348.2,3357.4,13068,GC.v.0
2025-07-02 13:00:00+00:00,34,1,42008094,3357.2,3357.3,3345.1,3347.6,11187,GC.v.0
2025-07-02 14:00:00+00:00,34,1,42008094,3347.8,3354.6,3344.2,3354.1,9232,GC.v.0
2025-07-02 15:00:00+00:00,34,1,42008094,3354.0,3354.8,3348.9,3351.5,7822,GC.v.0
2025-07-02 16:00:00+00:00,34,1,42008094,3351.4,3360.3,3351.4,3359.5,6630,GC.v.0
2025-07-02 17:00:00+00:00,34,1,42008094,3359.5,3361.8,3358.2,3360.2,5012,GC.v.0
2025-07-02 18:00:00+00:00,34,1,42008094,3360.2,3366.0,3359.1,3365.5,3638,GC.v.0
2025-07-02 19:00:00+00:00,34,1,42008094,3365.6,3370.4,3365.2,3368.5,4286,GC.v.0
2025-07-02 20:00:00+00:00,34,1,42008094,3368.5,3371.0,3365.8,3368.7,2657,GC.v.0
2025-07-02 22:00:00+00:00,34,1,42008094,3369.0,3376.9,3368.3,3372.9,3318,GC.v.0
2025-07-02 23:00:00+00:00,34,1,42008094,3372.7,3373.2,3359.8,3360.3,5061,GC.v.0
2025-07-03 00:00:00+00:00,34,1,42008094,3360.4,3360.8,3354.1,3355.6,4031,GC.v.0
2025-07-03 01:00:00+00:00,34,1,42008094,3355.6,3359.1,3352.4,3356.7,4233,GC.v.0
2025-07-03 02:00:00+00:00,34,1,42008094,3356.8,3362.4,3356.4,3362.1,3132,GC.v.0
2025-07-03 03:00:00+00:00,34,1,42008094,3362.1,3362.5,3356.2,3358.3,2240,GC.v.0
2025-07-03 04:00:00+00:00,34,1,42008094,3358.3,3362.9,3358.2,3361.8,2130,GC.v.0
2025-07-03 05:00:00+00:00,34,1,42008094,3361.8,3371.7,3361.2,3370.4,4488,GC.v.0
2025-07-03 06:00:00+00:00,34,1,42008094,3370.3,3374.6,3366.6,3372.3,4778,GC.v.0
2025-07-03 07:00:00+00:00,34,1,42008094,3372.2,3373.7,3362.7,3363.3,4517,GC.v.0
2025-07-03 08:00:00+00:00,34,1,42008094,3363.3,3368.7,3361.8,3366.5,3760,GC.v.0
2025-07-03 09:00:00+00:00,34,1,42008094,3366.3,3366.6,3353.8,3356.0,5698,GC.v.0
2025-07-03 10:00:00+00:00,34,1,42008094,3356.1,3366.1,3355.1,3363.7,4378,GC.v.0
2025-07-03 11:00:00+00:00,34,1,42008094,3363.7,3364.3,3353.3,3356.5,5282,GC.v.0
2025-07-03 12:00:00+00:00,34,1,42008094,3356.3,3362.4,3321.4,3334.8,35927,GC.v.0
2025-07-03 13:00:00+00:00,34,1,42008094,3335.0,3348.5,3332.4,3342.4,20848,GC.v.0
2025-07-03 14:00:00+00:00,34,1,42008094,3342.0,3344.5,3333.2,3334.3,13057,GC.v.0
2025-07-03 15:00:00+00:00,34,1,42008094,3334.2,3341.6,3332.7,3338.1,6279,GC.v.0
2025-07-03 16:00:00+00:00,34,1,42008094,3338.3,3345.0,3335.8,3344.1,4813,GC.v.0
2025-07-03 17:00:00+00:00,34,1,42008094,3344.1,3345.0,3338.8,3339.0,3633,GC.v.0
2025-07-03 18:00:00+00:00,34,1,42008094,3339.0,3340.0,3337.7,3338.8,832,GC.v.0
2025-07-03 19:00:00+00:00,34,1,42008094,3338.7,3339.2,3336.6,3338.7,990,GC.v.0
2025-07-03 20:00:00+00:00,34,1,42008094,3338.5,3338.7,3334.6,3336.0,1108,GC.v.0
2025-07-03 22:00:00+00:00,34,1,42008094,3335.0,3339.0,3332.8,3338.2,1267,GC.v.0
2025-07-03 23:00:00+00:00,34,1,42008094,3338.4,3341.6,3337.8,3340.6,1808,GC.v.0
2025-07-04 00:00:00+00:00,34,1,42008094,3340.4,3340.7,3335.4,3338.5,1554,GC.v.0
2025-07-04 01:00:00+00:00,34,1,42008094,3338.8,3344.2,3336.0,3339.8,2716,GC.v.0
2025-07-04 02:00:00+00:00,34,1,42008094,3339.7,3342.0,3336.6,3337.1,2048,GC.v.0
2025-07-04 03:00:00+00:00,34,1,42008094,3337.1,3349.1,3335.8,3348.2,3234,GC.v.0
2025-07-04 04:00:00+00:00,34,1,42008094,3348.2,3352.5,3347.8,3351.1,2627,GC.v.0
2025-07-04 05:00:00+00:00,34,1,42008094,3351.1,3352.5,3348.1,3348.9,2256,GC.v.0
2025-07-04 06:00:00+00:00,34,1,42008094,3349.0,3355.0,3348.7,3352.1,4659,GC.v.0
2025-07-04 07:00:00+00:00,34,1,42008094,3352.3,3353.5,3345.8,3352.7,4881,GC.v.0
2025-07-04 08:00:00+00:00,34,1,42008094,3352.6,3354.1,3350.8,3352.5,2569,GC.v.0
2025-07-04 09:00:00+00:00,34,1,42008094,3352.5,3352.9,3342.6,3344.8,4890,GC.v.0
2025-07-04 10:00:00+00:00,34,1,42008094,3344.5,3348.3,3341.6,3347.1,2963,GC.v.0
2025-07-04 11:00:00+00:00,34,1,42008094,3347.0,3348.0,3344.3,3344.6,2319,GC.v.0
2025-07-04 12:00:00+00:00,34,1,42008094,3344.5,3348.0,3341.1,3343.7,5028,GC.v.0
2025-07-04 13:00:00+00:00,34,1,42008094,3343.7,3348.2,3342.1,3343.8,6340,GC.v.0
2025-07-04 14:00:00+00:00,34,1,42008094,3343.6,3344.4,3340.6,3343.3,4019,GC.v.0
2025-07-04 15:00:00+00:00,34,1,42008094,3343.2,3343.8,3340.9,3342.7,1921,GC.v.0
2025-07-04 16:00:00+00:00,34,1,42008094,3342.7,3347.0,3342.6,3346.5,1543,GC.v.0
2025-07-06 22:00:00+00:00,34,1,42008094,3344.5,3352.9,3342.2,3343.3,3328,GC.v.0
2025-07-06 23:00:00+00:00,34,1,42008094,3343.4,3344.3,3335.2,3337.8,3070,GC.v.0
2025-07-07 00:00:00+00:00,34,1,42008094,3338.0,3338.6,3330.5,3335.7,4536,GC.v.0
2025-07-07 01:00:00+00:00,34,1,42008094,3335.7,3337.0,3315.4,3325.3,11779,GC.v.0
2025-07-07 02:00:00+00:00,34,1,42008094,3325.6,3326.8,3314.6,3317.9,5106,GC.v.0
2025-07-07 03:00:00+00:00,34,1,42008094,3317.9,3324.4,3316.0,3319.9,3636,GC.v.0
2025-07-07 04:00:00+00:00,34,1,42008094,3320.4,3321.3,3313.5,3316.3,3565,GC.v.0
2025-07-07 05:00:00+00:00,34,1,42008094,3316.5,3324.3,3315.7,3322.3,3892,GC.v.0
2025-07-07 06:00:00+00:00,34,1,42008094,3322.4,3324.3,3317.0,3318.9,4643,GC.v.0
2025-07-07 07:00:00+00:00,34,1,42008094,3318.7,3322.3,3309.6,3311.2,5895,GC.v.0
2025-07-07 08:00:00+00:00,34,1,42008094,3311.1,3322.2,3310.3,3319.4,6752,GC.v.0
2025-07-07 09:00:00+00:00,34,1,42008094,3319.3,3321.2,3315.3,3318.1,6234,GC.v.0
2025-07-07 10:00:00+00:00,34,1,42008094,3318.2,3320.0,3304.4,3310.9,10480,GC.v.0
2025-07-07 11:00:00+00:00,34,1,42008094,3310.9,3316.9,3308.8,3310.9,9711,GC.v.0
2025-07-07 12:00:00+00:00,34,1,42008094,3311.1,3322.2,3309.2,3318.4,18482,GC.v.0
2025-07-07 13:00:00+00:00,34,1,42008094,3318.3,3326.7,3315.3,3326.0,14609,GC.v.0
2025-07-07 14:00:00+00:00,34,1,42008094,3326.2,3331.2,3322.7,3327.8,12222,GC.v.0
2025-07-07 15:00:00+00:00,34,1,42008094,3327.7,3331.6,3325.7,3330.6,4662,GC.v.0
2025-07-07 16:00:00+00:00,34,1,42008094,3330.7,3338.0,3329.8,3337.3,8475,GC.v.0
2025-07-07 17:00:00+00:00,34,1,42008094,3337.5,3346.0,3337.3,3341.7,9377,GC.v.0
2025-07-07 18:00:00+00:00,34,1,42008094,3341.7,3345.8,3337.8,3344.1,5233,GC.v.0
2025-07-07 19:00:00+00:00,34,1,42008094,3344.3,3350.3,3344.0,3347.1,4039,GC.v.0
2025-07-07 20:00:00+00:00,34,1,42008094,3346.9,3347.9,3345.2,3346.4,1500,GC.v.0
2025-07-07 22:00:00+00:00,34,1,42008094,3348.9,3355.6,3348.1,3349.5,3016,GC.v.0
2025-07-07 23:00:00+00:00,34,1,42008094,3349.7,3349.8,3343.5,3344.4,2602,GC.v.0
2025-07-08 00:00:00+00:00,34,1,42008094,3344.2,3347.1,3340.8,3344.2,3271,GC.v.0
2025-07-08 01:00:00+00:00,34,1,42008094,3344.0,3347.1,3339.6,3344.8,4481,GC.v.0
2025-07-08 02:00:00+00:00,34,1,42008094,3344.8,3348.1,3342.9,3344.6,3714,GC.v.0
2025-07-08 03:00:00+00:00,34,1,42008094,3344.6,3345.7,3339.6,3341.6,2675,GC.v.0
2025-07-08 04:00:00+00:00,34,1,42008094,3341.4,3342.9,3337.1,3339.4,2630,GC.v.0
2025-07-08 05:00:00+00:00,34,1,42008094,3339.4,3346.5,3339.3,3344.1,2970,GC.v.0
2025-07-08 06:00:00+00:00,34,1,42008094,3343.9,3346.1,3340.7,3345.7,3703,GC.v.0
2025-07-08 07:00:00+00:00,34,1,42008094,3346.0,3349.5,3340.4,3343.9,6002,GC.v.0
2025-07-08 08:00:00+00:00,34,1,42008094,3343.6,3343.7,3332.7,3333.0,9547,GC.v.0
2025-07-08 09:00:00+00:00,34,1,42008094,3333.0,3336.2,3330.5,3331.3,6179,GC.v.0
2025-07-08 10:00:00+00:00,34,1,42008094,3331.5,3336.5,3329.7,3333.8,2812,GC.v.0
2025-07-08 11:00:00+00:00,34,1,42008094,3334.0,3336.9,3329.2,3334.4,4345,GC.v.0
2025-07-08 12:00:00+00:00,34,1,42008094,3334.3,3339.2,3333.6,3337.5,6306,GC.v.0
2025-07-08 13:00:00+00:00,34,1,42008094,3337.8,3338.1,3323.5,3324.6,20959,GC.v.0
2025-07-08 14:00:00+00:00,34,1,42008094,3324.5,3325.4,3303.1,3305.5,30515,GC.v.0
2025-07-08 15:00:00+00:00,34,1,42008094,3305.6,3309.1,3295.4,3307.0,19882,GC.v.0
2025-07-08 16:00:00+00:00,34,1,42008094,3307.2,3310.4,3304.5,3309.0,10315,GC.v.0
2025-07-08 17:00:00+00:00,34,1,42008094,3308.9,3319.6,3307.9,3315.1,16494,GC.v.0
2025-07-08 18:00:00+00:00,34,1,42008094,3315.0,3317.1,3309.1,3313.9,5656,GC.v.0
2025-07-08 19:00:00+00:00,34,1,42008094,3314.2,3314.9,3311.6,3312.2,2506,GC.v.0
2025-07-08 20:00:00+00:00,34,1,42008094,3312.3,3313.0,3308.6,3311.0,1794,GC.v.0
2025-07-08 22:00:00+00:00,34,1,42008094,3310.6,3313.0,3308.6,3310.0,1652,GC.v.0
2025-07-08 23:00:00+00:00,34,1,42008094,3310.1,3312.4,3305.2,3310.4,3388,GC.v.0
2025-07-09 00:00:00+00:00,34,1,42008094,3310.7,3316.5,3309.9,3315.9,3159,GC.v.0
2025-07-09 01:00:00+00:00,34,1,42008094,3315.8,3316.1,3308.0,3310.9,4157,GC.v.0
2025-07-09 02:00:00+00:00,34,1,42008094,3310.5,3311.8,3293.3,3297.0,6781,GC.v.0
2025-07-09 03:00:00+00:00,34,1,42008094,3296.7,3302.9,3293.4,3301.5,4870,GC.v.0
2025-07-09 04:00:00+00:00,34,1,42008094,3301.6,3304.7,3299.3,3302.1,1925,GC.v.0
2025-07-09 05:00:00+00:00,34,1,42008094,3302.3,3306.2,3297.3,3297.7,4305,GC.v.0
2025-07-09 06:00:00+00:00,34,1,42008094,3297.8,3301.3,3293.5,3300.7,5474,GC.v.0
2025-07-09 07:00:00+00:00,34,1,42008094,3300.6,3304.3,3296.4,3300.0,6176,GC.v.0
2025-07-09 08:00:00+00:00,34,1,42008094,3300.1,3300.9,3290.2,3292.7,6175,GC.v.0
2025-07-09 09:00:00+00:00,34,1,42008094,3292.7,3298.6,3292.1,3297.1,3742,GC.v.0
2025-07-09 10:00:00+00:00,34,1,42008094,3297.1,3304.3,3295.9,3303.6,3475,GC.v.0
2025-07-09 11:00:00+00:00,34,1,42008094,3303.7,3304.1,3291.1,3292.8,5947,GC.v.0
2025-07-09 12:00:00+00:00,34,1,42008094,3292.9,3306.0,3292.9,3305.0,8409,GC.v.0
2025-07-09 13:00:00+00:00,34,1,42008094,3305.0,3313.7,3299.9,3308.9,15140,GC.v.0
2025-07-09 14:00:00+00:00,34,1,42008094,3308.7,3321.7,3308.4,3321.0,14918,GC.v.0
2025-07-09 15:00:00+00:00,34,1,42008094,3321.0,3321.6,3314.9,3318.4,7208,GC.v.0
2025-07-09 16:00:00+00:00,34,1,42008094,3318.3,3322.2,3316.5,3320.7,5054,GC.v.0
2025-07-09 17:00:00+00:00,34,1,42008094,3320.5,3323.6,3316.8,3318.2,5537,GC.v.0
2025-07-09 18:00:00+00:00,34,1,42008094,3318.1,3322.5,3316.3,3319.7,3738,GC.v.0
2025-07-09 19:00:00+00:00,34,1,42008094,3320.0,3325.6,3319.3,3324.3,4505,GC.v.0
2025-07-09 20:00:00+00:00,34,1,42008094,3324.5,3324.5,3320.4,3322.5,1853,GC.v.0
2025-07-09 22:00:00+00:00,34,1,42008094,3322.2,3328.8,3321.4,3327.5,2207,GC.v.0
2025-07-09 23:00:00+00:00,34,1,42008094,3327.5,3327.7,3323.4,3325.4,1909,GC.v.0
2025-07-10 00:00:00+00:00,34,1,42008094,3325.2,3330.1,3323.8,3325.6,4200,GC.v.0
2025-07-10 01:00:00+00:00,34,1,42008094,3325.4,3334.7,3324.1,3330.5,6232,GC.v.0
2025-07-10 02:00:00+00:00,34,1,42008094,3330.7,3332.2,3326.6,3327.6,3787,GC.v.0
2025-07-10 03:00:00+00:00,34,1,42008094,3327.7,3329.1,3323.9,3324.4,3757,GC.v.0
2025-07-10 04:00:00+00:00,34,1,42008094,3324.3,3330.9,3323.5,3330.4,2480,GC.v.0
2025-07-10 05:00:00+00:00,34,1,42008094,3330.4,3333.7,3329.1,3329.7,3577,GC.v.0
2025-07-10 06:00:00+00:00,34,1,42008094,3329.7,3336.9,3329.0,3333.7,5806,GC.v.0
2025-07-10 07:00:00+00:00,34,1,42008094,3333.6,3338.0,3328.2,3329.4,5986,GC.v.0
2025-07-10 08:00:00+00:00,34,1,42008094,3329.6,3338.8,3328.1,3337.2,4429,GC.v.0
2025-07-10 09:00:00+00:00,34,1,42008094,3337.3,3338.7,3331.6,3335.2,4328,GC.v.0
2025-07-10 10:00:00+00:00,34,1,42008094,3335.3,3337.6,3330.8,3334.2,4518,GC.v.0
2025-07-10 11:00:00+00:00,34,1,42008094,3334.2,3339.4,3326.9,3329.2,8259,GC.v.0
2025-07-10 12:00:00+00:00,34,1,42008094,3329.1,3335.1,3326.8,3332.9,8808,GC.v.0
2025-07-10 13:00:00+00:00,34,1,42008094,3332.9,3339.0,3321.1,3322.1,15643,GC.v.0
2025-07-10 14:00:00+00:00,34,1,42008094,3322.0,3330.9,3319.2,3323.7,11984,GC.v.0
2025-07-10 15:00:00+00:00,34,1,42008094,3323.6,3330.5,3323.3,3329.1,5065,GC.v.0
2025-07-10 16:00:00+00:00,34,1,42008094,3329.2,3329.4,3320.7,3324.2,5341,GC.v.0
2025-07-10 17:00:00+00:00,34,1,42008094,3324.0,3327.6,3323.7,3326.4,4403,GC.v.0
2025-07-10 18:00:00+00:00,34,1,42008094,3326.1,3330.8,3325.1,3330.3,3340,GC.v.0
2025-07-10 19:00:00+00:00,34,1,42008094,3330.4,3335.0,3330.3,3334.0,3652,GC.v.0
2025-07-10 20:00:00+00:00,34,1,42008094,3334.2,3334.7,3332.6,3333.0,1528,GC.v.0
2025-07-10 22:00:00+00:00,34,1,42008094,3333.1,3335.8,3332.3,3333.4,2967,GC.v.0
2025-07-10 23:00:00+00:00,34,1,42008094,3333.3,3336.5,3332.9,3333.7,1825,GC.v.0
2025-07-11 00:00:00+00:00,34,1,42008094,3333.6,3347.2,3333.5,3343.5,8141,GC.v.0
2025-07-11 01:00:00+00:00,34,1,42008094,3343.6,3344.4,3335.9,3340.0,6117,GC.v.0
2025-07-11 02:00:00+00:00,34,1,42008094,3340.1,3346.0,3338.1,3343.4,4043,GC.v.0
2025-07-11 03:00:00+00:00,34,1,42008094,3343.6,3346.9,3342.8,3344.6,2569,GC.v.0
2025-07-11 04:00:00+00:00,34,1,42008094,3344.6,3346.7,3340.5,3342.3,2684,GC.v.0
2025-07-11 05:00:00+00:00,34,1,42008094,3342.6,3355.0,3342.6,3346.2,8072,GC.v.0
2025-07-11 06:00:00+00:00,34,1,42008094,3346.2,3355.2,3342.5,3343.0,7923,GC.v.0
2025-07-11 07:00:00+00:00,34,1,42008094,3343.1,3352.7,3341.8,3352.1,6862,GC.v.0
2025-07-11 08:00:00+00:00,34,1,42008094,3352.3,3354.5,3342.1,3342.5,9102,GC.v.0
2025-07-11 09:00:00+00:00,34,1,42008094,3342.8,3350.9,3342.3,3350.3,4948,GC.v.0
2025-07-11 10:00:00+00:00,34,1,42008094,3350.7,3359.9,3350.7,3355.9,8868,GC.v.0
2025-07-11 11:00:00+00:00,34,1,42008094,3356.0,3362.0,3353.1,3358.7,6999,GC.v.0
2025-07-11 12:00:00+00:00,34,1,42008094,3358.9,3369.2,3355.6,3367.0,14313,GC.v.0
2025-07-11 13:00:00+00:00,34,1,42008094,3367.1,3371.4,3361.7,3363.5,17987,GC.v.0
2025-07-11 14:00:00+00:00,34,1,42008094,3363.8,3377.5,3362.6,3374.1,16800,GC.v.0
2025-07-11 15:00:00+00:00,34,1,42008094,3374.2,3381.6,3371.9,3374.5,13090,GC.v.0
2025-07-11 16:00:00+00:00,34,1,42008094,3374.4,3375.4,3367.2,3368.4,7320,GC.v.0
2025-07-11 17:00:00+00:00,34,1,42008094,3368.3,3368.8,3363.1,3367.4,6194,GC.v.0
2025-07-11 18:00:00+00:00,34,1,42008094,3367.5,3372.8,3367.3,3370.4,4788,GC.v.0
2025-07-11 19:00:00+00:00,34,1,42008094,3370.6,3374.1,3370.0,3371.6,4030,GC.v.0
2025-07-11 20:00:00+00:00,34,1,42008094,3371.7,3373.4,3368.4,3370.3,2624,GC.v.0
2025-07-13 22:00:00+00:00,34,1,42008094,3376.5,3387.6,3376.5,3385.7,7109,GC.v.0
2025-07-13 23:00:00+00:00,34,1,42008094,3385.8,3389.3,3381.6,3382.7,3804,GC.v.0
2025-07-14 00:00:00+00:00,34,1,42008094,3382.4,3387.9,3378.8,3382.3,4446,GC.v.0
2025-07-14 01:00:00+00:00,34,1,42008094,3382.5,3385.2,3372.0,3373.7,6254,GC.v.0
2025-07-14 02:00:00+00:00,34,1,42008094,3373.7,3375.7,3369.4,3372.7,5000,GC.v.0
2025-07-14 03:00:00+00:00,34,1,42008094,3372.8,3375.0,3370.7,3372.7,2735,GC.v.0
2025-07-14 04:00:00+00:00,34,1,42008094,3372.7,3376.0,3369.3,3373.9,3113,GC.v.0
2025-07-14 05:00:00+00:00,34,1,42008094,3373.8,3374.5,3367.0,3370.6,3863,GC.v.0
2025-07-14 06:00:00+00:00,34,1,42008094,3370.9,3382.0,3369.5,3381.7,5691,GC.v.0
2025-07-14 07:00:00+00:00,34,1,42008094,3381.6,3386.2,3378.5,3382.7,8433,GC.v.0
2025-07-14 08:00:00+00:00,34,1,42008094,3382.7,3383.4,3376.1,3376.8,4505,GC.v.0
2025-07-14 09:00:00+00:00,34,1,42008094,3376.8,3382.4,3375.3,3381.9,4061,GC.v.0
2025-07-14 10:00:00+00:00,34,1,42008094,3382.1,3386.4,3380.7,3382.9,4476,GC.v.0
2025-07-14 11:00:00+00:00,34,1,42008094,3383.0,3383.9,3374.1,3374.4,6078,GC.v.0
2025-07-14 12:00:00+00:00,34,1,42008094,3374.2,3376.7,3357.8,3358.6,16539,GC.v.0
2025-07-14 13:00:00+00:00,34,1,42008094,3358.7,3367.0,3355.4,3363.3,13451,GC.v.0
2025-07-14 14:00:00+00:00,34,1,42008094,3363.0,3364.2,3348.5,3351.1,15506,GC.v.0
2025-07-14 15:00:00+00:00,34,1,42008094,3351.1,3357.4,3350.4,3352.7,7170,GC.v.0
2025-07-14 16:00:00+00:00,34,1,42008094,3352.7,3357.1,3350.6,3355.6,6291,GC.v.0
2025-07-14 17:00:00+00:00,34,1,42008094,3355.6,3360.1,3355.3,3359.2,5065,GC.v.0
2025-07-14 18:00:00+00:00,34,1,42008094,3359.3,3359.8,3356.5,3357.8,2268,GC.v.0
2025-07-14 19:00:00+00:00,34,1,42008094,3357.9,3359.4,3352.4,3353.2,3630,GC.v.0
2025-07-14 20:00:00+00:00,34,1,42008094,3353.4,3354.6,3350.1,3352.1,1711,GC.v.0
2025-07-14 22:00:00+00:00,34,1,42008094,3352.0,3354.1,3349.6,3354.0,1270,GC.v.0
2025-07-14 23:00:00+00:00,34,1,42008094,3353.8,3355.2,3352.1,3354.2,1017,GC.v.0
2025-07-15 00:00:00+00:00,34,1,42008094,3354.1,3358.2,3353.6,3356.8,2255,GC.v.0
2025-07-15 01:00:00+00:00,34,1,42008094,3356.8,3359.2,3354.6,3355.3,2762,GC.v.0
2025-07-15 02:00:00+00:00,34,1,42008094,3355.3,3361.2,3354.8,3359.5,3224,GC.v.0
2025-07-15 03:00:00+00:00,34,1,42008094,3359.7,3367.4,3359.4,3367.1,4228,GC.v.0
2025-07-15 04:00:00+00:00,34,1,42008094,3367.1,3370.8,3366.9,3369.5,4335,GC.v.0
2025-07-15 05:00:00+00:00,34,1,42008094,3369.9,3374.7,3369.9,3371.3,4295,GC.v.0
2025-07-15 06:00:00+00:00,34,1,42008094,3371.1,3373.2,3366.5,3367.0,6181,GC.v.0
2025-07-15 07:00:00+00:00,34,1,42008094,3367.3,3373.8,3366.3,3372.9,4453,GC.v.0
2025-07-15 08:00:00+00:00,34,1,42008094,3372.8,3374.3,3365.4,3369.5,8390,GC.v.0
2025-07-15 09:00:00+00:00,34,1,42008094,3369.4,3373.4,3367.5,3372.4,4958,GC.v.0
2025-07-15 10:00:00+00:00,34,1,42008094,3372.7,3375.4,3370.4,3370.6,3668,GC.v.0
2025-07-15 11:00:00+00:00,34,1,42008094,3370.7,3371.1,3362.8,3363.6,5471,GC.v.0
2025-07-15 12:00:00+00:00,34,1,42008094,3363.5,3369.8,3355.0,3357.3,16374,GC.v.0
2025-07-15 13:00:00+00:00,34,1,42008094,3357.6,3360.6,3341.5,3355.1,23158,GC.v.0
2025-07-15 14:00:00+00:00,34,1,42008094,3355.0,3360.5,3350.6,3355.6,11356,GC.v.0
2025-07-15 15:00:00+00:00,34,1,42008094,3355.6,3357.8,3332.5,3336.5,18637,GC.v.0
2025-07-15 16:00:00+00:00,34,1,42008094,3336.3,3337.7,3327.3,3336.5,13488,GC.v.0
2025-07-15 17:00:00+00:00,34,1,42008094,3336.4,3338.5,3332.4,3334.8,6610,GC.v.0
2025-07-15 18:00:00+00:00,34,1,42008094,3334.9,3338.4,3332.5,3335.4,3733,GC.v.0
2025-07-15 19:00:00+00:00,34,1,42008094,3335.4,3337.8,3333.1,3337.1,2698,GC.v.0
2025-07-15 20:00:00+00:00,34,1,42008094,3337.0,3337.6,3330.1,3330.5,2102,GC.v.0
2025-07-15 22:00:00+00:00,34,1,42008094,3330.5,3333.7,3329.4,3332.6,1257,GC.v.0
2025-07-15 23:00:00+00:00,34,1,42008094,3333.0,3338.8,3332.5,3337.7,1965,GC.v.0
2025-07-16 00:00:00+00:00,34,1,42008094,3337.7,3339.4,3335.1,3337.0,2782,GC.v.0
2025-07-16 01:00:00+00:00,34,1,42008094,3336.8,3340.9,3335.2,3336.9,4005,GC.v.0
2025-07-16 02:00:00+00:00,34,1,42008094,3337.1,3337.7,3331.5,3332.5,4254,GC.v.0
2025-07-16 03:00:00+00:00,34,1,42008094,3332.4,3341.9,3332.4,3341.0,3603,GC.v.0
2025-07-16 04:00:00+00:00,34,1,42008094,3340.9,3345.4,3339.2,3345.1,4036,GC.v.0
2025-07-16 05:00:00+00:00,34,1,42008094,3345.1,3346.4,3342.0,3344.5,2622,GC.v.0
2025-07-16 06:00:00+00:00,34,1,42008094,3344.6,3348.8,3344.0,3346.1,3781,GC.v.0
2025-07-16 07:00:00+00:00,34,1,42008094,3346.0,3346.6,3342.2,3344.6,4113,GC.v.0
2025-07-16 08:00:00+00:00,34,1,42008094,3344.6,3349.5,3344.4,3348.8,3622,GC.v.0
2025-07-16 09:00:00+00:00,34,1,42008094,3348.7,3349.8,3346.0,3347.1,3569,GC.v.0
2025-07-16 10:00:00+00:00,34,1,42008094,3347.1,3347.6,3341.2,3342.3,4492,GC.v.0
2025-07-16 11:00:00+00:00,34,1,42008094,3342.1,3347.7,3340.9,3346.4,6208,GC.v.0
2025-07-16 12:00:00+00:00,34,1,42008094,3346.4,3348.4,3337.8,3342.0,14806,GC.v.0
2025-07-16 13:00:00+00:00,34,1,42008094,3341.8,3346.5,3328.8,3333.9,14482,GC.v.0
2025-07-16 14:00:00+00:00,34,1,42008094,3333.6,3350.2,3326.1,3345.4,22228,GC.v.0
2025-07-16 15:00:00+00:00,34,1,42008094,3345.3,3385.8,3342.8,3350.4,77861,GC.v.0
2025-07-16 16:00:00+00:00,34,1,42008094,3350.5,3363.0,3346.0,3356.1,16820,GC.v.0
2025-07-16 17:00:00+00:00,34,1,42008094,3356.0,3364.5,3355.7,3362.1,6829,GC.v.0
2025-07-16 18:00:00+00:00,34,1,42008094,3362.0,3364.6,3356.3,3357.4,3651,GC.v.0
2025-07-16 19:00:00+00:00,34,1,42008094,3357.7,3357.8,3353.3,3354.3,3106,GC.v.0
2025-07-16 20:00:00+00:00,34,1,42008094,3354.5,3356.4,3353.4,3354.2,1574,GC.v.0
2025-07-16 22:00:00+00:00,34,1,42008094,3354.7,3358.2,3353.9,3355.4,1612,GC.v.0
2025-07-16 23:00:00+00:00,34,1,42008094,3355.3,3356.2,3350.6,3352.0,1400,GC.v.0
2025-07-17 00:00:00+00:00,34,1,42008094,3351.7,3352.8,3345.5,3346.6,3211,GC.v.0
2025-07-17 01:00:00+00:00,34,1,42008094,3346.6,3350.7,3342.7,3350.2,4131,GC.v.0
2025-07-17 02:00:00+00:00,34,1,42008094,3350.1,3351.0,3343.5,3347.3,3566,GC.v.0
2025-07-17 03:00:00+00:00,34,1,42008094,3347.3,3348.8,3342.5,3347.5,2832,GC.v.0
2025-07-17 04:00:00+00:00,34,1,42008094,3347.5,3351.0,3344.6,3348.8,2094,GC.v.0
2025-07-17 05:00:00+00:00,34,1,42008094,3348.8,3349.1,3342.3,3345.4,3839,GC.v.0
2025-07-17 06:00:00+00:00,34,1,42008094,3345.5,3346.0,3334.3,3341.3,9757,GC.v.0
2025-07-17 07:00:00+00:00,34,1,42008094,3341.2,3341.8,3330.3,3331.4,7742,GC.v.0
2025-07-17 08:00:00+00:00,34,1,42008094,3331.4,3337.6,3331.1,3334.0,4664,GC.v.0
2025-07-17 09:00:00+00:00,34,1,42008094,3333.9,3337.8,3330.4,3331.2,4179,GC.v.0
2025-07-17 10:00:00+00:00,34,1,42008094,3331.4,3337.0,3330.0,3331.0,5157,GC.v.0
2025-07-17 11:00:00+00:00,34,1,42008094,3330.9,3334.2,3327.5,3329.5,6637,GC.v.0
2025-07-17 12:00:00+00:00,34,1,42008094,3329.5,3333.9,3314.3,3318.2,26571,GC.v.0
2025-07-17 13:00:00+00:00,34,1,42008094,3318.1,3326.7,3316.1,3323.7,17224,GC.v.0
2025-07-17 14:00:00+00:00,34,1,42008094,3323.6,3341.2,3323.3,3340.0,13725,GC.v.0
2025-07-17 15:00:00+00:00,34,1,42008094,3340.0,3343.9,3336.7,3342.3,8972,GC.v.0
2025-07-17 16:00:00+00:00,34,1,42008094,3342.4,3345.5,3340.6,3344.1,5202,GC.v.0
2025-07-17 17:00:00+00:00,34,1,42008094,3344.2,3346.5,3341.6,3342.8,5317,GC.v.0
2025-07-17 18:00:00+00:00,34,1,42008094,3342.9,3344.3,3340.9,3343.8,2024,GC.v.0
2025-07-17 19:00:00+00:00,34,1,42008094,3343.9,3346.2,3343.4,3345.2,2243,GC.v.0
2025-07-17 20:00:00+00:00,34,1,42008094,3345.5,3345.8,3343.0,3345.4,1258,GC.v.0
2025-07-17 22:00:00+00:00,34,1,42008094,3347.5,3350.2,3344.5,3349.1,3224,GC.v.0
2025-07-17 23:00:00+00:00,34,1,42008094,3349.3,3349.6,3345.0,3345.6,1196,GC.v.0
2025-07-18 00:00:00+00:00,34,1,42008094,3345.7,3347.1,3343.3,3345.2,1670,GC.v.0
2025-07-18 01:00:00+00:00,34,1,42008094,3345.5,3348.9,3340.5,3343.0,3505,GC.v.0
2025-07-18 02:00:00+00:00,34,1,42008094,3343.0,3350.3,3342.2,3343.8,4102,GC.v.0
2025-07-18 03:00:00+00:00,34,1,42008094,3343.8,3344.6,3340.1,3340.8,2024,GC.v.0
2025-07-18 04:00:00+00:00,34,1,42008094,3340.6,3342.7,3339.5,3342.7,1909,GC.v.0
2025-07-18 05:00:00+00:00,34,1,42008094,3342.5,3345.8,3338.8,3338.8,3627,GC.v.0
2025-07-18 06:00:00+00:00,34,1,42008094,3338.8,3348.6,3337.2,3347.9,5188,GC.v.0
2025-07-18 07:00:00+00:00,34,1,42008094,3347.9,3356.2,3346.6,3355.9,5661,GC.v.0
2025-07-18 08:00:00+00:00,34,1,42008094,3356.0,3356.6,3352.2,3352.9,3608,GC.v.0
2025-07-18 09:00:00+00:00,34,1,42008094,3353.1,3361.0,3352.9,3358.0,5651,GC.v.0
2025-07-18 10:00:00+00:00,34,1,42008094,3358.1,3358.6,3353.7,3357.2,3900,GC.v.0
2025-07-18 11:00:00+00:00,34,1,42008094,3357.1,3364.3,3356.7,3360.7,6154,GC.v.0
2025-07-18 12:00:00+00:00,34,1,42008094,3360.7,3368.0,3360.5,3366.6,9652,GC.v.0
2025-07-18 13:00:00+00:00,34,1,42008094,3366.7,3367.2,3358.4,3362.0,10698,GC.v.0
2025-07-18 14:00:00+00:00,34,1,42008094,3362.0,3366.0,3357.5,3361.2,8652,GC.v.0
2025-07-18 15:00:00+00:00,34,1,42008094,3361.2,3363.0,3358.6,3360.4,5511,GC.v.0
2025-07-18 16:00:00+00:00,34,1,42008094,3360.4,3363.9,3357.5,3360.0,5705,GC.v.0
2025-07-18 17:00:00+00:00,34,1,42008094,3360.2,3360.2,3356.9,3358.5,4051,GC.v.0
2025-07-18 18:00:00+00:00,34,1,42008094,3358.6,3359.7,3356.4,3357.4,2205,GC.v.0
2025-07-18 19:00:00+00:00,34,1,42008094,3357.6,3358.9,3353.3,3354.0,3453,GC.v.0
2025-07-18 20:00:00+00:00,34,1,42008094,3353.9,3357.6,3353.4,3355.5,1940,GC.v.0
2025-07-20 22:00:00+00:00,34,1,42008094,3355.6,3356.8,3351.0,3354.3,2708,GC.v.0
2025-07-20 23:00:00+00:00,34,1,42008094,3354.2,3355.5,3351.5,3355.2,1403,GC.v.0
2025-07-21 00:00:00+00:00,34,1,42008094,3355.3,3360.7,3353.8,3358.4,3079,GC.v.0
2025-07-21 01:00:00+00:00,34,1,42008094,3358.2,3365.2,3358.0,3362.8,4267,GC.v.0
2025-07-21 02:00:00+00:00,34,1,42008094,3362.9,3363.9,3358.5,3360.5,2856,GC.v.0
2025-07-21 03:00:00+00:00,34,1,42008094,3360.5,3363.2,3357.2,3357.6,2448,GC.v.0
2025-07-21 04:00:00+00:00,34,1,42008094,3357.5,3365.0,3356.9,3364.1,2615,GC.v.0
2025-07-21 05:00:00+00:00,34,1,42008094,3363.9,3376.9,3363.7,3374.0,11663,GC.v.0
2025-07-21 06:00:00+00:00,34,1,42008094,3374.0,3378.3,3372.6,3375.6,6124,GC.v.0
2025-07-21 07:00:00+00:00,34,1,42008094,3375.6,3378.2,3371.4,3372.1,5395,GC.v.0
2025-07-21 08:00:00+00:00,34,1,42008094,3372.1,3374.5,3370.5,3373.5,3974,GC.v.0
2025-07-21 09:00:00+00:00,34,1,42008094,3373.6,3374.4,3370.4,3373.7,2888,GC.v.0
2025-07-21 10:00:00+00:00,34,1,42008094,3373.9,3375.8,3370.3,3373.1,3097,GC.v.0
2025-07-21 11:00:00+00:00,34,1,42008094,3373.3,3383.4,3372.3,3382.9,8099,GC.v.0
2025-07-21 12:00:00+00:00,34,1,42008094,3383.1,3397.1,3382.2,3395.4,19068,GC.v.0
2025-07-21 13:00:00+00:00,34,1,42008094,3395.4,3405.7,3392.7,3400.9,21818,GC.v.0
2025-07-21 14:00:00+00:00,34,1,42008094,3400.9,3416.5,3399.0,3413.7,25479,GC.v.0
2025-07-21 15:00:00+00:00,34,1,42008094,3413.8,3416.9,3409.4,3411.1,13379,GC.v.0
2025-07-21 16:00:00+00:00,34,1,42008094,3411.2,3413.1,3407.8,3409.8,7387,GC.v.0
2025-07-21 17:00:00+00:00,34,1,42008094,3410.0,3410.1,3405.3,3407.6,6225,GC.v.0
2025-07-21 18:00:00+00:00,34,1,42008094,3407.5,3409.3,3406.2,3408.2,3574,GC.v.0
2025-07-21 19:00:00+00:00,34,1,42008094,3408.3,3412.4,3407.9,3409.8,4532,GC.v.0
2025-07-21 20:00:00+00:00,34,1,42008094,3409.9,3411.5,3409.4,3410.3,1737,GC.v.0
2025-07-21 22:00:00+00:00,34,1,42008094,3410.7,3414.8,3410.5,3412.9,1676,GC.v.0
2025-07-21 23:00:00+00:00,34,1,42008094,3413.0,3416.3,3408.4,3410.9,3736,GC.v.0
2025-07-22 00:00:00+00:00,34,1,42008094,3411.1,3411.2,3406.6,3407.9,4574,GC.v.0
2025-07-22 01:00:00+00:00,34,1,42008094,3408.2,3409.0,3399.6,3400.9,7343,GC.v.0
2025-07-22 02:00:00+00:00,34,1,42008094,3400.8,3405.8,3400.2,3405.7,3948,GC.v.0
2025-07-22 03:00:00+00:00,34,1,42008094,3405.6,3406.6,3401.9,3405.5,3213,GC.v.0
2025-07-22 04:00:00+00:00,34,1,42008094,3405.6,3405.6,3401.0,3404.5,3367,GC.v.0
2025-07-22 05:00:00+00:00,34,1,42008094,3404.5,3405.2,3398.6,3399.5,4186,GC.v.0
2025-07-22 06:00:00+00:00,34,1,42008094,3399.4,3401.2,3396.6,3397.4,4449,GC.v.0
2025-07-22 07:00:00+00:00,34,1,42008094,3397.3,3399.3,3395.4,3399.3,5025,GC.v.0
2025-07-22 08:00:00+00:00,34,1,42008094,3399.3,3402.7,3398.0,3400.9,5521,GC.v.0
2025-07-22 09:00:00+00:00,34,1,42008094,3400.8,3402.1,3394.9,3396.3,5778,GC.v.0
2025-07-22 10:00:00+00:00,34,1,42008094,3396.4,3398.7,3396.1,3396.4,2508,GC.v.0
2025-07-22 11:00:00+00:00,34,1,42008094,3396.5,3401.4,3396.0,3401.1,5381,GC.v.0
2025-07-22 12:00:00+00:00,34,1,42008094,3401.1,3419.8,3400.7,3419.3,17895,GC.v.0
2025-07-22 13:00:00+00:00,34,1,42008094,3419.3,3433.1,3418.1,3423.1,28868,GC.v.0
2025-07-22 14:00:00+00:00,34,1,42008094,3423.1,3442.0,3415.7,3440.0,27722,GC.v.0
2025-07-22 15:00:00+00:00,34,1,42008094,3439.9,3446.5,3437.2,3440.6,15436,GC.v.0
2025-07-22 16:00:00+00:00,34,1,42008094,3440.8,3447.5,3440.3,3446.3,9693,GC.v.0
2025-07-22 17:00:00+00:00,34,1,42008094,3446.2,3447.0,3440.0,3442.6,7744,GC.v.0
2025-07-22 18:00:00+00:00,34,1,42008094,3442.8,3444.3,3441.0,3442.2,3143,GC.v.0
2025-07-22 19:00:00+00:00,34,1,42008094,3442.1,3444.8,3441.5,3443.9,4165,GC.v.0
2025-07-22 20:00:00+00:00,34,1,42008094,3443.9,3445.2,3440.6,3444.0,4238,GC.v.0
2025-07-22 22:00:00+00:00,34,1,42008094,3444.3,3445.2,3441.3,3441.8,1487,GC.v.0
2025-07-22 23:00:00+00:00,34,1,42008094,3442.1,3446.9,3438.3,3439.4,3677,GC.v.0
2025-07-23 00:00:00+00:00,34,1,42008094,3439.3,3451.7,3439.0,3442.2,8090,GC.v.0
2025-07-23 01:00:00+00:00,34,1,42008094,3442.1,3443.6,3434.9,3435.1,9178,GC.v.0
2025-07-23 02:00:00+00:00,34,1,42008094,3435.1,3438.9,3433.3,3436.9,4766,GC.v.0
2025-07-23 03:00:00+00:00,34,1,42008094,3436.8,3442.7,3436.6,3436.6,4238,GC.v.0
2025-07-23 04:00:00+00:00,34,1,42008094,3436.8,3438.7,3435.1,3436.7,2715,GC.v.0
2025-07-23 05:00:00+00:00,34,1,42008094,3436.8,3436.9,3429.8,3434.0,5537,GC.v.0
2025-07-23 06:00:00+00:00,34,1,42008094,3434.5,3438.8,3433.2,3438.0,5689,GC.v.0
2025-07-23 07:00:00+00:00,34,1,42008094,3437.8,3443.1,3433.5,3434.3,7197,GC.v.0
2025-07-23 08:00:00+00:00,34,1,42008094,3434.4,3440.8,3434.1,3440.3,5022,GC.v.0
2025-07-23 09:00:00+00:00,34,1,42008094,3440.2,3445.8,3440.1,3444.2,5253,GC.v.0
2025-07-23 10:00:00+00:00,34,1,42008094,3444.2,3444.6,3433.4,3435.2,5677,GC.v.0
2025-07-23 11:00:00+00:00,34,1,42008094,3435.2,3442.8,3432.4,3440.5,6432,GC.v.0
2025-07-23 12:00:00+00:00,34,1,42008094,3440.5,3442.0,3429.4,3429.9,11877,GC.v.0
2025-07-23 13:00:00+00:00,34,1,42008094,3429.8,3430.5,3414.6,3422.7,28137,GC.v.0
2025-07-23 14:00:00+00:00,34,1,42008094,3422.7,3430.0,3419.9,3422.9,14505,GC.v.0
2025-07-23 15:00:00+00:00,34,1,42008094,3422.8,3425.8,3406.3,3406.3,14719,GC.v.0
2025-07-23 16:00:00+00:00,34,1,42008094,3406.5,3406.5,3390.6,3396.2,32975,GC.v.0
2025-07-23 17:00:00+00:00,34,1,42008094,3396.1,3404.0,3394.1,3402.3,10428,GC.v.0
2025-07-23 18:00:00+00:00,34,1,42008094,3402.3,3405.0,3400.6,3402.7,3600,GC.v.0
2025-07-23 19:00:00+00:00,34,1,42008094,3402.8,3405.2,3399.2,3400.5,4389,GC.v.0
2025-07-23 20:00:00+00:00,34,1,42008094,3400.4,3400.7,3396.6,3397.5,2311,GC.v.0
2025-07-23 22:00:00+00:00,34,1,42008094,3398.6,3401.1,3394.9,3395.3,2826,GC.v.0
2025-07-23 23:00:00+00:00,34,1,42008094,3395.3,3399.2,3394.9,3397.1,1904,GC.v.0
2025-07-24 00:00:00+00:00,34,1,42008094,3397.2,3400.3,3395.5,3399.1,2621,GC.v.0
2025-07-24 01:00:00+00:00,34,1,42008094,3399.2,3400.3,3389.8,3392.9,7286,GC.v.0
2025-07-24 02:00:00+00:00,34,1,42008094,3393.0,3394.2,3385.5,3388.8,8552,GC.v.0
2025-07-24 03:00:00+00:00,34,1,42008094,3388.9,3390.8,3379.1,3388.5,6646,GC.v.0
2025-07-24 04:00:00+00:00,34,1,42008094,3388.5,3390.0,3385.8,3387.4,2146,GC.v.0
2025-07-24 05:00:00+00:00,34,1,42008094,3387.5,3387.7,3380.7,3385.2,4947,GC.v.0
2025-07-24 06:00:00+00:00,34,1,42008094,3385.3,3385.6,3376.4,3381.1,6219,GC.v.0
2025-07-24 07:00:00+00:00,34,1,42008094,3381.1,3383.2,3370.7,3372.6,8376,GC.v.0
2025-07-24 08:00:00+00:00,34,1,42008094,3372.6,3379.4,3370.1,3374.5,7957,GC.v.0
2025-07-24 09:00:00+00:00,34,1,42008094,3374.2,3375.1,3366.9,3368.8,8507,GC.v.0
2025-07-24 10:00:00+00:00,34,1,42008094,3368.8,3372.6,3367.3,3368.7,4910,GC.v.0
2025-07-24 11:00:00+00:00,34,1,42008094,3368.9,3371.1,3365.4,3366.4,6197,GC.v.0
2025-07-24 12:00:00+00:00,34,1,42008094,3366.3,3370.0,3356.2,3357.3,16581,GC.v.0
2025-07-24 13:00:00+00:00,34,1,42008094,3357.4,3375.9,3355.2,3370.6,21267,GC.v.0
2025-07-24 14:00:00+00:00,34,1,42008094,3370.6,3381.2,3369.7,3377.7,12684,GC.v.0
2025-07-24 15:00:00+00:00,34,1,42008094,3377.5,3378.9,3374.0,3375.6,6573,GC.v.0
2025-07-24 16:00:00+00:00,34,1,42008094,3375.6,3376.9,3369.8,3369.9,6038,GC.v.0
2025-07-24 17:00:00+00:00,34,1,42008094,3369.8,3374.8,3369.0,3372.7,6540,GC.v.0
2025-07-24 18:00:00+00:00,34,1,42008094,3372.7,3376.5,3370.0,3375.0,4033,GC.v.0
2025-07-24 19:00:00+00:00,34,1,42008094,3374.9,3376.5,3373.8,3374.3,2359,GC.v.0
2025-07-24 20:00:00+00:00,34,1,42008094,3374.4,3374.7,3370.7,3371.3,1997,GC.v.0
2025-07-24 22:00:00+00:00,34,1,42008094,3372.1,3372.7,3367.6,3370.5,2752,GC.v.0
2025-07-24 23:00:00+00:00,34,1,42008094,3370.3,3373.7,3368.3,3371.8,1849,GC.v.0
2025-07-25 00:00:00+00:00,34,1,42008094,3371.7,3376.6,3370.7,3375.2,2666,GC.v.0
2025-07-25 01:00:00+00:00,34,1,42008094,3375.3,3375.8,3368.8,3372.5,3763,GC.v.0
2025-07-25 02:00:00+00:00,34,1,42008094,3372.3,3372.5,3364.1,3364.7,4497,GC.v.0
2025-07-25 03:00:00+00:00,34,1,42008094,3364.6,3365.2,3360.0,3360.9,3968,GC.v.0
2025-07-25 04:00:00+00:00,34,1,42008094,3360.9,3365.6,3360.1,3363.1,3074,GC.v.0
2025-07-25 05:00:00+00:00,34,1,42008094,3363.2,3364.7,3357.2,3360.5,3613,GC.v.0
2025-07-25 06:00:00+00:00,34,1,42008094,3360.4,3361.7,3356.6,3361.0,4846,GC.v.0
2025-07-25 07:00:00+00:00,34,1,42008094,3360.9,3362.3,3354.6,3355.9,5479,GC.v.0
2025-07-25 08:00:00+00:00,34,1,42008094,3356.1,3357.7,3345.5,3347.2,8026,GC.v.0
2025-07-25 09:00:00+00:00,34,1,42008094,3347.1,3351.4,3345.3,3348.0,5028,GC.v.0
2025-07-25 10:00:00+00:00,34,1,42008094,3348.0,3350.1,3342.2,3344.2,5844,GC.v.0
2025-07-25 11:00:00+00:00,34,1,42008094,3344.4,3346.5,3339.8,3342.1,6715,GC.v.0
2025-07-25 12:00:00+00:00,34,1,42008094,3342.1,3345.8,3336.2,3341.9,11575,GC.v.0
2025-07-25 13:00:00+00:00,34,1,42008094,3341.8,3348.7,3337.5,3345.2,18603,GC.v.0
2025-07-25 14:00:00+00:00,34,1,42008094,3345.1,3346.4,3331.2,3333.1,21762,GC.v.0
2025-07-25 15:00:00+00:00,34,1,42008094,3332.9,3336.3,3325.5,3328.2,20992,GC.v.0
2025-07-25 16:00:00+00:00,34,1,42008094,3328.1,3332.0,3326.5,3330.2,7925,GC.v.0
2025-07-25 17:00:00+00:00,34,1,42008094,3330.2,3337.6,3330.1,3336.6,6742,GC.v.0
2025-07-25 18:00:00+00:00,34,1,42008094,3336.7,3340.4,3336.4,3339.9,3714,GC.v.0
2025-07-25 19:00:00+00:00,34,1,42008094,3339.9,3341.2,3338.6,3339.2,3657,GC.v.0
2025-07-25 20:00:00+00:00,34,1,42008094,3339.1,3340.0,3337.3,3338.5,2427,GC.v.0
2025-07-27 22:00:00+00:00,34,1,42008094,3321.1,3334.6,3303.0,3329.8,6694,GC.v.0
2025-07-27 23:00:00+00:00,34,1,42008094,3329.5,3337.4,3329.5,3333.9,3208,GC.v.0
2025-07-28 00:00:00+00:00,34,1,42008094,3334.0,3336.0,3327.4,3333.5,2800,GC.v.0
2025-07-28 01:00:00+00:00,34,1,42008094,3333.4,3339.3,3329.8,3331.5,5535,GC.v.0
2025-07-28 02:00:00+00:00,34,1,42008094,3331.5,3336.6,3330.0,3335.5,2587,GC.v.0
2025-07-28 03:00:00+00:00,34,1,42008094,3335.4,3343.2,3334.5,3343.1,2541,GC.v.0
2025-07-28 04:00:00+00:00,34,1,42008094,3343.0,3344.0,3339.6,3339.6,2098,GC.v.0
2025-07-28 05:00:00+00:00,34,1,42008094,3339.9,3343.9,3337.8,3343.3,2054,GC.v.0
2025-07-28 06:00:00+00:00,34,1,42008094,3343.3,3345.4,3335.6,3339.9,3459,GC.v.0
2025-07-28 07:00:00+00:00,34,1,42008094,3340.1,3341.9,3333.4,3334.6,3927,GC.v.0
2025-07-28 08:00:00+00:00,34,1,42008094,3334.6,3338.5,3331.2,3335.1,4400,GC.v.0
2025-07-28 09:00:00+00:00,34,1,42008094,3335.3,3340.8,3335.0,3337.7,5754,GC.v.0
2025-07-28 10:00:00+00:00,34,1,42008094,3337.6,3338.6,3333.5,3336.1,5338,GC.v.0
2025-07-28 11:00:00+00:00,34,1,42008094,3336.2,3338.1,3334.4,3336.1,3225,GC.v.0
2025-07-28 12:00:00+00:00,34,1,42008094,3336.3,3338.1,3325.0,3328.0,10796,GC.v.0
2025-07-28 13:00:00+00:00,34,1,42008094,3328.0,3330.4,3300.3,3300.7,21412,GC.v.0
2025-07-28 14:00:00+00:00,34,1,42008094,3300.7,3314.2,3300.0,3306.5,18702,GC.v.0
2025-07-28 15:00:00+00:00,34,1,42008094,3306.3,3316.3,3305.2,3314.1,6889,GC.v.0
2025-07-28 16:00:00+00:00,34,1,42008094,3314.0,3314.1,3310.0,3311.3,4051,GC.v.0
2025-07-28 17:00:00+00:00,34,1,42008094,3311.3,3312.7,3307.9,3309.7,6146,GC.v.0
2025-07-28 18:00:00+00:00,34,1,42008094,3309.5,3314.9,3308.9,3312.5,2715,GC.v.0
2025-07-28 19:00:00+00:00,34,1,42008094,3312.6,3317.4,3311.3,3316.5,3305,GC.v.0
2025-07-28 20:00:00+00:00,34,1,42008094,3316.3,3317.9,3313.5,3314.0,2141,GC.v.0
2025-07-28 22:00:00+00:00,34,1,42008094,3313.4,3313.8,3308.7,3311.5,2216,GC.v.0
2025-07-28 23:00:00+00:00,34,1,42008094,3311.6,3312.3,3308.3,3310.5,1363,GC.v.0
2025-07-29 00:00:00+00:00,34,1,42008094,3310.3,3313.5,3305.8,3309.3,1906,GC.v.0
2025-07-29 01:00:00+00:00,34,1,42008094,3309.5,3318.8,3306.3,3316.7,2499,GC.v.0
2025-07-29 02:00:00+00:00,34,1,42008094,3316.8,3318.5,3315.8,3317.2,1152,GC.v.0
2025-07-29 03:00:00+00:00,34,1,42008094,3317.1,3317.1,3309.3,3311.0,1421,GC.v.0
2025-07-29 04:00:00+00:00,34,1,42008094,3311.2,3315.4,3307.4,3314.4,863,GC.v.0
2025-07-29 05:00:00+00:00,34,1,42008094,3314.5,3318.0,3312.2,3317.7,1167,GC.v.0
2025-07-29 06:00:00+00:00,34,1,42008094,3317.7,3320.3,3314.1,3314.7,3039,GC.v.0
2025-07-29 07:00:00+00:00,34,1,42008094,3314.9,3316.6,3309.3,3315.6,2521,GC.v.0
2025-07-29 08:00:00+00:00,34,1,42008094,3315.8,3328.0,3315.3,3324.3,2996,GC.v.0
2025-07-29 09:00:00+00:00,34,1,42008094,3323.9,3326.8,3319.2,3323.2,3610,GC.v.0
2025-07-29 10:00:00+00:00,34,1,42008094,3323.1,3324.5,3320.3,3320.4,1234,GC.v.0
2025-07-29 11:00:00+00:00,34,1,42008094,3320.6,3320.6,3312.8,3313.4,2571,GC.v.0
2025-07-29 12:00:00+00:00,34,1,42008094,3313.5,3322.7,3313.5,3321.6,3617,GC.v.0
2025-07-29 13:00:00+00:00,34,1,42008094,3321.6,3322.6,3309.9,3315.4,7152,GC.v.0
2025-07-29 14:00:00+00:00,34,1,42008094,3315.3,3328.1,3310.0,3326.7,5300,GC.v.0
2025-07-29 15:00:00+00:00,34,1,42008094,3326.6,3332.3,3317.3,3318.4,4747,GC.v.0
2025-07-29 16:00:00+00:00,34,1,42008094,3318.5,3322.6,3316.3,3321.0,2204,GC.v.0
2025-07-29 17:00:00+00:00,34,1,42008094,3321.1,3327.2,3320.7,3326.2,1992,GC.v.0
2025-07-29 18:00:00+00:00,34,1,42008094,3326.3,3328.6,3323.4,3323.8,794,GC.v.0
2025-07-29 19:00:00+00:00,34,1,42008094,3324.1,3327.5,3321.3,3323.7,1360,GC.v.0
2025-07-29 20:00:00+00:00,34,1,42008094,3323.4,3325.9,3323.2,3325.3,632,GC.v.0
2025-07-29 22:00:00+00:00,34,1,42008094,3325.8,3327.1,3324.8,3326.2,60,GC.v.0
2025-07-29 23:00:00+00:00,34,1,42008094,3326.1,3326.3,3325.0,3326.3,29,GC.v.0
2025-07-30 00:00:00+00:00,34,1,42008094,3326.1,3330.8,3325.8,3327.5,197,GC.v.0
2025-07-30 01:00:00+00:00,34,1,42008094,3326.3,3330.7,3320.0,3321.6,234,GC.v.0
2025-07-30 02:00:00+00:00,34,1,42008094,3321.5,3330.0,3321.5,3327.3,248,GC.v.0
2025-07-30 03:00:00+00:00,34,1,42008094,3326.6,3327.2,3323.4,3326.4,231,GC.v.0
2025-07-30 04:00:00+00:00,34,1,42008094,3325.2,3327.2,3323.8,3324.3,114,GC.v.0
2025-07-30 05:00:00+00:00,34,1,42008094,3324.5,3328.0,3322.0,3322.0,204,GC.v.0
2025-07-30 06:00:00+00:00,34,1,42008094,3321.7,3324.3,3320.1,3324.0,162,GC.v.0
2025-07-30 07:00:00+00:00,34,1,42008094,3323.6,3328.8,3322.8,3325.5,179,GC.v.0
2025-07-30 08:00:00+00:00,34,1,42008094,3325.6,3330.7,3325.6,3330.4,264,GC.v.0
2025-07-30 09:00:00+00:00,34,1,42008094,3329.3,3331.8,3327.4,3329.3,169,GC.v.0
2025-07-30 10:00:00+00:00,34,1,42008094,3328.7,3330.2,3324.2,3325.3,127,GC.v.0
2025-07-30 11:00:00+00:00,34,1,42008094,3325.0,3328.5,3321.4,3328.5,222,GC.v.0
2025-07-30 12:00:00+00:00,34,1,42008094,3328.3,3328.4,3307.3,3309.8,515,GC.v.0
2025-07-30 13:00:00+00:00,34,1,42008094,3309.1,3312.0,3294.8,3299.3,639,GC.v.0
2025-07-30 14:00:00+00:00,34,1,42008094,3299.5,3305.1,3297.9,3298.4,311,GC.v.0
2025-07-30 15:00:00+00:00,34,1,42008094,3300.0,3300.0,3286.3,3287.0,531,GC.v.0
2025-07-30 16:00:00+00:00,34,1,42008094,3287.2,3295.8,3287.1,3295.8,353,GC.v.0
2025-07-30 17:00:00+00:00,34,1,42008094,3295.8,3298.1,3295.3,3297.7,186,GC.v.0
2025-07-30 18:00:00+00:00,34,1,42008094,3300.7,3300.7,3276.1,3276.3,265,GC.v.0
2025-07-30 19:00:00+00:00,34,1,42008094,3276.7,3277.3,3263.9,3271.0,73,GC.v.0
2025-07-30 20:00:00+00:00,34,1,42008094,3270.1,3272.2,3266.9,3270.9,28,GC.v.0
2025-07-30 22:00:00+00:00,34,1,42008094,3272.9,3275.8,3272.9,3274.1,8,GC.v.0
2025-07-30 23:00:00+00:00,34,1,42008094,3278.1,3278.1,3278.1,3278.1,1,GC.v.0
2025-07-31 00:00:00+00:00,34,1,39231,3335.8,3338.6,3332.6,3337.0,3665,GC.v.0
2025-07-31 01:00:00+00:00,34,1,39231,3337.0,3343.8,3335.4,3343.4,5584,GC.v.0
2025-07-31 02:00:00+00:00,34,1,39231,3343.7,3347.4,3340.5,3346.9,4270,GC.v.0
2025-07-31 03:00:00+00:00,34,1,39231,3347.1,3348.4,3343.7,3344.7,3256,GC.v.0
2025-07-31 04:00:00+00:00,34,1,39231,3344.4,3348.1,3343.4,3347.9,1614,GC.v.0
2025-07-31 05:00:00+00:00,34,1,39231,3347.8,3351.9,3344.3,3349.1,3237,GC.v.0
2025-07-31 06:00:00+00:00,34,1,39231,3349.1,3355.4,3347.6,3350.1,7849,GC.v.0
2025-07-31 07:00:00+00:00,34,1,39231,3350.2,3360.9,3348.9,3356.1,8047,GC.v.0
2025-07-31 08:00:00+00:00,34,1,39231,3356.2,3366.7,3355.2,3362.1,7988,GC.v.0
2025-07-31 09:00:00+00:00,34,1,39231,3362.1,3365.5,3357.1,3358.8,7314,GC.v.0
2025-07-31 10:00:00+00:00,34,1,39231,3358.5,3360.4,3345.5,3348.3,5984,GC.v.0
2025-07-31 11:00:00+00:00,34,1,39231,3348.5,3360.4,3347.6,3358.9,8593,GC.v.0
2025-07-31 12:00:00+00:00,34,1,39231,3358.7,3364.1,3356.6,3360.4,9927,GC.v.0
2025-07-31 13:00:00+00:00,34,1,39231,3360.4,3362.8,3352.8,3353.5,17956,GC.v.0
2025-07-31 14:00:00+00:00,34,1,39231,3353.4,3356.3,3344.6,3348.8,17265,GC.v.0
2025-07-31 15:00:00+00:00,34,1,39231,3348.6,3352.0,3343.4,3348.1,8825,GC.v.0
2025-07-31 16:00:00+00:00,34,1,39231,3348.0,3350.2,3342.0,3347.7,9067,GC.v.0
2025-07-31 17:00:00+00:00,34,1,39231,3347.7,3351.4,3346.8,3347.7,8052,GC.v.0
2025-07-31 18:00:00+00:00,34,1,39231,3347.7,3349.6,3345.4,3348.3,2180,GC.v.0
2025-07-31 19:00:00+00:00,34,1,39231,3348.2,3348.9,3342.7,3344.2,2929,GC.v.0
2025-07-31 20:00:00+00:00,34,1,39231,3344.2,3346.4,3341.9,3342.3,1788,GC.v.0
2025-07-31 22:00:00+00:00,34,1,39231,3342.7,3346.9,3340.4,3346.1,1541,GC.v.0
2025-07-31 23:00:00+00:00,34,1,39231,3346.3,3346.3,3339.5,3340.1,2221,GC.v.0
2025-08-01 00:00:00+00:00,34,1,39231,3340.0,3344.4,3337.4,3340.7,3731,GC.v.0
2025-08-01 01:00:00+00:00,34,1,39231,3340.7,3344.2,3331.4,3333.5,5938,GC.v.0
2025-08-01 02:00:00+00:00,34,1,39231,3333.4,3342.2,3332.9,3341.7,4079,GC.v.0
2025-08-01 03:00:00+00:00,34,1,39231,3341.8,3347.7,3340.8,3341.8,3242,GC.v.0
2025-08-01 04:00:00+00:00,34,1,39231,3341.9,3345.8,3340.2,3343.2,3794,GC.v.0
2025-08-01 05:00:00+00:00,34,1,39231,3343.1,3352.0,3342.9,3348.4,3592,GC.v.0
2025-08-01 06:00:00+00:00,34,1,39231,3348.1,3349.3,3341.8,3343.6,4354,GC.v.0
2025-08-01 07:00:00+00:00,34,1,39231,3343.8,3344.7,3336.0,3337.7,5211,GC.v.0
2025-08-01 08:00:00+00:00,34,1,39231,3337.6,3345.2,3336.1,3345.1,4158,GC.v.0
2025-08-01 09:00:00+00:00,34,1,39231,3345.2,3348.3,3343.9,3346.0,4959,GC.v.0
2025-08-01 10:00:00+00:00,34,1,39231,3346.2,3355.3,3344.8,3350.5,5281,GC.v.0
2025-08-01 11:00:00+00:00,34,1,39231,3350.7,3353.7,3348.8,3352.2,4913,GC.v.0
2025-08-01 12:00:00+00:00,34,1,39231,3352.4,3398.6,3349.4,3394.3,41665,GC.v.0
2025-08-01 13:00:00+00:00,34,1,39231,3394.1,3408.4,3392.0,3395.2,38477,GC.v.0
2025-08-01 14:00:00+00:00,34,1,39231,3395.4,3408.6,3394.6,3399.1,22957,GC.v.0
2025-08-01 15:00:00+00:00,34,1,39231,3399.3,3404.0,3394.8,3401.3,12914,GC.v.0
2025-08-01 16:00:00+00:00,34,1,39231,3401.2,3402.0,3392.2,3399.7,11997,GC.v.0
2025-08-01 17:00:00+00:00,34,1,39231,3399.5,3401.6,3397.7,3400.1,7750,GC.v.0
2025-08-01 18:00:00+00:00,34,1,39231,3400.2,3403.8,3397.8,3400.2,5210,GC.v.0
2025-08-01 19:00:00+00:00,34,1,39231,3400.2,3414.5,3400.1,3410.1,10820,GC.v.0
2025-08-01 20:00:00+00:00,34,1,39231,3410.1,3416.9,3409.9,3416.0,4291,GC.v.0
2025-08-03 22:00:00+00:00,34,1,39231,3416.6,3423.9,3410.5,3412.2,5053,GC.v.0
2025-08-03 23:00:00+00:00,34,1,39231,3412.0,3415.0,3407.4,3414.8,2262,GC.v.0
2025-08-04 00:00:00+00:00,34,1,39231,3415.1,3415.3,3402.5,3404.6,3687,GC.v.0
2025-08-04 01:00:00+00:00,34,1,39231,3404.6,3406.2,3397.9,3405.2,5036,GC.v.0
2025-08-04 02:00:00+00:00,34,1,39231,3405.3,3408.2,3402.9,3406.4,3074,GC.v.0
2025-08-04 03:00:00+00:00,34,1,39231,3406.6,3413.3,3406.6,3412.3,4639,GC.v.0
2025-08-04 04:00:00+00:00,34,1,39231,3412.1,3413.8,3410.3,3410.7,2450,GC.v.0
2025-08-04 05:00:00+00:00,34,1,39231,3410.8,3412.7,3407.3,3409.2,2358,GC.v.0
2025-08-04 06:00:00+00:00,34,1,39231,3409.3,3415.3,3406.2,3415.3,5085,GC.v.0
2025-08-04 07:00:00+00:00,34,1,39231,3415.1,3415.2,3404.3,3408.6,5986,GC.v.0
2025-08-04 08:00:00+00:00,34,1,39231,3408.7,3412.8,3406.6,3411.5,3096,GC.v.0
2025-08-04 09:00:00+00:00,34,1,39231,3411.4,3414.7,3409.9,3411.0,3512,GC.v.0
2025-08-04 10:00:00+00:00,34,1,39231,3410.9,3412.2,3405.8,3410.4,3547,GC.v.0
2025-08-04 11:00:00+00:00,34,1,39231,3410.4,3424.3,3410.3,3424.0,7628,GC.v.0
2025-08-04 12:00:00+00:00,34,1,39231,3424.0,3424.5,3413.4,3420.6,9929,GC.v.0
2025-08-04 13:00:00+00:00,34,1,39231,3420.7,3439.5,3419.7,3437.0,21955,GC.v.0
2025-08-04 14:00:00+00:00,34,1,39231,3437.5,3438.6,3425.7,3427.9,13144,GC.v.0
2025-08-04 15:00:00+00:00,34,1,39231,3427.8,3430.0,3424.5,3428.4,7870,GC.v.0
2025-08-04 16:00:00+00:00,34,1,39231,3428.5,3432.4,3424.3,3424.7,7556,GC.v.0
2025-08-04 17:00:00+00:00,34,1,39231,3424.7,3428.5,3424.3,3428.2,5348,GC.v.0
2025-08-04 18:00:00+00:00,34,1,39231,3428.2,3431.4,3427.3,3430.4,2262,GC.v.0
2025-08-04 19:00:00+00:00,34,1,39231,3430.2,3431.9,3429.2,3430.5,2270,GC.v.0
2025-08-04 20:00:00+00:00,34,1,39231,3430.3,3431.4,3428.0,3428.6,1117,GC.v.0
2025-08-04 22:00:00+00:00,34,1,39231,3428.9,3431.6,3428.0,3429.2,992,GC.v.0
2025-08-04 23:00:00+00:00,34,1,39231,3429.0,3433.6,3429.0,3431.5,1730,GC.v.0
2025-08-05 00:00:00+00:00,34,1,39231,3431.5,3434.7,3429.6,3433.6,2149,GC.v.0
2025-08-05 01:00:00+00:00,34,1,39231,3433.5,3435.9,3431.3,3433.1,3231,GC.v.0
2025-08-05 02:00:00+00:00,34,1,39231,3433.0,3435.9,3427.8,3428.1,3841,GC.v.0
2025-08-05 03:00:00+00:00,34,1,39231,3428.0,3430.0,3426.2,3426.8,2752,GC.v.0
2025-08-05 04:00:00+00:00,34,1,39231,3426.7,3427.4,3424.8,3425.0,1681,GC.v.0
2025-08-05 05:00:00+00:00,34,1,39231,3424.9,3427.8,3420.9,3427.6,5510,GC.v.0
2025-08-05 06:00:00+00:00,34,1,39231,3427.6,3427.9,3419.4,3420.4,4595,GC.v.0
2025-08-05 07:00:00+00:00,34,1,39231,3420.2,3429.9,3420.2,3428.3,7955,GC.v.0
2025-08-05 08:00:00+00:00,34,1,39231,3428.3,3429.2,3420.4,3420.6,4523,GC.v.0
2025-08-05 09:00:00+00:00,34,1,39231,3420.5,3420.6,3412.5,3413.2,6792,GC.v.0
2025-08-05 10:00:00+00:00,34,1,39231,3413.4,3416.0,3406.5,3406.8,7368,GC.v.0
2025-08-05 11:00:00+00:00,34,1,39231,3406.6,3408.2,3403.3,3405.2,6339,GC.v.0
2025-08-05 12:00:00+00:00,34,1,39231,3405.0,3420.9,3403.4,3420.2,11188,GC.v.0
2025-08-05 13:00:00+00:00,34,1,39231,3420.4,3434.5,3419.8,3428.2,16417,GC.v.0
2025-08-05 14:00:00+00:00,34,1,39231,3428.5,3440.9,3425.0,3439.7,23782,GC.v.0
2025-08-05 15:00:00+00:00,34,1,39231,3439.7,3444.7,3436.9,3444.0,11409,GC.v.0
2025-08-05 16:00:00+00:00,34,1,39231,3444.1,3444.9,3431.3,3436.7,10832,GC.v.0
2025-08-05 17:00:00+00:00,34,1,39231,3436.8,3437.5,3433.4,3434.8,6401,GC.v.0
2025-08-05 18:00:00+00:00,34,1,39231,3434.9,3436.1,3433.2,3434.3,3591,GC.v.0
2025-08-05 19:00:00+00:00,34,1,39231,3434.4,3435.5,3432.3,3433.5,2402,GC.v.0
2025-08-05 20:00:00+00:00,34,1,39231,3433.5,3435.6,3433.2,3435.0,1448,GC.v.0
2025-08-05 22:00:00+00:00,34,1,39231,3434.9,3436.2,3432.4,3433.8,889,GC.v.0
2025-08-05 23:00:00+00:00,34,1,39231,3433.7,3438.6,3433.2,3438.1,1862,GC.v.0
2025-08-06 00:00:00+00:00,34,1,39231,3437.9,3440.5,3435.7,3438.3,2952,GC.v.0
2025-08-06 01:00:00+00:00,34,1,39231,3438.1,3438.4,3428.4,3431.4,5872,GC.v.0
2025-08-06 02:00:00+00:00,34,1,39231,3431.3,3433.3,3429.2,3431.3,3774,GC.v.0
2025-08-06 03:00:00+00:00,34,1,39231,3431.4,3433.6,3429.1,3429.9,2623,GC.v.0
2025-08-06 04:00:00+00:00,34,1,39231,3429.9,3431.5,3426.7,3427.0,1712,GC.v.0
2025-08-06 05:00:00+00:00,34,1,39231,3426.9,3429.2,3425.3,3428.7,3292,GC.v.0
2025-08-06 06:00:00+00:00,34,1,39231,3428.6,3433.7,3427.7,3429.9,4098,GC.v.0
2025-08-06 07:00:00+00:00,34,1,39231,3429.8,3432.3,3423.1,3428.4,5937,GC.v.0
2025-08-06 08:00:00+00:00,34,1,39231,3428.2,3429.3,3418.7,3419.1,6978,GC.v.0
2025-08-06 09:00:00+00:00,34,1,39231,3419.2,3422.0,3411.7,3413.1,6634,GC.v.0
2025-08-06 10:00:00+00:00,34,1,39231,3412.7,3420.6,3412.3,3418.5,6431,GC.v.0
2025-08-06 11:00:00+00:00,34,1,39231,3418.3,3422.0,3415.3,3420.0,4251,GC.v.0
2025-08-06 12:00:00+00:00,34,1,39231,3419.7,3424.0,3414.3,3422.0,9012,GC.v.0
2025-08-06 13:00:00+00:00,34,1,39231,3422.1,3429.1,3419.6,3427.0,15366,GC.v.0
2025-08-06 14:00:00+00:00,34,1,39231,3427.2,3435.3,3424.7,3435.3,13526,GC.v.0
2025-08-06 15:00:00+00:00,34,1,39231,3435.1,3438.1,3426.6,3436.2,15104,GC.v.0
2025-08-06 16:00:00+00:00,34,1,39231,3436.5,3438.1,3431.4,3435.5,7879,GC.v.0
2025-08-06 17:00:00+00:00,34,1,39231,3435.5,3438.1,3431.8,3436.3,7672,GC.v.0
2025-08-06 18:00:00+00:00,34,1,39231,3436.4,3437.1,3430.9,3434.7,4884,GC.v.0
2025-08-06 19:00:00+00:00,34,1,39231,3434.8,3435.3,3432.6,3434.0,3730,GC.v.0
2025-08-06 20:00:00+00:00,34,1,39231,3433.9,3434.7,3429.7,3431.8,2080,GC.v.0
2025-08-06 22:00:00+00:00,34,1,39231,3431.8,3436.8,3430.0,3434.7,2464,GC.v.0
2025-08-06 23:00:00+00:00,34,1,39231,3434.7,3436.5,3432.0,3436.2,2815,GC.v.0
2025-08-07 00:00:00+00:00,34,1,39231,3436.3,3445.0,3432.6,3441.4,7198,GC.v.0
2025-08-07 01:00:00+00:00,34,1,39231,3441.4,3446.0,3438.0,3445.4,6902,GC.v.0
2025-08-07 02:00:00+00:00,34,1,39231,3445.5,3447.0,3440.4,3441.2,5310,GC.v.0
2025-08-07 03:00:00+00:00,34,1,39231,3441.4,3444.2,3438.4,3443.9,4008,GC.v.0
2025-08-07 04:00:00+00:00,34,1,39231,3444.0,3447.0,3443.1,3445.0,5024,GC.v.0
2025-08-07 05:00:00+00:00,34,1,39231,3445.1,3447.9,3438.5,3444.9,6019,GC.v.0
2025-08-07 06:00:00+00:00,34,1,39231,3445.0,3457.1,3444.6,3456.6,10485,GC.v.0
2025-08-07 07:00:00+00:00,34,1,39231,3456.8,3470.3,3454.8,3469.1,14135,GC.v.0
2025-08-07 08:00:00+00:00,34,1,39231,3469.2,3469.6,3445.4,3452.2,18369,GC.v.0
2025-08-07 09:00:00+00:00,34,1,39231,3452.2,3457.3,3447.3,3450.3,9045,GC.v.0
2025-08-07 10:00:00+00:00,34,1,39231,3450.4,3451.7,3443.2,3445.0,7843,GC.v.0
2025-08-07 11:00:00+00:00,34,1,39231,3444.8,3458.1,3443.4,3451.6,8383,GC.v.0
2025-08-07 12:00:00+00:00,34,1,39231,3451.7,3465.0,3449.1,3454.6,12092,GC.v.0
2025-08-07 13:00:00+00:00,34,1,39231,3454.7,3463.0,3450.9,3451.4,17820,GC.v.0
2025-08-07 14:00:00+00:00,34,1,39231,3451.4,3453.7,3436.0,3450.3,33604,GC.v.0
2025-08-07 15:00:00+00:00,34,1,39231,3450.5,3454.5,3446.0,3453.9,8719,GC.v.0
2025-08-07 16:00:00+00:00,34,1,39231,3453.9,3456.4,3451.2,3453.9,5896,GC.v.0
2025-08-07 17:00:00+00:00,34,1,39231,3453.8,3457.0,3450.8,3455.3,7774,GC.v.0
2025-08-07 18:00:00+00:00,34,1,39231,3455.5,3458.1,3451.3,3452.1,5637,GC.v.0
2025-08-07 19:00:00+00:00,34,1,39231,3452.3,3468.0,3451.1,3466.8,10137,GC.v.0
2025-08-07 20:00:00+00:00,34,1,39231,3466.9,3483.8,3465.5,3482.7,11957,GC.v.0
2025-08-07 22:00:00+00:00,34,1,39231,3487.9,3534.1,3479.5,3488.6,18878,GC.v.0
2025-08-07 23:00:00+00:00,34,1,39231,3488.4,3497.5,3484.5,3496.4,5454,GC.v.0
2025-08-08 00:00:00+00:00,34,1,39231,3496.4,3514.9,3491.6,3510.2,13007,GC.v.0
2025-08-08 01:00:00+00:00,34,1,39231,3510.2,3510.5,3486.5,3488.2,14475,GC.v.0
2025-08-08 02:00:00+00:00,34,1,39231,3488.1,3495.5,3487.8,3488.9,5586,GC.v.0
2025-08-08 03:00:00+00:00,34,1,39231,3488.8,3489.9,3480.4,3488.4,7689,GC.v.0
2025-08-08 04:00:00+00:00,34,1,39231,3488.2,3493.5,3487.1,3492.5,3698,GC.v.0
2025-08-08 05:00:00+00:00,34,1,39231,3492.5,3496.2,3486.9,3487.1,4963,GC.v.0
2025-08-08 06:00:00+00:00,34,1,39231,3487.0,3502.0,3486.7,3498.5,9385,GC.v.0
2025-08-08 07:00:00+00:00,34,1,39231,3498.3,3507.1,3487.0,3492.7,13163,GC.v.0
2025-08-08 08:00:00+00:00,34,1,39231,3493.1,3496.8,3482.1,3482.5,8182,GC.v.0
2025-08-08 09:00:00+00:00,34,1,39231,3482.5,3494.6,3482.1,3494.1,5642,GC.v.0
2025-08-08 10:00:00+00:00,34,1,39231,3494.1,3494.1,3470.8,3472.2,8645,GC.v.0
2025-08-08 11:00:00+00:00,34,1,39231,3472.3,3477.3,3468.6,3475.7,7077,GC.v.0
2025-08-08 12:00:00+00:00,34,1,39231,3475.5,3506.5,3473.5,3481.2,30126,GC.v.0
2025-08-08 13:00:00+00:00,34,1,39231,3481.4,3499.0,3476.0,3495.0,22071,GC.v.0
2025-08-08 14:00:00+00:00,34,1,39231,3494.9,3496.2,3473.8,3492.8,19614,GC.v.0
2025-08-08 15:00:00+00:00,34,1,39231,3492.7,3495.3,3488.0,3492.3,9879,GC.v.0
2025-08-08 16:00:00+00:00,34,1,39231,3492.4,3493.2,3486.3,3488.4,8036,GC.v.0
2025-08-08 17:00:00+00:00,34,1,39231,3488.4,3493.3,3460.1,3464.0,11145,GC.v.0
2025-08-08 18:00:00+00:00,34,1,39231,3463.9,3468.1,3445.0,3453.8,38792,GC.v.0
2025-08-08 19:00:00+00:00,34,1,39231,3453.7,3459.7,3448.5,3456.6,10373,GC.v.0
2025-08-08 20:00:00+00:00,34,1,39231,3456.8,3458.5,3452.1,3458.2,3754,GC.v.0
2025-08-10 22:00:00+00:00,34,1,39231,3458.1,3466.3,3456.1,3460.1,4679,GC.v.0
2025-08-10 23:00:00+00:00,34,1,39231,3460.3,3462.0,3454.6,3455.4,2496,GC.v.0
2025-08-11 00:00:00+00:00,34,1,39231,3455.6,3455.6,3443.1,3443.7,5931,GC.v.0
2025-08-11 01:00:00+00:00,34,1,39231,3443.9,3447.5,3431.0,3442.2,10504,GC.v.0
2025-08-11 02:00:00+00:00,34,1,39231,3442.2,3443.3,3432.3,3440.2,6027,GC.v.0
2025-08-11 03:00:00+00:00,34,1,39231,3440.2,3443.8,3436.8,3440.3,3231,GC.v.0
2025-08-11 04:00:00+00:00,34,1,39231,3440.2,3440.8,3436.6,3437.0,2176,GC.v.0
2025-08-11 05:00:00+00:00,34,1,39231,3436.7,3442.7,3434.5,3439.3,4469,GC.v.0
2025-08-11 06:00:00+00:00,34,1,39231,3439.2,3439.5,3422.2,3425.9,10851,GC.v.0
2025-08-11 07:00:00+00:00,34,1,39231,3425.6,3425.9,3411.8,3415.1,13864,GC.v.0
2025-08-11 08:00:00+00:00,34,1,39231,3415.1,3421.1,3413.6,3419.6,8564,GC.v.0
2025-08-11 09:00:00+00:00,34,1,39231,3419.6,3420.3,3408.2,3409.2,9435,GC.v.0
2025-08-11 10:00:00+00:00,34,1,39231,3409.2,3419.9,3409.1,3413.4,6847,GC.v.0
2025-08-11 11:00:00+00:00,34,1,39231,3413.4,3414.2,3404.3,3410.2,11086,GC.v.0
2025-08-11 12:00:00+00:00,34,1,39231,3410.0,3412.5,3397.3,3411.8,17834,GC.v.0
2025-08-11 13:00:00+00:00,34,1,39231,3411.5,3418.7,3401.9,3415.0,16356,GC.v.0
2025-08-11 14:00:00+00:00,34,1,39231,3414.9,3417.6,3398.9,3403.7,17559,GC.v.0
2025-08-11 15:00:00+00:00,34,1,39231,3403.9,3411.7,3402.3,3409.8,11765,GC.v.0
2025-08-11 16:00:00+00:00,34,1,39231,3409.9,3410.3,3401.5,3403.2,9057,GC.v.0
2025-08-11 17:00:00+00:00,34,1,39231,3403.3,3410.0,3399.3,3409.1,20949,GC.v.0
2025-08-11 18:00:00+00:00,34,1,39231,3409.1,3411.0,3404.1,3406.1,5490,GC.v.0
2025-08-11 19:00:00+00:00,34,1,39231,3406.3,3407.0,3400.3,3402.0,3819,GC.v.0
2025-08-11 20:00:00+00:00,34,1,39231,3402.0,3402.7,3393.0,3393.7,4336,GC.v.0
2025-08-11 22:00:00+00:00,34,1,39231,3393.6,3397.6,3393.0,3397.2,2480,GC.v.0
2025-08-11 23:00:00+00:00,34,1,39231,3397.4,3400.2,3396.7,3399.0,2098,GC.v.0
2025-08-12 00:00:00+00:00,34,1,39231,3398.9,3406.6,3397.5,3405.2,3821,GC.v.0
2025-08-12 01:00:00+00:00,34,1,39231,3405.4,3408.7,3398.0,3401.2,5986,GC.v.0
2025-08-12 02:00:00+00:00,34,1,39231,3401.1,3405.0,3400.8,3403.8,2741,GC.v.0
2025-08-12 03:00:00+00:00,34,1,39231,3404.0,3406.7,3399.6,3400.7,2812,GC.v.0
2025-08-12 04:00:00+00:00,34,1,39231,3400.7,3405.9,3399.7,3404.6,2738,GC.v.0
2025-08-12 05:00:00+00:00,34,1,39231,3404.7,3406.0,3400.7,3404.9,3153,GC.v.0
2025-08-12 06:00:00+00:00,34,1,39231,3405.0,3405.4,3390.6,3394.9,7871,GC.v.0
2025-08-12 07:00:00+00:00,34,1,39231,3395.1,3407.1,3393.0,3404.6,7404,GC.v.0
2025-08-12 08:00:00+00:00,34,1,39231,3404.7,3404.7,3395.0,3397.3,5301,GC.v.0
2025-08-12 09:00:00+00:00,34,1,39231,3397.4,3401.2,3393.6,3394.6,3758,GC.v.0
2025-08-12 10:00:00+00:00,34,1,39231,3394.5,3399.6,3392.5,3394.3,6450,GC.v.0
2025-08-12 11:00:00+00:00,34,1,39231,3394.4,3397.1,3384.4,3396.0,9774,GC.v.0
2025-08-12 12:00:00+00:00,34,1,39231,3395.9,3406.5,3386.6,3397.9,22050,GC.v.0
2025-08-12 13:00:00+00:00,34,1,39231,3397.8,3407.7,3389.2,3395.2,26291,GC.v.0
2025-08-12 14:00:00+00:00,34,1,39231,3395.1,3396.3,3379.1,3387.1,22483,GC.v.0
2025-08-12 15:00:00+00:00,34,1,39231,3386.9,3410.8,3386.5,3400.3,22138,GC.v.0
2025-08-12 16:00:00+00:00,34,1,39231,3400.4,3401.2,3396.2,3400.8,7846,GC.v.0
2025-08-12 17:00:00+00:00,34,1,39231,3400.5,3402.4,3397.2,3399.7,5595,GC.v.0
2025-08-12 18:00:00+00:00,34,1,39231,3399.7,3401.6,3397.8,3399.1,2813,GC.v.0
2025-08-12 19:00:00+00:00,34,1,39231,3398.9,3400.8,3395.7,3398.9,4400,GC.v.0
2025-08-12 20:00:00+00:00,34,1,39231,3398.8,3401.7,3397.1,3399.6,1903,GC.v.0
2025-08-12 22:00:00+00:00,34,1,39231,3399.6,3404.9,3398.8,3401.8,1596,GC.v.0
2025-08-12 23:00:00+00:00,34,1,39231,3401.7,3403.3,3400.5,3401.4,1509,GC.v.0
2025-08-13 00:00:00+00:00,34,1,39231,3401.5,3401.7,3392.7,3393.6,3323,GC.v.0
2025-08-13 01:00:00+00:00,34,1,39231,3393.9,3402.1,3392.9,3401.3,4971,GC.v.0
2025-08-13 02:00:00+00:00,34,1,39231,3401.3,3405.0,3396.4,3401.7,4773,GC.v.0
2025-08-13 03:00:00+00:00,34,1,39231,3401.9,3402.5,3398.1,3399.1,2488,GC.v.0
2025-08-13 04:00:00+00:00,34,1,39231,3398.9,3401.5,3397.4,3400.8,1393,GC.v.0
2025-08-13 05:00:00+00:00,34,1,39231,3401.0,3401.2,3394.8,3398.8,2804,GC.v.0
2025-08-13 06:00:00+00:00,34,1,39231,3398.7,3407.8,3398.5,3406.9,5235,GC.v.0
2025-08-13 07:00:00+00:00,34,1,39231,3406.8,3410.0,3403.2,3403.6,6697,GC.v.0
2025-08-13 08:00:00+00:00,34,1,39231,3403.5,3413.3,3401.5,3409.6,8273,GC.v.0
2025-08-13 09:00:00+00:00,34,1,39231,3409.5,3416.8,3407.6,3415.5,6349,GC.v.0
2025-08-13 10:00:00+00:00,34,1,39231,3415.5,3417.5,3413.7,3416.6,4035,GC.v.0
2025-08-13 11:00:00+00:00,34,1,39231,3416.7,3417.7,3410.0,3413.5,7927,GC.v.0
2025-08-13 12:00:00+00:00,34,1,39231,3413.5,3414.9,3404.9,3408.0,9622,GC.v.0
2025-08-13 13:00:00+00:00,34,1,39231,3407.7,3415.9,3403.9,3414.9,13132,GC.v.0
2025-08-13 14:00:00+00:00,34,1,39231,3414.9,3422.6,3411.4,3413.7,14224,GC.v.0
2025-08-13 15:00:00+00:00,34,1,39231,3413.8,3414.4,3405.2,3408.6,8760,GC.v.0
2025-08-13 16:00:00+00:00,34,1,39231,3408.7,3411.6,3407.3,3408.5,4989,GC.v.0
2025-08-13 17:00:00+00:00,34,1,39231,3408.5,3410.0,3403.7,3404.7,5669,GC.v.0
2025-08-13 18:00:00+00:00,34,1,39231,3404.8,3405.3,3400.2,3404.3,4415,GC.v.0
2025-08-13 19:00:00+00:00,34,1,39231,3404.3,3409.2,3403.1,3408.0,2634,GC.v.0
2025-08-13 20:00:00+00:00,34,1,39231,3407.9,3408.6,3406.4,3407.0,1168,GC.v.0
2025-08-13 22:00:00+00:00,34,1,39231,3407.2,3408.5,3406.1,3407.3,866,GC.v.0
2025-08-13 23:00:00+00:00,34,1,39231,3407.3,3412.7,3407.3,3411.9,1805,GC.v.0
2025-08-14 00:00:00+00:00,34,1,39231,3412.0,3423.8,3412.0,3418.6,5261,GC.v.0
2025-08-14 01:00:00+00:00,34,1,39231,3418.3,3420.0,3414.0,3416.4,5448,GC.v.0
2025-08-14 02:00:00+00:00,34,1,39231,3416.3,3418.3,3410.7,3410.9,2944,GC.v.0
2025-08-14 03:00:00+00:00,34,1,39231,3410.9,3412.0,3403.7,3409.4,5783,GC.v.0
2025-08-14 04:00:00+00:00,34,1,39231,3409.6,3410.4,3406.7,3409.2,2203,GC.v.0
2025-08-14 05:00:00+00:00,34,1,39231,3409.1,3410.4,3404.4,3407.1,2540,GC.v.0
2025-08-14 06:00:00+00:00,34,1,39231,3406.9,3411.2,3403.9,3410.7,4658,GC.v.0
2025-08-14 07:00:00+00:00,34,1,39231,3410.8,3415.0,3392.1,3394.4,11992,GC.v.0
2025-08-14 08:00:00+00:00,34,1,39231,3394.2,3398.0,3389.2,3393.5,9895,GC.v.0
2025-08-14 09:00:00+00:00,34,1,39231,3393.6,3407.2,3392.2,3404.6,7984,GC.v.0
2025-08-14 10:00:00+00:00,34,1,39231,3404.8,3407.8,3400.3,3403.3,4112,GC.v.0
2025-08-14 11:00:00+00:00,34,1,39231,3403.4,3405.7,3400.9,3404.2,4064,GC.v.0
2025-08-14 12:00:00+00:00,34,1,39231,3404.0,3407.4,3390.5,3399.0,14298,GC.v.0
2025-08-14 13:00:00+00:00,34,1,39231,3398.9,3404.6,3391.9,3392.3,16415,GC.v.0
2025-08-14 14:00:00+00:00,34,1,39231,3392.1,3394.9,3381.8,3387.5,21840,GC.v.0
2025-08-14 15:00:00+00:00,34,1,39231,3387.7,3390.4,3382.0,3388.9,9356,GC.v.0
2025-08-14 16:00:00+00:00,34,1,39231,3389.1,3389.1,3375.5,3380.3,14155,GC.v.0
2025-08-14 17:00:00+00:00,34,1,39231,3380.3,3385.0,3377.7,3383.8,6993,GC.v.0
2025-08-14 18:00:00+00:00,34,1,39231,3383.9,3385.8,3382.3,3384.6,3135,GC.v.0
2025-08-14 19:00:00+00:00,34,1,39231,3384.5,3388.0,3384.3,3385.3,3075,GC.v.0
2025-08-14 20:00:00+00:00,34,1,39231,3385.3,3385.8,3381.5,3382.3,1647,GC.v.0
2025-08-14 22:00:00+00:00,34,1,39231,3383.2,3384.4,3378.2,3379.3,1310,GC.v.0
2025-08-14 23:00:00+00:00,34,1,39231,3379.0,3382.2,3377.7,3381.1,1231,GC.v.0
2025-08-15 00:00:00+00:00,34,1,39231,3380.9,3384.1,3378.0,3382.7,2473,GC.v.0
2025-08-15 01:00:00+00:00,34,1,39231,3382.8,3385.4,3378.5,3384.7,3608,GC.v.0
2025-08-15 02:00:00+00:00,34,1,39231,3385.0,3386.1,3381.7,3385.7,2316,GC.v.0
2025-08-15 03:00:00+00:00,34,1,39231,3385.8,3391.2,3385.5,3389.6,2521,GC.v.0
2025-08-15 04:00:00+00:00,34,1,39231,3389.7,3392.8,3389.3,3391.0,3729,GC.v.0
2025-08-15 05:00:00+00:00,34,1,39231,3390.9,3394.8,3388.0,3389.9,3728,GC.v.0
2025-08-15 06:00:00+00:00,34,1,39231,3390.1,3390.2,3386.0,3386.2,3264,GC.v.0
2025-08-15 07:00:00+00:00,34,1,39231,3386.3,3392.8,3385.9,3392.5,5124,GC.v.0
2025-08-15 08:00:00+00:00,34,1,39231,3392.4,3394.6,3384.5,3387.4,6363,GC.v.0
2025-08-15 09:00:00+00:00,34,1,39231,3387.4,3391.3,3384.2,3389.4,4676,GC.v.0
2025-08-15 10:00:00+00:00,34,1,39231,3389.0,3389.2,3382.4,3383.6,4594,GC.v.0
2025-08-15 11:00:00+00:00,34,1,39231,3383.8,3390.4,3383.2,3388.3,4647,GC.v.0
2025-08-15 12:00:00+00:00,34,1,39231,3388.4,3391.0,3379.8,3389.3,12260,GC.v.0
2025-08-15 13:00:00+00:00,34,1,39231,3389.3,3393.1,3379.3,3382.3,13662,GC.v.0
2025-08-15 14:00:00+00:00,34,1,39231,3382.2,3390.1,3381.9,3387.8,10136,GC.v.0
2025-08-15 15:00:00+00:00,34,1,39231,3388.0,3391.4,3387.3,3388.3,6963,GC.v.0
2025-08-15 16:00:00+00:00,34,1,39231,3388.4,3388.4,3382.4,3384.8,6243,GC.v.0
2025-08-15 17:00:00+00:00,34,1,39231,3384.9,3385.7,3381.6,3382.4,5317,GC.v.0
2025-08-15 18:00:00+00:00,34,1,39231,3382.5,3384.6,3381.1,3381.8,2940,GC.v.0
2025-08-15 19:00:00+00:00,34,1,39231,3381.9,3384.6,3379.8,3383.9,3786,GC.v.0
2025-08-15 20:00:00+00:00,34,1,39231,3383.8,3384.2,3381.0,3381.7,1839,GC.v.0
2025-08-17 22:00:00+00:00,34,1,39231,3382.4,3384.5,3377.4,3379.4,1741,GC.v.0
2025-08-17 23:00:00+00:00,34,1,39231,3379.3,3379.3,3368.0,3371.8,5300,GC.v.0
2025-08-18 00:00:00+00:00,34,1,39231,3372.0,3387.7,3371.5,3385.3,5743,GC.v.0
2025-08-18 01:00:00+00:00,34,1,39231,3385.2,3392.9,3384.8,3392.5,4631,GC.v.0
2025-08-18 02:00:00+00:00,34,1,39231,3392.3,3393.5,3387.5,3388.5,2309,GC.v.0
2025-08-18 03:00:00+00:00,34,1,39231,3388.6,3398.0,3388.5,3393.0,4447,GC.v.0
2025-08-18 04:00:00+00:00,34,1,39231,3392.9,3403.4,3392.7,3402.8,3633,GC.v.0
2025-08-18 05:00:00+00:00,34,1,39231,3402.6,3403.6,3392.7,3395.4,5388,GC.v.0
2025-08-18 06:00:00+00:00,34,1,39231,3395.4,3397.0,3391.2,3394.4,4591,GC.v.0
2025-08-18 07:00:00+00:00,34,1,39231,3394.6,3400.9,3392.4,3393.8,5146,GC.v.0
2025-08-18 08:00:00+00:00,34,1,39231,3394.0,3394.9,3389.5,3393.7,4401,GC.v.0
2025-08-18 09:00:00+00:00,34,1,39231,3393.7,3397.4,3392.8,3393.7,4916,GC.v.0
2025-08-18 10:00:00+00:00,34,1,39231,3393.6,3397.0,3392.1,3392.2,4655,GC.v.0
2025-08-18 11:00:00+00:00,34,1,39231,3392.4,3394.7,3390.4,3391.2,2349,GC.v.0
2025-08-18 12:00:00+00:00,34,1,39231,3391.2,3394.9,3388.3,3389.9,6849,GC.v.0
2025-08-18 13:00:00+00:00,34,1,39231,3389.8,3390.1,3381.3,3382.5,11912,GC.v.0
2025-08-18 14:00:00+00:00,34,1,39231,3382.5,3384.5,3377.7,3379.3,12323,GC.v.0
2025-08-18 15:00:00+00:00,34,1,39231,3379.5,3382.0,3377.1,3380.6,6653,GC.v.0
2025-08-18 16:00:00+00:00,34,1,39231,3380.7,3380.8,3376.3,3378.9,5542,GC.v.0
2025-08-18 17:00:00+00:00,34,1,39231,3379.1,3380.7,3376.3,3379.4,4647,GC.v.0
2025-08-18 18:00:00+00:00,34,1,39231,3379.3,3379.5,3376.9,3377.5,1827,GC.v.0
2025-08-18 19:00:00+00:00,34,1,39231,3377.6,3379.2,3375.3,3378.3,3025,GC.v.0
2025-08-18 20:00:00+00:00,34,1,39231,3378.2,3379.0,3377.6,3378.0,1734,GC.v.0
2025-08-18 22:00:00+00:00,34,1,39231,3378.3,3379.9,3377.7,3379.5,1158,GC.v.0
2025-08-18 23:00:00+00:00,34,1,39231,3379.5,3379.9,3375.6,3376.1,1661,GC.v.0
2025-08-19 00:00:00+00:00,34,1,39231,3376.1,3383.9,3370.6,3379.3,6126,GC.v.0
2025-08-19 01:00:00+00:00,34,1,39231,3379.4,3380.0,3374.2,3376.7,4227,GC.v.0
2025-08-19 02:00:00+00:00,34,1,39231,3376.6,3381.5,3373.4,3381.3,2988,GC.v.0
2025-08-19 03:00:00+00:00,34,1,39231,3381.3,3384.9,3380.5,3381.2,3120,GC.v.0
2025-08-19 04:00:00+00:00,34,1,39231,3381.2,3382.0,3378.4,3381.6,1869,GC.v.0
2025-08-19 05:00:00+00:00,34,1,39231,3381.5,3385.1,3379.9,3380.3,3036,GC.v.0
2025-08-19 06:00:00+00:00,34,1,39231,3380.3,3382.6,3378.2,3380.1,3090,GC.v.0
2025-08-19 07:00:00+00:00,34,1,39231,3380.1,3386.2,3378.9,3384.8,5451,GC.v.0
2025-08-19 08:00:00+00:00,34,1,39231,3384.8,3385.2,3380.6,3382.4,2613,GC.v.0
2025-08-19 09:00:00+00:00,34,1,39231,3382.5,3383.9,3380.8,3383.7,2733,GC.v.0
2025-08-19 10:00:00+00:00,34,1,39231,3383.8,3389.7,3383.5,3387.9,4746,GC.v.0
2025-08-19 11:00:00+00:00,34,1,39231,3387.9,3389.5,3383.6,3384.4,5058,GC.v.0
2025-08-19 12:00:00+00:00,34,1,39231,3384.3,3385.2,3379.0,3379.4,7742,GC.v.0
2025-08-19 13:00:00+00:00,34,1,39231,3379.4,3383.7,3369.1,3377.9,17928,GC.v.0
2025-08-19 14:00:00+00:00,34,1,39231,3377.7,3381.3,3364.4,3369.3,17863,GC.v.0
2025-08-19 15:00:00+00:00,34,1,39231,3369.4,3370.9,3365.2,3366.5,9421,GC.v.0
2025-08-19 16:00:00+00:00,34,1,39231,3366.5,3368.4,3360.7,3361.1,8063,GC.v.0
2025-08-19 17:00:00+00:00,34,1,39231,3361.2,3364.1,3358.1,3361.1,8458,GC.v.0
2025-08-19 18:00:00+00:00,34,1,39231,3361.1,3363.5,3360.2,3361.7,2595,GC.v.0
2025-08-19 19:00:00+00:00,34,1,39231,3361.8,3362.2,3359.4,3359.8,3280,GC.v.0
2025-08-19 20:00:00+00:00,34,1,39231,3359.7,3360.7,3358.1,3358.9,2492,GC.v.0
2025-08-19 22:00:00+00:00,34,1,39231,3359.0,3360.5,3358.1,3359.3,1012,GC.v.0
2025-08-19 23:00:00+00:00,34,1,39231,3359.1,3359.3,3355.4,3356.8,2285,GC.v.0
2025-08-20 00:00:00+00:00,34,1,39231,3356.5,3359.3,3355.0,3358.4,4145,GC.v.0
2025-08-20 01:00:00+00:00,34,1,39231,3358.2,3360.1,3353.4,3357.5,5881,GC.v.0
2025-08-20 02:00:00+00:00,34,1,39231,3357.3,3359.2,3354.2,3356.0,3871,GC.v.0
2025-08-20 03:00:00+00:00,34,1,39231,3355.9,3360.9,3355.9,3360.0,2827,GC.v.0
2025-08-20 04:00:00+00:00,34,1,39231,3359.9,3363.5,3359.5,3360.8,2318,GC.v.0
2025-08-20 05:00:00+00:00,34,1,39231,3360.8,3366.5,3360.3,3365.9,2864,GC.v.0
2025-08-20 06:00:00+00:00,34,1,39231,3366.0,3368.5,3364.8,3365.6,4550,GC.v.0
2025-08-20 07:00:00+00:00,34,1,39231,3365.6,3370.1,3364.1,3367.8,4393,GC.v.0
2025-08-20 08:00:00+00:00,34,1,39231,3367.7,3368.8,3363.6,3368.1,4567,GC.v.0
2025-08-20 09:00:00+00:00,34,1,39231,3368.0,3370.4,3366.6,3368.6,4674,GC.v.0
2025-08-20 10:00:00+00:00,34,1,39231,3368.5,3371.1,3366.5,3369.6,4843,GC.v.0
2025-08-20 11:00:00+00:00,34,1,39231,3369.6,3376.5,3369.0,3375.9,9489,GC.v.0
2025-08-20 12:00:00+00:00,34,1,39231,3375.9,3388.6,3375.5,3386.8,15926,GC.v.0
2025-08-20 13:00:00+00:00,34,1,39231,3386.8,3392.0,3382.3,3388.5,15870,GC.v.0
2025-08-20 14:00:00+00:00,34,1,39231,3388.5,3394.3,3383.3,3390.9,12575,GC.v.0
2025-08-20 15:00:00+00:00,34,1,39231,3390.9,3390.9,3382.7,3384.5,7992,GC.v.0
2025-08-20 16:00:00+00:00,34,1,39231,3384.5,3390.0,3384.5,3388.9,5299,GC.v.0
2025-08-20 17:00:00+00:00,34,1,39231,3388.6,3391.1,3387.6,3390.1,4473,GC.v.0
2025-08-20 18:00:00+00:00,34,1,39231,3390.2,3390.3,3387.0,3388.8,2935,GC.v.0
2025-08-20 19:00:00+00:00,34,1,39231,3388.6,3393.0,3388.1,3391.5,3273,GC.v.0
2025-08-20 20:00:00+00:00,34,1,39231,3391.4,3392.7,3390.4,3392.2,1835,GC.v.0
2025-08-20 22:00:00+00:00,34,1,39231,3392.2,3394.4,3391.0,3392.4,1559,GC.v.0
2025-08-20 23:00:00+00:00,34,1,39231,3392.2,3392.3,3389.1,3389.4,1676,GC.v.0
2025-08-21 00:00:00+00:00,34,1,39231,3389.4,3389.4,3384.3,3385.0,2921,GC.v.0
2025-08-21 01:00:00+00:00,34,1,39231,3385.2,3388.9,3383.1,3385.1,3458,GC.v.0
2025-08-21 02:00:00+00:00,34,1,39231,3385.0,3387.6,3382.6,3387.1,3162,GC.v.0
2025-08-21 03:00:00+00:00,34,1,39231,3387.0,3387.3,3382.1,3382.3,2242,GC.v.0
2025-08-21 04:00:00+00:00,34,1,39231,3382.4,3384.0,3380.5,3380.8,1831,GC.v.0
2025-08-21 05:00:00+00:00,34,1,39231,3380.9,3382.9,3379.4,3381.0,2616,GC.v.0
2025-08-21 06:00:00+00:00,34,1,39231,3380.9,3382.2,3376.5,3378.8,4687,GC.v.0
2025-08-21 07:00:00+00:00,34,1,39231,3378.9,3383.7,3377.4,3381.9,3712,GC.v.0
2025-08-21 08:00:00+00:00,34,1,39231,3381.9,3383.9,3380.2,3382.0,3124,GC.v.0
2025-08-21 09:00:00+00:00,34,1,39231,3382.0,3385.1,3380.6,3383.5,4230,GC.v.0
2025-08-21 10:00:00+00:00,34,1,39231,3383.3,3384.4,3369.9,3371.0,7801,GC.v.0
2025-08-21 11:00:00+00:00,34,1,39231,3371.2,3377.1,3367.4,3376.1,6755,GC.v.0
2025-08-21 12:00:00+00:00,34,1,39231,3376.3,3388.0,3376.3,3384.7,14922,GC.v.0
2025-08-21 13:00:00+00:00,34,1,39231,3384.5,3391.2,3378.9,3382.5,15216,GC.v.0
2025-08-21 14:00:00+00:00,34,1,39231,3382.5,3391.9,3381.3,3387.9,13008,GC.v.0
2025-08-21 15:00:00+00:00,34,1,39231,3387.9,3390.3,3380.9,3387.5,9913,GC.v.0
2025-08-21 16:00:00+00:00,34,1,39231,3387.6,3388.0,3382.2,3383.7,4584,GC.v.0
2025-08-21 17:00:00+00:00,34,1,39231,3384.0,3385.9,3381.1,3381.5,4156,GC.v.0
2025-08-21 18:00:00+00:00,34,1,39231,3381.6,3383.7,3381.1,3383.4,2008,GC.v.0
2025-08-21 19:00:00+00:00,34,1,39231,3383.5,3385.9,3382.2,3383.2,2723,GC.v.0
2025-08-21 20:00:00+00:00,34,1,39231,3383.3,3383.7,3382.4,3383.5,883,GC.v.0
2025-08-21 22:00:00+00:00,34,1,39231,3383.3,3385.0,3382.4,3383.4,1162,GC.v.0
2025-08-21 23:00:00+00:00,34,1,39231,3383.4,3384.0,3381.8,3382.6,736,GC.v.0
2025-08-22 00:00:00+00:00,34,1,39231,3382.5,3383.2,3379.3,3382.8,2266,GC.v.0
2025-08-22 01:00:00+00:00,34,1,39231,3383.0,3383.7,3377.0,3377.4,2586,GC.v.0
2025-08-22 02:00:00+00:00,34,1,39231,3377.6,3379.6,3375.7,3376.9,3366,GC.v.0
2025-08-22 03:00:00+00:00,34,1,39231,3376.8,3378.4,3374.5,3374.8,2527,GC.v.0
2025-08-22 04:00:00+00:00,34,1,39231,3374.9,3375.8,3370.9,3371.4,1886,GC.v.0
2025-08-22 05:00:00+00:00,34,1,39231,3371.4,3374.4,3370.2,3373.0,3012,GC.v.0
2025-08-22 06:00:00+00:00,34,1,39231,3372.9,3372.9,3367.2,3371.8,5406,GC.v.0
2025-08-22 07:00:00+00:00,34,1,39231,3371.7,3377.8,3367.5,3369.5,7716,GC.v.0
2025-08-22 08:00:00+00:00,34,1,39231,3369.5,3372.6,3367.2,3370.6,6349,GC.v.0
2025-08-22 09:00:00+00:00,34,1,39231,3370.7,3373.6,3369.9,3372.1,2888,GC.v.0
2025-08-22 10:00:00+00:00,34,1,39231,3372.1,3373.8,3370.7,3373.0,1959,GC.v.0
2025-08-22 11:00:00+00:00,34,1,39231,3373.0,3373.0,3369.1,3370.8,2410,GC.v.0
2025-08-22 12:00:00+00:00,34,1,39231,3370.8,3371.3,3362.8,3365.0,11141,GC.v.0
2025-08-22 13:00:00+00:00,34,1,39231,3365.0,3378.6,3364.8,3376.0,12373,GC.v.0
2025-08-22 14:00:00+00:00,34,1,39231,3376.1,3422.3,3376.1,3419.3,63384,GC.v.0
2025-08-22 15:00:00+00:00,34,1,39231,3419.4,3423.4,3411.8,3412.4,21140,GC.v.0
2025-08-22 16:00:00+00:00,34,1,39231,3412.5,3419.6,3412.3,3415.3,7700,GC.v.0
2025-08-22 17:00:00+00:00,34,1,39231,3415.3,3420.8,3415.2,3419.2,5661,GC.v.0
2025-08-22 18:00:00+00:00,34,1,39231,3419.2,3420.1,3416.5,3417.9,3195,GC.v.0
2025-08-22 19:00:00+00:00,34,1,39231,3418.1,3418.2,3414.5,3417.7,3548,GC.v.0
2025-08-22 20:00:00+00:00,34,1,39231,3417.6,3418.2,3415.6,3417.2,2171,GC.v.0
2025-08-24 22:00:00+00:00,34,1,39231,3417.6,3417.8,3411.7,3413.1,2176,GC.v.0
2025-08-24 23:00:00+00:00,34,1,39231,3413.1,3416.9,3412.2,3414.9,2284,GC.v.0
2025-08-25 00:00:00+00:00,34,1,39231,3414.8,3415.5,3408.8,3410.1,3242,GC.v.0
2025-08-25 01:00:00+00:00,34,1,39231,3410.2,3413.2,3405.5,3407.8,4115,GC.v.0
2025-08-25 02:00:00+00:00,34,1,39231,3407.9,3410.2,3405.6,3409.4,3701,GC.v.0
2025-08-25 03:00:00+00:00,34,1,39231,3409.4,3413.1,3409.1,3412.3,2106,GC.v.0
2025-08-25 04:00:00+00:00,34,1,39231,3412.4,3412.6,3408.3,3410.4,2163,GC.v.0
2025-08-25 05:00:00+00:00,34,1,39231,3410.4,3410.5,3407.1,3408.9,1987,GC.v.0
2025-08-25 06:00:00+00:00,34,1,39231,3408.7,3414.0,3408.6,3413.3,3410,GC.v.0
2025-08-25 07:00:00+00:00,34,1,39231,3413.4,3414.3,3410.9,3411.0,2958,GC.v.0
2025-08-25 08:00:00+00:00,34,1,39231,3411.1,3411.7,3408.5,3409.3,3376,GC.v.0
2025-08-25 09:00:00+00:00,34,1,39231,3409.1,3412.2,3406.3,3411.6,3464,GC.v.0
2025-08-25 10:00:00+00:00,34,1,39231,3411.6,3412.6,3409.0,3410.3,3010,GC.v.0
2025-08-25 11:00:00+00:00,34,1,39231,3410.1,3416.5,3409.9,3415.7,3954,GC.v.0
2025-08-25 12:00:00+00:00,34,1,39231,3415.7,3416.4,3408.6,3409.0,5881,GC.v.0
2025-08-25 13:00:00+00:00,34,1,39231,3409.1,3416.5,3406.3,3415.3,10495,GC.v.0
2025-08-25 14:00:00+00:00,34,1,39231,3415.3,3420.0,3413.8,3418.7,11583,GC.v.0
2025-08-25 15:00:00+00:00,34,1,39231,3418.6,3421.5,3416.4,3418.9,6098,GC.v.0
2025-08-25 16:00:00+00:00,34,1,39231,3419.0,3419.2,3416.3,3418.6,3560,GC.v.0
2025-08-25 17:00:00+00:00,34,1,39231,3418.7,3419.4,3415.3,3415.5,4295,GC.v.0
2025-08-25 18:00:00+00:00,34,1,39231,3415.6,3418.1,3414.6,3415.4,2132,GC.v.0
2025-08-25 19:00:00+00:00,34,1,39231,3415.4,3415.9,3410.1,3410.6,3565,GC.v.0
2025-08-25 20:00:00+00:00,34,1,39231,3410.7,3411.1,3409.6,3410.7,1789,GC.v.0
2025-08-25 22:00:00+00:00,34,1,39231,3410.8,3411.4,3407.6,3408.4,1496,GC.v.0
2025-08-25 23:00:00+00:00,34,1,39231,3408.2,3408.2,3396.5,3399.8,5313,GC.v.0
2025-08-26 00:00:00+00:00,34,1,39231,3399.7,3434.7,3396.1,3431.1,21335,GC.v.0
2025-08-26 01:00:00+00:00,34,1,39231,3431.3,3432.6,3420.5,3424.5,9577,GC.v.0
2025-08-26 02:00:00+00:00,34,1,39231,3424.4,3427.8,3420.5,3423.0,4419,GC.v.0
2025-08-26 03:00:00+00:00,34,1,39231,3422.9,3423.1,3418.0,3420.4,3246,GC.v.0
2025-08-26 04:00:00+00:00,34,1,39231,3420.3,3426.5,3420.2,3424.6,2891,GC.v.0
2025-08-26 05:00:00+00:00,34,1,39231,3424.9,3426.6,3420.0,3424.2,3078,GC.v.0
2025-08-26 06:00:00+00:00,34,1,39231,3424.0,3424.4,3419.1,3422.6,3739,GC.v.0
2025-08-26 07:00:00+00:00,34,1,39231,3422.6,3425.3,3413.1,3423.0,8068,GC.v.0
2025-08-26 08:00:00+00:00,34,1,39231,3423.0,3426.4,3422.1,3422.8,3537,GC.v.0
2025-08-26 09:00:00+00:00,34,1,39231,3422.7,3425.4,3415.9,3419.1,6955,GC.v.0
2025-08-26 10:00:00+00:00,34,1,39231,3418.9,3422.0,3412.9,3418.4,4288,GC.v.0
2025-08-26 11:00:00+00:00,34,1,39231,3418.5,3428.3,3417.1,3425.0,7212,GC.v.0
2025-08-26 12:00:00+00:00,34,1,39231,3425.0,3427.7,3418.0,3418.9,8395,GC.v.0
2025-08-26 13:00:00+00:00,34,1,39231,3419.1,3425.4,3416.9,3422.2,13005,GC.v.0
2025-08-26 14:00:00+00:00,34,1,39231,3422.4,3427.8,3417.9,3427.2,13813,GC.v.0
2025-08-26 15:00:00+00:00,34,1,39231,3427.3,3437.5,3425.6,3435.1,14202,GC.v.0
2025-08-26 16:00:00+00:00,34,1,39231,3435.2,3435.7,3431.1,3432.1,8752,GC.v.0
2025-08-26 17:00:00+00:00,34,1,39231,3432.2,3434.7,3430.3,3430.6,6404,GC.v.0
2025-08-26 18:00:00+00:00,34,1,39231,3430.5,3434.1,3428.5,3433.9,3884,GC.v.0
2025-08-26 19:00:00+00:00,34,1,39231,3434.1,3439.1,3433.5,3437.7,5737,GC.v.0
2025-08-26 20:00:00+00:00,34,1,39231,3437.7,3443.3,3437.4,3443.2,3234,GC.v.0
2025-08-26 22:00:00+00:00,34,1,39231,3443.0,3444.3,3438.2,3440.5,2001,GC.v.0
2025-08-26 23:00:00+00:00,34,1,39231,3440.4,3442.8,3439.6,3440.7,1249,GC.v.0
2025-08-27 00:00:00+00:00,34,1,39231,3440.6,3443.4,3438.3,3438.7,3664,GC.v.0
2025-08-27 01:00:00+00:00,34,1,39231,3438.8,3439.2,3434.6,3436.6,5215,GC.v.0
2025-08-27 02:00:00+00:00,34,1,39231,3436.7,3437.4,3431.7,3433.7,3319,GC.v.0
2025-08-27 03:00:00+00:00,34,1,39231,3433.8,3434.0,3430.4,3430.8,2257,GC.v.0
2025-08-27 04:00:00+00:00,34,1,39231,3430.9,3431.4,3424.9,3426.0,3853,GC.v.0
2025-08-27 05:00:00+00:00,34,1,39231,3426.0,3428.6,3424.3,3426.7,4583,GC.v.0
2025-08-27 06:00:00+00:00,34,1,39231,3426.8,3431.7,3426.2,3427.3,4629,GC.v.0
2025-08-27 07:00:00+00:00,34,1,39231,3427.1,3430.6,3423.0,3430.5,5862,GC.v.0
2025-08-27 08:00:00+00:00,34,1,39231,3430.3,3433.6,3429.3,3433.1,4878,GC.v.0
2025-08-27 09:00:00+00:00,34,1,39231,3433.0,3433.9,3425.7,3426.9,5194,GC.v.0
2025-08-27 10:00:00+00:00,34,1,39231,3426.9,3427.7,3423.3,3424.6,7880,GC.v.0
2025-08-27 11:00:00+00:00,34,1,39231,3424.8,3427.3,3422.2,3425.6,5460,GC.v.0
2025-08-27 12:00:00+00:00,34,1,39231,3425.6,3431.8,3422.9,3429.7,8097,GC.v.0
2025-08-27 13:00:00+00:00,34,1,39231,3429.8,3434.0,3423.7,3426.2,13932,GC.v.0
2025-08-27 14:00:00+00:00,34,1,39231,3426.0,3436.4,3424.3,3435.7,14365,GC.v.0
2025-08-27 15:00:00+00:00,34,1,39231,3435.7,3440.7,3434.2,3438.1,12829,GC.v.0
2025-08-27 16:00:00+00:00,34,1,39231,3438.2,3450.9,3437.6,3448.9,15183,GC.v.0
2025-08-27 17:00:00+00:00,34,1,39231,3448.9,3450.5,3447.0,3447.6,7886,GC.v.0
2025-08-27 18:00:00+00:00,34,1,39231,3447.5,3449.5,3445.0,3447.9,4249,GC.v.0
2025-08-27 19:00:00+00:00,34,1,39231,3447.8,3449.7,3447.0,3449.4,3154,GC.v.0
2025-08-27 20:00:00+00:00,34,1,39231,3449.3,3452.5,3448.3,3451.8,2897,GC.v.0
2025-08-27 22:00:00+00:00,34,1,39231,3452.6,3453.0,3448.2,3449.2,1721,GC.v.0
2025-08-27 23:00:00+00:00,34,1,39231,3449.4,3453.1,3449.3,3451.0,1934,GC.v.0
2025-08-28 00:00:00+00:00,34,1,39231,3450.9,3453.8,3447.1,3448.3,2771,GC.v.0
2025-08-28 01:00:00+00:00,34,1,39231,3448.2,3448.7,3442.7,3443.6,5196,GC.v.0
2025-08-28 02:00:00+00:00,34,1,39231,3443.6,3447.9,3442.5,3447.9,3456,GC.v.0
2025-08-28 03:00:00+00:00,34,1,39231,3448.0,3448.5,3444.0,3444.9,2416,GC.v.0
2025-08-28 04:00:00+00:00,34,1,39231,3444.7,3447.1,3443.5,3445.1,1721,GC.v.0
2025-08-28 05:00:00+00:00,34,1,39231,3445.0,3446.0,3443.2,3446.0,2070,GC.v.0
2025-08-28 06:00:00+00:00,34,1,39231,3446.1,3453.0,3445.8,3451.5,5905,GC.v.0
2025-08-28 07:00:00+00:00,34,1,39231,3451.4,3452.8,3448.4,3450.8,4026,GC.v.0
2025-08-28 08:00:00+00:00,34,1,39231,3450.7,3457.3,3449.0,3456.9,6102,GC.v.0
2025-08-28 09:00:00+00:00,34,1,39231,3456.9,3457.6,3454.1,3455.2,3619,GC.v.0
2025-08-28 10:00:00+00:00,34,1,39231,3455.2,3455.7,3450.3,3454.7,4878,GC.v.0
2025-08-28 11:00:00+00:00,34,1,39231,3454.5,3465.8,3452.9,3462.0,9320,GC.v.0
2025-08-28 12:00:00+00:00,34,1,39231,3462.3,3467.3,3455.2,3455.9,15272,GC.v.0
2025-08-28 13:00:00+00:00,34,1,39231,3455.9,3468.2,3452.1,3464.8,19159,GC.v.0
2025-08-28 14:00:00+00:00,34,1,39231,3464.8,3471.0,3463.5,3468.9,13144,GC.v.0
2025-08-28 15:00:00+00:00,34,1,39231,3468.9,3469.5,3459.2,3465.8,9929,GC.v.0
2025-08-28 16:00:00+00:00,34,1,39231,3465.8,3476.1,3465.6,3473.4,11977,GC.v.0
2025-08-28 17:00:00+00:00,34,1,39231,3473.3,3477.1,3472.9,3475.9,7679,GC.v.0
2025-08-28 18:00:00+00:00,34,1,39231,3475.9,3478.7,3475.1,3478.3,6175,GC.v.0
2025-08-28 19:00:00+00:00,34,1,39231,3478.2,3478.7,3475.4,3477.6,4979,GC.v.0
2025-08-28 20:00:00+00:00,34,1,39231,3477.7,3478.0,3475.7,3476.9,3727,GC.v.0
2025-08-28 22:00:00+00:00,34,1,39231,3477.2,3477.3,3475.0,3475.7,1566,GC.v.0
2025-08-28 23:00:00+00:00,34,1,39231,3475.7,3476.1,3475.0,3475.3,946,GC.v.0
2025-08-29 00:00:00+00:00,34,1,39231,3475.5,3479.6,3473.2,3473.5,4298,GC.v.0
2025-08-29 01:00:00+00:00,34,1,39231,3473.6,3473.7,3469.9,3472.3,4893,GC.v.0
2025-08-29 02:00:00+00:00,34,1,39231,3472.3,3474.6,3471.3,3471.4,2624,GC.v.0
2025-08-29 03:00:00+00:00,34,1,39231,3471.4,3473.1,3470.0,3470.3,1921,GC.v.0
2025-08-29 04:00:00+00:00,34,1,39231,3470.2,3470.6,3467.8,3469.6,2212,GC.v.0
2025-08-29 05:00:00+00:00,34,1,39231,3469.6,3470.9,3467.2,3470.6,2090,GC.v.0
2025-08-29 06:00:00+00:00,34,1,39231,3470.6,3472.2,3466.6,3469.1,3345,GC.v.0
2025-08-29 07:00:00+00:00,34,1,39231,3469.0,3471.7,3466.1,3471.2,5828,GC.v.0
2025-08-29 08:00:00+00:00,34,1,39231,3471.1,3472.6,3468.8,3470.6,4249,GC.v.0
2025-08-29 09:00:00+00:00,34,1,39231,3470.7,3471.4,3467.0,3467.6,4587,GC.v.0
2025-08-29 10:00:00+00:00,34,1,39231,3467.7,3468.1,3463.5,3464.3,4154,GC.v.0
2025-08-29 11:00:00+00:00,34,1,39231,3464.3,3470.4,3463.0,3469.8,4269,GC.v.0
2025-08-29 12:00:00+00:00,34,1,39231,3469.8,3476.2,3464.1,3475.9,10925,GC.v.0
2025-08-29 13:00:00+00:00,34,1,39231,3476.0,3489.5,3473.4,3489.3,16677,GC.v.0
2025-08-29 14:00:00+00:00,34,1,39231,3489.2,3505.5,3489.2,3504.0,36673,GC.v.0
2025-08-29 15:00:00+00:00,34,1,39231,3504.1,3515.3,3501.3,3512.5,19838,GC.v.0
2025-08-29 16:00:00+00:00,34,1,39231,3512.6,3518.0,3508.4,3517.5,14791,GC.v.0
2025-08-29 17:00:00+00:00,34,1,39231,3517.4,3518.5,3510.4,3512.9,12990,GC.v.0
2025-08-29 18:00:00+00:00,34,1,39231,3513.1,3513.7,3509.6,3509.6,4961,GC.v.0
2025-08-29 19:00:00+00:00,34,1,39231,3509.6,3516.7,3508.4,3516.1,7331,GC.v.0
2025-08-29 20:00:00+00:00,34,1,39231,3516.0,3517.6,3514.0,3516.1,4277,GC.v.0
2025-08-31 22:00:00+00:00,34,1,39231,3517.9,3518.0,3510.9,3513.5,3515,GC.v.0
2025-08-31 23:00:00+00:00,34,1,39231,3513.6,3514.3,3509.7,3512.1,1840,GC.v.0
2025-09-01 00:00:00+00:00,34,1,39231,3511.9,3514.8,3509.8,3511.4,2689,GC.v.0
2025-09-01 01:00:00+00:00,34,1,39231,3511.4,3528.6,3506.0,3526.4,9128,GC.v.0
2025-09-01 02:00:00+00:00,34,1,39231,3526.5,3550.9,3524.1,3549.4,22656,GC.v.0
2025-09-01 03:00:00+00:00,34,1,39231,3549.6,3552.4,3538.9,3543.2,7183,GC.v.0
2025-09-01 04:00:00+00:00,34,1,39231,3543.1,3548.4,3541.6,3545.3,2781,GC.v.0
2025-09-01 05:00:00+00:00,34,1,39231,3545.2,3552.9,3544.1,3548.4,6028,GC.v.0
2025-09-01 06:00:00+00:00,34,1,39231,3548.2,3557.1,3546.4,3547.1,8405,GC.v.0
2025-09-01 07:00:00+00:00,34,1,39231,3547.0,3548.5,3537.8,3546.1,9180,GC.v.0
2025-09-01 08:00:00+00:00,34,1,39231,3546.1,3548.7,3542.3,3545.0,5360,GC.v.0
2025-09-01 09:00:00+00:00,34,1,39231,3545.0,3545.2,3536.2,3538.4,5765,GC.v.0
2025-09-01 10:00:00+00:00,34,1,39231,3538.2,3544.8,3535.8,3543.6,4930,GC.v.0
2025-09-01 11:00:00+00:00,34,1,39231,3543.5,3545.9,3540.3,3542.7,4483,GC.v.0
2025-09-01 12:00:00+00:00,34,1,39231,3542.6,3543.8,3537.9,3541.8,4235,GC.v.0
2025-09-01 13:00:00+00:00,34,1,39231,3541.9,3549.7,3540.8,3544.4,6516,GC.v.0
2025-09-01 14:00:00+00:00,34,1,39231,3544.4,3550.4,3543.4,3545.0,6113,GC.v.0
2025-09-01 15:00:00+00:00,34,1,39231,3544.9,3547.1,3543.5,3544.7,3266,GC.v.0
2025-09-01 16:00:00+00:00,34,1,39231,3544.7,3547.8,3542.7,3547.3,2763,GC.v.0
2025-09-01 17:00:00+00:00,34,1,39231,3547.2,3548.0,3545.8,3547.5,1235,GC.v.0
2025-09-01 18:00:00+00:00,34,1,39231,3547.4,3547.6,3545.6,3545.8,717,GC.v.0
2025-09-01 22:00:00+00:00,34,1,39231,3547.5,3552.4,3546.0,3546.4,3509,GC.v.0
2025-09-01 23:00:00+00:00,34,1,39231,3546.5,3553.2,3545.6,3551.8,2726,GC.v.0
2025-09-02 00:00:00+00:00,34,1,39231,3551.8,3557.3,3550.3,3551.4,4933,GC.v.0
2025-09-02 01:00:00+00:00,34,1,39231,3551.3,3578.4,3548.2,3569.0,18839,GC.v.0
2025-09-02 02:00:00+00:00,34,1,39231,3569.0,3571.2,3561.9,3566.3,5852,GC.v.0
2025-09-02 03:00:00+00:00,34,1,39231,3566.3,3566.3,3559.3,3565.0,3880,GC.v.0
2025-09-02 04:00:00+00:00,34,1,39231,3564.9,3568.0,3562.0,3565.9,2572,GC.v.0
2025-09-02 05:00:00+00:00,34,1,39231,3566.0,3567.3,3561.4,3561.8,3196,GC.v.0
2025-09-02 06:00:00+00:00,34,1,39231,3561.7,3564.4,3554.2,3555.6,7611,GC.v.0
2025-09-02 07:00:00+00:00,34,1,39231,3555.8,3557.7,3538.5,3541.6,12480,GC.v.0
2025-09-02 08:00:00+00:00,34,1,39231,3541.6,3550.8,3537.5,3545.2,8855,GC.v.0
2025-09-02 09:00:00+00:00,34,1,39231,3545.1,3550.3,3544.8,3546.4,4960,GC.v.0
2025-09-02 10:00:00+00:00,34,1,39231,3546.5,3555.2,3545.5,3555.0,6744,GC.v.0
2025-09-02 11:00:00+00:00,34,1,39231,3555.0,3559.0,3546.7,3558.7,6212,GC.v.0
2025-09-02 12:00:00+00:00,34,1,39231,3558.6,3564.1,3538.6,3548.0,21321,GC.v.0
2025-09-02 13:00:00+00:00,34,1,39231,3548.0,3558.3,3542.1,3552.2,21656,GC.v.0
2025-09-02 14:00:00+00:00,34,1,39231,3552.3,3579.8,3549.8,3574.9,34396,GC.v.0
2025-09-02 15:00:00+00:00,34,1,39231,3574.8,3586.3,3573.0,3586.1,20601,GC.v.0
2025-09-02 16:00:00+00:00,34,1,39231,3586.1,3594.0,3582.6,3593.0,17030,GC.v.0
2025-09-02 17:00:00+00:00,34,1,39231,3593.1,3595.0,3588.2,3594.3,10992,GC.v.0
2025-09-02 18:00:00+00:00,34,1,39231,3594.3,3595.8,3591.4,3593.2,6397,GC.v.0
2025-09-02 19:00:00+00:00,34,1,39231,3593.4,3600.8,3593.3,3597.9,8726,GC.v.0
2025-09-02 20:00:00+00:00,34,1,39231,3597.8,3602.4,3597.1,3599.5,4030,GC.v.0
2025-09-02 22:00:00+00:00,34,1,39231,3600.0,3601.4,3596.1,3596.5,2646,GC.v.0
2025-09-02 23:00:00+00:00,34,1,39231,3596.6,3598.8,3593.4,3595.5,3264,GC.v.0
2025-09-03 00:00:00+00:00,34,1,39231,3595.7,3616.9,3595.3,3603.1,11038,GC.v.0
2025-09-03 01:00:00+00:00,34,1,39231,3602.9,3609.7,3597.1,3604.0,7183,GC.v.0
2025-09-03 02:00:00+00:00,34,1,39231,3603.9,3610.0,3596.2,3596.7,5787,GC.v.0
2025-09-03 03:00:00+00:00,34,1,39231,3596.9,3599.2,3595.1,3596.6,3969,GC.v.0
2025-09-03 04:00:00+00:00,34,1,39231,3596.7,3604.1,3596.6,3602.3,2683,GC.v.0
2025-09-03 05:00:00+00:00,34,1,39231,3602.8,3602.9,3592.4,3595.1,4301,GC.v.0
2025-09-03 06:00:00+00:00,34,1,39231,3595.2,3603.2,3595.0,3601.9,6442,GC.v.0
2025-09-03 07:00:00+00:00,34,1,39231,3601.6,3603.0,3594.2,3598.4,5835,GC.v.0
2025-09-03 08:00:00+00:00,34,1,39231,3598.4,3608.2,3598.4,3606.9,6450,GC.v.0
2025-09-03 09:00:00+00:00,34,1,39231,3607.0,3609.7,3600.9,3601.6,4800,GC.v.0
2025-09-03 10:00:00+00:00,34,1,39231,3601.8,3610.6,3600.2,3608.7,4950,GC.v.0
2025-09-03 11:00:00+00:00,34,1,39231,3608.6,3617.4,3608.5,3616.0,8953,GC.v.0
2025-09-03 12:00:00+00:00,34,1,39231,3615.9,3618.6,3607.3,3616.5,14310,GC.v.0
2025-09-03 13:00:00+00:00,34,1,39231,3616.4,3627.7,3613.3,3619.6,26996,GC.v.0
2025-09-03 14:00:00+00:00,34,1,39231,3619.5,3631.0,3616.0,3623.2,25981,GC.v.0
2025-09-03 15:00:00+00:00,34,1,39231,3623.3,3631.5,3621.2,3628.6,11694,GC.v.0
2025-09-03 16:00:00+00:00,34,1,39231,3628.6,3636.0,3626.8,3635.8,9111,GC.v.0
2025-09-03 17:00:00+00:00,34,1,39231,3635.8,3639.0,3632.9,3637.4,11188,GC.v.0
2025-09-03 18:00:00+00:00,34,1,39231,3637.5,3640.1,3623.4,3628.8,15324,GC.v.0
2025-09-03 19:00:00+00:00,34,1,39231,3628.9,3630.2,3617.2,3619.3,11096,GC.v.0
2025-09-03 20:00:00+00:00,34,1,39231,3619.5,3624.6,3618.4,3619.7,4304,GC.v.0
2025-09-03 22:00:00+00:00,34,1,39231,3619.8,3620.2,3611.4,3616.1,11782,GC.v.0
2025-09-03 23:00:00+00:00,34,1,39231,3616.0,3616.8,3609.5,3613.6,13509,GC.v.0
2025-09-04 00:00:00+00:00,34,1,39231,3613.9,3619.9,3604.1,3619.1,6644,GC.v.0
2025-09-04 01:00:00+00:00,34,1,39231,3619.1,3621.6,3602.5,3605.0,10535,GC.v.0
2025-09-04 02:00:00+00:00,34,1,39231,3605.0,3609.1,3584.0,3589.2,17280,GC.v.0
2025-09-04 03:00:00+00:00,34,1,39231,3589.3,3590.6,3573.7,3587.6,11454,GC.v.0
2025-09-04 04:00:00+00:00,34,1,39231,3587.6,3592.0,3586.7,3590.2,2696,GC.v.0
2025-09-04 05:00:00+00:00,34,1,39231,3590.2,3590.8,3581.5,3584.2,4620,GC.v.0
2025-09-04 06:00:00+00:00,34,1,39231,3584.4,3600.1,3581.5,3596.5,8005,GC.v.0
2025-09-04 07:00:00+00:00,34,1,39231,3596.4,3600.1,3591.8,3599.5,5930,GC.v.0
2025-09-04 08:00:00+00:00,34,1,39231,3599.7,3604.4,3595.5,3599.2,6883,GC.v.0
2025-09-04 09:00:00+00:00,34,1,39231,3599.2,3603.6,3594.0,3596.0,5721,GC.v.0
2025-09-04 10:00:00+00:00,34,1,39231,3596.0,3605.0,3595.7,3599.6,4871,GC.v.0
2025-09-04 11:00:00+00:00,34,1,39231,3599.8,3609.0,3594.3,3603.1,8238,GC.v.0
2025-09-04 12:00:00+00:00,34,1,39231,3602.8,3614.3,3600.3,3609.0,14251,GC.v.0
2025-09-04 13:00:00+00:00,34,1,39231,3609.1,3617.8,3598.6,3605.6,23882,GC.v.0
2025-09-04 14:00:00+00:00,34,1,39231,3605.4,3606.5,3592.2,3605.6,25825,GC.v.0
2025-09-04 15:00:00+00:00,34,1,39231,3605.7,3612.6,3601.7,3612.3,11216,GC.v.0
2025-09-04 16:00:00+00:00,34,1,39231,3612.3,3615.5,3606.9,3610.5,9448,GC.v.0
2025-09-04 17:00:00+00:00,34,1,39231,3610.5,3613.4,3600.0,3600.6,9192,GC.v.0
2025-09-04 18:00:00+00:00,34,1,39231,3600.7,3605.0,3600.7,3602.3,5041,GC.v.0
2025-09-04 19:00:00+00:00,34,1,39231,3602.2,3606.9,3601.6,3605.9,4176,GC.v.0
2025-09-04 20:00:00+00:00,34,1,39231,3605.9,3606.8,3600.4,3602.4,2217,GC.v.0
2025-09-04 22:00:00+00:00,34,1,39231,3602.0,3602.0,3595.4,3596.7,2025,GC.v.0
2025-09-04 23:00:00+00:00,34,1,39231,3596.7,3611.8,3596.6,3609.6,4163,GC.v.0
2025-09-05 00:00:00+00:00,34,1,39231,3609.7,3613.5,3607.0,3610.3,4879,GC.v.0
2025-09-05 01:00:00+00:00,34,1,39231,3610.0,3614.4,3608.7,3611.1,4455,GC.v.0
2025-09-05 02:00:00+00:00,34,1,39231,3611.1,3614.1,3605.0,3610.3,4030,GC.v.0
2025-09-05 03:00:00+00:00,34,1,39231,3610.5,3618.5,3608.2,3617.6,3658,GC.v.0
2025-09-05 04:00:00+00:00,34,1,39231,3617.6,3618.7,3615.5,3616.7,2363,GC.v.0
2025-09-05 05:00:00+00:00,34,1,39231,3616.8,3619.2,3614.9,3617.7,3658,GC.v.0
2025-09-05 06:00:00+00:00,34,1,39231,3617.9,3618.0,3608.5,3612.5,4658,GC.v.0
2025-09-05 07:00:00+00:00,34,1,39231,3612.6,3612.9,3606.1,3607.5,5572,GC.v.0
2025-09-05 08:00:00+00:00,34,1,39231,3607.7,3608.7,3601.6,3603.0,6437,GC.v.0
2025-09-05 09:00:00+00:00,34,1,39231,3603.0,3610.7,3602.9,3609.3,4009,GC.v.0
2025-09-05 10:00:00+00:00,34,1,39231,3609.4,3609.9,3606.1,3608.2,2709,GC.v.0
2025-09-05 11:00:00+00:00,34,1,39231,3608.1,3611.8,3603.6,3609.3,5489,GC.v.0
2025-09-05 12:00:00+00:00,34,1,39231,3609.4,3644.9,3604.3,3639.3,43407,GC.v.0
2025-09-05 13:00:00+00:00,34,1,39231,3639.6,3652.5,3629.5,3651.0,34827,GC.v.0
2025-09-05 14:00:00+00:00,34,1,39231,3650.8,3654.2,3626.0,3646.2,32628,GC.v.0
2025-09-05 15:00:00+00:00,34,1,39231,3646.3,3650.9,3636.2,3647.4,15476,GC.v.0
2025-09-05 16:00:00+00:00,34,1,39231,3647.4,3655.5,3646.3,3651.4,11553,GC.v.0
2025-09-05 17:00:00+00:00,34,1,39231,3651.5,3654.6,3646.2,3651.6,10814,GC.v.0
2025-09-05 18:00:00+00:00,34,1,39231,3651.7,3653.0,3646.0,3649.2,6412,GC.v.0
2025-09-05 19:00:00+00:00,34,1,39231,3649.0,3649.8,3645.6,3646.5,4751,GC.v.0
2025-09-05 20:00:00+00:00,34,1,39231,3646.4,3647.4,3639.0,3639.8,5158,GC.v.0
2025-09-07 22:00:00+00:00,34,1,39231,3635.0,3637.4,3623.0,3632.4,15232,GC.v.0
2025-09-07 23:00:00+00:00,34,1,39231,3632.5,3634.1,3627.4,3630.8,4568,GC.v.0
2025-09-08 00:00:00+00:00,34,1,39231,3630.9,3634.5,3627.0,3634.4,5855,GC.v.0
2025-09-08 01:00:00+00:00,34,1,39231,3634.5,3637.9,3625.0,3631.1,10685,GC.v.0
2025-09-08 02:00:00+00:00,34,1,39231,3631.4,3636.0,3627.8,3632.9,8104,GC.v.0
2025-09-08 03:00:00+00:00,34,1,39231,3632.9,3634.4,3626.1,3626.8,4768,GC.v.0
2025-09-08 04:00:00+00:00,34,1,39231,3626.6,3626.6,3621.7,3623.4,3708,GC.v.0
2025-09-08 05:00:00+00:00,34,1,39231,3623.3,3632.5,3622.4,3631.8,5708,GC.v.0
2025-09-08 06:00:00+00:00,34,1,39231,3631.9,3638.7,3630.6,3638.2,7361,GC.v.0
2025-09-08 07:00:00+00:00,34,1,39231,3638.2,3654.3,3636.0,3650.5,11288,GC.v.0
2025-09-08 08:00:00+00:00,34,1,39231,3650.6,3657.5,3647.7,3651.4,8420,GC.v.0
2025-09-08 09:00:00+00:00,34,1,39231,3651.2,3655.1,3648.2,3654.0,5983,GC.v.0
2025-09-08 10:00:00+00:00,34,1,39231,3654.2,3662.5,3652.9,3657.0,7880,GC.v.0
2025-09-08 11:00:00+00:00,34,1,39231,3656.8,3659.1,3652.4,3658.9,4682,GC.v.0
2025-09-08 12:00:00+00:00,34,1,39231,3658.9,3664.9,3653.5,3663.1,9716,GC.v.0
2025-09-08 13:00:00+00:00,34,1,39231,3663.2,3676.3,3659.8,3673.3,25199,GC.v.0
2025-09-08 14:00:00+00:00,34,1,39231,3673.1,3681.1,3668.2,3680.5,21343,GC.v.0
2025-09-08 15:00:00+00:00,34,1,39231,3680.6,3685.7,3673.2,3680.1,18954,GC.v.0
2025-09-08 16:00:00+00:00,34,1,39231,3680.2,3682.4,3676.2,3681.5,9528,GC.v.0
2025-09-08 17:00:00+00:00,34,1,39231,3681.5,3681.9,3673.5,3674.3,8411,GC.v.0
2025-09-08 18:00:00+00:00,34,1,39231,3674.4,3677.9,3673.2,3677.5,7732,GC.v.0
2025-09-08 19:00:00+00:00,34,1,39231,3677.4,3678.4,3674.0,3676.2,4771,GC.v.0
2025-09-08 20:00:00+00:00,34,1,39231,3676.2,3678.8,3675.0,3677.6,1957,GC.v.0
2025-09-08 22:00:00+00:00,34,1,39231,3676.6,3678.0,3670.8,3671.5,2328,GC.v.0
2025-09-08 23:00:00+00:00,34,1,39231,3671.5,3676.3,3669.8,3674.8,2572,GC.v.0
2025-09-09 00:00:00+00:00,34,1,39231,3675.0,3681.4,3673.3,3679.8,3827,GC.v.0
2025-09-09 01:00:00+00:00,34,1,39231,3679.6,3688.6,3676.7,3687.7,11073,GC.v.0
2025-09-09 02:00:00+00:00,34,1,39231,3687.7,3694.9,3685.5,3687.6,12076,GC.v.0
2025-09-09 03:00:00+00:00,34,1,39231,3687.5,3691.6,3682.4,3686.0,6477,GC.v.0
2025-09-09 04:00:00+00:00,34,1,39231,3685.9,3695.8,3685.6,3693.4,4150,GC.v.0
2025-09-09 05:00:00+00:00,34,1,39231,3693.2,3698.9,3692.0,3694.9,4623,GC.v.0
2025-09-09 06:00:00+00:00,34,1,39231,3695.0,3695.9,3676.8,3687.3,13545,GC.v.0
2025-09-09 07:00:00+00:00,34,1,39231,3687.5,3690.8,3680.9,3683.8,7469,GC.v.0
2025-09-09 08:00:00+00:00,34,1,39231,3683.8,3689.7,3681.2,3687.6,6845,GC.v.0
2025-09-09 09:00:00+00:00,34,1,39231,3687.6,3695.8,3687.1,3692.2,6687,GC.v.0
2025-09-09 10:00:00+00:00,34,1,39231,3692.3,3694.7,3687.5,3690.8,4410,GC.v.0
2025-09-09 11:00:00+00:00,34,1,39231,3691.0,3693.0,3685.4,3686.7,4401,GC.v.0
2025-09-09 12:00:00+00:00,34,1,39231,3686.8,3694.8,3682.4,3686.3,14173,GC.v.0
2025-09-09 13:00:00+00:00,34,1,39231,3686.4,3708.0,3684.9,3705.8,30913,GC.v.0
2025-09-09 14:00:00+00:00,34,1,39231,3705.8,3715.2,3674.8,3684.3,58013,GC.v.0
2025-09-09 15:00:00+00:00,34,1,39231,3684.5,3686.2,3665.3,3684.3,24349,GC.v.0
2025-09-09 16:00:00+00:00,34,1,39231,3684.1,3688.5,3682.7,3684.2,9014,GC.v.0
2025-09-09 17:00:00+00:00,34,1,39231,3684.3,3685.9,3680.4,3682.1,6856,GC.v.0
2025-09-09 18:00:00+00:00,34,1,39231,3682.0,3684.4,3678.5,3679.2,4155,GC.v.0
2025-09-09 19:00:00+00:00,34,1,39231,3679.2,3680.1,3667.2,3668.3,7981,GC.v.0
2025-09-09 20:00:00+00:00,34,1,39231,3668.3,3671.3,3663.7,3663.8,3318,GC.v.0
2025-09-09 22:00:00+00:00,34,1,39231,3662.0,3671.9,3651.4,3671.8,6483,GC.v.0
2025-09-09 23:00:00+00:00,34,1,39231,3671.6,3677.8,3670.6,3671.1,4223,GC.v.0
2025-09-10 00:00:00+00:00,34,1,39231,3670.9,3671.7,3658.7,3661.3,6742,GC.v.0
2025-09-10 01:00:00+00:00,34,1,39231,3661.2,3670.8,3656.5,3668.8,8353,GC.v.0
2025-09-10 02:00:00+00:00,34,1,39231,3669.1,3675.8,3668.0,3674.0,5712,GC.v.0
2025-09-10 03:00:00+00:00,34,1,39231,3673.9,3674.8,3670.9,3674.5,3027,GC.v.0
2025-09-10 04:00:00+00:00,34,1,39231,3674.5,3680.8,3674.5,3680.0,3203,GC.v.0
2025-09-10 05:00:00+00:00,34,1,39231,3679.9,3682.7,3677.6,3680.6,3605,GC.v.0
2025-09-10 06:00:00+00:00,34,1,39231,3680.4,3685.7,3678.3,3682.0,5947,GC.v.0
2025-09-10 07:00:00+00:00,34,1,39231,3682.1,3687.2,3679.3,3682.6,6524,GC.v.0
2025-09-10 08:00:00+00:00,34,1,39231,3682.7,3686.7,3680.7,3684.7,5974,GC.v.0
2025-09-10 09:00:00+00:00,34,1,39231,3684.5,3694.6,3683.2,3693.6,5757,GC.v.0
2025-09-10 10:00:00+00:00,34,1,39231,3693.3,3696.6,3690.0,3694.4,6839,GC.v.0
2025-09-10 11:00:00+00:00,34,1,39231,3694.4,3695.0,3688.0,3688.8,7605,GC.v.0
2025-09-10 12:00:00+00:00,34,1,39231,3688.7,3697.5,3678.8,3683.2,21502,GC.v.0
2025-09-10 13:00:00+00:00,34,1,39231,3683.2,3694.4,3681.0,3690.7,15822,GC.v.0
2025-09-10 14:00:00+00:00,34,1,39231,3690.9,3695.3,3683.3,3687.5,15459,GC.v.0
2025-09-10 15:00:00+00:00,34,1,39231,3687.5,3688.0,3677.5,3683.7,13290,GC.v.0
2025-09-10 16:00:00+00:00,34,1,39231,3683.7,3686.3,3679.1,3682.0,6834,GC.v.0
2025-09-10 17:00:00+00:00,34,1,39231,3682.1,3687.2,3680.9,3686.9,5732,GC.v.0
2025-09-10 18:00:00+00:00,34,1,39231,3686.8,3689.6,3683.9,3684.9,3917,GC.v.0
2025-09-10 19:00:00+00:00,34,1,39231,3685.0,3686.0,3674.6,3681.7,6257,GC.v.0
2025-09-10 20:00:00+00:00,34,1,39231,3681.8,3682.6,3678.0,3680.4,2365,GC.v.0
2025-09-10 22:00:00+00:00,34,1,39231,3680.6,3683.4,3676.6,3678.7,2431,GC.v.0
2025-09-10 23:00:00+00:00,34,1,39231,3678.9,3684.1,3677.3,3683.2,2482,GC.v.0
2025-09-11 00:00:00+00:00,34,1,39231,3683.3,3687.0,3680.9,3682.5,5791,GC.v.0
2025-09-11 01:00:00+00:00,34,1,39231,3682.4,3687.5,3678.2,3679.2,5538,GC.v.0
2025-09-11 02:00:00+00:00,34,1,39231,3679.3,3681.7,3671.0,3674.9,5871,GC.v.0
2025-09-11 03:00:00+00:00,34,1,39231,3674.8,3674.9,3666.5,3669.7,5654,GC.v.0
2025-09-11 04:00:00+00:00,34,1,39231,3669.8,3672.2,3667.5,3668.3,2787,GC.v.0
2025-09-11 05:00:00+00:00,34,1,39231,3668.3,3670.1,3661.1,3663.0,8518,GC.v.0
2025-09-11 06:00:00+00:00,34,1,39231,3662.9,3675.5,3660.6,3670.7,8012,GC.v.0
2025-09-11 07:00:00+00:00,34,1,39231,3670.9,3671.0,3661.3,3667.6,9206,GC.v.0
2025-09-11 08:00:00+00:00,34,1,39231,3667.7,3669.5,3663.7,3664.6,4895,GC.v.0
2025-09-11 09:00:00+00:00,34,1,39231,3664.3,3664.3,3651.8,3659.6,11624,GC.v.0
2025-09-11 10:00:00+00:00,34,1,39231,3659.8,3663.5,3657.6,3659.9,5304,GC.v.0
2025-09-11 11:00:00+00:00,34,1,39231,3659.8,3660.2,3652.8,3654.9,7712,GC.v.0
2025-09-11 12:00:00+00:00,34,1,39231,3654.9,3682.0,3651.0,3666.6,34876,GC.v.0
2025-09-11 13:00:00+00:00,34,1,39231,3666.8,3675.4,3655.5,3667.9,29156,GC.v.0
2025-09-11 14:00:00+00:00,34,1,39231,3667.7,3676.5,3663.6,3668.0,15341,GC.v.0
2025-09-11 15:00:00+00:00,34,1,39231,3668.2,3677.1,3668.2,3672.0,9682,GC.v.0
2025-09-11 16:00:00+00:00,34,1,39231,3671.9,3680.6,3671.7,3674.2,9997,GC.v.0
2025-09-11 17:00:00+00:00,34,1,39231,3674.4,3675.4,3670.0,3673.1,6447,GC.v.0
2025-09-11 18:00:00+00:00,34,1,39231,3673.0,3675.3,3669.3,3671.4,3937,GC.v.0
2025-09-11 19:00:00+00:00,34,1,39231,3671.4,3676.7,3671.2,3675.4,3862,GC.v.0
2025-09-11 20:00:00+00:00,34,1,39231,3675.3,3676.3,3672.1,3673.4,1514,GC.v.0
2025-09-11 22:00:00+00:00,34,1,39231,3672.8,3676.6,3671.2,3672.9,1446,GC.v.0
2025-09-11 23:00:00+00:00,34,1,39231,3672.9,3674.2,3669.0,3669.2,1696,GC.v.0
2025-09-12 00:00:00+00:00,34,1,39231,3669.2,3674.9,3667.3,3673.8,4059,GC.v.0
2025-09-12 01:00:00+00:00,34,1,39231,3674.0,3686.3,3673.9,3685.0,8969,GC.v.0
2025-09-12 02:00:00+00:00,34,1,39231,3685.0,3690.1,3683.4,3688.7,5991,GC.v.0
2025-09-12 03:00:00+00:00,34,1,39231,3688.6,3692.4,3687.0,3691.8,5053,GC.v.0
2025-09-12 04:00:00+00:00,34,1,39231,3692.0,3695.0,3690.5,3693.5,3124,GC.v.0
2025-09-12 05:00:00+00:00,34,1,39231,3693.5,3695.5,3690.9,3691.9,4002,GC.v.0
2025-09-12 06:00:00+00:00,34,1,39231,3691.8,3692.6,3687.2,3689.3,5419,GC.v.0
2025-09-12 07:00:00+00:00,34,1,39231,3689.1,3691.8,3685.7,3686.3,7104,GC.v.0
2025-09-12 08:00:00+00:00,34,1,39231,3686.3,3689.5,3677.3,3678.7,9091,GC.v.0
2025-09-12 09:00:00+00:00,34,1,39231,3678.6,3685.0,3675.3,3684.5,7989,GC.v.0
2025-09-12 10:00:00+00:00,34,1,39231,3684.4,3690.4,3684.2,3689.5,4886,GC.v.0
2025-09-12 11:00:00+00:00,34,1,39231,3689.3,3690.3,3684.4,3684.6,4662,GC.v.0
2025-09-12 12:00:00+00:00,34,1,39231,3684.7,3686.7,3675.5,3683.5,13475,GC.v.0
2025-09-12 13:00:00+00:00,34,1,39231,3683.6,3690.7,3681.3,3688.2,13276,GC.v.0
2025-09-12 14:00:00+00:00,34,1,39231,3688.2,3692.7,3684.8,3686.1,10959,GC.v.0
2025-09-12 15:00:00+00:00,34,1,39231,3686.0,3686.3,3679.2,3682.3,9305,GC.v.0
2025-09-12 16:00:00+00:00,34,1,39231,3682.3,3688.4,3680.5,3687.8,5161,GC.v.0
2025-09-12 17:00:00+00:00,34,1,39231,3687.7,3689.5,3686.0,3687.3,5659,GC.v.0
2025-09-12 18:00:00+00:00,34,1,39231,3687.4,3687.7,3685.5,3686.9,2847,GC.v.0
2025-09-12 19:00:00+00:00,34,1,39231,3686.9,3686.9,3681.8,3682.7,3863,GC.v.0
2025-09-12 20:00:00+00:00,34,1,39231,3682.7,3683.8,3679.3,3680.7,3015,GC.v.0
2025-09-14 22:00:00+00:00,34,1,39231,3680.2,3684.2,3677.2,3679.7,2759,GC.v.0
2025-09-14 23:00:00+00:00,34,1,39231,3679.5,3679.6,3673.6,3675.2,2013,GC.v.0
2025-09-15 00:00:00+00:00,34,1,39231,3675.0,3679.5,3669.1,3670.6,5656,GC.v.0
2025-09-15 01:00:00+00:00,34,1,39231,3670.7,3672.2,3662.8,3671.9,8359,GC.v.0
2025-09-15 02:00:00+00:00,34,1,39231,3672.0,3681.8,3671.5,3677.6,6476,GC.v.0
2025-09-15 03:00:00+00:00,34,1,39231,3677.7,3683.8,3676.9,3683.4,2966,GC.v.0
2025-09-15 04:00:00+00:00,34,1,39231,3683.7,3684.3,3680.9,3682.8,1816,GC.v.0
2025-09-15 05:00:00+00:00,34,1,39231,3682.9,3683.7,3679.7,3681.1,2359,GC.v.0
2025-09-15 06:00:00+00:00,34,1,39231,3681.1,3681.2,3674.3,3674.3,5565,GC.v.0
2025-09-15 07:00:00+00:00,34,1,39231,3674.3,3681.9,3671.5,3680.7,6509,GC.v.0
2025-09-15 08:00:00+00:00,34,1,39231,3680.7,3682.7,3677.5,3682.4,3974,GC.v.0
2025-09-15 09:00:00+00:00,34,1,39231,3682.4,3682.8,3672.9,3678.3,5957,GC.v.0
2025-09-15 10:00:00+00:00,34,1,39231,3678.5,3683.4,3675.5,3676.5,6413,GC.v.0
2025-09-15 11:00:00+00:00,34,1,39231,3676.7,3683.2,3675.8,3679.6,5645,GC.v.0
2025-09-15 12:00:00+00:00,34,1,39231,3679.7,3688.4,3673.7,3687.6,13674,GC.v.0
2025-09-15 13:00:00+00:00,34,1,39231,3687.6,3702.2,3684.0,3694.8,21110,GC.v.0
2025-09-15 14:00:00+00:00,34,1,39231,3694.8,3701.8,3691.2,3701.3,14403,GC.v.0
2025-09-15 15:00:00+00:00,34,1,39231,3701.5,3722.2,3700.8,3720.4,22333,GC.v.0
2025-09-15 16:00:00+00:00,34,1,39231,3720.5,3724.9,3713.6,3718.1,18445,GC.v.0
2025-09-15 17:00:00+00:00,34,1,39231,3718.2,3722.0,3717.8,3721.3,8065,GC.v.0
2025-09-15 18:00:00+00:00,34,1,39231,3721.6,3721.8,3715.0,3716.3,4707,GC.v.0
2025-09-15 19:00:00+00:00,34,1,39231,3716.4,3721.9,3716.1,3720.2,4208,GC.v.0
2025-09-15 20:00:00+00:00,34,1,39231,3720.2,3721.7,3718.5,3719.5,3195,GC.v.0
2025-09-15 22:00:00+00:00,34,1,39231,3720.3,3721.1,3715.5,3717.8,2778,GC.v.0
2025-09-15 23:00:00+00:00,34,1,39231,3717.7,3719.4,3715.5,3716.1,2466,GC.v.0
2025-09-16 00:00:00+00:00,34,1,39231,3716.0,3725.8,3715.7,3725.4,6293,GC.v.0
2025-09-16 01:00:00+00:00,34,1,39231,3725.4,3728.4,3715.5,3717.7,8293,GC.v.0
2025-09-16 02:00:00+00:00,34,1,39231,3717.6,3720.9,3711.8,3714.9,6487,GC.v.0
2025-09-16 03:00:00+00:00,34,1,39231,3714.9,3720.3,3714.2,3718.5,3678,GC.v.0
2025-09-16 04:00:00+00:00,34,1,39231,3718.5,3722.3,3717.1,3721.0,2636,GC.v.0
2025-09-16 05:00:00+00:00,34,1,39231,3720.9,3721.5,3717.2,3720.0,2847,GC.v.0
2025-09-16 06:00:00+00:00,34,1,39231,3720.1,3731.6,3719.4,3730.8,8291,GC.v.0
2025-09-16 07:00:00+00:00,34,1,39231,3730.7,3731.9,3724.3,3724.5,7463,GC.v.0
2025-09-16 08:00:00+00:00,34,1,39231,3724.5,3734.8,3724.1,3731.7,7389,GC.v.0
2025-09-16 09:00:00+00:00,34,1,39231,3731.7,3737.1,3730.1,3736.3,6957,GC.v.0
2025-09-16 10:00:00+00:00,34,1,39231,3736.2,3736.8,3730.6,3731.0,5198,GC.v.0
2025-09-16 11:00:00+00:00,34,1,39231,3731.0,3737.6,3728.7,3734.5,7260,GC.v.0
2025-09-16 12:00:00+00:00,34,1,39231,3734.6,3734.8,3724.1,3726.6,13146,GC.v.0
2025-09-16 13:00:00+00:00,34,1,39231,3726.7,3735.9,3722.1,3733.0,18323,GC.v.0
2025-09-16 14:00:00+00:00,34,1,39231,3732.8,3739.9,3722.0,3722.3,25178,GC.v.0
2025-09-16 15:00:00+00:00,34,1,39231,3722.7,3725.9,3715.2,3723.0,19006,GC.v.0
2025-09-16 16:00:00+00:00,34,1,39231,3723.0,3728.4,3721.3,3726.9,9368,GC.v.0
2025-09-16 17:00:00+00:00,34,1,39231,3727.0,3728.1,3722.4,3723.8,7081,GC.v.0
2025-09-16 18:00:00+00:00,34,1,39231,3723.7,3727.0,3722.5,3726.7,3712,GC.v.0
2025-09-16 19:00:00+00:00,34,1,39231,3726.7,3727.6,3724.0,3726.6,3861,GC.v.0
2025-09-16 20:00:00+00:00,34,1,39231,3726.8,3731.3,3726.6,3727.5,2868,GC.v.0
2025-09-16 22:00:00+00:00,34,1,39231,3727.3,3730.3,3726.4,3729.0,2170,GC.v.0
2025-09-16 23:00:00+00:00,34,1,39231,3729.2,3732.8,3729.1,3731.7,2757,GC.v.0
2025-09-17 00:00:00+00:00,34,1,39231,3731.9,3732.8,3727.8,3728.1,2299,GC.v.0
2025-09-17 01:00:00+00:00,34,1,39231,3728.1,3728.9,3712.4,3716.7,10601,GC.v.0
2025-09-17 02:00:00+00:00,34,1,39231,3716.6,3720.9,3710.7,3718.8,8594,GC.v.0
2025-09-17 03:00:00+00:00,34,1,39231,3718.9,3720.2,3716.5,3718.3,2904,GC.v.0
2025-09-17 04:00:00+00:00,34,1,39231,3718.5,3719.1,3716.8,3717.1,919,GC.v.0
2025-09-17 05:00:00+00:00,34,1,39231,3717.2,3722.7,3713.0,3716.4,5463,GC.v.0
2025-09-17 06:00:00+00:00,34,1,39231,3716.6,3717.4,3707.7,3711.8,8206,GC.v.0
2025-09-17 07:00:00+00:00,34,1,39231,3711.7,3714.3,3702.8,3703.7,7969,GC.v.0
2025-09-17 08:00:00+00:00,34,1,39231,3703.7,3704.2,3698.6,3701.0,9464,GC.v.0
2025-09-17 09:00:00+00:00,34,1,39231,3700.8,3707.1,3699.8,3703.9,6757,GC.v.0
2025-09-17 10:00:00+00:00,34,1,39231,3703.8,3706.0,3695.6,3697.0,7914,GC.v.0
2025-09-17 11:00:00+00:00,34,1,39231,3696.9,3705.5,3695.4,3701.2,7524,GC.v.0
2025-09-17 12:00:00+00:00,34,1,39231,3701.4,3714.5,3701.0,3713.9,9824,GC.v.0
2025-09-17 13:00:00+00:00,34,1,39231,3714.0,3718.6,3707.6,3714.2,15560,GC.v.0
2025-09-17 14:00:00+00:00,34,1,39231,3714.1,3721.2,3712.2,3719.3,12782,GC.v.0
2025-09-17 15:00:00+00:00,34,1,39231,3719.2,3722.0,3717.3,3718.6,7404,GC.v.0
2025-09-17 16:00:00+00:00,34,1,39231,3718.8,3724.4,3718.7,3720.4,6061,GC.v.0
2025-09-17 17:00:00+00:00,34,1,39231,3720.4,3723.0,3713.9,3722.3,8209,GC.v.0
2025-09-17 18:00:00+00:00,34,1,39231,3722.4,3744.0,3679.5,3685.9,72160,GC.v.0
2025-09-17 19:00:00+00:00,34,1,39231,3685.8,3702.8,3681.0,3696.2,25549,GC.v.0
2025-09-17 20:00:00+00:00,34,1,39231,3696.2,3696.3,3690.7,3694.6,3391,GC.v.0
2025-09-17 22:00:00+00:00,34,1,39231,3692.5,3698.4,3688.2,3695.8,3803,GC.v.0
2025-09-17 23:00:00+00:00,34,1,39231,3695.6,3705.6,3694.8,3703.0,3552,GC.v.0
2025-09-18 00:00:00+00:00,34,1,39231,3703.5,3703.9,3692.1,3699.6,5236,GC.v.0
2025-09-18 01:00:00+00:00,34,1,39231,3699.5,3703.6,3686.6,3692.6,11525,GC.v.0
2025-09-18 02:00:00+00:00,34,1,39231,3692.7,3700.3,3691.1,3699.2,5449,GC.v.0
2025-09-18 03:00:00+00:00,34,1,39231,3699.1,3700.6,3692.1,3692.9,2561,GC.v.0
2025-09-18 04:00:00+00:00,34,1,39231,3693.0,3693.7,3688.0,3688.3,4075,GC.v.0
2025-09-18 05:00:00+00:00,34,1,39231,3688.4,3693.8,3683.1,3685.3,8279,GC.v.0
2025-09-18 06:00:00+00:00,34,1,39231,3685.4,3685.6,3667.3,3670.9,17374,GC.v.0
2025-09-18 07:00:00+00:00,34,1,39231,3671.0,3693.7,3668.8,3692.5,13148,GC.v.0
2025-09-18 08:00:00+00:00,34,1,39231,3692.4,3700.4,3687.7,3700.2,8357,GC.v.0
2025-09-18 09:00:00+00:00,34,1,39231,3700.0,3707.3,3699.0,3706.4,9643,GC.v.0
2025-09-18 10:00:00+00:00,34,1,39231,3706.2,3707.1,3699.8,3701.2,5352,GC.v.0
2025-09-18 11:00:00+00:00,34,1,39231,3701.3,3704.9,3698.1,3700.7,4808,GC.v.0
2025-09-18 12:00:00+00:00,34,1,39231,3700.9,3706.4,3696.4,3696.9,10989,GC.v.0
2025-09-18 13:00:00+00:00,34,1,39231,3696.9,3697.8,3660.5,3675.4,39900,GC.v.0
2025-09-18 14:00:00+00:00,34,1,39231,3675.3,3679.8,3667.5,3671.8,22046,GC.v.0
2025-09-18 15:00:00+00:00,34,1,39231,3672.0,3675.8,3669.8,3674.5,8954,GC.v.0
2025-09-18 16:00:00+00:00,34,1,39231,3674.6,3680.7,3674.0,3679.2,9320,GC.v.0
2025-09-18 17:00:00+00:00,34,1,39231,3679.3,3680.0,3676.3,3676.6,7424,GC.v.0
2025-09-18 18:00:00+00:00,34,1,39231,3676.7,3676.8,3673.6,3674.6,4318,GC.v.0
2025-09-18 19:00:00+00:00,34,1,39231,3674.5,3680.0,3673.7,3679.7,3949,GC.v.0
2025-09-18 20:00:00+00:00,34,1,39231,3679.7,3680.4,3677.3,3678.2,1477,GC.v.0
2025-09-18 22:00:00+00:00,34,1,39231,3677.7,3678.2,3672.6,3673.6,1153,GC.v.0
2025-09-18 23:00:00+00:00,34,1,39231,3673.4,3674.9,3670.4,3672.8,2011,GC.v.0
2025-09-19 00:00:00+00:00,34,1,39231,3673.0,3675.4,3668.5,3672.7,4474,GC.v.0
2025-09-19 01:00:00+00:00,34,1,39231,3672.6,3684.3,3664.4,3672.2,11965,GC.v.0
2025-09-19 02:00:00+00:00,34,1,39231,3672.2,3683.3,3671.2,3680.5,6451,GC.v.0
2025-09-19 03:00:00+00:00,34,1,39231,3680.6,3689.6,3678.3,3686.6,5960,GC.v.0
2025-09-19 04:00:00+00:00,34,1,39231,3686.8,3692.8,3686.8,3691.5,4423,GC.v.0
2025-09-19 05:00:00+00:00,34,1,39231,3691.5,3694.1,3684.7,3685.6,5269,GC.v.0
2025-09-19 06:00:00+00:00,34,1,39231,3685.6,3687.2,3675.9,3679.7,8725,GC.v.0
2025-09-19 07:00:00+00:00,34,1,39231,3679.8,3689.3,3676.9,3686.0,6970,GC.v.0
2025-09-19 08:00:00+00:00,34,1,39231,3685.7,3689.2,3681.8,3688.2,5837,GC.v.0
2025-09-19 09:00:00+00:00,34,1,39231,3688.3,3691.4,3687.5,3691.2,4178,GC.v.0
2025-09-19 10:00:00+00:00,34,1,39231,3691.3,3691.9,3687.5,3688.5,2836,GC.v.0
2025-09-19 11:00:00+00:00,34,1,39231,3688.5,3688.5,3677.5,3680.5,7196,GC.v.0
2025-09-19 12:00:00+00:00,34,1,39231,3680.5,3684.3,3676.5,3681.7,8493,GC.v.0
2025-09-19 13:00:00+00:00,34,1,39231,3681.5,3697.3,3676.2,3696.1,16569,GC.v.0
2025-09-19 14:00:00+00:00,34,1,39231,3696.2,3703.0,3688.9,3700.8,18211,GC.v.0
2025-09-19 15:00:00+00:00,34,1,39231,3700.9,3709.5,3699.0,3704.2,17071,GC.v.0
2025-09-19 16:00:00+00:00,34,1,39231,3704.1,3706.7,3699.8,3702.4,7496,GC.v.0
2025-09-19 17:00:00+00:00,34,1,39231,3702.2,3713.9,3702.2,3713.0,9466,GC.v.0
2025-09-19 18:00:00+00:00,34,1,39231,3713.1,3718.4,3712.7,3717.7,8124,GC.v.0
2025-09-19 19:00:00+00:00,34,1,39231,3717.9,3718.8,3715.1,3717.9,5188,GC.v.0
2025-09-19 20:00:00+00:00,34,1,39231,3717.8,3719.6,3715.1,3719.4,3475,GC.v.0
2025-09-21 22:00:00+00:00,34,1,39231,3721.3,3727.4,3718.1,3723.8,5915,GC.v.0
2025-09-21 23:00:00+00:00,34,1,39231,3723.8,3726.1,3721.1,3721.6,3340,GC.v.0
2025-09-22 00:00:00+00:00,34,1,39231,3721.4,3726.1,3720.6,3725.9,3852,GC.v.0
2025-09-22 01:00:00+00:00,34,1,39231,3725.8,3732.5,3721.5,3724.3,9459,GC.v.0
2025-09-22 02:00:00+00:00,34,1,39231,3724.0,3728.4,3720.5,3721.4,4241,GC.v.0
2025-09-22 03:00:00+00:00,34,1,39231,3721.2,3733.1,3721.0,3731.1,5046,GC.v.0
2025-09-22 04:00:00+00:00,34,1,39231,3730.8,3731.5,3725.5,3727.5,3134,GC.v.0
2025-09-22 05:00:00+00:00,34,1,39231,3727.4,3735.8,3727.1,3732.5,5698,GC.v.0
2025-09-22 06:00:00+00:00,34,1,39231,3732.5,3753.4,3730.9,3749.1,18092,GC.v.0
2025-09-22 07:00:00+00:00,34,1,39231,3749.1,3751.0,3742.9,3747.5,9740,GC.v.0
2025-09-22 08:00:00+00:00,34,1,39231,3747.4,3756.8,3746.6,3754.6,7403,GC.v.0
2025-09-22 09:00:00+00:00,34,1,39231,3754.6,3761.2,3753.7,3757.9,7877,GC.v.0
2025-09-22 10:00:00+00:00,34,1,39231,3757.9,3763.1,3755.4,3762.0,6332,GC.v.0
2025-09-22 11:00:00+00:00,34,1,39231,3761.9,3762.7,3755.1,3758.8,7599,GC.v.0
2025-09-22 12:00:00+00:00,34,1,39231,3758.9,3759.5,3746.0,3755.5,14498,GC.v.0
2025-09-22 13:00:00+00:00,34,1,39231,3755.6,3759.2,3747.1,3756.4,18590,GC.v.0
2025-09-22 14:00:00+00:00,34,1,39231,3756.2,3761.0,3750.7,3760.2,15488,GC.v.0
2025-09-22 15:00:00+00:00,34,1,39231,3760.0,3770.3,3758.0,3769.9,14139,GC.v.0
2025-09-22 16:00:00+00:00,34,1,39231,3769.9,3773.7,3769.2,3771.1,10983,GC.v.0
2025-09-22 17:00:00+00:00,34,1,39231,3771.2,3782.0,3771.2,3781.4,13432,GC.v.0
2025-09-22 18:00:00+00:00,34,1,39231,3781.4,3782.6,3779.2,3782.1,7047,GC.v.0
2025-09-22 19:00:00+00:00,34,1,39231,3782.1,3783.2,3777.1,3781.2,7148,GC.v.0
2025-09-22 20:00:00+00:00,34,1,39231,3781.1,3783.3,3779.9,3781.2,3859,GC.v.0
2025-09-22 22:00:00+00:00,34,1,39231,3781.2,3782.1,3773.5,3775.5,3407,GC.v.0
2025-09-22 23:00:00+00:00,34,1,39231,3775.5,3784.2,3774.3,3782.2,4517,GC.v.0
2025-09-23 00:00:00+00:00,34,1,39231,3782.2,3785.2,3779.6,3781.5,5150,GC.v.0
2025-09-23 01:00:00+00:00,34,1,39231,3781.7,3795.1,3779.8,3790.4,12907,GC.v.0
2025-09-23 02:00:00+00:00,34,1,39231,3790.3,3791.2,3772.4,3777.8,12513,GC.v.0
2025-09-23 03:00:00+00:00,34,1,39231,3777.7,3781.6,3774.3,3780.9,4769,GC.v.0
2025-09-23 04:00:00+00:00,34,1,39231,3780.9,3781.9,3777.4,3778.8,3929,GC.v.0
2025-09-23 05:00:00+00:00,34,1,39231,3778.7,3793.0,3777.4,3787.2,7491,GC.v.0
2025-09-23 06:00:00+00:00,34,1,39231,3787.3,3791.8,3785.2,3788.1,6696,GC.v.0
2025-09-23 07:00:00+00:00,34,1,39231,3787.8,3791.2,3782.8,3787.6,7790,GC.v.0
2025-09-23 08:00:00+00:00,34,1,39231,3787.6,3809.6,3786.8,3808.6,14991,GC.v.0
2025-09-23 09:00:00+00:00,34,1,39231,3808.5,3824.6,3808.3,3818.4,22088,GC.v.0
2025-09-23 10:00:00+00:00,34,1,39231,3818.6,3821.7,3814.4,3816.4,7865,GC.v.0
2025-09-23 11:00:00+00:00,34,1,39231,3816.5,3822.3,3812.8,3816.5,12893,GC.v.0
2025-09-23 12:00:00+00:00,34,1,39231,3816.6,3818.7,3810.1,3817.6,12538,GC.v.0
2025-09-23 13:00:00+00:00,34,1,39231,3817.5,3821.6,3806.6,3816.4,23308,GC.v.0
2025-09-23 14:00:00+00:00,34,1,39231,3816.3,3817.3,3799.0,3806.4,26014,GC.v.0
2025-09-23 15:00:00+00:00,34,1,39231,3806.5,3814.2,3805.1,3811.5,10766,GC.v.0
2025-09-23 16:00:00+00:00,34,1,39231,3811.7,3815.3,3796.6,3812.3,19044,GC.v.0
2025-09-23 17:00:00+00:00,34,1,39231,3812.5,3819.0,3808.2,3810.0,11549,GC.v.0
2025-09-23 18:00:00+00:00,34,1,39231,3810.1,3813.6,3788.4,3789.0,13499,GC.v.0
2025-09-23 19:00:00+00:00,34,1,39231,3789.0,3800.6,3783.9,3796.4,18463,GC.v.0
2025-09-23 20:00:00+00:00,34,1,39231,3796.6,3799.8,3794.6,3796.9,2782,GC.v.0
2025-09-23 22:00:00+00:00,34,1,39231,3796.9,3799.4,3793.8,3797.7,1845,GC.v.0
2025-09-23 23:00:00+00:00,34,1,39231,3797.6,3802.6,3793.8,3796.1,4028,GC.v.0
2025-09-24 00:00:00+00:00,34,1,39231,3795.8,3797.8,3791.2,3797.5,4155,GC.v.0
2025-09-24 01:00:00+00:00,34,1,39231,3797.5,3803.6,3787.2,3789.0,9031,GC.v.0
2025-09-24 02:00:00+00:00,34,1,39231,3788.8,3792.3,3783.0,3790.1,6162,GC.v.0
2025-09-24 03:00:00+00:00,34,1,39231,3790.1,3799.5,3785.4,3798.5,7085,GC.v.0
2025-09-24 04:00:00+00:00,34,1,39231,3798.4,3800.7,3795.4,3800.6,4701,GC.v.0
2025-09-24 05:00:00+00:00,34,1,39231,3800.6,3809.5,3800.1,3808.0,7061,GC.v.0
2025-09-24 06:00:00+00:00,34,1,39231,3808.0,3809.3,3801.9,3804.4,6013,GC.v.0
2025-09-24 07:00:00+00:00,34,1,39231,3804.4,3812.6,3803.7,3810.9,6633,GC.v.0
2025-09-24 08:00:00+00:00,34,1,39231,3810.9,3811.3,3799.7,3802.7,6644,GC.v.0
2025-09-24 09:00:00+00:00,34,1,39231,3802.5,3804.3,3795.9,3801.4,6780,GC.v.0
2025-09-24 10:00:00+00:00,34,1,39231,3801.4,3801.7,3792.4,3795.0,6030,GC.v.0
2025-09-24 11:00:00+00:00,34,1,39231,3795.1,3802.9,3792.5,3802.2,5865,GC.v.0
2025-09-24 12:00:00+00:00,34,1,39231,3802.2,3804.7,3796.8,3801.0,12304,GC.v.0
2025-09-24 13:00:00+00:00,34,1,39231,3800.9,3806.4,3791.8,3794.5,17499,GC.v.0
2025-09-24 14:00:00+00:00,34,1,39231,3794.7,3798.4,3782.0,3784.8,25401,GC.v.0
2025-09-24 15:00:00+00:00,34,1,39231,3784.9,3790.0,3772.6,3774.1,20177,GC.v.0
2025-09-24 16:00:00+00:00,34,1,39231,3774.2,3778.4,3764.5,3768.3,19955,GC.v.0
2025-09-24 17:00:00+00:00,34,1,39231,3768.4,3772.4,3765.7,3766.6,10862,GC.v.0
2025-09-24 18:00:00+00:00,34,1,39231,3766.6,3767.5,3755.6,3757.0,11797,GC.v.0
2025-09-24 19:00:00+00:00,34,1,39231,3757.1,3764.0,3749.7,3762.5,13873,GC.v.0
2025-09-24 20:00:00+00:00,34,1,39231,3762.4,3770.0,3762.3,3768.5,3053,GC.v.0
2025-09-24 22:00:00+00:00,34,1,39231,3768.3,3776.6,3767.0,3772.7,3587,GC.v.0
2025-09-24 23:00:00+00:00,34,1,39231,3772.5,3776.7,3770.5,3774.5,2548,GC.v.0
2025-09-25 00:00:00+00:00,34,1,39231,3774.3,3782.2,3772.8,3779.8,6447,GC.v.0
2025-09-25 01:00:00+00:00,34,1,39231,3779.7,3781.4,3763.9,3766.8,9014,GC.v.0
2025-09-25 02:00:00+00:00,34,1,39231,3766.6,3773.1,3760.5,3770.3,8087,GC.v.0
2025-09-25 03:00:00+00:00,34,1,39231,3770.3,3770.4,3764.7,3767.0,4270,GC.v.0
2025-09-25 04:00:00+00:00,34,1,39231,3767.2,3770.7,3762.2,3768.1,4317,GC.v.0
2025-09-25 05:00:00+00:00,34,1,39231,3768.1,3771.4,3764.1,3768.8,4890,GC.v.0
2025-09-25 06:00:00+00:00,34,1,39231,3769.2,3778.7,3768.2,3771.7,7773,GC.v.0
2025-09-25 07:00:00+00:00,34,1,39231,3771.8,3785.6,3770.5,3782.5,10030,GC.v.0
2025-09-25 08:00:00+00:00,34,1,39231,3782.6,3792.3,3781.3,3786.7,12360,GC.v.0
2025-09-25 09:00:00+00:00,34,1,39231,3786.7,3791.5,3780.1,3787.1,9383,GC.v.0
2025-09-25 10:00:00+00:00,34,1,39231,3787.1,3791.7,3785.8,3788.2,6295,GC.v.0
2025-09-25 11:00:00+00:00,34,1,39231,3788.2,3788.5,3771.0,3784.0,12720,GC.v.0
2025-09-25 12:00:00+00:00,34,1,39231,3783.7,3787.0,3760.8,3769.2,23999,GC.v.0
2025-09-25 13:00:00+00:00,34,1,39231,3769.2,3776.2,3751.9,3764.0,28514,GC.v.0
2025-09-25 14:00:00+00:00,34,1,39231,3764.1,3767.0,3753.4,3762.2,21651,GC.v.0
2025-09-25 15:00:00+00:00,34,1,39231,3762.4,3769.4,3758.6,3766.9,11152,GC.v.0
2025-09-25 16:00:00+00:00,34,1,39231,3766.9,3772.8,3762.8,3764.0,9085,GC.v.0
2025-09-25 17:00:00+00:00,34,1,39231,3763.9,3775.6,3762.5,3772.9,13536,GC.v.0
2025-09-25 18:00:00+00:00,34,1,39231,3773.0,3789.5,3767.5,3786.4,13224,GC.v.0
2025-09-25 19:00:00+00:00,34,1,39231,3786.4,3788.2,3776.0,3777.5,8556,GC.v.0
2025-09-25 20:00:00+00:00,34,1,39231,3777.5,3783.9,3776.9,3780.5,3004,GC.v.0
2025-09-25 22:00:00+00:00,34,1,39231,3781.5,3782.4,3777.2,3779.6,2052,GC.v.0
2025-09-25 23:00:00+00:00,34,1,39231,3779.9,3780.9,3768.5,3775.0,3929,GC.v.0
2025-09-26 00:00:00+00:00,34,1,39231,3775.0,3779.3,3770.0,3779.2,5044,GC.v.0
2025-09-26 01:00:00+00:00,34,1,39231,3779.3,3783.5,3767.3,3768.6,7294,GC.v.0
2025-09-26 02:00:00+00:00,34,1,39231,3768.4,3772.5,3767.1,3767.8,3320,GC.v.0
2025-09-26 03:00:00+00:00,34,1,39231,3767.8,3775.5,3764.0,3774.8,3637,GC.v.0
2025-09-26 04:00:00+00:00,34,1,39231,3775.1,3777.2,3774.0,3777.1,2340,GC.v.0
2025-09-26 05:00:00+00:00,34,1,39231,3777.0,3779.4,3771.3,3771.6,2629,GC.v.0
2025-09-26 06:00:00+00:00,34,1,39231,3771.3,3784.4,3771.0,3773.3,7138,GC.v.0
2025-09-26 07:00:00+00:00,34,1,39231,3773.2,3779.2,3768.8,3777.9,6092,GC.v.0
2025-09-26 08:00:00+00:00,34,1,39231,3777.9,3784.9,3776.8,3782.6,5627,GC.v.0
2025-09-26 09:00:00+00:00,34,1,39231,3782.5,3784.1,3776.9,3781.5,4093,GC.v.0
2025-09-26 10:00:00+00:00,34,1,39231,3781.3,3785.2,3772.8,3774.9,4953,GC.v.0
2025-09-26 11:00:00+00:00,34,1,39231,3775.0,3783.1,3774.5,3778.7,4916,GC.v.0
2025-09-26 12:00:00+00:00,34,1,39231,3778.8,3788.0,3776.4,3782.3,12538,GC.v.0
2025-09-26 13:00:00+00:00,34,1,39231,3782.3,3797.2,3781.2,3792.4,25270,GC.v.0
2025-09-26 14:00:00+00:00,34,1,39231,3792.2,3814.4,3791.8,3808.6,29340,GC.v.0
2025-09-26 15:00:00+00:00,34,1,39231,3808.5,3811.3,3802.4,3810.4,11656,GC.v.0
2025-09-26 16:00:00+00:00,34,1,39231,3810.4,3811.2,3801.0,3804.1,10001,GC.v.0
2025-09-26 17:00:00+00:00,34,1,39231,3804.5,3813.2,3803.8,3812.8,10054,GC.v.0
2025-09-26 18:00:00+00:00,34,1,39231,3813.0,3813.3,3804.4,3808.6,6674,GC.v.0
2025-09-26 19:00:00+00:00,34,1,39231,3808.6,3808.8,3793.6,3795.8,10421,GC.v.0
2025-09-26 20:00:00+00:00,34,1,39231,3796.0,3798.8,3789.0,3789.8,6039,GC.v.0
2025-09-28 22:00:00+00:00,34,1,39231,3788.8,3800.5,3785.5,3800.1,4730,GC.v.0
2025-09-28 23:00:00+00:00,34,1,39231,3800.0,3801.6,3795.1,3795.9,3115,GC.v.0
2025-09-29 00:00:00+00:00,34,1,39231,3795.8,3816.4,3792.9,3816.1,9230,GC.v.0
2025-09-29 01:00:00+00:00,34,1,39231,3816.0,3817.7,3796.2,3808.0,16418,GC.v.0
2025-09-29 02:00:00+00:00,34,1,39231,3807.8,3827.8,3806.3,3822.1,13311,GC.v.0
2025-09-29 03:00:00+00:00,34,1,39231,3822.3,3828.5,3821.5,3824.1,6143,GC.v.0
2025-09-29 04:00:00+00:00,34,1,39231,3824.0,3837.8,3822.1,3833.6,9197,GC.v.0
2025-09-29 05:00:00+00:00,34,1,39231,3833.8,3842.8,3830.4,3841.8,10776,GC.v.0
2025-09-29 06:00:00+00:00,34,1,39231,3842.0,3848.8,3839.6,3846.5,11423,GC.v.0
2025-09-29 07:00:00+00:00,34,1,39231,3846.4,3849.0,3834.4,3836.1,10785,GC.v.0
2025-09-29 08:00:00+00:00,34,1,39231,3836.2,3849.3,3836.2,3848.5,9949,GC.v.0
2025-09-29 09:00:00+00:00,34,1,39231,3848.5,3849.4,3837.0,3837.5,7629,GC.v.0
2025-09-29 10:00:00+00:00,34,1,39231,3837.7,3848.7,3836.5,3847.7,7703,GC.v.0
2025-09-29 11:00:00+00:00,34,1,39231,3847.5,3860.6,3846.2,3858.2,12694,GC.v.0
2025-09-29 12:00:00+00:00,34,1,39231,3858.1,3859.7,3841.3,3843.5,18260,GC.v.0
2025-09-29 13:00:00+00:00,34,1,39231,3843.7,3857.7,3838.6,3850.7,19585,GC.v.0
2025-09-29 14:00:00+00:00,34,1,39231,3850.6,3859.9,3845.7,3857.1,18385,GC.v.0
2025-09-29 15:00:00+00:00,34,1,39231,3857.2,3862.2,3849.5,3859.3,16132,GC.v.0
2025-09-29 16:00:00+00:00,34,1,39231,3859.2,3862.2,3856.9,3858.9,8063,GC.v.0
2025-09-29 17:00:00+00:00,34,1,39231,3859.0,3861.6,3852.7,3857.6,9922,GC.v.0
2025-09-29 18:00:00+00:00,34,1,39231,3857.8,3859.8,3852.0,3853.2,6600,GC.v.0
2025-09-29 19:00:00+00:00,34,1,39231,3853.3,3858.4,3850.9,3857.1,5592,GC.v.0
2025-09-29 20:00:00+00:00,34,1,39231,3857.0,3863.7,3856.0,3862.9,4041,GC.v.0
2025-09-29 22:00:00+00:00,34,1,39231,3863.1,3863.2,3854.4,3859.1,2596,GC.v.0
2025-09-29 23:00:00+00:00,34,1,39231,3859.1,3861.9,3856.5,3861.1,2197,GC.v.0
2025-09-30 00:00:00+00:00,34,1,39231,3861.2,3869.0,3859.5,3867.4,8357,GC.v.0
2025-09-30 01:00:00+00:00,34,1,39231,3867.5,3880.0,3866.2,3877.2,11148,GC.v.0
2025-09-30 02:00:00+00:00,34,1,39231,3877.2,3880.9,3871.0,3876.5,7776,GC.v.0
2025-09-30 03:00:00+00:00,34,1,39231,3876.6,3895.5,3874.3,3892.7,11013,GC.v.0
2025-09-30 04:00:00+00:00,34,1,39231,3892.8,3894.9,3890.1,3894.9,4386,GC.v.0
2025-09-30 05:00:00+00:00,34,1,39231,3894.9,3898.1,3890.2,3897.5,8823,GC.v.0
2025-09-30 06:00:00+00:00,34,1,39231,3897.4,3899.2,3882.7,3883.9,13333,GC.v.0
2025-09-30 07:00:00+00:00,34,1,39231,3883.8,3887.9,3867.9,3872.2,16211,GC.v.0
2025-09-30 08:00:00+00:00,34,1,39231,3872.0,3875.6,3835.4,3843.8,29379,GC.v.0
2025-09-30 09:00:00+00:00,34,1,39231,3843.7,3848.8,3820.6,3826.3,20554,GC.v.0
2025-09-30 10:00:00+00:00,34,1,39231,3825.8,3842.2,3825.8,3839.4,10710,GC.v.0
2025-09-30 11:00:00+00:00,34,1,39231,3839.4,3845.3,3831.7,3842.6,10612,GC.v.0
2025-09-30 12:00:00+00:00,34,1,39231,3842.4,3850.0,3836.5,3847.5,16327,GC.v.0
2025-09-30 13:00:00+00:00,34,1,39231,3847.8,3858.6,3839.7,3852.4,24186,GC.v.0
2025-09-30 14:00:00+00:00,34,1,39231,3852.0,3882.3,3848.7,3881.7,33345,GC.v.0
2025-09-30 15:00:00+00:00,34,1,39231,3881.7,3881.9,3858.7,3866.3,22410,GC.v.0
2025-09-30 16:00:00+00:00,34,1,39231,3866.8,3875.6,3865.7,3873.8,9175,GC.v.0
2025-09-30 17:00:00+00:00,34,1,39231,3873.8,3877.2,3870.7,3872.2,9070,GC.v.0
2025-09-30 18:00:00+00:00,34,1,39231,3872.5,3877.1,3867.2,3876.0,6850,GC.v.0
2025-09-30 19:00:00+00:00,34,1,39231,3876.0,3888.7,3875.2,3886.7,9668,GC.v.0
2025-09-30 20:00:00+00:00,34,1,39231,3886.8,3888.8,3878.7,3887.6,6133,GC.v.0
2025-09-30 22:00:00+00:00,34,1,39231,3887.7,3889.7,3882.4,3888.2,3916,GC.v.0
2025-09-30 23:00:00+00:00,34,1,39231,3888.3,3890.8,3888.1,3890.6,2742,GC.v.0
2025-10-01 00:00:00+00:00,34,1,39231,3890.6,3892.5,3885.9,3888.3,5659,GC.v.0
2025-10-01 01:00:00+00:00,34,1,39231,3888.1,3896.5,3887.0,3896.5,6393,GC.v.0
2025-10-01 02:00:00+00:00,34,1,39231,3896.4,3904.1,3885.5,3891.3,13412,GC.v.0
2025-10-01 03:00:00+00:00,34,1,39231,3891.0,3894.3,3883.5,3889.7,6982,GC.v.0
2025-10-01 04:00:00+00:00,34,1,39231,3889.5,3892.8,3885.3,3892.6,4153,GC.v.0
2025-10-01 05:00:00+00:00,34,1,39231,3892.4,3897.0,3889.4,3890.8,5978,GC.v.0
2025-10-01 06:00:00+00:00,34,1,39231,3890.7,3892.7,3880.3,3887.1,9387,GC.v.0
2025-10-01 07:00:00+00:00,34,1,39231,3886.9,3908.3,3886.6,3907.2,14670,GC.v.0
2025-10-01 08:00:00+00:00,34,1,39231,3907.4,3922.7,3907.0,3920.1,19289,GC.v.0
2025-10-01 09:00:00+00:00,34,1,39231,3920.2,3922.4,3911.3,3916.8,11099,GC.v.0
2025-10-01 10:00:00+00:00,34,1,39231,3917.0,3917.4,3912.7,3914.7,5833,GC.v.0
2025-10-01 11:00:00+00:00,34,1,39231,3915.1,3915.9,3905.4,3911.1,9892,GC.v.0
2025-10-01 12:00:00+00:00,34,1,39231,3911.2,3918.8,3891.3,3897.5,29073,GC.v.0
2025-10-01 13:00:00+00:00,34,1,39231,3897.3,3904.1,3890.7,3899.8,26793,GC.v.0
2025-10-01 14:00:00+00:00,34,1,39231,3899.3,3906.2,3882.8,3899.9,35659,GC.v.0
2025-10-01 15:00:00+00:00,34,1,39231,3899.8,3903.8,3884.6,3895.1,21787,GC.v.0
2025-10-01 16:00:00+00:00,34,1,39231,3895.0,3898.2,3887.3,3897.6,10158,GC.v.0
2025-10-01 17:00:00+00:00,34,1,39231,3897.7,3898.5,3887.3,3887.4,9370,GC.v.0
2025-10-01 18:00:00+00:00,34,1,39231,3887.6,3893.1,3881.4,3888.7,11407,GC.v.0
2025-10-01 19:00:00+00:00,34,1,39231,3888.8,3897.6,3887.8,3894.3,7047,GC.v.0
2025-10-01 20:00:00+00:00,34,1,39231,3894.3,3894.4,3886.5,3892.6,4174,GC.v.0
2025-10-01 22:00:00+00:00,34,1,39231,3892.7,3895.7,3884.1,3887.5,2900,GC.v.0
2025-10-01 23:00:00+00:00,34,1,39231,3887.4,3892.3,3882.9,3888.9,3926,GC.v.0
2025-10-02 00:00:00+00:00,34,1,39231,3888.7,3889.2,3881.5,3881.7,4048,GC.v.0
2025-10-02 01:00:00+00:00,34,1,39231,3881.5,3890.0,3877.0,3889.9,7316,GC.v.0
2025-10-02 02:00:00+00:00,34,1,39231,3889.9,3895.2,3886.5,3891.1,4611,GC.v.0
2025-10-02 03:00:00+00:00,34,1,39231,3890.8,3894.4,3888.8,3891.6,2743,GC.v.0
2025-10-02 04:00:00+00:00,34,1,39231,3891.6,3892.7,3886.6,3889.2,1854,GC.v.0
2025-10-02 05:00:00+00:00,34,1,39231,3889.3,3896.5,3889.3,3892.9,3170,GC.v.0
2025-10-02 06:00:00+00:00,34,1,39231,3893.0,3899.3,3886.8,3889.0,6137,GC.v.0
2025-10-02 07:00:00+00:00,34,1,39231,3888.9,3899.6,3886.9,3894.0,10306,GC.v.0
2025-10-02 08:00:00+00:00,34,1,39231,3893.6,3903.6,3889.7,3899.3,6494,GC.v.0
2025-10-02 09:00:00+00:00,34,1,39231,3899.4,3905.1,3898.1,3904.3,6271,GC.v.0
2025-10-02 10:00:00+00:00,34,1,39231,3904.4,3908.6,3901.2,3906.6,5125,GC.v.0
2025-10-02 11:00:00+00:00,34,1,39231,3906.7,3911.7,3904.5,3911.2,7435,GC.v.0
2025-10-02 12:00:00+00:00,34,1,39231,3911.3,3917.5,3905.1,3910.1,15246,GC.v.0
2025-10-02 13:00:00+00:00,34,1,39231,3909.9,3923.3,3898.1,3899.7,29471,GC.v.0
2025-10-02 14:00:00+00:00,34,1,39231,3900.0,3901.5,3849.1,3863.8,64971,GC.v.0
2025-10-02 15:00:00+00:00,34,1,39231,3863.7,3869.0,3842.8,3851.8,35414,GC.v.0
2025-10-02 16:00:00+00:00,34,1,39231,3851.7,3869.2,3850.7,3868.6,17299,GC.v.0
2025-10-02 17:00:00+00:00,34,1,39231,3868.6,3871.8,3864.7,3868.6,12198,GC.v.0
2025-10-02 18:00:00+00:00,34,1,39231,3868.5,3876.5,3867.8,3875.2,6598,GC.v.0
2025-10-02 19:00:00+00:00,34,1,39231,3875.2,3883.4,3874.8,3880.1,8472,GC.v.0
2025-10-02 20:00:00+00:00,34,1,39231,3880.3,3884.5,3878.0,3880.8,3055,GC.v.0
2025-10-02 22:00:00+00:00,34,1,39231,3880.4,3882.9,3876.0,3881.2,1932,GC.v.0
2025-10-02 23:00:00+00:00,34,1,39231,3881.2,3888.1,3880.6,3886.8,2441,GC.v.0
2025-10-03 00:00:00+00:00,34,1,39231,3886.6,3887.2,3880.2,3880.7,4376,GC.v.0
2025-10-03 01:00:00+00:00,34,1,39231,3880.9,3886.5,3870.9,3882.2,9148,GC.v.0
2025-10-03 02:00:00+00:00,34,1,39231,3882.3,3882.9,3871.0,3871.9,4680,GC.v.0
2025-10-03 03:00:00+00:00,34,1,39231,3871.5,3874.6,3861.1,3865.9,7713,GC.v.0
2025-10-03 04:00:00+00:00,34,1,39231,3865.7,3871.3,3864.6,3867.2,3501,GC.v.0
2025-10-03 05:00:00+00:00,34,1,39231,3867.1,3882.4,3867.0,3878.3,6592,GC.v.0
2025-10-03 06:00:00+00:00,34,1,39231,3878.2,3884.2,3874.2,3882.0,6245,GC.v.0
2025-10-03 07:00:00+00:00,34,1,39231,3882.2,3888.7,3880.0,3887.3,6894,GC.v.0
2025-10-03 08:00:00+00:00,34,1,39231,3887.5,3889.0,3883.4,3888.3,4280,GC.v.0
2025-10-03 09:00:00+00:00,34,1,39231,3888.2,3888.4,3880.2,3887.7,4108,GC.v.0
2025-10-03 10:00:00+00:00,34,1,39231,3887.8,3891.5,3885.3,3888.9,7881,GC.v.0
2025-10-03 11:00:00+00:00,34,1,39231,3888.9,3890.3,3877.6,3885.3,7931,GC.v.0
2025-10-03 12:00:00+00:00,34,1,39231,3885.4,3899.5,3883.7,3898.4,14992,GC.v.0
2025-10-03 13:00:00+00:00,34,1,39231,3898.4,3915.6,3894.5,3907.3,33405,GC.v.0
2025-10-03 14:00:00+00:00,34,1,39231,3907.4,3912.5,3890.7,3904.3,27330,GC.v.0
2025-10-03 15:00:00+00:00,34,1,39231,3904.4,3916.8,3898.5,3914.4,17578,GC.v.0
2025-10-03 16:00:00+00:00,34,1,39231,3914.5,3914.8,3905.4,3908.9,9789,GC.v.0
2025-10-03 17:00:00+00:00,34,1,39231,3908.8,3911.4,3901.7,3906.6,9579,GC.v.0
2025-10-03 18:00:00+00:00,34,1,39231,3906.9,3914.8,3905.2,3911.8,7029,GC.v.0
2025-10-03 19:00:00+00:00,34,1,39231,3911.9,3914.6,3909.3,3910.9,5652,GC.v.0
2025-10-03 20:00:00+00:00,34,1,39231,3910.9,3912.7,3908.5,3912.1,2975,GC.v.0
2025-10-05 22:00:00+00:00,34,1,39231,3913.5,3930.3,3909.2,3927.3,8806,GC.v.0
2025-10-05 23:00:00+00:00,34,1,39231,3927.6,3945.2,3925.0,3935.3,15139,GC.v.0
2025-10-06 00:00:00+00:00,34,1,39231,3935.4,3935.9,3924.3,3926.1,9083,GC.v.0
2025-10-06 01:00:00+00:00,34,1,39231,3926.5,3943.4,3925.5,3943.3,7689,GC.v.0
2025-10-06 02:00:00+00:00,34,1,39231,3943.3,3950.0,3942.7,3946.1,9589,GC.v.0
2025-10-06 03:00:00+00:00,34,1,39231,3945.8,3956.8,3944.9,3954.7,7935,GC.v.0
2025-10-06 04:00:00+00:00,34,1,39231,3954.6,3964.5,3953.3,3963.2,8336,GC.v.0
2025-10-06 05:00:00+00:00,34,1,39231,3962.9,3969.0,3951.7,3957.4,11856,GC.v.0
2025-10-06 06:00:00+00:00,34,1,39231,3957.5,3959.0,3947.4,3958.5,9598,GC.v.0
2025-10-06 07:00:00+00:00,34,1,39231,3958.3,3968.0,3953.4,3965.7,10630,GC.v.0
2025-10-06 08:00:00+00:00,34,1,39231,3965.8,3973.7,3959.3,3966.7,13319,GC.v.0
2025-10-06 09:00:00+00:00,34,1,39231,3966.9,3969.3,3960.6,3966.5,5548,GC.v.0
2025-10-06 10:00:00+00:00,34,1,39231,3966.7,3971.1,3956.0,3966.6,8185,GC.v.0
2025-10-06 11:00:00+00:00,34,1,39231,3966.4,3967.3,3954.7,3962.4,9586,GC.v.0
2025-10-06 12:00:00+00:00,34,1,39231,3962.2,3966.1,3950.0,3957.6,20851,GC.v.0
2025-10-06 13:00:00+00:00,34,1,39231,3957.8,3971.1,3950.6,3968.6,20036,GC.v.0
2025-10-06 14:00:00+00:00,34,1,39231,3968.5,3983.0,3963.8,3978.3,24049,GC.v.0
2025-10-06 15:00:00+00:00,34,1,39231,3978.0,3988.2,3972.0,3986.4,17303,GC.v.0
2025-10-06 16:00:00+00:00,34,1,39231,3986.4,3994.5,3969.5,3978.1,22640,GC.v.0
2025-10-06 17:00:00+00:00,34,1,39231,3978.3,3983.3,3975.2,3982.5,10200,GC.v.0
2025-10-06 18:00:00+00:00,34,1,39231,3982.6,3985.5,3980.6,3983.0,4806,GC.v.0
2025-10-06 19:00:00+00:00,34,1,39231,3982.9,3989.7,3981.9,3983.2,7340,GC.v.0
2025-10-06 20:00:00+00:00,34,1,39231,3983.2,3986.2,3981.0,3984.4,3534,GC.v.0
2025-10-06 22:00:00+00:00,34,1,39231,3983.0,3999.0,3982.0,3986.7,9712,GC.v.0
2025-10-06 23:00:00+00:00,34,1,39231,3986.6,3995.3,3984.6,3992.4,4519,GC.v.0
2025-10-07 00:00:00+00:00,34,1,39231,3992.3,4000.1,3984.4,3986.0,11045,GC.v.0
2025-10-07 01:00:00+00:00,34,1,39231,3986.2,3987.0,3978.7,3980.7,8661,GC.v.0
2025-10-07 02:00:00+00:00,34,1,39231,3980.6,3990.0,3980.0,3987.7,4803,GC.v.0
2025-10-07 03:00:00+00:00,34,1,39231,3987.6,3997.0,3983.3,3995.3,6358,GC.v.0
2025-10-07 04:00:00+00:00,34,1,39231,3995.3,3999.2,3993.4,3998.0,5269,GC.v.0
2025-10-07 05:00:00+00:00,34,1,39231,3997.8,3999.0,3982.5,3987.3,9991,GC.v.0
2025-10-07 06:00:00+00:00,34,1,39231,3987.3,3988.5,3976.5,3977.9,8706,GC.v.0
2025-10-07 07:00:00+00:00,34,1,39231,3978.0,3979.4,3965.6,3968.6,19198,GC.v.0
2025-10-07 08:00:00+00:00,34,1,39231,3968.6,3976.7,3963.4,3974.1,11476,GC.v.0
2025-10-07 09:00:00+00:00,34,1,39231,3974.0,3986.6,3973.9,3977.7,10526,GC.v.0
2025-10-07 10:00:00+00:00,34,1,39231,3977.5,3985.9,3976.4,3983.1,5570,GC.v.0
2025-10-07 11:00:00+00:00,34,1,39231,3983.2,3992.1,3979.2,3989.8,6971,GC.v.0
2025-10-07 12:00:00+00:00,34,1,39231,3989.7,4003.7,3986.6,4002.9,19490,GC.v.0
2025-10-07 13:00:00+00:00,34,1,39231,4002.6,4009.0,3993.3,4002.4,25534,GC.v.0
2025-10-07 14:00:00+00:00,34,1,39231,4002.3,4010.1,3991.2,4009.0,22944,GC.v.0
2025-10-07 15:00:00+00:00,34,1,39231,4009.2,4014.6,3983.4,3988.7,33754,GC.v.0
2025-10-07 16:00:00+00:00,34,1,39231,3989.0,4002.5,3985.3,3999.9,20267,GC.v.0
2025-10-07 17:00:00+00:00,34,1,39231,3999.9,4011.1,3999.4,4003.9,15117,GC.v.0
2025-10-07 18:00:00+00:00,34,1,39231,4003.9,4006.7,3996.7,4003.8,8671,GC.v.0
2025-10-07 19:00:00+00:00,34,1,39231,4003.8,4006.1,4001.2,4002.5,5638,GC.v.0
2025-10-07 20:00:00+00:00,34,1,39231,4002.7,4009.4,4002.7,4007.9,3061,GC.v.0
2025-10-07 22:00:00+00:00,34,1,39231,4007.1,4013.2,4005.6,4012.3,3027,GC.v.0
2025-10-07 23:00:00+00:00,34,1,39231,4012.4,4018.0,4011.0,4016.2,6410,GC.v.0
2025-10-08 00:00:00+00:00,34,1,39231,4016.3,4020.9,4011.0,4014.0,11397,GC.v.0
2025-10-08 01:00:00+00:00,34,1,39231,4014.0,4023.6,4006.7,4023.4,13211,GC.v.0
2025-10-08 02:00:00+00:00,34,1,39231,4023.2,4034.0,4018.1,4033.9,12152,GC.v.0
2025-10-08 03:00:00+00:00,34,1,39231,4033.9,4038.7,4031.4,4037.2,8877,GC.v.0
2025-10-08 04:00:00+00:00,34,1,39231,4037.1,4049.9,4037.1,4049.0,12701,GC.v.0
2025-10-08 05:00:00+00:00,34,1,39231,4049.0,4059.3,4046.7,4051.9,13572,GC.v.0
2025-10-08 06:00:00+00:00,34,1,39231,4052.0,4055.2,4043.5,4053.7,13812,GC.v.0
2025-10-08 07:00:00+00:00,34,1,39231,4053.7,4061.2,4052.3,4056.5,11673,GC.v.0
2025-10-08 08:00:00+00:00,34,1,39231,4056.4,4063.4,4055.4,4058.4,10981,GC.v.0
2025-10-08 09:00:00+00:00,34,1,39231,4058.2,4071.5,4052.5,4070.9,13384,GC.v.0
2025-10-08 10:00:00+00:00,34,1,39231,4070.9,4071.5,4055.7,4059.1,13382,GC.v.0
2025-10-08 11:00:00+00:00,34,1,39231,4059.2,4060.2,4053.6,4060.0,9615,GC.v.0
2025-10-08 12:00:00+00:00,34,1,39231,4060.1,4068.8,4052.5,4062.1,19359,GC.v.0
2025-10-08 13:00:00+00:00,34,1,39231,4062.1,4072.0,4047.5,4059.8,34150,GC.v.0
2025-10-08 14:00:00+00:00,34,1,39231,4059.7,4070.8,4057.3,4069.7,21570,GC.v.0
2025-10-08 15:00:00+00:00,34,1,39231,4069.7,4072.4,4058.1,4067.2,20744,GC.v.0
2025-10-08 16:00:00+00:00,34,1,39231,4067.3,4081.0,4065.4,4078.4,20380,GC.v.0
2025-10-08 17:00:00+00:00,34,1,39231,4078.6,4080.0,4063.7,4072.5,16480,GC.v.0
2025-10-08 18:00:00+00:00,34,1,39231,4072.0,4074.5,4059.5,4070.5,12400,GC.v.0
2025-10-08 19:00:00+00:00,34,1,39231,4070.6,4075.6,4052.5,4064.2,21415,GC.v.0
2025-10-08 20:00:00+00:00,34,1,39231,4064.3,4067.0,4058.7,4060.6,4530,GC.v.0
2025-10-08 22:00:00+00:00,34,1,39231,4061.8,4064.6,4033.2,4039.9,9045,GC.v.0
2025-10-08 23:00:00+00:00,34,1,39231,4040.0,4041.3,4019.2,4030.1,14656,GC.v.0
2025-10-09 00:00:00+00:00,34,1,39231,4030.0,4047.6,4027.3,4042.2,11872,GC.v.0
2025-10-09 01:00:00+00:00,34,1,39231,4042.4,4057.0,4027.7,4040.4,24164,GC.v.0
2025-10-09 02:00:00+00:00,34,1,39231,4040.5,4041.6,4022.4,4038.4,12969,GC.v.0
2025-10-09 03:00:00+00:00,34,1,39231,4038.5,4049.0,4036.5,4046.0,6789,GC.v.0
2025-10-09 04:00:00+00:00,34,1,39231,4046.1,4059.8,4046.1,4057.5,7630,GC.v.0
2025-10-09 05:00:00+00:00,34,1,39231,4057.5,4062.1,4053.2,4058.2,7091,GC.v.0
2025-10-09 06:00:00+00:00,34,1,39231,4058.5,4059.6,4041.1,4044.8,8760,GC.v.0
2025-10-09 07:00:00+00:00,34,1,39231,4044.8,4052.2,4044.0,4051.2,7226,GC.v.0
2025-10-09 08:00:00+00:00,34,1,39231,4051.0,4060.0,4049.8,4057.8,6943,GC.v.0
2025-10-09 09:00:00+00:00,34,1,39231,4058.0,4062.1,4053.5,4057.2,6228,GC.v.0
2025-10-09 10:00:00+00:00,34,1,39231,4057.4,4064.1,4055.7,4064.1,3896,GC.v.0
2025-10-09 11:00:00+00:00,34,1,39231,4064.0,4066.9,4052.8,4063.7,9259,GC.v.0
2025-10-09 12:00:00+00:00,34,1,39231,4063.7,4073.5,4056.3,4072.9,14560,GC.v.0
2025-10-09 13:00:00+00:00,34,1,39231,4072.8,4077.9,4033.8,4034.6,51267,GC.v.0
2025-10-09 14:00:00+00:00,34,1,39231,4034.4,4046.2,4018.1,4039.5,58200,GC.v.0
2025-10-09 15:00:00+00:00,34,1,39231,4038.9,4044.2,4021.3,4029.6,28224,GC.v.0
2025-10-09 16:00:00+00:00,34,1,39231,4029.5,4037.9,3976.9,3982.4,47046,GC.v.0
2025-10-09 17:00:00+00:00,34,1,39231,3982.2,3987.7,3957.9,3963.4,52386,GC.v.0
2025-10-09 18:00:00+00:00,34,1,39231,3963.1,3981.7,3962.5,3971.3,15535,GC.v.0
2025-10-09 19:00:00+00:00,34,1,39231,3971.4,3996.5,3969.0,3988.3,17390,GC.v.0
2025-10-09 20:00:00+00:00,34,1,39231,3988.3,3994.2,3987.6,3991.1,5318,GC.v.0
2025-10-09 22:00:00+00:00,34,1,39231,3990.1,3996.4,3973.0,3990.7,6518,GC.v.0
2025-10-09 23:00:00+00:00,34,1,39231,3991.1,4007.6,3989.4,4006.6,7433,GC.v.0
2025-10-10 00:00:00+00:00,34,1,39231,4006.6,4009.7,4002.5,4005.1,7801,GC.v.0
2025-10-10 01:00:00+00:00,34,1,39231,4005.4,4007.0,3984.0,3987.9,14683,GC.v.0
2025-10-10 02:00:00+00:00,34,1,39231,3988.0,4002.4,3987.9,3992.6,6569,GC.v.0
2025-10-10 03:00:00+00:00,34,1,39231,3992.6,3993.1,3975.0,3976.8,8959,GC.v.0
2025-10-10 04:00:00+00:00,34,1,39231,3976.8,3980.7,3961.2,3979.8,11838,GC.v.0
2025-10-10 05:00:00+00:00,34,1,39231,3979.8,3991.6,3979.0,3990.2,11209,GC.v.0
2025-10-10 06:00:00+00:00,34,1,39231,3990.1,3991.7,3977.7,3983.0,7677,GC.v.0
2025-10-10 07:00:00+00:00,34,1,39231,3983.2,3989.0,3966.3,3985.1,13097,GC.v.0
2025-10-10 08:00:00+00:00,34,1,39231,3985.0,4006.0,3982.8,4005.1,10914,GC.v.0
2025-10-10 09:00:00+00:00,34,1,39231,4005.0,4020.5,4002.8,4010.0,16811,GC.v.0
2025-10-10 10:00:00+00:00,34,1,39231,4009.8,4015.1,4006.0,4008.1,7371,GC.v.0
2025-10-10 11:00:00+00:00,34,1,39231,4008.1,4014.8,3998.8,4002.3,8986,GC.v.0
2025-10-10 12:00:00+00:00,34,1,39231,4002.4,4010.5,3995.6,4002.0,15940,GC.v.0
2025-10-10 13:00:00+00:00,34,1,39231,4001.9,4015.0,3990.3,3996.1,33236,GC.v.0
2025-10-10 14:00:00+00:00,34,1,39231,3995.5,4010.0,3986.7,4005.7,24227,GC.v.0
2025-10-10 15:00:00+00:00,34,1,39231,4005.7,4038.6,4003.3,4013.4,51510,GC.v.0
2025-10-10 16:00:00+00:00,34,1,39231,4013.5,4014.4,3990.9,3997.5,28596,GC.v.0
2025-10-10 17:00:00+00:00,34,1,39231,3997.7,4009.5,3988.4,4004.9,18329,GC.v.0
2025-10-10 18:00:00+00:00,34,1,39231,4005.0,4024.2,3998.7,4014.9,11065,GC.v.0
2025-10-10 19:00:00+00:00,34,1,39231,4014.9,4038.0,4010.5,4028.1,12200,GC.v.0
2025-10-10 20:00:00+00:00,34,1,39231,4028.0,4038.5,4022.8,4035.5,6796,GC.v.0
2025-10-12 22:00:00+00:00,34,1,39231,4018.3,4061.8,4011.3,4059.0,13924,GC.v.0
2025-10-12 23:00:00+00:00,34,1,39231,4058.8,4078.1,4050.4,4053.1,14993,GC.v.0
2025-10-13 00:00:00+00:00,34,1,39231,4053.0,4079.3,4042.1,4061.5,17945,GC.v.0
2025-10-13 01:00:00+00:00,34,1,39231,4062.0,4074.0,4053.4,4072.0,13342,GC.v.0
2025-10-13 02:00:00+00:00,34,1,39231,4071.9,4074.8,4059.7,4066.1,7198,GC.v.0
2025-10-13 03:00:00+00:00,34,1,39231,4066.4,4074.8,4064.3,4069.9,5064,GC.v.0
2025-10-13 04:00:00+00:00,34,1,39231,4069.8,4076.4,4068.9,4073.6,3714,GC.v.0
2025-10-13 05:00:00+00:00,34,1,39231,4073.5,4096.5,4071.8,4082.6,17150,GC.v.0
2025-10-13 06:00:00+00:00,34,1,39231,4082.6,4092.6,4078.9,4088.7,9633,GC.v.0
2025-10-13 07:00:00+00:00,34,1,39231,4088.6,4096.7,4085.8,4089.7,9463,GC.v.0
2025-10-13 08:00:00+00:00,34,1,39231,4089.6,4098.5,4087.4,4097.0,9424,GC.v.0
2025-10-13 09:00:00+00:00,34,1,39231,4097.0,4099.6,4089.7,4097.0,9013,GC.v.0
2025-10-13 10:00:00+00:00,34,1,39231,4097.1,4104.3,4090.6,4099.6,9146,GC.v.0
2025-10-13 11:00:00+00:00,34,1,39231,4099.5,4103.1,4092.7,4093.2,11217,GC.v.0
2025-10-13 12:00:00+00:00,34,1,39231,4093.2,4105.6,4092.3,4099.3,18851,GC.v.0
2025-10-13 13:00:00+00:00,34,1,39231,4099.5,4115.8,4097.4,4113.8,25367,GC.v.0
2025-10-13 14:00:00+00:00,34,1,39231,4113.6,4124.3,4110.1,4117.6,22212,GC.v.0
2025-10-13 15:00:00+00:00,34,1,39231,4117.6,4127.5,4111.5,4124.8,17124,GC.v.0
2025-10-13 16:00:00+00:00,34,1,39231,4124.8,4137.2,4123.5,4125.3,19015,GC.v.0
2025-10-13 17:00:00+00:00,34,1,39231,4125.4,4135.9,4119.8,4123.4,14633,GC.v.0
2025-10-13 18:00:00+00:00,34,1,39231,4123.3,4127.5,4119.3,4121.8,5775,GC.v.0
2025-10-13 19:00:00+00:00,34,1,39231,4121.7,4130.0,4110.3,4127.3,10241,GC.v.0
2025-10-13 20:00:00+00:00,34,1,39231,4127.3,4132.5,4124.8,4130.0,3261,GC.v.0
2025-10-13 22:00:00+00:00,34,1,39231,4130.9,4135.1,4125.9,4134.2,3572,GC.v.0
2025-10-13 23:00:00+00:00,34,1,39231,4134.2,4150.0,4132.4,4145.9,11364,GC.v.0
2025-10-14 00:00:00+00:00,34,1,39231,4145.7,4148.4,4137.0,4142.2,9081,GC.v.0
2025-10-14 01:00:00+00:00,34,1,39231,4142.1,4168.4,4140.7,4154.1,25134,GC.v.0
2025-10-14 02:00:00+00:00,34,1,39231,4154.1,4167.4,4153.7,4162.6,12685,GC.v.0
2025-10-14 03:00:00+00:00,34,1,39231,4162.0,4178.6,4161.7,4175.7,13196,GC.v.0
2025-10-14 04:00:00+00:00,34,1,39231,4175.6,4182.7,4168.5,4181.0,10538,GC.v.0
2025-10-14 05:00:00+00:00,34,1,39231,4180.8,4190.9,4124.3,4135.3,42122,GC.v.0
2025-10-14 06:00:00+00:00,34,1,39231,4135.3,4147.2,4105.0,4127.3,41799,GC.v.0
2025-10-14 07:00:00+00:00,34,1,39231,4127.1,4143.0,4116.5,4141.8,19104,GC.v.0
2025-10-14 08:00:00+00:00,34,1,39231,4141.6,4160.5,4139.7,4158.0,16789,GC.v.0
2025-10-14 09:00:00+00:00,34,1,39231,4157.9,4159.5,4136.7,4143.7,12880,GC.v.0
2025-10-14 10:00:00+00:00,34,1,39231,4143.9,4161.8,4142.4,4149.7,10958,GC.v.0
2025-10-14 11:00:00+00:00,34,1,39231,4149.6,4156.1,4142.8,4148.6,8754,GC.v.0
2025-10-14 12:00:00+00:00,34,1,39231,4148.8,4152.8,4119.3,4122.8,25447,GC.v.0
2025-10-14 13:00:00+00:00,34,1,39231,4122.9,4145.0,4113.6,4140.6,34416,GC.v.0
2025-10-14 14:00:00+00:00,34,1,39231,4140.5,4154.7,4136.7,4145.4,21050,GC.v.0
2025-10-14 15:00:00+00:00,34,1,39231,4145.4,4159.1,4142.1,4154.3,13693,GC.v.0
2025-10-14 16:00:00+00:00,34,1,39231,4154.5,4172.1,4144.5,4156.3,19881,GC.v.0
2025-10-14 17:00:00+00:00,34,1,39231,4156.2,4169.0,4153.0,4164.2,14797,GC.v.0
2025-10-14 18:00:00+00:00,34,1,39231,4164.1,4168.6,4158.7,4164.6,7448,GC.v.0
2025-10-14 19:00:00+00:00,34,1,39231,4164.6,4167.3,4150.6,4159.2,11437,GC.v.0
2025-10-14 20:00:00+00:00,34,1,39231,4159.3,4163.8,4156.4,4159.6,2956,GC.v.0
2025-10-14 22:00:00+00:00,34,1,39231,4160.1,4180.5,4157.3,4174.8,5853,GC.v.0
2025-10-14 23:00:00+00:00,34,1,39231,4174.8,4185.4,4173.4,4179.6,4972,GC.v.0
2025-10-15 00:00:00+00:00,34,1,39231,4179.6,4187.8,4171.6,4180.1,8394,GC.v.0
2025-10-15 01:00:00+00:00,34,1,39231,4180.3,4205.8,4180.0,4200.7,17116,GC.v.0
2025-10-15 02:00:00+00:00,34,1,39231,4201.0,4203.7,4186.0,4195.3,9822,GC.v.0
2025-10-15 03:00:00+00:00,34,1,39231,4195.4,4210.0,4194.8,4205.9,8343,GC.v.0
2025-10-15 04:00:00+00:00,34,1,39231,4206.0,4206.4,4192.4,4198.8,5524,GC.v.0
2025-10-15 05:00:00+00:00,34,1,39231,4198.7,4211.3,4195.6,4204.0,9114,GC.v.0
2025-10-15 06:00:00+00:00,34,1,39231,4203.9,4218.2,4202.2,4217.1,7846,GC.v.0
2025-10-15 07:00:00+00:00,34,1,39231,4217.0,4227.9,4212.2,4225.8,11884,GC.v.0
2025-10-15 08:00:00+00:00,34,1,39231,4225.7,4235.8,4225.0,4225.5,14060,GC.v.0
2025-10-15 09:00:00+00:00,34,1,39231,4225.8,4229.6,4180.0,4208.8,25577,GC.v.0
2025-10-15 10:00:00+00:00,34,1,39231,4208.7,4223.9,4206.8,4218.9,12483,GC.v.0
2025-10-15 11:00:00+00:00,34,1,39231,4218.6,4219.9,4209.1,4214.3,8039,GC.v.0
2025-10-15 12:00:00+00:00,34,1,39231,4214.5,4218.7,4191.2,4207.0,21198,GC.v.0
2025-10-15 13:00:00+00:00,34,1,39231,4207.0,4214.5,4198.8,4207.6,20413,GC.v.0
2025-10-15 14:00:00+00:00,34,1,39231,4207.7,4227.7,4207.5,4216.2,26642,GC.v.0
2025-10-15 15:00:00+00:00,34,1,39231,4216.1,4221.7,4196.1,4207.0,25037,GC.v.0
2025-10-15 16:00:00+00:00,34,1,39231,4207.0,4216.6,4202.3,4215.5,13396,GC.v.0
2025-10-15 17:00:00+00:00,34,1,39231,4215.1,4216.2,4198.2,4214.2,15625,GC.v.0
2025-10-15 18:00:00+00:00,34,1,39231,4214.4,4222.3,4213.0,4219.0,9217,GC.v.0
2025-10-15 19:00:00+00:00,34,1,39231,4218.8,4229.6,4218.3,4226.0,10545,GC.v.0
2025-10-15 20:00:00+00:00,34,1,39231,4226.0,4228.8,4222.2,4224.9,3719,GC.v.0
2025-10-15 22:00:00+00:00,34,1,39231,4225.1,4230.6,4214.5,4227.4,5693,GC.v.0
2025-10-15 23:00:00+00:00,34,1,39231,4227.8,4230.4,4219.3,4223.2,5043,GC.v.0
2025-10-16 00:00:00+00:00,34,1,39231,4223.1,4241.5,4218.4,4224.5,12753,GC.v.0
2025-10-16 01:00:00+00:00,34,1,39231,4224.7,4246.9,4224.7,4243.8,15530,GC.v.0
2025-10-16 02:00:00+00:00,34,1,39231,4243.8,4253.0,4239.2,4253.0,9034,GC.v.0
2025-10-16 03:00:00+00:00,34,1,39231,4252.8,4255.4,4241.9,4247.7,9732,GC.v.0
2025-10-16 04:00:00+00:00,34,1,39231,4247.6,4253.2,4240.7,4246.7,7081,GC.v.0
2025-10-16 05:00:00+00:00,34,1,39231,4246.6,4248.0,4216.4,4218.5,18913,GC.v.0
2025-10-16 06:00:00+00:00,34,1,39231,4218.5,4241.1,4217.4,4236.8,15589,GC.v.0
2025-10-16 07:00:00+00:00,34,1,39231,4236.7,4248.0,4236.2,4244.5,10110,GC.v.0
2025-10-16 08:00:00+00:00,34,1,39231,4244.6,4250.3,4243.4,4247.6,8129,GC.v.0
2025-10-16 09:00:00+00:00,34,1,39231,4247.5,4257.6,4237.3,4254.9,10676,GC.v.0
2025-10-16 10:00:00+00:00,34,1,39231,4255.0,4262.5,4250.0,4259.1,11780,GC.v.0
2025-10-16 11:00:00+00:00,34,1,39231,4259.2,4264.0,4255.5,4256.1,8040,GC.v.0
2025-10-16 12:00:00+00:00,34,1,39231,4256.3,4266.8,4241.9,4250.4,22328,GC.v.0
2025-10-16 13:00:00+00:00,34,1,39231,4250.7,4274.0,4249.2,4262.5,28581,GC.v.0
2025-10-16 14:00:00+00:00,34,1,39231,4262.4,4283.9,4261.7,4278.8,25921,GC.v.0
2025-10-16 15:00:00+00:00,34,1,39231,4278.8,4292.7,4276.1,4289.4,18436,GC.v.0
2025-10-16 16:00:00+00:00,34,1,39231,4289.5,4308.2,4275.7,4296.9,42283,GC.v.0
2025-10-16 17:00:00+00:00,34,1,39231,4297.1,4314.7,4294.4,4309.5,25051,GC.v.0
2025-10-16 18:00:00+00:00,34,1,39231,4309.4,4310.5,4287.2,4306.0,18261,GC.v.0
2025-10-16 19:00:00+00:00,34,1,39231,4305.6,4328.7,4302.4,4321.4,14878,GC.v.0
2025-10-16 20:00:00+00:00,34,1,39231,4321.9,4346.7,4321.8,4344.3,12450,GC.v.0
2025-10-16 22:00:00+00:00,34,1,39231,4348.1,4392.0,4341.5,4359.8,23009,GC.v.0
2025-10-16 23:00:00+00:00,34,1,39231,4360.2,4391.8,4354.6,4378.8,16317,GC.v.0
2025-10-17 00:00:00+00:00,34,1,39231,4378.3,4383.5,4365.4,4369.8,13938,GC.v.0
2025-10-17 01:00:00+00:00,34,1,39231,4369.7,4374.9,4291.3,4326.3,48612,GC.v.0
2025-10-17 02:00:00+00:00,34,1,39231,4326.1,4362.0,4324.2,4355.3,20396,GC.v.0
2025-10-17 03:00:00+00:00,34,1,39231,4355.6,4378.9,4351.3,4378.9,10931,GC.v.0
2025-10-17 04:00:00+00:00,34,1,39231,4378.9,4389.6,4367.5,4388.4,11511,GC.v.0
2025-10-17 05:00:00+00:00,34,1,39231,4388.2,4390.4,4353.5,4378.4,14265,GC.v.0
2025-10-17 06:00:00+00:00,34,1,39231,4378.5,4382.5,4358.9,4372.5,14299,GC.v.0
2025-10-17 07:00:00+00:00,34,1,39231,4372.0,4374.1,4320.0,4354.5,26541,GC.v.0
2025-10-17 08:00:00+00:00,34,1,39231,4354.5,4363.8,4332.4,4360.2,21062,GC.v.0
2025-10-17 09:00:00+00:00,34,1,39231,4360.2,4361.5,4345.3,4353.3,9697,GC.v.0
2025-10-17 10:00:00+00:00,34,1,39231,4353.1,4355.9,4332.0,4339.7,13576,GC.v.0
2025-10-17 11:00:00+00:00,34,1,39231,4339.7,4349.0,4298.0,4298.7,27819,GC.v.0
2025-10-17 12:00:00+00:00,34,1,39231,4298.7,4332.3,4294.5,4327.0,34699,GC.v.0
2025-10-17 13:00:00+00:00,34,1,39231,4326.6,4330.0,4268.2,4286.8,46620,GC.v.0
2025-10-17 14:00:00+00:00,34,1,39231,4286.4,4287.3,4226.0,4262.7,64118,GC.v.0
2025-10-17 15:00:00+00:00,34,1,39231,4262.3,4273.7,4244.2,4251.4,24327,GC.v.0
2025-10-17 16:00:00+00:00,34,1,39231,4251.5,4259.0,4211.6,4216.8,33911,GC.v.0
2025-10-17 17:00:00+00:00,34,1,39231,4217.5,4241.0,4196.0,4233.9,33399,GC.v.0
2025-10-17 18:00:00+00:00,34,1,39231,4234.2,4258.1,4231.2,4249.6,14916,GC.v.0
2025-10-17 19:00:00+00:00,34,1,39231,4249.8,4252.0,4225.0,4240.3,13461,GC.v.0
2025-10-17 20:00:00+00:00,34,1,39231,4241.7,4268.0,4234.4,4267.9,7032,GC.v.0
2025-10-19 22:00:00+00:00,34,1,39231,4269.0,4289.9,4253.2,4269.7,10444,GC.v.0
2025-10-19 23:00:00+00:00,34,1,39231,4269.7,4270.4,4243.3,4250.0,5814,GC.v.0
2025-10-20 00:00:00+00:00,34,1,39231,4249.4,4262.4,4229.7,4260.8,12024,GC.v.0
2025-10-20 01:00:00+00:00,34,1,39231,4260.5,4281.0,4240.7,4274.3,14511,GC.v.0
2025-10-20 02:00:00+00:00,34,1,39231,4274.7,4283.0,4264.2,4266.8,7673,GC.v.0
2025-10-20 03:00:00+00:00,34,1,39231,4266.8,4278.5,4261.0,4277.6,7159,GC.v.0
2025-10-20 04:00:00+00:00,34,1,39231,4278.0,4281.5,4273.3,4279.8,3626,GC.v.0
2025-10-20 05:00:00+00:00,34,1,39231,4279.3,4279.6,4251.4,4251.9,9429,GC.v.0
2025-10-20 06:00:00+00:00,34,1,39231,4252.3,4258.6,4233.6,4249.2,14410,GC.v.0
2025-10-20 07:00:00+00:00,34,1,39231,4249.0,4274.8,4247.5,4269.3,10215,GC.v.0
2025-10-20 08:00:00+00:00,34,1,39231,4269.1,4280.7,4266.3,4273.4,7754,GC.v.0
2025-10-20 09:00:00+00:00,34,1,39231,4273.3,4278.5,4264.4,4275.4,6664,GC.v.0
2025-10-20 10:00:00+00:00,34,1,39231,4275.4,4275.5,4259.5,4269.9,8369,GC.v.0
2025-10-20 11:00:00+00:00,34,1,39231,4269.5,4295.3,4265.7,4294.8,10227,GC.v.0
2025-10-20 12:00:00+00:00,34,1,39231,4294.6,4344.7,4287.6,4340.9,35765,GC.v.0
2025-10-20 13:00:00+00:00,34,1,39231,4340.9,4342.8,4315.4,4317.1,31949,GC.v.0
2025-10-20 14:00:00+00:00,34,1,39231,4316.8,4351.2,4308.3,4348.7,33412,GC.v.0
2025-10-20 15:00:00+00:00,34,1,39231,4348.7,4372.3,4348.7,4366.0,23297,GC.v.0
2025-10-20 16:00:00+00:00,34,1,39231,4366.0,4367.7,4358.9,4365.2,11903,GC.v.0
2025-10-20 17:00:00+00:00,34,1,39231,4365.4,4368.9,4354.4,4365.7,14039,GC.v.0
2025-10-20 18:00:00+00:00,34,1,39231,4365.8,4382.3,4362.1,4376.3,12919,GC.v.0
2025-10-20 19:00:00+00:00,34,1,39231,4376.4,4398.0,4376.1,4394.3,15693,GC.v.0
2025-10-20 20:00:00+00:00,34,1,39231,4394.4,4396.5,4363.7,4374.3,13656,GC.v.0
2025-10-20 22:00:00+00:00,34,1,39231,4371.0,4393.6,4370.2,4385.3,9812,GC.v.0
2025-10-20 23:00:00+00:00,34,1,39231,4385.5,4389.7,4373.0,4377.3,6044,GC.v.0
2025-10-21 00:00:00+00:00,34,1,39231,4377.4,4387.9,4372.1,4386.0,10046,GC.v.0
2025-10-21 01:00:00+00:00,34,1,39231,4385.9,4390.0,4348.4,4367.7,17937,GC.v.0
2025-10-21 02:00:00+00:00,34,1,39231,4368.1,4372.9,4351.3,4354.9,11318,GC.v.0
2025-10-21 03:00:00+00:00,34,1,39231,4354.8,4367.3,4353.7,4362.6,6045,GC.v.0
2025-10-21 04:00:00+00:00,34,1,39231,4362.8,4362.8,4352.5,4358.4,3841,GC.v.0
2025-10-21 05:00:00+00:00,34,1,39231,4358.3,4360.7,4332.6,4339.5,13361,GC.v.0
2025-10-21 06:00:00+00:00,34,1,39231,4338.6,4359.6,4333.0,4358.6,11186,GC.v.0
2025-10-21 07:00:00+00:00,34,1,39231,4358.5,4358.6,4308.5,4312.8,21616,GC.v.0
2025-10-21 08:00:00+00:00,34,1,39231,4312.6,4316.3,4257.7,4287.6,34819,GC.v.0
2025-10-21 09:00:00+00:00,34,1,39231,4287.3,4291.4,4267.9,4278.6,16674,GC.v.0
2025-10-21 10:00:00+00:00,34,1,39231,4278.9,4280.7,4262.5,4268.2,12823,GC.v.0
2025-10-21 11:00:00+00:00,34,1,39231,4268.0,4286.8,4258.9,4266.8,12629,GC.v.0
2025-10-21 12:00:00+00:00,34,1,39231,4266.8,4270.9,4217.2,4223.4,40113,GC.v.0
2025-10-21 13:00:00+00:00,34,1,39231,4223.5,4238.9,4179.1,4185.3,60711,GC.v.0
2025-10-21 14:00:00+00:00,34,1,39231,4185.9,4202.5,4093.0,4152.1,86072,GC.v.0
2025-10-21 15:00:00+00:00,34,1,39231,4152.0,4164.2,4131.3,4150.6,40545,GC.v.0
2025-10-21 16:00:00+00:00,34,1,39231,4150.5,4156.7,4112.0,4124.8,29861,GC.v.0
2025-10-21 17:00:00+00:00,34,1,39231,4125.2,4133.6,4105.0,4124.2,29160,GC.v.0
2025-10-21 18:00:00+00:00,34,1,39231,4124.0,4139.5,4118.8,4128.2,13094,GC.v.0
2025-10-21 19:00:00+00:00,34,1,39231,4128.4,4135.9,4112.4,4124.2,15630,GC.v.0
2025-10-21 20:00:00+00:00,34,1,39231,4124.5,4145.5,4121.0,4138.5,8556,GC.v.0
2025-10-21 22:00:00+00:00,34,1,39231,4137.0,4146.7,4126.6,4136.2,4850,GC.v.0
2025-10-21 23:00:00+00:00,34,1,39231,4136.1,4140.7,4103.4,4106.7,8697,GC.v.0
2025-10-22 00:00:00+00:00,34,1,39231,4106.8,4107.6,4021.2,4088.6,42049,GC.v.0
2025-10-22 01:00:00+00:00,34,1,39231,4088.5,4133.8,4077.2,4100.5,24126,GC.v.0
2025-10-22 02:00:00+00:00,34,1,39231,4100.7,4131.8,4100.6,4128.9,8974,GC.v.0
2025-10-22 03:00:00+00:00,34,1,39231,4129.1,4157.9,4120.4,4142.9,11313,GC.v.0
2025-10-22 04:00:00+00:00,34,1,39231,4142.8,4148.0,4121.9,4141.9,7735,GC.v.0
2025-10-22 05:00:00+00:00,34,1,39231,4142.4,4160.8,4140.2,4148.7,8489,GC.v.0
2025-10-22 06:00:00+00:00,34,1,39231,4148.8,4175.0,4141.0,4169.1,11908,GC.v.0
2025-10-22 07:00:00+00:00,34,1,39231,4169.3,4169.7,4142.4,4146.3,13077,GC.v.0
2025-10-22 08:00:00+00:00,34,1,39231,4146.2,4149.5,4074.0,4083.5,32277,GC.v.0
2025-10-22 09:00:00+00:00,34,1,39231,4083.7,4116.5,4076.3,4084.0,17215,GC.v.0
2025-10-22 10:00:00+00:00,34,1,39231,4083.9,4106.2,4035.0,4049.5,19388,GC.v.0
2025-10-22 11:00:00+00:00,34,1,39231,4049.4,4060.7,4029.1,4042.7,22021,GC.v.0
2025-10-22 12:00:00+00:00,34,1,39231,4042.5,4069.3,4038.0,4048.9,26984,GC.v.0
2025-10-22 13:00:00+00:00,34,1,39231,4048.9,4101.0,4048.8,4090.7,40578,GC.v.0
2025-10-22 14:00:00+00:00,34,1,39231,4090.6,4093.6,4025.1,4030.8,39294,GC.v.0
2025-10-22 15:00:00+00:00,34,1,39231,4030.7,4064.2,4030.5,4053.1,26972,GC.v.0
2025-10-22 16:00:00+00:00,34,1,39231,4053.5,4081.0,4039.4,4075.5,21894,GC.v.0
2025-10-22 17:00:00+00:00,34,1,39231,4074.7,4087.7,4058.8,4086.3,22085,GC.v.0
2025-10-22 18:00:00+00:00,34,1,39231,4086.5,4098.9,4083.0,4094.0,11392,GC.v.0
2025-10-22 19:00:00+00:00,34,1,39231,4094.2,4131.4,4093.8,4120.0,18811,GC.v.0
2025-10-22 20:00:00+00:00,34,1,39231,4120.4,4125.6,4106.4,4116.6,6791,GC.v.0
2025-10-22 22:00:00+00:00,34,1,39231,4114.8,4133.6,4108.8,4119.2,5411,GC.v.0
2025-10-22 23:00:00+00:00,34,1,39231,4119.2,4122.3,4096.4,4104.7,6481,GC.v.0
2025-10-23 00:00:00+00:00,34,1,39231,4104.2,4114.3,4079.6,4098.2,9315,GC.v.0
2025-10-23 01:00:00+00:00,34,1,39231,4097.7,4108.6,4087.2,4088.5,8150,GC.v.0
2025-10-23 02:00:00+00:00,34,1,39231,4088.9,4100.8,4087.2,4098.1,5258,GC.v.0
2025-10-23 03:00:00+00:00,34,1,39231,4098.0,4116.4,4093.1,4106.4,6135,GC.v.0
2025-10-23 04:00:00+00:00,34,1,39231,4106.7,4107.9,4094.4,4104.6,4754,GC.v.0
2025-10-23 05:00:00+00:00,34,1,39231,4104.3,4125.1,4099.0,4124.6,6715,GC.v.0
2025-10-23 06:00:00+00:00,34,1,39231,4124.7,4152.9,4124.6,4127.7,18675,GC.v.0
2025-10-23 07:00:00+00:00,34,1,39231,4127.8,4136.3,4106.4,4109.6,12995,GC.v.0
2025-10-23 08:00:00+00:00,34,1,39231,4109.9,4134.0,4109.8,4131.5,8696,GC.v.0
2025-10-23 09:00:00+00:00,34,1,39231,4131.5,4140.7,4126.4,4139.6,8325,GC.v.0
2025-10-23 10:00:00+00:00,34,1,39231,4139.6,4140.5,4115.5,4122.9,10813,GC.v.0
2025-10-23 11:00:00+00:00,34,1,39231,4122.9,4135.4,4121.5,4123.7,9085,GC.v.0
2025-10-23 12:00:00+00:00,34,1,39231,4123.4,4144.4,4113.7,4142.3,14697,GC.v.0
2025-10-23 13:00:00+00:00,34,1,39231,4142.1,4167.5,4141.1,4161.2,31150,GC.v.0
2025-10-23 14:00:00+00:00,34,1,39231,4161.1,4171.5,4150.6,4164.5,23135,GC.v.0
2025-10-23 15:00:00+00:00,34,1,39231,4164.5,4168.6,4152.7,4158.6,15203,GC.v.0
2025-10-23 16:00:00+00:00,34,1,39231,4158.6,4165.4,4141.9,4149.4,14892,GC.v.0
2025-10-23 17:00:00+00:00,34,1,39231,4149.2,4156.3,4141.0,4153.9,13118,GC.v.0
2025-10-23 18:00:00+00:00,34,1,39231,4153.9,4160.0,4149.2,4152.3,9350,GC.v.0
2025-10-23 19:00:00+00:00,34,1,39231,4152.3,4154.6,4132.5,4134.6,11275,GC.v.0
2025-10-23 20:00:00+00:00,34,1,39231,4134.6,4143.7,4123.5,4143.2,6046,GC.v.0
2025-10-23 22:00:00+00:00,34,1,39231,4144.0,4149.0,4127.3,4132.4,3788,GC.v.0
2025-10-23 23:00:00+00:00,34,1,39231,4132.5,4139.0,4121.2,4136.8,3609,GC.v.0
2025-10-24 00:00:00+00:00,34,1,39231,4137.1,4149.0,4133.4,4147.6,6486,GC.v.0
2025-10-24 01:00:00+00:00,34,1,39231,4147.7,4159.0,4126.0,4133.1,14015,GC.v.0
2025-10-24 02:00:00+00:00,34,1,39231,4133.3,4133.5,4123.3,4123.7,8492,GC.v.0
2025-10-24 03:00:00+00:00,34,1,39231,4123.6,4137.3,4122.1,4135.9,6058,GC.v.0
2025-10-24 04:00:00+00:00,34,1,39231,4136.2,4137.1,4115.5,4124.7,8705,GC.v.0
2025-10-24 05:00:00+00:00,34,1,39231,4124.9,4131.5,4116.4,4118.5,7363,GC.v.0
2025-10-24 06:00:00+00:00,34,1,39231,4118.3,4118.9,4096.1,4107.5,17090,GC.v.0
2025-10-24 07:00:00+00:00,34,1,39231,4107.4,4111.7,4083.1,4088.9,13095,GC.v.0
2025-10-24 08:00:00+00:00,34,1,39231,4088.8,4092.3,4060.9,4079.0,18538,GC.v.0
2025-10-24 09:00:00+00:00,34,1,39231,4078.7,4087.2,4068.1,4075.5,8441,GC.v.0
2025-10-24 10:00:00+00:00,34,1,39231,4074.9,4085.4,4067.0,4068.4,6730,GC.v.0
2025-10-24 11:00:00+00:00,34,1,39231,4068.2,4079.3,4055.7,4075.6,9638,GC.v.0
2025-10-24 12:00:00+00:00,34,1,39231,4075.7,4110.1,4073.4,4096.1,22768,GC.v.0
2025-10-24 13:00:00+00:00,34,1,39231,4096.3,4137.7,4093.2,4120.9,37923,GC.v.0
2025-10-24 14:00:00+00:00,34,1,39231,4121.3,4151.1,4116.5,4133.0,27872,GC.v.0
2025-10-24 15:00:00+00:00,34,1,39231,4133.1,4148.3,4128.7,4146.7,14466,GC.v.0
2025-10-24 16:00:00+00:00,34,1,39231,4146.6,4156.0,4138.1,4145.8,13004,GC.v.0
2025-10-24 17:00:00+00:00,34,1,39231,4146.3,4151.4,4121.2,4123.4,14815,GC.v.0
2025-10-24 18:00:00+00:00,34,1,39231,4123.5,4130.0,4117.6,4126.7,10865,GC.v.0
2025-10-24 19:00:00+00:00,34,1,39231,4126.3,4133.7,4117.5,4119.7,8101,GC.v.0
2025-10-24 20:00:00+00:00,34,1,39231,4119.7,4129.2,4111.0,4126.9,4551,GC.v.0
2025-10-26 22:00:00+00:00,34,1,39231,4103.2,4123.8,4074.2,4096.4,15645,GC.v.0
2025-10-26 23:00:00+00:00,34,1,39231,4097.3,4102.9,4075.4,4078.2,8959,GC.v.0
2025-10-27 00:00:00+00:00,34,1,39231,4078.7,4098.4,4071.8,4095.2,8213,GC.v.0
2025-10-27 01:00:00+00:00,34,1,39231,4094.9,4112.0,4088.8,4094.8,11163,GC.v.0
2025-10-27 02:00:00+00:00,34,1,39231,4094.6,4095.2,4083.0,4084.7,7333,GC.v.0
2025-10-27 03:00:00+00:00,34,1,39231,4084.9,4095.1,4078.3,4082.0,6604,GC.v.0
2025-10-27 04:00:00+00:00,34,1,39231,4082.0,4084.8,4065.8,4081.8,9823,GC.v.0
2025-10-27 05:00:00+00:00,34,1,39231,4081.5,4098.6,4081.2,4093.5,6507,GC.v.0
2025-10-27 06:00:00+00:00,34,1,39231,4093.5,4098.3,4087.0,4091.8,6095,GC.v.0
2025-10-27 07:00:00+00:00,34,1,39231,4091.8,4093.8,4077.4,4081.7,5366,GC.v.0
2025-10-27 08:00:00+00:00,34,1,39231,4081.6,4083.6,4034.2,4055.2,17379,GC.v.0
2025-10-27 09:00:00+00:00,34,1,39231,4055.4,4063.6,4042.7,4053.3,13233,GC.v.0
2025-10-27 10:00:00+00:00,34,1,39231,4053.0,4061.8,4042.3,4050.8,7823,GC.v.0
2025-10-27 11:00:00+00:00,34,1,39231,4051.0,4054.9,4028.0,4038.0,15691,GC.v.0
2025-10-27 12:00:00+00:00,34,1,39231,4037.9,4061.2,4036.0,4060.1,13749,GC.v.0
2025-10-27 13:00:00+00:00,34,1,39231,4060.3,4064.8,4026.9,4036.0,26070,GC.v.0
2025-10-27 14:00:00+00:00,34,1,39231,4035.7,4037.3,3995.2,4002.2,48363,GC.v.0
2025-10-27 15:00:00+00:00,34,1,39231,4002.1,4008.3,3985.9,4004.6,29660,GC.v.0
2025-10-27 16:00:00+00:00,34,1,39231,4004.8,4015.6,3998.6,4014.3,14796,GC.v.0
2025-10-27 17:00:00+00:00,34,1,39231,4014.5,4024.2,4005.5,4021.7,15644,GC.v.0
2025-10-27 18:00:00+00:00,34,1,39231,4021.8,4025.8,4012.1,4014.1,9823,GC.v.0
2025-10-27 19:00:00+00:00,34,1,39231,4014.2,4020.3,4000.8,4006.0,11424,GC.v.0
2025-10-27 20:00:00+00:00,34,1,39231,4005.8,4016.0,3994.2,3997.0,5764,GC.v.0
2025-10-27 22:00:00+00:00,34,1,39231,3999.9,4012.2,3994.1,4004.5,3350,GC.v.0
2025-10-27 23:00:00+00:00,34,1,39231,4004.2,4019.0,3997.2,4012.5,6043,GC.v.0
2025-10-28 00:00:00+00:00,34,1,39231,4012.8,4024.5,3987.2,4021.5,11073,GC.v.0
2025-10-28 01:00:00+00:00,34,1,39231,4021.8,4034.2,4017.0,4024.4,11258,GC.v.0
2025-10-28 02:00:00+00:00,34,1,39231,4024.4,4027.2,3995.1,3998.6,10525,GC.v.0
2025-10-28 03:00:00+00:00,34,1,39231,3998.3,4008.9,3997.3,4006.7,5402,GC.v.0
2025-10-28 04:00:00+00:00,34,1,39231,4007.0,4008.2,3978.0,3988.0,12655,GC.v.0
2025-10-28 05:00:00+00:00,34,1,39231,3988.3,3995.1,3973.0,3980.7,10037,GC.v.0
2025-10-28 06:00:00+00:00,34,1,39231,3980.5,3983.0,3953.4,3958.1,14336,GC.v.0
2025-10-28 07:00:00+00:00,34,1,39231,3958.2,3964.6,3936.9,3947.4,15722,GC.v.0
2025-10-28 08:00:00+00:00,34,1,39231,3947.6,3950.9,3911.1,3912.0,22147,GC.v.0
2025-10-28 09:00:00+00:00,34,1,39231,3911.7,3925.7,3901.3,3919.0,21018,GC.v.0
2025-10-28 10:00:00+00:00,34,1,39231,3918.6,3947.0,3913.5,3940.8,15922,GC.v.0
2025-10-28 11:00:00+00:00,34,1,39231,3941.0,3944.3,3925.6,3937.1,12775,GC.v.0
2025-10-28 12:00:00+00:00,34,1,39231,3937.0,3944.3,3919.2,3927.0,15058,GC.v.0
2025-10-28 13:00:00+00:00,34,1,39231,3927.2,3955.4,3926.5,3953.5,26258,GC.v.0
2025-10-28 14:00:00+00:00,34,1,39231,3953.9,3968.6,3949.5,3964.6,24751,GC.v.0
2025-10-28 15:00:00+00:00,34,1,39231,3964.5,3983.8,3961.8,3978.6,20622,GC.v.0
2025-10-28 16:00:00+00:00,34,1,39231,3978.7,3979.7,3965.6,3973.5,19326,GC.v.0
2025-10-28 17:00:00+00:00,34,1,39231,3973.4,3985.7,3969.1,3976.6,17920,GC.v.0
2025-10-28 18:00:00+00:00,34,1,39231,3976.5,3978.4,3959.1,3971.6,10537,GC.v.0
2025-10-28 19:00:00+00:00,34,1,39231,3971.5,3978.3,3965.1,3975.8,9884,GC.v.0
2025-10-28 20:00:00+00:00,34,1,39231,3975.4,3976.4,3964.6,3968.1,3921,GC.v.0
2025-10-28 22:00:00+00:00,34,1,39231,3967.2,3977.5,3930.0,3948.8,7647,GC.v.0
2025-10-28 23:00:00+00:00,34,1,39231,3949.1,3982.5,3948.7,3979.0,5268,GC.v.0
2025-10-29 00:00:00+00:00,34,1,39231,3978.6,3995.7,3973.4,3988.6,10966,GC.v.0
2025-10-29 01:00:00+00:00,34,1,39231,3988.9,3993.7,3979.6,3987.3,9093,GC.v.0
2025-10-29 02:00:00+00:00,34,1,39231,3987.2,3988.2,3957.2,3975.0,8301,GC.v.0
2025-10-29 03:00:00+00:00,34,1,39231,3974.6,3986.2,3971.7,3977.0,5396,GC.v.0
2025-10-29 04:00:00+00:00,34,1,39231,3977.2,3978.8,3964.5,3965.8,4233,GC.v.0
2025-10-29 05:00:00+00:00,34,1,39231,3965.6,3979.7,3963.9,3976.0,4437,GC.v.0
2025-10-29 06:00:00+00:00,34,1,39231,3976.3,3998.8,3973.2,3992.2,6418,GC.v.0
2025-10-29 07:00:00+00:00,34,1,39231,3992.0,4014.8,3988.7,4014.5,11835,GC.v.0
2025-10-29 08:00:00+00:00,34,1,39231,4014.8,4031.2,4013.4,4029.8,13994,GC.v.0
2025-10-29 09:00:00+00:00,34,1,39231,4029.5,4042.7,4026.0,4037.2,11110,GC.v.0
2025-10-29 10:00:00+00:00,34,1,39231,4037.4,4043.7,4030.1,4037.2,8462,GC.v.0
2025-10-29 11:00:00+00:00,34,1,39231,4037.1,4042.1,4026.6,4030.2,9068,GC.v.0
2025-10-29 12:00:00+00:00,34,1,39231,4031.0,4046.2,4027.0,4038.8,10003,GC.v.0
2025-10-29 13:00:00+00:00,34,1,39231,4038.8,4038.9,4016.8,4026.9,24386,GC.v.0
2025-10-29 14:00:00+00:00,34,1,39231,4026.8,4037.1,4020.6,4021.9,15000,GC.v.0
2025-10-29 15:00:00+00:00,34,1,39231,4021.8,4026.6,4003.4,4007.5,17402,GC.v.0
2025-10-29 16:00:00+00:00,34,1,39231,4007.8,4016.3,4005.9,4007.7,8760,GC.v.0
2025-10-29 17:00:00+00:00,34,1,39231,4007.3,4012.0,3999.2,4009.0,9471,GC.v.0
2025-10-29 18:00:00+00:00,34,1,39231,4008.6,4021.7,3954.7,3982.9,38711,GC.v.0
2025-10-29 19:00:00+00:00,34,1,39231,3983.0,3993.5,3940.4,3959.2,22995,GC.v.0
2025-10-29 20:00:00+00:00,34,1,39231,3958.7,3967.8,3940.5,3941.7,7651,GC.v.0
2025-10-29 22:00:00+00:00,34,1,39231,3942.8,3960.5,3925.1,3953.0,6527,GC.v.0
2025-10-29 23:00:00+00:00,34,1,39231,3952.9,3965.5,3951.0,3963.9,3698,GC.v.0
2025-10-30 00:00:00+00:00,34,1,39231,3964.1,3976.6,3948.2,3961.8,7980,GC.v.0
2025-10-30 01:00:00+00:00,34,1,39231,3961.5,3978.2,3956.5,3960.4,10835,GC.v.0
2025-10-30 02:00:00+00:00,34,1,39231,3960.0,3960.8,3934.2,3934.5,10576,GC.v.0
2025-10-30 03:00:00+00:00,34,1,39231,3934.9,3949.8,3927.6,3949.4,6483,GC.v.0
2025-10-30 04:00:00+00:00,34,1,39231,3949.5,3996.0,3946.7,3985.2,14017,GC.v.0
2025-10-30 05:00:00+00:00,34,1,39231,3985.5,3991.0,3959.0,3976.2,9539,GC.v.0
2025-10-30 06:00:00+00:00,34,1,39231,3975.8,3990.0,3968.4,3989.3,7429,GC.v.0
2025-10-30 07:00:00+00:00,34,1,39231,3989.1,3990.0,3967.0,3972.8,6315,GC.v.0
2025-10-30 08:00:00+00:00,34,1,39231,3973.0,3989.2,3971.4,3988.5,7633,GC.v.0
2025-10-30 09:00:00+00:00,34,1,39231,3988.2,4024.2,3988.1,4010.4,14207,GC.v.0
2025-10-30 10:00:00+00:00,34,1,39231,4010.7,4013.3,3985.1,3995.8,9656,GC.v.0
2025-10-30 11:00:00+00:00,34,1,39231,3996.1,3997.3,3975.3,3985.7,8817,GC.v.0
2025-10-30 12:00:00+00:00,34,1,39231,3985.8,3997.7,3972.0,3972.6,12761,GC.v.0
2025-10-30 13:00:00+00:00,34,1,39231,3972.2,4007.9,3970.9,4007.9,18399,GC.v.0
2025-10-30 14:00:00+00:00,34,1,39231,4007.6,4028.3,3999.6,4009.6,28028,GC.v.0
2025-10-30 15:00:00+00:00,34,1,39231,4009.2,4022.4,4001.6,4015.3,12984,GC.v.0
2025-10-30 16:00:00+00:00,34,1,39231,4015.3,4017.8,4004.6,4014.5,7717,GC.v.0
2025-10-30 17:00:00+00:00,34,1,39231,4014.7,4031.5,4007.7,4017.5,9118,GC.v.0
2025-10-30 18:00:00+00:00,34,1,39231,4017.5,4030.5,4013.3,4028.2,7484,GC.v.0
2025-10-30 19:00:00+00:00,34,1,39231,4028.3,4038.5,4027.2,4035.2,6983,GC.v.0
2025-10-30 20:00:00+00:00,34,1,39231,4035.2,4041.5,4029.3,4038.3,4692,GC.v.0
2025-10-30 22:00:00+00:00,34,1,39231,4038.2,4059.9,4029.3,4051.1,5184,GC.v.0
2025-10-30 23:00:00+00:00,34,1,39231,4051.5,4055.3,4031.3,4048.6,7073,GC.v.0
2025-10-31 00:00:00+00:00,34,1,39231,4048.7,4049.0,4035.5,4036.9,5058,GC.v.0
2025-10-31 01:00:00+00:00,34,1,39231,4037.1,4051.4,4025.4,4032.0,9355,GC.v.0
2025-10-31 02:00:00+00:00,34,1,39231,4031.7,4032.7,4012.8,4023.9,11441,GC.v.0
2025-10-31 03:00:00+00:00,34,1,39231,4023.6,4026.4,4003.6,4009.0,8337,GC.v.0
2025-10-31 04:00:00+00:00,34,1,39231,4009.5,4023.7,4001.9,4018.4,6275,GC.v.0
2025-10-31 05:00:00+00:00,34,1,39231,4018.0,4022.9,4006.2,4016.6,6008,GC.v.0
2025-10-31 06:00:00+00:00,34,1,39231,4016.9,4027.8,4013.7,4024.9,6095,GC.v.0
2025-10-31 07:00:00+00:00,34,1,39231,4024.7,4036.6,4019.2,4032.6,8094,GC.v.0
2025-10-31 08:00:00+00:00,34,1,39231,4032.4,4038.5,4018.1,4021.9,7073,GC.v.0
2025-10-31 09:00:00+00:00,34,1,39231,4021.6,4026.1,4010.0,4019.8,7033,GC.v.0
2025-10-31 10:00:00+00:00,34,1,39231,4020.1,4028.6,4015.0,4018.8,5683,GC.v.0
2025-10-31 11:00:00+00:00,34,1,39231,4018.7,4023.0,4012.8,4022.4,4433,GC.v.0
2025-10-31 12:00:00+00:00,34,1,39231,4022.2,4049.2,4020.8,4035.3,13656,GC.v.0
2025-10-31 13:00:00+00:00,34,1,39231,4035.4,4048.5,4021.9,4028.2,17234,GC.v.0
2025-10-31 14:00:00+00:00,34,1,39231,4028.3,4039.4,4022.5,4033.0,13725,GC.v.0
2025-10-31 15:00:00+00:00,34,1,39231,4032.8,4035.9,4021.4,4025.0,14749,GC.v.0
2025-10-31 16:00:00+00:00,34,1,39231,4024.8,4027.5,3982.3,3991.8,32305,GC.v.0
2025-10-31 17:00:00+00:00,34,1,39231,3992.2,4015.1,3991.5,4009.0,17005,GC.v.0
2025-10-31 18:00:00+00:00,34,1,39231,4009.3,4021.5,4006.4,4011.7,8032,GC.v.0
2025-10-31 19:00:00+00:00,34,1,39231,4011.9,4017.6,4003.4,4012.9,7079,GC.v.0
2025-10-31 20:00:00+00:00,34,1,39231,4012.7,4018.9,4007.6,4013.4,3091,GC.v.0
2025-11-02 23:00:00+00:00,34,1,39231,4001.0,4009.2,3988.1,3989.7,8175,GC.v.0
2025-11-03 00:00:00+00:00,34,1,39231,3990.0,3998.3,3971.3,3980.9,10713,GC.v.0
2025-11-03 01:00:00+00:00,34,1,39231,3980.9,4011.5,3974.5,4006.1,12037,GC.v.0
2025-11-03 02:00:00+00:00,34,1,39231,4005.6,4017.0,4000.0,4014.5,6514,GC.v.0
2025-11-03 03:00:00+00:00,34,1,39231,4014.8,4025.4,4012.7,4021.3,5864,GC.v.0
2025-11-03 04:00:00+00:00,34,1,39231,4021.4,4024.6,4011.7,4013.3,4651,GC.v.0
2025-11-03 05:00:00+00:00,34,1,39231,4013.8,4029.2,4007.0,4024.7,6866,GC.v.0
2025-11-03 06:00:00+00:00,34,1,39231,4025.0,4029.9,4020.5,4028.4,4358,GC.v.0
2025-11-03 07:00:00+00:00,34,1,39231,4028.2,4036.7,4023.2,4035.9,6271,GC.v.0
2025-11-03 08:00:00+00:00,34,1,39231,4036.2,4038.7,4021.2,4029.9,8519,GC.v.0
2025-11-03 09:00:00+00:00,34,1,39231,4030.2,4036.9,4003.3,4011.6,11706,GC.v.0
2025-11-03 10:00:00+00:00,34,1,39231,4011.7,4016.2,4005.2,4010.2,7830,GC.v.0
2025-11-03 11:00:00+00:00,34,1,39231,4010.0,4020.7,4005.9,4019.6,7385,GC.v.0
2025-11-03 12:00:00+00:00,34,1,39231,4019.6,4025.5,4012.9,4025.3,8591,GC.v.0
2025-11-03 13:00:00+00:00,34,1,39231,4025.2,4032.5,4021.8,4028.1,13947,GC.v.0
2025-11-03 14:00:00+00:00,34,1,39231,4028.0,4038.5,4012.4,4034.1,18940,GC.v.0
2025-11-03 15:00:00+00:00,34,1,39231,4035.0,4043.1,4014.4,4019.3,26689,GC.v.0
2025-11-03 16:00:00+00:00,34,1,39231,4019.2,4024.6,4006.0,4019.8,13882,GC.v.0
2025-11-03 17:00:00+00:00,34,1,39231,4019.9,4024.4,4015.2,4018.0,8705,GC.v.0
2025-11-03 18:00:00+00:00,34,1,39231,4017.9,4021.9,4011.6,4018.2,8374,GC.v.0
2025-11-03 19:00:00+00:00,34,1,39231,4018.4,4020.3,4007.1,4016.3,6222,GC.v.0
2025-11-03 20:00:00+00:00,34,1,39231,4016.6,4027.4,4016.6,4022.7,5777,GC.v.0
2025-11-03 21:00:00+00:00,34,1,39231,4022.5,4022.7,4012.1,4013.7,2221,GC.v.0
2025-11-03 23:00:00+00:00,34,1,39231,4013.7,4018.0,3989.1,4008.1,5258,GC.v.0
2025-11-04 00:00:00+00:00,34,1,39231,4008.4,4010.0,3988.1,3996.1,8434,GC.v.0
2025-11-04 01:00:00+00:00,34,1,39231,3996.3,4004.3,3988.7,3996.4,7842,GC.v.0
2025-11-04 02:00:00+00:00,34,1,39231,3996.4,3996.5,3984.2,3996.4,9493,GC.v.0
2025-11-04 03:00:00+00:00,34,1,39231,3996.5,4009.2,3991.5,4003.7,6338,GC.v.0
2025-11-04 04:00:00+00:00,34,1,39231,4003.8,4004.4,3993.0,3994.9,5030,GC.v.0
2025-11-04 05:00:00+00:00,34,1,39231,3994.6,3996.3,3980.9,3982.4,7328,GC.v.0
2025-11-04 06:00:00+00:00,34,1,39231,3982.1,3996.9,3975.0,3993.4,9624,GC.v.0
2025-11-04 07:00:00+00:00,34,1,39231,3993.5,4006.6,3990.7,4004.0,7502,GC.v.0
2025-11-04 08:00:00+00:00,34,1,39231,4004.3,4011.6,4000.7,4006.8,7303,GC.v.0
2025-11-04 09:00:00+00:00,34,1,39231,4006.5,4010.6,4000.1,4001.1,6055,GC.v.0
2025-11-04 10:00:00+00:00,34,1,39231,4000.9,4008.1,3995.4,4004.0,5492,GC.v.0
2025-11-04 11:00:00+00:00,34,1,39231,4004.1,4010.7,4001.6,4005.7,3797,GC.v.0
2025-11-04 12:00:00+00:00,34,1,39231,4005.8,4008.0,3992.9,3994.7,7193,GC.v.0
2025-11-04 13:00:00+00:00,34,1,39231,3994.5,4006.8,3981.9,3985.7,13385,GC.v.0
2025-11-04 14:00:00+00:00,34,1,39231,3985.5,3987.3,3937.1,3966.5,42999,GC.v.0
2025-11-04 15:00:00+00:00,34,1,39231,3966.4,3977.9,3950.3,3966.4,21049,GC.v.0
2025-11-04 16:00:00+00:00,34,1,39231,3966.5,3986.3,3966.4,3979.4,11944,GC.v.0
2025-11-04 17:00:00+00:00,34,1,39231,3979.4,3981.2,3962.1,3965.3,9714,GC.v.0
2025-11-04 18:00:00+00:00,34,1,39231,3965.1,3967.0,3941.7,3947.1,15323,GC.v.0
2025-11-04 19:00:00+00:00,34,1,39231,3947.5,3953.6,3944.0,3947.2,7913,GC.v.0
2025-11-04 20:00:00+00:00,34,1,39231,3947.1,3951.6,3940.9,3948.7,9233,GC.v.0
2025-11-04 21:00:00+00:00,34,1,39231,3948.8,3949.3,3939.8,3941.3,3151,GC.v.0
2025-11-04 23:00:00+00:00,34,1,39231,3939.5,3949.5,3938.4,3942.5,3456,GC.v.0
2025-11-05 00:00:00+00:00,34,1,39231,3942.4,3951.5,3935.7,3948.0,7235,GC.v.0
2025-11-05 01:00:00+00:00,34,1,39231,3948.4,3958.0,3942.6,3945.3,8468,GC.v.0
2025-11-05 02:00:00+00:00,34,1,39231,3945.3,3959.7,3943.6,3957.6,6303,GC.v.0
2025-11-05 03:00:00+00:00,34,1,39231,3957.1,3974.1,3955.9,3969.2,5513,GC.v.0
2025-11-05 04:00:00+00:00,34,1,39231,3969.2,3982.4,3968.3,3978.5,5583,GC.v.0
2025-11-05 05:00:00+00:00,34,1,39231,3978.8,3987.2,3970.6,3973.2,6708,GC.v.0
2025-11-05 06:00:00+00:00,34,1,39231,3973.6,3982.5,3970.3,3975.0,4462,GC.v.0
2025-11-05 07:00:00+00:00,34,1,39231,3975.1,3984.4,3971.7,3982.2,5992,GC.v.0
2025-11-05 08:00:00+00:00,34,1,39231,3982.2,3997.0,3982.0,3990.0,9152,GC.v.0
2025-11-05 09:00:00+00:00,34,1,39231,3989.8,3991.3,3973.5,3981.9,7269,GC.v.0
2025-11-05 10:00:00+00:00,34,1,39231,3981.8,3981.8,3965.1,3973.5,7208,GC.v.0
2025-11-05 11:00:00+00:00,34,1,39231,3973.5,3978.2,3966.4,3975.5,5510,GC.v.0
2025-11-05 12:00:00+00:00,34,1,39231,3975.5,3979.3,3970.8,3979.3,4249,GC.v.0
2025-11-05 13:00:00+00:00,34,1,39231,3979.3,3989.5,3973.8,3985.9,10061,GC.v.0
2025-11-05 14:00:00+00:00,34,1,39231,3985.6,3995.6,3979.0,3983.0,13422,GC.v.0
2025-11-05 15:00:00+00:00,34,1,39231,3982.5,3994.5,3972.9,3987.9,16191,GC.v.0
2025-11-05 16:00:00+00:00,34,1,39231,3988.5,4000.7,3983.8,3996.8,9314,GC.v.0
2025-11-05 17:00:00+00:00,34,1,39231,3996.8,3999.8,3988.1,3991.3,6745,GC.v.0
2025-11-05 18:00:00+00:00,34,1,39231,3991.7,3995.9,3988.4,3992.1,4718,GC.v.0
2025-11-05 19:00:00+00:00,34,1,39231,3992.2,3998.9,3988.7,3997.9,3709,GC.v.0
2025-11-05 20:00:00+00:00,34,1,39231,3997.8,4000.3,3991.6,3994.8,4528,GC.v.0
2025-11-05 21:00:00+00:00,34,1,39231,3995.1,3995.6,3988.5,3990.4,1933,GC.v.0
2025-11-05 23:00:00+00:00,34,1,39231,3992.4,3992.8,3973.9,3982.8,4428,GC.v.0
2025-11-06 00:00:00+00:00,34,1,39231,3982.7,3984.7,3978.2,3984.7,3227,GC.v.0
2025-11-06 01:00:00+00:00,34,1,39231,3984.9,3986.1,3973.2,3984.6,4894,GC.v.0
2025-11-06 02:00:00+00:00,34,1,39231,3984.6,3993.9,3982.2,3991.7,4406,GC.v.0
2025-11-06 03:00:00+00:00,34,1,39231,3991.7,3998.7,3987.6,3995.7,3658,GC.v.0
2025-11-06 04:00:00+00:00,34,1,39231,3995.5,3998.3,3992.6,3997.0,2658,GC.v.0
2025-11-06 05:00:00+00:00,34,1,39231,3997.0,3999.5,3994.2,3996.7,3185,GC.v.0
2025-11-06 06:00:00+00:00,34,1,39231,3996.7,4002.3,3990.7,4000.7,4773,GC.v.0
2025-11-06 07:00:00+00:00,34,1,39231,4000.8,4018.5,4000.3,4014.8,9388,GC.v.0
2025-11-06 08:00:00+00:00,34,1,39231,4014.8,4026.0,4013.8,4024.3,7809,GC.v.0
2025-11-06 09:00:00+00:00,34,1,39231,4024.1,4024.6,4018.4,4020.3,5515,GC.v.0
2025-11-06 10:00:00+00:00,34,1,39231,4020.4,4020.6,4013.5,4017.7,6200,GC.v.0
2025-11-06 11:00:00+00:00,34,1,39231,4017.6,4028.6,4016.3,4027.2,6546,GC.v.0
2025-11-06 12:00:00+00:00,34,1,39231,4027.0,4028.7,4012.0,4014.5,7636,GC.v.0
2025-11-06 13:00:00+00:00,34,1,39231,4014.6,4025.5,4012.8,4021.1,7708,GC.v.0
2025-11-06 14:00:00+00:00,34,1,39231,4021.1,4023.1,3997.4,4001.9,18145,GC.v.0
2025-11-06 15:00:00+00:00,34,1,39231,4001.5,4002.2,3983.5,3988.3,21680,GC.v.0
2025-11-06 16:00:00+00:00,34,1,39231,3988.2,3994.7,3984.3,3989.1,9676,GC.v.0
2025-11-06 17:00:00+00:00,34,1,39231,3989.5,3996.4,3973.2,3994.5,14414,GC.v.0
2025-11-06 18:00:00+00:00,34,1,39231,3994.5,3999.1,3988.1,3995.9,7882,GC.v.0
2025-11-06 19:00:00+00:00,34,1,39231,3995.9,4003.7,3990.8,3993.2,5204,GC.v.0
2025-11-06 20:00:00+00:00,34,1,39231,3993.3,3995.2,3987.2,3988.8,3730,GC.v.0
2025-11-06 21:00:00+00:00,34,1,39231,3989.0,3990.8,3984.3,3984.8,2268,GC.v.0
2025-11-06 23:00:00+00:00,34,1,39231,3986.9,3996.8,3981.6,3996.0,2581,GC.v.0
2025-11-07 00:00:00+00:00,34,1,39231,3996.0,4002.0,3991.6,3996.0,3366,GC.v.0
2025-11-07 01:00:00+00:00,34,1,39231,3995.9,4010.4,3994.7,4009.2,6029,GC.v.0
2025-11-07 02:00:00+00:00,34,1,39231,4009.2,4011.3,3998.7,4002.6,4718,GC.v.0
2025-11-07 03:00:00+00:00,34,1,39231,4002.3,4003.7,3995.4,3997.7,3473,GC.v.0
2025-11-07 04:00:00+00:00,34,1,39231,3997.4,4006.0,3992.6,4005.7,3212,GC.v.0
2025-11-07 05:00:00+00:00,34,1,39231,4006.0,4006.3,3998.7,4002.4,2751,GC.v.0
2025-11-07 06:00:00+00:00,34,1,39231,4002.3,4016.2,3999.5,4014.5,5048,GC.v.0
2025-11-07 07:00:00+00:00,34,1,39231,4014.7,4017.3,4010.3,4015.2,5554,GC.v.0
2025-11-07 08:00:00+00:00,34,1,39231,4015.4,4018.7,4011.2,4018.0,5027,GC.v.0
2025-11-07 09:00:00+00:00,34,1,39231,4017.9,4022.6,4011.6,4014.5,5092,GC.v.0
2025-11-07 10:00:00+00:00,34,1,39231,4014.6,4017.3,4010.5,4015.7,3977,GC.v.0
2025-11-07 11:00:00+00:00,34,1,39231,4015.6,4019.9,4001.2,4011.0,6789,GC.v.0
2025-11-07 12:00:00+00:00,34,1,39231,4010.9,4016.9,3998.9,4003.3,6919,GC.v.0
2025-11-07 13:00:00+00:00,34,1,39231,4003.4,4009.6,3998.7,4004.5,7636,GC.v.0
2025-11-07 14:00:00+00:00,34,1,39231,4004.7,4015.0,3991.2,4001.0,16311,GC.v.0
2025-11-07 15:00:00+00:00,34,1,39231,4000.5,4006.8,3991.0,3998.0,11845,GC.v.0
2025-11-07 16:00:00+00:00,34,1,39231,3998.3,4035.8,3997.0,4015.8,25346,GC.v.0
2025-11-07 17:00:00+00:00,34,1,39231,4015.9,4018.0,3999.6,4012.6,15065,GC.v.0
2025-11-07 18:00:00+00:00,34,1,39231,4012.6,4016.4,4006.6,4012.5,8819,GC.v.0
2025-11-07 19:00:00+00:00,34,1,39231,4012.8,4016.1,4008.9,4014.2,4885,GC.v.0
2025-11-07 20:00:00+00:00,34,1,39231,4014.0,4014.4,4002.4,4012.1,5702,GC.v.0
2025-11-07 21:00:00+00:00,34,1,39231,4011.8,4013.1,4006.3,4007.8,1997,GC.v.0
2025-11-09 23:00:00+00:00,34,1,39231,4007.2,4020.4,4004.2,4019.5,5488,GC.v.0
2025-11-10 00:00:00+00:00,34,1,39231,4019.7,4032.1,4019.2,4028.3,6556,GC.v.0
2025-11-10 01:00:00+00:00,34,1,39231,4027.9,4062.0,4026.8,4052.9,18248,GC.v.0
2025-11-10 02:00:00+00:00,34,1,39231,4052.8,4057.9,4046.3,4056.8,7516,GC.v.0
2025-11-10 03:00:00+00:00,34,1,39231,4056.8,4061.7,4053.5,4058.7,4996,GC.v.0
2025-11-10 04:00:00+00:00,34,1,39231,4058.5,4065.9,4058.5,4062.8,4218,GC.v.0
2025-11-10 05:00:00+00:00,34,1,39231,4062.8,4078.2,4058.7,4078.0,7708,GC.v.0
2025-11-10 06:00:00+00:00,34,1,39231,4077.8,4087.2,4074.9,4083.5,7816,GC.v.0
2025-11-10 07:00:00+00:00,34,1,39231,4083.9,4087.6,4080.4,4083.6,5575,GC.v.0
2025-11-10 08:00:00+00:00,34,1,39231,4083.4,4093.7,4083.0,4090.3,8302,GC.v.0
2025-11-10 09:00:00+00:00,34,1,39231,4090.5,4095.1,4079.5,4084.9,8781,GC.v.0
2025-11-10 10:00:00+00:00,34,1,39231,4084.8,4092.2,4084.3,4089.3,4672,GC.v.0
2025-11-10 11:00:00+00:00,34,1,39231,4089.3,4094.0,4083.9,4093.8,4656,GC.v.0
2025-11-10 12:00:00+00:00,34,1,39231,4094.0,4108.7,4092.9,4106.1,11254,GC.v.0
2025-11-10 13:00:00+00:00,34,1,39231,4105.9,4115.0,4098.2,4099.9,15214,GC.v.0
2025-11-10 14:00:00+00:00,34,1,39231,4099.9,4102.4,4082.4,4091.4,20633,GC.v.0
2025-11-10 15:00:00+00:00,34,1,39231,4091.3,4102.3,4084.6,4091.4,18693,GC.v.0
2025-11-10 16:00:00+00:00,34,1,39231,4091.2,4104.2,4089.2,4103.2,9247,GC.v.0
2025-11-10 17:00:00+00:00,34,1,39231,4103.1,4110.7,4101.3,4110.7,7019,GC.v.0
2025-11-10 18:00:00+00:00,34,1,39231,4110.4,4123.9,4109.4,4117.4,15201,GC.v.0
2025-11-10 19:00:00+00:00,34,1,39231,4118.0,4123.4,4115.4,4120.9,5465,GC.v.0
2025-11-10 20:00:00+00:00,34,1,39231,4121.0,4122.3,4113.8,4118.8,6189,GC.v.0
2025-11-10 21:00:00+00:00,34,1,39231,4118.9,4124.0,4117.6,4123.4,2238,GC.v.0
2025-11-10 23:00:00+00:00,34,1,39231,4124.0,4129.7,4121.5,4126.6,5672,GC.v.0
2025-11-11 00:00:00+00:00,34,1,39231,4126.9,4139.9,4123.1,4137.3,8479,GC.v.0
2025-11-11 01:00:00+00:00,34,1,39231,4137.3,4147.4,4133.9,4142.2,12958,GC.v.0
2025-11-11 02:00:00+00:00,34,1,39231,4142.2,4145.5,4135.2,4143.9,6942,GC.v.0
2025-11-11 03:00:00+00:00,34,1,39231,4144.0,4154.0,4142.8,4152.7,5826,GC.v.0
2025-11-11 04:00:00+00:00,34,1,39231,4152.4,4155.0,4147.6,4149.1,3793,GC.v.0
2025-11-11 05:00:00+00:00,34,1,39231,4149.1,4150.6,4131.4,4137.3,9006,GC.v.0
2025-11-11 06:00:00+00:00,34,1,39231,4136.9,4144.0,4133.2,4136.1,6401,GC.v.0
2025-11-11 07:00:00+00:00,34,1,39231,4136.3,4139.5,4131.2,4136.1,5737,GC.v.0
2025-11-11 08:00:00+00:00,34,1,39231,4135.9,4144.5,4135.1,4142.3,6567,GC.v.0
2025-11-11 09:00:00+00:00,34,1,39231,4142.4,4152.4,4141.0,4148.0,6836,GC.v.0
2025-11-11 10:00:00+00:00,34,1,39231,4148.0,4150.6,4143.0,4148.2,4405,GC.v.0
2025-11-11 11:00:00+00:00,34,1,39231,4148.2,4151.3,4145.5,4149.6,4716,GC.v.0
2025-11-11 12:00:00+00:00,34,1,39231,4149.7,4150.6,4139.4,4140.7,5883,GC.v.0
2025-11-11 13:00:00+00:00,34,1,39231,4140.8,4153.4,4140.0,4149.2,10251,GC.v.0
2025-11-11 14:00:00+00:00,34,1,39231,4149.4,4150.1,4126.0,4131.2,22671,GC.v.0
2025-11-11 15:00:00+00:00,34,1,39231,4131.1,4132.3,4102.8,4112.6,29991,GC.v.0
2025-11-11 16:00:00+00:00,34,1,39231,4112.4,4121.7,4110.7,4119.2,11166,GC.v.0
2025-11-11 17:00:00+00:00,34,1,39231,4119.0,4123.7,4116.0,4119.9,6143,GC.v.0
2025-11-11 18:00:00+00:00,34,1,39231,4120.1,4122.1,4112.4,4119.8,7200,GC.v.0
2025-11-11 19:00:00+00:00,34,1,39231,4119.7,4131.7,4118.0,4128.4,6233,GC.v.0
2025-11-11 20:00:00+00:00,34,1,39231,4128.6,4138.5,4127.7,4135.7,6447,GC.v.0
2025-11-11 21:00:00+00:00,34,1,39231,4135.6,4137.7,4131.7,4133.2,2338,GC.v.0
2025-11-11 23:00:00+00:00,34,1,39231,4132.2,4151.0,4132.2,4148.7,5771,GC.v.0
2025-11-12 00:00:00+00:00,34,1,39231,4148.4,4151.5,4137.6,4139.0,6019,GC.v.0
2025-11-12 01:00:00+00:00,34,1,39231,4139.0,4143.2,4132.0,4137.4,9352,GC.v.0
2025-11-12 02:00:00+00:00,34,1,39231,4137.4,4141.8,4124.5,4129.9,6859,GC.v.0
2025-11-12 03:00:00+00:00,34,1,39231,4130.2,4131.5,4117.5,4117.7,5968,GC.v.0
2025-11-12 04:00:00+00:00,34,1,39231,4117.6,4119.4,4109.4,4116.3,6832,GC.v.0
2025-11-12 05:00:00+00:00,34,1,39231,4116.5,4116.8,4104.4,4110.5,6064,GC.v.0
2025-11-12 06:00:00+00:00,34,1,39231,4110.5,4124.2,4108.9,4123.9,6374,GC.v.0
2025-11-12 07:00:00+00:00,34,1,39231,4123.7,4130.7,4118.6,4122.3,6951,GC.v.0
2025-11-12 08:00:00+00:00,34,1,39231,4122.6,4138.2,4117.4,4136.8,9055,GC.v.0
2025-11-12 09:00:00+00:00,34,1,39231,4136.7,4139.6,4126.2,4130.6,6061,GC.v.0
2025-11-12 10:00:00+00:00,34,1,39231,4130.4,4135.2,4123.4,4133.3,5380,GC.v.0
2025-11-12 11:00:00+00:00,34,1,39231,4133.3,4137.0,4128.5,4131.7,3797,GC.v.0
2025-11-12 12:00:00+00:00,34,1,39231,4131.4,4145.9,4130.3,4136.4,8685,GC.v.0
2025-11-12 13:00:00+00:00,34,1,39231,4136.4,4139.0,4128.7,4132.9,9034,GC.v.0
2025-11-12 14:00:00+00:00,34,1,39231,4133.1,4146.8,4130.7,4142.7,14393,GC.v.0
2025-11-12 15:00:00+00:00,34,1,39231,4142.7,4192.3,4140.7,4187.9,39809,GC.v.0
2025-11-12 16:00:00+00:00,34,1,39231,4187.7,4204.6,4186.5,4203.0,23388,GC.v.0
2025-11-12 17:00:00+00:00,34,1,39231,4203.2,4212.6,4198.4,4205.8,17935,GC.v.0
2025-11-12 18:00:00+00:00,34,1,39231,4206.1,4218.5,4196.9,4213.5,16045,GC.v.0
2025-11-12 19:00:00+00:00,34,1,39231,4213.8,4216.5,4197.8,4203.3,9025,GC.v.0
2025-11-12 20:00:00+00:00,34,1,39231,4203.4,4205.5,4196.0,4201.3,6770,GC.v.0
2025-11-12 21:00:00+00:00,34,1,39231,4201.3,4207.9,4196.5,4201.4,3885,GC.v.0
2025-11-12 23:00:00+00:00,34,1,39231,4202.4,4210.0,4190.3,4195.6,5681,GC.v.0
2025-11-13 00:00:00+00:00,34,1,39231,4195.5,4212.5,4189.1,4209.3,7340,GC.v.0
2025-11-13 01:00:00+00:00,34,1,39231,4209.2,4213.0,4183.2,4197.0,10627,GC.v.0
2025-11-13 02:00:00+00:00,34,1,39231,4197.1,4201.0,4188.1,4194.2,7735,GC.v.0
2025-11-13 03:00:00+00:00,34,1,39231,4194.0,4217.2,4193.9,4216.8,10094,GC.v.0
2025-11-13 04:00:00+00:00,34,1,39231,4216.9,4223.9,4207.7,4213.5,7814,GC.v.0
2025-11-13 05:00:00+00:00,34,1,39231,4213.3,4221.4,4211.2,4216.0,8071,GC.v.0
2025-11-13 06:00:00+00:00,34,1,39231,4215.4,4216.4,4206.9,4214.4,6815,GC.v.0
2025-11-13 07:00:00+00:00,34,1,39231,4214.6,4224.9,4212.4,4224.6,8051,GC.v.0
2025-11-13 08:00:00+00:00,34,1,39231,4224.7,4244.3,4223.4,4237.5,13213,GC.v.0
2025-11-13 09:00:00+00:00,34,1,39231,4237.4,4245.1,4230.0,4238.3,8731,GC.v.0
2025-11-13 10:00:00+00:00,34,1,39231,4238.1,4245.6,4226.6,4230.3,8416,GC.v.0
2025-11-13 11:00:00+00:00,34,1,39231,4230.7,4236.9,4224.0,4235.0,7673,GC.v.0
2025-11-13 12:00:00+00:00,34,1,39231,4234.7,4250.0,4234.2,4247.4,7889,GC.v.0
2025-11-13 13:00:00+00:00,34,1,39231,4247.2,4248.7,4224.5,4236.7,14536,GC.v.0
2025-11-13 14:00:00+00:00,34,1,39231,4236.9,4237.5,4188.6,4199.9,33763,GC.v.0
2025-11-13 15:00:00+00:00,34,1,39231,4199.8,4209.7,4190.5,4206.6,17302,GC.v.0
2025-11-13 16:00:00+00:00,34,1,39231,4206.6,4215.8,4200.0,4210.8,13994,GC.v.0
2025-11-13 17:00:00+00:00,34,1,39231,4211.0,4212.8,4197.7,4206.3,10004,GC.v.0
2025-11-13 18:00:00+00:00,34,1,39231,4206.2,4207.8,4148.5,4161.6,27526,GC.v.0
2025-11-13 19:00:00+00:00,34,1,39231,4161.5,4174.5,4149.5,4167.8,10858,GC.v.0
2025-11-13 20:00:00+00:00,34,1,39231,4167.8,4174.8,4164.2,4168.1,6512,GC.v.0
2025-11-13 21:00:00+00:00,34,1,39231,4167.9,4185.0,4165.0,4174.5,4359,GC.v.0
2025-11-13 23:00:00+00:00,34,1,39231,4174.9,4189.6,4173.1,4188.9,4075,GC.v.0
2025-11-14 00:00:00+00:00,34,1,39231,4189.0,4192.6,4180.9,4186.9,5290,GC.v.0
2025-11-14 01:00:00+00:00,34,1,39231,4186.5,4196.6,4176.2,4193.0,8253,GC.v.0
2025-11-14 02:00:00+00:00,34,1,39231,4193.1,4213.0,4191.3,4209.8,8596,GC.v.0
2025-11-14 03:00:00+00:00,34,1,39231,4209.6,4215.1,4204.2,4207.7,4643,GC.v.0
2025-11-14 04:00:00+00:00,34,1,39231,4207.6,4209.0,4199.5,4206.1,3437,GC.v.0
2025-11-14 05:00:00+00:00,34,1,39231,4206.3,4206.6,4186.4,4192.8,7771,GC.v.0
2025-11-14 06:00:00+00:00,34,1,39231,4192.3,4196.2,4171.7,4177.3,8144,GC.v.0
2025-11-14 07:00:00+00:00,34,1,39231,4177.7,4186.0,4162.1,4184.4,10818,GC.v.0
2025-11-14 08:00:00+00:00,34,1,39231,4184.5,4190.7,4172.6,4179.1,9668,GC.v.0
2025-11-14 09:00:00+00:00,34,1,39231,4178.6,4183.6,4169.0,4171.9,7178,GC.v.0
2025-11-14 10:00:00+00:00,34,1,39231,4171.7,4174.3,4162.6,4170.7,7692,GC.v.0
2025-11-14 11:00:00+00:00,34,1,39231,4171.0,4172.8,4133.3,4135.6,15952,GC.v.0
2025-11-14 12:00:00+00:00,34,1,39231,4135.1,4143.4,4109.0,4118.3,22979,GC.v.0
2025-11-14 13:00:00+00:00,34,1,39231,4117.8,4121.3,4042.4,4056.5,50647,GC.v.0
2025-11-14 14:00:00+00:00,34,1,39231,4056.4,4085.0,4032.6,4083.7,40697,GC.v.0
2025-11-14 15:00:00+00:00,34,1,39231,4083.4,4098.2,4069.1,4095.5,25669,GC.v.0
2025-11-14 16:00:00+00:00,34,1,39231,4095.7,4113.2,4082.6,4107.1,16419,GC.v.0
2025-11-14 17:00:00+00:00,34,1,39231,4107.4,4112.7,4095.4,4101.5,13862,GC.v.0
2025-11-14 18:00:00+00:00,34,1,39231,4101.6,4106.0,4082.6,4100.0,15762,GC.v.0
2025-11-14 19:00:00+00:00,34,1,39231,4100.2,4102.0,4089.5,4091.8,6336,GC.v.0
2025-11-14 20:00:00+00:00,34,1,39231,4092.2,4094.2,4077.5,4088.9,8818,GC.v.0
2025-11-14 21:00:00+00:00,34,1,39231,4088.6,4088.8,4078.8,4084.4,3710,GC.v.0
2025-11-16 23:00:00+00:00,34,1,39231,4084.4,4107.6,4062.6,4097.0,7791,GC.v.0
2025-11-17 00:00:00+00:00,34,1,39231,4097.6,4099.7,4081.0,4084.4,5185,GC.v.0
2025-11-17 01:00:00+00:00,34,1,39231,4084.3,4103.6,4083.8,4092.2,7187,GC.v.0
2025-11-17 02:00:00+00:00,34,1,39231,4092.4,4095.3,4081.6,4082.9,7425,GC.v.0
2025-11-17 03:00:00+00:00,34,1,39231,4082.6,4086.9,4070.5,4084.0,8453,GC.v.0
2025-11-17 04:00:00+00:00,34,1,39231,4084.2,4089.1,4077.8,4079.7,5383,GC.v.0
2025-11-17 05:00:00+00:00,34,1,39231,4079.8,4079.8,4051.1,4060.0,11576,GC.v.0
2025-11-17 06:00:00+00:00,34,1,39231,4059.9,4072.6,4055.5,4067.0,7965,GC.v.0
2025-11-17 07:00:00+00:00,34,1,39231,4066.5,4089.9,4065.7,4088.9,6956,GC.v.0
2025-11-17 08:00:00+00:00,34,1,39231,4088.9,4097.1,4072.9,4078.8,10053,GC.v.0
2025-11-17 09:00:00+00:00,34,1,39231,4078.4,4090.0,4073.5,4083.3,7510,GC.v.0
2025-11-17 10:00:00+00:00,34,1,39231,4083.4,4091.0,4069.8,4072.1,8423,GC.v.0
2025-11-17 11:00:00+00:00,34,1,39231,4071.9,4087.5,4062.3,4080.1,9041,GC.v.0
2025-11-17 12:00:00+00:00,34,1,39231,4080.0,4087.0,4075.8,4078.5,5467,GC.v.0
2025-11-17 13:00:00+00:00,34,1,39231,4078.6,4093.5,4059.8,4065.9,11588,GC.v.0
2025-11-17 14:00:00+00:00,34,1,39231,4066.0,4083.6,4060.8,4077.6,12062,GC.v.0
2025-11-17 15:00:00+00:00,34,1,39231,4077.8,4078.9,4061.7,4065.6,12430,GC.v.0
2025-11-17 16:00:00+00:00,34,1,39231,4065.2,4074.5,4053.1,4071.1,12308,GC.v.0
2025-11-17 17:00:00+00:00,34,1,39231,4071.2,4082.5,4071.0,4074.7,7382,GC.v.0
2025-11-17 18:00:00+00:00,34,1,39231,4074.7,4077.1,4063.6,4063.8,6530,GC.v.0
2025-11-17 19:00:00+00:00,34,1,39231,4063.8,4066.5,4010.1,4011.3,23337,GC.v.0
2025-11-17 20:00:00+00:00,34,1,39231,4011.4,4044.4,4006.8,4041.2,16377,GC.v.0
2025-11-17 21:00:00+00:00,34,1,39231,4041.0,4046.8,4038.9,4045.1,3554,GC.v.0
2025-11-17 23:00:00+00:00,34,1,39231,4045.6,4055.4,4027.6,4036.3,6280,GC.v.0
2025-11-18 00:00:00+00:00,34,1,39231,4036.5,4041.0,4026.9,4039.8,5683,GC.v.0
2025-11-18 01:00:00+00:00,34,1,39231,4040.1,4044.8,4021.4,4024.3,7420,GC.v.0
2025-11-18 02:00:00+00:00,34,1,39231,4024.1,4035.9,4015.8,4018.2,6905,GC.v.0
2025-11-18 03:00:00+00:00,34,1,39231,4018.0,4026.2,4008.0,4012.3,8492,GC.v.0
2025-11-18 04:00:00+00:00,34,1,39231,4012.2,4017.8,4002.5,4009.9,7871,GC.v.0
2025-11-18 05:00:00+00:00,34,1,39231,4010.1,4024.8,4007.7,4018.7,5769,GC.v.0
2025-11-18 06:00:00+00:00,34,1,39231,4018.6,4020.3,4007.1,4008.3,6121,GC.v.0
2025-11-18 07:00:00+00:00,34,1,39231,4008.4,4017.1,3997.4,4013.4,14133,GC.v.0
2025-11-18 08:00:00+00:00,34,1,39231,4013.7,4042.5,4010.2,4036.8,11489,GC.v.0
2025-11-18 09:00:00+00:00,34,1,39231,4036.1,4047.0,4029.6,4039.7,6575,GC.v.0
2025-11-18 10:00:00+00:00,34,1,39231,4039.7,4050.2,4036.8,4043.6,7179,GC.v.0
2025-11-18 11:00:00+00:00,34,1,39231,4043.5,4049.9,4036.1,4039.0,4235,GC.v.0
2025-11-18 12:00:00+00:00,34,1,39231,4039.0,4044.7,4028.1,4031.7,6317,GC.v.0
2025-11-18 13:00:00+00:00,34,1,39231,4031.9,4070.8,4030.4,4065.3,16440,GC.v.0
2025-11-18 14:00:00+00:00,34,1,39231,4065.7,4082.3,4057.9,4065.0,20825,GC.v.0
2025-11-18 15:00:00+00:00,34,1,39231,4064.9,4072.4,4048.7,4053.2,19681,GC.v.0
2025-11-18 16:00:00+00:00,34,1,39231,4053.4,4069.8,4040.1,4067.4,16909,GC.v.0
2025-11-18 17:00:00+00:00,34,1,39231,4067.2,4076.4,4059.3,4072.1,7651,GC.v.0
2025-11-18 18:00:00+00:00,34,1,39231,4072.0,4075.3,4063.5,4072.3,6776,GC.v.0
2025-11-18 19:00:00+00:00,34,1,39231,4073.5,4083.3,4073.2,4082.3,6368,GC.v.0
2025-11-18 20:00:00+00:00,34,1,39231,4082.2,4083.7,4067.7,4069.8,4390,GC.v.0
2025-11-18 21:00:00+00:00,34,1,39231,4069.7,4072.8,4064.9,4067.4,1580,GC.v.0
2025-11-18 23:00:00+00:00,34,1,39231,4067.8,4077.6,4065.3,4076.5,2637,GC.v.0
2025-11-19 00:00:00+00:00,34,1,39231,4076.1,4078.2,4067.0,4069.0,2956,GC.v.0
2025-11-19 01:00:00+00:00,34,1,39231,4068.9,4070.7,4056.6,4059.6,4884,GC.v.0
2025-11-19 02:00:00+00:00,34,1,39231,4059.8,4081.3,4056.1,4075.7,5740,GC.v.0
2025-11-19 03:00:00+00:00,34,1,39231,4075.7,4079.0,4065.9,4066.8,4471,GC.v.0
2025-11-19 04:00:00+00:00,34,1,39231,4066.7,4076.8,4064.1,4075.0,2869,GC.v.0
2025-11-19 05:00:00+00:00,34,1,39231,4075.2,4098.4,4073.9,4096.6,9138,GC.v.0
2025-11-19 06:00:00+00:00,34,1,39231,4096.5,4100.0,4090.0,4091.7,6118,GC.v.0
2025-11-19 07:00:00+00:00,34,1,39231,4091.4,4097.7,4085.1,4087.3,5562,GC.v.0
2025-11-19 08:00:00+00:00,34,1,39231,4086.8,4089.6,4078.2,4083.6,6222,GC.v.0
2025-11-19 09:00:00+00:00,34,1,39231,4083.8,4117.7,4081.1,4114.3,10291,GC.v.0
2025-11-19 10:00:00+00:00,34,1,39231,4114.1,4120.0,4107.5,4109.6,7920,GC.v.0
2025-11-19 11:00:00+00:00,34,1,39231,4109.7,4118.5,4107.1,4113.6,6053,GC.v.0
2025-11-19 12:00:00+00:00,34,1,39231,4113.6,4121.0,4112.7,4115.1,4957,GC.v.0
2025-11-19 13:00:00+00:00,34,1,39231,4115.0,4118.7,4101.0,4111.5,12978,GC.v.0
2025-11-19 14:00:00+00:00,34,1,39231,4111.8,4130.7,4102.3,4129.2,14943,GC.v.0
2025-11-19 15:00:00+00:00,34,1,39231,4129.1,4134.3,4090.5,4097.4,24966,GC.v.0
2025-11-19 16:00:00+00:00,34,1,39231,4097.0,4099.4,4068.3,4075.7,21363,GC.v.0
2025-11-19 17:00:00+00:00,34,1,39231,4074.7,4082.0,4055.6,4079.6,16667,GC.v.0
2025-11-19 18:00:00+00:00,34,1,39231,4079.4,4092.4,4076.4,4087.9,12063,GC.v.0
2025-11-19 19:00:00+00:00,34,1,39231,4087.6,4087.7,4069.0,4073.8,8963,GC.v.0
2025-11-19 20:00:00+00:00,34,1,39231,4073.4,4082.8,4072.3,4076.5,4656,GC.v.0
2025-11-19 21:00:00+00:00,34,1,39231,4076.3,4085.2,4065.0,4078.3,3600,GC.v.0
2025-11-19 23:00:00+00:00,34,1,39231,4079.9,4108.1,4076.8,4104.3,5069,GC.v.0
2025-11-20 00:00:00+00:00,34,1,39231,4104.3,4109.6,4098.9,4102.0,4798,GC.v.0
2025-11-20 01:00:00+00:00,34,1,39231,4102.0,4108.0,4080.8,4081.1,9642,GC.v.0
2025-11-20 02:00:00+00:00,34,1,39231,4081.2,4081.6,4034.0,4065.3,15318,GC.v.0
2025-11-20 03:00:00+00:00,34,1,39231,4065.2,4084.0,4060.2,4070.3,8456,GC.v.0
2025-11-20 04:00:00+00:00,34,1,39231,4070.4,4079.1,4066.6,4074.1,3100,GC.v.0
2025-11-20 05:00:00+00:00,34,1,39231,4074.2,4074.7,4063.4,4065.1,4368,GC.v.0
2025-11-20 06:00:00+00:00,34,1,39231,4064.8,4077.0,4057.5,4066.9,5060,GC.v.0
2025-11-20 07:00:00+00:00,34,1,39231,4066.6,4075.3,4052.8,4058.9,6786,GC.v.0
2025-11-20 08:00:00+00:00,34,1,39231,4058.3,4069.0,4037.4,4062.4,13015,GC.v.0
2025-11-20 09:00:00+00:00,34,1,39231,4062.4,4071.5,4054.3,4062.3,7467,GC.v.0
2025-11-20 10:00:00+00:00,34,1,39231,4062.8,4066.6,4056.9,4058.6,4494,GC.v.0
2025-11-20 11:00:00+00:00,34,1,39231,4058.6,4067.0,4049.6,4059.6,5808,GC.v.0
2025-11-20 12:00:00+00:00,34,1,39231,4059.6,4081.6,4059.0,4081.2,7853,GC.v.0
2025-11-20 13:00:00+00:00,34,1,39231,4081.4,4096.2,4066.1,4079.7,23893,GC.v.0
2025-11-20 14:00:00+00:00,34,1,39231,4080.0,4106.9,4071.8,4092.6,19810,GC.v.0
2025-11-20 15:00:00+00:00,34,1,39231,4092.3,4098.5,4069.3,4069.5,18229,GC.v.0
2025-11-20 16:00:00+00:00,34,1,39231,4069.3,4082.6,4043.5,4047.6,19026,GC.v.0
2025-11-20 17:00:00+00:00,34,1,39231,4047.5,4067.5,4042.6,4064.7,14452,GC.v.0
2025-11-20 18:00:00+00:00,34,1,39231,4064.7,4071.5,4055.5,4060.0,12443,GC.v.0
2025-11-20 19:00:00+00:00,34,1,39231,4060.1,4087.3,4058.6,4084.4,8598,GC.v.0
2025-11-20 20:00:00+00:00,34,1,39231,4084.2,4084.7,4072.7,4077.5,5784,GC.v.0
2025-11-20 21:00:00+00:00,34,1,39231,4077.4,4080.3,4073.9,4076.7,1719,GC.v.0
2025-11-20 23:00:00+00:00,34,1,39231,4074.9,4089.4,4072.1,4079.7,4101,GC.v.0
2025-11-21 00:00:00+00:00,34,1,39231,4079.2,4081.1,4071.0,4073.6,3290,GC.v.0
2025-11-21 01:00:00+00:00,34,1,39231,4073.4,4074.0,4060.2,4068.2,6146,GC.v.0
2025-11-21 02:00:00+00:00,34,1,39231,4067.5,4079.1,4054.9,4055.5,5766,GC.v.0
2025-11-21 03:00:00+00:00,34,1,39231,4055.4,4057.9,4048.0,4054.5,6716,GC.v.0
2025-11-21 04:00:00+00:00,34,1,39231,4054.0,4060.7,4045.5,4050.4,4423,GC.v.0
2025-11-21 05:00:00+00:00,34,1,39231,4050.3,4057.5,4037.5,4056.2,7849,GC.v.0
2025-11-21 06:00:00+00:00,34,1,39231,4056.6,4063.4,4026.0,4030.3,9939,GC.v.0
2025-11-21 07:00:00+00:00,34,1,39231,4030.2,4036.9,4021.6,4029.0,7618,GC.v.0
2025-11-21 08:00:00+00:00,34,1,39231,4028.7,4045.7,4018.1,4037.9,8630,GC.v.0
2025-11-21 09:00:00+00:00,34,1,39231,4037.8,4060.5,4037.0,4047.7,9038,GC.v.0
2025-11-21 10:00:00+00:00,34,1,39231,4047.3,4049.8,4029.0,4034.1,9741,GC.v.0
2025-11-21 11:00:00+00:00,34,1,39231,4034.3,4044.1,4028.1,4034.1,5624,GC.v.0
2025-11-21 12:00:00+00:00,34,1,39231,4034.3,4070.5,4032.3,4064.2,12884,GC.v.0
2025-11-21 13:00:00+00:00,34,1,39231,4064.5,4080.3,4057.3,4078.2,12104,GC.v.0
2025-11-21 14:00:00+00:00,34,1,39231,4078.2,4082.9,4060.0,4070.3,17023,GC.v.0
2025-11-21 15:00:00+00:00,34,1,39231,4070.1,4075.9,4053.4,4068.7,16977,GC.v.0
2025-11-21 16:00:00+00:00,34,1,39231,4068.5,4100.6,4061.8,4099.7,17272,GC.v.0
2025-11-21 17:00:00+00:00,34,1,39231,4099.6,4101.0,4078.8,4085.0,11355,GC.v.0
2025-11-21 18:00:00+00:00,34,1,39231,4085.0,4087.4,4075.5,4081.9,9466,GC.v.0
2025-11-21 19:00:00+00:00,34,1,39231,4082.1,4092.1,4081.8,4087.2,5004,GC.v.0
2025-11-21 20:00:00+00:00,34,1,39231,4087.0,4088.2,4053.5,4064.5,10918,GC.v.0
2025-11-21 21:00:00+00:00,34,1,39231,4064.4,4066.1,4052.2,4062.8,3555,GC.v.0
2025-11-23 23:00:00+00:00,34,1,39231,4069.2,4074.8,4062.4,4071.6,4822,GC.v.0
2025-11-24 00:00:00+00:00,34,1,39231,4071.7,4072.7,4054.8,4064.7,3380,GC.v.0
2025-11-24 01:00:00+00:00,34,1,39231,4064.8,4070.6,4038.9,4041.1,7648,GC.v.0
2025-11-24 02:00:00+00:00,34,1,39231,4040.9,4048.6,4037.2,4040.7,4726,GC.v.0
2025-11-24 03:00:00+00:00,34,1,39231,4041.0,4055.2,4040.7,4047.5,4166,GC.v.0
2025-11-24 04:00:00+00:00,34,1,39231,4047.2,4058.7,4038.8,4040.7,4801,GC.v.0
2025-11-24 05:00:00+00:00,34,1,39231,4040.8,4046.3,4036.4,4042.7,4251,GC.v.0
2025-11-24 06:00:00+00:00,34,1,39231,4042.7,4054.3,4041.9,4049.5,4160,GC.v.0
2025-11-24 07:00:00+00:00,34,1,39231,4049.7,4064.5,4047.9,4057.0,4553,GC.v.0
2025-11-24 08:00:00+00:00,34,1,39231,4056.5,4064.0,4056.2,4060.7,3849,GC.v.0
2025-11-24 09:00:00+00:00,34,1,39231,4060.2,4071.8,4059.9,4068.5,6032,GC.v.0
2025-11-24 10:00:00+00:00,34,1,39231,4068.6,4074.0,4060.2,4061.2,5226,GC.v.0
2025-11-24 11:00:00+00:00,34,1,39231,4061.2,4068.4,4060.2,4066.5,2956,GC.v.0
2025-11-24 12:00:00+00:00,34,1,39231,4066.4,4081.6,4062.6,4077.9,5858,GC.v.0
2025-11-24 13:00:00+00:00,34,1,39231,4078.0,4083.8,4070.6,4075.3,7906,GC.v.0
2025-11-24 14:00:00+00:00,34,1,39231,4075.1,4084.6,4066.0,4078.9,12148,GC.v.0
2025-11-24 15:00:00+00:00,34,1,39231,4079.0,4092.6,4078.9,4089.8,13988,GC.v.0
2025-11-24 16:00:00+00:00,34,1,39231,4090.0,4097.4,4087.7,4096.2,10591,GC.v.0
2025-11-24 17:00:00+00:00,34,1,39231,4096.6,4099.6,4087.5,4091.7,9143,GC.v.0
2025-11-24 18:00:00+00:00,34,1,39231,4091.8,4126.4,4086.5,4119.3,19433,GC.v.0
2025-11-24 19:00:00+00:00,34,1,39231,4119.4,4123.3,4113.0,4117.4,8883,GC.v.0
2025-11-24 20:00:00+00:00,34,1,39231,4117.4,4132.9,4117.0,4130.5,8153,GC.v.0
2025-11-24 21:00:00+00:00,34,1,39231,4130.3,4138.2,4128.2,4133.8,3202,GC.v.0
2025-11-24 23:00:00+00:00,34,1,39231,4133.5,4142.2,4124.0,4141.9,2180,GC.v.0
2025-11-25 00:00:00+00:00,34,1,39231,4141.9,4142.8,4124.7,4126.6,1984,GC.v.0
2025-11-25 01:00:00+00:00,34,1,39231,4126.7,4136.4,4120.5,4132.0,3906,GC.v.0
2025-11-25 02:00:00+00:00,34,1,39231,4131.6,4152.0,4130.1,4147.3,3009,GC.v.0
2025-11-25 03:00:00+00:00,34,1,39231,4147.0,4147.3,4136.0,4140.1,2261,GC.v.0
2025-11-25 04:00:00+00:00,34,1,39231,4139.7,4145.7,4136.8,4138.2,983,GC.v.0
2025-11-25 05:00:00+00:00,34,1,39231,4138.5,4150.0,4138.5,4148.4,1070,GC.v.0
2025-11-25 06:00:00+00:00,34,1,39231,4147.9,4149.5,4136.2,4138.6,1204,GC.v.0
2025-11-25 07:00:00+00:00,34,1,39231,4138.1,4142.7,4126.3,4129.4,1860,GC.v.0
2025-11-25 08:00:00+00:00,34,1,39231,4129.7,4136.0,4106.7,4113.0,2620,GC.v.0
2025-11-25 09:00:00+00:00,34,1,39231,4113.3,4128.0,4111.0,4125.8,2220,GC.v.0
2025-11-25 10:00:00+00:00,34,1,39231,4125.8,4136.0,4124.1,4128.3,1473,GC.v.0
2025-11-25 11:00:00+00:00,34,1,39231,4128.3,4135.0,4124.3,4130.4,1313,GC.v.0
2025-11-25 12:00:00+00:00,34,1,39231,4130.6,4135.6,4112.4,4127.1,2965,GC.v.0
2025-11-25 13:00:00+00:00,34,1,39231,4127.1,4148.3,4126.2,4144.5,4174,GC.v.0
2025-11-25 14:00:00+00:00,34,1,39231,4144.1,4145.4,4106.8,4121.8,7606,GC.v.0
2025-11-25 15:00:00+00:00,34,1,39231,4121.8,4130.1,4113.9,4119.1,4071,GC.v.0
2025-11-25 16:00:00+00:00,34,1,39231,4118.6,4137.5,4118.1,4132.2,2780,GC.v.0
2025-11-25 17:00:00+00:00,34,1,39231,4132.2,4156.3,4131.8,4142.8,5006,GC.v.0
2025-11-25 18:00:00+00:00,34,1,39231,4142.8,4147.9,4128.3,4131.7,2146,GC.v.0
2025-11-25 19:00:00+00:00,34,1,39231,4131.7,4137.1,4125.6,4131.7,1413,GC.v.0
2025-11-25 20:00:00+00:00,34,1,39231,4131.9,4136.0,4128.1,4129.2,1223,GC.v.0
2025-11-25 21:00:00+00:00,34,1,39231,4129.1,4129.3,4124.4,4126.3,675,GC.v.0
2025-11-25 23:00:00+00:00,34,1,39231,4128.6,4135.1,4127.5,4129.9,284,GC.v.0
2025-11-26 00:00:00+00:00,34,1,39231,4130.4,4141.3,4129.4,4141.3,164,GC.v.0
2025-11-26 01:00:00+00:00,34,1,39231,4140.3,4150.0,4135.9,4145.7,181,GC.v.0
2025-11-26 02:00:00+00:00,34,1,39231,4144.9,4164.0,4144.9,4159.2,390,GC.v.0
2025-11-26 03:00:00+00:00,34,1,39231,4159.9,4167.1,4157.6,4163.5,253,GC.v.0
2025-11-26 04:00:00+00:00,34,1,39231,4163.9,4164.6,4154.7,4160.0,150,GC.v.0
2025-11-26 05:00:00+00:00,34,1,39231,4159.5,4166.0,4158.5,4160.0,429,GC.v.0
2025-11-26 06:00:00+00:00,34,1,39231,4159.8,4159.8,4144.1,4147.7,346,GC.v.0
2025-11-26 07:00:00+00:00,34,1,39231,4147.2,4158.1,4146.8,4155.1,290,GC.v.0
2025-11-26 08:00:00+00:00,34,1,39231,4155.0,4165.1,4151.7,4158.8,299,GC.v.0
2025-11-26 09:00:00+00:00,34,1,39231,4158.8,4160.0,4153.5,4157.8,81,GC.v.0
2025-11-26 10:00:00+00:00,34,1,39231,4160.4,4160.8,4153.3,4156.6,145,GC.v.0
2025-11-26 11:00:00+00:00,34,1,39231,4156.7,4170.8,4154.8,4170.8,470,GC.v.0
2025-11-26 12:00:00+00:00,34,1,39231,4168.9,4171.0,4145.4,4151.8,549,GC.v.0
2025-11-26 13:00:00+00:00,34,1,39231,4150.9,4163.3,4146.0,4149.7,458,GC.v.0
2025-11-26 14:00:00+00:00,34,1,39231,4149.2,4153.1,4138.3,4140.0,532,GC.v.0
2025-11-26 15:00:00+00:00,34,1,39231,4138.0,4162.9,4132.9,4162.9,486,GC.v.0
2025-11-26 16:00:00+00:00,34,1,39231,4161.8,4165.1,4158.1,4163.7,794,GC.v.0
2025-11-26 17:00:00+00:00,34,1,39231,4164.2,4166.9,4162.8,4164.8,294,GC.v.0
2025-11-26 18:00:00+00:00,34,1,39231,4164.8,4169.3,4155.6,4162.0,360,GC.v.0
2025-11-26 19:00:00+00:00,34,1,39231,4162.1,4166.9,4159.4,4160.2,191,GC.v.0
2025-11-26 20:00:00+00:00,34,1,39231,4160.1,4164.3,4157.2,4159.1,248,GC.v.0
2025-11-26 21:00:00+00:00,34,1,39231,4159.6,4161.6,4158.4,4160.6,148,GC.v.0
2025-11-26 23:00:00+00:00,34,1,39231,4163.4,4164.0,4161.5,4162.0,13,GC.v.0
2025-11-27 00:00:00+00:00,34,1,42001025,4196.5,4199.5,4194.0,4197.1,1174,GC.v.0
2025-11-27 01:00:00+00:00,34,1,42001025,4197.0,4198.2,4181.7,4187.4,6384,GC.v.0
2025-11-27 02:00:00+00:00,34,1,42001025,4187.7,4189.3,4176.4,4177.4,4393,GC.v.0
2025-11-27 03:00:00+00:00,34,1,42001025,4177.6,4183.0,4176.6,4179.5,3524,GC.v.0
2025-11-27 04:00:00+00:00,34,1,42001025,4179.3,4186.9,4174.6,4182.7,4821,GC.v.0
2025-11-27 05:00:00+00:00,34,1,42001025,4182.5,4186.5,4176.9,4179.7,3201,GC.v.0
2025-11-27 06:00:00+00:00,34,1,42001025,4179.5,4191.5,4179.5,4189.6,4169,GC.v.0
2025-11-27 07:00:00+00:00,34,1,42001025,4189.9,4195.4,4187.5,4193.3,4692,GC.v.0
2025-11-27 08:00:00+00:00,34,1,42001025,4193.4,4199.7,4192.5,4198.0,5396,GC.v.0
2025-11-27 09:00:00+00:00,34,1,42001025,4197.4,4198.0,4180.4,4190.3,6356,GC.v.0
2025-11-27 10:00:00+00:00,34,1,42001025,4190.6,4192.5,4184.2,4188.9,3072,GC.v.0
2025-11-27 11:00:00+00:00,34,1,42001025,4188.8,4195.0,4188.0,4189.7,2742,GC.v.0
2025-11-27 12:00:00+00:00,34,1,42001025,4189.8,4191.8,4186.0,4186.5,2024,GC.v.0
2025-11-27 13:00:00+00:00,34,1,42001025,4186.0,4190.9,4181.5,4186.9,4324,GC.v.0
2025-11-27 14:00:00+00:00,34,1,42001025,4187.1,4193.2,4184.6,4185.7,4575,GC.v.0
2025-11-27 15:00:00+00:00,34,1,42001025,4185.6,4193.9,4185.3,4190.2,3289,GC.v.0
2025-11-27 16:00:00+00:00,34,1,42001025,4190.3,4190.7,4183.6,4188.4,3826,GC.v.0
2025-11-27 17:00:00+00:00,34,1,42001025,4188.5,4191.7,4186.9,4190.4,1261,GC.v.0
2025-11-27 18:00:00+00:00,34,1,42001025,4190.4,4192.5,4188.0,4191.3,932,GC.v.0
2025-11-27 19:00:00+00:00,34,1,42001025,4191.5,4193.0,4189.6,4189.6,239,GC.v.0
2025-11-27 23:00:00+00:00,34,1,42001025,4191.0,4196.2,4190.1,4195.8,1119,GC.v.0
2025-11-28 00:00:00+00:00,34,1,42001025,4195.6,4219.0,4195.3,4214.0,6307,GC.v.0
2025-11-28 01:00:00+00:00,34,1,42001025,4213.7,4227.5,4213.4,4224.7,6906,GC.v.0
2025-11-28 02:00:00+00:00,34,1,42001025,4224.5,4226.3,4219.1,4221.3,2067,GC.v.0
2025-11-28 13:00:00+00:00,34,1,42001025,4214.2,4218.0,4205.5,4217.3,3316,GC.v.0
2025-11-28 14:00:00+00:00,34,1,42001025,4217.6,4246.6,4217.4,4233.5,15421,GC.v.0
2025-11-28 15:00:00+00:00,34,1,42001025,4233.7,4239.5,4220.1,4239.3,13307,GC.v.0
2025-11-28 16:00:00+00:00,34,1,42001025,4239.3,4246.2,4232.5,4242.1,9052,GC.v.0
2025-11-28 17:00:00+00:00,34,1,42001025,4242.0,4251.7,4239.3,4251.4,8301,GC.v.0
2025-11-28 18:00:00+00:00,34,1,42001025,4251.6,4263.1,4244.9,4256.2,6625,GC.v.0
2025-11-28 19:00:00+00:00,34,1,42001025,4256.6,4258.8,4251.1,4256.4,1406,GC.v.0
2025-11-30 23:00:00+00:00,34,1,42001025,4258.5,4269.8,4241.1,4257.3,8211,GC.v.0
2025-12-01 00:00:00+00:00,34,1,42001025,4257.5,4269.8,4253.6,4267.2,8033,GC.v.0
2025-12-01 01:00:00+00:00,34,1,42001025,4266.7,4291.4,4254.9,4290.6,13698,GC.v.0
2025-12-01 02:00:00+00:00,34,1,42001025,4290.7,4291.8,4269.1,4277.8,10119,GC.v.0
2025-12-01 03:00:00+00:00,34,1,42001025,4278.0,4278.9,4267.0,4273.8,8747,GC.v.0
2025-12-01 04:00:00+00:00,34,1,42001025,4274.1,4281.9,4270.8,4280.4,3932,GC.v.0
2025-12-01 05:00:00+00:00,34,1,42001025,4280.5,4281.3,4248.0,4263.5,12867,GC.v.0
2025-12-01 06:00:00+00:00,34,1,42001025,4263.6,4273.9,4259.6,4269.9,6508,GC.v.0
2025-12-01 07:00:00+00:00,34,1,42001025,4270.2,4280.0,4264.2,4278.9,5649,GC.v.0
2025-12-01 08:00:00+00:00,34,1,42001025,4278.7,4288.8,4272.5,4279.2,7941,GC.v.0
2025-12-01 09:00:00+00:00,34,1,42001025,4279.3,4287.0,4277.8,4284.3,5973,GC.v.0
2025-12-01 10:00:00+00:00,34,1,42001025,4284.3,4297.8,4283.4,4290.7,9001,GC.v.0
2025-12-01 11:00:00+00:00,34,1,42001025,4290.8,4294.0,4283.2,4290.0,4121,GC.v.0
2025-12-01 12:00:00+00:00,34,1,42001025,4289.7,4292.1,4278.2,4280.8,6460,GC.v.0
2025-12-01 13:00:00+00:00,34,1,42001025,4280.6,4299.6,4279.7,4281.7,12764,GC.v.0
2025-12-01 14:00:00+00:00,34,1,42001025,4281.7,4283.7,4252.8,4273.2,24131,GC.v.0
2025-12-01 15:00:00+00:00,34,1,42001025,4274.1,4279.0,4252.3,4265.2,23235,GC.v.0
2025-12-01 16:00:00+00:00,34,1,42001025,4265.4,4275.7,4257.7,4258.9,15926,GC.v.0
2025-12-01 17:00:00+00:00,34,1,42001025,4259.1,4273.2,4255.9,4265.2,10152,GC.v.0
2025-12-01 18:00:00+00:00,34,1,42001025,4265.5,4278.8,4265.5,4274.2,8667,GC.v.0
2025-12-01 19:00:00+00:00,34,1,42001025,4274.3,4278.0,4262.7,4270.8,5178,GC.v.0
2025-12-01 20:00:00+00:00,34,1,42001025,4270.9,4276.0,4268.3,4270.8,4845,GC.v.0
2025-12-01 21:00:00+00:00,34,1,42001025,4270.8,4274.1,4263.9,4265.0,1810,GC.v.0
2025-12-01 23:00:00+00:00,34,1,42001025,4265.3,4269.2,4257.3,4260.1,2303,GC.v.0
2025-12-02 00:00:00+00:00,34,1,42001025,4260.4,4262.9,4254.4,4259.6,3953,GC.v.0
2025-12-02 01:00:00+00:00,34,1,42001025,4259.7,4260.0,4215.0,4251.1,15904,GC.v.0
2025-12-02 02:00:00+00:00,34,1,42001025,4250.8,4255.9,4245.4,4253.0,5083,GC.v.0
2025-12-02 03:00:00+00:00,34,1,42001025,4252.9,4257.4,4246.5,4247.7,5330,GC.v.0
2025-12-02 04:00:00+00:00,34,1,42001025,4247.9,4251.9,4244.4,4249.9,4187,GC.v.0
2025-12-02 05:00:00+00:00,34,1,42001025,4249.7,4256.9,4246.4,4256.5,4847,GC.v.0
2025-12-02 06:00:00+00:00,34,1,42001025,4256.3,4258.1,4234.4,4244.0,8002,GC.v.0
2025-12-02 07:00:00+00:00,34,1,42001025,4244.0,4251.3,4240.6,4244.5,4590,GC.v.0
2025-12-02 08:00:00+00:00,34,1,42001025,4244.7,4248.9,4237.8,4241.4,4905,GC.v.0
2025-12-02 09:00:00+00:00,34,1,42001025,4241.2,4244.4,4210.2,4222.9,12808,GC.v.0
2025-12-02 10:00:00+00:00,34,1,42001025,4222.9,4223.5,4212.4,4216.4,6865,GC.v.0
2025-12-02 11:00:00+00:00,34,1,42001025,4216.2,4236.6,4215.4,4236.0,7033,GC.v.0
2025-12-02 12:00:00+00:00,34,1,42001025,4236.1,4240.5,4231.8,4239.8,5476,GC.v.0
2025-12-02 13:00:00+00:00,34,1,42001025,4239.8,4246.6,4232.5,4243.2,9958,GC.v.0
2025-12-02 14:00:00+00:00,34,1,42001025,4243.1,4262.2,4243.0,4251.1,21686,GC.v.0
2025-12-02 15:00:00+00:00,34,1,42001025,4250.8,4252.0,4194.0,4200.9,35418,GC.v.0
2025-12-02 16:00:00+00:00,34,1,42001025,4200.8,4221.0,4197.8,4215.7,16735,GC.v.0
2025-12-02 17:00:00+00:00,34,1,42001025,4215.3,4228.2,4215.3,4225.0,9027,GC.v.0
2025-12-02 18:00:00+00:00,34,1,42001025,4224.7,4227.8,4214.0,4222.3,8677,GC.v.0
2025-12-02 19:00:00+00:00,34,1,42001025,4222.3,4232.0,4222.3,4227.6,6181,GC.v.0
2025-12-02 20:00:00+00:00,34,1,42001025,4227.6,4244.1,4225.7,4241.6,5904,GC.v.0
2025-12-02 21:00:00+00:00,34,1,42001025,4241.6,4243.4,4237.1,4238.7,1741,GC.v.0
2025-12-02 23:00:00+00:00,34,1,42001025,4241.6,4248.0,4234.1,4244.0,3010,GC.v.0
2025-12-03 00:00:00+00:00,34,1,42001025,4244.1,4244.4,4235.8,4243.0,3494,GC.v.0
2025-12-03 01:00:00+00:00,34,1,42001025,4243.2,4252.6,4242.9,4245.3,6462,GC.v.0
2025-12-03 02:00:00+00:00,34,1,42001025,4245.4,4260.1,4245.4,4258.1,5194,GC.v.0
2025-12-03 03:00:00+00:00,34,1,42001025,4258.1,4259.0,4251.3,4252.4,2934,GC.v.0
2025-12-03 04:00:00+00:00,34,1,42001025,4252.5,4256.3,4248.5,4253.1,2613,GC.v.0
2025-12-03 05:00:00+00:00,34,1,42001025,4253.5,4254.8,4233.6,4238.3,7096,GC.v.0
2025-12-03 06:00:00+00:00,34,1,42001025,4238.8,4243.2,4235.5,4238.9,3786,GC.v.0
2025-12-03 07:00:00+00:00,34,1,42001025,4239.1,4241.0,4231.1,4236.1,6512,GC.v.0
2025-12-03 08:00:00+00:00,34,1,42001025,4236.5,4241.3,4233.8,4236.6,6068,GC.v.0
2025-12-03 09:00:00+00:00,34,1,42001025,4236.9,4237.8,4227.5,4233.0,4848,GC.v.0
2025-12-03 10:00:00+00:00,34,1,42001025,4232.9,4235.8,4225.1,4230.7,6631,GC.v.0
2025-12-03 11:00:00+00:00,34,1,42001025,4231.0,4239.6,4227.1,4239.0,4644,GC.v.0
2025-12-03 12:00:00+00:00,34,1,42001025,4239.1,4245.0,4235.2,4244.5,4452,GC.v.0
2025-12-03 13:00:00+00:00,34,1,42001025,4244.5,4270.1,4242.2,4268.7,15945,GC.v.0
2025-12-03 14:00:00+00:00,34,1,42001025,4268.7,4273.3,4236.7,4244.5,24851,GC.v.0
2025-12-03 15:00:00+00:00,34,1,42001025,4243.9,4261.5,4237.4,4247.8,13430,GC.v.0
2025-12-03 16:00:00+00:00,34,1,42001025,4247.6,4256.9,4226.6,4231.9,12892,GC.v.0
2025-12-03 17:00:00+00:00,34,1,42001025,4231.6,4246.9,4231.1,4242.8,7823,GC.v.0
2025-12-03 18:00:00+00:00,34,1,42001025,4243.0,4243.3,4226.1,4228.0,10010,GC.v.0
2025-12-03 19:00:00+00:00,34,1,42001025,4228.4,4241.7,4228.0,4239.4,4542,GC.v.0
2025-12-03 20:00:00+00:00,34,1,42001025,4239.3,4244.5,4234.7,4237.2,3626,GC.v.0
2025-12-03 21:00:00+00:00,34,1,42001025,4237.4,4241.4,4233.6,4234.8,1919,GC.v.0
2025-12-03 23:00:00+00:00,34,1,42001025,4234.5,4239.0,4232.3,4237.0,1581,GC.v.0
2025-12-04 00:00:00+00:00,34,1,42001025,4237.1,4245.6,4234.1,4241.3,3033,GC.v.0
2025-12-04 01:00:00+00:00,34,1,42001025,4241.2,4246.9,4235.5,4238.5,6680,GC.v.0
2025-12-04 02:00:00+00:00,34,1,42001025,4238.0,4238.0,4227.9,4229.8,4547,GC.v.0
2025-12-04 03:00:00+00:00,34,1,42001025,4229.3,4230.7,4216.1,4224.4,6277,GC.v.0
2025-12-04 04:00:00+00:00,34,1,42001025,4224.4,4227.8,4221.5,4225.6,2648,GC.v.0
2025-12-04 05:00:00+00:00,34,1,42001025,4225.6,4227.6,4203.3,4210.3,8227,GC.v.0
2025-12-04 06:00:00+00:00,34,1,42001025,4210.3,4219.4,4207.6,4219.1,5788,GC.v.0
2025-12-04 07:00:00+00:00,34,1,42001025,4219.2,4224.0,4215.4,4222.9,5685,GC.v.0
2025-12-04 08:00:00+00:00,34,1,42001025,4222.7,4225.7,4213.6,4213.9,6003,GC.v.0
2025-12-04 09:00:00+00:00,34,1,42001025,4213.7,4231.8,4212.1,4229.5,7194,GC.v.0
2025-12-04 10:00:00+00:00,34,1,42001025,4229.8,4232.3,4226.4,4227.1,5311,GC.v.0
2025-12-04 11:00:00+00:00,34,1,42001025,4227.3,4236.4,4226.7,4228.2,4624,GC.v.0
2025-12-04 12:00:00+00:00,34,1,42001025,4228.4,4231.6,4218.1,4219.9,5228,GC.v.0
2025-12-04 13:00:00+00:00,34,1,42001025,4219.9,4228.3,4214.8,4227.9,10490,GC.v.0
2025-12-04 14:00:00+00:00,34,1,42001025,4228.4,4244.0,4223.0,4231.1,16545,GC.v.0
2025-12-04 15:00:00+00:00,34,1,42001025,4231.2,4240.6,4220.8,4237.6,12245,GC.v.0
2025-12-04 16:00:00+00:00,34,1,42001025,4237.8,4251.1,4237.0,4245.9,14617,GC.v.0
2025-12-04 17:00:00+00:00,34,1,42001025,4246.2,4248.1,4239.0,4246.6,5361,GC.v.0
2025-12-04 18:00:00+00:00,34,1,42001025,4246.8,4247.8,4237.6,4238.5,6217,GC.v.0
2025-12-04 19:00:00+00:00,34,1,42001025,4238.5,4240.9,4229.9,4239.7,5567,GC.v.0
2025-12-04 20:00:00+00:00,34,1,42001025,4239.3,4240.7,4235.9,4240.2,2919,GC.v.0
2025-12-04 21:00:00+00:00,34,1,42001025,4240.2,4240.9,4237.5,4237.9,1094,GC.v.0
2025-12-04 23:00:00+00:00,34,1,42001025,4239.5,4240.2,4233.7,4236.2,3920,GC.v.0
2025-12-05 00:00:00+00:00,34,1,42001025,4236.2,4240.6,4231.0,4231.7,3124,GC.v.0
2025-12-05 01:00:00+00:00,34,1,42001025,4231.7,4234.7,4224.6,4232.9,6546,GC.v.0
2025-12-05 02:00:00+00:00,34,1,42001025,4232.9,4237.9,4226.0,4237.0,4689,GC.v.0
2025-12-05 03:00:00+00:00,34,1,42001025,4237.0,4240.4,4231.3,4238.9,4077,GC.v.0
2025-12-05 04:00:00+00:00,34,1,42001025,4238.5,4247.0,4237.1,4246.2,4083,GC.v.0
2025-12-05 05:00:00+00:00,34,1,42001025,4246.4,4252.0,4243.6,4250.7,6114,GC.v.0
2025-12-05 06:00:00+00:00,34,1,42001025,4250.6,4259.5,4248.9,4254.4,7483,GC.v.0
2025-12-05 07:00:00+00:00,34,1,42001025,4254.8,4261.1,4252.5,4254.3,3732,GC.v.0
2025-12-05 08:00:00+00:00,34,1,42001025,4254.6,4257.1,4250.5,4250.7,4239,GC.v.0
2025-12-05 09:00:00+00:00,34,1,42001025,4250.5,4255.2,4245.8,4253.5,4377,GC.v.0
2025-12-05 10:00:00+00:00,34,1,42001025,4253.3,4257.7,4252.4,4252.9,2379,GC.v.0
2025-12-05 11:00:00+00:00,34,1,42001025,4252.8,4255.7,4250.0,4253.5,2261,GC.v.0
2025-12-05 12:00:00+00:00,34,1,42001025,4253.6,4260.0,4252.8,4259.0,3914,GC.v.0
2025-12-05 13:00:00+00:00,34,1,42001025,4259.0,4269.6,4251.4,4264.7,13164,GC.v.0
2025-12-05 14:00:00+00:00,34,1,42001025,4265.0,4277.0,4258.5,4272.3,15755,GC.v.0
2025-12-05 15:00:00+00:00,34,1,42001025,4272.3,4290.5,4264.2,4274.9,24768,GC.v.0
2025-12-05 16:00:00+00:00,34,1,42001025,4275.0,4276.9,4227.8,4244.1,36986,GC.v.0
2025-12-05 17:00:00+00:00,34,1,42001025,4244.0,4251.0,4236.0,4248.4,8936,GC.v.0
2025-12-05 18:00:00+00:00,34,1,42001025,4248.2,4250.3,4236.9,4239.3,8216,GC.v.0
2025-12-05 19:00:00+00:00,34,1,42001025,4239.3,4241.1,4232.1,4237.3,4669,GC.v.0
2025-12-05 20:00:00+00:00,34,1,42001025,4237.6,4237.6,4229.0,4231.6,5003,GC.v.0
2025-12-05 21:00:00+00:00,34,1,42001025,4231.4,4231.7,4221.4,4227.7,3812,GC.v.0
2025-12-07 23:00:00+00:00,34,1,42001025,4228.1,4236.5,4224.5,4230.6,4069,GC.v.0
2025-12-08 00:00:00+00:00,34,1,42001025,4231.2,4241.3,4228.5,4240.2,3017,GC.v.0
2025-12-08 01:00:00+00:00,34,1,42001025,4240.4,4241.3,4225.8,4230.2,6105,GC.v.0
2025-12-08 02:00:00+00:00,34,1,42001025,4229.6,4241.2,4227.2,4236.9,4590,GC.v.0
2025-12-08 03:00:00+00:00,34,1,42001025,4237.3,4241.8,4235.1,4238.7,2865,GC.v.0
2025-12-08 04:00:00+00:00,34,1,42001025,4238.8,4241.9,4235.3,4237.1,1745,GC.v.0
2025-12-08 05:00:00+00:00,34,1,42001025,4237.0,4246.8,4233.2,4246.3,4220,GC.v.0
2025-12-08 06:00:00+00:00,34,1,42001025,4246.6,4247.9,4241.4,4245.4,3056,GC.v.0
2025-12-08 07:00:00+00:00,34,1,42001025,4245.4,4245.8,4234.7,4235.7,3806,GC.v.0
2025-12-08 08:00:00+00:00,34,1,42001025,4235.8,4246.0,4231.8,4239.2,5275,GC.v.0
2025-12-08 09:00:00+00:00,34,1,42001025,4238.9,4242.0,4232.5,4237.4,4384,GC.v.0
2025-12-08 10:00:00+00:00,34,1,42001025,4237.2,4239.9,4230.1,4232.9,3718,GC.v.0
2025-12-08 11:00:00+00:00,34,1,42001025,4233.0,4243.6,4229.0,4237.7,4937,GC.v.0
2025-12-08 12:00:00+00:00,34,1,42001025,4237.6,4245.1,4237.2,4243.3,3597,GC.v.0
2025-12-08 13:00:00+00:00,34,1,42001025,4243.3,4244.4,4226.8,4230.9,9718,GC.v.0
2025-12-08 14:00:00+00:00,34,1,42001025,4230.9,4240.8,4223.2,4225.8,16503,GC.v.0
2025-12-08 15:00:00+00:00,34,1,42001025,4225.3,4225.8,4204.0,4211.8,22515,GC.v.0
2025-12-08 16:00:00+00:00,34,1,42001025,4211.5,4227.0,4205.4,4220.7,12007,GC.v.0
2025-12-08 17:00:00+00:00,34,1,42001025,4220.8,4224.8,4214.3,4224.2,5760,GC.v.0
2025-12-08 18:00:00+00:00,34,1,42001025,4224.3,4225.0,4213.3,4216.1,6478,GC.v.0
2025-12-08 19:00:00+00:00,34,1,42001025,4216.0,4218.2,4213.0,4216.1,4442,GC.v.0
2025-12-08 20:00:00+00:00,34,1,42001025,4216.2,4224.8,4214.0,4221.1,4376,GC.v.0
2025-12-08 21:00:00+00:00,34,1,42001025,4221.2,4222.7,4217.9,4219.9,1212,GC.v.0
2025-12-08 23:00:00+00:00,34,1,42001025,4219.6,4224.5,4217.9,4223.8,2487,GC.v.0
2025-12-09 00:00:00+00:00,34,1,42001025,4223.8,4224.9,4219.2,4219.6,3139,GC.v.0
2025-12-09 01:00:00+00:00,34,1,42001025,4219.5,4226.5,4217.7,4225.1,3359,GC.v.0
2025-12-09 02:00:00+00:00,34,1,42001025,4225.0,4226.1,4214.4,4218.7,4705,GC.v.0
2025-12-09 03:00:00+00:00,34,1,42001025,4218.7,4227.6,4218.6,4223.8,5402,GC.v.0
2025-12-09 04:00:00+00:00,34,1,42001025,4223.7,4224.7,4213.6,4216.0,4902,GC.v.0
2025-12-09 05:00:00+00:00,34,1,42001025,4215.9,4216.5,4206.4,4208.2,5956,GC.v.0
2025-12-09 06:00:00+00:00,34,1,42001025,4208.1,4212.0,4197.8,4209.8,9666,GC.v.0
2025-12-09 07:00:00+00:00,34,1,42001025,4209.8,4213.6,4203.2,4209.7,6561,GC.v.0
2025-12-09 08:00:00+00:00,34,1,42001025,4209.9,4220.3,4209.9,4220.3,7663,GC.v.0
2025-12-09 09:00:00+00:00,34,1,42001025,4220.1,4242.3,4219.4,4232.2,14595,GC.v.0
2025-12-09 10:00:00+00:00,34,1,42001025,4232.4,4237.3,4230.4,4233.2,3922,GC.v.0
2025-12-09 11:00:00+00:00,34,1,42001025,4233.2,4235.8,4230.3,4232.1,2381,GC.v.0
2025-12-09 12:00:00+00:00,34,1,42001025,4232.4,4237.0,4227.6,4233.4,3674,GC.v.0
2025-12-09 13:00:00+00:00,34,1,42001025,4233.6,4238.0,4223.8,4230.4,10135,GC.v.0
2025-12-09 14:00:00+00:00,34,1,42001025,4230.6,4240.0,4218.0,4233.8,17954,GC.v.0
2025-12-09 15:00:00+00:00,34,1,42001025,4233.7,4246.0,4218.4,4242.0,20513,GC.v.0
2025-12-09 16:00:00+00:00,34,1,42001025,4242.3,4251.7,4239.3,4242.1,17177,GC.v.0
2025-12-09 17:00:00+00:00,34,1,42001025,4242.4,4246.0,4230.7,4232.1,7317,GC.v.0
2025-12-09 18:00:00+00:00,34,1,42001025,4232.1,4238.8,4230.1,4238.2,5921,GC.v.0
2025-12-09 19:00:00+00:00,34,1,42001025,4237.9,4243.3,4235.7,4241.4,4006,GC.v.0
2025-12-09 20:00:00+00:00,34,1,42001025,4241.1,4245.1,4238.2,4240.8,4117,GC.v.0
2025-12-09 21:00:00+00:00,34,1,42001025,4240.9,4241.8,4235.9,4236.6,1731,GC.v.0
2025-12-09 23:00:00+00:00,34,1,42001025,4237.5,4241.3,4235.3,4238.7,1789,GC.v.0
2025-12-10 00:00:00+00:00,34,1,42001025,4239.0,4240.5,4235.2,4236.9,2225,GC.v.0
2025-12-10 01:00:00+00:00,34,1,42001025,4237.2,4247.0,4235.4,4243.1,5482,GC.v.0
2025-12-10 02:00:00+00:00,34,1,42001025,4242.7,4247.9,4240.4,4246.1,2788,GC.v.0
2025-12-10 03:00:00+00:00,34,1,42001025,4246.0,4246.3,4232.5,4235.0,3823,GC.v.0
2025-12-10 04:00:00+00:00,34,1,42001025,4234.9,4238.1,4233.7,4235.6,1877,GC.v.0
2025-12-10 05:00:00+00:00,34,1,42001025,4235.5,4242.6,4229.7,4239.3,4374,GC.v.0
2025-12-10 06:00:00+00:00,34,1,42001025,4239.0,4239.7,4231.0,4235.1,3790,GC.v.0
2025-12-10 07:00:00+00:00,34,1,42001025,4235.2,4237.2,4231.1,4231.2,3663,GC.v.0
2025-12-10 08:00:00+00:00,34,1,42001025,4231.1,4234.8,4224.8,4225.8,5904,GC.v.0
2025-12-10 09:00:00+00:00,34,1,42001025,4225.6,4228.4,4220.3,4221.8,5670,GC.v.0
2025-12-10 10:00:00+00:00,34,1,42001025,4222.0,4224.8,4215.3,4221.0,5823,GC.v.0
2025-12-10 11:00:00+00:00,34,1,42001025,4221.2,4226.0,4220.3,4225.6,3157,GC.v.0
2025-12-10 12:00:00+00:00,34,1,42001025,4225.5,4230.3,4223.4,4224.5,4721,GC.v.0
2025-12-10 13:00:00+00:00,34,1,42001025,4224.6,4233.3,4220.9,4228.8,9096,GC.v.0
2025-12-10 14:00:00+00:00,34,1,42001025,4229.0,4235.3,4219.5,4221.2,11588,GC.v.0
2025-12-10 15:00:00+00:00,34,1,42001025,4221.0,4230.0,4216.6,4222.1,12127,GC.v.0
2025-12-10 16:00:00+00:00,34,1,42001025,4222.1,4233.8,4221.4,4233.2,6920,GC.v.0
2025-12-10 17:00:00+00:00,34,1,42001025,4233.0,4233.1,4224.8,4227.9,5029,GC.v.0
2025-12-10 18:00:00+00:00,34,1,42001025,4227.9,4228.9,4219.9,4221.9,7188,GC.v.0
2025-12-10 19:00:00+00:00,34,1,42001025,4221.8,4249.0,4207.8,4245.7,38384,GC.v.0
2025-12-10 20:00:00+00:00,34,1,42001025,4245.6,4268.8,4240.4,4259.1,21781,GC.v.0
2025-12-10 21:00:00+00:00,34,1,42001025,4259.1,4262.4,4251.0,4258.3,3685,GC.v.0
2025-12-10 23:00:00+00:00,34,1,42001025,4258.3,4263.3,4253.5,4261.6,3127,GC.v.0
2025-12-11 00:00:00+00:00,34,1,42001025,4261.7,4274.6,4260.6,4266.5,6507,GC.v.0
2025-12-11 01:00:00+00:00,34,1,42001025,4266.5,4277.7,4262.1,4267.7,7788,GC.v.0
2025-12-11 02:00:00+00:00,34,1,42001025,4267.8,4270.3,4248.6,4250.4,7655,GC.v.0
2025-12-11 03:00:00+00:00,34,1,42001025,4250.2,4253.2,4236.2,4244.6,8846,GC.v.0
2025-12-11 04:00:00+00:00,34,1,42001025,4244.1,4246.2,4235.7,4240.7,4153,GC.v.0
2025-12-11 05:00:00+00:00,34,1,42001025,4240.6,4243.5,4233.4,4235.0,3906,GC.v.0
2025-12-11 06:00:00+00:00,34,1,42001025,4235.2,4242.4,4231.2,4241.5,4287,GC.v.0
2025-12-11 07:00:00+00:00,34,1,42001025,4241.3,4246.1,4237.2,4243.5,4333,GC.v.0
2025-12-11 08:00:00+00:00,34,1,42001025,4243.7,4247.4,4240.0,4244.0,3838,GC.v.0
2025-12-11 09:00:00+00:00,34,1,42001025,4244.0,4248.8,4237.7,4245.6,4552,GC.v.0
2025-12-11 10:00:00+00:00,34,1,42001025,4245.7,4253.9,4239.4,4244.2,5830,GC.v.0
2025-12-11 11:00:00+00:00,34,1,42001025,4244.3,4246.7,4236.6,4238.1,3479,GC.v.0
2025-12-11 12:00:00+00:00,34,1,42001025,4238.1,4248.0,4235.6,4248.0,4999,GC.v.0
2025-12-11 13:00:00+00:00,34,1,42001025,4248.0,4250.8,4231.9,4248.6,13097,GC.v.0
2025-12-11 14:00:00+00:00,34,1,42001025,4248.5,4273.4,4245.4,4257.9,25594,GC.v.0
2025-12-11 15:00:00+00:00,34,1,42001025,4257.9,4291.2,4253.9,4285.3,29409,GC.v.0
2025-12-11 16:00:00+00:00,34,1,42001025,4285.4,4309.4,4278.9,4304.4,23796,GC.v.0
2025-12-11 17:00:00+00:00,34,1,42001025,4304.1,4312.3,4302.1,4309.0,13697,GC.v.0
2025-12-11 18:00:00+00:00,34,1,42001025,4309.2,4317.3,4297.0,4298.6,14787,GC.v.0
2025-12-11 19:00:00+00:00,34,1,42001025,4298.4,4307.0,4292.6,4302.6,8187,GC.v.0
2025-12-11 20:00:00+00:00,34,1,42001025,4302.4,4305.0,4293.2,4304.8,6828,GC.v.0
2025-12-11 21:00:00+00:00,34,1,42001025,4304.9,4313.5,4301.5,4309.3,4050,GC.v.0
2025-12-11 23:00:00+00:00,34,1,42001025,4309.1,4313.1,4302.7,4305.9,3825,GC.v.0
2025-12-12 00:00:00+00:00,34,1,42001025,4305.7,4310.0,4298.7,4299.6,3880,GC.v.0
2025-12-12 01:00:00+00:00,34,1,42001025,4299.5,4307.0,4295.5,4302.1,7145,GC.v.0
2025-12-12 02:00:00+00:00,34,1,42001025,4301.9,4307.6,4300.0,4301.1,3091,GC.v.0
2025-12-12 03:00:00+00:00,34,1,42001025,4301.0,4305.3,4299.0,4301.3,2574,GC.v.0
2025-12-12 04:00:00+00:00,34,1,42001025,4301.3,4301.6,4297.1,4297.4,2101,GC.v.0
2025-12-12 05:00:00+00:00,34,1,42001025,4297.5,4311.3,4297.0,4309.8,3572,GC.v.0
2025-12-12 06:00:00+00:00,34,1,42001025,4309.9,4313.9,4306.8,4313.6,3656,GC.v.0
2025-12-12 07:00:00+00:00,34,1,42001025,4313.2,4321.1,4311.6,4317.6,7282,GC.v.0
2025-12-12 08:00:00+00:00,34,1,42001025,4317.5,4340.7,4317.5,4339.1,12335,GC.v.0
2025-12-12 09:00:00+00:00,34,1,42001025,4339.4,4352.3,4338.0,4350.3,12509,GC.v.0
2025-12-12 10:00:00+00:00,34,1,42001025,4350.6,4368.3,4347.1,4365.1,14274,GC.v.0
2025-12-12 11:00:00+00:00,34,1,42001025,4364.9,4376.5,4361.6,4374.2,12948,GC.v.0
2025-12-12 12:00:00+00:00,34,1,42001025,4374.4,4376.8,4360.8,4361.1,10530,GC.v.0
2025-12-12 13:00:00+00:00,34,1,42001025,4361.4,4381.4,4356.5,4375.9,18624,GC.v.0
2025-12-12 14:00:00+00:00,34,1,42001025,4375.8,4387.8,4363.4,4381.5,23158,GC.v.0
2025-12-12 15:00:00+00:00,34,1,42001025,4381.2,4384.5,4312.7,4320.4,51145,GC.v.0
2025-12-12 16:00:00+00:00,34,1,42001025,4320.1,4326.5,4286.0,4312.8,41289,GC.v.0
2025-12-12 17:00:00+00:00,34,1,42001025,4312.8,4330.1,4301.8,4325.8,15427,GC.v.0
2025-12-12 18:00:00+00:00,34,1,42001025,4326.1,4336.1,4322.8,4327.5,12287,GC.v.0
2025-12-12 19:00:00+00:00,34,1,42001025,4327.5,4332.3,4322.1,4328.4,5068,GC.v.0
2025-12-12 20:00:00+00:00,34,1,42001025,4328.3,4334.7,4319.2,4329.7,7904,GC.v.0
2025-12-12 21:00:00+00:00,34,1,42001025,4329.8,4335.0,4328.6,4329.8,2334,GC.v.0
2025-12-14 23:00:00+00:00,34,1,42001025,4330.0,4339.3,4324.4,4333.9,4054,GC.v.0
2025-12-15 00:00:00+00:00,34,1,42001025,4334.0,4339.7,4331.8,4339.5,2662,GC.v.0
2025-12-15 01:00:00+00:00,34,1,42001025,4339.7,4357.8,4337.7,4354.6,7462,GC.v.0
2025-12-15 02:00:00+00:00,34,1,42001025,4354.1,4361.5,4353.5,4358.3,4373,GC.v.0
2025-12-15 03:00:00+00:00,34,1,42001025,4358.2,4361.8,4351.8,4359.9,3984,GC.v.0
2025-12-15 04:00:00+00:00,34,1,42001025,4359.5,4363.1,4356.2,4359.1,3236,GC.v.0
2025-12-15 05:00:00+00:00,34,1,42001025,4359.0,4378.0,4357.8,4377.5,6364,GC.v.0
2025-12-15 06:00:00+00:00,34,1,42001025,4377.3,4380.5,4372.2,4376.1,4477,GC.v.0
2025-12-15 07:00:00+00:00,34,1,42001025,4376.1,4377.8,4366.7,4372.4,6332,GC.v.0
2025-12-15 08:00:00+00:00,34,1,42001025,4372.2,4382.6,4372.0,4380.4,5087,GC.v.0
2025-12-15 09:00:00+00:00,34,1,42001025,4380.3,4384.3,4375.7,4376.1,5403,GC.v.0
2025-12-15 10:00:00+00:00,34,1,42001025,4376.3,4382.5,4372.0,4374.0,5956,GC.v.0
2025-12-15 11:00:00+00:00,34,1,42001025,4373.8,4377.7,4369.4,4376.6,3848,GC.v.0
2025-12-15 12:00:00+00:00,34,1,42001025,4376.9,4382.6,4376.8,4379.9,4686,GC.v.0
2025-12-15 13:00:00+00:00,34,1,42001025,4379.9,4380.7,4364.3,4365.7,12649,GC.v.0
2025-12-15 14:00:00+00:00,34,1,42001025,4365.7,4370.4,4348.7,4355.4,25878,GC.v.0
2025-12-15 15:00:00+00:00,34,1,42001025,4355.3,4359.8,4342.8,4349.9,24523,GC.v.0
2025-12-15 16:00:00+00:00,34,1,42001025,4350.0,4350.5,4315.9,4328.2,30365,GC.v.0
2025-12-15 17:00:00+00:00,34,1,42001025,4328.1,4336.3,4321.2,4334.3,10319,GC.v.0
2025-12-15 18:00:00+00:00,34,1,42001025,4334.1,4343.3,4329.6,4342.7,8983,GC.v.0
2025-12-15 19:00:00+00:00,34,1,42001025,4342.5,4347.0,4336.6,4342.9,7112,GC.v.0
2025-12-15 20:00:00+00:00,34,1,42001025,4342.8,4343.3,4327.9,4333.7,6558,GC.v.0
2025-12-15 21:00:00+00:00,34,1,42001025,4333.9,4335.1,4329.7,4334.3,2170,GC.v.0
2025-12-15 23:00:00+00:00,34,1,42001025,4334.3,4339.1,4332.3,4333.1,2211,GC.v.0
2025-12-16 00:00:00+00:00,34,1,42001025,4333.2,4341.9,4332.0,4335.8,3273,GC.v.0
2025-12-16 01:00:00+00:00,34,1,42001025,4336.0,4345.3,4326.4,4336.3,6627,GC.v.0
2025-12-16 02:00:00+00:00,34,1,42001025,4336.2,4340.0,4312.6,4316.4,7041,GC.v.0
2025-12-16 03:00:00+00:00,34,1,42001025,4316.5,4321.5,4307.2,4317.2,9473,GC.v.0
2025-12-16 04:00:00+00:00,34,1,42001025,4317.3,4318.6,4313.0,4315.8,1810,GC.v.0
2025-12-16 05:00:00+00:00,34,1,42001025,4315.4,4318.9,4297.4,4309.9,7255,GC.v.0
2025-12-16 06:00:00+00:00,34,1,42001025,4310.3,4318.4,4308.7,4315.5,3122,GC.v.0
2025-12-16 07:00:00+00:00,34,1,42001025,4315.6,4315.9,4304.9,4313.4,4792,GC.v.0
2025-12-16 08:00:00+00:00,34,1,42001025,4313.3,4315.1,4301.0,4311.8,7276,GC.v.0
2025-12-16 09:00:00+00:00,34,1,42001025,4311.5,4312.6,4303.1,4306.8,3792,GC.v.0
2025-12-16 10:00:00+00:00,34,1,42001025,4307.2,4311.6,4301.6,4305.1,7127,GC.v.0
2025-12-16 11:00:00+00:00,34,1,42001025,4304.9,4307.5,4301.2,4306.8,3831,GC.v.0
2025-12-16 12:00:00+00:00,34,1,42001025,4306.7,4323.4,4304.9,4323.2,7345,GC.v.0
2025-12-16 13:00:00+00:00,34,1,42001025,4323.0,4343.1,4319.2,4342.5,22419,GC.v.0
2025-12-16 14:00:00+00:00,34,1,42001025,4342.7,4363.8,4341.0,4356.1,27603,GC.v.0
2025-12-16 15:00:00+00:00,34,1,42001025,4355.9,4367.9,4344.3,4351.8,22880,GC.v.0
2025-12-16 16:00:00+00:00,34,1,42001025,4352.1,4355.7,4322.9,4332.0,18079,GC.v.0
2025-12-16 17:00:00+00:00,34,1,42001025,4332.1,4342.2,4330.4,4333.8,9312,GC.v.0
2025-12-16 18:00:00+00:00,34,1,42001025,4334.0,4344.2,4328.1,4341.5,9139,GC.v.0
2025-12-16 19:00:00+00:00,34,1,42001025,4341.8,4346.2,4326.3,4341.4,7754,GC.v.0
2025-12-16 20:00:00+00:00,34,1,42001025,4341.1,4344.8,4332.5,4334.1,4865,GC.v.0
2025-12-16 21:00:00+00:00,34,1,42001025,4334.1,4334.9,4329.7,4332.2,1507,GC.v.0
2025-12-16 23:00:00+00:00,34,1,42001025,4333.5,4337.7,4330.7,4336.9,1658,GC.v.0
2025-12-17 00:00:00+00:00,34,1,42001025,4336.7,4343.6,4336.3,4342.2,2026,GC.v.0
2025-12-17 01:00:00+00:00,34,1,42001025,4342.0,4355.3,4339.9,4355.0,6631,GC.v.0
2025-12-17 02:00:00+00:00,34,1,42001025,4355.3,4356.4,4340.0,4343.3,5289,GC.v.0
2025-12-17 03:00:00+00:00,34,1,42001025,4343.7,4354.4,4341.6,4353.2,4948,GC.v.0
2025-12-17 04:00:00+00:00,34,1,42001025,4353.5,4361.6,4349.9,4359.3,4394,GC.v.0
2025-12-17 05:00:00+00:00,34,1,42001025,4359.5,4373.6,4357.5,4364.9,8355,GC.v.0
2025-12-17 06:00:00+00:00,34,1,42001025,4364.8,4368.7,4355.0,4359.4,4907,GC.v.0
2025-12-17 07:00:00+00:00,34,1,42001025,4359.3,4359.3,4345.5,4348.1,5576,GC.v.0
2025-12-17 08:00:00+00:00,34,1,42001025,4347.8,4351.0,4337.9,4348.3,6457,GC.v.0
2025-12-17 09:00:00+00:00,34,1,42001025,4348.1,4352.6,4344.7,4345.7,3891,GC.v.0
2025-12-17 10:00:00+00:00,34,1,42001025,4345.4,4351.6,4335.7,4346.1,5790,GC.v.0
2025-12-17 11:00:00+00:00,34,1,42001025,4346.3,4349.7,4344.2,4345.9,2331,GC.v.0
2025-12-17 12:00:00+00:00,34,1,42001025,4346.1,4353.7,4344.7,4347.5,5138,GC.v.0
2025-12-17 13:00:00+00:00,34,1,42001025,4347.8,4375.9,4345.3,4373.6,19956,GC.v.0
2025-12-17 14:00:00+00:00,34,1,42001025,4373.5,4378.2,4354.1,4369.3,24868,GC.v.0
2025-12-17 15:00:00+00:00,34,1,42001025,4369.0,4383.6,4355.1,4361.5,30819,GC.v.0
2025-12-17 16:00:00+00:00,34,1,42001025,4361.7,4370.0,4351.0,4365.2,18672,GC.v.0
2025-12-17 17:00:00+00:00,34,1,42001025,4365.1,4373.6,4360.2,4373.4,9974,GC.v.0
2025-12-17 18:00:00+00:00,34,1,42001025,4373.6,4378.5,4360.7,4367.7,12803,GC.v.0
2025-12-17 19:00:00+00:00,34,1,42001025,4367.6,4373.5,4362.4,4369.3,4856,GC.v.0
2025-12-17 20:00:00+00:00,34,1,42001025,4369.3,4379.0,4367.3,4373.4,5835,GC.v.0
2025-12-17 21:00:00+00:00,34,1,42001025,4373.3,4379.4,4370.6,4371.4,2725,GC.v.0
2025-12-17 23:00:00+00:00,34,1,42001025,4371.5,4374.5,4366.9,4371.0,2141,GC.v.0
2025-12-18 00:00:00+00:00,34,1,42001025,4371.0,4375.1,4365.4,4366.9,2791,GC.v.0
2025-12-18 01:00:00+00:00,34,1,42001025,4366.9,4369.3,4355.2,4363.2,5619,GC.v.0
2025-12-18 02:00:00+00:00,34,1,42001025,4363.5,4369.5,4361.1,4364.7,3786,GC.v.0
2025-12-18 03:00:00+00:00,34,1,42001025,4364.3,4368.0,4361.4,4363.4,2130,GC.v.0
2025-12-18 04:00:00+00:00,34,1,42001025,4363.6,4364.0,4358.5,4361.8,2021,GC.v.0
2025-12-18 05:00:00+00:00,34,1,42001025,4361.6,4367.9,4360.7,4363.2,2724,GC.v.0
2025-12-18 06:00:00+00:00,34,1,42001025,4363.3,4366.7,4360.9,4364.4,2290,GC.v.0
2025-12-18 07:00:00+00:00,34,1,42001025,4364.0,4368.7,4360.0,4362.6,3778,GC.v.0
2025-12-18 08:00:00+00:00,34,1,42001025,4362.5,4363.7,4352.3,4357.4,5706,GC.v.0
2025-12-18 09:00:00+00:00,34,1,42001025,4357.1,4359.4,4351.0,4353.9,5457,GC.v.0
2025-12-18 10:00:00+00:00,34,1,42001025,4353.9,4359.3,4353.0,4357.3,4343,GC.v.0
2025-12-18 11:00:00+00:00,34,1,42001025,4357.4,4360.9,4356.6,4357.6,4026,GC.v.0
2025-12-18 12:00:00+00:00,34,1,42001025,4357.6,4358.8,4348.6,4352.9,5509,GC.v.0
2025-12-18 13:00:00+00:00,34,1,42001025,4352.7,4375.7,4346.6,4368.5,20167,GC.v.0
2025-12-18 14:00:00+00:00,34,1,42001025,4368.4,4373.8,4338.0,4360.2,29769,GC.v.0
2025-12-18 15:00:00+00:00,34,1,42001025,4360.0,4373.9,4356.7,4370.2,20803,GC.v.0
2025-12-18 16:00:00+00:00,34,1,42001025,4370.0,4409.5,4369.6,4394.6,41289,GC.v.0
2025-12-18 17:00:00+00:00,34,1,42001025,4394.6,4397.7,4352.6,4365.1,34381,GC.v.0
2025-12-18 18:00:00+00:00,34,1,42001025,4365.4,4373.8,4357.6,4363.5,10463,GC.v.0
2025-12-18 19:00:00+00:00,34,1,42001025,4363.4,4367.3,4354.6,4357.2,4797,GC.v.0
2025-12-18 20:00:00+00:00,34,1,42001025,4357.8,4370.4,4356.8,4365.9,4603,GC.v.0
2025-12-18 21:00:00+00:00,34,1,42001025,4365.7,4365.8,4359.9,4363.9,1721,GC.v.0
2025-12-18 23:00:00+00:00,34,1,42001025,4363.6,4368.4,4363.0,4366.5,1394,GC.v.0
2025-12-19 00:00:00+00:00,34,1,42001025,4366.7,4367.2,4355.5,4356.1,2698,GC.v.0
2025-12-19 01:00:00+00:00,34,1,42001025,4356.2,4357.4,4336.3,4350.5,10196,GC.v.0
2025-12-19 02:00:00+00:00,34,1,42001025,4350.8,4355.3,4340.6,4344.2,4251,GC.v.0
2025-12-19 03:00:00+00:00,34,1,42001025,4344.0,4350.6,4339.9,4345.8,4158,GC.v.0
2025-12-19 04:00:00+00:00,34,1,42001025,4346.0,4351.0,4344.3,4350.8,1626,GC.v.0
2025-12-19 05:00:00+00:00,34,1,42001025,4350.9,4357.4,4344.9,4354.6,2774,GC.v.0
2025-12-19 06:00:00+00:00,34,1,42001025,4354.4,4358.0,4349.7,4355.1,2538,GC.v.0
2025-12-19 07:00:00+00:00,34,1,42001025,4355.0,4357.0,4349.3,4350.4,3578,GC.v.0
2025-12-19 08:00:00+00:00,34,1,42001025,4350.5,4359.7,4349.2,4355.0,3875,GC.v.0
2025-12-19 09:00:00+00:00,34,1,42001025,4354.6,4362.4,4352.8,4358.6,3409,GC.v.0
2025-12-19 10:00:00+00:00,34,1,42001025,4358.4,4360.9,4351.2,4358.0,4574,GC.v.0
2025-12-19 11:00:00+00:00,34,1,42001025,4358.0,4359.3,4355.0,4357.1,2148,GC.v.0
2025-12-19 12:00:00+00:00,34,1,42001025,4357.3,4358.0,4349.8,4356.0,6323,GC.v.0
2025-12-19 13:00:00+00:00,34,1,42001025,4356.2,4367.6,4355.5,4360.0,12494,GC.v.0
2025-12-19 14:00:00+00:00,34,1,42001025,4359.9,4369.8,4350.7,4363.4,17378,GC.v.0
2025-12-19 15:00:00+00:00,34,1,42001025,4363.4,4382.5,4363.4,4381.3,24613,GC.v.0
2025-12-19 16:00:00+00:00,34,1,42001025,4381.3,4388.0,4374.6,4383.8,13136,GC.v.0
2025-12-19 17:00:00+00:00,34,1,42001025,4383.5,4389.0,4380.9,4386.0,9379,GC.v.0
2025-12-19 18:00:00+00:00,34,1,42001025,4385.9,4389.0,4375.3,4380.0,10302,GC.v.0
2025-12-19 19:00:00+00:00,34,1,42001025,4380.2,4382.1,4376.0,4376.2,3539,GC.v.0
2025-12-19 20:00:00+00:00,34,1,42001025,4376.4,4377.6,4368.0,4370.3,8099,GC.v.0
2025-12-19 21:00:00+00:00,34,1,42001025,4370.6,4371.2,4367.8,4368.7,1576,GC.v.0
2025-12-21 23:00:00+00:00,34,1,42001025,4369.9,4386.2,4367.9,4385.3,5137,GC.v.0
2025-12-22 00:00:00+00:00,34,1,42001025,4385.3,4397.1,4385.2,4396.5,6390,GC.v.0
2025-12-22 01:00:00+00:00,34,1,42001025,4396.6,4417.5,4391.7,4415.6,13238,GC.v.0
2025-12-22 02:00:00+00:00,34,1,42001025,4415.4,4421.0,4410.9,4417.6,6454,GC.v.0
2025-12-22 03:00:00+00:00,34,1,42001025,4417.6,4427.3,4415.9,4425.1,5188,GC.v.0
2025-12-22 04:00:00+00:00,34,1,42001025,4425.1,4433.7,4423.7,4431.0,4919,GC.v.0
2025-12-22 05:00:00+00:00,34,1,42001025,4431.0,4442.8,4429.6,4433.5,10507,GC.v.0
2025-12-22 06:00:00+00:00,34,1,42001025,4433.3,4452.7,4432.1,4452.2,8345,GC.v.0
2025-12-22 07:00:00+00:00,34,1,42001025,4451.9,4453.0,4442.5,4447.1,6578,GC.v.0
2025-12-22 08:00:00+00:00,34,1,42001025,4446.9,4448.0,4439.1,4441.3,6571,GC.v.0
2025-12-22 09:00:00+00:00,34,1,42001025,4441.5,4448.5,4441.0,4444.4,4477,GC.v.0
2025-12-22 10:00:00+00:00,34,1,42001025,4444.6,4449.6,4439.6,4442.2,5930,GC.v.0
2025-12-22 11:00:00+00:00,34,1,42001025,4442.4,4445.7,4439.7,4443.8,3542,GC.v.0
2025-12-22 12:00:00+00:00,34,1,42001025,4443.7,4449.9,4439.5,4449.5,6292,GC.v.0
2025-12-22 13:00:00+00:00,34,1,42001025,4449.5,4462.3,4445.9,4458.2,16636,GC.v.0
2025-12-22 14:00:00+00:00,34,1,42001025,4458.4,4465.1,4449.8,4454.6,17895,GC.v.0
2025-12-22 15:00:00+00:00,34,1,42001025,4454.8,4471.1,4447.3,4467.2,17523,GC.v.0
2025-12-22 16:00:00+00:00,34,1,42001025,4467.2,4477.7,4463.5,4474.0,14660,GC.v.0
2025-12-22 17:00:00+00:00,34,1,42001025,4473.8,4477.3,4467.0,4473.4,7335,GC.v.0
2025-12-22 18:00:00+00:00,34,1,42001025,4473.6,4473.9,4464.6,4470.6,7470,GC.v.0
2025-12-22 19:00:00+00:00,34,1,42001025,4470.8,4471.4,4464.1,4469.0,4355,GC.v.0
2025-12-22 20:00:00+00:00,34,1,42001025,4468.9,4473.9,4467.0,4472.5,5450,GC.v.0
2025-12-22 21:00:00+00:00,34,1,42001025,4472.5,4484.5,4472.5,4480.6,4507,GC.v.0
2025-12-22 23:00:00+00:00,34,1,42001025,4481.8,4494.2,4479.8,4492.3,5854,GC.v.0
2025-12-23 00:00:00+00:00,34,1,42001025,4492.1,4504.8,4490.6,4504.5,6144,GC.v.0
2025-12-23 01:00:00+00:00,34,1,42001025,4504.5,4523.0,4502.2,4519.2,15589,GC.v.0
2025-12-23 02:00:00+00:00,34,1,42001025,4519.5,4530.8,4513.2,4525.5,8268,GC.v.0
2025-12-23 03:00:00+00:00,34,1,42001025,4525.2,4528.6,4515.4,4519.9,5900,GC.v.0
2025-12-23 04:00:00+00:00,34,1,42001025,4519.8,4521.9,4510.7,4514.2,3649,GC.v.0
2025-12-23 05:00:00+00:00,34,1,42001025,4514.5,4518.3,4507.3,4507.4,6070,GC.v.0
2025-12-23 06:00:00+00:00,34,1,42001025,4507.2,4513.9,4502.6,4513.9,6257,GC.v.0
2025-12-23 07:00:00+00:00,34,1,42001025,4513.6,4522.2,4510.4,4519.1,4858,GC.v.0
2025-12-23 08:00:00+00:00,34,1,42001025,4519.1,4524.5,4515.3,4520.8,4659,GC.v.0
2025-12-23 09:00:00+00:00,34,1,42001025,4520.8,4522.0,4510.0,4512.0,5646,GC.v.0
2025-12-23 10:00:00+00:00,34,1,42001025,4511.8,4518.6,4511.0,4516.7,4388,GC.v.0
2025-12-23 11:00:00+00:00,34,1,42001025,4516.8,4526.3,4514.4,4525.8,4609,GC.v.0
2025-12-23 12:00:00+00:00,34,1,42001025,4525.5,4525.7,4515.3,4518.6,4997,GC.v.0
2025-12-23 13:00:00+00:00,34,1,42001025,4518.5,4529.3,4503.7,4510.0,18379,GC.v.0
2025-12-23 14:00:00+00:00,34,1,42001025,4510.2,4510.8,4470.8,4476.7,37822,GC.v.0
2025-12-23 15:00:00+00:00,34,1,42001025,4475.1,4486.5,4457.7,4485.8,30187,GC.v.0
2025-12-23 16:00:00+00:00,34,1,42001025,4485.9,4504.1,4482.5,4501.4,17234,GC.v.0
2025-12-23 17:00:00+00:00,34,1,42001025,4501.6,4507.6,4496.6,4499.9,12604,GC.v.0
2025-12-23 18:00:00+00:00,34,1,42001025,4500.0,4513.1,4500.0,4512.1,11230,GC.v.0
2025-12-23 19:00:00+00:00,34,1,42001025,4512.0,4524.6,4511.7,4519.1,9451,GC.v.0
2025-12-23 20:00:00+00:00,34,1,42001025,4519.2,4526.2,4516.2,4523.8,5794,GC.v.0
2025-12-23 21:00:00+00:00,34,1,42001025,4523.8,4524.9,4512.5,4515.0,2670,GC.v.0
2025-12-23 23:00:00+00:00,34,1,42001025,4516.7,4540.6,4512.2,4533.9,7368,GC.v.0
2025-12-24 00:00:00+00:00,34,1,42001025,4534.1,4547.0,4531.2,4539.7,7272,GC.v.0
2025-12-24 01:00:00+00:00,34,1,42001025,4539.5,4555.1,4534.8,4547.1,10647,GC.v.0
2025-12-24 02:00:00+00:00,34,1,42001025,4547.2,4547.7,4505.7,4508.2,11091,GC.v.0
2025-12-24 03:00:00+00:00,34,1,42001025,4509.0,4526.6,4496.5,4521.1,9788,GC.v.0
2025-12-24 04:00:00+00:00,34,1,42001025,4521.3,4528.7,4518.8,4525.8,3132,GC.v.0
2025-12-24 05:00:00+00:00,34,1,42001025,4526.0,4527.3,4511.6,4515.6,4991,GC.v.0
2025-12-24 06:00:00+00:00,34,1,42001025,4515.8,4525.5,4512.1,4520.5,4540,GC.v.0
2025-12-24 07:00:00+00:00,34,1,42001025,4520.6,4522.0,4510.2,4510.7,3757,GC.v.0
2025-12-24 08:00:00+00:00,34,1,42001025,4510.4,4519.6,4505.1,4509.4,5750,GC.v.0
2025-12-24 09:00:00+00:00,34,1,42001025,4509.5,4522.7,4508.9,4521.4,3916,GC.v.0
2025-12-24 10:00:00+00:00,34,1,42001025,4521.4,4526.2,4509.8,4517.0,5492,GC.v.0
2025-12-24 11:00:00+00:00,34,1,42001025,4516.8,4520.0,4511.2,4519.6,2429,GC.v.0
2025-12-24 12:00:00+00:00,34,1,42001025,4519.6,4524.6,4517.6,4518.5,2758,GC.v.0
2025-12-24 13:00:00+00:00,34,1,42001025,4518.6,4521.0,4501.6,4516.1,8544,GC.v.0
2025-12-24 14:00:00+00:00,34,1,42001025,4516.1,4518.2,4487.5,4491.9,16388,GC.v.0
2025-12-24 15:00:00+00:00,34,1,42001025,4491.8,4504.0,4474.3,4484.8,17029,GC.v.0
2025-12-24 16:00:00+00:00,34,1,42001025,4484.6,4504.7,4482.2,4502.8,9886,GC.v.0
2025-12-24 17:00:00+00:00,34,1,42001025,4502.7,4513.4,4501.3,4505.6,8389,GC.v.0
2025-12-24 18:00:00+00:00,34,1,42001025,4505.7,4508.5,4502.6,4505.4,1541,GC.v.0
2025-12-25 23:00:00+00:00,34,1,42001025,4523.5,4541.8,4518.0,4527.6,6796,GC.v.0
2025-12-26 00:00:00+00:00,34,1,42001025,4527.3,4548.0,4523.9,4547.9,5357,GC.v.0
2025-12-26 01:00:00+00:00,34,1,42001025,4548.0,4561.6,4527.5,4534.2,12231,GC.v.0
2025-12-26 02:00:00+00:00,34,1,42001025,4533.8,4539.8,4521.4,4538.2,5886,GC.v.0
2025-12-26 03:00:00+00:00,34,1,42001025,4538.1,4543.1,4526.9,4530.3,5003,GC.v.0
2025-12-26 04:00:00+00:00,34,1,42001025,4530.0,4542.1,4528.6,4539.3,3850,GC.v.0
2025-12-26 05:00:00+00:00,34,1,42001025,4538.8,4544.6,4535.7,4540.5,3683,GC.v.0
2025-12-26 06:00:00+00:00,34,1,42001025,4540.3,4549.8,4537.8,4541.5,5166,GC.v.0
2025-12-26 07:00:00+00:00,34,1,42001025,4541.5,4545.6,4536.3,4540.6,2601,GC.v.0
2025-12-26 08:00:00+00:00,34,1,42001025,4540.3,4550.7,4539.0,4549.3,2948,GC.v.0
2025-12-26 09:00:00+00:00,34,1,42001025,4549.2,4551.4,4541.8,4542.5,2825,GC.v.0
2025-12-26 10:00:00+00:00,34,1,42001025,4542.4,4554.0,4541.0,4544.1,4334,GC.v.0
2025-12-26 11:00:00+00:00,34,1,42001025,4544.3,4545.4,4531.2,4538.2,5106,GC.v.0
2025-12-26 12:00:00+00:00,34,1,42001025,4538.0,4544.7,4535.4,4539.0,3088,GC.v.0
2025-12-26 13:00:00+00:00,34,1,42001025,4538.8,4562.7,4533.1,4557.3,11150,GC.v.0
2025-12-26 14:00:00+00:00,34,1,42001025,4557.5,4568.5,4544.0,4552.9,17950,GC.v.0
2025-12-26 15:00:00+00:00,34,1,42001025,4552.9,4581.1,4551.5,4580.1,18937,GC.v.0
2025-12-26 16:00:00+00:00,34,1,42001025,4580.3,4584.0,4564.9,4570.3,14255,GC.v.0
2025-12-26 17:00:00+00:00,34,1,42001025,4570.4,4571.6,4543.4,4552.2,16431,GC.v.0
2025-12-26 18:00:00+00:00,34,1,42001025,4552.1,4563.9,4547.4,4562.5,10065,GC.v.0
2025-12-26 19:00:00+00:00,34,1,42001025,4562.4,4567.6,4551.1,4554.9,6092,GC.v.0
2025-12-26 20:00:00+00:00,34,1,42001025,4554.8,4566.4,4552.5,4560.4,6676,GC.v.0
2025-12-26 21:00:00+00:00,34,1,42001025,4560.6,4565.9,4558.0,4562.0,2856,GC.v.0
2025-12-28 23:00:00+00:00,34,1,42001025,4568.0,4581.3,4549.5,4550.9,12749,GC.v.0
2025-12-29 00:00:00+00:00,34,1,42001025,4551.0,4551.9,4490.3,4516.9,20154,GC.v.0
2025-12-29 01:00:00+00:00,34,1,42001025,4516.9,4538.1,4511.6,4520.5,10967,GC.v.0
2025-12-29 02:00:00+00:00,34,1,42001025,4519.6,4539.7,4519.0,4536.7,5970,GC.v.0
2025-12-29 03:00:00+00:00,34,1,42001025,4536.5,4545.0,4533.8,4541.1,5213,GC.v.0
2025-12-29 04:00:00+00:00,34,1,42001025,4540.8,4542.5,4531.0,4537.7,3795,GC.v.0
2025-12-29 05:00:00+00:00,34,1,42001025,4537.6,4541.4,4526.1,4527.0,4459,GC.v.0
2025-12-29 06:00:00+00:00,34,1,42001025,4528.0,4530.8,4492.1,4496.7,9980,GC.v.0
2025-12-29 07:00:00+00:00,34,1,42001025,4495.7,4501.2,4463.3,4496.1,17326,GC.v.0
2025-12-29 08:00:00+00:00,34,1,42001025,4495.7,4510.5,4472.5,4481.1,13139,GC.v.0
2025-12-29 09:00:00+00:00,34,1,42001025,4481.2,4496.6,4479.5,4493.0,7290,GC.v.0
2025-12-29 10:00:00+00:00,34,1,42001025,4492.4,4496.0,4479.0,4482.9,7293,GC.v.0
2025-12-29 11:00:00+00:00,34,1,42001025,4483.1,4489.7,4454.4,4466.2,12135,GC.v.0
2025-12-29 12:00:00+00:00,34,1,42001025,4466.4,4485.0,4464.6,4484.5,7052,GC.v.0
2025-12-29 13:00:00+00:00,34,1,42001025,4484.3,4488.7,4426.2,4440.9,23853,GC.v.0
2025-12-29 14:00:00+00:00,34,1,42001025,4440.6,4440.6,4375.4,4378.6,44365,GC.v.0
2025-12-29 15:00:00+00:00,34,1,42001025,4378.6,4379.7,4316.0,4343.1,39359,GC.v.0
2025-12-29 16:00:00+00:00,34,1,42001025,4343.0,4365.6,4341.5,4359.8,15380,GC.v.0
2025-12-29 17:00:00+00:00,34,1,42001025,4360.2,4361.2,4332.8,4346.2,11676,GC.v.0
2025-12-29 18:00:00+00:00,34,1,42001025,4346.5,4352.7,4340.2,4349.5,11300,GC.v.0
2025-12-29 19:00:00+00:00,34,1,42001025,4350.0,4355.6,4346.1,4354.2,5622,GC.v.0
2025-12-29 20:00:00+00:00,34,1,42001025,4354.4,4362.5,4344.3,4354.3,7327,GC.v.0
2025-12-29 21:00:00+00:00,34,1,42001025,4354.0,4358.0,4345.7,4350.2,3071,GC.v.0
2025-12-29 23:00:00+00:00,34,1,42001025,4350.3,4363.2,4338.8,4361.2,4606,GC.v.0
2025-12-30 00:00:00+00:00,34,1,42001025,4361.1,4366.0,4349.8,4354.7,4701,GC.v.0
2025-12-30 01:00:00+00:00,34,1,42001025,4354.7,4374.7,4339.0,4374.7,8566,GC.v.0
2025-12-30 02:00:00+00:00,34,1,42001025,4374.7,4378.4,4362.7,4376.3,6940,GC.v.0
2025-12-30 03:00:00+00:00,34,1,42001025,4376.2,4383.0,4370.5,4373.8,6886,GC.v.0
2025-12-30 04:00:00+00:00,34,1,42001025,4373.8,4384.0,4371.7,4378.1,3404,GC.v.0
2025-12-30 05:00:00+00:00,34,1,42001025,4378.3,4394.7,4373.4,4392.0,5909,GC.v.0
2025-12-30 06:00:00+00:00,34,1,42001025,4392.2,4392.7,4374.8,4379.7,4705,GC.v.0
2025-12-30 07:00:00+00:00,34,1,42001025,4379.6,4398.5,4374.0,4388.3,6530,GC.v.0
2025-12-30 08:00:00+00:00,34,1,42001025,4388.6,4390.4,4366.6,4380.8,7091,GC.v.0
2025-12-30 09:00:00+00:00,34,1,42001025,4381.0,4392.8,4379.8,4387.6,4873,GC.v.0
2025-12-30 10:00:00+00:00,34,1,42001025,4387.4,4407.5,4383.4,4400.5,6582,GC.v.0
2025-12-30 11:00:00+00:00,34,1,42001025,4400.8,4406.0,4396.7,4399.6,3627,GC.v.0
2025-12-30 12:00:00+00:00,34,1,42001025,4399.8,4418.8,4398.7,4417.0,7233,GC.v.0
2025-12-30 13:00:00+00:00,34,1,42001025,4417.6,4420.5,4391.2,4403.7,15024,GC.v.0
2025-12-30 14:00:00+00:00,34,1,42001025,4403.6,4407.7,4370.5,4381.4,18937,GC.v.0
2025-12-30 15:00:00+00:00,34,1,42001025,4381.3,4394.2,4375.4,4381.9,13842,GC.v.0
2025-12-30 16:00:00+00:00,34,1,42001025,4381.7,4396.1,4371.4,4393.5,10078,GC.v.0
2025-12-30 17:00:00+00:00,34,1,42001025,4393.6,4397.8,4379.6,4385.5,7195,GC.v.0
2025-12-30 18:00:00+00:00,34,1,42001025,4385.5,4394.1,4378.0,4380.2,6914,GC.v.0
2025-12-30 19:00:00+00:00,34,1,42001025,4380.1,4383.5,4352.4,4364.0,7691,GC.v.0
2025-12-30 20:00:00+00:00,34,1,42001025,4364.0,4370.6,4353.0,4357.5,8076,GC.v.0
2025-12-30 21:00:00+00:00,34,1,42001025,4358.0,4366.1,4349.2,4352.3,4468,GC.v.0
2025-12-30 23:00:00+00:00,34,1,42001025,4353.0,4358.9,4338.1,4350.9,4889,GC.v.0
2025-12-31 00:00:00+00:00,34,1,42001025,4351.3,4358.7,4344.7,4354.9,4694,GC.v.0
2025-12-31 01:00:00+00:00,34,1,42001025,4354.6,4384.9,4348.7,4378.1,8374,GC.v.0
2025-12-31 02:00:00+00:00,34,1,42001025,4378.1,4383.5,4357.6,4360.5,6998,GC.v.0
2025-12-31 03:00:00+00:00,34,1,42001025,4361.8,4371.7,4352.5,4360.4,6676,GC.v.0
2025-12-31 04:00:00+00:00,34,1,42001025,4360.8,4363.5,4342.9,4344.9,3979,GC.v.0
2025-12-31 05:00:00+00:00,34,1,42001025,4345.1,4354.3,4284.3,4296.5,15710,GC.v.0
2025-12-31 06:00:00+00:00,34,1,42001025,4297.0,4341.2,4285.0,4339.6,11527,GC.v.0
2025-12-31 07:00:00+00:00,34,1,42001025,4338.6,4346.3,4334.2,4342.7,5853,GC.v.0
2025-12-31 08:00:00+00:00,34,1,42001025,4343.0,4344.6,4315.5,4319.4,5845,GC.v.0
2025-12-31 09:00:00+00:00,34,1,42001025,4319.3,4349.0,4319.0,4338.6,6392,GC.v.0
2025-12-31 10:00:00+00:00,34,1,42001025,4338.7,4344.0,4315.7,4318.8,5654,GC.v.0
2025-12-31 11:00:00+00:00,34,1,42001025,4318.9,4329.4,4316.4,4323.8,4085,GC.v.0
2025-12-31 12:00:00+00:00,34,1,42001025,4323.9,4331.2,4315.0,4326.1,3741,GC.v.0
2025-12-31 13:00:00+00:00,34,1,42001025,4326.6,4361.5,4320.2,4358.7,8159,GC.v.0
2025-12-31 14:00:00+00:00,34,1,42001025,4358.6,4367.8,4346.2,4360.1,13133,GC.v.0
2025-12-31 15:00:00+00:00,34,1,42001025,4360.5,4360.5,4340.3,4350.9,8860,GC.v.0
2025-12-31 16:00:00+00:00,34,1,42001025,4351.1,4353.4,4330.8,4336.8,6952,GC.v.0
2025-12-31 17:00:00+00:00,34,1,42001025,4337.1,4343.3,4331.5,4335.7,4972,GC.v.0
2025-12-31 18:00:00+00:00,34,1,42001025,4335.4,4345.7,4329.7,4333.5,6556,GC.v.0
2025-12-31 19:00:00+00:00,34,1,42001025,4333.7,4337.0,4320.4,4323.9,3928,GC.v.0
2025-12-31 20:00:00+00:00,34,1,42001025,4324.2,4338.1,4316.8,4326.0,5691,GC.v.0
2025-12-31 21:00:00+00:00,34,1,42001025,4326.9,4333.2,4320.7,4332.1,1685,GC.v.0
2026-01-01 23:00:00+00:00,34,1,42001025,4340.0,4364.8,4337.3,4361.8,4017,GC.v.0
2026-01-02 00:00:00+00:00,34,1,42001025,4361.8,4369.5,4354.5,4367.6,3509,GC.v.0
2026-01-02 01:00:00+00:00,34,1,42001025,4367.3,4369.4,4357.7,4361.3,3313,GC.v.0
2026-01-02 02:00:00+00:00,34,1,42001025,4361.6,4376.6,4358.1,4376.2,3166,GC.v.0
2026-01-02 03:00:00+00:00,34,1,42001025,4376.4,4388.5,4375.5,4387.8,4365,GC.v.0
2026-01-02 04:00:00+00:00,34,1,42001025,4387.6,4390.9,4383.4,4386.0,3034,GC.v.0
2026-01-02 05:00:00+00:00,34,1,42001025,4386.0,4395.0,4383.5,4394.1,3146,GC.v.0
2026-01-02 06:00:00+00:00,34,1,42001025,4393.5,4394.0,4386.1,4387.6,2952,GC.v.0
2026-01-02 07:00:00+00:00,34,1,42001025,4387.6,4395.5,4384.2,4394.7,4040,GC.v.0
2026-01-02 08:00:00+00:00,34,1,42001025,4394.6,4409.5,4392.6,4399.2,6257,GC.v.0
2026-01-02 09:00:00+00:00,34,1,42001025,4398.9,4404.0,4395.6,4397.5,3500,GC.v.0
2026-01-02 10:00:00+00:00,34,1,42001025,4397.6,4410.8,4396.7,4408.7,4370,GC.v.0
2026-01-02 11:00:00+00:00,34,1,42001025,4408.4,4411.8,4403.0,4405.5,2739,GC.v.0
2026-01-02 12:00:00+00:00,34,1,42001025,4405.2,4410.7,4397.4,4407.0,3672,GC.v.0
2026-01-02 13:00:00+00:00,34,1,42001025,4407.0,4414.8,4373.6,4377.6,15159,GC.v.0
2026-01-02 14:00:00+00:00,34,1,42001025,4377.8,4385.8,4359.2,4364.7,15026,GC.v.0
2026-01-02 15:00:00+00:00,34,1,42001025,4364.7,4368.7,4341.4,4346.8,17447,GC.v.0
2026-01-02 16:00:00+00:00,34,1,42001025,4346.4,4348.6,4325.3,4337.0,13827,GC.v.0
2026-01-02 17:00:00+00:00,34,1,42001025,4337.0,4344.5,4332.9,4332.9,6572,GC.v.0
2026-01-02 18:00:00+00:00,34,1,42001025,4333.0,4334.1,4319.7,4325.3,9843,GC.v.0
2026-01-02 19:00:00+00:00,34,1,42001025,4325.5,4336.2,4325.5,4328.1,5631,GC.v.0
2026-01-02 20:00:00+00:00,34,1,42001025,4328.3,4341.4,4327.4,4341.3,4379,GC.v.0
2026-01-02 21:00:00+00:00,34,1,42001025,4341.4,4342.7,4336.7,4341.9,1780,GC.v.0
2026-01-04 23:00:00+00:00,34,1,42001025,4368.3,4385.4,4354.6,4381.4,12857,GC.v.0
2026-01-05 00:00:00+00:00,34,1,42001025,4381.9,4406.4,4379.3,4404.5,8716,GC.v.0
2026-01-05 01:00:00+00:00,34,1,42001025,4404.6,4430.7,4400.4,4411.1,14500,GC.v.0
2026-01-05 02:00:00+00:00,34,1,42001025,4411.4,4418.8,4397.1,4415.0,6323,GC.v.0
2026-01-05 03:00:00+00:00,34,1,42001025,4414.8,4423.2,4408.5,4408.8,3998,GC.v.0
2026-01-05 04:00:00+00:00,34,1,42001025,4408.6,4417.8,4406.1,4413.6,2868,GC.v.0
2026-01-05 05:00:00+00:00,34,1,42001025,4413.4,4423.6,4410.0,4421.4,3771,GC.v.0
2026-01-05 06:00:00+00:00,34,1,42001025,4421.1,4436.1,4420.3,4429.7,9846,GC.v.0
2026-01-05 07:00:00+00:00,34,1,42001025,4429.9,4434.9,4426.3,4431.2,6434,GC.v.0
2026-01-05 08:00:00+00:00,34,1,42001025,4431.4,4444.0,4429.2,4439.9,7128,GC.v.0
2026-01-05 09:00:00+00:00,34,1,42001025,4439.8,4449.1,4436.8,4445.9,7225,GC.v.0
2026-01-05 10:00:00+00:00,34,1,42001025,4446.0,4451.7,4441.6,4447.4,6324,GC.v.0
2026-01-05 11:00:00+00:00,34,1,42001025,4447.7,4448.8,4422.2,4430.7,8090,GC.v.0
2026-01-05 12:00:00+00:00,34,1,42001025,4430.5,4433.0,4416.7,4421.4,5917,GC.v.0
2026-01-05 13:00:00+00:00,34,1,42001025,4421.5,4430.6,4407.0,4428.8,12727,GC.v.0
2026-01-05 14:00:00+00:00,34,1,42001025,4429.0,4454.3,4428.3,4447.8,16990,GC.v.0
2026-01-05 15:00:00+00:00,34,1,42001025,4448.2,4467.6,4445.6,4459.0,19828,GC.v.0
2026-01-05 16:00:00+00:00,34,1,42001025,4458.8,4465.8,4448.9,4452.7,9447,GC.v.0
2026-01-05 17:00:00+00:00,34,1,42001025,4452.9,4459.6,4443.2,4454.2,8491,GC.v.0
2026-01-05 18:00:00+00:00,34,1,42001025,4453.9,4459.7,4450.4,4459.7,6090,GC.v.0
2026-01-05 19:00:00+00:00,34,1,42001025,4459.9,4461.0,4445.6,4450.9,5089,GC.v.0
2026-01-05 20:00:00+00:00,34,1,42001025,4450.7,4458.0,4448.3,4454.9,5088,GC.v.0
2026-01-05 21:00:00+00:00,34,1,42001025,4455.1,4460.8,4453.8,4459.7,2103,GC.v.0
2026-01-05 23:00:00+00:00,34,1,42001025,4459.8,4471.6,4447.0,4450.7,4322,GC.v.0
2026-01-06 00:00:00+00:00,34,1,42001025,4450.6,4455.6,4440.7,4447.4,3577,GC.v.0
2026-01-06 01:00:00+00:00,34,1,42001025,4447.4,4462.2,4437.9,4460.0,5854,GC.v.0
2026-01-06 02:00:00+00:00,34,1,42001025,4460.1,4472.0,4458.1,4464.9,6257,GC.v.0
2026-01-06 03:00:00+00:00,34,1,42001025,4464.8,4478.9,4464.2,4478.3,4112,GC.v.0
2026-01-06 04:00:00+00:00,34,1,42001025,4478.3,4479.4,4472.1,4478.2,2424,GC.v.0
2026-01-06 05:00:00+00:00,34,1,42001025,4477.9,4485.2,4460.2,4463.3,4848,GC.v.0
2026-01-06 06:00:00+00:00,34,1,42001025,4463.3,4476.9,4462.4,4475.6,4892,GC.v.0
2026-01-06 07:00:00+00:00,34,1,42001025,4475.5,4480.5,4466.8,4469.3,5042,GC.v.0
2026-01-06 08:00:00+00:00,34,1,42001025,4468.5,4486.0,4466.9,4478.8,7468,GC.v.0
2026-01-06 09:00:00+00:00,34,1,42001025,4479.0,4479.2,4454.7,4456.5,8639,GC.v.0
2026-01-06 10:00:00+00:00,34,1,42001025,4456.2,4466.0,4452.5,4461.7,4258,GC.v.0
2026-01-06 11:00:00+00:00,34,1,42001025,4461.7,4475.3,4458.4,4474.1,4340,GC.v.0
2026-01-06 12:00:00+00:00,34,1,42001025,4474.1,4477.2,4469.3,4474.4,3770,GC.v.0
2026-01-06 13:00:00+00:00,34,1,42001025,4474.2,4481.0,4464.1,4478.2,9147,GC.v.0
2026-01-06 14:00:00+00:00,34,1,42001025,4478.4,4500.7,4474.6,4498.3,17817,GC.v.0
2026-01-06 15:00:00+00:00,34,1,42001025,4498.0,4501.8,4473.0,4488.5,17761,GC.v.0
2026-01-06 16:00:00+00:00,34,1,42001025,4488.4,4499.7,4481.7,4498.7,8581,GC.v.0
2026-01-06 17:00:00+00:00,34,1,42001025,4498.7,4502.4,4491.4,4499.7,7622,GC.v.0
2026-01-06 18:00:00+00:00,34,1,42001025,4499.9,4504.6,4492.2,4499.4,9091,GC.v.0
2026-01-06 19:00:00+00:00,34,1,42001025,4499.5,4500.3,4488.0,4492.1,6077,GC.v.0
2026-01-06 20:00:00+00:00,34,1,42001025,4491.9,4507.3,4490.8,4504.2,4734,GC.v.0
2026-01-06 21:00:00+00:00,34,1,42001025,4504.1,4508.3,4502.4,4505.7,1849,GC.v.0
2026-01-06 23:00:00+00:00,34,1,42001025,4505.4,4512.4,4503.4,4504.6,3528,GC.v.0
2026-01-07 00:00:00+00:00,34,1,42001025,4504.8,4506.4,4493.2,4502.9,4496,GC.v.0
2026-01-07 01:00:00+00:00,34,1,42001025,4503.2,4506.9,4471.9,4476.5,10294,GC.v.0
2026-01-07 02:00:00+00:00,34,1,42001025,4476.4,4490.5,4470.1,4486.0,6101,GC.v.0
2026-01-07 03:00:00+00:00,34,1,42001025,4486.0,4491.5,4482.7,4485.7,2857,GC.v.0
2026-01-07 04:00:00+00:00,34,1,42001025,4485.6,4487.0,4473.5,4474.9,5173,GC.v.0
2026-01-07 05:00:00+00:00,34,1,42001025,4474.7,4480.6,4453.4,4464.1,8379,GC.v.0
2026-01-07 06:00:00+00:00,34,1,42001025,4464.1,4470.2,4451.5,4454.8,7746,GC.v.0
2026-01-07 07:00:00+00:00,34,1,42001025,4454.4,4475.2,4452.0,4470.7,4874,GC.v.0
2026-01-07 08:00:00+00:00,34,1,42001025,4470.5,4485.0,4468.9,4478.3,4816,GC.v.0
2026-01-07 09:00:00+00:00,34,1,42001025,4477.9,4478.5,4469.2,4473.6,3585,GC.v.0
2026-01-07 10:00:00+00:00,34,1,42001025,4473.2,4477.7,4468.2,4474.2,2689,GC.v.0
2026-01-07 11:00:00+00:00,34,1,42001025,4474.3,4474.8,4456.2,4456.9,5028,GC.v.0
2026-01-07 12:00:00+00:00,34,1,42001025,4457.3,4464.2,4448.6,4454.5,7528,GC.v.0
2026-01-07 13:00:00+00:00,34,1,42001025,4454.3,4463.0,4436.6,4462.9,18161,GC.v.0
2026-01-07 14:00:00+00:00,34,1,42001025,4462.7,4464.1,4445.5,4454.6,16951,GC.v.0
2026-01-07 15:00:00+00:00,34,1,42001025,4454.6,4462.5,4432.9,4456.6,22120,GC.v.0
2026-01-07 16:00:00+00:00,34,1,42001025,4456.3,4478.4,4453.8,4474.2,14848,GC.v.0
2026-01-07 17:00:00+00:00,34,1,42001025,4474.1,4475.5,4459.4,4461.8,7816,GC.v.0
2026-01-07 18:00:00+00:00,34,1,42001025,4461.6,4468.8,4457.2,4461.6,8852,GC.v.0
2026-01-07 19:00:00+00:00,34,1,42001025,4461.7,4467.8,4455.0,4466.8,4836,GC.v.0
2026-01-07 20:00:00+00:00,34,1,42001025,4466.8,4471.5,4460.7,4462.6,5945,GC.v.0
2026-01-07 21:00:00+00:00,34,1,42001025,4462.5,4467.1,4459.9,4467.1,1425,GC.v.0
2026-01-07 23:00:00+00:00,34,1,42001025,4467.1,4473.2,4467.1,4472.2,1817,GC.v.0
2026-01-08 00:00:00+00:00,34,1,42001025,4472.0,4475.2,4455.1,4459.0,3395,GC.v.0
2026-01-08 01:00:00+00:00,34,1,42001025,4458.6,4469.4,4450.2,4457.1,6845,GC.v.0
2026-01-08 02:00:00+00:00,34,1,42001025,4457.1,4458.3,4441.7,4449.7,5788,GC.v.0
2026-01-08 03:00:00+00:00,34,1,42001025,4450.1,4455.4,4445.5,4448.2,2731,GC.v.0
2026-01-08 04:00:00+00:00,34,1,42001025,4448.3,4448.7,4438.4,4440.0,2895,GC.v.0
2026-01-08 05:00:00+00:00,34,1,42001025,4439.8,4441.0,4423.6,4433.6,8334,GC.v.0
2026-01-08 06:00:00+00:00,34,1,42001025,4433.4,4445.7,4423.7,4441.5,6724,GC.v.0
2026-01-08 07:00:00+00:00,34,1,42001025,4441.4,4448.4,4436.1,4438.5,4841,GC.v.0
2026-01-08 08:00:00+00:00,34,1,42001025,4438.7,4441.4,4427.4,4439.4,5186,GC.v.0
2026-01-08 09:00:00+00:00,34,1,42001025,4439.2,4443.3,4433.5,4440.3,3867,GC.v.0
2026-01-08 10:00:00+00:00,34,1,42001025,4440.3,4443.0,4430.6,4441.6,4091,GC.v.0
2026-01-08 11:00:00+00:00,34,1,42001025,4441.5,4441.6,4429.6,4431.0,2756,GC.v.0
2026-01-08 12:00:00+00:00,34,1,42001025,4430.9,4439.0,4415.0,4434.7,9708,GC.v.0
2026-01-08 13:00:00+00:00,34,1,42001025,4435.1,4444.5,4425.0,4432.0,9999,GC.v.0
2026-01-08 14:00:00+00:00,34,1,42001025,4432.3,4448.2,4427.2,4441.4,12460,GC.v.0
2026-01-08 15:00:00+00:00,34,1,42001025,4441.4,4465.7,4436.3,4463.5,18240,GC.v.0
2026-01-08 16:00:00+00:00,34,1,42001025,4463.6,4474.5,4456.2,4472.5,10143,GC.v.0
2026-01-08 17:00:00+00:00,34,1,42001025,4472.7,4475.8,4466.8,4472.8,5945,GC.v.0
2026-01-08 18:00:00+00:00,34,1,42001025,4472.7,4472.8,4456.9,4458.9,11154,GC.v.0
2026-01-08 19:00:00+00:00,34,1,42001025,4458.9,4462.0,4453.7,4460.9,3358,GC.v.0
2026-01-08 20:00:00+00:00,34,1,42001025,4460.8,4487.7,4460.3,4485.1,8837,GC.v.0
2026-01-08 21:00:00+00:00,34,1,42001025,4485.2,4489.3,4482.0,4487.9,3100,GC.v.0
2026-01-08 23:00:00+00:00,34,1,42001025,4489.3,4493.7,4482.2,4485.3,4291,GC.v.0
2026-01-09 00:00:00+00:00,34,1,42001025,4485.6,4486.9,4469.4,4472.4,3931,GC.v.0
2026-01-09 01:00:00+00:00,34,1,42001025,4472.5,4478.8,4461.8,4477.4,6714,GC.v.0
2026-01-09 02:00:00+00:00,34,1,42001025,4477.8,4485.5,4474.8,4478.9,4406,GC.v.0
2026-01-09 03:00:00+00:00,34,1,42001025,4478.7,4479.5,4469.4,4472.8,2556,GC.v.0
2026-01-09 04:00:00+00:00,34,1,42001025,4473.1,4475.8,4469.4,4473.7,2203,GC.v.0
2026-01-09 05:00:00+00:00,34,1,42001025,4473.4,4480.8,4466.6,4476.5,3467,GC.v.0
2026-01-09 06:00:00+00:00,34,1,42001025,4477.1,4486.0,4474.4,4483.0,3800,GC.v.0
2026-01-09 07:00:00+00:00,34,1,42001025,4483.3,4484.7,4477.2,4479.3,3819,GC.v.0
2026-01-09 08:00:00+00:00,34,1,42001025,4478.8,4485.8,4472.8,4476.9,4355,GC.v.0
2026-01-09 09:00:00+00:00,34,1,42001025,4477.1,4486.4,4477.0,4479.4,3229,GC.v.0
2026-01-09 10:00:00+00:00,34,1,42001025,4479.7,4482.7,4475.7,4481.3,3131,GC.v.0
2026-01-09 11:00:00+00:00,34,1,42001025,4481.4,4485.3,4477.4,4484.3,2546,GC.v.0
2026-01-09 12:00:00+00:00,34,1,42001025,4484.2,4489.6,4469.5,4474.5,5892,GC.v.0
2026-01-09 13:00:00+00:00,34,1,42001025,4474.6,4500.8,4467.0,4492.0,16887,GC.v.0
2026-01-09 14:00:00+00:00,34,1,42001025,4492.2,4507.8,4488.1,4503.9,20075,GC.v.0
2026-01-09 15:00:00+00:00,34,1,42001025,4503.4,4527.0,4499.2,4521.5,21295,GC.v.0
2026-01-09 16:00:00+00:00,34,1,42001025,4521.8,4523.8,4509.3,4516.6,10402,GC.v.0
2026-01-09 17:00:00+00:00,34,1,42001025,4516.7,4521.5,4491.4,4493.9,12104,GC.v.0
2026-01-09 18:00:00+00:00,34,1,42001025,4493.6,4514.1,4492.4,4505.9,12042,GC.v.0
2026-01-09 19:00:00+00:00,34,1,42001025,4505.8,4511.3,4502.3,4508.3,4760,GC.v.0
2026-01-09 20:00:00+00:00,34,1,42001025,4508.0,4518.8,4506.8,4516.1,6292,GC.v.0
2026-01-09 21:00:00+00:00,34,1,42001025,4516.0,4520.3,4513.6,4518.4,2320,GC.v.0
2026-01-11 23:00:00+00:00,34,1,42001025,4529.1,4555.0,4520.8,4550.1,9889,GC.v.0
2026-01-12 00:00:00+00:00,34,1,42001025,4550.0,4612.7,4546.3,4600.0,20259,GC.v.0
2026-01-12 01:00:00+00:00,34,1,42001025,4600.2,4606.1,4581.4,4582.1,14554,GC.v.0
2026-01-12 02:00:00+00:00,34,1,42001025,4581.6,4594.0,4573.1,4589.4,9798,GC.v.0
2026-01-12 03:00:00+00:00,34,1,42001025,4589.5,4593.5,4579.4,4582.6,4396,GC.v.0
2026-01-12 04:00:00+00:00,34,1,42001025,4582.8,4584.0,4574.8,4579.8,3439,GC.v.0
2026-01-12 05:00:00+00:00,34,1,42001025,4580.0,4595.6,4576.9,4591.3,5351,GC.v.0
2026-01-12 06:00:00+00:00,34,1,42001025,4591.3,4591.3,4580.8,4589.3,4753,GC.v.0
2026-01-12 07:00:00+00:00,34,1,42001025,4589.7,4599.8,4585.4,4597.8,7048,GC.v.0
2026-01-12 08:00:00+00:00,34,1,42001025,4597.7,4608.5,4589.6,4607.0,7842,GC.v.0
2026-01-12 09:00:00+00:00,34,1,42001025,4606.9,4609.6,4597.9,4599.4,5727,GC.v.0
2026-01-12 10:00:00+00:00,34,1,42001025,4599.5,4605.8,4596.1,4604.5,5920,GC.v.0
2026-01-12 11:00:00+00:00,34,1,42001025,4604.7,4605.4,4591.5,4594.8,4817,GC.v.0
2026-01-12 12:00:00+00:00,34,1,42001025,4595.0,4600.4,4587.6,4600.4,6704,GC.v.0
2026-01-12 13:00:00+00:00,34,1,42001025,4600.4,4630.8,4598.5,4626.3,19476,GC.v.0
2026-01-12 14:00:00+00:00,34,1,42001025,4626.6,4628.1,4595.1,4612.1,26920,GC.v.0
2026-01-12 15:00:00+00:00,34,1,42001025,4611.8,4638.2,4611.4,4630.9,21832,GC.v.0
2026-01-12 16:00:00+00:00,34,1,42001025,4630.9,4640.5,4618.0,4627.0,15119,GC.v.0
2026-01-12 17:00:00+00:00,34,1,42001025,4626.8,4630.7,4620.0,4626.9,9604,GC.v.0
2026-01-12 18:00:00+00:00,34,1,42001025,4626.9,4629.2,4609.8,4620.3,16509,GC.v.0
2026-01-12 19:00:00+00:00,34,1,42001025,4620.6,4628.9,4618.3,4620.6,6377,GC.v.0
2026-01-12 20:00:00+00:00,34,1,42001025,4620.5,4621.2,4601.0,4603.3,8782,GC.v.0
2026-01-12 21:00:00+00:00,34,1,42001025,4603.4,4609.0,4598.7,4608.8,3981,GC.v.0
2026-01-12 23:00:00+00:00,34,1,42001025,4610.0,4616.9,4586.4,4607.6,6308,GC.v.0
2026-01-13 00:00:00+00:00,34,1,42001025,4607.5,4607.7,4593.3,4595.8,3532,GC.v.0
2026-01-13 01:00:00+00:00,34,1,42001025,4596.2,4604.5,4584.3,4586.4,6466,GC.v.0
2026-01-13 02:00:00+00:00,34,1,42001025,4586.0,4604.2,4585.0,4603.1,4569,GC.v.0
2026-01-13 03:00:00+00:00,34,1,42001025,4602.8,4608.7,4601.3,4603.1,3669,GC.v.0
2026-01-13 04:00:00+00:00,34,1,42001025,4603.4,4608.8,4603.0,4605.7,3143,GC.v.0
2026-01-13 05:00:00+00:00,34,1,42001025,4605.6,4611.2,4594.0,4600.7,4087,GC.v.0
2026-01-13 06:00:00+00:00,34,1,42001025,4600.5,4600.8,4582.8,4590.5,5800,GC.v.0
2026-01-13 07:00:00+00:00,34,1,42001025,4590.8,4595.3,4585.6,4589.1,5849,GC.v.0
2026-01-13 08:00:00+00:00,34,1,42001025,4588.9,4605.4,4587.8,4601.6,6198,GC.v.0
2026-01-13 09:00:00+00:00,34,1,42001025,4601.1,4604.1,4594.5,4595.2,3953,GC.v.0
2026-01-13 10:00:00+00:00,34,1,42001025,4595.3,4597.3,4589.4,4595.0,4096,GC.v.0
2026-01-13 11:00:00+00:00,34,1,42001025,4595.2,4600.8,4590.8,4596.9,5893,GC.v.0
2026-01-13 12:00:00+00:00,34,1,42001025,4597.0,4603.9,4586.2,4602.0,6032,GC.v.0
2026-01-13 13:00:00+00:00,34,1,42001025,4601.7,4629.3,4599.1,4619.5,25232,GC.v.0
2026-01-13 14:00:00+00:00,34,1,42001025,4619.5,4644.0,4617.0,4638.9,24476,GC.v.0
2026-01-13 15:00:00+00:00,34,1,42001025,4638.5,4639.9,4609.1,4627.6,22346,GC.v.0
2026-01-13 16:00:00+00:00,34,1,42001025,4627.7,4629.5,4601.3,4622.2,13106,GC.v.0
2026-01-13 17:00:00+00:00,34,1,42001025,4622.3,4624.9,4595.0,4599.0,10664,GC.v.0
2026-01-13 18:00:00+00:00,34,1,42001025,4598.8,4610.2,4589.5,4602.3,18052,GC.v.0
2026-01-13 19:00:00+00:00,34,1,42001025,4602.6,4606.8,4592.4,4605.3,7858,GC.v.0
2026-01-13 20:00:00+00:00,34,1,42001025,4605.3,4605.6,4576.7,4594.1,12614,GC.v.0
2026-01-13 21:00:00+00:00,34,1,42001025,4594.2,4597.8,4590.7,4594.4,2714,GC.v.0
2026-01-13 23:00:00+00:00,34,1,42001025,4594.3,4606.5,4594.3,4603.9,2999,GC.v.0
2026-01-14 00:00:00+00:00,34,1,42001025,4604.4,4618.4,4604.4,4616.9,4472,GC.v.0
2026-01-14 01:00:00+00:00,34,1,42001025,4617.2,4627.6,4613.7,4626.7,6477,GC.v.0
2026-01-14 02:00:00+00:00,34,1,42001025,4626.9,4631.5,4621.9,4629.1,5179,GC.v.0
2026-01-14 03:00:00+00:00,34,1,42001025,4628.8,4638.9,4621.5,4636.5,6324,GC.v.0
2026-01-14 04:00:00+00:00,34,1,42001025,4636.6,4638.6,4633.0,4636.8,4433,GC.v.0
2026-01-14 05:00:00+00:00,34,1,42001025,4636.8,4647.6,4624.7,4626.3,11716,GC.v.0
2026-01-14 06:00:00+00:00,34,1,42001025,4626.3,4644.6,4625.2,4644.5,7064,GC.v.0
2026-01-14 07:00:00+00:00,34,1,42001025,4644.7,4647.2,4638.9,4639.7,6315,GC.v.0
2026-01-14 08:00:00+00:00,34,1,42001025,4639.9,4644.9,4628.4,4641.8,8907,GC.v.0
2026-01-14 09:00:00+00:00,34,1,42001025,4641.9,4646.7,4634.5,4637.9,6401,GC.v.0
2026-01-14 10:00:00+00:00,34,1,42001025,4637.9,4646.2,4635.4,4641.2,5880,GC.v.0
2026-01-14 11:00:00+00:00,34,1,42001025,4641.1,4645.3,4634.1,4638.5,5908,GC.v.0
2026-01-14 12:00:00+00:00,34,1,42001025,4638.6,4650.1,4638.3,4646.9,8991,GC.v.0
2026-01-14 13:00:00+00:00,34,1,42001025,4647.0,4649.8,4631.3,4643.8,14117,GC.v.0
2026-01-14 14:00:00+00:00,34,1,42001025,4643.7,4646.7,4613.9,4624.5,20064,GC.v.0
2026-01-14 15:00:00+00:00,34,1,42001025,4624.4,4633.6,4605.9,4624.8,27472,GC.v.0
2026-01-14 16:00:00+00:00,34,1,42001025,4624.9,4631.7,4615.3,4624.1,13583,GC.v.0
2026-01-14 17:00:00+00:00,34,1,42001025,4624.0,4626.1,4607.7,4621.3,16313,GC.v.0
2026-01-14 18:00:00+00:00,34,1,42001025,4621.4,4644.9,4619.6,4642.5,21251,GC.v.0
2026-01-14 19:00:00+00:00,34,1,42001025,4642.6,4650.5,4640.8,4646.7,14699,GC.v.0
2026-01-14 20:00:00+00:00,34,1,42001025,4646.7,4649.2,4632.7,4639.2,17105,GC.v.0
2026-01-14 21:00:00+00:00,34,1,42001025,4639.3,4639.8,4623.6,4633.9,5286,GC.v.0
2026-01-14 23:00:00+00:00,34,1,42001025,4635.7,4637.2,4607.2,4619.6,8232,GC.v.0
2026-01-15 00:00:00+00:00,34,1,42001025,4619.4,4622.9,4614.5,4619.3,3853,GC.v.0
2026-01-15 01:00:00+00:00,34,1,42001025,4619.5,4622.0,4587.5,4604.3,17281,GC.v.0
2026-01-15 02:00:00+00:00,34,1,42001025,4604.0,4618.9,4599.4,4606.9,9188,GC.v.0
2026-01-15 03:00:00+00:00,34,1,42001025,4606.6,4608.1,4584.5,4596.1,11089,GC.v.0
2026-01-15 04:00:00+00:00,34,1,42001025,4595.8,4601.4,4590.7,4595.6,5369,GC.v.0
2026-01-15 05:00:00+00:00,34,1,42001025,4595.7,4602.6,4584.6,4599.1,6211,GC.v.0
2026-01-15 06:00:00+00:00,34,1,42001025,4598.9,4616.4,4597.4,4614.5,6745,GC.v.0
2026-01-15 07:00:00+00:00,34,1,42001025,4614.9,4618.0,4603.5,4606.1,5292,GC.v.0
2026-01-15 08:00:00+00:00,34,1,42001025,4606.4,4611.5,4602.2,4608.2,5199,GC.v.0
2026-01-15 09:00:00+00:00,34,1,42001025,4608.1,4617.2,4604.6,4616.9,5427,GC.v.0
2026-01-15 10:00:00+00:00,34,1,42001025,4616.7,4624.9,4613.4,4624.2,5708,GC.v.0
2026-01-15 11:00:00+00:00,34,1,42001025,4624.3,4627.0,4619.6,4623.4,4130,GC.v.0
2026-01-15 12:00:00+00:00,34,1,42001025,4623.3,4624.9,4615.7,4617.9,4823,GC.v.0
2026-01-15 13:00:00+00:00,34,1,42001025,4618.0,4620.2,4584.0,4591.6,19788,GC.v.0
2026-01-15 14:00:00+00:00,34,1,42001025,4591.6,4618.8,4586.3,4614.9,20743,GC.v.0
2026-01-15 15:00:00+00:00,34,1,42001025,4614.8,4622.3,4608.2,4620.2,13913,GC.v.0
2026-01-15 16:00:00+00:00,34,1,42001025,4620.0,4630.1,4605.7,4610.2,17665,GC.v.0
2026-01-15 17:00:00+00:00,34,1,42001025,4610.4,4621.8,4610.3,4621.5,7407,GC.v.0
2026-01-15 18:00:00+00:00,34,1,42001025,4621.4,4626.0,4617.6,4622.1,9646,GC.v.0
2026-01-15 19:00:00+00:00,34,1,42001025,4622.2,4626.5,4616.8,4620.0,6192,GC.v.0
2026-01-15 20:00:00+00:00,34,1,42001025,4620.2,4620.7,4604.2,4609.8,7596,GC.v.0
2026-01-15 21:00:00+00:00,34,1,42001025,4609.5,4620.6,4608.5,4620.5,2757,GC.v.0
2026-01-15 23:00:00+00:00,34,1,42001025,4621.6,4625.5,4610.6,4614.6,3700,GC.v.0
2026-01-16 00:00:00+00:00,34,1,42001025,4614.2,4615.1,4602.4,4604.4,4228,GC.v.0
2026-01-16 01:00:00+00:00,34,1,42001025,4603.8,4612.3,4597.8,4604.8,7338,GC.v.0
2026-01-16 02:00:00+00:00,34,1,42001025,4604.8,4607.7,4594.6,4598.4,8259,GC.v.0
2026-01-16 03:00:00+00:00,34,1,42001025,4598.2,4603.2,4595.8,4599.4,2760,GC.v.0
2026-01-16 04:00:00+00:00,34,1,42001025,4599.4,4605.5,4599.2,4604.5,1846,GC.v.0
2026-01-16 05:00:00+00:00,34,1,42001025,4604.5,4620.2,4598.6,4615.4,4986,GC.v.0
2026-01-16 06:00:00+00:00,34,1,42001025,4615.5,4616.3,4597.1,4601.8,7788,GC.v.0
2026-01-16 07:00:00+00:00,34,1,42001025,4601.5,4616.2,4600.5,4611.5,8586,GC.v.0
2026-01-16 08:00:00+00:00,34,1,42001025,4611.2,4614.8,4605.2,4606.8,4498,GC.v.0
2026-01-16 09:00:00+00:00,34,1,42001025,4606.8,4612.2,4602.7,4604.2,3144,GC.v.0
2026-01-16 10:00:00+00:00,34,1,42001025,4604.1,4615.1,4603.6,4604.1,4978,GC.v.0
2026-01-16 11:00:00+00:00,34,1,42001025,4604.1,4620.5,4602.3,4616.5,5765,GC.v.0
2026-01-16 12:00:00+00:00,34,1,42001025,4616.4,4617.0,4601.0,4605.7,6138,GC.v.0
2026-01-16 13:00:00+00:00,34,1,42001025,4605.8,4609.9,4586.0,4605.7,22119,GC.v.0
2026-01-16 14:00:00+00:00,34,1,42001025,4605.7,4618.9,4599.9,4611.9,15766,GC.v.0
2026-01-16 15:00:00+00:00,34,1,42001025,4611.4,4624.6,4539.1,4574.8,60018,GC.v.0
2026-01-16 16:00:00+00:00,34,1,42001025,4574.6,4603.9,4570.8,4595.8,23814,GC.v.0
2026-01-16 17:00:00+00:00,34,1,42001025,4596.2,4597.9,4581.0,4586.0,7123,GC.v.0
2026-01-16 18:00:00+00:00,34,1,42001025,4586.0,4601.1,4584.7,4587.9,9650,GC.v.0
2026-01-16 19:00:00+00:00,34,1,42001025,4587.8,4597.2,4585.8,4595.2,4391,GC.v.0
2026-01-16 20:00:00+00:00,34,1,42001025,4595.3,4600.2,4585.0,4587.3,6122,GC.v.0
2026-01-16 21:00:00+00:00,34,1,42001025,4587.2,4602.1,4587.2,4601.1,3573,GC.v.0
2026-01-18 23:00:00+00:00,34,1,42001025,4633.7,4698.0,4622.2,4680.5,31443,GC.v.0
2026-01-19 00:00:00+00:00,34,1,42001025,4680.5,4688.5,4667.4,4682.4,8240,GC.v.0
2026-01-19 01:00:00+00:00,34,1,42001025,4682.2,4685.3,4663.2,4664.3,10379,GC.v.0
2026-01-19 02:00:00+00:00,34,1,42001025,4664.1,4672.1,4660.0,4669.1,5722,GC.v.0
2026-01-19 03:00:00+00:00,34,1,42001025,4669.0,4676.3,4665.0,4665.3,4150,GC.v.0
2026-01-19 04:00:00+00:00,34,1,42001025,4665.5,4672.3,4665.0,4669.6,2539,GC.v.0
2026-01-19 05:00:00+00:00,34,1,42001025,4669.3,4680.3,4669.2,4675.7,3983,GC.v.0
2026-01-19 06:00:00+00:00,34,1,42001025,4675.6,4684.3,4672.7,4683.2,3692,GC.v.0
2026-01-19 07:00:00+00:00,34,1,42001025,4683.3,4683.8,4666.7,4669.9,5584,GC.v.0
2026-01-19 08:00:00+00:00,34,1,42001025,4669.7,4678.9,4666.4,4668.5,5075,GC.v.0
2026-01-19 09:00:00+00:00,34,1,42001025,4668.0,4677.6,4666.9,4673.1,3428,GC.v.0
2026-01-19 10:00:00+00:00,34,1,42001025,4673.1,4676.0,4666.1,4668.8,5047,GC.v.0
2026-01-19 11:00:00+00:00,34,1,42001025,4668.7,4672.3,4664.5,4665.8,4856,GC.v.0
2026-01-19 12:00:00+00:00,34,1,42001025,4665.5,4678.5,4665.0,4676.9,7055,GC.v.0
2026-01-19 13:00:00+00:00,34,1,42001025,4676.8,4678.8,4669.1,4671.0,6306,GC.v.0
2026-01-19 14:00:00+00:00,34,1,42001025,4671.2,4675.6,4666.3,4671.6,7696,GC.v.0
2026-01-19 15:00:00+00:00,34,1,42001025,4671.5,4681.2,4669.3,4679.2,8304,GC.v.0
2026-01-19 16:00:00+00:00,34,1,42001025,4679.5,4680.8,4675.4,4677.5,4685,GC.v.0
2026-01-19 17:00:00+00:00,34,1,42001025,4677.4,4684.4,4674.0,4681.7,4231,GC.v.0
2026-01-19 18:00:00+00:00,34,1,42001025,4681.6,4686.2,4679.0,4682.4,2195,GC.v.0
2026-01-19 19:00:00+00:00,34,1,42001025,4682.0,4682.4,4673.4,4676.7,1619,GC.v.0
2026-01-19 23:00:00+00:00,34,1,42001025,4677.9,4682.5,4670.1,4671.3,3538,GC.v.0
2026-01-20 00:00:00+00:00,34,1,42001025,4671.3,4674.3,4665.4,4666.6,3599,GC.v.0
2026-01-20 01:00:00+00:00,34,1,42001025,4666.7,4681.2,4666.1,4674.3,6105,GC.v.0
2026-01-20 02:00:00+00:00,34,1,42001025,4674.1,4679.5,4670.0,4673.1,4235,GC.v.0
2026-01-20 03:00:00+00:00,34,1,42001025,4673.1,4685.9,4670.3,4684.7,4733,GC.v.0
2026-01-20 04:00:00+00:00,34,1,42001025,4684.8,4703.2,4684.2,4701.0,8518,GC.v.0
2026-01-20 05:00:00+00:00,34,1,42001025,4700.9,4722.8,4700.0,4720.6,11451,GC.v.0
2026-01-20 06:00:00+00:00,34,1,42001025,4720.7,4723.4,4711.3,4718.4,10410,GC.v.0
2026-01-20 07:00:00+00:00,34,1,42001025,4718.3,4728.0,4717.5,4721.4,8382,GC.v.0
2026-01-20 08:00:00+00:00,34,1,42001025,4721.4,4738.0,4720.4,4735.6,10737,GC.v.0
2026-01-20 09:00:00+00:00,34,1,42001025,4735.5,4742.9,4727.2,4737.5,10455,GC.v.0
2026-01-20 10:00:00+00:00,34,1,42001025,4737.6,4740.4,4728.7,4732.3,6952,GC.v.0
2026-01-20 11:00:00+00:00,34,1,42001025,4732.3,4740.8,4727.3,4738.6,4898,GC.v.0
2026-01-20 12:00:00+00:00,34,1,42001025,4738.6,4738.6,4729.5,4733.3,6436,GC.v.0
2026-01-20 13:00:00+00:00,34,1,42001025,4733.4,4743.8,4720.0,4742.3,20064,GC.v.0
2026-01-20 14:00:00+00:00,34,1,42001025,4742.3,4756.6,4733.4,4746.4,28371,GC.v.0
2026-01-20 15:00:00+00:00,34,1,42001025,4745.9,4753.7,4726.7,4742.0,25573,GC.v.0
2026-01-20 16:00:00+00:00,34,1,42001025,4742.1,4762.0,4733.4,4758.0,17616,GC.v.0
2026-01-20 17:00:00+00:00,34,1,42001025,4757.7,4767.0,4750.3,4763.7,13219,GC.v.0
2026-01-20 18:00:00+00:00,34,1,42001025,4763.8,4771.2,4757.5,4764.2,13086,GC.v.0
2026-01-20 19:00:00+00:00,34,1,42001025,4764.4,4771.5,4761.3,4765.9,6794,GC.v.0
2026-01-20 20:00:00+00:00,34,1,42001025,4765.8,4766.6,4752.6,4761.4,8705,GC.v.0
2026-01-20 21:00:00+00:00,34,1,42001025,4761.5,4769.3,4761.1,4769.1,2531,GC.v.0
2026-01-20 23:00:00+00:00,34,1,42001025,4767.5,4784.9,4761.5,4779.8,5076,GC.v.0
2026-01-21 00:00:00+00:00,34,1,42001025,4779.6,4792.9,4774.5,4789.6,6023,GC.v.0
2026-01-21 01:00:00+00:00,34,1,42001025,4789.6,4847.7,4788.5,4838.5,26277,GC.v.0
2026-01-21 02:00:00+00:00,34,1,42001025,4838.6,4845.3,4820.4,4839.4,11628,GC.v.0
2026-01-21 03:00:00+00:00,34,1,42001025,4839.2,4852.6,4829.5,4847.6,11562,GC.v.0
2026-01-21 04:00:00+00:00,34,1,42001025,4847.3,4873.6,4840.0,4868.7,8523,GC.v.0
2026-01-21 05:00:00+00:00,34,1,42001025,4868.4,4880.9,4861.7,4872.4,8763,GC.v.0
2026-01-21 06:00:00+00:00,34,1,42001025,4872.6,4891.1,4848.0,4850.2,16208,GC.v.0
2026-01-21 07:00:00+00:00,34,1,42001025,4849.9,4859.4,4835.2,4857.5,15927,GC.v.0
2026-01-21 08:00:00+00:00,34,1,42001025,4856.9,4871.6,4853.7,4856.9,9697,GC.v.0
2026-01-21 09:00:00+00:00,34,1,42001025,4856.9,4879.4,4854.5,4862.4,9988,GC.v.0
2026-01-21 10:00:00+00:00,34,1,42001025,4862.5,4869.2,4861.6,4864.4,6452,GC.v.0
2026-01-21 11:00:00+00:00,34,1,42001025,4864.3,4874.0,4857.4,4869.1,6763,GC.v.0
2026-01-21 12:00:00+00:00,34,1,42001025,4869.3,4873.5,4858.1,4868.0,8601,GC.v.0
2026-01-21 13:00:00+00:00,34,1,42001025,4868.2,4883.3,4861.0,4882.3,15347,GC.v.0
2026-01-21 14:00:00+00:00,34,1,42001025,4882.6,4884.5,4840.8,4853.7,40879,GC.v.0
2026-01-21 15:00:00+00:00,34,1,42001025,4853.7,4871.2,4813.8,4850.0,36370,GC.v.0
2026-01-21 16:00:00+00:00,34,1,42001025,4850.0,4858.7,4821.6,4836.5,18830,GC.v.0
2026-01-21 17:00:00+00:00,34,1,42001025,4836.7,4837.0,4804.6,4829.0,16678,GC.v.0
2026-01-21 18:00:00+00:00,34,1,42001025,4828.6,4853.5,4822.6,4853.2,10906,GC.v.0
2026-01-21 19:00:00+00:00,34,1,42001025,4853.1,4857.2,4757.1,4783.4,30964,GC.v.0
2026-01-21 20:00:00+00:00,34,1,42001025,4783.0,4830.9,4774.5,4830.0,20165,GC.v.0
2026-01-21 21:00:00+00:00,34,1,42001025,4829.6,4842.8,4816.0,4836.2,5661,GC.v.0
2026-01-21 23:00:00+00:00,34,1,42001025,4836.2,4837.7,4779.3,4779.6,7835,GC.v.0
2026-01-22 00:00:00+00:00,34,1,42001025,4779.9,4799.8,4779.4,4798.8,5967,GC.v.0
2026-01-22 01:00:00+00:00,34,1,42001025,4798.4,4810.6,4772.7,4799.2,9671,GC.v.0
2026-01-22 02:00:00+00:00,34,1,42001025,4798.9,4799.8,4775.3,4789.9,7531,GC.v.0
2026-01-22 03:00:00+00:00,34,1,42001025,4790.2,4798.1,4785.0,4797.4,3189,GC.v.0
2026-01-22 04:00:00+00:00,34,1,42001025,4797.9,4801.8,4794.7,4798.1,3198,GC.v.0
2026-01-22 05:00:00+00:00,34,1,42001025,4798.1,4822.1,4794.7,4821.8,5711,GC.v.0
2026-01-22 06:00:00+00:00,34,1,42001025,4821.6,4829.6,4816.6,4827.3,6086,GC.v.0
2026-01-22 07:00:00+00:00,34,1,42001025,4827.4,4841.1,4826.4,4833.5,7202,GC.v.0
2026-01-22 08:00:00+00:00,34,1,42001025,4833.4,4836.8,4823.3,4832.2,5292,GC.v.0
2026-01-22 09:00:00+00:00,34,1,42001025,4832.2,4839.5,4815.3,4824.4,7640,GC.v.0
2026-01-22 10:00:00+00:00,34,1,42001025,4824.8,4833.7,4820.8,4831.0,4881,GC.v.0
2026-01-22 11:00:00+00:00,34,1,42001025,4830.8,4838.5,4826.2,4833.2,4784,GC.v.0
2026-01-22 12:00:00+00:00,34,1,42001025,4832.9,4834.6,4820.5,4821.5,5304,GC.v.0
2026-01-22 13:00:00+00:00,34,1,42001025,4821.6,4837.4,4809.6,4823.8,13506,GC.v.0
2026-01-22 14:00:00+00:00,34,1,42001025,4823.5,4849.4,4821.7,4836.7,19550,GC.v.0
2026-01-22 15:00:00+00:00,34,1,42001025,4836.7,4876.8,4826.4,4874.0,24597,GC.v.0
2026-01-22 16:00:00+00:00,34,1,42001025,4874.2,4888.1,4870.1,4880.8,18313,GC.v.0
2026-01-22 17:00:00+00:00,34,1,42001025,4880.8,4909.5,4871.0,4907.8,22602,GC.v.0
2026-01-22 18:00:00+00:00,34,1,42001025,4907.7,4922.5,4904.6,4918.7,16214,GC.v.0
2026-01-22 19:00:00+00:00,34,1,42001025,4918.7,4927.6,4909.3,4915.2,10864,GC.v.0
2026-01-22 20:00:00+00:00,34,1,42001025,4915.5,4932.2,4914.8,4920.5,7868,GC.v.0
2026-01-22 21:00:00+00:00,34,1,42001025,4920.7,4944.3,4918.3,4938.4,5002,GC.v.0
2026-01-22 23:00:00+00:00,34,1,42001025,4940.0,4964.0,4932.4,4960.8,10998,GC.v.0
2026-01-23 00:00:00+00:00,34,1,42001025,4961.2,4968.5,4949.7,4967.6,6789,GC.v.0
2026-01-23 01:00:00+00:00,34,1,42001025,4968.0,4970.0,4938.0,4956.8,11501,GC.v.0
2026-01-23 02:00:00+00:00,34,1,42001025,4956.0,4964.5,4948.4,4957.7,5805,GC.v.0
2026-01-23 03:00:00+00:00,34,1,42001025,4957.4,4961.1,4939.5,4953.0,8174,GC.v.0
2026-01-23 04:00:00+00:00,34,1,42001025,4952.7,4960.0,4951.0,4957.9,3499,GC.v.0
2026-01-23 05:00:00+00:00,34,1,42001025,4957.8,4969.0,4955.7,4962.1,4831,GC.v.0
2026-01-23 06:00:00+00:00,34,1,42001025,4962.3,4964.3,4946.2,4954.1,8357,GC.v.0
2026-01-23 07:00:00+00:00,34,1,42001025,4954.5,4960.7,4944.3,4945.5,6923,GC.v.0
2026-01-23 08:00:00+00:00,34,1,42001025,4945.2,4948.7,4901.9,4915.3,15924,GC.v.0
2026-01-23 09:00:00+00:00,34,1,42001025,4914.8,4922.7,4901.2,4919.4,8913,GC.v.0
2026-01-23 10:00:00+00:00,34,1,42001025,4919.6,4933.3,4916.6,4931.0,6706,GC.v.0
2026-01-23 11:00:00+00:00,34,1,42001025,4930.9,4931.5,4912.8,4923.3,6231,GC.v.0
2026-01-23 12:00:00+00:00,34,1,42001025,4923.7,4943.4,4918.8,4940.0,6294,GC.v.0
2026-01-23 13:00:00+00:00,34,1,42001025,4940.2,4948.6,4924.3,4939.8,14951,GC.v.0
2026-01-23 14:00:00+00:00,34,1,42001025,4940.3,4957.3,4933.5,4944.1,13568,GC.v.0
2026-01-23 15:00:00+00:00,34,1,42001025,4943.6,4964.0,4938.9,4961.9,17742,GC.v.0
2026-01-23 16:00:00+00:00,34,1,42001025,4961.9,4989.9,4960.0,4981.4,19467,GC.v.0
2026-01-23 17:00:00+00:00,34,1,42001025,4981.7,4989.4,4963.0,4966.9,13396,GC.v.0
2026-01-23 18:00:00+00:00,34,1,42001025,4967.2,4985.4,4959.5,4967.8,13640,GC.v.0
2026-01-23 19:00:00+00:00,34,1,42001025,4968.2,4991.4,4968.2,4985.2,7974,GC.v.0
2026-01-23 20:00:00+00:00,34,1,42001025,4985.1,4986.7,4971.7,4981.4,8577,GC.v.0
2026-01-23 21:00:00+00:00,34,1,42001025,4981.4,4990.2,4978.6,4983.1,4496,GC.v.0
2026-01-25 23:00:00+00:00,34,1,42001025,5013.4,5039.4,5002.0,5038.7,18341,GC.v.0
2026-01-26 00:00:00+00:00,34,1,42001025,5039.4,5051.4,5029.3,5041.0,9171,GC.v.0
2026-01-26 01:00:00+00:00,34,1,42001025,5040.8,5082.9,5028.0,5068.8,21809,GC.v.0
2026-01-26 02:00:00+00:00,34,1,42001025,5068.9,5091.5,5064.2,5078.9,10225,GC.v.0
2026-01-26 03:00:00+00:00,34,1,42001025,5078.5,5086.5,5067.5,5073.9,8062,GC.v.0
2026-01-26 04:00:00+00:00,34,1,42001025,5074.1,5076.0,5055.6,5067.7,7231,GC.v.0
2026-01-26 05:00:00+00:00,34,1,42001025,5067.8,5074.3,5049.7,5072.1,11941,GC.v.0
2026-01-26 06:00:00+00:00,34,1,42001025,5071.8,5107.9,5063.0,5074.2,15925,GC.v.0
2026-01-26 07:00:00+00:00,34,1,42001025,5074.5,5092.4,5070.0,5086.4,6979,GC.v.0
2026-01-26 08:00:00+00:00,34,1,42001025,5086.3,5096.1,5077.4,5081.3,7480,GC.v.0
2026-01-26 09:00:00+00:00,34,1,42001025,5081.3,5097.4,5073.1,5082.2,8691,GC.v.0
2026-01-26 10:00:00+00:00,34,1,42001025,5082.4,5093.0,5076.5,5090.1,5660,GC.v.0
2026-01-26 11:00:00+00:00,34,1,42001025,5090.1,5091.3,5076.5,5089.8,4316,GC.v.0
2026-01-26 12:00:00+00:00,34,1,42001025,5089.6,5095.4,5074.5,5076.2,9933,GC.v.0
2026-01-26 13:00:00+00:00,34,1,42001025,5076.6,5080.9,5052.0,5065.9,17127,GC.v.0
2026-01-26 14:00:00+00:00,34,1,42001025,5065.7,5094.7,5055.5,5093.7,20965,GC.v.0
2026-01-26 15:00:00+00:00,34,1,42001025,5094.1,5095.2,5071.3,5088.4,21502,GC.v.0
2026-01-26 16:00:00+00:00,34,1,42001025,5088.4,5103.0,5062.0,5086.4,25463,GC.v.0
2026-01-26 17:00:00+00:00,34,1,42001025,5087.0,5102.1,5076.7,5098.1,12412,GC.v.0
2026-01-26 18:00:00+00:00,34,1,42001025,5097.9,5100.3,5053.4,5064.6,19467,GC.v.0
2026-01-26 19:00:00+00:00,34,1,42001025,5065.2,5065.5,5002.7,5023.6,28830,GC.v.0
2026-01-26 20:00:00+00:00,34,1,42001025,5023.6,5058.3,5022.0,5049.4,17043,GC.v.0
2026-01-26 21:00:00+00:00,34,1,42001025,5049.6,5053.9,4983.6,5004.8,13349,GC.v.0
2026-01-26 23:00:00+00:00,34,1,42001025,5005.5,5056.0,5004.5,5037.7,7317,GC.v.0
2026-01-27 00:00:00+00:00,34,1,42001025,5037.7,5048.7,5008.3,5027.1,5850,GC.v.0
2026-01-27 01:00:00+00:00,34,1,42001025,5027.3,5071.5,5013.0,5055.3,11517,GC.v.0
2026-01-27 02:00:00+00:00,34,1,42001025,5054.7,5074.8,5043.9,5067.4,5390,GC.v.0
2026-01-27 03:00:00+00:00,34,1,42001025,5067.9,5074.3,5054.4,5071.9,3846,GC.v.0
2026-01-27 04:00:00+00:00,34,1,42001025,5071.7,5073.6,5056.4,5062.7,3197,GC.v.0
2026-01-27 05:00:00+00:00,34,1,42001025,5062.6,5080.3,5051.9,5078.1,5384,GC.v.0
2026-01-27 06:00:00+00:00,34,1,42001025,5077.9,5089.6,5071.6,5081.5,5503,GC.v.0
2026-01-27 07:00:00+00:00,34,1,42001025,5081.4,5097.3,5077.1,5081.6,10937,GC.v.0
2026-01-27 08:00:00+00:00,34,1,42001025,5081.5,5084.1,5068.5,5075.6,6475,GC.v.0
2026-01-27 09:00:00+00:00,34,1,42001025,5075.0,5096.3,5074.1,5095.3,6228,GC.v.0
2026-01-27 10:00:00+00:00,34,1,42001025,5095.2,5095.3,5078.2,5082.5,5867,GC.v.0
2026-01-27 11:00:00+00:00,34,1,42001025,5082.7,5087.0,5062.2,5073.1,5990,GC.v.0
2026-01-27 12:00:00+00:00,34,1,42001025,5072.9,5087.4,5069.5,5081.6,6256,GC.v.0
2026-01-27 13:00:00+00:00,34,1,42001025,5081.5,5089.4,5065.8,5073.8,11781,GC.v.0
2026-01-27 14:00:00+00:00,34,1,42001025,5073.7,5077.9,5042.0,5049.6,27617,GC.v.0
2026-01-27 15:00:00+00:00,34,1,42001025,5049.2,5088.3,5042.3,5087.6,24825,GC.v.0
2026-01-27 16:00:00+00:00,34,1,42001025,5087.5,5100.3,5080.5,5085.1,17134,GC.v.0
2026-01-27 17:00:00+00:00,34,1,42001025,5085.2,5092.0,5074.7,5079.2,11701,GC.v.0
2026-01-27 18:00:00+00:00,34,1,42001025,5079.1,5093.5,5074.0,5085.9,11148,GC.v.0
2026-01-27 19:00:00+00:00,34,1,42001025,5085.5,5098.3,5078.6,5097.3,6018,GC.v.0
2026-01-27 20:00:00+00:00,34,1,42001025,5097.1,5184.2,5096.2,5174.7,31440,GC.v.0
2026-01-27 21:00:00+00:00,34,1,42001025,5175.0,5190.8,5169.1,5179.6,8933,GC.v.0
2026-01-27 23:00:00+00:00,34,1,42001025,5179.0,5181.9,5156.4,5169.2,3617,GC.v.0
2026-01-28 00:00:00+00:00,34,1,42001025,5169.3,5177.0,5154.8,5168.5,1758,GC.v.0
2026-01-28 01:00:00+00:00,34,1,42001025,5168.9,5220.7,5165.1,5199.5,4108,GC.v.0
2026-01-28 02:00:00+00:00,34,1,42001025,5199.0,5228.9,5196.6,5226.4,2229,GC.v.0
2026-01-28 03:00:00+00:00,34,1,42001025,5226.3,5242.2,5218.7,5229.2,2565,GC.v.0
2026-01-28 04:00:00+00:00,34,1,42001025,5228.8,5244.0,5227.4,5241.5,1367,GC.v.0
2026-01-28 05:00:00+00:00,34,1,42001025,5240.9,5259.3,5237.1,5253.9,1744,GC.v.0
2026-01-28 06:00:00+00:00,34,1,42001025,5253.1,5264.4,5245.0,5262.7,1236,GC.v.0
2026-01-28 07:00:00+00:00,34,1,42001025,5263.2,5288.0,5255.7,5286.2,2254,GC.v.0
2026-01-28 08:00:00+00:00,34,1,42001025,5285.4,5306.0,5276.0,5290.7,2330,GC.v.0
2026-01-28 09:00:00+00:00,34,1,42001025,5289.0,5293.0,5258.6,5272.5,1498,GC.v.0
2026-01-28 10:00:00+00:00,34,1,42001025,5274.4,5281.0,5264.5,5265.2,934,GC.v.0
2026-01-28 11:00:00+00:00,34,1,42001025,5265.9,5265.9,5232.9,5256.0,2093,GC.v.0
2026-01-28 12:00:00+00:00,34,1,42001025,5256.2,5272.4,5246.2,5271.9,1516,GC.v.0
2026-01-28 13:00:00+00:00,34,1,42001025,5273.1,5283.0,5250.3,5259.4,2190,GC.v.0
2026-01-28 14:00:00+00:00,34,1,42001025,5260.5,5282.5,5242.5,5281.3,2910,GC.v.0
2026-01-28 15:00:00+00:00,34,1,42001025,5280.4,5292.0,5228.7,5274.2,4306,GC.v.0
2026-01-28 16:00:00+00:00,34,1,42001025,5273.7,5297.4,5270.3,5297.4,1612,GC.v.0
2026-01-28 17:00:00+00:00,34,1,42001025,5298.3,5305.0,5280.0,5295.0,1625,GC.v.0
2026-01-28 18:00:00+00:00,34,1,42001025,5295.3,5323.4,5265.6,5280.2,2552,GC.v.0
2026-01-28 19:00:00+00:00,34,1,42001025,5279.0,5328.2,5265.1,5321.5,2365,GC.v.0
2026-01-28 20:00:00+00:00,34,1,42001025,5321.7,5386.5,5316.5,5370.9,2005,GC.v.0
2026-01-28 21:00:00+00:00,34,1,42001025,5374.4,5415.2,5372.6,5411.0,860,GC.v.0
2026-01-28 23:00:00+00:00,34,1,42001025,5415.7,5584.3,5413.9,5500.3,2143,GC.v.0
2026-01-29 00:00:00+00:00,34,1,42001025,5500.1,5517.0,5443.0,5507.3,610,GC.v.0
2026-01-29 01:00:00+00:00,34,1,42001025,5512.4,5541.5,5436.9,5536.0,469,GC.v.0
2026-01-29 02:00:00+00:00,34,1,42001025,5535.9,5536.7,5495.8,5527.0,174,GC.v.0
2026-01-29 03:00:00+00:00,34,1,42001025,5527.3,5539.1,5501.0,5538.2,179,GC.v.0
2026-01-29 04:00:00+00:00,34,1,42001025,5530.0,5557.0,5529.2,5551.5,204,GC.v.0
2026-01-29 05:00:00+00:00,34,1,42001025,5541.7,5554.4,5509.7,5554.4,243,GC.v.0
2026-01-29 06:00:00+00:00,34,1,42001025,5556.0,5586.2,5547.1,5553.9,223,GC.v.0
2026-01-29 07:00:00+00:00,34,1,42001025,5554.0,5563.1,5529.7,5539.0,217,GC.v.0
2026-01-29 08:00:00+00:00,34,1,42001025,5538.9,5547.0,5468.9,5505.9,574,GC.v.0
2026-01-29 09:00:00+00:00,34,1,42001025,5504.5,5518.9,5494.1,5508.4,124,GC.v.0
2026-01-29 10:00:00+00:00,34,1,42001025,5503.3,5516.6,5476.5,5480.2,145,GC.v.0
2026-01-29 11:00:00+00:00,34,1,42001025,5476.6,5521.4,5465.4,5515.3,338,GC.v.0
2026-01-29 12:00:00+00:00,34,1,42001025,5514.6,5536.6,5513.0,5527.0,145,GC.v.0
2026-01-29 13:00:00+00:00,34,1,42001025,5525.2,5531.2,5493.0,5503.1,373,GC.v.0
2026-01-29 14:00:00+00:00,34,1,42001025,5506.0,5542.4,5482.6,5488.0,907,GC.v.0
2026-01-29 15:00:00+00:00,34,1,42001025,5487.5,5487.5,5097.5,5176.7,1936,GC.v.0
2026-01-29 16:00:00+00:00,34,1,42001025,5171.5,5299.7,5170.2,5252.3,575,GC.v.0
2026-01-29 17:00:00+00:00,34,1,42001025,5266.1,5367.5,5264.3,5315.4,824,GC.v.0
2026-01-29 18:00:00+00:00,34,1,42001025,5334.2,5354.0,5300.1,5342.7,128,GC.v.0
2026-01-29 19:00:00+00:00,34,1,42001025,5317.8,5333.3,5284.7,5301.8,143,GC.v.0
2026-01-29 20:00:00+00:00,34,1,42001025,5291.0,5398.6,5277.1,5380.3,36,GC.v.0
2026-01-29 21:00:00+00:00,34,1,42001025,5389.2,5412.6,5364.7,5364.7,22,GC.v.0
2026-01-29 23:00:00+00:00,34,1,42001025,5376.4,5418.4,5376.4,5418.4,2,GC.v.0
2026-01-30 00:00:00+00:00,34,1,42000890,5467.5,5480.2,5418.2,5435.3,11252,GC.v.0
2026-01-30 01:00:00+00:00,34,1,42000890,5436.0,5438.9,5320.4,5331.7,20227,GC.v.0
2026-01-30 02:00:00+00:00,34,1,42000890,5330.3,5345.8,5145.8,5255.0,34890,GC.v.0
2026-01-30 03:00:00+00:00,34,1,42000890,5254.8,5259.8,5176.9,5225.1,11965,GC.v.0
2026-01-30 04:00:00+00:00,34,1,42000890,5224.2,5260.0,5222.0,5241.9,5863,GC.v.0
2026-01-30 05:00:00+00:00,34,1,42000890,5242.1,5269.2,5208.0,5212.4,6164,GC.v.0
2026-01-30 06:00:00+00:00,34,1,42000890,5210.7,5232.7,5171.4,5183.9,8748,GC.v.0
2026-01-30 07:00:00+00:00,34,1,42000890,5184.1,5215.0,5143.7,5209.2,11507,GC.v.0
2026-01-30 08:00:00+00:00,34,1,42000890,5208.8,5208.8,5075.1,5145.0,18014,GC.v.0
2026-01-30 09:00:00+00:00,34,1,42000890,5143.8,5161.5,4962.7,5040.0,30413,GC.v.0
2026-01-30 10:00:00+00:00,34,1,42000890,5039.3,5150.2,5027.0,5147.7,14816,GC.v.0
2026-01-30 11:00:00+00:00,34,1,42000890,5146.0,5173.9,5114.7,5164.7,12771,GC.v.0
2026-01-30 12:00:00+00:00,34,1,42000890,5165.3,5175.6,5082.6,5092.0,12710,GC.v.0
2026-01-30 13:00:00+00:00,34,1,42000890,5093.1,5127.8,5018.3,5045.6,22082,GC.v.0
2026-01-30 14:00:00+00:00,34,1,42000890,5046.7,5142.3,5039.6,5061.0,28951,GC.v.0
2026-01-30 15:00:00+00:00,34,1,42000890,5059.7,5104.0,5006.3,5078.8,30308,GC.v.0
2026-01-30 16:00:00+00:00,34,1,42000890,5079.3,5080.7,4961.1,5011.7,28850,GC.v.0
2026-01-30 17:00:00+00:00,34,1,42000890,5009.6,5012.3,4825.0,4874.5,44487,GC.v.0
2026-01-30 18:00:00+00:00,34,1,42000890,4874.4,4917.0,4700.4,4899.6,64151,GC.v.0
2026-01-30 19:00:00+00:00,34,1,42000890,4898.3,4971.9,4860.0,4954.9,19683,GC.v.0
2026-01-30 20:00:00+00:00,34,1,42000890,4955.3,4956.6,4828.5,4870.8,16837,GC.v.0
2026-01-30 21:00:00+00:00,34,1,42000890,4871.2,4917.9,4855.5,4907.5,7442,GC.v.0
2026-02-01 23:00:00+00:00,34,1,42000890,4816.0,4880.0,4705.3,4764.7,21063,GC.v.0
2026-02-02 00:00:00+00:00,34,1,42000890,4765.6,4905.6,4763.3,4790.6,15414,GC.v.0
2026-02-02 01:00:00+00:00,34,1,42000890,4791.3,4809.2,4604.3,4764.8,28884,GC.v.0
2026-02-02 02:00:00+00:00,34,1,42000890,4758.7,4797.0,4720.0,4733.3,12404,GC.v.0
2026-02-02 03:00:00+00:00,34,1,42000890,4733.4,4752.7,4650.0,4665.6,13302,GC.v.0
2026-02-02 04:00:00+00:00,34,1,42000890,4667.0,4734.5,4622.6,4698.8,10802,GC.v.0
2026-02-02 05:00:00+00:00,34,1,42000890,4698.0,4717.1,4515.0,4571.5,19807,GC.v.0
2026-02-02 06:00:00+00:00,34,1,42000890,4573.0,4596.7,4423.2,4526.2,21551,GC.v.0
2026-02-02 07:00:00+00:00,34,1,42000890,4525.8,4641.0,4504.9,4609.5,15232,GC.v.0
2026-02-02 08:00:00+00:00,34,1,42000890,4609.5,4674.1,4579.4,4662.1,13308,GC.v.0
2026-02-02 09:00:00+00:00,34,1,42000890,4661.5,4754.0,4623.0,4743.1,11749,GC.v.0
2026-02-02 10:00:00+00:00,34,1,42000890,4740.0,4757.6,4678.0,4727.3,10045,GC.v.0
2026-02-02 11:00:00+00:00,34,1,42000890,4728.4,4805.1,4726.1,4790.3,11653,GC.v.0
2026-02-02 12:00:00+00:00,34,1,42000890,4791.2,4837.6,4767.4,4816.1,9880,GC.v.0
2026-02-02 13:00:00+00:00,34,1,42000890,4816.0,4828.0,4692.1,4729.0,25953,GC.v.0
2026-02-02 14:00:00+00:00,34,1,42000890,4729.6,4818.0,4703.4,4744.0,25653,GC.v.0
2026-02-02 15:00:00+00:00,34,1,42000890,4739.5,4768.0,4638.0,4641.7,23371,GC.v.0
2026-02-02 16:00:00+00:00,34,1,42000890,4642.9,4733.1,4617.6,4687.5,19868,GC.v.0
2026-02-02 17:00:00+00:00,34,1,42000890,4687.5,4737.7,4678.1,4695.9,16589,GC.v.0
2026-02-02 18:00:00+00:00,34,1,42000890,4695.2,4696.1,4639.6,4679.5,15470,GC.v.0
2026-02-02 19:00:00+00:00,34,1,42000890,4679.5,4736.0,4653.5,4707.4,8048,GC.v.0
2026-02-02 20:00:00+00:00,34,1,42000890,4707.4,4723.3,4671.3,4676.3,7666,GC.v.0
2026-02-02 21:00:00+00:00,34,1,42000890,4677.9,4712.0,4667.0,4680.9,3024,GC.v.0
2026-02-02 23:00:00+00:00,34,1,42000890,4691.0,4799.9,4690.2,4798.5,5638,GC.v.0
2026-02-03 00:00:00+00:00,34,1,42000890,4798.7,4853.7,4788.1,4802.7,8517,GC.v.0
2026-02-03 01:00:00+00:00,34,1,42000890,4803.1,4882.0,4788.0,4862.7,10408,GC.v.0
2026-02-03 02:00:00+00:00,34,1,42000890,4863.2,4864.0,4768.5,4806.2,10171,GC.v.0
2026-02-03 03:00:00+00:00,34,1,42000890,4806.1,4836.1,4774.3,4831.6,5335,GC.v.0
2026-02-03 04:00:00+00:00,34,1,42000890,4831.0,4848.4,4822.6,4832.4,2831,GC.v.0
2026-02-03 05:00:00+00:00,34,1,42000890,4832.8,4865.5,4831.3,4846.3,4056,GC.v.0
2026-02-03 06:00:00+00:00,34,1,42000890,4848.0,4916.0,4838.0,4903.0,8325,GC.v.0
2026-02-03 07:00:00+00:00,34,1,42000890,4901.2,4956.0,4893.0,4940.0,10585,GC.v.0
2026-02-03 08:00:00+00:00,34,1,42000890,4940.2,4975.5,4921.0,4935.8,11852,GC.v.0
2026-02-03 09:00:00+00:00,34,1,42000890,4935.8,4950.0,4908.7,4939.8,10097,GC.v.0
2026-02-03 10:00:00+00:00,34,1,42000890,4939.6,4953.0,4922.4,4924.8,7278,GC.v.0
2026-02-03 11:00:00+00:00,34,1,42000890,4925.2,4941.9,4905.2,4938.9,5698,GC.v.0
2026-02-03 12:00:00+00:00,34,1,42000890,4939.6,4959.5,4915.0,4938.2,7972,GC.v.0
2026-02-03 13:00:00+00:00,34,1,42000890,4938.4,4977.7,4926.7,4958.0,19781,GC.v.0
2026-02-03 14:00:00+00:00,34,1,42000890,4958.7,4963.1,4917.6,4939.2,21176,GC.v.0
2026-02-03 15:00:00+00:00,34,1,42000890,4939.1,4971.2,4926.9,4957.7,16570,GC.v.0
2026-02-03 16:00:00+00:00,34,1,42000890,4957.2,5018.1,4952.1,4978.2,19686,GC.v.0
2026-02-03 17:00:00+00:00,34,1,42000890,4978.3,4992.7,4929.7,4951.5,19260,GC.v.0
2026-02-03 18:00:00+00:00,34,1,42000890,4951.1,4977.3,4900.5,4930.5,17969,GC.v.0
2026-02-03 19:00:00+00:00,34,1,42000890,4930.2,4971.9,4902.0,4949.3,10785,GC.v.0
2026-02-03 20:00:00+00:00,34,1,42000890,4949.9,4980.0,4924.5,4967.5,7862,GC.v.0
2026-02-03 21:00:00+00:00,34,1,42000890,4967.1,4987.5,4957.3,4970.5,2377,GC.v.0
2026-02-03 23:00:00+00:00,34,1,42000890,4966.1,4997.8,4930.4,4968.7,3858,GC.v.0
2026-02-04 00:00:00+00:00,34,1,42000890,4969.9,5039.7,4966.9,5038.1,7532,GC.v.0
2026-02-04 01:00:00+00:00,34,1,42000890,5038.6,5075.5,5006.4,5067.2,12361,GC.v.0
2026-02-04 02:00:00+00:00,34,1,42000890,5067.9,5086.8,5055.1,5061.6,6733,GC.v.0
2026-02-04 03:00:00+00:00,34,1,42000890,5060.9,5094.0,5056.2,5090.3,4840,GC.v.0
2026-02-04 04:00:00+00:00,34,1,42000890,5090.7,5101.5,5076.3,5100.7,3288,GC.v.0
2026-02-04 05:00:00+00:00,34,1,42000890,5100.1,5109.3,5088.5,5098.3,5467,GC.v.0
2026-02-04 06:00:00+00:00,34,1,42000890,5099.4,5102.5,5071.0,5096.6,7315,GC.v.0
2026-02-04 07:00:00+00:00,34,1,42000890,5098.0,5113.5,5082.5,5106.8,6963,GC.v.0
2026-02-04 08:00:00+00:00,34,1,42000890,5106.3,5113.9,5091.1,5106.5,6003,GC.v.0
2026-02-04 09:00:00+00:00,34,1,42000890,5105.9,5109.7,5065.0,5082.3,7573,GC.v.0
2026-02-04 10:00:00+00:00,34,1,42000890,5083.1,5086.9,5064.7,5072.2,5918,GC.v.0
2026-02-04 11:00:00+00:00,34,1,42000890,5070.7,5076.9,5036.0,5071.3,6180,GC.v.0
2026-02-04 12:00:00+00:00,34,1,42000890,5070.6,5088.1,5058.6,5064.6,5027,GC.v.0
2026-02-04 13:00:00+00:00,34,1,42000890,5064.3,5087.0,5045.0,5077.0,10022,GC.v.0
2026-02-04 14:00:00+00:00,34,1,42000890,5077.8,5082.5,4988.4,5008.4,26508,GC.v.0
2026-02-04 15:00:00+00:00,34,1,42000890,5007.3,5030.7,4909.0,4943.1,31582,GC.v.0
2026-02-04 16:00:00+00:00,34,1,42000890,4943.1,4964.1,4867.7,4926.9,23642,GC.v.0
2026-02-04 17:00:00+00:00,34,1,42000890,4926.5,4953.0,4909.6,4921.3,15578,GC.v.0
2026-02-04 18:00:00+00:00,34,1,42000890,4919.6,4956.9,4893.9,4949.7,14607,GC.v.0
2026-02-04 19:00:00+00:00,34,1,42000890,4949.8,4979.4,4936.7,4963.5,8580,GC.v.0
2026-02-04 20:00:00+00:00,34,1,42000890,4963.6,4975.6,4936.0,4961.6,5791,GC.v.0
2026-02-04 21:00:00+00:00,34,1,42000890,4960.9,4994.1,4960.0,4986.4,1749,GC.v.0
2026-02-04 23:00:00+00:00,34,1,42000890,4986.6,5045.0,4986.6,5033.4,5000,GC.v.0
2026-02-05 00:00:00+00:00,34,1,42000890,5033.2,5041.9,5017.6,5028.1,4269,GC.v.0
2026-02-05 01:00:00+00:00,34,1,42000890,5028.7,5033.7,4957.0,4978.3,11703,GC.v.0
2026-02-05 02:00:00+00:00,34,1,42000890,4979.2,4982.1,4822.6,4831.0,22485,GC.v.0
2026-02-05 03:00:00+00:00,34,1,42000890,4830.4,4907.1,4805.0,4898.5,12297,GC.v.0
2026-02-05 04:00:00+00:00,34,1,42000890,4898.4,4910.8,4880.8,4882.7,3853,GC.v.0
2026-02-05 05:00:00+00:00,34,1,42000890,4881.7,4923.7,4842.0,4911.8,7255,GC.v.0
2026-02-05 06:00:00+00:00,34,1,42000890,4914.1,4951.9,4893.0,4938.8,5776,GC.v.0
2026-02-05 07:00:00+00:00,34,1,42000890,4937.2,4960.2,4914.7,4934.3,6420,GC.v.0
2026-02-05 08:00:00+00:00,34,1,42000890,4934.1,4962.0,4921.4,4934.0,5546,GC.v.0
2026-02-05 09:00:00+00:00,34,1,42000890,4934.4,4937.1,4871.1,4876.9,8796,GC.v.0
2026-02-05 10:00:00+00:00,34,1,42000890,4875.9,4907.6,4868.0,4897.9,4512,GC.v.0
2026-02-05 11:00:00+00:00,34,1,42000890,4896.8,4915.5,4885.6,4889.1,3974,GC.v.0
2026-02-05 12:00:00+00:00,34,1,42000890,4889.3,4899.9,4831.0,4876.2,12332,GC.v.0
2026-02-05 13:00:00+00:00,34,1,42000890,4876.1,4893.1,4822.0,4858.2,14303,GC.v.0
2026-02-05 14:00:00+00:00,34,1,42000890,4858.0,4891.1,4827.2,4867.8,19752,GC.v.0
2026-02-05 15:00:00+00:00,34,1,42000890,4866.5,4888.0,4820.8,4838.6,19485,GC.v.0
2026-02-05 16:00:00+00:00,34,1,42000890,4837.8,4930.0,4833.5,4912.0,15438,GC.v.0
2026-02-05 17:00:00+00:00,34,1,42000890,4910.9,4913.3,4881.5,4891.5,7192,GC.v.0
2026-02-05 18:00:00+00:00,34,1,42000890,4891.4,4898.4,4872.8,4880.4,7755,GC.v.0
2026-02-05 19:00:00+00:00,34,1,42000890,4881.2,4889.0,4847.0,4852.5,5282,GC.v.0
2026-02-05 20:00:00+00:00,34,1,42000890,4853.0,4866.2,4814.6,4833.6,8063,GC.v.0
2026-02-05 21:00:00+00:00,34,1,42000890,4833.2,4848.5,4779.6,4798.1,8557,GC.v.0
2026-02-05 23:00:00+00:00,34,1,42000890,4800.0,4815.9,4721.2,4722.0,10578,GC.v.0
2026-02-06 00:00:00+00:00,34,1,42000890,4722.0,4781.7,4670.0,4779.9,16895,GC.v.0
2026-02-06 01:00:00+00:00,34,1,42000890,4779.1,4803.4,4710.0,4792.1,11652,GC.v.0
2026-02-06 02:00:00+00:00,34,1,42000890,4792.7,4863.5,4777.8,4833.5,9974,GC.v.0
2026-02-06 03:00:00+00:00,34,1,42000890,4832.5,4856.4,4816.7,4841.1,3998,GC.v.0
2026-02-06 04:00:00+00:00,34,1,42000890,4842.0,4848.9,4823.9,4830.8,1655,GC.v.0
2026-02-06 05:00:00+00:00,34,1,42000890,4830.4,4916.2,4824.5,4915.3,7235,GC.v.0
2026-02-06 06:00:00+00:00,34,1,42000890,4916.3,4921.6,4841.0,4865.6,7459,GC.v.0
2026-02-06 07:00:00+00:00,34,1,42000890,4865.0,4881.9,4856.8,4862.3,4063,GC.v.0
2026-02-06 08:00:00+00:00,34,1,42000890,4861.6,4904.5,4849.5,4884.8,5740,GC.v.0
2026-02-06 09:00:00+00:00,34,1,42000890,4884.1,4896.5,4862.2,4889.5,4501,GC.v.0
2026-02-06 10:00:00+00:00,34,1,42000890,4888.0,4901.7,4872.6,4899.9,3497,GC.v.0
2026-02-06 11:00:00+00:00,34,1,42000890,4899.7,4918.7,4885.6,4909.1,4013,GC.v.0
2026-02-06 12:00:00+00:00,34,1,42000890,4910.1,4926.0,4892.0,4921.7,6919,GC.v.0
2026-02-06 13:00:00+00:00,34,1,42000890,4922.0,4961.0,4918.2,4951.0,10876,GC.v.0
2026-02-06 14:00:00+00:00,34,1,42000890,4951.7,4973.7,4916.2,4972.5,13807,GC.v.0
2026-02-06 15:00:00+00:00,34,1,42000890,4970.8,4988.8,4951.2,4967.6,11032,GC.v.0
2026-02-06 16:00:00+00:00,34,1,42000890,4967.8,4978.0,4945.0,4975.3,6971,GC.v.0
2026-02-06 17:00:00+00:00,34,1,42000890,4975.3,4992.9,4972.2,4984.3,6174,GC.v.0
2026-02-06 18:00:00+00:00,34,1,42000890,4984.8,4995.6,4967.9,4986.3,5759,GC.v.0
2026-02-06 19:00:00+00:00,34,1,42000890,4986.3,4987.0,4971.8,4980.7,2928,GC.v.0
2026-02-06 20:00:00+00:00,34,1,42000890,4980.4,4983.0,4960.4,4977.2,4442,GC.v.0
2026-02-06 21:00:00+00:00,34,1,42000890,4977.2,4992.1,4970.1,4988.6,2172,GC.v.0
2026-02-08 23:00:00+00:00,34,1,42000890,5003.6,5069.0,4988.6,5057.4,8925,GC.v.0
2026-02-09 00:00:00+00:00,34,1,42000890,5057.5,5068.0,5033.1,5041.2,3854,GC.v.0
2026-02-09 01:00:00+00:00,34,1,42000890,5042.1,5064.2,4997.0,5002.3,7013,GC.v.0
2026-02-09 02:00:00+00:00,34,1,42000890,5002.4,5037.2,4989.3,5026.6,4706,GC.v.0
2026-02-09 03:00:00+00:00,34,1,42000890,5026.5,5051.8,5025.8,5037.1,2784,GC.v.0
2026-02-09 04:00:00+00:00,34,1,42000890,5036.5,5045.6,5028.7,5032.5,1646,GC.v.0
2026-02-09 05:00:00+00:00,34,1,42000890,5034.0,5063.1,5032.4,5058.0,2610,GC.v.0
2026-02-09 06:00:00+00:00,34,1,42000890,5058.6,5067.6,5035.1,5052.4,3783,GC.v.0
2026-02-09 07:00:00+00:00,34,1,42000890,5052.5,5052.5,5015.2,5027.2,3994,GC.v.0
2026-02-09 08:00:00+00:00,34,1,42000890,5026.8,5057.0,5023.9,5048.1,3410,GC.v.0
2026-02-09 09:00:00+00:00,34,1,42000890,5048.7,5062.6,5023.6,5028.2,3782,GC.v.0
2026-02-09 10:00:00+00:00,34,1,42000890,5028.5,5036.9,5002.6,5011.3,5423,GC.v.0
2026-02-09 11:00:00+00:00,34,1,42000890,5011.5,5040.0,5009.2,5031.1,2901,GC.v.0
2026-02-09 12:00:00+00:00,34,1,42000890,5032.0,5043.6,5028.3,5035.7,2793,GC.v.0
2026-02-09 13:00:00+00:00,34,1,42000890,5035.4,5046.8,5016.9,5028.9,6037,GC.v.0
2026-02-09 14:00:00+00:00,34,1,42000890,5028.4,5063.3,5023.8,5059.6,9034,GC.v.0
2026-02-09 15:00:00+00:00,34,1,42000890,5059.5,5084.4,5045.6,5082.2,10023,GC.v.0
2026-02-09 16:00:00+00:00,34,1,42000890,5082.6,5106.8,5079.8,5096.9,9997,GC.v.0
2026-02-09 17:00:00+00:00,34,1,42000890,5097.8,5099.7,5064.4,5069.8,5666,GC.v.0
2026-02-09 18:00:00+00:00,34,1,42000890,5070.6,5088.4,5068.5,5087.0,5436,GC.v.0
2026-02-09 19:00:00+00:00,34,1,42000890,5086.9,5104.0,5086.5,5098.4,2941,GC.v.0
2026-02-09 20:00:00+00:00,34,1,42000890,5098.3,5111.1,5096.6,5102.9,3932,GC.v.0
2026-02-09 21:00:00+00:00,34,1,42000890,5103.6,5107.1,5072.5,5084.2,2322,GC.v.0
2026-02-09 23:00:00+00:00,34,1,42000890,5084.3,5100.9,5011.0,5055.3,4941,GC.v.0
2026-02-10 00:00:00+00:00,34,1,42000890,5056.4,5073.0,5031.0,5042.6,2700,GC.v.0
2026-02-10 01:00:00+00:00,34,1,42000890,5042.9,5062.0,5035.5,5054.9,3535,GC.v.0
2026-02-10 02:00:00+00:00,34,1,42000890,5055.1,5079.0,5053.2,5061.2,2881,GC.v.0
2026-02-10 03:00:00+00:00,34,1,42000890,5059.0,5060.7,5036.5,5051.5,2412,GC.v.0
2026-02-10 04:00:00+00:00,34,1,42000890,5052.4,5056.3,5039.5,5052.8,1279,GC.v.0
2026-02-10 05:00:00+00:00,34,1,42000890,5052.9,5064.0,5032.8,5061.9,2424,GC.v.0
2026-02-10 06:00:00+00:00,34,1,42000890,5061.4,5068.4,5041.0,5045.8,2181,GC.v.0
2026-02-10 07:00:00+00:00,34,1,42000890,5045.7,5057.1,5040.0,5055.3,2037,GC.v.0
2026-02-10 08:00:00+00:00,34,1,42000890,5054.5,5077.1,5049.6,5063.8,3053,GC.v.0
2026-02-10 09:00:00+00:00,34,1,42000890,5063.6,5085.3,5062.6,5068.5,3481,GC.v.0
2026-02-10 10:00:00+00:00,34,1,42000890,5068.6,5081.3,5059.9,5070.2,4746,GC.v.0
2026-02-10 11:00:00+00:00,34,1,42000890,5069.5,5081.0,5067.4,5079.0,2359,GC.v.0
2026-02-10 12:00:00+00:00,34,1,42000890,5079.7,5080.7,5042.0,5054.9,5256,GC.v.0
2026-02-10 13:00:00+00:00,34,1,42000890,5055.0,5082.4,5048.6,5074.1,6247,GC.v.0
2026-02-10 14:00:00+00:00,34,1,42000890,5074.1,5102.7,5043.2,5063.0,12561,GC.v.0
2026-02-10 15:00:00+00:00,34,1,42000890,5062.0,5070.9,5021.3,5041.6,11985,GC.v.0
2026-02-10 16:00:00+00:00,34,1,42000890,5042.7,5049.7,5028.2,5046.5,6070,GC.v.0
2026-02-10 17:00:00+00:00,34,1,42000890,5046.4,5064.0,5043.6,5049.7,3786,GC.v.0
2026-02-10 18:00:00+00:00,34,1,42000890,5049.1,5051.3,5026.7,5036.0,5861,GC.v.0
2026-02-10 19:00:00+00:00,34,1,42000890,5035.3,5053.2,5031.4,5050.8,2625,GC.v.0
2026-02-10 20:00:00+00:00,34,1,42000890,5050.5,5068.9,5042.9,5052.9,3854,GC.v.0
2026-02-10 21:00:00+00:00,34,1,42000890,5052.0,5055.0,5043.0,5047.9,1015,GC.v.0
2026-02-10 23:00:00+00:00,34,1,42000890,5048.0,5077.4,5046.3,5064.1,1631,GC.v.0
2026-02-11 00:00:00+00:00,34,1,42000890,5064.7,5072.1,5050.9,5060.9,2141,GC.v.0
2026-02-11 01:00:00+00:00,34,1,42000890,5060.4,5075.9,5053.4,5075.0,2299,GC.v.0
2026-02-11 02:00:00+00:00,34,1,42000890,5075.6,5081.0,5055.6,5079.2,2453,GC.v.0
2026-02-11 03:00:00+00:00,34,1,42000890,5078.6,5085.0,5068.2,5079.0,1996,GC.v.0
2026-02-11 04:00:00+00:00,34,1,42000890,5078.6,5083.7,5070.0,5070.6,1259,GC.v.0
2026-02-11 05:00:00+00:00,34,1,42000890,5071.2,5088.1,5067.6,5076.8,2330,GC.v.0
2026-02-11 06:00:00+00:00,34,1,42000890,5076.6,5088.8,5073.6,5088.3,2167,GC.v.0
2026-02-11 07:00:00+00:00,34,1,42000890,5088.4,5093.3,5072.2,5078.7,5749,GC.v.0
2026-02-11 08:00:00+00:00,34,1,42000890,5078.9,5084.1,5068.8,5077.0,1991,GC.v.0
2026-02-11 09:00:00+00:00,34,1,42000890,5077.4,5095.9,5070.4,5086.6,3282,GC.v.0
2026-02-11 10:00:00+00:00,34,1,42000890,5086.5,5128.8,5086.0,5118.6,8967,GC.v.0
2026-02-11 11:00:00+00:00,34,1,42000890,5118.8,5141.8,5107.4,5136.8,6476,GC.v.0
2026-02-11 12:00:00+00:00,34,1,42000890,5137.4,5144.5,5071.4,5107.2,10963,GC.v.0
2026-02-11 13:00:00+00:00,34,1,42000890,5107.5,5115.0,5036.3,5089.6,15337,GC.v.0
2026-02-11 14:00:00+00:00,34,1,42000890,5088.2,5107.1,5058.7,5082.3,10616,GC.v.0
2026-02-11 15:00:00+00:00,34,1,42000890,5082.0,5105.5,5062.0,5084.2,10329,GC.v.0
2026-02-11 16:00:00+00:00,34,1,42000890,5083.1,5101.8,5065.5,5099.2,6588,GC.v.0
2026-02-11 17:00:00+00:00,34,1,42000890,5098.7,5123.4,5091.4,5116.5,7373,GC.v.0
2026-02-11 18:00:00+00:00,34,1,42000890,5115.8,5117.9,5090.1,5107.4,6131,GC.v.0
2026-02-11 19:00:00+00:00,34,1,42000890,5107.8,5119.4,5101.1,5106.5,3242,GC.v.0
2026-02-11 20:00:00+00:00,34,1,42000890,5106.2,5114.8,5102.4,5111.4,1737,GC.v.0
2026-02-11 21:00:00+00:00,34,1,42000890,5111.4,5118.0,5094.1,5107.8,1679,GC.v.0
2026-02-11 23:00:00+00:00,34,1,42000890,5107.3,5122.8,5074.0,5083.5,2840,GC.v.0
2026-02-12 00:00:00+00:00,34,1,42000890,5083.5,5090.0,5071.0,5084.9,2320,GC.v.0
2026-02-12 01:00:00+00:00,34,1,42000890,5083.0,5085.8,5065.0,5084.8,2539,GC.v.0
2026-02-12 02:00:00+00:00,34,1,42000890,5084.9,5094.0,5075.5,5086.7,2019,GC.v.0
2026-02-12 03:00:00+00:00,34,1,42000890,5085.7,5096.0,5075.7,5078.2,1788,GC.v.0
2026-02-12 04:00:00+00:00,34,1,42000890,5077.7,5091.1,5072.2,5090.0,1185,GC.v.0
2026-02-12 05:00:00+00:00,34,1,42000890,5090.0,5099.3,5085.7,5096.3,2328,GC.v.0
2026-02-12 06:00:00+00:00,34,1,42000890,5097.2,5097.8,5068.9,5081.1,3258,GC.v.0
2026-02-12 07:00:00+00:00,34,1,42000890,5080.9,5087.5,5073.6,5085.3,2192,GC.v.0
2026-02-12 08:00:00+00:00,34,1,42000890,5085.7,5095.0,5073.5,5090.0,2995,GC.v.0
2026-02-12 09:00:00+00:00,34,1,42000890,5089.5,5102.5,5087.3,5095.0,3064,GC.v.0
2026-02-12 10:00:00+00:00,34,1,42000890,5094.8,5099.3,5077.0,5083.8,4080,GC.v.0
2026-02-12 11:00:00+00:00,34,1,42000890,5084.0,5090.2,5080.6,5085.6,1529,GC.v.0
2026-02-12 12:00:00+00:00,34,1,42000890,5086.5,5090.8,5070.6,5074.2,3484,GC.v.0
2026-02-12 13:00:00+00:00,34,1,42000890,5074.4,5106.7,5073.1,5098.2,6432,GC.v.0
2026-02-12 14:00:00+00:00,34,1,42000890,5098.2,5101.1,5061.3,5067.0,11268,GC.v.0
2026-02-12 15:00:00+00:00,34,1,42000890,5066.4,5098.0,5061.7,5083.9,9325,GC.v.0
2026-02-12 16:00:00+00:00,34,1,42000890,5083.5,5091.6,4900.0,4976.3,48575,GC.v.0
2026-02-12 17:00:00+00:00,34,1,42000890,4974.5,5004.4,4959.9,4961.5,13424,GC.v.0
2026-02-12 18:00:00+00:00,34,1,42000890,4961.7,4972.4,4926.9,4955.9,11214,GC.v.0
2026-02-12 19:00:00+00:00,34,1,42000890,4956.1,4978.3,4947.1,4965.0,4377,GC.v.0
2026-02-12 20:00:00+00:00,34,1,42000890,4965.3,4968.4,4931.0,4935.1,4562,GC.v.0
2026-02-12 21:00:00+00:00,34,1,42000890,4935.7,4947.3,4932.0,4941.4,2299,GC.v.0
2026-02-12 23:00:00+00:00,34,1,42000890,4950.0,4951.5,4907.1,4939.7,3991,GC.v.0
2026-02-13 00:00:00+00:00,34,1,42000890,4938.5,4967.7,4932.1,4946.7,3113,GC.v.0
2026-02-13 01:00:00+00:00,34,1,42000890,4946.7,5007.8,4945.6,4999.8,5393,GC.v.0
2026-02-13 02:00:00+00:00,34,1,42000890,5000.3,5011.0,4991.0,5008.0,2944,GC.v.0
2026-02-13 03:00:00+00:00,34,1,42000890,5007.8,5008.5,4992.0,5001.6,1468,GC.v.0
2026-02-13 04:00:00+00:00,34,1,42000890,5000.0,5016.4,4991.7,4995.3,1425,GC.v.0
2026-02-13 05:00:00+00:00,34,1,42000890,4996.1,5005.4,4963.2,4965.4,3232,GC.v.0
2026-02-13 06:00:00+00:00,34,1,42000890,4964.6,4988.0,4964.4,4986.7,3063,GC.v.0
2026-02-13 07:00:00+00:00,34,1,42000890,4985.9,5001.9,4970.0,4994.6,4232,GC.v.0
2026-02-13 08:00:00+00:00,34,1,42000890,4995.0,5009.5,4990.0,5001.9,3109,GC.v.0
2026-02-13 09:00:00+00:00,34,1,42000890,5002.8,5002.8,4981.2,4990.1,2861,GC.v.0
2026-02-13 10:00:00+00:00,34,1,42000890,4990.0,5000.9,4967.2,4970.8,4426,GC.v.0
2026-02-13 11:00:00+00:00,34,1,42000890,4970.8,4975.0,4952.8,4973.4,5182,GC.v.0
2026-02-13 12:00:00+00:00,34,1,42000890,4973.1,4994.0,4971.8,4988.8,3616,GC.v.0
2026-02-13 13:00:00+00:00,34,1,42000890,4990.0,5024.5,4977.1,5008.4,9203,GC.v.0
2026-02-13 14:00:00+00:00,34,1,42000890,5007.2,5036.7,4986.1,5018.4,12725,GC.v.0
2026-02-13 15:00:00+00:00,34,1,42000890,5018.4,5043.3,4995.2,4998.7,11557,GC.v.0
2026-02-13 16:00:00+00:00,34,1,42000890,4999.0,5056.8,4997.4,5030.0,10671,GC.v.0
2026-02-13 17:00:00+00:00,34,1,42000890,5030.0,5051.5,5027.8,5043.5,4799,GC.v.0
2026-02-13 18:00:00+00:00,34,1,42000890,5043.5,5058.9,5038.0,5054.1,5764,GC.v.0
2026-02-13 19:00:00+00:00,34,1,42000890,5054.7,5069.1,5046.2,5046.2,4420,GC.v.0
2026-02-13 20:00:00+00:00,34,1,42000890,5046.2,5057.1,5043.3,5054.0,3941,GC.v.0
2026-02-13 21:00:00+00:00,34,1,42000890,5053.9,5067.4,5051.4,5063.8,1653,GC.v.0
2026-02-15 23:00:00+00:00,34,1,42000890,5050.0,5074.4,5025.3,5038.5,3536,GC.v.0
2026-02-16 00:00:00+00:00,34,1,42000890,5038.4,5043.0,5018.2,5035.0,1664,GC.v.0
2026-02-16 01:00:00+00:00,34,1,42000890,5034.1,5051.4,5026.4,5047.6,1376,GC.v.0
2026-02-16 02:00:00+00:00,34,1,42000890,5048.4,5051.0,5011.3,5014.8,2095,GC.v.0
2026-02-16 03:00:00+00:00,34,1,42000890,5013.7,5019.5,4986.0,5007.2,2483,GC.v.0
2026-02-16 04:00:00+00:00,34,1,42000890,5006.2,5012.2,4988.0,4996.6,2065,GC.v.0
2026-02-16 05:00:00+00:00,34,1,42000890,4996.0,5010.0,4981.9,5009.5,1480,GC.v.0
2026-02-16 06:00:00+00:00,34,1,42000890,5008.7,5022.1,5003.7,5013.5,1091,GC.v.0
2026-02-16 07:00:00+00:00,34,1,42000890,5013.3,5029.7,5008.1,5026.8,2116,GC.v.0
2026-02-16 08:00:00+00:00,34,1,42000890,5026.6,5032.8,5015.4,5027.7,2686,GC.v.0
2026-02-16 09:00:00+00:00,34,1,42000890,5028.4,5037.5,5027.8,5033.3,1463,GC.v.0
2026-02-16 10:00:00+00:00,34,1,42000890,5033.3,5037.5,5020.3,5026.8,2655,GC.v.0
2026-02-16 11:00:00+00:00,34,1,42000890,5026.7,5028.8,5019.4,5024.8,1572,GC.v.0
2026-02-16 12:00:00+00:00,34,1,42000890,5025.3,5028.7,5013.3,5022.7,1735,GC.v.0
2026-02-16 13:00:00+00:00,34,1,42000890,5023.1,5024.7,5009.8,5017.3,2016,GC.v.0
2026-02-16 14:00:00+00:00,34,1,42000890,5017.2,5020.5,5001.5,5008.5,2334,GC.v.0
2026-02-16 15:00:00+00:00,34,1,42000890,5008.3,5008.3,4989.1,5000.0,3885,GC.v.0
2026-02-16 16:00:00+00:00,34,1,42000890,5000.4,5011.0,4993.0,5008.5,1759,GC.v.0
2026-02-16 17:00:00+00:00,34,1,42000890,5008.3,5017.0,5008.3,5011.5,1331,GC.v.0
2026-02-16 18:00:00+00:00,34,1,42000890,5012.3,5018.7,5009.3,5015.1,633,GC.v.0
2026-02-16 19:00:00+00:00,34,1,42000890,5015.8,5017.3,5011.1,5013.1,289,GC.v.0
2026-02-16 23:00:00+00:00,34,1,42000890,5015.2,5021.4,5005.7,5009.8,1274,GC.v.0
2026-02-17 00:00:00+00:00,34,1,42000890,5009.6,5011.6,4949.6,4954.4,5251,GC.v.0
2026-02-17 01:00:00+00:00,34,1,42000890,4955.0,4983.6,4941.0,4977.0,4450,GC.v.0
2026-02-17 02:00:00+00:00,34,1,42000890,4976.0,4990.9,4973.5,4985.8,1417,GC.v.0
2026-02-17 03:00:00+00:00,34,1,42000890,4987.0,4989.2,4967.7,4976.0,1320,GC.v.0
2026-02-17 04:00:00+00:00,34,1,42000890,4974.9,4979.0,4965.1,4970.7,960,GC.v.0
2026-02-17 05:00:00+00:00,34,1,42000890,4970.8,4972.3,4875.2,4906.9,10210,GC.v.0
2026-02-17 06:00:00+00:00,34,1,42000890,4906.7,4932.9,4905.1,4930.0,3771,GC.v.0
2026-02-17 07:00:00+00:00,34,1,42000890,4928.5,4941.7,4922.3,4935.8,2758,GC.v.0
2026-02-17 08:00:00+00:00,34,1,42000890,4936.0,4949.4,4934.8,4939.5,2589,GC.v.0
2026-02-17 09:00:00+00:00,34,1,42000890,4939.0,4951.6,4926.3,4945.2,2992,GC.v.0
2026-02-17 10:00:00+00:00,34,1,42000890,4944.6,4959.5,4927.1,4932.1,4217,GC.v.0
2026-02-17 11:00:00+00:00,34,1,42000890,4932.5,4950.3,4932.5,4948.7,2516,GC.v.0
2026-02-17 12:00:00+00:00,34,1,42000890,4948.4,4964.0,4947.5,4951.6,3759,GC.v.0
2026-02-17 13:00:00+00:00,34,1,42000890,4951.3,4953.0,4887.8,4889.4,11388,GC.v.0
2026-02-17 14:00:00+00:00,34,1,42000890,4888.7,4926.3,4854.2,4881.3,20177,GC.v.0
2026-02-17 15:00:00+00:00,34,1,42000890,4880.8,4902.1,4867.0,4897.2,9047,GC.v.0
2026-02-17 16:00:00+00:00,34,1,42000890,4897.1,4913.0,4886.8,4887.7,6899,GC.v.0
2026-02-17 17:00:00+00:00,34,1,42000890,4887.5,4890.0,4868.0,4884.0,6688,GC.v.0
2026-02-17 18:00:00+00:00,34,1,42000890,4883.5,4931.0,4881.1,4917.7,8404,GC.v.0
2026-02-17 19:00:00+00:00,34,1,42000890,4917.9,4920.6,4895.2,4899.3,3053,GC.v.0
2026-02-17 20:00:00+00:00,34,1,42000890,4899.2,4902.6,4891.7,4896.7,2012,GC.v.0
2026-02-17 21:00:00+00:00,34,1,42000890,4896.2,4905.2,4893.5,4896.1,1075,GC.v.0
2026-02-17 23:00:00+00:00,34,1,42000890,4898.5,4902.2,4868.5,4876.9,2348,GC.v.0
2026-02-18 00:00:00+00:00,34,1,42000890,4876.0,4901.2,4875.8,4891.8,1737,GC.v.0
2026-02-18 01:00:00+00:00,34,1,42000890,4891.8,4911.7,4891.8,4908.0,2109,GC.v.0
2026-02-18 02:00:00+00:00,34,1,42000890,4907.3,4925.8,4904.6,4923.8,1711,GC.v.0
2026-02-18 03:00:00+00:00,34,1,42000890,4924.0,4940.6,4922.7,4939.5,1658,GC.v.0
2026-02-18 04:00:00+00:00,34,1,42000890,4939.1,4961.8,4937.0,4953.0,1813,GC.v.0
2026-02-18 05:00:00+00:00,34,1,42000890,4953.5,4959.1,4949.2,4952.4,980,GC.v.0
2026-02-18 06:00:00+00:00,34,1,42000890,4952.7,4955.3,4944.2,4949.7,1364,GC.v.0
2026-02-18 07:00:00+00:00,34,1,42000890,4949.6,4962.2,4948.6,4949.5,2036,GC.v.0
2026-02-18 08:00:00+00:00,34,1,42000890,4950.2,4953.2,4936.3,4937.7,3341,GC.v.0
2026-02-18 09:00:00+00:00,34,1,42000890,4937.5,4943.5,4933.1,4937.9,3007,GC.v.0
2026-02-18 10:00:00+00:00,34,1,42000890,4937.4,4945.4,4929.3,4935.0,3795,GC.v.0
2026-02-18 11:00:00+00:00,34,1,42000890,4934.5,4938.2,4925.9,4933.4,2096,GC.v.0
2026-02-18 12:00:00+00:00,34,1,42000890,4932.7,4967.5,4931.9,4963.5,5975,GC.v.0
2026-02-18 13:00:00+00:00,34,1,42000890,4963.3,4989.8,4962.9,4974.2,10027,GC.v.0
2026-02-18 14:00:00+00:00,34,1,42000890,4975.0,5015.5,4972.6,5012.3,10445,GC.v.0
2026-02-18 15:00:00+00:00,34,1,42000890,5012.1,5029.6,5011.7,5018.8,11378,GC.v.0
2026-02-18 16:00:00+00:00,34,1,42000890,5018.9,5031.9,5011.5,5021.2,6033,GC.v.0
2026-02-18 17:00:00+00:00,34,1,42000890,5021.4,5022.8,5014.2,5020.1,3060,GC.v.0
2026-02-18 18:00:00+00:00,34,1,42000890,5020.2,5024.2,5001.2,5008.2,5723,GC.v.0
2026-02-18 19:00:00+00:00,34,1,42000890,5007.6,5016.4,4993.7,5000.7,4980,GC.v.0
2026-02-18 20:00:00+00:00,34,1,42000890,5000.7,5008.4,4995.9,5005.3,2719,GC.v.0
2026-02-18 21:00:00+00:00,34,1,42000890,5004.9,5006.7,4995.6,4996.1,817,GC.v.0
2026-02-18 23:00:00+00:00,34,1,42000890,4993.7,5007.8,4971.5,4994.8,2123,GC.v.0
2026-02-19 00:00:00+00:00,34,1,42000890,4994.6,4994.8,4978.5,4980.2,1674,GC.v.0
2026-02-19 01:00:00+00:00,34,1,42000890,4980.2,4995.0,4979.1,4992.1,1166,GC.v.0
2026-02-19 02:00:00+00:00,34,1,42000890,4992.7,4996.2,4984.9,4986.9,1036,GC.v.0
2026-02-19 03:00:00+00:00,34,1,42000890,4986.9,5002.6,4985.2,5000.4,1625,GC.v.0
2026-02-19 04:00:00+00:00,34,1,42000890,5000.0,5004.7,4995.3,5002.7,1171,GC.v.0
2026-02-19 05:00:00+00:00,34,1,42000890,5002.5,5017.6,5002.5,5015.5,1449,GC.v.0
2026-02-19 06:00:00+00:00,34,1,42000890,5015.1,5038.0,5014.4,5035.4,2583,GC.v.0
2026-02-19 07:00:00+00:00,34,1,42000890,5036.5,5039.8,5026.9,5028.0,2226,GC.v.0
2026-02-19 08:00:00+00:00,34,1,42000890,5028.0,5040.9,5023.9,5035.5,2639,GC.v.0
2026-02-19 09:00:00+00:00,34,1,42000890,5035.8,5039.1,5012.0,5014.4,4007,GC.v.0
2026-02-19 10:00:00+00:00,34,1,42000890,5014.4,5015.2,5000.7,5013.0,4144,GC.v.0
2026-02-19 11:00:00+00:00,34,1,42000890,5013.0,5016.8,4997.1,5003.3,3695,GC.v.0
2026-02-19 12:00:00+00:00,34,1,42000890,5003.8,5012.0,4999.8,5004.4,2774,GC.v.0
2026-02-19 13:00:00+00:00,34,1,42000890,5005.1,5018.5,4990.1,5016.6,5515,GC.v.0
2026-02-19 14:00:00+00:00,34,1,42000890,5016.5,5029.6,4982.0,5024.6,10390,GC.v.0
2026-02-19 15:00:00+00:00,34,1,42000890,5025.2,5042.8,5014.7,5033.4,11442,GC.v.0
2026-02-19 16:00:00+00:00,34,1,42000890,5033.9,5034.2,5008.8,5014.2,6520,GC.v.0
2026-02-19 17:00:00+00:00,34,1,42000890,5014.2,5021.1,5001.9,5004.2,3650,GC.v.0
2026-02-19 18:00:00+00:00,34,1,42000890,5004.5,5008.8,4994.0,5000.7,4662,GC.v.0
2026-02-19 19:00:00+00:00,34,1,42000890,5000.7,5009.7,4996.8,5006.5,2154,GC.v.0
2026-02-19 20:00:00+00:00,34,1,42000890,5006.9,5022.2,5006.9,5020.6,2421,GC.v.0
2026-02-19 21:00:00+00:00,34,1,42000890,5020.7,5022.8,5010.2,5015.5,1648,GC.v.0
2026-02-19 23:00:00+00:00,34,1,42000890,5015.0,5026.5,5003.5,5005.6,1489,GC.v.0
2026-02-20 00:00:00+00:00,34,1,42000890,5006.4,5025.5,5003.5,5024.5,1023,GC.v.0
2026-02-20 01:00:00+00:00,34,1,42000890,5024.6,5033.4,5012.9,5015.4,2139,GC.v.0
2026-02-20 02:00:00+00:00,34,1,42000890,5015.5,5025.7,5010.6,5013.7,1681,GC.v.0
2026-02-20 03:00:00+00:00,34,1,42000890,5013.7,5017.2,4999.3,5006.0,1756,GC.v.0
2026-02-20 04:00:00+00:00,34,1,42000890,5005.6,5021.2,5004.2,5017.2,716,GC.v.0
2026-02-20 05:00:00+00:00,34,1,42000890,5018.1,5030.1,5015.9,5030.1,1417,GC.v.0
2026-02-20 06:00:00+00:00,34,1,42000890,5030.5,5048.9,5029.7,5039.6,2899,GC.v.0
2026-02-20 07:00:00+00:00,34,1,42000890,5040.3,5047.3,5024.6,5025.3,3315,GC.v.0
2026-02-20 08:00:00+00:00,34,1,42000890,5025.6,5050.6,5023.8,5048.7,4041,GC.v.0
2026-02-20 09:00:00+00:00,34,1,42000890,5048.5,5063.0,5046.9,5047.6,4898,GC.v.0
2026-02-20 10:00:00+00:00,34,1,42000890,5047.8,5058.1,5038.5,5054.6,4684,GC.v.0
2026-02-20 11:00:00+00:00,34,1,42000890,5054.7,5054.8,5034.7,5036.8,4353,GC.v.0
2026-02-20 12:00:00+00:00,34,1,42000890,5037.0,5045.6,5025.7,5044.5,5455,GC.v.0
2026-02-20 13:00:00+00:00,34,1,42000890,5044.1,5068.7,5037.7,5063.5,7035,GC.v.0
2026-02-20 14:00:00+00:00,34,1,42000890,5063.1,5081.2,5056.8,5074.8,12271,GC.v.0
2026-02-20 15:00:00+00:00,34,1,42000890,5073.6,5084.5,5005.5,5062.3,24015,GC.v.0
2026-02-20 16:00:00+00:00,34,1,42000890,5062.3,5089.8,5058.2,5087.0,9069,GC.v.0
2026-02-20 17:00:00+00:00,34,1,42000890,5087.0,5097.3,5075.2,5093.7,8027,GC.v.0
2026-02-20 18:00:00+00:00,34,1,42000890,5093.7,5097.0,5075.1,5094.0,9544,GC.v.0
2026-02-20 19:00:00+00:00,34,1,42000890,5093.6,5104.6,5091.1,5102.4,3753,GC.v.0
2026-02-20 20:00:00+00:00,34,1,42000890,5102.3,5120.7,5099.8,5119.4,5167,GC.v.0
2026-02-20 21:00:00+00:00,34,1,42000890,5119.5,5131.0,5114.3,5130.0,3518,GC.v.0
2026-02-22 23:00:00+00:00,34,1,42000890,5128.8,5194.2,5120.4,5187.2,9468,GC.v.0
2026-02-23 00:00:00+00:00,34,1,42000890,5187.0,5188.5,5151.0,5165.9,7644,GC.v.0
2026-02-23 01:00:00+00:00,34,1,42000890,5166.3,5190.0,5161.6,5179.4,3444,GC.v.0
2026-02-23 02:00:00+00:00,34,1,42000890,5179.1,5198.8,5178.8,5195.0,3154,GC.v.0
2026-02-23 03:00:00+00:00,34,1,42000890,5195.2,5197.6,5173.2,5188.4,3156,GC.v.0
2026-02-23 04:00:00+00:00,34,1,42000890,5188.3,5190.3,5177.3,5182.0,1697,GC.v.0
2026-02-23 05:00:00+00:00,34,1,42000890,5182.0,5183.3,5173.9,5179.9,1680,GC.v.0
2026-02-23 06:00:00+00:00,34,1,42000890,5180.3,5183.2,5166.1,5167.3,2488,GC.v.0
2026-02-23 07:00:00+00:00,34,1,42000890,5167.4,5176.3,5145.1,5157.6,5996,GC.v.0
2026-02-23 08:00:00+00:00,34,1,42000890,5157.5,5162.9,5142.8,5161.0,4469,GC.v.0
2026-02-23 09:00:00+00:00,34,1,42000890,5160.7,5170.6,5159.4,5170.1,3818,GC.v.0
2026-02-23 10:00:00+00:00,34,1,42000890,5170.4,5184.8,5165.6,5184.0,5900,GC.v.0
2026-02-23 11:00:00+00:00,34,1,42000890,5184.0,5184.5,5167.3,5170.3,3136,GC.v.0
2026-02-23 12:00:00+00:00,34,1,42000890,5170.3,5186.4,5165.9,5185.0,4414,GC.v.0
2026-02-23 13:00:00+00:00,34,1,42000890,5185.0,5186.4,5164.1,5166.2,6305,GC.v.0
2026-02-23 14:00:00+00:00,34,1,42000890,5165.9,5221.9,5161.5,5213.5,15158,GC.v.0
2026-02-23 15:00:00+00:00,34,1,42000890,5213.1,5226.2,5201.6,5216.6,13043,GC.v.0
2026-02-23 16:00:00+00:00,34,1,42000890,5216.3,5240.9,5196.0,5230.4,12301,GC.v.0
2026-02-23 17:00:00+00:00,34,1,42000890,5231.1,5234.5,5211.2,5227.4,7095,GC.v.0
2026-02-23 18:00:00+00:00,34,1,42000890,5228.0,5235.9,5220.8,5229.5,5096,GC.v.0
2026-02-23 19:00:00+00:00,34,1,42000890,5229.0,5238.4,5226.4,5235.4,3042,GC.v.0
2026-02-23 20:00:00+00:00,34,1,42000890,5235.0,5257.3,5234.6,5255.6,5223,GC.v.0
2026-02-23 21:00:00+00:00,34,1,42000890,5255.2,5256.5,5245.9,5247.9,2074,GC.v.0
2026-02-23 23:00:00+00:00,34,1,42000890,5247.5,5269.4,5241.0,5254.5,3227,GC.v.0
2026-02-24 00:00:00+00:00,34,1,42000890,5254.1,5257.4,5236.8,5243.1,5469,GC.v.0
2026-02-24 01:00:00+00:00,34,1,42000890,5243.0,5243.0,5164.1,5196.6,15546,GC.v.0
2026-02-24 02:00:00+00:00,34,1,42000890,5197.0,5210.9,5184.5,5209.0,3830,GC.v.0
2026-02-24 03:00:00+00:00,34,1,42000890,5209.4,5212.2,5190.7,5192.0,1807,GC.v.0
2026-02-24 04:00:00+00:00,34,1,42000890,5191.5,5195.3,5181.0,5188.6,1985,GC.v.0
2026-02-24 05:00:00+00:00,34,1,42000890,5188.1,5205.6,5183.7,5203.0,2770,GC.v.0
2026-02-24 06:00:00+00:00,34,1,42000890,5203.2,5204.8,5173.6,5193.6,3249,GC.v.0
2026-02-24 07:00:00+00:00,34,1,42000890,5193.0,5203.6,5183.6,5198.7,4988,GC.v.0
2026-02-24 08:00:00+00:00,34,1,42000890,5198.6,5201.6,5184.5,5193.0,4370,GC.v.0
2026-02-24 09:00:00+00:00,34,1,42000890,5192.3,5199.4,5185.4,5190.7,2531,GC.v.0
2026-02-24 10:00:00+00:00,34,1,42000890,5190.2,5201.0,5182.3,5192.3,4170,GC.v.0
2026-02-24 11:00:00+00:00,34,1,42000890,5192.3,5198.0,5190.6,5191.9,1824,GC.v.0
2026-02-24 12:00:00+00:00,34,1,42000890,5192.1,5192.5,5162.2,5168.8,7260,GC.v.0
2026-02-24 13:00:00+00:00,34,1,42000890,5169.2,5180.1,5126.9,5132.3,14553,GC.v.0
2026-02-24 14:00:00+00:00,34,1,42000890,5132.0,5157.0,5109.5,5145.5,18925,GC.v.0
2026-02-24 15:00:00+00:00,34,1,42000890,5147.7,5173.4,5135.2,5168.2,10771,GC.v.0
2026-02-24 16:00:00+00:00,34,1,42000890,5168.5,5170.7,5147.8,5159.7,6108,GC.v.0
2026-02-24 17:00:00+00:00,34,1,42000890,5159.7,5182.3,5159.4,5182.0,5162,GC.v.0
2026-02-24 18:00:00+00:00,34,1,42000890,5182.1,5188.5,5171.3,5178.9,6202,GC.v.0
2026-02-24 19:00:00+00:00,34,1,42000890,5178.0,5178.5,5164.2,5171.8,3148,GC.v.0
2026-02-24 20:00:00+00:00,34,1,42000890,5172.1,5191.4,5164.2,5181.8,4054,GC.v.0
2026-02-24 21:00:00+00:00,34,1,42000890,5181.9,5183.9,5158.0,5160.5,1643,GC.v.0
2026-02-24 23:00:00+00:00,34,1,42000890,5160.0,5170.0,5135.9,5165.0,2572,GC.v.0
2026-02-25 00:00:00+00:00,34,1,42000890,5165.1,5175.3,5154.3,5171.0,1819,GC.v.0
2026-02-25 01:00:00+00:00,34,1,42000890,5171.1,5208.0,5162.8,5195.1,5341,GC.v.0
2026-02-25 02:00:00+00:00,34,1,42000890,5194.4,5212.0,5184.3,5198.6,3343,GC.v.0
2026-02-25 03:00:00+00:00,34,1,42000890,5199.3,5208.7,5196.5,5200.6,2205,GC.v.0
2026-02-25 04:00:00+00:00,34,1,42000890,5200.1,5203.9,5189.3,5201.7,1574,GC.v.0
2026-02-25 05:00:00+00:00,34,1,42000890,5202.1,5230.0,5201.7,5221.2,4631,GC.v.0
2026-02-25 06:00:00+00:00,34,1,42000890,5220.1,5220.9,5201.7,5213.2,2931,GC.v.0
2026-02-25 07:00:00+00:00,34,1,42000890,5213.7,5214.4,5199.5,5203.8,2754,GC.v.0
2026-02-25 08:00:00+00:00,34,1,42000890,5203.7,5216.6,5203.0,5204.5,2466,GC.v.0
2026-02-25 09:00:00+00:00,34,1,42000890,5204.3,5213.9,5194.5,5212.9,4307,GC.v.0
2026-02-25 10:00:00+00:00,34,1,42000890,5212.4,5214.7,5188.0,5193.7,4597,GC.v.0
2026-02-25 11:00:00+00:00,34,1,42000890,5193.3,5200.8,5173.2,5199.5,5164,GC.v.0
2026-02-25 12:00:00+00:00,34,1,42000890,5199.3,5205.2,5195.0,5201.0,3757,GC.v.0
2026-02-25 13:00:00+00:00,34,1,42000890,5201.9,5210.0,5199.0,5203.7,5061,GC.v.0
2026-02-25 14:00:00+00:00,34,1,42000890,5203.2,5211.8,5177.0,5210.2,11455,GC.v.0
2026-02-25 15:00:00+00:00,34,1,42000890,5209.3,5222.0,5190.3,5214.5,11016,GC.v.0
2026-02-25 16:00:00+00:00,34,1,42000890,5214.1,5233.6,5209.1,5231.7,7111,GC.v.0
2026-02-25 17:00:00+00:00,34,1,42000890,5232.0,5237.3,5222.9,5226.5,5208,GC.v.0
2026-02-25 18:00:00+00:00,34,1,42000890,5226.5,5227.0,5226.4,5226.4,8,GC.v.0
2026-02-25 19:00:00+00:00,34,1,42000890,5226.2,5229.3,5218.1,5224.4,2438,GC.v.0
2026-02-25 20:00:00+00:00,34,1,42000890,5224.1,5225.0,5163.3,5169.9,8471,GC.v.0
2026-02-25 21:00:00+00:00,34,1,42000890,5171.2,5191.4,5168.6,5183.7,3979,GC.v.0
2026-02-25 23:00:00+00:00,34,1,42000890,5175.3,5198.1,5175.2,5180.0,3589,GC.v.0
2026-02-26 00:00:00+00:00,34,1,42000890,5179.1,5207.4,5170.1,5203.2,3775,GC.v.0
2026-02-26 01:00:00+00:00,34,1,42000890,5203.8,5213.4,5194.5,5206.8,3967,GC.v.0
2026-02-26 02:00:00+00:00,34,1,42000890,5207.0,5211.5,5188.8,5199.6,2778,GC.v.0
2026-02-26 03:00:00+00:00,34,1,42000890,5199.4,5209.4,5198.2,5208.1,1622,GC.v.0
2026-02-26 04:00:00+00:00,34,1,42000890,5208.1,5215.4,5206.6,5208.8,1641,GC.v.0
2026-02-26 05:00:00+00:00,34,1,42000890,5208.8,5221.9,5206.1,5214.4,2826,GC.v.0
2026-02-26 06:00:00+00:00,34,1,42000890,5214.8,5216.1,5207.0,5209.8,2386,GC.v.0
2026-02-26 07:00:00+00:00,34,1,42000890,5210.2,5211.5,5196.4,5202.6,3639,GC.v.0
2026-02-26 08:00:00+00:00,34,1,42000890,5202.8,5207.9,5182.9,5195.8,5714,GC.v.0
2026-02-26 09:00:00+00:00,34,1,42000890,5195.4,5205.8,5190.1,5202.4,3865,GC.v.0
2026-02-26 10:00:00+00:00,34,1,42000890,5202.6,5206.4,5180.6,5187.1,5451,GC.v.0
2026-02-26 11:00:00+00:00,34,1,42000890,5186.8,5194.3,5176.4,5180.7,3760,GC.v.0
2026-02-26 12:00:00+00:00,34,1,42000890,5180.9,5204.2,5173.1,5200.0,5721,GC.v.0
2026-02-26 13:00:00+00:00,34,1,42000890,5200.1,5202.1,5180.2,5182.3,6619,GC.v.0
2026-02-26 14:00:00+00:00,34,1,42000890,5182.2,5192.2,5154.6,5181.1,12062,GC.v.0
2026-02-26 15:00:00+00:00,34,1,42000890,5180.7,5210.1,5144.8,5202.5,17372,GC.v.0
2026-02-26 16:00:00+00:00,34,1,42000890,5203.0,5204.3,5189.4,5196.3,7167,GC.v.0
2026-02-26 17:00:00+00:00,34,1,42000890,5196.7,5207.4,5178.6,5184.0,5868,GC.v.0
2026-02-26 18:00:00+00:00,34,1,42000890,5184.2,5202.8,5176.3,5196.9,7978,GC.v.0
2026-02-26 19:00:00+00:00,34,1,42000890,5197.3,5211.3,5195.9,5204.2,4318,GC.v.0
2026-02-26 20:00:00+00:00,34,1,42000890,5203.9,5218.2,5203.8,5213.5,4396,GC.v.0
2026-02-26 21:00:00+00:00,34,1,42000890,5213.8,5217.8,5200.2,5201.5,1860,GC.v.0
2026-02-26 23:00:00+00:00,34,1,42000890,5201.9,5206.7,5191.5,5200.9,1667,GC.v.0
2026-02-27 00:00:00+00:00,34,1,42000890,5201.6,5212.0,5186.0,5191.6,2990,GC.v.0
2026-02-27 01:00:00+00:00,34,1,42000890,5191.1,5210.5,5182.9,5210.2,3170,GC.v.0
2026-02-27 02:00:00+00:00,34,1,42000890,5210.2,5216.2,5190.2,5200.3,4476,GC.v.0
2026-02-27 03:00:00+00:00,34,1,42000890,5200.7,5207.4,5197.5,5201.2,2102,GC.v.0
2026-02-27 04:00:00+00:00,34,1,42000890,5200.6,5205.5,5197.0,5198.0,985,GC.v.0
2026-02-27 05:00:00+00:00,34,1,42000890,5198.1,5217.5,5198.0,5214.7,2664,GC.v.0
2026-02-27 06:00:00+00:00,34,1,42000890,5214.6,5216.3,5201.9,5202.8,2788,GC.v.0
2026-02-27 07:00:00+00:00,34,1,42000890,5202.9,5206.5,5192.6,5193.1,5659,GC.v.0
2026-02-27 08:00:00+00:00,34,1,42000890,5193.2,5199.4,5191.1,5195.1,2971,GC.v.0
2026-02-27 09:00:00+00:00,34,1,42000890,5195.4,5199.3,5188.5,5192.3,3490,GC.v.0
2026-02-27 10:00:00+00:00,34,1,42000890,5192.5,5197.2,5183.2,5193.6,4506,GC.v.0
2026-02-27 11:00:00+00:00,34,1,42000890,5193.6,5202.2,5188.3,5202.0,2768,GC.v.0
2026-02-27 12:00:00+00:00,34,1,42000890,5202.1,5207.0,5199.6,5204.3,3564,GC.v.0
2026-02-27 13:00:00+00:00,34,1,42000890,5204.5,5259.3,5203.5,5240.8,22822,GC.v.0
2026-02-27 14:00:00+00:00,34,1,42000890,5240.8,5254.3,5230.6,5240.9,12689,GC.v.0
2026-02-27 15:00:00+00:00,34,1,42000890,5240.8,5265.0,5232.6,5257.8,16323,GC.v.0
2026-02-27 16:00:00+00:00,34,1,42000890,5258.0,5276.6,5240.6,5246.9,13467,GC.v.0
2026-02-27 17:00:00+00:00,34,1,42000890,5247.1,5254.5,5237.4,5252.4,7040,GC.v.0
2026-02-27 18:00:00+00:00,34,1,42000890,5252.2,5264.8,5240.0,5263.0,7478,GC.v.0
2026-02-27 19:00:00+00:00,34,1,42000890,5262.8,5270.8,5258.2,5268.4,4172,GC.v.0
2026-02-27 20:00:00+00:00,34,1,42000890,5267.9,5283.8,5266.9,5281.3,4919,GC.v.0
2026-02-27 21:00:00+00:00,34,1,42000890,5281.6,5299.0,5275.6,5296.4,4212,GC.v.0
2026-03-01 23:00:00+00:00,34,1,42000890,5360.0,5409.7,5321.1,5400.4,22076,GC.v.0
2026-03-02 00:00:00+00:00,34,1,42000890,5401.3,5402.0,5353.9,5360.6,7380,GC.v.0
2026-03-02 01:00:00+00:00,34,1,42000890,5360.5,5360.6,5315.3,5338.3,12656,GC.v.0
2026-03-02 02:00:00+00:00,34,1,42000890,5338.5,5364.9,5329.2,5358.8,4562,GC.v.0
2026-03-02 03:00:00+00:00,34,1,42000890,5358.8,5379.5,5357.4,5378.7,2846,GC.v.0
2026-03-02 04:00:00+00:00,34,1,42000890,5378.6,5380.0,5358.4,5368.8,2583,GC.v.0
2026-03-02 05:00:00+00:00,34,1,42000890,5368.2,5380.0,5353.4,5378.9,3027,GC.v.0
2026-03-02 06:00:00+00:00,34,1,42000890,5378.8,5403.9,5376.7,5401.5,5965,GC.v.0
2026-03-02 07:00:00+00:00,34,1,42000890,5401.7,5434.1,5398.9,5423.0,10067,GC.v.0
2026-03-02 08:00:00+00:00,34,1,42000890,5422.8,5432.0,5406.3,5408.9,9334,GC.v.0
2026-03-02 09:00:00+00:00,34,1,42000890,5409.1,5418.4,5400.0,5406.9,6253,GC.v.0
2026-03-02 10:00:00+00:00,34,1,42000890,5407.8,5416.8,5393.6,5404.1,7055,GC.v.0
2026-03-02 11:00:00+00:00,34,1,42000890,5404.2,5415.0,5386.0,5399.6,5385,GC.v.0
2026-03-02 12:00:00+00:00,34,1,42000890,5399.9,5413.7,5393.5,5412.4,5627,GC.v.0
2026-03-02 13:00:00+00:00,34,1,42000890,5412.2,5432.2,5396.8,5409.8,13721,GC.v.0
2026-03-02 14:00:00+00:00,34,1,42000890,5409.0,5410.8,5318.6,5346.4,29950,GC.v.0
2026-03-02 15:00:00+00:00,34,1,42000890,5346.1,5364.3,5321.6,5329.6,15403,GC.v.0
2026-03-02 16:00:00+00:00,34,1,42000890,5328.7,5329.3,5272.9,5304.0,21136,GC.v.0
2026-03-02 17:00:00+00:00,34,1,42000890,5303.6,5335.1,5300.4,5321.1,6142,GC.v.0
2026-03-02 18:00:00+00:00,34,1,42000890,5321.4,5330.8,5302.9,5329.8,6679,GC.v.0
2026-03-02 19:00:00+00:00,34,1,42000890,5329.9,5348.5,5328.2,5344.2,5306,GC.v.0
2026-03-02 20:00:00+00:00,34,1,42000890,5344.1,5360.9,5342.2,5346.1,5763,GC.v.0
2026-03-02 21:00:00+00:00,34,1,42000890,5346.6,5354.6,5335.4,5335.9,1753,GC.v.0
2026-03-02 23:00:00+00:00,34,1,42000890,5335.7,5360.9,5334.9,5359.1,2113,GC.v.0
2026-03-03 00:00:00+00:00,34,1,42000890,5359.9,5376.9,5350.1,5364.5,3044,GC.v.0
2026-03-03 01:00:00+00:00,34,1,42000890,5364.9,5394.2,5351.5,5352.9,6355,GC.v.0
2026-03-03 02:00:00+00:00,34,1,42000890,5353.7,5381.8,5346.7,5380.0,4222,GC.v.0
2026-03-03 03:00:00+00:00,34,1,42000890,5380.7,5387.2,5372.2,5381.2,2058,GC.v.0
2026-03-03 04:00:00+00:00,34,1,42000890,5380.8,5389.2,5373.0,5375.2,2394,GC.v.0
2026-03-03 05:00:00+00:00,34,1,42000890,5374.7,5381.5,5318.0,5331.9,5557,GC.v.0
2026-03-03 06:00:00+00:00,34,1,42000890,5333.7,5336.2,5292.1,5323.0,9211,GC.v.0
2026-03-03 07:00:00+00:00,34,1,42000890,5322.8,5346.1,5318.5,5340.6,4773,GC.v.0
2026-03-03 08:00:00+00:00,34,1,42000890,5340.5,5349.0,5302.8,5308.8,6722,GC.v.0
2026-03-03 09:00:00+00:00,34,1,42000890,5308.5,5317.4,5236.0,5286.8,15706,GC.v.0
2026-03-03 10:00:00+00:00,34,1,42000890,5287.3,5300.1,5246.1,5259.7,7787,GC.v.0
2026-03-03 11:00:00+00:00,34,1,42000890,5258.3,5274.8,5081.4,5154.6,32335,GC.v.0
2026-03-03 12:00:00+00:00,34,1,42000890,5153.8,5236.9,5148.2,5234.6,17231,GC.v.0
2026-03-03 13:00:00+00:00,34,1,42000890,5233.9,5234.4,5137.2,5166.5,17959,GC.v.0
2026-03-03 14:00:00+00:00,34,1,42000890,5166.9,5185.8,5025.0,5048.0,31851,GC.v.0
2026-03-03 15:00:00+00:00,34,1,42000890,5048.8,5107.4,5005.0,5105.3,27798,GC.v.0
2026-03-03 16:00:00+00:00,34,1,42000890,5105.4,5145.2,5100.3,5117.9,14147,GC.v.0
2026-03-03 17:00:00+00:00,34,1,42000890,5117.8,5120.6,5075.1,5089.5,9890,GC.v.0
2026-03-03 18:00:00+00:00,34,1,42000890,5089.4,5149.8,5089.3,5146.5,9710,GC.v.0
2026-03-03 19:00:00+00:00,34,1,42000890,5147.0,5161.5,5109.3,5122.3,6967,GC.v.0
2026-03-03 20:00:00+00:00,34,1,42000890,5123.7,5141.7,5096.0,5109.3,5014,GC.v.0
2026-03-03 21:00:00+00:00,34,1,42000890,5108.6,5122.0,5093.3,5099.5,2049,GC.v.0
2026-03-03 23:00:00+00:00,34,1,42000890,5110.0,5139.1,5092.8,5133.4,2658,GC.v.0
2026-03-04 00:00:00+00:00,34,1,42000890,5134.5,5149.5,5114.3,5147.3,3234,GC.v.0
2026-03-04 01:00:00+00:00,34,1,42000890,5148.2,5188.1,5147.9,5183.7,7484,GC.v.0
2026-03-04 02:00:00+00:00,34,1,42000890,5183.9,5200.7,5162.6,5165.4,5961,GC.v.0
2026-03-04 03:00:00+00:00,34,1,42000890,5164.8,5186.3,5150.0,5183.1,3583,GC.v.0
2026-03-04 04:00:00+00:00,34,1,42000890,5183.3,5189.6,5160.1,5165.6,2320,GC.v.0
2026-03-04 05:00:00+00:00,34,1,42000890,5165.7,5177.2,5160.5,5169.5,2169,GC.v.0
2026-03-04 06:00:00+00:00,34,1,42000890,5168.4,5170.3,5130.0,5170.3,5727,GC.v.0
2026-03-04 07:00:00+00:00,34,1,42000890,5169.0,5186.0,5168.5,5178.2,5331,GC.v.0
2026-03-04 08:00:00+00:00,34,1,42000890,5178.3,5192.8,5157.8,5178.6,4962,GC.v.0
2026-03-04 09:00:00+00:00,34,1,42000890,5177.9,5196.4,5170.0,5193.9,4898,GC.v.0
2026-03-04 10:00:00+00:00,34,1,42000890,5194.0,5214.7,5191.2,5201.9,8773,GC.v.0
2026-03-04 11:00:00+00:00,34,1,42000890,5201.3,5213.2,5199.3,5204.2,3379,GC.v.0
2026-03-04 12:00:00+00:00,34,1,42000890,5204.3,5218.3,5167.9,5182.0,6529,GC.v.0
2026-03-04 13:00:00+00:00,34,1,42000890,5182.2,5207.5,5177.3,5178.5,7048,GC.v.0
2026-03-04 14:00:00+00:00,34,1,42000890,5178.1,5195.2,5148.4,5155.7,12267,GC.v.0
2026-03-04 15:00:00+00:00,34,1,42000890,5155.2,5177.3,5140.2,5161.6,12886,GC.v.0
2026-03-04 16:00:00+00:00,34,1,42000890,5161.2,5172.6,5148.5,5161.5,6495,GC.v.0
2026-03-04 17:00:00+00:00,34,1,42000890,5160.9,5165.0,5131.5,5153.6,6287,GC.v.0
2026-03-04 18:00:00+00:00,34,1,42000890,5152.7,5155.5,5119.4,5144.7,7189,GC.v.0
2026-03-04 19:00:00+00:00,34,1,42000890,5144.8,5150.5,5133.6,5148.7,2722,GC.v.0
2026-03-04 20:00:00+00:00,34,1,42000890,5148.4,5159.2,5134.8,5146.8,2502,GC.v.0
2026-03-04 21:00:00+00:00,34,1,42000890,5146.9,5156.3,5141.4,5151.6,1704,GC.v.0
2026-03-04 23:00:00+00:00,34,1,42000890,5155.7,5177.8,5152.0,5176.2,1962,GC.v.0
2026-03-05 00:00:00+00:00,34,1,42000890,5176.5,5191.5,5170.4,5183.9,2585,GC.v.0
2026-03-05 01:00:00+00:00,34,1,42000890,5184.1,5198.0,5177.1,5181.7,4494,GC.v.0
2026-03-05 02:00:00+00:00,34,1,42000890,5181.2,5201.8,5180.9,5201.6,3412,GC.v.0
2026-03-05 03:00:00+00:00,34,1,42000890,5201.7,5204.3,5187.3,5189.5,2171,GC.v.0
2026-03-05 04:00:00+00:00,34,1,42000890,5189.4,5195.9,5175.2,5180.5,1890,GC.v.0
2026-03-05 05:00:00+00:00,34,1,42000890,5181.0,5185.9,5156.9,5157.7,2712,GC.v.0
2026-03-05 06:00:00+00:00,34,1,42000890,5157.9,5177.5,5129.0,5176.5,6292,GC.v.0
2026-03-05 07:00:00+00:00,34,1,42000890,5175.9,5181.8,5168.0,5171.4,3208,GC.v.0
2026-03-05 08:00:00+00:00,34,1,42000890,5171.1,5180.1,5146.2,5176.0,5488,GC.v.0
2026-03-05 09:00:00+00:00,34,1,42000890,5175.9,5192.5,5162.7,5171.8,5399,GC.v.0
2026-03-05 10:00:00+00:00,34,1,42000890,5171.1,5178.5,5156.9,5175.6,4210,GC.v.0
2026-03-05 11:00:00+00:00,34,1,42000890,5175.5,5178.5,5168.0,5174.8,2395,GC.v.0
2026-03-05 12:00:00+00:00,34,1,42000890,5175.1,5182.7,5171.5,5173.0,2806,GC.v.0
2026-03-05 13:00:00+00:00,34,1,42000890,5173.6,5174.9,5085.5,5126.5,20705,GC.v.0
2026-03-05 14:00:00+00:00,34,1,42000890,5126.8,5139.2,5099.2,5110.8,12671,GC.v.0
2026-03-05 15:00:00+00:00,34,1,42000890,5110.7,5128.5,5065.5,5111.3,16179,GC.v.0
2026-03-05 16:00:00+00:00,34,1,42000890,5111.8,5113.5,5062.4,5086.5,8516,GC.v.0
2026-03-05 17:00:00+00:00,34,1,42000890,5086.6,5098.5,5063.5,5071.2,6555,GC.v.0
2026-03-05 18:00:00+00:00,34,1,42000890,5071.0,5094.6,5058.9,5077.6,7323,GC.v.0
2026-03-05 19:00:00+00:00,34,1,42000890,5077.6,5089.7,5063.5,5074.6,3364,GC.v.0
2026-03-05 20:00:00+00:00,34,1,42000890,5074.3,5104.4,5071.2,5086.6,5814,GC.v.0
2026-03-05 21:00:00+00:00,34,1,42000890,5086.3,5094.6,5082.0,5093.3,1849,GC.v.0
2026-03-05 23:00:00+00:00,34,1,42000890,5099.7,5119.2,5092.2,5095.6,2791,GC.v.0
2026-03-06 00:00:00+00:00,34,1,42000890,5095.5,5101.0,5082.9,5092.5,2322,GC.v.0
2026-03-06 01:00:00+00:00,34,1,42000890,5092.4,5151.3,5074.0,5142.1,6627,GC.v.0
2026-03-06 02:00:00+00:00,34,1,42000890,5142.0,5145.9,5129.8,5133.9,3429,GC.v.0
2026-03-06 03:00:00+00:00,34,1,42000890,5134.8,5149.8,5132.1,5139.9,2478,GC.v.0
2026-03-06 04:00:00+00:00,34,1,42000890,5139.9,5145.2,5135.0,5136.2,1074,GC.v.0
2026-03-06 05:00:00+00:00,34,1,42000890,5136.0,5138.9,5122.9,5126.6,2531,GC.v.0
2026-03-06 06:00:00+00:00,34,1,42000890,5126.1,5131.9,5118.7,5124.9,1998,GC.v.0
2026-03-06 07:00:00+00:00,34,1,42000890,5124.7,5129.4,5114.0,5128.2,4163,GC.v.0
2026-03-06 08:00:00+00:00,34,1,42000890,5128.0,5132.3,5104.5,5116.7,3235,GC.v.0
2026-03-06 09:00:00+00:00,34,1,42000890,5117.6,5117.8,5091.4,5093.5,4782,GC.v.0
2026-03-06 10:00:00+00:00,34,1,42000890,5094.5,5102.0,5084.2,5099.9,4342,GC.v.0
2026-03-06 11:00:00+00:00,34,1,42000890,5100.7,5109.6,5071.0,5086.1,4689,GC.v.0
2026-03-06 12:00:00+00:00,34,1,42000890,5086.3,5105.8,5085.3,5091.9,4394,GC.v.0
2026-03-06 13:00:00+00:00,34,1,42000890,5091.6,5140.0,5073.9,5093.8,15875,GC.v.0
2026-03-06 14:00:00+00:00,34,1,42000890,5093.2,5142.4,5089.9,5139.3,12090,GC.v.0
2026-03-06 15:00:00+00:00,34,1,42000890,5139.3,5182.0,5137.4,5151.2,19551,GC.v.0
2026-03-06 16:00:00+00:00,34,1,42000890,5151.7,5163.0,5136.0,5149.5,6573,GC.v.0
2026-03-06 17:00:00+00:00,34,1,42000890,5150.1,5162.8,5138.7,5150.2,4647,GC.v.0
2026-03-06 18:00:00+00:00,34,1,42000890,5149.9,5176.5,5147.9,5170.3,6117,GC.v.0
2026-03-06 19:00:00+00:00,34,1,42000890,5170.4,5183.8,5165.2,5168.5,3305,GC.v.0
2026-03-06 20:00:00+00:00,34,1,42000890,5168.2,5171.2,5157.5,5161.4,3467,GC.v.0
2026-03-06 21:00:00+00:00,34,1,42000890,5161.1,5185.0,5159.2,5181.3,2252,GC.v.0
2026-03-08 22:00:00+00:00,34,1,42000890,5186.7,5210.4,5113.5,5138.5,8394,GC.v.0
2026-03-08 23:00:00+00:00,34,1,42000890,5140.3,5145.5,5050.0,5083.4,9719,GC.v.0
2026-03-09 00:00:00+00:00,34,1,42000890,5083.1,5088.9,5035.5,5056.9,7382,GC.v.0
2026-03-09 01:00:00+00:00,34,1,42000890,5056.7,5094.4,5021.2,5077.6,9332,GC.v.0
2026-03-09 02:00:00+00:00,34,1,42000890,5076.4,5105.8,5061.9,5100.9,7363,GC.v.0
2026-03-09 03:00:00+00:00,34,1,42000890,5101.3,5109.1,5087.6,5097.2,3225,GC.v.0
2026-03-09 04:00:00+00:00,34,1,42000890,5098.0,5103.4,5091.3,5096.4,1150,GC.v.0
2026-03-09 05:00:00+00:00,34,1,42000890,5096.6,5147.6,5087.1,5131.6,5434,GC.v.0
2026-03-09 06:00:00+00:00,34,1,42000890,5131.4,5141.7,5103.6,5104.8,4034,GC.v.0
2026-03-09 07:00:00+00:00,34,1,42000890,5104.8,5115.2,5095.4,5106.7,4918,GC.v.0
2026-03-09 08:00:00+00:00,34,1,42000890,5106.8,5118.7,5094.9,5104.4,4441,GC.v.0
2026-03-09 09:00:00+00:00,34,1,42000890,5104.1,5140.5,5102.8,5114.3,6892,GC.v.0
2026-03-09 10:00:00+00:00,34,1,42000890,5114.0,5119.8,5090.9,5094.8,6284,GC.v.0
2026-03-09 11:00:00+00:00,34,1,42000890,5094.8,5104.8,5086.5,5095.7,4702,GC.v.0
2026-03-09 12:00:00+00:00,34,1,42000890,5096.2,5120.5,5096.2,5103.1,5415,GC.v.0
2026-03-09 13:00:00+00:00,34,1,42000890,5103.1,5119.5,5075.0,5081.5,9597,GC.v.0
2026-03-09 14:00:00+00:00,34,1,42000890,5081.1,5124.7,5066.9,5102.6,11727,GC.v.0
2026-03-09 15:00:00+00:00,34,1,42000890,5102.2,5112.0,5087.8,5108.5,9227,GC.v.0
2026-03-09 16:00:00+00:00,34,1,42000890,5108.1,5119.7,5103.1,5113.1,5180,GC.v.0
2026-03-09 17:00:00+00:00,34,1,42000890,5113.2,5115.5,5097.7,5104.9,5100,GC.v.0
2026-03-09 18:00:00+00:00,34,1,42000890,5104.9,5136.7,5101.6,5133.2,4531,GC.v.0
2026-03-09 19:00:00+00:00,34,1,42000890,5133.3,5154.7,5128.3,5150.5,6584,GC.v.0
2026-03-09 20:00:00+00:00,34,1,42000890,5150.9,5158.0,5143.7,5148.7,2477,GC.v.0
2026-03-09 22:00:00+00:00,34,1,42000890,5152.4,5163.0,5127.1,5162.1,2234,GC.v.0
2026-03-09 23:00:00+00:00,34,1,42000890,5161.9,5165.6,5145.6,5149.8,2244,GC.v.0
2026-03-10 00:00:00+00:00,34,1,42000890,5149.3,5151.1,5134.8,5140.2,2670,GC.v.0
2026-03-10 01:00:00+00:00,34,1,42000890,5140.3,5195.2,5134.0,5193.2,7727,GC.v.0
2026-03-10 02:00:00+00:00,34,1,42000890,5192.8,5195.8,5172.1,5174.3,4845,GC.v.0
2026-03-10 03:00:00+00:00,34,1,42000890,5173.8,5181.9,5163.0,5165.9,2782,GC.v.0
2026-03-10 04:00:00+00:00,34,1,42000890,5165.3,5175.3,5162.4,5172.1,1842,GC.v.0
2026-03-10 05:00:00+00:00,34,1,42000890,5172.5,5188.2,5172.4,5186.7,1767,GC.v.0
2026-03-10 06:00:00+00:00,34,1,42000890,5187.3,5190.0,5180.7,5183.6,2283,GC.v.0
2026-03-10 07:00:00+00:00,34,1,42000890,5184.1,5191.3,5167.3,5190.5,4580,GC.v.0
2026-03-10 08:00:00+00:00,34,1,42000890,5190.6,5204.0,5184.5,5192.5,6751,GC.v.0
2026-03-10 09:00:00+00:00,34,1,42000890,5192.6,5198.4,5189.7,5191.8,3361,GC.v.0
2026-03-10 10:00:00+00:00,34,1,42000890,5191.5,5193.3,5165.6,5186.6,5734,GC.v.0
2026-03-10 11:00:00+00:00,34,1,42000890,5186.6,5201.1,5180.9,5184.2,6023,GC.v.0
2026-03-10 12:00:00+00:00,34,1,42000890,5184.6,5198.9,5171.4,5196.5,5947,GC.v.0
2026-03-10 13:00:00+00:00,34,1,42000890,5196.2,5238.9,5194.9,5214.2,19177,GC.v.0
2026-03-10 14:00:00+00:00,34,1,42000890,5215.4,5224.0,5193.6,5215.8,10494,GC.v.0
2026-03-10 15:00:00+00:00,34,1,42000890,5216.0,5248.7,5212.0,5238.0,11777,GC.v.0
2026-03-10 16:00:00+00:00,34,1,42000890,5238.1,5245.1,5232.2,5236.9,5912,GC.v.0
2026-03-10 17:00:00+00:00,34,1,42000890,5236.9,5244.5,5232.6,5237.1,7255,GC.v.0
2026-03-10 18:00:00+00:00,34,1,42000890,5237.0,5237.3,5169.0,5200.0,11896,GC.v.0
2026-03-10 19:00:00+00:00,34,1,42000890,5200.3,5216.5,5188.7,5207.0,4756,GC.v.0
2026-03-10 20:00:00+00:00,34,1,42000890,5206.7,5207.7,5198.5,5198.7,1611,GC.v.0
2026-03-10 22:00:00+00:00,34,1,42000890,5194.0,5206.2,5191.3,5196.7,1713,GC.v.0
2026-03-10 23:00:00+00:00,34,1,42000890,5197.2,5206.0,5195.2,5204.9,1486,GC.v.0
2026-03-11 00:00:00+00:00,34,1,42000890,5205.0,5227.0,5194.0,5223.1,3702,GC.v.0
2026-03-11 01:00:00+00:00,34,1,42000890,5223.0,5230.9,5215.9,5215.9,3161,GC.v.0
2026-03-11 02:00:00+00:00,34,1,42000890,5215.9,5228.7,5202.0,5225.4,3722,GC.v.0
2026-03-11 03:00:00+00:00,34,1,42000890,5225.5,5228.5,5207.5,5211.6,2414,GC.v.0
2026-03-11 04:00:00+00:00,34,1,42000890,5211.5,5217.1,5207.9,5212.8,1273,GC.v.0
2026-03-11 05:00:00+00:00,34,1,42000890,5212.5,5216.8,5197.8,5207.6,2548,GC.v.0
2026-03-11 06:00:00+00:00,34,1,42000890,5207.2,5218.4,5199.6,5205.8,2782,GC.v.0
2026-03-11 07:00:00+00:00,34,1,42000890,5205.0,5209.8,5192.1,5203.7,4979,GC.v.0
2026-03-11 08:00:00+00:00,34,1,42000890,5203.3,5206.7,5183.3,5195.2,4661,GC.v.0
2026-03-11 09:00:00+00:00,34,1,42000890,5194.9,5205.1,5187.1,5195.7,3818,GC.v.0
2026-03-11 10:00:00+00:00,34,1,42000890,5195.8,5203.0,5184.8,5194.1,4391,GC.v.0
2026-03-11 11:00:00+00:00,34,1,42000890,5194.3,5201.1,5182.3,5189.2,4038,GC.v.0
2026-03-11 12:00:00+00:00,34,1,42000890,5188.7,5207.5,5172.0,5175.1,8214,GC.v.0
2026-03-11 13:00:00+00:00,34,1,42000890,5174.7,5191.1,5155.9,5184.3,10935,GC.v.0
2026-03-11 14:00:00+00:00,34,1,42000890,5184.0,5204.3,5181.8,5190.8,10453,GC.v.0
2026-03-11 15:00:00+00:00,34,1,42000890,5190.7,5193.8,5169.9,5173.4,7236,GC.v.0
2026-03-11 16:00:00+00:00,34,1,42000890,5173.4,5185.5,5170.8,5183.1,4412,GC.v.0
2026-03-11 17:00:00+00:00,34,1,42000890,5183.3,5188.5,5158.4,5176.6,7506,GC.v.0
2026-03-11 18:00:00+00:00,34,1,42000890,5176.6,5186.3,5176.2,5180.1,2789,GC.v.0
2026-03-11 19:00:00+00:00,34,1,42000890,5180.2,5191.2,5176.9,5191.0,1971,GC.v.0
2026-03-11 20:00:00+00:00,34,1,42000890,5190.8,5191.5,5182.9,5183.9,1372,GC.v.0
2026-03-11 22:00:00+00:00,34,1,42000890,5185.4,5189.8,5135.0,5144.8,3292,GC.v.0
2026-03-11 23:00:00+00:00,34,1,42000890,5144.5,5163.9,5138.8,5140.0,2637,GC.v.0
2026-03-12 00:00:00+00:00,34,1,42000890,5139.4,5168.0,5130.0,5158.1,4235,GC.v.0
2026-03-12 01:00:00+00:00,34,1,42000890,5158.2,5178.4,5156.2,5174.4,4341,GC.v.0
2026-03-12 02:00:00+00:00,34,1,42000890,5173.7,5180.6,5150.5,5156.0,4124,GC.v.0
2026-03-12 03:00:00+00:00,34,1,42000890,5155.7,5160.5,5152.0,5158.2,2476,GC.v.0
2026-03-12 04:00:00+00:00,34,1,42000890,5158.4,5159.2,5145.3,5147.4,1743,GC.v.0
2026-03-12 05:00:00+00:00,34,1,42000890,5147.6,5162.5,5142.0,5159.7,2445,GC.v.0
2026-03-12 06:00:00+00:00,34,1,42000890,5159.6,5176.2,5152.7,5172.6,2970,GC.v.0
2026-03-12 07:00:00+00:00,34,1,42000890,5171.9,5190.9,5170.3,5188.4,3945,GC.v.0
2026-03-12 08:00:00+00:00,34,1,42000890,5188.2,5195.9,5181.4,5184.4,4085,GC.v.0
2026-03-12 09:00:00+00:00,34,1,42000890,5184.6,5196.2,5179.8,5194.2,4022,GC.v.0
2026-03-12 10:00:00+00:00,34,1,42000890,5194.1,5197.8,5181.8,5188.2,4784,GC.v.0
2026-03-12 11:00:00+00:00,34,1,42000890,5187.9,5189.6,5178.6,5184.8,2312,GC.v.0
2026-03-12 12:00:00+00:00,34,1,42000890,5185.0,5192.3,5168.5,5187.7,6546,GC.v.0
2026-03-12 13:00:00+00:00,34,1,42000890,5187.5,5192.5,5152.1,5157.4,11052,GC.v.0
2026-03-12 14:00:00+00:00,34,1,42000890,5157.0,5170.2,5144.2,5148.8,8081,GC.v.0
2026-03-12 15:00:00+00:00,34,1,42000890,5148.6,5150.9,5114.6,5138.0,12817,GC.v.0
2026-03-12 16:00:00+00:00,34,1,42000890,5138.1,5144.3,5126.8,5130.1,6090,GC.v.0
2026-03-12 17:00:00+00:00,34,1,42000890,5129.9,5136.5,5109.0,5112.4,7202,GC.v.0
2026-03-12 18:00:00+00:00,34,1,42000890,5111.9,5119.5,5095.3,5100.0,6070,GC.v.0
2026-03-12 19:00:00+00:00,34,1,42000890,5100.2,5102.9,5084.5,5091.7,6496,GC.v.0
2026-03-12 20:00:00+00:00,34,1,42000890,5092.0,5097.6,5058.2,5084.1,7241,GC.v.0
2026-03-12 22:00:00+00:00,34,1,42000890,5084.0,5099.3,5074.6,5099.1,2013,GC.v.0
2026-03-12 23:00:00+00:00,34,1,42000890,5099.6,5104.4,5092.6,5101.5,2760,GC.v.0
2026-03-13 00:00:00+00:00,34,1,42000890,5101.0,5118.1,5100.4,5116.6,3301,GC.v.0
2026-03-13 01:00:00+00:00,34,1,42000890,5116.7,5128.5,5111.4,5128.5,7163,GC.v.0
2026-03-13 02:00:00+00:00,34,1,42000890,5127.9,5132.4,5113.7,5115.4,3611,GC.v.0
2026-03-13 03:00:00+00:00,34,1,42000890,5115.8,5120.0,5109.4,5119.0,2021,GC.v.0
2026-03-13 04:00:00+00:00,34,1,42000890,5118.9,5121.1,5105.5,5107.1,1435,GC.v.0
2026-03-13 05:00:00+00:00,34,1,42000890,5107.4,5114.9,5100.6,5106.2,3768,GC.v.0
2026-03-13 06:00:00+00:00,34,1,42000890,5106.1,5111.3,5088.6,5092.2,5262,GC.v.0
2026-03-13 07:00:00+00:00,34,1,42000890,5092.2,5098.3,5075.5,5089.5,5536,GC.v.0
2026-03-13 08:00:00+00:00,34,1,42000890,5089.8,5092.8,5066.0,5092.2,6459,GC.v.0
2026-03-13 09:00:00+00:00,34,1,42000890,5092.3,5101.9,5087.9,5094.3,3901,GC.v.0
2026-03-13 10:00:00+00:00,34,1,42000890,5094.0,5103.4,5085.0,5099.6,3942,GC.v.0
2026-03-13 11:00:00+00:00,34,1,42000890,5099.9,5112.9,5091.1,5112.9,4296,GC.v.0
2026-03-13 12:00:00+00:00,34,1,42000890,5113.0,5128.5,5109.8,5124.4,7043,GC.v.0
2026-03-13 13:00:00+00:00,34,1,42000890,5124.6,5127.9,5102.1,5107.5,7858,GC.v.0
2026-03-13 14:00:00+00:00,34,1,42000890,5107.1,5114.1,5039.3,5045.8,15269,GC.v.0
2026-03-13 15:00:00+00:00,34,1,42000890,5045.9,5076.2,5032.2,5039.1,16890,GC.v.0
2026-03-13 16:00:00+00:00,34,1,42000890,5038.8,5057.0,5022.8,5050.6,12149,GC.v.0
2026-03-13 17:00:00+00:00,34,1,42000890,5050.1,5068.1,5047.5,5050.9,7042,GC.v.0
2026-03-13 18:00:00+00:00,34,1,42000890,5050.8,5056.0,5040.7,5050.9,3576,GC.v.0
2026-03-13 19:00:00+00:00,34,1,42000890,5050.9,5054.2,5014.1,5022.0,7369,GC.v.0
2026-03-13 20:00:00+00:00,34,1,42000890,5022.3,5030.0,5017.0,5023.1,3653,GC.v.0
2026-03-15 22:00:00+00:00,34,1,42000890,5010.0,5035.0,5001.0,5028.8,4405,GC.v.0
2026-03-15 23:00:00+00:00,34,1,42000890,5028.0,5030.0,4970.1,5000.6,6159,GC.v.0
2026-03-16 00:00:00+00:00,34,1,42000890,5001.1,5035.4,5000.0,5030.4,4561,GC.v.0
2026-03-16 01:00:00+00:00,34,1,42000890,5031.5,5031.5,4986.0,5020.0,6206,GC.v.0
2026-03-16 02:00:00+00:00,34,1,42000890,5019.4,5022.7,5001.4,5006.6,2924,GC.v.0
2026-03-16 03:00:00+00:00,34,1,42000890,5007.2,5024.3,5001.4,5022.4,2343,GC.v.0
2026-03-16 04:00:00+00:00,34,1,42000890,5023.2,5030.1,5016.0,5016.5,1527,GC.v.0
2026-03-16 05:00:00+00:00,34,1,42000890,5016.4,5024.0,5006.9,5021.1,2145,GC.v.0
2026-03-16 06:00:00+00:00,34,1,42000890,5021.0,5039.8,5008.5,5016.2,5055,GC.v.0
2026-03-16 07:00:00+00:00,34,1,42000890,5016.1,5020.0,4992.9,4998.9,6551,GC.v.0
2026-03-16 08:00:00+00:00,34,1,42000890,4998.7,5008.0,4988.2,4995.0,7960,GC.v.0
2026-03-16 09:00:00+00:00,34,1,42000890,4994.1,4995.6,4976.5,4979.4,9445,GC.v.0
2026-03-16 10:00:00+00:00,34,1,42000890,4979.7,5005.3,4973.5,5004.2,7462,GC.v.0
2026-03-16 11:00:00+00:00,34,1,42000890,5004.3,5028.2,4996.8,5001.9,8246,GC.v.0
2026-03-16 12:00:00+00:00,34,1,42000890,5001.7,5033.5,4999.5,5024.9,11538,GC.v.0
2026-03-16 13:00:00+00:00,34,1,42000890,5025.4,5041.3,5018.8,5035.7,10603,GC.v.0
2026-03-16 14:00:00+00:00,34,1,42000890,5035.8,5044.5,4992.1,5000.8,11632,GC.v.0
2026-03-16 15:00:00+00:00,34,1,42000890,5000.4,5010.9,4988.5,4991.9,8746,GC.v.0
2026-03-16 16:00:00+00:00,34,1,42000890,4991.5,5004.2,4978.6,4995.9,7029,GC.v.0
2026-03-16 17:00:00+00:00,34,1,42000890,4996.1,5009.6,4989.5,4996.7,6384,GC.v.0
2026-03-16 18:00:00+00:00,34,1,42000890,4997.0,5024.0,4995.8,5018.9,4129,GC.v.0
2026-03-16 19:00:00+00:00,34,1,42000890,5018.7,5026.5,5014.0,5019.3,3350,GC.v.0
2026-03-16 20:00:00+00:00,34,1,42000890,5018.9,5028.0,5010.8,5011.3,2263,GC.v.0
2026-03-16 22:00:00+00:00,34,1,42000890,5012.2,5021.9,5003.9,5007.6,1336,GC.v.0
2026-03-16 23:00:00+00:00,34,1,42000890,5007.2,5021.0,5007.0,5018.0,955,GC.v.0
2026-03-17 00:00:00+00:00,34,1,42000890,5018.0,5019.3,5002.3,5007.1,1692,GC.v.0
2026-03-17 01:00:00+00:00,34,1,42000890,5006.3,5032.7,4998.7,5032.1,3513,GC.v.0
2026-03-17 02:00:00+00:00,34,1,42000890,5032.3,5034.1,5024.1,5026.2,1769,GC.v.0
2026-03-17 03:00:00+00:00,34,1,42000890,5026.0,5037.5,5024.2,5031.0,1520,GC.v.0
2026-03-17 04:00:00+00:00,34,1,42000890,5031.1,5046.7,5030.1,5042.4,2258,GC.v.0
2026-03-17 05:00:00+00:00,34,1,42000890,5043.1,5049.4,5024.3,5024.5,3975,GC.v.0
2026-03-17 06:00:00+00:00,34,1,42000890,5025.3,5027.0,5009.0,5013.9,4833,GC.v.0
2026-03-17 07:00:00+00:00,34,1,42000890,5013.7,5031.9,5013.0,5025.0,4501,GC.v.0
2026-03-17 08:00:00+00:00,34,1,42000890,5025.2,5033.5,5022.3,5029.0,4487,GC.v.0
2026-03-17 09:00:00+00:00,34,1,42000890,5029.2,5030.3,5014.4,5014.7,4642,GC.v.0
2026-03-17 10:00:00+00:00,34,1,42000890,5014.7,5020.7,4994.8,5004.4,6616,GC.v.0
2026-03-17 11:00:00+00:00,34,1,42000890,5004.0,5016.1,5001.0,5007.3,3720,GC.v.0
2026-03-17 12:00:00+00:00,34,1,42000890,5007.0,5029.0,5003.3,5016.3,6776,GC.v.0
2026-03-17 13:00:00+00:00,34,1,42000890,5016.6,5036.7,5010.6,5021.9,9653,GC.v.0
2026-03-17 14:00:00+00:00,34,1,42000890,5021.6,5026.5,5007.2,5012.5,6625,GC.v.0
2026-03-17 15:00:00+00:00,34,1,42000890,5011.9,5022.2,4977.0,5002.6,12394,GC.v.0
2026-03-17 16:00:00+00:00,34,1,42000890,5002.5,5010.3,4995.6,5006.5,4962,GC.v.0
2026-03-17 17:00:00+00:00,34,1,42000890,5006.4,5013.7,5001.0,5007.0,4294,GC.v.0
2026-03-17 18:00:00+00:00,34,1,42000890,5007.4,5013.5,5003.9,5007.5,2602,GC.v.0
2026-03-17 19:00:00+00:00,34,1,42000890,5007.1,5009.4,5000.4,5005.1,3033,GC.v.0
2026-03-17 20:00:00+00:00,34,1,42000890,5004.9,5011.6,5004.7,5011.3,1524,GC.v.0
2026-03-17 22:00:00+00:00,34,1,42000890,5010.6,5011.2,4996.9,5003.6,971,GC.v.0
2026-03-17 23:00:00+00:00,34,1,42000890,5003.4,5007.9,5002.2,5006.6,513,GC.v.0
2026-03-18 00:00:00+00:00,34,1,42000890,5006.6,5017.3,5004.7,5008.4,3154,GC.v.0
2026-03-18 01:00:00+00:00,34,1,42000890,5008.9,5022.0,4994.3,5002.2,5038,GC.v.0
2026-03-18 02:00:00+00:00,34,1,42000890,5002.2,5010.7,4993.0,4994.9,2121,GC.v.0
2026-03-18 03:00:00+00:00,34,1,42000890,4994.9,5000.9,4988.5,4994.3,2118,GC.v.0
2026-03-18 04:00:00+00:00,34,1,42000890,4994.5,4997.0,4984.9,4989.9,2176,GC.v.0
2026-03-18 05:00:00+00:00,34,1,42000890,4990.4,5006.2,4987.7,5001.1,3342,GC.v.0
2026-03-18 06:00:00+00:00,34,1,42000890,5000.4,5020.5,4999.6,5013.8,4376,GC.v.0
2026-03-18 07:00:00+00:00,34,1,42000890,5014.1,5019.4,4994.7,4999.1,3855,GC.v.0
2026-03-18 08:00:00+00:00,34,1,42000890,4999.0,5001.7,4981.1,4990.7,6141,GC.v.0
2026-03-18 09:00:00+00:00,34,1,42000890,4991.1,5000.0,4988.7,4996.4,3557,GC.v.0
2026-03-18 10:00:00+00:00,34,1,42000890,4996.3,4996.4,4962.6,4971.7,10049,GC.v.0
2026-03-18 11:00:00+00:00,34,1,42000890,4971.7,4977.7,4928.0,4933.3,17595,GC.v.0
2026-03-18 12:00:00+00:00,34,1,42000890,4933.9,4935.9,4873.0,4884.4,26006,GC.v.0
2026-03-18 13:00:00+00:00,34,1,42000890,4884.0,4889.2,4837.1,4881.8,25470,GC.v.0
2026-03-18 14:00:00+00:00,34,1,42000890,4881.9,4899.0,4859.4,4873.1,12397,GC.v.0
2026-03-18 15:00:00+00:00,34,1,42000890,4872.9,4883.6,4864.5,4866.3,6721,GC.v.0
2026-03-18 16:00:00+00:00,34,1,42000890,4866.2,4894.8,4864.7,4891.2,6209,GC.v.0
2026-03-18 17:00:00+00:00,34,1,42000890,4891.4,4904.0,4888.1,4895.1,7312,GC.v.0
2026-03-18 18:00:00+00:00,34,1,42000890,4895.2,4904.5,4856.2,4857.3,7725,GC.v.0
2026-03-18 19:00:00+00:00,34,1,42000890,4856.9,4868.9,4841.4,4846.8,9504,GC.v.0
2026-03-18 20:00:00+00:00,34,1,42000890,4846.5,4852.1,4809.3,4823.9,6807,GC.v.0
2026-03-18 22:00:00+00:00,34,1,42000890,4828.0,4842.0,4806.0,4837.1,3605,GC.v.0
2026-03-18 23:00:00+00:00,34,1,42000890,4836.5,4845.0,4830.5,4839.2,1906,GC.v.0
2026-03-19 00:00:00+00:00,34,1,42000890,4838.4,4850.8,4837.6,4842.6,2373,GC.v.0
2026-03-19 01:00:00+00:00,34,1,42000890,4842.3,4868.7,4833.7,4851.3,5137,GC.v.0
2026-03-19 02:00:00+00:00,34,1,42000890,4851.2,4863.4,4842.6,4859.5,2732,GC.v.0
2026-03-19 03:00:00+00:00,34,1,42000890,4859.8,4867.4,4852.3,4852.5,1991,GC.v.0
2026-03-19 04:00:00+00:00,34,1,42000890,4852.4,4855.2,4847.0,4851.8,1176,GC.v.0
2026-03-19 05:00:00+00:00,34,1,42000890,4851.5,4855.7,4828.1,4829.2,4179,GC.v.0
2026-03-19 06:00:00+00:00,34,1,42000890,4829.1,4844.2,4749.0,4765.2,13775,GC.v.0
2026-03-19 07:00:00+00:00,34,1,42000890,4765.3,4786.0,4727.3,4729.6,11086,GC.v.0
2026-03-19 08:00:00+00:00,34,1,42000890,4729.3,4742.2,4688.0,4710.6,15080,GC.v.0
2026-03-19 09:00:00+00:00,34,1,42000890,4711.2,4728.1,4690.3,4701.1,11056,GC.v.0
2026-03-19 10:00:00+00:00,34,1,42000890,4700.6,4722.0,4669.4,4681.9,13958,GC.v.0
2026-03-19 11:00:00+00:00,34,1,42000890,4682.3,4702.7,4652.4,4654.4,12143,GC.v.0
2026-03-19 12:00:00+00:00,34,1,42000890,4654.9,4657.0,4533.1,4577.3,33037,GC.v.0
2026-03-19 13:00:00+00:00,34,1,42000890,4576.1,4625.0,4505.0,4624.0,35042,GC.v.0
2026-03-19 14:00:00+00:00,34,1,42000890,4624.9,4651.8,4583.4,4603.5,25652,GC.v.0
2026-03-19 15:00:00+00:00,34,1,42000890,4603.2,4641.7,4566.0,4598.3,18208,GC.v.0
2026-03-19 16:00:00+00:00,34,1,42000890,4598.0,4628.0,4579.2,4587.1,11224,GC.v.0
2026-03-19 17:00:00+00:00,34,1,42000890,4587.2,4633.3,4576.7,4618.8,11483,GC.v.0
2026-03-19 18:00:00+00:00,34,1,42000890,4619.3,4626.3,4598.7,4625.8,6153,GC.v.0
2026-03-19 19:00:00+00:00,34,1,42000890,4625.8,4666.9,4625.8,4647.9,11909,GC.v.0
2026-03-19 20:00:00+00:00,34,1,42000890,4647.5,4664.7,4646.0,4651.9,3221,GC.v.0
2026-03-19 22:00:00+00:00,34,1,42000890,4653.9,4679.5,4638.0,4638.1,3179,GC.v.0
2026-03-19 23:00:00+00:00,34,1,42000890,4638.7,4650.0,4635.8,4645.5,1768,GC.v.0
2026-03-20 00:00:00+00:00,34,1,42000890,4645.5,4666.6,4643.9,4649.5,2945,GC.v.0
2026-03-20 01:00:00+00:00,34,1,42000890,4649.6,4701.5,4640.5,4679.1,8416,GC.v.0
2026-03-20 02:00:00+00:00,34,1,42000890,4680.0,4704.5,4672.2,4699.3,4766,GC.v.0
2026-03-20 03:00:00+00:00,34,1,42000890,4698.9,4738.2,4694.4,4725.9,5384,GC.v.0
2026-03-20 04:00:00+00:00,34,1,42000890,4726.3,4728.0,4715.5,4722.0,2546,GC.v.0
2026-03-20 05:00:00+00:00,34,1,42000890,4722.0,4724.1,4686.8,4689.9,5369,GC.v.0
2026-03-20 06:00:00+00:00,34,1,42000890,4690.0,4702.6,4661.6,4670.3,6957,GC.v.0
2026-03-20 07:00:00+00:00,34,1,42000890,4669.9,4709.0,4668.8,4707.2,6137,GC.v.0
2026-03-20 08:00:00+00:00,34,1,42000890,4707.7,4736.3,4685.2,4695.1,10453,GC.v.0
2026-03-20 09:00:00+00:00,34,1,42000890,4694.5,4701.8,4660.5,4668.4,6929,GC.v.0
2026-03-20 10:00:00+00:00,34,1,42000890,4668.3,4670.5,4639.1,4646.4,9226,GC.v.0
2026-03-20 11:00:00+00:00,34,1,42000890,4645.8,4676.0,4638.2,4673.4,6126,GC.v.0
2026-03-20 12:00:00+00:00,34,1,42000890,4673.4,4696.9,4662.8,4679.0,8744,GC.v.0
2026-03-20 13:00:00+00:00,34,1,42000890,4679.4,4680.5,4613.1,4617.0,15655,GC.v.0
2026-03-20 14:00:00+00:00,34,1,42000890,4617.1,4623.2,4547.6,4564.9,21674,GC.v.0
2026-03-20 15:00:00+00:00,34,1,42000890,4564.5,4582.4,4542.1,4555.3,12630,GC.v.0
2026-03-20 16:00:00+00:00,34,1,42000890,4554.9,4616.3,4554.0,4585.3,14042,GC.v.0
2026-03-20 17:00:00+00:00,34,1,42000890,4585.6,4602.5,4556.7,4575.9,11085,GC.v.0
2026-03-20 18:00:00+00:00,34,1,42000890,4576.1,4580.5,4478.4,4500.7,14925,GC.v.0
2026-03-20 19:00:00+00:00,34,1,42000890,4501.3,4518.7,4487.4,4503.8,9162,GC.v.0
2026-03-20 20:00:00+00:00,34,1,42000890,4503.5,4516.6,4488.5,4492.0,3668,GC.v.0
2026-03-22 22:00:00+00:00,34,1,42000890,4450.0,4537.1,4446.3,4498.1,8873,GC.v.0
2026-03-22 23:00:00+00:00,34,1,42000890,4499.3,4511.2,4453.2,4465.9,7026,GC.v.0
2026-03-23 00:00:00+00:00,34,1,42000890,4466.2,4474.8,4322.0,4356.4,22363,GC.v.0
2026-03-23 01:00:00+00:00,34,1,42000890,4357.7,4455.0,4330.0,4390.0,15620,GC.v.0
2026-03-23 02:00:00+00:00,34,1,42000890,4389.4,4423.8,4356.0,4362.3,10873,GC.v.0
2026-03-23 03:00:00+00:00,34,1,42000890,4362.0,4379.4,4337.5,4355.2,7968,GC.v.0
2026-03-23 04:00:00+00:00,34,1,42000890,4355.9,4385.0,4353.2,4370.9,5429,GC.v.0
2026-03-23 05:00:00+00:00,34,1,42000890,4370.5,4383.2,4305.5,4314.1,10769,GC.v.0
2026-03-23 06:00:00+00:00,34,1,42000890,4313.8,4317.1,4166.0,4225.1,32569,GC.v.0
2026-03-23 07:00:00+00:00,34,1,42000890,4224.8,4233.8,4100.0,4205.7,29284,GC.v.0
2026-03-23 08:00:00+00:00,34,1,42000890,4206.5,4273.3,4203.6,4251.7,19071,GC.v.0
2026-03-23 09:00:00+00:00,34,1,42000890,4252.6,4310.3,4224.1,4254.5,17110,GC.v.0
2026-03-23 10:00:00+00:00,34,1,42000890,4254.7,4283.0,4241.8,4270.0,8443,GC.v.0
2026-03-23 11:00:00+00:00,34,1,42000890,4270.4,4466.3,4270.1,4379.2,28653,GC.v.0
2026-03-23 12:00:00+00:00,34,1,42000890,4380.1,4495.5,4338.0,4480.6,16943,GC.v.0
2026-03-23 13:00:00+00:00,34,1,42000890,4481.6,4489.0,4404.0,4457.6,17409,GC.v.0
2026-03-23 14:00:00+00:00,34,1,42000890,4457.6,4516.5,4455.9,4463.5,18647,GC.v.0
2026-03-23 15:00:00+00:00,34,1,42000890,4464.4,4488.9,4350.8,4365.6,21472,GC.v.0
2026-03-23 16:00:00+00:00,34,1,42000890,4364.1,4394.0,4354.1,4378.1,11613,GC.v.0
2026-03-23 17:00:00+00:00,34,1,42000890,4378.0,4441.5,4372.7,4428.8,10460,GC.v.0
2026-03-23 18:00:00+00:00,34,1,42000890,4428.9,4469.5,4404.8,4451.0,6090,GC.v.0
2026-03-23 19:00:00+00:00,34,1,42000890,4451.6,4452.5,4394.6,4401.5,7873,GC.v.0
2026-03-23 20:00:00+00:00,34,1,42000890,4400.7,4416.1,4385.0,4410.4,2365,GC.v.0
2026-03-23 22:00:00+00:00,34,1,42000890,4414.8,4433.8,4363.5,4429.9,3406,GC.v.0
2026-03-23 23:00:00+00:00,34,1,42000890,4428.7,4450.5,4424.0,4442.8,2990,GC.v.0
2026-03-24 00:00:00+00:00,34,1,42000890,4442.7,4448.4,4329.0,4366.9,7322,GC.v.0
2026-03-24 01:00:00+00:00,34,1,42000890,4366.6,4376.9,4309.2,4323.4,8931,GC.v.0
2026-03-24 02:00:00+00:00,34,1,42000890,4323.1,4380.1,4306.3,4366.9,6070,GC.v.0
2026-03-24 03:00:00+00:00,34,1,42000890,4367.1,4368.6,4335.4,4346.7,3019,GC.v.0
2026-03-24 04:00:00+00:00,34,1,42000890,4347.4,4357.7,4327.0,4334.0,2444,GC.v.0
2026-03-24 05:00:00+00:00,34,1,42000890,4334.5,4375.4,4319.9,4349.5,5881,GC.v.0
2026-03-24 06:00:00+00:00,34,1,42000890,4348.9,4406.7,4345.5,4403.8,5874,GC.v.0
2026-03-24 07:00:00+00:00,34,1,42000890,4402.5,4437.6,4401.0,4420.2,7710,GC.v.0
2026-03-24 08:00:00+00:00,34,1,42000890,4420.1,4423.6,4392.7,4413.5,6909,GC.v.0
2026-03-24 09:00:00+00:00,34,1,42000890,4413.1,4432.2,4397.3,4427.7,5907,GC.v.0
2026-03-24 10:00:00+00:00,34,1,42000890,4428.0,4442.9,4415.2,4439.7,6863,GC.v.0
2026-03-24 11:00:00+00:00,34,1,42000890,4438.9,4443.2,4372.4,4408.0,12294,GC.v.0
2026-03-24 12:00:00+00:00,34,1,42000890,4408.2,4427.6,4361.7,4378.7,12508,GC.v.0
2026-03-24 13:00:00+00:00,34,1,42000890,4379.0,4390.7,4350.4,4382.5,14168,GC.v.0
2026-03-24 14:00:00+00:00,34,1,42000890,4381.0,4435.0,4380.4,4416.3,12748,GC.v.0
2026-03-24 15:00:00+00:00,34,1,42000890,4415.8,4431.2,4396.5,4412.8,9355,GC.v.0
2026-03-24 16:00:00+00:00,34,1,42000890,4412.4,4428.9,4403.7,4422.2,7408,GC.v.0
2026-03-24 17:00:00+00:00,34,1,42000890,4422.2,4427.6,4372.2,4388.3,10351,GC.v.0
2026-03-24 18:00:00+00:00,34,1,42000890,4388.3,4424.5,4383.6,4390.9,6536,GC.v.0
2026-03-24 19:00:00+00:00,34,1,42000890,4390.0,4411.9,4389.4,4400.9,3409,GC.v.0
2026-03-24 20:00:00+00:00,34,1,42000890,4400.8,4485.6,4397.7,4474.9,8705,GC.v.0
2026-03-24 22:00:00+00:00,34,1,42000890,4473.5,4492.3,4458.2,4487.7,3469,GC.v.0
2026-03-24 23:00:00+00:00,34,1,42000890,4487.5,4555.0,4475.4,4549.2,8693,GC.v.0
2026-03-25 00:00:00+00:00,34,1,42000890,4549.0,4572.8,4540.5,4564.9,9615,GC.v.0
2026-03-25 01:00:00+00:00,34,1,42000890,4564.8,4600.0,4553.3,4593.2,12471,GC.v.0
2026-03-25 02:00:00+00:00,34,1,42000890,4593.3,4601.0,4578.3,4581.9,8127,GC.v.0
2026-03-25 03:00:00+00:00,34,1,42000890,4581.5,4584.4,4566.1,4568.6,4567,GC.v.0
2026-03-25 04:00:00+00:00,34,1,42000890,4568.5,4573.2,4563.9,4571.2,2341,GC.v.0
2026-03-25 05:00:00+00:00,34,1,42000890,4571.1,4572.0,4546.7,4555.0,5455,GC.v.0
2026-03-25 06:00:00+00:00,34,1,42000890,4555.0,4556.1,4532.5,4543.8,7033,GC.v.0
2026-03-25 07:00:00+00:00,34,1,42000890,4543.9,4561.8,4536.7,4539.0,8490,GC.v.0
2026-03-25 08:00:00+00:00,34,1,42000890,4539.2,4568.7,4535.6,4555.6,8370,GC.v.0
2026-03-25 09:00:00+00:00,34,1,42000890,4555.7,4567.0,4525.7,4550.4,8136,GC.v.0
2026-03-25 10:00:00+00:00,34,1,42000890,4550.7,4561.3,4549.5,4557.1,4689,GC.v.0
2026-03-25 11:00:00+00:00,34,1,42000890,4557.5,4586.2,4554.6,4577.4,6284,GC.v.0
2026-03-25 12:00:00+00:00,34,1,42000890,4577.8,4582.5,4519.5,4542.4,14392,GC.v.0
2026-03-25 13:00:00+00:00,34,1,42000890,4542.8,4575.8,4539.2,4543.3,13907,GC.v.0
2026-03-25 14:00:00+00:00,34,1,42000890,4543.3,4577.6,4531.2,4565.3,9414,GC.v.0
2026-03-25 15:00:00+00:00,34,1,42000890,4565.2,4567.6,4522.0,4557.4,11282,GC.v.0
2026-03-25 16:00:00+00:00,34,1,42000890,4557.1,4563.2,4543.5,4553.4,5888,GC.v.0
2026-03-25 17:00:00+00:00,34,1,42000890,4553.5,4561.7,4540.8,4548.2,7325,GC.v.0
2026-03-25 18:00:00+00:00,34,1,42000890,4548.0,4566.6,4528.2,4535.7,7842,GC.v.0
2026-03-25 19:00:00+00:00,34,1,42000890,4535.0,4537.3,4484.3,4528.7,10224,GC.v.0
2026-03-25 20:00:00+00:00,34,1,42000890,4528.3,4539.6,4492.9,4503.3,4087,GC.v.0
2026-03-25 22:00:00+00:00,34,1,42000890,4508.9,4531.1,4501.9,4513.9,2657,GC.v.0
2026-03-25 23:00:00+00:00,34,1,42000890,4513.9,4515.2,4485.6,4495.3,3544,GC.v.0
2026-03-26 00:00:00+00:00,34,1,42000890,4495.3,4536.6,4495.2,4533.3,4453,GC.v.0
2026-03-26 01:00:00+00:00,34,1,42000890,4533.0,4541.6,4518.7,4532.0,3623,GC.v.0
2026-03-26 02:00:00+00:00,34,1,42000890,4532.3,4532.3,4501.9,4505.2,3467,GC.v.0
2026-03-26 03:00:00+00:00,34,1,42000890,4505.1,4515.0,4495.8,4512.8,2593,GC.v.0
2026-03-26 04:00:00+00:00,34,1,42000890,4513.3,4520.9,4508.0,4516.9,1545,GC.v.0
2026-03-26 05:00:00+00:00,34,1,42000890,4517.0,4518.7,4434.9,4435.0,8652,GC.v.0
2026-03-26 06:00:00+00:00,34,1,42000890,4434.7,4456.4,4412.1,4452.9,9393,GC.v.0
2026-03-26 07:00:00+00:00,34,1,42000890,4453.1,4460.5,4434.3,4449.4,6239,GC.v.0
2026-03-26 08:00:00+00:00,34,1,42000890,4448.7,4456.0,4409.3,4424.8,8929,GC.v.0
2026-03-26 09:00:00+00:00,34,1,42000890,4425.4,4434.1,4412.1,4421.3,6281,GC.v.0
2026-03-26 10:00:00+00:00,34,1,42000890,4421.1,4445.3,4414.6,4440.2,7205,GC.v.0
2026-03-26 11:00:00+00:00,34,1,42000890,4440.5,4453.1,4415.9,4419.7,6955,GC.v.0
2026-03-26 12:00:00+00:00,34,1,42000890,4420.1,4442.5,4412.7,4426.4,7253,GC.v.0
2026-03-26 13:00:00+00:00,34,1,42000890,4426.3,4457.8,4417.6,4450.1,13327,GC.v.0
2026-03-26 14:00:00+00:00,34,1,42000890,4450.4,4476.6,4433.7,4461.9,13379,GC.v.0
2026-03-26 15:00:00+00:00,34,1,42000890,4461.5,4466.1,4429.8,4434.0,10913,GC.v.0
2026-03-26 16:00:00+00:00,34,1,42000890,4434.0,4438.9,4362.8,4385.3,16016,GC.v.0
2026-03-26 17:00:00+00:00,34,1,42000890,4384.9,4398.5,4372.5,4377.6,9652,GC.v.0
2026-03-26 18:00:00+00:00,34,1,42000890,4377.2,4394.5,4363.7,4391.0,5464,GC.v.0
2026-03-26 19:00:00+00:00,34,1,42000890,4391.7,4395.9,4356.4,4361.3,5124,GC.v.0
2026-03-26 20:00:00+00:00,34,1,42000890,4361.1,4416.8,4348.2,4376.9,9962,GC.v.0
2026-03-26 22:00:00+00:00,34,1,42000890,4371.8,4409.6,4369.1,4406.5,1110,GC.v.0
2026-03-26 23:00:00+00:00,34,1,42000890,4404.9,4408.5,4383.8,4400.3,888,GC.v.0
2026-03-27 00:00:00+00:00,34,1,42000890,4399.4,4405.3,4370.5,4374.0,726,GC.v.0
2026-03-27 01:00:00+00:00,34,1,42000890,4372.3,4414.3,4372.3,4411.4,932,GC.v.0
2026-03-27 02:00:00+00:00,34,1,42000890,4413.4,4434.6,4413.4,4426.1,764,GC.v.0
2026-03-27 03:00:00+00:00,34,1,42000890,4427.0,4440.2,4415.0,4431.7,445,GC.v.0
2026-03-27 04:00:00+00:00,34,1,42000890,4431.8,4444.2,4426.2,4440.9,228,GC.v.0
2026-03-27 05:00:00+00:00,34,1,42000890,4440.1,4469.3,4434.7,4448.9,679,GC.v.0
2026-03-27 06:00:00+00:00,34,1,42000890,4448.0,4466.8,4446.0,4453.6,422,GC.v.0
2026-03-27 07:00:00+00:00,34,1,42000890,4453.1,4456.7,4437.2,4441.6,1303,GC.v.0
2026-03-27 08:00:00+00:00,34,1,42000890,4442.3,4445.3,4419.2,4419.2,669,GC.v.0
2026-03-27 09:00:00+00:00,34,1,42000890,4420.7,4433.5,4416.1,4423.7,452,GC.v.0
2026-03-27 10:00:00+00:00,34,1,42000890,4424.2,4428.0,4406.0,4410.2,1096,GC.v.0
2026-03-27 11:00:00+00:00,34,1,42000890,4410.1,4420.9,4399.8,4414.4,564,GC.v.0
2026-03-27 12:00:00+00:00,34,1,42000890,4414.5,4439.4,4409.8,4432.6,1333,GC.v.0
2026-03-27 13:00:00+00:00,34,1,42000890,4432.7,4438.3,4408.0,4425.6,3126,GC.v.0
2026-03-27 14:00:00+00:00,34,1,42000890,4427.9,4511.5,4427.9,4506.9,2542,GC.v.0
2026-03-27 15:00:00+00:00,34,1,42000890,4507.5,4552.1,4498.8,4520.6,1653,GC.v.0
2026-03-27 16:00:00+00:00,34,1,42000890,4521.1,4530.9,4505.0,4514.8,637,GC.v.0
2026-03-27 17:00:00+00:00,34,1,42000890,4514.7,4520.3,4484.7,4485.0,771,GC.v.0
2026-03-27 18:00:00+00:00,34,1,42000890,4486.0,4526.0,4486.0,4512.3,284,GC.v.0
2026-03-27 19:00:00+00:00,34,1,42000890,4515.2,4521.2,4497.7,4511.0,356,GC.v.0
2026-03-27 20:00:00+00:00,34,1,42000890,4511.3,4515.0,4488.4,4489.7,206,GC.v.0
2026-03-29 22:00:00+00:00,34,1,42000890,4482.8,4506.0,4467.7,4480.0,256,GC.v.0
2026-03-29 23:00:00+00:00,34,1,42000890,4483.2,4488.0,4441.5,4446.9,146,GC.v.0
2026-03-30 00:00:00+00:00,34,1,19181,4477.0,4494.2,4444.7,4461.2,9069,GC.v.0
2026-03-30 01:00:00+00:00,34,1,19181,4460.6,4506.4,4460.3,4498.5,7091,GC.v.0
2026-03-30 02:00:00+00:00,34,1,19181,4498.8,4528.7,4487.8,4510.9,4366,GC.v.0
2026-03-30 03:00:00+00:00,34,1,19181,4510.4,4548.0,4508.1,4525.9,4718,GC.v.0
2026-03-30 04:00:00+00:00,34,1,19181,4526.5,4528.5,4514.9,4526.8,2391,GC.v.0
2026-03-30 05:00:00+00:00,34,1,19181,4526.8,4557.4,4526.6,4551.5,3899,GC.v.0
2026-03-30 06:00:00+00:00,34,1,19181,4551.6,4579.2,4545.7,4560.0,5922,GC.v.0
2026-03-30 07:00:00+00:00,34,1,19181,4559.6,4562.8,4543.3,4555.2,5321,GC.v.0
2026-03-30 08:00:00+00:00,34,1,19181,4555.1,4569.0,4552.7,4566.9,4471,GC.v.0
2026-03-30 09:00:00+00:00,34,1,19181,4566.6,4569.4,4551.3,4562.0,4990,GC.v.0
2026-03-30 10:00:00+00:00,34,1,19181,4561.9,4569.2,4556.6,4561.2,3500,GC.v.0
2026-03-30 11:00:00+00:00,34,1,19181,4561.4,4611.4,4553.9,4589.0,10162,GC.v.0
2026-03-30 12:00:00+00:00,34,1,19181,4589.5,4608.1,4574.6,4599.6,8302,GC.v.0
2026-03-30 13:00:00+00:00,34,1,19181,4599.9,4609.0,4546.7,4553.7,13735,GC.v.0
2026-03-30 14:00:00+00:00,34,1,19181,4553.2,4571.9,4542.0,4569.2,12307,GC.v.0
2026-03-30 15:00:00+00:00,34,1,19181,4569.0,4587.1,4554.5,4578.1,9185,GC.v.0
2026-03-30 16:00:00+00:00,34,1,19181,4578.4,4580.0,4560.1,4569.5,5280,GC.v.0
2026-03-30 17:00:00+00:00,34,1,19181,4569.1,4572.0,4540.9,4544.8,7310,GC.v.0
2026-03-30 18:00:00+00:00,34,1,19181,4545.1,4553.1,4528.0,4528.8,4255,GC.v.0
2026-03-30 19:00:00+00:00,34,1,19181,4528.5,4548.3,4522.7,4543.2,5125,GC.v.0
2026-03-30 20:00:00+00:00,34,1,19181,4543.7,4547.0,4530.2,4540.4,1815,GC.v.0
2026-03-30 22:00:00+00:00,34,1,19181,4538.9,4552.5,4530.5,4539.4,1728,GC.v.0
2026-03-30 23:00:00+00:00,34,1,19181,4539.1,4550.1,4520.8,4542.1,2067,GC.v.0
2026-03-31 00:00:00+00:00,34,1,19181,4541.4,4577.3,4510.0,4576.6,7011,GC.v.0
2026-03-31 01:00:00+00:00,34,1,19181,4576.5,4649.5,4560.9,4635.5,13823,GC.v.0
2026-03-31 02:00:00+00:00,34,1,19181,4634.7,4637.6,4595.7,4597.8,5478,GC.v.0
2026-03-31 03:00:00+00:00,34,1,19181,4597.5,4607.3,4578.5,4585.1,3669,GC.v.0
2026-03-31 04:00:00+00:00,34,1,19181,4585.9,4597.8,4585.5,4592.9,2732,GC.v.0
2026-03-31 05:00:00+00:00,34,1,19181,4592.7,4610.2,4575.7,4597.0,4210,GC.v.0
2026-03-31 06:00:00+00:00,34,1,19181,4596.7,4596.7,4581.4,4586.4,4007,GC.v.0
2026-03-31 07:00:00+00:00,34,1,19181,4586.9,4596.0,4571.8,4594.7,5248,GC.v.0
2026-03-31 08:00:00+00:00,34,1,19181,4594.5,4605.5,4590.6,4599.0,5471,GC.v.0
2026-03-31 09:00:00+00:00,34,1,19181,4599.3,4602.7,4580.1,4585.3,4761,GC.v.0
2026-03-31 10:00:00+00:00,34,1,19181,4584.7,4591.6,4558.9,4576.6,5092,GC.v.0
2026-03-31 11:00:00+00:00,34,1,19181,4577.5,4623.9,4571.0,4612.8,9608,GC.v.0
2026-03-31 12:00:00+00:00,34,1,19181,4613.3,4628.0,4599.4,4604.5,8575,GC.v.0
2026-03-31 13:00:00+00:00,34,1,19181,4605.4,4640.0,4597.8,4637.3,13823,GC.v.0
2026-03-31 14:00:00+00:00,34,1,19181,4637.2,4662.0,4625.3,4628.7,16680,GC.v.0
2026-03-31 15:00:00+00:00,34,1,19181,4629.5,4655.8,4629.3,4640.0,8374,GC.v.0
2026-03-31 16:00:00+00:00,34,1,19181,4640.1,4682.7,4637.5,4669.1,11114,GC.v.0
2026-03-31 17:00:00+00:00,34,1,19181,4669.2,4698.5,4667.0,4685.5,13890,GC.v.0
2026-03-31 18:00:00+00:00,34,1,19181,4685.0,4702.0,4684.1,4698.2,5036,GC.v.0
2026-03-31 19:00:00+00:00,34,1,19181,4698.2,4716.3,4691.8,4713.3,7137,GC.v.0
2026-03-31 20:00:00+00:00,34,1,19181,4713.4,4717.6,4695.0,4699.6,3728,GC.v.0
2026-03-31 22:00:00+00:00,34,1,19181,4698.4,4725.9,4690.0,4709.7,9402,GC.v.0
2026-03-31 23:00:00+00:00,34,1,19181,4709.4,4728.8,4700.3,4723.6,2939,GC.v.0
2026-04-01 00:00:00+00:00,34,1,19181,4723.6,4750.5,4721.5,4738.8,7193,GC.v.0
2026-04-01 01:00:00+00:00,34,1,19181,4738.6,4751.9,4708.3,4718.8,6249,GC.v.0
2026-04-01 02:00:00+00:00,34,1,19181,4719.9,4727.5,4704.5,4711.1,4729,GC.v.0
2026-04-01 03:00:00+00:00,34,1,19181,4710.3,4720.2,4705.5,4707.8,3223,GC.v.0
2026-04-01 04:00:00+00:00,34,1,19181,4707.6,4707.7,4693.0,4702.7,3602,GC.v.0
2026-04-01 05:00:00+00:00,34,1,19181,4702.9,4730.0,4700.8,4710.3,5276,GC.v.0
2026-04-01 06:00:00+00:00,34,1,19181,4710.8,4759.9,4708.9,4757.4,9321,GC.v.0
2026-04-01 07:00:00+00:00,34,1,19181,4757.5,4774.2,4735.6,4739.4,9935,GC.v.0
2026-04-01 08:00:00+00:00,34,1,19181,4739.6,4767.5,4737.0,4755.8,7245,GC.v.0
2026-04-01 09:00:00+00:00,34,1,19181,4755.8,4757.6,4740.0,4750.5,4286,GC.v.0
2026-04-01 10:00:00+00:00,34,1,19181,4750.0,4766.0,4742.4,4758.7,4166,GC.v.0
2026-04-01 11:00:00+00:00,34,1,19181,4758.2,4791.5,4755.2,4780.2,6963,GC.v.0
2026-04-01 12:00:00+00:00,34,1,19181,4780.2,4782.0,4752.0,4752.1,12063,GC.v.0
2026-04-01 13:00:00+00:00,34,1,19181,4752.0,4776.8,4743.3,4765.4,10824,GC.v.0
2026-04-01 14:00:00+00:00,34,1,19181,4765.2,4796.8,4751.3,4788.4,12218,GC.v.0
2026-04-01 15:00:00+00:00,34,1,19181,4788.8,4816.2,4785.2,4814.4,11048,GC.v.0
2026-04-01 16:00:00+00:00,34,1,19181,4814.3,4818.9,4802.1,4815.0,5327,GC.v.0
2026-04-01 17:00:00+00:00,34,1,19181,4815.2,4821.0,4800.4,4801.4,5984,GC.v.0
2026-04-01 18:00:00+00:00,34,1,19181,4801.1,4802.6,4768.2,4779.5,8349,GC.v.0
2026-04-01 19:00:00+00:00,34,1,19181,4780.0,4804.4,4777.6,4791.7,4839,GC.v.0
2026-04-01 20:00:00+00:00,34,1,19181,4791.7,4797.2,4780.0,4784.6,1521,GC.v.0
2026-04-01 22:00:00+00:00,34,1,19181,4783.0,4808.1,4776.6,4801.1,2131,GC.v.0
2026-04-01 23:00:00+00:00,34,1,19181,4802.2,4825.9,4798.5,4808.9,3459,GC.v.0
2026-04-02 00:00:00+00:00,34,1,19181,4809.3,4823.9,4800.0,4810.4,3998,GC.v.0
2026-04-02 01:00:00+00:00,34,1,19181,4811.0,4813.4,4675.7,4723.8,22943,GC.v.0
2026-04-02 02:00:00+00:00,34,1,19181,4723.1,4732.2,4683.4,4715.1,10333,GC.v.0
2026-04-02 03:00:00+00:00,34,1,19181,4714.0,4726.8,4702.8,4703.0,3634,GC.v.0
2026-04-02 04:00:00+00:00,34,1,19181,4703.6,4708.6,4683.8,4698.9,3716,GC.v.0
2026-04-02 05:00:00+00:00,34,1,19181,4699.3,4706.6,4612.2,4622.1,10397,GC.v.0
2026-04-02 06:00:00+00:00,34,1,19181,4621.8,4635.6,4580.4,4625.0,15926,GC.v.0
2026-04-02 07:00:00+00:00,34,1,19181,4624.5,4677.0,4623.7,4668.2,7951,GC.v.0
2026-04-02 08:00:00+00:00,34,1,19181,4668.1,4674.5,4641.6,4646.1,7530,GC.v.0
2026-04-02 09:00:00+00:00,34,1,19181,4645.5,4657.3,4638.2,4647.3,5757,GC.v.0
2026-04-02 10:00:00+00:00,34,1,19181,4647.5,4661.1,4629.5,4646.7,4486,GC.v.0
2026-04-02 11:00:00+00:00,34,1,19181,4647.1,4656.8,4618.8,4626.2,4826,GC.v.0
2026-04-02 12:00:00+00:00,34,1,19181,4626.6,4656.5,4620.8,4628.1,6880,GC.v.0
2026-04-02 13:00:00+00:00,34,1,19181,4628.3,4679.1,4605.5,4672.9,15692,GC.v.0
2026-04-02 14:00:00+00:00,34,1,19181,4672.7,4726.4,4657.6,4707.9,20189,GC.v.0
2026-04-02 15:00:00+00:00,34,1,19181,4708.4,4710.3,4678.5,4687.5,8639,GC.v.0
2026-04-02 16:00:00+00:00,34,1,19181,4686.9,4697.9,4668.6,4686.5,8409,GC.v.0
2026-04-02 17:00:00+00:00,34,1,19181,4685.7,4695.8,4672.7,4675.7,6112,GC.v.0
2026-04-02 18:00:00+00:00,34,1,19181,4676.5,4699.0,4674.1,4695.2,2738,GC.v.0
2026-04-02 19:00:00+00:00,34,1,19181,4695.8,4708.6,4687.8,4697.9,3357,GC.v.0
2026-04-02 20:00:00+00:00,34,1,19181,4698.6,4703.6,4690.4,4702.7,1943,GC.v.0
2026-04-05 22:00:00+00:00,34,1,19181,4675.0,4699.3,4634.9,4673.6,7806,GC.v.0
2026-04-05 23:00:00+00:00,34,1,19181,4673.8,4678.4,4631.0,4636.8,3371,GC.v.0
2026-04-06 00:00:00+00:00,34,1,19181,4637.2,4655.7,4626.2,4647.9,2976,GC.v.0
2026-04-06 01:00:00+00:00,34,1,19181,4648.9,4668.7,4645.8,4651.8,3571,GC.v.0
2026-04-06 02:00:00+00:00,34,1,19181,4650.6,4697.5,4649.8,4673.6,3824,GC.v.0
2026-04-06 03:00:00+00:00,34,1,19181,4673.1,4673.5,4650.5,4665.0,2733,GC.v.0
2026-04-06 04:00:00+00:00,34,1,19181,4665.3,4685.3,4665.1,4685.1,1448,GC.v.0
2026-04-06 05:00:00+00:00,34,1,19181,4684.9,4704.4,4677.5,4678.5,2958,GC.v.0
2026-04-06 06:00:00+00:00,34,1,19181,4678.7,4693.3,4669.3,4691.7,2911,GC.v.0
2026-04-06 07:00:00+00:00,34,1,19181,4691.9,4714.3,4670.3,4710.5,3456,GC.v.0
2026-04-06 08:00:00+00:00,34,1,19181,4710.4,4724.7,4704.7,4722.8,3456,GC.v.0
2026-04-06 09:00:00+00:00,34,1,19181,4722.8,4733.1,4717.0,4719.9,3123,GC.v.0
2026-04-06 10:00:00+00:00,34,1,19181,4720.0,4723.9,4710.1,4715.3,2336,GC.v.0
2026-04-06 11:00:00+00:00,34,1,19181,4716.3,4723.2,4703.4,4704.6,2731,GC.v.0
2026-04-06 12:00:00+00:00,34,1,19181,4704.9,4712.9,4685.6,4701.5,3654,GC.v.0
2026-04-06 13:00:00+00:00,34,1,19181,4701.8,4708.2,4684.5,4705.6,6560,GC.v.0
2026-04-06 14:00:00+00:00,34,1,19181,4707.4,4724.0,4686.0,4708.6,7940,GC.v.0
2026-04-06 15:00:00+00:00,34,1,19181,4709.0,4709.7,4677.4,4693.4,6569,GC.v.0
2026-04-06 16:00:00+00:00,34,1,19181,4693.5,4698.0,4683.4,4685.6,3298,GC.v.0
2026-04-06 17:00:00+00:00,34,1,19181,4685.9,4688.6,4671.4,4680.6,4651,GC.v.0
2026-04-06 18:00:00+00:00,34,1,19181,4680.8,4694.0,4675.9,4685.2,2906,GC.v.0
2026-04-06 19:00:00+00:00,34,1,19181,4685.2,4686.6,4672.6,4682.2,2456,GC.v.0
2026-04-06 20:00:00+00:00,34,1,19181,4682.6,4685.6,4674.6,4676.1,910,GC.v.0
2026-04-06 22:00:00+00:00,34,1,19181,4678.6,4694.9,4675.6,4685.1,1044,GC.v.0
2026-04-06 23:00:00+00:00,34,1,19181,4684.9,4688.0,4677.9,4685.9,843,GC.v.0
2026-04-07 00:00:00+00:00,34,1,19181,4685.9,4689.1,4675.8,4681.9,1689,GC.v.0
2026-04-07 01:00:00+00:00,34,1,19181,4681.4,4692.0,4641.4,4651.9,10934,GC.v.0
2026-04-07 02:00:00+00:00,34,1,19181,4652.3,4679.2,4645.0,4675.9,3406,GC.v.0
2026-04-07 03:00:00+00:00,34,1,19181,4675.9,4679.4,4664.7,4674.8,1719,GC.v.0
2026-04-07 04:00:00+00:00,34,1,19181,4675.2,4690.3,4670.8,4686.4,2444,GC.v.0
2026-04-07 05:00:00+00:00,34,1,19181,4686.9,4687.5,4648.4,4668.0,5038,GC.v.0
2026-04-07 06:00:00+00:00,34,1,19181,4668.1,4681.9,4662.8,4678.7,4010,GC.v.0
2026-04-07 07:00:00+00:00,34,1,19181,4678.9,4682.3,4661.6,4671.1,3587,GC.v.0
2026-04-07 08:00:00+00:00,34,1,19181,4671.2,4717.6,4669.6,4709.6,8077,GC.v.0
2026-04-07 09:00:00+00:00,34,1,19181,4709.8,4721.2,4684.0,4696.6,8385,GC.v.0
2026-04-07 10:00:00+00:00,34,1,19181,4696.8,4706.6,4674.9,4677.5,8250,GC.v.0
2026-04-07 11:00:00+00:00,34,1,19181,4677.1,4690.0,4653.9,4684.6,6891,GC.v.0
2026-04-07 12:00:00+00:00,34,1,19181,4685.2,4696.3,4671.6,4676.1,6033,GC.v.0
2026-04-07 13:00:00+00:00,34,1,19181,4676.2,4688.8,4660.0,4668.6,7955,GC.v.0
2026-04-07 14:00:00+00:00,34,1,19181,4668.5,4687.4,4631.9,4658.3,16265,GC.v.0
2026-04-07 15:00:00+00:00,34,1,19181,4658.3,4685.0,4650.0,4681.3,9690,GC.v.0
2026-04-07 16:00:00+00:00,34,1,19181,4681.8,4694.6,4678.1,4682.4,6269,GC.v.0
2026-04-07 17:00:00+00:00,34,1,19181,4682.5,4712.8,4679.4,4701.7,7452,GC.v.0
2026-04-07 18:00:00+00:00,34,1,19181,4702.3,4712.7,4683.0,4688.5,5103,GC.v.0
2026-04-07 19:00:00+00:00,34,1,19181,4688.5,4745.7,4686.9,4727.3,10446,GC.v.0
2026-04-07 20:00:00+00:00,34,1,19181,4727.3,4743.7,4723.0,4733.3,3754,GC.v.0
2026-04-07 22:00:00+00:00,34,1,19181,4747.2,4847.1,4740.5,4845.1,14428,GC.v.0
2026-04-07 23:00:00+00:00,34,1,19181,4844.8,4863.5,4828.3,4860.7,11676,GC.v.0
2026-04-08 00:00:00+00:00,34,1,19181,4860.7,4888.0,4836.9,4845.6,14237,GC.v.0
2026-04-08 01:00:00+00:00,34,1,19181,4846.7,4854.1,4817.2,4838.6,15295,GC.v.0
2026-04-08 02:00:00+00:00,34,1,19181,4838.5,4853.8,4828.2,4833.4,5596,GC.v.0
2026-04-08 03:00:00+00:00,34,1,19181,4833.8,4835.3,4824.4,4826.9,3403,GC.v.0
2026-04-08 04:00:00+00:00,34,1,19181,4826.8,4836.1,4819.8,4832.7,3520,GC.v.0
2026-04-08 05:00:00+00:00,34,1,19181,4833.0,4872.2,4829.4,4855.5,6249,GC.v.0
2026-04-08 06:00:00+00:00,34,1,19181,4855.2,4866.8,4846.2,4846.6,10303,GC.v.0
2026-04-08 07:00:00+00:00,34,1,19181,4846.8,4847.3,4831.0,4839.7,5619,GC.v.0
2026-04-08 08:00:00+00:00,34,1,19181,4839.9,4846.0,4817.5,4821.8,6309,GC.v.0
2026-04-08 09:00:00+00:00,34,1,19181,4821.9,4834.0,4802.9,4810.2,7222,GC.v.0
2026-04-08 10:00:00+00:00,34,1,19181,4810.3,4823.1,4798.2,4809.7,4959,GC.v.0
2026-04-08 11:00:00+00:00,34,1,19181,4809.3,4830.4,4806.4,4826.4,7402,GC.v.0
2026-04-08 12:00:00+00:00,34,1,19181,4826.3,4834.8,4793.7,4827.1,10907,GC.v.0
2026-04-08 13:00:00+00:00,34,1,19181,4826.6,4833.6,4792.8,4804.1,13367,GC.v.0
2026-04-08 14:00:00+00:00,34,1,19181,4803.7,4818.8,4757.6,4762.2,19965,GC.v.0
2026-04-08 15:00:00+00:00,34,1,19181,4761.6,4788.8,4759.9,4782.0,9650,GC.v.0
2026-04-08 16:00:00+00:00,34,1,19181,4782.2,4791.1,4770.9,4785.9,5514,GC.v.0
2026-04-08 17:00:00+00:00,34,1,19181,4785.7,4789.9,4755.5,4759.5,8213,GC.v.0
2026-04-08 18:00:00+00:00,34,1,19181,4759.1,4769.8,4728.1,4730.1,11067,GC.v.0
2026-04-08 19:00:00+00:00,34,1,19181,4729.3,4756.6,4720.6,4755.3,5841,GC.v.0
2026-04-08 20:00:00+00:00,34,1,19181,4755.2,4757.3,4742.1,4745.0,1748,GC.v.0
2026-04-08 22:00:00+00:00,34,1,19181,4744.8,4757.7,4728.5,4741.5,2942,GC.v.0
2026-04-08 23:00:00+00:00,34,1,19181,4741.2,4743.4,4728.5,4738.8,2182,GC.v.0
2026-04-09 00:00:00+00:00,34,1,19181,4739.4,4742.4,4718.6,4730.4,3836,GC.v.0
2026-04-09 01:00:00+00:00,34,1,19181,4730.2,4752.2,4722.4,4751.2,5859,GC.v.0
2026-04-09 02:00:00+00:00,34,1,19181,4751.5,4756.6,4741.0,4742.1,3792,GC.v.0
2026-04-09 03:00:00+00:00,34,1,19181,4742.2,4743.4,4728.0,4734.3,3098,GC.v.0
2026-04-09 04:00:00+00:00,34,1,19181,4734.6,4748.4,4733.0,4744.2,1878,GC.v.0
2026-04-09 05:00:00+00:00,34,1,19181,4743.9,4749.6,4729.1,4736.4,3587,GC.v.0
2026-04-09 06:00:00+00:00,34,1,19181,4736.7,4749.2,4727.2,4736.3,4849,GC.v.0
2026-04-09 07:00:00+00:00,34,1,19181,4736.5,4755.2,4729.5,4748.4,8594,GC.v.0
2026-04-09 08:00:00+00:00,34,1,19181,4748.3,4758.6,4744.1,4750.5,4120,GC.v.0
2026-04-09 09:00:00+00:00,34,1,19181,4750.1,4758.5,4747.7,4753.9,3581,GC.v.0
2026-04-09 10:00:00+00:00,34,1,19181,4753.9,4771.4,4748.1,4765.7,3931,GC.v.0
2026-04-09 11:00:00+00:00,34,1,19181,4765.8,4782.7,4762.9,4781.3,3693,GC.v.0
2026-04-09 12:00:00+00:00,34,1,19181,4781.7,4785.0,4759.6,4770.9,6618,GC.v.0
2026-04-09 13:00:00+00:00,34,1,19181,4771.3,4802.8,4763.9,4789.6,10914,GC.v.0
2026-04-09 14:00:00+00:00,34,1,19181,4790.0,4801.8,4772.5,4794.0,10603,GC.v.0
2026-04-09 15:00:00+00:00,34,1,19181,4794.0,4823.9,4786.2,4817.4,15746,GC.v.0
2026-04-09 16:00:00+00:00,34,1,19181,4817.7,4825.5,4808.8,4813.0,6122,GC.v.0
2026-04-09 17:00:00+00:00,34,1,19181,4813.5,4826.0,4810.9,4822.3,6270,GC.v.0
2026-04-09 18:00:00+00:00,34,1,19181,4822.6,4822.7,4792.2,4796.6,6320,GC.v.0
2026-04-09 19:00:00+00:00,34,1,19181,4796.6,4806.9,4790.7,4793.0,3330,GC.v.0
2026-04-09 20:00:00+00:00,34,1,19181,4793.0,4797.4,4784.6,4790.5,1473,GC.v.0
2026-04-09 22:00:00+00:00,34,1,19181,4790.5,4810.0,4782.2,4787.6,2318,GC.v.0
2026-04-09 23:00:00+00:00,34,1,19181,4787.4,4787.4,4779.8,4787.0,1827,GC.v.0
2026-04-10 00:00:00+00:00,34,1,19181,4786.6,4786.6,4773.8,4786.4,3490,GC.v.0
2026-04-10 01:00:00+00:00,34,1,19181,4786.2,4800.4,4781.3,4787.3,4987,GC.v.0
2026-04-10 02:00:00+00:00,34,1,19181,4787.5,4788.2,4760.4,4775.5,6178,GC.v.0
2026-04-10 03:00:00+00:00,34,1,19181,4775.6,4793.3,4775.2,4790.0,3843,GC.v.0
2026-04-10 04:00:00+00:00,34,1,19181,4790.4,4794.6,4781.8,4781.8,2064,GC.v.0
2026-04-10 05:00:00+00:00,34,1,19181,4782.5,4793.0,4781.3,4789.9,2003,GC.v.0
2026-04-10 06:00:00+00:00,34,1,19181,4790.0,4790.2,4766.3,4769.7,4662,GC.v.0
2026-04-10 07:00:00+00:00,34,1,19181,4769.6,4781.2,4764.6,4773.0,2803,GC.v.0
2026-04-10 08:00:00+00:00,34,1,19181,4773.3,4776.5,4752.7,4763.1,6011,GC.v.0
2026-04-10 09:00:00+00:00,34,1,19181,4763.6,4783.3,4763.1,4774.6,4731,GC.v.0
2026-04-10 10:00:00+00:00,34,1,19181,4774.7,4784.0,4765.3,4780.7,2675,GC.v.0
2026-04-10 11:00:00+00:00,34,1,19181,4780.7,4792.9,4777.1,4792.0,2344,GC.v.0
2026-04-10 12:00:00+00:00,34,1,19181,4792.1,4806.9,4783.9,4795.5,9133,GC.v.0
2026-04-10 13:00:00+00:00,34,1,19181,4795.4,4804.4,4788.9,4799.3,8995,GC.v.0
2026-04-10 14:00:00+00:00,34,1,19181,4799.1,4820.0,4791.7,4799.3,11628,GC.v.0
2026-04-10 15:00:00+00:00,34,1,19181,4799.4,4811.9,4779.3,4785.8,8868,GC.v.0
2026-04-10 16:00:00+00:00,34,1,19181,4785.9,4790.7,4768.4,4788.1,7873,GC.v.0
2026-04-10 17:00:00+00:00,34,1,19181,4788.4,4793.3,4782.1,4784.5,5926,GC.v.0
2026-04-10 18:00:00+00:00,34,1,19181,4784.7,4797.7,4775.1,4789.5,4294,GC.v.0
2026-04-10 19:00:00+00:00,34,1,19181,4789.5,4794.6,4782.0,4783.6,2633,GC.v.0
2026-04-10 20:00:00+00:00,34,1,19181,4783.5,4783.5,4764.0,4771.0,3015,GC.v.0
2026-04-12 22:00:00+00:00,34,1,19181,4710.0,4715.0,4626.0,4680.6,11431,GC.v.0
2026-04-12 23:00:00+00:00,34,1,19181,4680.5,4694.2,4664.6,4693.6,3761,GC.v.0
2026-04-13 00:00:00+00:00,34,1,19181,4693.7,4721.0,4686.9,4718.0,3657,GC.v.0
2026-04-13 01:00:00+00:00,34,1,19181,4717.5,4749.5,4716.0,4743.1,6988,GC.v.0
2026-04-13 02:00:00+00:00,34,1,19181,4743.7,4749.5,4732.5,4742.0,2751,GC.v.0
2026-04-13 03:00:00+00:00,34,1,19181,4742.5,4745.8,4733.7,4739.5,1484,GC.v.0
2026-04-13 04:00:00+00:00,34,1,19181,4740.0,4747.0,4729.2,4744.7,2622,GC.v.0
2026-04-13 05:00:00+00:00,34,1,19181,4744.9,4752.6,4737.9,4751.1,2360,GC.v.0
2026-04-13 06:00:00+00:00,34,1,19181,4751.5,4754.7,4742.7,4747.9,3404,GC.v.0
2026-04-13 07:00:00+00:00,34,1,19181,4748.0,4762.5,4747.4,4756.4,3527,GC.v.0
2026-04-13 08:00:00+00:00,34,1,19181,4756.7,4761.2,4743.3,4746.3,3280,GC.v.0
2026-04-13 09:00:00+00:00,34,1,19181,4746.3,4751.5,4733.2,4737.4,4033,GC.v.0
2026-04-13 10:00:00+00:00,34,1,19181,4737.4,4746.2,4730.5,4744.2,2337,GC.v.0
2026-04-13 11:00:00+00:00,34,1,19181,4744.8,4751.4,4725.2,4729.1,3709,GC.v.0
2026-04-13 12:00:00+00:00,34,1,19181,4728.6,4747.8,4725.6,4745.9,5799,GC.v.0
2026-04-13 13:00:00+00:00,34,1,19181,4745.8,4768.0,4743.0,4753.3,13069,GC.v.0
2026-04-13 14:00:00+00:00,34,1,19181,4753.2,4754.3,4731.9,4742.2,8110,GC.v.0
2026-04-13 15:00:00+00:00,34,1,19181,4742.6,4743.1,4722.5,4736.9,5406,GC.v.0
2026-04-13 16:00:00+00:00,34,1,19181,4737.2,4770.6,4731.5,4756.4,13885,GC.v.0
2026-04-13 17:00:00+00:00,34,1,19181,4756.7,4774.4,4748.4,4753.3,10028,GC.v.0
2026-04-13 18:00:00+00:00,34,1,19181,4753.5,4764.2,4746.1,4762.0,2509,GC.v.0
2026-04-13 19:00:00+00:00,34,1,19181,4762.0,4770.7,4753.8,4765.5,3094,GC.v.0
2026-04-13 20:00:00+00:00,34,1,19181,4765.3,4768.4,4762.2,4766.6,1089,GC.v.0
2026-04-13 22:00:00+00:00,34,1,19181,4769.3,4783.3,4767.6,4782.0,1749,GC.v.0
2026-04-13 23:00:00+00:00,34,1,19181,4782.0,4789.7,4778.2,4781.3,1950,GC.v.0
2026-04-14 00:00:00+00:00,34,1,19181,4781.7,4799.4,4775.5,4792.7,3321,GC.v.0
2026-04-14 01:00:00+00:00,34,1,19181,4792.7,4802.8,4784.1,4787.2,3818,GC.v.0
2026-04-14 02:00:00+00:00,34,1,19181,4787.1,4800.4,4784.3,4797.6,2231,GC.v.0
2026-04-14 03:00:00+00:00,34,1,19181,4797.7,4797.8,4787.9,4790.4,1192,GC.v.0
2026-04-14 04:00:00+00:00,34,1,19181,4790.0,4799.2,4789.2,4796.3,1074,GC.v.0
2026-04-14 05:00:00+00:00,34,1,19181,4796.1,4796.3,4780.0,4782.3,2521,GC.v.0
2026-04-14 06:00:00+00:00,34,1,19181,4782.6,4806.3,4782.4,4805.4,3566,GC.v.0
2026-04-14 07:00:00+00:00,34,1,19181,4805.4,4820.4,4790.9,4800.2,8773,GC.v.0
2026-04-14 08:00:00+00:00,34,1,19181,4799.6,4813.7,4797.2,4810.0,3385,GC.v.0
2026-04-14 09:00:00+00:00,34,1,19181,4810.5,4813.0,4794.8,4801.6,5243,GC.v.0
2026-04-14 10:00:00+00:00,34,1,19181,4801.7,4811.1,4773.3,4791.1,6000,GC.v.0
2026-04-14 11:00:00+00:00,34,1,19181,4790.6,4805.8,4789.4,4797.1,4585,GC.v.0
2026-04-14 12:00:00+00:00,34,1,19181,4797.1,4800.2,4784.2,4793.3,6217,GC.v.0
2026-04-14 13:00:00+00:00,34,1,19181,4793.0,4828.9,4792.9,4818.8,12859,GC.v.0
2026-04-14 14:00:00+00:00,34,1,19181,4818.4,4842.0,4816.7,4827.3,15081,GC.v.0
2026-04-14 15:00:00+00:00,34,1,19181,4827.3,4839.8,4814.4,4832.2,7777,GC.v.0
2026-04-14 16:00:00+00:00,34,1,19181,4832.0,4844.0,4829.0,4833.5,6163,GC.v.0
2026-04-14 17:00:00+00:00,34,1,19181,4833.4,4867.7,4832.9,4859.5,13276,GC.v.0
2026-04-14 18:00:00+00:00,34,1,19181,4859.6,4867.8,4855.2,4860.1,3850,GC.v.0
2026-04-14 19:00:00+00:00,34,1,19181,4860.3,4870.0,4860.3,4868.7,3205,GC.v.0
2026-04-14 20:00:00+00:00,34,1,19181,4869.2,4870.3,4863.0,4864.5,1410,GC.v.0
2026-04-14 22:00:00+00:00,34,1,19181,4862.7,4874.6,4857.2,4859.5,2707,GC.v.0
2026-04-14 23:00:00+00:00,34,1,19181,4859.1,4869.0,4857.5,4861.7,2399,GC.v.0
2026-04-15 00:00:00+00:00,34,1,19181,4861.5,4864.1,4851.6,4859.7,2579,GC.v.0
2026-04-15 01:00:00+00:00,34,1,19181,4860.1,4895.4,4852.5,4871.0,8185,GC.v.0
2026-04-15 02:00:00+00:00,34,1,19181,4870.3,4877.2,4844.5,4847.7,4351,GC.v.0
2026-04-15 03:00:00+00:00,34,1,19181,4848.2,4853.6,4841.0,4848.1,2955,GC.v.0
2026-04-15 04:00:00+00:00,34,1,19181,4848.0,4851.6,4844.5,4848.9,1028,GC.v.0
2026-04-15 05:00:00+00:00,34,1,19181,4849.1,4854.3,4835.9,4843.3,3033,GC.v.0
2026-04-15 06:00:00+00:00,34,1,19181,4843.4,4848.5,4834.2,4834.9,3118,GC.v.0
2026-04-15 07:00:00+00:00,34,1,19181,4835.2,4840.0,4827.4,4834.1,5371,GC.v.0
2026-04-15 08:00:00+00:00,34,1,19181,4833.8,4845.4,4827.1,4841.6,4125,GC.v.0
2026-04-15 09:00:00+00:00,34,1,19181,4841.4,4842.4,4808.4,4821.2,7706,GC.v.0
2026-04-15 10:00:00+00:00,34,1,19181,4820.6,4829.2,4812.7,4822.8,3557,GC.v.0
2026-04-15 11:00:00+00:00,34,1,19181,4822.8,4837.8,4818.4,4835.7,3224,GC.v.0
2026-04-15 12:00:00+00:00,34,1,19181,4835.0,4838.7,4829.3,4833.9,3880,GC.v.0
2026-04-15 13:00:00+00:00,34,1,19181,4834.4,4853.5,4831.1,4851.9,6932,GC.v.0
2026-04-15 14:00:00+00:00,34,1,19181,4851.7,4854.6,4836.2,4838.4,6765,GC.v.0
2026-04-15 15:00:00+00:00,34,1,19181,4839.0,4839.0,4807.9,4824.0,10201,GC.v.0
2026-04-15 16:00:00+00:00,34,1,19181,4823.6,4835.0,4822.0,4825.9,6044,GC.v.0
2026-04-15 17:00:00+00:00,34,1,19181,4826.2,4830.8,4812.9,4814.8,5332,GC.v.0
2026-04-15 18:00:00+00:00,34,1,19181,4814.8,4825.3,4812.2,4822.2,3315,GC.v.0
2026-04-15 19:00:00+00:00,34,1,19181,4822.2,4826.1,4817.1,4818.3,1656,GC.v.0
2026-04-15 20:00:00+00:00,34,1,19181,4818.7,4819.4,4810.5,4813.9,1118,GC.v.0
2026-04-15 22:00:00+00:00,34,1,19181,4813.6,4833.8,4812.4,4829.2,2297,GC.v.0
2026-04-15 23:00:00+00:00,34,1,19181,4829.2,4848.6,4829.2,4845.4,2443,GC.v.0
2026-04-16 00:00:00+00:00,34,1,19181,4845.4,4859.7,4841.1,4854.7,6151,GC.v.0
2026-04-16 01:00:00+00:00,34,1,19181,4854.7,4858.6,4832.9,4839.9,3035,GC.v.0
2026-04-16 02:00:00+00:00,34,1,19181,4840.7,4847.2,4834.6,4842.1,1732,GC.v.0
2026-04-16 03:00:00+00:00,34,1,19181,4841.8,4849.6,4841.5,4846.6,1360,GC.v.0
2026-04-16 04:00:00+00:00,34,1,19181,4846.3,4856.1,4845.2,4855.7,1197,GC.v.0
2026-04-16 05:00:00+00:00,34,1,19181,4855.5,4861.3,4843.7,4844.1,4360,GC.v.0
2026-04-16 06:00:00+00:00,34,1,19181,4843.6,4852.1,4836.0,4848.3,8352,GC.v.0
2026-04-16 07:00:00+00:00,34,1,19181,4848.0,4852.8,4838.3,4843.0,6434,GC.v.0
2026-04-16 08:00:00+00:00,34,1,19181,4842.8,4843.2,4827.8,4834.7,4270,GC.v.0
2026-04-16 09:00:00+00:00,34,1,19181,4834.9,4839.5,4827.7,4834.2,3297,GC.v.0
2026-04-16 10:00:00+00:00,34,1,19181,4834.1,4838.7,4825.6,4838.7,2158,GC.v.0
2026-04-16 11:00:00+00:00,34,1,19181,4838.7,4844.3,4836.8,4843.9,2048,GC.v.0
2026-04-16 12:00:00+00:00,34,1,19181,4844.1,4845.0,4833.0,4837.8,4181,GC.v.0
2026-04-16 13:00:00+00:00,34,1,19181,4838.3,4846.2,4805.3,4815.9,11400,GC.v.0
2026-04-16 14:00:00+00:00,34,1,19181,4815.8,4828.4,4792.1,4810.3,13360,GC.v.0
2026-04-16 15:00:00+00:00,34,1,19181,4810.4,4834.7,4809.9,4828.6,7463,GC.v.0
2026-04-16 16:00:00+00:00,34,1,19181,4828.8,4831.4,4806.0,4812.7,5477,GC.v.0
2026-04-16 17:00:00+00:00,34,1,19181,4812.6,4816.6,4802.0,4810.1,5420,GC.v.0
2026-04-16 18:00:00+00:00,34,1,19181,4810.0,4815.5,4806.5,4809.7,2142,GC.v.0
2026-04-16 19:00:00+00:00,34,1,19181,4810.9,4819.7,4810.3,4814.5,2185,GC.v.0
2026-04-16 20:00:00+00:00,34,1,19181,4814.8,4815.1,4806.0,4810.9,1030,GC.v.0
2026-04-16 22:00:00+00:00,34,1,19181,4811.8,4818.8,4811.4,4816.0,1224,GC.v.0
2026-04-16 23:00:00+00:00,34,1,19181,4815.6,4818.7,4812.4,4812.5,660,GC.v.0
2026-04-17 00:00:00+00:00,34,1,19181,4812.0,4822.2,4806.7,4816.3,1549,GC.v.0
2026-04-17 01:00:00+00:00,34,1,19181,4815.6,4816.5,4785.9,4810.2,5777,GC.v.0
2026-04-17 02:00:00+00:00,34,1,19181,4809.8,4815.0,4804.3,4804.6,1761,GC.v.0
2026-04-17 03:00:00+00:00,34,1,19181,4804.8,4819.1,4804.8,4813.9,1632,GC.v.0
2026-04-17 04:00:00+00:00,34,1,19181,4813.9,4825.6,4813.1,4824.2,1552,GC.v.0
2026-04-17 05:00:00+00:00,34,1,19181,4823.7,4827.2,4815.1,4815.9,2753,GC.v.0
2026-04-17 06:00:00+00:00,34,1,19181,4815.9,4816.5,4800.0,4805.5,3506,GC.v.0
2026-04-17 07:00:00+00:00,34,1,19181,4806.0,4815.3,4800.2,4805.5,3748,GC.v.0
2026-04-17 08:00:00+00:00,34,1,19181,4806.1,4818.8,4802.6,4817.8,3169,GC.v.0
2026-04-17 09:00:00+00:00,34,1,19181,4817.8,4822.7,4812.0,4812.2,3360,GC.v.0
2026-04-17 10:00:00+00:00,34,1,19181,4812.6,4816.0,4803.1,4809.0,2399,GC.v.0
2026-04-17 11:00:00+00:00,34,1,19181,4809.2,4834.0,4805.5,4821.7,4783,GC.v.0
2026-04-17 12:00:00+00:00,34,1,19181,4821.6,4870.8,4819.8,4869.0,15671,GC.v.0
2026-04-17 13:00:00+00:00,34,1,19181,4869.0,4917.7,4856.9,4903.1,27811,GC.v.0
2026-04-17 14:00:00+00:00,34,1,19181,4903.3,4908.9,4883.4,4895.7,12937,GC.v.0
2026-04-17 15:00:00+00:00,34,1,19181,4896.2,4903.5,4877.3,4889.5,10113,GC.v.0
2026-04-17 16:00:00+00:00,34,1,19181,4889.9,4896.0,4886.0,4889.0,3331,GC.v.0
2026-04-17 17:00:00+00:00,34,1,19181,4889.0,4891.6,4875.0,4884.6,5471,GC.v.0
2026-04-17 18:00:00+00:00,34,1,19181,4884.7,4890.1,4877.0,4879.6,2395,GC.v.0
2026-04-17 19:00:00+00:00,34,1,19181,4879.9,4882.6,4873.6,4875.5,3085,GC.v.0
2026-04-17 20:00:00+00:00,34,1,19181,4875.6,4876.3,4848.0,4849.4,5084,GC.v.0
2026-04-19 22:00:00+00:00,34,1,19181,4811.8,4815.0,4778.0,4799.4,7970,GC.v.0
2026-04-19 23:00:00+00:00,34,1,19181,4798.9,4799.4,4752.0,4775.0,7347,GC.v.0
2026-04-20 00:00:00+00:00,34,1,19181,4774.4,4793.8,4764.2,4792.0,5343,GC.v.0
2026-04-20 01:00:00+00:00,34,1,19181,4792.0,4834.5,4790.3,4827.8,8180,GC.v.0
2026-04-20 02:00:00+00:00,34,1,19181,4827.4,4828.8,4812.2,4816.7,3784,GC.v.0
2026-04-20 03:00:00+00:00,34,1,19181,4816.8,4817.8,4808.4,4810.5,2383,GC.v.0
2026-04-20 04:00:00+00:00,34,1,19181,4810.9,4815.2,4806.6,4808.2,1914,GC.v.0
2026-04-20 05:00:00+00:00,34,1,19181,4808.4,4815.3,4797.0,4809.9,3812,GC.v.0
2026-04-20 06:00:00+00:00,34,1,19181,4810.0,4814.9,4802.9,4814.9,4025,GC.v.0
2026-04-20 07:00:00+00:00,34,1,19181,4815.0,4825.4,4806.1,4809.1,4591,GC.v.0
2026-04-20 08:00:00+00:00,34,1,19181,4808.5,4815.6,4805.1,4815.6,2587,GC.v.0
2026-04-20 09:00:00+00:00,34,1,19181,4815.9,4817.7,4803.1,4811.4,4755,GC.v.0
2026-04-20 10:00:00+00:00,34,1,19181,4811.7,4821.2,4809.6,4815.7,2147,GC.v.0
2026-04-20 11:00:00+00:00,34,1,19181,4815.7,4831.7,4806.3,4830.9,4902,GC.v.0
2026-04-20 12:00:00+00:00,34,1,19181,4830.8,4842.9,4818.8,4823.3,9817,GC.v.0
2026-04-20 13:00:00+00:00,34,1,19181,4823.6,4847.3,4819.7,4838.8,8416,GC.v.0
2026-04-20 14:00:00+00:00,34,1,19181,4838.8,4847.9,4811.9,4824.9,12387,GC.v.0
2026-04-20 15:00:00+00:00,34,1,19181,4825.7,4829.8,4812.6,4819.9,7183,GC.v.0
2026-04-20 16:00:00+00:00,34,1,19181,4819.8,4826.6,4812.5,4825.6,3798,GC.v.0
2026-04-20 17:00:00+00:00,34,1,19181,4825.9,4832.4,4824.0,4827.1,3915,GC.v.0
2026-04-20 18:00:00+00:00,34,1,19181,4827.6,4837.0,4827.6,4834.8,2439,GC.v.0
2026-04-20 19:00:00+00:00,34,1,19181,4834.7,4842.1,4829.7,4834.8,2559,GC.v.0
2026-04-20 20:00:00+00:00,34,1,19181,4835.0,4842.7,4832.8,4841.0,1451,GC.v.0
2026-04-20 22:00:00+00:00,34,1,19181,4842.4,4854.8,4841.1,4848.5,3137,GC.v.0
2026-04-20 23:00:00+00:00,34,1,19181,4848.7,4852.5,4840.5,4842.4,1550,GC.v.0
2026-04-21 00:00:00+00:00,34,1,19181,4843.0,4851.2,4836.4,4843.6,2598,GC.v.0
2026-04-21 01:00:00+00:00,34,1,19181,4843.8,4844.3,4825.3,4829.8,2917,GC.v.0
2026-04-21 02:00:00+00:00,34,1,19181,4830.1,4830.2,4821.5,4826.0,2287,GC.v.0
2026-04-21 03:00:00+00:00,34,1,19181,4826.2,4826.9,4811.2,4816.0,4142,GC.v.0
2026-04-21 04:00:00+00:00,34,1,19181,4816.1,4816.6,4807.0,4807.7,3684,GC.v.0
2026-04-21 05:00:00+00:00,34,1,19181,4807.8,4815.7,4801.7,4802.9,5648,GC.v.0
2026-04-21 06:00:00+00:00,34,1,19181,4802.6,4809.4,4793.0,4796.8,9201,GC.v.0
2026-04-21 07:00:00+00:00,34,1,19181,4796.3,4811.5,4790.8,4804.9,4049,GC.v.0
2026-04-21 08:00:00+00:00,34,1,19181,4804.5,4812.2,4793.3,4805.0,3769,GC.v.0
2026-04-21 09:00:00+00:00,34,1,19181,4804.9,4808.3,4800.0,4802.4,3963,GC.v.0
2026-04-21 10:00:00+00:00,34,1,19181,4802.8,4809.7,4799.6,4809.0,2071,GC.v.0
2026-04-21 11:00:00+00:00,34,1,19181,4809.2,4818.0,4794.3,4814.2,4365,GC.v.0
2026-04-21 12:00:00+00:00,34,1,19181,4814.4,4816.7,4781.6,4797.6,8497,GC.v.0
2026-04-21 13:00:00+00:00,34,1,19181,4797.6,4813.8,4777.3,4798.2,12741,GC.v.0
2026-04-21 14:00:00+00:00,34,1,19181,4798.2,4801.9,4740.9,4757.4,24473,GC.v.0
2026-04-21 15:00:00+00:00,34,1,19181,4757.8,4776.6,4745.9,4759.8,14738,GC.v.0
2026-04-21 16:00:00+00:00,34,1,19181,4760.3,4765.9,4726.4,4729.5,12328,GC.v.0
2026-04-21 17:00:00+00:00,34,1,19181,4729.3,4742.0,4715.0,4731.0,15355,GC.v.0
2026-04-21 18:00:00+00:00,34,1,19181,4730.9,4734.2,4712.0,4728.1,7062,GC.v.0
2026-04-21 19:00:00+00:00,34,1,19181,4728.7,4734.1,4685.8,4698.3,10915,GC.v.0
2026-04-21 20:00:00+00:00,34,1,19181,4698.5,4739.6,4688.4,4738.5,6669,GC.v.0
2026-04-21 22:00:00+00:00,34,1,19181,4738.7,4748.1,4733.1,4737.6,2112,GC.v.0
2026-04-21 23:00:00+00:00,34,1,19181,4737.1,4758.4,4736.0,4755.8,3168,GC.v.0
2026-04-22 00:00:00+00:00,34,1,19181,4756.3,4766.0,4756.1,4757.7,3121,GC.v.0
2026-04-22 01:00:00+00:00,34,1,19181,4757.4,4772.5,4753.5,4769.8,5257,GC.v.0
2026-04-22 02:00:00+00:00,34,1,19181,4770.3,4776.2,4767.5,4773.5,2928,GC.v.0
2026-04-22 03:00:00+00:00,34,1,19181,4773.1,4782.7,4770.4,4776.1,3083,GC.v.0
2026-04-22 04:00:00+00:00,34,1,19181,4776.1,4777.4,4770.1,4772.4,2548,GC.v.0
2026-04-22 05:00:00+00:00,34,1,19181,4772.4,4789.9,4769.9,4786.4,5686,GC.v.0
2026-04-22 06:00:00+00:00,34,1,19181,4786.0,4786.5,4777.5,4786.0,3445,GC.v.0
2026-04-22 07:00:00+00:00,34,1,19181,4785.9,4790.8,4778.4,4779.5,3567,GC.v.0
2026-04-22 08:00:00+00:00,34,1,19181,4779.6,4781.4,4770.5,4775.7,3473,GC.v.0
2026-04-22 09:00:00+00:00,34,1,19181,4775.5,4781.1,4771.0,4773.4,3229,GC.v.0
2026-04-22 10:00:00+00:00,34,1,19181,4773.6,4779.2,4764.3,4778.1,3152,GC.v.0
2026-04-22 11:00:00+00:00,34,1,19181,4777.9,4779.6,4766.3,4768.9,3606,GC.v.0
2026-04-22 12:00:00+00:00,34,1,19181,4769.2,4779.0,4761.1,4762.6,6044,GC.v.0
2026-04-22 13:00:00+00:00,34,1,19181,4762.9,4779.4,4754.6,4771.7,9335,GC.v.0
2026-04-22 14:00:00+00:00,34,1,19181,4771.5,4776.3,4746.9,4754.3,9351,GC.v.0
2026-04-22 15:00:00+00:00,34,1,19181,4754.2,4758.4,4743.2,4746.2,5468,GC.v.0
2026-04-22 16:00:00+00:00,34,1,19181,4746.1,4754.1,4742.1,4747.5,3828,GC.v.0
2026-04-22 17:00:00+00:00,34,1,19181,4747.4,4758.4,4747.2,4756.4,3891,GC.v.0
2026-04-22 18:00:00+00:00,34,1,19181,4756.1,4770.2,4748.4,4760.7,4450,GC.v.0
2026-04-22 19:00:00+00:00,34,1,19181,4761.0,4764.4,4755.8,4759.0,2499,GC.v.0
2026-04-22 20:00:00+00:00,34,1,19181,4759.4,4759.9,4753.1,4758.3,1442,GC.v.0
2026-04-22 22:00:00+00:00,34,1,19181,4759.2,4763.6,4742.8,4743.2,1772,GC.v.0
2026-04-22 23:00:00+00:00,34,1,19181,4743.5,4746.8,4740.6,4745.0,1501,GC.v.0
2026-04-23 00:00:00+00:00,34,1,19181,4745.0,4771.3,4710.4,4765.5,10093,GC.v.0
2026-04-23 01:00:00+00:00,34,1,19181,4765.3,4767.5,4738.4,4739.4,5129,GC.v.0
2026-04-23 02:00:00+00:00,34,1,19181,4738.9,4740.9,4714.0,4714.4,7262,GC.v.0
2026-04-23 03:00:00+00:00,34,1,19181,4715.0,4724.8,4713.9,4719.9,3697,GC.v.0
2026-04-23 04:00:00+00:00,34,1,19181,4719.0,4722.7,4714.3,4720.1,1698,GC.v.0
2026-04-23 05:00:00+00:00,34,1,19181,4719.6,4731.1,4705.7,4729.0,4391,GC.v.0
2026-04-23 06:00:00+00:00,34,1,19181,4729.6,4739.0,4724.9,4730.1,6528,GC.v.0
2026-04-23 07:00:00+00:00,34,1,19181,4729.9,4737.4,4719.4,4736.1,7343,GC.v.0
2026-04-23 08:00:00+00:00,34,1,19181,4735.6,4742.1,4717.8,4719.6,3536,GC.v.0
2026-04-23 09:00:00+00:00,34,1,19181,4719.4,4720.0,4710.7,4713.5,5282,GC.v.0
2026-04-23 10:00:00+00:00,34,1,19181,4713.5,4717.9,4700.0,4712.6,5577,GC.v.0
2026-04-23 11:00:00+00:00,34,1,19181,4712.8,4737.8,4711.3,4737.4,4871,GC.v.0
2026-04-23 12:00:00+00:00,34,1,19181,4737.1,4761.7,4736.3,4757.7,12489,GC.v.0
2026-04-23 13:00:00+00:00,34,1,19181,4758.1,4759.1,4740.8,4742.0,8610,GC.v.0
2026-04-23 14:00:00+00:00,34,1,19181,4741.5,4754.0,4733.9,4750.6,8239,GC.v.0
2026-04-23 15:00:00+00:00,34,1,19181,4750.9,4758.2,4733.3,4737.3,6081,GC.v.0
2026-04-23 16:00:00+00:00,34,1,19181,4737.6,4754.1,4732.5,4749.8,4551,GC.v.0
2026-04-23 17:00:00+00:00,34,1,19181,4750.1,4751.7,4680.1,4725.6,22655,GC.v.0
2026-04-23 18:00:00+00:00,34,1,19181,4726.1,4738.7,4714.9,4717.2,5858,GC.v.0
2026-04-23 19:00:00+00:00,34,1,19181,4717.1,4720.6,4705.5,4712.8,4352,GC.v.0
2026-04-23 20:00:00+00:00,34,1,19181,4712.5,4714.8,4702.7,4708.6,1672,GC.v.0
2026-04-23 22:00:00+00:00,34,1,19181,4715.6,4719.8,4705.3,4708.5,1218,GC.v.0
2026-04-23 23:00:00+00:00,34,1,19181,4708.7,4716.1,4702.0,4710.8,1370,GC.v.0
2026-04-24 00:00:00+00:00,34,1,19181,4711.7,4723.1,4706.3,4719.8,2243,GC.v.0
2026-04-24 01:00:00+00:00,34,1,19181,4719.8,4726.7,4705.7,4715.1,3078,GC.v.0
2026-04-24 02:00:00+00:00,34,1,19181,4715.2,4716.4,4687.3,4692.4,3800,GC.v.0
2026-04-24 03:00:00+00:00,34,1,19181,4692.0,4693.5,4683.5,4687.2,2973,GC.v.0
2026-04-24 04:00:00+00:00,34,1,19181,4686.9,4691.5,4672.2,4689.3,4237,GC.v.0
2026-04-24 05:00:00+00:00,34,1,19181,4689.6,4702.3,4684.4,4701.5,2793,GC.v.0
2026-04-24 06:00:00+00:00,34,1,19181,4701.7,4703.1,4681.6,4687.1,3891,GC.v.0
2026-04-24 07:00:00+00:00,34,1,19181,4687.1,4710.7,4686.2,4709.4,3377,GC.v.0
2026-04-24 08:00:00+00:00,34,1,19181,4710.1,4712.7,4700.1,4705.5,2720,GC.v.0
2026-04-24 09:00:00+00:00,34,1,19181,4706.1,4711.9,4694.9,4697.7,5591,GC.v.0
2026-04-24 10:00:00+00:00,34,1,19181,4697.4,4701.5,4689.6,4693.0,2568,GC.v.0
2026-04-24 11:00:00+00:00,34,1,19181,4693.1,4733.9,4693.0,4723.2,9227,GC.v.0
2026-04-24 12:00:00+00:00,34,1,19181,4723.2,4727.9,4706.3,4716.9,5685,GC.v.0
2026-04-24 13:00:00+00:00,34,1,19181,4717.2,4734.2,4705.4,4727.9,7549,GC.v.0
2026-04-24 14:00:00+00:00,34,1,19181,4728.0,4757.1,4723.2,4743.2,13191,GC.v.0
2026-04-24 15:00:00+00:00,34,1,19181,4743.4,4750.4,4730.8,4743.9,6484,GC.v.0
2026-04-24 16:00:00+00:00,34,1,19181,4743.6,4746.5,4735.6,4743.7,2912,GC.v.0
2026-04-24 17:00:00+00:00,34,1,19181,4744.4,4747.0,4735.7,4740.1,3954,GC.v.0
2026-04-24 18:00:00+00:00,34,1,19181,4740.4,4741.5,4733.0,4738.7,1735,GC.v.0
2026-04-24 19:00:00+00:00,34,1,19181,4739.4,4742.4,4729.5,4732.1,2341,GC.v.0
2026-04-24 20:00:00+00:00,34,1,19181,4731.9,4733.4,4721.1,4725.4,2529,GC.v.0
2026-04-26 22:00:00+00:00,34,1,19181,4713.1,4719.8,4694.0,4699.6,3401,GC.v.0
2026-04-26 23:00:00+00:00,34,1,19181,4699.1,4700.0,4689.1,4694.8,1715,GC.v.0
2026-04-27 00:00:00+00:00,34,1,19181,4695.3,4713.1,4686.6,4712.4,2731,GC.v.0
2026-04-27 01:00:00+00:00,34,1,19181,4712.8,4724.8,4705.5,4717.1,4378,GC.v.0
2026-04-27 02:00:00+00:00,34,1,19181,4717.7,4738.3,4710.6,4732.9,3559,GC.v.0
2026-04-27 03:00:00+00:00,34,1,19181,4733.2,4744.8,4729.6,4739.8,2758,GC.v.0
2026-04-27 04:00:00+00:00,34,1,19181,4739.8,4745.8,4738.3,4740.5,1481,GC.v.0
2026-04-27 05:00:00+00:00,34,1,19181,4741.2,4741.2,4724.0,4725.7,2804,GC.v.0
2026-04-27 06:00:00+00:00,34,1,19181,4725.4,4730.9,4724.3,4727.6,2159,GC.v.0
2026-04-27 07:00:00+00:00,34,1,19181,4727.4,4733.5,4725.0,4727.9,1910,GC.v.0
2026-04-27 08:00:00+00:00,34,1,19181,4728.4,4730.0,4720.2,4722.0,2216,GC.v.0
2026-04-27 09:00:00+00:00,34,1,19181,4722.3,4723.6,4714.7,4719.1,3249,GC.v.0
2026-04-27 10:00:00+00:00,34,1,19181,4719.2,4726.4,4714.7,4724.3,1999,GC.v.0
2026-04-27 11:00:00+00:00,34,1,19181,4724.2,4724.5,4713.5,4719.7,2153,GC.v.0
2026-04-27 12:00:00+00:00,34,1,19181,4720.1,4728.0,4712.0,4714.1,5018,GC.v.0
2026-04-27 13:00:00+00:00,34,1,19181,4714.8,4718.9,4703.3,4711.6,6428,GC.v.0
2026-04-27 14:00:00+00:00,34,1,19181,4711.2,4712.2,4691.3,4693.2,8503,GC.v.0
2026-04-27 15:00:00+00:00,34,1,19181,4693.4,4697.1,4681.2,4684.8,8520,GC.v.0
2026-04-27 16:00:00+00:00,34,1,19181,4684.6,4694.3,4681.5,4691.1,3233,GC.v.0
2026-04-27 17:00:00+00:00,34,1,19181,4691.4,4700.9,4682.5,4697.2,5088,GC.v.0
2026-04-27 18:00:00+00:00,34,1,19181,4696.7,4700.2,4693.6,4695.7,1882,GC.v.0
2026-04-27 19:00:00+00:00,34,1,19181,4695.5,4697.9,4691.7,4695.9,2110,GC.v.0
2026-04-27 20:00:00+00:00,34,1,19181,4695.9,4697.8,4691.8,4697.7,773,GC.v.0
2026-04-27 22:00:00+00:00,34,1,19181,4697.5,4706.3,4697.0,4702.7,1183,GC.v.0
2026-04-27 23:00:00+00:00,34,1,19181,4703.3,4710.3,4702.1,4707.1,1030,GC.v.0
2026-04-28 00:00:00+00:00,34,1,19181,4707.1,4716.5,4705.2,4705.6,1768,GC.v.0
2026-04-28 01:00:00+00:00,34,1,19181,4705.2,4705.8,4681.4,4684.7,3549,GC.v.0
2026-04-28 02:00:00+00:00,34,1,19181,4684.6,4694.0,4679.9,4683.0,3651,GC.v.0
2026-04-28 03:00:00+00:00,34,1,19181,4682.9,4690.1,4682.3,4684.9,1966,GC.v.0
2026-04-28 04:00:00+00:00,34,1,19181,4684.6,4685.1,4679.7,4681.3,1967,GC.v.0
2026-04-28 05:00:00+00:00,34,1,19181,4681.4,4681.5,4638.0,4646.6,9431,GC.v.0
2026-04-28 06:00:00+00:00,34,1,19181,4645.9,4656.9,4636.5,4642.7,7369,GC.v.0
2026-04-28 07:00:00+00:00,34,1,19181,4642.6,4653.3,4634.4,4646.6,5779,GC.v.0
2026-04-28 08:00:00+00:00,34,1,19181,4647.0,4649.4,4628.3,4643.6,6089,GC.v.0
2026-04-28 09:00:00+00:00,34,1,19181,4643.4,4644.0,4617.7,4618.6,6978,GC.v.0
2026-04-28 10:00:00+00:00,34,1,19181,4618.4,4630.5,4616.7,4616.7,4189,GC.v.0
2026-04-28 11:00:00+00:00,34,1,19181,4616.6,4622.4,4568.0,4575.2,13906,GC.v.0
2026-04-28 12:00:00+00:00,34,1,19181,4575.6,4613.8,4567.6,4607.4,13939,GC.v.0
2026-04-28 13:00:00+00:00,34,1,19181,4607.0,4608.2,4583.7,4593.4,11676,GC.v.0
2026-04-28 14:00:00+00:00,34,1,19181,4593.0,4594.0,4570.0,4588.3,13764,GC.v.0
2026-04-28 15:00:00+00:00,34,1,19181,4587.9,4600.2,4580.5,4600.1,7001,GC.v.0
2026-04-28 16:00:00+00:00,34,1,19181,4600.0,4608.8,4591.4,4606.2,5398,GC.v.0
2026-04-28 17:00:00+00:00,34,1,19181,4606.3,4615.9,4601.0,4609.0,6250,GC.v.0
2026-04-28 18:00:00+00:00,34,1,19181,4609.4,4614.8,4606.0,4608.4,2154,GC.v.0
2026-04-28 19:00:00+00:00,34,1,19181,4608.5,4614.1,4607.3,4609.6,2067,GC.v.0
2026-04-28 20:00:00+00:00,34,1,19181,4609.4,4612.9,4605.7,4609.6,1391,GC.v.0
2026-04-28 22:00:00+00:00,34,1,19181,4611.4,4614.0,4606.3,4607.8,901,GC.v.0
2026-04-28 23:00:00+00:00,34,1,19181,4608.3,4610.5,4602.0,4609.7,1005,GC.v.0
2026-04-29 00:00:00+00:00,34,1,19181,4609.5,4624.3,4608.8,4613.7,3086,GC.v.0
2026-04-29 01:00:00+00:00,34,1,19181,4613.5,4613.5,4589.1,4598.1,4672,GC.v.0
2026-04-29 02:00:00+00:00,34,1,19181,4598.5,4617.7,4598.5,4606.9,2995,GC.v.0
2026-04-29 03:00:00+00:00,34,1,19181,4606.9,4616.7,4605.7,4608.6,1609,GC.v.0
2026-04-29 04:00:00+00:00,34,1,19181,4609.1,4619.3,4609.1,4618.1,1593,GC.v.0
2026-04-29 05:00:00+00:00,34,1,19181,4618.6,4621.3,4604.4,4604.7,1738,GC.v.0
2026-04-29 06:00:00+00:00,34,1,19181,4604.5,4612.3,4594.8,4598.1,4082,GC.v.0
2026-04-29 07:00:00+00:00,34,1,19181,4598.1,4603.2,4580.5,4581.4,6056,GC.v.0
2026-04-29 08:00:00+00:00,34,1,19181,4581.6,4590.0,4570.5,4586.1,5039,GC.v.0
2026-04-29 09:00:00+00:00,34,1,19181,4586.5,4594.3,4564.5,4568.3,6251,GC.v.0
2026-04-29 10:00:00+00:00,34,1,19181,4568.1,4589.5,4567.6,4582.7,3789,GC.v.0
2026-04-29 11:00:00+00:00,34,1,19181,4583.0,4585.6,4571.9,4574.7,3014,GC.v.0
2026-04-29 12:00:00+00:00,34,1,19181,4574.2,4582.1,4552.9,4557.4,6535,GC.v.0
2026-04-29 13:00:00+00:00,34,1,19181,4558.4,4566.0,4522.2,4534.7,15134,GC.v.0
2026-04-29 14:00:00+00:00,34,1,19181,4534.7,4556.4,4530.3,4551.9,10773,GC.v.0
2026-04-29 15:00:00+00:00,34,1,19181,4551.9,4572.0,4548.6,4560.2,9927,GC.v.0
2026-04-29 16:00:00+00:00,34,1,19181,4560.6,4578.3,4557.2,4559.0,7485,GC.v.0
2026-04-29 17:00:00+00:00,34,1,19181,4559.4,4568.5,4555.9,4561.8,5917,GC.v.0
2026-04-29 18:00:00+00:00,34,1,19181,4561.2,4567.0,4532.0,4552.7,9086,GC.v.0
2026-04-29 19:00:00+00:00,34,1,19181,4553.1,4565.0,4547.4,4560.8,4678,GC.v.0
2026-04-29 20:00:00+00:00,34,1,19181,4561.2,4567.3,4555.0,4557.3,2276,GC.v.0
2026-04-29 22:00:00+00:00,34,1,19181,4557.0,4564.9,4550.8,4563.6,1073,GC.v.0
2026-04-29 23:00:00+00:00,34,1,19181,4564.5,4574.2,4561.6,4573.8,873,GC.v.0
2026-04-30 00:00:00+00:00,34,1,19181,4573.6,4586.3,4568.2,4582.0,3140,GC.v.0
2026-04-30 01:00:00+00:00,34,1,19181,4581.7,4594.1,4576.4,4590.8,3385,GC.v.0
2026-04-30 02:00:00+00:00,34,1,19181,4591.1,4593.8,4571.1,4576.4,3481,GC.v.0
2026-04-30 03:00:00+00:00,34,1,19181,4576.4,4581.0,4566.9,4567.3,2239,GC.v.0
2026-04-30 04:00:00+00:00,34,1,19181,4567.4,4568.0,4552.2,4553.2,2536,GC.v.0
2026-04-30 05:00:00+00:00,34,1,19181,4553.7,4581.0,4553.0,4573.7,2739,GC.v.0
2026-04-30 06:00:00+00:00,34,1,19181,4573.7,4603.7,4570.9,4601.6,6521,GC.v.0
2026-04-30 07:00:00+00:00,34,1,19181,4601.8,4617.3,4596.5,4610.6,6343,GC.v.0
2026-04-30 08:00:00+00:00,34,1,19181,4610.5,4641.4,4609.2,4628.4,7643,GC.v.0
2026-04-30 09:00:00+00:00,34,1,19181,4628.7,4644.6,4626.3,4637.2,6193,GC.v.0
2026-04-30 10:00:00+00:00,34,1,19181,4637.2,4658.8,4635.5,4651.7,6077,GC.v.0
2026-04-30 11:00:00+00:00,34,1,19181,4651.9,4658.0,4639.5,4643.0,7963,GC.v.0
2026-04-30 12:00:00+00:00,34,1,19181,4643.3,4652.7,4635.0,4652.4,7125,GC.v.0
2026-04-30 13:00:00+00:00,34,1,19181,4652.5,4658.6,4622.4,4623.1,9667,GC.v.0
2026-04-30 14:00:00+00:00,34,1,19181,4623.2,4638.7,4621.3,4632.5,8486,GC.v.0
2026-04-30 15:00:00+00:00,34,1,19181,4633.3,4637.8,4623.7,4628.1,4482,GC.v.0
2026-04-30 16:00:00+00:00,34,1,19181,4628.2,4631.1,4618.0,4620.4,6227,GC.v.0
2026-04-30 17:00:00+00:00,34,1,19181,4620.9,4635.0,4620.8,4629.8,5616,GC.v.0
2026-04-30 18:00:00+00:00,34,1,19181,4630.0,4638.5,4629.6,4635.4,2507,GC.v.0
2026-04-30 19:00:00+00:00,34,1,19181,4635.5,4640.3,4627.7,4630.0,2560,GC.v.0
2026-04-30 20:00:00+00:00,34,1,19181,4630.4,4636.0,4628.3,4636.0,1197,GC.v.0
2026-04-30 22:00:00+00:00,34,1,19181,4636.9,4652.0,4636.9,4642.7,1515,GC.v.0
2026-04-30 23:00:00+00:00,34,1,19181,4643.2,4646.8,4638.8,4638.9,1160,GC.v.0
2026-05-01 00:00:00+00:00,34,1,19181,4639.0,4643.5,4630.5,4631.8,1386,GC.v.0
2026-05-01 01:00:00+00:00,34,1,19181,4631.6,4634.1,4625.9,4632.6,1665,GC.v.0
2026-05-01 02:00:00+00:00,34,1,19181,4632.6,4648.1,4628.0,4630.5,2534,GC.v.0
2026-05-01 03:00:00+00:00,34,1,19181,4630.1,4643.5,4628.9,4638.2,1655,GC.v.0
2026-05-01 04:00:00+00:00,34,1,19181,4637.8,4640.3,4620.3,4620.4,2465,GC.v.0
2026-05-01 05:00:00+00:00,34,1,19181,4620.7,4628.2,4614.1,4616.2,1948,GC.v.0
2026-05-01 06:00:00+00:00,34,1,19181,4616.2,4619.4,4602.2,4606.8,3081,GC.v.0
2026-05-01 07:00:00+00:00,34,1,19181,4606.0,4609.7,4586.8,4589.5,4404,GC.v.0
2026-05-01 08:00:00+00:00,34,1,19181,4589.7,4594.0,4575.9,4580.3,3488,GC.v.0
2026-05-01 09:00:00+00:00,34,1,19181,4580.1,4584.0,4570.0,4573.6,3185,GC.v.0
2026-05-01 10:00:00+00:00,34,1,19181,4573.7,4587.4,4572.4,4577.9,2133,GC.v.0
2026-05-01 11:00:00+00:00,34,1,19181,4577.8,4590.6,4573.0,4590.0,2494,GC.v.0
2026-05-01 12:00:00+00:00,34,1,19181,4589.5,4619.3,4586.0,4602.1,7432,GC.v.0
2026-05-01 13:00:00+00:00,34,1,19181,4601.6,4640.9,4596.9,4637.5,7903,GC.v.0
2026-05-01 14:00:00+00:00,34,1,19181,4636.9,4673.0,4635.8,4643.6,15056,GC.v.0
2026-05-01 15:00:00+00:00,34,1,19181,4644.0,4659.2,4630.4,4654.4,7918,GC.v.0
2026-05-01 16:00:00+00:00,34,1,19181,4654.0,4661.3,4644.9,4650.6,4044,GC.v.0
2026-05-01 17:00:00+00:00,34,1,19181,4650.2,4654.5,4638.4,4641.3,4040,GC.v.0
2026-05-01 18:00:00+00:00,34,1,19181,4641.7,4642.8,4625.3,4636.1,3133,GC.v.0
2026-05-01 19:00:00+00:00,34,1,19181,4636.2,4639.6,4621.0,4623.0,2640,GC.v.0
2026-05-01 20:00:00+00:00,34,1,19181,4623.0,4628.9,4619.0,4625.6,1469,GC.v.0
2026-05-03 22:00:00+00:00,34,1,19181,4644.0,4650.6,4623.5,4630.7,2495,GC.v.0
2026-05-03 23:00:00+00:00,34,1,19181,4630.0,4632.4,4622.4,4625.0,999,GC.v.0
2026-05-04 00:00:00+00:00,34,1,19181,4624.8,4627.9,4612.5,4623.6,1985,GC.v.0
2026-05-04 01:00:00+00:00,34,1,19181,4624.7,4625.4,4603.8,4624.2,2163,GC.v.0
2026-05-04 02:00:00+00:00,34,1,19181,4624.0,4629.9,4602.0,4616.9,2780,GC.v.0
2026-05-04 03:00:00+00:00,34,1,19181,4616.6,4628.4,4609.6,4626.1,2416,GC.v.0
2026-05-04 04:00:00+00:00,34,1,19181,4626.5,4626.5,4615.8,4616.6,1750,GC.v.0
2026-05-04 05:00:00+00:00,34,1,19181,4616.0,4624.0,4603.3,4610.2,2925,GC.v.0
2026-05-04 06:00:00+00:00,34,1,19181,4610.1,4611.9,4594.5,4599.7,2950,GC.v.0
2026-05-04 07:00:00+00:00,34,1,19181,4599.2,4604.4,4588.6,4589.7,2335,GC.v.0
2026-05-04 08:00:00+00:00,34,1,19181,4589.9,4592.6,4584.5,4587.5,2687,GC.v.0
2026-05-04 09:00:00+00:00,34,1,19181,4587.9,4595.3,4582.0,4586.0,1925,GC.v.0
2026-05-04 10:00:00+00:00,34,1,19181,4586.6,4586.9,4535.0,4573.2,12188,GC.v.0
2026-05-04 11:00:00+00:00,34,1,19181,4573.5,4581.8,4562.4,4571.1,4839,GC.v.0
2026-05-04 12:00:00+00:00,34,1,19181,4571.3,4590.4,4570.4,4579.3,5030,GC.v.0
2026-05-04 13:00:00+00:00,34,1,19181,4579.6,4588.1,4566.3,4575.0,6348,GC.v.0
2026-05-04 14:00:00+00:00,34,1,19181,4574.9,4594.7,4564.4,4572.7,7204,GC.v.0
2026-05-04 15:00:00+00:00,34,1,19181,4572.7,4577.9,4520.6,4531.6,17240,GC.v.0
2026-05-04 16:00:00+00:00,34,1,19181,4531.4,4537.1,4510.1,4520.4,12366,GC.v.0
2026-05-04 17:00:00+00:00,34,1,19181,4521.1,4541.8,4520.9,4532.5,5904,GC.v.0
2026-05-04 18:00:00+00:00,34,1,19181,4532.9,4535.2,4519.7,4526.3,2909,GC.v.0
2026-05-04 19:00:00+00:00,34,1,19181,4525.9,4536.9,4521.0,4527.6,4537,GC.v.0
2026-05-04 20:00:00+00:00,34,1,19181,4527.5,4533.9,4521.3,4532.4,1646,GC.v.0
2026-05-04 22:00:00+00:00,34,1,19181,4534.0,4535.9,4524.8,4527.0,943,GC.v.0
2026-05-04 23:00:00+00:00,34,1,19181,4526.8,4531.0,4525.7,4528.1,829,GC.v.0
2026-05-05 00:00:00+00:00,34,1,19181,4528.6,4540.1,4522.7,4538.9,2617,GC.v.0
2026-05-05 01:00:00+00:00,34,1,19181,4538.9,4551.5,4534.5,4550.4,2718,GC.v.0
2026-05-05 02:00:00+00:00,34,1,19181,4550.5,4556.4,4544.0,4548.2,2268,GC.v.0
2026-05-05 03:00:00+00:00,34,1,19181,4548.1,4551.7,4541.4,4543.3,1503,GC.v.0
2026-05-05 04:00:00+00:00,34,1,19181,4543.5,4545.8,4537.0,4543.0,1614,GC.v.0
2026-05-05 05:00:00+00:00,34,1,19181,4543.0,4561.2,4540.4,4555.3,2655,GC.v.0
2026-05-05 06:00:00+00:00,34,1,19181,4555.3,4561.5,4543.2,4557.5,3291,GC.v.0
2026-05-05 07:00:00+00:00,34,1,19181,4557.9,4568.1,4553.3,4555.4,3209,GC.v.0
2026-05-05 08:00:00+00:00,34,1,19181,4555.4,4569.4,4555.2,4568.2,2938,GC.v.0
2026-05-05 09:00:00+00:00,34,1,19181,4568.6,4570.5,4561.1,4566.5,3414,GC.v.0
2026-05-05 10:00:00+00:00,34,1,19181,4566.7,4567.2,4550.0,4554.1,2697,GC.v.0
2026-05-05 11:00:00+00:00,34,1,19181,4554.0,4575.5,4550.1,4572.9,3804,GC.v.0
2026-05-05 12:00:00+00:00,34,1,19181,4572.7,4585.4,4564.2,4574.7,5552,GC.v.0
2026-05-05 13:00:00+00:00,34,1,19181,4575.0,4596.2,4575.0,4589.8,8444,GC.v.0
2026-05-05 14:00:00+00:00,34,1,19181,4590.3,4597.5,4576.4,4593.3,8224,GC.v.0
2026-05-05 15:00:00+00:00,34,1,19181,4593.6,4595.1,4579.3,4579.4,3727,GC.v.0
2026-05-05 16:00:00+00:00,34,1,19181,4579.4,4579.9,4564.6,4572.1,5312,GC.v.0
2026-05-05 17:00:00+00:00,34,1,19181,4571.7,4573.6,4563.8,4570.3,3735,GC.v.0
2026-05-05 18:00:00+00:00,34,1,19181,4570.5,4576.5,4568.0,4571.7,1891,GC.v.0
2026-05-05 19:00:00+00:00,34,1,19181,4571.6,4572.0,4562.3,4566.0,2429,GC.v.0
2026-05-05 20:00:00+00:00,34,1,19181,4565.9,4570.8,4564.9,4567.8,955,GC.v.0
2026-05-05 22:00:00+00:00,34,1,19181,4569.3,4587.2,4556.1,4583.2,2653,GC.v.0
2026-05-05 23:00:00+00:00,34,1,19181,4583.5,4606.2,4579.4,4604.5,3309,GC.v.0
2026-05-06 00:00:00+00:00,34,1,19181,4604.1,4631.2,4598.3,4629.8,4358,GC.v.0
2026-05-06 01:00:00+00:00,34,1,19181,4629.9,4639.8,4620.4,4636.4,4923,GC.v.0
2026-05-06 02:00:00+00:00,34,1,19181,4636.2,4651.8,4635.8,4650.6,4205,GC.v.0
2026-05-06 03:00:00+00:00,34,1,19181,4650.6,4662.0,4648.0,4653.7,4615,GC.v.0
2026-05-06 04:00:00+00:00,34,1,19181,4653.6,4664.4,4653.3,4660.0,3395,GC.v.0
2026-05-06 05:00:00+00:00,34,1,19181,4660.0,4674.8,4655.6,4673.9,4888,GC.v.0
2026-05-06 06:00:00+00:00,34,1,19181,4673.9,4680.2,4667.8,4679.5,5105,GC.v.0
2026-05-06 07:00:00+00:00,34,1,19181,4679.8,4693.2,4668.5,4692.4,8659,GC.v.0
2026-05-06 08:00:00+00:00,34,1,19181,4692.7,4714.3,4682.8,4712.0,9333,GC.v.0
2026-05-06 09:00:00+00:00,34,1,19181,4712.0,4720.2,4699.7,4713.4,11532,GC.v.0
2026-05-06 10:00:00+00:00,34,1,19181,4713.3,4734.6,4707.4,4729.6,8836,GC.v.0
2026-05-06 11:00:00+00:00,34,1,19181,4729.4,4732.7,4702.0,4703.3,9071,GC.v.0
2026-05-06 12:00:00+00:00,34,1,19181,4703.3,4704.8,4671.0,4694.4,13134,GC.v.0
2026-05-06 13:00:00+00:00,34,1,19181,4694.1,4719.2,4679.5,4713.5,11253,GC.v.0
2026-05-06 14:00:00+00:00,34,1,19181,4713.4,4728.7,4708.8,4714.2,9807,GC.v.0
2026-05-06 15:00:00+00:00,34,1,19181,4714.2,4717.3,4699.2,4699.3,5321,GC.v.0
2026-05-06 16:00:00+00:00,34,1,19181,4699.0,4703.5,4690.6,4694.0,4511,GC.v.0
2026-05-06 17:00:00+00:00,34,1,19181,4693.9,4699.1,4689.8,4694.8,3991,GC.v.0
2026-05-06 18:00:00+00:00,34,1,19181,4695.1,4701.3,4692.7,4696.8,2207,GC.v.0
2026-05-06 19:00:00+00:00,34,1,19181,4697.1,4711.3,4697.1,4703.0,3521,GC.v.0
2026-05-06 20:00:00+00:00,34,1,19181,4703.5,4710.4,4695.8,4703.1,2059,GC.v.0
2026-05-06 22:00:00+00:00,34,1,19181,4702.2,4709.2,4698.0,4704.1,1580,GC.v.0
2026-05-06 23:00:00+00:00,34,1,19181,4703.7,4708.9,4699.3,4708.2,1385,GC.v.0
2026-05-07 00:00:00+00:00,34,1,19181,4708.3,4710.4,4694.2,4697.6,2466,GC.v.0
2026-05-07 01:00:00+00:00,34,1,19181,4697.4,4730.5,4694.0,4723.7,6493,GC.v.0
2026-05-07 02:00:00+00:00,34,1,19181,4723.4,4727.3,4708.2,4716.0,2541,GC.v.0
2026-05-07 03:00:00+00:00,34,1,19181,4715.2,4718.6,4707.5,4707.7,1456,GC.v.0
2026-05-07 04:00:00+00:00,34,1,19181,4707.7,4709.5,4700.4,4705.1,2267,GC.v.0
2026-05-07 05:00:00+00:00,34,1,19181,4705.0,4715.4,4703.1,4709.4,2228,GC.v.0
2026-05-07 06:00:00+00:00,34,1,19181,4709.5,4759.4,4709.5,4748.6,7544,GC.v.0
2026-05-07 07:00:00+00:00,34,1,19181,4747.8,4760.5,4741.0,4752.5,5896,GC.v.0
2026-05-07 08:00:00+00:00,34,1,19181,4753.2,4763.6,4740.9,4741.1,6407,GC.v.0
2026-05-07 09:00:00+00:00,34,1,19181,4741.4,4749.0,4732.0,4738.4,5281,GC.v.0
2026-05-07 10:00:00+00:00,34,1,19181,4738.1,4749.6,4736.0,4745.0,2777,GC.v.0
2026-05-07 11:00:00+00:00,34,1,19181,4745.4,4753.0,4736.4,4752.0,3751,GC.v.0
2026-05-07 12:00:00+00:00,34,1,19181,4752.1,4762.7,4741.7,4760.1,7363,GC.v.0
2026-05-07 13:00:00+00:00,34,1,19181,4760.2,4768.5,4741.0,4756.5,9570,GC.v.0
2026-05-07 14:00:00+00:00,34,1,19181,4756.0,4774.0,4751.1,4773.3,10142,GC.v.0
2026-05-07 15:00:00+00:00,34,1,19181,4773.4,4775.2,4736.1,4739.1,8286,GC.v.0
2026-05-07 16:00:00+00:00,34,1,19181,4739.3,4739.9,4712.6,4724.8,8997,GC.v.0
2026-05-07 17:00:00+00:00,34,1,19181,4725.0,4729.5,4696.6,4721.1,11237,GC.v.0
2026-05-07 18:00:00+00:00,34,1,19181,4721.0,4725.5,4704.6,4719.1,4860,GC.v.0
2026-05-07 19:00:00+00:00,34,1,19181,4719.6,4722.5,4707.0,4712.9,3806,GC.v.0
2026-05-07 20:00:00+00:00,34,1,19181,4713.0,4729.1,4693.3,4696.0,3527,GC.v.0
2026-05-07 22:00:00+00:00,34,1,19181,4682.5,4708.5,4671.0,4694.9,3863,GC.v.0
2026-05-07 23:00:00+00:00,34,1,19181,4694.4,4714.4,4693.9,4713.2,1584,GC.v.0
2026-05-08 00:00:00+00:00,34,1,19181,4713.4,4718.5,4702.7,4710.0,2346,GC.v.0
2026-05-08 01:00:00+00:00,34,1,19181,4710.1,4734.3,4709.1,4731.2,4060,GC.v.0
2026-05-08 02:00:00+00:00,34,1,19181,4731.1,4741.4,4715.4,4721.7,3461,GC.v.0
2026-05-08 03:00:00+00:00,34,1,19181,4721.6,4739.8,4719.3,4728.1,2183,GC.v.0
2026-05-08 04:00:00+00:00,34,1,19181,4728.6,4731.9,4716.6,4719.4,2196,GC.v.0
2026-05-08 05:00:00+00:00,34,1,19181,4719.6,4740.0,4718.3,4736.0,2003,GC.v.0
2026-05-08 06:00:00+00:00,34,1,19181,4736.5,4743.5,4721.1,4734.3,3804,GC.v.0
2026-05-08 07:00:00+00:00,34,1,19181,4734.0,4734.9,4706.2,4717.4,6059,GC.v.0
2026-05-08 08:00:00+00:00,34,1,19181,4717.2,4732.9,4715.9,4724.8,2358,GC.v.0
2026-05-08 09:00:00+00:00,34,1,19181,4725.4,4732.5,4716.9,4721.6,3073,GC.v.0
2026-05-08 10:00:00+00:00,34,1,19181,4721.4,4737.8,4720.7,4729.4,2321,GC.v.0
2026-05-08 11:00:00+00:00,34,1,19181,4730.1,4737.0,4723.2,4727.5,2398,GC.v.0
2026-05-08 12:00:00+00:00,34,1,19181,4727.5,4741.6,4709.6,4734.1,9122,GC.v.0
2026-05-08 13:00:00+00:00,34,1,19181,4733.4,4758.6,4725.7,4757.8,10069,GC.v.0
2026-05-08 14:00:00+00:00,34,1,19181,4757.8,4760.4,4723.1,4725.7,10635,GC.v.0
2026-05-08 15:00:00+00:00,34,1,19181,4725.8,4730.8,4711.5,4716.6,7741,GC.v.0
2026-05-08 16:00:00+00:00,34,1,19181,4716.4,4729.9,4715.0,4721.9,4032,GC.v.0
2026-05-08 17:00:00+00:00,34,1,19181,4721.9,4732.1,4721.7,4730.4,3874,GC.v.0
2026-05-08 18:00:00+00:00,34,1,19181,4730.4,4738.6,4729.3,4731.9,2409,GC.v.0
2026-05-08 19:00:00+00:00,34,1,19181,4731.5,4736.4,4730.6,4733.4,1913,GC.v.0
2026-05-08 20:00:00+00:00,34,1,19181,4733.8,4733.9,4723.3,4723.7,1640,GC.v.0
2026-05-10 22:00:00+00:00,34,1,19181,4690.0,4710.0,4680.1,4700.1,3602,GC.v.0
2026-05-10 23:00:00+00:00,34,1,19181,4700.0,4707.5,4697.3,4700.3,1680,GC.v.0
2026-05-11 00:00:00+00:00,34,1,19181,4699.9,4702.1,4678.4,4692.5,4559,GC.v.0
2026-05-11 01:00:00+00:00,34,1,19181,4692.0,4714.1,4683.5,4694.2,5788,GC.v.0
2026-05-11 02:00:00+00:00,34,1,19181,4694.7,4709.0,4684.7,4690.0,4981,GC.v.0
2026-05-11 03:00:00+00:00,34,1,19181,4689.6,4698.3,4683.1,4686.6,2549,GC.v.0
2026-05-11 04:00:00+00:00,34,1,19181,4686.4,4687.7,4675.9,4679.8,2580,GC.v.0
2026-05-11 05:00:00+00:00,34,1,19181,4679.8,4688.8,4655.1,4659.6,6054,GC.v.0
2026-05-11 06:00:00+00:00,34,1,19181,4659.5,4688.7,4656.6,4686.7,5495,GC.v.0
2026-05-11 07:00:00+00:00,34,1,19181,4686.9,4688.6,4672.8,4676.4,3167,GC.v.0
2026-05-11 08:00:00+00:00,34,1,19181,4676.3,4687.5,4672.8,4675.9,3051,GC.v.0
2026-05-11 09:00:00+00:00,34,1,19181,4675.6,4678.4,4658.7,4665.3,5908,GC.v.0
2026-05-11 10:00:00+00:00,34,1,19181,4665.0,4675.9,4664.5,4672.2,2877,GC.v.0
2026-05-11 11:00:00+00:00,34,1,19181,4672.6,4686.0,4672.6,4683.3,3315,GC.v.0
2026-05-11 12:00:00+00:00,34,1,19181,4682.9,4710.2,4675.9,4708.7,10217,GC.v.0
2026-05-11 13:00:00+00:00,34,1,19181,4708.9,4758.4,4707.3,4745.7,18952,GC.v.0
2026-05-11 14:00:00+00:00,34,1,19181,4745.7,4748.5,4724.6,4735.4,11240,GC.v.0
2026-05-11 15:00:00+00:00,34,1,19181,4735.3,4748.1,4732.2,4741.8,4807,GC.v.0
2026-05-11 16:00:00+00:00,34,1,19181,4742.0,4743.2,4716.8,4726.1,5552,GC.v.0
2026-05-11 17:00:00+00:00,34,1,19181,4726.0,4734.2,4725.4,4733.0,4021,GC.v.0
2026-05-11 18:00:00+00:00,34,1,19181,4733.1,4738.8,4730.1,4733.8,2394,GC.v.0
2026-05-11 19:00:00+00:00,34,1,19181,4734.2,4746.5,4731.8,4743.5,3450,GC.v.0
2026-05-11 20:00:00+00:00,34,1,19181,4743.7,4748.5,4739.5,4745.6,1692,GC.v.0
2026-05-11 22:00:00+00:00,34,1,19181,4745.3,4766.8,4745.2,4760.7,3107,GC.v.0
2026-05-11 23:00:00+00:00,34,1,19181,4760.5,4780.3,4755.2,4777.2,4138,GC.v.0
2026-05-12 00:00:00+00:00,34,1,19181,4776.7,4783.4,4757.8,4759.3,4475,GC.v.0
2026-05-12 01:00:00+00:00,34,1,19181,4758.9,4765.6,4729.8,4736.6,5216,GC.v.0
2026-05-12 02:00:00+00:00,34,1,19181,4736.3,4743.4,4731.1,4739.8,2687,GC.v.0
2026-05-12 03:00:00+00:00,34,1,19181,4739.5,4742.4,4726.8,4729.6,2379,GC.v.0
2026-05-12 04:00:00+00:00,34,1,19181,4729.1,4739.6,4720.1,4723.1,2525,GC.v.0
2026-05-12 05:00:00+00:00,34,1,19181,4722.5,4731.0,4717.5,4723.2,3754,GC.v.0
2026-05-12 06:00:00+00:00,34,1,19181,4722.6,4722.6,4701.6,4705.4,6217,GC.v.0
2026-05-12 07:00:00+00:00,34,1,19181,4705.0,4711.7,4692.4,4707.8,4237,GC.v.0
2026-05-12 08:00:00+00:00,34,1,19181,4707.5,4714.8,4704.6,4710.9,2327,GC.v.0
2026-05-12 09:00:00+00:00,34,1,19181,4710.7,4713.3,4702.2,4707.6,3326,GC.v.0
2026-05-12 10:00:00+00:00,34,1,19181,4708.0,4716.7,4692.8,4701.9,4316,GC.v.0
2026-05-12 11:00:00+00:00,34,1,19181,4702.4,4717.2,4694.7,4714.6,3403,GC.v.0
2026-05-12 12:00:00+00:00,34,1,19181,4714.5,4719.8,4697.4,4713.8,8168,GC.v.0
2026-05-12 13:00:00+00:00,34,1,19181,4713.6,4717.1,4684.5,4687.0,10654,GC.v.0
2026-05-12 14:00:00+00:00,34,1,19181,4686.5,4703.0,4676.0,4680.0,8951,GC.v.0
2026-05-12 15:00:00+00:00,34,1,19181,4680.0,4683.6,4645.2,4673.1,13966,GC.v.0
2026-05-12 16:00:00+00:00,34,1,19181,4673.5,4682.4,4671.3,4678.1,4044,GC.v.0
2026-05-12 17:00:00+00:00,34,1,19181,4678.4,4689.8,4678.4,4685.7,5359,GC.v.0
2026-05-12 18:00:00+00:00,34,1,19181,4685.7,4705.5,4683.0,4703.0,3685,GC.v.0
2026-05-12 19:00:00+00:00,34,1,19181,4704.1,4723.3,4703.6,4723.2,3543,GC.v.0
2026-05-12 20:00:00+00:00,34,1,19181,4722.8,4726.7,4719.4,4722.6,1679,GC.v.0
2026-05-12 22:00:00+00:00,34,1,19181,4722.3,4730.2,4720.3,4724.6,1841,GC.v.0
2026-05-12 23:00:00+00:00,34,1,19181,4724.5,4731.6,4723.0,4724.7,2488,GC.v.0
2026-05-13 00:00:00+00:00,34,1,19181,4724.5,4734.8,4721.0,4723.0,2729,GC.v.0
2026-05-13 01:00:00+00:00,34,1,19181,4722.6,4725.1,4709.2,4710.9,4245,GC.v.0
2026-05-13 02:00:00+00:00,34,1,19181,4710.5,4715.7,4696.0,4700.6,3704,GC.v.0
2026-05-13 03:00:00+00:00,34,1,19181,4700.5,4714.3,4697.1,4703.8,2944,GC.v.0
2026-05-13 04:00:00+00:00,34,1,19181,4704.5,4711.4,4703.4,4707.9,1227,GC.v.0
2026-05-13 05:00:00+00:00,34,1,19181,4707.5,4715.7,4701.3,4711.4,2272,GC.v.0
2026-05-13 06:00:00+00:00,34,1,19181,4711.8,4723.1,4706.9,4709.8,4186,GC.v.0
2026-05-13 07:00:00+00:00,34,1,19181,4709.8,4716.6,4704.8,4710.4,3690,GC.v.0
2026-05-13 08:00:00+00:00,34,1,19181,4710.3,4712.0,4701.8,4707.7,2474,GC.v.0
2026-05-13 09:00:00+00:00,34,1,19181,4707.8,4709.2,4692.3,4709.0,4175,GC.v.0
2026-05-13 10:00:00+00:00,34,1,19181,4708.4,4718.2,4701.0,4701.6,2680,GC.v.0
2026-05-13 11:00:00+00:00,34,1,19181,4701.8,4713.9,4698.6,4705.2,2399,GC.v.0
2026-05-13 12:00:00+00:00,34,1,19181,4704.9,4709.4,4682.0,4690.7,8330,GC.v.0
2026-05-13 13:00:00+00:00,34,1,19181,4690.6,4702.0,4676.0,4686.2,8982,GC.v.0
2026-05-13 14:00:00+00:00,34,1,19181,4686.2,4698.3,4679.8,4686.8,7043,GC.v.0
2026-05-13 15:00:00+00:00,34,1,19181,4687.1,4708.0,4686.0,4703.3,4883,GC.v.0
2026-05-13 16:00:00+00:00,34,1,19181,4703.0,4717.9,4702.8,4703.5,5608,GC.v.0
2026-05-13 17:00:00+00:00,34,1,19181,4703.7,4709.2,4692.6,4693.4,4823,GC.v.0
2026-05-13 18:00:00+00:00,34,1,19181,4693.8,4702.0,4685.5,4692.9,2727,GC.v.0
2026-05-13 19:00:00+00:00,34,1,19181,4692.6,4698.6,4691.3,4696.1,1969,GC.v.0
2026-05-13 20:00:00+00:00,34,1,19181,4696.0,4701.4,4693.7,4697.1,947,GC.v.0
2026-05-13 22:00:00+00:00,34,1,19181,4696.8,4707.3,4695.5,4706.4,1172,GC.v.0
2026-05-13 23:00:00+00:00,34,1,19181,4706.2,4709.0,4699.7,4703.5,832,GC.v.0
2026-05-14 00:00:00+00:00,34,1,19181,4703.1,4713.7,4696.2,4712.0,1994,GC.v.0
2026-05-14 01:00:00+00:00,34,1,19181,4712.2,4714.0,4690.2,4695.0,3581,GC.v.0
2026-05-14 02:00:00+00:00,34,1,19181,4695.5,4706.5,4686.0,4692.7,2449,GC.v.0
2026-05-14 03:00:00+00:00,34,1,19181,4692.8,4699.4,4679.3,4680.8,2835,GC.v.0
2026-05-14 04:00:00+00:00,34,1,19181,4680.8,4719.7,4673.2,4709.2,5379,GC.v.0
2026-05-14 05:00:00+00:00,34,1,19181,4709.5,4711.2,4696.0,4696.3,2533,GC.v.0
2026-05-14 06:00:00+00:00,34,1,19181,4696.2,4709.3,4692.7,4707.2,3195,GC.v.0
2026-05-14 07:00:00+00:00,34,1,19181,4706.7,4725.8,4697.7,4700.1,5398,GC.v.0
2026-05-14 08:00:00+00:00,34,1,19181,4699.5,4713.6,4698.9,4700.3,2963,GC.v.0
2026-05-14 09:00:00+00:00,34,1,19181,4699.8,4709.3,4694.6,4706.1,2669,GC.v.0
2026-05-14 10:00:00+00:00,34,1,19181,4706.0,4711.9,4698.0,4704.1,2095,GC.v.0
2026-05-14 11:00:00+00:00,34,1,19181,4703.5,4711.6,4695.9,4700.4,2357,GC.v.0
2026-05-14 12:00:00+00:00,34,1,19181,4700.2,4716.9,4698.4,4711.8,6330,GC.v.0
2026-05-14 13:00:00+00:00,34,1,19181,4712.2,4715.2,4671.3,4685.2,12573,GC.v.0
2026-05-14 14:00:00+00:00,34,1,19181,4685.0,4707.3,4683.0,4685.7,7667,GC.v.0
2026-05-14 15:00:00+00:00,34,1,19181,4685.6,4695.8,4683.0,4691.9,3876,GC.v.0
2026-05-14 16:00:00+00:00,34,1,19181,4692.1,4693.5,4676.1,4684.8,4316,GC.v.0
2026-05-14 17:00:00+00:00,34,1,19181,4684.4,4689.6,4682.7,4684.2,3613,GC.v.0
2026-05-14 18:00:00+00:00,34,1,19181,4684.5,4684.5,4672.5,4677.3,2711,GC.v.0
2026-05-14 19:00:00+00:00,34,1,19181,4677.4,4677.4,4658.0,4659.5,5134,GC.v.0
2026-05-14 20:00:00+00:00,34,1,19181,4659.6,4663.0,4649.3,4655.4,2568,GC.v.0
2026-05-14 22:00:00+00:00,34,1,19181,4654.5,4667.0,4651.0,4666.7,1994,GC.v.0
2026-05-14 23:00:00+00:00,34,1,19181,4666.4,4670.1,4651.0,4656.7,2892,GC.v.0
2026-05-15 00:00:00+00:00,34,1,19181,4656.4,4662.8,4618.3,4635.1,8038,GC.v.0
2026-05-15 01:00:00+00:00,34,1,19181,4635.0,4636.7,4611.0,4617.9,6794,GC.v.0
2026-05-15 02:00:00+00:00,34,1,19181,4617.9,4627.4,4613.5,4621.9,3440,GC.v.0
2026-05-15 03:00:00+00:00,34,1,19181,4621.6,4626.5,4611.3,4619.8,2942,GC.v.0
2026-05-15 04:00:00+00:00,34,1,19181,4619.3,4625.9,4608.2,4610.0,2773,GC.v.0
2026-05-15 05:00:00+00:00,34,1,19181,4610.0,4610.6,4560.1,4562.9,11477,GC.v.0
2026-05-15 06:00:00+00:00,34,1,19181,4562.4,4585.4,4560.5,4574.5,7855,GC.v.0
2026-05-15 07:00:00+00:00,34,1,19181,4573.9,4593.8,4569.8,4575.7,7960,GC.v.0
2026-05-15 08:00:00+00:00,34,1,19181,4575.6,4576.9,4553.2,4558.9,8112,GC.v.0
2026-05-15 09:00:00+00:00,34,1,19181,4559.0,4568.2,4535.4,4549.8,8791,GC.v.0
2026-05-15 10:00:00+00:00,34,1,19181,4549.9,4577.0,4548.0,4570.2,7429,GC.v.0
2026-05-15 11:00:00+00:00,34,1,19181,4570.5,4574.8,4554.0,4555.9,4529,GC.v.0
2026-05-15 12:00:00+00:00,34,1,19181,4556.0,4562.7,4546.3,4550.2,7931,GC.v.0
2026-05-15 13:00:00+00:00,34,1,19181,4550.1,4561.9,4513.8,4537.3,17194,GC.v.0
2026-05-15 14:00:00+00:00,34,1,19181,4536.9,4570.9,4529.3,4566.8,12561,GC.v.0
2026-05-15 15:00:00+00:00,34,1,19181,4567.3,4568.0,4538.0,4543.8,6627,GC.v.0
2026-05-15 16:00:00+00:00,34,1,19181,4543.8,4552.4,4533.2,4548.7,5183,GC.v.0
2026-05-15 17:00:00+00:00,34,1,19181,4548.5,4568.7,4547.2,4564.0,6208,GC.v.0
2026-05-15 18:00:00+00:00,34,1,19181,4564.3,4567.3,4556.5,4563.4,2280,GC.v.0
2026-05-15 19:00:00+00:00,34,1,19181,4563.9,4564.2,4548.9,4549.8,3446,GC.v.0
2026-05-15 20:00:00+00:00,34,1,19181,4550.2,4550.7,4537.0,4543.6,1815,GC.v.0
2026-05-17 22:00:00+00:00,34,1,19181,4547.6,4559.0,4531.9,4549.7,3109,GC.v.0
2026-05-17 23:00:00+00:00,34,1,19181,4550.2,4551.4,4535.1,4540.9,1871,GC.v.0
2026-05-18 00:00:00+00:00,34,1,19181,4541.0,4546.0,4483.5,4518.5,9571,GC.v.0
2026-05-18 01:00:00+00:00,34,1,19181,4518.1,4538.6,4492.1,4527.9,8522,GC.v.0
2026-05-18 02:00:00+00:00,34,1,19181,4527.9,4545.9,4524.9,4536.4,4315,GC.v.0
2026-05-18 03:00:00+00:00,34,1,19181,4537.0,4551.4,4528.0,4544.9,4272,GC.v.0
2026-05-18 04:00:00+00:00,34,1,19181,4545.2,4553.8,4533.4,4544.2,5168,GC.v.0
2026-05-18 05:00:00+00:00,34,1,19181,4544.8,4556.0,4533.6,4534.6,5037,GC.v.0
2026-05-18 06:00:00+00:00,34,1,19181,4534.3,4551.8,4533.1,4550.5,4915,GC.v.0
2026-05-18 07:00:00+00:00,34,1,19181,4551.0,4564.0,4541.6,4550.0,4884,GC.v.0
2026-05-18 08:00:00+00:00,34,1,19181,4550.0,4560.9,4546.0,4553.8,2838,GC.v.0
2026-05-18 09:00:00+00:00,34,1,19181,4553.9,4555.7,4543.8,4547.0,3132,GC.v.0
2026-05-18 10:00:00+00:00,34,1,19181,4546.4,4551.4,4535.6,4543.4,3728,GC.v.0
2026-05-18 11:00:00+00:00,34,1,19181,4543.5,4571.9,4533.5,4554.2,7260,GC.v.0
2026-05-18 12:00:00+00:00,34,1,19181,4554.4,4579.4,4548.8,4575.2,8213,GC.v.0
2026-05-18 13:00:00+00:00,34,1,19181,4575.4,4588.6,4565.4,4579.9,10710,GC.v.0
2026-05-18 14:00:00+00:00,34,1,19181,4579.9,4579.9,4542.1,4550.8,12205,GC.v.0
2026-05-18 15:00:00+00:00,34,1,19181,4551.0,4552.4,4536.2,4547.7,7019,GC.v.0
2026-05-18 16:00:00+00:00,34,1,19181,4548.6,4558.7,4537.6,4554.4,6051,GC.v.0
2026-05-18 17:00:00+00:00,34,1,19181,4554.3,4562.5,4549.8,4551.4,4755,GC.v.0
2026-05-18 18:00:00+00:00,34,1,19181,4551.3,4552.4,4538.3,4539.8,3135,GC.v.0
2026-05-18 19:00:00+00:00,34,1,19181,4539.9,4569.5,4539.1,4562.9,6308,GC.v.0
2026-05-18 20:00:00+00:00,34,1,19181,4563.3,4571.6,4562.4,4570.8,1284,GC.v.0
2026-05-18 22:00:00+00:00,34,1,19181,4570.6,4582.3,4570.6,4578.2,1325,GC.v.0
2026-05-18 23:00:00+00:00,34,1,19181,4578.2,4593.2,4577.9,4585.5,2102,GC.v.0
2026-05-19 00:00:00+00:00,34,1,19181,4585.4,4593.1,4564.7,4566.3,3780,GC.v.0
2026-05-19 01:00:00+00:00,34,1,19181,4565.6,4575.4,4557.6,4567.0,3545,GC.v.0
2026-05-19 02:00:00+00:00,34,1,19181,4566.7,4566.7,4548.6,4550.3,3927,GC.v.0
2026-05-19 03:00:00+00:00,34,1,19181,4549.9,4558.1,4545.2,4548.2,3526,GC.v.0
2026-05-19 04:00:00+00:00,34,1,19181,4547.8,4548.8,4540.9,4545.4,1940,GC.v.0
2026-05-19 05:00:00+00:00,34,1,19181,4545.6,4549.9,4533.9,4543.8,4377,GC.v.0
2026-05-19 06:00:00+00:00,34,1,19181,4543.7,4557.1,4536.5,4551.3,4835,GC.v.0
2026-05-19 07:00:00+00:00,34,1,19181,4550.4,4562.7,4544.7,4560.7,4445,GC.v.0
2026-05-19 08:00:00+00:00,34,1,19181,4560.7,4562.5,4539.1,4546.4,4854,GC.v.0
2026-05-19 09:00:00+00:00,34,1,19181,4545.8,4550.0,4538.8,4545.0,3496,GC.v.0
2026-05-19 10:00:00+00:00,34,1,19181,4544.5,4548.0,4528.6,4547.9,4278,GC.v.0
2026-05-19 11:00:00+00:00,34,1,19181,4547.7,4551.5,4533.1,4534.0,3369,GC.v.0
2026-05-19 12:00:00+00:00,34,1,19181,4533.8,4550.9,4530.3,4541.6,4780,GC.v.0
2026-05-19 13:00:00+00:00,34,1,19181,4540.4,4541.0,4467.1,4506.7,29434,GC.v.0
2026-05-19 14:00:00+00:00,34,1,19181,4506.6,4517.0,4487.0,4496.9,14077,GC.v.0
2026-05-19 15:00:00+00:00,34,1,19181,4497.9,4512.9,4492.8,4511.7,5828,GC.v.0
2026-05-19 16:00:00+00:00,34,1,19181,4512.0,4516.0,4499.5,4511.2,3623,GC.v.0
2026-05-19 17:00:00+00:00,34,1,19181,4511.0,4514.6,4502.6,4504.6,3919,GC.v.0
2026-05-19 18:00:00+00:00,34,1,19181,4504.5,4507.5,4493.1,4496.8,2125,GC.v.0
2026-05-19 19:00:00+00:00,34,1,19181,4496.4,4500.7,4484.8,4487.0,2584,GC.v.0
2026-05-19 20:00:00+00:00,34,1,19181,4486.9,4491.9,4484.3,4485.4,1431,GC.v.0
2026-05-19 22:00:00+00:00,34,1,19181,4486.6,4488.8,4480.0,4487.6,1197,GC.v.0
2026-05-19 23:00:00+00:00,34,1,19181,4486.5,4499.5,4482.9,4491.8,1941,GC.v.0
2026-05-20 00:00:00+00:00,34,1,19181,4492.2,4512.0,4482.2,4503.9,3351,GC.v.0
2026-05-20 01:00:00+00:00,34,1,19181,4503.8,4509.3,4458.0,4484.3,6840,GC.v.0
2026-05-20 02:00:00+00:00,34,1,19181,4484.0,4489.6,4460.6,4467.2,4389,GC.v.0
2026-05-20 03:00:00+00:00,34,1,19181,4467.4,4469.2,4455.0,4466.0,3688,GC.v.0
2026-05-20 04:00:00+00:00,34,1,19181,4465.8,4472.5,4458.6,4464.2,2161,GC.v.0
2026-05-20 05:00:00+00:00,34,1,19181,4464.0,4481.8,4463.8,4475.2,3286,GC.v.0
2026-05-20 06:00:00+00:00,34,1,19181,4474.8,4481.1,4463.6,4476.7,4386,GC.v.0
2026-05-20 07:00:00+00:00,34,1,19181,4476.4,4488.7,4474.5,4480.9,4143,GC.v.0
2026-05-20 08:00:00+00:00,34,1,19181,4481.1,4492.8,4479.1,4486.5,3751,GC.v.0
2026-05-20 09:00:00+00:00,34,1,19181,4486.2,4494.2,4475.1,4487.5,4610,GC.v.0
2026-05-20 10:00:00+00:00,34,1,19181,4487.5,4499.8,4487.3,4497.1,3276,GC.v.0
2026-05-20 11:00:00+00:00,34,1,19181,4497.5,4503.7,4493.1,4501.2,2974,GC.v.0
2026-05-20 12:00:00+00:00,34,1,19181,4501.0,4508.1,4495.3,4499.0,4497,GC.v.0
2026-05-20 13:00:00+00:00,34,1,19181,4499.0,4509.0,4484.6,4485.7,7815,GC.v.0
2026-05-20 14:00:00+00:00,34,1,19181,4485.5,4540.5,4469.1,4534.4,18990,GC.v.0
2026-05-20 15:00:00+00:00,34,1,19181,4534.8,4558.4,4526.5,4532.1,11572,GC.v.0
2026-05-20 16:00:00+00:00,34,1,19181,4532.1,4538.8,4527.1,4537.5,4032,GC.v.0
2026-05-20 17:00:00+00:00,34,1,19181,4537.7,4542.0,4533.0,4535.1,4715,GC.v.0
2026-05-20 18:00:00+00:00,34,1,19181,4534.6,4548.5,4532.3,4545.6,2700,GC.v.0
2026-05-20 19:00:00+00:00,34,1,19181,4545.8,4553.8,4544.9,4548.1,3179,GC.v.0
2026-05-20 20:00:00+00:00,34,1,19181,4548.4,4553.2,4544.5,4546.2,2202,GC.v.0
2026-05-20 22:00:00+00:00,34,1,19181,4548.0,4549.9,4536.0,4541.2,2137,GC.v.0
2026-05-20 23:00:00+00:00,34,1,19181,4540.9,4548.6,4535.6,4548.0,1263,GC.v.0
2026-05-21 00:00:00+00:00,34,1,19181,4548.3,4554.6,4538.7,4547.0,1972,GC.v.0
2026-05-21 01:00:00+00:00,34,1,19181,4548.0,4572.4,4541.4,4562.9,5155,GC.v.0
2026-05-21 02:00:00+00:00,34,1,19181,4562.6,4566.8,4533.2,4535.3,3266,GC.v.0
2026-05-21 03:00:00+00:00,34,1,19181,4534.6,4541.7,4528.3,4530.0,2216,GC.v.0
2026-05-21 04:00:00+00:00,34,1,19181,4529.4,4541.6,4528.4,4540.0,1271,GC.v.0
2026-05-21 05:00:00+00:00,34,1,19181,4539.8,4541.6,4519.0,4528.9,3019,GC.v.0
2026-05-21 06:00:00+00:00,34,1,19181,4528.0,4541.2,4520.0,4523.1,4122,GC.v.0
2026-05-21 07:00:00+00:00,34,1,19181,4522.9,4525.8,4513.2,4520.8,3511,GC.v.0
2026-05-21 08:00:00+00:00,34,1,19181,4520.9,4538.2,4519.2,4534.3,3789,GC.v.0
2026-05-21 09:00:00+00:00,34,1,19181,4533.7,4544.2,4528.8,4531.7,3522,GC.v.0
2026-05-21 10:00:00+00:00,34,1,19181,4531.6,4537.6,4505.7,4511.9,5523,GC.v.0
2026-05-21 11:00:00+00:00,34,1,19181,4512.3,4522.5,4508.8,4515.0,2720,GC.v.0
2026-05-21 12:00:00+00:00,34,1,19181,4515.2,4520.2,4501.4,4505.0,5864,GC.v.0
2026-05-21 13:00:00+00:00,34,1,19181,4505.1,4522.3,4488.3,4513.7,11646,GC.v.0
2026-05-21 14:00:00+00:00,34,1,19181,4514.1,4516.7,4499.2,4510.0,7657,GC.v.0
2026-05-21 15:00:00+00:00,34,1,19181,4510.5,4517.0,4498.0,4513.0,4521,GC.v.0
2026-05-21 16:00:00+00:00,34,1,19181,4513.2,4522.4,4513.1,4520.7,3648,GC.v.0
2026-05-21 17:00:00+00:00,34,1,19181,4521.0,4561.2,4515.0,4553.1,10952,GC.v.0
2026-05-21 18:00:00+00:00,34,1,19181,4553.0,4557.8,4528.6,4533.7,4916,GC.v.0
2026-05-21 19:00:00+00:00,34,1,19181,4533.4,4545.0,4531.3,4544.1,3020,GC.v.0
2026-05-21 20:00:00+00:00,34,1,19181,4543.9,4545.9,4540.8,4544.2,847,GC.v.0
2026-05-21 22:00:00+00:00,34,1,19181,4544.2,4547.0,4540.4,4544.1,580,GC.v.0
2026-05-21 23:00:00+00:00,34,1,19181,4544.4,4545.8,4532.7,4536.0,897,GC.v.0
2026-05-22 00:00:00+00:00,34,1,19181,4536.2,4541.9,4526.5,4528.4,1494,GC.v.0
2026-05-22 01:00:00+00:00,34,1,19181,4527.6,4537.3,4521.7,4526.7,2441,GC.v.0
2026-05-22 02:00:00+00:00,34,1,19181,4526.9,4530.4,4519.4,4523.8,1769,GC.v.0
2026-05-22 03:00:00+00:00,34,1,19181,4523.9,4530.5,4519.7,4530.5,1679,GC.v.0
2026-05-22 04:00:00+00:00,34,1,19181,4530.6,4533.8,4526.6,4528.1,1012,GC.v.0
2026-05-22 05:00:00+00:00,34,1,19181,4528.4,4535.4,4508.2,4512.4,2736,GC.v.0
2026-05-22 06:00:00+00:00,34,1,19181,4511.9,4529.6,4511.1,4527.7,3382,GC.v.0
2026-05-22 07:00:00+00:00,34,1,19181,4527.2,4528.2,4516.7,4522.7,2312,GC.v.0
2026-05-22 08:00:00+00:00,34,1,19181,4522.7,4531.9,4516.9,4522.9,2806,GC.v.0
2026-05-22 09:00:00+00:00,34,1,19181,4522.4,4536.7,4515.0,4532.9,4127,GC.v.0
2026-05-22 10:00:00+00:00,34,1,19181,4532.9,4537.6,4511.4,4515.5,4234,GC.v.0
2026-05-22 11:00:00+00:00,34,1,19181,4515.7,4525.8,4512.0,4521.5,2360,GC.v.0
2026-05-22 12:00:00+00:00,34,1,19181,4521.1,4537.4,4515.7,4529.5,6090,GC.v.0
2026-05-22 13:00:00+00:00,34,1,19181,4529.6,4535.7,4510.0,4514.5,6940,GC.v.0
2026-05-22 14:00:00+00:00,34,1,19181,4514.5,4515.0,4488.0,4501.4,9671,GC.v.0
2026-05-22 15:00:00+00:00,34,1,19181,4501.6,4523.2,4501.0,4521.0,5566,GC.v.0
2026-05-22 16:00:00+00:00,34,1,19181,4521.3,4528.4,4512.8,4516.3,3896,GC.v.0
2026-05-22 17:00:00+00:00,34,1,19181,4516.5,4529.9,4514.5,4520.2,5435,GC.v.0
2026-05-22 18:00:00+00:00,34,1,19181,4520.5,4522.7,4513.5,4517.0,2904,GC.v.0
2026-05-22 19:00:00+00:00,34,1,19181,4516.9,4517.7,4505.6,4510.0,3310,GC.v.0
2026-05-22 20:00:00+00:00,34,1,19181,4510.1,4512.0,4505.4,4510.5,1424,GC.v.0
2026-05-24 22:00:00+00:00,34,1,19181,4532.0,4567.7,4531.3,4567.6,4845,GC.v.0
2026-05-24 23:00:00+00:00,34,1,19181,4567.6,4582.6,4567.3,4569.1,3258,GC.v.0
2026-05-25 00:00:00+00:00,34,1,19181,4569.1,4581.5,4566.9,4571.2,2327,GC.v.0
2026-05-25 01:00:00+00:00,34,1,19181,4570.8,4577.8,4561.1,4563.4,3182,GC.v.0
2026-05-25 02:00:00+00:00,34,1,19181,4563.8,4571.2,4559.4,4562.0,2089,GC.v.0
2026-05-25 03:00:00+00:00,34,1,19181,4562.5,4565.2,4557.3,4560.4,1560,GC.v.0
2026-05-25 04:00:00+00:00,34,1,19181,4560.3,4566.8,4560.1,4566.0,1307,GC.v.0
2026-05-25 05:00:00+00:00,34,1,19181,4566.1,4567.2,4553.2,4554.6,2063,GC.v.0
2026-05-25 06:00:00+00:00,34,1,19181,4553.9,4564.1,4551.3,4563.3,1901,GC.v.0
2026-05-25 07:00:00+00:00,34,1,19181,4563.5,4566.8,4553.3,4566.0,3051,GC.v.0
2026-05-25 08:00:00+00:00,34,1,19181,4566.2,4566.6,4554.9,4557.6,2735,GC.v.0
2026-05-25 09:00:00+00:00,34,1,19181,4557.5,4570.6,4556.5,4569.4,2272,GC.v.0
2026-05-25 10:00:00+00:00,34,1,19181,4569.4,4575.3,4569.1,4570.7,2265,GC.v.0
2026-05-25 11:00:00+00:00,34,1,19181,4570.4,4579.0,4569.3,4571.2,2117,GC.v.0
2026-05-25 12:00:00+00:00,34,1,19181,4570.9,4572.0,4554.4,4569.6,4713,GC.v.0
2026-05-25 13:00:00+00:00,34,1,19181,4569.4,4573.4,4561.8,4564.8,2065,GC.v.0
2026-05-25 14:00:00+00:00,34,1,19181,4564.6,4572.4,4564.3,4568.3,2199,GC.v.0
2026-05-25 15:00:00+00:00,34,1,19181,4568.3,4576.8,4567.4,4572.7,2332,GC.v.0
2026-05-25 16:00:00+00:00,34,1,19181,4572.9,4576.7,4569.9,4575.7,972,GC.v.0
2026-05-25 17:00:00+00:00,34,1,19181,4576.0,4581.0,4565.6,4567.5,1520,GC.v.0
2026-05-25 18:00:00+00:00,34,1,19181,4567.5,4573.9,4566.6,4573.6,328,GC.v.0
2026-05-25 22:00:00+00:00,34,1,19181,4571.6,4578.6,4571.3,4577.2,1156,GC.v.0
2026-05-25 23:00:00+00:00,34,1,19181,4577.2,4583.3,4556.8,4561.3,2804,GC.v.0
2026-05-26 00:00:00+00:00,34,1,19181,4561.7,4562.1,4540.8,4550.7,3536,GC.v.0
2026-05-26 01:00:00+00:00,34,1,19181,4550.7,4552.2,4528.1,4538.0,4009,GC.v.0
2026-05-26 02:00:00+00:00,34,1,19181,4538.2,4540.6,4530.7,4532.8,2486,GC.v.0
2026-05-26 03:00:00+00:00,34,1,19181,4533.0,4546.0,4533.0,4542.9,2346,GC.v.0
2026-05-26 04:00:00+00:00,34,1,19181,4542.7,4543.6,4523.9,4526.1,2219,GC.v.0
2026-05-26 05:00:00+00:00,34,1,19181,4525.8,4535.6,4523.4,4527.8,2465,GC.v.0
2026-05-26 06:00:00+00:00,34,1,19181,4527.9,4536.7,4527.4,4531.8,3496,GC.v.0
2026-05-26 07:00:00+00:00,34,1,19181,4531.9,4539.9,4521.8,4538.6,3947,GC.v.0
2026-05-26 08:00:00+00:00,34,1,19181,4539.0,4539.6,4520.2,4524.7,3190,GC.v.0
2026-05-26 09:00:00+00:00,34,1,19181,4524.3,4527.2,4512.3,4523.1,4664,GC.v.0
2026-05-26 10:00:00+00:00,34,1,19181,4523.0,4540.9,4519.5,4534.9,5719,GC.v.0
2026-05-26 11:00:00+00:00,34,1,19181,4535.1,4537.0,4503.0,4507.5,9298,GC.v.0
2026-05-26 12:00:00+00:00,34,1,19181,4507.1,4524.3,4500.2,4520.7,9501,GC.v.0
2026-05-26 13:00:00+00:00,34,1,19181,4520.6,4532.3,4512.6,4514.6,7486,GC.v.0
2026-05-26 14:00:00+00:00,34,1,19181,4515.1,4525.6,4508.3,4515.6,5988,GC.v.0
2026-05-26 15:00:00+00:00,34,1,19181,4515.6,4515.8,4502.5,4506.7,5540,GC.v.0
2026-05-26 16:00:00+00:00,34,1,19181,4506.5,4512.0,4499.3,4505.2,4744,GC.v.0
2026-05-26 17:00:00+00:00,34,1,19181,4504.9,4508.9,4487.4,4490.0,9076,GC.v.0
2026-05-26 18:00:00+00:00,34,1,19181,4490.0,4499.2,4480.0,4498.7,5576,GC.v.0
2026-05-26 19:00:00+00:00,34,1,19181,4499.0,4509.8,4497.2,4508.7,3323,GC.v.0
2026-05-26 20:00:00+00:00,34,1,19181,4509.0,4511.8,4504.3,4507.3,1418,GC.v.0
2026-05-26 22:00:00+00:00,34,1,19181,4507.4,4512.7,4498.9,4510.9,839,GC.v.0
2026-05-26 23:00:00+00:00,34,1,19181,4512.3,4528.1,4504.7,4519.6,768,GC.v.0
2026-05-27 00:00:00+00:00,34,1,19181,4517.4,4525.8,4513.6,4514.6,407,GC.v.0
2026-05-27 01:00:00+00:00,34,1,19181,4516.8,4520.3,4506.2,4507.5,658,GC.v.0
2026-05-27 02:00:00+00:00,34,1,19181,4508.6,4508.6,4497.8,4505.2,538,GC.v.0
2026-05-27 03:00:00+00:00,34,1,19181,4505.3,4510.4,4495.8,4495.8,279,GC.v.0
2026-05-27 04:00:00+00:00,34,1,19181,4496.0,4516.2,4494.8,4509.3,551,GC.v.0
2026-05-27 05:00:00+00:00,34,1,19181,4508.8,4512.8,4490.5,4496.5,847,GC.v.0
2026-05-27 06:00:00+00:00,34,1,19181,4496.4,4497.8,4478.5,4484.5,1262,GC.v.0
2026-05-27 07:00:00+00:00,34,1,19181,4485.3,4488.1,4473.4,4480.7,1005,GC.v.0
2026-05-27 08:00:00+00:00,34,1,19181,4480.1,4496.7,4479.5,4494.9,860,GC.v.0
2026-05-27 09:00:00+00:00,34,1,19181,4494.9,4495.7,4485.1,4488.9,621,GC.v.0
2026-05-27 10:00:00+00:00,34,1,19181,4488.9,4489.3,4440.0,4446.6,3319,GC.v.0
2026-05-27 11:00:00+00:00,34,1,19181,4443.2,4450.3,4421.8,4425.6,2497,GC.v.0
2026-05-27 12:00:00+00:00,34,1,19181,4426.0,4463.4,4425.3,4436.5,3186,GC.v.0
2026-05-27 13:00:00+00:00,34,1,19181,4436.3,4437.1,4398.5,4424.7,3969,GC.v.0
2026-05-27 14:00:00+00:00,34,1,19181,4425.8,4454.3,4424.8,4433.0,1588,GC.v.0
2026-05-27 15:00:00+00:00,34,1,19181,4433.4,4439.6,4426.7,4435.1,769,GC.v.0
2026-05-27 16:00:00+00:00,34,1,19181,4434.4,4451.5,4433.1,4449.4,473,GC.v.0
2026-05-27 17:00:00+00:00,34,1,19181,4448.0,4452.8,4439.9,4448.9,796,GC.v.0
2026-05-27 18:00:00+00:00,34,1,19181,4448.3,4456.9,4446.2,4453.3,465,GC.v.0
2026-05-27 19:00:00+00:00,34,1,19181,4452.2,4453.5,4447.7,4449.1,342,GC.v.0
2026-05-27 20:00:00+00:00,34,1,19181,4449.5,4457.2,4449.1,4454.9,289,GC.v.0
2026-05-27 22:00:00+00:00,34,1,19181,4453.6,4466.0,4452.5,4454.2,168,GC.v.0
2026-05-27 23:00:00+00:00,34,1,19181,4452.3,4453.9,4443.0,4444.8,96,GC.v.0
2026-05-28 00:00:00+00:00,34,1,19181,4444.3,4451.6,4441.9,4450.1,62,GC.v.0
2026-05-28 01:00:00+00:00,34,1,19181,4456.0,4456.0,4405.0,4406.5,138,GC.v.0
2026-05-28 02:00:00+00:00,34,1,19181,4404.4,4406.4,4391.3,4392.7,99,GC.v.0
2026-05-28 03:00:00+00:00,34,1,19181,4393.4,4394.0,4367.9,4372.7,222,GC.v.0
2026-05-28 04:00:00+00:00,34,1,19181,4373.5,4378.7,4363.5,4369.0,88,GC.v.0
2026-05-28 05:00:00+00:00,34,1,19181,4369.0,4391.0,4368.0,4385.0,153,GC.v.0
2026-05-28 06:00:00+00:00,34,1,19181,4384.7,4385.6,4372.1,4381.0,281,GC.v.0
2026-05-28 07:00:00+00:00,34,1,19181,4385.4,4393.3,4381.3,4384.8,205,GC.v.0
2026-05-28 08:00:00+00:00,34,1,19181,4385.6,4391.7,4383.5,4383.9,315,GC.v.0
2026-05-28 09:00:00+00:00,34,1,19181,4386.1,4394.5,4384.4,4392.2,180,GC.v.0
2026-05-28 10:00:00+00:00,34,1,19181,4389.8,4400.0,4375.0,4382.0,111,GC.v.0
2026-05-28 11:00:00+00:00,34,1,19181,4383.1,4387.8,4380.1,4384.1,186,GC.v.0
2026-05-28 12:00:00+00:00,34,1,19181,4388.5,4430.6,4377.6,4430.6,311,GC.v.0
2026-05-28 13:00:00+00:00,34,1,19181,4430.3,4434.1,4416.1,4427.9,527,GC.v.0
2026-05-28 14:00:00+00:00,34,1,19181,4428.5,4477.9,4418.6,4465.0,707,GC.v.0
2026-05-28 15:00:00+00:00,34,1,19181,4467.8,4482.2,4467.8,4477.3,335,GC.v.0
2026-05-28 16:00:00+00:00,34,1,19181,4480.8,4508.0,4476.4,4508.0,224,GC.v.0
2026-05-28 17:00:00+00:00,34,1,19181,4510.0,4510.7,4498.8,4505.3,186,GC.v.0
2026-05-28 18:00:00+00:00,34,1,19181,4506.4,4512.6,4497.0,4499.4,137,GC.v.0
2026-05-28 19:00:00+00:00,34,1,19181,4500.1,4501.0,4495.4,4495.4,90,GC.v.0
2026-05-28 20:00:00+00:00,34,1,19181,4495.4,4495.6,4492.4,4492.5,46,GC.v.0
2026-05-28 22:00:00+00:00,34,1,19181,4494.0,4494.1,4491.0,4492.2,44,GC.v.0
2026-05-28 23:00:00+00:00,34,1,19181,4495.5,4495.5,4487.9,4491.8,24,GC.v.0
2026-05-29 00:00:00+00:00,34,1,42011464,4525.5,4531.5,4522.5,4525.3,2055,GC.v.0
2026-05-29 01:00:00+00:00,34,1,42011464,4526.0,4551.2,4522.7,4536.9,4999,GC.v.0
2026-05-29 02:00:00+00:00,34,1,42011464,4536.6,4541.4,4528.4,4531.7,2323,GC.v.0
2026-05-29 03:00:00+00:00,34,1,42011464,4532.0,4532.2,4525.2,4531.1,2002,GC.v.0
2026-05-29 04:00:00+00:00,34,1,42011464,4531.4,4545.4,4531.4,4544.7,2395,GC.v.0
2026-05-29 05:00:00+00:00,34,1,42011464,4544.6,4547.0,4533.0,4545.8,3508,GC.v.0
2026-05-29 06:00:00+00:00,34,1,42011464,4546.1,4554.9,4540.7,4554.4,4942,GC.v.0
2026-05-29 07:00:00+00:00,34,1,42011464,4554.2,4557.2,4541.3,4555.5,5655,GC.v.0
2026-05-29 08:00:00+00:00,34,1,42011464,4555.0,4555.5,4540.0,4544.7,3708,GC.v.0
2026-05-29 09:00:00+00:00,34,1,42011464,4545.2,4571.2,4543.4,4562.0,7407,GC.v.0
2026-05-29 10:00:00+00:00,34,1,42011464,4562.0,4574.4,4556.4,4569.6,3501,GC.v.0
2026-05-29 11:00:00+00:00,34,1,42011464,4569.4,4571.7,4556.7,4569.1,3864,GC.v.0
2026-05-29 12:00:00+00:00,34,1,42011464,4569.2,4569.3,4543.4,4554.0,6213,GC.v.0
2026-05-29 13:00:00+00:00,34,1,42011464,4553.6,4571.0,4547.5,4567.3,7663,GC.v.0
2026-05-29 14:00:00+00:00,34,1,42011464,4567.0,4604.1,4556.1,4595.2,17248,GC.v.0
2026-05-29 15:00:00+00:00,34,1,42011464,4596.1,4627.1,4587.3,4602.1,20081,GC.v.0
2026-05-29 16:00:00+00:00,34,1,42011464,4602.1,4604.5,4590.5,4597.9,5892,GC.v.0
2026-05-29 17:00:00+00:00,34,1,42011464,4597.9,4599.3,4582.4,4584.4,5358,GC.v.0
2026-05-29 18:00:00+00:00,34,1,42011464,4584.2,4592.7,4581.6,4584.2,2733,GC.v.0
2026-05-29 19:00:00+00:00,34,1,42011464,4584.3,4591.4,4574.1,4576.8,3986,GC.v.0
2026-05-29 20:00:00+00:00,34,1,42011464,4576.9,4580.7,4567.3,4569.9,1661,GC.v.0
2026-05-31 22:00:00+00:00,34,1,42011464,4575.2,4575.2,4545.5,4565.9,2624,GC.v.0
2026-05-31 23:00:00+00:00,34,1,42011464,4566.2,4576.4,4565.9,4570.7,1949,GC.v.0
2026-06-01 00:00:00+00:00,34,1,42011464,4570.5,4577.3,4565.5,4571.4,2345,GC.v.0
2026-06-01 01:00:00+00:00,34,1,42011464,4571.2,4572.1,4554.4,4556.2,3486,GC.v.0
2026-06-01 02:00:00+00:00,34,1,42011464,4556.1,4565.7,4551.4,4552.0,1923,GC.v.0
2026-06-01 03:00:00+00:00,34,1,42011464,4551.7,4556.3,4540.3,4546.8,2833,GC.v.0
2026-06-01 04:00:00+00:00,34,1,42011464,4546.9,4550.1,4537.6,4544.7,1767,GC.v.0
2026-06-01 05:00:00+00:00,34,1,42011464,4544.8,4555.4,4542.7,4548.2,2058,GC.v.0
2026-06-01 06:00:00+00:00,34,1,42011464,4548.1,4548.6,4529.1,4531.7,4313,GC.v.0
2026-06-01 07:00:00+00:00,34,1,42011464,4531.6,4540.2,4522.1,4532.7,4268,GC.v.0
2026-06-01 08:00:00+00:00,34,1,42011464,4533.0,4534.5,4519.6,4527.4,3911,GC.v.0
2026-06-01 09:00:00+00:00,34,1,42011464,4527.6,4536.2,4518.6,4525.6,4832,GC.v.0
2026-06-01 10:00:00+00:00,34,1,42011464,4525.9,4540.9,4525.9,4534.1,2936,GC.v.0
2026-06-01 11:00:00+00:00,34,1,42011464,4534.2,4542.8,4529.7,4536.0,3017,GC.v.0
2026-06-01 12:00:00+00:00,34,1,42011464,4535.8,4540.4,4527.6,4532.0,5103,GC.v.0
2026-06-01 13:00:00+00:00,34,1,42011464,4532.3,4533.8,4476.2,4480.1,20581,GC.v.0
2026-06-01 14:00:00+00:00,34,1,42011464,4479.1,4494.9,4476.0,4488.5,11933,GC.v.0
2026-06-01 15:00:00+00:00,34,1,42011464,4489.0,4510.5,4485.0,4504.1,9544,GC.v.0
2026-06-01 16:00:00+00:00,34,1,42011464,4504.7,4513.1,4493.1,4510.6,6213,GC.v.0
2026-06-01 17:00:00+00:00,34,1,42011464,4510.9,4525.6,4501.4,4517.5,8394,GC.v.0
2026-06-01 18:00:00+00:00,34,1,42011464,4517.4,4520.2,4514.8,4516.8,1631,GC.v.0
2026-06-01 19:00:00+00:00,34,1,42011464,4516.5,4518.2,4509.1,4511.1,2653,GC.v.0
2026-06-01 20:00:00+00:00,34,1,42011464,4511.2,4515.7,4510.2,4514.8,1604,GC.v.0
2026-06-01 22:00:00+00:00,34,1,42011464,4515.8,4517.9,4509.5,4515.3,1494,GC.v.0
2026-06-01 23:00:00+00:00,34,1,42011464,4515.3,4518.6,4508.2,4514.3,1259,GC.v.0
2026-06-02 00:00:00+00:00,34,1,42011464,4514.4,4526.8,4506.3,4511.0,2531,GC.v.0
2026-06-02 01:00:00+00:00,34,1,42011464,4510.7,4522.0,4492.3,4503.6,5150,GC.v.0
2026-06-02 02:00:00+00:00,34,1,42011464,4503.7,4516.4,4502.0,4516.2,3010,GC.v.0
2026-06-02 03:00:00+00:00,34,1,42011464,4515.8,4530.0,4515.6,4529.5,3089,GC.v.0
2026-06-02 04:00:00+00:00,34,1,42011464,4529.3,4548.6,4528.0,4547.7,3817,GC.v.0
2026-06-02 05:00:00+00:00,34,1,42011464,4547.7,4558.8,4545.7,4547.0,4494,GC.v.0
2026-06-02 06:00:00+00:00,34,1,42011464,4546.9,4568.8,4546.9,4566.0,5961,GC.v.0
2026-06-02 07:00:00+00:00,34,1,42011464,4565.8,4571.3,4558.0,4565.2,4945,GC.v.0
2026-06-02 08:00:00+00:00,34,1,42011464,4565.2,4569.3,4556.1,4557.0,3246,GC.v.0
2026-06-02 09:00:00+00:00,34,1,42011464,4557.1,4565.9,4550.9,4559.4,5863,GC.v.0
2026-06-02 10:00:00+00:00,34,1,42011464,4559.7,4563.5,4554.1,4563.1,2261,GC.v.0
2026-06-02 11:00:00+00:00,34,1,42011464,4563.0,4564.2,4555.2,4557.3,2202,GC.v.0
2026-06-02 12:00:00+00:00,34,1,42011464,4557.5,4563.8,4542.8,4544.0,6531,GC.v.0
2026-06-02 13:00:00+00:00,34,1,42011464,4544.3,4554.4,4532.1,4532.1,7809,GC.v.0
2026-06-02 14:00:00+00:00,34,1,42011464,4532.0,4536.8,4519.4,4533.7,9354,GC.v.0
2026-06-02 15:00:00+00:00,34,1,42011464,4533.4,4538.2,4529.5,4531.7,5045,GC.v.0
2026-06-02 16:00:00+00:00,34,1,42011464,4531.7,4532.8,4515.6,4521.3,5257,GC.v.0
2026-06-02 17:00:00+00:00,34,1,42011464,4521.2,4522.7,4511.3,4514.0,4760,GC.v.0
2026-06-02 18:00:00+00:00,34,1,42011464,4514.3,4520.2,4508.0,4516.9,3193,GC.v.0
2026-06-02 19:00:00+00:00,34,1,42011464,4517.0,4520.2,4513.2,4517.7,1829,GC.v.0
2026-06-02 20:00:00+00:00,34,1,42011464,4517.8,4521.0,4516.1,4519.2,963,GC.v.0
2026-06-02 22:00:00+00:00,34,1,42011464,4520.0,4522.7,4512.9,4514.0,2315,GC.v.0
2026-06-02 23:00:00+00:00,34,1,42011464,4514.2,4517.6,4490.5,4502.9,5380,GC.v.0
2026-06-03 00:00:00+00:00,34,1,42011464,4502.6,4525.1,4502.6,4514.4,3069,GC.v.0
2026-06-03 01:00:00+00:00,34,1,42011464,4514.2,4516.0,4491.2,4504.0,5892,GC.v.0
2026-06-03 02:00:00+00:00,34,1,42011464,4504.0,4513.1,4500.8,4509.8,2762,GC.v.0
2026-06-03 03:00:00+00:00,34,1,42011464,4510.1,4515.5,4510.1,4512.5,1266,GC.v.0
2026-06-03 04:00:00+00:00,34,1,42011464,4512.4,4516.1,4496.4,4497.5,1732,GC.v.0
2026-06-03 05:00:00+00:00,34,1,42011464,4497.2,4502.2,4484.8,4485.8,3909,GC.v.0
2026-06-03 06:00:00+00:00,34,1,42011464,4485.4,4499.3,4483.7,4491.7,4230,GC.v.0
2026-06-03 07:00:00+00:00,34,1,42011464,4491.4,4500.5,4481.1,4481.6,4589,GC.v.0
2026-06-03 08:00:00+00:00,34,1,42011464,4481.8,4487.8,4468.2,4472.3,5718,GC.v.0
2026-06-03 09:00:00+00:00,34,1,42011464,4472.3,4487.5,4467.2,4471.3,5192,GC.v.0
2026-06-03 10:00:00+00:00,34,1,42011464,4471.7,4496.0,4469.5,4487.7,4573,GC.v.0
2026-06-03 11:00:00+00:00,34,1,42011464,4487.8,4496.5,4487.0,4490.6,2283,GC.v.0
2026-06-03 12:00:00+00:00,34,1,42011464,4490.9,4495.6,4476.3,4488.6,5649,GC.v.0
2026-06-03 13:00:00+00:00,34,1,42011464,4488.5,4494.5,4454.0,4475.2,11991,GC.v.0
2026-06-03 14:00:00+00:00,34,1,42011464,4473.9,4488.3,4470.5,4485.3,7691,GC.v.0
2026-06-03 15:00:00+00:00,34,1,42011464,4485.7,4486.5,4464.8,4469.8,4798,GC.v.0
2026-06-03 16:00:00+00:00,34,1,42011464,4470.0,4472.1,4461.1,4469.4,3972,GC.v.0
2026-06-03 17:00:00+00:00,34,1,42011464,4469.9,4476.8,4463.4,4467.2,3998,GC.v.0
2026-06-03 18:00:00+00:00,34,1,42011464,4467.1,4470.9,4462.0,4470.1,1986,GC.v.0
2026-06-03 19:00:00+00:00,34,1,42011464,4469.8,4480.0,4469.5,4472.0,2708,GC.v.0
2026-06-03 20:00:00+00:00,34,1,42011464,4471.9,4473.6,4458.6,4462.7,2381,GC.v.0
2026-06-03 22:00:00+00:00,34,1,42011464,4462.6,4479.2,4450.1,4475.3,2465,GC.v.0
2026-06-03 23:00:00+00:00,34,1,42011464,4475.5,4491.2,4471.5,4483.5,2579,GC.v.0
2026-06-04 00:00:00+00:00,34,1,42011464,4484.0,4491.8,4470.6,4475.6,2114,GC.v.0
2026-06-04 01:00:00+00:00,34,1,42011464,4475.0,4500.8,4470.0,4492.5,4062,GC.v.0
2026-06-04 02:00:00+00:00,34,1,42011464,4492.1,4504.2,4482.5,4502.0,3173,GC.v.0
2026-06-04 03:00:00+00:00,34,1,42011464,4501.7,4504.2,4485.1,4491.0,2339,GC.v.0
2026-06-04 04:00:00+00:00,34,1,42011464,4490.6,4511.2,4489.1,4508.1,3052,GC.v.0
2026-06-04 05:00:00+00:00,34,1,42011464,4508.2,4509.6,4493.5,4496.0,2798,GC.v.0
2026-06-04 06:00:00+00:00,34,1,42011464,4495.8,4504.3,4489.8,4494.7,3367,GC.v.0
2026-06-04 07:00:00+00:00,34,1,42011464,4495.0,4497.7,4486.2,4488.5,2541,GC.v.0
2026-06-04 08:00:00+00:00,34,1,42011464,4488.4,4496.1,4485.4,4490.2,2819,GC.v.0
2026-06-04 09:00:00+00:00,34,1,42011464,4489.9,4503.3,4487.7,4498.2,3791,GC.v.0
2026-06-04 10:00:00+00:00,34,1,42011464,4497.9,4501.7,4491.9,4501.6,2369,GC.v.0
2026-06-04 11:00:00+00:00,34,1,42011464,4501.6,4542.4,4496.4,4539.2,9293,GC.v.0
2026-06-04 12:00:00+00:00,34,1,42011464,4539.1,4541.9,4518.8,4531.6,9232,GC.v.0
2026-06-04 13:00:00+00:00,34,1,42011464,4531.6,4543.2,4523.3,4523.7,7721,GC.v.0
2026-06-04 14:00:00+00:00,34,1,42011464,4523.4,4528.0,4483.8,4493.1,14392,GC.v.0
2026-06-04 15:00:00+00:00,34,1,42011464,4493.2,4506.6,4490.6,4504.9,9145,GC.v.0
2026-06-04 16:00:00+00:00,34,1,42011464,4504.9,4513.2,4502.8,4510.8,7842,GC.v.0
2026-06-04 17:00:00+00:00,34,1,42011464,4510.5,4510.5,4502.0,4506.0,4017,GC.v.0
2026-06-04 18:00:00+00:00,34,1,42011464,4506.1,4508.8,4500.0,4505.9,2214,GC.v.0
2026-06-04 19:00:00+00:00,34,1,42011464,4506.1,4511.3,4503.9,4508.9,2315,GC.v.0
2026-06-04 20:00:00+00:00,34,1,42011464,4508.5,4509.3,4502.3,4502.4,1301,GC.v.0
2026-06-04 22:00:00+00:00,34,1,42011464,4503.0,4508.7,4496.0,4496.9,2475,GC.v.0
2026-06-04 23:00:00+00:00,34,1,42011464,4497.0,4501.1,4487.7,4488.4,1927,GC.v.0
2026-06-05 00:00:00+00:00,34,1,42011464,4488.2,4493.9,4477.5,4485.8,2968,GC.v.0
2026-06-05 01:00:00+00:00,34,1,42011464,4485.8,4497.0,4470.7,4473.3,5540,GC.v.0
2026-06-05 02:00:00+00:00,34,1,42011464,4473.4,4481.6,4464.5,4467.1,4405,GC.v.0
2026-06-05 03:00:00+00:00,34,1,42011464,4466.7,4470.1,4461.2,4468.2,2254,GC.v.0
2026-06-05 04:00:00+00:00,34,1,42011464,4468.7,4472.9,4463.8,4471.0,1848,GC.v.0
2026-06-05 05:00:00+00:00,34,1,42011464,4471.0,4476.1,4464.9,4465.9,2669,GC.v.0
2026-06-05 06:00:00+00:00,34,1,42011464,4466.4,4483.2,4454.8,4479.7,5566,GC.v.0
2026-06-05 07:00:00+00:00,34,1,42011464,4479.9,4494.2,4478.7,4487.7,3727,GC.v.0
2026-06-05 08:00:00+00:00,34,1,42011464,4487.3,4495.4,4485.5,4489.8,2065,GC.v.0
2026-06-05 09:00:00+00:00,34,1,42011464,4489.6,4496.6,4485.8,4491.9,4717,GC.v.0
2026-06-05 10:00:00+00:00,34,1,42011464,4491.6,4495.0,4488.7,4493.7,1584,GC.v.0
2026-06-05 11:00:00+00:00,34,1,42011464,4493.2,4502.2,4484.8,4497.0,2913,GC.v.0
2026-06-05 12:00:00+00:00,34,1,42011464,4497.4,4502.8,4430.1,4432.1,17750,GC.v.0
2026-06-05 13:00:00+00:00,34,1,42011464,4432.0,4446.6,4390.0,4390.5,24949,GC.v.0
2026-06-05 14:00:00+00:00,34,1,42011464,4390.4,4404.2,4369.4,4394.6,26669,GC.v.0
2026-06-05 15:00:00+00:00,34,1,42011464,4394.6,4397.3,4358.8,4360.4,11315,GC.v.0
2026-06-05 16:00:00+00:00,34,1,42011464,4360.3,4370.3,4347.5,4369.1,10854,GC.v.0
2026-06-05 17:00:00+00:00,34,1,42011464,4369.3,4372.0,4360.2,4366.2,7368,GC.v.0
2026-06-05 18:00:00+00:00,34,1,42011464,4366.8,4366.8,4339.8,4346.7,8953,GC.v.0
2026-06-05 19:00:00+00:00,34,1,42011464,4347.4,4349.5,4338.3,4343.5,6393,GC.v.0
2026-06-05 20:00:00+00:00,34,1,42011464,4343.7,4355.8,4336.6,4353.9,3993,GC.v.0
2026-06-07 22:00:00+00:00,34,1,42011464,4354.0,4361.9,4333.4,4341.4,5127,GC.v.0
2026-06-07 23:00:00+00:00,34,1,42011464,4341.5,4371.0,4341.4,4367.9,2749,GC.v.0
2026-06-08 00:00:00+00:00,34,1,42011464,4367.0,4377.5,4363.1,4366.0,3553,GC.v.0
2026-06-08 01:00:00+00:00,34,1,42011464,4365.6,4369.5,4323.6,4349.6,8241,GC.v.0
2026-06-08 02:00:00+00:00,34,1,42011464,4350.2,4354.8,4331.0,4334.5,4950,GC.v.0
2026-06-08 03:00:00+00:00,34,1,42011464,4334.9,4341.1,4327.4,4341.0,2892,GC.v.0
2026-06-08 04:00:00+00:00,34,1,42011464,4342.0,4346.4,4331.8,4337.2,2177,GC.v.0
2026-06-08 05:00:00+00:00,34,1,42011464,4337.1,4340.1,4293.0,4317.2,8375,GC.v.0
2026-06-08 06:00:00+00:00,34,1,42011464,4317.5,4336.5,4317.2,4325.3,5052,GC.v.0
2026-06-08 07:00:00+00:00,34,1,42011464,4325.1,4342.0,4319.3,4319.9,5731,GC.v.0
2026-06-08 08:00:00+00:00,34,1,42011464,4319.3,4322.4,4309.6,4313.1,6467,GC.v.0
2026-06-08 09:00:00+00:00,34,1,42011464,4313.5,4326.4,4297.1,4318.8,7640,GC.v.0
2026-06-08 10:00:00+00:00,34,1,42011464,4319.0,4330.3,4310.6,4326.4,4796,GC.v.0
2026-06-08 11:00:00+00:00,34,1,42011464,4326.2,4358.5,4321.3,4356.3,9405,GC.v.0
2026-06-08 12:00:00+00:00,34,1,42011464,4355.7,4364.8,4344.8,4358.0,8594,GC.v.0
2026-06-08 13:00:00+00:00,34,1,42011464,4358.1,4371.5,4345.7,4351.8,11576,GC.v.0
2026-06-08 14:00:00+00:00,34,1,42011464,4351.3,4356.3,4339.0,4355.8,11395,GC.v.0
2026-06-08 15:00:00+00:00,34,1,42011464,4356.3,4370.0,4346.9,4366.1,8680,GC.v.0
2026-06-08 16:00:00+00:00,34,1,42011464,4365.9,4371.0,4362.2,4365.0,4137,GC.v.0
2026-06-08 17:00:00+00:00,34,1,42011464,4365.1,4366.8,4356.6,4363.4,4560,GC.v.0
2026-06-08 18:00:00+00:00,34,1,42011464,4363.3,4370.2,4357.1,4358.8,3550,GC.v.0
2026-06-08 19:00:00+00:00,34,1,42011464,4358.7,4362.3,4346.6,4350.3,4362,GC.v.0
2026-06-08 20:00:00+00:00,34,1,42011464,4350.5,4354.4,4348.0,4353.8,1285,GC.v.0
2026-06-08 22:00:00+00:00,34,1,42011464,4354.7,4358.6,4345.8,4351.5,855,GC.v.0
2026-06-08 23:00:00+00:00,34,1,42011464,4350.9,4352.4,4336.0,4340.9,1579,GC.v.0
2026-06-09 00:00:00+00:00,34,1,42011464,4340.9,4347.5,4338.8,4344.1,2398,GC.v.0
2026-06-09 01:00:00+00:00,34,1,42011464,4344.0,4362.9,4342.5,4360.8,3728,GC.v.0
2026-06-09 02:00:00+00:00,34,1,42011464,4360.9,4365.7,4352.7,4360.4,2390,GC.v.0
2026-06-09 03:00:00+00:00,34,1,42011464,4360.1,4366.5,4355.2,4361.1,2647,GC.v.0
2026-06-09 04:00:00+00:00,34,1,42011464,4360.8,4364.1,4348.6,4356.5,2331,GC.v.0
2026-06-09 05:00:00+00:00,34,1,42011464,4356.9,4375.7,4354.8,4367.9,3267,GC.v.0
2026-06-09 06:00:00+00:00,34,1,42011464,4368.1,4373.2,4354.1,4354.4,3532,GC.v.0
2026-06-09 07:00:00+00:00,34,1,42011464,4354.4,4358.9,4346.0,4350.2,3729,GC.v.0
2026-06-09 08:00:00+00:00,34,1,42011464,4350.1,4360.8,4344.5,4350.4,3335,GC.v.0
2026-06-09 09:00:00+00:00,34,1,42011464,4350.2,4359.5,4347.9,4356.0,3653,GC.v.0
2026-06-09 10:00:00+00:00,34,1,42011464,4356.0,4365.2,4349.1,4363.3,3623,GC.v.0
2026-06-09 11:00:00+00:00,34,1,42011464,4363.3,4368.3,4359.9,4364.3,2500,GC.v.0
2026-06-09 12:00:00+00:00,34,1,42011464,4364.4,4369.0,4359.0,4365.4,5142,GC.v.0
2026-06-09 13:00:00+00:00,34,1,42011464,4366.1,4388.6,4349.1,4353.2,12937,GC.v.0
2026-06-09 14:00:00+00:00,34,1,42011464,4352.9,4360.3,4302.1,4325.0,19906,GC.v.0
2026-06-09 15:00:00+00:00,34,1,42011464,4324.8,4326.4,4287.1,4296.7,13095,GC.v.0
2026-06-09 16:00:00+00:00,34,1,42011464,4296.5,4305.3,4259.9,4276.0,17236,GC.v.0
2026-06-09 17:00:00+00:00,34,1,42011464,4276.1,4292.7,4275.1,4287.2,9654,GC.v.0
2026-06-09 18:00:00+00:00,34,1,42011464,4287.5,4298.8,4283.6,4294.4,3374,GC.v.0
2026-06-09 19:00:00+00:00,34,1,42011464,4294.6,4296.1,4274.0,4282.7,4671,GC.v.0
2026-06-09 20:00:00+00:00,34,1,42011464,4282.8,4286.1,4280.0,4284.8,1141,GC.v.0
2026-06-09 22:00:00+00:00,34,1,42011464,4276.1,4281.1,4255.4,4260.4,4232,GC.v.0
2026-06-09 23:00:00+00:00,34,1,42011464,4260.1,4270.6,4233.0,4245.1,5276,GC.v.0
2026-06-10 00:00:00+00:00,34,1,42011464,4245.2,4251.1,4222.0,4241.6,5631,GC.v.0
2026-06-10 01:00:00+00:00,34,1,42011464,4242.2,4242.5,4207.2,4212.2,8403,GC.v.0
2026-06-10 02:00:00+00:00,34,1,42011464,4212.9,4216.5,4196.9,4197.8,5864,GC.v.0
2026-06-10 03:00:00+00:00,34,1,42011464,4197.5,4210.2,4195.5,4208.7,2773,GC.v.0
2026-06-10 04:00:00+00:00,34,1,42011464,4208.9,4211.2,4194.2,4198.0,2062,GC.v.0
2026-06-10 05:00:00+00:00,34,1,42011464,4197.7,4232.2,4196.3,4228.7,4703,GC.v.0
2026-06-10 06:00:00+00:00,34,1,42011464,4228.6,4245.5,4225.1,4227.1,5315,GC.v.0
2026-06-10 07:00:00+00:00,34,1,42011464,4226.7,4231.0,4205.0,4209.7,5777,GC.v.0
2026-06-10 08:00:00+00:00,34,1,42011464,4209.4,4211.0,4184.0,4191.7,9642,GC.v.0
2026-06-10 09:00:00+00:00,34,1,42011464,4192.0,4202.6,4185.6,4191.6,7111,GC.v.0
2026-06-10 10:00:00+00:00,34,1,42011464,4191.6,4201.5,4178.5,4197.5,5925,GC.v.0
2026-06-10 11:00:00+00:00,34,1,42011464,4197.5,4198.6,4168.2,4170.2,10466,GC.v.0
2026-06-10 12:00:00+00:00,34,1,42011464,4169.9,4197.3,4152.0,4169.6,19997,GC.v.0
2026-06-10 13:00:00+00:00,34,1,42011464,4170.1,4209.5,4154.9,4203.0,21447,GC.v.0
2026-06-10 14:00:00+00:00,34,1,42011464,4202.6,4204.1,4139.7,4147.1,15565,GC.v.0
2026-06-10 15:00:00+00:00,34,1,42011464,4147.7,4159.7,4129.6,4151.9,17052,GC.v.0
2026-06-10 16:00:00+00:00,34,1,42011464,4152.7,4158.8,4138.7,4144.6,7715,GC.v.0
2026-06-10 17:00:00+00:00,34,1,42011464,4144.5,4157.6,4123.5,4134.9,11451,GC.v.0
2026-06-10 18:00:00+00:00,34,1,42011464,4135.3,4144.0,4120.2,4125.0,5259,GC.v.0
2026-06-10 19:00:00+00:00,34,1,42011464,4125.4,4125.8,4105.0,4106.2,8398,GC.v.0
2026-06-10 20:00:00+00:00,34,1,42011464,4106.0,4106.4,4090.1,4094.1,3923,GC.v.0
2026-06-10 22:00:00+00:00,34,1,42011464,4094.4,4094.4,4059.2,4069.1,7753,GC.v.0
2026-06-10 23:00:00+00:00,34,1,42011464,4069.2,4087.2,4046.2,4069.7,6150,GC.v.0
2026-06-11 00:00:00+00:00,34,1,42011464,4070.9,4100.0,4058.0,4097.5,8145,GC.v.0
2026-06-11 01:00:00+00:00,34,1,42011464,4097.3,4138.5,4087.4,4122.4,14832,GC.v.0
2026-06-11 02:00:00+00:00,34,1,42011464,4122.8,4122.9,4073.4,4089.3,7436,GC.v.0
2026-06-11 03:00:00+00:00,34,1,42011464,4089.4,4099.8,4078.1,4094.0,3874,GC.v.0
2026-06-11 04:00:00+00:00,34,1,42011464,4094.4,4107.4,4091.2,4103.8,2944,GC.v.0
2026-06-11 05:00:00+00:00,34,1,42011464,4104.3,4127.4,4093.8,4115.5,5039,GC.v.0
2026-06-11 06:00:00+00:00,34,1,42011464,4115.0,4118.5,4097.0,4115.7,4526,GC.v.0
2026-06-11 07:00:00+00:00,34,1,42011464,4115.6,4131.5,4112.0,4125.8,6194,GC.v.0
2026-06-11 08:00:00+00:00,34,1,42011464,4125.7,4133.6,4105.6,4105.6,5417,GC.v.0
2026-06-11 09:00:00+00:00,34,1,42011464,4105.0,4117.5,4098.1,4112.4,5054,GC.v.0
2026-06-11 10:00:00+00:00,34,1,42011464,4111.8,4115.6,4107.2,4110.3,2378,GC.v.0
2026-06-11 11:00:00+00:00,34,1,42011464,4110.3,4116.4,4100.2,4100.7,4325,GC.v.0
2026-06-11 12:00:00+00:00,34,1,42011464,4100.9,4107.8,4078.0,4102.5,11944,GC.v.0
2026-06-11 13:00:00+00:00,34,1,42011464,4102.7,4114.3,4088.0,4104.3,11778,GC.v.0
2026-06-11 14:00:00+00:00,34,1,42011464,4104.0,4106.6,4072.8,4094.4,13524,GC.v.0
2026-06-11 15:00:00+00:00,34,1,42011464,4094.2,4116.8,4090.9,4110.0,8800,GC.v.0
2026-06-11 16:00:00+00:00,34,1,42011464,4110.2,4129.0,4098.9,4101.2,7408,GC.v.0
2026-06-11 17:00:00+00:00,34,1,42011464,4101.5,4191.8,4092.9,4173.2,22817,GC.v.0
2026-06-11 18:00:00+00:00,34,1,42011464,4173.2,4193.0,4152.0,4183.1,10918,GC.v.0
2026-06-11 19:00:00+00:00,34,1,42011464,4183.5,4241.3,4183.5,4229.9,13426,GC.v.0
2026-06-11 20:00:00+00:00,34,1,42011464,4230.2,4240.0,4229.2,4233.8,3818,GC.v.0
2026-06-11 22:00:00+00:00,34,1,42011464,4234.9,4267.8,4226.2,4264.2,4552,GC.v.0
2026-06-11 23:00:00+00:00,34,1,42011464,4264.5,4267.2,4234.6,4240.6,3341,GC.v.0
2026-06-12 00:00:00+00:00,34,1,42011464,4240.1,4251.7,4221.4,4229.0,4516,GC.v.0
2026-06-12 01:00:00+00:00,34,1,42011464,4229.7,4232.4,4192.9,4208.2,7278,GC.v.0
2026-06-12 02:00:00+00:00,34,1,42011464,4208.2,4221.9,4204.2,4213.5,2841,GC.v.0
2026-06-12 03:00:00+00:00,34,1,42011464,4212.7,4226.7,4211.4,4218.7,2325,GC.v.0
2026-06-12 04:00:00+00:00,34,1,42011464,4219.0,4222.6,4211.1,4211.9,1352,GC.v.0
2026-06-12 05:00:00+00:00,34,1,42011464,4211.8,4214.4,4192.1,4194.7,3149,GC.v.0
2026-06-12 06:00:00+00:00,34,1,42011464,4194.7,4207.0,4193.7,4205.4,3230,GC.v.0
2026-06-12 07:00:00+00:00,34,1,42011464,4205.5,4215.2,4191.1,4215.2,5625,GC.v.0
2026-06-12 08:00:00+00:00,34,1,42011464,4215.9,4247.7,4213.2,4241.2,7593,GC.v.0
2026-06-12 09:00:00+00:00,34,1,42011464,4241.4,4249.6,4239.1,4243.1,5422,GC.v.0
2026-06-12 10:00:00+00:00,34,1,42011464,4242.9,4246.7,4223.6,4231.9,4662,GC.v.0
2026-06-12 11:00:00+00:00,34,1,42011464,4232.3,4236.3,4218.1,4227.8,3935,GC.v.0
2026-06-12 12:00:00+00:00,34,1,42011464,4227.9,4236.3,4209.3,4212.3,8545,GC.v.0
2026-06-12 13:00:00+00:00,34,1,42011464,4212.1,4231.2,4203.0,4206.7,11306,GC.v.0
2026-06-12 14:00:00+00:00,34,1,42011464,4207.4,4229.5,4197.5,4224.9,13411,GC.v.0
2026-06-12 15:00:00+00:00,34,1,42011464,4224.9,4256.8,4221.0,4232.4,11952,GC.v.0
2026-06-12 16:00:00+00:00,34,1,42011464,4232.3,4254.1,4228.6,4236.5,6891,GC.v.0
2026-06-12 17:00:00+00:00,34,1,42011464,4236.5,4247.1,4234.0,4241.8,5886,GC.v.0
2026-06-12 18:00:00+00:00,34,1,42011464,4242.2,4256.2,4234.9,4236.2,4574,GC.v.0
2026-06-12 19:00:00+00:00,34,1,42011464,4236.2,4240.8,4223.2,4231.9,4401,GC.v.0
2026-06-12 20:00:00+00:00,34,1,42011464,4231.6,4240.6,4230.7,4239.9,1685,GC.v.0
2026-06-14 22:00:00+00:00,34,1,42011464,4289.4,4329.6,4283.4,4305.8,9592,GC.v.0
2026-06-14 23:00:00+00:00,34,1,42011464,4305.6,4315.4,4301.3,4314.3,3075,GC.v.0
2026-06-15 00:00:00+00:00,34,1,42011464,4314.3,4328.5,4312.7,4313.1,4977,GC.v.0
2026-06-15 01:00:00+00:00,34,1,42011464,4313.9,4340.7,4306.4,4337.5,5571,GC.v.0
2026-06-15 02:00:00+00:00,34,1,42011464,4337.1,4356.8,4337.1,4350.7,5003,GC.v.0
2026-06-15 03:00:00+00:00,34,1,42011464,4350.5,4352.5,4342.5,4345.9,2431,GC.v.0
2026-06-15 04:00:00+00:00,34,1,42011464,4346.4,4351.7,4341.7,4349.5,1720,GC.v.0
2026-06-15 05:00:00+00:00,34,1,42011464,4349.2,4353.9,4328.6,4331.4,3348,GC.v.0
2026-06-15 06:00:00+00:00,34,1,42011464,4331.5,4334.4,4321.6,4329.1,3826,GC.v.0
2026-06-15 07:00:00+00:00,34,1,42011464,4329.2,4346.0,4326.1,4344.3,4283,GC.v.0
2026-06-15 08:00:00+00:00,34,1,42011464,4344.1,4366.1,4342.7,4355.4,6342,GC.v.0
2026-06-15 09:00:00+00:00,34,1,42011464,4355.5,4364.4,4355.1,4357.7,5008,GC.v.0
2026-06-15 10:00:00+00:00,34,1,42011464,4357.9,4362.8,4356.3,4359.1,2965,GC.v.0
2026-06-15 11:00:00+00:00,34,1,42011464,4359.0,4368.9,4352.9,4356.6,4464,GC.v.0
2026-06-15 12:00:00+00:00,34,1,42011464,4356.6,4370.8,4345.3,4370.5,7486,GC.v.0
2026-06-15 13:00:00+00:00,34,1,42011464,4370.4,4390.8,4362.8,4376.8,13587,GC.v.0
2026-06-15 14:00:00+00:00,34,1,42011464,4376.7,4391.5,4375.5,4378.5,11146,GC.v.0
2026-06-15 15:00:00+00:00,34,1,42011464,4378.3,4382.8,4370.6,4377.6,6623,GC.v.0
2026-06-15 16:00:00+00:00,34,1,42011464,4377.8,4380.3,4355.9,4360.6,5687,GC.v.0
2026-06-15 17:00:00+00:00,34,1,42011464,4360.5,4360.5,4341.7,4346.0,6053,GC.v.0
2026-06-15 18:00:00+00:00,34,1,42011464,4346.2,4349.7,4339.1,4347.3,3174,GC.v.0
2026-06-15 19:00:00+00:00,34,1,42011464,4347.5,4348.3,4338.2,4342.4,3160,GC.v.0
2026-06-15 20:00:00+00:00,34,1,42011464,4342.6,4343.9,4328.5,4331.0,2274,GC.v.0
2026-06-15 22:00:00+00:00,34,1,42011464,4331.3,4337.3,4326.7,4333.1,1494,GC.v.0
2026-06-15 23:00:00+00:00,34,1,42011464,4333.7,4340.8,4332.8,4337.3,1780,GC.v.0
2026-06-16 00:00:00+00:00,34,1,42011464,4336.6,4341.6,4327.4,4340.3,3244,GC.v.0
2026-06-16 01:00:00+00:00,34,1,42011464,4340.3,4346.8,4332.8,4334.0,3381,GC.v.0
2026-06-16 02:00:00+00:00,34,1,42011464,4334.6,4341.6,4328.0,4339.7,2276,GC.v.0
2026-06-16 03:00:00+00:00,34,1,42011464,4339.8,4354.1,4336.6,4351.9,1872,GC.v.0
2026-06-16 04:00:00+00:00,34,1,42011464,4352.1,4353.0,4342.1,4343.2,1410,GC.v.0
2026-06-16 05:00:00+00:00,34,1,42011464,4343.4,4351.9,4335.5,4337.2,2487,GC.v.0
2026-06-16 06:00:00+00:00,34,1,42011464,4337.4,4345.5,4334.2,4345.0,2562,GC.v.0
2026-06-16 07:00:00+00:00,34,1,42011464,4345.1,4357.1,4343.5,4356.6,2824,GC.v.0
2026-06-16 08:00:00+00:00,34,1,42011464,4356.4,4369.5,4354.2,4368.3,3826,GC.v.0
2026-06-16 09:00:00+00:00,34,1,42011464,4368.1,4369.8,4359.4,4366.2,4521,GC.v.0
2026-06-16 10:00:00+00:00,34,1,42011464,4366.2,4369.9,4363.1,4369.9,2201,GC.v.0
2026-06-16 11:00:00+00:00,34,1,42011464,4369.9,4370.6,4355.7,4361.4,4159,GC.v.0
2026-06-16 12:00:00+00:00,34,1,42011464,4361.6,4376.5,4358.2,4375.9,5496,GC.v.0
2026-06-16 13:00:00+00:00,34,1,42011464,4375.9,4376.5,4352.6,4352.7,7345,GC.v.0
2026-06-16 14:00:00+00:00,34,1,42011464,4352.5,4360.0,4333.7,4344.4,10372,GC.v.0
2026-06-16 15:00:00+00:00,34,1,42011464,4344.4,4364.5,4341.4,4355.7,6512,GC.v.0
2026-06-16 16:00:00+00:00,34,1,42011464,4355.6,4368.1,4355.4,4361.8,4563,GC.v.0
2026-06-16 17:00:00+00:00,34,1,42011464,4361.5,4362.3,4346.4,4361.5,5567,GC.v.0
2026-06-16 18:00:00+00:00,34,1,42011464,4361.8,4364.4,4357.4,4360.0,1835,GC.v.0
2026-06-16 19:00:00+00:00,34,1,42011464,4359.6,4364.3,4352.4,4355.6,2588,GC.v.0
2026-06-16 20:00:00+00:00,34,1,42011464,4355.3,4356.7,4351.3,4353.0,1128,GC.v.0
2026-06-16 22:00:00+00:00,34,1,42011464,4352.6,4355.9,4348.7,4355.0,1193,GC.v.0
2026-06-16 23:00:00+00:00,34,1,42011464,4354.8,4358.0,4349.1,4350.8,536,GC.v.0
2026-06-17 00:00:00+00:00,34,1,42011464,4350.9,4361.9,4348.2,4356.9,1625,GC.v.0
2026-06-17 01:00:00+00:00,34,1,42011464,4356.4,4369.8,4354.1,4361.0,2825,GC.v.0
2026-06-17 02:00:00+00:00,34,1,42011464,4360.9,4364.4,4349.6,4351.2,1782,GC.v.0
2026-06-17 03:00:00+00:00,34,1,42011464,4351.0,4353.7,4348.4,4352.0,1350,GC.v.0
2026-06-17 04:00:00+00:00,34,1,42011464,4352.2,4353.6,4337.1,4346.1,1866,GC.v.0
2026-06-17 05:00:00+00:00,34,1,42011464,4346.2,4353.8,4340.4,4346.1,2278,GC.v.0
2026-06-17 06:00:00+00:00,34,1,42011464,4346.5,4351.2,4340.1,4351.2,2646,GC.v.0
2026-06-17 07:00:00+00:00,34,1,42011464,4351.1,4352.5,4344.1,4344.7,2694,GC.v.0
2026-06-17 08:00:00+00:00,34,1,42011464,4344.8,4347.5,4335.6,4344.2,2306,GC.v.0
2026-06-17 09:00:00+00:00,34,1,42011464,4344.4,4355.1,4340.5,4349.3,2857,GC.v.0
2026-06-17 10:00:00+00:00,34,1,42011464,4349.2,4355.1,4346.2,4351.1,1584,GC.v.0
2026-06-17 11:00:00+00:00,34,1,42011464,4351.3,4351.5,4340.0,4342.6,2087,GC.v.0
2026-06-17 12:00:00+00:00,34,1,42011464,4342.8,4355.2,4338.7,4353.3,4598,GC.v.0
2026-06-17 13:00:00+00:00,34,1,42011464,4353.4,4365.5,4343.7,4359.8,8047,GC.v.0
2026-06-17 14:00:00+00:00,34,1,42011464,4359.6,4384.2,4349.9,4364.1,14830,GC.v.0
2026-06-17 15:00:00+00:00,34,1,42011464,4363.8,4385.5,4363.6,4383.6,5597,GC.v.0
2026-06-17 16:00:00+00:00,34,1,42011464,4383.3,4386.7,4375.2,4379.8,3868,GC.v.0
2026-06-17 17:00:00+00:00,34,1,42011464,4379.6,4403.6,4375.7,4401.1,9685,GC.v.0
2026-06-17 18:00:00+00:00,34,1,42011464,4399.6,4399.6,4288.3,4305.2,39656,GC.v.0
2026-06-17 19:00:00+00:00,34,1,42011464,4305.0,4315.0,4237.4,4254.3,27511,GC.v.0
2026-06-17 20:00:00+00:00,34,1,42011464,4254.2,4289.0,4253.3,4276.3,6280,GC.v.0
2026-06-17 22:00:00+00:00,34,1,42011464,4275.1,4290.5,4273.3,4285.8,2734,GC.v.0
2026-06-17 23:00:00+00:00,34,1,42011464,4285.7,4303.0,4283.2,4297.2,3196,GC.v.0
2026-06-18 00:00:00+00:00,34,1,42011464,4297.6,4335.0,4296.2,4328.0,5362,GC.v.0
2026-06-18 01:00:00+00:00,34,1,42011464,4328.8,4348.9,4326.3,4337.7,5505,GC.v.0
2026-06-18 02:00:00+00:00,34,1,42011464,4338.0,4350.2,4330.4,4331.0,3692,GC.v.0
2026-06-18 03:00:00+00:00,34,1,42011464,4331.3,4343.0,4328.9,4340.0,3030,GC.v.0
2026-06-18 04:00:00+00:00,34,1,42011464,4340.0,4344.2,4330.0,4336.0,2449,GC.v.0
2026-06-18 05:00:00+00:00,34,1,42011464,4335.8,4345.2,4321.5,4328.0,4002,GC.v.0
2026-06-18 06:00:00+00:00,34,1,42011464,4328.4,4330.3,4316.3,4326.6,3707,GC.v.0
2026-06-18 07:00:00+00:00,34,1,42011464,4326.4,4329.7,4307.1,4308.4,3845,GC.v.0
2026-06-18 08:00:00+00:00,34,1,42011464,4308.6,4312.6,4284.6,4285.9,5178,GC.v.0
2026-06-18 09:00:00+00:00,34,1,42011464,4286.0,4292.6,4278.6,4287.7,5547,GC.v.0
2026-06-18 10:00:00+00:00,34,1,42011464,4287.6,4291.9,4273.2,4273.9,4013,GC.v.0
2026-06-18 11:00:00+00:00,34,1,42011464,4274.2,4274.2,4257.9,4260.6,7123,GC.v.0
2026-06-18 12:00:00+00:00,34,1,42011464,4260.5,4288.6,4259.0,4265.1,10909,GC.v.0
2026-06-18 13:00:00+00:00,34,1,42011464,4265.0,4296.2,4263.5,4275.5,10561,GC.v.0
2026-06-18 14:00:00+00:00,34,1,42011464,4275.3,4277.3,4255.0,4271.7,13774,GC.v.0
2026-06-18 15:00:00+00:00,34,1,42011464,4271.9,4274.2,4241.7,4245.5,8957,GC.v.0
2026-06-18 16:00:00+00:00,34,1,42011464,4245.8,4252.5,4233.0,4238.7,8614,GC.v.0
2026-06-18 17:00:00+00:00,34,1,42011464,4238.7,4252.5,4237.8,4249.5,6371,GC.v.0
2026-06-18 18:00:00+00:00,34,1,42011464,4249.2,4252.1,4237.4,4237.7,2499,GC.v.0
2026-06-18 19:00:00+00:00,34,1,42011464,4237.9,4238.4,4220.3,4236.2,5797,GC.v.0
2026-06-18 20:00:00+00:00,34,1,42011464,4236.2,4238.7,4226.6,4227.9,1600,GC.v.0
2026-06-18 22:00:00+00:00,34,1,42011464,4231.2,4231.4,4221.3,4225.9,929,GC.v.0
2026-06-18 23:00:00+00:00,34,1,42011464,4226.2,4226.8,4205.0,4206.8,1619,GC.v.0
2026-06-19 00:00:00+00:00,34,1,42011464,4206.9,4216.9,4202.2,4209.0,2263,GC.v.0
2026-06-19 01:00:00+00:00,34,1,42011464,4209.3,4213.1,4201.2,4202.6,2154,GC.v.0
2026-06-19 02:00:00+00:00,34,1,42011464,4202.3,4204.0,4189.5,4193.9,3150,GC.v.0
2026-06-19 03:00:00+00:00,34,1,42011464,4194.0,4194.7,4162.7,4170.7,4096,GC.v.0
2026-06-19 04:00:00+00:00,34,1,42011464,4170.7,4172.7,4142.5,4143.2,5106,GC.v.0
2026-06-19 05:00:00+00:00,34,1,42011464,4143.9,4159.5,4138.7,4157.0,4226,GC.v.0
2026-06-19 06:00:00+00:00,34,1,42011464,4157.5,4168.1,4150.2,4165.3,4943,GC.v.0
2026-06-19 07:00:00+00:00,34,1,42011464,4165.0,4181.1,4165.0,4175.8,4687,GC.v.0
2026-06-19 08:00:00+00:00,34,1,42011464,4176.1,4196.7,4173.0,4187.5,5622,GC.v.0
2026-06-19 09:00:00+00:00,34,1,42011464,4187.6,4189.3,4179.1,4181.2,2430,GC.v.0
2026-06-19 10:00:00+00:00,34,1,42011464,4181.4,4181.4,4166.5,4168.0,3418,GC.v.0
2026-06-19 11:00:00+00:00,34,1,42011464,4167.8,4172.9,4159.7,4170.0,3378,GC.v.0
2026-06-19 12:00:00+00:00,34,1,42011464,4170.5,4197.9,4164.8,4197.0,5779,GC.v.0
2026-06-19 13:00:00+00:00,34,1,42011464,4197.0,4200.6,4168.3,4169.6,7145,GC.v.0
2026-06-19 14:00:00+00:00,34,1,42011464,4169.1,4172.3,4160.2,4167.2,5199,GC.v.0
2026-06-19 15:00:00+00:00,34,1,42011464,4167.3,4171.9,4165.4,4168.6,2424,GC.v.0
2026-06-19 16:00:00+00:00,34,1,42011464,4167.9,4175.4,4161.8,4172.9,2619,GC.v.0
2026-06-21 22:00:00+00:00,34,1,42011464,4163.9,4176.0,4151.4,4172.8,2884,GC.v.0
2026-06-21 23:00:00+00:00,34,1,42011464,4172.8,4181.5,4152.9,4157.0,3829,GC.v.0
2026-06-22 00:00:00+00:00,34,1,42011464,4157.3,4218.3,4156.6,4218.1,5663,GC.v.0
2026-06-22 01:00:00+00:00,34,1,42011464,4217.7,4238.1,4207.0,4208.1,8080,GC.v.0
2026-06-22 02:00:00+00:00,34,1,42011464,4208.2,4217.9,4201.1,4205.7,3324,GC.v.0
2026-06-22 03:00:00+00:00,34,1,42011464,4206.3,4207.4,4188.4,4189.1,2144,GC.v.0
2026-06-22 04:00:00+00:00,34,1,42011464,4189.2,4199.7,4188.1,4199.4,987,GC.v.0
2026-06-22 05:00:00+00:00,34,1,42011464,4199.3,4216.4,4196.9,4211.3,2583,GC.v.0
2026-06-22 06:00:00+00:00,34,1,42011464,4211.6,4225.4,4208.9,4215.4,3592,GC.v.0
2026-06-22 07:00:00+00:00,34,1,42011464,4216.0,4219.7,4206.5,4208.5,2861,GC.v.0
2026-06-22 08:00:00+00:00,34,1,42011464,4208.3,4215.9,4206.7,4215.7,2687,GC.v.0
2026-06-22 09:00:00+00:00,34,1,42011464,4215.5,4228.6,4214.2,4226.2,4621,GC.v.0
2026-06-22 10:00:00+00:00,34,1,42011464,4226.5,4232.3,4221.3,4222.7,2199,GC.v.0
2026-06-22 11:00:00+00:00,34,1,42011464,4222.8,4233.7,4219.2,4225.3,2795,GC.v.0
2026-06-22 12:00:00+00:00,34,1,42011464,4225.9,4229.9,4210.1,4211.4,4980,GC.v.0
2026-06-22 13:00:00+00:00,34,1,42011464,4211.6,4224.5,4201.2,4218.5,10680,GC.v.0
2026-06-22 14:00:00+00:00,34,1,42011464,4218.7,4229.5,4204.5,4216.7,10090,GC.v.0
2026-06-22 15:00:00+00:00,34,1,42011464,4216.6,4219.6,4187.7,4201.0,7818,GC.v.0
2026-06-22 16:00:00+00:00,34,1,42011464,4200.8,4211.9,4192.2,4208.5,4295,GC.v.0
2026-06-22 17:00:00+00:00,34,1,42011464,4208.5,4210.1,4194.9,4201.4,3503,GC.v.0
2026-06-22 18:00:00+00:00,34,1,42011464,4201.6,4211.3,4200.7,4209.1,1832,GC.v.0
2026-06-22 19:00:00+00:00,34,1,42011464,4209.5,4211.6,4202.8,4209.4,2216,GC.v.0
2026-06-22 20:00:00+00:00,34,1,42011464,4209.4,4212.3,4206.9,4209.7,941,GC.v.0
2026-06-22 22:00:00+00:00,34,1,42011464,4210.8,4212.7,4206.1,4207.8,847,GC.v.0
2026-06-22 23:00:00+00:00,34,1,42011464,4207.5,4213.6,4204.6,4205.5,720,GC.v.0
2026-06-23 00:00:00+00:00,34,1,42011464,4205.0,4212.7,4196.0,4210.7,1895,GC.v.0
2026-06-23 01:00:00+00:00,34,1,42011464,4210.6,4216.0,4167.5,4179.3,6907,GC.v.0
2026-06-23 02:00:00+00:00,34,1,42011464,4179.4,4181.3,4164.3,4164.9,3082,GC.v.0
2026-06-23 03:00:00+00:00,34,1,42011464,4164.9,4167.6,4148.4,4161.8,4526,GC.v.0
2026-06-23 04:00:00+00:00,34,1,42011464,4161.5,4164.8,4132.2,4135.6,3468,GC.v.0
2026-06-23 05:00:00+00:00,34,1,42011464,4136.0,4155.0,4133.1,4138.9,4690,GC.v.0
2026-06-23 06:00:00+00:00,34,1,42011464,4139.6,4144.9,4127.9,4132.4,5919,GC.v.0
2026-06-23 07:00:00+00:00,34,1,42011464,4131.9,4142.7,4114.0,4116.0,5386,GC.v.0
2026-06-23 08:00:00+00:00,34,1,42011464,4116.3,4128.4,4108.2,4122.6,5730,GC.v.0
2026-06-23 09:00:00+00:00,34,1,42011464,4123.0,4140.1,4122.1,4140.1,4031,GC.v.0
2026-06-23 10:00:00+00:00,34,1,42011464,4140.0,4151.1,4137.4,4137.7,3648,GC.v.0
2026-06-23 11:00:00+00:00,34,1,42011464,4137.6,4150.0,4135.2,4141.1,4470,GC.v.0
2026-06-23 12:00:00+00:00,34,1,42011464,4141.0,4145.3,4129.0,4131.0,5863,GC.v.0
2026-06-23 13:00:00+00:00,34,1,42011464,4131.1,4158.5,4122.8,4154.1,11364,GC.v.0
2026-06-23 14:00:00+00:00,34,1,42011464,4153.1,4163.5,4140.0,4147.5,13007,GC.v.0
2026-06-23 15:00:00+00:00,34,1,42011464,4148.0,4159.4,4140.6,4156.7,7910,GC.v.0
2026-06-23 16:00:00+00:00,34,1,42011464,4156.8,4161.8,4149.3,4151.9,4045,GC.v.0
2026-06-23 17:00:00+00:00,34,1,42011464,4151.9,4157.7,4145.5,4145.9,4337,GC.v.0
2026-06-23 18:00:00+00:00,34,1,42011464,4146.0,4148.8,4130.8,4135.6,2727,GC.v.0
2026-06-23 19:00:00+00:00,34,1,42011464,4135.8,4144.4,4129.1,4129.6,3252,GC.v.0
2026-06-23 20:00:00+00:00,34,1,42011464,4129.9,4130.8,4125.0,4129.0,2152,GC.v.0
2026-06-23 22:00:00+00:00,34,1,42011464,4130.0,4132.4,4113.9,4121.2,2875,GC.v.0
2026-06-23 23:00:00+00:00,34,1,42011464,4120.9,4120.9,4097.9,4116.6,3038,GC.v.0
2026-06-24 00:00:00+00:00,34,1,42011464,4117.0,4129.7,4111.4,4114.7,3014,GC.v.0
2026-06-24 01:00:00+00:00,34,1,42011464,4114.9,4119.8,4086.0,4106.5,6194,GC.v.0
2026-06-24 02:00:00+00:00,34,1,42011464,4106.4,4113.1,4069.0,4078.3,6405,GC.v.0
2026-06-24 03:00:00+00:00,34,1,42011464,4078.1,4088.5,4067.0,4080.4,3549,GC.v.0
2026-06-24 04:00:00+00:00,34,1,42011464,4080.1,4083.7,4071.6,4080.6,2061,GC.v.0
2026-06-24 05:00:00+00:00,34,1,42011464,4081.2,4103.1,4077.6,4093.1,3832,GC.v.0
2026-06-24 06:00:00+00:00,34,1,42011464,4093.1,4114.7,4093.1,4103.9,4934,GC.v.0
2026-06-24 07:00:00+00:00,34,1,42011464,4103.9,4107.8,4090.7,4091.5,2790,GC.v.0
2026-06-24 08:00:00+00:00,34,1,42011464,4091.6,4104.8,4090.0,4093.3,2797,GC.v.0
2026-06-24 09:00:00+00:00,34,1,42011464,4093.3,4095.8,4081.6,4081.8,3681,GC.v.0
2026-06-24 10:00:00+00:00,34,1,42011464,4082.0,4083.7,4071.0,4072.3,3237,GC.v.0
2026-06-24 11:00:00+00:00,34,1,42011464,4072.1,4075.6,4053.9,4063.2,7517,GC.v.0
2026-06-24 12:00:00+00:00,34,1,42011464,4063.4,4065.2,4003.3,4003.5,21575,GC.v.0
2026-06-24 13:00:00+00:00,34,1,42011464,4003.5,4059.0,3980.3,4054.9,37668,GC.v.0
2026-06-24 14:00:00+00:00,34,1,42011464,4054.9,4058.2,4020.0,4025.0,15494,GC.v.0
2026-06-24 15:00:00+00:00,34,1,42011464,4025.4,4033.9,4014.3,4019.5,7956,GC.v.0
2026-06-24 16:00:00+00:00,34,1,42011464,4019.4,4039.7,4012.6,4023.4,8438,GC.v.0
2026-06-24 17:00:00+00:00,34,1,42011464,4023.7,4028.6,3989.5,3989.8,10187,GC.v.0
2026-06-24 18:00:00+00:00,34,1,42011464,3989.9,4011.7,3975.7,3998.1,8120,GC.v.0
2026-06-24 19:00:00+00:00,34,1,42011464,3998.7,4008.2,3990.4,4004.9,4518,GC.v.0
2026-06-24 20:00:00+00:00,34,1,42011464,4005.5,4020.0,4001.6,4016.4,2907,GC.v.0
2026-06-24 22:00:00+00:00,34,1,42011464,4019.0,4024.9,4008.8,4012.0,2182,GC.v.0
2026-06-24 23:00:00+00:00,34,1,42011464,4012.5,4033.9,4006.0,4026.6,2960,GC.v.0
2026-06-25 00:00:00+00:00,34,1,42011464,4028.3,4031.5,3994.2,4007.3,4300,GC.v.0
2026-06-25 01:00:00+00:00,34,1,42011464,4007.2,4021.4,3987.9,3992.2,4579,GC.v.0
2026-06-25 02:00:00+00:00,34,1,42011464,3992.9,4006.6,3976.3,3998.7,5769,GC.v.0
2026-06-25 03:00:00+00:00,34,1,42011464,3998.8,4016.6,3981.6,4011.2,4916,GC.v.0
2026-06-25 04:00:00+00:00,34,1,42011464,4011.1,4013.2,3999.5,4011.8,2480,GC.v.0
2026-06-25 05:00:00+00:00,34,1,42011464,4012.0,4015.7,3996.2,4001.6,4154,GC.v.0
2026-06-25 06:00:00+00:00,34,1,42011464,4001.5,4004.6,3988.9,3992.7,4018,GC.v.0
2026-06-25 07:00:00+00:00,34,1,42011464,3992.5,4005.5,3986.6,4003.5,5345,GC.v.0
2026-06-25 08:00:00+00:00,34,1,42011464,4003.6,4017.9,4000.2,4004.9,4864,GC.v.0
2026-06-25 09:00:00+00:00,34,1,42011464,4004.9,4013.5,4001.9,4003.4,3574,GC.v.0
2026-06-25 10:00:00+00:00,34,1,42011464,4003.0,4004.6,3996.4,3999.5,2365,GC.v.0
2026-06-25 11:00:00+00:00,34,1,42011464,4000.0,4003.2,3988.6,3995.3,3648,GC.v.0
2026-06-25 12:00:00+00:00,34,1,42011464,3995.4,4035.1,3993.5,4028.2,12868,GC.v.0
2026-06-25 13:00:00+00:00,34,1,42011464,4028.2,4049.9,4016.6,4017.5,16819,GC.v.0
2026-06-25 14:00:00+00:00,34,1,42011464,4017.9,4045.6,4015.1,4027.6,12318,GC.v.0
2026-06-25 15:00:00+00:00,34,1,42011464,4027.8,4058.7,4020.4,4057.5,11862,GC.v.0
2026-06-25 16:00:00+00:00,34,1,42011464,4057.2,4060.0,4039.1,4044.0,6317,GC.v.0
2026-06-25 17:00:00+00:00,34,1,42011464,4044.4,4052.3,4042.3,4050.2,4406,GC.v.0
2026-06-25 18:00:00+00:00,34,1,42011464,4050.5,4059.9,4041.6,4050.4,3804,GC.v.0
2026-06-25 19:00:00+00:00,34,1,42011464,4051.0,4059.7,4036.8,4041.6,4574,GC.v.0
2026-06-25 20:00:00+00:00,34,1,42011464,4042.1,4049.8,4039.4,4041.6,1611,GC.v.0
2026-06-25 22:00:00+00:00,34,1,42011464,4044.4,4051.6,4034.5,4041.4,2501,GC.v.0
2026-06-25 23:00:00+00:00,34,1,42011464,4041.3,4045.7,4027.5,4030.2,1130,GC.v.0
2026-06-26 00:00:00+00:00,34,1,42011464,4029.9,4039.6,4026.3,4035.1,2321,GC.v.0
2026-06-26 01:00:00+00:00,34,1,42011464,4035.6,4044.8,4029.3,4035.9,3392,GC.v.0
2026-06-26 02:00:00+00:00,34,1,42011464,4036.2,4038.3,3998.1,4006.0,6587,GC.v.0
2026-06-26 03:00:00+00:00,34,1,42011464,4005.9,4022.0,4001.8,4019.7,2944,GC.v.0
2026-06-26 04:00:00+00:00,34,1,42011464,4019.4,4030.2,4013.8,4026.8,2075,GC.v.0
2026-06-26 05:00:00+00:00,34,1,42011464,4026.4,4037.1,4021.1,4023.2,2730,GC.v.0
2026-06-26 06:00:00+00:00,34,1,42011464,4023.2,4049.0,4022.1,4047.2,6237,GC.v.0
2026-06-26 07:00:00+00:00,34,1,42011464,4047.8,4055.5,4042.5,4046.4,4296,GC.v.0
2026-06-26 08:00:00+00:00,34,1,42011464,4046.1,4053.0,4041.2,4046.1,2229,GC.v.0
2026-06-26 09:00:00+00:00,34,1,42011464,4045.8,4069.7,4044.6,4062.8,7111,GC.v.0
2026-06-26 10:00:00+00:00,34,1,42011464,4062.3,4070.8,4057.5,4069.8,2715,GC.v.0
2026-06-26 11:00:00+00:00,34,1,42011464,4070.0,4071.5,4057.6,4061.0,3628,GC.v.0
2026-06-26 12:00:00+00:00,34,1,42011464,4061.1,4076.7,4050.6,4074.0,5266,GC.v.0
2026-06-26 13:00:00+00:00,34,1,42011464,4074.1,4093.1,4057.7,4088.7,12243,GC.v.0
2026-06-26 14:00:00+00:00,34,1,42011464,4088.6,4108.7,4083.0,4095.7,15154,GC.v.0
2026-06-26 15:00:00+00:00,34,1,42011464,4095.9,4111.5,4090.7,4106.3,7689,GC.v.0
2026-06-26 16:00:00+00:00,34,1,42011464,4106.1,4109.2,4097.4,4099.9,4510,GC.v.0
2026-06-26 17:00:00+00:00,34,1,42011464,4100.2,4103.4,4088.7,4089.6,4674,GC.v.0
2026-06-26 18:00:00+00:00,34,1,42011464,4089.9,4094.0,4081.9,4082.2,2955,GC.v.0
2026-06-26 19:00:00+00:00,34,1,42011464,4082.0,4089.0,4079.0,4086.2,3228,GC.v.0
2026-06-26 20:00:00+00:00,34,1,42011464,4086.4,4104.4,4079.0,4103.0,2260,GC.v.0
2026-06-28 22:00:00+00:00,34,1,42011464,4101.1,4102.9,4067.1,4080.8,4148,GC.v.0
2026-06-28 23:00:00+00:00,34,1,42011464,4080.2,4084.8,4065.9,4076.7,1927,GC.v.0
2026-06-29 00:00:00+00:00,34,1,42011464,4076.3,4088.7,4062.6,4083.9,3868,GC.v.0
2026-06-29 01:00:00+00:00,34,1,42011464,4083.7,4088.6,4068.0,4075.8,3430,GC.v.0
2026-06-29 02:00:00+00:00,34,1,42011464,4075.4,4086.5,4073.2,4080.8,2893,GC.v.0
2026-06-29 03:00:00+00:00,34,1,42011464,4081.1,4090.4,4079.9,4083.2,1331,GC.v.0
2026-06-29 04:00:00+00:00,34,1,42011464,4082.8,4083.2,4063.5,4065.5,2262,GC.v.0
2026-06-29 05:00:00+00:00,34,1,42011464,4065.4,4071.7,4053.8,4069.0,4533,GC.v.0
2026-06-29 06:00:00+00:00,34,1,42011464,4068.6,4079.6,4068.1,4077.0,3920,GC.v.0
2026-06-29 07:00:00+00:00,34,1,42011464,4077.5,4083.2,4070.7,4076.3,2461,GC.v.0
2026-06-29 08:00:00+00:00,34,1,42011464,4075.7,4081.0,4057.5,4060.9,3752,GC.v.0
2026-06-29 09:00:00+00:00,34,1,42011464,4061.3,4069.4,4038.1,4045.8,7573,GC.v.0
2026-06-29 10:00:00+00:00,34,1,42011464,4046.5,4053.9,4041.5,4051.1,4911,GC.v.0
2026-06-29 11:00:00+00:00,34,1,42011464,4051.7,4056.7,4041.5,4053.3,3243,GC.v.0
2026-06-29 12:00:00+00:00,34,1,42011464,4053.5,4067.0,4051.8,4057.8,5454,GC.v.0
2026-06-29 13:00:00+00:00,34,1,42011464,4057.8,4066.2,4042.2,4046.4,6330,GC.v.0
2026-06-29 14:00:00+00:00,34,1,42011464,4046.6,4049.6,4012.0,4039.5,15394,GC.v.0
2026-06-29 15:00:00+00:00,34,1,42011464,4039.9,4045.0,4030.5,4041.5,6693,GC.v.0
2026-06-29 16:00:00+00:00,34,1,42011464,4041.5,4043.3,4033.0,4038.4,3559,GC.v.0
2026-06-29 17:00:00+00:00,34,1,42011464,4038.5,4046.7,4033.8,4035.3,4122,GC.v.0
2026-06-29 18:00:00+00:00,34,1,42011464,4035.7,4040.0,4026.1,4027.8,2043,GC.v.0
2026-06-29 19:00:00+00:00,34,1,42011464,4027.7,4034.4,4019.2,4030.4,3620,GC.v.0
2026-06-29 20:00:00+00:00,34,1,42011464,4030.6,4032.5,4027.2,4030.5,871,GC.v.0
2026-06-29 22:00:00+00:00,34,1,42011464,4032.5,4036.5,4023.5,4028.4,2116,GC.v.0
2026-06-29 23:00:00+00:00,34,1,42011464,4029.0,4036.7,4027.4,4029.4,1596,GC.v.0
2026-06-30 00:00:00+00:00,34,1,42011464,4028.6,4028.9,3992.6,4001.3,5522,GC.v.0
2026-06-30 01:00:00+00:00,34,1,42011464,4000.5,4000.8,3955.4,3982.7,13261,GC.v.0
2026-06-30 02:00:00+00:00,34,1,42011464,3982.4,3986.8,3965.5,3975.8,4991,GC.v.0
2026-06-30 03:00:00+00:00,34,1,42011464,3976.1,3984.2,3973.1,3982.9,2833,GC.v.0
2026-06-30 04:00:00+00:00,34,1,42011464,3982.5,4011.6,3981.3,3999.2,4367,GC.v.0
2026-06-30 05:00:00+00:00,34,1,42011464,3999.7,4004.3,3988.6,3991.1,2607,GC.v.0
2026-06-30 06:00:00+00:00,34,1,42011464,3991.5,4047.8,3991.5,4043.5,8041,GC.v.0
2026-06-30 07:00:00+00:00,34,1,42011464,4043.7,4048.7,4037.5,4046.3,3699,GC.v.0
2026-06-30 08:00:00+00:00,34,1,42011464,4046.4,4051.8,4027.2,4029.0,4650,GC.v.0
2026-06-30 09:00:00+00:00,34,1,42011464,4029.0,4038.0,4025.9,4038.0,3296,GC.v.0
2026-06-30 10:00:00+00:00,34,1,42011464,4038.1,4045.5,4035.5,4043.9,2690,GC.v.0
2026-06-30 11:00:00+00:00,34,1,42011464,4043.9,4051.4,4039.3,4047.5,3637,GC.v.0
2026-06-30 12:00:00+00:00,34,1,42011464,4048.0,4048.2,4022.1,4023.9,5336,GC.v.0
2026-06-30 13:00:00+00:00,34,1,42011464,4023.7,4047.5,4022.9,4043.9,9217,GC.v.0
2026-06-30 14:00:00+00:00,34,1,42011464,4044.4,4078.1,4039.5,4052.0,15823,GC.v.0
2026-06-30 15:00:00+00:00,34,1,42011464,4052.1,4054.3,4036.4,4044.2,6854,GC.v.0
2026-06-30 16:00:00+00:00,34,1,42011464,4043.8,4048.5,4040.1,4040.3,2840,GC.v.0
2026-06-30 17:00:00+00:00,34,1,42011464,4040.8,4047.1,4034.9,4045.5,5872,GC.v.0
2026-06-30 18:00:00+00:00,34,1,42011464,4045.9,4048.7,4042.8,4043.6,1655,GC.v.0
2026-06-30 19:00:00+00:00,34,1,42011464,4043.0,4044.2,4029.1,4030.2,3292,GC.v.0
2026-06-30 20:00:00+00:00,34,1,42011464,4030.2,4036.0,4020.6,4021.8,1951,GC.v.0
2026-06-30 22:00:00+00:00,34,1,42011464,4025.0,4032.0,4022.1,4026.4,1588,GC.v.0
2026-06-30 23:00:00+00:00,34,1,42011464,4026.5,4031.8,4018.0,4018.9,1937,GC.v.0
2026-07-01 00:00:00+00:00,34,1,42011464,4018.9,4022.7,4006.0,4010.2,3076,GC.v.0
2026-07-01 01:00:00+00:00,34,1,42011464,4010.5,4013.2,3986.7,3990.8,5383,GC.v.0
2026-07-01 02:00:00+00:00,34,1,42011464,3990.4,3999.0,3983.0,3991.9,3259,GC.v.0
2026-07-01 03:00:00+00:00,34,1,42011464,3991.8,3999.9,3989.1,3993.3,2581,GC.v.0
2026-07-01 04:00:00+00:00,34,1,42011464,3993.4,3995.4,3985.3,3989.2,2617,GC.v.0
2026-07-01 05:00:00+00:00,34,1,42011464,3989.1,3992.0,3982.3,3986.6,2750,GC.v.0
2026-07-01 06:00:00+00:00,34,1,42011464,3986.6,3990.3,3975.9,3985.0,5659,GC.v.0
2026-07-01 07:00:00+00:00,34,1,42011464,3985.0,3991.0,3973.0,3988.7,6997,GC.v.0
2026-07-01 08:00:00+00:00,34,1,42011464,3988.8,3997.7,3982.5,3987.7,3623,GC.v.0
2026-07-01 09:00:00+00:00,34,1,42011464,3987.2,3999.3,3985.9,3997.9,2802,GC.v.0
2026-07-01 10:00:00+00:00,34,1,42011464,3997.8,4012.0,3994.6,4011.9,3447,GC.v.0
2026-07-01 11:00:00+00:00,34,1,42011464,4011.5,4049.4,4011.3,4044.0,7863,GC.v.0
2026-07-01 12:00:00+00:00,34,1,42011464,4044.5,4047.8,4033.2,4036.8,7841,GC.v.0
2026-07-01 13:00:00+00:00,34,1,42011464,4036.8,4122.6,4026.6,4104.2,26624,GC.v.0
2026-07-01 14:00:00+00:00,34,1,42011464,4104.8,4131.0,4096.9,4107.9,18098,GC.v.0
2026-07-01 15:00:00+00:00,34,1,42011464,4108.0,4108.8,4090.8,4095.1,7317,GC.v.0
2026-07-01 16:00:00+00:00,34,1,42011464,4095.5,4102.9,4084.0,4085.0,4079,GC.v.0
2026-07-01 17:00:00+00:00,34,1,42011464,4084.9,4087.6,4081.0,4082.2,3869,GC.v.0
2026-07-01 18:00:00+00:00,34,1,42011464,4082.3,4084.7,4071.3,4076.0,2599,GC.v.0
2026-07-01 19:00:00+00:00,34,1,42011464,4075.5,4082.2,4048.4,4052.3,5280,GC.v.0
2026-07-01 20:00:00+00:00,34,1,42011464,4052.2,4053.6,4042.1,4044.6,2735,GC.v.0
2026-07-01 22:00:00+00:00,34,1,42011464,4049.2,4057.2,4045.1,4057.2,2128,GC.v.0
2026-07-01 23:00:00+00:00,34,1,42011464,4056.8,4057.1,4045.5,4047.4,1948,GC.v.0
2026-07-02 00:00:00+00:00,34,1,42011464,4047.1,4065.0,4042.8,4063.5,3187,GC.v.0
2026-07-02 01:00:00+00:00,34,1,42011464,4063.5,4080.5,4057.0,4062.4,4575,GC.v.0
2026-07-02 02:00:00+00:00,34,1,42011464,4062.6,4073.2,4053.3,4069.2,2316,GC.v.0
2026-07-02 03:00:00+00:00,34,1,42011464,4069.4,4086.3,4067.7,4081.8,3096,GC.v.0
2026-07-02 04:00:00+00:00,34,1,42011464,4082.1,4085.0,4072.7,4073.2,1426,GC.v.0
2026-07-02 05:00:00+00:00,34,1,42011464,4073.1,4079.8,4065.2,4078.2,3224,GC.v.0
2026-07-02 06:00:00+00:00,34,1,42011464,4078.3,4092.5,4077.9,4086.2,4186,GC.v.0
2026-07-02 07:00:00+00:00,34,1,42011464,4086.0,4088.2,4073.4,4076.6,2780,GC.v.0
2026-07-02 08:00:00+00:00,34,1,42011464,4076.5,4092.6,4073.6,4089.1,2875,GC.v.0
2026-07-02 09:00:00+00:00,34,1,42011464,4088.4,4089.5,4075.7,4077.6,3371,GC.v.0
2026-07-02 10:00:00+00:00,34,1,42011464,4077.9,4081.6,4074.2,4078.6,2704,GC.v.0
2026-07-02 11:00:00+00:00,34,1,42011464,4079.1,4084.5,4069.7,4077.5,3764,GC.v.0
2026-07-02 12:00:00+00:00,34,1,42011464,4077.3,4154.2,4073.4,4130.5,23535,GC.v.0
2026-07-02 13:00:00+00:00,34,1,42011464,4130.8,4157.1,4121.7,4149.8,15024,GC.v.0
2026-07-02 14:00:00+00:00,34,1,42011464,4149.6,4151.6,4127.0,4141.9,9690,GC.v.0
2026-07-02 15:00:00+00:00,34,1,42011464,4141.9,4144.7,4127.8,4141.4,6582,GC.v.0
2026-07-02 16:00:00+00:00,34,1,42011464,4141.7,4143.2,4113.0,4131.2,5847,GC.v.0
2026-07-02 17:00:00+00:00,34,1,42011464,4131.1,4133.3,4118.5,4119.5,4473,GC.v.0
2026-07-02 18:00:00+00:00,34,1,42011464,4119.7,4140.6,4118.6,4135.9,3017,GC.v.0
2026-07-02 19:00:00+00:00,34,1,42011464,4136.2,4137.5,4121.3,4134.0,2478,GC.v.0
2026-07-02 20:00:00+00:00,34,1,42011464,4134.2,4138.3,4129.4,4135.5,2087,GC.v.0
2026-07-02 22:00:00+00:00,34,1,42011464,4138.0,4141.1,4135.1,4137.1,813,GC.v.0
2026-07-02 23:00:00+00:00,34,1,42011464,4137.2,4149.1,4133.8,4139.2,2334,GC.v.0
2026-07-03 00:00:00+00:00,34,1,42011464,4139.0,4164.0,4135.9,4160.0,3264,GC.v.0
2026-07-03 01:00:00+00:00,34,1,42011464,4159.8,4208.3,4159.5,4194.9,8676,GC.v.0
2026-07-03 02:00:00+00:00,34,1,42011464,4194.5,4199.9,4189.3,4196.8,2773,GC.v.0
2026-07-03 03:00:00+00:00,34,1,42011464,4196.8,4197.5,4188.3,4189.0,2080,GC.v.0
2026-07-03 04:00:00+00:00,34,1,42011464,4189.0,4196.0,4185.7,4191.3,1469,GC.v.0
2026-07-03 05:00:00+00:00,34,1,42011464,4191.1,4194.5,4181.7,4183.8,1907,GC.v.0
2026-07-03 06:00:00+00:00,34,1,42011464,4183.9,4187.8,4173.6,4186.1,4095,GC.v.0
2026-07-03 07:00:00+00:00,34,1,42011464,4186.2,4194.6,4181.9,4190.1,2866,GC.v.0
2026-07-03 08:00:00+00:00,34,1,42011464,4190.4,4199.6,4189.4,4193.5,3027,GC.v.0
2026-07-03 09:00:00+00:00,34,1,42011464,4193.3,4194.3,4180.7,4184.9,2955,GC.v.0
2026-07-03 10:00:00+00:00,34,1,42011464,4184.2,4193.5,4182.9,4189.3,1637,GC.v.0
2026-07-03 11:00:00+00:00,34,1,42011464,4189.0,4198.7,4188.1,4193.3,1963,GC.v.0
2026-07-03 12:00:00+00:00,34,1,42011464,4193.3,4195.7,4184.5,4189.3,2720,GC.v.0
2026-07-03 13:00:00+00:00,34,1,42011464,4189.3,4191.8,4175.5,4176.5,2933,GC.v.0
2026-07-03 14:00:00+00:00,34,1,42011464,4176.6,4183.5,4167.7,4182.2,3338,GC.v.0
2026-07-03 15:00:00+00:00,34,1,42011464,4182.5,4187.0,4176.9,4177.4,1671,GC.v.0
2026-07-03 16:00:00+00:00,34,1,42011464,4177.1,4188.4,4175.0,4187.3,1979,GC.v.0
2026-07-05 22:00:00+00:00,34,1,42011464,4187.5,4203.5,4184.4,4200.1,3004,GC.v.0
2026-07-05 23:00:00+00:00,34,1,42011464,4200.6,4214.1,4189.8,4195.2,3491,GC.v.0
2026-07-06 00:00:00+00:00,34,1,42011464,4195.8,4200.7,4182.4,4191.6,3396,GC.v.0
2026-07-06 01:00:00+00:00,34,1,42011464,4190.5,4215.5,4184.3,4198.1,4384,GC.v.0
2026-07-06 02:00:00+00:00,34,1,42011464,4198.5,4200.1,4180.3,4185.5,3516,GC.v.0
2026-07-06 03:00:00+00:00,34,1,42011464,4185.9,4187.9,4172.7,4177.0,2390,GC.v.0
2026-07-06 04:00:00+00:00,34,1,42011464,4177.0,4178.4,4169.2,4171.5,1438,GC.v.0
2026-07-06 05:00:00+00:00,34,1,42011464,4171.2,4172.8,4156.4,4159.7,3181,GC.v.0
2026-07-06 06:00:00+00:00,34,1,42011464,4159.5,4171.5,4156.8,4161.9,2679,GC.v.0
2026-07-06 07:00:00+00:00,34,1,42011464,4162.0,4178.1,4158.7,4175.7,2957,GC.v.0
2026-07-06 08:00:00+00:00,34,1,42011464,4176.4,4177.6,4158.1,4161.8,2788,GC.v.0
2026-07-06 09:00:00+00:00,34,1,42011464,4161.6,4162.7,4148.4,4155.5,4754,GC.v.0
2026-07-06 10:00:00+00:00,34,1,42011464,4155.5,4168.3,4154.6,4167.4,2207,GC.v.0
2026-07-06 11:00:00+00:00,34,1,42011464,4167.3,4172.2,4163.9,4167.4,1715,GC.v.0
2026-07-06 12:00:00+00:00,34,1,42011464,4167.4,4170.9,4143.3,4151.4,6011,GC.v.0
2026-07-06 13:00:00+00:00,34,1,42011464,4151.9,4162.6,4147.1,4153.0,7174,GC.v.0
2026-07-06 14:00:00+00:00,34,1,42011464,4152.5,4159.5,4140.6,4150.2,8567,GC.v.0
2026-07-06 15:00:00+00:00,34,1,42011464,4150.6,4164.0,4149.8,4159.9,5107,GC.v.0
2026-07-06 16:00:00+00:00,34,1,42011464,4160.1,4168.1,4152.0,4166.9,2834,GC.v.0
2026-07-06 17:00:00+00:00,34,1,42011464,4166.9,4173.4,4162.1,4172.9,3674,GC.v.0
2026-07-06 18:00:00+00:00,34,1,42011464,4173.3,4179.6,4167.1,4175.8,2439,GC.v.0
2026-07-06 19:00:00+00:00,34,1,42011464,4175.8,4177.4,4170.5,4175.5,1812,GC.v.0
2026-07-06 20:00:00+00:00,34,1,42011464,4175.4,4177.3,4172.6,4176.3,587,GC.v.0
2026-07-06 22:00:00+00:00,34,1,42011464,4176.4,4179.5,4174.6,4175.9,822,GC.v.0
2026-07-06 23:00:00+00:00,34,1,42011464,4175.4,4176.6,4168.0,4168.7,777,GC.v.0
2026-07-07 00:00:00+00:00,34,1,42011464,4168.5,4174.5,4156.1,4157.2,2114,GC.v.0
2026-07-07 01:00:00+00:00,34,1,42011464,4157.3,4160.2,4137.6,4153.9,4707,GC.v.0
2026-07-07 02:00:00+00:00,34,1,42011464,4154.0,4157.0,4142.8,4147.9,2560,GC.v.0
2026-07-07 03:00:00+00:00,34,1,42011464,4147.8,4151.4,4135.2,4142.5,2134,GC.v.0
2026-07-07 04:00:00+00:00,34,1,42011464,4142.4,4152.4,4136.8,4137.6,1802,GC.v.0
2026-07-07 05:00:00+00:00,34,1,42011464,4137.6,4142.2,4127.7,4135.2,3623,GC.v.0
2026-07-07 06:00:00+00:00,34,1,42011464,4135.0,4144.4,4132.5,4141.7,2228,GC.v.0
2026-07-07 07:00:00+00:00,34,1,42011464,4141.9,4144.6,4135.4,4135.8,2483,GC.v.0
2026-07-07 08:00:00+00:00,34,1,42011464,4135.4,4150.9,4132.7,4137.1,4059,GC.v.0
2026-07-07 09:00:00+00:00,34,1,42011464,4136.9,4144.6,4130.6,4142.4,3422,GC.v.0
2026-07-07 10:00:00+00:00,34,1,42011464,4142.4,4150.5,4142.4,4147.1,1879,GC.v.0
2026-07-07 11:00:00+00:00,34,1,42011464,4147.1,4170.0,4143.0,4168.6,4319,GC.v.0
2026-07-07 12:00:00+00:00,34,1,42011464,4168.6,4187.0,4166.0,4184.1,10121,GC.v.0
2026-07-07 13:00:00+00:00,34,1,42011464,4184.1,4192.4,4167.3,4170.0,10666,GC.v.0
2026-07-07 14:00:00+00:00,34,1,42011464,4169.7,4175.1,4154.5,4165.0,9289,GC.v.0
2026-07-07 15:00:00+00:00,34,1,42011464,4165.0,4166.7,4146.9,4150.1,5193,GC.v.0
2026-07-07 16:00:00+00:00,34,1,42011464,4150.4,4158.7,4148.2,4156.6,3070,GC.v.0
2026-07-07 17:00:00+00:00,34,1,42011464,4156.7,4159.8,4151.8,4155.9,2663,GC.v.0
2026-07-07 18:00:00+00:00,34,1,42011464,4156.0,4156.5,4136.1,4138.0,3703,GC.v.0
2026-07-07 19:00:00+00:00,34,1,42011464,4137.9,4138.7,4102.7,4125.1,12473,GC.v.0
2026-07-07 20:00:00+00:00,34,1,42011464,4125.3,4126.7,4114.2,4116.6,2067,GC.v.0
2026-07-07 22:00:00+00:00,34,1,42011464,4106.5,4116.9,4104.0,4109.5,2827,GC.v.0
2026-07-07 23:00:00+00:00,34,1,42011464,4109.0,4118.9,4106.3,4108.8,2977,GC.v.0
2026-07-08 00:00:00+00:00,34,1,42011464,4108.5,4137.1,4107.4,4122.5,3570,GC.v.0
2026-07-08 01:00:00+00:00,34,1,42011464,4122.8,4129.0,4106.8,4122.3,5181,GC.v.0
2026-07-08 02:00:00+00:00,34,1,42011464,4122.2,4135.5,4116.5,4125.0,3121,GC.v.0
2026-07-08 03:00:00+00:00,34,1,42011464,4125.5,4142.3,4125.5,4134.3,2725,GC.v.0
2026-07-08 04:00:00+00:00,34,1,42011464,4134.2,4139.4,4131.4,4135.9,2324,GC.v.0
2026-07-08 05:00:00+00:00,34,1,42011464,4135.9,4144.6,4131.3,4138.5,2161,GC.v.0
2026-07-08 06:00:00+00:00,34,1,42011464,4138.8,4144.7,4132.9,4134.0,2542,GC.v.0
2026-07-08 07:00:00+00:00,34,1,42011464,4134.4,4139.0,4125.4,4132.0,3284,GC.v.0
2026-07-08 08:00:00+00:00,34,1,42011464,4132.0,4132.5,4062.2,4066.8,18189,GC.v.0
2026-07-08 09:00:00+00:00,34,1,42011464,4066.6,4071.3,4051.6,4053.1,8503,GC.v.0
2026-07-08 10:00:00+00:00,34,1,42011464,4053.5,4069.0,4050.0,4062.9,5401,GC.v.0
2026-07-08 11:00:00+00:00,34,1,42011464,4062.9,4083.0,4051.5,4072.3,7656,GC.v.0
2026-07-08 12:00:00+00:00,34,1,42011464,4071.9,4096.8,4068.5,4082.9,9279,GC.v.0
2026-07-08 13:00:00+00:00,34,1,42011464,4082.5,4093.8,4075.8,4081.6,9727,GC.v.0
2026-07-08 14:00:00+00:00,34,1,42011464,4081.1,4082.0,4044.0,4051.8,15609,GC.v.0
2026-07-08 15:00:00+00:00,34,1,42011464,4052.0,4054.3,4032.5,4044.1,10624,GC.v.0
2026-07-08 16:00:00+00:00,34,1,42011464,4044.5,4075.0,4043.4,4073.9,7530,GC.v.0
2026-07-08 17:00:00+00:00,34,1,42011464,4073.9,4086.9,4069.4,4076.4,6517,GC.v.0
2026-07-08 18:00:00+00:00,34,1,42011464,4075.8,4101.6,4073.8,4094.1,4884,GC.v.0
2026-07-08 19:00:00+00:00,34,1,42011464,4095.0,4101.4,4088.5,4090.2,3688,GC.v.0
2026-07-08 20:00:00+00:00,34,1,42011464,4090.5,4093.5,4081.4,4086.6,2388,GC.v.0
2026-07-08 22:00:00+00:00,34,1,42011464,4087.6,4089.6,4081.2,4085.7,1353,GC.v.0
2026-07-08 23:00:00+00:00,34,1,42011464,4086.3,4087.5,4081.1,4085.6,878,GC.v.0
2026-07-09 00:00:00+00:00,34,1,42011464,4087.5,4099.1,4079.2,4082.8,3023,GC.v.0
2026-07-09 01:00:00+00:00,34,1,42011464,4083.2,4088.2,4071.4,4081.8,3915,GC.v.0
2026-07-09 02:00:00+00:00,34,1,42011464,4081.9,4091.9,4073.1,4073.8,3215,GC.v.0
2026-07-09 03:00:00+00:00,34,1,42011464,4073.4,4076.3,4063.4,4073.5,2107,GC.v.0
2026-07-09 04:00:00+00:00,34,1,42011464,4073.6,4073.7,4065.9,4073.7,1949,GC.v.0
2026-07-09 05:00:00+00:00,34,1,42011464,4073.7,4093.8,4073.0,4091.4,4765,GC.v.0
2026-07-09 06:00:00+00:00,34,1,42011464,4091.3,4117.7,4090.8,4117.7,5890,GC.v.0
2026-07-09 07:00:00+00:00,34,1,42011464,4117.3,4121.0,4111.3,4117.9,3669,GC.v.0
2026-07-09 08:00:00+00:00,34,1,42011464,4117.9,4127.4,4115.0,4117.9,3191,GC.v.0
2026-07-09 09:00:00+00:00,34,1,42011464,4118.0,4121.4,4112.6,4115.7,2523,GC.v.0
2026-07-09 10:00:00+00:00,34,1,42011464,4115.8,4119.2,4102.8,4108.0,3268,GC.v.0
2026-07-09 11:00:00+00:00,34,1,42011464,4108.2,4120.4,4106.9,4118.7,3563,GC.v.0
2026-07-09 12:00:00+00:00,34,1,42011464,4118.7,4132.4,4114.8,4117.7,7580,GC.v.0
2026-07-09 13:00:00+00:00,34,1,42011464,4117.5,4139.6,4116.6,4131.7,8380,GC.v.0
2026-07-09 14:00:00+00:00,34,1,42011464,4131.3,4147.4,4123.7,4137.3,8418,GC.v.0
2026-07-09 15:00:00+00:00,34,1,42011464,4137.7,4143.0,4134.6,4136.4,3612,GC.v.0
2026-07-09 16:00:00+00:00,34,1,42011464,4136.8,4148.4,4135.4,4137.7,3540,GC.v.0
2026-07-09 17:00:00+00:00,34,1,42011464,4137.8,4148.3,4134.5,4146.1,4586,GC.v.0
2026-07-09 18:00:00+00:00,34,1,42011464,4145.9,4146.5,4131.1,4134.5,2423,GC.v.0
2026-07-09 19:00:00+00:00,34,1,42011464,4134.1,4136.9,4128.3,4132.4,2114,GC.v.0
2026-07-09 20:00:00+00:00,34,1,42011464,4132.1,4135.1,4130.0,4132.6,947,GC.v.0
2026-07-09 22:00:00+00:00,34,1,42011464,4135.4,4136.8,4130.5,4130.7,1100,GC.v.0
2026-07-09 23:00:00+00:00,34,1,42011464,4130.8,4134.2,4130.1,4132.6,588,GC.v.0
2026-07-10 00:00:00+00:00,34,1,42011464,4132.5,4137.8,4123.5,4135.8,2429,GC.v.0
2026-07-10 01:00:00+00:00,34,1,42011464,4136.2,4140.8,4118.3,4127.1,3961,GC.v.0
2026-07-10 02:00:00+00:00,34,1,42011464,4126.7,4138.9,4125.9,4137.6,2116,GC.v.0
2026-07-10 03:00:00+00:00,34,1,42011464,4137.5,4144.6,4128.9,4129.6,2803,GC.v.0
2026-07-10 04:00:00+00:00,34,1,42011464,4128.8,4130.5,4121.2,4123.9,1632,GC.v.0
2026-07-10 05:00:00+00:00,34,1,42011464,4124.1,4126.0,4117.0,4125.5,2173,GC.v.0
2026-07-10 06:00:00+00:00,34,1,42011464,4125.5,4129.0,4120.0,4120.6,2132,GC.v.0
2026-07-10 07:00:00+00:00,34,1,42011464,4120.3,4124.4,4113.0,4117.9,2743,GC.v.0
2026-07-10 08:00:00+00:00,34,1,42011464,4117.6,4118.3,4103.3,4106.5,3302,GC.v.0
2026-07-10 09:00:00+00:00,34,1,42011464,4106.5,4114.5,4103.0,4113.7,2946,GC.v.0
2026-07-10 10:00:00+00:00,34,1,42011464,4113.8,4121.8,4113.1,4113.5,2778,GC.v.0
2026-07-10 11:00:00+00:00,34,1,42011464,4113.3,4117.1,4104.5,4111.0,2643,GC.v.0
2026-07-10 12:00:00+00:00,34,1,42011464,4111.4,4127.0,4106.0,4109.3,5508,GC.v.0
2026-07-10 13:00:00+00:00,34,1,42011464,4109.7,4115.5,4093.7,4108.7,7879,GC.v.0
2026-07-10 14:00:00+00:00,34,1,42011464,4108.3,4118.6,4081.7,4101.7,11861,GC.v.0
2026-07-10 15:00:00+00:00,34,1,42011464,4101.9,4122.7,4100.1,4122.1,5021,GC.v.0
2026-07-10 16:00:00+00:00,34,1,42011464,4122.4,4124.8,4113.3,4113.6,3793,GC.v.0
2026-07-10 17:00:00+00:00,34,1,42011464,4113.4,4115.8,4109.4,4109.6,2827,GC.v.0
2026-07-10 18:00:00+00:00,34,1,42011464,4109.8,4114.8,4106.8,4109.7,2343,GC.v.0
2026-07-10 19:00:00+00:00,34,1,42011464,4109.7,4117.0,4106.3,4116.6,2605,GC.v.0
2026-07-10 20:00:00+00:00,34,1,42011464,4116.4,4129.0,4116.3,4128.9,1353,GC.v.0
2026-07-12 22:00:00+00:00,34,1,42011464,4106.6,4111.6,4076.8,4084.3,4294,GC.v.0
2026-07-12 23:00:00+00:00,34,1,42011464,4084.0,4093.3,4075.8,4092.9,2151,GC.v.0
2026-07-13 00:00:00+00:00,34,1,42011464,4093.1,4099.7,4069.4,4082.1,4465,GC.v.0
2026-07-13 01:00:00+00:00,34,1,42011464,4082.9,4098.3,4074.0,4080.2,5727,GC.v.0
2026-07-13 02:00:00+00:00,34,1,42011464,4080.5,4085.5,4072.6,4076.8,3446,GC.v.0
2026-07-13 03:00:00+00:00,34,1,42011464,4076.5,4077.2,4060.7,4068.3,3576,GC.v.0
2026-07-13 04:00:00+00:00,34,1,42011464,4068.1,4068.1,4057.8,4066.3,2167,GC.v.0
2026-07-13 05:00:00+00:00,34,1,42011464,4066.4,4080.9,4059.5,4061.8,4319,GC.v.0
2026-07-13 06:00:00+00:00,34,1,42011464,4061.9,4071.4,4052.0,4063.0,4889,GC.v.0
2026-07-13 07:00:00+00:00,34,1,42011464,4063.4,4073.2,4056.5,4072.8,3081,GC.v.0
2026-07-13 08:00:00+00:00,34,1,42011464,4072.8,4089.1,4071.4,4083.1,4093,GC.v.0
2026-07-13 09:00:00+00:00,34,1,42011464,4082.8,4085.0,4076.0,4076.3,2512,GC.v.0
2026-07-13 10:00:00+00:00,34,1,42011464,4076.2,4078.4,4055.0,4068.4,4314,GC.v.0
2026-07-13 11:00:00+00:00,34,1,42011464,4068.4,4076.7,4062.6,4064.0,4572,GC.v.0
2026-07-13 12:00:00+00:00,34,1,42011464,4064.0,4075.2,4061.1,4075.2,5323,GC.v.0
2026-07-13 13:00:00+00:00,34,1,42011464,4075.3,4075.5,4049.0,4050.9,8295,GC.v.0
2026-07-13 14:00:00+00:00,34,1,42011464,4050.5,4054.5,4005.8,4022.4,25354,GC.v.0
2026-07-13 15:00:00+00:00,34,1,42011464,4022.4,4027.5,4017.5,4023.3,5077,GC.v.0
2026-07-13 16:00:00+00:00,34,1,42011464,4023.1,4025.5,3992.9,4000.3,8727,GC.v.0
2026-07-13 17:00:00+00:00,34,1,42011464,4000.5,4009.3,3999.2,4000.6,4927,GC.v.0
2026-07-13 18:00:00+00:00,34,1,42011464,4000.7,4012.7,3993.6,4008.5,4284,GC.v.0
2026-07-13 19:00:00+00:00,34,1,42011464,4008.8,4011.6,4000.5,4009.3,3208,GC.v.0
2026-07-13 20:00:00+00:00,34,1,42011464,4009.4,4013.6,4002.8,4008.7,1836,GC.v.0
2026-07-13 22:00:00+00:00,34,1,42011464,4005.9,4015.5,4005.8,4007.4,1103,GC.v.0
2026-07-13 23:00:00+00:00,34,1,42011464,4007.7,4009.9,3999.1,4007.9,1406,GC.v.0
2026-07-14 00:00:00+00:00,34,1,42011464,4008.6,4014.3,3990.4,4011.6,4213,GC.v.0
2026-07-14 01:00:00+00:00,34,1,42011464,4010.8,4019.0,3998.6,4017.0,4019,GC.v.0
2026-07-14 02:00:00+00:00,34,1,42011464,4017.5,4025.7,4012.7,4019.2,3934,GC.v.0
2026-07-14 03:00:00+00:00,34,1,42011464,4019.1,4025.7,4017.5,4023.3,1954,GC.v.0
2026-07-14 04:00:00+00:00,34,1,42011464,4023.7,4029.7,4019.9,4026.7,2220,GC.v.0
2026-07-14 05:00:00+00:00,34,1,42011464,4027.2,4040.4,4026.2,4037.8,3963,GC.v.0
2026-07-14 06:00:00+00:00,34,1,42011464,4037.7,4039.5,4028.0,4030.4,2833,GC.v.0
2026-07-14 07:00:00+00:00,34,1,42011464,4030.6,4036.4,4026.5,4027.3,2593,GC.v.0
2026-07-14 08:00:00+00:00,34,1,42011464,4027.3,4031.1,4020.8,4022.6,3066,GC.v.0
2026-07-14 09:00:00+00:00,34,1,42011464,4022.4,4031.2,4020.1,4028.7,3474,GC.v.0
2026-07-14 10:00:00+00:00,34,1,42011464,4028.6,4029.6,4021.9,4028.2,1769,GC.v.0
2026-07-14 11:00:00+00:00,34,1,42011464,4028.2,4039.0,4022.1,4038.1,3093,GC.v.0
2026-07-14 12:00:00+00:00,34,1,42011464,4038.5,4112.5,4029.8,4083.9,28443,GC.v.0
2026-07-14 13:00:00+00:00,34,1,42011464,4084.0,4096.4,4078.2,4084.0,12099,GC.v.0
2026-07-14 14:00:00+00:00,34,1,42011464,4084.0,4098.4,4077.9,4093.0,9730,GC.v.0
2026-07-14 15:00:00+00:00,34,1,42011464,4093.0,4108.7,4071.3,4073.1,11633,GC.v.0
2026-07-14 16:00:00+00:00,34,1,42011464,4073.2,4073.8,4063.4,4068.3,5006,GC.v.0
2026-07-14 17:00:00+00:00,34,1,42011464,4068.8,4072.2,4061.1,4070.1,4483,GC.v.0
2026-07-14 18:00:00+00:00,34,1,42011464,4069.5,4070.2,4049.2,4060.7,4863,GC.v.0
2026-07-14 19:00:00+00:00,34,1,42011464,4060.3,4064.1,4054.2,4062.1,2995,GC.v.0
2026-07-14 20:00:00+00:00,34,1,42011464,4062.1,4063.1,4055.5,4058.3,1631,GC.v.0
2026-07-14 22:00:00+00:00,34,1,42011464,4059.8,4060.0,4054.3,4055.1,1231,GC.v.0
2026-07-14 23:00:00+00:00,34,1,42011464,4054.8,4062.4,4052.7,4058.8,1209,GC.v.0
2026-07-15 00:00:00+00:00,34,1,42011464,4059.0,4067.2,4057.1,4065.1,1774,GC.v.0
2026-07-15 01:00:00+00:00,34,1,42011464,4066.3,4068.6,4041.2,4042.9,3621,GC.v.0
2026-07-15 02:00:00+00:00,34,1,42011464,4043.0,4048.4,4035.3,4041.7,3486,GC.v.0
2026-07-15 03:00:00+00:00,34,1,42011464,4041.3,4046.6,4033.9,4037.8,2901,GC.v.0
2026-07-15 04:00:00+00:00,34,1,42011464,4036.9,4041.3,4034.2,4039.1,1583,GC.v.0
2026-07-15 05:00:00+00:00,34,1,42011464,4039.5,4044.7,4028.0,4040.9,4104,GC.v.0
2026-07-15 06:00:00+00:00,34,1,42011464,4041.2,4041.7,4027.1,4038.0,3622,GC.v.0
2026-07-15 07:00:00+00:00,34,1,42011464,4038.2,4040.6,4025.6,4030.7,3427,GC.v.0
2026-07-15 08:00:00+00:00,34,1,42011464,4030.7,4039.5,4023.3,4037.7,3294,GC.v.0
2026-07-15 09:00:00+00:00,34,1,42011464,4037.7,4040.7,4031.5,4036.3,2731,GC.v.0
2026-07-15 10:00:00+00:00,34,1,42011464,4036.4,4042.4,4032.1,4034.3,2055,GC.v.0
2026-07-15 11:00:00+00:00,34,1,42011464,4033.9,4046.5,4033.7,4044.5,2302,GC.v.0
2026-07-15 12:00:00+00:00,34,1,42011464,4044.9,4078.2,4041.8,4074.6,9563,GC.v.0
2026-07-15 13:00:00+00:00,34,1,42011464,4074.7,4080.7,4060.5,4068.5,9123,GC.v.0
2026-07-15 14:00:00+00:00,34,1,42011464,4068.7,4073.0,4059.5,4067.2,5320,GC.v.0
2026-07-15 15:00:00+00:00,34,1,42011464,4067.4,4069.6,4045.9,4053.2,5414,GC.v.0
2026-07-15 16:00:00+00:00,34,1,42011464,4053.4,4054.4,4033.0,4040.3,6941,GC.v.0
2026-07-15 17:00:00+00:00,34,1,42011464,4040.4,4073.7,4039.7,4068.7,8395,GC.v.0
2026-07-15 18:00:00+00:00,34,1,42011464,4069.2,4089.1,4065.2,4066.3,5981,GC.v.0
2026-07-15 19:00:00+00:00,34,1,42011464,4066.3,4069.9,4055.2,4064.0,4416,GC.v.0
2026-07-15 20:00:00+00:00,34,1,42011464,4063.7,4069.8,4062.3,4066.9,1026,GC.v.0
2026-07-15 22:00:00+00:00,34,1,42011464,4068.9,4071.9,4063.8,4065.6,1264,GC.v.0
2026-07-15 23:00:00+00:00,34,1,42011464,4065.8,4068.0,4061.1,4063.6,1641,GC.v.0
2026-07-16 00:00:00+00:00,34,1,42011464,4063.8,4067.1,4049.2,4050.4,2806,GC.v.0
2026-07-16 01:00:00+00:00,34,1,42011464,4050.3,4056.6,4039.4,4044.2,4357,GC.v.0
2026-07-16 02:00:00+00:00,34,1,42011464,4044.5,4045.3,4029.4,4036.9,3091,GC.v.0
2026-07-16 03:00:00+00:00,34,1,42011464,4036.8,4042.2,4033.0,4041.3,1279,GC.v.0
2026-07-16 04:00:00+00:00,34,1,42011464,4041.8,4043.1,4037.0,4038.3,1174,GC.v.0
2026-07-16 05:00:00+00:00,34,1,42011464,4038.2,4038.9,4030.3,4032.2,2624,GC.v.0
2026-07-16 06:00:00+00:00,34,1,42011464,4032.4,4041.5,4027.7,4035.8,3687,GC.v.0
2026-07-16 07:00:00+00:00,34,1,42011464,4035.6,4037.1,4027.8,4036.1,3105,GC.v.0
2026-07-16 08:00:00+00:00,34,1,42011464,4035.5,4041.7,4030.0,4040.3,3041,GC.v.0
2026-07-16 09:00:00+00:00,34,1,42011464,4040.6,4043.2,4035.7,4037.4,2814,GC.v.0
2026-07-16 10:00:00+00:00,34,1,42011464,4037.2,4040.1,4034.4,4035.1,1489,GC.v.0
2026-07-16 11:00:00+00:00,34,1,42011464,4035.2,4048.4,4026.2,4044.1,5569,GC.v.0
2026-07-16 12:00:00+00:00,34,1,42011464,4044.4,4048.7,3994.2,3996.4,19643,GC.v.0
2026-07-16 13:00:00+00:00,34,1,42011464,3996.3,4012.6,3977.1,3994.0,17304,GC.v.0
2026-07-16 14:00:00+00:00,34,1,42011464,3993.9,4011.0,3991.2,4002.0,7829,GC.v.0
2026-07-16 15:00:00+00:00,34,1,42011464,4002.2,4021.8,3993.3,4011.8,8135,GC.v.0
2026-07-16 16:00:00+00:00,34,1,42011464,4011.4,4012.3,3986.5,3996.4,6442,GC.v.0
2026-07-16 17:00:00+00:00,34,1,42011464,3996.7,3997.3,3983.9,3989.5,4753,GC.v.0
2026-07-16 18:00:00+00:00,34,1,42011464,3989.7,3995.2,3981.0,3984.7,3359,GC.v.0
2026-07-16 19:00:00+00:00,34,1,42011464,3984.9,3990.8,3973.4,3984.6,4131,GC.v.0
2026-07-16 20:00:00+00:00,34,1,42011464,3984.8,3984.8,3976.2,3979.9,1280,GC.v.0
2026-07-16 22:00:00+00:00,34,1,42011464,3980.1,3984.1,3976.8,3982.1,1172,GC.v.0
2026-07-16 23:00:00+00:00,34,1,42011464,3982.1,3989.9,3978.6,3989.2,1560,GC.v.0
2026-07-17 00:00:00+00:00,34,1,42011464,3989.5,3995.9,3983.8,3995.9,2148,GC.v.0
2026-07-17 01:00:00+00:00,34,1,42011464,3996.0,4000.1,3982.7,3986.5,4147,GC.v.0
2026-07-17 02:00:00+00:00,34,1,42011464,3987.0,3991.1,3974.1,3982.2,2332,GC.v.0
2026-07-17 03:00:00+00:00,34,1,42011464,3982.5,4012.2,3982.2,3994.8,5006,GC.v.0
2026-07-17 04:00:00+00:00,34,1,42011464,3995.0,3995.1,3983.1,3985.0,2724,GC.v.0
2026-07-17 05:00:00+00:00,34,1,42011464,3984.8,3995.3,3978.4,3988.6,4282,GC.v.0
2026-07-17 06:00:00+00:00,34,1,42011464,3988.6,4010.7,3988.5,4003.1,3655,GC.v.0
2026-07-17 07:00:00+00:00,34,1,42011464,4003.1,4006.6,3996.7,3997.0,2140,GC.v.0
2026-07-17 08:00:00+00:00,34,1,42011464,3996.6,4003.8,3991.3,3998.4,3140,GC.v.0
2026-07-17 09:00:00+00:00,34,1,42011464,3997.9,4006.5,3996.8,4001.8,2152,GC.v.0
2026-07-17 10:00:00+00:00,34,1,42011464,4001.7,4002.9,3994.1,3994.4,1734,GC.v.0
2026-07-17 11:00:00+00:00,34,1,42011464,3994.5,4002.7,3993.6,3997.9,2594,GC.v.0
2026-07-17 12:00:00+00:00,34,1,42011464,3998.2,3999.6,3967.7,3969.5,8532,GC.v.0
2026-07-17 13:00:00+00:00,34,1,42011464,3970.1,4007.9,3963.0,4001.4,14516,GC.v.0
2026-07-17 14:00:00+00:00,34,1,42011464,4000.7,4008.9,3994.2,4005.5,8356,GC.v.0
2026-07-17 15:00:00+00:00,34,1,42011464,4005.5,4026.1,4002.0,4024.1,10633,GC.v.0
2026-07-17 16:00:00+00:00,34,1,42011464,4024.4,4028.9,4016.0,4019.6,6553,GC.v.0
2026-07-17 17:00:00+00:00,34,1,42011464,4020.0,4024.0,4012.9,4014.8,3844,GC.v.0
2026-07-17 18:00:00+00:00,34,1,42011464,4014.9,4021.3,4011.6,4016.1,2544,GC.v.0
2026-07-17 19:00:00+00:00,34,1,42011464,4016.4,4020.9,4006.8,4019.9,2761,GC.v.0
2026-07-17 20:00:00+00:00,34,1,42011464,4019.9,4023.0,4013.2,4023.0,1488,GC.v.0
2026-07-19 22:00:00+00:00,34,1,42011464,4005.6,4011.2,3996.9,3997.9,2716,GC.v.0
2026-07-19 23:00:00+00:00,34,1,42011464,3999.3,4000.1,3993.0,3999.2,1348,GC.v.0
2026-07-20 00:00:00+00:00,34,1,42011464,3999.6,4014.5,3986.5,4013.7,4693,GC.v.0
2026-07-20 01:00:00+00:00,34,1,42011464,4013.5,4025.7,4000.1,4007.0,5193,GC.v.0
2026-07-20 02:00:00+00:00,34,1,42011464,4007.3,4034.2,4006.0,4027.1,3703,GC.v.0
2026-07-20 03:00:00+00:00,34,1,42011464,4026.7,4032.7,4023.5,4028.7,1899,GC.v.0
2026-07-20 04:00:00+00:00,34,1,42011464,4028.7,4031.3,4022.6,4022.8,1257,GC.v.0
2026-07-20 05:00:00+00:00,34,1,42011464,4023.3,4025.1,4009.5,4012.3,2446,GC.v.0
2026-07-20 06:00:00+00:00,34,1,42011464,4012.4,4015.9,4007.0,4008.2,1807,GC.v.0
2026-07-20 07:00:00+00:00,34,1,42011464,4008.0,4026.7,4006.5,4022.0,4098,GC.v.0
2026-07-20 08:00:00+00:00,34,1,42011464,4022.2,4035.5,4021.8,4023.3,3927,GC.v.0
2026-07-20 09:00:00+00:00,34,1,42011464,4023.0,4027.7,4018.7,4025.3,2218,GC.v.0
2026-07-20 10:00:00+00:00,34,1,42011464,4025.8,4030.4,4022.4,4029.0,1208,GC.v.0
2026-07-20 11:00:00+00:00,34,1,42011464,4029.0,4046.0,4024.4,4030.5,6470,GC.v.0
2026-07-20 12:00:00+00:00,34,1,42011464,4030.0,4030.2,4010.1,4012.0,8507,GC.v.0
2026-07-20 13:00:00+00:00,34,1,42011464,4012.2,4021.6,4009.4,4009.5,6298,GC.v.0
2026-07-20 14:00:00+00:00,34,1,42011464,4009.4,4018.6,4001.6,4010.5,8400,GC.v.0
2026-07-20 15:00:00+00:00,34,1,42011464,4010.4,4023.9,4008.7,4016.2,5675,GC.v.0
2026-07-20 16:00:00+00:00,34,1,42011464,4016.3,4022.8,4005.2,4013.9,3996,GC.v.0
2026-07-20 17:00:00+00:00,34,1,42011464,4013.9,4017.0,4007.8,4009.2,3100,GC.v.0
2026-07-20 18:00:00+00:00,34,1,42011464,4009.4,4016.4,4007.7,4012.1,2225,GC.v.0
2026-07-20 19:00:00+00:00,34,1,42011464,4011.5,4022.2,4008.5,4010.7,3251,GC.v.0
2026-07-20 20:00:00+00:00,34,1,42011464,4011.1,4013.5,4008.4,4011.8,1014,GC.v.0
2026-07-20 22:00:00+00:00,34,1,42011464,4013.4,4014.7,4003.3,4004.0,3035,GC.v.0
2026-07-20 23:00:00+00:00,34,1,42011464,4004.2,4015.1,4003.3,4014.4,2005,GC.v.0
2026-07-21 00:00:00+00:00,34,1,42011464,4014.5,4032.0,4008.3,4029.6,2412,GC.v.0
2026-07-21 01:00:00+00:00,34,1,42011464,4029.8,4041.0,4022.5,4027.6,5797,GC.v.0
2026-07-21 02:00:00+00:00,34,1,42011464,4027.5,4049.8,4025.9,4042.7,4013,GC.v.0
2026-07-21 03:00:00+00:00,34,1,42011464,4042.3,4057.2,4041.3,4051.8,3162,GC.v.0
2026-07-21 04:00:00+00:00,34,1,42011464,4051.7,4056.6,4048.4,4054.3,1775,GC.v.0
2026-07-21 05:00:00+00:00,34,1,42011464,4054.1,4072.8,4051.1,4066.0,5913,GC.v.0
2026-07-21 06:00:00+00:00,34,1,42011464,4066.0,4088.4,4066.0,4083.0,6049,GC.v.0
2026-07-21 07:00:00+00:00,34,1,42011464,4083.3,4084.8,4072.1,4075.7,3987,GC.v.0
2026-07-21 08:00:00+00:00,34,1,42011464,4075.6,4076.9,4063.6,4067.4,3505,GC.v.0
2026-07-21 09:00:00+00:00,34,1,42011464,4067.7,4074.4,4065.4,4070.2,3644,GC.v.0
2026-07-21 10:00:00+00:00,34,1,42011464,4070.5,4074.8,4065.1,4067.3,2656,GC.v.0
2026-07-21 11:00:00+00:00,34,1,42011464,4067.7,4068.3,4058.9,4060.6,2936,GC.v.0
2026-07-21 12:00:00+00:00,34,1,42011464,4060.5,4070.4,4055.0,4058.0,6276,GC.v.0
2026-07-21 13:00:00+00:00,34,1,42011464,4058.3,4066.1,4048.4,4057.2,7756,GC.v.0
2026-07-21 14:00:00+00:00,34,1,42011464,4057.5,4079.1,4055.4,4072.9,10167,GC.v.0
2026-07-21 15:00:00+00:00,34,1,42011464,4072.5,4088.0,4069.8,4078.6,7954,GC.v.0
2026-07-21 16:00:00+00:00,34,1,42011464,4078.5,4083.5,4074.1,4075.9,3221,GC.v.0
2026-07-21 17:00:00+00:00,34,1,42011464,4076.0,4077.2,4071.0,4073.0,2628,GC.v.0
2026-07-21 18:00:00+00:00,34,1,42011464,4072.9,4092.5,4071.9,4087.0,4264,GC.v.0
2026-07-21 19:00:00+00:00,34,1,42011464,4087.0,4090.3,4084.7,4088.6,2499,GC.v.0
2026-07-21 20:00:00+00:00,34,1,42011464,4088.6,4090.9,4080.9,4082.2,1891,GC.v.0
2026-07-21 22:00:00+00:00,34,1,42011464,4084.7,4089.0,4081.0,4084.6,1583,GC.v.0
2026-07-21 23:00:00+00:00,34,1,42011464,4084.4,4087.4,4083.3,4085.2,738,GC.v.0
2026-07-22 00:00:00+00:00,34,1,42011464,4085.5,4107.5,4081.1,4101.6,5379,GC.v.0
2026-07-22 01:00:00+00:00,34,1,42011464,4102.3,4128.4,4100.8,4126.0,6848,GC.v.0
2026-07-22 02:00:00+00:00,34,1,42011464,4126.4,4135.3,4123.1,4134.7,3649,GC.v.0
2026-07-22 03:00:00+00:00,34,1,42011464,4134.8,4146.0,4133.6,4135.1,4849,GC.v.0
2026-07-22 04:00:00+00:00,34,1,42011464,4135.1,4135.6,4129.4,4131.8,2296,GC.v.0
2026-07-22 05:00:00+00:00,34,1,42011464,4131.6,4138.6,4127.5,4135.5,3223,GC.v.0
2026-07-22 06:00:00+00:00,34,1,42011464,4135.4,4140.0,4117.8,4121.0,4803,GC.v.0
2026-07-22 07:00:00+00:00,34,1,42011464,4120.8,4127.4,4113.3,4114.6,4049,GC.v.0
2026-07-22 08:00:00+00:00,34,1,42011464,4115.0,4124.4,4114.8,4122.3,2370,GC.v.0
2026-07-22 09:00:00+00:00,34,1,42011464,4122.6,4126.6,4117.5,4118.8,2877,GC.v.0
2026-07-22 10:00:00+00:00,34,1,42011464,4119.2,4126.1,4119.2,4121.2,1690,GC.v.0
2026-07-22 11:00:00+00:00,34,1,42011464,4121.8,4127.9,4117.2,4127.4,2776,GC.v.0
2026-07-22 12:00:00+00:00,34,1,42011464,4127.5,4139.5,4110.4,4117.0,7393,GC.v.0
2026-07-22 13:00:00+00:00,34,1,42011464,4117.1,4161.5,4117.0,4160.0,12637,GC.v.0
2026-07-22 14:00:00+00:00,34,1,42011464,4159.8,4168.8,4148.6,4153.4,9843,GC.v.0
2026-07-22 15:00:00+00:00,34,1,42011464,4153.5,4171.4,4153.4,4164.1,6477,GC.v.0
2026-07-22 16:00:00+00:00,34,1,42011464,4164.4,4164.5,4150.1,4152.8,5174,GC.v.0
2026-07-22 17:00:00+00:00,34,1,42011464,4152.8,4153.6,4143.8,4148.1,4682,GC.v.0
2026-07-22 18:00:00+00:00,34,1,42011464,4147.9,4148.4,4137.5,4141.8,3464,GC.v.0
2026-07-22 19:00:00+00:00,34,1,42011464,4141.4,4142.5,4133.9,4136.4,2973,GC.v.0
2026-07-22 20:00:00+00:00,34,1,42011464,4136.4,4142.8,4133.2,4135.0,1961,GC.v.0
2026-07-22 22:00:00+00:00,34,1,42011464,4126.0,4133.0,4074.6,4124.7,5789,GC.v.0
2026-07-22 23:00:00+00:00,34,1,42011464,4125.1,4137.1,4118.9,4135.8,3979,GC.v.0
2026-07-23 00:00:00+00:00,34,1,42011464,4136.8,4138.0,4128.4,4135.3,1965,GC.v.0
2026-07-23 01:00:00+00:00,34,1,42011464,4135.2,4144.0,4116.7,4120.5,5256,GC.v.0
2026-07-23 02:00:00+00:00,34,1,42011464,4120.1,4131.3,4114.7,4130.8,3085,GC.v.0
2026-07-23 03:00:00+00:00,34,1,42011464,4130.9,4135.6,4126.6,4127.1,1845,GC.v.0
2026-07-23 04:00:00+00:00,34,1,42011464,4127.7,4132.9,4122.5,4123.8,1107,GC.v.0
2026-07-23 05:00:00+00:00,34,1,42011464,4124.0,4133.4,4121.6,4126.9,1857,GC.v.0
2026-07-23 06:00:00+00:00,34,1,42011464,4127.1,4131.0,4119.5,4121.6,1814,GC.v.0
2026-07-23 07:00:00+00:00,34,1,42011464,4121.3,4122.2,4093.0,4098.3,6569,GC.v.0
2026-07-23 08:00:00+00:00,34,1,42011464,4098.5,4100.7,4089.7,4096.0,3190,GC.v.0
2026-07-23 09:00:00+00:00,34,1,42011464,4095.9,4102.4,4091.3,4093.2,3726,GC.v.0
2026-07-23 10:00:00+00:00,34,1,42011464,4093.2,4098.6,4088.7,4096.7,2318,GC.v.0
2026-07-23 11:00:00+00:00,34,1,42011464,4096.6,4097.4,4075.7,4088.9,5151,GC.v.0
2026-07-23 12:00:00+00:00,34,1,42011464,4088.4,4089.0,4063.6,4064.6,9147,GC.v.0
2026-07-23 13:00:00+00:00,34,1,42011464,4064.2,4070.1,4042.6,4045.8,18384,GC.v.0
2026-07-23 14:00:00+00:00,34,1,42011464,4046.1,4064.7,4042.5,4061.1,9802,GC.v.0
2026-07-23 15:00:00+00:00,34,1,42011464,4061.5,4062.6,4045.0,4051.2,7436,GC.v.0
2026-07-23 16:00:00+00:00,34,1,42011464,4051.5,4054.6,4048.6,4054.3,4332,GC.v.0
2026-07-23 17:00:00+00:00,34,1,42011464,4054.5,4057.5,4043.9,4043.9,5657,GC.v.0
2026-07-23 18:00:00+00:00,34,1,42011464,4044.4,4050.8,4042.5,4048.8,2845,GC.v.0
2026-07-23 19:00:00+00:00,34,1,42011464,4049.2,4053.3,4045.3,4052.1,2554,GC.v.0
2026-07-23 20:00:00+00:00,34,1,42011464,4051.9,4053.6,4049.8,4052.3,1461,GC.v.0
2026-07-23 22:00:00+00:00,34,1,42011464,4053.4,4053.5,4050.2,4052.0,657,GC.v.0
2026-07-23 23:00:00+00:00,34,1,42011464,4052.2,4053.8,4048.8,4049.4,1232,GC.v.0
2026-07-24 00:00:00+00:00,34,1,42011464,4049.8,4054.1,4043.2,4052.4,2187,GC.v.0
2026-07-24 01:00:00+00:00,34,1,42011464,4052.9,4053.3,4041.9,4046.0,3255,GC.v.0
2026-07-24 02:00:00+00:00,34,1,42011464,4045.9,4051.0,4025.3,4026.7,5484,GC.v.0
2026-07-24 03:00:00+00:00,34,1,42011464,4027.1,4036.1,4025.4,4031.6,1708,GC.v.0
2026-07-24 04:00:00+00:00,34,1,42011464,4031.3,4032.9,4027.8,4029.8,898,GC.v.0
2026-07-24 05:00:00+00:00,34,1,42011464,4029.8,4034.6,4024.0,4025.0,2777,GC.v.0
2026-07-24 06:00:00+00:00,34,1,42011464,4025.2,4041.4,4025.0,4038.4,2629,GC.v.0
2026-07-24 07:00:00+00:00,34,1,42011464,4038.2,4056.3,4037.5,4051.1,4175,GC.v.0
2026-07-24 08:00:00+00:00,34,1,42011464,4051.2,4061.5,4047.5,4060.0,2205,GC.v.0
2026-07-24 09:00:00+00:00,34,1,42011464,4060.4,4064.0,4054.2,4062.6,3648,GC.v.0
2026-07-24 10:00:00+00:00,34,1,42011464,4062.6,4067.0,4059.4,4062.2,2300,GC.v.0
2026-07-24 11:00:00+00:00,34,1,42011464,4062.5,4065.9,4053.5,4060.2,2733,GC.v.0
2026-07-24 12:00:00+00:00,34,1,42011464,4060.6,4062.9,4054.2,4058.5,2936,GC.v.0
2026-07-24 13:00:00+00:00,34,1,42011464,4058.8,4071.5,4046.9,4070.0,7481,GC.v.0
2026-07-24 14:00:00+00:00,34,1,42011464,4069.9,4073.0,4058.4,4066.2,7839,GC.v.0
2026-07-24 15:00:00+00:00,34,1,42011464,4066.1,4085.2,4064.7,4079.9,9133,GC.v.0
2026-07-24 16:00:00+00:00,34,1,42011464,4080.3,4080.9,4066.5,4069.5,3504,GC.v.0
2026-07-24 17:00:00+00:00,34,1,42011464,4069.7,4072.8,4065.3,4065.8,4227,GC.v.0
2026-07-24 18:00:00+00:00,34,1,42011464,4066.0,4067.3,4053.5,4056.7,3916,GC.v.0
2026-07-24 19:00:00+00:00,34,1,42011464,4056.9,4060.2,4051.3,4056.1,2738,GC.v.0
2026-07-24 20:00:00+00:00,34,1,42011464,4055.9,4058.6,4053.9,4055.7,1701,GC.v.0
2026-07-26 22:00:00+00:00,34,1,42011464,4097.5,4100.1,4086.9,4092.2,4048,GC.v.0
2026-07-26 23:00:00+00:00,34,1,42011464,4092.9,4099.0,4085.8,4096.9,1389,GC.v.0
2026-07-27 00:00:00+00:00,34,1,42011464,4097.2,4119.3,4093.2,4102.6,6319,GC.v.0
2026-07-27 01:00:00+00:00,34,1,42011464,4103.1,4114.8,4098.9,4112.0,3336,GC.v.0
2026-07-27 02:00:00+00:00,34,1,42011464,4112.2,4112.9,4095.6,4095.7,2054,GC.v.0
2026-07-27 03:00:00+00:00,34,1,42011464,4095.5,4097.8,4087.0,4092.9,2233,GC.v.0
2026-07-27 04:00:00+00:00,34,1,42011464,4093.0,4095.0,4088.9,4091.7,1014,GC.v.0
2026-07-27 05:00:00+00:00,34,1,42011464,4092.5,4097.0,4086.5,4095.3,1568,GC.v.0
2026-07-27 06:00:00+00:00,34,1,42011464,4094.9,4101.4,4093.3,4098.4,2142,GC.v.0
2026-07-27 07:00:00+00:00,34,1,42011464,4098.2,4108.3,4090.5,4090.7,3071,GC.v.0
2026-07-27 08:00:00+00:00,34,1,42011464,4090.9,4098.7,4088.8,4097.7,1902,GC.v.0
2026-07-27 09:00:00+00:00,34,1,42011464,4096.8,4102.7,4091.8,4098.9,3565,GC.v.0
2026-07-27 10:00:00+00:00,34,1,42011464,4098.8,4104.6,4088.4,4102.1,3109,GC.v.0
2026-07-27 11:00:00+00:00,34,1,42011464,4102.2,4107.0,4095.6,4095.9,2381,GC.v.0
2026-07-27 12:00:00+00:00,34,1,42011464,4096.1,4099.8,4082.4,4085.2,5378,GC.v.0
2026-07-27 13:00:00+00:00,34,1,42011464,4085.8,4091.8,4071.6,4075.8,7640,GC.v.0
2026-07-27 14:00:00+00:00,34,1,42011464,4075.9,4081.0,4067.1,4078.4,7573,GC.v.0
2026-07-27 15:00:00+00:00,34,1,42011464,4078.3,4082.2,4073.9,4080.6,3543,GC.v.0
2026-07-27 16:00:00+00:00,34,1,42011464,4080.8,4095.7,4079.9,4084.1,4877,GC.v.0
2026-07-27 17:00:00+00:00,34,1,42011464,4084.0,4084.1,4072.2,4078.2,6803,GC.v.0
2026-07-27 18:00:00+00:00,34,1,42011464,4078.2,4081.2,4074.5,4079.8,2481,GC.v.0
2026-07-27 19:00:00+00:00,34,1,42011464,4079.9,4091.8,4078.0,4085.5,3049,GC.v.0
2026-07-27 20:00:00+00:00,34,1,42011464,4085.4,4086.4,4077.6,4078.6,1320,GC.v.0
2026-07-27 22:00:00+00:00,34,1,42011464,4083.0,4085.7,4072.3,4075.1,1152,GC.v.0
2026-07-27 23:00:00+00:00,34,1,42011464,4075.4,4076.1,4071.0,4074.4,606,GC.v.0
2026-07-28 00:00:00+00:00,34,1,42011464,4074.4,4075.5,4058.1,4058.5,2810,GC.v.0
2026-07-28 01:00:00+00:00,34,1,42011464,4058.3,4061.2,4042.9,4045.7,4689,GC.v.0
2026-07-28 02:00:00+00:00,34,1,42011464,4045.9,4049.7,4041.1,4042.3,2397,GC.v.0
2026-07-28 03:00:00+00:00,34,1,42011464,4042.3,4051.5,4040.7,4049.5,1787,GC.v.0
2026-07-28 04:00:00+00:00,34,1,42011464,4049.0,4049.7,4041.2,4042.1,1401,GC.v.0
2026-07-28 05:00:00+00:00,34,1,42011464,4041.9,4046.9,4034.6,4045.2,2157,GC.v.0
2026-07-28 06:00:00+00:00,34,1,42011464,4045.5,4052.8,4042.9,4048.7,1853,GC.v.0
2026-07-28 07:00:00+00:00,34,1,42011464,4048.3,4052.9,4045.8,4047.3,2125,GC.v.0
2026-07-28 08:00:00+00:00,34,1,42011464,4047.3,4055.6,4041.9,4045.7,3000,GC.v.0
2026-07-28 09:00:00+00:00,34,1,42011464,4045.5,4046.1,4018.1,4023.3,5582,GC.v.0
2026-07-28 10:00:00+00:00,34,1,42011464,4023.1,4028.2,4016.5,4025.6,4148,GC.v.0
2026-07-28 11:00:00+00:00,34,1,42011464,4026.0,4031.9,4022.5,4027.8,2710,GC.v.0
2026-07-28 12:00:00+00:00,34,1,42011464,4027.3,4037.9,4022.2,4029.4,3701,GC.v.0
2026-07-28 13:00:00+00:00,34,1,42011464,4029.4,4036.1,4019.3,4021.4,5805,GC.v.0
2026-07-28 14:00:00+00:00,34,1,42011464,4021.9,4034.1,4011.1,4023.8,8133,GC.v.0
2026-07-28 15:00:00+00:00,34,1,42011464,4024.6,4047.4,4021.9,4046.5,9811,GC.v.0
2026-07-28 16:00:00+00:00,34,1,42011464,4046.7,4046.8,4036.6,4037.6,3713,GC.v.0
2026-07-28 17:00:00+00:00,34,1,42011464,4037.9,4041.9,4025.3,4028.0,4909,GC.v.0
2026-07-28 18:00:00+00:00,34,1,42011464,4028.1,4030.5,4021.4,4023.1,1774,GC.v.0
2026-07-28 19:00:00+00:00,34,1,42011464,4022.8,4027.6,4021.5,4025.9,2159,GC.v.0
2026-07-28 20:00:00+00:00,34,1,42011464,4025.8,4030.6,4022.2,4028.8,1119,GC.v.0
2026-07-28 22:00:00+00:00,34,1,42011464,4020.9,4034.0,4013.2,4017.9,1141,GC.v.0
2026-07-28 23:00:00+00:00,34,1,42011464,4017.4,4026.0,4015.0,4024.3,528,GC.v.0
2026-07-29 00:00:00+00:00,34,1,42011464,4025.0,4030.7,4017.1,4021.3,670,GC.v.0
2026-07-29 01:00:00+00:00,34,1,42011464,4021.0,4030.0,4009.3,4025.0,1030,GC.v.0
2026-07-29 02:00:00+00:00,34,1,42011464,4025.0,4036.8,4022.3,4028.3,510,GC.v.0
2026-07-29 03:00:00+00:00,34,1,42011464,4028.2,4031.4,4021.5,4022.0,440,GC.v.0
2026-07-29 04:00:00+00:00,34,1,42011464,4022.0,4026.0,4019.3,4025.4,542,GC.v.0
2026-07-29 05:00:00+00:00,34,1,42011464,4025.9,4038.2,4025.3,4031.3,796,GC.v.0
2026-07-29 06:00:00+00:00,34,1,42011464,4032.2,4043.2,4032.2,4039.8,507,GC.v.0
2026-07-29 07:00:00+00:00,34,1,42011464,4039.9,4046.7,4039.9,4041.8,875,GC.v.0
2026-07-29 08:00:00+00:00,34,1,42011464,4042.9,4043.5,4034.8,4036.3,564,GC.v.0
2026-07-29 09:00:00+00:00,34,1,42011464,4036.9,4037.0,4030.4,4031.0,512,GC.v.0
2026-07-29 10:00:00+00:00,34,1,42011464,4032.2,4033.8,4025.7,4025.7,403,GC.v.0
2026-07-29 11:00:00+00:00,34,1,42011464,4027.0,4035.5,4024.1,4031.2,496,GC.v.0
2026-07-29 12:00:00+00:00,34,1,42011464,4032.1,4032.3,4007.5,4020.9,1121,GC.v.0
2026-07-29 13:00:00+00:00,34,1,42011464,4021.3,4024.8,4000.6,4004.7,2918,GC.v.0
2026-07-29 14:00:00+00:00,34,1,42011464,4005.3,4008.1,3993.8,4003.2,1581,GC.v.0
2026-07-29 15:00:00+00:00,34,1,42011464,4003.6,4011.7,4001.7,4008.0,831,GC.v.0
2026-07-29 16:00:00+00:00,34,1,42011464,4008.1,4030.5,4006.0,4025.4,1163,GC.v.0
2026-07-29 17:00:00+00:00,34,1,42011464,4025.5,4048.3,4025.2,4041.0,1537,GC.v.0
2026-07-29 18:00:00+00:00,34,1,42011464,4041.8,4108.9,4041.2,4105.3,3856,GC.v.0
2026-07-29 19:00:00+00:00,34,1,42011464,4105.9,4115.2,4043.4,4043.8,1686,GC.v.0
2026-07-29 20:00:00+00:00,34,1,42011464,4044.4,4068.0,4043.6,4065.5,471,GC.v.0
2026-07-29 22:00:00+00:00,34,1,42011464,4060.7,4088.0,4060.6,4085.2,168,GC.v.0
2026-07-29 23:00:00+00:00,34,1,42011464,4086.6,4097.7,4081.7,4081.7,193,GC.v.0
2026-07-30 00:00:00+00:00,34,1,42011464,4083.6,4083.6,4062.4,4070.3,128,GC.v.0
2026-07-30 01:00:00+00:00,34,1,42011464,4070.7,4089.2,4070.7,4082.4,239,GC.v.0
2026-07-30 02:00:00+00:00,34,1,42011464,4084.9,4086.1,4060.9,4060.9,216,GC.v.0
2026-07-30 03:00:00+00:00,34,1,42011464,4059.8,4067.3,4048.3,4056.0,416,GC.v.0
2026-07-30 04:00:00+00:00,34,1,42011464,4056.0,4057.6,4042.9,4043.1,190,GC.v.0
2026-07-30 05:00:00+00:00,34,1,42011464,4041.5,4045.5,4030.0,4031.6,93,GC.v.0
2026-07-30 06:00:00+00:00,34,1,42011464,4034.2,4038.1,4028.5,4038.1,244,GC.v.0
2026-07-30 07:00:00+00:00,34,1,42011464,4042.8,4048.9,4037.3,4037.8,80,GC.v.0
2026-07-30 08:00:00+00:00,34,1,42011464,4037.8,4070.0,4036.2,4059.0,290,GC.v.0
2026-07-30 09:00:00+00:00,34,1,42011464,4059.8,4070.7,4059.0,4064.8,81,GC.v.0
2026-07-30 10:00:00+00:00,34,1,42011464,4064.8,4080.8,4063.7,4077.0,176,GC.v.0
2026-07-30 11:00:00+00:00,34,1,42011464,4077.9,4080.4,4074.3,4076.0,224,GC.v.0
2026-07-30 12:00:00+00:00,34,1,42011464,4072.5,4084.6,4065.1,4067.5,149,GC.v.0
2026-07-30 13:00:00+00:00,34,1,42011464,4064.1,4108.0,4062.7,4108.0,599,GC.v.0
2026-07-30 14:00:00+00:00,34,1,42011464,4108.0,4118.5,4085.9,4098.3,365,GC.v.0
2026-07-30 15:00:00+00:00,34,1,42011464,4098.3,4107.2,4082.5,4106.9,299,GC.v.0
2026-07-30 16:00:00+00:00,34,1,42011464,4106.9,4117.6,4106.9,4107.1,123,GC.v.0
2026-07-30 17:00:00+00:00,34,1,42011464,4108.2,4108.2,4096.9,4099.6,155,GC.v.0
2026-07-30 18:00:00+00:00,34,1,42011464,4103.8,4103.8,4098.3,4098.6,23,GC.v.0
2026-07-30 19:00:00+00:00,34,1,42011464,4102.2,4114.2,4101.6,4110.8,44,GC.v.0
2026-07-30 20:00:00+00:00,34,1,42011464,4112.9,4113.1,4098.3,4099.9,19,GC.v.0
2026-07-31 00:00:00+00:00,34,1,41271,4164.8,4165.4,4149.0,4153.5,1822,GC.v.0
2026-07-31 01:00:00+00:00,34,1,41271,4153.5,4160.0,4140.0,4142.5,3847,GC.v.0
2026-07-31 02:00:00+00:00,34,1,41271,4142.7,4148.8,4132.5,4134.1,2735,GC.v.0
2026-07-31 03:00:00+00:00,34,1,41271,4134.0,4137.4,4129.7,4133.0,1803,GC.v.0
2026-07-31 04:00:00+00:00,34,1,41271,4132.6,4139.5,4131.0,4137.6,2201,GC.v.0
2026-07-31 05:00:00+00:00,34,1,41271,4138.0,4141.3,4131.0,4132.1,1976,GC.v.0
2026-07-31 06:00:00+00:00,34,1,41271,4132.4,4145.3,4130.5,4135.4,2469,GC.v.0
2026-07-31 07:00:00+00:00,34,1,41271,4135.0,4136.8,4124.7,4125.1,3595,GC.v.0
2026-07-31 08:00:00+00:00,34,1,41271,4125.4,4125.4,4110.8,4117.6,5573,GC.v.0
2026-07-31 09:00:00+00:00,34,1,41271,4117.3,4120.8,4106.5,4111.3,3926,GC.v.0
2026-07-31 10:00:00+00:00,34,1,41271,4111.2,4114.7,4108.4,4110.8,1944,GC.v.0
2026-07-31 11:00:00+00:00,34,1,41271,4110.7,4117.4,4106.7,4110.0,2868,GC.v.0
2026-07-31 12:00:00+00:00,34,1,41271,4110.3,4115.7,4096.4,4096.8,8602,GC.v.0
2026-07-31 13:00:00+00:00,34,1,41271,4096.6,4103.4,4077.6,4081.5,16372,GC.v.0
2026-07-31 14:00:00+00:00,34,1,41271,4080.8,4106.9,4076.4,4105.6,10831,GC.v.0
2026-07-31 15:00:00+00:00,34,1,41271,4105.8,4109.1,4093.0,4101.8,9301,GC.v.0
2026-07-31 16:00:00+00:00,34,1,41271,4101.8,4106.0,4097.2,4099.3,3715,GC.v.0
2026-07-31 17:00:00+00:00,34,1,41271,4099.2,4111.0,4097.3,4109.8,7048,GC.v.0
2026-07-31 18:00:00+00:00,34,1,41271,4110.0,4111.3,4102.9,4106.6,2748,GC.v.0
2026-07-31 19:00:00+00:00,34,1,41271,4106.8,4111.9,4102.6,4107.7,3187,GC.v.0
2026-07-31 20:00:00+00:00,34,1,41271,4107.6,4109.2,4097.4,4098.6,2502,GC.v.0
2026-08-02 22:00:00+00:00,34,1,41271,4135.2,4145.5,4119.5,4119.9,4011,GC.v.0
2026-08-02 23:00:00+00:00,34,1,41271,4120.0,4130.5,4119.0,4130.4,1601,GC.v.0
2026-08-03 00:00:00+00:00,34,1,41271,4130.5,4134.7,4111.1,4112.8,3166,GC.v.0
2026-08-03 01:00:00+00:00,34,1,41271,4112.9,4119.0,4102.7,4112.7,3918,GC.v.0
2026-08-03 02:00:00+00:00,34,1,41271,4112.7,4122.3,4107.8,4117.8,2722,GC.v.0
2026-08-03 03:00:00+00:00,34,1,41271,4117.6,4123.2,4114.2,4120.4,1816,GC.v.0
2026-08-03 04:00:00+00:00,34,1,41271,4120.4,4127.2,4119.2,4119.2,1624,GC.v.0
2026-08-03 05:00:00+00:00,34,1,41271,4119.0,4125.2,4109.1,4124.2,2817,GC.v.0
2026-08-03 06:00:00+00:00,34,1,41271,4124.3,4127.3,4115.7,4118.9,3361,GC.v.0
2026-08-03 07:00:00+00:00,34,1,41271,4119.0,4120.5,4107.3,4117.1,3189,GC.v.0
2026-08-03 08:00:00+00:00,34,1,41271,4117.0,4118.0,4110.0,4115.0,1936,GC.v.0
2026-08-03 09:00:00+00:00,34,1,41271,4115.3,4117.7,4102.3,4111.6,4515,GC.v.0
2026-08-03 10:00:00+00:00,34,1,41271,4111.6,4113.6,4101.9,4105.4,1948,GC.v.0
2026-08-03 11:00:00+00:00,34,1,41271,4105.7,4119.4,4101.7,4118.9,2878,GC.v.0
2026-08-03 12:00:00+00:00,34,1,41271,4119.0,4121.1,4098.1,4103.4,5040,GC.v.0
2026-08-03 13:00:00+00:00,34,1,41271,4103.6,4109.8,4074.0,4087.2,13947,GC.v.0
2026-08-03 14:00:00+00:00,34,1,41271,4086.6,4094.9,4081.6,4091.6,7585,GC.v.0
2026-08-03 15:00:00+00:00,34,1,41271,4091.7,4096.4,4085.5,4091.6,5497,GC.v.0
2026-08-03 16:00:00+00:00,34,1,41271,4091.6,4094.8,4089.9,4092.4,2626,GC.v.0
2026-08-03 17:00:00+00:00,34,1,41271,4092.7,4093.5,4085.9,4086.4,3403,GC.v.0
2026-08-03 18:00:00+00:00,34,1,41271,4086.4,4101.0,4085.4,4099.6,2883,GC.v.0
2026-08-03 19:00:00+00:00,34,1,41271,4099.5,4112.0,4099.5,4108.2,4139,GC.v.0
2026-08-03 20:00:00+00:00,34,1,41271,4108.3,4115.0,4106.2,4110.9,1318,GC.v.0
2026-08-03 22:00:00+00:00,34,1,41271,4109.6,4110.3,4104.6,4108.6,961,GC.v.0
2026-08-03 23:00:00+00:00,34,1,41271,4108.6,4110.8,4105.5,4109.3,1871,GC.v.0
2026-08-04 00:00:00+00:00,34,1,41271,4109.2,4125.1,4104.1,4104.9,3438,GC.v.0
2026-08-04 01:00:00+00:00,34,1,41271,4104.8,4117.6,4098.2,4114.8,3569,GC.v.0
2026-08-04 02:00:00+00:00,34,1,41271,4114.8,4120.6,4111.1,4114.6,1994,GC.v.0
2026-08-04 03:00:00+00:00,34,1,41271,4114.3,4117.5,4107.3,4107.5,1766,GC.v.0
2026-08-04 04:00:00+00:00,34,1,41271,4107.4,4121.9,4106.4,4119.3,2876,GC.v.0
2026-08-04 05:00:00+00:00,34,1,41271,4119.2,4123.7,4112.7,4117.3,3093,GC.v.0
2026-08-04 06:00:00+00:00,34,1,41271,4117.9,4122.1,4111.4,4119.3,2312,GC.v.0
2026-08-04 07:00:00+00:00,34,1,41271,4119.5,4122.9,4116.6,4121.8,2667,GC.v.0
2026-08-04 08:00:00+00:00,34,1,41271,4121.9,4129.6,4110.1,4110.8,3914,GC.v.0
2026-08-04 09:00:00+00:00,34,1,41271,4110.5,4111.2,4102.0,4105.1,3185,GC.v.0
2026-08-04 10:00:00+00:00,34,1,41271,4105.7,4116.4,4101.4,4109.8,3057,GC.v.0
2026-08-04 11:00:00+00:00,34,1,41271,4109.4,4141.8,4108.1,4132.1,8560,GC.v.0
2026-08-04 12:00:00+00:00,34,1,41271,4132.3,4141.5,4117.6,4127.8,9462,GC.v.0
2026-08-04 13:00:00+00:00,34,1,41271,4128.1,4151.5,4117.2,4140.7,17044,GC.v.0
2026-08-04 14:00:00+00:00,34,1,41271,4140.7,4149.3,4131.3,4140.4,10315,GC.v.0
2026-08-04 15:00:00+00:00,34,1,41271,4140.5,4145.8,4131.0,4144.2,6197,GC.v.0
2026-08-04 16:00:00+00:00,34,1,41271,4144.4,4150.7,4139.7,4150.4,5033,GC.v.0
2026-08-04 17:00:00+00:00,34,1,41271,4150.2,4163.8,4143.0,4143.1,8768,GC.v.0
2026-08-04 18:00:00+00:00,34,1,41271,4142.8,4146.0,4132.1,4136.8,3924,GC.v.0
2026-08-04 19:00:00+00:00,34,1,41271,4136.6,4141.9,4133.3,4135.3,3096,GC.v.0
2026-08-04 20:00:00+00:00,34,1,41271,4135.6,4137.3,4131.4,4134.2,947,GC.v.0
2026-08-04 22:00:00+00:00,34,1,41271,4133.8,4142.1,4132.1,4132.5,2930,GC.v.0
2026-08-04 23:00:00+00:00,34,1,41271,4132.8,4134.0,4121.6,4128.7,3195,GC.v.0
