ts_event,rtype,publisher_id,instrument_id,open,high,low,close,volume,symbol
2024-08-05 00:00:00+00:00,34,1,28080,4.1035,4.1035,4.068,4.0795,2498,HG.v.0
2024-08-05 01:00:00+00:00,34,1,28080,4.0785,4.1225,4.0665,4.109,4272,HG.v.0
2024-08-05 02:00:00+00:00,34,1,28080,4.1105,4.1195,4.0895,4.1165,2652,HG.v.0
2024-08-05 03:00:00+00:00,34,1,28080,4.1165,4.145,4.116,4.138,1851,HG.v.0
2024-08-05 04:00:00+00:00,34,1,28080,4.1385,4.15,4.135,4.136,858,HG.v.0
2024-08-05 05:00:00+00:00,34,1,28080,4.1355,4.1375,4.0965,4.1095,3189,HG.v.0
2024-08-05 06:00:00+00:00,34,1,28080,4.108,4.108,4.0435,4.0435,7128,HG.v.0
2024-08-05 07:00:00+00:00,34,1,28080,4.043,4.0975,4.042,4.084,4072,HG.v.0
2024-08-05 08:00:00+00:00,34,1,28080,4.084,4.096,4.038,4.04,3391,HG.v.0
2024-08-05 09:00:00+00:00,34,1,28080,4.04,4.053,4.033,4.0415,2662,HG.v.0
2024-08-05 10:00:00+00:00,34,1,28080,4.041,4.0435,3.97,3.9725,6592,HG.v.0
2024-08-05 11:00:00+00:00,34,1,28080,3.972,3.9725,3.931,3.934,6870,HG.v.0
2024-08-05 12:00:00+00:00,34,1,28080,3.934,3.96,3.9305,3.9545,10147,HG.v.0
2024-08-05 13:00:00+00:00,34,1,28080,3.9555,4.029,3.9555,4.008,14331,HG.v.0
2024-08-05 14:00:00+00:00,34,1,28080,4.006,4.025,3.9895,4.0175,7475,HG.v.0
2024-08-05 15:00:00+00:00,34,1,28080,4.0165,4.0435,4.0065,4.0115,5159,HG.v.0
2024-08-05 16:00:00+00:00,34,1,28080,4.0115,4.0215,3.9965,3.9975,4676,HG.v.0
2024-08-05 17:00:00+00:00,34,1,28080,3.9975,4.002,3.9925,3.996,2135,HG.v.0
2024-08-05 18:00:00+00:00,34,1,28080,3.9955,4.004,3.9885,3.9885,1275,HG.v.0
2024-08-05 19:00:00+00:00,34,1,28080,3.9895,4.005,3.9845,4.004,1413,HG.v.0
2024-08-05 20:00:00+00:00,34,1,28080,4.004,4.006,3.9975,4.004,483,HG.v.0
2024-08-05 22:00:00+00:00,34,1,28080,4.004,4.016,4.003,4.0155,438,HG.v.0
2024-08-05 23:00:00+00:00,34,1,28080,4.016,4.033,4.0155,4.028,1037,HG.v.0
2024-08-06 00:00:00+00:00,34,1,28080,4.0285,4.045,4.023,4.044,1997,HG.v.0
2024-08-06 01:00:00+00:00,34,1,28080,4.045,4.06,4.0035,4.0165,3167,HG.v.0
2024-08-06 02:00:00+00:00,34,1,28080,4.0165,4.024,3.993,3.9945,1386,HG.v.0
2024-08-06 03:00:00+00:00,34,1,28080,3.995,4.0,3.984,3.9935,706,HG.v.0
2024-08-06 04:00:00+00:00,34,1,28080,3.9925,3.995,3.9755,3.9775,675,HG.v.0
2024-08-06 05:00:00+00:00,34,1,28080,3.9775,3.9855,3.96,3.964,2467,HG.v.0
2024-08-06 06:00:00+00:00,34,1,28080,3.963,4.004,3.96,3.9815,2706,HG.v.0
2024-08-06 07:00:00+00:00,34,1,28080,3.981,4.008,3.981,3.9905,2112,HG.v.0
2024-08-06 08:00:00+00:00,34,1,28080,3.9905,3.9985,3.982,3.9885,1510,HG.v.0
2024-08-06 09:00:00+00:00,34,1,28080,3.9885,3.9885,3.965,3.971,1534,HG.v.0
2024-08-06 10:00:00+00:00,34,1,28080,3.9705,3.9995,3.9645,3.9965,1564,HG.v.0
2024-08-06 11:00:00+00:00,34,1,28080,3.997,4.003,3.985,3.998,1440,HG.v.0
2024-08-06 12:00:00+00:00,34,1,28080,3.9985,4.003,3.98,3.9825,3831,HG.v.0
2024-08-06 13:00:00+00:00,34,1,28080,3.9825,4.018,3.982,4.0095,5686,HG.v.0
2024-08-06 14:00:00+00:00,34,1,28080,4.009,4.0375,4.005,4.025,5844,HG.v.0
2024-08-06 15:00:00+00:00,34,1,28080,4.025,4.042,4.019,4.039,4214,HG.v.0
2024-08-06 16:00:00+00:00,34,1,28080,4.0385,4.0425,4.026,4.0275,3005,HG.v.0
2024-08-06 17:00:00+00:00,34,1,28080,4.0275,4.039,4.026,4.032,1194,HG.v.0
2024-08-06 18:00:00+00:00,34,1,28080,4.0325,4.0395,4.025,4.0255,704,HG.v.0
2024-08-06 19:00:00+00:00,34,1,28080,4.0255,4.027,4.0125,4.0125,984,HG.v.0
2024-08-06 20:00:00+00:00,34,1,28080,4.0125,4.0145,4.004,4.0095,419,HG.v.0
2024-08-06 22:00:00+00:00,34,1,28080,4.008,4.008,3.9985,4.001,525,HG.v.0
2024-08-06 23:00:00+00:00,34,1,28080,4.002,4.002,3.9935,4.0015,384,HG.v.0
2024-08-07 00:00:00+00:00,34,1,28080,4.001,4.016,3.9995,4.0145,1577,HG.v.0
2024-08-07 01:00:00+00:00,34,1,28080,4.014,4.014,3.978,4.009,3448,HG.v.0
2024-08-07 02:00:00+00:00,34,1,28080,4.0125,4.0135,3.993,3.9985,1007,HG.v.0
2024-08-07 03:00:00+00:00,34,1,28080,3.998,4.004,3.991,3.9965,569,HG.v.0
2024-08-07 04:00:00+00:00,34,1,28080,3.9975,4.012,3.9955,4.006,559,HG.v.0
2024-08-07 05:00:00+00:00,34,1,28080,4.005,4.016,3.9895,3.9945,1760,HG.v.0
2024-08-07 06:00:00+00:00,34,1,28080,3.994,4.004,3.9865,3.9935,1790,HG.v.0
2024-08-07 07:00:00+00:00,34,1,28080,3.9935,3.994,3.9715,3.9745,2125,HG.v.0
2024-08-07 08:00:00+00:00,34,1,28080,3.977,3.979,3.953,3.961,4478,HG.v.0
2024-08-07 09:00:00+00:00,34,1,28080,3.9615,3.9825,3.9615,3.979,2728,HG.v.0
2024-08-07 10:00:00+00:00,34,1,28080,3.9795,3.981,3.9715,3.978,976,HG.v.0
2024-08-07 11:00:00+00:00,34,1,28080,3.9785,3.9835,3.973,3.9835,1492,HG.v.0
2024-08-07 12:00:00+00:00,34,1,28080,3.983,3.991,3.977,3.9905,3440,HG.v.0
2024-08-07 13:00:00+00:00,34,1,28080,3.9905,3.995,3.9625,3.967,5330,HG.v.0
2024-08-07 14:00:00+00:00,34,1,28080,3.9665,3.976,3.9565,3.975,3920,HG.v.0
2024-08-07 15:00:00+00:00,34,1,28080,3.975,3.982,3.954,3.959,3729,HG.v.0
2024-08-07 16:00:00+00:00,34,1,28080,3.9585,3.9605,3.944,3.953,5726,HG.v.0
2024-08-07 17:00:00+00:00,34,1,28080,3.953,3.953,3.941,3.945,2283,HG.v.0
2024-08-07 18:00:00+00:00,34,1,28080,3.9445,3.9455,3.927,3.933,2582,HG.v.0
2024-08-07 19:00:00+00:00,34,1,28080,3.9335,3.945,3.9335,3.938,852,HG.v.0
2024-08-07 20:00:00+00:00,34,1,28080,3.9375,3.94,3.921,3.927,746,HG.v.0
2024-08-07 22:00:00+00:00,34,1,28080,3.9315,3.936,3.9235,3.933,352,HG.v.0
2024-08-07 23:00:00+00:00,34,1,28080,3.933,3.9375,3.9265,3.9345,460,HG.v.0
2024-08-08 00:00:00+00:00,34,1,28080,3.9355,3.9435,3.9315,3.9425,1127,HG.v.0
2024-08-08 01:00:00+00:00,34,1,28080,3.9415,3.961,3.9405,3.9435,2457,HG.v.0
2024-08-08 02:00:00+00:00,34,1,28080,3.9435,3.958,3.9415,3.9565,878,HG.v.0
2024-08-08 03:00:00+00:00,34,1,28080,3.9555,3.9635,3.954,3.9615,689,HG.v.0
2024-08-08 04:00:00+00:00,34,1,28080,3.9615,3.963,3.951,3.956,381,HG.v.0
2024-08-08 05:00:00+00:00,34,1,28080,3.9555,3.965,3.943,3.96,1177,HG.v.0
2024-08-08 06:00:00+00:00,34,1,28080,3.9595,3.966,3.9505,3.9565,1612,HG.v.0
2024-08-08 07:00:00+00:00,34,1,28080,3.9565,3.9715,3.928,3.937,2448,HG.v.0
2024-08-08 08:00:00+00:00,34,1,28080,3.937,3.969,3.937,3.964,2502,HG.v.0
2024-08-08 09:00:00+00:00,34,1,28080,3.9645,3.97,3.9465,3.951,1454,HG.v.0
2024-08-08 10:00:00+00:00,34,1,28080,3.951,3.962,3.9475,3.953,1149,HG.v.0
2024-08-08 11:00:00+00:00,34,1,28080,3.9535,3.9695,3.952,3.969,3763,HG.v.0
2024-08-08 12:00:00+00:00,34,1,28080,3.9695,3.977,3.936,3.941,5749,HG.v.0
2024-08-08 13:00:00+00:00,34,1,28080,3.9415,3.9615,3.9405,3.96,5160,HG.v.0
2024-08-08 14:00:00+00:00,34,1,28080,3.9595,3.9775,3.956,3.963,6071,HG.v.0
2024-08-08 15:00:00+00:00,34,1,28080,3.9635,3.9825,3.957,3.975,4714,HG.v.0
2024-08-08 16:00:00+00:00,34,1,28080,3.9755,3.982,3.9565,3.9575,5343,HG.v.0
2024-08-08 17:00:00+00:00,34,1,28080,3.9575,3.9745,3.9575,3.9745,2412,HG.v.0
2024-08-08 18:00:00+00:00,34,1,28080,3.9745,3.9805,3.971,3.976,857,HG.v.0
2024-08-08 19:00:00+00:00,34,1,28080,3.976,3.984,3.974,3.977,1239,HG.v.0
2024-08-08 20:00:00+00:00,34,1,28080,3.9775,3.984,3.9765,3.9825,510,HG.v.0
2024-08-08 22:00:00+00:00,34,1,28080,3.9835,3.9835,3.974,3.977,312,HG.v.0
2024-08-08 23:00:00+00:00,34,1,28080,3.978,3.9855,3.9775,3.9845,336,HG.v.0
2024-08-09 00:00:00+00:00,34,1,28080,3.984,3.9925,3.982,3.986,1224,HG.v.0
2024-08-09 01:00:00+00:00,34,1,28080,3.986,4.017,3.9775,4.0135,2953,HG.v.0
2024-08-09 02:00:00+00:00,34,1,28080,4.0135,4.024,4.002,4.0215,1252,HG.v.0
2024-08-09 03:00:00+00:00,34,1,28080,4.022,4.0355,4.0205,4.025,1663,HG.v.0
2024-08-09 04:00:00+00:00,34,1,28080,4.0245,4.0275,4.021,4.0235,368,HG.v.0
2024-08-09 05:00:00+00:00,34,1,28080,4.0235,4.0265,4.0125,4.0125,885,HG.v.0
2024-08-09 06:00:00+00:00,34,1,28080,4.013,4.0235,4.007,4.018,1142,HG.v.0
2024-08-09 07:00:00+00:00,34,1,28080,4.0175,4.025,4.01,4.012,1276,HG.v.0
2024-08-09 08:00:00+00:00,34,1,28080,4.011,4.049,4.011,4.0345,2560,HG.v.0
2024-08-09 09:00:00+00:00,34,1,28080,4.035,4.046,4.0335,4.0415,1196,HG.v.0
2024-08-09 10:00:00+00:00,34,1,28080,4.042,4.044,4.0285,4.043,969,HG.v.0
2024-08-09 11:00:00+00:00,34,1,28080,4.043,4.047,4.031,4.0335,1393,HG.v.0
2024-08-09 12:00:00+00:00,34,1,28080,4.0335,4.04,4.0205,4.0245,3565,HG.v.0
2024-08-09 13:00:00+00:00,34,1,28080,4.0245,4.043,4.0095,4.0105,4672,HG.v.0
2024-08-09 14:00:00+00:00,34,1,28080,4.0105,4.018,4.0015,4.002,3644,HG.v.0
2024-08-09 15:00:00+00:00,34,1,28080,4.0015,4.004,3.9935,3.997,3317,HG.v.0
2024-08-09 16:00:00+00:00,34,1,28080,3.997,3.9975,3.981,3.993,3941,HG.v.0
2024-08-09 17:00:00+00:00,34,1,28080,3.993,3.997,3.984,3.986,1659,HG.v.0
2024-08-09 18:00:00+00:00,34,1,28080,3.986,3.991,3.9845,3.9875,497,HG.v.0
2024-08-09 19:00:00+00:00,34,1,28080,3.9875,3.998,3.985,3.9875,1681,HG.v.0
2024-08-09 20:00:00+00:00,34,1,28080,3.9865,3.989,3.9825,3.984,358,HG.v.0
2024-08-11 22:00:00+00:00,34,1,28080,3.983,3.997,3.971,3.9805,691,HG.v.0
2024-08-11 23:00:00+00:00,34,1,28080,3.98,3.9825,3.9755,3.9795,225,HG.v.0
2024-08-12 00:00:00+00:00,34,1,28080,3.9795,3.988,3.976,3.985,570,HG.v.0
2024-08-12 01:00:00+00:00,34,1,28080,3.9845,4.0005,3.9735,3.979,1880,HG.v.0
2024-08-12 02:00:00+00:00,34,1,28080,3.978,3.9895,3.9745,3.9875,743,HG.v.0
2024-08-12 03:00:00+00:00,34,1,28080,3.986,3.9865,3.976,3.982,288,HG.v.0
2024-08-12 04:00:00+00:00,34,1,28080,3.982,3.99,3.9785,3.9895,284,HG.v.0
2024-08-12 05:00:00+00:00,34,1,28080,3.9895,3.9955,3.9865,3.9925,682,HG.v.0
2024-08-12 06:00:00+00:00,34,1,28080,3.9935,4.025,3.9935,4.021,2153,HG.v.0
2024-08-12 07:00:00+00:00,34,1,28080,4.021,4.035,4.0155,4.0335,1177,HG.v.0
2024-08-12 08:00:00+00:00,34,1,28080,4.034,4.0485,4.0335,4.0365,2078,HG.v.0
2024-08-12 09:00:00+00:00,34,1,28080,4.036,4.042,4.0325,4.0415,1003,HG.v.0
2024-08-12 10:00:00+00:00,34,1,28080,4.0415,4.0545,4.04,4.052,1537,HG.v.0
2024-08-12 11:00:00+00:00,34,1,28080,4.052,4.06,4.0455,4.0535,2299,HG.v.0
2024-08-12 12:00:00+00:00,34,1,28080,4.053,4.055,4.0375,4.041,2589,HG.v.0
2024-08-12 13:00:00+00:00,34,1,28080,4.0415,4.064,4.031,4.0525,5922,HG.v.0
2024-08-12 14:00:00+00:00,34,1,28080,4.0525,4.0835,4.0465,4.0815,5450,HG.v.0
2024-08-12 15:00:00+00:00,34,1,28080,4.081,4.093,4.0665,4.078,4375,HG.v.0
2024-08-12 16:00:00+00:00,34,1,28080,4.0785,4.0785,4.063,4.0685,3509,HG.v.0
2024-08-12 17:00:00+00:00,34,1,28080,4.068,4.0745,4.0615,4.071,1695,HG.v.0
2024-08-12 18:00:00+00:00,34,1,28080,4.072,4.0785,4.0715,4.077,507,HG.v.0
2024-08-12 19:00:00+00:00,34,1,28080,4.077,4.079,4.0705,4.075,591,HG.v.0
2024-08-12 20:00:00+00:00,34,1,28080,4.075,4.075,4.0635,4.0685,508,HG.v.0
2024-08-12 22:00:00+00:00,34,1,28080,4.068,4.0715,4.0645,4.0705,279,HG.v.0
2024-08-12 23:00:00+00:00,34,1,28080,4.0705,4.072,4.0685,4.071,161,HG.v.0
2024-08-13 00:00:00+00:00,34,1,28080,4.071,4.0725,4.0625,4.0625,442,HG.v.0
2024-08-13 01:00:00+00:00,34,1,28080,4.0625,4.07,4.0455,4.05,1547,HG.v.0
2024-08-13 02:00:00+00:00,34,1,28080,4.0495,4.0515,4.038,4.04,1195,HG.v.0
2024-08-13 03:00:00+00:00,34,1,28080,4.04,4.048,4.0375,4.039,503,HG.v.0
2024-08-13 04:00:00+00:00,34,1,28080,4.04,4.0435,4.0375,4.0405,428,HG.v.0
2024-08-13 05:00:00+00:00,34,1,28080,4.041,4.043,4.03,4.035,797,HG.v.0
2024-08-13 06:00:00+00:00,34,1,28080,4.0355,4.054,4.028,4.0485,1534,HG.v.0
2024-08-13 07:00:00+00:00,34,1,28080,4.048,4.0575,4.0335,4.0545,1476,HG.v.0
2024-08-13 08:00:00+00:00,34,1,28080,4.0555,4.0555,4.0265,4.0395,3103,HG.v.0
2024-08-13 09:00:00+00:00,34,1,28080,4.0395,4.054,4.017,4.052,2587,HG.v.0
2024-08-13 10:00:00+00:00,34,1,28080,4.0505,4.0595,4.039,4.043,2097,HG.v.0
2024-08-13 11:00:00+00:00,34,1,28080,4.0425,4.048,4.038,4.0425,1660,HG.v.0
2024-08-13 12:00:00+00:00,34,1,28080,4.0415,4.0485,4.035,4.0465,3577,HG.v.0
2024-08-13 13:00:00+00:00,34,1,28080,4.0465,4.05,4.0105,4.0415,6646,HG.v.0
2024-08-13 14:00:00+00:00,34,1,28080,4.0415,4.0555,4.037,4.0405,4710,HG.v.0
2024-08-13 15:00:00+00:00,34,1,28080,4.0405,4.0525,4.032,4.032,3841,HG.v.0
2024-08-13 16:00:00+00:00,34,1,28080,4.0325,4.0535,4.032,4.0515,3030,HG.v.0
2024-08-13 17:00:00+00:00,34,1,28080,4.0515,4.054,4.049,4.0535,1086,HG.v.0
2024-08-13 18:00:00+00:00,34,1,28080,4.0535,4.0645,4.0535,4.0645,798,HG.v.0
2024-08-13 19:00:00+00:00,34,1,28080,4.0645,4.067,4.0575,4.061,704,HG.v.0
2024-08-13 20:00:00+00:00,34,1,28080,4.0615,4.0625,4.0585,4.061,297,HG.v.0
2024-08-13 22:00:00+00:00,34,1,28080,4.061,4.065,4.0565,4.0565,268,HG.v.0
2024-08-13 23:00:00+00:00,34,1,28080,4.057,4.06,4.055,4.0595,202,HG.v.0
2024-08-14 00:00:00+00:00,34,1,28080,4.06,4.0635,4.0575,4.062,488,HG.v.0
2024-08-14 01:00:00+00:00,34,1,28080,4.062,4.0805,4.0545,4.0625,2035,HG.v.0
2024-08-14 02:00:00+00:00,34,1,28080,4.062,4.062,4.0415,4.049,1333,HG.v.0
2024-08-14 03:00:00+00:00,34,1,28080,4.0495,4.0495,4.04,4.0465,425,HG.v.0
2024-08-14 04:00:00+00:00,34,1,28080,4.0455,4.049,4.0435,4.0435,267,HG.v.0
2024-08-14 05:00:00+00:00,34,1,28080,4.0455,4.047,4.037,4.0455,519,HG.v.0
2024-08-14 06:00:00+00:00,34,1,28080,4.046,4.059,4.0345,4.0455,1330,HG.v.0
2024-08-14 07:00:00+00:00,34,1,28080,4.046,4.0605,4.0455,4.055,1040,HG.v.0
2024-08-14 08:00:00+00:00,34,1,28080,4.0545,4.083,4.0545,4.078,2418,HG.v.0
2024-08-14 09:00:00+00:00,34,1,28080,4.078,4.081,4.0745,4.076,976,HG.v.0
2024-08-14 10:00:00+00:00,34,1,28080,4.0755,4.0775,4.0675,4.0745,962,HG.v.0
2024-08-14 11:00:00+00:00,34,1,28080,4.074,4.082,4.064,4.081,1606,HG.v.0
2024-08-14 12:00:00+00:00,34,1,28080,4.081,4.0855,4.055,4.067,4557,HG.v.0
2024-08-14 13:00:00+00:00,34,1,28080,4.0665,4.096,4.0655,4.079,6124,HG.v.0
2024-08-14 14:00:00+00:00,34,1,28080,4.0785,4.0805,4.061,4.073,3129,HG.v.0
2024-08-14 15:00:00+00:00,34,1,28080,4.0725,4.0725,4.0455,4.0525,3562,HG.v.0
2024-08-14 16:00:00+00:00,34,1,28080,4.053,4.053,4.0335,4.0395,3330,HG.v.0
2024-08-14 17:00:00+00:00,34,1,28080,4.04,4.042,4.036,4.039,934,HG.v.0
2024-08-14 18:00:00+00:00,34,1,28080,4.0385,4.051,4.034,4.0505,756,HG.v.0
2024-08-14 19:00:00+00:00,34,1,28080,4.05,4.051,4.036,4.041,986,HG.v.0
2024-08-14 20:00:00+00:00,34,1,28080,4.0405,4.044,4.04,4.042,250,HG.v.0
2024-08-14 22:00:00+00:00,34,1,28080,4.042,4.0425,4.036,4.039,292,HG.v.0
2024-08-14 23:00:00+00:00,34,1,28080,4.0385,4.0405,4.0365,4.0385,156,HG.v.0
2024-08-15 00:00:00+00:00,34,1,28080,4.039,4.0455,4.0335,4.04,516,HG.v.0
2024-08-15 01:00:00+00:00,34,1,28080,4.04,4.0475,4.0285,4.0445,1558,HG.v.0
2024-08-15 02:00:00+00:00,34,1,28080,4.045,4.0615,4.0355,4.057,929,HG.v.0
2024-08-15 03:00:00+00:00,34,1,28080,4.057,4.062,4.051,4.06,481,HG.v.0
2024-08-15 04:00:00+00:00,34,1,28080,4.0605,4.0715,4.0605,4.068,427,HG.v.0
2024-08-15 05:00:00+00:00,34,1,28080,4.0675,4.07,4.0535,4.0685,848,HG.v.0
2024-08-15 06:00:00+00:00,34,1,28080,4.068,4.0875,4.065,4.0845,1674,HG.v.0
2024-08-15 07:00:00+00:00,34,1,28080,4.084,4.097,4.0805,4.096,1808,HG.v.0
2024-08-15 08:00:00+00:00,34,1,28080,4.0955,4.1105,4.0945,4.101,2146,HG.v.0
2024-08-15 09:00:00+00:00,34,1,28080,4.1005,4.108,4.097,4.1005,887,HG.v.0
2024-08-15 10:00:00+00:00,34,1,28080,4.1005,4.1105,4.1005,4.1075,838,HG.v.0
2024-08-15 11:00:00+00:00,34,1,28080,4.108,4.1215,4.1075,4.115,2687,HG.v.0
2024-08-15 12:00:00+00:00,34,1,28080,4.116,4.127,4.1075,4.114,5396,HG.v.0
2024-08-15 13:00:00+00:00,34,1,28080,4.1145,4.148,4.1015,4.1425,11631,HG.v.0
2024-08-15 14:00:00+00:00,34,1,28080,4.1435,4.1635,4.143,4.1575,5434,HG.v.0
2024-08-15 15:00:00+00:00,34,1,28080,4.1575,4.1635,4.1495,4.1585,3051,HG.v.0
2024-08-15 16:00:00+00:00,34,1,28080,4.1585,4.162,4.147,4.1505,3876,HG.v.0
2024-08-15 17:00:00+00:00,34,1,28080,4.1505,4.151,4.1405,4.1425,1737,HG.v.0
2024-08-15 18:00:00+00:00,34,1,28080,4.143,4.147,4.141,4.1465,687,HG.v.0
2024-08-15 19:00:00+00:00,34,1,28080,4.147,4.1505,4.139,4.1425,1324,HG.v.0
2024-08-15 20:00:00+00:00,34,1,28080,4.1425,4.1435,4.1405,4.142,228,HG.v.0
2024-08-15 22:00:00+00:00,34,1,28080,4.1425,4.1425,4.134,4.1395,511,HG.v.0
2024-08-15 23:00:00+00:00,34,1,28080,4.1385,4.1415,4.1355,4.137,199,HG.v.0
2024-08-16 00:00:00+00:00,34,1,28080,4.1375,4.146,4.1375,4.1445,566,HG.v.0
2024-08-16 01:00:00+00:00,34,1,28080,4.1455,4.147,4.1305,4.146,1601,HG.v.0
2024-08-16 02:00:00+00:00,34,1,28080,4.145,4.145,4.1305,4.1365,687,HG.v.0
2024-08-16 03:00:00+00:00,34,1,28080,4.136,4.1365,4.1265,4.131,695,HG.v.0
2024-08-16 04:00:00+00:00,34,1,28080,4.131,4.1345,4.1275,4.133,304,HG.v.0
2024-08-16 05:00:00+00:00,34,1,28080,4.1335,4.1435,4.1295,4.143,1020,HG.v.0
2024-08-16 06:00:00+00:00,34,1,28080,4.1425,4.1635,4.1415,4.1545,2237,HG.v.0
2024-08-16 07:00:00+00:00,34,1,28080,4.1545,4.156,4.1285,4.1415,1746,HG.v.0
2024-08-16 08:00:00+00:00,34,1,28080,4.142,4.149,4.123,4.133,2626,HG.v.0
2024-08-16 09:00:00+00:00,34,1,28080,4.1325,4.1515,4.1315,4.148,1484,HG.v.0
2024-08-16 10:00:00+00:00,34,1,28080,4.148,4.1485,4.1085,4.1125,4086,HG.v.0
2024-08-16 11:00:00+00:00,34,1,28080,4.112,4.1165,4.1045,4.115,2042,HG.v.0
2024-08-16 12:00:00+00:00,34,1,28080,4.1155,4.1275,4.11,4.126,3396,HG.v.0
2024-08-16 13:00:00+00:00,34,1,28080,4.1265,4.129,4.095,4.12,6369,HG.v.0
2024-08-16 14:00:00+00:00,34,1,28080,4.119,4.132,4.111,4.127,2472,HG.v.0
2024-08-16 15:00:00+00:00,34,1,28080,4.127,4.137,4.121,4.137,1919,HG.v.0
2024-08-16 16:00:00+00:00,34,1,28080,4.1365,4.1455,4.1295,4.144,3695,HG.v.0
2024-08-16 17:00:00+00:00,34,1,28080,4.144,4.155,4.1395,4.155,1752,HG.v.0
2024-08-16 18:00:00+00:00,34,1,28080,4.155,4.1565,4.148,4.152,931,HG.v.0
2024-08-16 19:00:00+00:00,34,1,28080,4.1515,4.1575,4.1515,4.156,722,HG.v.0
2024-08-16 20:00:00+00:00,34,1,28080,4.1565,4.157,4.1485,4.1505,426,HG.v.0
2024-08-18 22:00:00+00:00,34,1,28080,4.15,4.1605,4.1485,4.1525,489,HG.v.0
2024-08-18 23:00:00+00:00,34,1,28080,4.153,4.1555,4.1495,4.1515,170,HG.v.0
2024-08-19 00:00:00+00:00,34,1,28080,4.1515,4.1635,4.151,4.161,996,HG.v.0
2024-08-19 01:00:00+00:00,34,1,28080,4.1615,4.175,4.1415,4.171,2720,HG.v.0
2024-08-19 02:00:00+00:00,34,1,28080,4.1715,4.177,4.162,4.1695,1163,HG.v.0
2024-08-19 03:00:00+00:00,34,1,28080,4.168,4.178,4.1655,4.1765,763,HG.v.0
2024-08-19 04:00:00+00:00,34,1,28080,4.176,4.1775,4.17,4.172,220,HG.v.0
2024-08-19 05:00:00+00:00,34,1,28080,4.172,4.1755,4.156,4.1615,1068,HG.v.0
2024-08-19 06:00:00+00:00,34,1,28080,4.162,4.176,4.153,4.1675,1711,HG.v.0
2024-08-19 07:00:00+00:00,34,1,28080,4.168,4.1865,4.158,4.16,2304,HG.v.0
2024-08-19 08:00:00+00:00,34,1,28080,4.1595,4.19,4.1575,4.177,1796,HG.v.0
2024-08-19 09:00:00+00:00,34,1,28080,4.1765,4.194,4.173,4.1915,1169,HG.v.0
2024-08-19 10:00:00+00:00,34,1,28080,4.1905,4.197,4.186,4.186,1405,HG.v.0
2024-08-19 11:00:00+00:00,34,1,28080,4.187,4.199,4.181,4.1965,1803,HG.v.0
2024-08-19 12:00:00+00:00,34,1,28080,4.1965,4.2005,4.173,4.179,3194,HG.v.0
2024-08-19 13:00:00+00:00,34,1,28080,4.1795,4.1895,4.168,4.1755,3106,HG.v.0
2024-08-19 14:00:00+00:00,34,1,28080,4.1765,4.182,4.164,4.179,3748,HG.v.0
2024-08-19 15:00:00+00:00,34,1,28080,4.179,4.192,4.176,4.1865,2367,HG.v.0
2024-08-19 16:00:00+00:00,34,1,28080,4.1865,4.191,4.174,4.182,2286,HG.v.0
2024-08-19 17:00:00+00:00,34,1,28080,4.1815,4.191,4.178,4.1885,1325,HG.v.0
2024-08-19 18:00:00+00:00,34,1,28080,4.1885,4.193,4.187,4.1915,531,HG.v.0
2024-08-19 19:00:00+00:00,34,1,28080,4.1915,4.194,4.1895,4.194,558,HG.v.0
2024-08-19 20:00:00+00:00,34,1,28080,4.1935,4.2,4.1905,4.197,643,HG.v.0
2024-08-19 22:00:00+00:00,34,1,28080,4.1965,4.1995,4.1945,4.197,217,HG.v.0
2024-08-19 23:00:00+00:00,34,1,28080,4.197,4.197,4.1875,4.191,360,HG.v.0
2024-08-20 00:00:00+00:00,34,1,28080,4.191,4.1925,4.185,4.1885,502,HG.v.0
2024-08-20 01:00:00+00:00,34,1,28080,4.1885,4.1915,4.177,4.179,1421,HG.v.0
2024-08-20 02:00:00+00:00,34,1,28080,4.179,4.1795,4.1615,4.166,940,HG.v.0
2024-08-20 03:00:00+00:00,34,1,28080,4.1665,4.174,4.165,4.1705,344,HG.v.0
2024-08-20 04:00:00+00:00,34,1,28080,4.171,4.174,4.17,4.172,177,HG.v.0
2024-08-20 05:00:00+00:00,34,1,28080,4.173,4.1775,4.1625,4.1665,718,HG.v.0
2024-08-20 06:00:00+00:00,34,1,28080,4.1665,4.1775,4.158,4.1665,1122,HG.v.0
2024-08-20 07:00:00+00:00,34,1,28080,4.1665,4.188,4.166,4.1865,1567,HG.v.0
2024-08-20 08:00:00+00:00,34,1,28080,4.1875,4.2035,4.1775,4.2,4104,HG.v.0
2024-08-20 09:00:00+00:00,34,1,28080,4.2,4.2025,4.1885,4.191,832,HG.v.0
2024-08-20 10:00:00+00:00,34,1,28080,4.19,4.1985,4.1845,4.1985,876,HG.v.0
2024-08-20 11:00:00+00:00,34,1,28080,4.198,4.207,4.1945,4.203,1677,HG.v.0
2024-08-20 12:00:00+00:00,34,1,28080,4.2035,4.2045,4.191,4.199,2741,HG.v.0
2024-08-20 13:00:00+00:00,34,1,28080,4.1985,4.202,4.176,4.189,4118,HG.v.0
2024-08-20 14:00:00+00:00,34,1,28080,4.188,4.1885,4.1685,4.182,3505,HG.v.0
2024-08-20 15:00:00+00:00,34,1,28080,4.183,4.183,4.1565,4.16,3802,HG.v.0
2024-08-20 16:00:00+00:00,34,1,28080,4.1605,4.1605,4.1385,4.158,4593,HG.v.0
2024-08-20 17:00:00+00:00,34,1,28080,4.158,4.158,4.147,4.1485,910,HG.v.0
2024-08-20 18:00:00+00:00,34,1,28080,4.1485,4.156,4.148,4.1555,498,HG.v.0
2024-08-20 19:00:00+00:00,34,1,28080,4.154,4.156,4.1535,4.1535,389,HG.v.0
2024-08-20 20:00:00+00:00,34,1,28080,4.1535,4.155,4.1525,4.154,258,HG.v.0
2024-08-20 22:00:00+00:00,34,1,28080,4.154,4.158,4.1515,4.1525,234,HG.v.0
2024-08-20 23:00:00+00:00,34,1,28080,4.1525,4.153,4.151,4.1515,143,HG.v.0
2024-08-21 00:00:00+00:00,34,1,28080,4.153,4.1535,4.1475,4.1515,448,HG.v.0
2024-08-21 01:00:00+00:00,34,1,28080,4.151,4.1555,4.135,4.1475,1416,HG.v.0
2024-08-21 02:00:00+00:00,34,1,28080,4.1465,4.161,4.1465,4.159,593,HG.v.0
2024-08-21 03:00:00+00:00,34,1,28080,4.16,4.1635,4.1505,4.16,701,HG.v.0
2024-08-21 04:00:00+00:00,34,1,28080,4.1605,4.165,4.159,4.164,216,HG.v.0
2024-08-21 05:00:00+00:00,34,1,28080,4.163,4.176,4.1625,4.169,1222,HG.v.0
2024-08-21 06:00:00+00:00,34,1,28080,4.1695,4.1805,4.158,4.1765,1076,HG.v.0
2024-08-21 07:00:00+00:00,34,1,28080,4.176,4.1835,4.1605,4.162,1224,HG.v.0
2024-08-21 08:00:00+00:00,34,1,28080,4.162,4.1845,4.161,4.167,1530,HG.v.0
2024-08-21 09:00:00+00:00,34,1,28080,4.1675,4.1855,4.1675,4.1795,969,HG.v.0
2024-08-21 10:00:00+00:00,34,1,28080,4.179,4.195,4.179,4.1935,969,HG.v.0
2024-08-21 11:00:00+00:00,34,1,28080,4.194,4.1945,4.188,4.191,1371,HG.v.0
2024-08-21 12:00:00+00:00,34,1,28080,4.1905,4.1985,4.18,4.1835,2384,HG.v.0
2024-08-21 13:00:00+00:00,34,1,28080,4.1835,4.1845,4.159,4.1705,3464,HG.v.0
2024-08-21 14:00:00+00:00,34,1,28080,4.1705,4.186,4.162,4.17,4426,HG.v.0
2024-08-21 15:00:00+00:00,34,1,28080,4.17,4.2035,4.1685,4.1945,3781,HG.v.0
2024-08-21 16:00:00+00:00,34,1,28080,4.195,4.196,4.1855,4.1895,2443,HG.v.0
2024-08-21 17:00:00+00:00,34,1,28080,4.19,4.1975,4.1875,4.193,1547,HG.v.0
2024-08-21 18:00:00+00:00,34,1,28080,4.1925,4.215,4.1925,4.208,1736,HG.v.0
2024-08-21 19:00:00+00:00,34,1,28080,4.208,4.2105,4.1995,4.2,678,HG.v.0
2024-08-21 20:00:00+00:00,34,1,28080,4.2005,4.2025,4.199,4.2005,374,HG.v.0
2024-08-21 22:00:00+00:00,34,1,28080,4.204,4.204,4.196,4.202,246,HG.v.0
2024-08-21 23:00:00+00:00,34,1,28080,4.2015,4.204,4.1965,4.1965,209,HG.v.0
2024-08-22 00:00:00+00:00,34,1,28080,4.196,4.2035,4.1955,4.1965,542,HG.v.0
2024-08-22 01:00:00+00:00,34,1,28080,4.197,4.2095,4.189,4.19,1387,HG.v.0
2024-08-22 02:00:00+00:00,34,1,28080,4.19,4.1955,4.1825,4.1945,864,HG.v.0
2024-08-22 03:00:00+00:00,34,1,28080,4.1945,4.199,4.192,4.196,506,HG.v.0
2024-08-22 04:00:00+00:00,34,1,28080,4.197,4.211,4.1905,4.2075,839,HG.v.0
2024-08-22 05:00:00+00:00,34,1,28080,4.2075,4.2175,4.205,4.2095,1434,HG.v.0
2024-08-22 06:00:00+00:00,34,1,28080,4.208,4.2125,4.187,4.1925,1150,HG.v.0
2024-08-22 07:00:00+00:00,34,1,28080,4.193,4.2135,4.191,4.202,1668,HG.v.0
2024-08-22 08:00:00+00:00,34,1,28080,4.202,4.2085,4.187,4.19,1910,HG.v.0
2024-08-22 09:00:00+00:00,34,1,28080,4.1895,4.191,4.1785,4.179,973,HG.v.0
2024-08-22 10:00:00+00:00,34,1,28080,4.178,4.178,4.1655,4.1655,1432,HG.v.0
2024-08-22 11:00:00+00:00,34,1,28080,4.165,4.166,4.152,4.156,1906,HG.v.0
2024-08-22 12:00:00+00:00,34,1,28080,4.156,4.1645,4.15,4.162,2631,HG.v.0
2024-08-22 13:00:00+00:00,34,1,28080,4.1615,4.172,4.158,4.1665,3557,HG.v.0
2024-08-22 14:00:00+00:00,34,1,28080,4.166,4.166,4.1365,4.148,3951,HG.v.0
2024-08-22 15:00:00+00:00,34,1,28080,4.148,4.1515,4.127,4.137,4183,HG.v.0
2024-08-22 16:00:00+00:00,34,1,28080,4.137,4.152,4.133,4.1465,2695,HG.v.0
2024-08-22 17:00:00+00:00,34,1,28080,4.147,4.1475,4.128,4.13,1046,HG.v.0
2024-08-22 18:00:00+00:00,34,1,28080,4.13,4.137,4.128,4.1355,455,HG.v.0
2024-08-22 19:00:00+00:00,34,1,28080,4.136,4.1385,4.13,4.136,555,HG.v.0
2024-08-22 20:00:00+00:00,34,1,28080,4.135,4.1395,4.1345,4.1375,254,HG.v.0
2024-08-22 22:00:00+00:00,34,1,28080,4.1375,4.141,4.136,4.1385,121,HG.v.0
2024-08-22 23:00:00+00:00,34,1,28080,4.1385,4.1415,4.137,4.1415,110,HG.v.0
2024-08-23 00:00:00+00:00,34,1,28080,4.14,4.1475,4.14,4.1455,381,HG.v.0
2024-08-23 01:00:00+00:00,34,1,28080,4.146,4.153,4.14,4.151,880,HG.v.0
2024-08-23 02:00:00+00:00,34,1,28080,4.152,4.1525,4.1425,4.1495,490,HG.v.0
2024-08-23 03:00:00+00:00,34,1,28080,4.1495,4.1585,4.149,4.1575,451,HG.v.0
2024-08-23 04:00:00+00:00,34,1,28080,4.158,4.1645,4.158,4.162,265,HG.v.0
2024-08-23 05:00:00+00:00,34,1,28080,4.162,4.1665,4.158,4.1595,685,HG.v.0
2024-08-23 06:00:00+00:00,34,1,28080,4.1595,4.17,4.1565,4.157,1107,HG.v.0
2024-08-23 07:00:00+00:00,34,1,28080,4.158,4.1715,4.153,4.1655,1027,HG.v.0
2024-08-23 08:00:00+00:00,34,1,28080,4.1645,4.1795,4.162,4.1745,1515,HG.v.0
2024-08-23 09:00:00+00:00,34,1,28080,4.174,4.1825,4.17,4.1775,558,HG.v.0
2024-08-23 10:00:00+00:00,34,1,28080,4.1775,4.18,4.164,4.165,925,HG.v.0
2024-08-23 11:00:00+00:00,34,1,28080,4.1645,4.171,4.162,4.169,1119,HG.v.0
2024-08-23 12:00:00+00:00,34,1,28080,4.1685,4.174,4.1595,4.1625,1511,HG.v.0
2024-08-23 13:00:00+00:00,34,1,28080,4.1625,4.1685,4.155,4.162,2174,HG.v.0
2024-08-23 14:00:00+00:00,34,1,28080,4.1615,4.21,4.1605,4.1945,8837,HG.v.0
2024-08-23 15:00:00+00:00,34,1,28080,4.1945,4.225,4.1905,4.2045,5253,HG.v.0
2024-08-23 16:00:00+00:00,34,1,28080,4.204,4.2055,4.1915,4.201,3090,HG.v.0
2024-08-23 17:00:00+00:00,34,1,28080,4.2005,4.208,4.196,4.2075,1395,HG.v.0
2024-08-23 18:00:00+00:00,34,1,28080,4.207,4.21,4.2025,4.2035,624,HG.v.0
2024-08-23 19:00:00+00:00,34,1,28080,4.2035,4.206,4.2005,4.2035,486,HG.v.0
2024-08-23 20:00:00+00:00,34,1,28080,4.203,4.208,4.202,4.205,356,HG.v.0
2024-08-25 22:00:00+00:00,34,1,28080,4.208,4.2115,4.1975,4.198,314,HG.v.0
2024-08-25 23:00:00+00:00,34,1,28080,4.198,4.2005,4.193,4.1965,98,HG.v.0
2024-08-26 00:00:00+00:00,34,1,28080,4.196,4.2045,4.1935,4.2,262,HG.v.0
2024-08-26 01:00:00+00:00,34,1,28080,4.199,4.223,4.1985,4.211,1481,HG.v.0
2024-08-26 02:00:00+00:00,34,1,28080,4.211,4.218,4.2055,4.2065,656,HG.v.0
2024-08-26 03:00:00+00:00,34,1,28080,4.2065,4.209,4.1965,4.1995,256,HG.v.0
2024-08-26 04:00:00+00:00,34,1,28080,4.2005,4.207,4.1985,4.199,139,HG.v.0
2024-08-26 05:00:00+00:00,34,1,28080,4.199,4.216,4.198,4.2155,407,HG.v.0
2024-08-26 06:00:00+00:00,34,1,28080,4.2155,4.2395,4.2155,4.2365,1323,HG.v.0
2024-08-26 07:00:00+00:00,34,1,28080,4.237,4.2385,4.22,4.223,730,HG.v.0
2024-08-26 08:00:00+00:00,34,1,28080,4.2225,4.2295,4.2195,4.222,417,HG.v.0
2024-08-26 09:00:00+00:00,34,1,28080,4.2235,4.226,4.206,4.208,685,HG.v.0
2024-08-26 10:00:00+00:00,34,1,28080,4.2085,4.2225,4.2075,4.2185,492,HG.v.0
2024-08-26 11:00:00+00:00,34,1,28080,4.219,4.22,4.211,4.22,369,HG.v.0
2024-08-26 12:00:00+00:00,34,1,28080,4.2195,4.2215,4.207,4.209,2358,HG.v.0
2024-08-26 13:00:00+00:00,34,1,28080,4.2085,4.226,4.2065,4.2115,2657,HG.v.0
2024-08-26 14:00:00+00:00,34,1,28080,4.2115,4.2175,4.202,4.2095,1407,HG.v.0
2024-08-26 15:00:00+00:00,34,1,28080,4.2095,4.2095,4.1945,4.2,1202,HG.v.0
2024-08-26 16:00:00+00:00,34,1,28080,4.2,4.2215,4.1965,4.2185,1836,HG.v.0
2024-08-26 17:00:00+00:00,34,1,28080,4.218,4.225,4.217,4.222,893,HG.v.0
2024-08-26 18:00:00+00:00,34,1,28080,4.221,4.225,4.2155,4.2175,470,HG.v.0
2024-08-26 19:00:00+00:00,34,1,28080,4.218,4.2225,4.2125,4.2125,338,HG.v.0
2024-08-26 20:00:00+00:00,34,1,28080,4.213,4.214,4.206,4.2085,387,HG.v.0
2024-08-26 22:00:00+00:00,34,1,28080,4.21,4.211,4.2055,4.206,119,HG.v.0
2024-08-26 23:00:00+00:00,34,1,28080,4.206,4.2085,4.2045,4.205,133,HG.v.0
2024-08-27 00:00:00+00:00,34,1,28080,4.204,4.206,4.189,4.201,764,HG.v.0
2024-08-27 01:00:00+00:00,34,1,28080,4.203,4.2265,4.202,4.225,1000,HG.v.0
2024-08-27 02:00:00+00:00,34,1,28080,4.2245,4.2405,4.2225,4.2285,878,HG.v.0
2024-08-27 03:00:00+00:00,34,1,28080,4.2285,4.231,4.22,4.231,321,HG.v.0
2024-08-27 04:00:00+00:00,34,1,28080,4.2315,4.232,4.2205,4.2255,225,HG.v.0
2024-08-27 05:00:00+00:00,34,1,28080,4.2255,4.2415,4.2255,4.2405,552,HG.v.0
2024-08-27 06:00:00+00:00,34,1,28080,4.24,4.244,4.2175,4.227,703,HG.v.0
2024-08-27 07:00:00+00:00,34,1,28080,4.2275,4.2295,4.2105,4.216,757,HG.v.0
2024-08-27 08:00:00+00:00,34,1,28080,4.216,4.239,4.211,4.2355,748,HG.v.0
2024-08-27 09:00:00+00:00,34,1,28080,4.2365,4.246,4.228,4.2285,605,HG.v.0
2024-08-27 10:00:00+00:00,34,1,28080,4.228,4.2285,4.212,4.2215,563,HG.v.0
2024-08-27 11:00:00+00:00,34,1,28080,4.2205,4.2375,4.2205,4.236,733,HG.v.0
2024-08-27 12:00:00+00:00,34,1,28080,4.237,4.241,4.2195,4.2325,1261,HG.v.0
2024-08-27 13:00:00+00:00,34,1,28080,4.232,4.2435,4.2295,4.24,1782,HG.v.0
2024-08-27 14:00:00+00:00,34,1,28080,4.24,4.2485,4.231,4.2435,1780,HG.v.0
2024-08-27 15:00:00+00:00,34,1,28080,4.2435,4.2535,4.2405,4.2435,2020,HG.v.0
2024-08-27 16:00:00+00:00,34,1,28080,4.243,4.246,4.236,4.2365,1394,HG.v.0
2024-08-27 17:00:00+00:00,34,1,28080,4.236,4.238,4.23,4.2355,1317,HG.v.0
2024-08-27 18:00:00+00:00,34,1,28080,4.2355,4.24,4.2355,4.237,321,HG.v.0
2024-08-27 19:00:00+00:00,34,1,28080,4.237,4.237,4.228,4.2325,401,HG.v.0
2024-08-27 20:00:00+00:00,34,1,28080,4.2325,4.237,4.2325,4.2365,157,HG.v.0
2024-08-27 22:00:00+00:00,34,1,28080,4.235,4.2365,4.2265,4.229,78,HG.v.0
2024-08-27 23:00:00+00:00,34,1,28080,4.229,4.232,4.229,4.229,127,HG.v.0
2024-08-28 00:00:00+00:00,34,1,163699,4.296,4.2985,4.293,4.295,710,HG.v.0
2024-08-28 01:00:00+00:00,34,1,163699,4.2945,4.2965,4.2755,4.277,1982,HG.v.0
2024-08-28 02:00:00+00:00,34,1,163699,4.277,4.2795,4.2685,4.2735,1466,HG.v.0
2024-08-28 03:00:00+00:00,34,1,163699,4.2735,4.2795,4.2715,4.276,646,HG.v.0
2024-08-28 04:00:00+00:00,34,1,163699,4.2765,4.2775,4.271,4.271,235,HG.v.0
2024-08-28 05:00:00+00:00,34,1,163699,4.2715,4.272,4.2525,4.2545,2190,HG.v.0
2024-08-28 06:00:00+00:00,34,1,163699,4.254,4.261,4.2475,4.2515,2538,HG.v.0
2024-08-28 07:00:00+00:00,34,1,163699,4.2515,4.257,4.242,4.249,2222,HG.v.0
2024-08-28 08:00:00+00:00,34,1,163699,4.2475,4.2545,4.2335,4.2445,3925,HG.v.0
2024-08-28 09:00:00+00:00,34,1,163699,4.2445,4.2495,4.238,4.2395,895,HG.v.0
2024-08-28 10:00:00+00:00,34,1,163699,4.2395,4.2415,4.2255,4.2305,1564,HG.v.0
2024-08-28 11:00:00+00:00,34,1,163699,4.23,4.2325,4.215,4.218,2766,HG.v.0
2024-08-28 12:00:00+00:00,34,1,163699,4.2185,4.2265,4.2135,4.2235,4162,HG.v.0
2024-08-28 13:00:00+00:00,34,1,163699,4.223,4.2395,4.22,4.236,4696,HG.v.0
2024-08-28 14:00:00+00:00,34,1,163699,4.2355,4.2455,4.233,4.24,2623,HG.v.0
2024-08-28 15:00:00+00:00,34,1,163699,4.2395,4.2395,4.221,4.2225,3355,HG.v.0
2024-08-28 16:00:00+00:00,34,1,163699,4.2225,4.2245,4.208,4.219,3589,HG.v.0
2024-08-28 17:00:00+00:00,34,1,163699,4.2185,4.2195,4.2085,4.209,1466,HG.v.0
2024-08-28 18:00:00+00:00,34,1,163699,4.209,4.214,4.2055,4.2135,729,HG.v.0
2024-08-28 19:00:00+00:00,34,1,163699,4.2135,4.2175,4.212,4.2145,787,HG.v.0
2024-08-28 20:00:00+00:00,34,1,163699,4.214,4.216,4.211,4.213,622,HG.v.0
2024-08-28 22:00:00+00:00,34,1,163699,4.213,4.215,4.208,4.21,412,HG.v.0
2024-08-28 23:00:00+00:00,34,1,163699,4.2105,4.211,4.209,4.2105,175,HG.v.0
2024-08-29 00:00:00+00:00,34,1,163699,4.2105,4.223,4.21,4.221,1051,HG.v.0
2024-08-29 01:00:00+00:00,34,1,163699,4.221,4.224,4.1905,4.1985,2942,HG.v.0
2024-08-29 02:00:00+00:00,34,1,163699,4.1985,4.215,4.1955,4.211,1297,HG.v.0
2024-08-29 03:00:00+00:00,34,1,163699,4.211,4.2195,4.2075,4.218,828,HG.v.0
2024-08-29 04:00:00+00:00,34,1,163699,4.2185,4.223,4.218,4.22,424,HG.v.0
2024-08-29 05:00:00+00:00,34,1,163699,4.22,4.2425,4.217,4.238,1871,HG.v.0
2024-08-29 06:00:00+00:00,34,1,163699,4.2385,4.25,4.2335,4.235,1721,HG.v.0
2024-08-29 07:00:00+00:00,34,1,163699,4.236,4.24,4.2245,4.232,1274,HG.v.0
2024-08-29 08:00:00+00:00,34,1,163699,4.232,4.232,4.1765,4.1905,6528,HG.v.0
2024-08-29 09:00:00+00:00,34,1,163699,4.1905,4.2035,4.185,4.2015,2011,HG.v.0
2024-08-29 10:00:00+00:00,34,1,163699,4.2005,4.2135,4.196,4.2085,1618,HG.v.0
2024-08-29 11:00:00+00:00,34,1,163699,4.209,4.213,4.202,4.205,1398,HG.v.0
2024-08-29 12:00:00+00:00,34,1,163699,4.205,4.2105,4.1985,4.21,3231,HG.v.0
2024-08-29 13:00:00+00:00,34,1,163699,4.2095,4.2165,4.1925,4.213,6574,HG.v.0
2024-08-29 14:00:00+00:00,34,1,163699,4.2135,4.2215,4.2045,4.2195,4925,HG.v.0
2024-08-29 15:00:00+00:00,34,1,163699,4.22,4.222,4.208,4.2155,3022,HG.v.0
2024-08-29 16:00:00+00:00,34,1,163699,4.2155,4.229,4.2125,4.2225,3614,HG.v.0
2024-08-29 17:00:00+00:00,34,1,163699,4.2225,4.2295,4.2215,4.226,1093,HG.v.0
2024-08-29 18:00:00+00:00,34,1,163699,4.226,4.226,4.208,4.2105,799,HG.v.0
2024-08-29 19:00:00+00:00,34,1,163699,4.2105,4.214,4.206,4.2075,570,HG.v.0
2024-08-29 20:00:00+00:00,34,1,163699,4.2075,4.212,4.2075,4.21,291,HG.v.0
2024-08-29 22:00:00+00:00,34,1,163699,4.2085,4.211,4.208,4.21,154,HG.v.0
2024-08-29 23:00:00+00:00,34,1,163699,4.2095,4.2145,4.2085,4.213,335,HG.v.0
2024-08-30 00:00:00+00:00,34,1,163699,4.2135,4.216,4.2105,4.2145,517,HG.v.0
2024-08-30 01:00:00+00:00,34,1,163699,4.214,4.2375,4.2115,4.2185,1756,HG.v.0
2024-08-30 02:00:00+00:00,34,1,163699,4.218,4.2305,4.2165,4.229,780,HG.v.0
2024-08-30 03:00:00+00:00,34,1,163699,4.229,4.2395,4.2255,4.235,752,HG.v.0
2024-08-30 04:00:00+00:00,34,1,163699,4.2355,4.24,4.2325,4.235,579,HG.v.0
2024-08-30 05:00:00+00:00,34,1,163699,4.2355,4.261,4.232,4.254,2736,HG.v.0
2024-08-30 06:00:00+00:00,34,1,163699,4.254,4.2555,4.2365,4.2395,1534,HG.v.0
2024-08-30 07:00:00+00:00,34,1,163699,4.24,4.265,4.238,4.2575,1898,HG.v.0
2024-08-30 08:00:00+00:00,34,1,163699,4.257,4.278,4.2545,4.264,2706,HG.v.0
2024-08-30 09:00:00+00:00,34,1,163699,4.265,4.269,4.2605,4.2625,912,HG.v.0
2024-08-30 10:00:00+00:00,34,1,163699,4.263,4.2655,4.251,4.255,1014,HG.v.0
2024-08-30 11:00:00+00:00,34,1,163699,4.254,4.263,4.252,4.2595,1188,HG.v.0
2024-08-30 12:00:00+00:00,34,1,163699,4.26,4.266,4.234,4.2375,4151,HG.v.0
2024-08-30 13:00:00+00:00,34,1,163699,4.237,4.239,4.2225,4.228,6029,HG.v.0
2024-08-30 14:00:00+00:00,34,1,163699,4.2285,4.2375,4.2185,4.2265,4762,HG.v.0
2024-08-30 15:00:00+00:00,34,1,163699,4.226,4.228,4.2,4.2115,4171,HG.v.0
2024-08-30 16:00:00+00:00,34,1,163699,4.211,4.2155,4.201,4.211,3189,HG.v.0
2024-08-30 17:00:00+00:00,34,1,163699,4.2105,4.218,4.2065,4.2155,1771,HG.v.0
2024-08-30 18:00:00+00:00,34,1,163699,4.215,4.22,4.213,4.215,826,HG.v.0
2024-08-30 19:00:00+00:00,34,1,163699,4.215,4.2205,4.2115,4.2195,1040,HG.v.0
2024-08-30 20:00:00+00:00,34,1,163699,4.2185,4.2235,4.216,4.219,536,HG.v.0
2024-09-01 22:00:00+00:00,34,1,163699,4.2175,4.227,4.213,4.2245,591,HG.v.0
2024-09-01 23:00:00+00:00,34,1,163699,4.2255,4.228,4.2175,4.2185,343,HG.v.0
2024-09-02 00:00:00+00:00,34,1,163699,4.218,4.222,4.215,4.215,423,HG.v.0
2024-09-02 01:00:00+00:00,34,1,163699,4.215,4.2175,4.197,4.197,1236,HG.v.0
2024-09-02 02:00:00+00:00,34,1,163699,4.197,4.1985,4.1805,4.1895,1227,HG.v.0
2024-09-02 03:00:00+00:00,34,1,163699,4.189,4.193,4.188,4.1895,317,HG.v.0
2024-09-02 04:00:00+00:00,34,1,163699,4.19,4.19,4.185,4.1885,158,HG.v.0
2024-09-02 05:00:00+00:00,34,1,163699,4.1885,4.199,4.185,4.1945,548,HG.v.0
2024-09-02 06:00:00+00:00,34,1,163699,4.194,4.203,4.188,4.1925,1115,HG.v.0
2024-09-02 07:00:00+00:00,34,1,163699,4.1915,4.2035,4.1825,4.2025,1149,HG.v.0
2024-09-02 08:00:00+00:00,34,1,163699,4.2015,4.211,4.2015,4.204,837,HG.v.0
2024-09-02 09:00:00+00:00,34,1,163699,4.204,4.204,4.18,4.185,995,HG.v.0
2024-09-02 10:00:00+00:00,34,1,163699,4.184,4.185,4.174,4.176,922,HG.v.0
2024-09-02 11:00:00+00:00,34,1,163699,4.176,4.178,4.163,4.165,1985,HG.v.0
2024-09-02 12:00:00+00:00,34,1,163699,4.1645,4.1785,4.1635,4.175,1370,HG.v.0
2024-09-02 13:00:00+00:00,34,1,163699,4.175,4.189,4.173,4.179,1568,HG.v.0
2024-09-02 14:00:00+00:00,34,1,163699,4.179,4.1865,4.174,4.182,1005,HG.v.0
2024-09-02 15:00:00+00:00,34,1,163699,4.1815,4.1855,4.1745,4.185,630,HG.v.0
2024-09-02 16:00:00+00:00,34,1,163699,4.185,4.191,4.184,4.1895,555,HG.v.0
2024-09-02 17:00:00+00:00,34,1,163699,4.19,4.1955,4.1885,4.194,297,HG.v.0
2024-09-02 18:00:00+00:00,34,1,163699,4.1935,4.1965,4.192,4.1955,82,HG.v.0
2024-09-02 22:00:00+00:00,34,1,163699,4.1965,4.199,4.1865,4.187,360,HG.v.0
2024-09-02 23:00:00+00:00,34,1,163699,4.1875,4.1875,4.181,4.1835,299,HG.v.0
2024-09-03 00:00:00+00:00,34,1,163699,4.184,4.191,4.181,4.184,669,HG.v.0
2024-09-03 01:00:00+00:00,34,1,163699,4.184,4.1895,4.175,4.1865,1161,HG.v.0
2024-09-03 02:00:00+00:00,34,1,163699,4.1875,4.198,4.182,4.183,997,HG.v.0
2024-09-03 03:00:00+00:00,34,1,163699,4.183,4.184,4.1615,4.162,1201,HG.v.0
2024-09-03 04:00:00+00:00,34,1,163699,4.161,4.1655,4.1595,4.161,695,HG.v.0
2024-09-03 05:00:00+00:00,34,1,163699,4.1605,4.1685,4.157,4.163,2230,HG.v.0
2024-09-03 06:00:00+00:00,34,1,163699,4.163,4.164,4.1365,4.1385,3203,HG.v.0
2024-09-03 07:00:00+00:00,34,1,163699,4.139,4.1485,4.131,4.1315,2475,HG.v.0
2024-09-03 08:00:00+00:00,34,1,163699,4.131,4.1425,4.127,4.14,2204,HG.v.0
2024-09-03 09:00:00+00:00,34,1,163699,4.14,4.1415,4.0925,4.0935,3953,HG.v.0
2024-09-03 10:00:00+00:00,34,1,163699,4.094,4.095,4.069,4.079,5612,HG.v.0
2024-09-03 11:00:00+00:00,34,1,163699,4.0785,4.081,4.071,4.0715,3369,HG.v.0
2024-09-03 12:00:00+00:00,34,1,163699,4.0715,4.109,4.0715,4.101,6396,HG.v.0
2024-09-03 13:00:00+00:00,34,1,163699,4.101,4.106,4.058,4.0645,10455,HG.v.0
2024-09-03 14:00:00+00:00,34,1,163699,4.0645,4.0785,4.056,4.0685,6950,HG.v.0
2024-09-03 15:00:00+00:00,34,1,163699,4.0685,4.092,4.0635,4.0885,4924,HG.v.0
2024-09-03 16:00:00+00:00,34,1,163699,4.089,4.0965,4.087,4.0925,4225,HG.v.0
2024-09-03 17:00:00+00:00,34,1,163699,4.0925,4.0945,4.0875,4.0895,1813,HG.v.0
2024-09-03 18:00:00+00:00,34,1,163699,4.089,4.091,4.0855,4.0895,817,HG.v.0
2024-09-03 19:00:00+00:00,34,1,163699,4.0895,4.092,4.0865,4.0895,675,HG.v.0
2024-09-03 20:00:00+00:00,34,1,163699,4.089,4.0915,4.0865,4.089,359,HG.v.0
2024-09-03 22:00:00+00:00,34,1,163699,4.09,4.0935,4.085,4.092,331,HG.v.0
2024-09-03 23:00:00+00:00,34,1,163699,4.092,4.0975,4.0905,4.0935,415,HG.v.0
2024-09-04 00:00:00+00:00,34,1,163699,4.093,4.0955,4.089,4.092,782,HG.v.0
2024-09-04 01:00:00+00:00,34,1,163699,4.0915,4.0955,4.08,4.0895,1348,HG.v.0
2024-09-04 02:00:00+00:00,34,1,163699,4.088,4.1,4.08,4.099,1358,HG.v.0
2024-09-04 03:00:00+00:00,34,1,163699,4.0985,4.1055,4.089,4.092,941,HG.v.0
2024-09-04 04:00:00+00:00,34,1,163699,4.0925,4.0925,4.0865,4.09,274,HG.v.0
2024-09-04 05:00:00+00:00,34,1,163699,4.0895,4.0915,4.077,4.078,1147,HG.v.0
2024-09-04 06:00:00+00:00,34,1,163699,4.0785,4.0785,4.0605,4.0655,2434,HG.v.0
2024-09-04 07:00:00+00:00,34,1,163699,4.066,4.0805,4.06,4.066,2238,HG.v.0
2024-09-04 08:00:00+00:00,34,1,163699,4.066,4.07,4.0425,4.0465,4218,HG.v.0
2024-09-04 09:00:00+00:00,34,1,163699,4.0475,4.0685,4.047,4.0635,1850,HG.v.0
2024-09-04 10:00:00+00:00,34,1,163699,4.063,4.086,4.058,4.0845,2389,HG.v.0
2024-09-04 11:00:00+00:00,34,1,163699,4.085,4.092,4.0675,4.0745,2216,HG.v.0
2024-09-04 12:00:00+00:00,34,1,163699,4.074,4.0865,4.0665,4.085,3433,HG.v.0
2024-09-04 13:00:00+00:00,34,1,163699,4.0845,4.102,4.0765,4.083,5118,HG.v.0
2024-09-04 14:00:00+00:00,34,1,163699,4.0835,4.1155,4.082,4.1005,5885,HG.v.0
2024-09-04 15:00:00+00:00,34,1,163699,4.101,4.106,4.0705,4.0735,3859,HG.v.0
2024-09-04 16:00:00+00:00,34,1,163699,4.074,4.0835,4.0715,4.0795,3381,HG.v.0
2024-09-04 17:00:00+00:00,34,1,163699,4.0795,4.082,4.073,4.076,1328,HG.v.0
2024-09-04 18:00:00+00:00,34,1,163699,4.0765,4.0785,4.07,4.0765,607,HG.v.0
2024-09-04 19:00:00+00:00,34,1,163699,4.0765,4.084,4.0755,4.0835,575,HG.v.0
2024-09-04 20:00:00+00:00,34,1,163699,4.0825,4.0895,4.0815,4.089,383,HG.v.0
2024-09-04 22:00:00+00:00,34,1,163699,4.087,4.088,4.084,4.0845,198,HG.v.0
2024-09-04 23:00:00+00:00,34,1,163699,4.0845,4.0865,4.082,4.083,191,HG.v.0
2024-09-05 00:00:00+00:00,34,1,163699,4.0835,4.0865,4.0795,4.084,436,HG.v.0
2024-09-05 01:00:00+00:00,34,1,163699,4.0845,4.0985,4.0795,4.085,1111,HG.v.0
2024-09-05 02:00:00+00:00,34,1,163699,4.085,4.0985,4.0815,4.095,783,HG.v.0
2024-09-05 03:00:00+00:00,34,1,163699,4.095,4.097,4.07,4.07,1086,HG.v.0
2024-09-05 04:00:00+00:00,34,1,163699,4.07,4.0735,4.068,4.07,386,HG.v.0
2024-09-05 05:00:00+00:00,34,1,163699,4.07,4.079,4.066,4.078,1029,HG.v.0
2024-09-05 06:00:00+00:00,34,1,163699,4.0775,4.084,4.058,4.059,1406,HG.v.0
2024-09-05 07:00:00+00:00,34,1,163699,4.0585,4.0745,4.042,4.072,2493,HG.v.0
2024-09-05 08:00:00+00:00,34,1,163699,4.072,4.106,4.0715,4.098,4447,HG.v.0
2024-09-05 09:00:00+00:00,34,1,163699,4.098,4.0995,4.0915,4.0945,1159,HG.v.0
2024-09-05 10:00:00+00:00,34,1,163699,4.0945,4.103,4.09,4.1025,920,HG.v.0
2024-09-05 11:00:00+00:00,34,1,163699,4.1015,4.111,4.1015,4.105,1561,HG.v.0
2024-09-05 12:00:00+00:00,34,1,163699,4.1055,4.1245,4.1035,4.118,5172,HG.v.0
2024-09-05 13:00:00+00:00,34,1,163699,4.118,4.15,4.116,4.147,8075,HG.v.0
2024-09-05 14:00:00+00:00,34,1,163699,4.147,4.1695,4.1355,4.1535,6405,HG.v.0
2024-09-05 15:00:00+00:00,34,1,163699,4.154,4.154,4.1315,4.1315,3786,HG.v.0
2024-09-05 16:00:00+00:00,34,1,163699,4.1325,4.143,4.1315,4.1365,2544,HG.v.0
2024-09-05 17:00:00+00:00,34,1,163699,4.1365,4.1385,4.13,4.138,1032,HG.v.0
2024-09-05 18:00:00+00:00,34,1,163699,4.1385,4.143,4.1385,4.139,476,HG.v.0
2024-09-05 19:00:00+00:00,34,1,163699,4.1385,4.1435,4.1355,4.1375,705,HG.v.0
2024-09-05 20:00:00+00:00,34,1,163699,4.138,4.142,4.1375,4.14,259,HG.v.0
2024-09-05 22:00:00+00:00,34,1,163699,4.139,4.142,4.1365,4.1415,256,HG.v.0
2024-09-05 23:00:00+00:00,34,1,163699,4.1415,4.1465,4.1415,4.1445,191,HG.v.0
2024-09-06 00:00:00+00:00,34,1,163699,4.1445,4.15,4.142,4.145,626,HG.v.0
2024-09-06 01:00:00+00:00,34,1,163699,4.1455,4.1485,4.1305,4.1425,1316,HG.v.0
2024-09-06 02:00:00+00:00,34,1,163699,4.1425,4.1435,4.129,4.138,820,HG.v.0
2024-09-06 03:00:00+00:00,34,1,163699,4.138,4.141,4.1305,4.131,363,HG.v.0
2024-09-06 04:00:00+00:00,34,1,163699,4.131,4.1355,4.129,4.1325,198,HG.v.0
2024-09-06 05:00:00+00:00,34,1,163699,4.1325,4.14,4.1185,4.137,987,HG.v.0
2024-09-06 06:00:00+00:00,34,1,163699,4.1365,4.1675,4.132,4.165,2569,HG.v.0
2024-09-06 07:00:00+00:00,34,1,163699,4.164,4.165,4.135,4.151,1917,HG.v.0
2024-09-06 08:00:00+00:00,34,1,163699,4.151,4.154,4.1265,4.1335,2228,HG.v.0
2024-09-06 09:00:00+00:00,34,1,163699,4.1335,4.1405,4.125,4.14,894,HG.v.0
2024-09-06 10:00:00+00:00,34,1,163699,4.139,4.1475,4.134,4.1455,895,HG.v.0
2024-09-06 11:00:00+00:00,34,1,163699,4.146,4.162,4.146,4.1615,1631,HG.v.0
2024-09-06 12:00:00+00:00,34,1,163699,4.1615,4.1765,4.147,4.1565,6245,HG.v.0
2024-09-06 13:00:00+00:00,34,1,163699,4.1565,4.161,4.108,4.113,8890,HG.v.0
2024-09-06 14:00:00+00:00,34,1,163699,4.113,4.115,4.0895,4.0945,6609,HG.v.0
2024-09-06 15:00:00+00:00,34,1,163699,4.0955,4.1175,4.0805,4.084,5861,HG.v.0
2024-09-06 16:00:00+00:00,34,1,163699,4.0845,4.0845,4.0715,4.0735,4986,HG.v.0
2024-09-06 17:00:00+00:00,34,1,163699,4.074,4.0765,4.067,4.068,2436,HG.v.0
2024-09-06 18:00:00+00:00,34,1,163699,4.068,4.0725,4.0655,4.0715,748,HG.v.0
2024-09-06 19:00:00+00:00,34,1,163699,4.0715,4.072,4.067,4.0715,1101,HG.v.0
2024-09-06 20:00:00+00:00,34,1,163699,4.0715,4.072,4.062,4.065,696,HG.v.0
2024-09-08 22:00:00+00:00,34,1,163699,4.065,4.074,4.0645,4.072,406,HG.v.0
2024-09-08 23:00:00+00:00,34,1,163699,4.072,4.0765,4.0715,4.0745,266,HG.v.0
2024-09-09 00:00:00+00:00,34,1,163699,4.075,4.077,4.0675,4.0675,604,HG.v.0
2024-09-09 01:00:00+00:00,34,1,163699,4.067,4.0825,4.06,4.0695,2610,HG.v.0
2024-09-09 02:00:00+00:00,34,1,163699,4.07,4.083,4.069,4.076,1316,HG.v.0
2024-09-09 03:00:00+00:00,34,1,163699,4.0755,4.087,4.075,4.0845,841,HG.v.0
2024-09-09 04:00:00+00:00,34,1,163699,4.084,4.088,4.0835,4.0855,414,HG.v.0
2024-09-09 05:00:00+00:00,34,1,163699,4.0855,4.0885,4.0695,4.0745,1156,HG.v.0
2024-09-09 06:00:00+00:00,34,1,163699,4.075,4.11,4.074,4.1045,2440,HG.v.0
2024-09-09 07:00:00+00:00,34,1,163699,4.105,4.142,4.1045,4.139,3690,HG.v.0
2024-09-09 08:00:00+00:00,34,1,163699,4.139,4.16,4.1385,4.143,3947,HG.v.0
2024-09-09 09:00:00+00:00,34,1,163699,4.1435,4.155,4.1405,4.1515,1293,HG.v.0
2024-09-09 10:00:00+00:00,34,1,163699,4.151,4.1585,4.142,4.1445,1622,HG.v.0
2024-09-09 11:00:00+00:00,34,1,163699,4.1445,4.1495,4.138,4.141,1973,HG.v.0
2024-09-09 12:00:00+00:00,34,1,163699,4.1415,4.144,4.1315,4.133,3088,HG.v.0
2024-09-09 13:00:00+00:00,34,1,163699,4.133,4.137,4.1155,4.122,5089,HG.v.0
2024-09-09 14:00:00+00:00,34,1,163699,4.122,4.1335,4.1135,4.117,2783,HG.v.0
2024-09-09 15:00:00+00:00,34,1,163699,4.117,4.1395,4.112,4.1375,2649,HG.v.0
2024-09-09 16:00:00+00:00,34,1,163699,4.137,4.1455,4.1365,4.144,3075,HG.v.0
2024-09-09 17:00:00+00:00,34,1,163699,4.1435,4.145,4.135,4.135,887,HG.v.0
2024-09-09 18:00:00+00:00,34,1,163699,4.135,4.1385,4.1335,4.1355,506,HG.v.0
2024-09-09 19:00:00+00:00,34,1,163699,4.135,4.14,4.1295,4.14,882,HG.v.0
2024-09-09 20:00:00+00:00,34,1,163699,4.14,4.144,4.139,4.141,418,HG.v.0
2024-09-09 22:00:00+00:00,34,1,163699,4.1405,4.142,4.138,4.14,184,HG.v.0
2024-09-09 23:00:00+00:00,34,1,163699,4.14,4.1405,4.1375,4.1385,214,HG.v.0
2024-09-10 00:00:00+00:00,34,1,163699,4.138,4.141,4.132,4.1385,585,HG.v.0
2024-09-10 01:00:00+00:00,34,1,163699,4.138,4.144,4.124,4.126,1309,HG.v.0
2024-09-10 02:00:00+00:00,34,1,163699,4.1265,4.134,4.121,4.128,642,HG.v.0
2024-09-10 03:00:00+00:00,34,1,163699,4.127,4.1355,4.1235,4.1255,372,HG.v.0
2024-09-10 04:00:00+00:00,34,1,163699,4.125,4.128,4.122,4.126,233,HG.v.0
2024-09-10 05:00:00+00:00,34,1,163699,4.126,4.1385,4.121,4.1375,882,HG.v.0
2024-09-10 06:00:00+00:00,34,1,163699,4.1375,4.1595,4.1365,4.1445,2564,HG.v.0
2024-09-10 07:00:00+00:00,34,1,163699,4.143,4.1535,4.13,4.137,1614,HG.v.0
2024-09-10 08:00:00+00:00,34,1,163699,4.1375,4.141,4.121,4.1235,1905,HG.v.0
2024-09-10 09:00:00+00:00,34,1,163699,4.1235,4.1245,4.1115,4.1195,1532,HG.v.0
2024-09-10 10:00:00+00:00,34,1,163699,4.12,4.133,4.12,4.1305,973,HG.v.0
2024-09-10 11:00:00+00:00,34,1,163699,4.1305,4.1355,4.1185,4.1245,1401,HG.v.0
2024-09-10 12:00:00+00:00,34,1,163699,4.1255,4.1295,4.1225,4.1275,2290,HG.v.0
2024-09-10 13:00:00+00:00,34,1,163699,4.127,4.1285,4.0955,4.099,6217,HG.v.0
2024-09-10 14:00:00+00:00,34,1,163699,4.0985,4.1105,4.081,4.1045,7202,HG.v.0
2024-09-10 15:00:00+00:00,34,1,163699,4.1055,4.1065,4.085,4.0905,3318,HG.v.0
2024-09-10 16:00:00+00:00,34,1,163699,4.0905,4.1005,4.0885,4.0975,2882,HG.v.0
2024-09-10 17:00:00+00:00,34,1,163699,4.0975,4.1015,4.095,4.1,1378,HG.v.0
2024-09-10 18:00:00+00:00,34,1,163699,4.1,4.1095,4.1,4.1095,676,HG.v.0
2024-09-10 19:00:00+00:00,34,1,163699,4.1095,4.11,4.105,4.108,475,HG.v.0
2024-09-10 20:00:00+00:00,34,1,163699,4.1075,4.108,4.104,4.105,212,HG.v.0
2024-09-10 22:00:00+00:00,34,1,163699,4.0995,4.1035,4.098,4.1025,212,HG.v.0
2024-09-10 23:00:00+00:00,34,1,163699,4.102,4.105,4.1005,4.105,178,HG.v.0
2024-09-11 00:00:00+00:00,34,1,163699,4.1045,4.1045,4.096,4.0975,375,HG.v.0
2024-09-11 01:00:00+00:00,34,1,163699,4.097,4.1185,4.093,4.1145,1447,HG.v.0
2024-09-11 02:00:00+00:00,34,1,163699,4.114,4.126,4.112,4.118,1088,HG.v.0
2024-09-11 03:00:00+00:00,34,1,163699,4.119,4.1305,4.1135,4.127,1187,HG.v.0
2024-09-11 04:00:00+00:00,34,1,163699,4.1265,4.1295,4.1235,4.129,257,HG.v.0
2024-09-11 05:00:00+00:00,34,1,163699,4.129,4.143,4.1275,4.1375,1690,HG.v.0
2024-09-11 06:00:00+00:00,34,1,163699,4.137,4.1535,4.1335,4.151,2451,HG.v.0
2024-09-11 07:00:00+00:00,34,1,163699,4.152,4.164,4.1465,4.1585,2986,HG.v.0
2024-09-11 08:00:00+00:00,34,1,163699,4.158,4.158,4.1425,4.147,2972,HG.v.0
2024-09-11 09:00:00+00:00,34,1,163699,4.1465,4.15,4.136,4.1365,1137,HG.v.0
2024-09-11 10:00:00+00:00,34,1,163699,4.137,4.1495,4.1365,4.149,1167,HG.v.0
2024-09-11 11:00:00+00:00,34,1,163699,4.149,4.1625,4.147,4.155,2840,HG.v.0
2024-09-11 12:00:00+00:00,34,1,163699,4.1545,4.16,4.1375,4.157,5940,HG.v.0
2024-09-11 13:00:00+00:00,34,1,163699,4.1565,4.1595,4.1255,4.132,6317,HG.v.0
2024-09-11 14:00:00+00:00,34,1,163699,4.1325,4.134,4.109,4.12,5505,HG.v.0
2024-09-11 15:00:00+00:00,34,1,163699,4.12,4.146,4.118,4.145,4885,HG.v.0
2024-09-11 16:00:00+00:00,34,1,163699,4.145,4.1545,4.14,4.1425,4253,HG.v.0
2024-09-11 17:00:00+00:00,34,1,163699,4.142,4.1605,4.142,4.1585,2996,HG.v.0
2024-09-11 18:00:00+00:00,34,1,163699,4.1585,4.161,4.157,4.1575,909,HG.v.0
2024-09-11 19:00:00+00:00,34,1,163699,4.1575,4.1685,4.1555,4.1665,1053,HG.v.0
2024-09-11 20:00:00+00:00,34,1,163699,4.1665,4.1705,4.166,4.1685,517,HG.v.0
2024-09-11 22:00:00+00:00,34,1,163699,4.166,4.17,4.1645,4.168,284,HG.v.0
2024-09-11 23:00:00+00:00,34,1,163699,4.1685,4.17,4.165,4.1655,211,HG.v.0
2024-09-12 00:00:00+00:00,34,1,163699,4.165,4.167,4.162,4.1635,1195,HG.v.0
2024-09-12 01:00:00+00:00,34,1,163699,4.163,4.18,4.1565,4.1715,3314,HG.v.0
2024-09-12 02:00:00+00:00,34,1,163699,4.1705,4.175,4.1605,4.1735,1257,HG.v.0
2024-09-12 03:00:00+00:00,34,1,163699,4.1735,4.185,4.172,4.184,955,HG.v.0
2024-09-12 04:00:00+00:00,34,1,163699,4.1835,4.184,4.1795,4.1815,306,HG.v.0
2024-09-12 05:00:00+00:00,34,1,163699,4.1815,4.1925,4.18,4.1895,1381,HG.v.0
2024-09-12 06:00:00+00:00,34,1,163699,4.19,4.1995,4.185,4.1865,2371,HG.v.0
2024-09-12 07:00:00+00:00,34,1,163699,4.1875,4.2235,4.187,4.2225,4156,HG.v.0
2024-09-12 08:00:00+00:00,34,1,163699,4.2225,4.2375,4.2135,4.222,5032,HG.v.0
2024-09-12 09:00:00+00:00,34,1,163699,4.222,4.2255,4.2165,4.22,992,HG.v.0
2024-09-12 10:00:00+00:00,34,1,163699,4.2195,4.225,4.214,4.215,1217,HG.v.0
2024-09-12 11:00:00+00:00,34,1,163699,4.2145,4.2215,4.2125,4.2195,1745,HG.v.0
2024-09-12 12:00:00+00:00,34,1,163699,4.2195,4.2225,4.2045,4.2065,4478,HG.v.0
2024-09-12 13:00:00+00:00,34,1,163699,4.2065,4.2125,4.1755,4.1765,10279,HG.v.0
2024-09-12 14:00:00+00:00,34,1,163699,4.1765,4.1975,4.173,4.1965,3855,HG.v.0
2024-09-12 15:00:00+00:00,34,1,163699,4.1965,4.2025,4.1915,4.195,2947,HG.v.0
2024-09-12 16:00:00+00:00,34,1,163699,4.1945,4.197,4.183,4.196,3291,HG.v.0
2024-09-12 17:00:00+00:00,34,1,163699,4.1955,4.199,4.1835,4.194,1808,HG.v.0
2024-09-12 18:00:00+00:00,34,1,163699,4.194,4.202,4.1935,4.202,772,HG.v.0
2024-09-12 19:00:00+00:00,34,1,163699,4.201,4.2125,4.201,4.2115,1379,HG.v.0
2024-09-12 20:00:00+00:00,34,1,163699,4.2125,4.214,4.2095,4.21,447,HG.v.0
2024-09-12 22:00:00+00:00,34,1,163699,4.2095,4.212,4.2075,4.2085,259,HG.v.0
2024-09-12 23:00:00+00:00,34,1,163699,4.208,4.2105,4.207,4.21,200,HG.v.0
2024-09-13 00:00:00+00:00,34,1,163699,4.21,4.221,4.2095,4.2205,864,HG.v.0
2024-09-13 01:00:00+00:00,34,1,163699,4.2205,4.228,4.2105,4.225,1738,HG.v.0
2024-09-13 02:00:00+00:00,34,1,163699,4.2245,4.236,4.22,4.2235,1287,HG.v.0
2024-09-13 03:00:00+00:00,34,1,163699,4.223,4.2335,4.2215,4.226,557,HG.v.0
2024-09-13 04:00:00+00:00,34,1,163699,4.227,4.2275,4.221,4.2235,372,HG.v.0
2024-09-13 05:00:00+00:00,34,1,163699,4.2235,4.2305,4.217,4.219,997,HG.v.0
2024-09-13 06:00:00+00:00,34,1,163699,4.2185,4.2185,4.2035,4.2115,1659,HG.v.0
2024-09-13 07:00:00+00:00,34,1,163699,4.212,4.2175,4.206,4.213,1355,HG.v.0
2024-09-13 08:00:00+00:00,34,1,163699,4.214,4.217,4.196,4.21,2012,HG.v.0
2024-09-13 09:00:00+00:00,34,1,163699,4.2105,4.22,4.2065,4.2065,998,HG.v.0
2024-09-13 10:00:00+00:00,34,1,163699,4.207,4.209,4.1955,4.197,1027,HG.v.0
2024-09-13 11:00:00+00:00,34,1,163699,4.1975,4.2015,4.19,4.193,1855,HG.v.0
2024-09-13 12:00:00+00:00,34,1,163699,4.1935,4.2055,4.186,4.204,3385,HG.v.0
2024-09-13 13:00:00+00:00,34,1,163699,4.204,4.2445,4.201,4.2325,9004,HG.v.0
2024-09-13 14:00:00+00:00,34,1,163699,4.232,4.236,4.2205,4.2315,5111,HG.v.0
2024-09-13 15:00:00+00:00,34,1,163699,4.231,4.25,4.2205,4.2465,4544,HG.v.0
2024-09-13 16:00:00+00:00,34,1,163699,4.247,4.25,4.2295,4.2355,4266,HG.v.0
2024-09-13 17:00:00+00:00,34,1,163699,4.235,4.235,4.2185,4.2185,2653,HG.v.0
2024-09-13 18:00:00+00:00,34,1,163699,4.2185,4.2225,4.213,4.22,772,HG.v.0
2024-09-13 19:00:00+00:00,34,1,163699,4.22,4.229,4.2175,4.226,826,HG.v.0
2024-09-13 20:00:00+00:00,34,1,163699,4.226,4.227,4.218,4.221,359,HG.v.0
2024-09-15 22:00:00+00:00,34,1,163699,4.225,4.225,4.2135,4.22,335,HG.v.0
2024-09-15 23:00:00+00:00,34,1,163699,4.219,4.2265,4.219,4.2235,291,HG.v.0
2024-09-16 00:00:00+00:00,34,1,163699,4.2245,4.226,4.21,4.21,681,HG.v.0
2024-09-16 01:00:00+00:00,34,1,163699,4.2105,4.2135,4.205,4.2105,574,HG.v.0
2024-09-16 02:00:00+00:00,34,1,163699,4.211,4.2185,4.204,4.2185,450,HG.v.0
2024-09-16 03:00:00+00:00,34,1,163699,4.218,4.2305,4.216,4.224,702,HG.v.0
2024-09-16 04:00:00+00:00,34,1,163699,4.225,4.2275,4.2175,4.2175,380,HG.v.0
2024-09-16 05:00:00+00:00,34,1,163699,4.217,4.2295,4.213,4.227,524,HG.v.0
2024-09-16 06:00:00+00:00,34,1,163699,4.2275,4.2285,4.2145,4.2245,996,HG.v.0
2024-09-16 07:00:00+00:00,34,1,163699,4.225,4.2295,4.195,4.2015,2734,HG.v.0
2024-09-16 08:00:00+00:00,34,1,163699,4.2015,4.216,4.1995,4.212,1632,HG.v.0
2024-09-16 09:00:00+00:00,34,1,163699,4.211,4.233,4.2075,4.225,1405,HG.v.0
2024-09-16 10:00:00+00:00,34,1,163699,4.2255,4.2515,4.224,4.249,2221,HG.v.0
2024-09-16 11:00:00+00:00,34,1,163699,4.2495,4.2635,4.2485,4.252,3473,HG.v.0
2024-09-16 12:00:00+00:00,34,1,163699,4.252,4.272,4.2485,4.2705,4478,HG.v.0
2024-09-16 13:00:00+00:00,34,1,163699,4.271,4.291,4.2695,4.2905,8652,HG.v.0
2024-09-16 14:00:00+00:00,34,1,163699,4.2905,4.317,4.2885,4.291,11072,HG.v.0
2024-09-16 15:00:00+00:00,34,1,163699,4.2905,4.296,4.274,4.2785,5665,HG.v.0
2024-09-16 16:00:00+00:00,34,1,163699,4.2785,4.2805,4.269,4.2725,3964,HG.v.0
2024-09-16 17:00:00+00:00,34,1,163699,4.272,4.273,4.2615,4.271,2190,HG.v.0
2024-09-16 18:00:00+00:00,34,1,163699,4.271,4.2735,4.2625,4.2675,971,HG.v.0
2024-09-16 19:00:00+00:00,34,1,163699,4.2665,4.27,4.2655,4.2685,527,HG.v.0
2024-09-16 20:00:00+00:00,34,1,163699,4.268,4.2685,4.266,4.2665,294,HG.v.0
2024-09-16 22:00:00+00:00,34,1,163699,4.266,4.271,4.265,4.2695,253,HG.v.0
2024-09-16 23:00:00+00:00,34,1,163699,4.27,4.2715,4.269,4.2705,161,HG.v.0
2024-09-17 00:00:00+00:00,34,1,163699,4.27,4.271,4.262,4.262,555,HG.v.0
2024-09-17 01:00:00+00:00,34,1,163699,4.2625,4.277,4.2615,4.2755,599,HG.v.0
2024-09-17 02:00:00+00:00,34,1,163699,4.275,4.296,4.275,4.2905,973,HG.v.0
2024-09-17 03:00:00+00:00,34,1,163699,4.2905,4.2945,4.286,4.2865,665,HG.v.0
2024-09-17 04:00:00+00:00,34,1,163699,4.2865,4.287,4.267,4.268,885,HG.v.0
2024-09-17 05:00:00+00:00,34,1,163699,4.2685,4.2785,4.262,4.2725,874,HG.v.0
2024-09-17 06:00:00+00:00,34,1,163699,4.273,4.302,4.2695,4.299,1646,HG.v.0
2024-09-17 07:00:00+00:00,34,1,163699,4.2995,4.3045,4.294,4.2975,1850,HG.v.0
2024-09-17 08:00:00+00:00,34,1,163699,4.297,4.297,4.2785,4.288,1871,HG.v.0
2024-09-17 09:00:00+00:00,34,1,163699,4.2885,4.2885,4.273,4.2825,966,HG.v.0
2024-09-17 10:00:00+00:00,34,1,163699,4.2835,4.2955,4.281,4.2925,1155,HG.v.0
2024-09-17 11:00:00+00:00,34,1,163699,4.293,4.296,4.2755,4.283,1909,HG.v.0
2024-09-17 12:00:00+00:00,34,1,163699,4.283,4.286,4.253,4.2625,5671,HG.v.0
2024-09-17 13:00:00+00:00,34,1,163699,4.263,4.2825,4.2545,4.2785,5239,HG.v.0
2024-09-17 14:00:00+00:00,34,1,163699,4.2785,4.295,4.275,4.288,5723,HG.v.0
2024-09-17 15:00:00+00:00,34,1,163699,4.2885,4.289,4.267,4.269,3868,HG.v.0
2024-09-17 16:00:00+00:00,34,1,163699,4.2685,4.2755,4.26,4.2695,4389,HG.v.0
2024-09-17 17:00:00+00:00,34,1,163699,4.2695,4.2755,4.2625,4.274,1688,HG.v.0
2024-09-17 18:00:00+00:00,34,1,163699,4.2735,4.278,4.273,4.278,793,HG.v.0
2024-09-17 19:00:00+00:00,34,1,163699,4.2775,4.2835,4.2765,4.281,1175,HG.v.0
2024-09-17 20:00:00+00:00,34,1,163699,4.281,4.2875,4.2805,4.2845,661,HG.v.0
2024-09-17 22:00:00+00:00,34,1,163699,4.2795,4.2825,4.277,4.2775,347,HG.v.0
2024-09-17 23:00:00+00:00,34,1,163699,4.278,4.282,4.277,4.277,254,HG.v.0
2024-09-18 00:00:00+00:00,34,1,163699,4.277,4.2775,4.261,4.262,1424,HG.v.0
2024-09-18 01:00:00+00:00,34,1,163699,4.262,4.2705,4.2435,4.2515,3903,HG.v.0
2024-09-18 02:00:00+00:00,34,1,163699,4.251,4.2525,4.245,4.252,972,HG.v.0
2024-09-18 03:00:00+00:00,34,1,163699,4.253,4.2535,4.243,4.2465,905,HG.v.0
2024-09-18 04:00:00+00:00,34,1,163699,4.2465,4.25,4.241,4.242,471,HG.v.0
2024-09-18 05:00:00+00:00,34,1,163699,4.242,4.2515,4.238,4.2515,1327,HG.v.0
2024-09-18 06:00:00+00:00,34,1,163699,4.2515,4.262,4.2445,4.262,1453,HG.v.0
2024-09-18 07:00:00+00:00,34,1,163699,4.2615,4.2885,4.257,4.2845,3845,HG.v.0
2024-09-18 08:00:00+00:00,34,1,163699,4.2855,4.3015,4.2815,4.299,2543,HG.v.0
2024-09-18 09:00:00+00:00,34,1,163699,4.299,4.3025,4.294,4.3005,1525,HG.v.0
2024-09-18 10:00:00+00:00,34,1,163699,4.3005,4.304,4.2955,4.299,1555,HG.v.0
2024-09-18 11:00:00+00:00,34,1,163699,4.299,4.3075,4.2965,4.3,2871,HG.v.0
2024-09-18 12:00:00+00:00,34,1,163699,4.2995,4.301,4.2865,4.2885,4447,HG.v.0
2024-09-18 13:00:00+00:00,34,1,163699,4.2885,4.3025,4.283,4.2895,6321,HG.v.0
2024-09-18 14:00:00+00:00,34,1,163699,4.2895,4.3015,4.287,4.3,3682,HG.v.0
2024-09-18 15:00:00+00:00,34,1,163699,4.3,4.3045,4.2845,4.295,4494,HG.v.0
2024-09-18 16:00:00+00:00,34,1,163699,4.295,4.303,4.293,4.295,3999,HG.v.0
2024-09-18 17:00:00+00:00,34,1,163699,4.295,4.299,4.288,4.2885,1608,HG.v.0
2024-09-18 18:00:00+00:00,34,1,163699,4.2955,4.3435,4.2955,4.312,9113,HG.v.0
2024-09-18 19:00:00+00:00,34,1,163699,4.3115,4.312,4.2575,4.269,6627,HG.v.0
2024-09-18 20:00:00+00:00,34,1,163699,4.269,4.2775,4.2665,4.27,1562,HG.v.0
2024-09-18 22:00:00+00:00,34,1,163699,4.2735,4.2795,4.266,4.276,581,HG.v.0
2024-09-18 23:00:00+00:00,34,1,163699,4.2755,4.2765,4.2625,4.271,532,HG.v.0
2024-09-19 00:00:00+00:00,34,1,163699,4.2715,4.276,4.2605,4.263,1206,HG.v.0
2024-09-19 01:00:00+00:00,34,1,163699,4.263,4.2665,4.2415,4.252,3402,HG.v.0
2024-09-19 02:00:00+00:00,34,1,163699,4.2525,4.277,4.2515,4.2715,2688,HG.v.0
2024-09-19 03:00:00+00:00,34,1,163699,4.2715,4.2945,4.264,4.2935,1773,HG.v.0
2024-09-19 04:00:00+00:00,34,1,163699,4.2935,4.3015,4.291,4.3005,946,HG.v.0
2024-09-19 05:00:00+00:00,34,1,163699,4.3005,4.3175,4.2925,4.316,3392,HG.v.0
2024-09-19 06:00:00+00:00,34,1,163699,4.316,4.353,4.315,4.352,5925,HG.v.0
2024-09-19 07:00:00+00:00,34,1,163699,4.352,4.37,4.337,4.3695,5718,HG.v.0
2024-09-19 08:00:00+00:00,34,1,163699,4.3695,4.382,4.361,4.374,3873,HG.v.0
2024-09-19 09:00:00+00:00,34,1,163699,4.3745,4.379,4.367,4.37,1378,HG.v.0
2024-09-19 10:00:00+00:00,34,1,163699,4.37,4.3725,4.3535,4.357,1567,HG.v.0
2024-09-19 11:00:00+00:00,34,1,163699,4.357,4.3635,4.3475,4.3535,2947,HG.v.0
2024-09-19 12:00:00+00:00,34,1,163699,4.3535,4.3765,4.35,4.3685,6478,HG.v.0
2024-09-19 13:00:00+00:00,34,1,163699,4.3685,4.3745,4.331,4.3445,8863,HG.v.0
2024-09-19 14:00:00+00:00,34,1,163699,4.3445,4.349,4.322,4.341,6617,HG.v.0
2024-09-19 15:00:00+00:00,34,1,163699,4.34,4.3475,4.33,4.345,3832,HG.v.0
2024-09-19 16:00:00+00:00,34,1,163699,4.345,4.351,4.3385,4.3485,4284,HG.v.0
2024-09-19 17:00:00+00:00,34,1,163699,4.348,4.357,4.346,4.3535,1737,HG.v.0
2024-09-19 18:00:00+00:00,34,1,163699,4.354,4.3545,4.345,4.3505,649,HG.v.0
2024-09-19 19:00:00+00:00,34,1,163699,4.3505,4.3505,4.3395,4.348,871,HG.v.0
2024-09-19 20:00:00+00:00,34,1,163699,4.3485,4.349,4.3435,4.3485,568,HG.v.0
2024-09-19 22:00:00+00:00,34,1,163699,4.347,4.3505,4.343,4.3505,473,HG.v.0
2024-09-19 23:00:00+00:00,34,1,163699,4.351,4.351,4.3465,4.3475,179,HG.v.0
2024-09-20 00:00:00+00:00,34,1,163699,4.348,4.363,4.348,4.359,818,HG.v.0
2024-09-20 01:00:00+00:00,34,1,163699,4.3605,4.361,4.3405,4.354,2050,HG.v.0
2024-09-20 02:00:00+00:00,34,1,163699,4.3525,4.3785,4.3495,4.373,1928,HG.v.0
2024-09-20 03:00:00+00:00,34,1,163699,4.3745,4.3845,4.372,4.3815,1500,HG.v.0
2024-09-20 04:00:00+00:00,34,1,163699,4.3815,4.3835,4.374,4.38,819,HG.v.0
2024-09-20 05:00:00+00:00,34,1,163699,4.381,4.384,4.372,4.382,1011,HG.v.0
2024-09-20 06:00:00+00:00,34,1,163699,4.381,4.387,4.3705,4.372,1546,HG.v.0
2024-09-20 07:00:00+00:00,34,1,163699,4.3725,4.3855,4.354,4.354,2789,HG.v.0
2024-09-20 08:00:00+00:00,34,1,163699,4.3545,4.3645,4.341,4.363,2041,HG.v.0
2024-09-20 09:00:00+00:00,34,1,163699,4.362,4.364,4.3515,4.3575,943,HG.v.0
2024-09-20 10:00:00+00:00,34,1,163699,4.3575,4.3705,4.3545,4.369,941,HG.v.0
2024-09-20 11:00:00+00:00,34,1,163699,4.369,4.371,4.3495,4.355,1628,HG.v.0
2024-09-20 12:00:00+00:00,34,1,163699,4.356,4.3745,4.354,4.369,3349,HG.v.0
2024-09-20 13:00:00+00:00,34,1,163699,4.3685,4.3695,4.334,4.34,6568,HG.v.0
2024-09-20 14:00:00+00:00,34,1,163699,4.3395,4.347,4.327,4.328,5230,HG.v.0
2024-09-20 15:00:00+00:00,34,1,163699,4.327,4.3365,4.3185,4.33,4539,HG.v.0
2024-09-20 16:00:00+00:00,34,1,163699,4.33,4.345,4.328,4.3425,5418,HG.v.0
2024-09-20 17:00:00+00:00,34,1,163699,4.342,4.344,4.329,4.329,2393,HG.v.0
2024-09-20 18:00:00+00:00,34,1,163699,4.329,4.336,4.323,4.3355,875,HG.v.0
2024-09-20 19:00:00+00:00,34,1,163699,4.335,4.3365,4.3315,4.3325,617,HG.v.0
2024-09-20 20:00:00+00:00,34,1,163699,4.3325,4.335,4.33,4.3335,444,HG.v.0
2024-09-22 22:00:00+00:00,34,1,163699,4.3325,4.335,4.327,4.327,543,HG.v.0
2024-09-22 23:00:00+00:00,34,1,163699,4.3275,4.33,4.3235,4.329,312,HG.v.0
2024-09-23 00:00:00+00:00,34,1,163699,4.3285,4.3295,4.323,4.327,500,HG.v.0
2024-09-23 01:00:00+00:00,34,1,163699,4.326,4.344,4.3215,4.3365,2442,HG.v.0
2024-09-23 02:00:00+00:00,34,1,163699,4.3365,4.341,4.322,4.335,1075,HG.v.0
2024-09-23 03:00:00+00:00,34,1,163699,4.335,4.3455,4.3325,4.3385,732,HG.v.0
2024-09-23 04:00:00+00:00,34,1,163699,4.3375,4.3455,4.3375,4.3425,322,HG.v.0
2024-09-23 05:00:00+00:00,34,1,163699,4.342,4.3535,4.335,4.3355,1242,HG.v.0
2024-09-23 06:00:00+00:00,34,1,163699,4.3355,4.3355,4.3205,4.326,1505,HG.v.0
2024-09-23 07:00:00+00:00,34,1,163699,4.326,4.33,4.274,4.2995,6353,HG.v.0
2024-09-23 08:00:00+00:00,34,1,163699,4.299,4.3125,4.296,4.3045,1976,HG.v.0
2024-09-23 09:00:00+00:00,34,1,163699,4.3055,4.315,4.303,4.306,1002,HG.v.0
2024-09-23 10:00:00+00:00,34,1,163699,4.306,4.319,4.306,4.311,784,HG.v.0
2024-09-23 11:00:00+00:00,34,1,163699,4.311,4.3275,4.309,4.3245,2131,HG.v.0
2024-09-23 12:00:00+00:00,34,1,163699,4.3245,4.334,4.3205,4.3305,2877,HG.v.0
2024-09-23 13:00:00+00:00,34,1,163699,4.331,4.3535,4.3305,4.34,5314,HG.v.0
2024-09-23 14:00:00+00:00,34,1,163699,4.3395,4.3545,4.3355,4.3545,4070,HG.v.0
2024-09-23 15:00:00+00:00,34,1,163699,4.354,4.365,4.3485,4.3565,5064,HG.v.0
2024-09-23 16:00:00+00:00,34,1,163699,4.356,4.357,4.3395,4.348,4142,HG.v.0
2024-09-23 17:00:00+00:00,34,1,163699,4.348,4.3565,4.345,4.3525,1582,HG.v.0
2024-09-23 18:00:00+00:00,34,1,163699,4.352,4.3555,4.3475,4.353,575,HG.v.0
2024-09-23 19:00:00+00:00,34,1,163699,4.352,4.3535,4.344,4.348,1115,HG.v.0
2024-09-23 20:00:00+00:00,34,1,163699,4.348,4.348,4.344,4.3455,325,HG.v.0
2024-09-23 22:00:00+00:00,34,1,163699,4.3455,4.348,4.3435,4.344,298,HG.v.0
2024-09-23 23:00:00+00:00,34,1,163699,4.344,4.347,4.343,4.3455,143,HG.v.0
2024-09-24 00:00:00+00:00,34,1,163699,4.3455,4.348,4.34,4.341,502,HG.v.0
2024-09-24 01:00:00+00:00,34,1,163699,4.3415,4.3825,4.3415,4.376,7706,HG.v.0
2024-09-24 02:00:00+00:00,34,1,163699,4.376,4.3895,4.3705,4.387,1929,HG.v.0
2024-09-24 03:00:00+00:00,34,1,163699,4.3875,4.4215,4.3865,4.417,3874,HG.v.0
2024-09-24 04:00:00+00:00,34,1,163699,4.417,4.4375,4.4155,4.437,2646,HG.v.0
2024-09-24 05:00:00+00:00,34,1,163699,4.438,4.44,4.4145,4.4155,4082,HG.v.0
2024-09-24 06:00:00+00:00,34,1,163699,4.4155,4.437,4.4125,4.437,3047,HG.v.0
2024-09-24 07:00:00+00:00,34,1,163699,4.437,4.4495,4.427,4.4385,5169,HG.v.0
2024-09-24 08:00:00+00:00,34,1,163699,4.4375,4.458,4.4305,4.452,4724,HG.v.0
2024-09-24 09:00:00+00:00,34,1,163699,4.451,4.4545,4.4385,4.45,2944,HG.v.0
2024-09-24 10:00:00+00:00,34,1,163699,4.45,4.4685,4.4495,4.4515,3526,HG.v.0
2024-09-24 11:00:00+00:00,34,1,163699,4.452,4.4625,4.448,4.4625,4176,HG.v.0
2024-09-24 12:00:00+00:00,34,1,163699,4.462,4.475,4.46,4.472,6529,HG.v.0
2024-09-24 13:00:00+00:00,34,1,163699,4.4725,4.484,4.4665,4.48,8466,HG.v.0
2024-09-24 14:00:00+00:00,34,1,163699,4.4805,4.4935,4.472,4.491,8195,HG.v.0
2024-09-24 15:00:00+00:00,34,1,163699,4.4915,4.495,4.477,4.485,5563,HG.v.0
2024-09-24 16:00:00+00:00,34,1,163699,4.485,4.4925,4.48,4.4905,5532,HG.v.0
2024-09-24 17:00:00+00:00,34,1,163699,4.49,4.4985,4.486,4.4965,3826,HG.v.0
2024-09-24 18:00:00+00:00,34,1,163699,4.497,4.529,4.4965,4.5195,7094,HG.v.0
2024-09-24 19:00:00+00:00,34,1,163699,4.519,4.53,4.5185,4.526,2598,HG.v.0
2024-09-24 20:00:00+00:00,34,1,163699,4.5265,4.5315,4.524,4.527,666,HG.v.0
2024-09-24 22:00:00+00:00,34,1,163699,4.527,4.538,4.5265,4.537,630,HG.v.0
2024-09-24 23:00:00+00:00,34,1,163699,4.5365,4.537,4.5275,4.5295,634,HG.v.0
2024-09-25 00:00:00+00:00,34,1,163699,4.5295,4.5305,4.52,4.5245,2170,HG.v.0
2024-09-25 01:00:00+00:00,34,1,163699,4.525,4.5535,4.508,4.528,5891,HG.v.0
2024-09-25 02:00:00+00:00,34,1,163699,4.5285,4.5315,4.505,4.522,1714,HG.v.0
2024-09-25 03:00:00+00:00,34,1,163699,4.522,4.522,4.5095,4.5165,961,HG.v.0
2024-09-25 04:00:00+00:00,34,1,163699,4.5175,4.52,4.5075,4.5165,540,HG.v.0
2024-09-25 05:00:00+00:00,34,1,163699,4.516,4.52,4.483,4.4905,2982,HG.v.0
2024-09-25 06:00:00+00:00,34,1,163699,4.491,4.5005,4.478,4.4845,3071,HG.v.0
2024-09-25 07:00:00+00:00,34,1,163699,4.485,4.489,4.4605,4.473,4051,HG.v.0
2024-09-25 08:00:00+00:00,34,1,163699,4.474,4.4835,4.4655,4.4775,2387,HG.v.0
2024-09-25 09:00:00+00:00,34,1,163699,4.478,4.478,4.4525,4.4575,3002,HG.v.0
2024-09-25 10:00:00+00:00,34,1,163699,4.457,4.4735,4.4565,4.4705,2239,HG.v.0
2024-09-25 11:00:00+00:00,34,1,163699,4.4715,4.479,4.464,4.473,2628,HG.v.0
2024-09-25 12:00:00+00:00,34,1,163699,4.4725,4.491,4.472,4.488,5365,HG.v.0
2024-09-25 13:00:00+00:00,34,1,163699,4.488,4.517,4.483,4.5105,9079,HG.v.0
2024-09-25 14:00:00+00:00,34,1,163699,4.5105,4.523,4.4925,4.507,8095,HG.v.0
2024-09-25 15:00:00+00:00,34,1,163699,4.5075,4.5075,4.489,4.4945,4808,HG.v.0
2024-09-25 16:00:00+00:00,34,1,163699,4.4935,4.4975,4.479,4.4875,4999,HG.v.0
2024-09-25 17:00:00+00:00,34,1,163699,4.4875,4.4905,4.4805,4.4845,1925,HG.v.0
2024-09-25 18:00:00+00:00,34,1,163699,4.484,4.491,4.483,4.4895,1086,HG.v.0
2024-09-25 19:00:00+00:00,34,1,163699,4.489,4.491,4.485,4.4875,598,HG.v.0
2024-09-25 20:00:00+00:00,34,1,163699,4.4865,4.488,4.484,4.486,605,HG.v.0
2024-09-25 22:00:00+00:00,34,1,163699,4.4855,4.4895,4.4835,4.4885,296,HG.v.0
2024-09-25 23:00:00+00:00,34,1,163699,4.4885,4.493,4.4875,4.4895,278,HG.v.0
2024-09-26 00:00:00+00:00,34,1,163699,4.49,4.5,4.49,4.499,626,HG.v.0
2024-09-26 01:00:00+00:00,34,1,163699,4.4995,4.514,4.4855,4.508,2417,HG.v.0
2024-09-26 02:00:00+00:00,34,1,163699,4.508,4.5085,4.4775,4.48,2170,HG.v.0
2024-09-26 03:00:00+00:00,34,1,163699,4.4795,4.4875,4.475,4.487,1067,HG.v.0
2024-09-26 04:00:00+00:00,34,1,163699,4.487,4.489,4.481,4.4825,521,HG.v.0
2024-09-26 05:00:00+00:00,34,1,163699,4.483,4.526,4.4805,4.5205,5912,HG.v.0
2024-09-26 06:00:00+00:00,34,1,163699,4.5205,4.532,4.506,4.5265,4527,HG.v.0
2024-09-26 07:00:00+00:00,34,1,163699,4.526,4.5375,4.5195,4.532,4034,HG.v.0
2024-09-26 08:00:00+00:00,34,1,163699,4.532,4.5445,4.5245,4.5325,3648,HG.v.0
2024-09-26 09:00:00+00:00,34,1,163699,4.5325,4.559,4.525,4.5555,4119,HG.v.0
2024-09-26 10:00:00+00:00,34,1,163699,4.5555,4.587,4.555,4.5855,5647,HG.v.0
2024-09-26 11:00:00+00:00,34,1,163699,4.585,4.5975,4.5785,4.588,8732,HG.v.0
2024-09-26 12:00:00+00:00,34,1,163699,4.589,4.6025,4.5755,4.6,8087,HG.v.0
2024-09-26 13:00:00+00:00,34,1,163699,4.6005,4.6105,4.5625,4.592,12334,HG.v.0
2024-09-26 14:00:00+00:00,34,1,163699,4.592,4.6375,4.5895,4.617,12528,HG.v.0
2024-09-26 15:00:00+00:00,34,1,163699,4.6175,4.639,4.6105,4.637,7246,HG.v.0
2024-09-26 16:00:00+00:00,34,1,163699,4.637,4.641,4.6225,4.6385,5628,HG.v.0
2024-09-26 17:00:00+00:00,34,1,163699,4.6385,4.647,4.6325,4.645,4823,HG.v.0
2024-09-26 18:00:00+00:00,34,1,163699,4.6455,4.6525,4.6455,4.648,2246,HG.v.0
2024-09-26 19:00:00+00:00,34,1,163699,4.648,4.65,4.6415,4.648,1807,HG.v.0
2024-09-26 20:00:00+00:00,34,1,163699,4.6485,4.65,4.6465,4.648,508,HG.v.0
2024-09-26 22:00:00+00:00,34,1,163699,4.6475,4.6475,4.637,4.6455,560,HG.v.0
2024-09-26 23:00:00+00:00,34,1,163699,4.645,4.649,4.638,4.6415,469,HG.v.0
2024-09-27 00:00:00+00:00,34,1,163699,4.642,4.6425,4.63,4.634,1205,HG.v.0
2024-09-27 01:00:00+00:00,34,1,163699,4.634,4.65,4.6145,4.632,4996,HG.v.0
2024-09-27 02:00:00+00:00,34,1,163699,4.6325,4.643,4.618,4.6355,1948,HG.v.0
2024-09-27 03:00:00+00:00,34,1,163699,4.6365,4.659,4.6325,4.6495,2078,HG.v.0
2024-09-27 04:00:00+00:00,34,1,163699,4.6495,4.6495,4.639,4.6415,510,HG.v.0
2024-09-27 05:00:00+00:00,34,1,163699,4.6415,4.6565,4.601,4.616,4366,HG.v.0
2024-09-27 06:00:00+00:00,34,1,163699,4.6165,4.6375,4.616,4.632,2240,HG.v.0
2024-09-27 07:00:00+00:00,34,1,163699,4.632,4.6375,4.6125,4.6275,2894,HG.v.0
2024-09-27 08:00:00+00:00,34,1,163699,4.6275,4.6475,4.618,4.637,2826,HG.v.0
2024-09-27 09:00:00+00:00,34,1,163699,4.6365,4.637,4.621,4.63,1954,HG.v.0
2024-09-27 10:00:00+00:00,34,1,163699,4.6305,4.632,4.6215,4.6245,1217,HG.v.0
2024-09-27 11:00:00+00:00,34,1,163699,4.6245,4.636,4.608,4.608,3996,HG.v.0
2024-09-27 12:00:00+00:00,34,1,163699,4.6085,4.6235,4.5905,4.61,7778,HG.v.0
2024-09-27 13:00:00+00:00,34,1,163699,4.6105,4.6335,4.598,4.63,6273,HG.v.0
2024-09-27 14:00:00+00:00,34,1,163699,4.631,4.634,4.6075,4.6165,5498,HG.v.0
2024-09-27 15:00:00+00:00,34,1,163699,4.617,4.617,4.5905,4.596,6457,HG.v.0
2024-09-27 16:00:00+00:00,34,1,163699,4.5955,4.603,4.5885,4.599,5148,HG.v.0
2024-09-27 17:00:00+00:00,34,1,163699,4.599,4.601,4.5765,4.5875,3637,HG.v.0
2024-09-27 18:00:00+00:00,34,1,163699,4.5875,4.5925,4.5815,4.591,764,HG.v.0
2024-09-27 19:00:00+00:00,34,1,163699,4.591,4.592,4.5855,4.5885,546,HG.v.0
2024-09-27 20:00:00+00:00,34,1,163699,4.5875,4.592,4.584,4.5895,542,HG.v.0
2024-09-29 22:00:00+00:00,34,1,163699,4.649,4.79,4.627,4.706,7412,HG.v.0
2024-09-29 23:00:00+00:00,34,1,163699,4.7055,4.71,4.675,4.6765,2439,HG.v.0
2024-09-30 00:00:00+00:00,34,1,163699,4.6765,4.691,4.661,4.662,3190,HG.v.0
2024-09-30 01:00:00+00:00,34,1,163699,4.663,4.6885,4.6345,4.644,6414,HG.v.0
2024-09-30 02:00:00+00:00,34,1,163699,4.6435,4.653,4.629,4.6505,2355,HG.v.0
2024-09-30 03:00:00+00:00,34,1,163699,4.651,4.6665,4.6445,4.6655,1359,HG.v.0
2024-09-30 04:00:00+00:00,34,1,163699,4.666,4.6695,4.659,4.664,652,HG.v.0
2024-09-30 05:00:00+00:00,34,1,163699,4.6645,4.6685,4.65,4.6665,1513,HG.v.0
2024-09-30 06:00:00+00:00,34,1,163699,4.667,4.6685,4.636,4.646,2466,HG.v.0
2024-09-30 07:00:00+00:00,34,1,163699,4.647,4.6505,4.609,4.6105,3443,HG.v.0
2024-09-30 08:00:00+00:00,34,1,163699,4.611,4.631,4.608,4.626,3453,HG.v.0
2024-09-30 09:00:00+00:00,34,1,163699,4.6265,4.6265,4.6095,4.611,1400,HG.v.0
2024-09-30 10:00:00+00:00,34,1,163699,4.6115,4.612,4.557,4.563,4860,HG.v.0
2024-09-30 11:00:00+00:00,34,1,163699,4.563,4.5795,4.557,4.5745,3618,HG.v.0
2024-09-30 12:00:00+00:00,34,1,163699,4.5755,4.5855,4.554,4.5545,4533,HG.v.0
2024-09-30 13:00:00+00:00,34,1,163699,4.555,4.5555,4.497,4.51,15605,HG.v.0
2024-09-30 14:00:00+00:00,34,1,163699,4.5095,4.537,4.4985,4.534,7601,HG.v.0
2024-09-30 15:00:00+00:00,34,1,163699,4.5335,4.54,4.518,4.521,4855,HG.v.0
2024-09-30 16:00:00+00:00,34,1,163699,4.5205,4.557,4.517,4.553,7320,HG.v.0
2024-09-30 17:00:00+00:00,34,1,163699,4.553,4.5605,4.5455,4.553,2880,HG.v.0
2024-09-30 18:00:00+00:00,34,1,163699,4.553,4.554,4.5295,4.551,1784,HG.v.0
2024-09-30 19:00:00+00:00,34,1,163699,4.55,4.551,4.534,4.548,1305,HG.v.0
2024-09-30 20:00:00+00:00,34,1,163699,4.5485,4.5515,4.5455,4.5505,711,HG.v.0
2024-09-30 22:00:00+00:00,34,1,163699,4.5525,4.554,4.5465,4.5515,679,HG.v.0
2024-09-30 23:00:00+00:00,34,1,163699,4.552,4.555,4.551,4.552,183,HG.v.0
2024-10-01 00:00:00+00:00,34,1,163699,4.552,4.5535,4.541,4.552,662,HG.v.0
2024-10-01 01:00:00+00:00,34,1,163699,4.5525,4.5625,4.5465,4.5605,776,HG.v.0
2024-10-01 02:00:00+00:00,34,1,163699,4.5615,4.5615,4.542,4.551,537,HG.v.0
2024-10-01 03:00:00+00:00,34,1,163699,4.551,4.5525,4.5365,4.552,804,HG.v.0
2024-10-01 04:00:00+00:00,34,1,163699,4.551,4.562,4.5465,4.5585,617,HG.v.0
2024-10-01 05:00:00+00:00,34,1,163699,4.5595,4.5675,4.5535,4.559,799,HG.v.0
2024-10-01 06:00:00+00:00,34,1,163699,4.559,4.566,4.548,4.564,1421,HG.v.0
2024-10-01 07:00:00+00:00,34,1,163699,4.564,4.575,4.5335,4.5435,4087,HG.v.0
2024-10-01 08:00:00+00:00,34,1,163699,4.544,4.5615,4.5325,4.553,2275,HG.v.0
2024-10-01 09:00:00+00:00,34,1,163699,4.552,4.5615,4.547,4.5525,1281,HG.v.0
2024-10-01 10:00:00+00:00,34,1,163699,4.5525,4.5655,4.551,4.564,1235,HG.v.0
2024-10-01 11:00:00+00:00,34,1,163699,4.5645,4.571,4.5495,4.5685,2011,HG.v.0
2024-10-01 12:00:00+00:00,34,1,163699,4.569,4.603,4.5675,4.5985,6791,HG.v.0
2024-10-01 13:00:00+00:00,34,1,163699,4.5985,4.622,4.574,4.618,8608,HG.v.0
2024-10-01 14:00:00+00:00,34,1,163699,4.6185,4.625,4.5685,4.5765,8875,HG.v.0
2024-10-01 15:00:00+00:00,34,1,163699,4.577,4.5915,4.5565,4.5915,4849,HG.v.0
2024-10-01 16:00:00+00:00,34,1,163699,4.5915,4.5925,4.5785,4.5885,3799,HG.v.0
2024-10-01 17:00:00+00:00,34,1,163699,4.5885,4.59,4.5605,4.57,2518,HG.v.0
2024-10-01 18:00:00+00:00,34,1,163699,4.5695,4.5885,4.5695,4.582,1349,HG.v.0
2024-10-01 19:00:00+00:00,34,1,163699,4.582,4.588,4.5745,4.577,596,HG.v.0
2024-10-01 20:00:00+00:00,34,1,163699,4.577,4.5815,4.574,4.5785,424,HG.v.0
2024-10-01 22:00:00+00:00,34,1,163699,4.5735,4.582,4.568,4.577,387,HG.v.0
2024-10-01 23:00:00+00:00,34,1,163699,4.5765,4.5785,4.5715,4.572,212,HG.v.0
2024-10-02 00:00:00+00:00,34,1,163699,4.5725,4.582,4.569,4.578,676,HG.v.0
2024-10-02 01:00:00+00:00,34,1,163699,4.579,4.623,4.579,4.621,2140,HG.v.0
2024-10-02 02:00:00+00:00,34,1,163699,4.6215,4.628,4.6095,4.622,1125,HG.v.0
2024-10-02 03:00:00+00:00,34,1,163699,4.6215,4.6415,4.611,4.618,2072,HG.v.0
2024-10-02 04:00:00+00:00,34,1,163699,4.6185,4.622,4.5935,4.595,866,HG.v.0
2024-10-02 05:00:00+00:00,34,1,163699,4.594,4.6075,4.564,4.5795,1987,HG.v.0
2024-10-02 06:00:00+00:00,34,1,163699,4.579,4.5845,4.5565,4.5735,1648,HG.v.0
2024-10-02 07:00:00+00:00,34,1,163699,4.574,4.6165,4.572,4.6145,2468,HG.v.0
2024-10-02 08:00:00+00:00,34,1,163699,4.614,4.6185,4.596,4.5995,1820,HG.v.0
2024-10-02 09:00:00+00:00,34,1,163699,4.6,4.6215,4.5965,4.6115,1851,HG.v.0
2024-10-02 10:00:00+00:00,34,1,163699,4.6115,4.6295,4.6045,4.6205,2003,HG.v.0
2024-10-02 11:00:00+00:00,34,1,163699,4.6215,4.628,4.6125,4.613,1443,HG.v.0
2024-10-02 12:00:00+00:00,34,1,163699,4.614,4.6315,4.6095,4.6245,3238,HG.v.0
2024-10-02 13:00:00+00:00,34,1,163699,4.6245,4.643,4.6245,4.6385,4873,HG.v.0
2024-10-02 14:00:00+00:00,34,1,163699,4.6395,4.644,4.613,4.6155,4241,HG.v.0
2024-10-02 15:00:00+00:00,34,1,163699,4.616,4.648,4.6135,4.646,3907,HG.v.0
2024-10-02 16:00:00+00:00,34,1,163699,4.6465,4.652,4.6415,4.6485,3185,HG.v.0
2024-10-02 17:00:00+00:00,34,1,163699,4.6485,4.6525,4.643,4.652,1599,HG.v.0
2024-10-02 18:00:00+00:00,34,1,163699,4.652,4.6555,4.645,4.6525,728,HG.v.0
2024-10-02 19:00:00+00:00,34,1,163699,4.6525,4.665,4.651,4.663,1252,HG.v.0
2024-10-02 20:00:00+00:00,34,1,163699,4.663,4.667,4.662,4.663,357,HG.v.0
2024-10-02 22:00:00+00:00,34,1,163699,4.6645,4.666,4.656,4.657,306,HG.v.0
2024-10-02 23:00:00+00:00,34,1,163699,4.657,4.661,4.657,4.657,203,HG.v.0
2024-10-03 00:00:00+00:00,34,1,163699,4.657,4.6595,4.651,4.6525,521,HG.v.0
2024-10-03 01:00:00+00:00,34,1,163699,4.6535,4.662,4.635,4.649,1494,HG.v.0
2024-10-03 02:00:00+00:00,34,1,163699,4.6485,4.65,4.6305,4.633,927,HG.v.0
2024-10-03 03:00:00+00:00,34,1,163699,4.6335,4.6415,4.621,4.634,1162,HG.v.0
2024-10-03 04:00:00+00:00,34,1,163699,4.634,4.634,4.6245,4.625,216,HG.v.0
2024-10-03 05:00:00+00:00,34,1,163699,4.626,4.651,4.6215,4.644,1167,HG.v.0
2024-10-03 06:00:00+00:00,34,1,163699,4.642,4.6665,4.642,4.662,1293,HG.v.0
2024-10-03 07:00:00+00:00,34,1,163699,4.6605,4.6615,4.606,4.61,4228,HG.v.0
2024-10-03 08:00:00+00:00,34,1,163699,4.613,4.6215,4.5965,4.6085,2427,HG.v.0
2024-10-03 09:00:00+00:00,34,1,163699,4.608,4.6155,4.6,4.601,1441,HG.v.0
2024-10-03 10:00:00+00:00,34,1,163699,4.6,4.6045,4.5755,4.5855,2642,HG.v.0
2024-10-03 11:00:00+00:00,34,1,163699,4.5855,4.59,4.5745,4.585,2153,HG.v.0
2024-10-03 12:00:00+00:00,34,1,163699,4.5845,4.59,4.537,4.537,6245,HG.v.0
2024-10-03 13:00:00+00:00,34,1,163699,4.5375,4.557,4.5265,4.547,6476,HG.v.0
2024-10-03 14:00:00+00:00,34,1,163699,4.546,4.563,4.523,4.5325,7631,HG.v.0
2024-10-03 15:00:00+00:00,34,1,163699,4.5325,4.542,4.519,4.5365,4142,HG.v.0
2024-10-03 16:00:00+00:00,34,1,163699,4.537,4.563,4.5365,4.551,4738,HG.v.0
2024-10-03 17:00:00+00:00,34,1,163699,4.551,4.5525,4.5425,4.5465,2140,HG.v.0
2024-10-03 18:00:00+00:00,34,1,163699,4.547,4.5505,4.5455,4.5475,682,HG.v.0
2024-10-03 19:00:00+00:00,34,1,163699,4.547,4.5495,4.5405,4.546,984,HG.v.0
2024-10-03 20:00:00+00:00,34,1,163699,4.546,4.5465,4.542,4.545,419,HG.v.0
2024-10-03 22:00:00+00:00,34,1,163699,4.5495,4.5495,4.5425,4.5475,235,HG.v.0
2024-10-03 23:00:00+00:00,34,1,163699,4.5465,4.5495,4.5455,4.549,139,HG.v.0
2024-10-04 00:00:00+00:00,34,1,163699,4.549,4.5555,4.54,4.5535,641,HG.v.0
2024-10-04 01:00:00+00:00,34,1,163699,4.553,4.555,4.536,4.5525,1136,HG.v.0
2024-10-04 02:00:00+00:00,34,1,163699,4.552,4.567,4.548,4.563,1147,HG.v.0
2024-10-04 03:00:00+00:00,34,1,163699,4.563,4.5635,4.543,4.5545,726,HG.v.0
2024-10-04 04:00:00+00:00,34,1,163699,4.5525,4.558,4.541,4.5475,536,HG.v.0
2024-10-04 05:00:00+00:00,34,1,163699,4.547,4.572,4.547,4.561,1235,HG.v.0
2024-10-04 06:00:00+00:00,34,1,163699,4.5615,4.562,4.543,4.5445,1002,HG.v.0
2024-10-04 07:00:00+00:00,34,1,163699,4.5445,4.568,4.5395,4.565,2384,HG.v.0
2024-10-04 08:00:00+00:00,34,1,163699,4.5665,4.5665,4.5465,4.556,1868,HG.v.0
2024-10-04 09:00:00+00:00,34,1,163699,4.557,4.565,4.5545,4.5605,1121,HG.v.0
2024-10-04 10:00:00+00:00,34,1,163699,4.561,4.568,4.5545,4.558,860,HG.v.0
2024-10-04 11:00:00+00:00,34,1,163699,4.5575,4.5815,4.555,4.58,2045,HG.v.0
2024-10-04 12:00:00+00:00,34,1,163699,4.581,4.5905,4.5485,4.5855,9052,HG.v.0
2024-10-04 13:00:00+00:00,34,1,163699,4.5865,4.6065,4.5805,4.588,7699,HG.v.0
2024-10-04 14:00:00+00:00,34,1,163699,4.5885,4.5885,4.553,4.5535,6310,HG.v.0
2024-10-04 15:00:00+00:00,34,1,163699,4.5535,4.5805,4.5375,4.567,6765,HG.v.0
2024-10-04 16:00:00+00:00,34,1,163699,4.5675,4.58,4.5545,4.574,3495,HG.v.0
2024-10-04 17:00:00+00:00,34,1,163699,4.5735,4.578,4.565,4.569,1319,HG.v.0
2024-10-04 18:00:00+00:00,34,1,163699,4.5695,4.5725,4.566,4.5695,517,HG.v.0
2024-10-04 19:00:00+00:00,34,1,163699,4.569,4.5735,4.568,4.57,700,HG.v.0
2024-10-04 20:00:00+00:00,34,1,163699,4.5695,4.5715,4.5665,4.5675,239,HG.v.0
2024-10-06 22:00:00+00:00,34,1,163699,4.573,4.609,4.571,4.5865,1896,HG.v.0
2024-10-06 23:00:00+00:00,34,1,163699,4.5865,4.5915,4.5815,4.582,222,HG.v.0
2024-10-07 00:00:00+00:00,34,1,163699,4.582,4.5915,4.576,4.5795,725,HG.v.0
2024-10-07 01:00:00+00:00,34,1,163699,4.5795,4.604,4.579,4.582,2015,HG.v.0
2024-10-07 02:00:00+00:00,34,1,163699,4.5815,4.5935,4.57,4.572,1018,HG.v.0
2024-10-07 03:00:00+00:00,34,1,163699,4.571,4.574,4.5635,4.572,916,HG.v.0
2024-10-07 04:00:00+00:00,34,1,163699,4.5715,4.5785,4.5705,4.571,2571,HG.v.0
2024-10-07 05:00:00+00:00,34,1,163699,4.5705,4.573,4.555,4.557,1031,HG.v.0
2024-10-07 06:00:00+00:00,34,1,163699,4.556,4.5685,4.55,4.5545,1359,HG.v.0
2024-10-07 07:00:00+00:00,34,1,163699,4.555,4.572,4.5535,4.567,1259,HG.v.0
2024-10-07 08:00:00+00:00,34,1,163699,4.567,4.588,4.5525,4.5545,2247,HG.v.0
2024-10-07 09:00:00+00:00,34,1,163699,4.555,4.5575,4.5435,4.555,2675,HG.v.0
2024-10-07 10:00:00+00:00,34,1,163699,4.555,4.5725,4.554,4.565,2061,HG.v.0
2024-10-07 11:00:00+00:00,34,1,163699,4.565,4.584,4.5635,4.572,2254,HG.v.0
2024-10-07 12:00:00+00:00,34,1,163699,4.572,4.574,4.5375,4.541,4201,HG.v.0
2024-10-07 13:00:00+00:00,34,1,163699,4.541,4.5545,4.538,4.554,5261,HG.v.0
2024-10-07 14:00:00+00:00,34,1,163699,4.5535,4.5575,4.5225,4.523,4402,HG.v.0
2024-10-07 15:00:00+00:00,34,1,163699,4.523,4.5575,4.515,4.539,6504,HG.v.0
2024-10-07 16:00:00+00:00,34,1,163699,4.5395,4.5725,4.539,4.5675,5219,HG.v.0
2024-10-07 17:00:00+00:00,34,1,163699,4.5675,4.571,4.561,4.5645,1547,HG.v.0
2024-10-07 18:00:00+00:00,34,1,163699,4.5645,4.565,4.542,4.5425,1098,HG.v.0
2024-10-07 19:00:00+00:00,34,1,163699,4.543,4.5565,4.542,4.5565,589,HG.v.0
2024-10-07 20:00:00+00:00,34,1,163699,4.5565,4.557,4.552,4.5565,267,HG.v.0
2024-10-07 22:00:00+00:00,34,1,163699,4.5595,4.5595,4.551,4.556,344,HG.v.0
2024-10-07 23:00:00+00:00,34,1,163699,4.555,4.562,4.555,4.56,202,HG.v.0
2024-10-08 00:00:00+00:00,34,1,163699,4.561,4.5765,4.56,4.574,2104,HG.v.0
2024-10-08 01:00:00+00:00,34,1,163699,4.5735,4.581,4.522,4.5365,9660,HG.v.0
2024-10-08 02:00:00+00:00,34,1,163699,4.536,4.538,4.46,4.4735,10904,HG.v.0
2024-10-08 03:00:00+00:00,34,1,163699,4.474,4.497,4.47,4.471,3087,HG.v.0
2024-10-08 04:00:00+00:00,34,1,163699,4.4715,4.479,4.468,4.4705,1707,HG.v.0
2024-10-08 05:00:00+00:00,34,1,163699,4.471,4.4765,4.446,4.464,3259,HG.v.0
2024-10-08 06:00:00+00:00,34,1,163699,4.4635,4.4725,4.4455,4.4535,2927,HG.v.0
2024-10-08 07:00:00+00:00,34,1,163699,4.4525,4.4535,4.4235,4.4335,5488,HG.v.0
2024-10-08 08:00:00+00:00,34,1,163699,4.4335,4.4435,4.424,4.4425,2852,HG.v.0
2024-10-08 09:00:00+00:00,34,1,163699,4.443,4.4575,4.4355,4.453,1596,HG.v.0
2024-10-08 10:00:00+00:00,34,1,163699,4.453,4.457,4.4375,4.4545,1758,HG.v.0
2024-10-08 11:00:00+00:00,34,1,163699,4.455,4.4635,4.4445,4.457,2707,HG.v.0
2024-10-08 12:00:00+00:00,34,1,163699,4.457,4.4765,4.4545,4.4665,5871,HG.v.0
2024-10-08 13:00:00+00:00,34,1,163699,4.467,4.4895,4.465,4.487,6300,HG.v.0
2024-10-08 14:00:00+00:00,34,1,163699,4.4875,4.4905,4.4515,4.459,6484,HG.v.0
2024-10-08 15:00:00+00:00,34,1,163699,4.459,4.4655,4.435,4.4625,6577,HG.v.0
2024-10-08 16:00:00+00:00,34,1,163699,4.4625,4.4655,4.451,4.455,3426,HG.v.0
2024-10-08 17:00:00+00:00,34,1,163699,4.455,4.46,4.446,4.4525,1738,HG.v.0
2024-10-08 18:00:00+00:00,34,1,163699,4.4525,4.464,4.4515,4.4635,869,HG.v.0
2024-10-08 19:00:00+00:00,34,1,163699,4.4635,4.476,4.461,4.4745,809,HG.v.0
2024-10-08 20:00:00+00:00,34,1,163699,4.475,4.4755,4.467,4.475,427,HG.v.0
2024-10-08 22:00:00+00:00,34,1,163699,4.474,4.4755,4.469,4.4735,216,HG.v.0
2024-10-08 23:00:00+00:00,34,1,163699,4.473,4.4745,4.4675,4.4675,218,HG.v.0
2024-10-09 00:00:00+00:00,34,1,163699,4.4675,4.4705,4.4635,4.468,741,HG.v.0
2024-10-09 01:00:00+00:00,34,1,163699,4.4675,4.487,4.4595,4.4635,2793,HG.v.0
2024-10-09 02:00:00+00:00,34,1,163699,4.462,4.464,4.447,4.458,1746,HG.v.0
2024-10-09 03:00:00+00:00,34,1,163699,4.4585,4.4655,4.4465,4.457,958,HG.v.0
2024-10-09 04:00:00+00:00,34,1,163699,4.457,4.4635,4.455,4.4635,430,HG.v.0
2024-10-09 05:00:00+00:00,34,1,163699,4.4635,4.5045,4.46,4.4805,5071,HG.v.0
2024-10-09 06:00:00+00:00,34,1,163699,4.4805,4.49,4.4605,4.464,1856,HG.v.0
2024-10-09 07:00:00+00:00,34,1,163699,4.463,4.465,4.434,4.448,3195,HG.v.0
2024-10-09 08:00:00+00:00,34,1,163699,4.448,4.4545,4.433,4.448,1800,HG.v.0
2024-10-09 09:00:00+00:00,34,1,163699,4.4485,4.4495,4.4285,4.434,1633,HG.v.0
2024-10-09 10:00:00+00:00,34,1,163699,4.434,4.438,4.418,4.4195,1653,HG.v.0
2024-10-09 11:00:00+00:00,34,1,163699,4.42,4.425,4.398,4.414,4178,HG.v.0
2024-10-09 12:00:00+00:00,34,1,163699,4.414,4.417,4.398,4.401,3934,HG.v.0
2024-10-09 13:00:00+00:00,34,1,163699,4.4015,4.402,4.3735,4.386,8890,HG.v.0
2024-10-09 14:00:00+00:00,34,1,163699,4.3855,4.4015,4.3745,4.3995,5143,HG.v.0
2024-10-09 15:00:00+00:00,34,1,163699,4.3985,4.4145,4.3955,4.412,5513,HG.v.0
2024-10-09 16:00:00+00:00,34,1,163699,4.4125,4.421,4.3985,4.4,3657,HG.v.0
2024-10-09 17:00:00+00:00,34,1,163699,4.3995,4.4115,4.395,4.4085,1788,HG.v.0
2024-10-09 18:00:00+00:00,34,1,163699,4.409,4.411,4.404,4.406,535,HG.v.0
2024-10-09 19:00:00+00:00,34,1,163699,4.4065,4.413,4.4065,4.4105,354,HG.v.0
2024-10-09 20:00:00+00:00,34,1,163699,4.4095,4.4145,4.407,4.414,392,HG.v.0
2024-10-09 22:00:00+00:00,34,1,163699,4.414,4.414,4.4035,4.407,325,HG.v.0
2024-10-09 23:00:00+00:00,34,1,163699,4.4065,4.412,4.4065,4.409,172,HG.v.0
2024-10-10 00:00:00+00:00,34,1,163699,4.409,4.42,4.408,4.419,789,HG.v.0
2024-10-10 01:00:00+00:00,34,1,163699,4.419,4.4335,4.4105,4.4205,3078,HG.v.0
2024-10-10 02:00:00+00:00,34,1,163699,4.419,4.4395,4.4105,4.435,2251,HG.v.0
2024-10-10 03:00:00+00:00,34,1,163699,4.434,4.444,4.431,4.4345,1086,HG.v.0
2024-10-10 04:00:00+00:00,34,1,163699,4.434,4.4435,4.432,4.4425,373,HG.v.0
2024-10-10 05:00:00+00:00,34,1,163699,4.4425,4.446,4.422,4.424,1738,HG.v.0
2024-10-10 06:00:00+00:00,34,1,163699,4.4235,4.43,4.4035,4.408,1891,HG.v.0
2024-10-10 07:00:00+00:00,34,1,163699,4.4085,4.421,4.403,4.407,1925,HG.v.0
2024-10-10 08:00:00+00:00,34,1,163699,4.4075,4.4075,4.385,4.393,3238,HG.v.0
2024-10-10 09:00:00+00:00,34,1,163699,4.3935,4.412,4.386,4.4015,1803,HG.v.0
2024-10-10 10:00:00+00:00,34,1,163699,4.401,4.4125,4.3975,4.4,908,HG.v.0
2024-10-10 11:00:00+00:00,34,1,163699,4.4,4.4035,4.387,4.392,1804,HG.v.0
2024-10-10 12:00:00+00:00,34,1,163699,4.392,4.417,4.381,4.415,6043,HG.v.0
2024-10-10 13:00:00+00:00,34,1,163699,4.415,4.4315,4.4055,4.427,5327,HG.v.0
2024-10-10 14:00:00+00:00,34,1,163699,4.428,4.443,4.417,4.4215,6581,HG.v.0
2024-10-10 15:00:00+00:00,34,1,163699,4.421,4.441,4.4195,4.438,3494,HG.v.0
2024-10-10 16:00:00+00:00,34,1,163699,4.438,4.454,4.4255,4.427,5607,HG.v.0
2024-10-10 17:00:00+00:00,34,1,163699,4.4275,4.4465,4.425,4.4425,4896,HG.v.0
2024-10-10 18:00:00+00:00,34,1,163699,4.443,4.446,4.4365,4.4425,2073,HG.v.0
2024-10-10 19:00:00+00:00,34,1,163699,4.4435,4.4485,4.442,4.4475,632,HG.v.0
2024-10-10 20:00:00+00:00,34,1,163699,4.4475,4.4505,4.446,4.4475,314,HG.v.0
2024-10-10 22:00:00+00:00,34,1,163699,4.4475,4.4515,4.4445,4.4475,2183,HG.v.0
2024-10-10 23:00:00+00:00,34,1,163699,4.448,4.453,4.4455,4.4465,1935,HG.v.0
2024-10-11 00:00:00+00:00,34,1,163699,4.4465,4.4525,4.4385,4.442,1179,HG.v.0
2024-10-11 01:00:00+00:00,34,1,163699,4.4425,4.4465,4.429,4.4415,2412,HG.v.0
2024-10-11 02:00:00+00:00,34,1,163699,4.44,4.46,4.4315,4.4595,1283,HG.v.0
2024-10-11 03:00:00+00:00,34,1,163699,4.4595,4.4615,4.447,4.453,1410,HG.v.0
2024-10-11 04:00:00+00:00,34,1,163699,4.4535,4.4585,4.4495,4.4525,337,HG.v.0
2024-10-11 05:00:00+00:00,34,1,163699,4.4525,4.4525,4.435,4.437,931,HG.v.0
2024-10-11 06:00:00+00:00,34,1,163699,4.4365,4.437,4.418,4.4275,2143,HG.v.0
2024-10-11 07:00:00+00:00,34,1,163699,4.4285,4.4385,4.423,4.437,1612,HG.v.0
2024-10-11 08:00:00+00:00,34,1,163699,4.437,4.459,4.437,4.4465,1957,HG.v.0
2024-10-11 09:00:00+00:00,34,1,163699,4.446,4.4665,4.446,4.4575,1491,HG.v.0
2024-10-11 10:00:00+00:00,34,1,163699,4.458,4.458,4.4435,4.447,890,HG.v.0
2024-10-11 11:00:00+00:00,34,1,163699,4.4475,4.4605,4.4385,4.458,1473,HG.v.0
2024-10-11 12:00:00+00:00,34,1,163699,4.458,4.471,4.446,4.449,4834,HG.v.0
2024-10-11 13:00:00+00:00,34,1,163699,4.4495,4.468,4.442,4.4665,3779,HG.v.0
2024-10-11 14:00:00+00:00,34,1,163699,4.466,4.4855,4.4595,4.4655,5500,HG.v.0
2024-10-11 15:00:00+00:00,34,1,163699,4.4655,4.485,4.4635,4.4815,3676,HG.v.0
2024-10-11 16:00:00+00:00,34,1,163699,4.4815,4.495,4.48,4.49,4067,HG.v.0
2024-10-11 17:00:00+00:00,34,1,163699,4.49,4.494,4.4835,4.4885,2332,HG.v.0
2024-10-11 18:00:00+00:00,34,1,163699,4.4885,4.492,4.485,4.4915,1195,HG.v.0
2024-10-11 19:00:00+00:00,34,1,163699,4.492,4.499,4.4905,4.4955,1578,HG.v.0
2024-10-11 20:00:00+00:00,34,1,163699,4.496,4.496,4.488,4.494,577,HG.v.0
2024-10-13 22:00:00+00:00,34,1,163699,4.452,4.4585,4.4065,4.437,3587,HG.v.0
2024-10-13 23:00:00+00:00,34,1,163699,4.436,4.45,4.435,4.4475,1408,HG.v.0
2024-10-14 00:00:00+00:00,34,1,163699,4.4475,4.46,4.4365,4.4555,1324,HG.v.0
2024-10-14 01:00:00+00:00,34,1,163699,4.4555,4.4555,4.43,4.4345,2556,HG.v.0
2024-10-14 02:00:00+00:00,34,1,163699,4.433,4.44,4.4165,4.437,1904,HG.v.0
2024-10-14 03:00:00+00:00,34,1,163699,4.438,4.462,4.434,4.45,1753,HG.v.0
2024-10-14 04:00:00+00:00,34,1,163699,4.45,4.457,4.4495,4.455,319,HG.v.0
2024-10-14 05:00:00+00:00,34,1,163699,4.4545,4.471,4.452,4.4605,1229,HG.v.0
2024-10-14 06:00:00+00:00,34,1,163699,4.4615,4.4685,4.45,4.453,1280,HG.v.0
2024-10-14 07:00:00+00:00,34,1,163699,4.4535,4.462,4.446,4.451,1749,HG.v.0
2024-10-14 08:00:00+00:00,34,1,163699,4.4505,4.4645,4.4455,4.4485,2103,HG.v.0
2024-10-14 09:00:00+00:00,34,1,163699,4.449,4.4625,4.4305,4.433,1717,HG.v.0
2024-10-14 10:00:00+00:00,34,1,163699,4.434,4.4345,4.4155,4.416,1818,HG.v.0
2024-10-14 11:00:00+00:00,34,1,163699,4.4165,4.4245,4.4095,4.422,2202,HG.v.0
2024-10-14 12:00:00+00:00,34,1,163699,4.422,4.4245,4.395,4.3955,5130,HG.v.0
2024-10-14 13:00:00+00:00,34,1,163699,4.395,4.452,4.385,4.428,15718,HG.v.0
2024-10-14 14:00:00+00:00,34,1,163699,4.428,4.4375,4.4065,4.4075,6218,HG.v.0
2024-10-14 15:00:00+00:00,34,1,163699,4.4075,4.414,4.3945,4.4045,3619,HG.v.0
2024-10-14 16:00:00+00:00,34,1,163699,4.4045,4.4085,4.396,4.4055,2903,HG.v.0
2024-10-14 17:00:00+00:00,34,1,163699,4.405,4.4055,4.389,4.3955,1585,HG.v.0
2024-10-14 18:00:00+00:00,34,1,163699,4.395,4.404,4.3945,4.402,382,HG.v.0
2024-10-14 19:00:00+00:00,34,1,163699,4.4015,4.408,4.3965,4.407,845,HG.v.0
2024-10-14 20:00:00+00:00,34,1,163699,4.4065,4.408,4.402,4.4035,599,HG.v.0
2024-10-14 22:00:00+00:00,34,1,163699,4.4035,4.4085,4.403,4.407,241,HG.v.0
2024-10-14 23:00:00+00:00,34,1,163699,4.4065,4.411,4.4005,4.4015,356,HG.v.0
2024-10-15 00:00:00+00:00,34,1,163699,4.401,4.4115,4.4,4.404,624,HG.v.0
2024-10-15 01:00:00+00:00,34,1,163699,4.403,4.4075,4.3835,4.3905,2564,HG.v.0
2024-10-15 02:00:00+00:00,34,1,163699,4.3905,4.4045,4.386,4.3925,1359,HG.v.0
2024-10-15 03:00:00+00:00,34,1,163699,4.393,4.4,4.382,4.386,1334,HG.v.0
2024-10-15 04:00:00+00:00,34,1,163699,4.387,4.387,4.3755,4.3775,1076,HG.v.0
2024-10-15 05:00:00+00:00,34,1,163699,4.377,4.378,4.3495,4.355,3852,HG.v.0
2024-10-15 06:00:00+00:00,34,1,163699,4.3545,4.358,4.343,4.3505,2752,HG.v.0
2024-10-15 07:00:00+00:00,34,1,163699,4.351,4.354,4.3335,4.3455,2423,HG.v.0
2024-10-15 08:00:00+00:00,34,1,163699,4.3455,4.3565,4.3315,4.353,2431,HG.v.0
2024-10-15 09:00:00+00:00,34,1,163699,4.354,4.3595,4.3455,4.348,1318,HG.v.0
2024-10-15 10:00:00+00:00,34,1,163699,4.3485,4.3495,4.3365,4.3395,1230,HG.v.0
2024-10-15 11:00:00+00:00,34,1,163699,4.3395,4.371,4.339,4.3655,4099,HG.v.0
2024-10-15 12:00:00+00:00,34,1,163699,4.3665,4.3795,4.3355,4.3405,5548,HG.v.0
2024-10-15 13:00:00+00:00,34,1,163699,4.3415,4.3575,4.3375,4.341,5451,HG.v.0
2024-10-15 14:00:00+00:00,34,1,163699,4.3405,4.365,4.339,4.342,4352,HG.v.0
2024-10-15 15:00:00+00:00,34,1,163699,4.3425,4.3495,4.3295,4.3325,3740,HG.v.0
2024-10-15 16:00:00+00:00,34,1,163699,4.3325,4.344,4.33,4.338,3156,HG.v.0
2024-10-15 17:00:00+00:00,34,1,163699,4.3385,4.339,4.3325,4.3325,1448,HG.v.0
2024-10-15 18:00:00+00:00,34,1,163699,4.3335,4.346,4.333,4.343,725,HG.v.0
2024-10-15 19:00:00+00:00,34,1,163699,4.3435,4.3455,4.3405,4.3455,594,HG.v.0
2024-10-15 20:00:00+00:00,34,1,163699,4.3445,4.347,4.3385,4.343,534,HG.v.0
2024-10-15 22:00:00+00:00,34,1,163699,4.3415,4.3445,4.339,4.343,369,HG.v.0
2024-10-15 23:00:00+00:00,34,1,163699,4.3435,4.3465,4.3385,4.3395,294,HG.v.0
2024-10-16 00:00:00+00:00,34,1,163699,4.339,4.3405,4.3295,4.3355,645,HG.v.0
2024-10-16 01:00:00+00:00,34,1,163699,4.335,4.356,4.333,4.3555,1655,HG.v.0
2024-10-16 02:00:00+00:00,34,1,163699,4.356,4.3595,4.3405,4.359,1534,HG.v.0
2024-10-16 03:00:00+00:00,34,1,163699,4.358,4.3675,4.3535,4.3585,996,HG.v.0
2024-10-16 04:00:00+00:00,34,1,163699,4.3585,4.364,4.3515,4.3635,452,HG.v.0
2024-10-16 05:00:00+00:00,34,1,163699,4.363,4.363,4.348,4.3535,1317,HG.v.0
2024-10-16 06:00:00+00:00,34,1,163699,4.353,4.3615,4.343,4.3615,1736,HG.v.0
2024-10-16 07:00:00+00:00,34,1,163699,4.362,4.391,4.3515,4.3815,3409,HG.v.0
2024-10-16 08:00:00+00:00,34,1,163699,4.3815,4.387,4.3655,4.374,2344,HG.v.0
2024-10-16 09:00:00+00:00,34,1,163699,4.3745,4.387,4.3715,4.3825,1182,HG.v.0
2024-10-16 10:00:00+00:00,34,1,163699,4.3835,4.395,4.379,4.3805,1594,HG.v.0
2024-10-16 11:00:00+00:00,34,1,163699,4.381,4.389,4.38,4.3875,1185,HG.v.0
2024-10-16 12:00:00+00:00,34,1,163699,4.3875,4.388,4.372,4.3745,2541,HG.v.0
2024-10-16 13:00:00+00:00,34,1,163699,4.375,4.388,4.368,4.374,4412,HG.v.0
2024-10-16 14:00:00+00:00,34,1,163699,4.374,4.3825,4.3535,4.368,3466,HG.v.0
2024-10-16 15:00:00+00:00,34,1,163699,4.3685,4.369,4.3475,4.3505,3335,HG.v.0
2024-10-16 16:00:00+00:00,34,1,163699,4.3515,4.3685,4.3465,4.367,3080,HG.v.0
2024-10-16 17:00:00+00:00,34,1,163699,4.367,4.3735,4.3655,4.3705,1621,HG.v.0
2024-10-16 18:00:00+00:00,34,1,163699,4.3705,4.3745,4.37,4.3715,556,HG.v.0
2024-10-16 19:00:00+00:00,34,1,163699,4.372,4.372,4.3625,4.367,748,HG.v.0
2024-10-16 20:00:00+00:00,34,1,163699,4.367,4.3685,4.365,4.368,351,HG.v.0
2024-10-16 22:00:00+00:00,34,1,163699,4.3705,4.3725,4.365,4.3655,231,HG.v.0
2024-10-16 23:00:00+00:00,34,1,163699,4.365,4.37,4.364,4.3695,194,HG.v.0
2024-10-17 00:00:00+00:00,34,1,163699,4.3695,4.3845,4.369,4.3815,948,HG.v.0
2024-10-17 01:00:00+00:00,34,1,163699,4.3815,4.3975,4.3755,4.39,1755,HG.v.0
2024-10-17 02:00:00+00:00,34,1,163699,4.39,4.4135,4.354,4.37,6535,HG.v.0
2024-10-17 03:00:00+00:00,34,1,163699,4.37,4.3745,4.3465,4.347,1394,HG.v.0
2024-10-17 04:00:00+00:00,34,1,163699,4.347,4.349,4.343,4.3465,711,HG.v.0
2024-10-17 05:00:00+00:00,34,1,163699,4.347,4.3545,4.343,4.3465,1139,HG.v.0
2024-10-17 06:00:00+00:00,34,1,163699,4.3455,4.3475,4.31,4.316,4754,HG.v.0
2024-10-17 07:00:00+00:00,34,1,163699,4.315,4.317,4.2945,4.2995,3441,HG.v.0
2024-10-17 08:00:00+00:00,34,1,163699,4.3,4.3125,4.2915,4.3125,2766,HG.v.0
2024-10-17 09:00:00+00:00,34,1,163699,4.312,4.32,4.3025,4.303,1286,HG.v.0
2024-10-17 10:00:00+00:00,34,1,163699,4.303,4.328,4.3025,4.3255,1422,HG.v.0
2024-10-17 11:00:00+00:00,34,1,163699,4.326,4.3435,4.3255,4.336,3096,HG.v.0
2024-10-17 12:00:00+00:00,34,1,163699,4.337,4.341,4.3265,4.3315,3291,HG.v.0
2024-10-17 13:00:00+00:00,34,1,163699,4.3315,4.3505,4.3215,4.343,6315,HG.v.0
2024-10-17 14:00:00+00:00,34,1,163699,4.3435,4.3535,4.3345,4.3445,4182,HG.v.0
2024-10-17 15:00:00+00:00,34,1,163699,4.3445,4.345,4.3275,4.3305,3059,HG.v.0
2024-10-17 16:00:00+00:00,34,1,163699,4.3305,4.3315,4.312,4.326,3801,HG.v.0
2024-10-17 17:00:00+00:00,34,1,163699,4.3265,4.333,4.32,4.3305,897,HG.v.0
2024-10-17 18:00:00+00:00,34,1,163699,4.3305,4.3315,4.3265,4.3285,364,HG.v.0
2024-10-17 19:00:00+00:00,34,1,163699,4.3285,4.3345,4.3275,4.332,598,HG.v.0
2024-10-17 20:00:00+00:00,34,1,163699,4.332,4.3335,4.33,4.3335,307,HG.v.0
2024-10-17 22:00:00+00:00,34,1,163699,4.3335,4.3345,4.33,4.3325,270,HG.v.0
2024-10-17 23:00:00+00:00,34,1,163699,4.332,4.341,4.3315,4.338,274,HG.v.0
2024-10-18 00:00:00+00:00,34,1,163699,4.338,4.3415,4.326,4.3335,870,HG.v.0
2024-10-18 01:00:00+00:00,34,1,163699,4.3335,4.3485,4.3315,4.3415,1355,HG.v.0
2024-10-18 02:00:00+00:00,34,1,163699,4.3425,4.375,4.3405,4.363,3024,HG.v.0
2024-10-18 03:00:00+00:00,34,1,163699,4.3625,4.364,4.3515,4.357,573,HG.v.0
2024-10-18 04:00:00+00:00,34,1,163699,4.3565,4.363,4.356,4.36,214,HG.v.0
2024-10-18 05:00:00+00:00,34,1,163699,4.3605,4.393,4.3605,4.391,2183,HG.v.0
2024-10-18 06:00:00+00:00,34,1,163699,4.39,4.4035,4.3795,4.388,3014,HG.v.0
2024-10-18 07:00:00+00:00,34,1,163699,4.3885,4.407,4.386,4.393,2410,HG.v.0
2024-10-18 08:00:00+00:00,34,1,163699,4.3915,4.396,4.3725,4.374,1481,HG.v.0
2024-10-18 09:00:00+00:00,34,1,163699,4.374,4.3825,4.372,4.373,1163,HG.v.0
2024-10-18 10:00:00+00:00,34,1,163699,4.373,4.388,4.366,4.385,963,HG.v.0
2024-10-18 11:00:00+00:00,34,1,163699,4.385,4.3925,4.3825,4.3895,1297,HG.v.0
2024-10-18 12:00:00+00:00,34,1,163699,4.389,4.413,4.3835,4.4085,4401,HG.v.0
2024-10-18 13:00:00+00:00,34,1,163699,4.4085,4.409,4.381,4.383,4801,HG.v.0
2024-10-18 14:00:00+00:00,34,1,163699,4.383,4.383,4.37,4.373,3355,HG.v.0
2024-10-18 15:00:00+00:00,34,1,163699,4.373,4.392,4.3715,4.377,3671,HG.v.0
2024-10-18 16:00:00+00:00,34,1,163699,4.3775,4.3895,4.376,4.3855,2171,HG.v.0
2024-10-18 17:00:00+00:00,34,1,163699,4.3855,4.391,4.3845,4.3875,1241,HG.v.0
2024-10-18 18:00:00+00:00,34,1,163699,4.388,4.393,4.3875,4.3915,755,HG.v.0
2024-10-18 19:00:00+00:00,34,1,163699,4.392,4.3965,4.3905,4.3945,608,HG.v.0
2024-10-18 20:00:00+00:00,34,1,163699,4.3945,4.3955,4.3915,4.392,384,HG.v.0
2024-10-20 22:00:00+00:00,34,1,163699,4.3895,4.4065,4.389,4.4025,867,HG.v.0
2024-10-20 23:00:00+00:00,34,1,163699,4.403,4.4085,4.402,4.4055,408,HG.v.0
2024-10-21 00:00:00+00:00,34,1,163699,4.4055,4.4085,4.394,4.3985,781,HG.v.0
2024-10-21 01:00:00+00:00,34,1,163699,4.398,4.4255,4.3915,4.414,3217,HG.v.0
2024-10-21 02:00:00+00:00,34,1,163699,4.4135,4.4405,4.412,4.4355,2164,HG.v.0
2024-10-21 03:00:00+00:00,34,1,163699,4.434,4.4475,4.431,4.4455,947,HG.v.0
2024-10-21 04:00:00+00:00,34,1,163699,4.445,4.4495,4.4405,4.447,593,HG.v.0
2024-10-21 05:00:00+00:00,34,1,163699,4.447,4.457,4.428,4.43,2222,HG.v.0
2024-10-21 06:00:00+00:00,34,1,163699,4.429,4.433,4.4155,4.4305,1819,HG.v.0
2024-10-21 07:00:00+00:00,34,1,163699,4.429,4.447,4.428,4.4385,1939,HG.v.0
2024-10-21 08:00:00+00:00,34,1,163699,4.439,4.4495,4.437,4.4415,1309,HG.v.0
2024-10-21 09:00:00+00:00,34,1,163699,4.441,4.4455,4.423,4.4235,1685,HG.v.0
2024-10-21 10:00:00+00:00,34,1,163699,4.424,4.433,4.4205,4.4275,729,HG.v.0
2024-10-21 11:00:00+00:00,34,1,163699,4.428,4.441,4.4145,4.426,2513,HG.v.0
2024-10-21 12:00:00+00:00,34,1,163699,4.426,4.4275,4.412,4.4195,2943,HG.v.0
2024-10-21 13:00:00+00:00,34,1,163699,4.42,4.4295,4.4045,4.4125,4472,HG.v.0
2024-10-21 14:00:00+00:00,34,1,163699,4.412,4.412,4.368,4.3725,7998,HG.v.0
2024-10-21 15:00:00+00:00,34,1,163699,4.3725,4.373,4.3475,4.3555,5993,HG.v.0
2024-10-21 16:00:00+00:00,34,1,163699,4.356,4.3605,4.349,4.359,2712,HG.v.0
2024-10-21 17:00:00+00:00,34,1,163699,4.3585,4.3615,4.353,4.357,1357,HG.v.0
2024-10-21 18:00:00+00:00,34,1,163699,4.357,4.359,4.3495,4.351,488,HG.v.0
2024-10-21 19:00:00+00:00,34,1,163699,4.351,4.364,4.351,4.3625,453,HG.v.0
2024-10-21 20:00:00+00:00,34,1,163699,4.3625,4.364,4.3585,4.36,375,HG.v.0
2024-10-21 22:00:00+00:00,34,1,163699,4.359,4.361,4.358,4.36,256,HG.v.0
2024-10-21 23:00:00+00:00,34,1,163699,4.36,4.36,4.3565,4.3575,175,HG.v.0
2024-10-22 00:00:00+00:00,34,1,163699,4.358,4.361,4.3515,4.3555,583,HG.v.0
2024-10-22 01:00:00+00:00,34,1,163699,4.355,4.37,4.343,4.3605,2599,HG.v.0
2024-10-22 02:00:00+00:00,34,1,163699,4.3595,4.374,4.3525,4.3715,1431,HG.v.0
2024-10-22 03:00:00+00:00,34,1,163699,4.37,4.387,4.369,4.385,1211,HG.v.0
2024-10-22 04:00:00+00:00,34,1,163699,4.385,4.3975,4.385,4.396,977,HG.v.0
2024-10-22 05:00:00+00:00,34,1,163699,4.397,4.3975,4.3695,4.3805,1916,HG.v.0
2024-10-22 06:00:00+00:00,34,1,163699,4.3805,4.397,4.3775,4.392,1413,HG.v.0
2024-10-22 07:00:00+00:00,34,1,163699,4.3915,4.407,4.387,4.39,2107,HG.v.0
2024-10-22 08:00:00+00:00,34,1,163699,4.3895,4.3955,4.3775,4.3825,1259,HG.v.0
2024-10-22 09:00:00+00:00,34,1,163699,4.3815,4.389,4.3785,4.3865,783,HG.v.0
2024-10-22 10:00:00+00:00,34,1,163699,4.3865,4.3995,4.3855,4.397,1094,HG.v.0
2024-10-22 11:00:00+00:00,34,1,163699,4.398,4.404,4.3855,4.386,2351,HG.v.0
2024-10-22 12:00:00+00:00,34,1,163699,4.386,4.4055,4.383,4.391,2763,HG.v.0
2024-10-22 13:00:00+00:00,34,1,163699,4.3915,4.403,4.385,4.3875,3860,HG.v.0
2024-10-22 14:00:00+00:00,34,1,163699,4.3875,4.3945,4.3785,4.381,3759,HG.v.0
2024-10-22 15:00:00+00:00,34,1,163699,4.381,4.386,4.3715,4.3745,3288,HG.v.0
2024-10-22 16:00:00+00:00,34,1,163699,4.3745,4.382,4.3735,4.381,2204,HG.v.0
2024-10-22 17:00:00+00:00,34,1,163699,4.3805,4.391,4.3805,4.39,1350,HG.v.0
2024-10-22 18:00:00+00:00,34,1,163699,4.3895,4.39,4.38,4.383,535,HG.v.0
2024-10-22 19:00:00+00:00,34,1,163699,4.383,4.392,4.3825,4.387,787,HG.v.0
2024-10-22 20:00:00+00:00,34,1,163699,4.3865,4.3885,4.3835,4.3885,266,HG.v.0
2024-10-22 22:00:00+00:00,34,1,163699,4.3875,4.3875,4.382,4.385,177,HG.v.0
2024-10-22 23:00:00+00:00,34,1,163699,4.385,4.3875,4.3835,4.386,265,HG.v.0
2024-10-23 00:00:00+00:00,34,1,163699,4.387,4.388,4.3655,4.368,939,HG.v.0
2024-10-23 01:00:00+00:00,34,1,163699,4.368,4.377,4.352,4.358,2031,HG.v.0
2024-10-23 02:00:00+00:00,34,1,163699,4.3565,4.367,4.356,4.3645,1449,HG.v.0
2024-10-23 03:00:00+00:00,34,1,163699,4.364,4.378,4.364,4.374,767,HG.v.0
2024-10-23 04:00:00+00:00,34,1,163699,4.3735,4.3775,4.368,4.376,372,HG.v.0
2024-10-23 05:00:00+00:00,34,1,163699,4.3755,4.396,4.3705,4.3885,1749,HG.v.0
2024-10-23 06:00:00+00:00,34,1,163699,4.388,4.3885,4.3555,4.362,1737,HG.v.0
2024-10-23 07:00:00+00:00,34,1,163699,4.362,4.3635,4.3355,4.3385,2920,HG.v.0
2024-10-23 08:00:00+00:00,34,1,163699,4.3385,4.358,4.333,4.345,1845,HG.v.0
2024-10-23 09:00:00+00:00,34,1,163699,4.345,4.349,4.3395,4.344,897,HG.v.0
2024-10-23 10:00:00+00:00,34,1,163699,4.3445,4.352,4.338,4.3405,844,HG.v.0
2024-10-23 11:00:00+00:00,34,1,163699,4.341,4.3485,4.321,4.326,2309,HG.v.0
2024-10-23 12:00:00+00:00,34,1,163699,4.3265,4.327,4.31,4.3225,5081,HG.v.0
2024-10-23 13:00:00+00:00,34,1,163699,4.322,4.343,4.319,4.334,4974,HG.v.0
2024-10-23 14:00:00+00:00,34,1,163699,4.334,4.353,4.329,4.3445,4492,HG.v.0
2024-10-23 15:00:00+00:00,34,1,163699,4.344,4.3475,4.327,4.345,3531,HG.v.0
2024-10-23 16:00:00+00:00,34,1,163699,4.3445,4.345,4.3315,4.3365,2320,HG.v.0
2024-10-23 17:00:00+00:00,34,1,163699,4.3365,4.3365,4.328,4.3285,1228,HG.v.0
2024-10-23 18:00:00+00:00,34,1,163699,4.328,4.3335,4.322,4.3305,1247,HG.v.0
2024-10-23 19:00:00+00:00,34,1,163699,4.33,4.33,4.32,4.328,1278,HG.v.0
2024-10-23 20:00:00+00:00,34,1,163699,4.328,4.336,4.327,4.3325,496,HG.v.0
2024-10-23 22:00:00+00:00,34,1,163699,4.3335,4.334,4.3275,4.333,269,HG.v.0
2024-10-23 23:00:00+00:00,34,1,163699,4.3335,4.339,4.333,4.335,239,HG.v.0
2024-10-24 00:00:00+00:00,34,1,163699,4.3345,4.3565,4.3315,4.354,1017,HG.v.0
2024-10-24 01:00:00+00:00,34,1,163699,4.354,4.356,4.3405,4.347,1240,HG.v.0
2024-10-24 02:00:00+00:00,34,1,163699,4.3455,4.361,4.3395,4.3605,1330,HG.v.0
2024-10-24 03:00:00+00:00,34,1,163699,4.3605,4.365,4.3565,4.3625,697,HG.v.0
2024-10-24 04:00:00+00:00,34,1,163699,4.3625,4.368,4.362,4.3665,434,HG.v.0
2024-10-24 05:00:00+00:00,34,1,163699,4.3665,4.3665,4.3555,4.357,884,HG.v.0
2024-10-24 06:00:00+00:00,34,1,163699,4.3575,4.3825,4.3565,4.3795,2141,HG.v.0
2024-10-24 07:00:00+00:00,34,1,163699,4.3795,4.3995,4.375,4.395,3301,HG.v.0
2024-10-24 08:00:00+00:00,34,1,163699,4.394,4.3975,4.381,4.384,1910,HG.v.0
2024-10-24 09:00:00+00:00,34,1,163699,4.3835,4.3845,4.375,4.378,1186,HG.v.0
2024-10-24 10:00:00+00:00,34,1,163699,4.378,4.3795,4.355,4.3555,1587,HG.v.0
2024-10-24 11:00:00+00:00,34,1,163699,4.355,4.3655,4.352,4.361,1574,HG.v.0
2024-10-24 12:00:00+00:00,34,1,163699,4.361,4.375,4.3485,4.363,3703,HG.v.0
2024-10-24 13:00:00+00:00,34,1,163699,4.3625,4.3685,4.344,4.3525,5089,HG.v.0
2024-10-24 14:00:00+00:00,34,1,163699,4.3525,4.355,4.3285,4.3355,5196,HG.v.0
2024-10-24 15:00:00+00:00,34,1,163699,4.335,4.338,4.3225,4.3315,3499,HG.v.0
2024-10-24 16:00:00+00:00,34,1,163699,4.332,4.353,4.3255,4.3505,4537,HG.v.0
2024-10-24 17:00:00+00:00,34,1,163699,4.35,4.362,4.349,4.361,1794,HG.v.0
2024-10-24 18:00:00+00:00,34,1,163699,4.361,4.367,4.359,4.3655,1200,HG.v.0
2024-10-24 19:00:00+00:00,34,1,163699,4.365,4.369,4.363,4.367,509,HG.v.0
2024-10-24 20:00:00+00:00,34,1,163699,4.367,4.371,4.3635,4.366,654,HG.v.0
2024-10-24 22:00:00+00:00,34,1,163699,4.364,4.368,4.3635,4.3655,239,HG.v.0
2024-10-24 23:00:00+00:00,34,1,163699,4.3655,4.366,4.3635,4.365,95,HG.v.0
2024-10-25 00:00:00+00:00,34,1,163699,4.365,4.369,4.364,4.3655,535,HG.v.0
2024-10-25 01:00:00+00:00,34,1,163699,4.3655,4.373,4.353,4.354,1800,HG.v.0
2024-10-25 02:00:00+00:00,34,1,163699,4.354,4.376,4.3505,4.3585,1534,HG.v.0
2024-10-25 03:00:00+00:00,34,1,163699,4.358,4.3605,4.344,4.347,690,HG.v.0
2024-10-25 04:00:00+00:00,34,1,163699,4.347,4.3475,4.341,4.346,367,HG.v.0
2024-10-25 05:00:00+00:00,34,1,163699,4.345,4.3565,4.3415,4.349,1136,HG.v.0
2024-10-25 06:00:00+00:00,34,1,163699,4.3495,4.3495,4.332,4.346,1333,HG.v.0
2024-10-25 07:00:00+00:00,34,1,163699,4.3465,4.3495,4.325,4.337,3094,HG.v.0
2024-10-25 08:00:00+00:00,34,1,163699,4.3375,4.3425,4.3265,4.3305,1625,HG.v.0
2024-10-25 09:00:00+00:00,34,1,163699,4.331,4.3445,4.33,4.336,974,HG.v.0
2024-10-25 10:00:00+00:00,34,1,163699,4.3365,4.343,4.3255,4.3325,1364,HG.v.0
2024-10-25 11:00:00+00:00,34,1,163699,4.332,4.3455,4.329,4.341,2050,HG.v.0
2024-10-25 12:00:00+00:00,34,1,163699,4.341,4.3575,4.3385,4.3575,2366,HG.v.0
2024-10-25 13:00:00+00:00,34,1,163699,4.3575,4.37,4.353,4.3635,4564,HG.v.0
2024-10-25 14:00:00+00:00,34,1,163699,4.364,4.389,4.3635,4.3865,5561,HG.v.0
2024-10-25 15:00:00+00:00,34,1,163699,4.3865,4.387,4.376,4.38,3170,HG.v.0
2024-10-25 16:00:00+00:00,34,1,163699,4.38,4.381,4.37,4.371,3083,HG.v.0
2024-10-25 17:00:00+00:00,34,1,163699,4.3715,4.373,4.3645,4.367,1177,HG.v.0
2024-10-25 18:00:00+00:00,34,1,163699,4.367,4.372,4.3635,4.369,804,HG.v.0
2024-10-25 19:00:00+00:00,34,1,163699,4.369,4.3705,4.3635,4.366,718,HG.v.0
2024-10-25 20:00:00+00:00,34,1,163699,4.366,4.37,4.3655,4.37,426,HG.v.0
2024-10-27 22:00:00+00:00,34,1,163699,4.3695,4.3835,4.3605,4.3815,976,HG.v.0
2024-10-27 23:00:00+00:00,34,1,163699,4.3815,4.3845,4.376,4.376,370,HG.v.0
2024-10-28 00:00:00+00:00,34,1,163699,4.375,4.38,4.364,4.3645,696,HG.v.0
2024-10-28 01:00:00+00:00,34,1,163699,4.365,4.368,4.3475,4.3555,2113,HG.v.0
2024-10-28 02:00:00+00:00,34,1,163699,4.356,4.363,4.352,4.3605,1462,HG.v.0
2024-10-28 03:00:00+00:00,34,1,163699,4.36,4.3615,4.3345,4.3375,1143,HG.v.0
2024-10-28 04:00:00+00:00,34,1,163699,4.3375,4.344,4.333,4.3425,566,HG.v.0
2024-10-28 05:00:00+00:00,34,1,163699,4.342,4.3595,4.342,4.3565,648,HG.v.0
2024-10-28 06:00:00+00:00,34,1,163699,4.3565,4.3745,4.355,4.374,1158,HG.v.0
2024-10-28 07:00:00+00:00,34,1,163699,4.3735,4.3825,4.365,4.3665,1843,HG.v.0
2024-10-28 08:00:00+00:00,34,1,163699,4.367,4.374,4.3565,4.3635,1226,HG.v.0
2024-10-28 09:00:00+00:00,34,1,163699,4.3635,4.3635,4.342,4.347,1255,HG.v.0
2024-10-28 10:00:00+00:00,34,1,163699,4.3465,4.3735,4.3455,4.368,1004,HG.v.0
2024-10-28 11:00:00+00:00,34,1,163699,4.368,4.3705,4.353,4.3535,899,HG.v.0
2024-10-28 12:00:00+00:00,34,1,163699,4.353,4.3595,4.3485,4.354,2493,HG.v.0
2024-10-28 13:00:00+00:00,34,1,163699,4.3545,4.368,4.3455,4.366,3297,HG.v.0
2024-10-28 14:00:00+00:00,34,1,163699,4.3665,4.379,4.3585,4.372,2785,HG.v.0
2024-10-28 15:00:00+00:00,34,1,163699,4.373,4.375,4.352,4.353,3404,HG.v.0
2024-10-28 16:00:00+00:00,34,1,163699,4.353,4.3635,4.3525,4.3625,3687,HG.v.0
2024-10-28 17:00:00+00:00,34,1,163699,4.3625,4.3655,4.3595,4.3635,1733,HG.v.0
2024-10-28 18:00:00+00:00,34,1,163699,4.363,4.3675,4.3615,4.3645,534,HG.v.0
2024-10-28 19:00:00+00:00,34,1,163699,4.364,4.3695,4.3615,4.368,693,HG.v.0
2024-10-28 20:00:00+00:00,34,1,163699,4.3685,4.3685,4.3645,4.366,310,HG.v.0
2024-10-28 22:00:00+00:00,34,1,163699,4.368,4.3685,4.3625,4.3625,151,HG.v.0
2024-10-28 23:00:00+00:00,34,1,163699,4.3625,4.3635,4.3595,4.363,162,HG.v.0
2024-10-29 00:00:00+00:00,34,1,163699,4.363,4.365,4.354,4.3585,448,HG.v.0
2024-10-29 01:00:00+00:00,34,1,163699,4.3585,4.361,4.3455,4.3545,1867,HG.v.0
2024-10-29 02:00:00+00:00,34,1,163699,4.354,4.3705,4.346,4.356,1834,HG.v.0
2024-10-29 03:00:00+00:00,34,1,163699,4.3555,4.3565,4.332,4.335,1956,HG.v.0
2024-10-29 04:00:00+00:00,34,1,163699,4.335,4.34,4.3305,4.3395,817,HG.v.0
2024-10-29 05:00:00+00:00,34,1,163699,4.339,4.3445,4.3345,4.342,927,HG.v.0
2024-10-29 06:00:00+00:00,34,1,163699,4.343,4.35,4.3405,4.3465,849,HG.v.0
2024-10-29 07:00:00+00:00,34,1,163699,4.3465,4.3615,4.3405,4.3565,1204,HG.v.0
2024-10-29 08:00:00+00:00,34,1,163699,4.3565,4.404,4.3405,4.3935,9497,HG.v.0
2024-10-29 09:00:00+00:00,34,1,163699,4.394,4.43,4.393,4.4115,4825,HG.v.0
2024-10-29 10:00:00+00:00,34,1,163699,4.4115,4.419,4.4075,4.417,1837,HG.v.0
2024-10-29 11:00:00+00:00,34,1,163699,4.4185,4.4245,4.405,4.406,3466,HG.v.0
2024-10-29 12:00:00+00:00,34,1,163699,4.406,4.4075,4.353,4.3615,9286,HG.v.0
2024-10-29 13:00:00+00:00,34,1,163699,4.3605,4.3825,4.3585,4.367,7438,HG.v.0
2024-10-29 14:00:00+00:00,34,1,163699,4.3675,4.3825,4.353,4.355,5226,HG.v.0
2024-10-29 15:00:00+00:00,34,1,163699,4.355,4.3575,4.3435,4.355,3692,HG.v.0
2024-10-29 16:00:00+00:00,34,1,163699,4.3545,4.3615,4.351,4.3595,3203,HG.v.0
2024-10-29 17:00:00+00:00,34,1,163699,4.3595,4.3645,4.3505,4.3565,1392,HG.v.0
2024-10-29 18:00:00+00:00,34,1,163699,4.3565,4.3625,4.3565,4.362,742,HG.v.0
2024-10-29 19:00:00+00:00,34,1,163699,4.3625,4.364,4.3595,4.364,543,HG.v.0
2024-10-29 20:00:00+00:00,34,1,163699,4.363,4.365,4.361,4.365,291,HG.v.0
2024-10-29 22:00:00+00:00,34,1,163699,4.365,4.3675,4.363,4.367,289,HG.v.0
2024-10-29 23:00:00+00:00,34,1,163699,4.367,4.3695,4.364,4.3685,187,HG.v.0
2024-10-30 00:00:00+00:00,34,1,163699,4.368,4.3745,4.3665,4.368,603,HG.v.0
2024-10-30 01:00:00+00:00,34,1,163699,4.368,4.378,4.3645,4.3745,1774,HG.v.0
2024-10-30 02:00:00+00:00,34,1,163699,4.374,4.3785,4.3625,4.3635,927,HG.v.0
2024-10-30 03:00:00+00:00,34,1,163699,4.363,4.3675,4.348,4.3485,1142,HG.v.0
2024-10-30 04:00:00+00:00,34,1,163699,4.348,4.3505,4.3405,4.349,1043,HG.v.0
2024-10-30 05:00:00+00:00,34,1,163699,4.3485,4.3595,4.345,4.359,1078,HG.v.0
2024-10-30 06:00:00+00:00,34,1,163699,4.359,4.373,4.3565,4.37,1290,HG.v.0
2024-10-30 07:00:00+00:00,34,1,163699,4.371,4.374,4.352,4.3615,1155,HG.v.0
2024-10-30 08:00:00+00:00,34,1,163699,4.3615,4.3835,4.3585,4.3745,2048,HG.v.0
2024-10-30 09:00:00+00:00,34,1,163699,4.3745,4.377,4.353,4.3575,1518,HG.v.0
2024-10-30 10:00:00+00:00,34,1,163699,4.3575,4.36,4.339,4.3405,1497,HG.v.0
2024-10-30 11:00:00+00:00,34,1,163699,4.341,4.3415,4.3265,4.3275,2394,HG.v.0
2024-10-30 12:00:00+00:00,34,1,163699,4.3275,4.3425,4.3245,4.3335,4093,HG.v.0
2024-10-30 13:00:00+00:00,34,1,163699,4.334,4.358,4.3315,4.356,5561,HG.v.0
2024-10-30 14:00:00+00:00,34,1,163699,4.356,4.3665,4.353,4.354,3861,HG.v.0
2024-10-30 15:00:00+00:00,34,1,163699,4.3535,4.3685,4.349,4.3595,2761,HG.v.0
2024-10-30 16:00:00+00:00,34,1,163699,4.36,4.3605,4.343,4.351,3549,HG.v.0
2024-10-30 17:00:00+00:00,34,1,163699,4.3515,4.3575,4.3515,4.3555,992,HG.v.0
2024-10-30 18:00:00+00:00,34,1,163699,4.356,4.364,4.356,4.362,752,HG.v.0
2024-10-30 19:00:00+00:00,34,1,163699,4.362,4.363,4.357,4.3595,792,HG.v.0
2024-10-30 20:00:00+00:00,34,1,163699,4.3595,4.361,4.3565,4.36,399,HG.v.0
2024-10-30 22:00:00+00:00,34,1,163699,4.358,4.3595,4.3505,4.3525,203,HG.v.0
2024-10-30 23:00:00+00:00,34,1,163699,4.3525,4.3555,4.3505,4.351,112,HG.v.0
2024-10-31 00:00:00+00:00,34,1,163699,4.351,4.351,4.3455,4.3465,359,HG.v.0
2024-10-31 01:00:00+00:00,34,1,163699,4.3455,4.3565,4.3435,4.351,991,HG.v.0
2024-10-31 02:00:00+00:00,34,1,163699,4.3515,4.37,4.351,4.364,957,HG.v.0
2024-10-31 03:00:00+00:00,34,1,163699,4.365,4.372,4.359,4.3595,573,HG.v.0
2024-10-31 04:00:00+00:00,34,1,163699,4.3595,4.3625,4.3485,4.349,636,HG.v.0
2024-10-31 05:00:00+00:00,34,1,163699,4.349,4.3595,4.3425,4.358,1284,HG.v.0
2024-10-31 06:00:00+00:00,34,1,163699,4.358,4.365,4.354,4.3565,922,HG.v.0
2024-10-31 07:00:00+00:00,34,1,163699,4.3565,4.3605,4.347,4.3565,995,HG.v.0
2024-10-31 08:00:00+00:00,34,1,163699,4.3575,4.364,4.3455,4.347,1202,HG.v.0
2024-10-31 09:00:00+00:00,34,1,163699,4.346,4.3685,4.341,4.3585,2005,HG.v.0
2024-10-31 10:00:00+00:00,34,1,163699,4.3585,4.359,4.3365,4.3375,1334,HG.v.0
2024-10-31 11:00:00+00:00,34,1,163699,4.3375,4.351,4.3355,4.351,1340,HG.v.0
2024-10-31 12:00:00+00:00,34,1,163699,4.3505,4.3785,4.3505,4.373,4612,HG.v.0
2024-10-31 13:00:00+00:00,34,1,163699,4.373,4.38,4.356,4.3615,4854,HG.v.0
2024-10-31 14:00:00+00:00,34,1,163699,4.3615,4.3705,4.341,4.342,4348,HG.v.0
2024-10-31 15:00:00+00:00,34,1,163699,4.342,4.346,4.329,4.337,4535,HG.v.0
2024-10-31 16:00:00+00:00,34,1,163699,4.337,4.342,4.326,4.342,4586,HG.v.0
2024-10-31 17:00:00+00:00,34,1,163699,4.3415,4.3475,4.34,4.343,1611,HG.v.0
2024-10-31 18:00:00+00:00,34,1,163699,4.343,4.356,4.3425,4.3545,883,HG.v.0
2024-10-31 19:00:00+00:00,34,1,163699,4.3555,4.363,4.355,4.359,1082,HG.v.0
2024-10-31 20:00:00+00:00,34,1,163699,4.36,4.365,4.3595,4.365,637,HG.v.0
2024-10-31 22:00:00+00:00,34,1,163699,4.3615,4.3665,4.36,4.3625,385,HG.v.0
2024-10-31 23:00:00+00:00,34,1,163699,4.3625,4.3695,4.3625,4.3645,395,HG.v.0
2024-11-01 00:00:00+00:00,34,1,163699,4.3655,4.3725,4.364,4.369,701,HG.v.0
2024-11-01 01:00:00+00:00,34,1,163699,4.369,4.3755,4.3625,4.3685,2277,HG.v.0
2024-11-01 02:00:00+00:00,34,1,163699,4.3675,4.3695,4.356,4.3685,1088,HG.v.0
2024-11-01 03:00:00+00:00,34,1,163699,4.3675,4.386,4.3635,4.3845,1445,HG.v.0
2024-11-01 04:00:00+00:00,34,1,163699,4.385,4.3865,4.381,4.3855,609,HG.v.0
2024-11-01 05:00:00+00:00,34,1,163699,4.386,4.3875,4.3645,4.371,1087,HG.v.0
2024-11-01 06:00:00+00:00,34,1,163699,4.371,4.3725,4.3645,4.3665,520,HG.v.0
2024-11-01 07:00:00+00:00,34,1,163699,4.3655,4.3665,4.343,4.3535,2287,HG.v.0
2024-11-01 08:00:00+00:00,34,1,163699,4.353,4.3635,4.35,4.359,1422,HG.v.0
2024-11-01 09:00:00+00:00,34,1,163699,4.359,4.3805,4.3575,4.3665,1785,HG.v.0
2024-11-01 10:00:00+00:00,34,1,163699,4.367,4.368,4.356,4.363,777,HG.v.0
2024-11-01 11:00:00+00:00,34,1,163699,4.3635,4.3645,4.35,4.36,975,HG.v.0
2024-11-01 12:00:00+00:00,34,1,163699,4.3595,4.3965,4.349,4.393,6836,HG.v.0
2024-11-01 13:00:00+00:00,34,1,163699,4.393,4.41,4.38,4.381,7161,HG.v.0
2024-11-01 14:00:00+00:00,34,1,163699,4.382,4.3865,4.346,4.3615,7944,HG.v.0
2024-11-01 15:00:00+00:00,34,1,163699,4.3615,4.369,4.355,4.362,2736,HG.v.0
2024-11-01 16:00:00+00:00,34,1,163699,4.362,4.374,4.3605,4.3705,3652,HG.v.0
2024-11-01 17:00:00+00:00,34,1,163699,4.37,4.3705,4.35,4.352,1961,HG.v.0
2024-11-01 18:00:00+00:00,34,1,163699,4.352,4.3575,4.349,4.3565,762,HG.v.0
2024-11-01 19:00:00+00:00,34,1,163699,4.3565,4.362,4.347,4.3485,813,HG.v.0
2024-11-01 20:00:00+00:00,34,1,163699,4.349,4.351,4.3445,4.346,608,HG.v.0
2024-11-03 23:00:00+00:00,34,1,163699,4.355,4.3715,4.347,4.37,3819,HG.v.0
2024-11-04 00:00:00+00:00,34,1,163699,4.369,4.3885,4.365,4.385,2214,HG.v.0
2024-11-04 01:00:00+00:00,34,1,163699,4.385,4.3935,4.3755,4.3825,2792,HG.v.0
2024-11-04 02:00:00+00:00,34,1,163699,4.3815,4.3895,4.3735,4.3865,1258,HG.v.0
2024-11-04 03:00:00+00:00,34,1,163699,4.387,4.41,4.385,4.4085,1794,HG.v.0
2024-11-04 04:00:00+00:00,34,1,163699,4.4085,4.4145,4.405,4.4095,972,HG.v.0
2024-11-04 05:00:00+00:00,34,1,163699,4.4095,4.441,4.4005,4.4395,2033,HG.v.0
2024-11-04 06:00:00+00:00,34,1,163699,4.4405,4.447,4.4325,4.436,2234,HG.v.0
2024-11-04 07:00:00+00:00,34,1,163699,4.4355,4.443,4.423,4.425,2203,HG.v.0
2024-11-04 08:00:00+00:00,34,1,163699,4.4255,4.439,4.4165,4.421,2296,HG.v.0
2024-11-04 09:00:00+00:00,34,1,163699,4.4205,4.4205,4.4015,4.415,2034,HG.v.0
2024-11-04 10:00:00+00:00,34,1,163699,4.4155,4.417,4.403,4.4125,1596,HG.v.0
2024-11-04 11:00:00+00:00,34,1,163699,4.412,4.415,4.3965,4.413,2369,HG.v.0
2024-11-04 12:00:00+00:00,34,1,163699,4.414,4.418,4.4025,4.4055,1880,HG.v.0
2024-11-04 13:00:00+00:00,34,1,163699,4.4055,4.4175,4.4005,4.413,3487,HG.v.0
2024-11-04 14:00:00+00:00,34,1,163699,4.413,4.435,4.4125,4.4235,5018,HG.v.0
2024-11-04 15:00:00+00:00,34,1,163699,4.4235,4.4485,4.418,4.4375,5111,HG.v.0
2024-11-04 16:00:00+00:00,34,1,163699,4.4385,4.445,4.419,4.424,3872,HG.v.0
2024-11-04 17:00:00+00:00,34,1,163699,4.4245,4.435,4.4145,4.4315,3407,HG.v.0
2024-11-04 18:00:00+00:00,34,1,163699,4.431,4.437,4.4275,4.4295,1702,HG.v.0
2024-11-04 19:00:00+00:00,34,1,163699,4.43,4.436,4.429,4.4345,736,HG.v.0
2024-11-04 20:00:00+00:00,34,1,163699,4.434,4.436,4.4265,4.4285,662,HG.v.0
2024-11-04 21:00:00+00:00,34,1,163699,4.4285,4.4305,4.4265,4.4305,322,HG.v.0
2024-11-04 23:00:00+00:00,34,1,163699,4.432,4.4335,4.4245,4.4275,552,HG.v.0
2024-11-05 00:00:00+00:00,34,1,163699,4.427,4.431,4.423,4.4235,717,HG.v.0
2024-11-05 01:00:00+00:00,34,1,163699,4.4235,4.4445,4.4205,4.438,1484,HG.v.0
2024-11-05 02:00:00+00:00,34,1,163699,4.4385,4.4615,4.4365,4.4545,2357,HG.v.0
2024-11-05 03:00:00+00:00,34,1,163699,4.455,4.471,4.453,4.466,1524,HG.v.0
2024-11-05 04:00:00+00:00,34,1,163699,4.467,4.4715,4.4635,4.4645,709,HG.v.0
2024-11-05 05:00:00+00:00,34,1,163699,4.4645,4.4735,4.456,4.457,1650,HG.v.0
2024-11-05 06:00:00+00:00,34,1,163699,4.4575,4.4635,4.4485,4.457,1336,HG.v.0
2024-11-05 07:00:00+00:00,34,1,163699,4.457,4.4705,4.453,4.4625,1482,HG.v.0
2024-11-05 08:00:00+00:00,34,1,163699,4.4625,4.47,4.441,4.449,2723,HG.v.0
2024-11-05 09:00:00+00:00,34,1,163699,4.4485,4.468,4.4485,4.466,1933,HG.v.0
2024-11-05 10:00:00+00:00,34,1,163699,4.466,4.478,4.459,4.476,1867,HG.v.0
2024-11-05 11:00:00+00:00,34,1,163699,4.4765,4.489,4.4685,4.4695,3081,HG.v.0
2024-11-05 12:00:00+00:00,34,1,163699,4.4695,4.472,4.4565,4.458,1728,HG.v.0
2024-11-05 13:00:00+00:00,34,1,163699,4.4575,4.492,4.4565,4.479,7084,HG.v.0
2024-11-05 14:00:00+00:00,34,1,163699,4.48,4.493,4.472,4.481,5305,HG.v.0
2024-11-05 15:00:00+00:00,34,1,163699,4.48,4.481,4.4635,4.48,4509,HG.v.0
2024-11-05 16:00:00+00:00,34,1,163699,4.4805,4.484,4.4595,4.462,3660,HG.v.0
2024-11-05 17:00:00+00:00,34,1,163699,4.4625,4.477,4.4605,4.4755,3452,HG.v.0
2024-11-05 18:00:00+00:00,34,1,163699,4.475,4.4775,4.4655,4.4675,1664,HG.v.0
2024-11-05 19:00:00+00:00,34,1,163699,4.467,4.467,4.458,4.458,815,HG.v.0
2024-11-05 20:00:00+00:00,34,1,163699,4.458,4.4605,4.4515,4.46,951,HG.v.0
2024-11-05 21:00:00+00:00,34,1,163699,4.4605,4.4655,4.459,4.462,430,HG.v.0
2024-11-05 23:00:00+00:00,34,1,163699,4.467,4.467,4.452,4.457,486,HG.v.0
2024-11-06 00:00:00+00:00,34,1,163699,4.4565,4.4565,4.4105,4.422,3187,HG.v.0
2024-11-06 01:00:00+00:00,34,1,163699,4.4225,4.44,4.412,4.434,4387,HG.v.0
2024-11-06 02:00:00+00:00,34,1,163699,4.434,4.442,4.3855,4.3905,6097,HG.v.0
2024-11-06 03:00:00+00:00,34,1,163699,4.3905,4.3905,4.3565,4.359,6540,HG.v.0
2024-11-06 04:00:00+00:00,34,1,163699,4.358,4.37,4.35,4.358,3337,HG.v.0
2024-11-06 05:00:00+00:00,34,1,163699,4.3575,4.381,4.356,4.3635,3606,HG.v.0
2024-11-06 06:00:00+00:00,34,1,163699,4.3635,4.3715,4.3405,4.3515,5861,HG.v.0
2024-11-06 07:00:00+00:00,34,1,163699,4.352,4.3935,4.3515,4.389,3330,HG.v.0
2024-11-06 08:00:00+00:00,34,1,163699,4.389,4.398,4.371,4.3955,3317,HG.v.0
2024-11-06 09:00:00+00:00,34,1,163699,4.395,4.396,4.354,4.3705,2759,HG.v.0
2024-11-06 10:00:00+00:00,34,1,163699,4.3695,4.3695,4.352,4.3555,1824,HG.v.0
2024-11-06 11:00:00+00:00,34,1,163699,4.355,4.358,4.306,4.316,5463,HG.v.0
2024-11-06 12:00:00+00:00,34,1,163699,4.3155,4.324,4.283,4.291,6779,HG.v.0
2024-11-06 13:00:00+00:00,34,1,163699,4.29,4.293,4.2555,4.2635,12810,HG.v.0
2024-11-06 14:00:00+00:00,34,1,163699,4.2635,4.2695,4.2505,4.252,6578,HG.v.0
2024-11-06 15:00:00+00:00,34,1,163699,4.252,4.281,4.252,4.279,7574,HG.v.0
2024-11-06 16:00:00+00:00,34,1,163699,4.2795,4.2885,4.2605,4.272,6046,HG.v.0
2024-11-06 17:00:00+00:00,34,1,163699,4.272,4.272,4.242,4.249,6380,HG.v.0
2024-11-06 18:00:00+00:00,34,1,163699,4.2485,4.254,4.241,4.252,3559,HG.v.0
2024-11-06 19:00:00+00:00,34,1,163699,4.251,4.2535,4.237,4.2405,1393,HG.v.0
2024-11-06 20:00:00+00:00,34,1,163699,4.2405,4.242,4.226,4.2365,1800,HG.v.0
2024-11-06 21:00:00+00:00,34,1,163699,4.237,4.239,4.2345,4.2385,409,HG.v.0
2024-11-06 23:00:00+00:00,34,1,163699,4.239,4.245,4.236,4.239,611,HG.v.0
2024-11-07 00:00:00+00:00,34,1,163699,4.239,4.25,4.239,4.2475,808,HG.v.0
2024-11-07 01:00:00+00:00,34,1,163699,4.248,4.2855,4.2475,4.284,6286,HG.v.0
2024-11-07 02:00:00+00:00,34,1,163699,4.2845,4.3045,4.284,4.3015,3850,HG.v.0
2024-11-07 03:00:00+00:00,34,1,163699,4.3015,4.314,4.2975,4.308,1601,HG.v.0
2024-11-07 04:00:00+00:00,34,1,163699,4.3075,4.308,4.2965,4.302,869,HG.v.0
2024-11-07 05:00:00+00:00,34,1,163699,4.3015,4.3195,4.2995,4.3155,1899,HG.v.0
2024-11-07 06:00:00+00:00,34,1,163699,4.315,4.3175,4.3005,4.3135,1980,HG.v.0
2024-11-07 07:00:00+00:00,34,1,163699,4.3135,4.3325,4.31,4.328,2517,HG.v.0
2024-11-07 08:00:00+00:00,34,1,163699,4.3285,4.3495,4.3265,4.3475,3580,HG.v.0
2024-11-07 09:00:00+00:00,34,1,163699,4.3465,4.357,4.3375,4.339,3021,HG.v.0
2024-11-07 10:00:00+00:00,34,1,163699,4.339,4.3535,4.339,4.3445,1594,HG.v.0
2024-11-07 11:00:00+00:00,34,1,163699,4.344,4.346,4.3275,4.3315,2015,HG.v.0
2024-11-07 12:00:00+00:00,34,1,163699,4.332,4.355,4.3315,4.355,2673,HG.v.0
2024-11-07 13:00:00+00:00,34,1,163699,4.3555,4.4185,4.3535,4.4065,14286,HG.v.0
2024-11-07 14:00:00+00:00,34,1,163699,4.4065,4.4305,4.399,4.4265,7799,HG.v.0
2024-11-07 15:00:00+00:00,34,1,163699,4.426,4.4325,4.4145,4.4175,6703,HG.v.0
2024-11-07 16:00:00+00:00,34,1,163699,4.418,4.426,4.409,4.4255,3708,HG.v.0
2024-11-07 17:00:00+00:00,34,1,163699,4.4255,4.4365,4.423,4.429,5606,HG.v.0
2024-11-07 18:00:00+00:00,34,1,163699,4.4295,4.435,4.4225,4.4315,2140,HG.v.0
2024-11-07 19:00:00+00:00,34,1,163699,4.4315,4.4465,4.422,4.4285,2139,HG.v.0
2024-11-07 20:00:00+00:00,34,1,163699,4.4295,4.4445,4.4295,4.437,1075,HG.v.0
2024-11-07 21:00:00+00:00,34,1,163699,4.4375,4.441,4.435,4.4365,348,HG.v.0
2024-11-07 23:00:00+00:00,34,1,163699,4.439,4.439,4.43,4.431,374,HG.v.0
2024-11-08 00:00:00+00:00,34,1,163699,4.4315,4.4355,4.419,4.4245,504,HG.v.0
2024-11-08 01:00:00+00:00,34,1,163699,4.4245,4.43,4.4115,4.417,2242,HG.v.0
2024-11-08 02:00:00+00:00,34,1,163699,4.417,4.4215,4.404,4.408,1972,HG.v.0
2024-11-08 03:00:00+00:00,34,1,163699,4.4075,4.412,4.385,4.39,2076,HG.v.0
2024-11-08 04:00:00+00:00,34,1,163699,4.39,4.399,4.3865,4.395,672,HG.v.0
2024-11-08 05:00:00+00:00,34,1,163699,4.396,4.407,4.3945,4.401,1348,HG.v.0
2024-11-08 06:00:00+00:00,34,1,163699,4.4,4.4005,4.377,4.3885,2181,HG.v.0
2024-11-08 07:00:00+00:00,34,1,163699,4.3885,4.3945,4.3825,4.3925,1163,HG.v.0
2024-11-08 08:00:00+00:00,34,1,163699,4.393,4.397,4.3075,4.356,16239,HG.v.0
2024-11-08 09:00:00+00:00,34,1,163699,4.3565,4.379,4.35,4.3525,2852,HG.v.0
2024-11-08 10:00:00+00:00,34,1,163699,4.352,4.352,4.3255,4.334,2440,HG.v.0
2024-11-08 11:00:00+00:00,34,1,163699,4.334,4.346,4.331,4.335,1795,HG.v.0
2024-11-08 12:00:00+00:00,34,1,163699,4.335,4.3365,4.315,4.3275,3211,HG.v.0
2024-11-08 13:00:00+00:00,34,1,163699,4.3265,4.3445,4.3255,4.3325,4726,HG.v.0
2024-11-08 14:00:00+00:00,34,1,163699,4.3325,4.346,4.3255,4.33,3883,HG.v.0
2024-11-08 15:00:00+00:00,34,1,163699,4.3295,4.334,4.317,4.326,3692,HG.v.0
2024-11-08 16:00:00+00:00,34,1,163699,4.325,4.325,4.302,4.3035,4591,HG.v.0
2024-11-08 17:00:00+00:00,34,1,163699,4.3035,4.3075,4.2925,4.3045,4696,HG.v.0
2024-11-08 18:00:00+00:00,34,1,163699,4.3045,4.3115,4.2985,4.3045,2233,HG.v.0
2024-11-08 19:00:00+00:00,34,1,163699,4.3045,4.312,4.303,4.312,507,HG.v.0
2024-11-08 20:00:00+00:00,34,1,163699,4.3115,4.32,4.3105,4.313,825,HG.v.0
2024-11-08 21:00:00+00:00,34,1,163699,4.313,4.3145,4.3105,4.311,413,HG.v.0
2024-11-10 23:00:00+00:00,34,1,163699,4.3125,4.327,4.3125,4.325,800,HG.v.0
2024-11-11 00:00:00+00:00,34,1,163699,4.325,4.332,4.321,4.326,884,HG.v.0
2024-11-11 01:00:00+00:00,34,1,163699,4.325,4.33,4.311,4.317,1815,HG.v.0
2024-11-11 02:00:00+00:00,34,1,163699,4.317,4.329,4.3035,4.3145,1462,HG.v.0
2024-11-11 03:00:00+00:00,34,1,163699,4.314,4.324,4.3105,4.314,857,HG.v.0
2024-11-11 04:00:00+00:00,34,1,163699,4.3135,4.315,4.303,4.3085,475,HG.v.0
2024-11-11 05:00:00+00:00,34,1,163699,4.3125,4.327,4.311,4.314,936,HG.v.0
2024-11-11 06:00:00+00:00,34,1,163699,4.314,4.326,4.3045,4.32,780,HG.v.0
2024-11-11 07:00:00+00:00,34,1,163699,4.3195,4.323,4.2915,4.2935,1324,HG.v.0
2024-11-11 08:00:00+00:00,34,1,163699,4.294,4.317,4.29,4.3025,2399,HG.v.0
2024-11-11 09:00:00+00:00,34,1,163699,4.303,4.307,4.277,4.288,1707,HG.v.0
2024-11-11 10:00:00+00:00,34,1,163699,4.287,4.304,4.2815,4.2875,1108,HG.v.0
2024-11-11 11:00:00+00:00,34,1,163699,4.2865,4.291,4.2825,4.2855,1057,HG.v.0
2024-11-11 12:00:00+00:00,34,1,163699,4.286,4.2915,4.274,4.2755,2072,HG.v.0
2024-11-11 13:00:00+00:00,34,1,163699,4.2765,4.281,4.263,4.2655,5560,HG.v.0
2024-11-11 14:00:00+00:00,34,1,163699,4.266,4.2785,4.2615,4.2705,3225,HG.v.0
2024-11-11 15:00:00+00:00,34,1,163699,4.2715,4.2795,4.249,4.2545,4223,HG.v.0
2024-11-11 16:00:00+00:00,34,1,163699,4.2545,4.257,4.244,4.245,3311,HG.v.0
2024-11-11 17:00:00+00:00,34,1,163699,4.245,4.2465,4.2265,4.23,5621,HG.v.0
2024-11-11 18:00:00+00:00,34,1,163699,4.23,4.2375,4.2225,4.2335,2172,HG.v.0
2024-11-11 19:00:00+00:00,34,1,163699,4.234,4.239,4.2335,4.2385,497,HG.v.0
2024-11-11 20:00:00+00:00,34,1,163699,4.2385,4.247,4.238,4.245,733,HG.v.0
2024-11-11 21:00:00+00:00,34,1,163699,4.2455,4.2475,4.2445,4.2445,394,HG.v.0
2024-11-11 23:00:00+00:00,34,1,163699,4.2465,4.2465,4.24,4.2445,406,HG.v.0
2024-11-12 00:00:00+00:00,34,1,163699,4.245,4.246,4.239,4.2455,456,HG.v.0
2024-11-12 01:00:00+00:00,34,1,163699,4.246,4.2595,4.2405,4.247,2847,HG.v.0
2024-11-12 02:00:00+00:00,34,1,163699,4.2465,4.248,4.2275,4.232,1896,HG.v.0
2024-11-12 03:00:00+00:00,34,1,163699,4.2315,4.2415,4.2235,4.2255,1214,HG.v.0
2024-11-12 04:00:00+00:00,34,1,163699,4.226,4.227,4.2175,4.223,806,HG.v.0
2024-11-12 05:00:00+00:00,34,1,163699,4.2225,4.223,4.2015,4.2055,3073,HG.v.0
2024-11-12 06:00:00+00:00,34,1,163699,4.2035,4.2045,4.1885,4.194,2475,HG.v.0
2024-11-12 07:00:00+00:00,34,1,163699,4.1945,4.196,4.1635,4.167,3221,HG.v.0
2024-11-12 08:00:00+00:00,34,1,163699,4.1675,4.184,4.1565,4.1705,3052,HG.v.0
2024-11-12 09:00:00+00:00,34,1,163699,4.1705,4.1705,4.146,4.1495,1971,HG.v.0
2024-11-12 10:00:00+00:00,34,1,163699,4.1485,4.1585,4.139,4.15,2022,HG.v.0
2024-11-12 11:00:00+00:00,34,1,163699,4.1505,4.1605,4.132,4.146,4187,HG.v.0
2024-11-12 12:00:00+00:00,34,1,163699,4.146,4.1645,4.1445,4.1605,3730,HG.v.0
2024-11-12 13:00:00+00:00,34,1,163699,4.16,4.186,4.16,4.178,7552,HG.v.0
2024-11-12 14:00:00+00:00,34,1,163699,4.1785,4.1825,4.162,4.1625,4234,HG.v.0
2024-11-12 15:00:00+00:00,34,1,163699,4.163,4.1645,4.1535,4.154,3584,HG.v.0
2024-11-12 16:00:00+00:00,34,1,163699,4.1555,4.16,4.146,4.1505,3332,HG.v.0
2024-11-12 17:00:00+00:00,34,1,163699,4.151,4.154,4.1345,4.137,4519,HG.v.0
2024-11-12 18:00:00+00:00,34,1,163699,4.1375,4.1485,4.1335,4.1475,1911,HG.v.0
2024-11-12 19:00:00+00:00,34,1,163699,4.148,4.15,4.144,4.145,671,HG.v.0
2024-11-12 20:00:00+00:00,34,1,163699,4.1455,4.1475,4.136,4.146,787,HG.v.0
2024-11-12 21:00:00+00:00,34,1,163699,4.146,4.1485,4.1415,4.145,406,HG.v.0
2024-11-12 23:00:00+00:00,34,1,163699,4.145,4.145,4.139,4.1435,361,HG.v.0
2024-11-13 00:00:00+00:00,34,1,163699,4.144,4.15,4.142,4.1465,497,HG.v.0
2024-11-13 01:00:00+00:00,34,1,163699,4.1465,4.166,4.1455,4.1605,3174,HG.v.0
2024-11-13 02:00:00+00:00,34,1,163699,4.16,4.1625,4.1505,4.16,1504,HG.v.0
2024-11-13 03:00:00+00:00,34,1,163699,4.1595,4.163,4.1385,4.1395,1409,HG.v.0
2024-11-13 04:00:00+00:00,34,1,163699,4.1395,4.1415,4.135,4.138,595,HG.v.0
2024-11-13 05:00:00+00:00,34,1,163699,4.138,4.144,4.1255,4.135,2087,HG.v.0
2024-11-13 06:00:00+00:00,34,1,163699,4.134,4.143,4.1265,4.127,1451,HG.v.0
2024-11-13 07:00:00+00:00,34,1,163699,4.127,4.1365,4.122,4.1295,1320,HG.v.0
2024-11-13 08:00:00+00:00,34,1,163699,4.129,4.138,4.1225,4.131,1480,HG.v.0
2024-11-13 09:00:00+00:00,34,1,163699,4.1305,4.1545,4.1235,4.1385,3075,HG.v.0
2024-11-13 10:00:00+00:00,34,1,163699,4.138,4.14,4.128,4.138,1245,HG.v.0
2024-11-13 11:00:00+00:00,34,1,163699,4.138,4.138,4.1165,4.128,1889,HG.v.0
2024-11-13 12:00:00+00:00,34,1,163699,4.128,4.135,4.1185,4.1215,2939,HG.v.0
2024-11-13 13:00:00+00:00,34,1,163699,4.121,4.146,4.1195,4.1265,7688,HG.v.0
2024-11-13 14:00:00+00:00,34,1,163699,4.1265,4.1265,4.0835,4.0855,10680,HG.v.0
2024-11-13 15:00:00+00:00,34,1,163699,4.0855,4.1015,4.08,4.0985,7583,HG.v.0
2024-11-13 16:00:00+00:00,34,1,163699,4.0985,4.112,4.0965,4.098,4787,HG.v.0
2024-11-13 17:00:00+00:00,34,1,163699,4.098,4.1035,4.0815,4.0835,4867,HG.v.0
2024-11-13 18:00:00+00:00,34,1,163699,4.0835,4.091,4.077,4.0795,2629,HG.v.0
2024-11-13 19:00:00+00:00,34,1,163699,4.0795,4.085,4.075,4.0775,1475,HG.v.0
2024-11-13 20:00:00+00:00,34,1,163699,4.077,4.0785,4.0655,4.0675,975,HG.v.0
2024-11-13 21:00:00+00:00,34,1,163699,4.0675,4.0745,4.0675,4.0705,421,HG.v.0
2024-11-13 23:00:00+00:00,34,1,163699,4.0715,4.077,4.0705,4.0735,685,HG.v.0
2024-11-14 00:00:00+00:00,34,1,163699,4.074,4.0845,4.074,4.084,558,HG.v.0
2024-11-14 01:00:00+00:00,34,1,163699,4.0835,4.086,4.061,4.0635,3858,HG.v.0
2024-11-14 02:00:00+00:00,34,1,163699,4.064,4.0645,4.0255,4.039,5035,HG.v.0
2024-11-14 03:00:00+00:00,34,1,163699,4.0385,4.0475,4.0285,4.035,1541,HG.v.0
2024-11-14 04:00:00+00:00,34,1,163699,4.0345,4.0415,4.033,4.04,646,HG.v.0
2024-11-14 05:00:00+00:00,34,1,163699,4.04,4.04,4.0265,4.031,2004,HG.v.0
2024-11-14 06:00:00+00:00,34,1,163699,4.0305,4.04,4.027,4.0345,2127,HG.v.0
2024-11-14 07:00:00+00:00,34,1,163699,4.0345,4.0345,4.014,4.02,3237,HG.v.0
2024-11-14 08:00:00+00:00,34,1,163699,4.0185,4.029,4.0015,4.0245,4228,HG.v.0
2024-11-14 09:00:00+00:00,34,1,163699,4.0245,4.033,4.0035,4.0095,3839,HG.v.0
2024-11-14 10:00:00+00:00,34,1,163699,4.0085,4.0175,4.0025,4.013,2373,HG.v.0
2024-11-14 11:00:00+00:00,34,1,163699,4.0125,4.0285,4.005,4.0265,2611,HG.v.0
2024-11-14 12:00:00+00:00,34,1,163699,4.0275,4.0385,4.0205,4.034,3374,HG.v.0
2024-11-14 13:00:00+00:00,34,1,163699,4.034,4.0745,4.03,4.0675,7583,HG.v.0
2024-11-14 14:00:00+00:00,34,1,163699,4.0675,4.0865,4.059,4.0705,5095,HG.v.0
2024-11-14 15:00:00+00:00,34,1,163699,4.071,4.086,4.0705,4.0755,3899,HG.v.0
2024-11-14 16:00:00+00:00,34,1,163699,4.076,4.0855,4.068,4.0765,3387,HG.v.0
2024-11-14 17:00:00+00:00,34,1,163699,4.077,4.092,4.07,4.0875,3852,HG.v.0
2024-11-14 18:00:00+00:00,34,1,163699,4.088,4.0985,4.0795,4.0885,2315,HG.v.0
2024-11-14 19:00:00+00:00,34,1,163699,4.0885,4.095,4.0885,4.091,783,HG.v.0
2024-11-14 20:00:00+00:00,34,1,163699,4.091,4.0925,4.0715,4.0765,1497,HG.v.0
2024-11-14 21:00:00+00:00,34,1,163699,4.076,4.081,4.074,4.0785,393,HG.v.0
2024-11-14 23:00:00+00:00,34,1,163699,4.0785,4.0815,4.075,4.0805,279,HG.v.0
2024-11-15 00:00:00+00:00,34,1,163699,4.0795,4.0805,4.073,4.0785,420,HG.v.0
2024-11-15 01:00:00+00:00,34,1,163699,4.0795,4.097,4.0705,4.089,2315,HG.v.0
2024-11-15 02:00:00+00:00,34,1,163699,4.0895,4.107,4.089,4.104,1668,HG.v.0
2024-11-15 03:00:00+00:00,34,1,163699,4.104,4.1045,4.0915,4.092,565,HG.v.0
2024-11-15 04:00:00+00:00,34,1,163699,4.092,4.098,4.0915,4.0965,400,HG.v.0
2024-11-15 05:00:00+00:00,34,1,163699,4.0965,4.105,4.0925,4.094,1010,HG.v.0
2024-11-15 06:00:00+00:00,34,1,163699,4.0935,4.0985,4.0785,4.0975,1785,HG.v.0
2024-11-15 07:00:00+00:00,34,1,163699,4.097,4.102,4.0795,4.082,1308,HG.v.0
2024-11-15 08:00:00+00:00,34,1,163699,4.082,4.098,4.077,4.0965,1830,HG.v.0
2024-11-15 09:00:00+00:00,34,1,163699,4.095,4.112,4.0885,4.1,2378,HG.v.0
2024-11-15 10:00:00+00:00,34,1,163699,4.1,4.159,4.0985,4.1465,7337,HG.v.0
2024-11-15 11:00:00+00:00,34,1,163699,4.147,4.172,4.144,4.159,3531,HG.v.0
2024-11-15 12:00:00+00:00,34,1,163699,4.1595,4.1675,4.15,4.1605,3973,HG.v.0
2024-11-15 13:00:00+00:00,34,1,163699,4.1605,4.165,4.108,4.116,10301,HG.v.0
2024-11-15 14:00:00+00:00,34,1,163699,4.116,4.1245,4.1055,4.1145,3858,HG.v.0
2024-11-15 15:00:00+00:00,34,1,163699,4.1135,4.124,4.0885,4.103,5639,HG.v.0
2024-11-15 16:00:00+00:00,34,1,163699,4.1025,4.105,4.073,4.0885,5136,HG.v.0
2024-11-15 17:00:00+00:00,34,1,163699,4.0885,4.0885,4.062,4.067,5340,HG.v.0
2024-11-15 18:00:00+00:00,34,1,163699,4.067,4.077,4.0645,4.0685,1812,HG.v.0
2024-11-15 19:00:00+00:00,34,1,163699,4.069,4.0715,4.0595,4.0665,687,HG.v.0
2024-11-15 20:00:00+00:00,34,1,163699,4.0665,4.069,4.062,4.0675,673,HG.v.0
2024-11-15 21:00:00+00:00,34,1,163699,4.067,4.0685,4.0615,4.0635,409,HG.v.0
2024-11-17 23:00:00+00:00,34,1,163699,4.0665,4.0705,4.0505,4.0625,1031,HG.v.0
2024-11-18 00:00:00+00:00,34,1,163699,4.064,4.079,4.0615,4.079,761,HG.v.0
2024-11-18 01:00:00+00:00,34,1,163699,4.078,4.0905,4.07,4.081,3066,HG.v.0
2024-11-18 02:00:00+00:00,34,1,163699,4.0805,4.0945,4.0735,4.0915,1330,HG.v.0
2024-11-18 03:00:00+00:00,34,1,163699,4.0905,4.0935,4.0805,4.081,535,HG.v.0
2024-11-18 04:00:00+00:00,34,1,163699,4.0805,4.093,4.0805,4.0885,261,HG.v.0
2024-11-18 05:00:00+00:00,34,1,163699,4.0885,4.0885,4.0705,4.0735,870,HG.v.0
2024-11-18 06:00:00+00:00,34,1,163699,4.0735,4.091,4.0715,4.0855,968,HG.v.0
2024-11-18 07:00:00+00:00,34,1,163699,4.085,4.089,4.074,4.076,1065,HG.v.0
2024-11-18 08:00:00+00:00,34,1,163699,4.076,4.0955,4.074,4.09,1687,HG.v.0
2024-11-18 09:00:00+00:00,34,1,163699,4.09,4.097,4.077,4.087,1412,HG.v.0
2024-11-18 10:00:00+00:00,34,1,163699,4.086,4.0925,4.0805,4.087,709,HG.v.0
2024-11-18 11:00:00+00:00,34,1,163699,4.087,4.087,4.056,4.0645,1733,HG.v.0
2024-11-18 12:00:00+00:00,34,1,163699,4.0645,4.0775,4.0605,4.0745,1822,HG.v.0
2024-11-18 13:00:00+00:00,34,1,163699,4.0745,4.0945,4.07,4.0825,3762,HG.v.0
2024-11-18 14:00:00+00:00,34,1,163699,4.0825,4.1,4.0755,4.086,3174,HG.v.0
2024-11-18 15:00:00+00:00,34,1,163699,4.086,4.112,4.0855,4.106,3214,HG.v.0
2024-11-18 16:00:00+00:00,34,1,163699,4.106,4.126,4.105,4.1225,4771,HG.v.0
2024-11-18 17:00:00+00:00,34,1,163699,4.123,4.129,4.1155,4.1175,3538,HG.v.0
2024-11-18 18:00:00+00:00,34,1,163699,4.1175,4.1355,4.117,4.1285,2205,HG.v.0
2024-11-18 19:00:00+00:00,34,1,163699,4.128,4.13,4.1235,4.125,638,HG.v.0
2024-11-18 20:00:00+00:00,34,1,163699,4.125,4.127,4.12,4.121,610,HG.v.0
2024-11-18 21:00:00+00:00,34,1,163699,4.1205,4.1265,4.12,4.1255,488,HG.v.0
2024-11-18 23:00:00+00:00,34,1,163699,4.124,4.125,4.1225,4.124,242,HG.v.0
2024-11-19 00:00:00+00:00,34,1,163699,4.124,4.1285,4.1235,4.125,256,HG.v.0
2024-11-19 01:00:00+00:00,34,1,163699,4.126,4.1385,4.122,4.1355,1385,HG.v.0
2024-11-19 02:00:00+00:00,34,1,163699,4.136,4.1385,4.1225,4.131,762,HG.v.0
2024-11-19 03:00:00+00:00,34,1,163699,4.131,4.154,4.1305,4.147,1378,HG.v.0
2024-11-19 04:00:00+00:00,34,1,163699,4.147,4.1485,4.141,4.1415,394,HG.v.0
2024-11-19 05:00:00+00:00,34,1,163699,4.141,4.147,4.1315,4.1465,911,HG.v.0
2024-11-19 06:00:00+00:00,34,1,163699,4.1455,4.1525,4.1405,4.141,856,HG.v.0
2024-11-19 07:00:00+00:00,34,1,163699,4.142,4.1435,4.123,4.1335,1037,HG.v.0
2024-11-19 08:00:00+00:00,34,1,163699,4.1335,4.149,4.1115,4.1195,2317,HG.v.0
2024-11-19 09:00:00+00:00,34,1,163699,4.1185,4.1325,4.096,4.0995,2821,HG.v.0
2024-11-19 10:00:00+00:00,34,1,163699,4.0995,4.106,4.095,4.101,1181,HG.v.0
2024-11-19 11:00:00+00:00,34,1,163699,4.1005,4.1035,4.0885,4.097,1154,HG.v.0
2024-11-19 12:00:00+00:00,34,1,163699,4.0975,4.1095,4.0975,4.1065,1936,HG.v.0
2024-11-19 13:00:00+00:00,34,1,163699,4.107,4.1155,4.0975,4.11,3211,HG.v.0
2024-11-19 14:00:00+00:00,34,1,163699,4.109,4.1195,4.1005,4.1105,2482,HG.v.0
2024-11-19 15:00:00+00:00,34,1,163699,4.1105,4.131,4.104,4.12,2975,HG.v.0
2024-11-19 16:00:00+00:00,34,1,163699,4.1205,4.142,4.119,4.1365,3641,HG.v.0
2024-11-19 17:00:00+00:00,34,1,163699,4.1365,4.1475,4.136,4.1415,2970,HG.v.0
2024-11-19 18:00:00+00:00,34,1,163699,4.1415,4.1465,4.134,4.146,1669,HG.v.0
2024-11-19 19:00:00+00:00,34,1,163699,4.146,4.1605,4.146,4.159,1205,HG.v.0
2024-11-19 20:00:00+00:00,34,1,163699,4.159,4.1685,4.159,4.166,1549,HG.v.0
2024-11-19 21:00:00+00:00,34,1,163699,4.166,4.1745,4.165,4.1675,943,HG.v.0
2024-11-19 23:00:00+00:00,34,1,163699,4.166,4.176,4.166,4.1695,640,HG.v.0
2024-11-20 00:00:00+00:00,34,1,163699,4.1695,4.1725,4.1605,4.1615,758,HG.v.0
2024-11-20 01:00:00+00:00,34,1,163699,4.1615,4.169,4.157,4.168,1919,HG.v.0
2024-11-20 02:00:00+00:00,34,1,163699,4.168,4.177,4.165,4.176,1041,HG.v.0
2024-11-20 03:00:00+00:00,34,1,163699,4.1765,4.179,4.1665,4.168,773,HG.v.0
2024-11-20 04:00:00+00:00,34,1,163699,4.1685,4.174,4.167,4.172,323,HG.v.0
2024-11-20 05:00:00+00:00,34,1,163699,4.1715,4.175,4.1605,4.161,920,HG.v.0
2024-11-20 06:00:00+00:00,34,1,163699,4.161,4.178,4.1565,4.168,1006,HG.v.0
2024-11-20 07:00:00+00:00,34,1,163699,4.167,4.172,4.1595,4.163,695,HG.v.0
2024-11-20 08:00:00+00:00,34,1,163699,4.1635,4.1665,4.153,4.1545,1275,HG.v.0
2024-11-20 09:00:00+00:00,34,1,163699,4.1555,4.169,4.148,4.1575,1126,HG.v.0
2024-11-20 10:00:00+00:00,34,1,163699,4.1575,4.161,4.1505,4.157,697,HG.v.0
2024-11-20 11:00:00+00:00,34,1,163699,4.1575,4.1595,4.145,4.1595,981,HG.v.0
2024-11-20 12:00:00+00:00,34,1,163699,4.1595,4.1755,4.159,4.173,2819,HG.v.0
2024-11-20 13:00:00+00:00,34,1,163699,4.1725,4.178,4.1595,4.168,3151,HG.v.0
2024-11-20 14:00:00+00:00,34,1,163699,4.168,4.1695,4.1515,4.1515,3591,HG.v.0
2024-11-20 15:00:00+00:00,34,1,163699,4.1515,4.164,4.145,4.159,4730,HG.v.0
2024-11-20 16:00:00+00:00,34,1,163699,4.1585,4.159,4.144,4.148,1923,HG.v.0
2024-11-20 17:00:00+00:00,34,1,163699,4.1475,4.167,4.145,4.1555,3109,HG.v.0
2024-11-20 18:00:00+00:00,34,1,163699,4.1555,4.1565,4.1425,4.1425,1766,HG.v.0
2024-11-20 19:00:00+00:00,34,1,163699,4.143,4.1475,4.1365,4.144,769,HG.v.0
2024-11-20 20:00:00+00:00,34,1,163699,4.144,4.1485,4.1425,4.1485,482,HG.v.0
2024-11-20 21:00:00+00:00,34,1,163699,4.148,4.1535,4.148,4.153,291,HG.v.0
2024-11-20 23:00:00+00:00,34,1,163699,4.153,4.1545,4.1515,4.153,191,HG.v.0
2024-11-21 00:00:00+00:00,34,1,163699,4.1535,4.1545,4.147,4.15,344,HG.v.0
2024-11-21 01:00:00+00:00,34,1,163699,4.15,4.1575,4.147,4.155,896,HG.v.0
2024-11-21 02:00:00+00:00,34,1,163699,4.156,4.163,4.153,4.153,475,HG.v.0
2024-11-21 03:00:00+00:00,34,1,163699,4.153,4.1575,4.146,4.1575,422,HG.v.0
2024-11-21 04:00:00+00:00,34,1,163699,4.157,4.161,4.146,4.146,300,HG.v.0
2024-11-21 05:00:00+00:00,34,1,163699,4.1455,4.158,4.1395,4.152,860,HG.v.0
2024-11-21 06:00:00+00:00,34,1,163699,4.151,4.158,4.1425,4.155,829,HG.v.0
2024-11-21 07:00:00+00:00,34,1,163699,4.1555,4.161,4.1395,4.153,869,HG.v.0
2024-11-21 08:00:00+00:00,34,1,163699,4.1525,4.159,4.145,4.1565,1143,HG.v.0
2024-11-21 09:00:00+00:00,34,1,163699,4.157,4.1665,4.107,4.1205,3909,HG.v.0
2024-11-21 10:00:00+00:00,34,1,163699,4.12,4.122,4.108,4.122,912,HG.v.0
2024-11-21 11:00:00+00:00,34,1,163699,4.1215,4.144,4.119,4.1295,1722,HG.v.0
2024-11-21 12:00:00+00:00,34,1,163699,4.1305,4.136,4.128,4.1315,1210,HG.v.0
2024-11-21 13:00:00+00:00,34,1,163699,4.1315,4.1445,4.122,4.1315,3269,HG.v.0
2024-11-21 14:00:00+00:00,34,1,163699,4.132,4.139,4.119,4.1285,3105,HG.v.0
2024-11-21 15:00:00+00:00,34,1,163699,4.1275,4.148,4.1235,4.1235,2355,HG.v.0
2024-11-21 16:00:00+00:00,34,1,163699,4.124,4.124,4.0975,4.0985,4491,HG.v.0
2024-11-21 17:00:00+00:00,34,1,163699,4.099,4.1265,4.097,4.125,2945,HG.v.0
2024-11-21 18:00:00+00:00,34,1,163699,4.125,4.128,4.113,4.1145,1035,HG.v.0
2024-11-21 19:00:00+00:00,34,1,163699,4.114,4.121,4.112,4.1195,432,HG.v.0
2024-11-21 20:00:00+00:00,34,1,163699,4.1195,4.121,4.1075,4.112,751,HG.v.0
2024-11-21 21:00:00+00:00,34,1,163699,4.112,4.113,4.107,4.1115,319,HG.v.0
2024-11-21 23:00:00+00:00,34,1,163699,4.109,4.1105,4.1045,4.1045,299,HG.v.0
2024-11-22 00:00:00+00:00,34,1,163699,4.1055,4.113,4.1055,4.108,372,HG.v.0
2024-11-22 01:00:00+00:00,34,1,163699,4.1085,4.117,4.107,4.1095,1007,HG.v.0
2024-11-22 02:00:00+00:00,34,1,163699,4.1095,4.1125,4.104,4.108,548,HG.v.0
2024-11-22 03:00:00+00:00,34,1,163699,4.1075,4.1145,4.0875,4.09,978,HG.v.0
2024-11-22 04:00:00+00:00,34,1,163699,4.09,4.0935,4.0845,4.087,439,HG.v.0
2024-11-22 05:00:00+00:00,34,1,163699,4.0865,4.0935,4.08,4.0915,1242,HG.v.0
2024-11-22 06:00:00+00:00,34,1,163699,4.0915,4.099,4.086,4.092,606,HG.v.0
2024-11-22 07:00:00+00:00,34,1,163699,4.0925,4.113,4.081,4.1105,1175,HG.v.0
2024-11-22 08:00:00+00:00,34,1,163699,4.111,4.1195,4.097,4.0985,1433,HG.v.0
2024-11-22 09:00:00+00:00,34,1,163699,4.099,4.0995,4.071,4.0785,2324,HG.v.0
2024-11-22 10:00:00+00:00,34,1,163699,4.078,4.083,4.0685,4.0815,1119,HG.v.0
2024-11-22 11:00:00+00:00,34,1,163699,4.082,4.082,4.061,4.0645,1390,HG.v.0
2024-11-22 12:00:00+00:00,34,1,163699,4.065,4.0725,4.0635,4.065,1625,HG.v.0
2024-11-22 13:00:00+00:00,34,1,163699,4.0645,4.09,4.064,4.089,3373,HG.v.0
2024-11-22 14:00:00+00:00,34,1,163699,4.089,4.102,4.079,4.089,3178,HG.v.0
2024-11-22 15:00:00+00:00,34,1,163699,4.0895,4.098,4.0845,4.0915,1979,HG.v.0
2024-11-22 16:00:00+00:00,34,1,163699,4.0925,4.0925,4.071,4.0815,2433,HG.v.0
2024-11-22 17:00:00+00:00,34,1,163699,4.0815,4.096,4.0815,4.087,2291,HG.v.0
2024-11-22 18:00:00+00:00,34,1,163699,4.0875,4.091,4.0805,4.0815,974,HG.v.0
2024-11-22 19:00:00+00:00,34,1,163699,4.0815,4.083,4.0765,4.08,545,HG.v.0
2024-11-22 20:00:00+00:00,34,1,163699,4.0805,4.083,4.075,4.0805,361,HG.v.0
2024-11-22 21:00:00+00:00,34,1,163699,4.0805,4.0865,4.078,4.085,401,HG.v.0
2024-11-24 23:00:00+00:00,34,1,163699,4.091,4.114,4.0865,4.11,1136,HG.v.0
2024-11-25 00:00:00+00:00,34,1,163699,4.109,4.122,4.106,4.114,998,HG.v.0
2024-11-25 01:00:00+00:00,34,1,163699,4.113,4.1265,4.1115,4.1225,1668,HG.v.0
2024-11-25 02:00:00+00:00,34,1,163699,4.122,4.132,4.1205,4.1225,649,HG.v.0
2024-11-25 03:00:00+00:00,34,1,163699,4.1225,4.123,4.102,4.1105,756,HG.v.0
2024-11-25 04:00:00+00:00,34,1,163699,4.1105,4.114,4.1025,4.107,221,HG.v.0
2024-11-25 05:00:00+00:00,34,1,163699,4.107,4.111,4.102,4.1085,420,HG.v.0
2024-11-25 06:00:00+00:00,34,1,163699,4.108,4.1185,4.094,4.1145,1079,HG.v.0
2024-11-25 07:00:00+00:00,34,1,163699,4.114,4.119,4.1025,4.105,805,HG.v.0
2024-11-25 08:00:00+00:00,34,1,163699,4.1045,4.1095,4.096,4.105,862,HG.v.0
2024-11-25 09:00:00+00:00,34,1,163699,4.105,4.1215,4.1045,4.108,1402,HG.v.0
2024-11-25 10:00:00+00:00,34,1,163699,4.1075,4.1085,4.0975,4.1055,759,HG.v.0
2024-11-25 11:00:00+00:00,34,1,163699,4.1065,4.109,4.098,4.105,518,HG.v.0
2024-11-25 12:00:00+00:00,34,1,163699,4.1055,4.1115,4.104,4.1075,900,HG.v.0
2024-11-25 13:00:00+00:00,34,1,163699,4.1075,4.1245,4.1045,4.1225,2530,HG.v.0
2024-11-25 14:00:00+00:00,34,1,163699,4.123,4.1255,4.1085,4.11,2013,HG.v.0
2024-11-25 15:00:00+00:00,34,1,163699,4.11,4.117,4.0985,4.099,2120,HG.v.0
2024-11-25 16:00:00+00:00,34,1,163699,4.099,4.112,4.0955,4.106,1850,HG.v.0
2024-11-25 17:00:00+00:00,34,1,163699,4.106,4.106,4.088,4.099,2456,HG.v.0
2024-11-25 18:00:00+00:00,34,1,163699,4.099,4.1015,4.089,4.101,1823,HG.v.0
2024-11-25 19:00:00+00:00,34,1,163699,4.1005,4.109,4.099,4.109,581,HG.v.0
2024-11-25 20:00:00+00:00,34,1,163699,4.109,4.11,4.1055,4.107,374,HG.v.0
2024-11-25 21:00:00+00:00,34,1,163699,4.1075,4.109,4.1025,4.104,399,HG.v.0
2024-11-25 23:00:00+00:00,34,1,163699,4.1075,4.1075,4.051,4.0565,1093,HG.v.0
2024-11-26 00:00:00+00:00,34,1,163699,4.0565,4.0625,4.0425,4.051,1521,HG.v.0
2024-11-26 01:00:00+00:00,34,1,163699,4.0495,4.082,4.0495,4.0655,1511,HG.v.0
2024-11-26 02:00:00+00:00,34,1,163699,4.068,4.081,4.0655,4.0755,239,HG.v.0
2024-11-26 03:00:00+00:00,34,1,163699,4.075,4.094,4.0745,4.093,258,HG.v.0
2024-11-26 04:00:00+00:00,34,1,163699,4.094,4.099,4.0775,4.0815,217,HG.v.0
2024-11-26 05:00:00+00:00,34,1,163699,4.0805,4.081,4.0705,4.0765,312,HG.v.0
2024-11-26 06:00:00+00:00,34,1,163699,4.077,4.079,4.0585,4.0675,403,HG.v.0
2024-11-26 07:00:00+00:00,34,1,163699,4.068,4.0755,4.053,4.0575,456,HG.v.0
2024-11-26 08:00:00+00:00,34,1,163699,4.0575,4.072,4.0565,4.07,438,HG.v.0
2024-11-26 09:00:00+00:00,34,1,163699,4.071,4.0895,4.071,4.0885,567,HG.v.0
2024-11-26 10:00:00+00:00,34,1,163699,4.09,4.1,4.083,4.0975,437,HG.v.0
2024-11-26 11:00:00+00:00,34,1,163699,4.0975,4.099,4.0875,4.091,403,HG.v.0
2024-11-26 12:00:00+00:00,34,1,163699,4.0905,4.1025,4.0875,4.0995,589,HG.v.0
2024-11-26 13:00:00+00:00,34,1,163699,4.099,4.115,4.089,4.0935,1734,HG.v.0
2024-11-26 14:00:00+00:00,34,1,163699,4.0945,4.0965,4.061,4.0775,2314,HG.v.0
2024-11-26 15:00:00+00:00,34,1,163699,4.0785,4.079,4.063,4.072,825,HG.v.0
2024-11-26 16:00:00+00:00,34,1,163699,4.073,4.075,4.065,4.066,676,HG.v.0
2024-11-26 17:00:00+00:00,34,1,163699,4.066,4.066,4.0455,4.049,1405,HG.v.0
2024-11-26 18:00:00+00:00,34,1,163699,4.0495,4.0515,4.045,4.048,551,HG.v.0
2024-11-26 19:00:00+00:00,34,1,163699,4.049,4.0545,4.0475,4.0525,158,HG.v.0
2024-11-26 20:00:00+00:00,34,1,163699,4.051,4.0585,4.051,4.0565,266,HG.v.0
2024-11-26 21:00:00+00:00,34,1,163699,4.0545,4.0665,4.054,4.06,134,HG.v.0
2024-11-26 23:00:00+00:00,34,1,163699,4.059,4.0635,4.0555,4.0575,49,HG.v.0
2024-11-27 00:00:00+00:00,34,1,19222,4.129,4.134,4.1265,4.133,399,HG.v.0
2024-11-27 01:00:00+00:00,34,1,19222,4.133,4.145,4.124,4.125,1425,HG.v.0
2024-11-27 02:00:00+00:00,34,1,19222,4.1245,4.141,4.1205,4.14,880,HG.v.0
2024-11-27 03:00:00+00:00,34,1,19222,4.139,4.1485,4.131,4.1465,815,HG.v.0
2024-11-27 04:00:00+00:00,34,1,19222,4.146,4.15,4.145,4.1465,389,HG.v.0
2024-11-27 05:00:00+00:00,34,1,19222,4.1465,4.154,4.141,4.144,819,HG.v.0
2024-11-27 06:00:00+00:00,34,1,19222,4.144,4.157,4.1415,4.156,1089,HG.v.0
2024-11-27 07:00:00+00:00,34,1,19222,4.1565,4.164,4.155,4.1595,1831,HG.v.0
2024-11-27 08:00:00+00:00,34,1,19222,4.159,4.174,4.1515,4.162,2382,HG.v.0
2024-11-27 09:00:00+00:00,34,1,19222,4.1615,4.1725,4.157,4.167,2040,HG.v.0
2024-11-27 10:00:00+00:00,34,1,19222,4.167,4.1685,4.156,4.16,642,HG.v.0
2024-11-27 11:00:00+00:00,34,1,19222,4.1595,4.1605,4.1465,4.153,1098,HG.v.0
2024-11-27 12:00:00+00:00,34,1,19222,4.153,4.1575,4.146,4.1475,1377,HG.v.0
2024-11-27 13:00:00+00:00,34,1,19222,4.148,4.1555,4.131,4.154,4541,HG.v.0
2024-11-27 14:00:00+00:00,34,1,19222,4.1535,4.162,4.1455,4.155,3649,HG.v.0
2024-11-27 15:00:00+00:00,34,1,19222,4.155,4.157,4.136,4.147,3716,HG.v.0
2024-11-27 16:00:00+00:00,34,1,19222,4.1465,4.1525,4.141,4.142,2567,HG.v.0
2024-11-27 17:00:00+00:00,34,1,19222,4.142,4.1475,4.1365,4.1395,2398,HG.v.0
2024-11-27 18:00:00+00:00,34,1,19222,4.1395,4.149,4.1355,4.1475,1400,HG.v.0
2024-11-27 19:00:00+00:00,34,1,19222,4.1475,4.1505,4.1465,4.15,478,HG.v.0
2024-11-27 20:00:00+00:00,34,1,19222,4.149,4.151,4.1405,4.1405,597,HG.v.0
2024-11-27 21:00:00+00:00,34,1,19222,4.141,4.143,4.139,4.141,446,HG.v.0
2024-11-27 23:00:00+00:00,34,1,19222,4.14,4.1455,4.14,4.1435,177,HG.v.0
2024-11-28 00:00:00+00:00,34,1,19222,4.1435,4.15,4.142,4.147,275,HG.v.0
2024-11-28 01:00:00+00:00,34,1,19222,4.147,4.159,4.1425,4.158,1093,HG.v.0
2024-11-28 02:00:00+00:00,34,1,19222,4.158,4.1595,4.149,4.152,742,HG.v.0
2024-11-28 03:00:00+00:00,34,1,19222,4.1525,4.1525,4.137,4.138,945,HG.v.0
2024-11-28 04:00:00+00:00,34,1,19222,4.1385,4.1415,4.135,4.1365,432,HG.v.0
2024-11-28 05:00:00+00:00,34,1,19222,4.1365,4.149,4.1335,4.1435,567,HG.v.0
2024-11-28 06:00:00+00:00,34,1,19222,4.144,4.1455,4.135,4.137,826,HG.v.0
2024-11-28 07:00:00+00:00,34,1,19222,4.1365,4.1425,4.1305,4.135,630,HG.v.0
2024-11-28 08:00:00+00:00,34,1,19222,4.1345,4.144,4.1275,4.1425,1347,HG.v.0
2024-11-28 09:00:00+00:00,34,1,19222,4.142,4.142,4.1265,4.1295,1305,HG.v.0
2024-11-28 10:00:00+00:00,34,1,19222,4.1295,4.135,4.1255,4.129,617,HG.v.0
2024-11-28 11:00:00+00:00,34,1,19222,4.129,4.134,4.125,4.127,551,HG.v.0
2024-11-28 12:00:00+00:00,34,1,19222,4.1275,4.1275,4.1195,4.1225,1065,HG.v.0
2024-11-28 13:00:00+00:00,34,1,19222,4.122,4.136,4.121,4.1325,1879,HG.v.0
2024-11-28 14:00:00+00:00,34,1,19222,4.1325,4.1345,4.122,4.1275,991,HG.v.0
2024-11-28 15:00:00+00:00,34,1,19222,4.1265,4.133,4.1225,4.132,985,HG.v.0
2024-11-28 16:00:00+00:00,34,1,19222,4.1315,4.139,4.1295,4.138,740,HG.v.0
2024-11-28 17:00:00+00:00,34,1,19222,4.1375,4.147,4.1365,4.138,995,HG.v.0
2024-11-28 18:00:00+00:00,34,1,19222,4.1375,4.139,4.1315,4.1335,414,HG.v.0
2024-11-28 19:00:00+00:00,34,1,19222,4.133,4.1345,4.1315,4.1315,40,HG.v.0
2024-11-28 23:00:00+00:00,34,1,19222,4.1345,4.1345,4.1265,4.1295,486,HG.v.0
2024-11-29 00:00:00+00:00,34,1,19222,4.1295,4.1365,4.128,4.134,374,HG.v.0
2024-11-29 01:00:00+00:00,34,1,19222,4.134,4.1525,4.133,4.149,1512,HG.v.0
2024-11-29 02:00:00+00:00,34,1,19222,4.149,4.162,4.148,4.1565,1071,HG.v.0
2024-11-29 03:00:00+00:00,34,1,19222,4.157,4.1655,4.1555,4.165,747,HG.v.0
2024-11-29 04:00:00+00:00,34,1,19222,4.1655,4.1665,4.1615,4.166,417,HG.v.0
2024-11-29 05:00:00+00:00,34,1,19222,4.1655,4.167,4.156,4.16,679,HG.v.0
2024-11-29 06:00:00+00:00,34,1,19222,4.1595,4.162,4.1485,4.158,766,HG.v.0
2024-11-29 07:00:00+00:00,34,1,19222,4.1575,4.1595,4.147,4.1545,738,HG.v.0
2024-11-29 08:00:00+00:00,34,1,19222,4.154,4.155,4.142,4.1475,988,HG.v.0
2024-11-29 09:00:00+00:00,34,1,19222,4.147,4.147,4.137,4.1435,1197,HG.v.0
2024-11-29 10:00:00+00:00,34,1,19222,4.143,4.1465,4.1345,4.135,733,HG.v.0
2024-11-29 11:00:00+00:00,34,1,19222,4.1345,4.1485,4.133,4.1435,1103,HG.v.0
2024-11-29 12:00:00+00:00,34,1,19222,4.1435,4.147,4.133,4.1425,1900,HG.v.0
2024-11-29 13:00:00+00:00,34,1,19222,4.143,4.1515,4.133,4.1355,3349,HG.v.0
2024-11-29 14:00:00+00:00,34,1,19222,4.136,4.1435,4.1275,4.142,3445,HG.v.0
2024-11-29 15:00:00+00:00,34,1,19222,4.142,4.152,4.1385,4.1475,2783,HG.v.0
2024-11-29 16:00:00+00:00,34,1,19222,4.147,4.1515,4.136,4.145,2417,HG.v.0
2024-11-29 17:00:00+00:00,34,1,19222,4.1445,4.1475,4.1335,4.141,2606,HG.v.0
2024-11-29 18:00:00+00:00,34,1,19222,4.141,4.145,4.1395,4.1445,769,HG.v.0
2024-11-29 19:00:00+00:00,34,1,19222,4.1445,4.145,4.141,4.143,235,HG.v.0
2024-12-01 23:00:00+00:00,34,1,19222,4.143,4.146,4.122,4.1275,1060,HG.v.0
2024-12-02 00:00:00+00:00,34,1,19222,4.1275,4.128,4.1135,4.122,1131,HG.v.0
2024-12-02 01:00:00+00:00,34,1,19222,4.1225,4.1345,4.1185,4.1335,2808,HG.v.0
2024-12-02 02:00:00+00:00,34,1,19222,4.134,4.136,4.1185,4.121,1199,HG.v.0
2024-12-02 03:00:00+00:00,34,1,19222,4.1205,4.1235,4.114,4.1145,1041,HG.v.0
2024-12-02 04:00:00+00:00,34,1,19222,4.115,4.1175,4.108,4.1115,739,HG.v.0
2024-12-02 05:00:00+00:00,34,1,19222,4.1115,4.1175,4.1075,4.1095,1023,HG.v.0
2024-12-02 06:00:00+00:00,34,1,19222,4.1085,4.1165,4.098,4.1105,2340,HG.v.0
2024-12-02 07:00:00+00:00,34,1,19222,4.111,4.1155,4.0915,4.094,1563,HG.v.0
2024-12-02 08:00:00+00:00,34,1,19222,4.0935,4.1085,4.0815,4.106,2612,HG.v.0
2024-12-02 09:00:00+00:00,34,1,19222,4.106,4.124,4.106,4.119,1953,HG.v.0
2024-12-02 10:00:00+00:00,34,1,19222,4.1195,4.135,4.115,4.13,2100,HG.v.0
2024-12-02 11:00:00+00:00,34,1,19222,4.13,4.1385,4.128,4.136,1575,HG.v.0
2024-12-02 12:00:00+00:00,34,1,19222,4.1355,4.1455,4.12,4.121,2568,HG.v.0
2024-12-02 13:00:00+00:00,34,1,19222,4.1205,4.1295,4.1185,4.1295,2153,HG.v.0
2024-12-02 14:00:00+00:00,34,1,19222,4.1295,4.141,4.121,4.123,3036,HG.v.0
2024-12-02 15:00:00+00:00,34,1,19222,4.123,4.133,4.117,4.1195,2400,HG.v.0
2024-12-02 16:00:00+00:00,34,1,19222,4.1195,4.1365,4.112,4.13,3066,HG.v.0
2024-12-02 17:00:00+00:00,34,1,19222,4.1295,4.134,4.1255,4.1305,2352,HG.v.0
2024-12-02 18:00:00+00:00,34,1,19222,4.1305,4.134,4.1285,4.1325,1062,HG.v.0
2024-12-02 19:00:00+00:00,34,1,19222,4.1325,4.144,4.1325,4.14,976,HG.v.0
2024-12-02 20:00:00+00:00,34,1,19222,4.14,4.1475,4.14,4.142,951,HG.v.0
2024-12-02 21:00:00+00:00,34,1,19222,4.1415,4.1445,4.1395,4.14,349,HG.v.0
2024-12-02 23:00:00+00:00,34,1,19222,4.139,4.1535,4.1385,4.149,757,HG.v.0
2024-12-03 00:00:00+00:00,34,1,19222,4.1495,4.151,4.141,4.1425,622,HG.v.0
2024-12-03 01:00:00+00:00,34,1,19222,4.142,4.151,4.1225,4.1225,1930,HG.v.0
2024-12-03 02:00:00+00:00,34,1,19222,4.122,4.1225,4.112,4.117,1074,HG.v.0
2024-12-03 03:00:00+00:00,34,1,19222,4.117,4.131,4.1155,4.1275,633,HG.v.0
2024-12-03 04:00:00+00:00,34,1,19222,4.1265,4.133,4.126,4.1285,377,HG.v.0
2024-12-03 05:00:00+00:00,34,1,19222,4.1285,4.133,4.1215,4.132,483,HG.v.0
2024-12-03 06:00:00+00:00,34,1,19222,4.1325,4.1525,4.1305,4.1515,1659,HG.v.0
2024-12-03 07:00:00+00:00,34,1,19222,4.1515,4.1825,4.15,4.175,3820,HG.v.0
2024-12-03 08:00:00+00:00,34,1,19222,4.1755,4.184,4.1685,4.181,2479,HG.v.0
2024-12-03 09:00:00+00:00,34,1,19222,4.181,4.1945,4.178,4.1855,3118,HG.v.0
2024-12-03 10:00:00+00:00,34,1,19222,4.185,4.1925,4.1775,4.1785,1380,HG.v.0
2024-12-03 11:00:00+00:00,34,1,19222,4.178,4.186,4.1735,4.181,1646,HG.v.0
2024-12-03 12:00:00+00:00,34,1,19222,4.1815,4.1845,4.1685,4.1705,2490,HG.v.0
2024-12-03 13:00:00+00:00,34,1,19222,4.1705,4.261,4.161,4.2415,22507,HG.v.0
2024-12-03 14:00:00+00:00,34,1,19222,4.2415,4.253,4.2075,4.216,11735,HG.v.0
2024-12-03 15:00:00+00:00,34,1,19222,4.2155,4.2155,4.1915,4.2,5897,HG.v.0
2024-12-03 16:00:00+00:00,34,1,19222,4.2,4.211,4.194,4.2065,4267,HG.v.0
2024-12-03 17:00:00+00:00,34,1,19222,4.2065,4.212,4.1925,4.2025,3545,HG.v.0
2024-12-03 18:00:00+00:00,34,1,19222,4.2025,4.2085,4.197,4.2005,1769,HG.v.0
2024-12-03 19:00:00+00:00,34,1,19222,4.2005,4.2015,4.194,4.1955,835,HG.v.0
2024-12-03 20:00:00+00:00,34,1,19222,4.1955,4.203,4.1925,4.1955,1117,HG.v.0
2024-12-03 21:00:00+00:00,34,1,19222,4.1955,4.199,4.194,4.197,271,HG.v.0
2024-12-03 23:00:00+00:00,34,1,19222,4.197,4.198,4.193,4.197,303,HG.v.0
2024-12-04 00:00:00+00:00,34,1,19222,4.197,4.201,4.1875,4.191,587,HG.v.0
2024-12-04 01:00:00+00:00,34,1,19222,4.191,4.197,4.1865,4.188,1653,HG.v.0
2024-12-04 02:00:00+00:00,34,1,19222,4.1895,4.196,4.1785,4.182,1337,HG.v.0
2024-12-04 03:00:00+00:00,34,1,19222,4.182,4.184,4.1735,4.1765,820,HG.v.0
2024-12-04 04:00:00+00:00,34,1,19222,4.176,4.1925,4.175,4.191,533,HG.v.0
2024-12-04 05:00:00+00:00,34,1,19222,4.1905,4.198,4.187,4.197,895,HG.v.0
2024-12-04 06:00:00+00:00,34,1,19222,4.197,4.2075,4.1955,4.204,1417,HG.v.0
2024-12-04 07:00:00+00:00,34,1,19222,4.2035,4.2055,4.1955,4.2,885,HG.v.0
2024-12-04 08:00:00+00:00,34,1,19222,4.199,4.2095,4.198,4.201,1312,HG.v.0
2024-12-04 09:00:00+00:00,34,1,19222,4.2005,4.2065,4.183,4.1905,1623,HG.v.0
2024-12-04 10:00:00+00:00,34,1,19222,4.191,4.1945,4.184,4.1865,829,HG.v.0
2024-12-04 11:00:00+00:00,34,1,19222,4.1865,4.1945,4.182,4.1865,950,HG.v.0
2024-12-04 12:00:00+00:00,34,1,19222,4.187,4.1905,4.179,4.1825,1779,HG.v.0
2024-12-04 13:00:00+00:00,34,1,19222,4.182,4.2065,4.17,4.205,5764,HG.v.0
2024-12-04 14:00:00+00:00,34,1,19222,4.2055,4.2145,4.2005,4.2045,3934,HG.v.0
2024-12-04 15:00:00+00:00,34,1,19222,4.2045,4.2155,4.197,4.205,3953,HG.v.0
2024-12-04 16:00:00+00:00,34,1,19222,4.206,4.211,4.193,4.195,2148,HG.v.0
2024-12-04 17:00:00+00:00,34,1,19222,4.1945,4.203,4.19,4.2005,2829,HG.v.0
2024-12-04 18:00:00+00:00,34,1,19222,4.2005,4.2015,4.1915,4.1975,1492,HG.v.0
2024-12-04 19:00:00+00:00,34,1,19222,4.1975,4.206,4.193,4.2025,777,HG.v.0
2024-12-04 20:00:00+00:00,34,1,19222,4.2025,4.204,4.1975,4.2015,552,HG.v.0
2024-12-04 21:00:00+00:00,34,1,19222,4.201,4.2015,4.197,4.1985,239,HG.v.0
2024-12-04 23:00:00+00:00,34,1,19222,4.197,4.201,4.1955,4.199,307,HG.v.0
2024-12-05 00:00:00+00:00,34,1,19222,4.1995,4.204,4.197,4.201,362,HG.v.0
2024-12-05 01:00:00+00:00,34,1,19222,4.201,4.204,4.189,4.191,809,HG.v.0
2024-12-05 02:00:00+00:00,34,1,19222,4.1905,4.2,4.187,4.1915,531,HG.v.0
2024-12-05 03:00:00+00:00,34,1,19222,4.192,4.1985,4.1905,4.198,390,HG.v.0
2024-12-05 04:00:00+00:00,34,1,19222,4.198,4.199,4.186,4.1875,397,HG.v.0
2024-12-05 05:00:00+00:00,34,1,19222,4.187,4.2025,4.187,4.199,576,HG.v.0
2024-12-05 06:00:00+00:00,34,1,19222,4.199,4.205,4.1955,4.1995,843,HG.v.0
2024-12-05 07:00:00+00:00,34,1,19222,4.1995,4.2255,4.1985,4.2245,1776,HG.v.0
2024-12-05 08:00:00+00:00,34,1,19222,4.224,4.2335,4.223,4.2295,1727,HG.v.0
2024-12-05 09:00:00+00:00,34,1,19222,4.23,4.23,4.2035,4.2085,1883,HG.v.0
2024-12-05 10:00:00+00:00,34,1,19222,4.2085,4.213,4.1925,4.194,1244,HG.v.0
2024-12-05 11:00:00+00:00,34,1,19222,4.193,4.2,4.19,4.1975,901,HG.v.0
2024-12-05 12:00:00+00:00,34,1,19222,4.197,4.2085,4.193,4.2075,1413,HG.v.0
2024-12-05 13:00:00+00:00,34,1,19222,4.208,4.2155,4.18,4.182,4273,HG.v.0
2024-12-05 14:00:00+00:00,34,1,19222,4.1815,4.201,4.1755,4.1905,3837,HG.v.0
2024-12-05 15:00:00+00:00,34,1,19222,4.19,4.196,4.1815,4.188,2381,HG.v.0
2024-12-05 16:00:00+00:00,34,1,19222,4.188,4.1945,4.187,4.1935,1778,HG.v.0
2024-12-05 17:00:00+00:00,34,1,19222,4.1935,4.198,4.182,4.192,2629,HG.v.0
2024-12-05 18:00:00+00:00,34,1,19222,4.192,4.1935,4.181,4.192,1080,HG.v.0
2024-12-05 19:00:00+00:00,34,1,19222,4.1925,4.201,4.1925,4.198,584,HG.v.0
2024-12-05 20:00:00+00:00,34,1,19222,4.198,4.204,4.197,4.2025,757,HG.v.0
2024-12-05 21:00:00+00:00,34,1,19222,4.2025,4.203,4.1965,4.1995,309,HG.v.0
2024-12-05 23:00:00+00:00,34,1,19222,4.1995,4.1995,4.196,4.1975,205,HG.v.0
2024-12-06 00:00:00+00:00,34,1,19222,4.1975,4.1975,4.1885,4.1885,328,HG.v.0
2024-12-06 01:00:00+00:00,34,1,19222,4.188,4.192,4.1835,4.1845,1053,HG.v.0
2024-12-06 02:00:00+00:00,34,1,19222,4.1845,4.207,4.1815,4.207,1060,HG.v.0
2024-12-06 03:00:00+00:00,34,1,19222,4.2065,4.228,4.2065,4.2265,2172,HG.v.0
2024-12-06 04:00:00+00:00,34,1,19222,4.2265,4.228,4.2195,4.225,500,HG.v.0
2024-12-06 05:00:00+00:00,34,1,19222,4.225,4.2255,4.2155,4.2255,775,HG.v.0
2024-12-06 06:00:00+00:00,34,1,19222,4.2255,4.235,4.2195,4.2195,1371,HG.v.0
2024-12-06 07:00:00+00:00,34,1,19222,4.219,4.2195,4.207,4.2175,1689,HG.v.0
2024-12-06 08:00:00+00:00,34,1,19222,4.217,4.2335,4.216,4.2305,2126,HG.v.0
2024-12-06 09:00:00+00:00,34,1,19222,4.23,4.2495,4.2285,4.246,2599,HG.v.0
2024-12-06 10:00:00+00:00,34,1,19222,4.2465,4.2465,4.2345,4.239,1510,HG.v.0
2024-12-06 11:00:00+00:00,34,1,19222,4.2385,4.2415,4.2315,4.232,889,HG.v.0
2024-12-06 12:00:00+00:00,34,1,19222,4.232,4.2405,4.2235,4.224,2751,HG.v.0
2024-12-06 13:00:00+00:00,34,1,19222,4.2235,4.253,4.216,4.2425,6708,HG.v.0
2024-12-06 14:00:00+00:00,34,1,19222,4.242,4.242,4.2045,4.2085,5433,HG.v.0
2024-12-06 15:00:00+00:00,34,1,19222,4.208,4.209,4.1945,4.2055,3020,HG.v.0
2024-12-06 16:00:00+00:00,34,1,19222,4.2055,4.2165,4.2015,4.21,1935,HG.v.0
2024-12-06 17:00:00+00:00,34,1,19222,4.21,4.21,4.1915,4.197,2974,HG.v.0
2024-12-06 18:00:00+00:00,34,1,19222,4.1975,4.206,4.194,4.196,1108,HG.v.0
2024-12-06 19:00:00+00:00,34,1,19222,4.196,4.198,4.192,4.197,489,HG.v.0
2024-12-06 20:00:00+00:00,34,1,19222,4.1975,4.1995,4.195,4.198,464,HG.v.0
2024-12-06 21:00:00+00:00,34,1,19222,4.1985,4.201,4.196,4.196,475,HG.v.0
2024-12-08 23:00:00+00:00,34,1,19222,4.2005,4.205,4.197,4.2045,440,HG.v.0
2024-12-09 00:00:00+00:00,34,1,19222,4.205,4.2055,4.1935,4.1955,501,HG.v.0
2024-12-09 01:00:00+00:00,34,1,19222,4.1955,4.2085,4.1955,4.207,1177,HG.v.0
2024-12-09 02:00:00+00:00,34,1,19222,4.207,4.217,4.206,4.2125,771,HG.v.0
2024-12-09 03:00:00+00:00,34,1,19222,4.212,4.212,4.192,4.1925,801,HG.v.0
2024-12-09 04:00:00+00:00,34,1,19222,4.1915,4.193,4.18,4.1895,1181,HG.v.0
2024-12-09 05:00:00+00:00,34,1,19222,4.19,4.195,4.1875,4.1935,596,HG.v.0
2024-12-09 06:00:00+00:00,34,1,19222,4.194,4.2,4.1915,4.197,534,HG.v.0
2024-12-09 07:00:00+00:00,34,1,19222,4.197,4.27,4.1925,4.268,8394,HG.v.0
2024-12-09 08:00:00+00:00,34,1,19222,4.268,4.2805,4.2545,4.2765,5933,HG.v.0
2024-12-09 09:00:00+00:00,34,1,19222,4.2775,4.279,4.266,4.2685,2605,HG.v.0
2024-12-09 10:00:00+00:00,34,1,19222,4.2685,4.274,4.2605,4.269,1792,HG.v.0
2024-12-09 11:00:00+00:00,34,1,19222,4.269,4.2755,4.2655,4.2665,2103,HG.v.0
2024-12-09 12:00:00+00:00,34,1,19222,4.266,4.277,4.262,4.275,3199,HG.v.0
2024-12-09 13:00:00+00:00,34,1,19222,4.275,4.296,4.2675,4.2915,7778,HG.v.0
2024-12-09 14:00:00+00:00,34,1,19222,4.291,4.292,4.273,4.285,4114,HG.v.0
2024-12-09 15:00:00+00:00,34,1,19222,4.285,4.2915,4.279,4.2835,3388,HG.v.0
2024-12-09 16:00:00+00:00,34,1,19222,4.283,4.287,4.273,4.2805,3618,HG.v.0
2024-12-09 17:00:00+00:00,34,1,19222,4.2805,4.284,4.274,4.276,3327,HG.v.0
2024-12-09 18:00:00+00:00,34,1,19222,4.2765,4.277,4.268,4.271,1502,HG.v.0
2024-12-09 19:00:00+00:00,34,1,19222,4.2715,4.2715,4.2595,4.2625,769,HG.v.0
2024-12-09 20:00:00+00:00,34,1,19222,4.2625,4.2625,4.2545,4.257,910,HG.v.0
2024-12-09 21:00:00+00:00,34,1,19222,4.2575,4.261,4.2575,4.261,424,HG.v.0
2024-12-09 23:00:00+00:00,34,1,19222,4.26,4.262,4.256,4.261,522,HG.v.0
2024-12-10 00:00:00+00:00,34,1,19222,4.261,4.268,4.2595,4.2665,661,HG.v.0
2024-12-10 01:00:00+00:00,34,1,19222,4.267,4.2725,4.2505,4.2625,2418,HG.v.0
2024-12-10 02:00:00+00:00,34,1,19222,4.2625,4.2745,4.2535,4.255,1809,HG.v.0
2024-12-10 03:00:00+00:00,34,1,19222,4.2555,4.258,4.2475,4.252,1374,HG.v.0
2024-12-10 04:00:00+00:00,34,1,19222,4.2515,4.256,4.2505,4.252,428,HG.v.0
2024-12-10 05:00:00+00:00,34,1,19222,4.2515,4.264,4.2445,4.263,1219,HG.v.0
2024-12-10 06:00:00+00:00,34,1,19222,4.263,4.263,4.248,4.255,1126,HG.v.0
2024-12-10 07:00:00+00:00,34,1,19222,4.255,4.257,4.237,4.2445,1718,HG.v.0
2024-12-10 08:00:00+00:00,34,1,19222,4.244,4.251,4.231,4.236,3378,HG.v.0
2024-12-10 09:00:00+00:00,34,1,19222,4.235,4.253,4.2335,4.25,1495,HG.v.0
2024-12-10 10:00:00+00:00,34,1,19222,4.25,4.257,4.243,4.2505,1352,HG.v.0
2024-12-10 11:00:00+00:00,34,1,19222,4.2505,4.26,4.248,4.2565,1293,HG.v.0
2024-12-10 12:00:00+00:00,34,1,19222,4.257,4.261,4.239,4.2475,2430,HG.v.0
2024-12-10 13:00:00+00:00,34,1,19222,4.2475,4.2525,4.2395,4.2505,3039,HG.v.0
2024-12-10 14:00:00+00:00,34,1,19222,4.2505,4.2555,4.2455,4.2535,3285,HG.v.0
2024-12-10 15:00:00+00:00,34,1,19222,4.254,4.277,4.2485,4.2595,4758,HG.v.0
2024-12-10 16:00:00+00:00,34,1,19222,4.2595,4.265,4.251,4.2635,2217,HG.v.0
2024-12-10 17:00:00+00:00,34,1,19222,4.2635,4.275,4.2585,4.2715,2978,HG.v.0
2024-12-10 18:00:00+00:00,34,1,19222,4.271,4.2735,4.268,4.2695,1237,HG.v.0
2024-12-10 19:00:00+00:00,34,1,19222,4.2695,4.279,4.269,4.272,920,HG.v.0
2024-12-10 20:00:00+00:00,34,1,19222,4.272,4.272,4.265,4.2675,733,HG.v.0
2024-12-10 21:00:00+00:00,34,1,19222,4.267,4.2745,4.2655,4.273,685,HG.v.0
2024-12-10 23:00:00+00:00,34,1,19222,4.2735,4.275,4.269,4.271,338,HG.v.0
2024-12-11 00:00:00+00:00,34,1,19222,4.271,4.283,4.2695,4.2805,873,HG.v.0
2024-12-11 01:00:00+00:00,34,1,19222,4.28,4.295,4.2745,4.2935,1974,HG.v.0
2024-12-11 02:00:00+00:00,34,1,19222,4.2925,4.3245,4.29,4.31,4347,HG.v.0
2024-12-11 03:00:00+00:00,34,1,19222,4.3095,4.313,4.304,4.304,1091,HG.v.0
2024-12-11 04:00:00+00:00,34,1,19222,4.304,4.309,4.289,4.295,972,HG.v.0
2024-12-11 05:00:00+00:00,34,1,19222,4.295,4.2955,4.2865,4.2895,1301,HG.v.0
2024-12-11 06:00:00+00:00,34,1,19222,4.289,4.293,4.278,4.286,994,HG.v.0
2024-12-11 07:00:00+00:00,34,1,19222,4.2865,4.2905,4.243,4.251,6128,HG.v.0
2024-12-11 08:00:00+00:00,34,1,19222,4.2505,4.2615,4.239,4.2515,2695,HG.v.0
2024-12-11 09:00:00+00:00,34,1,19222,4.251,4.251,4.2315,4.238,2160,HG.v.0
2024-12-11 10:00:00+00:00,34,1,19222,4.238,4.2475,4.2335,4.2405,1409,HG.v.0
2024-12-11 11:00:00+00:00,34,1,19222,4.241,4.257,4.238,4.254,1796,HG.v.0
2024-12-11 12:00:00+00:00,34,1,19222,4.2545,4.279,4.254,4.2585,4649,HG.v.0
2024-12-11 13:00:00+00:00,34,1,19222,4.259,4.2835,4.258,4.271,5295,HG.v.0
2024-12-11 14:00:00+00:00,34,1,19222,4.2705,4.274,4.2565,4.265,3589,HG.v.0
2024-12-11 15:00:00+00:00,34,1,19222,4.2655,4.2725,4.2485,4.2595,3899,HG.v.0
2024-12-11 16:00:00+00:00,34,1,19222,4.26,4.269,4.2575,4.268,3802,HG.v.0
2024-12-11 17:00:00+00:00,34,1,19222,4.2685,4.2735,4.259,4.263,2607,HG.v.0
2024-12-11 18:00:00+00:00,34,1,19222,4.263,4.2695,4.258,4.261,2342,HG.v.0
2024-12-11 19:00:00+00:00,34,1,19222,4.261,4.2685,4.2575,4.264,580,HG.v.0
2024-12-11 20:00:00+00:00,34,1,19222,4.264,4.2685,4.2585,4.2605,553,HG.v.0
2024-12-11 21:00:00+00:00,34,1,19222,4.26,4.2645,4.2595,4.2625,391,HG.v.0
2024-12-11 23:00:00+00:00,34,1,19222,4.2625,4.267,4.258,4.2655,363,HG.v.0
2024-12-12 00:00:00+00:00,34,1,19222,4.2655,4.2735,4.264,4.272,374,HG.v.0
2024-12-12 01:00:00+00:00,34,1,19222,4.2735,4.2795,4.2675,4.276,895,HG.v.0
2024-12-12 02:00:00+00:00,34,1,19222,4.276,4.2835,4.272,4.275,704,HG.v.0
2024-12-12 03:00:00+00:00,34,1,19222,4.275,4.2985,4.2745,4.2975,1283,HG.v.0
2024-12-12 04:00:00+00:00,34,1,19222,4.298,4.3075,4.2975,4.305,1154,HG.v.0
2024-12-12 05:00:00+00:00,34,1,19222,4.3055,4.306,4.294,4.296,1145,HG.v.0
2024-12-12 06:00:00+00:00,34,1,19222,4.2965,4.3085,4.2905,4.306,1407,HG.v.0
2024-12-12 07:00:00+00:00,34,1,19222,4.306,4.335,4.3055,4.321,3967,HG.v.0
2024-12-12 08:00:00+00:00,34,1,19222,4.321,4.33,4.2945,4.2945,3304,HG.v.0
2024-12-12 09:00:00+00:00,34,1,19222,4.2945,4.3105,4.2825,4.3,2974,HG.v.0
2024-12-12 10:00:00+00:00,34,1,19222,4.3,4.3115,4.2965,4.3015,1149,HG.v.0
2024-12-12 11:00:00+00:00,34,1,19222,4.302,4.3315,4.2715,4.2875,9338,HG.v.0
2024-12-12 12:00:00+00:00,34,1,19222,4.288,4.2965,4.2655,4.266,3629,HG.v.0
2024-12-12 13:00:00+00:00,34,1,19222,4.266,4.272,4.2465,4.2525,8157,HG.v.0
2024-12-12 14:00:00+00:00,34,1,19222,4.2525,4.258,4.2325,4.2525,6278,HG.v.0
2024-12-12 15:00:00+00:00,34,1,19222,4.252,4.2575,4.2175,4.225,6089,HG.v.0
2024-12-12 16:00:00+00:00,34,1,19222,4.225,4.242,4.224,4.2415,2859,HG.v.0
2024-12-12 17:00:00+00:00,34,1,19222,4.2415,4.252,4.2345,4.2445,3635,HG.v.0
2024-12-12 18:00:00+00:00,34,1,19222,4.245,4.246,4.237,4.24,1357,HG.v.0
2024-12-12 19:00:00+00:00,34,1,19222,4.239,4.2455,4.2345,4.235,532,HG.v.0
2024-12-12 20:00:00+00:00,34,1,19222,4.2355,4.244,4.2335,4.24,687,HG.v.0
2024-12-12 21:00:00+00:00,34,1,19222,4.24,4.2425,4.2375,4.2415,359,HG.v.0
2024-12-12 23:00:00+00:00,34,1,19222,4.2415,4.242,4.2305,4.232,395,HG.v.0
2024-12-13 00:00:00+00:00,34,1,19222,4.2325,4.235,4.228,4.2345,413,HG.v.0
2024-12-13 01:00:00+00:00,34,1,19222,4.234,4.2415,4.2235,4.2245,1487,HG.v.0
2024-12-13 02:00:00+00:00,34,1,19222,4.2245,4.232,4.2155,4.2265,941,HG.v.0
2024-12-13 03:00:00+00:00,34,1,19222,4.226,4.23,4.222,4.2265,426,HG.v.0
2024-12-13 04:00:00+00:00,34,1,19222,4.2265,4.233,4.224,4.2325,348,HG.v.0
2024-12-13 05:00:00+00:00,34,1,19222,4.2335,4.236,4.224,4.234,530,HG.v.0
2024-12-13 06:00:00+00:00,34,1,19222,4.235,4.239,4.2245,4.2355,697,HG.v.0
2024-12-13 07:00:00+00:00,34,1,19222,4.234,4.2345,4.221,4.2235,995,HG.v.0
2024-12-13 08:00:00+00:00,34,1,19222,4.223,4.2345,4.217,4.22,1508,HG.v.0
2024-12-13 09:00:00+00:00,34,1,19222,4.22,4.238,4.217,4.22,1633,HG.v.0
2024-12-13 10:00:00+00:00,34,1,19222,4.221,4.235,4.2195,4.2325,943,HG.v.0
2024-12-13 11:00:00+00:00,34,1,19222,4.2325,4.2375,4.2285,4.2295,826,HG.v.0
2024-12-13 12:00:00+00:00,34,1,19222,4.23,4.242,4.23,4.237,1593,HG.v.0
2024-12-13 13:00:00+00:00,34,1,19222,4.238,4.2435,4.2195,4.2215,2691,HG.v.0
2024-12-13 14:00:00+00:00,34,1,19222,4.221,4.221,4.197,4.198,5895,HG.v.0
2024-12-13 15:00:00+00:00,34,1,19222,4.1985,4.2015,4.186,4.1905,6108,HG.v.0
2024-12-13 16:00:00+00:00,34,1,19222,4.19,4.197,4.1845,4.1925,3408,HG.v.0
2024-12-13 17:00:00+00:00,34,1,19222,4.1925,4.203,4.189,4.1965,2623,HG.v.0
2024-12-13 18:00:00+00:00,34,1,19222,4.197,4.2005,4.194,4.194,1135,HG.v.0
2024-12-13 19:00:00+00:00,34,1,19222,4.1945,4.197,4.191,4.192,344,HG.v.0
2024-12-13 20:00:00+00:00,34,1,19222,4.1925,4.193,4.188,4.189,499,HG.v.0
2024-12-13 21:00:00+00:00,34,1,19222,4.1895,4.199,4.189,4.1955,513,HG.v.0
2024-12-15 23:00:00+00:00,34,1,19222,4.1965,4.204,4.194,4.2015,488,HG.v.0
2024-12-16 00:00:00+00:00,34,1,19222,4.202,4.203,4.195,4.196,385,HG.v.0
2024-12-16 01:00:00+00:00,34,1,19222,4.1965,4.2,4.1905,4.1995,1212,HG.v.0
2024-12-16 02:00:00+00:00,34,1,19222,4.1985,4.1985,4.174,4.1765,1701,HG.v.0
2024-12-16 03:00:00+00:00,34,1,19222,4.1765,4.183,4.174,4.179,567,HG.v.0
2024-12-16 04:00:00+00:00,34,1,19222,4.179,4.183,4.177,4.177,355,HG.v.0
2024-12-16 05:00:00+00:00,34,1,19222,4.177,4.18,4.172,4.18,1025,HG.v.0
2024-12-16 06:00:00+00:00,34,1,19222,4.1795,4.182,4.1735,4.1765,1145,HG.v.0
2024-12-16 07:00:00+00:00,34,1,19222,4.1765,4.1825,4.17,4.1745,1353,HG.v.0
2024-12-16 08:00:00+00:00,34,1,19222,4.175,4.1995,4.175,4.195,1969,HG.v.0
2024-12-16 09:00:00+00:00,34,1,19222,4.1955,4.2005,4.1825,4.1825,1277,HG.v.0
2024-12-16 10:00:00+00:00,34,1,19222,4.183,4.1885,4.1775,4.1795,944,HG.v.0
2024-12-16 11:00:00+00:00,34,1,19222,4.1795,4.1935,4.1735,4.19,1390,HG.v.0
2024-12-16 12:00:00+00:00,34,1,19222,4.1905,4.196,4.1825,4.1825,2080,HG.v.0
2024-12-16 13:00:00+00:00,34,1,19222,4.1825,4.219,4.1815,4.2085,5045,HG.v.0
2024-12-16 14:00:00+00:00,34,1,19222,4.2095,4.216,4.19,4.1945,2630,HG.v.0
2024-12-16 15:00:00+00:00,34,1,19222,4.195,4.1995,4.188,4.193,2089,HG.v.0
2024-12-16 16:00:00+00:00,34,1,19222,4.194,4.1965,4.1855,4.1905,1826,HG.v.0
2024-12-16 17:00:00+00:00,34,1,19222,4.1905,4.1965,4.1865,4.1915,1524,HG.v.0
2024-12-16 18:00:00+00:00,34,1,19222,4.1915,4.1945,4.1875,4.1925,1043,HG.v.0
2024-12-16 19:00:00+00:00,34,1,19222,4.1925,4.1945,4.19,4.191,388,HG.v.0
2024-12-16 20:00:00+00:00,34,1,19222,4.191,4.194,4.1895,4.192,562,HG.v.0
2024-12-16 21:00:00+00:00,34,1,19222,4.192,4.195,4.1905,4.1945,272,HG.v.0
2024-12-16 23:00:00+00:00,34,1,19222,4.1945,4.1965,4.1895,4.192,313,HG.v.0
2024-12-17 00:00:00+00:00,34,1,19222,4.1915,4.196,4.189,4.196,239,HG.v.0
2024-12-17 01:00:00+00:00,34,1,19222,4.195,4.196,4.187,4.1935,794,HG.v.0
2024-12-17 02:00:00+00:00,34,1,19222,4.1935,4.198,4.182,4.185,1283,HG.v.0
2024-12-17 03:00:00+00:00,34,1,19222,4.1845,4.186,4.1765,4.1785,680,HG.v.0
2024-12-17 04:00:00+00:00,34,1,19222,4.178,4.1795,4.172,4.1725,662,HG.v.0
2024-12-17 05:00:00+00:00,34,1,19222,4.1725,4.1845,4.17,4.1735,1195,HG.v.0
2024-12-17 06:00:00+00:00,34,1,19222,4.173,4.1755,4.169,4.1705,1357,HG.v.0
2024-12-17 07:00:00+00:00,34,1,19222,4.171,4.1775,4.1695,4.171,754,HG.v.0
2024-12-17 08:00:00+00:00,34,1,19222,4.1705,4.172,4.154,4.156,2008,HG.v.0
2024-12-17 09:00:00+00:00,34,1,19222,4.1565,4.1565,4.1445,4.1505,1519,HG.v.0
2024-12-17 10:00:00+00:00,34,1,19222,4.1505,4.154,4.1375,4.138,1891,HG.v.0
2024-12-17 11:00:00+00:00,34,1,19222,4.138,4.1435,4.1345,4.143,1324,HG.v.0
2024-12-17 12:00:00+00:00,34,1,19222,4.143,4.1485,4.14,4.1455,2206,HG.v.0
2024-12-17 13:00:00+00:00,34,1,19222,4.146,4.1515,4.133,4.143,4780,HG.v.0
2024-12-17 14:00:00+00:00,34,1,19222,4.143,4.1505,4.1375,4.14,3150,HG.v.0
2024-12-17 15:00:00+00:00,34,1,19222,4.14,4.15,4.137,4.142,2458,HG.v.0
2024-12-17 16:00:00+00:00,34,1,19222,4.142,4.146,4.1355,4.1395,2693,HG.v.0
2024-12-17 17:00:00+00:00,34,1,19222,4.1395,4.1495,4.1345,4.146,2877,HG.v.0
2024-12-17 18:00:00+00:00,34,1,19222,4.146,4.151,4.145,4.1475,1415,HG.v.0
2024-12-17 19:00:00+00:00,34,1,19222,4.148,4.1485,4.145,4.145,395,HG.v.0
2024-12-17 20:00:00+00:00,34,1,19222,4.145,4.146,4.1435,4.1445,727,HG.v.0
2024-12-17 21:00:00+00:00,34,1,19222,4.145,4.148,4.1445,4.1475,609,HG.v.0
2024-12-17 23:00:00+00:00,34,1,19222,4.147,4.149,4.1435,4.1455,172,HG.v.0
2024-12-18 00:00:00+00:00,34,1,19222,4.145,4.1475,4.144,4.1465,278,HG.v.0
2024-12-18 01:00:00+00:00,34,1,19222,4.147,4.151,4.1415,4.149,1140,HG.v.0
2024-12-18 02:00:00+00:00,34,1,19222,4.149,4.1505,4.135,4.1365,964,HG.v.0
2024-12-18 03:00:00+00:00,34,1,19222,4.136,4.1365,4.122,4.1255,1268,HG.v.0
2024-12-18 04:00:00+00:00,34,1,19222,4.1255,4.128,4.122,4.1255,372,HG.v.0
2024-12-18 05:00:00+00:00,34,1,19222,4.1255,4.136,4.1225,4.1315,908,HG.v.0
2024-12-18 06:00:00+00:00,34,1,19222,4.1315,4.1355,4.129,4.1305,927,HG.v.0
2024-12-18 07:00:00+00:00,34,1,19222,4.131,4.1315,4.1185,4.121,1074,HG.v.0
2024-12-18 08:00:00+00:00,34,1,19222,4.121,4.1395,4.1145,4.1375,1755,HG.v.0
2024-12-18 09:00:00+00:00,34,1,19222,4.1375,4.1465,4.1375,4.1455,1526,HG.v.0
2024-12-18 10:00:00+00:00,34,1,19222,4.146,4.157,4.1425,4.1555,1864,HG.v.0
2024-12-18 11:00:00+00:00,34,1,19222,4.1555,4.1635,4.1535,4.154,1308,HG.v.0
2024-12-18 12:00:00+00:00,34,1,19222,4.154,4.1575,4.1505,4.1535,1774,HG.v.0
2024-12-18 13:00:00+00:00,34,1,19222,4.1535,4.168,4.149,4.1615,3954,HG.v.0
2024-12-18 14:00:00+00:00,34,1,19222,4.1615,4.1695,4.159,4.159,2772,HG.v.0
2024-12-18 15:00:00+00:00,34,1,19222,4.159,4.1645,4.1535,4.1555,2326,HG.v.0
2024-12-18 16:00:00+00:00,34,1,19222,4.1555,4.1575,4.1475,4.1555,1917,HG.v.0
2024-12-18 17:00:00+00:00,34,1,19222,4.1555,4.1675,4.1525,4.1565,2486,HG.v.0
2024-12-18 18:00:00+00:00,34,1,19222,4.157,4.1655,4.157,4.1595,924,HG.v.0
2024-12-18 19:00:00+00:00,34,1,19222,4.16,4.16,4.1065,4.109,3792,HG.v.0
2024-12-18 20:00:00+00:00,34,1,19222,4.1095,4.1125,4.0895,4.098,3918,HG.v.0
2024-12-18 21:00:00+00:00,34,1,19222,4.0985,4.1005,4.0855,4.089,1374,HG.v.0
2024-12-18 23:00:00+00:00,34,1,19222,4.092,4.0975,4.083,4.0855,1102,HG.v.0
2024-12-19 00:00:00+00:00,34,1,19222,4.0855,4.1085,4.084,4.1035,1866,HG.v.0
2024-12-19 01:00:00+00:00,34,1,19222,4.1035,4.118,4.097,4.1085,5061,HG.v.0
2024-12-19 02:00:00+00:00,34,1,19222,4.108,4.1085,4.0965,4.105,1177,HG.v.0
2024-12-19 03:00:00+00:00,34,1,19222,4.1045,4.106,4.0915,4.0945,855,HG.v.0
2024-12-19 04:00:00+00:00,34,1,19222,4.0945,4.0945,4.08,4.085,1170,HG.v.0
2024-12-19 05:00:00+00:00,34,1,19222,4.0855,4.0965,4.0845,4.085,1251,HG.v.0
2024-12-19 06:00:00+00:00,34,1,19222,4.0845,4.1015,4.0795,4.101,1675,HG.v.0
2024-12-19 07:00:00+00:00,34,1,19222,4.101,4.1065,4.089,4.091,1578,HG.v.0
2024-12-19 08:00:00+00:00,34,1,19222,4.0915,4.099,4.083,4.095,1908,HG.v.0
2024-12-19 09:00:00+00:00,34,1,19222,4.095,4.1035,4.086,4.09,1641,HG.v.0
2024-12-19 10:00:00+00:00,34,1,19222,4.0895,4.101,4.0805,4.082,1853,HG.v.0
2024-12-19 11:00:00+00:00,34,1,19222,4.082,4.0915,4.082,4.0895,1088,HG.v.0
2024-12-19 12:00:00+00:00,34,1,19222,4.0895,4.0925,4.0825,4.0895,2254,HG.v.0
2024-12-19 13:00:00+00:00,34,1,19222,4.089,4.1015,4.0785,4.1,5329,HG.v.0
2024-12-19 14:00:00+00:00,34,1,19222,4.0995,4.1125,4.0935,4.0955,4821,HG.v.0
2024-12-19 15:00:00+00:00,34,1,19222,4.096,4.0985,4.088,4.0885,2923,HG.v.0
2024-12-19 16:00:00+00:00,34,1,19222,4.0885,4.0885,4.072,4.073,4374,HG.v.0
2024-12-19 17:00:00+00:00,34,1,19222,4.0725,4.0825,4.07,4.0765,3736,HG.v.0
2024-12-19 18:00:00+00:00,34,1,19222,4.0765,4.086,4.075,4.084,1441,HG.v.0
2024-12-19 19:00:00+00:00,34,1,19222,4.084,4.0855,4.0805,4.0815,565,HG.v.0
2024-12-19 20:00:00+00:00,34,1,19222,4.082,4.0865,4.0815,4.0845,590,HG.v.0
2024-12-19 21:00:00+00:00,34,1,19222,4.0845,4.085,4.0805,4.083,421,HG.v.0
2024-12-19 23:00:00+00:00,34,1,19222,4.0845,4.0845,4.077,4.0805,420,HG.v.0
2024-12-20 00:00:00+00:00,34,1,19222,4.0805,4.082,4.0765,4.08,352,HG.v.0
2024-12-20 01:00:00+00:00,34,1,19222,4.08,4.094,4.078,4.091,1654,HG.v.0
2024-12-20 02:00:00+00:00,34,1,19222,4.091,4.0925,4.082,4.09,862,HG.v.0
2024-12-20 03:00:00+00:00,34,1,19222,4.089,4.0945,4.0825,4.087,583,HG.v.0
2024-12-20 04:00:00+00:00,34,1,19222,4.0875,4.094,4.0865,4.093,255,HG.v.0
2024-12-20 05:00:00+00:00,34,1,19222,4.0935,4.0995,4.089,4.0955,670,HG.v.0
2024-12-20 06:00:00+00:00,34,1,19222,4.095,4.105,4.0895,4.1,956,HG.v.0
2024-12-20 07:00:00+00:00,34,1,19222,4.0995,4.1015,4.079,4.0945,1174,HG.v.0
2024-12-20 08:00:00+00:00,34,1,19222,4.0945,4.112,4.0885,4.105,2441,HG.v.0
2024-12-20 09:00:00+00:00,34,1,19222,4.105,4.1115,4.086,4.091,1336,HG.v.0
2024-12-20 10:00:00+00:00,34,1,19222,4.0905,4.0925,4.076,4.0765,1538,HG.v.0
2024-12-20 11:00:00+00:00,34,1,19222,4.076,4.085,4.07,4.083,1644,HG.v.0
2024-12-20 12:00:00+00:00,34,1,19222,4.0835,4.0935,4.082,4.0925,1782,HG.v.0
2024-12-20 13:00:00+00:00,34,1,19222,4.0925,4.0935,4.078,4.0825,4565,HG.v.0
2024-12-20 14:00:00+00:00,34,1,19222,4.082,4.0855,4.075,4.0795,3230,HG.v.0
2024-12-20 15:00:00+00:00,34,1,19222,4.0795,4.0995,4.079,4.099,3777,HG.v.0
2024-12-20 16:00:00+00:00,34,1,19222,4.099,4.107,4.0955,4.1,2603,HG.v.0
2024-12-20 17:00:00+00:00,34,1,19222,4.0995,4.108,4.092,4.1015,2913,HG.v.0
2024-12-20 18:00:00+00:00,34,1,19222,4.102,4.111,4.1,4.106,1293,HG.v.0
2024-12-20 19:00:00+00:00,34,1,19222,4.106,4.1105,4.103,4.106,550,HG.v.0
2024-12-20 20:00:00+00:00,34,1,19222,4.1065,4.1065,4.0955,4.097,853,HG.v.0
2024-12-20 21:00:00+00:00,34,1,19222,4.097,4.1005,4.0965,4.0985,442,HG.v.0
2024-12-22 23:00:00+00:00,34,1,19222,4.0985,4.113,4.095,4.1115,590,HG.v.0
2024-12-23 00:00:00+00:00,34,1,19222,4.1115,4.114,4.107,4.108,513,HG.v.0
2024-12-23 01:00:00+00:00,34,1,19222,4.108,4.122,4.1065,4.116,1689,HG.v.0
2024-12-23 02:00:00+00:00,34,1,19222,4.1155,4.126,4.1125,4.125,636,HG.v.0
2024-12-23 03:00:00+00:00,34,1,19222,4.125,4.128,4.119,4.1195,470,HG.v.0
2024-12-23 04:00:00+00:00,34,1,19222,4.12,4.1245,4.1185,4.124,233,HG.v.0
2024-12-23 05:00:00+00:00,34,1,19222,4.124,4.1275,4.1185,4.1185,497,HG.v.0
2024-12-23 06:00:00+00:00,34,1,19222,4.119,4.121,4.11,4.116,817,HG.v.0
2024-12-23 07:00:00+00:00,34,1,19222,4.116,4.122,4.1105,4.111,714,HG.v.0
2024-12-23 08:00:00+00:00,34,1,19222,4.11,4.116,4.1005,4.113,1392,HG.v.0
2024-12-23 09:00:00+00:00,34,1,19222,4.1125,4.1285,4.111,4.1215,1114,HG.v.0
2024-12-23 10:00:00+00:00,34,1,19222,4.1225,4.1255,4.116,4.121,610,HG.v.0
2024-12-23 11:00:00+00:00,34,1,19222,4.12,4.125,4.111,4.1145,718,HG.v.0
2024-12-23 12:00:00+00:00,34,1,19222,4.1145,4.115,4.101,4.1065,1543,HG.v.0
2024-12-23 13:00:00+00:00,34,1,19222,4.106,4.1135,4.0965,4.0965,3057,HG.v.0
2024-12-23 14:00:00+00:00,34,1,19222,4.0965,4.0995,4.0875,4.093,3231,HG.v.0
2024-12-23 15:00:00+00:00,34,1,19222,4.0935,4.0935,4.077,4.078,4322,HG.v.0
2024-12-23 16:00:00+00:00,34,1,19222,4.0775,4.085,4.0755,4.0815,2786,HG.v.0
2024-12-23 17:00:00+00:00,34,1,19222,4.0815,4.0895,4.079,4.085,2906,HG.v.0
2024-12-23 18:00:00+00:00,34,1,19222,4.0845,4.095,4.0845,4.094,1562,HG.v.0
2024-12-23 19:00:00+00:00,34,1,19222,4.0935,4.0965,4.091,4.096,464,HG.v.0
2024-12-23 20:00:00+00:00,34,1,19222,4.096,4.0965,4.0915,4.096,508,HG.v.0
2024-12-23 21:00:00+00:00,34,1,19222,4.0965,4.0975,4.093,4.0945,365,HG.v.0
2024-12-23 23:00:00+00:00,34,1,19222,4.0945,4.099,4.093,4.0955,329,HG.v.0
2024-12-24 00:00:00+00:00,34,1,19222,4.0955,4.0985,4.0895,4.0905,483,HG.v.0
2024-12-24 01:00:00+00:00,34,1,19222,4.091,4.0965,4.085,4.0955,975,HG.v.0
2024-12-24 02:00:00+00:00,34,1,19222,4.0955,4.1055,4.095,4.0955,960,HG.v.0
2024-12-24 03:00:00+00:00,34,1,19222,4.095,4.0975,4.089,4.0915,382,HG.v.0
2024-12-24 04:00:00+00:00,34,1,19222,4.0915,4.0965,4.087,4.0965,217,HG.v.0
2024-12-24 05:00:00+00:00,34,1,19222,4.097,4.105,4.0945,4.1015,614,HG.v.0
2024-12-24 06:00:00+00:00,34,1,19222,4.101,4.1045,4.096,4.1035,739,HG.v.0
2024-12-24 07:00:00+00:00,34,1,19222,4.103,4.1115,4.1015,4.1035,942,HG.v.0
2024-12-24 08:00:00+00:00,34,1,19222,4.1045,4.118,4.101,4.1155,1364,HG.v.0
2024-12-24 09:00:00+00:00,34,1,19222,4.1155,4.12,4.1055,4.1075,1243,HG.v.0
2024-12-24 10:00:00+00:00,34,1,19222,4.1075,4.1195,4.107,4.1175,639,HG.v.0
2024-12-24 11:00:00+00:00,34,1,19222,4.1175,4.1235,4.1085,4.114,893,HG.v.0
2024-12-24 12:00:00+00:00,34,1,19222,4.1145,4.119,4.1035,4.105,1136,HG.v.0
2024-12-24 13:00:00+00:00,34,1,19222,4.1045,4.1095,4.1,4.1025,1835,HG.v.0
2024-12-24 14:00:00+00:00,34,1,19222,4.1025,4.109,4.0965,4.098,1949,HG.v.0
2024-12-24 15:00:00+00:00,34,1,19222,4.098,4.105,4.094,4.102,1382,HG.v.0
2024-12-24 16:00:00+00:00,34,1,19222,4.102,4.1165,4.102,4.1095,1956,HG.v.0
2024-12-24 17:00:00+00:00,34,1,19222,4.109,4.1105,4.102,4.1025,1090,HG.v.0
2024-12-24 18:00:00+00:00,34,1,19222,4.103,4.1055,4.1015,4.1025,296,HG.v.0
2024-12-25 23:00:00+00:00,34,1,19222,4.115,4.115,4.102,4.104,570,HG.v.0
2024-12-26 00:00:00+00:00,34,1,19222,4.104,4.113,4.104,4.112,366,HG.v.0
2024-12-26 01:00:00+00:00,34,1,19222,4.1125,4.114,4.1045,4.1095,915,HG.v.0
2024-12-26 02:00:00+00:00,34,1,19222,4.109,4.1125,4.105,4.1125,543,HG.v.0
2024-12-26 03:00:00+00:00,34,1,19222,4.1125,4.1145,4.1065,4.107,356,HG.v.0
2024-12-26 04:00:00+00:00,34,1,19222,4.1065,4.1065,4.0955,4.096,456,HG.v.0
2024-12-26 05:00:00+00:00,34,1,19222,4.096,4.1,4.092,4.0935,1005,HG.v.0
2024-12-26 06:00:00+00:00,34,1,19222,4.093,4.0995,4.092,4.0935,478,HG.v.0
2024-12-26 07:00:00+00:00,34,1,19222,4.094,4.094,4.0725,4.09,1302,HG.v.0
2024-12-26 08:00:00+00:00,34,1,19222,4.09,4.1,4.084,4.094,1217,HG.v.0
2024-12-26 09:00:00+00:00,34,1,19222,4.094,4.102,4.091,4.101,395,HG.v.0
2024-12-26 10:00:00+00:00,34,1,19222,4.1005,4.117,4.1,4.115,969,HG.v.0
2024-12-26 11:00:00+00:00,34,1,19222,4.1155,4.1285,4.1115,4.126,1104,HG.v.0
2024-12-26 12:00:00+00:00,34,1,19222,4.1265,4.138,4.1265,4.136,2781,HG.v.0
2024-12-26 13:00:00+00:00,34,1,19222,4.1355,4.1455,4.1215,4.128,3706,HG.v.0
2024-12-26 14:00:00+00:00,34,1,19222,4.1285,4.1325,4.1215,4.131,1248,HG.v.0
2024-12-26 15:00:00+00:00,34,1,19222,4.131,4.138,4.126,4.133,1456,HG.v.0
2024-12-26 16:00:00+00:00,34,1,19222,4.1335,4.138,4.125,4.1355,1285,HG.v.0
2024-12-26 17:00:00+00:00,34,1,19222,4.136,4.1395,4.1225,4.1265,1472,HG.v.0
2024-12-26 18:00:00+00:00,34,1,19222,4.1265,4.134,4.125,4.128,862,HG.v.0
2024-12-26 19:00:00+00:00,34,1,19222,4.1275,4.1365,4.127,4.1355,419,HG.v.0
2024-12-26 20:00:00+00:00,34,1,19222,4.135,4.1455,4.134,4.1395,1147,HG.v.0
2024-12-26 21:00:00+00:00,34,1,19222,4.1395,4.141,4.136,4.1385,371,HG.v.0
2024-12-26 23:00:00+00:00,34,1,19222,4.1365,4.142,4.1345,4.1405,320,HG.v.0
2024-12-27 00:00:00+00:00,34,1,19222,4.1415,4.142,4.1335,4.134,355,HG.v.0
2024-12-27 01:00:00+00:00,34,1,19222,4.134,4.1385,4.128,4.129,1025,HG.v.0
2024-12-27 02:00:00+00:00,34,1,19222,4.129,4.1375,4.125,4.1325,777,HG.v.0
2024-12-27 03:00:00+00:00,34,1,19222,4.1325,4.151,4.131,4.1465,943,HG.v.0
2024-12-27 04:00:00+00:00,34,1,19222,4.147,4.1485,4.14,4.1405,459,HG.v.0
2024-12-27 05:00:00+00:00,34,1,19222,4.14,4.143,4.132,4.133,459,HG.v.0
2024-12-27 06:00:00+00:00,34,1,19222,4.1325,4.135,4.124,4.126,849,HG.v.0
2024-12-27 07:00:00+00:00,34,1,19222,4.1255,4.1285,4.113,4.1175,1143,HG.v.0
2024-12-27 08:00:00+00:00,34,1,19222,4.117,4.118,4.108,4.113,1150,HG.v.0
2024-12-27 09:00:00+00:00,34,1,19222,4.113,4.122,4.112,4.115,1052,HG.v.0
2024-12-27 10:00:00+00:00,34,1,19222,4.1145,4.118,4.109,4.116,709,HG.v.0
2024-12-27 11:00:00+00:00,34,1,19222,4.116,4.1265,4.1135,4.1245,720,HG.v.0
2024-12-27 12:00:00+00:00,34,1,19222,4.1255,4.1285,4.1145,4.1175,1165,HG.v.0
2024-12-27 13:00:00+00:00,34,1,19222,4.118,4.127,4.1115,4.1255,2478,HG.v.0
2024-12-27 14:00:00+00:00,34,1,19222,4.1255,4.1345,4.1225,4.1265,2300,HG.v.0
2024-12-27 15:00:00+00:00,34,1,19222,4.126,4.126,4.1155,4.1225,1980,HG.v.0
2024-12-27 16:00:00+00:00,34,1,19222,4.1225,4.1345,4.121,4.1225,1976,HG.v.0
2024-12-27 17:00:00+00:00,34,1,19222,4.1225,4.1235,4.1155,4.122,2086,HG.v.0
2024-12-27 18:00:00+00:00,34,1,19222,4.1225,4.133,4.1195,4.129,891,HG.v.0
2024-12-27 19:00:00+00:00,34,1,19222,4.1285,4.131,4.127,4.131,295,HG.v.0
2024-12-27 20:00:00+00:00,34,1,19222,4.1305,4.1305,4.1215,4.126,487,HG.v.0
2024-12-27 21:00:00+00:00,34,1,19222,4.126,4.1285,4.126,4.127,211,HG.v.0
2024-12-29 23:00:00+00:00,34,1,19222,4.126,4.1395,4.126,4.1375,528,HG.v.0
2024-12-30 00:00:00+00:00,34,1,19222,4.137,4.139,4.1295,4.132,358,HG.v.0
2024-12-30 01:00:00+00:00,34,1,19222,4.131,4.1395,4.127,4.1385,988,HG.v.0
2024-12-30 02:00:00+00:00,34,1,19222,4.139,4.139,4.1325,4.134,488,HG.v.0
2024-12-30 03:00:00+00:00,34,1,19222,4.134,4.139,4.131,4.139,266,HG.v.0
2024-12-30 04:00:00+00:00,34,1,19222,4.1385,4.1395,4.134,4.1385,173,HG.v.0
2024-12-30 05:00:00+00:00,34,1,19222,4.138,4.1485,4.134,4.139,1126,HG.v.0
2024-12-30 06:00:00+00:00,34,1,19222,4.1395,4.146,4.136,4.137,558,HG.v.0
2024-12-30 07:00:00+00:00,34,1,19222,4.1365,4.137,4.126,4.127,846,HG.v.0
2024-12-30 08:00:00+00:00,34,1,19222,4.127,4.129,4.113,4.115,1678,HG.v.0
2024-12-30 09:00:00+00:00,34,1,19222,4.1145,4.1175,4.1065,4.1105,1409,HG.v.0
2024-12-30 10:00:00+00:00,34,1,19222,4.11,4.121,4.11,4.1145,512,HG.v.0
2024-12-30 11:00:00+00:00,34,1,19222,4.115,4.122,4.1115,4.112,628,HG.v.0
2024-12-30 12:00:00+00:00,34,1,19222,4.112,4.117,4.1095,4.1135,1266,HG.v.0
2024-12-30 13:00:00+00:00,34,1,19222,4.113,4.114,4.098,4.099,3280,HG.v.0
2024-12-30 14:00:00+00:00,34,1,19222,4.0985,4.1045,4.094,4.0965,2770,HG.v.0
2024-12-30 15:00:00+00:00,34,1,19222,4.096,4.096,4.0815,4.0835,3005,HG.v.0
2024-12-30 16:00:00+00:00,34,1,19222,4.083,4.088,4.0815,4.086,2282,HG.v.0
2024-12-30 17:00:00+00:00,34,1,19222,4.086,4.0945,4.0855,4.0925,2599,HG.v.0
2024-12-30 18:00:00+00:00,34,1,19222,4.093,4.099,4.0915,4.097,1086,HG.v.0
2024-12-30 19:00:00+00:00,34,1,19222,4.098,4.099,4.0935,4.0955,278,HG.v.0
2024-12-30 20:00:00+00:00,34,1,19222,4.0955,4.1015,4.095,4.095,655,HG.v.0
2024-12-30 21:00:00+00:00,34,1,19222,4.095,4.0955,4.089,4.09,917,HG.v.0
2024-12-30 23:00:00+00:00,34,1,19222,4.09,4.0945,4.089,4.091,525,HG.v.0
2024-12-31 00:00:00+00:00,34,1,19222,4.091,4.092,4.0865,4.091,297,HG.v.0
2024-12-31 01:00:00+00:00,34,1,19222,4.0915,4.098,4.0875,4.0925,1079,HG.v.0
2024-12-31 02:00:00+00:00,34,1,19222,4.0925,4.098,4.089,4.092,486,HG.v.0
2024-12-31 03:00:00+00:00,34,1,19222,4.091,4.092,4.078,4.079,882,HG.v.0
2024-12-31 04:00:00+00:00,34,1,19222,4.079,4.0885,4.0785,4.0875,540,HG.v.0
2024-12-31 05:00:00+00:00,34,1,19222,4.088,4.092,4.0795,4.0825,634,HG.v.0
2024-12-31 06:00:00+00:00,34,1,19222,4.082,4.0835,4.078,4.081,718,HG.v.0
2024-12-31 07:00:00+00:00,34,1,19222,4.0805,4.0835,4.0785,4.083,695,HG.v.0
2024-12-31 08:00:00+00:00,34,1,19222,4.083,4.089,4.0545,4.0685,3578,HG.v.0
2024-12-31 09:00:00+00:00,34,1,19222,4.0675,4.0685,4.0545,4.0635,1316,HG.v.0
2024-12-31 10:00:00+00:00,34,1,19222,4.063,4.063,4.0465,4.0535,1515,HG.v.0
2024-12-31 11:00:00+00:00,34,1,19222,4.0535,4.0635,4.051,4.0555,1283,HG.v.0
2024-12-31 12:00:00+00:00,34,1,19222,4.0565,4.0595,4.036,4.037,2652,HG.v.0
2024-12-31 13:00:00+00:00,34,1,19222,4.0375,4.04,4.0175,4.029,4486,HG.v.0
2024-12-31 14:00:00+00:00,34,1,19222,4.029,4.035,4.0075,4.033,4965,HG.v.0
2024-12-31 15:00:00+00:00,34,1,19222,4.0325,4.0395,4.024,4.0255,2505,HG.v.0
2024-12-31 16:00:00+00:00,34,1,19222,4.0255,4.0285,4.0175,4.0205,1726,HG.v.0
2024-12-31 17:00:00+00:00,34,1,19222,4.0205,4.0305,4.0175,4.026,2801,HG.v.0
2024-12-31 18:00:00+00:00,34,1,19222,4.026,4.027,4.0205,4.0215,1305,HG.v.0
2024-12-31 19:00:00+00:00,34,1,19222,4.022,4.0245,4.016,4.023,808,HG.v.0
2024-12-31 20:00:00+00:00,34,1,19222,4.023,4.0265,4.0215,4.0235,434,HG.v.0
2024-12-31 21:00:00+00:00,34,1,19222,4.0235,4.025,4.022,4.0235,246,HG.v.0
2025-01-01 23:00:00+00:00,34,1,19222,4.031,4.0345,4.0215,4.032,847,HG.v.0
2025-01-02 00:00:00+00:00,34,1,19222,4.032,4.044,4.0285,4.0385,1519,HG.v.0
2025-01-02 01:00:00+00:00,34,1,19222,4.0385,4.051,4.023,4.0435,3922,HG.v.0
2025-01-02 02:00:00+00:00,34,1,19222,4.0435,4.0545,4.0425,4.054,1386,HG.v.0
2025-01-02 03:00:00+00:00,34,1,19222,4.053,4.058,4.042,4.046,1128,HG.v.0
2025-01-02 04:00:00+00:00,34,1,19222,4.0465,4.0515,4.042,4.046,401,HG.v.0
2025-01-02 05:00:00+00:00,34,1,19222,4.0465,4.052,4.0435,4.052,828,HG.v.0
2025-01-02 06:00:00+00:00,34,1,19222,4.0515,4.052,4.0425,4.044,1155,HG.v.0
2025-01-02 07:00:00+00:00,34,1,19222,4.0435,4.0445,4.0195,4.0295,1804,HG.v.0
2025-01-02 08:00:00+00:00,34,1,19222,4.03,4.033,4.014,4.0185,2103,HG.v.0
2025-01-02 09:00:00+00:00,34,1,19222,4.019,4.0245,4.01,4.012,1410,HG.v.0
2025-01-02 10:00:00+00:00,34,1,19222,4.012,4.014,4.005,4.0075,1507,HG.v.0
2025-01-02 11:00:00+00:00,34,1,19222,4.0075,4.022,4.007,4.0215,1554,HG.v.0
2025-01-02 12:00:00+00:00,34,1,19222,4.022,4.0245,4.0165,4.0235,1873,HG.v.0
2025-01-02 13:00:00+00:00,34,1,19222,4.023,4.035,4.0095,4.019,5403,HG.v.0
2025-01-02 14:00:00+00:00,34,1,19222,4.0195,4.0285,4.0085,4.0135,3509,HG.v.0
2025-01-02 15:00:00+00:00,34,1,19222,4.0135,4.0285,4.007,4.026,3508,HG.v.0
2025-01-02 16:00:00+00:00,34,1,19222,4.0255,4.0325,4.0105,4.0295,3610,HG.v.0
2025-01-02 17:00:00+00:00,34,1,19222,4.029,4.037,4.022,4.025,3309,HG.v.0
2025-01-02 18:00:00+00:00,34,1,19222,4.025,4.0275,4.0205,4.024,1320,HG.v.0
2025-01-02 19:00:00+00:00,34,1,19222,4.025,4.0305,4.0225,4.0265,489,HG.v.0
2025-01-02 20:00:00+00:00,34,1,19222,4.027,4.038,4.027,4.035,1007,HG.v.0
2025-01-02 21:00:00+00:00,34,1,19222,4.035,4.0385,4.035,4.036,382,HG.v.0
2025-01-02 23:00:00+00:00,34,1,19222,4.035,4.036,4.0275,4.0275,371,HG.v.0
2025-01-03 00:00:00+00:00,34,1,19222,4.0275,4.0355,4.0275,4.0345,462,HG.v.0
2025-01-03 01:00:00+00:00,34,1,19222,4.0345,4.0355,4.027,4.03,1129,HG.v.0
2025-01-03 02:00:00+00:00,34,1,19222,4.03,4.047,4.0285,4.034,1244,HG.v.0
2025-01-03 03:00:00+00:00,34,1,19222,4.034,4.036,4.0215,4.025,689,HG.v.0
2025-01-03 04:00:00+00:00,34,1,19222,4.025,4.031,4.024,4.0305,429,HG.v.0
2025-01-03 05:00:00+00:00,34,1,19222,4.03,4.031,4.019,4.0225,967,HG.v.0
2025-01-03 06:00:00+00:00,34,1,19222,4.0215,4.031,4.0205,4.024,972,HG.v.0
2025-01-03 07:00:00+00:00,34,1,19222,4.0235,4.026,4.009,4.0255,1356,HG.v.0
2025-01-03 08:00:00+00:00,34,1,19222,4.026,4.0425,4.026,4.0305,2464,HG.v.0
2025-01-03 09:00:00+00:00,34,1,19222,4.031,4.039,4.028,4.031,1269,HG.v.0
2025-01-03 10:00:00+00:00,34,1,19222,4.031,4.034,4.0225,4.0265,746,HG.v.0
2025-01-03 11:00:00+00:00,34,1,19222,4.0265,4.0415,4.025,4.0385,1039,HG.v.0
2025-01-03 12:00:00+00:00,34,1,19222,4.0385,4.0415,4.0325,4.0355,1686,HG.v.0
2025-01-03 13:00:00+00:00,34,1,19222,4.0345,4.066,4.028,4.0615,5997,HG.v.0
2025-01-03 14:00:00+00:00,34,1,19222,4.062,4.0705,4.05,4.053,4613,HG.v.0
2025-01-03 15:00:00+00:00,34,1,19222,4.0525,4.0615,4.046,4.06,2703,HG.v.0
2025-01-03 16:00:00+00:00,34,1,19222,4.0605,4.0725,4.0605,4.0695,3355,HG.v.0
2025-01-03 17:00:00+00:00,34,1,19222,4.069,4.0825,4.069,4.0735,3479,HG.v.0
2025-01-03 18:00:00+00:00,34,1,19222,4.0735,4.077,4.069,4.0725,1413,HG.v.0
2025-01-03 19:00:00+00:00,34,1,19222,4.072,4.0775,4.0705,4.0755,467,HG.v.0
2025-01-03 20:00:00+00:00,34,1,19222,4.075,4.0805,4.0715,4.073,1383,HG.v.0
2025-01-03 21:00:00+00:00,34,1,19222,4.0725,4.078,4.0715,4.0765,627,HG.v.0
2025-01-05 23:00:00+00:00,34,1,19222,4.0765,4.0805,4.074,4.077,514,HG.v.0
2025-01-06 00:00:00+00:00,34,1,19222,4.0775,4.0785,4.07,4.075,529,HG.v.0
2025-01-06 01:00:00+00:00,34,1,19222,4.0745,4.092,4.067,4.077,2413,HG.v.0
2025-01-06 02:00:00+00:00,34,1,19222,4.0775,4.0895,4.074,4.081,940,HG.v.0
2025-01-06 03:00:00+00:00,34,1,19222,4.0815,4.0835,4.067,4.069,720,HG.v.0
2025-01-06 04:00:00+00:00,34,1,19222,4.0695,4.07,4.064,4.0655,324,HG.v.0
2025-01-06 05:00:00+00:00,34,1,19222,4.065,4.068,4.061,4.0615,893,HG.v.0
2025-01-06 06:00:00+00:00,34,1,19222,4.0615,4.0695,4.0585,4.0625,641,HG.v.0
2025-01-06 07:00:00+00:00,34,1,19222,4.0625,4.0795,4.0625,4.079,1047,HG.v.0
2025-01-06 08:00:00+00:00,34,1,19222,4.079,4.0965,4.075,4.094,2351,HG.v.0
2025-01-06 09:00:00+00:00,34,1,19222,4.0935,4.0975,4.0875,4.093,1450,HG.v.0
2025-01-06 10:00:00+00:00,34,1,19222,4.093,4.094,4.0745,4.076,952,HG.v.0
2025-01-06 11:00:00+00:00,34,1,19222,4.0755,4.159,4.07,4.1535,12385,HG.v.0
2025-01-06 12:00:00+00:00,34,1,19222,4.1535,4.175,4.1485,4.168,7089,HG.v.0
2025-01-06 13:00:00+00:00,34,1,19222,4.168,4.2005,4.1665,4.179,14273,HG.v.0
2025-01-06 14:00:00+00:00,34,1,19222,4.179,4.1905,4.1325,4.181,14617,HG.v.0
2025-01-06 15:00:00+00:00,34,1,19222,4.181,4.198,4.181,4.1915,6923,HG.v.0
2025-01-06 16:00:00+00:00,34,1,19222,4.192,4.1935,4.1755,4.1805,4205,HG.v.0
2025-01-06 17:00:00+00:00,34,1,19222,4.1805,4.1805,4.1585,4.1605,4432,HG.v.0
2025-01-06 18:00:00+00:00,34,1,19222,4.16,4.1605,4.151,4.1525,2259,HG.v.0
2025-01-06 19:00:00+00:00,34,1,19222,4.1515,4.156,4.1475,4.15,1071,HG.v.0
2025-01-06 20:00:00+00:00,34,1,19222,4.149,4.1545,4.1485,4.1515,580,HG.v.0
2025-01-06 21:00:00+00:00,34,1,19222,4.152,4.153,4.149,4.1515,355,HG.v.0
2025-01-06 23:00:00+00:00,34,1,19222,4.152,4.153,4.1475,4.15,487,HG.v.0
2025-01-07 00:00:00+00:00,34,1,19222,4.151,4.1555,4.149,4.155,585,HG.v.0
2025-01-07 01:00:00+00:00,34,1,19222,4.1545,4.1615,4.1485,4.157,1824,HG.v.0
2025-01-07 02:00:00+00:00,34,1,19222,4.157,4.1645,4.141,4.1445,1353,HG.v.0
2025-01-07 03:00:00+00:00,34,1,19222,4.144,4.155,4.1405,4.153,1100,HG.v.0
2025-01-07 04:00:00+00:00,34,1,19222,4.154,4.1585,4.1525,4.1535,397,HG.v.0
2025-01-07 05:00:00+00:00,34,1,19222,4.153,4.164,4.1505,4.1595,557,HG.v.0
2025-01-07 06:00:00+00:00,34,1,19222,4.1605,4.1685,4.159,4.166,886,HG.v.0
2025-01-07 07:00:00+00:00,34,1,19222,4.166,4.1895,4.166,4.1845,1988,HG.v.0
2025-01-07 08:00:00+00:00,34,1,19222,4.1845,4.1925,4.178,4.178,2668,HG.v.0
2025-01-07 09:00:00+00:00,34,1,19222,4.1785,4.196,4.1785,4.191,1920,HG.v.0
2025-01-07 10:00:00+00:00,34,1,19222,4.1905,4.1985,4.185,4.1965,1120,HG.v.0
2025-01-07 11:00:00+00:00,34,1,19222,4.1965,4.201,4.1785,4.181,1978,HG.v.0
2025-01-07 12:00:00+00:00,34,1,19222,4.1815,4.191,4.177,4.187,2357,HG.v.0
2025-01-07 13:00:00+00:00,34,1,19222,4.1875,4.213,4.1835,4.2085,7148,HG.v.0
2025-01-07 14:00:00+00:00,34,1,19222,4.2085,4.2085,4.1925,4.197,5087,HG.v.0
2025-01-07 15:00:00+00:00,34,1,19222,4.1965,4.2065,4.177,4.201,6266,HG.v.0
2025-01-07 16:00:00+00:00,34,1,19222,4.201,4.204,4.187,4.1895,3339,HG.v.0
2025-01-07 17:00:00+00:00,34,1,19222,4.19,4.199,4.1895,4.1955,4007,HG.v.0
2025-01-07 18:00:00+00:00,34,1,19222,4.1955,4.196,4.186,4.187,1209,HG.v.0
2025-01-07 19:00:00+00:00,34,1,19222,4.187,4.189,4.182,4.184,573,HG.v.0
2025-01-07 20:00:00+00:00,34,1,19222,4.184,4.184,4.1755,4.178,801,HG.v.0
2025-01-07 21:00:00+00:00,34,1,19222,4.1785,4.1815,4.176,4.177,293,HG.v.0
2025-01-07 23:00:00+00:00,34,1,19222,4.1765,4.186,4.1765,4.1845,384,HG.v.0
2025-01-08 00:00:00+00:00,34,1,19222,4.185,4.1875,4.1815,4.184,372,HG.v.0
2025-01-08 01:00:00+00:00,34,1,19222,4.184,4.1925,4.1825,4.1895,1023,HG.v.0
2025-01-08 02:00:00+00:00,34,1,19222,4.189,4.1995,4.188,4.197,739,HG.v.0
2025-01-08 03:00:00+00:00,34,1,19222,4.197,4.197,4.185,4.1855,704,HG.v.0
2025-01-08 04:00:00+00:00,34,1,19222,4.1855,4.189,4.182,4.1865,436,HG.v.0
2025-01-08 05:00:00+00:00,34,1,19222,4.1865,4.199,4.185,4.197,789,HG.v.0
2025-01-08 06:00:00+00:00,34,1,19222,4.198,4.204,4.1945,4.2,1132,HG.v.0
2025-01-08 07:00:00+00:00,34,1,19222,4.198,4.203,4.1905,4.2,973,HG.v.0
2025-01-08 08:00:00+00:00,34,1,19222,4.2005,4.221,4.192,4.2125,3306,HG.v.0
2025-01-08 09:00:00+00:00,34,1,19222,4.213,4.223,4.2025,4.2035,1491,HG.v.0
2025-01-08 10:00:00+00:00,34,1,19222,4.2035,4.2105,4.2025,4.207,972,HG.v.0
2025-01-08 11:00:00+00:00,34,1,19222,4.208,4.209,4.167,4.188,5165,HG.v.0
2025-01-08 12:00:00+00:00,34,1,19222,4.1875,4.1905,4.176,4.185,2390,HG.v.0
2025-01-08 13:00:00+00:00,34,1,19222,4.185,4.204,4.181,4.204,4443,HG.v.0
2025-01-08 14:00:00+00:00,34,1,19222,4.2045,4.252,4.2045,4.2485,14149,HG.v.0
2025-01-08 15:00:00+00:00,34,1,19222,4.249,4.259,4.2445,4.2555,5238,HG.v.0
2025-01-08 16:00:00+00:00,34,1,19222,4.256,4.256,4.2405,4.254,4255,HG.v.0
2025-01-08 17:00:00+00:00,34,1,19222,4.2535,4.262,4.236,4.259,5240,HG.v.0
2025-01-08 18:00:00+00:00,34,1,19222,4.258,4.272,4.258,4.2655,2590,HG.v.0
2025-01-08 19:00:00+00:00,34,1,19222,4.2655,4.271,4.2625,4.2695,1405,HG.v.0
2025-01-08 20:00:00+00:00,34,1,19222,4.2695,4.2725,4.2665,4.2725,575,HG.v.0
2025-01-08 21:00:00+00:00,34,1,19222,4.272,4.273,4.266,4.269,756,HG.v.0
2025-01-08 23:00:00+00:00,34,1,19222,4.269,4.269,4.264,4.2655,391,HG.v.0
2025-01-09 00:00:00+00:00,34,1,19222,4.2655,4.2665,4.257,4.2605,545,HG.v.0
2025-01-09 01:00:00+00:00,34,1,19222,4.2605,4.2805,4.26,4.2765,2216,HG.v.0
2025-01-09 02:00:00+00:00,34,1,19222,4.277,4.287,4.275,4.2845,1400,HG.v.0
2025-01-09 03:00:00+00:00,34,1,19222,4.2845,4.2995,4.284,4.2885,1345,HG.v.0
2025-01-09 04:00:00+00:00,34,1,19222,4.288,4.2895,4.2845,4.2865,722,HG.v.0
2025-01-09 05:00:00+00:00,34,1,19222,4.286,4.298,4.2845,4.2945,769,HG.v.0
2025-01-09 06:00:00+00:00,34,1,19222,4.295,4.299,4.289,4.296,908,HG.v.0
2025-01-09 07:00:00+00:00,34,1,19222,4.2955,4.297,4.2815,4.284,1692,HG.v.0
2025-01-09 08:00:00+00:00,34,1,19222,4.284,4.307,4.2835,4.305,2660,HG.v.0
2025-01-09 09:00:00+00:00,34,1,19222,4.306,4.316,4.305,4.307,2246,HG.v.0
2025-01-09 10:00:00+00:00,34,1,19222,4.3075,4.3175,4.305,4.3135,1675,HG.v.0
2025-01-09 11:00:00+00:00,34,1,19222,4.3135,4.3175,4.305,4.305,1659,HG.v.0
2025-01-09 12:00:00+00:00,34,1,19222,4.3055,4.324,4.303,4.3215,3047,HG.v.0
2025-01-09 13:00:00+00:00,34,1,19222,4.3215,4.3495,4.3195,4.324,9468,HG.v.0
2025-01-09 14:00:00+00:00,34,1,19222,4.324,4.332,4.3055,4.3305,6950,HG.v.0
2025-01-09 15:00:00+00:00,34,1,19222,4.3305,4.334,4.3055,4.306,4752,HG.v.0
2025-01-09 16:00:00+00:00,34,1,19222,4.306,4.3125,4.291,4.2965,4981,HG.v.0
2025-01-09 17:00:00+00:00,34,1,19222,4.296,4.311,4.292,4.309,4873,HG.v.0
2025-01-09 18:00:00+00:00,34,1,19222,4.309,4.311,4.3035,4.3075,1087,HG.v.0
2025-01-09 19:00:00+00:00,34,1,19222,4.308,4.3195,4.306,4.3175,581,HG.v.0
2025-01-09 20:00:00+00:00,34,1,19222,4.3175,4.3215,4.3155,4.3195,346,HG.v.0
2025-01-09 21:00:00+00:00,34,1,19222,4.32,4.32,4.312,4.314,320,HG.v.0
2025-01-09 23:00:00+00:00,34,1,19222,4.3135,4.315,4.306,4.309,469,HG.v.0
2025-01-10 00:00:00+00:00,34,1,19222,4.309,4.318,4.309,4.317,490,HG.v.0
2025-01-10 01:00:00+00:00,34,1,19222,4.3175,4.3415,4.314,4.33,1873,HG.v.0
2025-01-10 02:00:00+00:00,34,1,19222,4.33,4.34,4.325,4.33,1183,HG.v.0
2025-01-10 03:00:00+00:00,34,1,19222,4.3305,4.335,4.3215,4.3305,1079,HG.v.0
2025-01-10 04:00:00+00:00,34,1,19222,4.331,4.335,4.324,4.3335,404,HG.v.0
2025-01-10 05:00:00+00:00,34,1,19222,4.333,4.3405,4.325,4.3255,952,HG.v.0
2025-01-10 06:00:00+00:00,34,1,19222,4.3255,4.332,4.3175,4.3215,1243,HG.v.0
2025-01-10 07:00:00+00:00,34,1,19222,4.3205,4.333,4.319,4.332,1067,HG.v.0
2025-01-10 08:00:00+00:00,34,1,19222,4.332,4.35,4.3265,4.3315,3017,HG.v.0
2025-01-10 09:00:00+00:00,34,1,19222,4.3315,4.3325,4.316,4.3165,2005,HG.v.0
2025-01-10 10:00:00+00:00,34,1,19222,4.3165,4.3395,4.3135,4.339,1262,HG.v.0
2025-01-10 11:00:00+00:00,34,1,19222,4.3395,4.346,4.3285,4.333,1961,HG.v.0
2025-01-10 12:00:00+00:00,34,1,19222,4.333,4.3345,4.322,4.3335,2092,HG.v.0
2025-01-10 13:00:00+00:00,34,1,19222,4.3335,4.35,4.29,4.3345,10254,HG.v.0
2025-01-10 14:00:00+00:00,34,1,19222,4.334,4.36,4.3305,4.3325,8469,HG.v.0
2025-01-10 15:00:00+00:00,34,1,19222,4.3315,4.335,4.3035,4.307,6252,HG.v.0
2025-01-10 16:00:00+00:00,34,1,19222,4.3075,4.3105,4.282,4.286,6131,HG.v.0
2025-01-10 17:00:00+00:00,34,1,19222,4.2855,4.3055,4.2855,4.3055,3820,HG.v.0
2025-01-10 18:00:00+00:00,34,1,19222,4.305,4.3075,4.2965,4.302,1494,HG.v.0
2025-01-10 19:00:00+00:00,34,1,19222,4.302,4.3025,4.2925,4.299,482,HG.v.0
2025-01-10 20:00:00+00:00,34,1,19222,4.2985,4.2985,4.2845,4.2905,1148,HG.v.0
2025-01-10 21:00:00+00:00,34,1,19222,4.291,4.296,4.289,4.29,545,HG.v.0
2025-01-12 23:00:00+00:00,34,1,19222,4.284,4.299,4.2735,4.298,1403,HG.v.0
2025-01-13 00:00:00+00:00,34,1,19222,4.2985,4.303,4.2915,4.2965,685,HG.v.0
2025-01-13 01:00:00+00:00,34,1,19222,4.2965,4.3055,4.2895,4.2995,1843,HG.v.0
2025-01-13 02:00:00+00:00,34,1,19222,4.301,4.3135,4.301,4.312,1035,HG.v.0
2025-01-13 03:00:00+00:00,34,1,19222,4.3105,4.3125,4.2905,4.299,737,HG.v.0
2025-01-13 04:00:00+00:00,34,1,19222,4.2995,4.3065,4.287,4.2895,734,HG.v.0
2025-01-13 05:00:00+00:00,34,1,19222,4.29,4.2985,4.29,4.2955,350,HG.v.0
2025-01-13 06:00:00+00:00,34,1,19222,4.2955,4.3075,4.293,4.3065,746,HG.v.0
2025-01-13 07:00:00+00:00,34,1,19222,4.306,4.3115,4.294,4.301,978,HG.v.0
2025-01-13 08:00:00+00:00,34,1,19222,4.3005,4.332,4.299,4.322,2679,HG.v.0
2025-01-13 09:00:00+00:00,34,1,19222,4.3235,4.334,4.2965,4.2965,2151,HG.v.0
2025-01-13 10:00:00+00:00,34,1,19222,4.296,4.3115,4.292,4.3045,1227,HG.v.0
2025-01-13 11:00:00+00:00,34,1,19222,4.305,4.315,4.304,4.306,829,HG.v.0
2025-01-13 12:00:00+00:00,34,1,19222,4.306,4.3145,4.292,4.312,1854,HG.v.0
2025-01-13 13:00:00+00:00,34,1,19222,4.3125,4.3135,4.29,4.2985,4160,HG.v.0
2025-01-13 14:00:00+00:00,34,1,19222,4.2985,4.338,4.293,4.332,5673,HG.v.0
2025-01-13 15:00:00+00:00,34,1,19222,4.332,4.3435,4.3235,4.333,4133,HG.v.0
2025-01-13 16:00:00+00:00,34,1,19222,4.3335,4.3355,4.315,4.321,2800,HG.v.0
2025-01-13 17:00:00+00:00,34,1,19222,4.321,4.328,4.313,4.3255,4054,HG.v.0
2025-01-13 18:00:00+00:00,34,1,19222,4.325,4.3285,4.319,4.321,1066,HG.v.0
2025-01-13 19:00:00+00:00,34,1,19222,4.321,4.3255,4.318,4.321,643,HG.v.0
2025-01-13 20:00:00+00:00,34,1,19222,4.321,4.3225,4.3195,4.322,353,HG.v.0
2025-01-13 21:00:00+00:00,34,1,19222,4.322,4.327,4.3205,4.3265,479,HG.v.0
2025-01-13 23:00:00+00:00,34,1,19222,4.3265,4.342,4.3225,4.333,987,HG.v.0
2025-01-14 00:00:00+00:00,34,1,19222,4.3335,4.3335,4.3245,4.33,664,HG.v.0
2025-01-14 01:00:00+00:00,34,1,19222,4.329,4.358,4.328,4.352,2349,HG.v.0
2025-01-14 02:00:00+00:00,34,1,19222,4.353,4.353,4.3345,4.3435,1243,HG.v.0
2025-01-14 03:00:00+00:00,34,1,19222,4.3435,4.366,4.3435,4.356,1656,HG.v.0
2025-01-14 04:00:00+00:00,34,1,19222,4.3555,4.3555,4.348,4.348,334,HG.v.0
2025-01-14 05:00:00+00:00,34,1,19222,4.348,4.3525,4.337,4.345,890,HG.v.0
2025-01-14 06:00:00+00:00,34,1,19222,4.3455,4.35,4.3385,4.3485,881,HG.v.0
2025-01-14 07:00:00+00:00,34,1,19222,4.3495,4.3505,4.331,4.333,1364,HG.v.0
2025-01-14 08:00:00+00:00,34,1,19222,4.333,4.35,4.324,4.3425,2229,HG.v.0
2025-01-14 09:00:00+00:00,34,1,19222,4.343,4.349,4.3355,4.337,1031,HG.v.0
2025-01-14 10:00:00+00:00,34,1,19222,4.337,4.3445,4.329,4.3325,681,HG.v.0
2025-01-14 11:00:00+00:00,34,1,19222,4.333,4.334,4.3225,4.3305,1077,HG.v.0
2025-01-14 12:00:00+00:00,34,1,19222,4.3295,4.34,4.329,4.332,1612,HG.v.0
2025-01-14 13:00:00+00:00,34,1,19222,4.332,4.3405,4.3135,4.3185,5261,HG.v.0
2025-01-14 14:00:00+00:00,34,1,19222,4.318,4.3325,4.3105,4.3285,4007,HG.v.0
2025-01-14 15:00:00+00:00,34,1,19222,4.328,4.355,4.328,4.3545,3847,HG.v.0
2025-01-14 16:00:00+00:00,34,1,19222,4.3545,4.356,4.326,4.331,4345,HG.v.0
2025-01-14 17:00:00+00:00,34,1,19222,4.3305,4.344,4.3225,4.343,3351,HG.v.0
2025-01-14 18:00:00+00:00,34,1,19222,4.3425,4.349,4.3395,4.3475,1169,HG.v.0
2025-01-14 19:00:00+00:00,34,1,19222,4.3475,4.3535,4.345,4.3465,852,HG.v.0
2025-01-14 20:00:00+00:00,34,1,19222,4.3465,4.348,4.339,4.346,799,HG.v.0
2025-01-14 21:00:00+00:00,34,1,19222,4.346,4.3505,4.3445,4.348,417,HG.v.0
2025-01-14 23:00:00+00:00,34,1,19222,4.349,4.3495,4.3385,4.34,347,HG.v.0
2025-01-15 00:00:00+00:00,34,1,19222,4.341,4.3425,4.333,4.3345,387,HG.v.0
2025-01-15 01:00:00+00:00,34,1,19222,4.3335,4.338,4.33,4.334,881,HG.v.0
2025-01-15 02:00:00+00:00,34,1,19222,4.334,4.337,4.326,4.3285,618,HG.v.0
2025-01-15 03:00:00+00:00,34,1,19222,4.329,4.334,4.327,4.334,400,HG.v.0
2025-01-15 04:00:00+00:00,34,1,19222,4.3335,4.336,4.33,4.3355,238,HG.v.0
2025-01-15 05:00:00+00:00,34,1,19222,4.336,4.336,4.3205,4.3265,658,HG.v.0
2025-01-15 06:00:00+00:00,34,1,19222,4.326,4.345,4.326,4.338,1402,HG.v.0
2025-01-15 07:00:00+00:00,34,1,19222,4.338,4.35,4.334,4.345,1072,HG.v.0
2025-01-15 08:00:00+00:00,34,1,19222,4.3455,4.349,4.332,4.333,1313,HG.v.0
2025-01-15 09:00:00+00:00,34,1,19222,4.333,4.35,4.3175,4.348,2063,HG.v.0
2025-01-15 10:00:00+00:00,34,1,19222,4.348,4.357,4.3425,4.3485,1518,HG.v.0
2025-01-15 11:00:00+00:00,34,1,19222,4.3485,4.3625,4.348,4.355,1386,HG.v.0
2025-01-15 12:00:00+00:00,34,1,19222,4.355,4.3615,4.345,4.3475,1530,HG.v.0
2025-01-15 13:00:00+00:00,34,1,19222,4.3475,4.3715,4.33,4.3545,8578,HG.v.0
2025-01-15 14:00:00+00:00,34,1,19222,4.3545,4.3855,4.3535,4.3835,5918,HG.v.0
2025-01-15 15:00:00+00:00,34,1,19222,4.383,4.383,4.3565,4.363,4399,HG.v.0
2025-01-15 16:00:00+00:00,34,1,19222,4.363,4.382,4.3585,4.377,4652,HG.v.0
2025-01-15 17:00:00+00:00,34,1,19222,4.377,4.39,4.3745,4.3895,3788,HG.v.0
2025-01-15 18:00:00+00:00,34,1,19222,4.39,4.3965,4.3865,4.3955,2004,HG.v.0
2025-01-15 19:00:00+00:00,34,1,19222,4.396,4.4025,4.3955,4.4015,1039,HG.v.0
2025-01-15 20:00:00+00:00,34,1,19222,4.402,4.4045,4.399,4.4,717,HG.v.0
2025-01-15 21:00:00+00:00,34,1,19222,4.4,4.403,4.39,4.3985,763,HG.v.0
2025-01-15 23:00:00+00:00,34,1,19222,4.3975,4.399,4.3895,4.398,496,HG.v.0
2025-01-16 00:00:00+00:00,34,1,19222,4.3985,4.4035,4.3965,4.3985,704,HG.v.0
2025-01-16 01:00:00+00:00,34,1,19222,4.399,4.425,4.3925,4.4095,2881,HG.v.0
2025-01-16 02:00:00+00:00,34,1,19222,4.4095,4.4175,4.408,4.4135,785,HG.v.0
2025-01-16 03:00:00+00:00,34,1,19222,4.4135,4.422,4.4075,4.4095,881,HG.v.0
2025-01-16 04:00:00+00:00,34,1,19222,4.4095,4.4165,4.4055,4.406,327,HG.v.0
2025-01-16 05:00:00+00:00,34,1,19222,4.4065,4.4075,4.385,4.388,1474,HG.v.0
2025-01-16 06:00:00+00:00,34,1,19222,4.3885,4.4135,4.388,4.4125,1115,HG.v.0
2025-01-16 07:00:00+00:00,34,1,19222,4.412,4.435,4.41,4.428,3044,HG.v.0
2025-01-16 08:00:00+00:00,34,1,19222,4.428,4.4315,4.412,4.42,1449,HG.v.0
2025-01-16 09:00:00+00:00,34,1,19222,4.42,4.447,4.4195,4.4315,3399,HG.v.0
2025-01-16 10:00:00+00:00,34,1,19222,4.431,4.4385,4.4195,4.422,1268,HG.v.0
2025-01-16 11:00:00+00:00,34,1,19222,4.422,4.423,4.4135,4.417,1092,HG.v.0
2025-01-16 12:00:00+00:00,34,1,19222,4.4165,4.4185,4.396,4.398,2992,HG.v.0
2025-01-16 13:00:00+00:00,34,1,19222,4.3985,4.4075,4.3865,4.395,5740,HG.v.0
2025-01-16 14:00:00+00:00,34,1,19222,4.3945,4.425,4.394,4.421,5635,HG.v.0
2025-01-16 15:00:00+00:00,34,1,19222,4.4215,4.442,4.4175,4.432,6233,HG.v.0
2025-01-16 16:00:00+00:00,34,1,19222,4.432,4.433,4.414,4.4225,3510,HG.v.0
2025-01-16 17:00:00+00:00,34,1,19222,4.422,4.4435,4.4205,4.44,5123,HG.v.0
2025-01-16 18:00:00+00:00,34,1,19222,4.4395,4.441,4.4265,4.4285,1816,HG.v.0
2025-01-16 19:00:00+00:00,34,1,19222,4.428,4.44,4.428,4.4385,630,HG.v.0
2025-01-16 20:00:00+00:00,34,1,19222,4.438,4.438,4.4345,4.4365,491,HG.v.0
2025-01-16 21:00:00+00:00,34,1,19222,4.437,4.4375,4.434,4.435,377,HG.v.0
2025-01-16 23:00:00+00:00,34,1,19222,4.435,4.438,4.429,4.429,316,HG.v.0
2025-01-17 00:00:00+00:00,34,1,19222,4.4295,4.436,4.429,4.4335,349,HG.v.0
2025-01-17 01:00:00+00:00,34,1,19222,4.434,4.4435,4.4285,4.4425,1454,HG.v.0
2025-01-17 02:00:00+00:00,34,1,19222,4.4425,4.456,4.4425,4.4535,1389,HG.v.0
2025-01-17 03:00:00+00:00,34,1,19222,4.4535,4.468,4.453,4.466,1470,HG.v.0
2025-01-17 04:00:00+00:00,34,1,19222,4.4655,4.4675,4.4555,4.4585,442,HG.v.0
2025-01-17 05:00:00+00:00,34,1,19222,4.458,4.465,4.4565,4.461,592,HG.v.0
2025-01-17 06:00:00+00:00,34,1,19222,4.4615,4.4655,4.456,4.462,880,HG.v.0
2025-01-17 07:00:00+00:00,34,1,19222,4.4615,4.466,4.457,4.46,1076,HG.v.0
2025-01-17 08:00:00+00:00,34,1,19222,4.4595,4.4675,4.4525,4.466,1559,HG.v.0
2025-01-17 09:00:00+00:00,34,1,19222,4.4665,4.47,4.44,4.4425,2467,HG.v.0
2025-01-17 10:00:00+00:00,34,1,19222,4.4425,4.4465,4.4375,4.44,1336,HG.v.0
2025-01-17 11:00:00+00:00,34,1,19222,4.44,4.4445,4.4305,4.439,1846,HG.v.0
2025-01-17 12:00:00+00:00,34,1,19222,4.4395,4.4435,4.413,4.423,3245,HG.v.0
2025-01-17 13:00:00+00:00,34,1,19222,4.423,4.4245,4.365,4.3685,13195,HG.v.0
2025-01-17 14:00:00+00:00,34,1,19222,4.3685,4.39,4.3445,4.3795,11516,HG.v.0
2025-01-17 15:00:00+00:00,34,1,19222,4.379,4.393,4.3605,4.361,5040,HG.v.0
2025-01-17 16:00:00+00:00,34,1,19222,4.3605,4.3725,4.3585,4.369,3217,HG.v.0
2025-01-17 17:00:00+00:00,34,1,19222,4.3685,4.371,4.3555,4.3665,4424,HG.v.0
2025-01-17 18:00:00+00:00,34,1,19222,4.366,4.3665,4.3595,4.3635,1128,HG.v.0
2025-01-17 19:00:00+00:00,34,1,19222,4.363,4.3645,4.358,4.3595,1133,HG.v.0
2025-01-17 20:00:00+00:00,34,1,19222,4.359,4.363,4.351,4.3555,1238,HG.v.0
2025-01-17 21:00:00+00:00,34,1,19222,4.356,4.3565,4.3495,4.351,450,HG.v.0
2025-01-19 23:00:00+00:00,34,1,19222,4.3565,4.3595,4.35,4.3585,637,HG.v.0
2025-01-20 00:00:00+00:00,34,1,19222,4.359,4.3635,4.356,4.363,426,HG.v.0
2025-01-20 01:00:00+00:00,34,1,19222,4.3635,4.3635,4.3355,4.3465,1400,HG.v.0
2025-01-20 02:00:00+00:00,34,1,19222,4.346,4.346,4.3225,4.331,1464,HG.v.0
2025-01-20 03:00:00+00:00,34,1,19222,4.331,4.348,4.329,4.3465,631,HG.v.0
2025-01-20 04:00:00+00:00,34,1,19222,4.3465,4.3485,4.343,4.3465,355,HG.v.0
2025-01-20 05:00:00+00:00,34,1,19222,4.3455,4.3505,4.341,4.347,421,HG.v.0
2025-01-20 06:00:00+00:00,34,1,19222,4.3465,4.349,4.3365,4.3465,606,HG.v.0
2025-01-20 07:00:00+00:00,34,1,19222,4.346,4.361,4.346,4.3585,855,HG.v.0
2025-01-20 08:00:00+00:00,34,1,19222,4.3585,4.3615,4.346,4.3585,846,HG.v.0
2025-01-20 09:00:00+00:00,34,1,19222,4.3595,4.3595,4.3465,4.35,618,HG.v.0
2025-01-20 10:00:00+00:00,34,1,19222,4.3505,4.3595,4.3465,4.349,712,HG.v.0
2025-01-20 11:00:00+00:00,34,1,19222,4.35,4.3565,4.3415,4.354,701,HG.v.0
2025-01-20 12:00:00+00:00,34,1,19222,4.3545,4.3595,4.3505,4.3555,1135,HG.v.0
2025-01-20 13:00:00+00:00,34,1,19222,4.355,4.3815,4.28,4.3135,13941,HG.v.0
2025-01-20 14:00:00+00:00,34,1,19222,4.3145,4.338,4.3125,4.3265,7358,HG.v.0
2025-01-20 15:00:00+00:00,34,1,19222,4.326,4.335,4.3125,4.3125,3055,HG.v.0
2025-01-20 16:00:00+00:00,34,1,19222,4.3125,4.313,4.2995,4.3045,3561,HG.v.0
2025-01-20 17:00:00+00:00,34,1,19222,4.304,4.3265,4.3,4.313,2277,HG.v.0
2025-01-20 18:00:00+00:00,34,1,19222,4.314,4.3245,4.3085,4.323,544,HG.v.0
2025-01-20 19:00:00+00:00,34,1,19222,4.323,4.3245,4.3175,4.3175,87,HG.v.0
2025-01-20 23:00:00+00:00,34,1,19222,4.318,4.331,4.3145,4.328,911,HG.v.0
2025-01-21 00:00:00+00:00,34,1,19222,4.3285,4.333,4.287,4.287,1834,HG.v.0
2025-01-21 01:00:00+00:00,34,1,19222,4.287,4.3145,4.285,4.291,3027,HG.v.0
2025-01-21 02:00:00+00:00,34,1,19222,4.292,4.3065,4.2915,4.2975,1386,HG.v.0
2025-01-21 03:00:00+00:00,34,1,19222,4.2965,4.3125,4.2955,4.2975,793,HG.v.0
2025-01-21 04:00:00+00:00,34,1,19222,4.298,4.305,4.295,4.297,464,HG.v.0
2025-01-21 05:00:00+00:00,34,1,19222,4.2975,4.3035,4.292,4.303,886,HG.v.0
2025-01-21 06:00:00+00:00,34,1,19222,4.3025,4.303,4.287,4.29,1182,HG.v.0
2025-01-21 07:00:00+00:00,34,1,19222,4.289,4.295,4.283,4.2875,1338,HG.v.0
2025-01-21 08:00:00+00:00,34,1,19222,4.287,4.2975,4.282,4.2845,1908,HG.v.0
2025-01-21 09:00:00+00:00,34,1,19222,4.284,4.2945,4.2725,4.2885,2336,HG.v.0
2025-01-21 10:00:00+00:00,34,1,19222,4.289,4.29,4.2705,4.277,1386,HG.v.0
2025-01-21 11:00:00+00:00,34,1,19222,4.2765,4.3095,4.27,4.3,2288,HG.v.0
2025-01-21 12:00:00+00:00,34,1,19222,4.3,4.306,4.287,4.297,2715,HG.v.0
2025-01-21 13:00:00+00:00,34,1,19222,4.2965,4.3255,4.2865,4.2865,7538,HG.v.0
2025-01-21 14:00:00+00:00,34,1,19222,4.2875,4.3295,4.286,4.3145,4830,HG.v.0
2025-01-21 15:00:00+00:00,34,1,19222,4.3145,4.3365,4.311,4.329,3584,HG.v.0
2025-01-21 16:00:00+00:00,34,1,19222,4.329,4.3415,4.326,4.34,2890,HG.v.0
2025-01-21 17:00:00+00:00,34,1,19222,4.3395,4.344,4.3365,4.339,3029,HG.v.0
2025-01-21 18:00:00+00:00,34,1,19222,4.339,4.3425,4.3365,4.34,1193,HG.v.0
2025-01-21 19:00:00+00:00,34,1,19222,4.3395,4.341,4.3305,4.334,618,HG.v.0
2025-01-21 20:00:00+00:00,34,1,19222,4.3335,4.3415,4.3325,4.3355,726,HG.v.0
2025-01-21 21:00:00+00:00,34,1,19222,4.3355,4.341,4.334,4.338,411,HG.v.0
2025-01-21 23:00:00+00:00,34,1,19222,4.3395,4.341,4.3205,4.329,734,HG.v.0
2025-01-22 00:00:00+00:00,34,1,19222,4.3305,4.337,4.3295,4.335,382,HG.v.0
2025-01-22 01:00:00+00:00,34,1,19222,4.3345,4.3365,4.3165,4.319,1198,HG.v.0
2025-01-22 02:00:00+00:00,34,1,19222,4.3195,4.327,4.3145,4.3215,892,HG.v.0
2025-01-22 03:00:00+00:00,34,1,19222,4.322,4.3235,4.316,4.32,301,HG.v.0
2025-01-22 04:00:00+00:00,34,1,19222,4.3195,4.324,4.3185,4.319,244,HG.v.0
2025-01-22 05:00:00+00:00,34,1,19222,4.3195,4.3245,4.311,4.318,434,HG.v.0
2025-01-22 06:00:00+00:00,34,1,19222,4.317,4.317,4.2995,4.301,838,HG.v.0
2025-01-22 07:00:00+00:00,34,1,19222,4.3015,4.3055,4.293,4.295,951,HG.v.0
2025-01-22 08:00:00+00:00,34,1,19222,4.296,4.316,4.294,4.3145,1257,HG.v.0
2025-01-22 09:00:00+00:00,34,1,19222,4.315,4.3355,4.315,4.329,2725,HG.v.0
2025-01-22 10:00:00+00:00,34,1,19222,4.328,4.335,4.324,4.3245,679,HG.v.0
2025-01-22 11:00:00+00:00,34,1,19222,4.3235,4.332,4.3095,4.3105,1076,HG.v.0
2025-01-22 12:00:00+00:00,34,1,19222,4.3115,4.318,4.303,4.3135,1826,HG.v.0
2025-01-22 13:00:00+00:00,34,1,19222,4.313,4.324,4.3095,4.321,2448,HG.v.0
2025-01-22 14:00:00+00:00,34,1,19222,4.321,4.323,4.2815,4.2945,4701,HG.v.0
2025-01-22 15:00:00+00:00,34,1,19222,4.2945,4.303,4.2895,4.2925,2319,HG.v.0
2025-01-22 16:00:00+00:00,34,1,19222,4.2925,4.3045,4.283,4.3035,3765,HG.v.0
2025-01-22 17:00:00+00:00,34,1,19222,4.303,4.3085,4.2975,4.3,2150,HG.v.0
2025-01-22 18:00:00+00:00,34,1,19222,4.2995,4.303,4.294,4.298,1031,HG.v.0
2025-01-22 19:00:00+00:00,34,1,19222,4.2975,4.301,4.2965,4.298,418,HG.v.0
2025-01-22 20:00:00+00:00,34,1,19222,4.2975,4.3025,4.2935,4.294,514,HG.v.0
2025-01-22 21:00:00+00:00,34,1,19222,4.294,4.2955,4.291,4.2945,319,HG.v.0
2025-01-22 23:00:00+00:00,34,1,19222,4.2925,4.295,4.288,4.292,269,HG.v.0
2025-01-23 00:00:00+00:00,34,1,19222,4.292,4.2935,4.2895,4.2925,259,HG.v.0
2025-01-23 01:00:00+00:00,34,1,19222,4.292,4.2945,4.2735,4.274,1419,HG.v.0
2025-01-23 02:00:00+00:00,34,1,19222,4.274,4.276,4.2605,4.263,1228,HG.v.0
2025-01-23 03:00:00+00:00,34,1,19222,4.2635,4.2635,4.256,4.2585,952,HG.v.0
2025-01-23 04:00:00+00:00,34,1,19222,4.2585,4.262,4.257,4.261,278,HG.v.0
2025-01-23 05:00:00+00:00,34,1,19222,4.262,4.264,4.2575,4.2585,600,HG.v.0
2025-01-23 06:00:00+00:00,34,1,19222,4.259,4.2635,4.253,4.2535,774,HG.v.0
2025-01-23 07:00:00+00:00,34,1,19222,4.253,4.2585,4.2355,4.255,1813,HG.v.0
2025-01-23 08:00:00+00:00,34,1,19222,4.255,4.271,4.253,4.265,1682,HG.v.0
2025-01-23 09:00:00+00:00,34,1,19222,4.265,4.275,4.259,4.269,2205,HG.v.0
2025-01-23 10:00:00+00:00,34,1,19222,4.2695,4.2835,4.268,4.28,894,HG.v.0
2025-01-23 11:00:00+00:00,34,1,19222,4.2795,4.283,4.272,4.272,987,HG.v.0
2025-01-23 12:00:00+00:00,34,1,19222,4.272,4.2835,4.27,4.282,1799,HG.v.0
2025-01-23 13:00:00+00:00,34,1,19222,4.282,4.293,4.2685,4.28,4596,HG.v.0
2025-01-23 14:00:00+00:00,34,1,19222,4.28,4.3015,4.2795,4.295,3319,HG.v.0
2025-01-23 15:00:00+00:00,34,1,19222,4.2955,4.3055,4.292,4.3015,1822,HG.v.0
2025-01-23 16:00:00+00:00,34,1,19222,4.3015,4.3215,4.294,4.3155,4281,HG.v.0
2025-01-23 17:00:00+00:00,34,1,19222,4.315,4.3355,4.314,4.328,3462,HG.v.0
2025-01-23 18:00:00+00:00,34,1,19222,4.3275,4.3325,4.3195,4.3235,1011,HG.v.0
2025-01-23 19:00:00+00:00,34,1,19222,4.323,4.326,4.321,4.323,380,HG.v.0
2025-01-23 20:00:00+00:00,34,1,19222,4.3225,4.33,4.321,4.326,557,HG.v.0
2025-01-23 21:00:00+00:00,34,1,19222,4.3265,4.3295,4.3245,4.3275,512,HG.v.0
2025-01-23 23:00:00+00:00,34,1,19222,4.328,4.33,4.3235,4.326,340,HG.v.0
2025-01-24 00:00:00+00:00,34,1,19222,4.3245,4.332,4.3235,4.3265,385,HG.v.0
2025-01-24 01:00:00+00:00,34,1,19222,4.326,4.339,4.323,4.338,919,HG.v.0
2025-01-24 02:00:00+00:00,34,1,19222,4.339,4.374,4.338,4.3725,3077,HG.v.0
2025-01-24 03:00:00+00:00,34,1,19222,4.372,4.376,4.365,4.3715,1159,HG.v.0
2025-01-24 04:00:00+00:00,34,1,19222,4.37,4.377,4.3665,4.371,776,HG.v.0
2025-01-24 05:00:00+00:00,34,1,19222,4.371,4.383,4.37,4.378,702,HG.v.0
2025-01-24 06:00:00+00:00,34,1,19222,4.378,4.389,4.373,4.377,1599,HG.v.0
2025-01-24 07:00:00+00:00,34,1,19222,4.3775,4.381,4.3695,4.3745,1747,HG.v.0
2025-01-24 08:00:00+00:00,34,1,19222,4.375,4.386,4.369,4.3825,1970,HG.v.0
2025-01-24 09:00:00+00:00,34,1,19222,4.383,4.383,4.372,4.3765,1555,HG.v.0
2025-01-24 10:00:00+00:00,34,1,19222,4.377,4.3795,4.3655,4.3665,1200,HG.v.0
2025-01-24 11:00:00+00:00,34,1,19222,4.3665,4.3675,4.3565,4.362,1465,HG.v.0
2025-01-24 12:00:00+00:00,34,1,19222,4.3615,4.3765,4.359,4.376,1605,HG.v.0
2025-01-24 13:00:00+00:00,34,1,19222,4.3765,4.38,4.3335,4.3395,5300,HG.v.0
2025-01-24 14:00:00+00:00,34,1,19222,4.34,4.34,4.3145,4.3255,5803,HG.v.0
2025-01-24 15:00:00+00:00,34,1,19222,4.325,4.3345,4.3175,4.325,3002,HG.v.0
2025-01-24 16:00:00+00:00,34,1,19222,4.325,4.3345,4.32,4.321,2353,HG.v.0
2025-01-24 17:00:00+00:00,34,1,19222,4.3205,4.328,4.3145,4.3215,2511,HG.v.0
2025-01-24 18:00:00+00:00,34,1,19222,4.321,4.322,4.315,4.32,1482,HG.v.0
2025-01-24 19:00:00+00:00,34,1,19222,4.3195,4.3195,4.311,4.316,769,HG.v.0
2025-01-24 20:00:00+00:00,34,1,19222,4.3155,4.3165,4.3085,4.3125,623,HG.v.0
2025-01-24 21:00:00+00:00,34,1,19222,4.3125,4.316,4.31,4.311,504,HG.v.0
2025-01-26 23:00:00+00:00,34,1,19222,4.313,4.313,4.2875,4.2905,868,HG.v.0
2025-01-27 00:00:00+00:00,34,1,19222,4.2905,4.2955,4.286,4.2895,672,HG.v.0
2025-01-27 01:00:00+00:00,34,1,19222,4.289,4.294,4.267,4.268,2535,HG.v.0
2025-01-27 02:00:00+00:00,34,1,19222,4.2675,4.2795,4.264,4.2765,1182,HG.v.0
2025-01-27 03:00:00+00:00,34,1,19222,4.277,4.292,4.2735,4.285,868,HG.v.0
2025-01-27 04:00:00+00:00,34,1,19222,4.285,4.2855,4.277,4.282,300,HG.v.0
2025-01-27 05:00:00+00:00,34,1,19222,4.2815,4.2915,4.2745,4.289,761,HG.v.0
2025-01-27 06:00:00+00:00,34,1,19222,4.29,4.2925,4.2735,4.2745,758,HG.v.0
2025-01-27 07:00:00+00:00,34,1,19222,4.2745,4.2755,4.2505,4.2525,2452,HG.v.0
2025-01-27 08:00:00+00:00,34,1,19222,4.2525,4.292,4.2525,4.288,2915,HG.v.0
2025-01-27 09:00:00+00:00,34,1,19222,4.289,4.2895,4.2635,4.2705,2195,HG.v.0
2025-01-27 10:00:00+00:00,34,1,19222,4.2705,4.284,4.2695,4.2775,1137,HG.v.0
2025-01-27 11:00:00+00:00,34,1,19222,4.2775,4.289,4.273,4.2885,1356,HG.v.0
2025-01-27 12:00:00+00:00,34,1,19222,4.2885,4.2945,4.2805,4.281,1776,HG.v.0
2025-01-27 13:00:00+00:00,34,1,19222,4.28,4.2985,4.274,4.2845,3416,HG.v.0
2025-01-27 14:00:00+00:00,34,1,19222,4.284,4.285,4.264,4.2715,3474,HG.v.0
2025-01-27 15:00:00+00:00,34,1,19222,4.272,4.273,4.245,4.2455,3794,HG.v.0
2025-01-27 16:00:00+00:00,34,1,19222,4.2455,4.253,4.238,4.2415,2741,HG.v.0
2025-01-27 17:00:00+00:00,34,1,19222,4.242,4.2435,4.2225,4.23,5055,HG.v.0
2025-01-27 18:00:00+00:00,34,1,19222,4.2305,4.2375,4.2275,4.2355,1418,HG.v.0
2025-01-27 19:00:00+00:00,34,1,19222,4.2355,4.2395,4.2325,4.237,593,HG.v.0
2025-01-27 20:00:00+00:00,34,1,19222,4.2375,4.2405,4.237,4.24,493,HG.v.0
2025-01-27 21:00:00+00:00,34,1,19222,4.24,4.2445,4.24,4.242,334,HG.v.0
2025-01-27 23:00:00+00:00,34,1,19222,4.243,4.2795,4.2355,4.245,3478,HG.v.0
2025-01-28 00:00:00+00:00,34,1,19222,4.246,4.258,4.245,4.254,971,HG.v.0
2025-01-28 01:00:00+00:00,34,1,19222,4.254,4.276,4.2475,4.264,3207,HG.v.0
2025-01-28 02:00:00+00:00,34,1,19222,4.262,4.2695,4.25,4.253,1812,HG.v.0
2025-01-28 03:00:00+00:00,34,1,19222,4.2525,4.256,4.2465,4.2495,765,HG.v.0
2025-01-28 04:00:00+00:00,34,1,19222,4.25,4.2625,4.2495,4.2615,493,HG.v.0
2025-01-28 05:00:00+00:00,34,1,19222,4.261,4.2695,4.257,4.257,708,HG.v.0
2025-01-28 06:00:00+00:00,34,1,19222,4.2565,4.268,4.2495,4.2495,894,HG.v.0
2025-01-28 07:00:00+00:00,34,1,19222,4.249,4.261,4.244,4.255,1754,HG.v.0
2025-01-28 08:00:00+00:00,34,1,19222,4.2555,4.2635,4.2475,4.263,2042,HG.v.0
2025-01-28 09:00:00+00:00,34,1,19222,4.263,4.267,4.25,4.261,2012,HG.v.0
2025-01-28 10:00:00+00:00,34,1,19222,4.261,4.2745,4.2575,4.2695,1619,HG.v.0
2025-01-28 11:00:00+00:00,34,1,19222,4.27,4.2715,4.2605,4.265,952,HG.v.0
2025-01-28 12:00:00+00:00,34,1,19222,4.265,4.269,4.2525,4.259,1289,HG.v.0
2025-01-28 13:00:00+00:00,34,1,19222,4.2585,4.262,4.2475,4.2605,3128,HG.v.0
2025-01-28 14:00:00+00:00,34,1,19222,4.261,4.276,4.2535,4.258,4347,HG.v.0
2025-01-28 15:00:00+00:00,34,1,19222,4.2585,4.274,4.252,4.259,4078,HG.v.0
2025-01-28 16:00:00+00:00,34,1,19222,4.259,4.2665,4.2405,4.2565,3030,HG.v.0
2025-01-28 17:00:00+00:00,34,1,19222,4.2565,4.26,4.244,4.2465,2109,HG.v.0
2025-01-28 18:00:00+00:00,34,1,19222,4.2465,4.257,4.2455,4.249,1319,HG.v.0
2025-01-28 19:00:00+00:00,34,1,19222,4.249,4.2545,4.2475,4.2545,561,HG.v.0
2025-01-28 20:00:00+00:00,34,1,19222,4.254,4.254,4.248,4.2515,448,HG.v.0
2025-01-28 21:00:00+00:00,34,1,19222,4.2515,4.252,4.2475,4.25,313,HG.v.0
2025-01-28 23:00:00+00:00,34,1,19222,4.2505,4.252,4.247,4.2475,199,HG.v.0
2025-01-29 00:00:00+00:00,34,1,19222,4.2475,4.249,4.2405,4.241,440,HG.v.0
2025-01-29 01:00:00+00:00,34,1,19222,4.241,4.245,4.222,4.223,1296,HG.v.0
2025-01-29 02:00:00+00:00,34,1,19222,4.2225,4.2315,4.222,4.225,662,HG.v.0
2025-01-29 03:00:00+00:00,34,1,19222,4.225,4.225,4.212,4.221,906,HG.v.0
2025-01-29 04:00:00+00:00,34,1,19222,4.2215,4.224,4.2155,4.2175,309,HG.v.0
2025-01-29 05:00:00+00:00,34,1,19222,4.2175,4.2195,4.2145,4.217,273,HG.v.0
2025-01-29 06:00:00+00:00,34,1,19222,4.2175,4.225,4.216,4.218,491,HG.v.0
2025-01-29 07:00:00+00:00,34,1,19222,4.217,4.22,4.205,4.214,1455,HG.v.0
2025-01-29 08:00:00+00:00,34,1,19222,4.214,4.228,4.212,4.2225,1499,HG.v.0
2025-01-29 09:00:00+00:00,34,1,19222,4.223,4.233,4.212,4.225,1808,HG.v.0
2025-01-29 10:00:00+00:00,34,1,19222,4.2255,4.248,4.2255,4.246,1510,HG.v.0
2025-01-29 11:00:00+00:00,34,1,19222,4.2465,4.255,4.244,4.2485,1068,HG.v.0
2025-01-29 12:00:00+00:00,34,1,19222,4.2475,4.26,4.2445,4.258,1162,HG.v.0
2025-01-29 13:00:00+00:00,34,1,19222,4.259,4.285,4.253,4.2615,5322,HG.v.0
2025-01-29 14:00:00+00:00,34,1,19222,4.2625,4.2885,4.2575,4.2825,3041,HG.v.0
2025-01-29 15:00:00+00:00,34,1,19222,4.283,4.298,4.2725,4.2975,3255,HG.v.0
2025-01-29 16:00:00+00:00,34,1,19222,4.298,4.3115,4.292,4.295,4764,HG.v.0
2025-01-29 17:00:00+00:00,34,1,19222,4.295,4.3015,4.281,4.2825,3308,HG.v.0
2025-01-29 18:00:00+00:00,34,1,19222,4.283,4.2845,4.2735,4.281,2368,HG.v.0
2025-01-29 19:00:00+00:00,34,1,19222,4.282,4.291,4.2725,4.2845,1641,HG.v.0
2025-01-29 20:00:00+00:00,34,1,19222,4.284,4.291,4.2815,4.2855,614,HG.v.0
2025-01-29 21:00:00+00:00,34,1,19222,4.285,4.29,4.2835,4.2885,319,HG.v.0
2025-01-29 23:00:00+00:00,34,1,19222,4.287,4.2955,4.285,4.2955,257,HG.v.0
2025-01-30 00:00:00+00:00,34,1,19222,4.2955,4.298,4.291,4.294,328,HG.v.0
2025-01-30 01:00:00+00:00,34,1,19222,4.293,4.2935,4.286,4.2895,377,HG.v.0
2025-01-30 02:00:00+00:00,34,1,19222,4.289,4.292,4.2815,4.2825,428,HG.v.0
2025-01-30 03:00:00+00:00,34,1,19222,4.2825,4.284,4.279,4.283,232,HG.v.0
2025-01-30 04:00:00+00:00,34,1,19222,4.2825,4.283,4.273,4.2735,368,HG.v.0
2025-01-30 05:00:00+00:00,34,1,19222,4.2735,4.274,4.2695,4.2695,325,HG.v.0
2025-01-30 06:00:00+00:00,34,1,19222,4.2705,4.2715,4.261,4.264,667,HG.v.0
2025-01-30 07:00:00+00:00,34,1,19222,4.2645,4.2815,4.262,4.2815,1120,HG.v.0
2025-01-30 08:00:00+00:00,34,1,19222,4.282,4.3005,4.279,4.2985,1908,HG.v.0
2025-01-30 09:00:00+00:00,34,1,19222,4.298,4.305,4.2865,4.304,1452,HG.v.0
2025-01-30 10:00:00+00:00,34,1,19222,4.304,4.309,4.2975,4.2985,846,HG.v.0
2025-01-30 11:00:00+00:00,34,1,19222,4.2985,4.3085,4.295,4.2955,837,HG.v.0
2025-01-30 12:00:00+00:00,34,1,19222,4.296,4.3065,4.2915,4.303,1006,HG.v.0
2025-01-30 13:00:00+00:00,34,1,19222,4.303,4.308,4.2915,4.307,2370,HG.v.0
2025-01-30 14:00:00+00:00,34,1,19222,4.3075,4.3285,4.3055,4.323,4087,HG.v.0
2025-01-30 15:00:00+00:00,34,1,19222,4.3235,4.3455,4.315,4.329,3737,HG.v.0
2025-01-30 16:00:00+00:00,34,1,19222,4.328,4.3375,4.318,4.318,2985,HG.v.0
2025-01-30 17:00:00+00:00,34,1,19222,4.319,4.319,4.2995,4.3075,2989,HG.v.0
2025-01-30 18:00:00+00:00,34,1,19222,4.308,4.317,4.308,4.3135,866,HG.v.0
2025-01-30 19:00:00+00:00,34,1,19222,4.313,4.3165,4.3105,4.3145,310,HG.v.0
2025-01-30 20:00:00+00:00,34,1,19222,4.314,4.3175,4.299,4.3135,1112,HG.v.0
2025-01-30 21:00:00+00:00,34,1,19222,4.3135,4.319,4.304,4.3095,1281,HG.v.0
2025-01-30 23:00:00+00:00,34,1,19222,4.3075,4.3185,4.3055,4.3155,369,HG.v.0
2025-01-31 00:00:00+00:00,34,1,19222,4.3155,4.318,4.3095,4.3115,332,HG.v.0
2025-01-31 01:00:00+00:00,34,1,19222,4.3115,4.3185,4.3045,4.315,900,HG.v.0
2025-01-31 02:00:00+00:00,34,1,19222,4.3155,4.319,4.3065,4.31,372,HG.v.0
2025-01-31 03:00:00+00:00,34,1,19222,4.3095,4.316,4.3045,4.3105,238,HG.v.0
2025-01-31 04:00:00+00:00,34,1,19222,4.31,4.311,4.3045,4.31,194,HG.v.0
2025-01-31 05:00:00+00:00,34,1,19222,4.311,4.314,4.299,4.3045,331,HG.v.0
2025-01-31 06:00:00+00:00,34,1,19222,4.304,4.308,4.298,4.2995,579,HG.v.0
2025-01-31 07:00:00+00:00,34,1,19222,4.2995,4.3175,4.2995,4.3145,893,HG.v.0
2025-01-31 08:00:00+00:00,34,1,19222,4.315,4.315,4.288,4.292,1521,HG.v.0
2025-01-31 09:00:00+00:00,34,1,19222,4.2915,4.3045,4.284,4.3015,993,HG.v.0
2025-01-31 10:00:00+00:00,34,1,19222,4.3015,4.303,4.283,4.283,697,HG.v.0
2025-01-31 11:00:00+00:00,34,1,19222,4.282,4.283,4.2745,4.2815,1042,HG.v.0
2025-01-31 12:00:00+00:00,34,1,19222,4.2805,4.2905,4.276,4.2885,1310,HG.v.0
2025-01-31 13:00:00+00:00,34,1,19222,4.289,4.297,4.2845,4.287,1978,HG.v.0
2025-01-31 14:00:00+00:00,34,1,19222,4.287,4.289,4.263,4.2775,4144,HG.v.0
2025-01-31 15:00:00+00:00,34,1,19222,4.2775,4.2965,4.2755,4.283,3478,HG.v.0
2025-01-31 16:00:00+00:00,34,1,19222,4.283,4.285,4.268,4.279,2759,HG.v.0
2025-01-31 17:00:00+00:00,34,1,19222,4.2795,4.2895,4.2675,4.2785,5789,HG.v.0
2025-01-31 18:00:00+00:00,34,1,19222,4.279,4.2795,4.263,4.2675,4103,HG.v.0
2025-01-31 19:00:00+00:00,34,1,19222,4.2675,4.2685,4.258,4.261,1101,HG.v.0
2025-01-31 20:00:00+00:00,34,1,19222,4.2605,4.302,4.257,4.262,2770,HG.v.0
2025-01-31 21:00:00+00:00,34,1,19222,4.2615,4.275,4.2575,4.273,1151,HG.v.0
2025-02-02 23:00:00+00:00,34,1,19222,4.2585,4.2815,4.2125,4.235,3982,HG.v.0
2025-02-03 00:00:00+00:00,34,1,19222,4.2355,4.244,4.215,4.22,1396,HG.v.0
2025-02-03 01:00:00+00:00,34,1,19222,4.22,4.2255,4.2075,4.213,2492,HG.v.0
2025-02-03 02:00:00+00:00,34,1,19222,4.214,4.214,4.1835,4.194,2361,HG.v.0
2025-02-03 03:00:00+00:00,34,1,19222,4.1935,4.199,4.1855,4.1985,753,HG.v.0
2025-02-03 04:00:00+00:00,34,1,19222,4.1975,4.208,4.192,4.1945,584,HG.v.0
2025-02-03 05:00:00+00:00,34,1,19222,4.194,4.2065,4.193,4.203,720,HG.v.0
2025-02-03 06:00:00+00:00,34,1,19222,4.203,4.212,4.2015,4.2105,887,HG.v.0
2025-02-03 07:00:00+00:00,34,1,19222,4.2115,4.226,4.207,4.215,1730,HG.v.0
2025-02-03 08:00:00+00:00,34,1,19222,4.2155,4.2415,4.211,4.238,2971,HG.v.0
2025-02-03 09:00:00+00:00,34,1,19222,4.239,4.2495,4.2285,4.231,2566,HG.v.0
2025-02-03 10:00:00+00:00,34,1,19222,4.231,4.2425,4.2265,4.228,844,HG.v.0
2025-02-03 11:00:00+00:00,34,1,19222,4.228,4.2425,4.225,4.2365,1908,HG.v.0
2025-02-03 12:00:00+00:00,34,1,19222,4.237,4.2635,4.2325,4.253,3090,HG.v.0
2025-02-03 13:00:00+00:00,34,1,19222,4.254,4.274,4.2505,4.2735,3179,HG.v.0
2025-02-03 14:00:00+00:00,34,1,19222,4.274,4.283,4.2555,4.2635,3941,HG.v.0
2025-02-03 15:00:00+00:00,34,1,19222,4.262,4.289,4.253,4.2865,5237,HG.v.0
2025-02-03 16:00:00+00:00,34,1,19222,4.287,4.315,4.272,4.299,5742,HG.v.0
2025-02-03 17:00:00+00:00,34,1,19222,4.299,4.3145,4.294,4.3085,4969,HG.v.0
2025-02-03 18:00:00+00:00,34,1,19222,4.309,4.33,4.307,4.3175,4109,HG.v.0
2025-02-03 19:00:00+00:00,34,1,19222,4.3185,4.3355,4.3185,4.325,1664,HG.v.0
2025-02-03 20:00:00+00:00,34,1,19222,4.3255,4.3275,4.3155,4.3205,935,HG.v.0
2025-02-03 21:00:00+00:00,34,1,19222,4.3195,4.3375,4.315,4.3305,1072,HG.v.0
2025-02-03 23:00:00+00:00,34,1,19222,4.332,4.339,4.3235,4.3255,596,HG.v.0
2025-02-04 00:00:00+00:00,34,1,19222,4.3255,4.3295,4.324,4.329,315,HG.v.0
2025-02-04 01:00:00+00:00,34,1,19222,4.33,4.342,4.326,4.339,1117,HG.v.0
2025-02-04 02:00:00+00:00,34,1,19222,4.3395,4.349,4.336,4.3445,996,HG.v.0
2025-02-04 03:00:00+00:00,34,1,19222,4.345,4.3535,4.3355,4.337,874,HG.v.0
2025-02-04 04:00:00+00:00,34,1,19222,4.337,4.341,4.33,4.33,467,HG.v.0
2025-02-04 05:00:00+00:00,34,1,19222,4.33,4.3305,4.3065,4.3255,1465,HG.v.0
2025-02-04 06:00:00+00:00,34,1,19222,4.3255,4.338,4.321,4.3375,821,HG.v.0
2025-02-04 07:00:00+00:00,34,1,19222,4.3375,4.343,4.328,4.3345,1260,HG.v.0
2025-02-04 08:00:00+00:00,34,1,19222,4.3335,4.336,4.314,4.3245,2017,HG.v.0
2025-02-04 09:00:00+00:00,34,1,19222,4.325,4.335,4.3155,4.332,1362,HG.v.0
2025-02-04 10:00:00+00:00,34,1,19222,4.3315,4.333,4.3215,4.3315,896,HG.v.0
2025-02-04 11:00:00+00:00,34,1,19222,4.331,4.3355,4.3285,4.3285,776,HG.v.0
2025-02-04 12:00:00+00:00,34,1,19222,4.328,4.3305,4.318,4.324,1286,HG.v.0
2025-02-04 13:00:00+00:00,34,1,19222,4.324,4.3255,4.3085,4.317,2701,HG.v.0
2025-02-04 14:00:00+00:00,34,1,19222,4.317,4.348,4.314,4.3435,4145,HG.v.0
2025-02-04 15:00:00+00:00,34,1,19222,4.343,4.372,4.34,4.3425,5905,HG.v.0
2025-02-04 16:00:00+00:00,34,1,19222,4.3425,4.357,4.3395,4.347,2694,HG.v.0
2025-02-04 17:00:00+00:00,34,1,19222,4.3475,4.3555,4.3425,4.354,2992,HG.v.0
2025-02-04 18:00:00+00:00,34,1,19222,4.3535,4.3665,4.3535,4.361,1905,HG.v.0
2025-02-04 19:00:00+00:00,34,1,19222,4.3615,4.368,4.3595,4.366,946,HG.v.0
2025-02-04 20:00:00+00:00,34,1,19222,4.365,4.3675,4.3595,4.367,574,HG.v.0
2025-02-04 21:00:00+00:00,34,1,19222,4.367,4.37,4.3615,4.3625,362,HG.v.0
2025-02-04 23:00:00+00:00,34,1,19222,4.359,4.365,4.3565,4.3595,340,HG.v.0
2025-02-05 00:00:00+00:00,34,1,19222,4.36,4.3665,4.354,4.358,546,HG.v.0
2025-02-05 01:00:00+00:00,34,1,19222,4.3575,4.371,4.3525,4.3555,2680,HG.v.0
2025-02-05 02:00:00+00:00,34,1,19222,4.3545,4.3675,4.3515,4.367,761,HG.v.0
2025-02-05 03:00:00+00:00,34,1,19222,4.3665,4.3755,4.358,4.366,703,HG.v.0
2025-02-05 04:00:00+00:00,34,1,19222,4.3675,4.3715,4.366,4.368,218,HG.v.0
2025-02-05 05:00:00+00:00,34,1,19222,4.3685,4.37,4.362,4.366,396,HG.v.0
2025-02-05 06:00:00+00:00,34,1,19222,4.3665,4.377,4.36,4.3655,793,HG.v.0
2025-02-05 07:00:00+00:00,34,1,19222,4.366,4.4055,4.3635,4.397,2947,HG.v.0
2025-02-05 08:00:00+00:00,34,1,19222,4.3975,4.4025,4.3665,4.3705,2914,HG.v.0
2025-02-05 09:00:00+00:00,34,1,19222,4.371,4.3925,4.369,4.3795,2313,HG.v.0
2025-02-05 10:00:00+00:00,34,1,19222,4.3795,4.3805,4.364,4.3665,1429,HG.v.0
2025-02-05 11:00:00+00:00,34,1,19222,4.3665,4.37,4.3575,4.3675,1274,HG.v.0
2025-02-05 12:00:00+00:00,34,1,19222,4.367,4.3695,4.3585,4.36,1175,HG.v.0
2025-02-05 13:00:00+00:00,34,1,19222,4.3595,4.373,4.343,4.3485,3832,HG.v.0
2025-02-05 14:00:00+00:00,34,1,19222,4.3485,4.384,4.3445,4.3815,3630,HG.v.0
2025-02-05 15:00:00+00:00,34,1,19222,4.382,4.402,4.377,4.3995,3631,HG.v.0
2025-02-05 16:00:00+00:00,34,1,19222,4.3995,4.4215,4.387,4.4205,5139,HG.v.0
2025-02-05 17:00:00+00:00,34,1,19222,4.4205,4.4465,4.4195,4.445,5732,HG.v.0
2025-02-05 18:00:00+00:00,34,1,19222,4.445,4.4565,4.4385,4.445,3744,HG.v.0
2025-02-05 19:00:00+00:00,34,1,19222,4.445,4.453,4.4435,4.446,1036,HG.v.0
2025-02-05 20:00:00+00:00,34,1,19222,4.4465,4.45,4.4365,4.439,1301,HG.v.0
2025-02-05 21:00:00+00:00,34,1,19222,4.4385,4.4415,4.437,4.437,568,HG.v.0
2025-02-05 23:00:00+00:00,34,1,19222,4.437,4.505,4.437,4.467,2613,HG.v.0
2025-02-06 00:00:00+00:00,34,1,19222,4.467,4.475,4.462,4.463,810,HG.v.0
2025-02-06 01:00:00+00:00,34,1,19222,4.462,4.491,4.4565,4.4895,2798,HG.v.0
2025-02-06 02:00:00+00:00,34,1,19222,4.4895,4.4945,4.4835,4.4925,1157,HG.v.0
2025-02-06 03:00:00+00:00,34,1,19222,4.493,4.4955,4.487,4.492,653,HG.v.0
2025-02-06 04:00:00+00:00,34,1,19222,4.493,4.4955,4.49,4.494,372,HG.v.0
2025-02-06 05:00:00+00:00,34,1,19222,4.4945,4.5025,4.4905,4.4975,1299,HG.v.0
2025-02-06 06:00:00+00:00,34,1,19222,4.4975,4.504,4.494,4.503,1052,HG.v.0
2025-02-06 07:00:00+00:00,34,1,19222,4.5025,4.5095,4.484,4.4855,2426,HG.v.0
2025-02-06 08:00:00+00:00,34,1,19222,4.486,4.501,4.483,4.4995,2155,HG.v.0
2025-02-06 09:00:00+00:00,34,1,19222,4.5,4.501,4.4835,4.485,1987,HG.v.0
2025-02-06 10:00:00+00:00,34,1,19222,4.4855,4.4935,4.4665,4.4695,1967,HG.v.0
2025-02-06 11:00:00+00:00,34,1,19222,4.47,4.4755,4.4605,4.464,2415,HG.v.0
2025-02-06 12:00:00+00:00,34,1,19222,4.4645,4.4775,4.462,4.4675,2003,HG.v.0
2025-02-06 13:00:00+00:00,34,1,19222,4.468,4.474,4.4425,4.454,6660,HG.v.0
2025-02-06 14:00:00+00:00,34,1,19222,4.454,4.464,4.421,4.4225,5563,HG.v.0
2025-02-06 15:00:00+00:00,34,1,19222,4.423,4.444,4.411,4.4435,7344,HG.v.0
2025-02-06 16:00:00+00:00,34,1,19222,4.4435,4.454,4.4385,4.445,2950,HG.v.0
2025-02-06 17:00:00+00:00,34,1,19222,4.445,4.462,4.442,4.4615,4072,HG.v.0
2025-02-06 18:00:00+00:00,34,1,19222,4.461,4.461,4.4475,4.4495,1191,HG.v.0
2025-02-06 19:00:00+00:00,34,1,19222,4.449,4.4555,4.444,4.454,645,HG.v.0
2025-02-06 20:00:00+00:00,34,1,19222,4.454,4.464,4.454,4.4625,583,HG.v.0
2025-02-06 21:00:00+00:00,34,1,19222,4.463,4.4635,4.4555,4.4585,271,HG.v.0
2025-02-06 23:00:00+00:00,34,1,19222,4.458,4.462,4.457,4.4615,269,HG.v.0
2025-02-07 00:00:00+00:00,34,1,19222,4.462,4.4685,4.462,4.4645,614,HG.v.0
2025-02-07 01:00:00+00:00,34,1,19222,4.465,4.4835,4.4605,4.4825,1230,HG.v.0
2025-02-07 02:00:00+00:00,34,1,19222,4.483,4.495,4.4825,4.492,1298,HG.v.0
2025-02-07 03:00:00+00:00,34,1,19222,4.492,4.4975,4.491,4.492,539,HG.v.0
2025-02-07 04:00:00+00:00,34,1,19222,4.4925,4.493,4.487,4.49,253,HG.v.0
2025-02-07 05:00:00+00:00,34,1,19222,4.4905,4.502,4.4885,4.4885,737,HG.v.0
2025-02-07 06:00:00+00:00,34,1,19222,4.4895,4.5005,4.4825,4.497,1186,HG.v.0
2025-02-07 07:00:00+00:00,34,1,19222,4.4965,4.5025,4.491,4.4945,1314,HG.v.0
2025-02-07 08:00:00+00:00,34,1,19222,4.494,4.508,4.4935,4.5055,1768,HG.v.0
2025-02-07 09:00:00+00:00,34,1,19222,4.5065,4.529,4.499,4.524,3231,HG.v.0
2025-02-07 10:00:00+00:00,34,1,19222,4.524,4.527,4.514,4.5195,1034,HG.v.0
2025-02-07 11:00:00+00:00,34,1,19222,4.52,4.5205,4.5105,4.517,1209,HG.v.0
2025-02-07 12:00:00+00:00,34,1,19222,4.517,4.5265,4.513,4.5235,1606,HG.v.0
2025-02-07 13:00:00+00:00,34,1,19222,4.5245,4.5485,4.518,4.5475,6829,HG.v.0
2025-02-07 14:00:00+00:00,34,1,19222,4.5475,4.608,4.5445,4.605,13337,HG.v.0
2025-02-07 15:00:00+00:00,34,1,19222,4.6055,4.608,4.577,4.5945,11241,HG.v.0
2025-02-07 16:00:00+00:00,34,1,19222,4.595,4.604,4.5635,4.5785,9011,HG.v.0
2025-02-07 17:00:00+00:00,34,1,19222,4.5785,4.592,4.5665,4.589,7914,HG.v.0
2025-02-07 18:00:00+00:00,34,1,19222,4.589,4.599,4.5865,4.5905,2417,HG.v.0
2025-02-07 19:00:00+00:00,34,1,19222,4.59,4.604,4.589,4.5995,1472,HG.v.0
2025-02-07 20:00:00+00:00,34,1,19222,4.599,4.599,4.583,4.592,1753,HG.v.0
2025-02-07 21:00:00+00:00,34,1,19222,4.5915,4.597,4.591,4.595,462,HG.v.0
2025-02-09 23:00:00+00:00,34,1,19222,4.598,4.608,4.5705,4.5995,1846,HG.v.0
2025-02-10 00:00:00+00:00,34,1,19222,4.6,4.6245,4.5995,4.619,1833,HG.v.0
2025-02-10 01:00:00+00:00,34,1,19222,4.619,4.6315,4.5995,4.6075,2474,HG.v.0
2025-02-10 02:00:00+00:00,34,1,19222,4.6075,4.615,4.5925,4.5995,1432,HG.v.0
2025-02-10 03:00:00+00:00,34,1,19222,4.5995,4.6035,4.594,4.603,598,HG.v.0
2025-02-10 04:00:00+00:00,34,1,19222,4.602,4.602,4.588,4.5895,670,HG.v.0
2025-02-10 05:00:00+00:00,34,1,19222,4.5895,4.599,4.5815,4.5895,1125,HG.v.0
2025-02-10 06:00:00+00:00,34,1,19222,4.5905,4.606,4.587,4.602,743,HG.v.0
2025-02-10 07:00:00+00:00,34,1,19222,4.6025,4.604,4.5865,4.592,1112,HG.v.0
2025-02-10 08:00:00+00:00,34,1,19222,4.59,4.6045,4.583,4.5915,1804,HG.v.0
2025-02-10 09:00:00+00:00,34,1,19222,4.592,4.611,4.589,4.6085,2530,HG.v.0
2025-02-10 10:00:00+00:00,34,1,19222,4.609,4.627,4.6035,4.623,1663,HG.v.0
2025-02-10 11:00:00+00:00,34,1,19222,4.623,4.628,4.619,4.6225,2114,HG.v.0
2025-02-10 12:00:00+00:00,34,1,19222,4.6225,4.6285,4.6185,4.626,1782,HG.v.0
2025-02-10 13:00:00+00:00,34,1,19222,4.627,4.663,4.623,4.656,7346,HG.v.0
2025-02-10 14:00:00+00:00,34,1,19222,4.6565,4.6775,4.646,4.67,5860,HG.v.0
2025-02-10 15:00:00+00:00,34,1,19222,4.67,4.712,4.6675,4.7075,6661,HG.v.0
2025-02-10 16:00:00+00:00,34,1,19222,4.7075,4.7115,4.681,4.6865,6140,HG.v.0
2025-02-10 17:00:00+00:00,34,1,19222,4.6865,4.7095,4.686,4.707,6204,HG.v.0
2025-02-10 18:00:00+00:00,34,1,19222,4.7065,4.715,4.7015,4.7045,2555,HG.v.0
2025-02-10 19:00:00+00:00,34,1,19222,4.704,4.7075,4.7005,4.706,840,HG.v.0
2025-02-10 20:00:00+00:00,34,1,19222,4.705,4.706,4.696,4.697,661,HG.v.0
2025-02-10 21:00:00+00:00,34,1,19222,4.697,4.7005,4.6915,4.693,606,HG.v.0
2025-02-10 23:00:00+00:00,34,1,19222,4.6935,4.7,4.673,4.6815,1194,HG.v.0
2025-02-11 00:00:00+00:00,34,1,19222,4.681,4.6875,4.6755,4.6835,618,HG.v.0
2025-02-11 01:00:00+00:00,34,1,19222,4.6835,4.6985,4.6815,4.6965,1358,HG.v.0
2025-02-11 02:00:00+00:00,34,1,19222,4.697,4.697,4.656,4.665,1896,HG.v.0
2025-02-11 03:00:00+00:00,34,1,19222,4.6635,4.6805,4.6585,4.6735,683,HG.v.0
2025-02-11 04:00:00+00:00,34,1,19222,4.673,4.679,4.672,4.674,237,HG.v.0
2025-02-11 05:00:00+00:00,34,1,19222,4.6745,4.687,4.6745,4.6805,643,HG.v.0
2025-02-11 06:00:00+00:00,34,1,19222,4.6795,4.681,4.6615,4.665,1039,HG.v.0
2025-02-11 07:00:00+00:00,34,1,19222,4.6645,4.666,4.6385,4.642,3242,HG.v.0
2025-02-11 08:00:00+00:00,34,1,19222,4.6415,4.6545,4.634,4.642,2660,HG.v.0
2025-02-11 09:00:00+00:00,34,1,19222,4.642,4.6465,4.625,4.626,2396,HG.v.0
2025-02-11 10:00:00+00:00,34,1,19222,4.6255,4.632,4.588,4.5925,3907,HG.v.0
2025-02-11 11:00:00+00:00,34,1,19222,4.5915,4.5985,4.586,4.5885,3154,HG.v.0
2025-02-11 12:00:00+00:00,34,1,19222,4.5895,4.612,4.5765,4.589,5264,HG.v.0
2025-02-11 13:00:00+00:00,34,1,19222,4.589,4.589,4.5435,4.551,8997,HG.v.0
2025-02-11 14:00:00+00:00,34,1,19222,4.55,4.567,4.541,4.564,5562,HG.v.0
2025-02-11 15:00:00+00:00,34,1,19222,4.564,4.587,4.556,4.5745,4354,HG.v.0
2025-02-11 16:00:00+00:00,34,1,19222,4.5755,4.5895,4.5685,4.583,3974,HG.v.0
2025-02-11 17:00:00+00:00,34,1,19222,4.5835,4.603,4.578,4.6,4823,HG.v.0
2025-02-11 18:00:00+00:00,34,1,19222,4.6,4.6,4.5855,4.5915,1242,HG.v.0
2025-02-11 19:00:00+00:00,34,1,19222,4.5915,4.602,4.589,4.5965,467,HG.v.0
2025-02-11 20:00:00+00:00,34,1,19222,4.5965,4.599,4.59,4.591,515,HG.v.0
2025-02-11 21:00:00+00:00,34,1,19222,4.5915,4.599,4.5895,4.5975,335,HG.v.0
2025-02-11 23:00:00+00:00,34,1,19222,4.5975,4.6,4.593,4.5985,308,HG.v.0
2025-02-12 00:00:00+00:00,34,1,19222,4.599,4.6005,4.5875,4.5895,529,HG.v.0
2025-02-12 01:00:00+00:00,34,1,19222,4.5895,4.5945,4.5855,4.5925,1031,HG.v.0
2025-02-12 02:00:00+00:00,34,1,19222,4.593,4.6145,4.5925,4.5985,962,HG.v.0
2025-02-12 03:00:00+00:00,34,1,19222,4.5985,4.599,4.5755,4.586,778,HG.v.0
2025-02-12 04:00:00+00:00,34,1,19222,4.587,4.594,4.5835,4.587,349,HG.v.0
2025-02-12 05:00:00+00:00,34,1,19222,4.5875,4.6055,4.5845,4.5965,716,HG.v.0
2025-02-12 06:00:00+00:00,34,1,19222,4.5965,4.6115,4.589,4.6065,591,HG.v.0
2025-02-12 07:00:00+00:00,34,1,19222,4.6075,4.616,4.602,4.6105,1240,HG.v.0
2025-02-12 08:00:00+00:00,34,1,19222,4.61,4.624,4.6065,4.616,1976,HG.v.0
2025-02-12 09:00:00+00:00,34,1,19222,4.6155,4.62,4.59,4.595,2194,HG.v.0
2025-02-12 10:00:00+00:00,34,1,19222,4.5955,4.611,4.592,4.5955,1537,HG.v.0
2025-02-12 11:00:00+00:00,34,1,19222,4.596,4.607,4.595,4.604,662,HG.v.0
2025-02-12 12:00:00+00:00,34,1,19222,4.6035,4.6275,4.602,4.6215,1816,HG.v.0
2025-02-12 13:00:00+00:00,34,1,19222,4.621,4.6235,4.5875,4.606,4805,HG.v.0
2025-02-12 14:00:00+00:00,34,1,19222,4.605,4.6395,4.5915,4.635,4960,HG.v.0
2025-02-12 15:00:00+00:00,34,1,19222,4.6345,4.669,4.621,4.668,5215,HG.v.0
2025-02-12 16:00:00+00:00,34,1,19222,4.668,4.7065,4.668,4.7025,6400,HG.v.0
2025-02-12 17:00:00+00:00,34,1,19222,4.7025,4.7075,4.694,4.704,4891,HG.v.0
2025-02-12 18:00:00+00:00,34,1,19222,4.7045,4.7125,4.696,4.698,2110,HG.v.0
2025-02-12 19:00:00+00:00,34,1,19222,4.698,4.6995,4.689,4.6955,1085,HG.v.0
2025-02-12 20:00:00+00:00,34,1,19222,4.6945,4.7035,4.6935,4.696,674,HG.v.0
2025-02-12 21:00:00+00:00,34,1,19222,4.696,4.6965,4.6895,4.692,819,HG.v.0
2025-02-12 23:00:00+00:00,34,1,19222,4.695,4.6965,4.689,4.6955,450,HG.v.0
2025-02-13 00:00:00+00:00,34,1,19222,4.695,4.697,4.687,4.69,418,HG.v.0
2025-02-13 01:00:00+00:00,34,1,19222,4.6895,4.693,4.6835,4.692,1052,HG.v.0
2025-02-13 02:00:00+00:00,34,1,19222,4.6915,4.698,4.686,4.697,672,HG.v.0
2025-02-13 03:00:00+00:00,34,1,19222,4.696,4.7375,4.692,4.7265,1841,HG.v.0
2025-02-13 04:00:00+00:00,34,1,19222,4.726,4.735,4.7245,4.727,506,HG.v.0
2025-02-13 05:00:00+00:00,34,1,19222,4.728,4.741,4.7255,4.7335,814,HG.v.0
2025-02-13 06:00:00+00:00,34,1,19222,4.733,4.745,4.718,4.725,1207,HG.v.0
2025-02-13 07:00:00+00:00,34,1,19222,4.726,4.737,4.716,4.72,1505,HG.v.0
2025-02-13 08:00:00+00:00,34,1,19222,4.7205,4.7245,4.693,4.694,1986,HG.v.0
2025-02-13 09:00:00+00:00,34,1,19222,4.6945,4.709,4.6895,4.7085,1426,HG.v.0
2025-02-13 10:00:00+00:00,34,1,19222,4.708,4.716,4.704,4.708,709,HG.v.0
2025-02-13 11:00:00+00:00,34,1,19222,4.7085,4.731,4.7075,4.7305,1607,HG.v.0
2025-02-13 12:00:00+00:00,34,1,19222,4.7295,4.752,4.716,4.7495,2916,HG.v.0
2025-02-13 13:00:00+00:00,34,1,19222,4.75,4.7525,4.705,4.712,5517,HG.v.0
2025-02-13 14:00:00+00:00,34,1,19222,4.7115,4.724,4.706,4.7215,3722,HG.v.0
2025-02-13 15:00:00+00:00,34,1,19222,4.721,4.7625,4.717,4.7605,5289,HG.v.0
2025-02-13 16:00:00+00:00,34,1,19222,4.761,4.772,4.7575,4.758,3155,HG.v.0
2025-02-13 17:00:00+00:00,34,1,19222,4.757,4.782,4.7555,4.7785,4137,HG.v.0
2025-02-13 18:00:00+00:00,34,1,19222,4.7785,4.78,4.7635,4.7715,2543,HG.v.0
2025-02-13 19:00:00+00:00,34,1,19222,4.771,4.783,4.77,4.7775,891,HG.v.0
2025-02-13 20:00:00+00:00,34,1,19222,4.7775,4.789,4.777,4.788,755,HG.v.0
2025-02-13 21:00:00+00:00,34,1,19222,4.7885,4.7905,4.783,4.7845,671,HG.v.0
2025-02-13 23:00:00+00:00,34,1,19222,4.783,4.7845,4.7745,4.775,440,HG.v.0
2025-02-14 00:00:00+00:00,34,1,19222,4.775,4.7765,4.769,4.771,433,HG.v.0
2025-02-14 01:00:00+00:00,34,1,19222,4.771,4.8055,4.771,4.8005,2053,HG.v.0
2025-02-14 02:00:00+00:00,34,1,19222,4.8,4.811,4.7865,4.8045,978,HG.v.0
2025-02-14 03:00:00+00:00,34,1,19222,4.8055,4.8125,4.7965,4.8,710,HG.v.0
2025-02-14 04:00:00+00:00,34,1,19222,4.8,4.8055,4.7975,4.804,356,HG.v.0
2025-02-14 05:00:00+00:00,34,1,19222,4.8055,4.8095,4.791,4.804,681,HG.v.0
2025-02-14 06:00:00+00:00,34,1,19222,4.8045,4.812,4.796,4.797,835,HG.v.0
2025-02-14 07:00:00+00:00,34,1,19222,4.797,4.821,4.797,4.8045,1669,HG.v.0
2025-02-14 08:00:00+00:00,34,1,19222,4.8045,4.8365,4.8035,4.822,2813,HG.v.0
2025-02-14 09:00:00+00:00,34,1,19222,4.8225,4.8225,4.788,4.7915,3453,HG.v.0
2025-02-14 10:00:00+00:00,34,1,19222,4.791,4.7975,4.7735,4.78,2102,HG.v.0
2025-02-14 11:00:00+00:00,34,1,19222,4.7805,4.7935,4.7635,4.789,2662,HG.v.0
2025-02-14 12:00:00+00:00,34,1,19222,4.7895,4.804,4.776,4.7995,3049,HG.v.0
2025-02-14 13:00:00+00:00,34,1,19222,4.7985,4.803,4.7265,4.7285,8898,HG.v.0
2025-02-14 14:00:00+00:00,34,1,19222,4.7285,4.731,4.667,4.7175,10642,HG.v.0
2025-02-14 15:00:00+00:00,34,1,19222,4.718,4.718,4.637,4.65,8981,HG.v.0
2025-02-14 16:00:00+00:00,34,1,19222,4.65,4.6705,4.6465,4.668,4392,HG.v.0
2025-02-14 17:00:00+00:00,34,1,19222,4.669,4.669,4.6495,4.664,4528,HG.v.0
2025-02-14 18:00:00+00:00,34,1,19222,4.664,4.664,4.652,4.66,1748,HG.v.0
2025-02-14 19:00:00+00:00,34,1,19222,4.661,4.6615,4.6505,4.6545,767,HG.v.0
2025-02-14 20:00:00+00:00,34,1,19222,4.6545,4.6545,4.64,4.644,1344,HG.v.0
2025-02-14 21:00:00+00:00,34,1,19222,4.6435,4.646,4.6365,4.6375,627,HG.v.0
2025-02-16 23:00:00+00:00,34,1,19222,4.6465,4.656,4.636,4.647,756,HG.v.0
2025-02-17 00:00:00+00:00,34,1,19222,4.647,4.6525,4.645,4.6475,353,HG.v.0
2025-02-17 01:00:00+00:00,34,1,19222,4.6475,4.6635,4.638,4.659,1308,HG.v.0
2025-02-17 02:00:00+00:00,34,1,19222,4.66,4.6695,4.653,4.665,655,HG.v.0
2025-02-17 03:00:00+00:00,34,1,19222,4.663,4.6665,4.6565,4.662,341,HG.v.0
2025-02-17 04:00:00+00:00,34,1,19222,4.6615,4.6645,4.6555,4.6625,281,HG.v.0
2025-02-17 05:00:00+00:00,34,1,19222,4.6625,4.6645,4.6425,4.6465,730,HG.v.0
2025-02-17 06:00:00+00:00,34,1,19222,4.6465,4.65,4.6375,4.6485,693,HG.v.0
2025-02-17 07:00:00+00:00,34,1,19222,4.6495,4.66,4.6405,4.648,1203,HG.v.0
2025-02-17 08:00:00+00:00,34,1,19222,4.649,4.6565,4.621,4.6385,2057,HG.v.0
2025-02-17 09:00:00+00:00,34,1,19222,4.638,4.6475,4.627,4.632,1458,HG.v.0
2025-02-17 10:00:00+00:00,34,1,19222,4.632,4.6325,4.611,4.6155,1479,HG.v.0
2025-02-17 11:00:00+00:00,34,1,19222,4.615,4.622,4.603,4.6125,1418,HG.v.0
2025-02-17 12:00:00+00:00,34,1,19222,4.6135,4.62,4.604,4.6145,1546,HG.v.0
2025-02-17 13:00:00+00:00,34,1,19222,4.614,4.622,4.5995,4.614,2309,HG.v.0
2025-02-17 14:00:00+00:00,34,1,19222,4.614,4.6165,4.592,4.6045,2036,HG.v.0
2025-02-17 15:00:00+00:00,34,1,19222,4.605,4.6095,4.5955,4.6085,1227,HG.v.0
2025-02-17 16:00:00+00:00,34,1,19222,4.6085,4.61,4.599,4.6025,955,HG.v.0
2025-02-17 17:00:00+00:00,34,1,19222,4.603,4.6065,4.594,4.596,670,HG.v.0
2025-02-17 18:00:00+00:00,34,1,19222,4.5975,4.6025,4.595,4.5995,306,HG.v.0
2025-02-17 19:00:00+00:00,34,1,19222,4.5995,4.6,4.593,4.594,112,HG.v.0
2025-02-17 23:00:00+00:00,34,1,19222,4.5955,4.5985,4.5905,4.5985,398,HG.v.0
2025-02-18 00:00:00+00:00,34,1,19222,4.599,4.61,4.5985,4.6005,616,HG.v.0
2025-02-18 01:00:00+00:00,34,1,19222,4.601,4.603,4.563,4.576,2072,HG.v.0
2025-02-18 02:00:00+00:00,34,1,19222,4.576,4.6,4.5745,4.5995,1061,HG.v.0
2025-02-18 03:00:00+00:00,34,1,19222,4.598,4.609,4.5905,4.5995,689,HG.v.0
2025-02-18 04:00:00+00:00,34,1,19222,4.6,4.6035,4.594,4.6,257,HG.v.0
2025-02-18 05:00:00+00:00,34,1,19222,4.6,4.605,4.587,4.588,515,HG.v.0
2025-02-18 06:00:00+00:00,34,1,19222,4.588,4.5965,4.576,4.5955,983,HG.v.0
2025-02-18 07:00:00+00:00,34,1,19222,4.5965,4.6145,4.5905,4.5965,1558,HG.v.0
2025-02-18 08:00:00+00:00,34,1,19222,4.596,4.618,4.594,4.613,1583,HG.v.0
2025-02-18 09:00:00+00:00,34,1,19222,4.6135,4.614,4.5945,4.6045,1994,HG.v.0
2025-02-18 10:00:00+00:00,34,1,19222,4.605,4.6105,4.599,4.601,637,HG.v.0
2025-02-18 11:00:00+00:00,34,1,19222,4.6015,4.6055,4.5925,4.597,814,HG.v.0
2025-02-18 12:00:00+00:00,34,1,19222,4.597,4.6,4.5835,4.5885,1948,HG.v.0
2025-02-18 13:00:00+00:00,34,1,19222,4.589,4.5905,4.5615,4.565,5144,HG.v.0
2025-02-18 14:00:00+00:00,34,1,19222,4.565,4.5735,4.553,4.5585,4108,HG.v.0
2025-02-18 15:00:00+00:00,34,1,19222,4.559,4.563,4.5425,4.5535,4375,HG.v.0
2025-02-18 16:00:00+00:00,34,1,19222,4.553,4.598,4.551,4.5895,4191,HG.v.0
2025-02-18 17:00:00+00:00,34,1,19222,4.5895,4.593,4.577,4.5865,3626,HG.v.0
2025-02-18 18:00:00+00:00,34,1,19222,4.5875,4.5905,4.5795,4.5895,1052,HG.v.0
2025-02-18 19:00:00+00:00,34,1,19222,4.5885,4.5885,4.579,4.5825,426,HG.v.0
2025-02-18 20:00:00+00:00,34,1,19222,4.5815,4.5835,4.58,4.5835,243,HG.v.0
2025-02-18 21:00:00+00:00,34,1,19222,4.5825,4.5865,4.5805,4.5825,275,HG.v.0
2025-02-18 23:00:00+00:00,34,1,19222,4.589,4.5895,4.5805,4.5835,254,HG.v.0
2025-02-19 00:00:00+00:00,34,1,19222,4.584,4.584,4.5705,4.573,393,HG.v.0
2025-02-19 01:00:00+00:00,34,1,19222,4.573,4.5785,4.5685,4.5775,742,HG.v.0
2025-02-19 02:00:00+00:00,34,1,19222,4.5775,4.5865,4.5685,4.569,761,HG.v.0
2025-02-19 03:00:00+00:00,34,1,19222,4.5685,4.5705,4.5575,4.5655,564,HG.v.0
2025-02-19 04:00:00+00:00,34,1,19222,4.5655,4.57,4.564,4.5695,208,HG.v.0
2025-02-19 05:00:00+00:00,34,1,19222,4.569,4.5745,4.5665,4.573,378,HG.v.0
2025-02-19 06:00:00+00:00,34,1,19222,4.572,4.5865,4.5665,4.583,887,HG.v.0
2025-02-19 07:00:00+00:00,34,1,19222,4.5835,4.5965,4.577,4.5835,1081,HG.v.0
2025-02-19 08:00:00+00:00,34,1,19222,4.5835,4.6025,4.582,4.5985,1607,HG.v.0
2025-02-19 09:00:00+00:00,34,1,19222,4.5985,4.6065,4.5865,4.601,1807,HG.v.0
2025-02-19 10:00:00+00:00,34,1,19222,4.6015,4.61,4.593,4.6035,1475,HG.v.0
2025-02-19 11:00:00+00:00,34,1,19222,4.6035,4.607,4.5855,4.5905,803,HG.v.0
2025-02-19 12:00:00+00:00,34,1,19222,4.59,4.6,4.5855,4.5955,1150,HG.v.0
2025-02-19 13:00:00+00:00,34,1,19222,4.5955,4.603,4.5865,4.588,1943,HG.v.0
2025-02-19 14:00:00+00:00,34,1,19222,4.588,4.591,4.5655,4.569,3279,HG.v.0
2025-02-19 15:00:00+00:00,34,1,19222,4.57,4.5855,4.553,4.5545,3294,HG.v.0
2025-02-19 16:00:00+00:00,34,1,19222,4.555,4.5825,4.5515,4.56,2608,HG.v.0
2025-02-19 17:00:00+00:00,34,1,19222,4.559,4.5695,4.5515,4.5615,1959,HG.v.0
2025-02-19 18:00:00+00:00,34,1,19222,4.561,4.568,4.557,4.5605,971,HG.v.0
2025-02-19 19:00:00+00:00,34,1,19222,4.5605,4.573,4.5595,4.5715,582,HG.v.0
2025-02-19 20:00:00+00:00,34,1,19222,4.5715,4.575,4.571,4.573,306,HG.v.0
2025-02-19 21:00:00+00:00,34,1,19222,4.573,4.575,4.569,4.57,331,HG.v.0
2025-02-19 23:00:00+00:00,34,1,19222,4.573,4.573,4.56,4.562,196,HG.v.0
2025-02-20 00:00:00+00:00,34,1,19222,4.5625,4.5695,4.562,4.569,250,HG.v.0
2025-02-20 01:00:00+00:00,34,1,19222,4.569,4.574,4.546,4.547,1184,HG.v.0
2025-02-20 02:00:00+00:00,34,1,19222,4.547,4.577,4.546,4.5765,855,HG.v.0
2025-02-20 03:00:00+00:00,34,1,19222,4.5765,4.5855,4.567,4.5805,404,HG.v.0
2025-02-20 04:00:00+00:00,34,1,19222,4.58,4.58,4.5745,4.5745,201,HG.v.0
2025-02-20 05:00:00+00:00,34,1,19222,4.575,4.586,4.574,4.586,315,HG.v.0
2025-02-20 06:00:00+00:00,34,1,19222,4.5855,4.5915,4.577,4.5795,949,HG.v.0
2025-02-20 07:00:00+00:00,34,1,19222,4.5785,4.59,4.573,4.586,645,HG.v.0
2025-02-20 08:00:00+00:00,34,1,19222,4.586,4.596,4.5765,4.595,1290,HG.v.0
2025-02-20 09:00:00+00:00,34,1,19222,4.5955,4.623,4.5955,4.61,3023,HG.v.0
2025-02-20 10:00:00+00:00,34,1,19222,4.6105,4.621,4.6035,4.613,1142,HG.v.0
2025-02-20 11:00:00+00:00,34,1,19222,4.613,4.618,4.592,4.605,1625,HG.v.0
2025-02-20 12:00:00+00:00,34,1,19222,4.604,4.6145,4.6015,4.612,1248,HG.v.0
2025-02-20 13:00:00+00:00,34,1,19222,4.6125,4.637,4.6025,4.6155,4026,HG.v.0
2025-02-20 14:00:00+00:00,34,1,19222,4.615,4.627,4.6045,4.613,2656,HG.v.0
2025-02-20 15:00:00+00:00,34,1,19222,4.613,4.633,4.604,4.6185,2825,HG.v.0
2025-02-20 16:00:00+00:00,34,1,19222,4.6185,4.633,4.6015,4.6025,2708,HG.v.0
2025-02-20 17:00:00+00:00,34,1,19222,4.602,4.6145,4.5965,4.612,2767,HG.v.0
2025-02-20 18:00:00+00:00,34,1,19222,4.612,4.614,4.603,4.6095,1367,HG.v.0
2025-02-20 19:00:00+00:00,34,1,19222,4.6085,4.609,4.603,4.608,343,HG.v.0
2025-02-20 20:00:00+00:00,34,1,19222,4.608,4.608,4.6015,4.6075,305,HG.v.0
2025-02-20 21:00:00+00:00,34,1,19222,4.608,4.614,4.607,4.611,505,HG.v.0
2025-02-20 23:00:00+00:00,34,1,19222,4.61,4.615,4.607,4.608,231,HG.v.0
2025-02-21 00:00:00+00:00,34,1,19222,4.609,4.609,4.597,4.602,316,HG.v.0
2025-02-21 01:00:00+00:00,34,1,19222,4.602,4.605,4.5845,4.5855,971,HG.v.0
2025-02-21 02:00:00+00:00,34,1,19222,4.585,4.6035,4.5835,4.5995,656,HG.v.0
2025-02-21 03:00:00+00:00,34,1,19222,4.6,4.6,4.5805,4.5825,614,HG.v.0
2025-02-21 04:00:00+00:00,34,1,19222,4.583,4.5835,4.5715,4.5715,332,HG.v.0
2025-02-21 05:00:00+00:00,34,1,19222,4.572,4.578,4.5685,4.572,585,HG.v.0
2025-02-21 06:00:00+00:00,34,1,19222,4.572,4.574,4.558,4.5655,1179,HG.v.0
2025-02-21 07:00:00+00:00,34,1,19222,4.5645,4.584,4.564,4.573,1029,HG.v.0
2025-02-21 08:00:00+00:00,34,1,19222,4.573,4.574,4.533,4.5415,3355,HG.v.0
2025-02-21 09:00:00+00:00,34,1,19222,4.5415,4.581,4.541,4.575,3039,HG.v.0
2025-02-21 10:00:00+00:00,34,1,19222,4.575,4.5855,4.567,4.57,1065,HG.v.0
2025-02-21 11:00:00+00:00,34,1,19222,4.5695,4.591,4.5695,4.5855,1061,HG.v.0
2025-02-21 12:00:00+00:00,34,1,19222,4.5855,4.591,4.576,4.5785,1469,HG.v.0
2025-02-21 13:00:00+00:00,34,1,19222,4.5775,4.5915,4.5635,4.5665,2560,HG.v.0
2025-02-21 14:00:00+00:00,34,1,19222,4.567,4.5855,4.566,4.573,2903,HG.v.0
2025-02-21 15:00:00+00:00,34,1,19222,4.5735,4.576,4.5525,4.561,2974,HG.v.0
2025-02-21 16:00:00+00:00,34,1,19222,4.561,4.579,4.5565,4.5695,2422,HG.v.0
2025-02-21 17:00:00+00:00,34,1,19222,4.569,4.578,4.555,4.559,2160,HG.v.0
2025-02-21 18:00:00+00:00,34,1,19222,4.5585,4.559,4.542,4.5475,1390,HG.v.0
2025-02-21 19:00:00+00:00,34,1,19222,4.547,4.5495,4.5365,4.5365,599,HG.v.0
2025-02-21 20:00:00+00:00,34,1,19222,4.537,4.5425,4.5335,4.538,701,HG.v.0
2025-02-21 21:00:00+00:00,34,1,19222,4.5375,4.541,4.535,4.536,470,HG.v.0
2025-02-23 23:00:00+00:00,34,1,19222,4.5355,4.56,4.531,4.5485,692,HG.v.0
2025-02-24 00:00:00+00:00,34,1,19222,4.5485,4.559,4.5465,4.557,357,HG.v.0
2025-02-24 01:00:00+00:00,34,1,19222,4.556,4.556,4.5335,4.5465,788,HG.v.0
2025-02-24 02:00:00+00:00,34,1,19222,4.5455,4.5705,4.5375,4.565,471,HG.v.0
2025-02-24 03:00:00+00:00,34,1,19222,4.565,4.5715,4.552,4.556,349,HG.v.0
2025-02-24 04:00:00+00:00,34,1,19222,4.556,4.562,4.553,4.5585,155,HG.v.0
2025-02-24 05:00:00+00:00,34,1,19222,4.5585,4.5625,4.5505,4.5525,301,HG.v.0
2025-02-24 06:00:00+00:00,34,1,19222,4.551,4.555,4.5345,4.54,549,HG.v.0
2025-02-24 07:00:00+00:00,34,1,19222,4.54,4.5435,4.521,4.531,1478,HG.v.0
2025-02-24 08:00:00+00:00,34,1,19222,4.5315,4.5435,4.5205,4.539,954,HG.v.0
2025-02-24 09:00:00+00:00,34,1,19222,4.539,4.555,4.5345,4.5375,1476,HG.v.0
2025-02-24 10:00:00+00:00,34,1,19222,4.537,4.537,4.522,4.5255,538,HG.v.0
2025-02-24 11:00:00+00:00,34,1,19222,4.526,4.536,4.5225,4.5355,544,HG.v.0
2025-02-24 12:00:00+00:00,34,1,19222,4.5345,4.5375,4.5275,4.5345,691,HG.v.0
2025-02-24 13:00:00+00:00,34,1,19222,4.5355,4.548,4.5305,4.542,1844,HG.v.0
2025-02-24 14:00:00+00:00,34,1,19222,4.542,4.544,4.5045,4.506,3147,HG.v.0
2025-02-24 15:00:00+00:00,34,1,19222,4.5055,4.5205,4.4975,4.5205,2524,HG.v.0
2025-02-24 16:00:00+00:00,34,1,19222,4.521,4.531,4.5085,4.5105,2752,HG.v.0
2025-02-24 17:00:00+00:00,34,1,19222,4.5105,4.5175,4.505,4.5145,2643,HG.v.0
2025-02-24 18:00:00+00:00,34,1,19222,4.5145,4.5195,4.509,4.5175,724,HG.v.0
2025-02-24 19:00:00+00:00,34,1,19222,4.5185,4.523,4.511,4.513,301,HG.v.0
2025-02-24 20:00:00+00:00,34,1,19222,4.513,4.514,4.507,4.5075,303,HG.v.0
2025-02-24 21:00:00+00:00,34,1,19222,4.508,4.512,4.5025,4.509,408,HG.v.0
2025-02-24 23:00:00+00:00,34,1,19222,4.508,4.5115,4.498,4.5005,246,HG.v.0
2025-02-25 00:00:00+00:00,34,1,19222,4.5005,4.5025,4.4945,4.499,398,HG.v.0
2025-02-25 01:00:00+00:00,34,1,19222,4.499,4.5045,4.494,4.5015,651,HG.v.0
2025-02-25 02:00:00+00:00,34,1,19222,4.501,4.512,4.4935,4.503,406,HG.v.0
2025-02-25 03:00:00+00:00,34,1,19222,4.504,4.5045,4.497,4.4975,195,HG.v.0
2025-02-25 04:00:00+00:00,34,1,19222,4.4975,4.4995,4.4935,4.495,101,HG.v.0
2025-02-25 05:00:00+00:00,34,1,19222,4.495,4.5,4.4925,4.495,308,HG.v.0
2025-02-25 06:00:00+00:00,34,1,19222,4.495,4.4975,4.4855,4.489,605,HG.v.0
2025-02-25 07:00:00+00:00,34,1,19222,4.489,4.4965,4.477,4.4795,753,HG.v.0
2025-02-25 08:00:00+00:00,34,1,19222,4.4795,4.501,4.4775,4.498,917,HG.v.0
2025-02-25 09:00:00+00:00,34,1,19222,4.4985,4.508,4.4965,4.5035,687,HG.v.0
2025-02-25 10:00:00+00:00,34,1,19222,4.5035,4.5335,4.501,4.517,1623,HG.v.0
2025-02-25 11:00:00+00:00,34,1,19222,4.5175,4.5405,4.517,4.5285,921,HG.v.0
2025-02-25 12:00:00+00:00,34,1,19222,4.5295,4.5335,4.517,4.5325,1210,HG.v.0
2025-02-25 13:00:00+00:00,34,1,19222,4.532,4.5705,4.531,4.546,3574,HG.v.0
2025-02-25 14:00:00+00:00,34,1,19222,4.5455,4.5525,4.5135,4.5165,1501,HG.v.0
2025-02-25 15:00:00+00:00,34,1,19222,4.5165,4.5165,4.4795,4.488,3566,HG.v.0
2025-02-25 16:00:00+00:00,34,1,19222,4.488,4.49,4.4755,4.4795,2428,HG.v.0
2025-02-25 17:00:00+00:00,34,1,19222,4.48,4.4985,4.47,4.482,2859,HG.v.0
2025-02-25 18:00:00+00:00,34,1,19222,4.482,4.4925,4.476,4.4865,1201,HG.v.0
2025-02-25 19:00:00+00:00,34,1,19222,4.487,4.5,4.4805,4.499,448,HG.v.0
2025-02-25 20:00:00+00:00,34,1,19222,4.4995,4.52,4.498,4.511,763,HG.v.0
2025-02-25 21:00:00+00:00,34,1,19222,4.5115,4.662,4.5115,4.6545,4352,HG.v.0
2025-02-25 23:00:00+00:00,34,1,19222,4.6585,4.6695,4.632,4.6625,745,HG.v.0
2025-02-26 00:00:00+00:00,34,1,333196,4.708,4.711,4.6875,4.6935,1464,HG.v.0
2025-02-26 01:00:00+00:00,34,1,333196,4.693,4.7495,4.6845,4.7125,3876,HG.v.0
2025-02-26 02:00:00+00:00,34,1,333196,4.713,4.7225,4.701,4.7095,1311,HG.v.0
2025-02-26 03:00:00+00:00,34,1,333196,4.7095,4.7185,4.709,4.713,580,HG.v.0
2025-02-26 04:00:00+00:00,34,1,333196,4.7125,4.731,4.7125,4.728,568,HG.v.0
2025-02-26 05:00:00+00:00,34,1,333196,4.7275,4.742,4.726,4.7315,1044,HG.v.0
2025-02-26 06:00:00+00:00,34,1,333196,4.732,4.733,4.695,4.6995,1710,HG.v.0
2025-02-26 07:00:00+00:00,34,1,333196,4.7,4.724,4.6985,4.703,1831,HG.v.0
2025-02-26 08:00:00+00:00,34,1,333196,4.7025,4.719,4.693,4.7175,2682,HG.v.0
2025-02-26 09:00:00+00:00,34,1,333196,4.7185,4.726,4.6955,4.6965,1804,HG.v.0
2025-02-26 10:00:00+00:00,34,1,333196,4.696,4.7025,4.677,4.685,2424,HG.v.0
2025-02-26 11:00:00+00:00,34,1,333196,4.684,4.6935,4.6815,4.686,1382,HG.v.0
2025-02-26 12:00:00+00:00,34,1,333196,4.687,4.6915,4.663,4.6655,1951,HG.v.0
2025-02-26 13:00:00+00:00,34,1,333196,4.666,4.6705,4.6265,4.639,6192,HG.v.0
2025-02-26 14:00:00+00:00,34,1,333196,4.6385,4.6405,4.5755,4.5885,7869,HG.v.0
2025-02-26 15:00:00+00:00,34,1,333196,4.5885,4.619,4.587,4.6085,4206,HG.v.0
2025-02-26 16:00:00+00:00,34,1,333196,4.6085,4.633,4.6025,4.6125,4155,HG.v.0
2025-02-26 17:00:00+00:00,34,1,333196,4.612,4.619,4.5775,4.586,5304,HG.v.0
2025-02-26 18:00:00+00:00,34,1,333196,4.5865,4.587,4.57,4.573,2287,HG.v.0
2025-02-26 19:00:00+00:00,34,1,333196,4.5725,4.58,4.5685,4.5755,571,HG.v.0
2025-02-26 20:00:00+00:00,34,1,333196,4.5755,4.576,4.5635,4.575,1415,HG.v.0
2025-02-26 21:00:00+00:00,34,1,333196,4.575,4.585,4.573,4.581,777,HG.v.0
2025-02-26 23:00:00+00:00,34,1,333196,4.5835,4.5865,4.574,4.5805,720,HG.v.0
2025-02-27 00:00:00+00:00,34,1,333196,4.58,4.581,4.572,4.574,423,HG.v.0
2025-02-27 01:00:00+00:00,34,1,333196,4.573,4.579,4.5555,4.565,1345,HG.v.0
2025-02-27 02:00:00+00:00,34,1,333196,4.564,4.568,4.553,4.56,1172,HG.v.0
2025-02-27 03:00:00+00:00,34,1,333196,4.56,4.565,4.5535,4.5565,453,HG.v.0
2025-02-27 04:00:00+00:00,34,1,333196,4.5565,4.559,4.551,4.5545,388,HG.v.0
2025-02-27 05:00:00+00:00,34,1,333196,4.554,4.56,4.549,4.5565,825,HG.v.0
2025-02-27 06:00:00+00:00,34,1,333196,4.5575,4.581,4.556,4.5785,1252,HG.v.0
2025-02-27 07:00:00+00:00,34,1,333196,4.578,4.595,4.567,4.586,1981,HG.v.0
2025-02-27 08:00:00+00:00,34,1,333196,4.5865,4.613,4.5835,4.5995,2798,HG.v.0
2025-02-27 09:00:00+00:00,34,1,333196,4.599,4.621,4.586,4.6185,1840,HG.v.0
2025-02-27 10:00:00+00:00,34,1,333196,4.618,4.6255,4.614,4.6225,926,HG.v.0
2025-02-27 11:00:00+00:00,34,1,333196,4.623,4.63,4.6035,4.6045,1415,HG.v.0
2025-02-27 12:00:00+00:00,34,1,333196,4.605,4.642,4.605,4.6355,2412,HG.v.0
2025-02-27 13:00:00+00:00,34,1,333196,4.6355,4.6685,4.626,4.6315,6260,HG.v.0
2025-02-27 14:00:00+00:00,34,1,333196,4.6315,4.65,4.6025,4.61,4606,HG.v.0
2025-02-27 15:00:00+00:00,34,1,333196,4.609,4.6205,4.5875,4.5895,4045,HG.v.0
2025-02-27 16:00:00+00:00,34,1,333196,4.59,4.621,4.587,4.618,3130,HG.v.0
2025-02-27 17:00:00+00:00,34,1,333196,4.6185,4.632,4.6065,4.618,3343,HG.v.0
2025-02-27 18:00:00+00:00,34,1,333196,4.618,4.6245,4.615,4.6165,824,HG.v.0
2025-02-27 19:00:00+00:00,34,1,333196,4.6165,4.619,4.597,4.602,595,HG.v.0
2025-02-27 20:00:00+00:00,34,1,333196,4.601,4.607,4.59,4.5905,1061,HG.v.0
2025-02-27 21:00:00+00:00,34,1,333196,4.5915,4.596,4.5885,4.5945,556,HG.v.0
2025-02-27 23:00:00+00:00,34,1,333196,4.5955,4.597,4.588,4.592,410,HG.v.0
2025-02-28 00:00:00+00:00,34,1,333196,4.5915,4.592,4.58,4.5805,531,HG.v.0
2025-02-28 01:00:00+00:00,34,1,333196,4.5805,4.595,4.5715,4.5725,1308,HG.v.0
2025-02-28 02:00:00+00:00,34,1,333196,4.572,4.5805,4.57,4.571,675,HG.v.0
2025-02-28 03:00:00+00:00,34,1,333196,4.571,4.5745,4.5615,4.5635,563,HG.v.0
2025-02-28 04:00:00+00:00,34,1,333196,4.5635,4.5665,4.556,4.557,490,HG.v.0
2025-02-28 05:00:00+00:00,34,1,333196,4.557,4.564,4.5515,4.559,479,HG.v.0
2025-02-28 06:00:00+00:00,34,1,333196,4.5585,4.561,4.5475,4.5505,875,HG.v.0
2025-02-28 07:00:00+00:00,34,1,333196,4.5505,4.551,4.5285,4.53,1848,HG.v.0
2025-02-28 08:00:00+00:00,34,1,333196,4.53,4.558,4.528,4.5565,1942,HG.v.0
2025-02-28 09:00:00+00:00,34,1,333196,4.557,4.5585,4.5425,4.5515,1076,HG.v.0
2025-02-28 10:00:00+00:00,34,1,333196,4.551,4.5585,4.5355,4.554,1053,HG.v.0
2025-02-28 11:00:00+00:00,34,1,333196,4.5545,4.5675,4.5525,4.5655,1239,HG.v.0
2025-02-28 12:00:00+00:00,34,1,333196,4.565,4.5715,4.5575,4.562,1296,HG.v.0
2025-02-28 13:00:00+00:00,34,1,333196,4.562,4.576,4.538,4.539,2889,HG.v.0
2025-02-28 14:00:00+00:00,34,1,333196,4.539,4.5525,4.5115,4.5175,4601,HG.v.0
2025-02-28 15:00:00+00:00,34,1,333196,4.518,4.5365,4.5155,4.529,3480,HG.v.0
2025-02-28 16:00:00+00:00,34,1,333196,4.529,4.5545,4.5255,4.545,3645,HG.v.0
2025-02-28 17:00:00+00:00,34,1,333196,4.5455,4.557,4.5435,4.548,3959,HG.v.0
2025-02-28 18:00:00+00:00,34,1,333196,4.549,4.552,4.539,4.5445,2540,HG.v.0
2025-02-28 19:00:00+00:00,34,1,333196,4.544,4.552,4.5435,4.5495,674,HG.v.0
2025-02-28 20:00:00+00:00,34,1,333196,4.55,4.554,4.548,4.554,479,HG.v.0
2025-02-28 21:00:00+00:00,34,1,333196,4.5535,4.5665,4.5525,4.5635,635,HG.v.0
2025-03-02 23:00:00+00:00,34,1,333196,4.5765,4.6075,4.572,4.5915,1417,HG.v.0
2025-03-03 00:00:00+00:00,34,1,333196,4.591,4.5915,4.5735,4.575,457,HG.v.0
2025-03-03 01:00:00+00:00,34,1,333196,4.574,4.5965,4.568,4.591,1009,HG.v.0
2025-03-03 02:00:00+00:00,34,1,333196,4.5905,4.6,4.578,4.5795,573,HG.v.0
2025-03-03 03:00:00+00:00,34,1,333196,4.5785,4.5845,4.5535,4.579,970,HG.v.0
2025-03-03 04:00:00+00:00,34,1,333196,4.579,4.5815,4.5705,4.579,257,HG.v.0
2025-03-03 05:00:00+00:00,34,1,333196,4.579,4.579,4.554,4.5565,541,HG.v.0
2025-03-03 06:00:00+00:00,34,1,333196,4.556,4.5625,4.548,4.553,757,HG.v.0
2025-03-03 07:00:00+00:00,34,1,333196,4.554,4.5605,4.54,4.55,1630,HG.v.0
2025-03-03 08:00:00+00:00,34,1,333196,4.55,4.5525,4.5365,4.549,1230,HG.v.0
2025-03-03 09:00:00+00:00,34,1,333196,4.5505,4.5835,4.543,4.581,1546,HG.v.0
2025-03-03 10:00:00+00:00,34,1,333196,4.582,4.595,4.5785,4.5885,1241,HG.v.0
2025-03-03 11:00:00+00:00,34,1,333196,4.588,4.6045,4.586,4.5915,1696,HG.v.0
2025-03-03 12:00:00+00:00,34,1,333196,4.5915,4.6185,4.591,4.612,2634,HG.v.0
2025-03-03 13:00:00+00:00,34,1,333196,4.612,4.6395,4.597,4.638,4413,HG.v.0
2025-03-03 14:00:00+00:00,34,1,333196,4.638,4.6535,4.627,4.6345,5182,HG.v.0
2025-03-03 15:00:00+00:00,34,1,333196,4.6335,4.638,4.5985,4.6045,4917,HG.v.0
2025-03-03 16:00:00+00:00,34,1,333196,4.6045,4.6285,4.6,4.6235,2653,HG.v.0
2025-03-03 17:00:00+00:00,34,1,333196,4.623,4.629,4.602,4.608,3411,HG.v.0
2025-03-03 18:00:00+00:00,34,1,333196,4.608,4.6155,4.5975,4.6055,1823,HG.v.0
2025-03-03 19:00:00+00:00,34,1,333196,4.6045,4.6095,4.575,4.5795,1174,HG.v.0
2025-03-03 20:00:00+00:00,34,1,333196,4.58,4.588,4.569,4.587,1897,HG.v.0
2025-03-03 21:00:00+00:00,34,1,333196,4.5875,4.593,4.584,4.5905,734,HG.v.0
2025-03-03 23:00:00+00:00,34,1,333196,4.588,4.6325,4.588,4.604,1233,HG.v.0
2025-03-04 00:00:00+00:00,34,1,333196,4.603,4.612,4.593,4.602,587,HG.v.0
2025-03-04 01:00:00+00:00,34,1,333196,4.602,4.6035,4.574,4.5775,1003,HG.v.0
2025-03-04 02:00:00+00:00,34,1,333196,4.579,4.5875,4.5715,4.5755,513,HG.v.0
2025-03-04 03:00:00+00:00,34,1,333196,4.5745,4.5935,4.574,4.5875,386,HG.v.0
2025-03-04 04:00:00+00:00,34,1,333196,4.587,4.59,4.5805,4.588,308,HG.v.0
2025-03-04 05:00:00+00:00,34,1,333196,4.5865,4.5995,4.58,4.585,538,HG.v.0
2025-03-04 06:00:00+00:00,34,1,333196,4.5825,4.5885,4.565,4.57,949,HG.v.0
2025-03-04 07:00:00+00:00,34,1,333196,4.57,4.5765,4.557,4.568,1172,HG.v.0
2025-03-04 08:00:00+00:00,34,1,333196,4.567,4.5825,4.549,4.562,2446,HG.v.0
2025-03-04 09:00:00+00:00,34,1,333196,4.562,4.578,4.5585,4.5725,1132,HG.v.0
2025-03-04 10:00:00+00:00,34,1,333196,4.572,4.572,4.5295,4.5325,2340,HG.v.0
2025-03-04 11:00:00+00:00,34,1,333196,4.5315,4.5615,4.529,4.5595,1898,HG.v.0
2025-03-04 12:00:00+00:00,34,1,333196,4.5585,4.574,4.5445,4.5705,2318,HG.v.0
2025-03-04 13:00:00+00:00,34,1,333196,4.5705,4.5915,4.5685,4.5835,4098,HG.v.0
2025-03-04 14:00:00+00:00,34,1,333196,4.584,4.6085,4.5585,4.56,4493,HG.v.0
2025-03-04 15:00:00+00:00,34,1,333196,4.5595,4.5725,4.532,4.543,5437,HG.v.0
2025-03-04 16:00:00+00:00,34,1,333196,4.543,4.5495,4.5185,4.536,3534,HG.v.0
2025-03-04 17:00:00+00:00,34,1,333196,4.5365,4.5655,4.533,4.5565,4123,HG.v.0
2025-03-04 18:00:00+00:00,34,1,333196,4.557,4.569,4.553,4.5685,1257,HG.v.0
2025-03-04 19:00:00+00:00,34,1,333196,4.569,4.579,4.5675,4.5755,796,HG.v.0
2025-03-04 20:00:00+00:00,34,1,333196,4.5745,4.585,4.565,4.5695,787,HG.v.0
2025-03-04 21:00:00+00:00,34,1,333196,4.5695,4.586,4.5695,4.581,567,HG.v.0
2025-03-04 23:00:00+00:00,34,1,333196,4.58,4.5855,4.575,4.576,448,HG.v.0
2025-03-05 00:00:00+00:00,34,1,333196,4.575,4.58,4.5675,4.569,594,HG.v.0
2025-03-05 01:00:00+00:00,34,1,333196,4.5685,4.5825,4.5565,4.569,1022,HG.v.0
2025-03-05 02:00:00+00:00,34,1,333196,4.5685,4.5795,4.557,4.557,566,HG.v.0
2025-03-05 03:00:00+00:00,34,1,333196,4.5565,4.6275,4.5465,4.613,5536,HG.v.0
2025-03-05 04:00:00+00:00,34,1,333196,4.613,4.626,4.6125,4.621,810,HG.v.0
2025-03-05 05:00:00+00:00,34,1,333196,4.622,4.6635,4.6215,4.6635,2780,HG.v.0
2025-03-05 06:00:00+00:00,34,1,333196,4.664,4.69,4.6545,4.69,4084,HG.v.0
2025-03-05 07:00:00+00:00,34,1,333196,4.6905,4.7525,4.6905,4.7305,7639,HG.v.0
2025-03-05 08:00:00+00:00,34,1,333196,4.7305,4.763,4.7175,4.747,3502,HG.v.0
2025-03-05 09:00:00+00:00,34,1,333196,4.7445,4.786,4.7415,4.765,3653,HG.v.0
2025-03-05 10:00:00+00:00,34,1,333196,4.764,4.8,4.7635,4.7755,3819,HG.v.0
2025-03-05 11:00:00+00:00,34,1,333196,4.776,4.788,4.757,4.7725,2991,HG.v.0
2025-03-05 12:00:00+00:00,34,1,333196,4.773,4.774,4.753,4.76,2517,HG.v.0
2025-03-05 13:00:00+00:00,34,1,333196,4.76,4.785,4.735,4.753,7646,HG.v.0
2025-03-05 14:00:00+00:00,34,1,333196,4.7515,4.789,4.738,4.785,6169,HG.v.0
2025-03-05 15:00:00+00:00,34,1,333196,4.783,4.821,4.773,4.7925,7904,HG.v.0
2025-03-05 16:00:00+00:00,34,1,333196,4.7925,4.825,4.788,4.8045,4914,HG.v.0
2025-03-05 17:00:00+00:00,34,1,333196,4.8045,4.808,4.7775,4.793,5189,HG.v.0
2025-03-05 18:00:00+00:00,34,1,333196,4.793,4.8055,4.786,4.8015,2559,HG.v.0
2025-03-05 19:00:00+00:00,34,1,333196,4.802,4.81,4.802,4.8075,879,HG.v.0
2025-03-05 20:00:00+00:00,34,1,333196,4.8065,4.8175,4.8065,4.813,1229,HG.v.0
2025-03-05 21:00:00+00:00,34,1,333196,4.812,4.816,4.804,4.806,741,HG.v.0
2025-03-05 23:00:00+00:00,34,1,333196,4.804,4.8135,4.804,4.812,376,HG.v.0
2025-03-06 00:00:00+00:00,34,1,333196,4.8115,4.8115,4.7925,4.7945,736,HG.v.0
2025-03-06 01:00:00+00:00,34,1,333196,4.795,4.8305,4.795,4.826,1574,HG.v.0
2025-03-06 02:00:00+00:00,34,1,333196,4.827,4.8335,4.8,4.817,1231,HG.v.0
2025-03-06 03:00:00+00:00,34,1,333196,4.8165,4.8165,4.805,4.809,545,HG.v.0
2025-03-06 04:00:00+00:00,34,1,333196,4.8095,4.812,4.8035,4.8085,338,HG.v.0
2025-03-06 05:00:00+00:00,34,1,333196,4.8075,4.8105,4.7755,4.7785,1822,HG.v.0
2025-03-06 06:00:00+00:00,34,1,333196,4.778,4.787,4.7665,4.7755,3049,HG.v.0
2025-03-06 07:00:00+00:00,34,1,333196,4.775,4.7905,4.7575,4.76,1669,HG.v.0
2025-03-06 08:00:00+00:00,34,1,333196,4.7595,4.774,4.7585,4.765,1355,HG.v.0
2025-03-06 09:00:00+00:00,34,1,333196,4.7645,4.7645,4.7355,4.7385,2948,HG.v.0
2025-03-06 10:00:00+00:00,34,1,333196,4.7385,4.7715,4.735,4.7665,1754,HG.v.0
2025-03-06 11:00:00+00:00,34,1,333196,4.766,4.785,4.7605,4.773,1215,HG.v.0
2025-03-06 12:00:00+00:00,34,1,333196,4.7725,4.7825,4.7665,4.771,1433,HG.v.0
2025-03-06 13:00:00+00:00,34,1,333196,4.771,4.79,4.7665,4.781,3262,HG.v.0
2025-03-06 14:00:00+00:00,34,1,333196,4.781,4.827,4.777,4.8105,5493,HG.v.0
2025-03-06 15:00:00+00:00,34,1,333196,4.8095,4.83,4.779,4.7915,5338,HG.v.0
2025-03-06 16:00:00+00:00,34,1,333196,4.792,4.851,4.7845,4.825,6225,HG.v.0
2025-03-06 17:00:00+00:00,34,1,333196,4.8255,4.829,4.798,4.805,3890,HG.v.0
2025-03-06 18:00:00+00:00,34,1,333196,4.8045,4.813,4.788,4.792,1997,HG.v.0
2025-03-06 19:00:00+00:00,34,1,333196,4.793,4.81,4.788,4.7975,761,HG.v.0
2025-03-06 20:00:00+00:00,34,1,333196,4.7975,4.8025,4.783,4.785,615,HG.v.0
2025-03-06 21:00:00+00:00,34,1,333196,4.785,4.7885,4.7735,4.775,861,HG.v.0
2025-03-06 23:00:00+00:00,34,1,333196,4.7755,4.7875,4.7755,4.777,369,HG.v.0
2025-03-07 00:00:00+00:00,34,1,333196,4.777,4.787,4.776,4.785,399,HG.v.0
2025-03-07 01:00:00+00:00,34,1,333196,4.785,4.7915,4.7755,4.7795,630,HG.v.0
2025-03-07 02:00:00+00:00,34,1,333196,4.778,4.7955,4.776,4.788,418,HG.v.0
2025-03-07 03:00:00+00:00,34,1,333196,4.787,4.7885,4.7595,4.761,1074,HG.v.0
2025-03-07 04:00:00+00:00,34,1,333196,4.76,4.7645,4.7555,4.757,283,HG.v.0
2025-03-07 05:00:00+00:00,34,1,333196,4.757,4.7785,4.757,4.764,845,HG.v.0
2025-03-07 06:00:00+00:00,34,1,333196,4.765,4.773,4.754,4.7625,905,HG.v.0
2025-03-07 07:00:00+00:00,34,1,333196,4.7615,4.7955,4.758,4.783,1717,HG.v.0
2025-03-07 08:00:00+00:00,34,1,333196,4.7815,4.788,4.764,4.7645,1644,HG.v.0
2025-03-07 09:00:00+00:00,34,1,333196,4.7635,4.787,4.7635,4.7865,884,HG.v.0
2025-03-07 10:00:00+00:00,34,1,333196,4.7865,4.789,4.77,4.782,707,HG.v.0
2025-03-07 11:00:00+00:00,34,1,333196,4.782,4.7825,4.758,4.77,1117,HG.v.0
2025-03-07 12:00:00+00:00,34,1,333196,4.77,4.7715,4.734,4.7365,4811,HG.v.0
2025-03-07 13:00:00+00:00,34,1,333196,4.7365,4.75,4.714,4.7165,6320,HG.v.0
2025-03-07 14:00:00+00:00,34,1,333196,4.7165,4.786,4.7015,4.7845,7379,HG.v.0
2025-03-07 15:00:00+00:00,34,1,333196,4.7845,4.792,4.7315,4.748,4941,HG.v.0
2025-03-07 16:00:00+00:00,34,1,333196,4.7475,4.763,4.691,4.6995,5852,HG.v.0
2025-03-07 17:00:00+00:00,34,1,333196,4.6995,4.7145,4.6805,4.7065,5483,HG.v.0
2025-03-07 18:00:00+00:00,34,1,333196,4.706,4.7185,4.702,4.7175,1380,HG.v.0
2025-03-07 19:00:00+00:00,34,1,333196,4.718,4.719,4.7055,4.7055,671,HG.v.0
2025-03-07 20:00:00+00:00,34,1,333196,4.706,4.7135,4.706,4.711,480,HG.v.0
2025-03-07 21:00:00+00:00,34,1,333196,4.7105,4.718,4.709,4.713,341,HG.v.0
2025-03-09 22:00:00+00:00,34,1,333196,4.714,4.7165,4.6665,4.6935,1167,HG.v.0
2025-03-09 23:00:00+00:00,34,1,333196,4.693,4.706,4.685,4.705,358,HG.v.0
2025-03-10 00:00:00+00:00,34,1,333196,4.704,4.715,4.696,4.705,503,HG.v.0
2025-03-10 01:00:00+00:00,34,1,333196,4.7055,4.734,4.6935,4.698,1596,HG.v.0
2025-03-10 02:00:00+00:00,34,1,333196,4.697,4.7,4.68,4.6815,788,HG.v.0
2025-03-10 03:00:00+00:00,34,1,333196,4.681,4.6935,4.6745,4.687,790,HG.v.0
2025-03-10 04:00:00+00:00,34,1,333196,4.6875,4.6925,4.683,4.686,244,HG.v.0
2025-03-10 05:00:00+00:00,34,1,333196,4.687,4.6875,4.674,4.681,633,HG.v.0
2025-03-10 06:00:00+00:00,34,1,333196,4.6825,4.696,4.68,4.6915,485,HG.v.0
2025-03-10 07:00:00+00:00,34,1,333196,4.6905,4.7015,4.677,4.6835,892,HG.v.0
2025-03-10 08:00:00+00:00,34,1,333196,4.683,4.698,4.6535,4.6545,1735,HG.v.0
2025-03-10 09:00:00+00:00,34,1,333196,4.6545,4.6955,4.654,4.6865,1708,HG.v.0
2025-03-10 10:00:00+00:00,34,1,333196,4.687,4.692,4.6715,4.6775,790,HG.v.0
2025-03-10 11:00:00+00:00,34,1,333196,4.6775,4.688,4.665,4.6865,1094,HG.v.0
2025-03-10 12:00:00+00:00,34,1,333196,4.6865,4.706,4.685,4.6955,3021,HG.v.0
2025-03-10 13:00:00+00:00,34,1,333196,4.6955,4.704,4.6715,4.6745,3020,HG.v.0
2025-03-10 14:00:00+00:00,34,1,333196,4.6725,4.682,4.658,4.663,3065,HG.v.0
2025-03-10 15:00:00+00:00,34,1,333196,4.6635,4.6815,4.663,4.6755,2056,HG.v.0
2025-03-10 16:00:00+00:00,34,1,333196,4.675,4.6785,4.661,4.6635,2521,HG.v.0
2025-03-10 17:00:00+00:00,34,1,333196,4.6635,4.6645,4.6385,4.6425,2903,HG.v.0
2025-03-10 18:00:00+00:00,34,1,333196,4.642,4.649,4.6345,4.6405,993,HG.v.0
2025-03-10 19:00:00+00:00,34,1,333196,4.64,4.6545,4.63,4.6435,921,HG.v.0
2025-03-10 20:00:00+00:00,34,1,333196,4.6445,4.648,4.642,4.646,395,HG.v.0
2025-03-10 22:00:00+00:00,34,1,333196,4.648,4.6485,4.636,4.637,196,HG.v.0
2025-03-10 23:00:00+00:00,34,1,333196,4.637,4.6435,4.633,4.642,345,HG.v.0
2025-03-11 00:00:00+00:00,34,1,333196,4.6425,4.649,4.6365,4.6405,389,HG.v.0
2025-03-11 01:00:00+00:00,34,1,333196,4.641,4.652,4.626,4.6505,1638,HG.v.0
2025-03-11 02:00:00+00:00,34,1,333196,4.651,4.673,4.65,4.6565,1221,HG.v.0
2025-03-11 03:00:00+00:00,34,1,333196,4.656,4.6625,4.65,4.653,333,HG.v.0
2025-03-11 04:00:00+00:00,34,1,333196,4.653,4.6585,4.649,4.6545,231,HG.v.0
2025-03-11 05:00:00+00:00,34,1,333196,4.654,4.654,4.6355,4.6465,590,HG.v.0
2025-03-11 06:00:00+00:00,34,1,333196,4.647,4.6725,4.641,4.669,987,HG.v.0
2025-03-11 07:00:00+00:00,34,1,333196,4.6685,4.6805,4.6615,4.669,847,HG.v.0
2025-03-11 08:00:00+00:00,34,1,333196,4.67,4.683,4.658,4.681,1536,HG.v.0
2025-03-11 09:00:00+00:00,34,1,333196,4.6805,4.7285,4.6805,4.724,3692,HG.v.0
2025-03-11 10:00:00+00:00,34,1,333196,4.724,4.7555,4.718,4.754,3191,HG.v.0
2025-03-11 11:00:00+00:00,34,1,333196,4.7545,4.77,4.747,4.764,2569,HG.v.0
2025-03-11 12:00:00+00:00,34,1,333196,4.7635,4.769,4.7265,4.731,3813,HG.v.0
2025-03-11 13:00:00+00:00,34,1,333196,4.7305,4.755,4.7205,4.744,3720,HG.v.0
2025-03-11 14:00:00+00:00,34,1,333196,4.744,4.782,4.7345,4.7345,6065,HG.v.0
2025-03-11 15:00:00+00:00,34,1,333196,4.7345,4.7755,4.733,4.7685,2760,HG.v.0
2025-03-11 16:00:00+00:00,34,1,333196,4.769,4.7815,4.752,4.765,4313,HG.v.0
2025-03-11 17:00:00+00:00,34,1,333196,4.765,4.772,4.757,4.767,1645,HG.v.0
2025-03-11 18:00:00+00:00,34,1,333196,4.7695,4.8045,4.769,4.7955,2684,HG.v.0
2025-03-11 19:00:00+00:00,34,1,333196,4.7955,4.801,4.7875,4.7915,1190,HG.v.0
2025-03-11 20:00:00+00:00,34,1,333196,4.7915,4.797,4.7865,4.7965,393,HG.v.0
2025-03-11 22:00:00+00:00,34,1,333196,4.7935,4.8015,4.791,4.7945,306,HG.v.0
2025-03-11 23:00:00+00:00,34,1,333196,4.794,4.796,4.79,4.793,277,HG.v.0
2025-03-12 00:00:00+00:00,34,1,333196,4.7935,4.7935,4.783,4.79,545,HG.v.0
2025-03-12 01:00:00+00:00,34,1,333196,4.7895,4.801,4.775,4.7965,1616,HG.v.0
2025-03-12 02:00:00+00:00,34,1,333196,4.796,4.8175,4.7915,4.7995,1302,HG.v.0
2025-03-12 03:00:00+00:00,34,1,333196,4.8,4.8455,4.799,4.808,1564,HG.v.0
2025-03-12 04:00:00+00:00,34,1,333196,4.809,4.81,4.8,4.8035,493,HG.v.0
2025-03-12 05:00:00+00:00,34,1,333196,4.805,4.817,4.7985,4.8155,765,HG.v.0
2025-03-12 06:00:00+00:00,34,1,333196,4.817,4.8255,4.788,4.797,1327,HG.v.0
2025-03-12 07:00:00+00:00,34,1,333196,4.798,4.8145,4.781,4.81,1345,HG.v.0
2025-03-12 08:00:00+00:00,34,1,333196,4.81,4.831,4.809,4.82,1713,HG.v.0
2025-03-12 09:00:00+00:00,34,1,333196,4.82,4.8255,4.8135,4.8205,1535,HG.v.0
2025-03-12 10:00:00+00:00,34,1,333196,4.82,4.857,4.819,4.853,2559,HG.v.0
2025-03-12 11:00:00+00:00,34,1,333196,4.8525,4.88,4.851,4.874,2667,HG.v.0
2025-03-12 12:00:00+00:00,34,1,333196,4.874,4.901,4.858,4.8925,6022,HG.v.0
2025-03-12 13:00:00+00:00,34,1,333196,4.891,4.9035,4.853,4.86,8531,HG.v.0
2025-03-12 14:00:00+00:00,34,1,333196,4.8595,4.8645,4.814,4.8295,6407,HG.v.0
2025-03-12 15:00:00+00:00,34,1,333196,4.829,4.866,4.8175,4.865,3579,HG.v.0
2025-03-12 16:00:00+00:00,34,1,333196,4.8655,4.87,4.8465,4.8505,2539,HG.v.0
2025-03-12 17:00:00+00:00,34,1,333196,4.8505,4.8645,4.8445,4.8475,1483,HG.v.0
2025-03-12 18:00:00+00:00,34,1,333196,4.8475,4.8615,4.8475,4.8555,731,HG.v.0
2025-03-12 19:00:00+00:00,34,1,333196,4.856,4.857,4.8415,4.844,661,HG.v.0
2025-03-12 20:00:00+00:00,34,1,333196,4.8445,4.849,4.8395,4.8415,386,HG.v.0
2025-03-12 22:00:00+00:00,34,1,333196,4.841,4.851,4.841,4.8465,181,HG.v.0
2025-03-12 23:00:00+00:00,34,1,333196,4.846,4.8535,4.8415,4.853,221,HG.v.0
2025-03-13 00:00:00+00:00,34,1,333196,4.8535,4.8575,4.85,4.856,381,HG.v.0
2025-03-13 01:00:00+00:00,34,1,333196,4.855,4.858,4.839,4.8455,1075,HG.v.0
2025-03-13 02:00:00+00:00,34,1,333196,4.845,4.871,4.8445,4.867,958,HG.v.0
2025-03-13 03:00:00+00:00,34,1,333196,4.8675,4.8675,4.838,4.841,712,HG.v.0
2025-03-13 04:00:00+00:00,34,1,333196,4.841,4.8505,4.8385,4.8445,327,HG.v.0
2025-03-13 05:00:00+00:00,34,1,333196,4.8435,4.8435,4.825,4.836,833,HG.v.0
2025-03-13 06:00:00+00:00,34,1,333196,4.835,4.842,4.816,4.836,1507,HG.v.0
2025-03-13 07:00:00+00:00,34,1,333196,4.837,4.8385,4.8035,4.809,1677,HG.v.0
2025-03-13 08:00:00+00:00,34,1,333196,4.809,4.8255,4.7965,4.8235,1950,HG.v.0
2025-03-13 09:00:00+00:00,34,1,333196,4.823,4.844,4.8135,4.8355,2547,HG.v.0
2025-03-13 10:00:00+00:00,34,1,333196,4.8355,4.8515,4.8345,4.845,1627,HG.v.0
2025-03-13 11:00:00+00:00,34,1,333196,4.8445,4.8455,4.8245,4.8385,1424,HG.v.0
2025-03-13 12:00:00+00:00,34,1,333196,4.8375,4.8395,4.826,4.829,1711,HG.v.0
2025-03-13 13:00:00+00:00,34,1,333196,4.8285,4.8645,4.822,4.858,3476,HG.v.0
2025-03-13 14:00:00+00:00,34,1,333196,4.858,4.896,4.8545,4.895,4820,HG.v.0
2025-03-13 15:00:00+00:00,34,1,333196,4.895,4.9165,4.8915,4.902,4456,HG.v.0
2025-03-13 16:00:00+00:00,34,1,333196,4.902,4.9345,4.901,4.925,7762,HG.v.0
2025-03-13 17:00:00+00:00,34,1,333196,4.9255,4.929,4.894,4.9015,2743,HG.v.0
2025-03-13 18:00:00+00:00,34,1,333196,4.901,4.921,4.9005,4.9205,998,HG.v.0
2025-03-13 19:00:00+00:00,34,1,333196,4.92,4.9245,4.9135,4.919,864,HG.v.0
2025-03-13 20:00:00+00:00,34,1,333196,4.9185,4.924,4.913,4.9195,699,HG.v.0
2025-03-13 22:00:00+00:00,34,1,333196,4.928,4.9495,4.9185,4.941,660,HG.v.0
2025-03-13 23:00:00+00:00,34,1,333196,4.9405,4.943,4.9305,4.9345,356,HG.v.0
2025-03-14 00:00:00+00:00,34,1,333196,4.932,4.932,4.9215,4.9265,406,HG.v.0
2025-03-14 01:00:00+00:00,34,1,333196,4.928,4.937,4.9175,4.934,869,HG.v.0
2025-03-14 02:00:00+00:00,34,1,333196,4.9345,4.945,4.9275,4.9295,500,HG.v.0
2025-03-14 03:00:00+00:00,34,1,333196,4.932,4.955,4.9315,4.9465,729,HG.v.0
2025-03-14 04:00:00+00:00,34,1,333196,4.9475,4.9485,4.9355,4.941,278,HG.v.0
2025-03-14 05:00:00+00:00,34,1,333196,4.9415,4.9465,4.929,4.942,478,HG.v.0
2025-03-14 06:00:00+00:00,34,1,333196,4.9415,4.948,4.931,4.9395,961,HG.v.0
2025-03-14 07:00:00+00:00,34,1,333196,4.9385,4.9495,4.9325,4.9425,959,HG.v.0
2025-03-14 08:00:00+00:00,34,1,333196,4.9425,4.9575,4.9325,4.9525,1099,HG.v.0
2025-03-14 09:00:00+00:00,34,1,333196,4.952,4.952,4.9185,4.9305,1994,HG.v.0
2025-03-14 10:00:00+00:00,34,1,333196,4.9305,4.9305,4.9085,4.9265,1740,HG.v.0
2025-03-14 11:00:00+00:00,34,1,333196,4.927,4.9475,4.9265,4.938,1135,HG.v.0
2025-03-14 12:00:00+00:00,34,1,333196,4.937,4.9475,4.9175,4.9355,2518,HG.v.0
2025-03-14 13:00:00+00:00,34,1,333196,4.935,4.9355,4.884,4.896,3890,HG.v.0
2025-03-14 14:00:00+00:00,34,1,333196,4.8955,4.9075,4.883,4.8855,2506,HG.v.0
2025-03-14 15:00:00+00:00,34,1,333196,4.8855,4.8915,4.874,4.875,2719,HG.v.0
2025-03-14 16:00:00+00:00,34,1,333196,4.8745,4.898,4.871,4.8945,3249,HG.v.0
2025-03-14 17:00:00+00:00,34,1,333196,4.894,4.901,4.8885,4.895,1467,HG.v.0
2025-03-14 18:00:00+00:00,34,1,333196,4.896,4.898,4.8875,4.8885,634,HG.v.0
2025-03-14 19:00:00+00:00,34,1,333196,4.8885,4.8895,4.8765,4.881,1083,HG.v.0
2025-03-14 20:00:00+00:00,34,1,333196,4.881,4.8865,4.876,4.882,406,HG.v.0
2025-03-16 22:00:00+00:00,34,1,333196,4.8845,4.893,4.8805,4.8825,398,HG.v.0
2025-03-16 23:00:00+00:00,34,1,333196,4.882,4.8855,4.8775,4.8795,184,HG.v.0
2025-03-17 00:00:00+00:00,34,1,333196,4.8795,4.8975,4.8765,4.897,429,HG.v.0
2025-03-17 01:00:00+00:00,34,1,333196,4.8965,4.9065,4.8895,4.8905,749,HG.v.0
2025-03-17 02:00:00+00:00,34,1,333196,4.8895,4.8955,4.881,4.8915,374,HG.v.0
2025-03-17 03:00:00+00:00,34,1,333196,4.8895,4.8905,4.876,4.88,349,HG.v.0
2025-03-17 04:00:00+00:00,34,1,333196,4.88,4.8875,4.88,4.883,215,HG.v.0
2025-03-17 05:00:00+00:00,34,1,333196,4.881,4.897,4.875,4.8945,465,HG.v.0
2025-03-17 06:00:00+00:00,34,1,333196,4.895,4.9105,4.8915,4.907,871,HG.v.0
2025-03-17 07:00:00+00:00,34,1,333196,4.908,4.9165,4.893,4.8945,1067,HG.v.0
2025-03-17 08:00:00+00:00,34,1,333196,4.895,4.8955,4.8815,4.8875,1055,HG.v.0
2025-03-17 09:00:00+00:00,34,1,333196,4.8875,4.907,4.878,4.9025,1277,HG.v.0
2025-03-17 10:00:00+00:00,34,1,333196,4.9025,4.9145,4.9025,4.9055,1349,HG.v.0
2025-03-17 11:00:00+00:00,34,1,333196,4.9055,4.936,4.9055,4.9215,1557,HG.v.0
2025-03-17 12:00:00+00:00,34,1,333196,4.921,4.925,4.9,4.916,2610,HG.v.0
2025-03-17 13:00:00+00:00,34,1,333196,4.9155,4.923,4.8985,4.913,3030,HG.v.0
2025-03-17 14:00:00+00:00,34,1,333196,4.913,4.938,4.9105,4.93,2247,HG.v.0
2025-03-17 15:00:00+00:00,34,1,333196,4.9305,4.946,4.929,4.944,2133,HG.v.0
2025-03-17 16:00:00+00:00,34,1,333196,4.944,4.9615,4.9385,4.9585,2936,HG.v.0
2025-03-17 17:00:00+00:00,34,1,333196,4.959,4.9765,4.9575,4.974,2568,HG.v.0
2025-03-17 18:00:00+00:00,34,1,333196,4.9745,4.9775,4.972,4.972,1009,HG.v.0
2025-03-17 19:00:00+00:00,34,1,333196,4.972,4.984,4.9715,4.9755,1003,HG.v.0
2025-03-17 20:00:00+00:00,34,1,333196,4.9755,4.982,4.974,4.9775,539,HG.v.0
2025-03-17 22:00:00+00:00,34,1,333196,4.979,4.982,4.9745,4.975,179,HG.v.0
2025-03-17 23:00:00+00:00,34,1,333196,4.976,4.977,4.9725,4.974,147,HG.v.0
2025-03-18 00:00:00+00:00,34,1,333196,4.9745,4.982,4.974,4.9785,346,HG.v.0
2025-03-18 01:00:00+00:00,34,1,333196,4.9785,4.9965,4.9755,4.981,1430,HG.v.0
2025-03-18 02:00:00+00:00,34,1,333196,4.981,4.9985,4.976,4.986,481,HG.v.0
2025-03-18 03:00:00+00:00,34,1,333196,4.986,4.989,4.964,4.9705,958,HG.v.0
2025-03-18 04:00:00+00:00,34,1,333196,4.971,4.9765,4.969,4.9755,233,HG.v.0
2025-03-18 05:00:00+00:00,34,1,333196,4.9755,4.9825,4.9695,4.979,547,HG.v.0
2025-03-18 06:00:00+00:00,34,1,333196,4.9785,4.9785,4.96,4.964,1207,HG.v.0
2025-03-18 07:00:00+00:00,34,1,333196,4.9645,4.9705,4.956,4.959,972,HG.v.0
2025-03-18 08:00:00+00:00,34,1,333196,4.96,4.979,4.9585,4.9765,1211,HG.v.0
2025-03-18 09:00:00+00:00,34,1,333196,4.9765,4.983,4.9685,4.974,894,HG.v.0
2025-03-18 10:00:00+00:00,34,1,333196,4.9745,4.9745,4.9575,4.963,967,HG.v.0
2025-03-18 11:00:00+00:00,34,1,333196,4.963,4.9815,4.9595,4.981,1075,HG.v.0
2025-03-18 12:00:00+00:00,34,1,333196,4.9815,5.025,4.9805,5.0035,5469,HG.v.0
2025-03-18 13:00:00+00:00,34,1,333196,5.0045,5.0175,4.9875,4.989,4485,HG.v.0
2025-03-18 14:00:00+00:00,34,1,333196,4.988,5.0,4.9725,4.9855,4122,HG.v.0
2025-03-18 15:00:00+00:00,34,1,333196,4.9855,4.9995,4.9725,4.986,3526,HG.v.0
2025-03-18 16:00:00+00:00,34,1,333196,4.985,5.0195,4.98,5.0145,6126,HG.v.0
2025-03-18 17:00:00+00:00,34,1,333196,5.0145,5.02,5.0005,5.0045,1908,HG.v.0
2025-03-18 18:00:00+00:00,34,1,333196,5.0045,5.0075,4.997,5.006,423,HG.v.0
2025-03-18 19:00:00+00:00,34,1,333196,5.006,5.012,5.005,5.01,468,HG.v.0
2025-03-18 20:00:00+00:00,34,1,333196,5.01,5.0105,4.9995,5.0055,368,HG.v.0
2025-03-18 22:00:00+00:00,34,1,333196,5.0045,5.0065,4.9995,5.0045,204,HG.v.0
2025-03-18 23:00:00+00:00,34,1,333196,5.0055,5.0065,5.002,5.002,132,HG.v.0
2025-03-19 00:00:00+00:00,34,1,333196,5.0025,5.011,5.001,5.009,264,HG.v.0
2025-03-19 01:00:00+00:00,34,1,333196,5.009,5.011,4.9965,5.005,453,HG.v.0
2025-03-19 02:00:00+00:00,34,1,333196,5.004,5.032,5.003,5.0245,733,HG.v.0
2025-03-19 03:00:00+00:00,34,1,333196,5.025,5.0285,5.0125,5.0245,588,HG.v.0
2025-03-19 04:00:00+00:00,34,1,333196,5.024,5.0255,5.0125,5.018,404,HG.v.0
2025-03-19 05:00:00+00:00,34,1,333196,5.0185,5.039,5.018,5.037,936,HG.v.0
2025-03-19 06:00:00+00:00,34,1,333196,5.037,5.042,5.0295,5.035,809,HG.v.0
2025-03-19 07:00:00+00:00,34,1,333196,5.035,5.046,5.021,5.034,1214,HG.v.0
2025-03-19 08:00:00+00:00,34,1,333196,5.035,5.047,5.028,5.036,1228,HG.v.0
2025-03-19 09:00:00+00:00,34,1,333196,5.034,5.059,5.034,5.0555,1695,HG.v.0
2025-03-19 10:00:00+00:00,34,1,333196,5.055,5.055,5.0425,5.046,978,HG.v.0
2025-03-19 11:00:00+00:00,34,1,333196,5.046,5.0555,5.041,5.0475,1262,HG.v.0
2025-03-19 12:00:00+00:00,34,1,333196,5.0475,5.063,5.045,5.0595,2610,HG.v.0
2025-03-19 13:00:00+00:00,34,1,333196,5.059,5.0725,5.0465,5.071,4380,HG.v.0
2025-03-19 14:00:00+00:00,34,1,333196,5.0715,5.095,5.0655,5.0715,4792,HG.v.0
2025-03-19 15:00:00+00:00,34,1,333196,5.0715,5.0915,5.0705,5.079,3084,HG.v.0
2025-03-19 16:00:00+00:00,34,1,333196,5.0795,5.1065,5.0795,5.1,5378,HG.v.0
2025-03-19 17:00:00+00:00,34,1,333196,5.1,5.101,5.091,5.0965,2201,HG.v.0
2025-03-19 18:00:00+00:00,34,1,333196,5.0955,5.122,5.0945,5.12,2427,HG.v.0
2025-03-19 19:00:00+00:00,34,1,333196,5.1195,5.122,5.1025,5.117,1018,HG.v.0
2025-03-19 20:00:00+00:00,34,1,333196,5.1175,5.1245,5.114,5.122,525,HG.v.0
2025-03-19 22:00:00+00:00,34,1,333196,5.124,5.126,5.1135,5.1225,393,HG.v.0
2025-03-19 23:00:00+00:00,34,1,333196,5.1215,5.1275,5.121,5.126,262,HG.v.0
2025-03-20 00:00:00+00:00,34,1,333196,5.1265,5.134,5.126,5.133,666,HG.v.0
2025-03-20 01:00:00+00:00,34,1,333196,5.133,5.144,5.112,5.116,2273,HG.v.0
2025-03-20 02:00:00+00:00,34,1,333196,5.116,5.134,5.1145,5.1235,694,HG.v.0
2025-03-20 03:00:00+00:00,34,1,333196,5.1235,5.131,5.1235,5.129,218,HG.v.0
2025-03-20 04:00:00+00:00,34,1,333196,5.129,5.138,5.1255,5.1335,598,HG.v.0
2025-03-20 05:00:00+00:00,34,1,333196,5.134,5.1345,5.1195,5.132,1088,HG.v.0
2025-03-20 06:00:00+00:00,34,1,333196,5.1325,5.1485,5.1255,5.1325,1286,HG.v.0
2025-03-20 07:00:00+00:00,34,1,333196,5.132,5.1425,5.1245,5.139,1668,HG.v.0
2025-03-20 08:00:00+00:00,34,1,333196,5.138,5.143,5.106,5.109,2338,HG.v.0
2025-03-20 09:00:00+00:00,34,1,333196,5.109,5.126,5.0945,5.1005,1836,HG.v.0
2025-03-20 10:00:00+00:00,34,1,333196,5.0995,5.1025,5.079,5.1015,3044,HG.v.0
2025-03-20 11:00:00+00:00,34,1,333196,5.1015,5.131,5.0985,5.126,2754,HG.v.0
2025-03-20 12:00:00+00:00,34,1,333196,5.1265,5.1285,5.09,5.091,3060,HG.v.0
2025-03-20 13:00:00+00:00,34,1,333196,5.092,5.097,5.056,5.076,6093,HG.v.0
2025-03-20 14:00:00+00:00,34,1,333196,5.0755,5.1,5.0755,5.09,2948,HG.v.0
2025-03-20 15:00:00+00:00,34,1,333196,5.09,5.1105,5.072,5.1015,3046,HG.v.0
2025-03-20 16:00:00+00:00,34,1,333196,5.1015,5.1205,5.0955,5.1095,4414,HG.v.0
2025-03-20 17:00:00+00:00,34,1,333196,5.109,5.1165,5.0995,5.1035,1035,HG.v.0
2025-03-20 18:00:00+00:00,34,1,333196,5.103,5.107,5.1,5.1025,432,HG.v.0
2025-03-20 19:00:00+00:00,34,1,333196,5.103,5.1115,5.1005,5.1095,364,HG.v.0
2025-03-20 20:00:00+00:00,34,1,333196,5.109,5.1145,5.1065,5.113,374,HG.v.0
2025-03-20 22:00:00+00:00,34,1,333196,5.1105,5.115,5.109,5.1125,186,HG.v.0
2025-03-20 23:00:00+00:00,34,1,333196,5.112,5.1145,5.1085,5.114,169,HG.v.0
2025-03-21 00:00:00+00:00,34,1,333196,5.1135,5.1205,5.111,5.1165,537,HG.v.0
2025-03-21 01:00:00+00:00,34,1,333196,5.116,5.1375,5.111,5.125,1014,HG.v.0
2025-03-21 02:00:00+00:00,34,1,333196,5.127,5.1375,5.1155,5.119,609,HG.v.0
2025-03-21 03:00:00+00:00,34,1,333196,5.117,5.1175,5.094,5.101,1021,HG.v.0
2025-03-21 04:00:00+00:00,34,1,333196,5.1,5.107,5.1,5.106,312,HG.v.0
2025-03-21 05:00:00+00:00,34,1,333196,5.1055,5.106,5.0825,5.098,1029,HG.v.0
2025-03-21 06:00:00+00:00,34,1,333196,5.0975,5.109,5.084,5.093,1638,HG.v.0
2025-03-21 07:00:00+00:00,34,1,333196,5.0935,5.1,5.0855,5.0915,1240,HG.v.0
2025-03-21 08:00:00+00:00,34,1,333196,5.091,5.0975,5.0585,5.0755,2285,HG.v.0
2025-03-21 09:00:00+00:00,34,1,333196,5.075,5.079,5.0385,5.046,2272,HG.v.0
2025-03-21 10:00:00+00:00,34,1,333196,5.0465,5.0575,5.037,5.051,1211,HG.v.0
2025-03-21 11:00:00+00:00,34,1,333196,5.051,5.062,5.0465,5.056,1230,HG.v.0
2025-03-21 12:00:00+00:00,34,1,333196,5.055,5.077,5.055,5.065,2966,HG.v.0
2025-03-21 13:00:00+00:00,34,1,333196,5.0645,5.085,5.031,5.0345,4495,HG.v.0
2025-03-21 14:00:00+00:00,34,1,333196,5.034,5.0755,5.027,5.071,4628,HG.v.0
2025-03-21 15:00:00+00:00,34,1,333196,5.071,5.0955,5.0655,5.091,3223,HG.v.0
2025-03-21 16:00:00+00:00,34,1,333196,5.09,5.115,5.0835,5.114,3808,HG.v.0
2025-03-21 17:00:00+00:00,34,1,333196,5.113,5.1155,5.104,5.11,1534,HG.v.0
2025-03-21 18:00:00+00:00,34,1,333196,5.111,5.1145,5.1095,5.112,422,HG.v.0
2025-03-21 19:00:00+00:00,34,1,333196,5.1115,5.112,5.0925,5.1025,999,HG.v.0
2025-03-21 20:00:00+00:00,34,1,333196,5.103,5.11,5.1015,5.1035,272,HG.v.0
2025-03-23 22:00:00+00:00,34,1,333196,5.0965,5.1235,5.093,5.1195,834,HG.v.0
2025-03-23 23:00:00+00:00,34,1,333196,5.12,5.128,5.116,5.1265,340,HG.v.0
2025-03-24 00:00:00+00:00,34,1,333196,5.1265,5.132,5.121,5.125,590,HG.v.0
2025-03-24 01:00:00+00:00,34,1,333196,5.1255,5.129,5.1085,5.1245,1104,HG.v.0
2025-03-24 02:00:00+00:00,34,1,333196,5.1255,5.14,5.117,5.118,1020,HG.v.0
2025-03-24 03:00:00+00:00,34,1,333196,5.1175,5.132,5.1165,5.128,435,HG.v.0
2025-03-24 04:00:00+00:00,34,1,333196,5.129,5.135,5.125,5.1295,356,HG.v.0
2025-03-24 05:00:00+00:00,34,1,333196,5.1295,5.138,5.126,5.137,549,HG.v.0
2025-03-24 06:00:00+00:00,34,1,333196,5.136,5.1635,5.124,5.161,1887,HG.v.0
2025-03-24 07:00:00+00:00,34,1,333196,5.161,5.1805,5.1585,5.174,1601,HG.v.0
2025-03-24 08:00:00+00:00,34,1,333196,5.1735,5.1845,5.17,5.1745,1764,HG.v.0
2025-03-24 09:00:00+00:00,34,1,333196,5.1755,5.1815,5.141,5.1515,2407,HG.v.0
2025-03-24 10:00:00+00:00,34,1,333196,5.1525,5.179,5.14,5.176,1991,HG.v.0
2025-03-24 11:00:00+00:00,34,1,333196,5.176,5.18,5.165,5.1665,1970,HG.v.0
2025-03-24 12:00:00+00:00,34,1,333196,5.167,5.178,5.1445,5.1485,3488,HG.v.0
2025-03-24 13:00:00+00:00,34,1,333196,5.148,5.1605,5.132,5.1345,3167,HG.v.0
2025-03-24 14:00:00+00:00,34,1,333196,5.135,5.137,5.106,5.1225,5089,HG.v.0
2025-03-24 15:00:00+00:00,34,1,333196,5.1215,5.1365,5.111,5.113,3460,HG.v.0
2025-03-24 16:00:00+00:00,34,1,333196,5.112,5.121,5.0825,5.0915,4578,HG.v.0
2025-03-24 17:00:00+00:00,34,1,333196,5.092,5.092,5.0775,5.0845,2053,HG.v.0
2025-03-24 18:00:00+00:00,34,1,333196,5.084,5.087,5.075,5.0825,949,HG.v.0
2025-03-24 19:00:00+00:00,34,1,333196,5.0825,5.0915,5.0825,5.088,434,HG.v.0
2025-03-24 20:00:00+00:00,34,1,333196,5.0885,5.094,5.082,5.082,372,HG.v.0
2025-03-24 22:00:00+00:00,34,1,333196,5.086,5.0865,5.0785,5.082,319,HG.v.0
2025-03-24 23:00:00+00:00,34,1,333196,5.083,5.0845,5.0805,5.0825,124,HG.v.0
2025-03-25 00:00:00+00:00,34,1,333196,5.083,5.0935,5.0765,5.093,495,HG.v.0
2025-03-25 01:00:00+00:00,34,1,333196,5.0935,5.112,5.0895,5.1065,1482,HG.v.0
2025-03-25 02:00:00+00:00,34,1,333196,5.106,5.116,5.09,5.0965,830,HG.v.0
2025-03-25 03:00:00+00:00,34,1,333196,5.097,5.109,5.0955,5.1055,530,HG.v.0
2025-03-25 04:00:00+00:00,34,1,333196,5.107,5.117,5.1045,5.1105,470,HG.v.0
2025-03-25 05:00:00+00:00,34,1,333196,5.11,5.1305,5.1075,5.122,887,HG.v.0
2025-03-25 06:00:00+00:00,34,1,333196,5.121,5.1275,5.1115,5.1215,979,HG.v.0
2025-03-25 07:00:00+00:00,34,1,333196,5.122,5.128,5.114,5.126,1147,HG.v.0
2025-03-25 08:00:00+00:00,34,1,333196,5.1265,5.143,5.1215,5.1395,1842,HG.v.0
2025-03-25 09:00:00+00:00,34,1,333196,5.139,5.1435,5.1205,5.1345,1258,HG.v.0
2025-03-25 10:00:00+00:00,34,1,333196,5.134,5.1555,5.1295,5.15,1545,HG.v.0
2025-03-25 11:00:00+00:00,34,1,333196,5.151,5.155,5.143,5.1485,1414,HG.v.0
2025-03-25 12:00:00+00:00,34,1,333196,5.149,5.168,5.1455,5.165,3065,HG.v.0
2025-03-25 13:00:00+00:00,34,1,333196,5.1655,5.2055,5.1635,5.19,7143,HG.v.0
2025-03-25 14:00:00+00:00,34,1,333196,5.19,5.2145,5.1785,5.2085,5349,HG.v.0
2025-03-25 15:00:00+00:00,34,1,333196,5.209,5.211,5.19,5.206,3115,HG.v.0
2025-03-25 16:00:00+00:00,34,1,333196,5.205,5.218,5.203,5.2115,4393,HG.v.0
2025-03-25 17:00:00+00:00,34,1,333196,5.2115,5.2255,5.2035,5.2115,2533,HG.v.0
2025-03-25 18:00:00+00:00,34,1,333196,5.2105,5.216,5.2065,5.212,1030,HG.v.0
2025-03-25 19:00:00+00:00,34,1,333196,5.2115,5.2255,5.209,5.214,1226,HG.v.0
2025-03-25 20:00:00+00:00,34,1,333196,5.2145,5.2285,5.2135,5.2275,650,HG.v.0
2025-03-25 22:00:00+00:00,34,1,333196,5.2275,5.237,5.222,5.2345,1215,HG.v.0
2025-03-25 23:00:00+00:00,34,1,333196,5.235,5.235,5.23,5.23,231,HG.v.0
2025-03-26 00:00:00+00:00,34,1,333196,5.2305,5.2325,5.225,5.228,695,HG.v.0
2025-03-26 01:00:00+00:00,34,1,333196,5.2285,5.374,5.2225,5.271,7967,HG.v.0
2025-03-26 02:00:00+00:00,34,1,333196,5.271,5.28,5.2605,5.274,1645,HG.v.0
2025-03-26 03:00:00+00:00,34,1,333196,5.2735,5.276,5.2425,5.245,1712,HG.v.0
2025-03-26 04:00:00+00:00,34,1,333196,5.2465,5.2475,5.234,5.243,1096,HG.v.0
2025-03-26 05:00:00+00:00,34,1,333196,5.244,5.294,5.238,5.293,2468,HG.v.0
2025-03-26 06:00:00+00:00,34,1,333196,5.2925,5.302,5.267,5.2955,2899,HG.v.0
2025-03-26 07:00:00+00:00,34,1,333196,5.293,5.32,5.2835,5.307,2724,HG.v.0
2025-03-26 08:00:00+00:00,34,1,333196,5.307,5.3095,5.2635,5.283,3727,HG.v.0
2025-03-26 09:00:00+00:00,34,1,333196,5.2845,5.294,5.2715,5.276,2225,HG.v.0
2025-03-26 10:00:00+00:00,34,1,333196,5.2755,5.2845,5.2695,5.277,1598,HG.v.0
2025-03-26 11:00:00+00:00,34,1,333196,5.277,5.294,5.263,5.2805,2198,HG.v.0
2025-03-26 12:00:00+00:00,34,1,333196,5.281,5.293,5.2555,5.291,3663,HG.v.0
2025-03-26 13:00:00+00:00,34,1,333196,5.2915,5.3105,5.2725,5.2745,5398,HG.v.0
2025-03-26 14:00:00+00:00,34,1,333196,5.274,5.284,5.2435,5.253,5876,HG.v.0
2025-03-26 15:00:00+00:00,34,1,333196,5.2535,5.2585,5.2365,5.24,5710,HG.v.0
2025-03-26 16:00:00+00:00,34,1,333196,5.2415,5.247,5.2285,5.2435,5549,HG.v.0
2025-03-26 17:00:00+00:00,34,1,333196,5.244,5.249,5.228,5.2335,2000,HG.v.0
2025-03-26 18:00:00+00:00,34,1,333196,5.234,5.241,5.225,5.2275,965,HG.v.0
2025-03-26 19:00:00+00:00,34,1,333196,5.228,5.242,5.2275,5.238,722,HG.v.0
2025-03-26 20:00:00+00:00,34,1,333196,5.2375,5.245,5.2375,5.2405,557,HG.v.0
2025-03-26 22:00:00+00:00,34,1,333196,5.2405,5.2485,5.2345,5.237,484,HG.v.0
2025-03-26 23:00:00+00:00,34,1,333196,5.2365,5.248,5.2335,5.244,125,HG.v.0
2025-03-27 00:00:00+00:00,34,1,333196,5.243,5.249,5.24,5.247,382,HG.v.0
2025-03-27 01:00:00+00:00,34,1,333196,5.2455,5.248,5.2005,5.218,2145,HG.v.0
2025-03-27 02:00:00+00:00,34,1,333196,5.218,5.2695,5.2165,5.263,1388,HG.v.0
2025-03-27 03:00:00+00:00,34,1,333196,5.263,5.2695,5.254,5.2665,618,HG.v.0
2025-03-27 04:00:00+00:00,34,1,333196,5.2655,5.2715,5.257,5.258,502,HG.v.0
2025-03-27 05:00:00+00:00,34,1,333196,5.2575,5.258,5.231,5.2345,891,HG.v.0
2025-03-27 06:00:00+00:00,34,1,333196,5.234,5.241,5.2205,5.231,1019,HG.v.0
2025-03-27 07:00:00+00:00,34,1,333196,5.23,5.2535,5.226,5.2515,1072,HG.v.0
2025-03-27 08:00:00+00:00,34,1,333196,5.252,5.252,5.22,5.239,1758,HG.v.0
2025-03-27 09:00:00+00:00,34,1,333196,5.2385,5.2445,5.2125,5.227,1925,HG.v.0
2025-03-27 10:00:00+00:00,34,1,333196,5.229,5.24,5.2245,5.2255,998,HG.v.0
2025-03-27 11:00:00+00:00,34,1,333196,5.2245,5.2335,5.2135,5.2285,1183,HG.v.0
2025-03-27 12:00:00+00:00,34,1,333196,5.23,5.25,5.178,5.183,6013,HG.v.0
2025-03-27 13:00:00+00:00,34,1,333196,5.1835,5.1895,5.1195,5.1435,10419,HG.v.0
2025-03-27 14:00:00+00:00,34,1,333196,5.142,5.1455,5.089,5.13,9704,HG.v.0
2025-03-27 15:00:00+00:00,34,1,333196,5.13,5.1525,5.1135,5.1215,4237,HG.v.0
2025-03-27 16:00:00+00:00,34,1,333196,5.122,5.1475,5.1145,5.119,5421,HG.v.0
2025-03-27 17:00:00+00:00,34,1,333196,5.119,5.1255,5.115,5.1175,1457,HG.v.0
2025-03-27 18:00:00+00:00,34,1,333196,5.1175,5.129,5.116,5.1245,652,HG.v.0
2025-03-27 19:00:00+00:00,34,1,333196,5.1245,5.128,5.1145,5.119,859,HG.v.0
2025-03-27 20:00:00+00:00,34,1,333196,5.1195,5.125,5.1195,5.12,362,HG.v.0
2025-03-27 22:00:00+00:00,34,1,333196,5.1195,5.1325,5.1165,5.1225,432,HG.v.0
2025-03-27 23:00:00+00:00,34,1,333196,5.1225,5.1225,5.1115,5.1175,411,HG.v.0
2025-03-28 00:00:00+00:00,34,1,333196,5.116,5.1195,5.1065,5.1155,469,HG.v.0
2025-03-28 01:00:00+00:00,34,1,333196,5.115,5.1185,5.089,5.097,1494,HG.v.0
2025-03-28 02:00:00+00:00,34,1,333196,5.0965,5.124,5.0915,5.093,1259,HG.v.0
2025-03-28 03:00:00+00:00,34,1,333196,5.093,5.0995,5.0755,5.0935,1510,HG.v.0
2025-03-28 04:00:00+00:00,34,1,333196,5.0935,5.1045,5.0915,5.0995,648,HG.v.0
2025-03-28 05:00:00+00:00,34,1,333196,5.1,5.104,5.0805,5.0935,920,HG.v.0
2025-03-28 06:00:00+00:00,34,1,333196,5.091,5.106,5.09,5.0985,1177,HG.v.0
2025-03-28 07:00:00+00:00,34,1,333196,5.1,5.105,5.0795,5.085,1285,HG.v.0
2025-03-28 08:00:00+00:00,34,1,333196,5.0845,5.0975,5.062,5.0975,2169,HG.v.0
2025-03-28 09:00:00+00:00,34,1,333196,5.097,5.114,5.0915,5.1055,2016,HG.v.0
2025-03-28 10:00:00+00:00,34,1,333196,5.106,5.1185,5.1,5.1055,920,HG.v.0
2025-03-28 11:00:00+00:00,34,1,333196,5.1045,5.1235,5.104,5.123,888,HG.v.0
2025-03-28 12:00:00+00:00,34,1,333196,5.1225,5.149,5.116,5.126,4290,HG.v.0
2025-03-28 13:00:00+00:00,34,1,333196,5.127,5.1675,5.126,5.1615,4617,HG.v.0
2025-03-28 14:00:00+00:00,34,1,333196,5.1605,5.165,5.1125,5.1245,5329,HG.v.0
2025-03-28 15:00:00+00:00,34,1,333196,5.126,5.1485,5.12,5.1335,3330,HG.v.0
2025-03-28 16:00:00+00:00,34,1,333196,5.133,5.1525,5.1275,5.1285,3711,HG.v.0
2025-03-28 17:00:00+00:00,34,1,333196,5.1285,5.1385,5.122,5.123,1519,HG.v.0
2025-03-28 18:00:00+00:00,34,1,333196,5.1225,5.126,5.1085,5.1155,834,HG.v.0
2025-03-28 19:00:00+00:00,34,1,333196,5.116,5.122,5.1045,5.1075,731,HG.v.0
2025-03-28 20:00:00+00:00,34,1,333196,5.107,5.1135,5.0985,5.1075,603,HG.v.0
2025-03-30 22:00:00+00:00,34,1,333196,5.13,5.139,5.1005,5.136,1331,HG.v.0
2025-03-30 23:00:00+00:00,34,1,333196,5.1355,5.146,5.1265,5.13,548,HG.v.0
2025-03-31 00:00:00+00:00,34,1,333196,5.129,5.131,5.1095,5.116,971,HG.v.0
2025-03-31 01:00:00+00:00,34,1,333196,5.1175,5.132,5.0985,5.1085,1036,HG.v.0
2025-03-31 02:00:00+00:00,34,1,333196,5.106,5.111,5.096,5.1025,522,HG.v.0
2025-03-31 03:00:00+00:00,34,1,333196,5.104,5.114,5.0955,5.098,570,HG.v.0
2025-03-31 04:00:00+00:00,34,1,333196,5.098,5.101,5.093,5.0965,390,HG.v.0
2025-03-31 05:00:00+00:00,34,1,333196,5.0955,5.1095,5.084,5.1095,859,HG.v.0
2025-03-31 06:00:00+00:00,34,1,333196,5.1085,5.122,5.099,5.1115,899,HG.v.0
2025-03-31 07:00:00+00:00,34,1,333196,5.11,5.111,5.0855,5.0985,1502,HG.v.0
2025-03-31 08:00:00+00:00,34,1,333196,5.0985,5.1,5.0555,5.07,2833,HG.v.0
2025-03-31 09:00:00+00:00,34,1,333196,5.0695,5.0705,5.03,5.0355,2281,HG.v.0
2025-03-31 10:00:00+00:00,34,1,333196,5.036,5.04,5.022,5.029,2078,HG.v.0
2025-03-31 11:00:00+00:00,34,1,333196,5.0295,5.048,5.0205,5.048,1858,HG.v.0
2025-03-31 12:00:00+00:00,34,1,333196,5.0485,5.073,5.0335,5.066,4036,HG.v.0
2025-03-31 13:00:00+00:00,34,1,333196,5.067,5.0785,4.985,5.0335,8235,HG.v.0
2025-03-31 14:00:00+00:00,34,1,333196,5.0325,5.0505,5.0165,5.0335,4035,HG.v.0
2025-03-31 15:00:00+00:00,34,1,333196,5.034,5.046,5.02,5.0305,2491,HG.v.0
2025-03-31 16:00:00+00:00,34,1,333196,5.0305,5.044,5.024,5.0315,3473,HG.v.0
2025-03-31 17:00:00+00:00,34,1,333196,5.032,5.0485,5.0265,5.0375,1782,HG.v.0
2025-03-31 18:00:00+00:00,34,1,333196,5.0365,5.0515,5.036,5.046,404,HG.v.0
2025-03-31 19:00:00+00:00,34,1,333196,5.046,5.058,5.046,5.0505,817,HG.v.0
2025-03-31 20:00:00+00:00,34,1,333196,5.05,5.055,5.044,5.0525,499,HG.v.0
2025-03-31 22:00:00+00:00,34,1,333196,5.055,5.0595,5.046,5.05,396,HG.v.0
2025-03-31 23:00:00+00:00,34,1,333196,5.05,5.0525,5.047,5.049,234,HG.v.0
2025-04-01 00:00:00+00:00,34,1,333196,5.0505,5.0655,5.05,5.0655,678,HG.v.0
2025-04-01 01:00:00+00:00,34,1,333196,5.065,5.07,5.0515,5.0625,980,HG.v.0
2025-04-01 02:00:00+00:00,34,1,333196,5.0625,5.0945,5.0565,5.089,1346,HG.v.0
2025-04-01 03:00:00+00:00,34,1,333196,5.0865,5.0945,5.082,5.0835,453,HG.v.0
2025-04-01 04:00:00+00:00,34,1,333196,5.083,5.105,5.08,5.091,732,HG.v.0
2025-04-01 05:00:00+00:00,34,1,333196,5.09,5.094,5.066,5.067,866,HG.v.0
2025-04-01 06:00:00+00:00,34,1,333196,5.0675,5.098,5.0595,5.0915,1333,HG.v.0
2025-04-01 07:00:00+00:00,34,1,333196,5.093,5.1155,5.0775,5.0965,2627,HG.v.0
2025-04-01 08:00:00+00:00,34,1,333196,5.0965,5.103,5.086,5.09,1811,HG.v.0
2025-04-01 09:00:00+00:00,34,1,333196,5.091,5.107,5.071,5.077,1300,HG.v.0
2025-04-01 10:00:00+00:00,34,1,333196,5.076,5.076,5.041,5.046,2352,HG.v.0
2025-04-01 11:00:00+00:00,34,1,333196,5.046,5.0595,5.0305,5.058,2307,HG.v.0
2025-04-01 12:00:00+00:00,34,1,333196,5.058,5.0695,5.043,5.053,3124,HG.v.0
2025-04-01 13:00:00+00:00,34,1,333196,5.053,5.06,5.0105,5.0155,4975,HG.v.0
2025-04-01 14:00:00+00:00,34,1,333196,5.017,5.0555,5.0045,5.0445,5540,HG.v.0
2025-04-01 15:00:00+00:00,34,1,333196,5.0445,5.0555,5.026,5.043,3101,HG.v.0
2025-04-01 16:00:00+00:00,34,1,333196,5.0425,5.0475,5.0235,5.0315,2830,HG.v.0
2025-04-01 17:00:00+00:00,34,1,333196,5.032,5.035,5.023,5.0255,988,HG.v.0
2025-04-01 18:00:00+00:00,34,1,333196,5.026,5.0305,5.018,5.03,694,HG.v.0
2025-04-01 19:00:00+00:00,34,1,333196,5.029,5.036,5.0255,5.0355,426,HG.v.0
2025-04-01 20:00:00+00:00,34,1,333196,5.035,5.0405,5.0305,5.0325,484,HG.v.0
2025-04-01 22:00:00+00:00,34,1,333196,5.0295,5.0445,5.0295,5.0395,343,HG.v.0
2025-04-01 23:00:00+00:00,34,1,333196,5.0385,5.045,5.036,5.0415,269,HG.v.0
2025-04-02 00:00:00+00:00,34,1,333196,5.0405,5.0435,5.029,5.0315,459,HG.v.0
2025-04-02 01:00:00+00:00,34,1,333196,5.0315,5.061,5.0265,5.059,951,HG.v.0
2025-04-02 02:00:00+00:00,34,1,333196,5.06,5.074,5.0575,5.065,851,HG.v.0
2025-04-02 03:00:00+00:00,34,1,333196,5.065,5.0705,5.061,5.0675,437,HG.v.0
2025-04-02 04:00:00+00:00,34,1,333196,5.0685,5.072,5.0615,5.066,328,HG.v.0
2025-04-02 05:00:00+00:00,34,1,333196,5.0645,5.065,5.0505,5.0555,579,HG.v.0
2025-04-02 06:00:00+00:00,34,1,333196,5.0565,5.0615,5.041,5.041,918,HG.v.0
2025-04-02 07:00:00+00:00,34,1,333196,5.0415,5.0545,5.0225,5.051,1370,HG.v.0
2025-04-02 08:00:00+00:00,34,1,333196,5.052,5.0775,5.04,5.072,1763,HG.v.0
2025-04-02 09:00:00+00:00,34,1,333196,5.072,5.0955,5.0705,5.0715,2329,HG.v.0
2025-04-02 10:00:00+00:00,34,1,333196,5.072,5.074,5.0465,5.0535,1444,HG.v.0
2025-04-02 11:00:00+00:00,34,1,333196,5.0525,5.0855,5.0505,5.0715,1778,HG.v.0
2025-04-02 12:00:00+00:00,34,1,333196,5.0715,5.0765,5.053,5.0745,2626,HG.v.0
2025-04-02 13:00:00+00:00,34,1,333196,5.074,5.0795,5.034,5.0455,3994,HG.v.0
2025-04-02 14:00:00+00:00,34,1,333196,5.045,5.0605,5.0355,5.052,2282,HG.v.0
2025-04-02 15:00:00+00:00,34,1,333196,5.052,5.0585,5.03,5.0385,2977,HG.v.0
2025-04-02 16:00:00+00:00,34,1,333196,5.039,5.048,5.0345,5.041,2206,HG.v.0
2025-04-02 17:00:00+00:00,34,1,333196,5.041,5.0555,5.039,5.041,1380,HG.v.0
2025-04-02 18:00:00+00:00,34,1,333196,5.042,5.046,5.031,5.0335,786,HG.v.0
2025-04-02 19:00:00+00:00,34,1,333196,5.034,5.06,5.034,5.052,1055,HG.v.0
2025-04-02 20:00:00+00:00,34,1,333196,5.0525,5.145,4.985,5.031,6868,HG.v.0
2025-04-02 22:00:00+00:00,34,1,333196,5.0,5.0,4.828,4.9425,3660,HG.v.0
2025-04-02 23:00:00+00:00,34,1,333196,4.9425,4.948,4.91,4.9165,1802,HG.v.0
2025-04-03 00:00:00+00:00,34,1,333196,4.917,4.9285,4.9005,4.908,2307,HG.v.0
2025-04-03 01:00:00+00:00,34,1,333196,4.908,4.941,4.8905,4.9235,2505,HG.v.0
2025-04-03 02:00:00+00:00,34,1,333196,4.9235,4.93,4.9105,4.9235,810,HG.v.0
2025-04-03 03:00:00+00:00,34,1,333196,4.923,4.927,4.903,4.9085,1046,HG.v.0
2025-04-03 04:00:00+00:00,34,1,333196,4.9085,4.9235,4.8925,4.898,1056,HG.v.0
2025-04-03 05:00:00+00:00,34,1,333196,4.8965,4.9155,4.8865,4.902,1572,HG.v.0
2025-04-03 06:00:00+00:00,34,1,333196,4.905,4.913,4.884,4.885,1787,HG.v.0
2025-04-03 07:00:00+00:00,34,1,333196,4.8845,4.9115,4.8655,4.91,4095,HG.v.0
2025-04-03 08:00:00+00:00,34,1,333196,4.91,4.947,4.9015,4.94,2629,HG.v.0
2025-04-03 09:00:00+00:00,34,1,333196,4.9405,4.9605,4.916,4.9255,2799,HG.v.0
2025-04-03 10:00:00+00:00,34,1,333196,4.9245,4.9415,4.8965,4.8985,2441,HG.v.0
2025-04-03 11:00:00+00:00,34,1,333196,4.899,4.923,4.8915,4.897,2407,HG.v.0
2025-04-03 12:00:00+00:00,34,1,333196,4.8965,4.9065,4.857,4.8945,6616,HG.v.0
2025-04-03 13:00:00+00:00,34,1,333196,4.894,4.8965,4.8445,4.8455,5114,HG.v.0
2025-04-03 14:00:00+00:00,34,1,333196,4.8475,4.8785,4.831,4.8575,5896,HG.v.0
2025-04-03 15:00:00+00:00,34,1,333196,4.8565,4.8655,4.8365,4.8615,3005,HG.v.0
2025-04-03 16:00:00+00:00,34,1,333196,4.861,4.869,4.8225,4.8305,4168,HG.v.0
2025-04-03 17:00:00+00:00,34,1,333196,4.8305,4.8395,4.826,4.8335,1883,HG.v.0
2025-04-03 18:00:00+00:00,34,1,333196,4.834,4.8385,4.8175,4.8275,1328,HG.v.0
2025-04-03 19:00:00+00:00,34,1,333196,4.8265,4.83,4.81,4.812,1498,HG.v.0
2025-04-03 20:00:00+00:00,34,1,333196,4.8115,4.8155,4.808,4.812,737,HG.v.0
2025-04-03 22:00:00+00:00,34,1,333196,4.814,4.82,4.8065,4.8125,422,HG.v.0
2025-04-03 23:00:00+00:00,34,1,333196,4.813,4.8245,4.8025,4.819,345,HG.v.0
2025-04-04 00:00:00+00:00,34,1,333196,4.82,4.821,4.7995,4.804,787,HG.v.0
2025-04-04 01:00:00+00:00,34,1,333196,4.8035,4.808,4.786,4.7865,1608,HG.v.0
2025-04-04 02:00:00+00:00,34,1,333196,4.7875,4.7985,4.775,4.781,1079,HG.v.0
2025-04-04 03:00:00+00:00,34,1,333196,4.7825,4.7825,4.768,4.7705,1107,HG.v.0
2025-04-04 04:00:00+00:00,34,1,333196,4.771,4.777,4.761,4.7625,775,HG.v.0
2025-04-04 05:00:00+00:00,34,1,333196,4.763,4.8,4.7605,4.7825,921,HG.v.0
2025-04-04 06:00:00+00:00,34,1,333196,4.783,4.79,4.762,4.763,1139,HG.v.0
2025-04-04 07:00:00+00:00,34,1,333196,4.763,4.781,4.7445,4.749,3633,HG.v.0
2025-04-04 08:00:00+00:00,34,1,333196,4.7485,4.7495,4.705,4.7075,2945,HG.v.0
2025-04-04 09:00:00+00:00,34,1,333196,4.7055,4.7345,4.703,4.7105,2037,HG.v.0
2025-04-04 10:00:00+00:00,34,1,333196,4.71,4.7285,4.6415,4.6455,5521,HG.v.0
2025-04-04 11:00:00+00:00,34,1,333196,4.6455,4.662,4.575,4.5795,9641,HG.v.0
2025-04-04 12:00:00+00:00,34,1,333196,4.5795,4.5815,4.4385,4.5365,13693,HG.v.0
2025-04-04 13:00:00+00:00,34,1,333196,4.536,4.5615,4.4685,4.4835,9868,HG.v.0
2025-04-04 14:00:00+00:00,34,1,333196,4.482,4.4925,4.425,4.4595,8296,HG.v.0
2025-04-04 15:00:00+00:00,34,1,333196,4.459,4.5245,4.453,4.4605,8688,HG.v.0
2025-04-04 16:00:00+00:00,34,1,333196,4.4605,4.4635,4.395,4.4075,9133,HG.v.0
2025-04-04 17:00:00+00:00,34,1,333196,4.4075,4.4245,4.375,4.402,4878,HG.v.0
2025-04-04 18:00:00+00:00,34,1,333196,4.402,4.4135,4.3785,4.4025,2118,HG.v.0
2025-04-04 19:00:00+00:00,34,1,333196,4.4015,4.4275,4.391,4.403,2166,HG.v.0
2025-04-04 20:00:00+00:00,34,1,333196,4.4025,4.405,4.372,4.388,1232,HG.v.0
2025-04-06 22:00:00+00:00,34,1,333196,4.35,4.35,4.03,4.166,4540,HG.v.0
2025-04-06 23:00:00+00:00,34,1,333196,4.164,4.218,4.1415,4.179,2035,HG.v.0
2025-04-07 00:00:00+00:00,34,1,333196,4.179,4.19,4.1145,4.1745,3427,HG.v.0
2025-04-07 01:00:00+00:00,34,1,333196,4.1735,4.3365,4.1085,4.319,10025,HG.v.0
2025-04-07 02:00:00+00:00,34,1,333196,4.3235,4.465,4.293,4.4135,8317,HG.v.0
2025-04-07 03:00:00+00:00,34,1,333196,4.4165,4.4285,4.387,4.402,1851,HG.v.0
2025-04-07 04:00:00+00:00,34,1,333196,4.4055,4.449,4.376,4.3955,1122,HG.v.0
2025-04-07 05:00:00+00:00,34,1,333196,4.393,4.4135,4.3385,4.35,2047,HG.v.0
2025-04-07 06:00:00+00:00,34,1,333196,4.35,4.393,4.3325,4.3445,2383,HG.v.0
2025-04-07 07:00:00+00:00,34,1,333196,4.345,4.3535,4.297,4.309,4478,HG.v.0
2025-04-07 08:00:00+00:00,34,1,333196,4.3095,4.3905,4.307,4.3175,3552,HG.v.0
2025-04-07 09:00:00+00:00,34,1,333196,4.316,4.3475,4.271,4.342,3084,HG.v.0
2025-04-07 10:00:00+00:00,34,1,333196,4.3425,4.39,4.3425,4.3615,2738,HG.v.0
2025-04-07 11:00:00+00:00,34,1,333196,4.3605,4.42,4.3565,4.372,4510,HG.v.0
2025-04-07 12:00:00+00:00,34,1,333196,4.3725,4.378,4.1505,4.2675,22238,HG.v.0
2025-04-07 13:00:00+00:00,34,1,333196,4.2665,4.33,4.2455,4.3185,11259,HG.v.0
2025-04-07 14:00:00+00:00,34,1,333196,4.318,4.4405,4.253,4.294,11502,HG.v.0
2025-04-07 15:00:00+00:00,34,1,333196,4.2925,4.3235,4.2135,4.2615,6319,HG.v.0
2025-04-07 16:00:00+00:00,34,1,333196,4.262,4.2635,4.1805,4.1925,7050,HG.v.0
2025-04-07 17:00:00+00:00,34,1,333196,4.192,4.2755,4.1915,4.271,3440,HG.v.0
2025-04-07 18:00:00+00:00,34,1,333196,4.273,4.2735,4.2105,4.2275,1716,HG.v.0
2025-04-07 19:00:00+00:00,34,1,333196,4.2275,4.2775,4.2275,4.261,1615,HG.v.0
2025-04-07 20:00:00+00:00,34,1,333196,4.26,4.3105,4.259,4.305,964,HG.v.0
2025-04-07 22:00:00+00:00,34,1,333196,4.3135,4.342,4.2905,4.2995,368,HG.v.0
2025-04-07 23:00:00+00:00,34,1,333196,4.2995,4.3045,4.268,4.295,501,HG.v.0
2025-04-08 00:00:00+00:00,34,1,333196,4.2935,4.2935,4.2475,4.2535,774,HG.v.0
2025-04-08 01:00:00+00:00,34,1,333196,4.252,4.304,4.2445,4.2995,770,HG.v.0
2025-04-08 02:00:00+00:00,34,1,333196,4.3005,4.321,4.2965,4.3195,1327,HG.v.0
2025-04-08 03:00:00+00:00,34,1,333196,4.3195,4.365,4.3165,4.3615,1812,HG.v.0
2025-04-08 04:00:00+00:00,34,1,333196,4.3615,4.362,4.343,4.354,1054,HG.v.0
2025-04-08 05:00:00+00:00,34,1,333196,4.353,4.3555,4.3235,4.3315,1418,HG.v.0
2025-04-08 06:00:00+00:00,34,1,333196,4.3305,4.3375,4.297,4.327,2255,HG.v.0
2025-04-08 07:00:00+00:00,34,1,333196,4.325,4.325,4.263,4.3005,3232,HG.v.0
2025-04-08 08:00:00+00:00,34,1,333196,4.2995,4.326,4.275,4.309,2199,HG.v.0
2025-04-08 09:00:00+00:00,34,1,333196,4.3095,4.3095,4.2615,4.2795,2201,HG.v.0
2025-04-08 10:00:00+00:00,34,1,333196,4.2805,4.281,4.2505,4.2525,1474,HG.v.0
2025-04-08 11:00:00+00:00,34,1,333196,4.253,4.3105,4.227,4.3015,3028,HG.v.0
2025-04-08 12:00:00+00:00,34,1,333196,4.3015,4.3025,4.245,4.271,5052,HG.v.0
2025-04-08 13:00:00+00:00,34,1,333196,4.272,4.3155,4.2185,4.2215,7782,HG.v.0
2025-04-08 14:00:00+00:00,34,1,333196,4.2215,4.2445,4.198,4.199,7855,HG.v.0
2025-04-08 15:00:00+00:00,34,1,333196,4.199,4.2105,4.1575,4.184,5617,HG.v.0
2025-04-08 16:00:00+00:00,34,1,333196,4.1835,4.1935,4.14,4.146,8460,HG.v.0
2025-04-08 17:00:00+00:00,34,1,333196,4.1475,4.156,4.115,4.135,4195,HG.v.0
2025-04-08 18:00:00+00:00,34,1,333196,4.135,4.1745,4.119,4.121,2159,HG.v.0
2025-04-08 19:00:00+00:00,34,1,333196,4.121,4.124,4.0925,4.1095,1277,HG.v.0
2025-04-08 20:00:00+00:00,34,1,333196,4.109,4.1205,4.0985,4.116,604,HG.v.0
2025-04-08 22:00:00+00:00,34,1,333196,4.1075,4.1215,4.0695,4.09,809,HG.v.0
2025-04-08 23:00:00+00:00,34,1,333196,4.0905,4.0965,4.038,4.071,1353,HG.v.0
2025-04-09 00:00:00+00:00,34,1,333196,4.072,4.1025,4.0685,4.096,1134,HG.v.0
2025-04-09 01:00:00+00:00,34,1,333196,4.099,4.1565,4.0815,4.147,2161,HG.v.0
2025-04-09 02:00:00+00:00,34,1,333196,4.144,4.174,4.1155,4.1445,1103,HG.v.0
2025-04-09 03:00:00+00:00,34,1,333196,4.143,4.147,4.1115,4.118,405,HG.v.0
2025-04-09 04:00:00+00:00,34,1,333196,4.117,4.131,4.105,4.1155,789,HG.v.0
2025-04-09 05:00:00+00:00,34,1,333196,4.1125,4.144,4.1015,4.1335,1308,HG.v.0
2025-04-09 06:00:00+00:00,34,1,333196,4.1355,4.179,4.133,4.144,2226,HG.v.0
2025-04-09 07:00:00+00:00,34,1,333196,4.1445,4.219,4.136,4.192,3354,HG.v.0
2025-04-09 08:00:00+00:00,34,1,333196,4.194,4.1995,4.1305,4.167,2050,HG.v.0
2025-04-09 09:00:00+00:00,34,1,333196,4.1685,4.2625,4.1665,4.2295,4046,HG.v.0
2025-04-09 10:00:00+00:00,34,1,333196,4.226,4.2455,4.205,4.23,1728,HG.v.0
2025-04-09 11:00:00+00:00,34,1,333196,4.229,4.229,4.154,4.172,3650,HG.v.0
2025-04-09 12:00:00+00:00,34,1,333196,4.176,4.183,4.136,4.16,4551,HG.v.0
2025-04-09 13:00:00+00:00,34,1,333196,4.1605,4.2595,4.153,4.2265,6751,HG.v.0
2025-04-09 14:00:00+00:00,34,1,333196,4.2275,4.2505,4.1925,4.2015,4037,HG.v.0
2025-04-09 15:00:00+00:00,34,1,333196,4.2005,4.2445,4.194,4.229,3480,HG.v.0
2025-04-09 16:00:00+00:00,34,1,333196,4.23,4.2315,4.1895,4.194,4218,HG.v.0
2025-04-09 17:00:00+00:00,34,1,333196,4.194,4.4345,4.1855,4.379,9083,HG.v.0
2025-04-09 18:00:00+00:00,34,1,333196,4.3795,4.4405,4.3625,4.3975,3375,HG.v.0
2025-04-09 19:00:00+00:00,34,1,333196,4.401,4.4615,4.3935,4.4345,2000,HG.v.0
2025-04-09 20:00:00+00:00,34,1,333196,4.434,4.4715,4.43,4.4715,716,HG.v.0
2025-04-09 22:00:00+00:00,34,1,333196,4.4665,4.467,4.419,4.423,763,HG.v.0
2025-04-09 23:00:00+00:00,34,1,333196,4.423,4.429,4.3975,4.405,614,HG.v.0
2025-04-10 00:00:00+00:00,34,1,333196,4.4045,4.4455,4.362,4.373,1947,HG.v.0
2025-04-10 01:00:00+00:00,34,1,333196,4.372,4.4165,4.3525,4.4135,2228,HG.v.0
2025-04-10 02:00:00+00:00,34,1,333196,4.4135,4.4375,4.4015,4.4075,1201,HG.v.0
2025-04-10 03:00:00+00:00,34,1,333196,4.4075,4.4335,4.404,4.422,501,HG.v.0
2025-04-10 04:00:00+00:00,34,1,333196,4.4225,4.434,4.4035,4.4315,378,HG.v.0
2025-04-10 05:00:00+00:00,34,1,333196,4.431,4.458,4.421,4.453,828,HG.v.0
2025-04-10 06:00:00+00:00,34,1,333196,4.4535,4.461,4.385,4.4185,2023,HG.v.0
2025-04-10 07:00:00+00:00,34,1,333196,4.4175,4.4175,4.3415,4.3555,2711,HG.v.0
2025-04-10 08:00:00+00:00,34,1,333196,4.3565,4.3665,4.317,4.331,2068,HG.v.0
2025-04-10 09:00:00+00:00,34,1,333196,4.3305,4.359,4.328,4.3545,1058,HG.v.0
2025-04-10 10:00:00+00:00,34,1,333196,4.3555,4.3805,4.3525,4.36,1464,HG.v.0
2025-04-10 11:00:00+00:00,34,1,333196,4.3605,4.376,4.345,4.354,1836,HG.v.0
2025-04-10 12:00:00+00:00,34,1,333196,4.3545,4.3815,4.335,4.342,4086,HG.v.0
2025-04-10 13:00:00+00:00,34,1,333196,4.3425,4.3685,4.3265,4.329,4785,HG.v.0
2025-04-10 14:00:00+00:00,34,1,333196,4.328,4.428,4.3275,4.4245,5187,HG.v.0
2025-04-10 15:00:00+00:00,34,1,333196,4.4245,4.4445,4.353,4.358,5811,HG.v.0
2025-04-10 16:00:00+00:00,34,1,333196,4.356,4.369,4.31,4.3405,6308,HG.v.0
2025-04-10 17:00:00+00:00,34,1,333196,4.341,4.377,4.3225,4.3665,2310,HG.v.0
2025-04-10 18:00:00+00:00,34,1,333196,4.366,4.3945,4.358,4.3775,976,HG.v.0
2025-04-10 19:00:00+00:00,34,1,333196,4.3765,4.383,4.353,4.378,806,HG.v.0
2025-04-10 20:00:00+00:00,34,1,333196,4.376,4.3935,4.373,4.391,585,HG.v.0
2025-04-10 22:00:00+00:00,34,1,333196,4.3785,4.399,4.378,4.387,402,HG.v.0
2025-04-10 23:00:00+00:00,34,1,333196,4.3895,4.392,4.3545,4.374,492,HG.v.0
2025-04-11 00:00:00+00:00,34,1,333196,4.374,4.394,4.35,4.3815,473,HG.v.0
2025-04-11 01:00:00+00:00,34,1,333196,4.3805,4.386,4.349,4.3545,611,HG.v.0
2025-04-11 02:00:00+00:00,34,1,333196,4.356,4.356,4.327,4.338,672,HG.v.0
2025-04-11 03:00:00+00:00,34,1,333196,4.3415,4.3705,4.3365,4.36,630,HG.v.0
2025-04-11 04:00:00+00:00,34,1,333196,4.3595,4.3755,4.3455,4.375,585,HG.v.0
2025-04-11 05:00:00+00:00,34,1,333196,4.376,4.427,4.3645,4.416,1578,HG.v.0
2025-04-11 06:00:00+00:00,34,1,333196,4.42,4.4315,4.39,4.4165,1335,HG.v.0
2025-04-11 07:00:00+00:00,34,1,333196,4.4135,4.462,4.411,4.4385,2250,HG.v.0
2025-04-11 08:00:00+00:00,34,1,333196,4.44,4.4405,4.3955,4.4065,2113,HG.v.0
2025-04-11 09:00:00+00:00,34,1,333196,4.4065,4.4855,4.397,4.485,1798,HG.v.0
2025-04-11 10:00:00+00:00,34,1,333196,4.485,4.486,4.4485,4.4645,1996,HG.v.0
2025-04-11 11:00:00+00:00,34,1,333196,4.464,4.4755,4.4485,4.4525,1410,HG.v.0
2025-04-11 12:00:00+00:00,34,1,333196,4.4535,4.4635,4.4145,4.4375,4054,HG.v.0
2025-04-11 13:00:00+00:00,34,1,333196,4.439,4.461,4.4235,4.426,3890,HG.v.0
2025-04-11 14:00:00+00:00,34,1,333196,4.428,4.479,4.4235,4.473,4388,HG.v.0
2025-04-11 15:00:00+00:00,34,1,333196,4.471,4.565,4.4685,4.56,6637,HG.v.0
2025-04-11 16:00:00+00:00,34,1,333196,4.56,4.5625,4.517,4.5235,4893,HG.v.0
2025-04-11 17:00:00+00:00,34,1,333196,4.5235,4.546,4.5055,4.538,2582,HG.v.0
2025-04-11 18:00:00+00:00,34,1,333196,4.539,4.549,4.52,4.535,1279,HG.v.0
2025-04-11 19:00:00+00:00,34,1,333196,4.5345,4.55,4.5345,4.542,553,HG.v.0
2025-04-11 20:00:00+00:00,34,1,333196,4.542,4.5585,4.5415,4.5525,436,HG.v.0
2025-04-13 22:00:00+00:00,34,1,333196,4.59,4.599,4.5465,4.549,976,HG.v.0
2025-04-13 23:00:00+00:00,34,1,333196,4.548,4.5795,4.548,4.5685,650,HG.v.0
2025-04-14 00:00:00+00:00,34,1,333196,4.5685,4.574,4.5435,4.5475,653,HG.v.0
2025-04-14 01:00:00+00:00,34,1,333196,4.549,4.573,4.5415,4.56,781,HG.v.0
2025-04-14 02:00:00+00:00,34,1,333196,4.561,4.568,4.5205,4.5345,505,HG.v.0
2025-04-14 03:00:00+00:00,34,1,333196,4.533,4.536,4.5255,4.531,339,HG.v.0
2025-04-14 04:00:00+00:00,34,1,333196,4.531,4.5345,4.5235,4.534,128,HG.v.0
2025-04-14 05:00:00+00:00,34,1,333196,4.534,4.5485,4.522,4.547,805,HG.v.0
2025-04-14 06:00:00+00:00,34,1,333196,4.546,4.5675,4.544,4.549,768,HG.v.0
2025-04-14 07:00:00+00:00,34,1,333196,4.549,4.559,4.5395,4.552,872,HG.v.0
2025-04-14 08:00:00+00:00,34,1,333196,4.5525,4.5865,4.5405,4.5825,1788,HG.v.0
2025-04-14 09:00:00+00:00,34,1,333196,4.5815,4.595,4.558,4.5805,1114,HG.v.0
2025-04-14 10:00:00+00:00,34,1,333196,4.5815,4.5975,4.5735,4.593,943,HG.v.0
2025-04-14 11:00:00+00:00,34,1,333196,4.5925,4.623,4.59,4.609,1943,HG.v.0
2025-04-14 12:00:00+00:00,34,1,333196,4.609,4.6215,4.571,4.5825,3502,HG.v.0
2025-04-14 13:00:00+00:00,34,1,333196,4.582,4.591,4.5605,4.5705,4027,HG.v.0
2025-04-14 14:00:00+00:00,34,1,333196,4.5705,4.6035,4.566,4.5945,2900,HG.v.0
2025-04-14 15:00:00+00:00,34,1,333196,4.5935,4.603,4.5725,4.581,3791,HG.v.0
2025-04-14 16:00:00+00:00,34,1,333196,4.5805,4.6285,4.58,4.622,3279,HG.v.0
2025-04-14 17:00:00+00:00,34,1,333196,4.6225,4.6535,4.616,4.6475,2398,HG.v.0
2025-04-14 18:00:00+00:00,34,1,333196,4.6475,4.677,4.646,4.669,1465,HG.v.0
2025-04-14 19:00:00+00:00,34,1,333196,4.667,4.687,4.664,4.6715,1281,HG.v.0
2025-04-14 20:00:00+00:00,34,1,333196,4.673,4.676,4.6555,4.663,721,HG.v.0
2025-04-14 22:00:00+00:00,34,1,333196,4.653,4.662,4.649,4.6535,218,HG.v.0
2025-04-14 23:00:00+00:00,34,1,333196,4.6525,4.6575,4.6485,4.6535,260,HG.v.0
2025-04-15 00:00:00+00:00,34,1,333196,4.657,4.6645,4.6525,4.653,556,HG.v.0
2025-04-15 01:00:00+00:00,34,1,333196,4.6525,4.664,4.64,4.641,1151,HG.v.0
2025-04-15 02:00:00+00:00,34,1,333196,4.641,4.647,4.6305,4.642,790,HG.v.0
2025-04-15 03:00:00+00:00,34,1,333196,4.642,4.653,4.624,4.65,483,HG.v.0
2025-04-15 04:00:00+00:00,34,1,333196,4.6515,4.658,4.6475,4.6535,213,HG.v.0
2025-04-15 05:00:00+00:00,34,1,333196,4.6535,4.655,4.6185,4.623,777,HG.v.0
2025-04-15 06:00:00+00:00,34,1,333196,4.623,4.6425,4.613,4.621,1474,HG.v.0
2025-04-15 07:00:00+00:00,34,1,333196,4.6215,4.6645,4.621,4.6515,2051,HG.v.0
2025-04-15 08:00:00+00:00,34,1,333196,4.653,4.653,4.599,4.62,2572,HG.v.0
2025-04-15 09:00:00+00:00,34,1,333196,4.619,4.6225,4.6025,4.6115,775,HG.v.0
2025-04-15 10:00:00+00:00,34,1,333196,4.6095,4.638,4.6085,4.632,834,HG.v.0
2025-04-15 11:00:00+00:00,34,1,333196,4.632,4.6375,4.5655,4.5745,3034,HG.v.0
2025-04-15 12:00:00+00:00,34,1,333196,4.575,4.5875,4.535,4.582,4699,HG.v.0
2025-04-15 13:00:00+00:00,34,1,333196,4.5815,4.6155,4.5705,4.601,3544,HG.v.0
2025-04-15 14:00:00+00:00,34,1,333196,4.6015,4.644,4.594,4.6295,4306,HG.v.0
2025-04-15 15:00:00+00:00,34,1,333196,4.6295,4.6315,4.607,4.628,1847,HG.v.0
2025-04-15 16:00:00+00:00,34,1,333196,4.629,4.632,4.6175,4.623,2079,HG.v.0
2025-04-15 17:00:00+00:00,34,1,333196,4.624,4.625,4.61,4.613,613,HG.v.0
2025-04-15 18:00:00+00:00,34,1,333196,4.6125,4.628,4.607,4.627,488,HG.v.0
2025-04-15 19:00:00+00:00,34,1,333196,4.6265,4.6275,4.6115,4.6145,450,HG.v.0
2025-04-15 20:00:00+00:00,34,1,333196,4.6145,4.6195,4.6135,4.6155,153,HG.v.0
2025-04-15 22:00:00+00:00,34,1,333196,4.613,4.613,4.589,4.607,226,HG.v.0
2025-04-15 23:00:00+00:00,34,1,333196,4.608,4.6145,4.602,4.613,192,HG.v.0
2025-04-16 00:00:00+00:00,34,1,333196,4.6125,4.6125,4.593,4.6075,431,HG.v.0
2025-04-16 01:00:00+00:00,34,1,333196,4.607,4.6245,4.596,4.5985,789,HG.v.0
2025-04-16 02:00:00+00:00,34,1,333196,4.599,4.6135,4.5865,4.5905,618,HG.v.0
2025-04-16 03:00:00+00:00,34,1,333196,4.5895,4.5965,4.584,4.5885,265,HG.v.0
2025-04-16 04:00:00+00:00,34,1,333196,4.589,4.5945,4.5815,4.591,257,HG.v.0
2025-04-16 05:00:00+00:00,34,1,333196,4.588,4.593,4.5505,4.5525,1255,HG.v.0
2025-04-16 06:00:00+00:00,34,1,333196,4.552,4.567,4.5435,4.562,933,HG.v.0
2025-04-16 07:00:00+00:00,34,1,333196,4.564,4.5715,4.5555,4.563,778,HG.v.0
2025-04-16 08:00:00+00:00,34,1,333196,4.563,4.614,4.545,4.5765,3743,HG.v.0
2025-04-16 09:00:00+00:00,34,1,333196,4.5755,4.5995,4.569,4.583,1040,HG.v.0
2025-04-16 10:00:00+00:00,34,1,333196,4.584,4.6015,4.5825,4.5965,632,HG.v.0
2025-04-16 11:00:00+00:00,34,1,333196,4.596,4.602,4.5825,4.5825,1236,HG.v.0
2025-04-16 12:00:00+00:00,34,1,333196,4.5835,4.586,4.5625,4.5785,2547,HG.v.0
2025-04-16 13:00:00+00:00,34,1,333196,4.579,4.6385,4.5765,4.628,4156,HG.v.0
2025-04-16 14:00:00+00:00,34,1,333196,4.6275,4.6615,4.6235,4.658,4694,HG.v.0
2025-04-16 15:00:00+00:00,34,1,333196,4.659,4.672,4.6435,4.6665,2870,HG.v.0
2025-04-16 16:00:00+00:00,34,1,333196,4.6665,4.6895,4.656,4.686,3734,HG.v.0
2025-04-16 17:00:00+00:00,34,1,333196,4.686,4.6985,4.6685,4.672,1764,HG.v.0
2025-04-16 18:00:00+00:00,34,1,333196,4.673,4.6815,4.662,4.6755,874,HG.v.0
2025-04-16 19:00:00+00:00,34,1,333196,4.674,4.682,4.67,4.6725,734,HG.v.0
2025-04-16 20:00:00+00:00,34,1,333196,4.673,4.6885,4.671,4.6775,435,HG.v.0
2025-04-16 22:00:00+00:00,34,1,333196,4.677,4.691,4.6755,4.688,212,HG.v.0
2025-04-16 23:00:00+00:00,34,1,333196,4.689,4.693,4.6815,4.6825,183,HG.v.0
2025-04-17 00:00:00+00:00,34,1,333196,4.6835,4.7485,4.6765,4.7065,1539,HG.v.0
2025-04-17 01:00:00+00:00,34,1,333196,4.7075,4.7075,4.651,4.663,1287,HG.v.0
2025-04-17 02:00:00+00:00,34,1,333196,4.6635,4.68,4.6565,4.68,521,HG.v.0
2025-04-17 03:00:00+00:00,34,1,333196,4.6795,4.683,4.6595,4.664,589,HG.v.0
2025-04-17 04:00:00+00:00,34,1,333196,4.6635,4.6655,4.638,4.6415,779,HG.v.0
2025-04-17 05:00:00+00:00,34,1,333196,4.642,4.6435,4.614,4.621,1706,HG.v.0
2025-04-17 06:00:00+00:00,34,1,333196,4.621,4.621,4.5645,4.603,2400,HG.v.0
2025-04-17 07:00:00+00:00,34,1,333196,4.601,4.6175,4.5855,4.6005,995,HG.v.0
2025-04-17 08:00:00+00:00,34,1,333196,4.601,4.617,4.595,4.599,773,HG.v.0
2025-04-17 09:00:00+00:00,34,1,333196,4.5985,4.6035,4.575,4.589,1102,HG.v.0
2025-04-17 10:00:00+00:00,34,1,333196,4.5895,4.595,4.5665,4.588,1348,HG.v.0
2025-04-17 11:00:00+00:00,34,1,333196,4.5865,4.6035,4.5705,4.589,1069,HG.v.0
2025-04-17 12:00:00+00:00,34,1,333196,4.5895,4.6285,4.584,4.6275,2850,HG.v.0
2025-04-17 13:00:00+00:00,34,1,333196,4.628,4.6405,4.6135,4.6375,2832,HG.v.0
2025-04-17 14:00:00+00:00,34,1,333196,4.6375,4.638,4.6095,4.6205,2371,HG.v.0
2025-04-17 15:00:00+00:00,34,1,333196,4.62,4.682,4.62,4.671,3839,HG.v.0
2025-04-17 16:00:00+00:00,34,1,333196,4.672,4.751,4.672,4.7325,8439,HG.v.0
2025-04-17 17:00:00+00:00,34,1,333196,4.7335,4.7435,4.686,4.708,3030,HG.v.0
2025-04-17 18:00:00+00:00,34,1,333196,4.7075,4.716,4.6935,4.6995,552,HG.v.0
2025-04-17 19:00:00+00:00,34,1,333196,4.6995,4.7075,4.6915,4.697,404,HG.v.0
2025-04-17 20:00:00+00:00,34,1,333196,4.6965,4.7085,4.695,4.705,411,HG.v.0
2025-04-20 22:00:00+00:00,34,1,333196,4.716,4.717,4.685,4.697,371,HG.v.0
2025-04-20 23:00:00+00:00,34,1,333196,4.6975,4.7,4.69,4.6935,258,HG.v.0
2025-04-21 00:00:00+00:00,34,1,333196,4.694,4.74,4.692,4.7065,806,HG.v.0
2025-04-21 01:00:00+00:00,34,1,333196,4.7085,4.729,4.7065,4.7205,400,HG.v.0
2025-04-21 02:00:00+00:00,34,1,333196,4.7205,4.7255,4.6945,4.7045,461,HG.v.0
2025-04-21 03:00:00+00:00,34,1,333196,4.7045,4.746,4.7035,4.742,529,HG.v.0
2025-04-21 04:00:00+00:00,34,1,333196,4.741,4.7415,4.732,4.74,199,HG.v.0
2025-04-21 05:00:00+00:00,34,1,333196,4.7415,4.7645,4.739,4.758,822,HG.v.0
2025-04-21 06:00:00+00:00,34,1,333196,4.758,4.77,4.7475,4.758,768,HG.v.0
2025-04-21 07:00:00+00:00,34,1,333196,4.755,4.7675,4.737,4.7495,665,HG.v.0
2025-04-21 08:00:00+00:00,34,1,333196,4.749,4.7775,4.749,4.776,708,HG.v.0
2025-04-21 09:00:00+00:00,34,1,333196,4.775,4.789,4.77,4.781,429,HG.v.0
2025-04-21 10:00:00+00:00,34,1,333196,4.781,4.798,4.7765,4.7935,730,HG.v.0
2025-04-21 11:00:00+00:00,34,1,333196,4.794,4.806,4.786,4.7895,929,HG.v.0
2025-04-21 12:00:00+00:00,34,1,333196,4.789,4.804,4.767,4.782,1746,HG.v.0
2025-04-21 13:00:00+00:00,34,1,333196,4.782,4.8005,4.7735,4.778,2254,HG.v.0
2025-04-21 14:00:00+00:00,34,1,333196,4.7775,4.7995,4.743,4.757,3146,HG.v.0
2025-04-21 15:00:00+00:00,34,1,333196,4.7575,4.759,4.7295,4.743,1964,HG.v.0
2025-04-21 16:00:00+00:00,34,1,333196,4.742,4.754,4.7255,4.726,1598,HG.v.0
2025-04-21 17:00:00+00:00,34,1,333196,4.727,4.7275,4.702,4.7095,1459,HG.v.0
2025-04-21 18:00:00+00:00,34,1,333196,4.71,4.7205,4.706,4.7165,581,HG.v.0
2025-04-21 19:00:00+00:00,34,1,333196,4.7165,4.734,4.7145,4.7325,465,HG.v.0
2025-04-21 20:00:00+00:00,34,1,333196,4.7325,4.736,4.719,4.7205,350,HG.v.0
2025-04-21 22:00:00+00:00,34,1,333196,4.7205,4.74,4.719,4.733,215,HG.v.0
2025-04-21 23:00:00+00:00,34,1,333196,4.7335,4.7495,4.7325,4.744,273,HG.v.0
2025-04-22 00:00:00+00:00,34,1,333196,4.7435,4.7475,4.7205,4.7295,655,HG.v.0
2025-04-22 01:00:00+00:00,34,1,333196,4.7285,4.77,4.7255,4.7525,1041,HG.v.0
2025-04-22 02:00:00+00:00,34,1,333196,4.752,4.7635,4.7355,4.7605,391,HG.v.0
2025-04-22 03:00:00+00:00,34,1,333196,4.76,4.782,4.754,4.7705,604,HG.v.0
2025-04-22 04:00:00+00:00,34,1,333196,4.7695,4.7845,4.7685,4.778,475,HG.v.0
2025-04-22 05:00:00+00:00,34,1,333196,4.778,4.791,4.772,4.7835,646,HG.v.0
2025-04-22 06:00:00+00:00,34,1,333196,4.7835,4.784,4.7525,4.7675,672,HG.v.0
2025-04-22 07:00:00+00:00,34,1,333196,4.7675,4.7695,4.75,4.7545,1085,HG.v.0
2025-04-22 08:00:00+00:00,34,1,333196,4.755,4.7715,4.732,4.742,1233,HG.v.0
2025-04-22 09:00:00+00:00,34,1,333196,4.7415,4.774,4.7385,4.766,1162,HG.v.0
2025-04-22 10:00:00+00:00,34,1,333196,4.766,4.7785,4.7545,4.766,607,HG.v.0
2025-04-22 11:00:00+00:00,34,1,333196,4.7645,4.795,4.76,4.792,997,HG.v.0
2025-04-22 12:00:00+00:00,34,1,333196,4.792,4.834,4.789,4.7985,4027,HG.v.0
2025-04-22 13:00:00+00:00,34,1,333196,4.799,4.8235,4.7835,4.8015,3025,HG.v.0
2025-04-22 14:00:00+00:00,34,1,333196,4.802,4.8355,4.797,4.8225,3034,HG.v.0
2025-04-22 15:00:00+00:00,34,1,333196,4.8225,4.854,4.817,4.851,3212,HG.v.0
2025-04-22 16:00:00+00:00,34,1,333196,4.851,4.882,4.847,4.877,5404,HG.v.0
2025-04-22 17:00:00+00:00,34,1,333196,4.877,4.8925,4.835,4.8405,3242,HG.v.0
2025-04-22 18:00:00+00:00,34,1,333196,4.842,4.851,4.8345,4.85,482,HG.v.0
2025-04-22 19:00:00+00:00,34,1,333196,4.8495,4.858,4.84,4.842,775,HG.v.0
2025-04-22 20:00:00+00:00,34,1,333196,4.8425,4.855,4.842,4.848,204,HG.v.0
2025-04-22 22:00:00+00:00,34,1,333196,4.86,4.873,4.84,4.856,910,HG.v.0
2025-04-22 23:00:00+00:00,34,1,333196,4.861,4.8915,4.86,4.887,908,HG.v.0
2025-04-23 00:00:00+00:00,34,1,333196,4.8865,4.921,4.8865,4.916,1568,HG.v.0
2025-04-23 01:00:00+00:00,34,1,333196,4.9145,4.932,4.896,4.9045,1587,HG.v.0
2025-04-23 02:00:00+00:00,34,1,333196,4.9045,4.907,4.884,4.8885,524,HG.v.0
2025-04-23 03:00:00+00:00,34,1,333196,4.889,4.899,4.8775,4.8945,518,HG.v.0
2025-04-23 04:00:00+00:00,34,1,333196,4.895,4.903,4.89,4.8995,263,HG.v.0
2025-04-23 05:00:00+00:00,34,1,333196,4.9,4.906,4.8895,4.8955,460,HG.v.0
2025-04-23 06:00:00+00:00,34,1,333196,4.8955,4.919,4.8885,4.8925,968,HG.v.0
2025-04-23 07:00:00+00:00,34,1,333196,4.8935,4.904,4.8755,4.8995,1000,HG.v.0
2025-04-23 08:00:00+00:00,34,1,333196,4.901,4.912,4.8915,4.904,760,HG.v.0
2025-04-23 09:00:00+00:00,34,1,333196,4.906,4.9185,4.8875,4.891,1163,HG.v.0
2025-04-23 10:00:00+00:00,34,1,333196,4.889,4.927,4.885,4.914,1079,HG.v.0
2025-04-23 11:00:00+00:00,34,1,333196,4.9145,4.9305,4.9055,4.9195,1453,HG.v.0
2025-04-23 12:00:00+00:00,34,1,333196,4.92,4.922,4.894,4.9045,1736,HG.v.0
2025-04-23 13:00:00+00:00,34,1,333196,4.9045,4.9175,4.859,4.866,5673,HG.v.0
2025-04-23 14:00:00+00:00,34,1,333196,4.868,4.8725,4.821,4.86,3899,HG.v.0
2025-04-23 15:00:00+00:00,34,1,333196,4.8615,4.868,4.828,4.841,2300,HG.v.0
2025-04-23 16:00:00+00:00,34,1,333196,4.841,4.856,4.837,4.843,2215,HG.v.0
2025-04-23 17:00:00+00:00,34,1,333196,4.8425,4.8525,4.8315,4.8445,1281,HG.v.0
2025-04-23 18:00:00+00:00,34,1,333196,4.844,4.8445,4.8255,4.8295,434,HG.v.0
2025-04-23 19:00:00+00:00,34,1,333196,4.829,4.838,4.8275,4.8365,376,HG.v.0
2025-04-23 20:00:00+00:00,34,1,333196,4.837,4.8435,4.823,4.832,632,HG.v.0
2025-04-23 22:00:00+00:00,34,1,333196,4.8325,4.838,4.8225,4.8315,157,HG.v.0
2025-04-23 23:00:00+00:00,34,1,333196,4.8315,4.837,4.8315,4.832,120,HG.v.0
2025-04-24 00:00:00+00:00,34,1,333196,4.832,4.8475,4.8295,4.8405,263,HG.v.0
2025-04-24 01:00:00+00:00,34,1,333196,4.8395,4.856,4.834,4.8425,489,HG.v.0
2025-04-24 02:00:00+00:00,34,1,333196,4.845,4.854,4.8345,4.8375,200,HG.v.0
2025-04-24 03:00:00+00:00,34,1,333196,4.835,4.8385,4.8265,4.831,248,HG.v.0
2025-04-24 04:00:00+00:00,34,1,333196,4.8295,4.8345,4.824,4.8345,403,HG.v.0
2025-04-24 05:00:00+00:00,34,1,333196,4.8345,4.8425,4.814,4.8175,538,HG.v.0
2025-04-24 06:00:00+00:00,34,1,333196,4.8165,4.851,4.8095,4.845,956,HG.v.0
2025-04-24 07:00:00+00:00,34,1,333196,4.8445,4.8585,4.8425,4.849,870,HG.v.0
2025-04-24 08:00:00+00:00,34,1,333196,4.849,4.8615,4.848,4.852,693,HG.v.0
2025-04-24 09:00:00+00:00,34,1,333196,4.8545,4.868,4.8545,4.8675,667,HG.v.0
2025-04-24 10:00:00+00:00,34,1,333196,4.8665,4.882,4.8605,4.872,804,HG.v.0
2025-04-24 11:00:00+00:00,34,1,333196,4.8725,4.8835,4.8625,4.867,932,HG.v.0
2025-04-24 12:00:00+00:00,34,1,333196,4.867,4.88,4.84,4.841,1821,HG.v.0
2025-04-24 13:00:00+00:00,34,1,333196,4.842,4.8545,4.817,4.849,2933,HG.v.0
2025-04-24 14:00:00+00:00,34,1,333196,4.85,4.852,4.8305,4.851,1383,HG.v.0
2025-04-24 15:00:00+00:00,34,1,333196,4.85,4.851,4.821,4.84,1160,HG.v.0
2025-04-24 16:00:00+00:00,34,1,333196,4.841,4.8585,4.8395,4.8585,3173,HG.v.0
2025-04-24 17:00:00+00:00,34,1,333196,4.858,4.8675,4.853,4.865,1544,HG.v.0
2025-04-24 18:00:00+00:00,34,1,333196,4.865,4.8695,4.8605,4.862,334,HG.v.0
2025-04-24 19:00:00+00:00,34,1,333196,4.862,4.879,4.861,4.8775,457,HG.v.0
2025-04-24 20:00:00+00:00,34,1,333196,4.878,4.886,4.878,4.8815,321,HG.v.0
2025-04-24 22:00:00+00:00,34,1,333196,4.882,4.8905,4.8785,4.886,152,HG.v.0
2025-04-24 23:00:00+00:00,34,1,333196,4.8845,4.8875,4.8795,4.8805,83,HG.v.0
2025-04-25 00:00:00+00:00,34,1,333196,4.88,4.8875,4.8685,4.8685,258,HG.v.0
2025-04-25 01:00:00+00:00,34,1,333196,4.87,4.8785,4.841,4.8435,520,HG.v.0
2025-04-25 02:00:00+00:00,34,1,333196,4.842,4.863,4.841,4.8625,201,HG.v.0
2025-04-25 03:00:00+00:00,34,1,333196,4.865,4.8835,4.8625,4.863,187,HG.v.0
2025-04-25 04:00:00+00:00,34,1,333196,4.863,4.8705,4.8515,4.8515,174,HG.v.0
2025-04-25 05:00:00+00:00,34,1,333196,4.852,4.854,4.8055,4.8165,594,HG.v.0
2025-04-25 06:00:00+00:00,34,1,333196,4.816,4.8195,4.779,4.8095,1179,HG.v.0
2025-04-25 07:00:00+00:00,34,1,333196,4.812,4.8155,4.7815,4.7865,681,HG.v.0
2025-04-25 08:00:00+00:00,34,1,333196,4.787,4.789,4.736,4.759,1175,HG.v.0
2025-04-25 09:00:00+00:00,34,1,333196,4.7605,4.7715,4.74,4.746,661,HG.v.0
2025-04-25 10:00:00+00:00,34,1,333196,4.745,4.7705,4.7365,4.765,706,HG.v.0
2025-04-25 11:00:00+00:00,34,1,333196,4.7665,4.7905,4.763,4.7755,530,HG.v.0
2025-04-25 12:00:00+00:00,34,1,333196,4.7755,4.8155,4.775,4.8115,962,HG.v.0
2025-04-25 13:00:00+00:00,34,1,333196,4.8125,4.822,4.792,4.8195,882,HG.v.0
2025-04-25 14:00:00+00:00,34,1,333196,4.8195,4.826,4.799,4.809,1176,HG.v.0
2025-04-25 15:00:00+00:00,34,1,333196,4.808,4.852,4.805,4.8465,1250,HG.v.0
2025-04-25 16:00:00+00:00,34,1,333196,4.846,4.849,4.831,4.84,1742,HG.v.0
2025-04-25 17:00:00+00:00,34,1,333196,4.8405,4.853,4.8275,4.8305,708,HG.v.0
2025-04-25 18:00:00+00:00,34,1,333196,4.8305,4.843,4.828,4.8365,184,HG.v.0
2025-04-25 19:00:00+00:00,34,1,333196,4.837,4.8385,4.8265,4.834,321,HG.v.0
2025-04-25 20:00:00+00:00,34,1,333196,4.8345,4.851,4.8335,4.845,296,HG.v.0
2025-04-27 22:00:00+00:00,34,1,333196,4.839,4.8665,4.8365,4.838,129,HG.v.0
2025-04-27 23:00:00+00:00,34,1,333196,4.841,4.841,4.819,4.828,37,HG.v.0
2025-04-28 00:00:00+00:00,34,1,1425,4.8785,4.8935,4.8715,4.878,438,HG.v.0
2025-04-28 01:00:00+00:00,34,1,1425,4.878,4.879,4.841,4.843,720,HG.v.0
2025-04-28 02:00:00+00:00,34,1,1425,4.8425,4.858,4.8255,4.845,1011,HG.v.0
2025-04-28 03:00:00+00:00,34,1,1425,4.8435,4.8625,4.838,4.856,222,HG.v.0
2025-04-28 04:00:00+00:00,34,1,1425,4.856,4.868,4.855,4.868,165,HG.v.0
2025-04-28 05:00:00+00:00,34,1,1425,4.8685,4.89,4.8655,4.8745,577,HG.v.0
2025-04-28 06:00:00+00:00,34,1,1425,4.875,4.884,4.8585,4.8665,636,HG.v.0
2025-04-28 07:00:00+00:00,34,1,1425,4.8675,4.8815,4.8655,4.871,521,HG.v.0
2025-04-28 08:00:00+00:00,34,1,1425,4.87,4.8775,4.857,4.8755,677,HG.v.0
2025-04-28 09:00:00+00:00,34,1,1425,4.875,4.886,4.8635,4.866,859,HG.v.0
2025-04-28 10:00:00+00:00,34,1,1425,4.8655,4.891,4.8605,4.8895,735,HG.v.0
2025-04-28 11:00:00+00:00,34,1,1425,4.8905,4.893,4.867,4.8815,807,HG.v.0
2025-04-28 12:00:00+00:00,34,1,1425,4.8815,4.916,4.8815,4.9085,2417,HG.v.0
2025-04-28 13:00:00+00:00,34,1,1425,4.908,4.916,4.883,4.8845,3316,HG.v.0
2025-04-28 14:00:00+00:00,34,1,1425,4.885,4.919,4.8785,4.89,2327,HG.v.0
2025-04-28 15:00:00+00:00,34,1,1425,4.8895,4.899,4.8635,4.8695,2046,HG.v.0
2025-04-28 16:00:00+00:00,34,1,1425,4.8685,4.89,4.8635,4.89,2181,HG.v.0
2025-04-28 17:00:00+00:00,34,1,1425,4.889,4.893,4.8675,4.88,1059,HG.v.0
2025-04-28 18:00:00+00:00,34,1,1425,4.8795,4.903,4.879,4.899,503,HG.v.0
2025-04-28 19:00:00+00:00,34,1,1425,4.8995,4.9095,4.8995,4.907,517,HG.v.0
2025-04-28 20:00:00+00:00,34,1,1425,4.906,4.9075,4.899,4.9,209,HG.v.0
2025-04-28 22:00:00+00:00,34,1,1425,4.897,4.907,4.893,4.9005,308,HG.v.0
2025-04-28 23:00:00+00:00,34,1,1425,4.9,4.908,4.897,4.901,163,HG.v.0
2025-04-29 00:00:00+00:00,34,1,1425,4.9015,4.9055,4.893,4.9035,303,HG.v.0
2025-04-29 01:00:00+00:00,34,1,1425,4.903,4.913,4.8895,4.9125,1228,HG.v.0
2025-04-29 02:00:00+00:00,34,1,1425,4.9115,4.935,4.8725,4.873,1563,HG.v.0
2025-04-29 03:00:00+00:00,34,1,1425,4.8735,4.8865,4.8675,4.8725,564,HG.v.0
2025-04-29 04:00:00+00:00,34,1,1425,4.873,4.88,4.8615,4.865,335,HG.v.0
2025-04-29 05:00:00+00:00,34,1,1425,4.8635,4.8665,4.853,4.8625,591,HG.v.0
2025-04-29 06:00:00+00:00,34,1,1425,4.863,4.8965,4.861,4.878,924,HG.v.0
2025-04-29 07:00:00+00:00,34,1,1425,4.8785,4.927,4.877,4.9115,1353,HG.v.0
2025-04-29 08:00:00+00:00,34,1,1425,4.912,4.926,4.904,4.9125,801,HG.v.0
2025-04-29 09:00:00+00:00,34,1,1425,4.9115,4.9635,4.9115,4.947,2275,HG.v.0
2025-04-29 10:00:00+00:00,34,1,1425,4.947,4.955,4.9285,4.932,1342,HG.v.0
2025-04-29 11:00:00+00:00,34,1,1425,4.9325,4.957,4.93,4.941,1402,HG.v.0
2025-04-29 12:00:00+00:00,34,1,1425,4.9405,4.9515,4.931,4.936,2310,HG.v.0
2025-04-29 13:00:00+00:00,34,1,1425,4.935,4.9365,4.8925,4.905,4543,HG.v.0
2025-04-29 14:00:00+00:00,34,1,1425,4.905,4.905,4.8645,4.8785,4152,HG.v.0
2025-04-29 15:00:00+00:00,34,1,1425,4.88,4.891,4.872,4.88,1922,HG.v.0
2025-04-29 16:00:00+00:00,34,1,1425,4.88,4.887,4.8685,4.8715,2502,HG.v.0
2025-04-29 17:00:00+00:00,34,1,1425,4.871,4.875,4.859,4.859,1126,HG.v.0
2025-04-29 18:00:00+00:00,34,1,1425,4.8585,4.8605,4.8445,4.852,838,HG.v.0
2025-04-29 19:00:00+00:00,34,1,1425,4.852,4.861,4.8435,4.847,811,HG.v.0
2025-04-29 20:00:00+00:00,34,1,1425,4.8475,4.865,4.8465,4.8625,396,HG.v.0
2025-04-29 22:00:00+00:00,34,1,1425,4.8625,4.8655,4.855,4.863,156,HG.v.0
2025-04-29 23:00:00+00:00,34,1,1425,4.8615,4.864,4.859,4.86,86,HG.v.0
2025-04-30 00:00:00+00:00,34,1,1425,4.8615,4.8625,4.8485,4.853,241,HG.v.0
2025-04-30 01:00:00+00:00,34,1,1425,4.8535,4.8545,4.805,4.8055,1412,HG.v.0
2025-04-30 02:00:00+00:00,34,1,1425,4.8055,4.8365,4.8045,4.814,972,HG.v.0
2025-04-30 03:00:00+00:00,34,1,1425,4.815,4.823,4.812,4.819,415,HG.v.0
2025-04-30 04:00:00+00:00,34,1,1425,4.8175,4.827,4.814,4.826,272,HG.v.0
2025-04-30 05:00:00+00:00,34,1,1425,4.827,4.83,4.796,4.8085,932,HG.v.0
2025-04-30 06:00:00+00:00,34,1,1425,4.809,4.8095,4.7545,4.7555,2446,HG.v.0
2025-04-30 07:00:00+00:00,34,1,1425,4.7565,4.758,4.666,4.669,6797,HG.v.0
2025-04-30 08:00:00+00:00,34,1,1425,4.6695,4.673,4.6225,4.6725,4288,HG.v.0
2025-04-30 09:00:00+00:00,34,1,1425,4.67,4.681,4.641,4.648,1665,HG.v.0
2025-04-30 10:00:00+00:00,34,1,1425,4.6475,4.6515,4.617,4.635,2101,HG.v.0
2025-04-30 11:00:00+00:00,34,1,1425,4.634,4.6475,4.608,4.6125,1675,HG.v.0
2025-04-30 12:00:00+00:00,34,1,1425,4.6115,4.625,4.524,4.5775,8819,HG.v.0
2025-04-30 13:00:00+00:00,34,1,1425,4.5745,4.5975,4.5505,4.553,4863,HG.v.0
2025-04-30 14:00:00+00:00,34,1,1425,4.5525,4.632,4.5525,4.626,6413,HG.v.0
2025-04-30 15:00:00+00:00,34,1,1425,4.6265,4.64,4.5915,4.5985,3879,HG.v.0
2025-04-30 16:00:00+00:00,34,1,1425,4.5985,4.6145,4.5825,4.6105,3661,HG.v.0
2025-04-30 17:00:00+00:00,34,1,1425,4.611,4.618,4.6005,4.611,1332,HG.v.0
2025-04-30 18:00:00+00:00,34,1,1425,4.611,4.635,4.5985,4.6025,1243,HG.v.0
2025-04-30 19:00:00+00:00,34,1,1425,4.6015,4.607,4.5935,4.594,515,HG.v.0
2025-04-30 20:00:00+00:00,34,1,1425,4.5945,4.614,4.594,4.61,514,HG.v.0
2025-04-30 22:00:00+00:00,34,1,1425,4.6155,4.6345,4.612,4.621,532,HG.v.0
2025-04-30 23:00:00+00:00,34,1,1425,4.6205,4.6275,4.618,4.6225,286,HG.v.0
2025-05-01 00:00:00+00:00,34,1,1425,4.622,4.6335,4.606,4.616,619,HG.v.0
2025-05-01 01:00:00+00:00,34,1,1425,4.618,4.6265,4.6045,4.62,574,HG.v.0
2025-05-01 02:00:00+00:00,34,1,1425,4.6235,4.6285,4.613,4.62,329,HG.v.0
2025-05-01 03:00:00+00:00,34,1,1425,4.6185,4.624,4.6055,4.609,357,HG.v.0
2025-05-01 04:00:00+00:00,34,1,1425,4.609,4.625,4.5975,4.619,868,HG.v.0
2025-05-01 05:00:00+00:00,34,1,1425,4.6205,4.6325,4.6165,4.617,491,HG.v.0
2025-05-01 06:00:00+00:00,34,1,1425,4.6175,4.663,4.617,4.655,1488,HG.v.0
2025-05-01 07:00:00+00:00,34,1,1425,4.657,4.6705,4.644,4.6505,1283,HG.v.0
2025-05-01 08:00:00+00:00,34,1,1425,4.6495,4.6605,4.6455,4.6525,609,HG.v.0
2025-05-01 09:00:00+00:00,34,1,1425,4.654,4.657,4.639,4.641,735,HG.v.0
2025-05-01 10:00:00+00:00,34,1,1425,4.6405,4.6725,4.637,4.66,814,HG.v.0
2025-05-01 11:00:00+00:00,34,1,1425,4.6595,4.67,4.645,4.6485,1212,HG.v.0
2025-05-01 12:00:00+00:00,34,1,1425,4.6485,4.683,4.6165,4.6725,3607,HG.v.0
2025-05-01 13:00:00+00:00,34,1,1425,4.672,4.672,4.628,4.646,2606,HG.v.0
2025-05-01 14:00:00+00:00,34,1,1425,4.6425,4.67,4.641,4.6515,2682,HG.v.0
2025-05-01 15:00:00+00:00,34,1,1425,4.6505,4.668,4.61,4.6145,2792,HG.v.0
2025-05-01 16:00:00+00:00,34,1,1425,4.614,4.632,4.6045,4.6275,2813,HG.v.0
2025-05-01 17:00:00+00:00,34,1,1425,4.6275,4.6315,4.6155,4.617,1750,HG.v.0
2025-05-01 18:00:00+00:00,34,1,1425,4.6165,4.6475,4.616,4.632,827,HG.v.0
2025-05-01 19:00:00+00:00,34,1,1425,4.632,4.6405,4.6295,4.633,318,HG.v.0
2025-05-01 20:00:00+00:00,34,1,1425,4.6325,4.635,4.625,4.634,316,HG.v.0
2025-05-01 22:00:00+00:00,34,1,1425,4.639,4.6395,4.627,4.628,126,HG.v.0
2025-05-01 23:00:00+00:00,34,1,1425,4.6275,4.6365,4.6275,4.634,104,HG.v.0
2025-05-02 00:00:00+00:00,34,1,1425,4.633,4.6355,4.618,4.633,710,HG.v.0
2025-05-02 01:00:00+00:00,34,1,1425,4.633,4.654,4.624,4.653,898,HG.v.0
2025-05-02 02:00:00+00:00,34,1,1425,4.652,4.688,4.652,4.67,1586,HG.v.0
2025-05-02 03:00:00+00:00,34,1,1425,4.6715,4.709,4.6655,4.6935,1102,HG.v.0
2025-05-02 04:00:00+00:00,34,1,1425,4.693,4.707,4.686,4.6945,800,HG.v.0
2025-05-02 05:00:00+00:00,34,1,1425,4.694,4.7005,4.687,4.691,399,HG.v.0
2025-05-02 06:00:00+00:00,34,1,1425,4.691,4.702,4.6735,4.6785,1260,HG.v.0
2025-05-02 07:00:00+00:00,34,1,1425,4.68,4.7005,4.6775,4.6845,800,HG.v.0
2025-05-02 08:00:00+00:00,34,1,1425,4.6845,4.7125,4.6715,4.6745,1605,HG.v.0
2025-05-02 09:00:00+00:00,34,1,1425,4.6735,4.6985,4.6605,4.687,1818,HG.v.0
2025-05-02 10:00:00+00:00,34,1,1425,4.689,4.6935,4.671,4.675,747,HG.v.0
2025-05-02 11:00:00+00:00,34,1,1425,4.675,4.6835,4.6515,4.655,1443,HG.v.0
2025-05-02 12:00:00+00:00,34,1,1425,4.654,4.7435,4.651,4.738,4262,HG.v.0
2025-05-02 13:00:00+00:00,34,1,1425,4.738,4.738,4.6755,4.68,3728,HG.v.0
2025-05-02 14:00:00+00:00,34,1,1425,4.679,4.6955,4.668,4.69,2430,HG.v.0
2025-05-02 15:00:00+00:00,34,1,1425,4.69,4.69,4.622,4.65,4564,HG.v.0
2025-05-02 16:00:00+00:00,34,1,1425,4.651,4.6795,4.6465,4.6745,4251,HG.v.0
2025-05-02 17:00:00+00:00,34,1,1425,4.674,4.6895,4.6695,4.6845,1137,HG.v.0
2025-05-02 18:00:00+00:00,34,1,1425,4.684,4.689,4.674,4.6765,432,HG.v.0
2025-05-02 19:00:00+00:00,34,1,1425,4.675,4.6905,4.6735,4.6805,387,HG.v.0
2025-05-02 20:00:00+00:00,34,1,1425,4.6795,4.704,4.6795,4.6975,557,HG.v.0
2025-05-04 22:00:00+00:00,34,1,1425,4.704,4.705,4.681,4.687,391,HG.v.0
2025-05-04 23:00:00+00:00,34,1,1425,4.685,4.6885,4.6705,4.6735,216,HG.v.0
2025-05-05 00:00:00+00:00,34,1,1425,4.674,4.6915,4.663,4.6895,483,HG.v.0
2025-05-05 01:00:00+00:00,34,1,1425,4.688,4.716,4.68,4.686,681,HG.v.0
2025-05-05 02:00:00+00:00,34,1,1425,4.6855,4.7075,4.67,4.7015,524,HG.v.0
2025-05-05 03:00:00+00:00,34,1,1425,4.7015,4.7015,4.6835,4.687,175,HG.v.0
2025-05-05 04:00:00+00:00,34,1,1425,4.687,4.6985,4.682,4.696,190,HG.v.0
2025-05-05 05:00:00+00:00,34,1,1425,4.6965,4.715,4.6915,4.7005,437,HG.v.0
2025-05-05 06:00:00+00:00,34,1,1425,4.7005,4.7505,4.7,4.7445,1525,HG.v.0
2025-05-05 07:00:00+00:00,34,1,1425,4.744,4.7585,4.7295,4.7315,990,HG.v.0
2025-05-05 08:00:00+00:00,34,1,1425,4.7295,4.7485,4.7275,4.7305,573,HG.v.0
2025-05-05 09:00:00+00:00,34,1,1425,4.7315,4.755,4.726,4.753,607,HG.v.0
2025-05-05 10:00:00+00:00,34,1,1425,4.7535,4.7595,4.718,4.7225,580,HG.v.0
2025-05-05 11:00:00+00:00,34,1,1425,4.721,4.734,4.711,4.7155,584,HG.v.0
2025-05-05 12:00:00+00:00,34,1,1425,4.714,4.75,4.714,4.7445,1445,HG.v.0
2025-05-05 13:00:00+00:00,34,1,1425,4.7465,4.7655,4.716,4.722,2293,HG.v.0
2025-05-05 14:00:00+00:00,34,1,1425,4.7215,4.7265,4.6735,4.69,3749,HG.v.0
2025-05-05 15:00:00+00:00,34,1,1425,4.6905,4.699,4.68,4.6975,1216,HG.v.0
2025-05-05 16:00:00+00:00,34,1,1425,4.6965,4.701,4.6875,4.699,1816,HG.v.0
2025-05-05 17:00:00+00:00,34,1,1425,4.699,4.7025,4.6855,4.688,759,HG.v.0
2025-05-05 18:00:00+00:00,34,1,1425,4.6875,4.7025,4.6875,4.698,481,HG.v.0
2025-05-05 19:00:00+00:00,34,1,1425,4.697,4.7115,4.696,4.702,358,HG.v.0
2025-05-05 20:00:00+00:00,34,1,1425,4.702,4.709,4.6965,4.7055,268,HG.v.0
2025-05-05 22:00:00+00:00,34,1,1425,4.705,4.7075,4.693,4.695,213,HG.v.0
2025-05-05 23:00:00+00:00,34,1,1425,4.696,4.7,4.6935,4.695,129,HG.v.0
2025-05-06 00:00:00+00:00,34,1,1425,4.695,4.709,4.6805,4.707,724,HG.v.0
2025-05-06 01:00:00+00:00,34,1,1425,4.7085,4.7275,4.7015,4.726,1508,HG.v.0
2025-05-06 02:00:00+00:00,34,1,1425,4.7265,4.7305,4.708,4.723,699,HG.v.0
2025-05-06 03:00:00+00:00,34,1,1425,4.7255,4.7435,4.723,4.7425,497,HG.v.0
2025-05-06 04:00:00+00:00,34,1,1425,4.7415,4.745,4.7375,4.7415,261,HG.v.0
2025-05-06 05:00:00+00:00,34,1,1425,4.7415,4.744,4.7045,4.7125,972,HG.v.0
2025-05-06 06:00:00+00:00,34,1,1425,4.7125,4.7215,4.6835,4.6955,1856,HG.v.0
2025-05-06 07:00:00+00:00,34,1,1425,4.697,4.7125,4.691,4.7035,708,HG.v.0
2025-05-06 08:00:00+00:00,34,1,1425,4.704,4.71,4.6815,4.685,1578,HG.v.0
2025-05-06 09:00:00+00:00,34,1,1425,4.685,4.715,4.672,4.702,1787,HG.v.0
2025-05-06 10:00:00+00:00,34,1,1425,4.7015,4.714,4.6865,4.7055,896,HG.v.0
2025-05-06 11:00:00+00:00,34,1,1425,4.7065,4.723,4.7015,4.7145,1026,HG.v.0
2025-05-06 12:00:00+00:00,34,1,1425,4.7145,4.742,4.711,4.7395,2262,HG.v.0
2025-05-06 13:00:00+00:00,34,1,1425,4.74,4.7755,4.74,4.771,5281,HG.v.0
2025-05-06 14:00:00+00:00,34,1,1425,4.7715,4.793,4.768,4.774,3649,HG.v.0
2025-05-06 15:00:00+00:00,34,1,1425,4.775,4.793,4.772,4.78,1877,HG.v.0
2025-05-06 16:00:00+00:00,34,1,1425,4.7795,4.7915,4.7745,4.7765,2411,HG.v.0
2025-05-06 17:00:00+00:00,34,1,1425,4.7775,4.786,4.766,4.7685,942,HG.v.0
2025-05-06 18:00:00+00:00,34,1,1425,4.769,4.7695,4.761,4.7645,518,HG.v.0
2025-05-06 19:00:00+00:00,34,1,1425,4.765,4.7655,4.753,4.757,616,HG.v.0
2025-05-06 20:00:00+00:00,34,1,1425,4.757,4.7615,4.7535,4.755,335,HG.v.0
2025-05-06 22:00:00+00:00,34,1,1425,4.7595,4.807,4.7575,4.789,1120,HG.v.0
2025-05-06 23:00:00+00:00,34,1,1425,4.7875,4.8,4.783,4.794,236,HG.v.0
2025-05-07 00:00:00+00:00,34,1,1425,4.793,4.795,4.769,4.781,723,HG.v.0
2025-05-07 01:00:00+00:00,34,1,1425,4.7815,4.791,4.736,4.755,1411,HG.v.0
2025-05-07 02:00:00+00:00,34,1,1425,4.7535,4.7535,4.7185,4.7305,1183,HG.v.0
2025-05-07 03:00:00+00:00,34,1,1425,4.7295,4.7325,4.7085,4.7185,511,HG.v.0
2025-05-07 04:00:00+00:00,34,1,1425,4.721,4.729,4.71,4.714,390,HG.v.0
2025-05-07 05:00:00+00:00,34,1,1425,4.714,4.73,4.7095,4.723,466,HG.v.0
2025-05-07 06:00:00+00:00,34,1,1425,4.7235,4.7325,4.7145,4.728,589,HG.v.0
2025-05-07 07:00:00+00:00,34,1,1425,4.727,4.748,4.721,4.7455,1142,HG.v.0
2025-05-07 08:00:00+00:00,34,1,1425,4.747,4.748,4.7145,4.721,722,HG.v.0
2025-05-07 09:00:00+00:00,34,1,1425,4.718,4.7225,4.687,4.6945,1453,HG.v.0
2025-05-07 10:00:00+00:00,34,1,1425,4.695,4.7045,4.6565,4.6735,2937,HG.v.0
2025-05-07 11:00:00+00:00,34,1,1425,4.673,4.6925,4.6645,4.6895,1857,HG.v.0
2025-05-07 12:00:00+00:00,34,1,1425,4.69,4.6945,4.67,4.679,2564,HG.v.0
2025-05-07 13:00:00+00:00,34,1,1425,4.6785,4.679,4.647,4.66,4215,HG.v.0
2025-05-07 14:00:00+00:00,34,1,1425,4.659,4.6615,4.6385,4.6515,2973,HG.v.0
2025-05-07 15:00:00+00:00,34,1,1425,4.6515,4.6585,4.6345,4.6485,2212,HG.v.0
2025-05-07 16:00:00+00:00,34,1,1425,4.649,4.6615,4.644,4.659,2679,HG.v.0
2025-05-07 17:00:00+00:00,34,1,1425,4.659,4.664,4.644,4.651,1330,HG.v.0
2025-05-07 18:00:00+00:00,34,1,1425,4.6525,4.658,4.6385,4.655,996,HG.v.0
2025-05-07 19:00:00+00:00,34,1,1425,4.6545,4.655,4.6125,4.6185,1745,HG.v.0
2025-05-07 20:00:00+00:00,34,1,1425,4.6195,4.627,4.6175,4.62,616,HG.v.0
2025-05-07 22:00:00+00:00,34,1,1425,4.6185,4.626,4.614,4.626,210,HG.v.0
2025-05-07 23:00:00+00:00,34,1,1425,4.6265,4.6365,4.626,4.6365,228,HG.v.0
2025-05-08 00:00:00+00:00,34,1,1425,4.6365,4.6465,4.631,4.645,457,HG.v.0
2025-05-08 01:00:00+00:00,34,1,1425,4.643,4.6655,4.6425,4.665,904,HG.v.0
2025-05-08 02:00:00+00:00,34,1,1425,4.665,4.6775,4.6575,4.6635,713,HG.v.0
2025-05-08 03:00:00+00:00,34,1,1425,4.664,4.6755,4.663,4.67,302,HG.v.0
2025-05-08 04:00:00+00:00,34,1,1425,4.67,4.6755,4.668,4.669,212,HG.v.0
2025-05-08 05:00:00+00:00,34,1,1425,4.6685,4.6695,4.6345,4.6455,920,HG.v.0
2025-05-08 06:00:00+00:00,34,1,1425,4.644,4.6535,4.574,4.598,2647,HG.v.0
2025-05-08 07:00:00+00:00,34,1,1425,4.5975,4.6175,4.593,4.6145,1178,HG.v.0
2025-05-08 08:00:00+00:00,34,1,1425,4.6145,4.615,4.576,4.5855,1576,HG.v.0
2025-05-08 09:00:00+00:00,34,1,1425,4.586,4.586,4.5425,4.552,2686,HG.v.0
2025-05-08 10:00:00+00:00,34,1,1425,4.5515,4.606,4.5465,4.5885,2165,HG.v.0
2025-05-08 11:00:00+00:00,34,1,1425,4.5865,4.6065,4.5865,4.5945,1076,HG.v.0
2025-05-08 12:00:00+00:00,34,1,1425,4.596,4.6125,4.579,4.597,2236,HG.v.0
2025-05-08 13:00:00+00:00,34,1,1425,4.596,4.6485,4.5895,4.6435,4728,HG.v.0
2025-05-08 14:00:00+00:00,34,1,1425,4.6425,4.6455,4.5905,4.597,2860,HG.v.0
2025-05-08 15:00:00+00:00,34,1,1425,4.597,4.625,4.5805,4.598,4784,HG.v.0
2025-05-08 16:00:00+00:00,34,1,1425,4.598,4.6065,4.565,4.6045,3763,HG.v.0
2025-05-08 17:00:00+00:00,34,1,1425,4.6045,4.608,4.588,4.5965,1076,HG.v.0
2025-05-08 18:00:00+00:00,34,1,1425,4.5965,4.6065,4.5955,4.601,566,HG.v.0
2025-05-08 19:00:00+00:00,34,1,1425,4.6015,4.6055,4.5875,4.591,977,HG.v.0
2025-05-08 20:00:00+00:00,34,1,1425,4.592,4.6035,4.5905,4.602,318,HG.v.0
2025-05-08 22:00:00+00:00,34,1,1425,4.6035,4.6035,4.5885,4.5995,253,HG.v.0
2025-05-08 23:00:00+00:00,34,1,1425,4.5985,4.5995,4.5895,4.5915,129,HG.v.0
2025-05-09 00:00:00+00:00,34,1,1425,4.5915,4.5955,4.5795,4.5835,570,HG.v.0
2025-05-09 01:00:00+00:00,34,1,1425,4.583,4.584,4.479,4.485,4096,HG.v.0
2025-05-09 02:00:00+00:00,34,1,1425,4.483,4.5555,4.4775,4.5555,3709,HG.v.0
2025-05-09 03:00:00+00:00,34,1,1425,4.554,4.5595,4.538,4.5535,706,HG.v.0
2025-05-09 04:00:00+00:00,34,1,1425,4.5535,4.5585,4.5415,4.556,544,HG.v.0
2025-05-09 05:00:00+00:00,34,1,1425,4.5555,4.5555,4.526,4.54,1042,HG.v.0
2025-05-09 06:00:00+00:00,34,1,1425,4.541,4.547,4.5105,4.5235,1295,HG.v.0
2025-05-09 07:00:00+00:00,34,1,1425,4.5225,4.74,4.5135,4.612,6746,HG.v.0
2025-05-09 08:00:00+00:00,34,1,1425,4.6135,4.615,4.5825,4.592,1330,HG.v.0
2025-05-09 09:00:00+00:00,34,1,1425,4.592,4.612,4.582,4.6,989,HG.v.0
2025-05-09 10:00:00+00:00,34,1,1425,4.601,4.6045,4.588,4.5915,556,HG.v.0
2025-05-09 11:00:00+00:00,34,1,1425,4.5905,4.616,4.589,4.603,1468,HG.v.0
2025-05-09 12:00:00+00:00,34,1,1425,4.6055,4.6385,4.5945,4.629,2065,HG.v.0
2025-05-09 13:00:00+00:00,34,1,1425,4.6295,4.6775,4.6215,4.676,6131,HG.v.0
2025-05-09 14:00:00+00:00,34,1,1425,4.675,4.689,4.6485,4.654,3068,HG.v.0
2025-05-09 15:00:00+00:00,34,1,1425,4.6525,4.671,4.644,4.6655,1994,HG.v.0
2025-05-09 16:00:00+00:00,34,1,1425,4.666,4.6765,4.6445,4.6515,3510,HG.v.0
2025-05-09 17:00:00+00:00,34,1,1425,4.651,4.657,4.641,4.6465,1280,HG.v.0
2025-05-09 18:00:00+00:00,34,1,1425,4.647,4.653,4.646,4.652,384,HG.v.0
2025-05-09 19:00:00+00:00,34,1,1425,4.6525,4.666,4.646,4.6485,968,HG.v.0
2025-05-09 20:00:00+00:00,34,1,1425,4.648,4.655,4.647,4.654,322,HG.v.0
2025-05-11 22:00:00+00:00,34,1,1425,4.69,4.7295,4.6805,4.696,1333,HG.v.0
2025-05-11 23:00:00+00:00,34,1,1425,4.6955,4.715,4.6925,4.703,685,HG.v.0
2025-05-12 00:00:00+00:00,34,1,1425,4.702,4.702,4.6715,4.68,821,HG.v.0
2025-05-12 01:00:00+00:00,34,1,1425,4.6805,4.696,4.654,4.665,799,HG.v.0
2025-05-12 02:00:00+00:00,34,1,1425,4.6655,4.6895,4.665,4.6735,571,HG.v.0
2025-05-12 03:00:00+00:00,34,1,1425,4.6745,4.686,4.665,4.6855,307,HG.v.0
2025-05-12 04:00:00+00:00,34,1,1425,4.684,4.691,4.6815,4.6885,369,HG.v.0
2025-05-12 05:00:00+00:00,34,1,1425,4.6885,4.7065,4.68,4.702,904,HG.v.0
2025-05-12 06:00:00+00:00,34,1,1425,4.7025,4.707,4.672,4.682,1020,HG.v.0
2025-05-12 07:00:00+00:00,34,1,1425,4.682,4.7175,4.61,4.633,5600,HG.v.0
2025-05-12 08:00:00+00:00,34,1,1425,4.634,4.662,4.599,4.6525,2459,HG.v.0
2025-05-12 09:00:00+00:00,34,1,1425,4.652,4.675,4.644,4.6605,1386,HG.v.0
2025-05-12 10:00:00+00:00,34,1,1425,4.6605,4.671,4.6475,4.6675,1499,HG.v.0
2025-05-12 11:00:00+00:00,34,1,1425,4.667,4.697,4.662,4.6815,1843,HG.v.0
2025-05-12 12:00:00+00:00,34,1,1425,4.681,4.6825,4.624,4.6395,3177,HG.v.0
2025-05-12 13:00:00+00:00,34,1,1425,4.64,4.6535,4.6115,4.6225,3624,HG.v.0
2025-05-12 14:00:00+00:00,34,1,1425,4.623,4.625,4.602,4.6175,2831,HG.v.0
2025-05-12 15:00:00+00:00,34,1,1425,4.617,4.629,4.6085,4.611,1571,HG.v.0
2025-05-12 16:00:00+00:00,34,1,1425,4.6115,4.624,4.5895,4.622,3757,HG.v.0
2025-05-12 17:00:00+00:00,34,1,1425,4.6225,4.624,4.604,4.604,865,HG.v.0
2025-05-12 18:00:00+00:00,34,1,1425,4.604,4.615,4.5985,4.6145,383,HG.v.0
2025-05-12 19:00:00+00:00,34,1,1425,4.614,4.6325,4.611,4.6305,704,HG.v.0
2025-05-12 20:00:00+00:00,34,1,1425,4.629,4.6335,4.6215,4.6305,410,HG.v.0
2025-05-12 22:00:00+00:00,34,1,1425,4.6305,4.6335,4.6225,4.626,100,HG.v.0
2025-05-12 23:00:00+00:00,34,1,1425,4.6245,4.6375,4.6245,4.6285,130,HG.v.0
2025-05-13 00:00:00+00:00,34,1,1425,4.6285,4.6285,4.6135,4.6155,399,HG.v.0
2025-05-13 01:00:00+00:00,34,1,1425,4.6155,4.6315,4.605,4.6155,698,HG.v.0
2025-05-13 02:00:00+00:00,34,1,1425,4.614,4.62,4.607,4.6125,350,HG.v.0
2025-05-13 03:00:00+00:00,34,1,1425,4.612,4.6365,4.61,4.6315,344,HG.v.0
2025-05-13 04:00:00+00:00,34,1,1425,4.631,4.6575,4.629,4.653,791,HG.v.0
2025-05-13 05:00:00+00:00,34,1,1425,4.653,4.6555,4.634,4.6465,762,HG.v.0
2025-05-13 06:00:00+00:00,34,1,1425,4.648,4.6785,4.638,4.6655,1401,HG.v.0
2025-05-13 07:00:00+00:00,34,1,1425,4.666,4.6805,4.665,4.6655,1094,HG.v.0
2025-05-13 08:00:00+00:00,34,1,1425,4.668,4.6695,4.6435,4.661,1164,HG.v.0
2025-05-13 09:00:00+00:00,34,1,1425,4.66,4.6675,4.65,4.662,866,HG.v.0
2025-05-13 10:00:00+00:00,34,1,1425,4.6635,4.6875,4.659,4.6755,1118,HG.v.0
2025-05-13 11:00:00+00:00,34,1,1425,4.6755,4.687,4.664,4.6665,2272,HG.v.0
2025-05-13 12:00:00+00:00,34,1,1425,4.6655,4.6675,4.631,4.6525,2492,HG.v.0
2025-05-13 13:00:00+00:00,34,1,1425,4.6515,4.672,4.64,4.66,2411,HG.v.0
2025-05-13 14:00:00+00:00,34,1,1425,4.66,4.7245,4.6595,4.722,5224,HG.v.0
2025-05-13 15:00:00+00:00,34,1,1425,4.7225,4.7275,4.7045,4.719,2468,HG.v.0
2025-05-13 16:00:00+00:00,34,1,1425,4.719,4.7285,4.7155,4.7235,2459,HG.v.0
2025-05-13 17:00:00+00:00,34,1,1425,4.7225,4.7315,4.715,4.719,1352,HG.v.0
2025-05-13 18:00:00+00:00,34,1,1425,4.719,4.723,4.711,4.7165,520,HG.v.0
2025-05-13 19:00:00+00:00,34,1,1425,4.7165,4.7205,4.709,4.7105,563,HG.v.0
2025-05-13 20:00:00+00:00,34,1,1425,4.7105,4.7145,4.706,4.7085,307,HG.v.0
2025-05-13 22:00:00+00:00,34,1,1425,4.711,4.714,4.705,4.7135,187,HG.v.0
2025-05-13 23:00:00+00:00,34,1,1425,4.712,4.716,4.709,4.713,101,HG.v.0
2025-05-14 00:00:00+00:00,34,1,1425,4.714,4.714,4.6975,4.7005,364,HG.v.0
2025-05-14 01:00:00+00:00,34,1,1425,4.7015,4.71,4.682,4.6935,586,HG.v.0
2025-05-14 02:00:00+00:00,34,1,1425,4.6965,4.6975,4.674,4.6855,524,HG.v.0
2025-05-14 03:00:00+00:00,34,1,1425,4.686,4.6885,4.68,4.686,335,HG.v.0
2025-05-14 04:00:00+00:00,34,1,1425,4.687,4.6925,4.679,4.6875,340,HG.v.0
2025-05-14 05:00:00+00:00,34,1,1425,4.6865,4.7055,4.6805,4.693,494,HG.v.0
2025-05-14 06:00:00+00:00,34,1,1425,4.6935,4.726,4.675,4.715,1120,HG.v.0
2025-05-14 07:00:00+00:00,34,1,1425,4.716,4.727,4.704,4.7205,1241,HG.v.0
2025-05-14 08:00:00+00:00,34,1,1425,4.721,4.737,4.7165,4.7195,921,HG.v.0
2025-05-14 09:00:00+00:00,34,1,1425,4.7185,4.719,4.692,4.694,758,HG.v.0
2025-05-14 10:00:00+00:00,34,1,1425,4.6935,4.7025,4.6755,4.6805,1027,HG.v.0
2025-05-14 11:00:00+00:00,34,1,1425,4.6805,4.7145,4.6805,4.7075,792,HG.v.0
2025-05-14 12:00:00+00:00,34,1,1425,4.709,4.7095,4.6765,4.6875,2145,HG.v.0
2025-05-14 13:00:00+00:00,34,1,1425,4.687,4.6955,4.6465,4.651,3673,HG.v.0
2025-05-14 14:00:00+00:00,34,1,1425,4.652,4.653,4.628,4.639,3821,HG.v.0
2025-05-14 15:00:00+00:00,34,1,1425,4.6385,4.6645,4.628,4.6585,2451,HG.v.0
2025-05-14 16:00:00+00:00,34,1,1425,4.658,4.659,4.6345,4.6495,2254,HG.v.0
2025-05-14 17:00:00+00:00,34,1,1425,4.6495,4.6525,4.639,4.6435,760,HG.v.0
2025-05-14 18:00:00+00:00,34,1,1425,4.6445,4.6445,4.6335,4.639,473,HG.v.0
2025-05-14 19:00:00+00:00,34,1,1425,4.639,4.6435,4.634,4.643,344,HG.v.0
2025-05-14 20:00:00+00:00,34,1,1425,4.643,4.6465,4.639,4.6435,281,HG.v.0
2025-05-14 22:00:00+00:00,34,1,1425,4.6435,4.6465,4.6385,4.6385,176,HG.v.0
2025-05-14 23:00:00+00:00,34,1,1425,4.638,4.6435,4.6325,4.641,246,HG.v.0
2025-05-15 00:00:00+00:00,34,1,1425,4.6415,4.6495,4.635,4.6465,393,HG.v.0
2025-05-15 01:00:00+00:00,34,1,1425,4.6465,4.656,4.619,4.6205,1032,HG.v.0
2025-05-15 02:00:00+00:00,34,1,1425,4.62,4.6315,4.6085,4.6105,716,HG.v.0
2025-05-15 03:00:00+00:00,34,1,1425,4.6105,4.625,4.6025,4.616,537,HG.v.0
2025-05-15 04:00:00+00:00,34,1,1425,4.6145,4.623,4.6115,4.6115,346,HG.v.0
2025-05-15 05:00:00+00:00,34,1,1425,4.611,4.616,4.5905,4.5965,911,HG.v.0
2025-05-15 06:00:00+00:00,34,1,1425,4.5965,4.6195,4.593,4.6105,947,HG.v.0
2025-05-15 07:00:00+00:00,34,1,1425,4.61,4.6135,4.5715,4.5785,1818,HG.v.0
2025-05-15 08:00:00+00:00,34,1,1425,4.5775,4.613,4.575,4.6035,994,HG.v.0
2025-05-15 09:00:00+00:00,34,1,1425,4.602,4.6165,4.591,4.615,991,HG.v.0
2025-05-15 10:00:00+00:00,34,1,1425,4.614,4.644,4.6125,4.6365,1294,HG.v.0
2025-05-15 11:00:00+00:00,34,1,1425,4.6375,4.6505,4.6265,4.6415,1239,HG.v.0
2025-05-15 12:00:00+00:00,34,1,1425,4.6425,4.6445,4.6225,4.6285,1684,HG.v.0
2025-05-15 13:00:00+00:00,34,1,1425,4.629,4.652,4.6075,4.633,3167,HG.v.0
2025-05-15 14:00:00+00:00,34,1,1425,4.6345,4.66,4.629,4.6475,2494,HG.v.0
2025-05-15 15:00:00+00:00,34,1,1425,4.647,4.687,4.6465,4.6855,2411,HG.v.0
2025-05-15 16:00:00+00:00,34,1,1425,4.6865,4.69,4.6705,4.6825,2098,HG.v.0
2025-05-15 17:00:00+00:00,34,1,1425,4.6825,4.7075,4.6805,4.695,1876,HG.v.0
2025-05-15 18:00:00+00:00,34,1,1425,4.6955,4.6975,4.687,4.688,449,HG.v.0
2025-05-15 19:00:00+00:00,34,1,1425,4.688,4.689,4.6755,4.685,862,HG.v.0
2025-05-15 20:00:00+00:00,34,1,1425,4.684,4.687,4.678,4.681,283,HG.v.0
2025-05-15 22:00:00+00:00,34,1,1425,4.682,4.698,4.6805,4.6965,401,HG.v.0
2025-05-15 23:00:00+00:00,34,1,1425,4.696,4.6975,4.691,4.6935,175,HG.v.0
2025-05-16 00:00:00+00:00,34,1,1425,4.693,4.6945,4.6815,4.682,404,HG.v.0
2025-05-16 01:00:00+00:00,34,1,1425,4.682,4.6835,4.6675,4.6765,697,HG.v.0
2025-05-16 02:00:00+00:00,34,1,1425,4.673,4.68,4.6645,4.678,414,HG.v.0
2025-05-16 03:00:00+00:00,34,1,1425,4.6755,4.6755,4.667,4.67,225,HG.v.0
2025-05-16 04:00:00+00:00,34,1,1425,4.6695,4.678,4.6665,4.6725,236,HG.v.0
2025-05-16 05:00:00+00:00,34,1,1425,4.671,4.6765,4.6615,4.6635,308,HG.v.0
2025-05-16 06:00:00+00:00,34,1,1425,4.6635,4.666,4.6415,4.649,777,HG.v.0
2025-05-16 07:00:00+00:00,34,1,1425,4.65,4.65,4.614,4.6215,2282,HG.v.0
2025-05-16 08:00:00+00:00,34,1,1425,4.6215,4.636,4.6,4.615,2353,HG.v.0
2025-05-16 09:00:00+00:00,34,1,1425,4.6135,4.6235,4.6035,4.613,971,HG.v.0
2025-05-16 10:00:00+00:00,34,1,1425,4.6125,4.6375,4.6125,4.6275,760,HG.v.0
2025-05-16 11:00:00+00:00,34,1,1425,4.628,4.6295,4.5935,4.601,1262,HG.v.0
2025-05-16 12:00:00+00:00,34,1,1425,4.601,4.6035,4.5865,4.599,2302,HG.v.0
2025-05-16 13:00:00+00:00,34,1,1425,4.5995,4.6365,4.5875,4.6345,3092,HG.v.0
2025-05-16 14:00:00+00:00,34,1,1425,4.634,4.6385,4.5725,4.581,3745,HG.v.0
2025-05-16 15:00:00+00:00,34,1,1425,4.5815,4.5945,4.569,4.589,2453,HG.v.0
2025-05-16 16:00:00+00:00,34,1,1425,4.59,4.601,4.5815,4.5915,2303,HG.v.0
2025-05-16 17:00:00+00:00,34,1,1425,4.5915,4.593,4.58,4.5865,1147,HG.v.0
2025-05-16 18:00:00+00:00,34,1,1425,4.5865,4.591,4.5775,4.59,655,HG.v.0
2025-05-16 19:00:00+00:00,34,1,1425,4.5905,4.594,4.5775,4.584,576,HG.v.0
2025-05-16 20:00:00+00:00,34,1,1425,4.5835,4.594,4.5835,4.5915,311,HG.v.0
2025-05-18 22:00:00+00:00,34,1,1425,4.6085,4.6085,4.581,4.593,700,HG.v.0
2025-05-18 23:00:00+00:00,34,1,1425,4.5935,4.605,4.591,4.5945,240,HG.v.0
2025-05-19 00:00:00+00:00,34,1,1425,4.5935,4.6075,4.5935,4.606,353,HG.v.0
2025-05-19 01:00:00+00:00,34,1,1425,4.606,4.609,4.577,4.58,831,HG.v.0
2025-05-19 02:00:00+00:00,34,1,1425,4.578,4.587,4.5715,4.579,308,HG.v.0
2025-05-19 03:00:00+00:00,34,1,1425,4.5785,4.5805,4.561,4.5655,663,HG.v.0
2025-05-19 04:00:00+00:00,34,1,1425,4.566,4.5695,4.5625,4.5635,287,HG.v.0
2025-05-19 05:00:00+00:00,34,1,1425,4.5655,4.5915,4.564,4.5905,627,HG.v.0
2025-05-19 06:00:00+00:00,34,1,1425,4.5895,4.615,4.589,4.597,1131,HG.v.0
2025-05-19 07:00:00+00:00,34,1,1425,4.599,4.6335,4.5965,4.627,1369,HG.v.0
2025-05-19 08:00:00+00:00,34,1,1425,4.627,4.6295,4.6075,4.618,792,HG.v.0
2025-05-19 09:00:00+00:00,34,1,1425,4.617,4.6305,4.612,4.6255,896,HG.v.0
2025-05-19 10:00:00+00:00,34,1,1425,4.6265,4.639,4.6195,4.6345,899,HG.v.0
2025-05-19 11:00:00+00:00,34,1,1425,4.634,4.652,4.633,4.648,1281,HG.v.0
2025-05-19 12:00:00+00:00,34,1,1425,4.6485,4.652,4.621,4.6215,2070,HG.v.0
2025-05-19 13:00:00+00:00,34,1,1425,4.621,4.6515,4.621,4.645,2667,HG.v.0
2025-05-19 14:00:00+00:00,34,1,1425,4.645,4.6605,4.638,4.66,2420,HG.v.0
2025-05-19 15:00:00+00:00,34,1,1425,4.6605,4.6725,4.6555,4.6565,2814,HG.v.0
2025-05-19 16:00:00+00:00,34,1,1425,4.657,4.6785,4.6515,4.669,2699,HG.v.0
2025-05-19 17:00:00+00:00,34,1,1425,4.6695,4.671,4.658,4.6595,760,HG.v.0
2025-05-19 18:00:00+00:00,34,1,1425,4.659,4.6655,4.6575,4.6635,299,HG.v.0
2025-05-19 19:00:00+00:00,34,1,1425,4.6635,4.6635,4.658,4.6615,444,HG.v.0
2025-05-19 20:00:00+00:00,34,1,1425,4.662,4.6665,4.661,4.6635,301,HG.v.0
2025-05-19 22:00:00+00:00,34,1,1425,4.6635,4.669,4.6595,4.6645,177,HG.v.0
2025-05-19 23:00:00+00:00,34,1,1425,4.665,4.669,4.664,4.665,142,HG.v.0
2025-05-20 00:00:00+00:00,34,1,1425,4.6645,4.6695,4.6525,4.6545,463,HG.v.0
2025-05-20 01:00:00+00:00,34,1,1425,4.655,4.663,4.646,4.649,638,HG.v.0
2025-05-20 02:00:00+00:00,34,1,1425,4.6505,4.653,4.6415,4.648,408,HG.v.0
2025-05-20 03:00:00+00:00,34,1,1425,4.6485,4.6555,4.6455,4.649,327,HG.v.0
2025-05-20 04:00:00+00:00,34,1,1425,4.648,4.648,4.6345,4.638,391,HG.v.0
2025-05-20 05:00:00+00:00,34,1,1425,4.6395,4.649,4.6205,4.6205,703,HG.v.0
2025-05-20 06:00:00+00:00,34,1,1425,4.6205,4.627,4.6095,4.6125,1067,HG.v.0
2025-05-20 07:00:00+00:00,34,1,1425,4.613,4.614,4.5855,4.597,1863,HG.v.0
2025-05-20 08:00:00+00:00,34,1,1425,4.597,4.6225,4.597,4.6155,1179,HG.v.0
2025-05-20 09:00:00+00:00,34,1,1425,4.616,4.6405,4.6125,4.6395,955,HG.v.0
2025-05-20 10:00:00+00:00,34,1,1425,4.638,4.6465,4.628,4.6385,906,HG.v.0
2025-05-20 11:00:00+00:00,34,1,1425,4.6385,4.6525,4.632,4.64,1113,HG.v.0
2025-05-20 12:00:00+00:00,34,1,1425,4.6395,4.6455,4.623,4.628,1554,HG.v.0
2025-05-20 13:00:00+00:00,34,1,1425,4.6285,4.6395,4.611,4.632,3530,HG.v.0
2025-05-20 14:00:00+00:00,34,1,1425,4.632,4.654,4.632,4.6445,3187,HG.v.0
2025-05-20 15:00:00+00:00,34,1,1425,4.644,4.648,4.6335,4.634,1718,HG.v.0
2025-05-20 16:00:00+00:00,34,1,1425,4.634,4.657,4.63,4.6545,2422,HG.v.0
2025-05-20 17:00:00+00:00,34,1,1425,4.655,4.664,4.653,4.6565,1048,HG.v.0
2025-05-20 18:00:00+00:00,34,1,1425,4.6575,4.6595,4.6515,4.656,291,HG.v.0
2025-05-20 19:00:00+00:00,34,1,1425,4.6555,4.6775,4.654,4.6765,1210,HG.v.0
2025-05-20 20:00:00+00:00,34,1,1425,4.677,4.6815,4.6735,4.674,709,HG.v.0
2025-05-20 22:00:00+00:00,34,1,1425,4.6765,4.6875,4.6745,4.6855,639,HG.v.0
2025-05-20 23:00:00+00:00,34,1,1425,4.685,4.69,4.6815,4.6835,248,HG.v.0
2025-05-21 00:00:00+00:00,34,1,1425,4.6825,4.693,4.6745,4.6805,1115,HG.v.0
2025-05-21 01:00:00+00:00,34,1,1425,4.6805,4.6915,4.664,4.688,1084,HG.v.0
2025-05-21 02:00:00+00:00,34,1,1425,4.6875,4.701,4.6855,4.687,1063,HG.v.0
2025-05-21 03:00:00+00:00,34,1,1425,4.687,4.6965,4.6825,4.6895,408,HG.v.0
2025-05-21 04:00:00+00:00,34,1,1425,4.689,4.696,4.6815,4.6865,367,HG.v.0
2025-05-21 05:00:00+00:00,34,1,1425,4.6865,4.7085,4.6865,4.704,719,HG.v.0
2025-05-21 06:00:00+00:00,34,1,1425,4.7045,4.707,4.692,4.6935,762,HG.v.0
2025-05-21 07:00:00+00:00,34,1,1425,4.694,4.712,4.673,4.701,1315,HG.v.0
2025-05-21 08:00:00+00:00,34,1,1425,4.702,4.703,4.67,4.6755,1033,HG.v.0
2025-05-21 09:00:00+00:00,34,1,1425,4.674,4.6855,4.656,4.6645,941,HG.v.0
2025-05-21 10:00:00+00:00,34,1,1425,4.665,4.678,4.6575,4.6645,770,HG.v.0
2025-05-21 11:00:00+00:00,34,1,1425,4.665,4.694,4.664,4.685,1132,HG.v.0
2025-05-21 12:00:00+00:00,34,1,1425,4.686,4.712,4.685,4.6975,3169,HG.v.0
2025-05-21 13:00:00+00:00,34,1,1425,4.6985,4.7,4.6725,4.6785,1839,HG.v.0
2025-05-21 14:00:00+00:00,34,1,1425,4.679,4.699,4.674,4.6905,2078,HG.v.0
2025-05-21 15:00:00+00:00,34,1,1425,4.69,4.703,4.684,4.6965,1726,HG.v.0
2025-05-21 16:00:00+00:00,34,1,1425,4.697,4.7,4.6675,4.67,2365,HG.v.0
2025-05-21 17:00:00+00:00,34,1,1425,4.6705,4.6815,4.6485,4.6665,1881,HG.v.0
2025-05-21 18:00:00+00:00,34,1,1425,4.6675,4.6765,4.6625,4.6725,895,HG.v.0
2025-05-21 19:00:00+00:00,34,1,1425,4.673,4.6785,4.665,4.667,898,HG.v.0
2025-05-21 20:00:00+00:00,34,1,1425,4.6665,4.669,4.655,4.6575,518,HG.v.0
2025-05-21 22:00:00+00:00,34,1,1425,4.6625,4.6625,4.6535,4.6545,283,HG.v.0
2025-05-21 23:00:00+00:00,34,1,1425,4.6545,4.6605,4.6545,4.659,155,HG.v.0
2025-05-22 00:00:00+00:00,34,1,1425,4.659,4.675,4.6585,4.6735,412,HG.v.0
2025-05-22 01:00:00+00:00,34,1,1425,4.674,4.695,4.669,4.6925,614,HG.v.0
2025-05-22 02:00:00+00:00,34,1,1425,4.6925,4.718,4.6925,4.7105,1480,HG.v.0
2025-05-22 03:00:00+00:00,34,1,1425,4.7095,4.7195,4.7045,4.7175,604,HG.v.0
2025-05-22 04:00:00+00:00,34,1,1425,4.7195,4.7435,4.7175,4.738,1063,HG.v.0
2025-05-22 05:00:00+00:00,34,1,1425,4.738,4.738,4.708,4.7135,1031,HG.v.0
2025-05-22 06:00:00+00:00,34,1,1425,4.7135,4.7185,4.707,4.7095,532,HG.v.0
2025-05-22 07:00:00+00:00,34,1,1425,4.7085,4.7105,4.688,4.701,1249,HG.v.0
2025-05-22 08:00:00+00:00,34,1,1425,4.7,4.708,4.6705,4.6725,1289,HG.v.0
2025-05-22 09:00:00+00:00,34,1,1425,4.672,4.6735,4.6115,4.618,3879,HG.v.0
2025-05-22 10:00:00+00:00,34,1,1425,4.6185,4.621,4.582,4.586,2751,HG.v.0
2025-05-22 11:00:00+00:00,34,1,1425,4.585,4.62,4.569,4.616,3442,HG.v.0
2025-05-22 12:00:00+00:00,34,1,1425,4.6165,4.654,4.6125,4.6525,4259,HG.v.0
2025-05-22 13:00:00+00:00,34,1,1425,4.6535,4.6635,4.6375,4.6405,3616,HG.v.0
2025-05-22 14:00:00+00:00,34,1,1425,4.641,4.6625,4.6215,4.6585,2571,HG.v.0
2025-05-22 15:00:00+00:00,34,1,1425,4.6585,4.6795,4.6485,4.668,2244,HG.v.0
2025-05-22 16:00:00+00:00,34,1,1425,4.6685,4.6845,4.6655,4.6795,2776,HG.v.0
2025-05-22 17:00:00+00:00,34,1,1425,4.679,4.6885,4.6735,4.687,881,HG.v.0
2025-05-22 18:00:00+00:00,34,1,1425,4.687,4.6985,4.687,4.6945,778,HG.v.0
2025-05-22 19:00:00+00:00,34,1,1425,4.6945,4.6985,4.673,4.673,872,HG.v.0
2025-05-22 20:00:00+00:00,34,1,1425,4.6745,4.6805,4.671,4.678,306,HG.v.0
2025-05-22 22:00:00+00:00,34,1,1425,4.6785,4.6785,4.672,4.6745,152,HG.v.0
2025-05-22 23:00:00+00:00,34,1,1425,4.675,4.679,4.6725,4.6775,92,HG.v.0
2025-05-23 00:00:00+00:00,34,1,1425,4.678,4.6835,4.677,4.683,320,HG.v.0
2025-05-23 01:00:00+00:00,34,1,1425,4.6825,4.691,4.678,4.685,703,HG.v.0
2025-05-23 02:00:00+00:00,34,1,1425,4.685,4.688,4.6765,4.685,207,HG.v.0
2025-05-23 03:00:00+00:00,34,1,1425,4.686,4.694,4.686,4.691,280,HG.v.0
2025-05-23 04:00:00+00:00,34,1,1425,4.69,4.6995,4.69,4.6965,363,HG.v.0
2025-05-23 05:00:00+00:00,34,1,1425,4.697,4.7045,4.692,4.6995,568,HG.v.0
2025-05-23 06:00:00+00:00,34,1,1425,4.6985,4.6995,4.673,4.679,678,HG.v.0
2025-05-23 07:00:00+00:00,34,1,1425,4.678,4.727,4.677,4.725,1968,HG.v.0
2025-05-23 08:00:00+00:00,34,1,1425,4.7245,4.749,4.7135,4.723,2465,HG.v.0
2025-05-23 09:00:00+00:00,34,1,1425,4.723,4.7375,4.7225,4.7275,688,HG.v.0
2025-05-23 10:00:00+00:00,34,1,1425,4.729,4.729,4.709,4.7135,682,HG.v.0
2025-05-23 11:00:00+00:00,34,1,1425,4.714,4.719,4.649,4.6505,3394,HG.v.0
2025-05-23 12:00:00+00:00,34,1,1425,4.6515,4.6995,4.629,4.6785,4791,HG.v.0
2025-05-23 13:00:00+00:00,34,1,1425,4.6795,4.7215,4.6615,4.709,3295,HG.v.0
2025-05-23 14:00:00+00:00,34,1,1425,4.7105,4.786,4.71,4.779,8152,HG.v.0
2025-05-23 15:00:00+00:00,34,1,1425,4.78,4.798,4.7665,4.7955,3500,HG.v.0
2025-05-23 16:00:00+00:00,34,1,1425,4.796,4.839,4.792,4.836,6158,HG.v.0
2025-05-23 17:00:00+00:00,34,1,1425,4.836,4.87,4.8305,4.865,3257,HG.v.0
2025-05-23 18:00:00+00:00,34,1,1425,4.8665,4.89,4.8575,4.859,2327,HG.v.0
2025-05-23 19:00:00+00:00,34,1,1425,4.859,4.8735,4.855,4.863,1412,HG.v.0
2025-05-23 20:00:00+00:00,34,1,1425,4.8625,4.8655,4.8595,4.865,566,HG.v.0
2025-05-25 22:00:00+00:00,34,1,1425,4.8705,4.879,4.8645,4.867,677,HG.v.0
2025-05-25 23:00:00+00:00,34,1,1425,4.8675,4.874,4.8405,4.852,411,HG.v.0
2025-05-26 00:00:00+00:00,34,1,1425,4.852,4.8615,4.8475,4.8505,780,HG.v.0
2025-05-26 01:00:00+00:00,34,1,1425,4.85,4.8845,4.8435,4.882,846,HG.v.0
2025-05-26 02:00:00+00:00,34,1,1425,4.8805,4.885,4.8735,4.876,655,HG.v.0
2025-05-26 03:00:00+00:00,34,1,1425,4.8765,4.879,4.8575,4.8745,497,HG.v.0
2025-05-26 04:00:00+00:00,34,1,1425,4.8745,4.886,4.873,4.883,153,HG.v.0
2025-05-26 05:00:00+00:00,34,1,1425,4.8825,4.887,4.864,4.8765,701,HG.v.0
2025-05-26 06:00:00+00:00,34,1,1425,4.8765,4.8775,4.8535,4.863,890,HG.v.0
2025-05-26 07:00:00+00:00,34,1,1425,4.861,4.8635,4.8425,4.857,864,HG.v.0
2025-05-26 08:00:00+00:00,34,1,1425,4.8585,4.864,4.842,4.8515,504,HG.v.0
2025-05-26 09:00:00+00:00,34,1,1425,4.8535,4.86,4.832,4.841,808,HG.v.0
2025-05-26 10:00:00+00:00,34,1,1425,4.842,4.851,4.84,4.8425,277,HG.v.0
2025-05-26 11:00:00+00:00,34,1,1425,4.845,4.8485,4.834,4.838,470,HG.v.0
2025-05-26 12:00:00+00:00,34,1,1425,4.8385,4.8405,4.8245,4.827,1473,HG.v.0
2025-05-26 13:00:00+00:00,34,1,1425,4.8275,4.833,4.8175,4.8195,1630,HG.v.0
2025-05-26 14:00:00+00:00,34,1,1425,4.8195,4.8365,4.817,4.8305,1244,HG.v.0
2025-05-26 15:00:00+00:00,34,1,1425,4.83,4.8535,4.829,4.847,1488,HG.v.0
2025-05-26 16:00:00+00:00,34,1,1425,4.848,4.8505,4.84,4.8425,424,HG.v.0
2025-05-26 17:00:00+00:00,34,1,1425,4.841,4.8415,4.8345,4.84,146,HG.v.0
2025-05-26 18:00:00+00:00,34,1,1425,4.842,4.848,4.839,4.847,108,HG.v.0
2025-05-26 22:00:00+00:00,34,1,1425,4.8455,4.848,4.838,4.841,176,HG.v.0
2025-05-26 23:00:00+00:00,34,1,1425,4.841,4.8415,4.824,4.8325,290,HG.v.0
2025-05-27 00:00:00+00:00,34,1,1425,4.8325,4.8575,4.83,4.8535,733,HG.v.0
2025-05-27 01:00:00+00:00,34,1,1425,4.852,4.852,4.797,4.8115,1725,HG.v.0
2025-05-27 02:00:00+00:00,34,1,1425,4.8115,4.8145,4.798,4.806,552,HG.v.0
2025-05-27 03:00:00+00:00,34,1,1425,4.808,4.808,4.7855,4.791,739,HG.v.0
2025-05-27 04:00:00+00:00,34,1,1425,4.792,4.7975,4.785,4.7885,312,HG.v.0
2025-05-27 05:00:00+00:00,34,1,1425,4.789,4.7925,4.771,4.7915,1102,HG.v.0
2025-05-27 06:00:00+00:00,34,1,1425,4.7925,4.8035,4.7795,4.7815,1087,HG.v.0
2025-05-27 07:00:00+00:00,34,1,1425,4.78,4.78,4.7415,4.7465,3375,HG.v.0
2025-05-27 08:00:00+00:00,34,1,1425,4.747,4.772,4.747,4.7635,1765,HG.v.0
2025-05-27 09:00:00+00:00,34,1,1425,4.7645,4.775,4.7515,4.76,776,HG.v.0
2025-05-27 10:00:00+00:00,34,1,1425,4.76,4.7635,4.7455,4.75,1263,HG.v.0
2025-05-27 11:00:00+00:00,34,1,1425,4.7485,4.771,4.7455,4.7635,1435,HG.v.0
2025-05-27 12:00:00+00:00,34,1,1425,4.7635,4.793,4.761,4.7845,3193,HG.v.0
2025-05-27 13:00:00+00:00,34,1,1425,4.7845,4.7955,4.774,4.7745,2888,HG.v.0
2025-05-27 14:00:00+00:00,34,1,1425,4.775,4.796,4.7525,4.754,3991,HG.v.0
2025-05-27 15:00:00+00:00,34,1,1425,4.7545,4.7605,4.731,4.733,2816,HG.v.0
2025-05-27 16:00:00+00:00,34,1,1425,4.7335,4.7445,4.7295,4.739,3335,HG.v.0
2025-05-27 17:00:00+00:00,34,1,1425,4.739,4.743,4.7305,4.7365,1368,HG.v.0
2025-05-27 18:00:00+00:00,34,1,1425,4.736,4.748,4.735,4.7465,673,HG.v.0
2025-05-27 19:00:00+00:00,34,1,1425,4.7465,4.748,4.736,4.741,534,HG.v.0
2025-05-27 20:00:00+00:00,34,1,1425,4.741,4.748,4.7375,4.745,343,HG.v.0
2025-05-27 22:00:00+00:00,34,1,1425,4.745,4.7485,4.739,4.745,125,HG.v.0
2025-05-27 23:00:00+00:00,34,1,1425,4.745,4.749,4.7445,4.745,130,HG.v.0
2025-05-28 00:00:00+00:00,34,1,1425,4.7445,4.7525,4.742,4.748,499,HG.v.0
2025-05-28 01:00:00+00:00,34,1,1425,4.7485,4.755,4.72,4.7325,1220,HG.v.0
2025-05-28 02:00:00+00:00,34,1,1425,4.7315,4.7405,4.7105,4.716,805,HG.v.0
2025-05-28 03:00:00+00:00,34,1,1425,4.714,4.721,4.705,4.712,652,HG.v.0
2025-05-28 04:00:00+00:00,34,1,1425,4.712,4.713,4.706,4.71,310,HG.v.0
2025-05-28 05:00:00+00:00,34,1,1425,4.71,4.715,4.707,4.7115,298,HG.v.0
2025-05-28 06:00:00+00:00,34,1,1425,4.712,4.716,4.694,4.713,1002,HG.v.0
2025-05-28 07:00:00+00:00,34,1,1425,4.7135,4.7615,4.7135,4.75,2252,HG.v.0
2025-05-28 08:00:00+00:00,34,1,1425,4.7525,4.768,4.75,4.76,1084,HG.v.0
2025-05-28 09:00:00+00:00,34,1,1425,4.761,4.77,4.7485,4.762,650,HG.v.0
2025-05-28 10:00:00+00:00,34,1,1425,4.762,4.7655,4.7415,4.7455,865,HG.v.0
2025-05-28 11:00:00+00:00,34,1,1425,4.744,4.7625,4.7275,4.7575,1734,HG.v.0
2025-05-28 12:00:00+00:00,34,1,1425,4.7575,4.769,4.707,4.7145,4233,HG.v.0
2025-05-28 13:00:00+00:00,34,1,1425,4.714,4.7215,4.6785,4.686,4410,HG.v.0
2025-05-28 14:00:00+00:00,34,1,1425,4.686,4.6995,4.684,4.6895,2502,HG.v.0
2025-05-28 15:00:00+00:00,34,1,1425,4.689,4.693,4.668,4.669,2832,HG.v.0
2025-05-28 16:00:00+00:00,34,1,1425,4.669,4.677,4.665,4.6745,3366,HG.v.0
2025-05-28 17:00:00+00:00,34,1,1425,4.6755,4.6895,4.6735,4.6775,1296,HG.v.0
2025-05-28 18:00:00+00:00,34,1,1425,4.6775,4.6835,4.6765,4.6815,430,HG.v.0
2025-05-28 19:00:00+00:00,34,1,1425,4.681,4.6835,4.674,4.6745,454,HG.v.0
2025-05-28 20:00:00+00:00,34,1,1425,4.6755,4.6885,4.6725,4.684,697,HG.v.0
2025-05-28 22:00:00+00:00,34,1,1425,4.679,4.6885,4.676,4.687,131,HG.v.0
2025-05-28 23:00:00+00:00,34,1,1425,4.687,4.69,4.6515,4.681,1288,HG.v.0
2025-05-29 00:00:00+00:00,34,1,1425,4.6805,4.698,4.667,4.698,1661,HG.v.0
2025-05-29 01:00:00+00:00,34,1,1425,4.697,4.7025,4.67,4.7025,913,HG.v.0
2025-05-29 02:00:00+00:00,34,1,1425,4.7025,4.7075,4.688,4.689,575,HG.v.0
2025-05-29 03:00:00+00:00,34,1,1425,4.6885,4.6995,4.6825,4.693,264,HG.v.0
2025-05-29 04:00:00+00:00,34,1,1425,4.6945,4.695,4.688,4.6905,191,HG.v.0
2025-05-29 05:00:00+00:00,34,1,1425,4.69,4.7075,4.69,4.7075,464,HG.v.0
2025-05-29 06:00:00+00:00,34,1,1425,4.7075,4.7195,4.6895,4.6925,1425,HG.v.0
2025-05-29 07:00:00+00:00,34,1,1425,4.6925,4.733,4.69,4.7265,1406,HG.v.0
2025-05-29 08:00:00+00:00,34,1,1425,4.727,4.7385,4.7135,4.719,1068,HG.v.0
2025-05-29 09:00:00+00:00,34,1,1425,4.7195,4.723,4.6925,4.7075,1046,HG.v.0
2025-05-29 10:00:00+00:00,34,1,1425,4.707,4.715,4.7045,4.7105,697,HG.v.0
2025-05-29 11:00:00+00:00,34,1,1425,4.7095,4.722,4.705,4.7145,1156,HG.v.0
2025-05-29 12:00:00+00:00,34,1,1425,4.715,4.7455,4.7075,4.7295,4186,HG.v.0
2025-05-29 13:00:00+00:00,34,1,1425,4.7295,4.73,4.676,4.676,4302,HG.v.0
2025-05-29 14:00:00+00:00,34,1,1425,4.676,4.6875,4.668,4.678,2992,HG.v.0
2025-05-29 15:00:00+00:00,34,1,1425,4.6775,4.685,4.657,4.661,2391,HG.v.0
2025-05-29 16:00:00+00:00,34,1,1425,4.6615,4.678,4.6585,4.674,2355,HG.v.0
2025-05-29 17:00:00+00:00,34,1,1425,4.674,4.6775,4.6625,4.665,891,HG.v.0
2025-05-29 18:00:00+00:00,34,1,1425,4.665,4.673,4.6645,4.673,339,HG.v.0
2025-05-29 19:00:00+00:00,34,1,1425,4.673,4.6755,4.668,4.6745,366,HG.v.0
2025-05-29 20:00:00+00:00,34,1,1425,4.674,4.674,4.6675,4.671,195,HG.v.0
2025-05-29 22:00:00+00:00,34,1,1425,4.6745,4.678,4.666,4.666,218,HG.v.0
2025-05-29 23:00:00+00:00,34,1,1425,4.6665,4.669,4.6645,4.666,136,HG.v.0
2025-05-30 00:00:00+00:00,34,1,1425,4.6655,4.6715,4.65,4.6605,571,HG.v.0
2025-05-30 01:00:00+00:00,34,1,1425,4.6615,4.6765,4.6535,4.665,1008,HG.v.0
2025-05-30 02:00:00+00:00,34,1,1425,4.664,4.671,4.649,4.66,766,HG.v.0
2025-05-30 03:00:00+00:00,34,1,1425,4.6595,4.68,4.6535,4.6555,584,HG.v.0
2025-05-30 04:00:00+00:00,34,1,1425,4.656,4.6605,4.652,4.6555,570,HG.v.0
2025-05-30 05:00:00+00:00,34,1,1425,4.656,4.6815,4.6535,4.6805,787,HG.v.0
2025-05-30 06:00:00+00:00,34,1,1425,4.6795,4.6815,4.6665,4.6715,568,HG.v.0
2025-05-30 07:00:00+00:00,34,1,1425,4.6715,4.6845,4.646,4.6745,1575,HG.v.0
2025-05-30 08:00:00+00:00,34,1,1425,4.6755,4.695,4.671,4.6935,1157,HG.v.0
2025-05-30 09:00:00+00:00,34,1,1425,4.692,4.702,4.679,4.6815,689,HG.v.0
2025-05-30 10:00:00+00:00,34,1,1425,4.6795,4.6955,4.6785,4.6855,382,HG.v.0
2025-05-30 11:00:00+00:00,34,1,1425,4.6865,4.698,4.681,4.6925,630,HG.v.0
2025-05-30 12:00:00+00:00,34,1,1425,4.6925,4.727,4.666,4.705,4459,HG.v.0
2025-05-30 13:00:00+00:00,34,1,1425,4.706,4.707,4.658,4.658,3325,HG.v.0
2025-05-30 14:00:00+00:00,34,1,1425,4.6585,4.679,4.6515,4.656,2449,HG.v.0
2025-05-30 15:00:00+00:00,34,1,1425,4.657,4.6755,4.65,4.674,1482,HG.v.0
2025-05-30 16:00:00+00:00,34,1,1425,4.6745,4.6815,4.661,4.6765,3554,HG.v.0
2025-05-30 17:00:00+00:00,34,1,1425,4.6755,4.6855,4.6725,4.6835,1042,HG.v.0
2025-05-30 18:00:00+00:00,34,1,1425,4.6835,4.696,4.6835,4.6915,882,HG.v.0
2025-05-30 19:00:00+00:00,34,1,1425,4.692,4.6965,4.6885,4.6925,801,HG.v.0
2025-05-30 20:00:00+00:00,34,1,1425,4.692,4.702,4.692,4.702,528,HG.v.0
2025-06-01 22:00:00+00:00,34,1,1425,4.72,4.8,4.72,4.7625,2484,HG.v.0
2025-06-01 23:00:00+00:00,34,1,1425,4.7625,4.7765,4.758,4.7735,682,HG.v.0
2025-06-02 00:00:00+00:00,34,1,1425,4.7735,4.837,4.7705,4.785,2545,HG.v.0
2025-06-02 01:00:00+00:00,34,1,1425,4.784,4.829,4.781,4.81,1545,HG.v.0
2025-06-02 02:00:00+00:00,34,1,1425,4.812,4.8455,4.812,4.8335,1157,HG.v.0
2025-06-02 03:00:00+00:00,34,1,1425,4.8335,4.8565,4.826,4.8405,1108,HG.v.0
2025-06-02 04:00:00+00:00,34,1,1425,4.841,4.886,4.84,4.8595,1473,HG.v.0
2025-06-02 05:00:00+00:00,34,1,1425,4.8605,4.877,4.854,4.8585,1296,HG.v.0
2025-06-02 06:00:00+00:00,34,1,1425,4.86,4.878,4.854,4.8775,1385,HG.v.0
2025-06-02 07:00:00+00:00,34,1,1425,4.878,4.9495,4.8755,4.927,5233,HG.v.0
2025-06-02 08:00:00+00:00,34,1,1425,4.927,4.933,4.896,4.8975,2230,HG.v.0
2025-06-02 09:00:00+00:00,34,1,1425,4.896,4.9115,4.892,4.893,1465,HG.v.0
2025-06-02 10:00:00+00:00,34,1,1425,4.893,4.903,4.841,4.86,3166,HG.v.0
2025-06-02 11:00:00+00:00,34,1,1425,4.858,4.882,4.855,4.878,1738,HG.v.0
2025-06-02 12:00:00+00:00,34,1,1425,4.8785,4.9145,4.8785,4.8835,4220,HG.v.0
2025-06-02 13:00:00+00:00,34,1,1425,4.885,4.9095,4.8585,4.8855,3833,HG.v.0
2025-06-02 14:00:00+00:00,34,1,1425,4.8885,4.9165,4.8745,4.8945,3442,HG.v.0
2025-06-02 15:00:00+00:00,34,1,1425,4.895,4.9035,4.862,4.863,3364,HG.v.0
2025-06-02 16:00:00+00:00,34,1,1425,4.863,4.864,4.8335,4.8595,4777,HG.v.0
2025-06-02 17:00:00+00:00,34,1,1425,4.8595,4.8615,4.85,4.855,1261,HG.v.0
2025-06-02 18:00:00+00:00,34,1,1425,4.8545,4.8555,4.8435,4.8535,787,HG.v.0
2025-06-02 19:00:00+00:00,34,1,1425,4.853,4.86,4.851,4.858,483,HG.v.0
2025-06-02 20:00:00+00:00,34,1,1425,4.857,4.861,4.851,4.858,383,HG.v.0
2025-06-02 22:00:00+00:00,34,1,1425,4.8485,4.856,4.8405,4.849,239,HG.v.0
2025-06-02 23:00:00+00:00,34,1,1425,4.8495,4.8555,4.8435,4.8505,296,HG.v.0
2025-06-03 00:00:00+00:00,34,1,1425,4.8495,4.8505,4.8225,4.8235,974,HG.v.0
2025-06-03 01:00:00+00:00,34,1,1425,4.824,4.845,4.76,4.777,3624,HG.v.0
2025-06-03 02:00:00+00:00,34,1,1425,4.777,4.7785,4.754,4.7605,1478,HG.v.0
2025-06-03 03:00:00+00:00,34,1,1425,4.7605,4.7665,4.7395,4.74,1487,HG.v.0
2025-06-03 04:00:00+00:00,34,1,1425,4.7405,4.743,4.727,4.7345,1035,HG.v.0
2025-06-03 05:00:00+00:00,34,1,1425,4.7345,4.7495,4.7185,4.7435,1974,HG.v.0
2025-06-03 06:00:00+00:00,34,1,1425,4.7445,4.748,4.73,4.746,1053,HG.v.0
2025-06-03 07:00:00+00:00,34,1,1425,4.7455,4.754,4.73,4.7475,1411,HG.v.0
2025-06-03 08:00:00+00:00,34,1,1425,4.748,4.753,4.7365,4.7455,1085,HG.v.0
2025-06-03 09:00:00+00:00,34,1,1425,4.746,4.772,4.745,4.766,1410,HG.v.0
2025-06-03 10:00:00+00:00,34,1,1425,4.765,4.7885,4.763,4.778,1593,HG.v.0
2025-06-03 11:00:00+00:00,34,1,1425,4.7785,4.794,4.774,4.794,896,HG.v.0
2025-06-03 12:00:00+00:00,34,1,1425,4.794,4.803,4.7795,4.797,2401,HG.v.0
2025-06-03 13:00:00+00:00,34,1,1425,4.798,4.867,4.796,4.854,5450,HG.v.0
2025-06-03 14:00:00+00:00,34,1,1425,4.8525,4.858,4.8335,4.849,3874,HG.v.0
2025-06-03 15:00:00+00:00,34,1,1425,4.8485,4.8545,4.8325,4.842,1737,HG.v.0
2025-06-03 16:00:00+00:00,34,1,1425,4.842,4.8455,4.8305,4.834,2502,HG.v.0
2025-06-03 17:00:00+00:00,34,1,1425,4.834,4.86,4.833,4.857,1849,HG.v.0
2025-06-03 18:00:00+00:00,34,1,1425,4.8575,4.865,4.8495,4.865,732,HG.v.0
2025-06-03 19:00:00+00:00,34,1,1425,4.8635,4.8655,4.8585,4.8605,713,HG.v.0
2025-06-03 20:00:00+00:00,34,1,1425,4.861,4.8695,4.8605,4.865,405,HG.v.0
2025-06-03 22:00:00+00:00,34,1,1425,4.863,4.868,4.8605,4.861,181,HG.v.0
2025-06-03 23:00:00+00:00,34,1,1425,4.861,4.865,4.857,4.86,253,HG.v.0
2025-06-04 00:00:00+00:00,34,1,1425,4.861,4.865,4.858,4.8585,425,HG.v.0
2025-06-04 01:00:00+00:00,34,1,1425,4.8585,4.899,4.8435,4.898,1596,HG.v.0
2025-06-04 02:00:00+00:00,34,1,1425,4.8985,4.902,4.874,4.8855,1364,HG.v.0
2025-06-04 03:00:00+00:00,34,1,1425,4.886,4.8865,4.8675,4.8755,850,HG.v.0
2025-06-04 04:00:00+00:00,34,1,1425,4.8775,4.884,4.871,4.872,260,HG.v.0
2025-06-04 05:00:00+00:00,34,1,1425,4.8715,4.877,4.8565,4.861,733,HG.v.0
2025-06-04 06:00:00+00:00,34,1,1425,4.8595,4.8635,4.839,4.8515,1491,HG.v.0
2025-06-04 07:00:00+00:00,34,1,1425,4.853,4.8945,4.8505,4.8885,2052,HG.v.0
2025-06-04 08:00:00+00:00,34,1,1425,4.888,4.897,4.884,4.89,888,HG.v.0
2025-06-04 09:00:00+00:00,34,1,1425,4.89,4.891,4.874,4.8785,890,HG.v.0
2025-06-04 10:00:00+00:00,34,1,1425,4.878,4.883,4.8495,4.858,1555,HG.v.0
2025-06-04 11:00:00+00:00,34,1,1425,4.857,4.8605,4.8415,4.8575,1318,HG.v.0
2025-06-04 12:00:00+00:00,34,1,1425,4.859,4.8765,4.8565,4.8635,1795,HG.v.0
2025-06-04 13:00:00+00:00,34,1,1425,4.863,4.8815,4.8595,4.8765,2252,HG.v.0
2025-06-04 14:00:00+00:00,34,1,1425,4.877,4.891,4.8635,4.886,2177,HG.v.0
2025-06-04 15:00:00+00:00,34,1,1425,4.887,4.8885,4.862,4.8745,1803,HG.v.0
2025-06-04 16:00:00+00:00,34,1,1425,4.8755,4.8895,4.874,4.887,1755,HG.v.0
2025-06-04 17:00:00+00:00,34,1,1425,4.887,4.909,4.8845,4.905,1573,HG.v.0
2025-06-04 18:00:00+00:00,34,1,1425,4.904,4.916,4.899,4.906,1192,HG.v.0
2025-06-04 19:00:00+00:00,34,1,1425,4.9055,4.907,4.8925,4.894,435,HG.v.0
2025-06-04 20:00:00+00:00,34,1,1425,4.894,4.9025,4.893,4.901,332,HG.v.0
2025-06-04 22:00:00+00:00,34,1,1425,4.8985,4.9045,4.8985,4.899,152,HG.v.0
2025-06-04 23:00:00+00:00,34,1,1425,4.899,4.9,4.892,4.8945,180,HG.v.0
2025-06-05 00:00:00+00:00,34,1,1425,4.894,4.9085,4.892,4.9075,331,HG.v.0
2025-06-05 01:00:00+00:00,34,1,1425,4.907,4.9225,4.896,4.9035,957,HG.v.0
2025-06-05 02:00:00+00:00,34,1,1425,4.9025,4.9085,4.8935,4.902,632,HG.v.0
2025-06-05 03:00:00+00:00,34,1,1425,4.902,4.904,4.8845,4.8855,457,HG.v.0
2025-06-05 04:00:00+00:00,34,1,1425,4.885,4.893,4.8845,4.8885,274,HG.v.0
2025-06-05 05:00:00+00:00,34,1,1425,4.8885,4.9,4.88,4.8945,396,HG.v.0
2025-06-05 06:00:00+00:00,34,1,1425,4.895,4.9055,4.882,4.889,437,HG.v.0
2025-06-05 07:00:00+00:00,34,1,1425,4.888,4.914,4.888,4.9045,1166,HG.v.0
2025-06-05 08:00:00+00:00,34,1,1425,4.9045,4.94,4.8975,4.938,2316,HG.v.0
2025-06-05 09:00:00+00:00,34,1,1425,4.937,5.0245,4.935,5.0005,6198,HG.v.0
2025-06-05 10:00:00+00:00,34,1,1425,5.001,5.0295,4.996,5.0215,2302,HG.v.0
2025-06-05 11:00:00+00:00,34,1,1425,5.0205,5.028,4.9815,4.992,2497,HG.v.0
2025-06-05 12:00:00+00:00,34,1,1425,4.9915,5.016,4.984,5.0135,3786,HG.v.0
2025-06-05 13:00:00+00:00,34,1,1425,5.0135,5.0615,4.998,5.011,7760,HG.v.0
2025-06-05 14:00:00+00:00,34,1,1425,5.011,5.02,4.9845,5.0075,4323,HG.v.0
2025-06-05 15:00:00+00:00,34,1,1425,5.008,5.016,4.927,4.937,6654,HG.v.0
2025-06-05 16:00:00+00:00,34,1,1425,4.9375,4.951,4.9285,4.9315,2745,HG.v.0
2025-06-05 17:00:00+00:00,34,1,1425,4.932,4.9345,4.9245,4.932,1028,HG.v.0
2025-06-05 18:00:00+00:00,34,1,1425,4.932,4.932,4.916,4.921,651,HG.v.0
2025-06-05 19:00:00+00:00,34,1,1425,4.9205,4.9255,4.911,4.917,613,HG.v.0
2025-06-05 20:00:00+00:00,34,1,1425,4.917,4.9185,4.9065,4.9115,377,HG.v.0
2025-06-05 22:00:00+00:00,34,1,1425,4.911,4.9165,4.9065,4.913,246,HG.v.0
2025-06-05 23:00:00+00:00,34,1,1425,4.9125,4.9205,4.911,4.919,147,HG.v.0
2025-06-06 00:00:00+00:00,34,1,1425,4.92,4.9225,4.907,4.908,439,HG.v.0
2025-06-06 01:00:00+00:00,34,1,1425,4.9085,4.9375,4.9075,4.9265,974,HG.v.0
2025-06-06 02:00:00+00:00,34,1,1425,4.9255,4.9365,4.9155,4.9275,433,HG.v.0
2025-06-06 03:00:00+00:00,34,1,1425,4.927,4.941,4.922,4.9365,323,HG.v.0
2025-06-06 04:00:00+00:00,34,1,1425,4.936,4.9405,4.9325,4.939,233,HG.v.0
2025-06-06 05:00:00+00:00,34,1,1425,4.937,4.94,4.9095,4.9185,611,HG.v.0
2025-06-06 06:00:00+00:00,34,1,1425,4.9185,4.9495,4.914,4.934,1002,HG.v.0
2025-06-06 07:00:00+00:00,34,1,1425,4.934,4.934,4.893,4.906,1743,HG.v.0
2025-06-06 08:00:00+00:00,34,1,1425,4.9065,4.9065,4.86,4.883,2295,HG.v.0
2025-06-06 09:00:00+00:00,34,1,1425,4.8825,4.8825,4.852,4.868,1359,HG.v.0
2025-06-06 10:00:00+00:00,34,1,1425,4.8675,4.8875,4.867,4.879,661,HG.v.0
2025-06-06 11:00:00+00:00,34,1,1425,4.8795,4.9075,4.8765,4.906,1544,HG.v.0
2025-06-06 12:00:00+00:00,34,1,1425,4.9065,4.9195,4.872,4.8965,3216,HG.v.0
2025-06-06 13:00:00+00:00,34,1,1425,4.8975,4.947,4.888,4.9245,3737,HG.v.0
2025-06-06 14:00:00+00:00,34,1,1425,4.9245,4.928,4.8625,4.873,3936,HG.v.0
2025-06-06 15:00:00+00:00,34,1,1425,4.872,4.89,4.8715,4.885,1634,HG.v.0
2025-06-06 16:00:00+00:00,34,1,1425,4.885,4.885,4.8405,4.8455,3258,HG.v.0
2025-06-06 17:00:00+00:00,34,1,1425,4.8465,4.855,4.835,4.838,1418,HG.v.0
2025-06-06 18:00:00+00:00,34,1,1425,4.839,4.843,4.8325,4.835,699,HG.v.0
2025-06-06 19:00:00+00:00,34,1,1425,4.835,4.839,4.8235,4.831,905,HG.v.0
2025-06-06 20:00:00+00:00,34,1,1425,4.8305,4.838,4.823,4.8325,430,HG.v.0
2025-06-08 22:00:00+00:00,34,1,1425,4.8385,4.846,4.832,4.839,279,HG.v.0
2025-06-08 23:00:00+00:00,34,1,1425,4.8385,4.8495,4.8355,4.8445,296,HG.v.0
2025-06-09 00:00:00+00:00,34,1,1425,4.8445,4.8445,4.8245,4.84,525,HG.v.0
2025-06-09 01:00:00+00:00,34,1,1425,4.841,4.8555,4.835,4.844,568,HG.v.0
2025-06-09 02:00:00+00:00,34,1,1425,4.843,4.8605,4.8415,4.847,409,HG.v.0
2025-06-09 03:00:00+00:00,34,1,1425,4.846,4.8565,4.839,4.854,197,HG.v.0
2025-06-09 04:00:00+00:00,34,1,1425,4.8545,4.8565,4.8465,4.853,120,HG.v.0
2025-06-09 05:00:00+00:00,34,1,1425,4.856,4.8605,4.8455,4.8535,402,HG.v.0
2025-06-09 06:00:00+00:00,34,1,1425,4.8525,4.878,4.841,4.8695,738,HG.v.0
2025-06-09 07:00:00+00:00,34,1,1425,4.87,4.8865,4.848,4.8545,1284,HG.v.0
2025-06-09 08:00:00+00:00,34,1,1425,4.855,4.875,4.85,4.853,764,HG.v.0
2025-06-09 09:00:00+00:00,34,1,1425,4.8535,4.8575,4.838,4.844,862,HG.v.0
2025-06-09 10:00:00+00:00,34,1,1425,4.8445,4.8615,4.8445,4.861,519,HG.v.0
2025-06-09 11:00:00+00:00,34,1,1425,4.8615,4.8815,4.8585,4.876,1124,HG.v.0
2025-06-09 12:00:00+00:00,34,1,1425,4.8765,4.894,4.8725,4.8895,1945,HG.v.0
2025-06-09 13:00:00+00:00,34,1,1425,4.8895,4.9145,4.8785,4.9105,2599,HG.v.0
2025-06-09 14:00:00+00:00,34,1,1425,4.911,4.9305,4.897,4.929,2602,HG.v.0
2025-06-09 15:00:00+00:00,34,1,1425,4.93,4.9395,4.9245,4.926,2235,HG.v.0
2025-06-09 16:00:00+00:00,34,1,1425,4.9255,4.931,4.909,4.9245,2906,HG.v.0
2025-06-09 17:00:00+00:00,34,1,1425,4.925,4.9285,4.9095,4.914,786,HG.v.0
2025-06-09 18:00:00+00:00,34,1,1425,4.914,4.917,4.9065,4.9085,390,HG.v.0
2025-06-09 19:00:00+00:00,34,1,1425,4.908,4.9155,4.8955,4.9015,604,HG.v.0
2025-06-09 20:00:00+00:00,34,1,1425,4.901,4.9045,4.9,4.901,211,HG.v.0
2025-06-09 22:00:00+00:00,34,1,1425,4.903,4.9055,4.8905,4.901,229,HG.v.0
2025-06-09 23:00:00+00:00,34,1,1425,4.901,4.9015,4.897,4.8975,94,HG.v.0
2025-06-10 00:00:00+00:00,34,1,1425,4.8975,4.8985,4.884,4.885,512,HG.v.0
2025-06-10 01:00:00+00:00,34,1,1425,4.885,4.896,4.8655,4.877,1068,HG.v.0
2025-06-10 02:00:00+00:00,34,1,1425,4.8755,4.8915,4.8655,4.889,382,HG.v.0
2025-06-10 03:00:00+00:00,34,1,1425,4.8885,4.889,4.871,4.8825,388,HG.v.0
2025-06-10 04:00:00+00:00,34,1,1425,4.881,4.886,4.8765,4.8845,179,HG.v.0
2025-06-10 05:00:00+00:00,34,1,1425,4.8835,4.8905,4.8535,4.866,832,HG.v.0
2025-06-10 06:00:00+00:00,34,1,1425,4.8675,4.882,4.851,4.853,814,HG.v.0
2025-06-10 07:00:00+00:00,34,1,1425,4.8545,4.878,4.8535,4.871,976,HG.v.0
2025-06-10 08:00:00+00:00,34,1,1425,4.87,4.888,4.863,4.8855,1004,HG.v.0
2025-06-10 09:00:00+00:00,34,1,1425,4.8855,4.899,4.874,4.8765,873,HG.v.0
2025-06-10 10:00:00+00:00,34,1,1425,4.877,4.881,4.8625,4.8785,728,HG.v.0
2025-06-10 11:00:00+00:00,34,1,1425,4.8795,4.896,4.8785,4.892,1009,HG.v.0
2025-06-10 12:00:00+00:00,34,1,1425,4.8925,4.9035,4.8845,4.893,2098,HG.v.0
2025-06-10 13:00:00+00:00,34,1,1425,4.892,4.9215,4.89,4.918,2654,HG.v.0
2025-06-10 14:00:00+00:00,34,1,1425,4.9165,4.919,4.894,4.9055,1607,HG.v.0
2025-06-10 15:00:00+00:00,34,1,1425,4.906,4.926,4.8965,4.918,1712,HG.v.0
2025-06-10 16:00:00+00:00,34,1,1425,4.9185,4.9225,4.8975,4.8985,1726,HG.v.0
2025-06-10 17:00:00+00:00,34,1,1425,4.8985,4.9015,4.89,4.895,898,HG.v.0
2025-06-10 18:00:00+00:00,34,1,1425,4.895,4.895,4.8865,4.8945,266,HG.v.0
2025-06-10 19:00:00+00:00,34,1,1425,4.895,4.9085,4.894,4.907,361,HG.v.0
2025-06-10 20:00:00+00:00,34,1,1425,4.9065,4.907,4.886,4.889,507,HG.v.0
2025-06-10 22:00:00+00:00,34,1,1425,4.8905,4.8925,4.852,4.892,548,HG.v.0
2025-06-10 23:00:00+00:00,34,1,1425,4.891,4.8985,4.884,4.89,215,HG.v.0
2025-06-11 00:00:00+00:00,34,1,1425,4.8935,4.903,4.888,4.898,414,HG.v.0
2025-06-11 01:00:00+00:00,34,1,1425,4.8985,4.9135,4.8945,4.899,439,HG.v.0
2025-06-11 02:00:00+00:00,34,1,1425,4.899,4.9055,4.875,4.8825,847,HG.v.0
2025-06-11 03:00:00+00:00,34,1,1425,4.882,4.8995,4.878,4.8945,414,HG.v.0
2025-06-11 04:00:00+00:00,34,1,1425,4.894,4.9065,4.8925,4.896,228,HG.v.0
2025-06-11 05:00:00+00:00,34,1,1425,4.896,4.9085,4.8955,4.904,448,HG.v.0
2025-06-11 06:00:00+00:00,34,1,1425,4.905,4.9095,4.884,4.8925,725,HG.v.0
2025-06-11 07:00:00+00:00,34,1,1425,4.8935,4.894,4.857,4.8755,2106,HG.v.0
2025-06-11 08:00:00+00:00,34,1,1425,4.876,4.876,4.8295,4.8305,2040,HG.v.0
2025-06-11 09:00:00+00:00,34,1,1425,4.8295,4.83,4.776,4.805,5043,HG.v.0
2025-06-11 10:00:00+00:00,34,1,1425,4.804,4.8045,4.786,4.7925,1220,HG.v.0
2025-06-11 11:00:00+00:00,34,1,1425,4.793,4.808,4.779,4.808,2683,HG.v.0
2025-06-11 12:00:00+00:00,34,1,1425,4.807,4.858,4.7905,4.822,5777,HG.v.0
2025-06-11 13:00:00+00:00,34,1,1425,4.822,4.841,4.792,4.8185,4248,HG.v.0
2025-06-11 14:00:00+00:00,34,1,1425,4.818,4.8495,4.8145,4.817,3052,HG.v.0
2025-06-11 15:00:00+00:00,34,1,1425,4.817,4.831,4.8005,4.8155,1774,HG.v.0
2025-06-11 16:00:00+00:00,34,1,1425,4.816,4.8205,4.7995,4.816,2612,HG.v.0
2025-06-11 17:00:00+00:00,34,1,1425,4.816,4.8175,4.7955,4.7975,1135,HG.v.0
2025-06-11 18:00:00+00:00,34,1,1425,4.798,4.8025,4.7865,4.7925,884,HG.v.0
2025-06-11 19:00:00+00:00,34,1,1425,4.793,4.7945,4.781,4.7925,792,HG.v.0
2025-06-11 20:00:00+00:00,34,1,1425,4.792,4.8065,4.7865,4.8065,782,HG.v.0
2025-06-11 22:00:00+00:00,34,1,1425,4.8065,4.817,4.801,4.8165,288,HG.v.0
2025-06-11 23:00:00+00:00,34,1,1425,4.817,4.82,4.8125,4.819,210,HG.v.0
2025-06-12 00:00:00+00:00,34,1,1425,4.8185,4.82,4.8025,4.807,335,HG.v.0
2025-06-12 01:00:00+00:00,34,1,1425,4.8085,4.8175,4.8045,4.8165,530,HG.v.0
2025-06-12 02:00:00+00:00,34,1,1425,4.816,4.825,4.8115,4.822,457,HG.v.0
2025-06-12 03:00:00+00:00,34,1,1425,4.824,4.825,4.818,4.82,311,HG.v.0
2025-06-12 04:00:00+00:00,34,1,1425,4.82,4.825,4.812,4.816,272,HG.v.0
2025-06-12 05:00:00+00:00,34,1,1425,4.816,4.8375,4.815,4.828,497,HG.v.0
2025-06-12 06:00:00+00:00,34,1,1425,4.8285,4.8305,4.8105,4.812,564,HG.v.0
2025-06-12 07:00:00+00:00,34,1,1425,4.812,4.814,4.765,4.777,2491,HG.v.0
2025-06-12 08:00:00+00:00,34,1,1425,4.7785,4.8045,4.777,4.8035,977,HG.v.0
2025-06-12 09:00:00+00:00,34,1,1425,4.803,4.8125,4.7915,4.7945,932,HG.v.0
2025-06-12 10:00:00+00:00,34,1,1425,4.795,4.8205,4.791,4.813,747,HG.v.0
2025-06-12 11:00:00+00:00,34,1,1425,4.8135,4.8205,4.793,4.805,1010,HG.v.0
2025-06-12 12:00:00+00:00,34,1,1425,4.8055,4.8245,4.8015,4.8065,1269,HG.v.0
2025-06-12 13:00:00+00:00,34,1,1425,4.806,4.8225,4.7975,4.8205,1976,HG.v.0
2025-06-12 14:00:00+00:00,34,1,1425,4.8205,4.8315,4.809,4.831,1667,HG.v.0
2025-06-12 15:00:00+00:00,34,1,1425,4.832,4.848,4.823,4.8305,2295,HG.v.0
2025-06-12 16:00:00+00:00,34,1,1425,4.8315,4.8495,4.828,4.835,2193,HG.v.0
2025-06-12 17:00:00+00:00,34,1,1425,4.835,4.8475,4.8275,4.844,967,HG.v.0
2025-06-12 18:00:00+00:00,34,1,1425,4.8435,4.8455,4.837,4.8395,260,HG.v.0
2025-06-12 19:00:00+00:00,34,1,1425,4.8385,4.8415,4.8375,4.8405,192,HG.v.0
2025-06-12 20:00:00+00:00,34,1,1425,4.8415,4.848,4.839,4.843,349,HG.v.0
2025-06-12 22:00:00+00:00,34,1,1425,4.8425,4.85,4.8385,4.8435,233,HG.v.0
2025-06-12 23:00:00+00:00,34,1,1425,4.843,4.857,4.84,4.853,232,HG.v.0
2025-06-13 00:00:00+00:00,34,1,1425,4.852,4.8535,4.802,4.8035,1648,HG.v.0
2025-06-13 01:00:00+00:00,34,1,1425,4.804,4.8215,4.796,4.817,1035,HG.v.0
2025-06-13 02:00:00+00:00,34,1,1425,4.817,4.8275,4.806,4.818,920,HG.v.0
2025-06-13 03:00:00+00:00,34,1,1425,4.8175,4.821,4.761,4.8035,2500,HG.v.0
2025-06-13 04:00:00+00:00,34,1,1425,4.804,4.8045,4.7905,4.791,333,HG.v.0
2025-06-13 05:00:00+00:00,34,1,1425,4.7915,4.81,4.7905,4.8015,790,HG.v.0
2025-06-13 06:00:00+00:00,34,1,1425,4.803,4.8165,4.7405,4.7505,2005,HG.v.0
2025-06-13 07:00:00+00:00,34,1,1425,4.751,4.7915,4.7335,4.7875,2418,HG.v.0
2025-06-13 08:00:00+00:00,34,1,1425,4.7855,4.793,4.74,4.7505,1366,HG.v.0
2025-06-13 09:00:00+00:00,34,1,1425,4.7485,4.7645,4.7355,4.757,958,HG.v.0
2025-06-13 10:00:00+00:00,34,1,1425,4.7555,4.758,4.709,4.7145,2256,HG.v.0
2025-06-13 11:00:00+00:00,34,1,1425,4.715,4.75,4.712,4.747,2012,HG.v.0
2025-06-13 12:00:00+00:00,34,1,1425,4.748,4.7605,4.7255,4.756,2612,HG.v.0
2025-06-13 13:00:00+00:00,34,1,1425,4.755,4.7655,4.7405,4.748,2209,HG.v.0
2025-06-13 14:00:00+00:00,34,1,1425,4.749,4.792,4.748,4.785,3349,HG.v.0
2025-06-13 15:00:00+00:00,34,1,1425,4.785,4.821,4.7835,4.8185,1939,HG.v.0
2025-06-13 16:00:00+00:00,34,1,1425,4.8195,4.8245,4.808,4.815,2514,HG.v.0
2025-06-13 17:00:00+00:00,34,1,1425,4.815,4.82,4.8065,4.811,1285,HG.v.0
2025-06-13 18:00:00+00:00,34,1,1425,4.8105,4.812,4.7895,4.7935,925,HG.v.0
2025-06-13 19:00:00+00:00,34,1,1425,4.7935,4.7955,4.751,4.753,1872,HG.v.0
2025-06-13 20:00:00+00:00,34,1,1425,4.752,4.766,4.749,4.7515,901,HG.v.0
2025-06-15 22:00:00+00:00,34,1,1425,4.7645,4.779,4.728,4.7705,652,HG.v.0
2025-06-15 23:00:00+00:00,34,1,1425,4.7705,4.7865,4.768,4.785,297,HG.v.0
2025-06-16 00:00:00+00:00,34,1,1425,4.7855,4.79,4.775,4.7875,596,HG.v.0
2025-06-16 01:00:00+00:00,34,1,1425,4.787,4.804,4.7755,4.801,891,HG.v.0
2025-06-16 02:00:00+00:00,34,1,1425,4.8015,4.821,4.8,4.805,602,HG.v.0
2025-06-16 03:00:00+00:00,34,1,1425,4.804,4.8145,4.7945,4.798,241,HG.v.0
2025-06-16 04:00:00+00:00,34,1,1425,4.7975,4.8055,4.794,4.7955,199,HG.v.0
2025-06-16 05:00:00+00:00,34,1,1425,4.7955,4.816,4.795,4.8095,455,HG.v.0
2025-06-16 06:00:00+00:00,34,1,1425,4.81,4.829,4.806,4.823,836,HG.v.0
2025-06-16 07:00:00+00:00,34,1,1425,4.826,4.8505,4.8255,4.846,1585,HG.v.0
2025-06-16 08:00:00+00:00,34,1,1425,4.8475,4.868,4.8255,4.828,1543,HG.v.0
2025-06-16 09:00:00+00:00,34,1,1425,4.831,4.832,4.7945,4.801,1111,HG.v.0
2025-06-16 10:00:00+00:00,34,1,1425,4.8,4.8205,4.7985,4.804,746,HG.v.0
2025-06-16 11:00:00+00:00,34,1,1425,4.8035,4.817,4.794,4.8145,1105,HG.v.0
2025-06-16 12:00:00+00:00,34,1,1425,4.815,4.847,4.803,4.81,3252,HG.v.0
2025-06-16 13:00:00+00:00,34,1,1425,4.8095,4.83,4.796,4.8125,2645,HG.v.0
2025-06-16 14:00:00+00:00,34,1,1425,4.8155,4.83,4.8115,4.822,1452,HG.v.0
2025-06-16 15:00:00+00:00,34,1,1425,4.822,4.8335,4.8025,4.833,2209,HG.v.0
2025-06-16 16:00:00+00:00,34,1,1425,4.8325,4.8555,4.8255,4.8375,2984,HG.v.0
2025-06-16 17:00:00+00:00,34,1,1425,4.8385,4.8415,4.8265,4.827,520,HG.v.0
2025-06-16 18:00:00+00:00,34,1,1425,4.825,4.83,4.824,4.8285,350,HG.v.0
2025-06-16 19:00:00+00:00,34,1,1425,4.8275,4.8285,4.8185,4.822,429,HG.v.0
2025-06-16 20:00:00+00:00,34,1,1425,4.8215,4.824,4.812,4.8145,331,HG.v.0
2025-06-16 22:00:00+00:00,34,1,1425,4.821,4.828,4.8065,4.8155,182,HG.v.0
2025-06-16 23:00:00+00:00,34,1,1425,4.8155,4.8195,4.8025,4.804,205,HG.v.0
2025-06-17 00:00:00+00:00,34,1,1425,4.804,4.807,4.7905,4.8,597,HG.v.0
2025-06-17 01:00:00+00:00,34,1,1425,4.8005,4.812,4.797,4.807,527,HG.v.0
2025-06-17 02:00:00+00:00,34,1,1425,4.808,4.8085,4.795,4.803,453,HG.v.0
2025-06-17 03:00:00+00:00,34,1,1425,4.803,4.813,4.798,4.812,217,HG.v.0
2025-06-17 04:00:00+00:00,34,1,1425,4.8115,4.82,4.8095,4.816,241,HG.v.0
2025-06-17 05:00:00+00:00,34,1,1425,4.817,4.8215,4.8105,4.818,451,HG.v.0
2025-06-17 06:00:00+00:00,34,1,1425,4.8185,4.828,4.809,4.821,568,HG.v.0
2025-06-17 07:00:00+00:00,34,1,1425,4.8195,4.84,4.813,4.8335,1111,HG.v.0
2025-06-17 08:00:00+00:00,34,1,1425,4.832,4.833,4.8075,4.816,961,HG.v.0
2025-06-17 09:00:00+00:00,34,1,1425,4.8165,4.8305,4.804,4.8105,585,HG.v.0
2025-06-17 10:00:00+00:00,34,1,1425,4.81,4.8405,4.809,4.82,1206,HG.v.0
2025-06-17 11:00:00+00:00,34,1,1425,4.8205,4.8345,4.814,4.83,934,HG.v.0
2025-06-17 12:00:00+00:00,34,1,1425,4.83,4.839,4.807,4.815,1475,HG.v.0
2025-06-17 13:00:00+00:00,34,1,1425,4.814,4.835,4.8005,4.812,2597,HG.v.0
2025-06-17 14:00:00+00:00,34,1,1425,4.811,4.816,4.777,4.7815,2399,HG.v.0
2025-06-17 15:00:00+00:00,34,1,1425,4.7805,4.8135,4.7795,4.811,2095,HG.v.0
2025-06-17 16:00:00+00:00,34,1,1425,4.811,4.8235,4.805,4.8085,2190,HG.v.0
2025-06-17 17:00:00+00:00,34,1,1425,4.809,4.8165,4.7905,4.796,1396,HG.v.0
2025-06-17 18:00:00+00:00,34,1,1425,4.796,4.803,4.789,4.797,472,HG.v.0
2025-06-17 19:00:00+00:00,34,1,1425,4.797,4.799,4.7895,4.792,437,HG.v.0
2025-06-17 20:00:00+00:00,34,1,1425,4.793,4.7935,4.786,4.7915,362,HG.v.0
2025-06-17 22:00:00+00:00,34,1,1425,4.7845,4.7945,4.7845,4.7885,118,HG.v.0
2025-06-17 23:00:00+00:00,34,1,1425,4.7885,4.797,4.7885,4.796,77,HG.v.0
2025-06-18 00:00:00+00:00,34,1,1425,4.797,4.806,4.7895,4.7975,515,HG.v.0
2025-06-18 01:00:00+00:00,34,1,1425,4.7975,4.8235,4.7975,4.8165,710,HG.v.0
2025-06-18 02:00:00+00:00,34,1,1425,4.815,4.82,4.803,4.8195,399,HG.v.0
2025-06-18 03:00:00+00:00,34,1,1425,4.819,4.823,4.8155,4.8185,229,HG.v.0
2025-06-18 04:00:00+00:00,34,1,1425,4.818,4.8455,4.8145,4.843,611,HG.v.0
2025-06-18 05:00:00+00:00,34,1,1425,4.8435,4.8445,4.831,4.836,761,HG.v.0
2025-06-18 06:00:00+00:00,34,1,1425,4.8355,4.8515,4.8295,4.849,1186,HG.v.0
2025-06-18 07:00:00+00:00,34,1,1425,4.8485,4.856,4.8395,4.842,931,HG.v.0
2025-06-18 08:00:00+00:00,34,1,1425,4.8425,4.8425,4.8255,4.8315,556,HG.v.0
2025-06-18 09:00:00+00:00,34,1,1425,4.832,4.8515,4.831,4.843,649,HG.v.0
2025-06-18 10:00:00+00:00,34,1,1425,4.844,4.8485,4.834,4.8365,767,HG.v.0
2025-06-18 11:00:00+00:00,34,1,1425,4.8355,4.842,4.8215,4.837,1559,HG.v.0
2025-06-18 12:00:00+00:00,34,1,1425,4.838,4.858,4.836,4.839,2129,HG.v.0
2025-06-18 13:00:00+00:00,34,1,1425,4.8385,4.8505,4.812,4.821,2280,HG.v.0
2025-06-18 14:00:00+00:00,34,1,1425,4.822,4.8425,4.8125,4.839,1584,HG.v.0
2025-06-18 15:00:00+00:00,34,1,1425,4.839,4.857,4.8355,4.8415,1872,HG.v.0
2025-06-18 16:00:00+00:00,34,1,1425,4.8425,4.8575,4.8425,4.852,1437,HG.v.0
2025-06-18 17:00:00+00:00,34,1,1425,4.852,4.857,4.844,4.8495,729,HG.v.0
2025-06-18 18:00:00+00:00,34,1,1425,4.8505,4.8595,4.8415,4.843,1086,HG.v.0
2025-06-18 19:00:00+00:00,34,1,1425,4.843,4.871,4.8365,4.8555,1586,HG.v.0
2025-06-18 20:00:00+00:00,34,1,1425,4.8545,4.858,4.8475,4.854,229,HG.v.0
2025-06-18 22:00:00+00:00,34,1,1425,4.851,4.86,4.8505,4.8525,127,HG.v.0
2025-06-18 23:00:00+00:00,34,1,1425,4.853,4.8565,4.8525,4.854,40,HG.v.0
2025-06-19 00:00:00+00:00,34,1,1425,4.855,4.8685,4.855,4.8595,370,HG.v.0
2025-06-19 01:00:00+00:00,34,1,1425,4.8595,4.8595,4.8445,4.8445,504,HG.v.0
2025-06-19 02:00:00+00:00,34,1,1425,4.8435,4.8495,4.8335,4.841,378,HG.v.0
2025-06-19 03:00:00+00:00,34,1,1425,4.841,4.846,4.838,4.841,161,HG.v.0
2025-06-19 04:00:00+00:00,34,1,1425,4.84,4.8405,4.8335,4.8395,95,HG.v.0
2025-06-19 05:00:00+00:00,34,1,1425,4.84,4.8415,4.815,4.8235,609,HG.v.0
2025-06-19 06:00:00+00:00,34,1,1425,4.823,4.825,4.8055,4.822,907,HG.v.0
2025-06-19 07:00:00+00:00,34,1,1425,4.821,4.821,4.793,4.795,755,HG.v.0
2025-06-19 08:00:00+00:00,34,1,1425,4.7965,4.8205,4.79,4.808,841,HG.v.0
2025-06-19 09:00:00+00:00,34,1,1425,4.808,4.824,4.806,4.809,407,HG.v.0
2025-06-19 10:00:00+00:00,34,1,1425,4.8095,4.821,4.8035,4.8135,277,HG.v.0
2025-06-19 11:00:00+00:00,34,1,1425,4.813,4.822,4.8045,4.8165,410,HG.v.0
2025-06-19 12:00:00+00:00,34,1,1425,4.8175,4.8305,4.8045,4.807,739,HG.v.0
2025-06-19 13:00:00+00:00,34,1,1425,4.8075,4.8145,4.7935,4.799,1379,HG.v.0
2025-06-19 14:00:00+00:00,34,1,1425,4.799,4.8005,4.777,4.789,1404,HG.v.0
2025-06-19 15:00:00+00:00,34,1,1425,4.7875,4.801,4.782,4.7965,625,HG.v.0
2025-06-19 16:00:00+00:00,34,1,1425,4.797,4.8025,4.788,4.792,362,HG.v.0
2025-06-19 17:00:00+00:00,34,1,1425,4.791,4.8015,4.7905,4.8,211,HG.v.0
2025-06-19 18:00:00+00:00,34,1,1425,4.798,4.806,4.797,4.805,80,HG.v.0
2025-06-19 22:00:00+00:00,34,1,1425,4.804,4.8185,4.8035,4.814,276,HG.v.0
2025-06-19 23:00:00+00:00,34,1,1425,4.815,4.815,4.8075,4.8135,144,HG.v.0
2025-06-20 00:00:00+00:00,34,1,1425,4.814,4.822,4.8125,4.818,476,HG.v.0
2025-06-20 01:00:00+00:00,34,1,1425,4.817,4.817,4.792,4.7935,584,HG.v.0
2025-06-20 02:00:00+00:00,34,1,1425,4.792,4.7995,4.7735,4.776,835,HG.v.0
2025-06-20 03:00:00+00:00,34,1,1425,4.7765,4.782,4.773,4.773,506,HG.v.0
2025-06-20 04:00:00+00:00,34,1,1425,4.772,4.7785,4.762,4.763,305,HG.v.0
2025-06-20 05:00:00+00:00,34,1,1425,4.763,4.776,4.7595,4.774,893,HG.v.0
2025-06-20 06:00:00+00:00,34,1,1425,4.774,4.785,4.7565,4.7625,824,HG.v.0
2025-06-20 07:00:00+00:00,34,1,1425,4.7605,4.778,4.743,4.774,1485,HG.v.0
2025-06-20 08:00:00+00:00,34,1,1425,4.7735,4.794,4.7725,4.7905,936,HG.v.0
2025-06-20 09:00:00+00:00,34,1,1425,4.791,4.8395,4.7865,4.8325,2595,HG.v.0
2025-06-20 10:00:00+00:00,34,1,1425,4.833,4.84,4.8235,4.8305,1202,HG.v.0
2025-06-20 11:00:00+00:00,34,1,1425,4.8295,4.8535,4.8195,4.85,1483,HG.v.0
2025-06-20 12:00:00+00:00,34,1,1425,4.8495,4.8735,4.8405,4.841,2642,HG.v.0
2025-06-20 13:00:00+00:00,34,1,1425,4.841,4.8515,4.8275,4.84,2328,HG.v.0
2025-06-20 14:00:00+00:00,34,1,1425,4.84,4.8405,4.8085,4.818,1988,HG.v.0
2025-06-20 15:00:00+00:00,34,1,1425,4.818,4.83,4.798,4.81,1257,HG.v.0
2025-06-20 16:00:00+00:00,34,1,1425,4.8095,4.835,4.8075,4.833,1862,HG.v.0
2025-06-20 17:00:00+00:00,34,1,1425,4.8325,4.8385,4.827,4.836,675,HG.v.0
2025-06-20 18:00:00+00:00,34,1,1425,4.8365,4.85,4.835,4.8425,410,HG.v.0
2025-06-20 19:00:00+00:00,34,1,1425,4.843,4.845,4.834,4.8345,410,HG.v.0
2025-06-20 20:00:00+00:00,34,1,1425,4.835,4.839,4.832,4.834,205,HG.v.0
2025-06-22 22:00:00+00:00,34,1,1425,4.77,4.8165,4.77,4.8035,955,HG.v.0
2025-06-22 23:00:00+00:00,34,1,1425,4.802,4.819,4.8005,4.8155,112,HG.v.0
2025-06-23 00:00:00+00:00,34,1,1425,4.815,4.8245,4.8125,4.816,491,HG.v.0
2025-06-23 01:00:00+00:00,34,1,1425,4.819,4.8295,4.799,4.812,813,HG.v.0
2025-06-23 02:00:00+00:00,34,1,1425,4.8125,4.8235,4.8065,4.8085,342,HG.v.0
2025-06-23 03:00:00+00:00,34,1,1425,4.808,4.8305,4.804,4.8245,306,HG.v.0
2025-06-23 04:00:00+00:00,34,1,1425,4.825,4.8295,4.811,4.817,159,HG.v.0
2025-06-23 05:00:00+00:00,34,1,1425,4.8165,4.8335,4.8145,4.83,363,HG.v.0
2025-06-23 06:00:00+00:00,34,1,1425,4.8305,4.8385,4.8055,4.8215,610,HG.v.0
2025-06-23 07:00:00+00:00,34,1,1425,4.822,4.831,4.7955,4.811,935,HG.v.0
2025-06-23 08:00:00+00:00,34,1,1425,4.8115,4.824,4.7925,4.7955,969,HG.v.0
2025-06-23 09:00:00+00:00,34,1,1425,4.796,4.806,4.792,4.799,812,HG.v.0
2025-06-23 10:00:00+00:00,34,1,1425,4.7985,4.814,4.7945,4.8055,868,HG.v.0
2025-06-23 11:00:00+00:00,34,1,1425,4.806,4.82,4.805,4.82,657,HG.v.0
2025-06-23 12:00:00+00:00,34,1,1425,4.8195,4.8265,4.793,4.801,1385,HG.v.0
2025-06-23 13:00:00+00:00,34,1,1425,4.802,4.8305,4.792,4.8295,2000,HG.v.0
2025-06-23 14:00:00+00:00,34,1,1425,4.8295,4.8515,4.8265,4.834,2451,HG.v.0
2025-06-23 15:00:00+00:00,34,1,1425,4.8345,4.852,4.833,4.8335,1157,HG.v.0
2025-06-23 16:00:00+00:00,34,1,1425,4.8335,4.8535,4.8185,4.8525,2757,HG.v.0
2025-06-23 17:00:00+00:00,34,1,1425,4.8525,4.8795,4.849,4.8785,2102,HG.v.0
2025-06-23 18:00:00+00:00,34,1,1425,4.8785,4.919,4.8775,4.91,1495,HG.v.0
2025-06-23 19:00:00+00:00,34,1,1425,4.9105,4.918,4.8925,4.8955,1136,HG.v.0
2025-06-23 20:00:00+00:00,34,1,1425,4.896,4.8995,4.882,4.8865,393,HG.v.0
2025-06-23 22:00:00+00:00,34,1,1425,4.8875,4.8955,4.8805,4.8865,361,HG.v.0
2025-06-23 23:00:00+00:00,34,1,1425,4.886,4.888,4.877,4.882,205,HG.v.0
2025-06-24 00:00:00+00:00,34,1,1425,4.882,4.898,4.879,4.892,647,HG.v.0
2025-06-24 01:00:00+00:00,34,1,1425,4.892,4.892,4.8615,4.876,941,HG.v.0
2025-06-24 02:00:00+00:00,34,1,1425,4.878,4.887,4.8705,4.883,267,HG.v.0
2025-06-24 03:00:00+00:00,34,1,1425,4.883,4.891,4.8745,4.887,428,HG.v.0
2025-06-24 04:00:00+00:00,34,1,1425,4.8875,4.896,4.8875,4.8955,140,HG.v.0
2025-06-24 05:00:00+00:00,34,1,1425,4.8945,4.9105,4.891,4.9005,501,HG.v.0
2025-06-24 06:00:00+00:00,34,1,1425,4.902,4.92,4.8945,4.896,1024,HG.v.0
2025-06-24 07:00:00+00:00,34,1,1425,4.8975,4.9125,4.872,4.8805,1445,HG.v.0
2025-06-24 08:00:00+00:00,34,1,1425,4.8835,4.9045,4.8745,4.903,630,HG.v.0
2025-06-24 09:00:00+00:00,34,1,1425,4.903,4.95,4.8895,4.891,2821,HG.v.0
2025-06-24 10:00:00+00:00,34,1,1425,4.891,4.9245,4.8865,4.9145,983,HG.v.0
2025-06-24 11:00:00+00:00,34,1,1425,4.914,4.9275,4.897,4.9185,1430,HG.v.0
2025-06-24 12:00:00+00:00,34,1,1425,4.9175,4.9175,4.8775,4.8805,1431,HG.v.0
2025-06-24 13:00:00+00:00,34,1,1425,4.8795,4.8955,4.8425,4.8555,2724,HG.v.0
2025-06-24 14:00:00+00:00,34,1,1425,4.855,4.876,4.85,4.875,1323,HG.v.0
2025-06-24 15:00:00+00:00,34,1,1425,4.8735,4.8845,4.847,4.8485,1327,HG.v.0
2025-06-24 16:00:00+00:00,34,1,1425,4.849,4.8785,4.843,4.8745,1444,HG.v.0
2025-06-24 17:00:00+00:00,34,1,1425,4.874,4.882,4.872,4.877,649,HG.v.0
2025-06-24 18:00:00+00:00,34,1,1425,4.877,4.887,4.875,4.8835,296,HG.v.0
2025-06-24 19:00:00+00:00,34,1,1425,4.8845,4.8995,4.8845,4.895,602,HG.v.0
2025-06-24 20:00:00+00:00,34,1,1425,4.895,4.9025,4.8895,4.9005,341,HG.v.0
2025-06-24 22:00:00+00:00,34,1,1425,4.8975,4.902,4.891,4.8955,201,HG.v.0
2025-06-24 23:00:00+00:00,34,1,1425,4.8955,4.898,4.8905,4.895,113,HG.v.0
2025-06-25 00:00:00+00:00,34,1,1425,4.8955,4.901,4.893,4.8995,278,HG.v.0
2025-06-25 01:00:00+00:00,34,1,1425,4.8995,4.924,4.8955,4.9105,552,HG.v.0
2025-06-25 02:00:00+00:00,34,1,1425,4.911,4.914,4.899,4.8995,298,HG.v.0
2025-06-25 03:00:00+00:00,34,1,1425,4.901,4.9075,4.8835,4.8855,333,HG.v.0
2025-06-25 04:00:00+00:00,34,1,1425,4.885,4.8905,4.8795,4.8855,162,HG.v.0
2025-06-25 05:00:00+00:00,34,1,1425,4.8885,4.9125,4.88,4.912,237,HG.v.0
2025-06-25 06:00:00+00:00,34,1,1425,4.912,4.9135,4.9,4.9055,146,HG.v.0
2025-06-25 07:00:00+00:00,34,1,1425,4.901,4.9235,4.894,4.9125,736,HG.v.0
2025-06-25 08:00:00+00:00,34,1,1425,4.911,4.911,4.887,4.8945,425,HG.v.0
2025-06-25 09:00:00+00:00,34,1,1425,4.8945,4.898,4.8735,4.8865,444,HG.v.0
2025-06-25 10:00:00+00:00,34,1,1425,4.885,4.886,4.8725,4.8845,210,HG.v.0
2025-06-25 11:00:00+00:00,34,1,1425,4.884,4.9035,4.884,4.89,266,HG.v.0
2025-06-25 12:00:00+00:00,34,1,1425,4.8915,4.9145,4.89,4.8935,756,HG.v.0
2025-06-25 13:00:00+00:00,34,1,1425,4.8955,4.8995,4.8815,4.888,606,HG.v.0
2025-06-25 14:00:00+00:00,34,1,1425,4.888,4.902,4.888,4.892,698,HG.v.0
2025-06-25 15:00:00+00:00,34,1,1425,4.891,4.9075,4.884,4.903,662,HG.v.0
2025-06-25 16:00:00+00:00,34,1,1425,4.9,4.9205,4.8995,4.917,1476,HG.v.0
2025-06-25 17:00:00+00:00,34,1,1425,4.917,4.9185,4.899,4.906,733,HG.v.0
2025-06-25 18:00:00+00:00,34,1,1425,4.9055,4.9145,4.9025,4.91,257,HG.v.0
2025-06-25 19:00:00+00:00,34,1,1425,4.9095,4.919,4.908,4.919,122,HG.v.0
2025-06-25 20:00:00+00:00,34,1,1425,4.9185,4.9295,4.918,4.926,171,HG.v.0
2025-06-25 22:00:00+00:00,34,1,1425,4.9315,4.9345,4.9175,4.9215,113,HG.v.0
2025-06-25 23:00:00+00:00,34,1,1425,4.9225,4.93,4.9215,4.928,43,HG.v.0
2025-06-26 00:00:00+00:00,34,1,3108,4.9815,4.9845,4.977,4.979,261,HG.v.0
2025-06-26 01:00:00+00:00,34,1,3108,4.9795,4.9885,4.97,4.9815,575,HG.v.0
2025-06-26 02:00:00+00:00,34,1,3108,4.982,5.0115,4.979,5.0045,1342,HG.v.0
2025-06-26 03:00:00+00:00,34,1,3108,5.007,5.011,4.996,5.0005,434,HG.v.0
2025-06-26 04:00:00+00:00,34,1,3108,5.0,5.0,4.9895,4.993,242,HG.v.0
2025-06-26 05:00:00+00:00,34,1,3108,4.9915,5.0075,4.99,5.003,574,HG.v.0
2025-06-26 06:00:00+00:00,34,1,3108,5.002,5.0075,4.9925,5.005,812,HG.v.0
2025-06-26 07:00:00+00:00,34,1,3108,5.0045,5.0355,5.0035,5.0335,2419,HG.v.0
2025-06-26 08:00:00+00:00,34,1,3108,5.0345,5.1315,5.0295,5.1285,6117,HG.v.0
2025-06-26 09:00:00+00:00,34,1,3108,5.1295,5.156,5.103,5.1095,4632,HG.v.0
2025-06-26 10:00:00+00:00,34,1,3108,5.11,5.1105,5.085,5.107,2217,HG.v.0
2025-06-26 11:00:00+00:00,34,1,3108,5.1065,5.1275,5.098,5.124,2077,HG.v.0
2025-06-26 12:00:00+00:00,34,1,3108,5.124,5.1345,5.087,5.088,3361,HG.v.0
2025-06-26 13:00:00+00:00,34,1,3108,5.087,5.122,5.086,5.11,4173,HG.v.0
2025-06-26 14:00:00+00:00,34,1,3108,5.111,5.1415,5.11,5.127,3518,HG.v.0
2025-06-26 15:00:00+00:00,34,1,3108,5.126,5.1365,5.12,5.1255,2581,HG.v.0
2025-06-26 16:00:00+00:00,34,1,3108,5.1255,5.138,5.115,5.116,2241,HG.v.0
2025-06-26 17:00:00+00:00,34,1,3108,5.116,5.135,5.1155,5.127,1429,HG.v.0
2025-06-26 18:00:00+00:00,34,1,3108,5.1275,5.1275,5.114,5.114,800,HG.v.0
2025-06-26 19:00:00+00:00,34,1,3108,5.114,5.1185,5.101,5.112,928,HG.v.0
2025-06-26 20:00:00+00:00,34,1,3108,5.1125,5.113,5.097,5.106,747,HG.v.0
2025-06-26 22:00:00+00:00,34,1,3108,5.109,5.1235,5.102,5.1195,295,HG.v.0
2025-06-26 23:00:00+00:00,34,1,3108,5.1185,5.129,5.1185,5.1285,250,HG.v.0
2025-06-27 00:00:00+00:00,34,1,3108,5.1275,5.1365,5.1265,5.1305,421,HG.v.0
2025-06-27 01:00:00+00:00,34,1,3108,5.1305,5.1415,5.0985,5.137,1312,HG.v.0
2025-06-27 02:00:00+00:00,34,1,3108,5.137,5.1455,5.12,5.1335,765,HG.v.0
2025-06-27 03:00:00+00:00,34,1,3108,5.133,5.142,5.1135,5.115,329,HG.v.0
2025-06-27 04:00:00+00:00,34,1,3108,5.116,5.123,5.108,5.1155,389,HG.v.0
2025-06-27 05:00:00+00:00,34,1,3108,5.114,5.1295,5.1105,5.117,583,HG.v.0
2025-06-27 06:00:00+00:00,34,1,3108,5.1185,5.123,5.1075,5.1105,730,HG.v.0
2025-06-27 07:00:00+00:00,34,1,3108,5.1095,5.1325,5.108,5.117,1088,HG.v.0
2025-06-27 08:00:00+00:00,34,1,3108,5.117,5.121,5.0925,5.105,1214,HG.v.0
2025-06-27 09:00:00+00:00,34,1,3108,5.1035,5.1035,5.045,5.0565,3442,HG.v.0
2025-06-27 10:00:00+00:00,34,1,3108,5.056,5.076,5.055,5.0725,1234,HG.v.0
2025-06-27 11:00:00+00:00,34,1,3108,5.072,5.0825,5.0655,5.071,1835,HG.v.0
2025-06-27 12:00:00+00:00,34,1,3108,5.0715,5.0725,5.03,5.037,4314,HG.v.0
2025-06-27 13:00:00+00:00,34,1,3108,5.0365,5.056,5.021,5.0375,3731,HG.v.0
2025-06-27 14:00:00+00:00,34,1,3108,5.0375,5.081,5.0365,5.081,2828,HG.v.0
2025-06-27 15:00:00+00:00,34,1,3108,5.0805,5.127,5.0795,5.1035,5113,HG.v.0
2025-06-27 16:00:00+00:00,34,1,3108,5.104,5.1265,5.102,5.1205,2992,HG.v.0
2025-06-27 17:00:00+00:00,34,1,3108,5.1215,5.126,5.1145,5.1195,852,HG.v.0
2025-06-27 18:00:00+00:00,34,1,3108,5.12,5.1205,5.105,5.108,386,HG.v.0
2025-06-27 19:00:00+00:00,34,1,3108,5.1065,5.112,5.1015,5.107,449,HG.v.0
2025-06-27 20:00:00+00:00,34,1,3108,5.107,5.1235,5.105,5.122,540,HG.v.0
2025-06-29 22:00:00+00:00,34,1,3108,5.1245,5.13,5.1055,5.117,444,HG.v.0
2025-06-29 23:00:00+00:00,34,1,3108,5.118,5.124,5.112,5.1145,255,HG.v.0
2025-06-30 00:00:00+00:00,34,1,3108,5.1135,5.119,5.1095,5.111,221,HG.v.0
2025-06-30 01:00:00+00:00,34,1,3108,5.1105,5.1235,5.0985,5.104,683,HG.v.0
2025-06-30 02:00:00+00:00,34,1,3108,5.103,5.105,5.0915,5.0965,395,HG.v.0
2025-06-30 03:00:00+00:00,34,1,3108,5.095,5.1175,5.0935,5.108,265,HG.v.0
2025-06-30 04:00:00+00:00,34,1,3108,5.1075,5.115,5.105,5.1115,107,HG.v.0
2025-06-30 05:00:00+00:00,34,1,3108,5.1115,5.1385,5.1105,5.13,631,HG.v.0
2025-06-30 06:00:00+00:00,34,1,3108,5.1305,5.1345,5.1205,5.122,493,HG.v.0
2025-06-30 07:00:00+00:00,34,1,3108,5.1215,5.1215,5.0835,5.0915,1285,HG.v.0
2025-06-30 08:00:00+00:00,34,1,3108,5.0925,5.106,5.082,5.0995,702,HG.v.0
2025-06-30 09:00:00+00:00,34,1,3108,5.099,5.109,5.091,5.0925,357,HG.v.0
2025-06-30 10:00:00+00:00,34,1,3108,5.0915,5.1025,5.088,5.093,468,HG.v.0
2025-06-30 11:00:00+00:00,34,1,3108,5.093,5.093,5.077,5.0885,829,HG.v.0
2025-06-30 12:00:00+00:00,34,1,3108,5.0875,5.0975,5.0785,5.0825,1907,HG.v.0
2025-06-30 13:00:00+00:00,34,1,3108,5.0845,5.088,5.0635,5.076,2533,HG.v.0
2025-06-30 14:00:00+00:00,34,1,3108,5.075,5.1015,5.0635,5.078,2232,HG.v.0
2025-06-30 15:00:00+00:00,34,1,3108,5.077,5.0915,5.0625,5.0895,1450,HG.v.0
2025-06-30 16:00:00+00:00,34,1,3108,5.0885,5.0955,5.0685,5.084,2355,HG.v.0
2025-06-30 17:00:00+00:00,34,1,3108,5.084,5.0955,5.083,5.0905,884,HG.v.0
2025-06-30 18:00:00+00:00,34,1,3108,5.0895,5.1,5.0885,5.0985,472,HG.v.0
2025-06-30 19:00:00+00:00,34,1,3108,5.097,5.1045,5.0965,5.1015,396,HG.v.0
2025-06-30 20:00:00+00:00,34,1,3108,5.1025,5.1115,5.099,5.1115,430,HG.v.0
2025-06-30 22:00:00+00:00,34,1,3108,5.109,5.1135,5.102,5.106,241,HG.v.0
2025-06-30 23:00:00+00:00,34,1,3108,5.107,5.1105,5.1045,5.1085,61,HG.v.0
2025-07-01 00:00:00+00:00,34,1,3108,5.1085,5.1135,5.1005,5.1025,236,HG.v.0
2025-07-01 01:00:00+00:00,34,1,3108,5.1015,5.119,5.0835,5.092,898,HG.v.0
2025-07-01 02:00:00+00:00,34,1,3108,5.091,5.091,5.0755,5.0875,379,HG.v.0
2025-07-01 03:00:00+00:00,34,1,3108,5.088,5.094,5.083,5.0905,146,HG.v.0
2025-07-01 04:00:00+00:00,34,1,3108,5.0915,5.098,5.088,5.095,104,HG.v.0
2025-07-01 05:00:00+00:00,34,1,3108,5.0955,5.1145,5.0955,5.1125,418,HG.v.0
2025-07-01 06:00:00+00:00,34,1,3108,5.1125,5.178,5.1085,5.168,2965,HG.v.0
2025-07-01 07:00:00+00:00,34,1,3108,5.166,5.1835,5.142,5.151,2354,HG.v.0
2025-07-01 08:00:00+00:00,34,1,3108,5.151,5.1575,5.1305,5.1475,1016,HG.v.0
2025-07-01 09:00:00+00:00,34,1,3108,5.148,5.157,5.138,5.1395,843,HG.v.0
2025-07-01 10:00:00+00:00,34,1,3108,5.139,5.1415,5.118,5.1345,1393,HG.v.0
2025-07-01 11:00:00+00:00,34,1,3108,5.1335,5.155,5.1325,5.1455,1128,HG.v.0
2025-07-01 12:00:00+00:00,34,1,3108,5.146,5.17,5.143,5.1515,2453,HG.v.0
2025-07-01 13:00:00+00:00,34,1,3108,5.153,5.179,5.144,5.1675,3002,HG.v.0
2025-07-01 14:00:00+00:00,34,1,3108,5.167,5.1925,5.1405,5.15,3893,HG.v.0
2025-07-01 15:00:00+00:00,34,1,3108,5.151,5.1545,5.107,5.1125,2582,HG.v.0
2025-07-01 16:00:00+00:00,34,1,3108,5.1115,5.116,5.078,5.104,4050,HG.v.0
2025-07-01 17:00:00+00:00,34,1,3108,5.103,5.103,5.081,5.1015,1347,HG.v.0
2025-07-01 18:00:00+00:00,34,1,3108,5.101,5.1025,5.0915,5.094,388,HG.v.0
2025-07-01 19:00:00+00:00,34,1,3108,5.092,5.102,5.0825,5.092,540,HG.v.0
2025-07-01 20:00:00+00:00,34,1,3108,5.093,5.1015,5.0895,5.099,261,HG.v.0
2025-07-01 22:00:00+00:00,34,1,3108,5.0985,5.106,5.095,5.1055,144,HG.v.0
2025-07-01 23:00:00+00:00,34,1,3108,5.1045,5.1085,5.1015,5.104,93,HG.v.0
2025-07-02 00:00:00+00:00,34,1,3108,5.1025,5.109,5.091,5.094,368,HG.v.0
2025-07-02 01:00:00+00:00,34,1,3108,5.094,5.1,5.0855,5.0925,668,HG.v.0
2025-07-02 02:00:00+00:00,34,1,3108,5.093,5.1075,5.077,5.105,717,HG.v.0
2025-07-02 03:00:00+00:00,34,1,3108,5.1055,5.116,5.099,5.1135,434,HG.v.0
2025-07-02 04:00:00+00:00,34,1,3108,5.1135,5.118,5.11,5.117,160,HG.v.0
2025-07-02 05:00:00+00:00,34,1,3108,5.1155,5.12,5.104,5.114,505,HG.v.0
2025-07-02 06:00:00+00:00,34,1,3108,5.114,5.1255,5.1105,5.1135,563,HG.v.0
2025-07-02 07:00:00+00:00,34,1,3108,5.1135,5.1135,5.101,5.1065,749,HG.v.0
2025-07-02 08:00:00+00:00,34,1,3108,5.107,5.1205,5.0925,5.1155,683,HG.v.0
2025-07-02 09:00:00+00:00,34,1,3108,5.117,5.1295,5.1085,5.129,805,HG.v.0
2025-07-02 10:00:00+00:00,34,1,3108,5.129,5.1465,5.1215,5.1425,1579,HG.v.0
2025-07-02 11:00:00+00:00,34,1,3108,5.1435,5.15,5.1215,5.1275,1056,HG.v.0
2025-07-02 12:00:00+00:00,34,1,3108,5.1265,5.1475,5.121,5.135,1906,HG.v.0
2025-07-02 13:00:00+00:00,34,1,3108,5.1345,5.1665,5.1325,5.1645,3960,HG.v.0
2025-07-02 14:00:00+00:00,34,1,3108,5.166,5.1875,5.1655,5.183,4704,HG.v.0
2025-07-02 15:00:00+00:00,34,1,3108,5.184,5.2015,5.1805,5.1995,2819,HG.v.0
2025-07-02 16:00:00+00:00,34,1,3108,5.2,5.2005,5.185,5.1955,2683,HG.v.0
2025-07-02 17:00:00+00:00,34,1,3108,5.1955,5.207,5.195,5.205,1314,HG.v.0
2025-07-02 18:00:00+00:00,34,1,3108,5.205,5.212,5.198,5.2015,1081,HG.v.0
2025-07-02 19:00:00+00:00,34,1,3108,5.2025,5.2065,5.195,5.199,648,HG.v.0
2025-07-02 20:00:00+00:00,34,1,3108,5.1985,5.204,5.195,5.196,398,HG.v.0
2025-07-02 22:00:00+00:00,34,1,3108,5.1995,5.2025,5.196,5.1995,155,HG.v.0
2025-07-02 23:00:00+00:00,34,1,3108,5.198,5.201,5.1895,5.193,288,HG.v.0
2025-07-03 00:00:00+00:00,34,1,3108,5.193,5.1985,5.1885,5.198,237,HG.v.0
2025-07-03 01:00:00+00:00,34,1,3108,5.1985,5.2,5.1845,5.1855,702,HG.v.0
2025-07-03 02:00:00+00:00,34,1,3108,5.1855,5.188,5.172,5.1835,458,HG.v.0
2025-07-03 03:00:00+00:00,34,1,3108,5.184,5.1865,5.1765,5.1765,178,HG.v.0
2025-07-03 04:00:00+00:00,34,1,3108,5.1785,5.1865,5.175,5.184,118,HG.v.0
2025-07-03 05:00:00+00:00,34,1,3108,5.1815,5.196,5.1795,5.1925,527,HG.v.0
2025-07-03 06:00:00+00:00,34,1,3108,5.1925,5.1955,5.166,5.1735,757,HG.v.0
2025-07-03 07:00:00+00:00,34,1,3108,5.1725,5.2045,5.1715,5.19,1448,HG.v.0
2025-07-03 08:00:00+00:00,34,1,3108,5.191,5.203,5.1845,5.185,838,HG.v.0
2025-07-03 09:00:00+00:00,34,1,3108,5.184,5.1915,5.155,5.1635,1361,HG.v.0
2025-07-03 10:00:00+00:00,34,1,3108,5.1635,5.196,5.1575,5.19,1258,HG.v.0
2025-07-03 11:00:00+00:00,34,1,3108,5.19,5.1905,5.168,5.1695,1854,HG.v.0
2025-07-03 12:00:00+00:00,34,1,3108,5.17,5.179,5.1435,5.151,3096,HG.v.0
2025-07-03 13:00:00+00:00,34,1,3108,5.1525,5.179,5.1465,5.16,2510,HG.v.0
2025-07-03 14:00:00+00:00,34,1,3108,5.1595,5.1655,5.139,5.141,1794,HG.v.0
2025-07-03 15:00:00+00:00,34,1,3108,5.14,5.1475,5.1205,5.142,2456,HG.v.0
2025-07-03 16:00:00+00:00,34,1,3108,5.1425,5.1505,5.135,5.1415,2057,HG.v.0
2025-07-03 17:00:00+00:00,34,1,3108,5.1415,5.1465,5.1345,5.1415,509,HG.v.0
2025-07-03 18:00:00+00:00,34,1,3108,5.14,5.1405,5.1355,5.1385,133,HG.v.0
2025-07-03 19:00:00+00:00,34,1,3108,5.136,5.137,5.1335,5.1345,145,HG.v.0
2025-07-03 20:00:00+00:00,34,1,3108,5.1355,5.136,5.13,5.136,221,HG.v.0
2025-07-03 22:00:00+00:00,34,1,3108,5.1335,5.137,5.1305,5.1355,101,HG.v.0
2025-07-03 23:00:00+00:00,34,1,3108,5.1345,5.142,5.1345,5.142,107,HG.v.0
2025-07-04 00:00:00+00:00,34,1,3108,5.1415,5.1445,5.1375,5.1415,77,HG.v.0
2025-07-04 01:00:00+00:00,34,1,3108,5.141,5.1445,5.114,5.115,520,HG.v.0
2025-07-04 02:00:00+00:00,34,1,3108,5.115,5.121,5.1025,5.105,720,HG.v.0
2025-07-04 03:00:00+00:00,34,1,3108,5.1055,5.122,5.103,5.1155,328,HG.v.0
2025-07-04 04:00:00+00:00,34,1,3108,5.1155,5.119,5.109,5.117,153,HG.v.0
2025-07-04 05:00:00+00:00,34,1,3108,5.1185,5.127,5.1105,5.1105,297,HG.v.0
2025-07-04 06:00:00+00:00,34,1,3108,5.1105,5.1105,5.0725,5.0825,1429,HG.v.0
2025-07-04 07:00:00+00:00,34,1,3108,5.083,5.083,5.031,5.043,2511,HG.v.0
2025-07-04 08:00:00+00:00,34,1,3108,5.044,5.062,5.0385,5.053,771,HG.v.0
2025-07-04 09:00:00+00:00,34,1,3108,5.0525,5.07,5.049,5.0585,587,HG.v.0
2025-07-04 10:00:00+00:00,34,1,3108,5.0585,5.0615,5.044,5.045,272,HG.v.0
2025-07-04 11:00:00+00:00,34,1,3108,5.0465,5.067,5.0465,5.0545,494,HG.v.0
2025-07-04 12:00:00+00:00,34,1,3108,5.056,5.067,5.054,5.0585,667,HG.v.0
2025-07-04 13:00:00+00:00,34,1,3108,5.0585,5.065,5.047,5.051,856,HG.v.0
2025-07-04 14:00:00+00:00,34,1,3108,5.049,5.064,5.038,5.061,792,HG.v.0
2025-07-04 15:00:00+00:00,34,1,3108,5.0605,5.064,5.0525,5.058,428,HG.v.0
2025-07-04 16:00:00+00:00,34,1,3108,5.059,5.0685,5.0565,5.0625,496,HG.v.0
2025-07-06 22:00:00+00:00,34,1,3108,5.0645,5.0925,5.06,5.08,730,HG.v.0
2025-07-06 23:00:00+00:00,34,1,3108,5.0795,5.0795,5.069,5.0725,187,HG.v.0
2025-07-07 00:00:00+00:00,34,1,3108,5.0725,5.074,5.065,5.071,367,HG.v.0
2025-07-07 01:00:00+00:00,34,1,3108,5.0705,5.0705,5.037,5.0415,726,HG.v.0
2025-07-07 02:00:00+00:00,34,1,3108,5.041,5.043,5.022,5.0335,618,HG.v.0
2025-07-07 03:00:00+00:00,34,1,3108,5.032,5.0325,5.0155,5.02,453,HG.v.0
2025-07-07 04:00:00+00:00,34,1,3108,5.0195,5.021,5.01,5.0145,394,HG.v.0
2025-07-07 05:00:00+00:00,34,1,3108,5.014,5.023,5.0085,5.0195,531,HG.v.0
2025-07-07 06:00:00+00:00,34,1,3108,5.021,5.027,4.9825,5.0135,1721,HG.v.0
2025-07-07 07:00:00+00:00,34,1,3108,5.014,5.0205,5.001,5.0125,1216,HG.v.0
2025-07-07 08:00:00+00:00,34,1,3108,5.012,5.022,5.0085,5.0155,842,HG.v.0
2025-07-07 09:00:00+00:00,34,1,3108,5.0165,5.043,5.014,5.039,808,HG.v.0
2025-07-07 10:00:00+00:00,34,1,3108,5.0395,5.042,5.0255,5.0355,626,HG.v.0
2025-07-07 11:00:00+00:00,34,1,3108,5.0355,5.0375,5.026,5.03,674,HG.v.0
2025-07-07 12:00:00+00:00,34,1,3108,5.0295,5.0325,5.015,5.0255,1433,HG.v.0
2025-07-07 13:00:00+00:00,34,1,3108,5.025,5.025,4.996,5.0025,2938,HG.v.0
2025-07-07 14:00:00+00:00,34,1,3108,5.003,5.031,4.997,5.0245,2764,HG.v.0
2025-07-07 15:00:00+00:00,34,1,3108,5.0245,5.037,5.0125,5.032,1716,HG.v.0
2025-07-07 16:00:00+00:00,34,1,3108,5.0315,5.045,5.0185,5.0245,2350,HG.v.0
2025-07-07 17:00:00+00:00,34,1,3108,5.0245,5.026,5.0155,5.02,884,HG.v.0
2025-07-07 18:00:00+00:00,34,1,3108,5.0205,5.0295,5.005,5.0255,656,HG.v.0
2025-07-07 19:00:00+00:00,34,1,3108,5.025,5.025,5.01,5.015,853,HG.v.0
2025-07-07 20:00:00+00:00,34,1,3108,5.0155,5.0165,5.002,5.005,450,HG.v.0
2025-07-07 22:00:00+00:00,34,1,3108,5.012,5.013,5.0065,5.0115,185,HG.v.0
2025-07-07 23:00:00+00:00,34,1,3108,5.0115,5.0175,5.0105,5.016,201,HG.v.0
2025-07-08 00:00:00+00:00,34,1,3108,5.0155,5.0335,5.0135,5.026,633,HG.v.0
2025-07-08 01:00:00+00:00,34,1,3108,5.026,5.0285,5.007,5.021,519,HG.v.0
2025-07-08 02:00:00+00:00,34,1,3108,5.0205,5.0325,5.0195,5.0285,336,HG.v.0
2025-07-08 03:00:00+00:00,34,1,3108,5.028,5.03,5.019,5.02,320,HG.v.0
2025-07-08 04:00:00+00:00,34,1,3108,5.02,5.026,5.015,5.0165,232,HG.v.0
2025-07-08 05:00:00+00:00,34,1,3108,5.017,5.028,5.016,5.027,282,HG.v.0
2025-07-08 06:00:00+00:00,34,1,3108,5.0265,5.0395,5.0125,5.039,664,HG.v.0
2025-07-08 07:00:00+00:00,34,1,3108,5.038,5.0615,5.038,5.0575,1388,HG.v.0
2025-07-08 08:00:00+00:00,34,1,3108,5.057,5.057,5.0315,5.033,963,HG.v.0
2025-07-08 09:00:00+00:00,34,1,3108,5.033,5.0405,5.0215,5.023,451,HG.v.0
2025-07-08 10:00:00+00:00,34,1,3108,5.0245,5.0355,5.02,5.0335,514,HG.v.0
2025-07-08 11:00:00+00:00,34,1,3108,5.031,5.072,5.025,5.0635,2324,HG.v.0
2025-07-08 12:00:00+00:00,34,1,3108,5.0625,5.0665,5.028,5.0405,2083,HG.v.0
2025-07-08 13:00:00+00:00,34,1,3108,5.0405,5.0415,4.994,4.9985,2879,HG.v.0
2025-07-08 14:00:00+00:00,34,1,3108,4.998,5.009,4.9725,4.983,3444,HG.v.0
2025-07-08 15:00:00+00:00,34,1,3108,4.983,5.012,4.9795,5.0085,2024,HG.v.0
2025-07-08 16:00:00+00:00,34,1,3108,5.0085,5.8955,5.002,5.68,13795,HG.v.0
2025-07-08 17:00:00+00:00,34,1,3108,5.68,5.82,5.361,5.4655,20797,HG.v.0
2025-07-08 18:00:00+00:00,34,1,3108,5.472,5.59,5.4695,5.512,4871,HG.v.0
2025-07-08 19:00:00+00:00,34,1,3108,5.5135,5.5345,5.47,5.48,1741,HG.v.0
2025-07-08 20:00:00+00:00,34,1,3108,5.4835,5.517,5.466,5.51,1124,HG.v.0
2025-07-08 22:00:00+00:00,34,1,3108,5.48,5.593,5.4785,5.5635,2747,HG.v.0
2025-07-08 23:00:00+00:00,34,1,3108,5.5655,5.58,5.45,5.4805,1696,HG.v.0
2025-07-09 00:00:00+00:00,34,1,3108,5.485,5.5425,5.4545,5.5395,2291,HG.v.0
2025-07-09 01:00:00+00:00,34,1,3108,5.5415,5.635,5.5385,5.622,4633,HG.v.0
2025-07-09 02:00:00+00:00,34,1,3108,5.6225,5.688,5.62,5.686,3592,HG.v.0
2025-07-09 03:00:00+00:00,34,1,3108,5.6835,5.7285,5.669,5.711,3123,HG.v.0
2025-07-09 04:00:00+00:00,34,1,3108,5.711,5.712,5.642,5.6485,1677,HG.v.0
2025-07-09 05:00:00+00:00,34,1,3108,5.6495,5.7285,5.626,5.7105,3152,HG.v.0
2025-07-09 06:00:00+00:00,34,1,3108,5.7115,5.7305,5.673,5.712,2872,HG.v.0
2025-07-09 07:00:00+00:00,34,1,3108,5.7155,5.7165,5.5025,5.5025,5618,HG.v.0
2025-07-09 08:00:00+00:00,34,1,3108,5.506,5.548,5.482,5.5385,3578,HG.v.0
2025-07-09 09:00:00+00:00,34,1,3108,5.5375,5.548,5.5195,5.5365,1260,HG.v.0
2025-07-09 10:00:00+00:00,34,1,3108,5.537,5.564,5.521,5.543,1203,HG.v.0
2025-07-09 11:00:00+00:00,34,1,3108,5.5425,5.568,5.4935,5.552,2676,HG.v.0
2025-07-09 12:00:00+00:00,34,1,3108,5.554,5.5975,5.527,5.591,4874,HG.v.0
2025-07-09 13:00:00+00:00,34,1,3108,5.591,5.6165,5.5145,5.5465,6593,HG.v.0
2025-07-09 14:00:00+00:00,34,1,3108,5.547,5.56,5.5015,5.5015,3951,HG.v.0
2025-07-09 15:00:00+00:00,34,1,3108,5.502,5.507,5.425,5.454,5762,HG.v.0
2025-07-09 16:00:00+00:00,34,1,3108,5.4515,5.5055,5.4435,5.4965,5372,HG.v.0
2025-07-09 17:00:00+00:00,34,1,3108,5.497,5.549,5.494,5.5445,1909,HG.v.0
2025-07-09 18:00:00+00:00,34,1,3108,5.543,5.546,5.5205,5.525,912,HG.v.0
2025-07-09 19:00:00+00:00,34,1,3108,5.5245,5.555,5.5245,5.549,929,HG.v.0
2025-07-09 20:00:00+00:00,34,1,3108,5.5495,5.5495,5.5355,5.5435,311,HG.v.0
2025-07-09 22:00:00+00:00,34,1,3108,5.541,5.5425,5.5255,5.533,199,HG.v.0
2025-07-09 23:00:00+00:00,34,1,3108,5.532,5.543,5.528,5.543,149,HG.v.0
2025-07-10 00:00:00+00:00,34,1,3108,5.543,5.6695,5.542,5.63,3200,HG.v.0
2025-07-10 01:00:00+00:00,34,1,3108,5.631,5.6535,5.577,5.597,1717,HG.v.0
2025-07-10 02:00:00+00:00,34,1,3108,5.597,5.627,5.5945,5.621,505,HG.v.0
2025-07-10 03:00:00+00:00,34,1,3108,5.623,5.6245,5.61,5.618,430,HG.v.0
2025-07-10 04:00:00+00:00,34,1,3108,5.618,5.629,5.6135,5.625,434,HG.v.0
2025-07-10 05:00:00+00:00,34,1,3108,5.627,5.638,5.6105,5.625,818,HG.v.0
2025-07-10 06:00:00+00:00,34,1,3108,5.625,5.647,5.62,5.6375,1383,HG.v.0
2025-07-10 07:00:00+00:00,34,1,3108,5.637,5.6855,5.6145,5.622,2506,HG.v.0
2025-07-10 08:00:00+00:00,34,1,3108,5.6245,5.64,5.5825,5.6115,1457,HG.v.0
2025-07-10 09:00:00+00:00,34,1,3108,5.6125,5.6285,5.592,5.603,847,HG.v.0
2025-07-10 10:00:00+00:00,34,1,3108,5.5975,5.6225,5.5845,5.62,1123,HG.v.0
2025-07-10 11:00:00+00:00,34,1,3108,5.622,5.6465,5.5445,5.565,2617,HG.v.0
2025-07-10 12:00:00+00:00,34,1,3108,5.569,5.625,5.569,5.6155,3028,HG.v.0
2025-07-10 13:00:00+00:00,34,1,3108,5.6155,5.639,5.5835,5.596,3521,HG.v.0
2025-07-10 14:00:00+00:00,34,1,3108,5.5985,5.607,5.57,5.592,2878,HG.v.0
2025-07-10 15:00:00+00:00,34,1,3108,5.5925,5.62,5.5925,5.6025,2196,HG.v.0
2025-07-10 16:00:00+00:00,34,1,3108,5.603,5.6175,5.5845,5.5875,2955,HG.v.0
2025-07-10 17:00:00+00:00,34,1,3108,5.587,5.6085,5.579,5.6055,995,HG.v.0
2025-07-10 18:00:00+00:00,34,1,3108,5.6045,5.628,5.6025,5.6165,572,HG.v.0
2025-07-10 19:00:00+00:00,34,1,3108,5.6165,5.629,5.616,5.6245,526,HG.v.0
2025-07-10 20:00:00+00:00,34,1,3108,5.6235,5.6315,5.6205,5.6275,440,HG.v.0
2025-07-10 22:00:00+00:00,34,1,3108,5.629,5.6325,5.6105,5.6125,193,HG.v.0
2025-07-10 23:00:00+00:00,34,1,3108,5.6125,5.6625,5.6125,5.629,449,HG.v.0
2025-07-11 00:00:00+00:00,34,1,3108,5.6295,5.632,5.5915,5.603,557,HG.v.0
2025-07-11 01:00:00+00:00,34,1,3108,5.6025,5.624,5.5945,5.603,522,HG.v.0
2025-07-11 02:00:00+00:00,34,1,3108,5.6025,5.6145,5.601,5.604,191,HG.v.0
2025-07-11 03:00:00+00:00,34,1,3108,5.601,5.606,5.584,5.5875,483,HG.v.0
2025-07-11 04:00:00+00:00,34,1,3108,5.5895,5.5895,5.566,5.569,599,HG.v.0
2025-07-11 05:00:00+00:00,34,1,3108,5.5705,5.586,5.56,5.563,541,HG.v.0
2025-07-11 06:00:00+00:00,34,1,3108,5.562,5.577,5.543,5.5485,1124,HG.v.0
2025-07-11 07:00:00+00:00,34,1,3108,5.5435,5.552,5.5225,5.5385,1545,HG.v.0
2025-07-11 08:00:00+00:00,34,1,3108,5.54,5.548,5.5015,5.514,1979,HG.v.0
2025-07-11 09:00:00+00:00,34,1,3108,5.513,5.521,5.482,5.502,1444,HG.v.0
2025-07-11 10:00:00+00:00,34,1,3108,5.503,5.5055,5.4735,5.483,1066,HG.v.0
2025-07-11 11:00:00+00:00,34,1,3108,5.4835,5.5205,5.4815,5.508,1214,HG.v.0
2025-07-11 12:00:00+00:00,34,1,3108,5.5085,5.52,5.49,5.516,2083,HG.v.0
2025-07-11 13:00:00+00:00,34,1,3108,5.514,5.551,5.503,5.528,3087,HG.v.0
2025-07-11 14:00:00+00:00,34,1,3108,5.5295,5.548,5.527,5.5415,2168,HG.v.0
2025-07-11 15:00:00+00:00,34,1,3108,5.5415,5.5925,5.5325,5.5915,2610,HG.v.0
2025-07-11 16:00:00+00:00,34,1,3108,5.59,5.6205,5.5555,5.5965,3507,HG.v.0
2025-07-11 17:00:00+00:00,34,1,3108,5.5955,5.6335,5.582,5.629,1913,HG.v.0
2025-07-11 18:00:00+00:00,34,1,3108,5.6295,5.631,5.602,5.602,560,HG.v.0
2025-07-11 19:00:00+00:00,34,1,3108,5.6035,5.6065,5.573,5.577,657,HG.v.0
2025-07-11 20:00:00+00:00,34,1,3108,5.577,5.588,5.577,5.584,320,HG.v.0
2025-07-13 22:00:00+00:00,34,1,3108,5.583,5.593,5.5705,5.577,338,HG.v.0
2025-07-13 23:00:00+00:00,34,1,3108,5.5765,5.593,5.5735,5.592,129,HG.v.0
2025-07-14 00:00:00+00:00,34,1,3108,5.5905,5.6025,5.565,5.5725,484,HG.v.0
2025-07-14 01:00:00+00:00,34,1,3108,5.573,5.598,5.569,5.594,890,HG.v.0
2025-07-14 02:00:00+00:00,34,1,3108,5.594,5.603,5.5775,5.5825,394,HG.v.0
2025-07-14 03:00:00+00:00,34,1,3108,5.5825,5.587,5.578,5.5855,239,HG.v.0
2025-07-14 04:00:00+00:00,34,1,3108,5.5845,5.5845,5.574,5.575,239,HG.v.0
2025-07-14 05:00:00+00:00,34,1,3108,5.575,5.5895,5.555,5.561,853,HG.v.0
2025-07-14 06:00:00+00:00,34,1,3108,5.5615,5.5725,5.5405,5.559,868,HG.v.0
2025-07-14 07:00:00+00:00,34,1,3108,5.558,5.583,5.5545,5.5645,897,HG.v.0
2025-07-14 08:00:00+00:00,34,1,3108,5.564,5.564,5.52,5.5365,1224,HG.v.0
2025-07-14 09:00:00+00:00,34,1,3108,5.536,5.5455,5.521,5.54,734,HG.v.0
2025-07-14 10:00:00+00:00,34,1,3108,5.5425,5.5465,5.499,5.5105,1282,HG.v.0
2025-07-14 11:00:00+00:00,34,1,3108,5.5105,5.5305,5.509,5.5255,985,HG.v.0
2025-07-14 12:00:00+00:00,34,1,3108,5.5245,5.537,5.4865,5.51,2779,HG.v.0
2025-07-14 13:00:00+00:00,34,1,3108,5.5115,5.512,5.455,5.4925,4097,HG.v.0
2025-07-14 14:00:00+00:00,34,1,3108,5.4915,5.5475,5.4885,5.539,3236,HG.v.0
2025-07-14 15:00:00+00:00,34,1,3108,5.5395,5.5465,5.512,5.532,2550,HG.v.0
2025-07-14 16:00:00+00:00,34,1,3108,5.5325,5.556,5.5255,5.547,2907,HG.v.0
2025-07-14 17:00:00+00:00,34,1,3108,5.547,5.557,5.536,5.546,1043,HG.v.0
2025-07-14 18:00:00+00:00,34,1,3108,5.5465,5.549,5.538,5.546,248,HG.v.0
2025-07-14 19:00:00+00:00,34,1,3108,5.5465,5.5495,5.521,5.531,551,HG.v.0
2025-07-14 20:00:00+00:00,34,1,3108,5.5315,5.5335,5.525,5.5255,203,HG.v.0
2025-07-14 22:00:00+00:00,34,1,3108,5.525,5.53,5.4925,5.5205,250,HG.v.0
2025-07-14 23:00:00+00:00,34,1,3108,5.521,5.5305,5.5195,5.5305,75,HG.v.0
2025-07-15 00:00:00+00:00,34,1,3108,5.53,5.536,5.5275,5.532,220,HG.v.0
2025-07-15 01:00:00+00:00,34,1,3108,5.532,5.5495,5.5155,5.542,575,HG.v.0
2025-07-15 02:00:00+00:00,34,1,3108,5.543,5.544,5.4935,5.5025,814,HG.v.0
2025-07-15 03:00:00+00:00,34,1,3108,5.503,5.526,5.501,5.518,430,HG.v.0
2025-07-15 04:00:00+00:00,34,1,3108,5.5165,5.5225,5.514,5.514,218,HG.v.0
2025-07-15 05:00:00+00:00,34,1,3108,5.514,5.548,5.5125,5.5475,540,HG.v.0
2025-07-15 06:00:00+00:00,34,1,3108,5.5475,5.564,5.5425,5.5535,666,HG.v.0
2025-07-15 07:00:00+00:00,34,1,3108,5.5545,5.569,5.539,5.5575,720,HG.v.0
2025-07-15 08:00:00+00:00,34,1,3108,5.556,5.562,5.5235,5.551,913,HG.v.0
2025-07-15 09:00:00+00:00,34,1,3108,5.5515,5.557,5.5435,5.551,381,HG.v.0
2025-07-15 10:00:00+00:00,34,1,3108,5.5525,5.5745,5.5525,5.5655,1086,HG.v.0
2025-07-15 11:00:00+00:00,34,1,3108,5.566,5.5685,5.543,5.548,1041,HG.v.0
2025-07-15 12:00:00+00:00,34,1,3108,5.549,5.5665,5.545,5.545,1353,HG.v.0
2025-07-15 13:00:00+00:00,34,1,3108,5.5465,5.56,5.5135,5.5295,2466,HG.v.0
2025-07-15 14:00:00+00:00,34,1,3108,5.53,5.543,5.5085,5.515,2534,HG.v.0
2025-07-15 15:00:00+00:00,34,1,3108,5.516,5.573,5.506,5.549,3280,HG.v.0
2025-07-15 16:00:00+00:00,34,1,3108,5.5485,5.5845,5.5365,5.575,3164,HG.v.0
2025-07-15 17:00:00+00:00,34,1,3108,5.5755,5.6125,5.5755,5.6105,1857,HG.v.0
2025-07-15 18:00:00+00:00,34,1,3108,5.6095,5.6095,5.5575,5.5745,1712,HG.v.0
2025-07-15 19:00:00+00:00,34,1,3108,5.574,5.574,5.546,5.551,820,HG.v.0
2025-07-15 20:00:00+00:00,34,1,3108,5.5505,5.551,5.512,5.5165,1076,HG.v.0
2025-07-15 22:00:00+00:00,34,1,3108,5.5155,5.529,5.5155,5.524,203,HG.v.0
2025-07-15 23:00:00+00:00,34,1,3108,5.5245,5.535,5.5245,5.533,120,HG.v.0
2025-07-16 00:00:00+00:00,34,1,3108,5.5325,5.5345,5.5195,5.522,399,HG.v.0
2025-07-16 01:00:00+00:00,34,1,3108,5.5225,5.536,5.513,5.5335,513,HG.v.0
2025-07-16 02:00:00+00:00,34,1,3108,5.533,5.533,5.5215,5.5265,163,HG.v.0
2025-07-16 03:00:00+00:00,34,1,3108,5.5265,5.55,5.5265,5.53,498,HG.v.0
2025-07-16 04:00:00+00:00,34,1,3108,5.528,5.5305,5.5195,5.523,182,HG.v.0
2025-07-16 05:00:00+00:00,34,1,3108,5.523,5.5245,5.487,5.499,1021,HG.v.0
2025-07-16 06:00:00+00:00,34,1,3108,5.499,5.5195,5.499,5.516,930,HG.v.0
2025-07-16 07:00:00+00:00,34,1,3108,5.5175,5.536,5.513,5.5325,1058,HG.v.0
2025-07-16 08:00:00+00:00,34,1,3108,5.532,5.54,5.503,5.518,1367,HG.v.0
2025-07-16 09:00:00+00:00,34,1,3108,5.5215,5.531,5.507,5.5175,696,HG.v.0
2025-07-16 10:00:00+00:00,34,1,3108,5.5185,5.5325,5.513,5.5235,537,HG.v.0
2025-07-16 11:00:00+00:00,34,1,3108,5.523,5.536,5.518,5.53,636,HG.v.0
2025-07-16 12:00:00+00:00,34,1,3108,5.5305,5.5665,5.525,5.5285,2432,HG.v.0
2025-07-16 13:00:00+00:00,34,1,3108,5.5285,5.5375,5.5005,5.503,2921,HG.v.0
2025-07-16 14:00:00+00:00,34,1,3108,5.5035,5.5105,5.468,5.49,4026,HG.v.0
2025-07-16 15:00:00+00:00,34,1,3108,5.4895,5.556,5.4865,5.526,4283,HG.v.0
2025-07-16 16:00:00+00:00,34,1,3108,5.524,5.5375,5.516,5.521,2658,HG.v.0
2025-07-16 17:00:00+00:00,34,1,3108,5.5215,5.5375,5.5205,5.5245,838,HG.v.0
2025-07-16 18:00:00+00:00,34,1,3108,5.524,5.524,5.51,5.515,315,HG.v.0
2025-07-16 19:00:00+00:00,34,1,3108,5.515,5.523,5.51,5.513,483,HG.v.0
2025-07-16 20:00:00+00:00,34,1,3108,5.513,5.5195,5.5035,5.5185,371,HG.v.0
2025-07-16 22:00:00+00:00,34,1,3108,5.5175,5.519,5.5065,5.508,135,HG.v.0
2025-07-16 23:00:00+00:00,34,1,3108,5.5095,5.515,5.507,5.5145,54,HG.v.0
2025-07-17 00:00:00+00:00,34,1,3108,5.5165,5.519,5.5065,5.5145,222,HG.v.0
2025-07-17 01:00:00+00:00,34,1,3108,5.516,5.523,5.4985,5.523,630,HG.v.0
2025-07-17 02:00:00+00:00,34,1,3108,5.523,5.526,5.5045,5.5145,253,HG.v.0
2025-07-17 03:00:00+00:00,34,1,3108,5.513,5.526,5.5065,5.523,279,HG.v.0
2025-07-17 04:00:00+00:00,34,1,3108,5.522,5.5295,5.5195,5.5275,138,HG.v.0
2025-07-17 05:00:00+00:00,34,1,3108,5.527,5.5285,5.5175,5.521,238,HG.v.0
2025-07-17 06:00:00+00:00,34,1,3108,5.522,5.523,5.492,5.4975,818,HG.v.0
2025-07-17 07:00:00+00:00,34,1,3108,5.497,5.499,5.485,5.492,904,HG.v.0
2025-07-17 08:00:00+00:00,34,1,3108,5.4925,5.516,5.4925,5.507,712,HG.v.0
2025-07-17 09:00:00+00:00,34,1,3108,5.508,5.5265,5.5055,5.518,672,HG.v.0
2025-07-17 10:00:00+00:00,34,1,3108,5.5185,5.5215,5.5075,5.508,192,HG.v.0
2025-07-17 11:00:00+00:00,34,1,3108,5.508,5.5135,5.497,5.4975,839,HG.v.0
2025-07-17 12:00:00+00:00,34,1,3108,5.498,5.5175,5.4795,5.4855,1864,HG.v.0
2025-07-17 13:00:00+00:00,34,1,3108,5.4855,5.497,5.477,5.482,1827,HG.v.0
2025-07-17 14:00:00+00:00,34,1,3108,5.482,5.4945,5.474,5.493,1694,HG.v.0
2025-07-17 15:00:00+00:00,34,1,3108,5.4925,5.5145,5.4835,5.4995,1879,HG.v.0
2025-07-17 16:00:00+00:00,34,1,3108,5.5,5.525,5.497,5.511,2234,HG.v.0
2025-07-17 17:00:00+00:00,34,1,3108,5.512,5.514,5.4955,5.5025,636,HG.v.0
2025-07-17 18:00:00+00:00,34,1,3108,5.5025,5.5065,5.499,5.5035,246,HG.v.0
2025-07-17 19:00:00+00:00,34,1,3108,5.5025,5.5095,5.502,5.5075,349,HG.v.0
2025-07-17 20:00:00+00:00,34,1,3108,5.5075,5.508,5.4935,5.498,343,HG.v.0
2025-07-17 22:00:00+00:00,34,1,3108,5.498,5.5055,5.4955,5.5035,93,HG.v.0
2025-07-17 23:00:00+00:00,34,1,3108,5.5035,5.5065,5.5025,5.5055,59,HG.v.0
2025-07-18 00:00:00+00:00,34,1,3108,5.5055,5.524,5.5055,5.5195,355,HG.v.0
2025-07-18 01:00:00+00:00,34,1,3108,5.519,5.53,5.518,5.5255,402,HG.v.0
2025-07-18 02:00:00+00:00,34,1,3108,5.5265,5.545,5.514,5.5395,508,HG.v.0
2025-07-18 03:00:00+00:00,34,1,3108,5.5375,5.54,5.5215,5.5255,272,HG.v.0
2025-07-18 04:00:00+00:00,34,1,3108,5.5245,5.5345,5.5205,5.533,110,HG.v.0
2025-07-18 05:00:00+00:00,34,1,3108,5.532,5.537,5.52,5.521,252,HG.v.0
2025-07-18 06:00:00+00:00,34,1,3108,5.522,5.562,5.5205,5.555,839,HG.v.0
2025-07-18 07:00:00+00:00,34,1,3108,5.554,5.565,5.545,5.5565,729,HG.v.0
2025-07-18 08:00:00+00:00,34,1,3108,5.557,5.585,5.557,5.578,1673,HG.v.0
2025-07-18 09:00:00+00:00,34,1,3108,5.5775,5.591,5.5735,5.589,788,HG.v.0
2025-07-18 10:00:00+00:00,34,1,3108,5.589,5.594,5.575,5.581,684,HG.v.0
2025-07-18 11:00:00+00:00,34,1,3108,5.5815,5.5815,5.561,5.5795,689,HG.v.0
2025-07-18 12:00:00+00:00,34,1,3108,5.58,5.608,5.5425,5.5475,2664,HG.v.0
2025-07-18 13:00:00+00:00,34,1,3108,5.5485,5.5825,5.5325,5.581,2819,HG.v.0
2025-07-18 14:00:00+00:00,34,1,3108,5.582,5.5905,5.563,5.5755,1770,HG.v.0
2025-07-18 15:00:00+00:00,34,1,3108,5.5755,5.6095,5.575,5.601,1578,HG.v.0
2025-07-18 16:00:00+00:00,34,1,3108,5.601,5.615,5.5975,5.6065,2209,HG.v.0
2025-07-18 17:00:00+00:00,34,1,3108,5.6065,5.6075,5.58,5.6015,1208,HG.v.0
2025-07-18 18:00:00+00:00,34,1,3108,5.601,5.6035,5.5935,5.596,318,HG.v.0
2025-07-18 19:00:00+00:00,34,1,3108,5.597,5.5995,5.581,5.5845,586,HG.v.0
2025-07-18 20:00:00+00:00,34,1,3108,5.584,5.59,5.578,5.5815,339,HG.v.0
2025-07-20 22:00:00+00:00,34,1,3108,5.591,5.591,5.5635,5.574,467,HG.v.0
2025-07-20 23:00:00+00:00,34,1,3108,5.576,5.579,5.5695,5.577,130,HG.v.0
2025-07-21 00:00:00+00:00,34,1,3108,5.578,5.58,5.57,5.572,273,HG.v.0
2025-07-21 01:00:00+00:00,34,1,3108,5.5735,5.642,5.566,5.637,1366,HG.v.0
2025-07-21 02:00:00+00:00,34,1,3108,5.6355,5.636,5.604,5.613,593,HG.v.0
2025-07-21 03:00:00+00:00,34,1,3108,5.6155,5.6245,5.592,5.5995,443,HG.v.0
2025-07-21 04:00:00+00:00,34,1,3108,5.5995,5.61,5.595,5.608,160,HG.v.0
2025-07-21 05:00:00+00:00,34,1,3108,5.608,5.6365,5.6,5.6225,438,HG.v.0
2025-07-21 06:00:00+00:00,34,1,3108,5.622,5.6275,5.608,5.6245,630,HG.v.0
2025-07-21 07:00:00+00:00,34,1,3108,5.625,5.6685,5.615,5.6435,1509,HG.v.0
2025-07-21 08:00:00+00:00,34,1,3108,5.643,5.66,5.6375,5.64,820,HG.v.0
2025-07-21 09:00:00+00:00,34,1,3108,5.6385,5.6385,5.613,5.635,662,HG.v.0
2025-07-21 10:00:00+00:00,34,1,3108,5.635,5.6435,5.62,5.623,488,HG.v.0
2025-07-21 11:00:00+00:00,34,1,3108,5.6235,5.647,5.623,5.6425,558,HG.v.0
2025-07-21 12:00:00+00:00,34,1,3108,5.6435,5.6495,5.6175,5.628,1807,HG.v.0
2025-07-21 13:00:00+00:00,34,1,3108,5.6275,5.629,5.5935,5.6055,2131,HG.v.0
2025-07-21 14:00:00+00:00,34,1,3108,5.604,5.6165,5.597,5.6105,1584,HG.v.0
2025-07-21 15:00:00+00:00,34,1,3108,5.6105,5.6285,5.5985,5.6265,1650,HG.v.0
2025-07-21 16:00:00+00:00,34,1,3108,5.6265,5.641,5.6185,5.637,1898,HG.v.0
2025-07-21 17:00:00+00:00,34,1,3108,5.6375,5.647,5.6335,5.641,712,HG.v.0
2025-07-21 18:00:00+00:00,34,1,3108,5.642,5.6445,5.638,5.6435,233,HG.v.0
2025-07-21 19:00:00+00:00,34,1,3108,5.6435,5.6445,5.6355,5.6365,359,HG.v.0
2025-07-21 20:00:00+00:00,34,1,3108,5.6375,5.642,5.635,5.6405,205,HG.v.0
2025-07-21 22:00:00+00:00,34,1,3108,5.641,5.6445,5.6365,5.642,136,HG.v.0
2025-07-21 23:00:00+00:00,34,1,3108,5.642,5.6485,5.6215,5.628,305,HG.v.0
2025-07-22 00:00:00+00:00,34,1,3108,5.6295,5.636,5.6255,5.6275,170,HG.v.0
2025-07-22 01:00:00+00:00,34,1,3108,5.628,5.6365,5.6115,5.6115,431,HG.v.0
2025-07-22 02:00:00+00:00,34,1,3108,5.611,5.618,5.604,5.612,276,HG.v.0
2025-07-22 03:00:00+00:00,34,1,3108,5.6115,5.6125,5.602,5.6025,177,HG.v.0
2025-07-22 04:00:00+00:00,34,1,3108,5.6025,5.606,5.575,5.5895,317,HG.v.0
2025-07-22 05:00:00+00:00,34,1,3108,5.5895,5.6085,5.586,5.6075,360,HG.v.0
2025-07-22 06:00:00+00:00,34,1,3108,5.608,5.632,5.606,5.625,496,HG.v.0
2025-07-22 07:00:00+00:00,34,1,3108,5.6255,5.6435,5.622,5.638,605,HG.v.0
2025-07-22 08:00:00+00:00,34,1,3108,5.636,5.66,5.6235,5.6475,1124,HG.v.0
2025-07-22 09:00:00+00:00,34,1,3108,5.6485,5.6775,5.647,5.662,1231,HG.v.0
2025-07-22 10:00:00+00:00,34,1,3108,5.663,5.6685,5.6555,5.6555,421,HG.v.0
2025-07-22 11:00:00+00:00,34,1,3108,5.6585,5.664,5.65,5.6575,486,HG.v.0
2025-07-22 12:00:00+00:00,34,1,3108,5.6585,5.673,5.6565,5.6695,1171,HG.v.0
2025-07-22 13:00:00+00:00,34,1,3108,5.67,5.719,5.654,5.66,4302,HG.v.0
2025-07-22 14:00:00+00:00,34,1,3108,5.6595,5.6925,5.6185,5.679,2346,HG.v.0
2025-07-22 15:00:00+00:00,34,1,3108,5.6795,5.708,5.6795,5.6975,2526,HG.v.0
2025-07-22 16:00:00+00:00,34,1,3108,5.698,5.726,5.697,5.724,2795,HG.v.0
2025-07-22 17:00:00+00:00,34,1,3108,5.724,5.7275,5.6955,5.714,1254,HG.v.0
2025-07-22 18:00:00+00:00,34,1,3108,5.7135,5.7325,5.7125,5.731,706,HG.v.0
2025-07-22 19:00:00+00:00,34,1,3108,5.731,5.7435,5.726,5.7325,746,HG.v.0
2025-07-22 20:00:00+00:00,34,1,3108,5.732,5.7715,5.732,5.768,1120,HG.v.0
2025-07-22 22:00:00+00:00,34,1,3108,5.765,5.773,5.75,5.7505,428,HG.v.0
2025-07-22 23:00:00+00:00,34,1,3108,5.7515,5.766,5.7515,5.7605,192,HG.v.0
2025-07-23 00:00:00+00:00,34,1,3108,5.7605,5.789,5.7605,5.7805,712,HG.v.0
2025-07-23 01:00:00+00:00,34,1,3108,5.781,5.785,5.722,5.7365,1571,HG.v.0
2025-07-23 02:00:00+00:00,34,1,3108,5.735,5.7565,5.73,5.746,546,HG.v.0
2025-07-23 03:00:00+00:00,34,1,3108,5.744,5.7745,5.74,5.7715,377,HG.v.0
2025-07-23 04:00:00+00:00,34,1,3108,5.773,5.7805,5.77,5.7745,319,HG.v.0
2025-07-23 05:00:00+00:00,34,1,3108,5.774,5.789,5.761,5.764,450,HG.v.0
2025-07-23 06:00:00+00:00,34,1,3108,5.765,5.767,5.7385,5.757,770,HG.v.0
2025-07-23 07:00:00+00:00,34,1,3108,5.7565,5.7675,5.7275,5.7475,1059,HG.v.0
2025-07-23 08:00:00+00:00,34,1,3108,5.7485,5.7945,5.7485,5.793,1019,HG.v.0
2025-07-23 09:00:00+00:00,34,1,3108,5.793,5.8235,5.793,5.814,1720,HG.v.0
2025-07-23 10:00:00+00:00,34,1,3108,5.8125,5.8425,5.8115,5.83,1278,HG.v.0
2025-07-23 11:00:00+00:00,34,1,3108,5.83,5.8335,5.803,5.822,903,HG.v.0
2025-07-23 12:00:00+00:00,34,1,3108,5.823,5.849,5.8075,5.844,1996,HG.v.0
2025-07-23 13:00:00+00:00,34,1,3108,5.845,5.93,5.8375,5.8915,6381,HG.v.0
2025-07-23 14:00:00+00:00,34,1,3108,5.8915,5.926,5.8625,5.866,3314,HG.v.0
2025-07-23 15:00:00+00:00,34,1,3108,5.868,5.874,5.835,5.856,3129,HG.v.0
2025-07-23 16:00:00+00:00,34,1,3108,5.856,5.856,5.8055,5.819,3523,HG.v.0
2025-07-23 17:00:00+00:00,34,1,3108,5.819,5.8355,5.81,5.8335,927,HG.v.0
2025-07-23 18:00:00+00:00,34,1,3108,5.834,5.8425,5.827,5.8305,482,HG.v.0
2025-07-23 19:00:00+00:00,34,1,3108,5.83,5.841,5.824,5.83,539,HG.v.0
2025-07-23 20:00:00+00:00,34,1,3108,5.833,5.847,5.8275,5.8395,394,HG.v.0
2025-07-23 22:00:00+00:00,34,1,3108,5.8445,5.849,5.8355,5.847,156,HG.v.0
2025-07-23 23:00:00+00:00,34,1,3108,5.8485,5.8495,5.8365,5.8395,144,HG.v.0
2025-07-24 00:00:00+00:00,34,1,3108,5.839,5.847,5.8355,5.8445,159,HG.v.0
2025-07-24 01:00:00+00:00,34,1,3108,5.845,5.855,5.8285,5.84,376,HG.v.0
2025-07-24 02:00:00+00:00,34,1,3108,5.835,5.8745,5.8305,5.874,708,HG.v.0
2025-07-24 03:00:00+00:00,34,1,3108,5.8725,5.8725,5.8495,5.8605,289,HG.v.0
2025-07-24 04:00:00+00:00,34,1,3108,5.858,5.88,5.8565,5.8665,433,HG.v.0
2025-07-24 05:00:00+00:00,34,1,3108,5.8675,5.8995,5.8635,5.88,923,HG.v.0
2025-07-24 06:00:00+00:00,34,1,3108,5.8775,5.9585,5.873,5.93,2538,HG.v.0
2025-07-24 07:00:00+00:00,34,1,3108,5.9325,5.934,5.8965,5.9085,1179,HG.v.0
2025-07-24 08:00:00+00:00,34,1,3108,5.91,5.933,5.88,5.892,1242,HG.v.0
2025-07-24 09:00:00+00:00,34,1,3108,5.8925,5.92,5.87,5.9135,934,HG.v.0
2025-07-24 10:00:00+00:00,34,1,3108,5.9135,5.9345,5.9055,5.907,761,HG.v.0
2025-07-24 11:00:00+00:00,34,1,3108,5.9085,5.9155,5.8845,5.897,596,HG.v.0
2025-07-24 12:00:00+00:00,34,1,3108,5.8965,5.909,5.8015,5.813,4621,HG.v.0
2025-07-24 13:00:00+00:00,34,1,3108,5.811,5.844,5.7855,5.8175,3265,HG.v.0
2025-07-24 14:00:00+00:00,34,1,3108,5.819,5.8555,5.815,5.831,1955,HG.v.0
2025-07-24 15:00:00+00:00,34,1,3108,5.832,5.8385,5.791,5.794,1750,HG.v.0
2025-07-24 16:00:00+00:00,34,1,3108,5.7965,5.814,5.781,5.8035,2244,HG.v.0
2025-07-24 17:00:00+00:00,34,1,3108,5.8025,5.824,5.7965,5.819,644,HG.v.0
2025-07-24 18:00:00+00:00,34,1,3108,5.8185,5.836,5.813,5.834,315,HG.v.0
2025-07-24 19:00:00+00:00,34,1,3108,5.832,5.8355,5.8285,5.832,398,HG.v.0
2025-07-24 20:00:00+00:00,34,1,3108,5.8315,5.8325,5.8205,5.826,331,HG.v.0
2025-07-24 22:00:00+00:00,34,1,3108,5.827,5.827,5.8075,5.8225,179,HG.v.0
2025-07-24 23:00:00+00:00,34,1,3108,5.822,5.83,5.8215,5.828,81,HG.v.0
2025-07-25 00:00:00+00:00,34,1,3108,5.828,5.838,5.825,5.8345,225,HG.v.0
2025-07-25 01:00:00+00:00,34,1,3108,5.834,5.835,5.8085,5.822,294,HG.v.0
2025-07-25 02:00:00+00:00,34,1,3108,5.822,5.829,5.7975,5.7995,383,HG.v.0
2025-07-25 03:00:00+00:00,34,1,3108,5.801,5.8015,5.7905,5.791,253,HG.v.0
2025-07-25 04:00:00+00:00,34,1,3108,5.7925,5.8005,5.785,5.795,123,HG.v.0
2025-07-25 05:00:00+00:00,34,1,3108,5.794,5.8235,5.794,5.8235,279,HG.v.0
2025-07-25 06:00:00+00:00,34,1,3108,5.822,5.826,5.7925,5.8115,622,HG.v.0
2025-07-25 07:00:00+00:00,34,1,3108,5.8125,5.822,5.8025,5.818,533,HG.v.0
2025-07-25 08:00:00+00:00,34,1,3108,5.8185,5.834,5.7935,5.8045,1022,HG.v.0
2025-07-25 09:00:00+00:00,34,1,3108,5.803,5.816,5.7955,5.8035,700,HG.v.0
2025-07-25 10:00:00+00:00,34,1,3108,5.8015,5.8065,5.761,5.786,1161,HG.v.0
2025-07-25 11:00:00+00:00,34,1,3108,5.7885,5.8115,5.7825,5.8085,496,HG.v.0
2025-07-25 12:00:00+00:00,34,1,3108,5.8085,5.8155,5.7825,5.784,1066,HG.v.0
2025-07-25 13:00:00+00:00,34,1,3108,5.7825,5.791,5.7625,5.7865,2016,HG.v.0
2025-07-25 14:00:00+00:00,34,1,3108,5.7875,5.822,5.785,5.7935,2232,HG.v.0
2025-07-25 15:00:00+00:00,34,1,3108,5.793,5.793,5.744,5.754,2474,HG.v.0
2025-07-25 16:00:00+00:00,34,1,3108,5.754,5.789,5.7495,5.789,2668,HG.v.0
2025-07-25 17:00:00+00:00,34,1,3108,5.789,5.794,5.7765,5.785,921,HG.v.0
2025-07-25 18:00:00+00:00,34,1,3108,5.785,5.799,5.7845,5.793,378,HG.v.0
2025-07-25 19:00:00+00:00,34,1,3108,5.7925,5.8025,5.787,5.791,579,HG.v.0
2025-07-25 20:00:00+00:00,34,1,3108,5.7915,5.809,5.79,5.804,296,HG.v.0
2025-07-27 22:00:00+00:00,34,1,3108,5.7965,5.846,5.788,5.82,563,HG.v.0
2025-07-27 23:00:00+00:00,34,1,3108,5.82,5.831,5.816,5.8185,164,HG.v.0
2025-07-28 00:00:00+00:00,34,1,3108,5.817,5.819,5.804,5.8085,220,HG.v.0
2025-07-28 01:00:00+00:00,34,1,3108,5.8115,5.832,5.782,5.783,873,HG.v.0
2025-07-28 02:00:00+00:00,34,1,3108,5.782,5.7945,5.778,5.79,299,HG.v.0
2025-07-28 03:00:00+00:00,34,1,3108,5.791,5.796,5.7765,5.7825,270,HG.v.0
2025-07-28 04:00:00+00:00,34,1,3108,5.784,5.7865,5.776,5.777,111,HG.v.0
2025-07-28 05:00:00+00:00,34,1,3108,5.7765,5.7905,5.77,5.7905,285,HG.v.0
2025-07-28 06:00:00+00:00,34,1,3108,5.7905,5.82,5.79,5.8025,534,HG.v.0
2025-07-28 07:00:00+00:00,34,1,3108,5.8035,5.8095,5.754,5.7685,823,HG.v.0
2025-07-28 08:00:00+00:00,34,1,3108,5.7685,5.7925,5.761,5.7875,607,HG.v.0
2025-07-28 09:00:00+00:00,34,1,3108,5.7865,5.7935,5.7765,5.783,398,HG.v.0
2025-07-28 10:00:00+00:00,34,1,3108,5.7825,5.791,5.776,5.781,430,HG.v.0
2025-07-28 11:00:00+00:00,34,1,3108,5.7815,5.806,5.7795,5.7975,811,HG.v.0
2025-07-28 12:00:00+00:00,34,1,3108,5.7975,5.8015,5.757,5.7685,1738,HG.v.0
2025-07-28 13:00:00+00:00,34,1,3108,5.7695,5.7775,5.733,5.74,2339,HG.v.0
2025-07-28 14:00:00+00:00,34,1,3108,5.738,5.7505,5.4265,5.628,19522,HG.v.0
2025-07-28 15:00:00+00:00,34,1,3108,5.6255,5.63,5.585,5.623,4044,HG.v.0
2025-07-28 16:00:00+00:00,34,1,3108,5.6215,5.643,5.6065,5.6115,3275,HG.v.0
2025-07-28 17:00:00+00:00,34,1,3108,5.612,5.619,5.598,5.6115,1252,HG.v.0
2025-07-28 18:00:00+00:00,34,1,3108,5.61,5.623,5.604,5.617,529,HG.v.0
2025-07-28 19:00:00+00:00,34,1,3108,5.6175,5.6265,5.6125,5.623,504,HG.v.0
2025-07-28 20:00:00+00:00,34,1,3108,5.6235,5.631,5.617,5.62,307,HG.v.0
2025-07-28 22:00:00+00:00,34,1,3108,5.624,5.63,5.617,5.619,199,HG.v.0
2025-07-28 23:00:00+00:00,34,1,3108,5.6185,5.62,5.6125,5.614,136,HG.v.0
2025-07-29 00:00:00+00:00,34,1,3108,5.6135,5.618,5.605,5.6155,359,HG.v.0
2025-07-29 01:00:00+00:00,34,1,3108,5.6145,5.624,5.6005,5.6005,500,HG.v.0
2025-07-29 02:00:00+00:00,34,1,3108,5.6005,5.616,5.593,5.607,474,HG.v.0
2025-07-29 03:00:00+00:00,34,1,3108,5.6065,5.6095,5.5845,5.5915,199,HG.v.0
2025-07-29 04:00:00+00:00,34,1,3108,5.5915,5.599,5.582,5.59,176,HG.v.0
2025-07-29 05:00:00+00:00,34,1,3108,5.589,5.6035,5.5865,5.593,300,HG.v.0
2025-07-29 06:00:00+00:00,34,1,3108,5.5935,5.61,5.5745,5.5785,640,HG.v.0
2025-07-29 07:00:00+00:00,34,1,3108,5.5785,5.599,5.555,5.592,1284,HG.v.0
2025-07-29 08:00:00+00:00,34,1,3108,5.593,5.616,5.58,5.609,624,HG.v.0
2025-07-29 09:00:00+00:00,34,1,3108,5.608,5.616,5.5965,5.6065,540,HG.v.0
2025-07-29 10:00:00+00:00,34,1,3108,5.608,5.63,5.606,5.6225,624,HG.v.0
2025-07-29 11:00:00+00:00,34,1,3108,5.623,5.6295,5.605,5.6085,717,HG.v.0
2025-07-29 12:00:00+00:00,34,1,3108,5.61,5.6495,5.607,5.643,1558,HG.v.0
2025-07-29 13:00:00+00:00,34,1,3108,5.6415,5.672,5.6305,5.6545,2416,HG.v.0
2025-07-29 14:00:00+00:00,34,1,3108,5.655,5.6735,5.62,5.623,1971,HG.v.0
2025-07-29 15:00:00+00:00,34,1,3108,5.6235,5.6375,5.615,5.631,1581,HG.v.0
2025-07-29 16:00:00+00:00,34,1,3108,5.6305,5.634,5.604,5.6305,2632,HG.v.0
2025-07-29 17:00:00+00:00,34,1,3108,5.629,5.67,5.613,5.652,1605,HG.v.0
2025-07-29 18:00:00+00:00,34,1,3108,5.653,5.661,5.6465,5.653,391,HG.v.0
2025-07-29 19:00:00+00:00,34,1,3108,5.653,5.655,5.647,5.651,291,HG.v.0
2025-07-29 20:00:00+00:00,34,1,3108,5.6515,5.6755,5.6515,5.6695,552,HG.v.0
2025-07-29 22:00:00+00:00,34,1,3108,5.66,5.6655,5.654,5.6555,150,HG.v.0
2025-07-29 23:00:00+00:00,34,1,3108,5.6555,5.6595,5.65,5.659,80,HG.v.0
2025-07-30 00:00:00+00:00,34,1,3108,5.6585,5.67,5.6555,5.667,210,HG.v.0
2025-07-30 01:00:00+00:00,34,1,3108,5.666,5.7,5.6555,5.672,704,HG.v.0
2025-07-30 02:00:00+00:00,34,1,3108,5.672,5.6885,5.669,5.678,301,HG.v.0
2025-07-30 03:00:00+00:00,34,1,3108,5.677,5.6805,5.657,5.67,230,HG.v.0
2025-07-30 04:00:00+00:00,34,1,3108,5.668,5.668,5.646,5.651,187,HG.v.0
2025-07-30 05:00:00+00:00,34,1,3108,5.651,5.654,5.624,5.634,361,HG.v.0
2025-07-30 06:00:00+00:00,34,1,3108,5.634,5.6615,5.629,5.638,349,HG.v.0
2025-07-30 07:00:00+00:00,34,1,3108,5.638,5.665,5.6205,5.6555,935,HG.v.0
2025-07-30 08:00:00+00:00,34,1,3108,5.6545,5.6545,5.602,5.6335,1516,HG.v.0
2025-07-30 09:00:00+00:00,34,1,3108,5.6325,5.644,5.609,5.618,860,HG.v.0
2025-07-30 10:00:00+00:00,34,1,3108,5.617,5.626,5.58,5.5985,1460,HG.v.0
2025-07-30 11:00:00+00:00,34,1,3108,5.598,5.6245,5.5955,5.6175,750,HG.v.0
2025-07-30 12:00:00+00:00,34,1,3108,5.6165,5.628,5.611,5.6175,1628,HG.v.0
2025-07-30 13:00:00+00:00,34,1,3108,5.617,5.6205,5.587,5.594,1917,HG.v.0
2025-07-30 14:00:00+00:00,34,1,3108,5.5925,5.6065,5.5625,5.575,1987,HG.v.0
2025-07-30 15:00:00+00:00,34,1,3108,5.573,5.582,5.553,5.5705,1751,HG.v.0
2025-07-30 16:00:00+00:00,34,1,3108,5.571,5.6,5.5675,5.5845,2207,HG.v.0
2025-07-30 17:00:00+00:00,34,1,3108,5.5845,5.595,5.572,5.5885,587,HG.v.0
2025-07-30 18:00:00+00:00,34,1,3108,5.5915,5.83,4.5155,4.631,37721,HG.v.0
2025-07-30 19:00:00+00:00,34,1,3108,4.631,4.6365,4.503,4.5235,12683,HG.v.0
2025-07-30 20:00:00+00:00,34,1,3108,4.5265,4.635,4.505,4.63,4665,HG.v.0
2025-07-30 22:00:00+00:00,34,1,3108,4.6395,4.649,4.6105,4.6385,1826,HG.v.0
2025-07-30 23:00:00+00:00,34,1,3108,4.6365,4.652,4.634,4.641,1485,HG.v.0
2025-07-31 00:00:00+00:00,34,1,3108,4.6395,4.6395,4.5,4.5345,8682,HG.v.0
2025-07-31 01:00:00+00:00,34,1,3108,4.533,4.535,4.444,4.45,5501,HG.v.0
2025-07-31 02:00:00+00:00,34,1,3108,4.4525,4.476,4.425,4.436,4504,HG.v.0
2025-07-31 03:00:00+00:00,34,1,3108,4.4385,4.447,4.4015,4.406,2710,HG.v.0
2025-07-31 04:00:00+00:00,34,1,3108,4.404,4.4535,4.404,4.445,1519,HG.v.0
2025-07-31 05:00:00+00:00,34,1,3108,4.4455,4.4535,4.431,4.4355,914,HG.v.0
2025-07-31 06:00:00+00:00,34,1,3108,4.4335,4.4335,4.341,4.3695,5649,HG.v.0
2025-07-31 07:00:00+00:00,34,1,3108,4.369,4.392,4.3325,4.378,6452,HG.v.0
2025-07-31 08:00:00+00:00,34,1,3108,4.376,4.415,4.348,4.4035,4861,HG.v.0
2025-07-31 09:00:00+00:00,34,1,3108,4.4015,4.4025,4.373,4.374,2824,HG.v.0
2025-07-31 10:00:00+00:00,34,1,3108,4.3725,4.3775,4.338,4.3475,4812,HG.v.0
2025-07-31 11:00:00+00:00,34,1,3108,4.3475,4.3885,4.34,4.373,3663,HG.v.0
2025-07-31 12:00:00+00:00,34,1,3108,4.3735,4.397,4.35,4.3835,6418,HG.v.0
2025-07-31 13:00:00+00:00,34,1,3108,4.3825,4.39,4.344,4.385,6599,HG.v.0
2025-07-31 14:00:00+00:00,34,1,3108,4.385,4.387,4.35,4.3595,5329,HG.v.0
2025-07-31 15:00:00+00:00,34,1,3108,4.359,4.385,4.354,4.38,4808,HG.v.0
2025-07-31 16:00:00+00:00,34,1,3108,4.38,4.389,4.348,4.355,7449,HG.v.0
2025-07-31 17:00:00+00:00,34,1,3108,4.355,4.382,4.351,4.379,2260,HG.v.0
2025-07-31 18:00:00+00:00,34,1,3108,4.3775,4.424,4.375,4.415,2264,HG.v.0
2025-07-31 19:00:00+00:00,34,1,3108,4.4145,4.439,4.412,4.4185,2086,HG.v.0
2025-07-31 20:00:00+00:00,34,1,3108,4.419,4.434,4.4125,4.4305,661,HG.v.0
2025-07-31 22:00:00+00:00,34,1,3108,4.433,4.4445,4.4265,4.436,347,HG.v.0
2025-07-31 23:00:00+00:00,34,1,3108,4.4375,4.443,4.426,4.4285,571,HG.v.0
2025-08-01 00:00:00+00:00,34,1,3108,4.4285,4.4365,4.4155,4.4155,1266,HG.v.0
2025-08-01 01:00:00+00:00,34,1,3108,4.4145,4.4245,4.3985,4.407,1105,HG.v.0
2025-08-01 02:00:00+00:00,34,1,3108,4.409,4.427,4.409,4.417,582,HG.v.0
2025-08-01 03:00:00+00:00,34,1,3108,4.419,4.4365,4.4125,4.4135,504,HG.v.0
2025-08-01 04:00:00+00:00,34,1,3108,4.413,4.425,4.412,4.4165,259,HG.v.0
2025-08-01 05:00:00+00:00,34,1,3108,4.415,4.434,4.4135,4.4285,763,HG.v.0
2025-08-01 06:00:00+00:00,34,1,3108,4.427,4.429,4.3955,4.407,1816,HG.v.0
2025-08-01 07:00:00+00:00,34,1,3108,4.407,4.407,4.365,4.3765,2067,HG.v.0
2025-08-01 08:00:00+00:00,34,1,3108,4.3785,4.389,4.364,4.381,1481,HG.v.0
2025-08-01 09:00:00+00:00,34,1,3108,4.3805,4.405,4.373,4.403,1352,HG.v.0
2025-08-01 10:00:00+00:00,34,1,3108,4.404,4.407,4.388,4.3895,1065,HG.v.0
2025-08-01 11:00:00+00:00,34,1,3108,4.39,4.4165,4.378,4.3795,1588,HG.v.0
2025-08-01 12:00:00+00:00,34,1,3108,4.3785,4.43,4.364,4.4275,4302,HG.v.0
2025-08-01 13:00:00+00:00,34,1,3108,4.4265,4.44,4.385,4.3995,4595,HG.v.0
2025-08-01 14:00:00+00:00,34,1,3108,4.4,4.415,4.386,4.4125,3221,HG.v.0
2025-08-01 15:00:00+00:00,34,1,3108,4.4115,4.4215,4.3905,4.4135,2630,HG.v.0
2025-08-01 16:00:00+00:00,34,1,3108,4.4135,4.4415,4.413,4.4315,4044,HG.v.0
2025-08-01 17:00:00+00:00,34,1,3108,4.4315,4.451,4.406,4.438,2499,HG.v.0
2025-08-01 18:00:00+00:00,34,1,3108,4.4385,4.439,4.412,4.426,889,HG.v.0
2025-08-01 19:00:00+00:00,34,1,3108,4.424,4.445,4.424,4.4385,646,HG.v.0
2025-08-01 20:00:00+00:00,34,1,3108,4.438,4.449,4.4365,4.443,519,HG.v.0
2025-08-03 22:00:00+00:00,34,1,3108,4.4505,4.469,4.446,4.4585,549,HG.v.0
2025-08-03 23:00:00+00:00,34,1,3108,4.458,4.458,4.442,4.4515,321,HG.v.0
2025-08-04 00:00:00+00:00,34,1,3108,4.4525,4.456,4.421,4.43,500,HG.v.0
2025-08-04 01:00:00+00:00,34,1,3108,4.4275,4.436,4.4005,4.424,772,HG.v.0
2025-08-04 02:00:00+00:00,34,1,3108,4.4255,4.436,4.422,4.434,416,HG.v.0
2025-08-04 03:00:00+00:00,34,1,3108,4.4345,4.4415,4.426,4.437,385,HG.v.0
2025-08-04 04:00:00+00:00,34,1,3108,4.438,4.4395,4.425,4.426,146,HG.v.0
2025-08-04 05:00:00+00:00,34,1,3108,4.4265,4.432,4.416,4.4255,242,HG.v.0
2025-08-04 06:00:00+00:00,34,1,3108,4.425,4.4535,4.4235,4.4475,688,HG.v.0
2025-08-04 07:00:00+00:00,34,1,3108,4.4455,4.451,4.43,4.448,893,HG.v.0
2025-08-04 08:00:00+00:00,34,1,3108,4.4485,4.48,4.4445,4.47,1298,HG.v.0
2025-08-04 09:00:00+00:00,34,1,3108,4.47,4.474,4.4425,4.4435,629,HG.v.0
2025-08-04 10:00:00+00:00,34,1,3108,4.4425,4.4505,4.425,4.4485,792,HG.v.0
2025-08-04 11:00:00+00:00,34,1,3108,4.45,4.4555,4.4415,4.45,569,HG.v.0
2025-08-04 12:00:00+00:00,34,1,3108,4.4495,4.454,4.4295,4.4485,1750,HG.v.0
2025-08-04 13:00:00+00:00,34,1,3108,4.45,4.461,4.4355,4.4395,2421,HG.v.0
2025-08-04 14:00:00+00:00,34,1,3108,4.44,4.474,4.4295,4.4345,2447,HG.v.0
2025-08-04 15:00:00+00:00,34,1,3108,4.4335,4.445,4.4265,4.443,1962,HG.v.0
2025-08-04 16:00:00+00:00,34,1,3108,4.4425,4.4585,4.433,4.4375,2381,HG.v.0
2025-08-04 17:00:00+00:00,34,1,3108,4.438,4.458,4.437,4.4495,790,HG.v.0
2025-08-04 18:00:00+00:00,34,1,3108,4.451,4.4585,4.449,4.453,392,HG.v.0
2025-08-04 19:00:00+00:00,34,1,3108,4.4535,4.4645,4.4525,4.4595,431,HG.v.0
2025-08-04 20:00:00+00:00,34,1,3108,4.459,4.4595,4.453,4.456,208,HG.v.0
2025-08-04 22:00:00+00:00,34,1,3108,4.4585,4.4705,4.4545,4.467,203,HG.v.0
2025-08-04 23:00:00+00:00,34,1,3108,4.4665,4.47,4.463,4.4635,185,HG.v.0
2025-08-05 00:00:00+00:00,34,1,3108,4.463,4.468,4.4605,4.462,339,HG.v.0
2025-08-05 01:00:00+00:00,34,1,3108,4.4615,4.4665,4.451,4.4595,468,HG.v.0
2025-08-05 02:00:00+00:00,34,1,3108,4.4585,4.468,4.444,4.448,391,HG.v.0
2025-08-05 03:00:00+00:00,34,1,3108,4.4485,4.455,4.445,4.447,154,HG.v.0
2025-08-05 04:00:00+00:00,34,1,3108,4.449,4.456,4.449,4.4525,115,HG.v.0
2025-08-05 05:00:00+00:00,34,1,3108,4.4535,4.461,4.445,4.4495,270,HG.v.0
2025-08-05 06:00:00+00:00,34,1,3108,4.45,4.4555,4.442,4.4475,710,HG.v.0
2025-08-05 07:00:00+00:00,34,1,3108,4.452,4.471,4.437,4.4465,1082,HG.v.0
2025-08-05 08:00:00+00:00,34,1,3108,4.4465,4.4465,4.42,4.4285,1492,HG.v.0
2025-08-05 09:00:00+00:00,34,1,3108,4.4275,4.4325,4.422,4.4255,692,HG.v.0
2025-08-05 10:00:00+00:00,34,1,3108,4.4255,4.44,4.4245,4.435,516,HG.v.0
2025-08-05 11:00:00+00:00,34,1,3108,4.434,4.4345,4.408,4.41,1349,HG.v.0
2025-08-05 12:00:00+00:00,34,1,3108,4.41,4.4205,4.405,4.4115,2179,HG.v.0
2025-08-05 13:00:00+00:00,34,1,3108,4.411,4.4235,4.3945,4.4035,3991,HG.v.0
2025-08-05 14:00:00+00:00,34,1,3108,4.4035,4.4095,4.388,4.39,2713,HG.v.0
2025-08-05 15:00:00+00:00,34,1,3108,4.3905,4.402,4.382,4.3925,2572,HG.v.0
2025-08-05 16:00:00+00:00,34,1,3108,4.3935,4.4025,4.384,4.3865,2721,HG.v.0
2025-08-05 17:00:00+00:00,34,1,3108,4.3865,4.394,4.3855,4.39,557,HG.v.0
2025-08-05 18:00:00+00:00,34,1,3108,4.39,4.393,4.383,4.3835,300,HG.v.0
2025-08-05 19:00:00+00:00,34,1,3108,4.383,4.383,4.3725,4.379,588,HG.v.0
2025-08-05 20:00:00+00:00,34,1,3108,4.379,4.384,4.376,4.3795,313,HG.v.0
2025-08-05 22:00:00+00:00,34,1,3108,4.381,4.3895,4.38,4.3875,104,HG.v.0
2025-08-05 23:00:00+00:00,34,1,3108,4.388,4.395,4.387,4.3925,114,HG.v.0
2025-08-06 00:00:00+00:00,34,1,3108,4.393,4.3945,4.382,4.385,271,HG.v.0
2025-08-06 01:00:00+00:00,34,1,3108,4.3845,4.399,4.382,4.3975,463,HG.v.0
2025-08-06 02:00:00+00:00,34,1,3108,4.396,4.398,4.3895,4.3945,201,HG.v.0
2025-08-06 03:00:00+00:00,34,1,3108,4.395,4.4,4.3905,4.394,198,HG.v.0
2025-08-06 04:00:00+00:00,34,1,3108,4.397,4.398,4.394,4.3945,103,HG.v.0
2025-08-06 05:00:00+00:00,34,1,3108,4.397,4.397,4.3855,4.39,218,HG.v.0
2025-08-06 06:00:00+00:00,34,1,3108,4.39,4.411,4.388,4.4025,545,HG.v.0
2025-08-06 07:00:00+00:00,34,1,3108,4.404,4.4095,4.392,4.407,746,HG.v.0
2025-08-06 08:00:00+00:00,34,1,3108,4.4065,4.415,4.4005,4.4095,739,HG.v.0
2025-08-06 09:00:00+00:00,34,1,3108,4.411,4.414,4.395,4.406,505,HG.v.0
2025-08-06 10:00:00+00:00,34,1,3108,4.405,4.425,4.405,4.4245,790,HG.v.0
2025-08-06 11:00:00+00:00,34,1,3108,4.4235,4.427,4.415,4.4205,769,HG.v.0
2025-08-06 12:00:00+00:00,34,1,3108,4.4195,4.43,4.4155,4.421,1561,HG.v.0
2025-08-06 13:00:00+00:00,34,1,3108,4.421,4.4355,4.407,4.411,2375,HG.v.0
2025-08-06 14:00:00+00:00,34,1,3108,4.4105,4.423,4.4005,4.4025,2004,HG.v.0
2025-08-06 15:00:00+00:00,34,1,3108,4.4025,4.4185,4.398,4.4175,1468,HG.v.0
2025-08-06 16:00:00+00:00,34,1,3108,4.4165,4.4275,4.4045,4.416,2244,HG.v.0
2025-08-06 17:00:00+00:00,34,1,3108,4.4155,4.42,4.4095,4.416,564,HG.v.0
2025-08-06 18:00:00+00:00,34,1,3108,4.415,4.4165,4.411,4.411,243,HG.v.0
2025-08-06 19:00:00+00:00,34,1,3108,4.4115,4.416,4.4115,4.4155,226,HG.v.0
2025-08-06 20:00:00+00:00,34,1,3108,4.416,4.4165,4.411,4.413,193,HG.v.0
2025-08-06 22:00:00+00:00,34,1,3108,4.4125,4.422,4.411,4.4135,281,HG.v.0
2025-08-06 23:00:00+00:00,34,1,3108,4.413,4.4165,4.411,4.4145,86,HG.v.0
2025-08-07 00:00:00+00:00,34,1,3108,4.4135,4.42,4.411,4.416,138,HG.v.0
2025-08-07 01:00:00+00:00,34,1,3108,4.415,4.427,4.405,4.418,482,HG.v.0
2025-08-07 02:00:00+00:00,34,1,3108,4.418,4.422,4.4045,4.411,294,HG.v.0
2025-08-07 03:00:00+00:00,34,1,3108,4.4105,4.4245,4.4055,4.423,296,HG.v.0
2025-08-07 04:00:00+00:00,34,1,3108,4.423,4.4275,4.421,4.422,299,HG.v.0
2025-08-07 05:00:00+00:00,34,1,3108,4.423,4.428,4.417,4.4185,202,HG.v.0
2025-08-07 06:00:00+00:00,34,1,3108,4.419,4.4255,4.413,4.419,616,HG.v.0
2025-08-07 07:00:00+00:00,34,1,3108,4.4195,4.435,4.41,4.4305,1092,HG.v.0
2025-08-07 08:00:00+00:00,34,1,3108,4.4315,4.443,4.429,4.438,1268,HG.v.0
2025-08-07 09:00:00+00:00,34,1,3108,4.438,4.4425,4.4305,4.4375,312,HG.v.0
2025-08-07 10:00:00+00:00,34,1,3108,4.436,4.4455,4.427,4.4355,594,HG.v.0
2025-08-07 11:00:00+00:00,34,1,3108,4.4365,4.439,4.4125,4.4185,669,HG.v.0
2025-08-07 12:00:00+00:00,34,1,3108,4.419,4.4295,4.4105,4.4225,1223,HG.v.0
2025-08-07 13:00:00+00:00,34,1,3108,4.4225,4.449,4.4215,4.4345,1545,HG.v.0
2025-08-07 14:00:00+00:00,34,1,3108,4.434,4.4345,4.4065,4.4115,1679,HG.v.0
2025-08-07 15:00:00+00:00,34,1,3108,4.411,4.4195,4.3995,4.4095,1211,HG.v.0
2025-08-07 16:00:00+00:00,34,1,3108,4.408,4.413,4.3905,4.4,2037,HG.v.0
2025-08-07 17:00:00+00:00,34,1,3108,4.4005,4.405,4.395,4.399,561,HG.v.0
2025-08-07 18:00:00+00:00,34,1,3108,4.3995,4.405,4.391,4.399,546,HG.v.0
2025-08-07 19:00:00+00:00,34,1,3108,4.3995,4.4195,4.3985,4.4175,591,HG.v.0
2025-08-07 20:00:00+00:00,34,1,3108,4.4185,4.42,4.413,4.414,184,HG.v.0
2025-08-07 22:00:00+00:00,34,1,3108,4.414,4.43,4.4135,4.4255,264,HG.v.0
2025-08-07 23:00:00+00:00,34,1,3108,4.4255,4.4255,4.422,4.4235,185,HG.v.0
2025-08-08 00:00:00+00:00,34,1,3108,4.424,4.424,4.415,4.422,300,HG.v.0
2025-08-08 01:00:00+00:00,34,1,3108,4.4225,4.4245,4.406,4.4075,607,HG.v.0
2025-08-08 02:00:00+00:00,34,1,3108,4.4075,4.4205,4.4015,4.419,516,HG.v.0
2025-08-08 03:00:00+00:00,34,1,3108,4.4165,4.4215,4.4145,4.4205,167,HG.v.0
2025-08-08 04:00:00+00:00,34,1,3108,4.4205,4.425,4.417,4.4235,227,HG.v.0
2025-08-08 05:00:00+00:00,34,1,3108,4.4245,4.425,4.413,4.417,291,HG.v.0
2025-08-08 06:00:00+00:00,34,1,3108,4.4175,4.431,4.415,4.4265,403,HG.v.0
2025-08-08 07:00:00+00:00,34,1,3108,4.426,4.4375,4.426,4.433,766,HG.v.0
2025-08-08 08:00:00+00:00,34,1,3108,4.433,4.4395,4.4175,4.428,842,HG.v.0
2025-08-08 09:00:00+00:00,34,1,3108,4.428,4.4395,4.427,4.4355,535,HG.v.0
2025-08-08 10:00:00+00:00,34,1,3108,4.4355,4.4355,4.4215,4.428,214,HG.v.0
2025-08-08 11:00:00+00:00,34,1,3108,4.43,4.433,4.421,4.4225,1022,HG.v.0
2025-08-08 12:00:00+00:00,34,1,3108,4.4215,4.4445,4.4195,4.439,1874,HG.v.0
2025-08-08 13:00:00+00:00,34,1,3108,4.439,4.4565,4.433,4.4525,2555,HG.v.0
2025-08-08 14:00:00+00:00,34,1,3108,4.453,4.4855,4.4455,4.4835,3301,HG.v.0
2025-08-08 15:00:00+00:00,34,1,3108,4.484,4.4905,4.4615,4.4635,3185,HG.v.0
2025-08-08 16:00:00+00:00,34,1,3108,4.4635,4.474,4.4625,4.472,2629,HG.v.0
2025-08-08 17:00:00+00:00,34,1,3108,4.473,4.4915,4.473,4.481,1203,HG.v.0
2025-08-08 18:00:00+00:00,34,1,3108,4.4815,4.4885,4.4685,4.487,518,HG.v.0
2025-08-08 19:00:00+00:00,34,1,3108,4.4865,4.4905,4.471,4.472,687,HG.v.0
2025-08-08 20:00:00+00:00,34,1,3108,4.472,4.4855,4.471,4.485,433,HG.v.0
2025-08-10 22:00:00+00:00,34,1,3108,4.4835,4.485,4.4705,4.473,289,HG.v.0
2025-08-10 23:00:00+00:00,34,1,3108,4.4715,4.4735,4.461,4.464,212,HG.v.0
2025-08-11 00:00:00+00:00,34,1,3108,4.4635,4.465,4.457,4.463,293,HG.v.0
2025-08-11 01:00:00+00:00,34,1,3108,4.4625,4.478,4.4465,4.4685,587,HG.v.0
2025-08-11 02:00:00+00:00,34,1,3108,4.47,4.4795,4.4685,4.4775,196,HG.v.0
2025-08-11 03:00:00+00:00,34,1,3108,4.479,4.4815,4.473,4.474,151,HG.v.0
2025-08-11 04:00:00+00:00,34,1,3108,4.473,4.4745,4.4655,4.4675,170,HG.v.0
2025-08-11 05:00:00+00:00,34,1,3108,4.466,4.475,4.4645,4.4725,174,HG.v.0
2025-08-11 06:00:00+00:00,34,1,3108,4.4745,4.476,4.453,4.4565,550,HG.v.0
2025-08-11 07:00:00+00:00,34,1,3108,4.454,4.4585,4.4395,4.442,1030,HG.v.0
2025-08-11 08:00:00+00:00,34,1,3108,4.4435,4.456,4.439,4.455,517,HG.v.0
2025-08-11 09:00:00+00:00,34,1,3108,4.455,4.4625,4.4515,4.4545,750,HG.v.0
2025-08-11 10:00:00+00:00,34,1,3108,4.456,4.4625,4.4445,4.4465,545,HG.v.0
2025-08-11 11:00:00+00:00,34,1,3108,4.446,4.446,4.4275,4.435,1077,HG.v.0
2025-08-11 12:00:00+00:00,34,1,3108,4.4355,4.453,4.435,4.445,909,HG.v.0
2025-08-11 13:00:00+00:00,34,1,3108,4.4455,4.464,4.4395,4.463,1271,HG.v.0
2025-08-11 14:00:00+00:00,34,1,3108,4.464,4.4695,4.4585,4.4635,1278,HG.v.0
2025-08-11 15:00:00+00:00,34,1,3108,4.464,4.467,4.4445,4.4485,1326,HG.v.0
2025-08-11 16:00:00+00:00,34,1,3108,4.448,4.45,4.4315,4.4405,2261,HG.v.0
2025-08-11 17:00:00+00:00,34,1,3108,4.4405,4.4555,4.44,4.4515,791,HG.v.0
2025-08-11 18:00:00+00:00,34,1,3108,4.4515,4.456,4.451,4.4535,248,HG.v.0
2025-08-11 19:00:00+00:00,34,1,3108,4.453,4.4535,4.445,4.449,365,HG.v.0
2025-08-11 20:00:00+00:00,34,1,3108,4.449,4.449,4.444,4.4445,171,HG.v.0
2025-08-11 22:00:00+00:00,34,1,3108,4.4505,4.452,4.4435,4.452,125,HG.v.0
2025-08-11 23:00:00+00:00,34,1,3108,4.452,4.455,4.4515,4.455,87,HG.v.0
2025-08-12 00:00:00+00:00,34,1,3108,4.455,4.469,4.4535,4.4635,322,HG.v.0
2025-08-12 01:00:00+00:00,34,1,3108,4.463,4.4665,4.456,4.4625,344,HG.v.0
2025-08-12 02:00:00+00:00,34,1,3108,4.464,4.4675,4.4585,4.463,158,HG.v.0
2025-08-12 03:00:00+00:00,34,1,3108,4.4625,4.4675,4.459,4.46,87,HG.v.0
2025-08-12 04:00:00+00:00,34,1,3108,4.46,4.468,4.4555,4.467,99,HG.v.0
2025-08-12 05:00:00+00:00,34,1,3108,4.4675,4.471,4.458,4.4665,237,HG.v.0
2025-08-12 06:00:00+00:00,34,1,3108,4.466,4.476,4.4615,4.4665,603,HG.v.0
2025-08-12 07:00:00+00:00,34,1,3108,4.467,4.479,4.4635,4.473,812,HG.v.0
2025-08-12 08:00:00+00:00,34,1,3108,4.474,4.4765,4.4685,4.473,303,HG.v.0
2025-08-12 09:00:00+00:00,34,1,3108,4.4735,4.4775,4.4705,4.4705,281,HG.v.0
2025-08-12 10:00:00+00:00,34,1,3108,4.4715,4.479,4.471,4.4745,660,HG.v.0
2025-08-12 11:00:00+00:00,34,1,3108,4.475,4.4755,4.4575,4.4725,1008,HG.v.0
2025-08-12 12:00:00+00:00,34,1,3108,4.472,4.504,4.4655,4.496,3402,HG.v.0
2025-08-12 13:00:00+00:00,34,1,3108,4.4965,4.519,4.491,4.5045,2788,HG.v.0
2025-08-12 14:00:00+00:00,34,1,3108,4.5045,4.5255,4.4995,4.5195,2359,HG.v.0
2025-08-12 15:00:00+00:00,34,1,3108,4.52,4.5345,4.512,4.529,2080,HG.v.0
2025-08-12 16:00:00+00:00,34,1,3108,4.529,4.539,4.5175,4.5245,2593,HG.v.0
2025-08-12 17:00:00+00:00,34,1,3108,4.5255,4.5335,4.5165,4.524,923,HG.v.0
2025-08-12 18:00:00+00:00,34,1,3108,4.524,4.5275,4.514,4.517,297,HG.v.0
2025-08-12 19:00:00+00:00,34,1,3108,4.5165,4.5185,4.512,4.5165,405,HG.v.0
2025-08-12 20:00:00+00:00,34,1,3108,4.5175,4.5225,4.515,4.517,200,HG.v.0
2025-08-12 22:00:00+00:00,34,1,3108,4.5165,4.519,4.493,4.506,276,HG.v.0
2025-08-12 23:00:00+00:00,34,1,3108,4.5065,4.512,4.5045,4.51,75,HG.v.0
2025-08-13 00:00:00+00:00,34,1,3108,4.5105,4.521,4.51,4.5145,237,HG.v.0
2025-08-13 01:00:00+00:00,34,1,3108,4.514,4.5205,4.503,4.508,339,HG.v.0
2025-08-13 02:00:00+00:00,34,1,3108,4.504,4.517,4.5015,4.507,144,HG.v.0
2025-08-13 03:00:00+00:00,34,1,3108,4.507,4.5145,4.506,4.5145,100,HG.v.0
2025-08-13 04:00:00+00:00,34,1,3108,4.5125,4.5145,4.5095,4.513,57,HG.v.0
2025-08-13 05:00:00+00:00,34,1,3108,4.514,4.52,4.512,4.5185,215,HG.v.0
2025-08-13 06:00:00+00:00,34,1,3108,4.518,4.535,4.517,4.525,575,HG.v.0
2025-08-13 07:00:00+00:00,34,1,3108,4.5245,4.537,4.521,4.529,580,HG.v.0
2025-08-13 08:00:00+00:00,34,1,3108,4.5285,4.535,4.5185,4.5265,492,HG.v.0
2025-08-13 09:00:00+00:00,34,1,3108,4.527,4.539,4.525,4.5385,371,HG.v.0
2025-08-13 10:00:00+00:00,34,1,3108,4.538,4.55,4.521,4.527,774,HG.v.0
2025-08-13 11:00:00+00:00,34,1,3108,4.527,4.533,4.518,4.53,436,HG.v.0
2025-08-13 12:00:00+00:00,34,1,3108,4.5305,4.533,4.512,4.5185,1398,HG.v.0
2025-08-13 13:00:00+00:00,34,1,3108,4.5185,4.527,4.5065,4.5255,1688,HG.v.0
2025-08-13 14:00:00+00:00,34,1,3108,4.5255,4.5275,4.5025,4.505,1501,HG.v.0
2025-08-13 15:00:00+00:00,34,1,3108,4.5045,4.5145,4.4985,4.508,1088,HG.v.0
2025-08-13 16:00:00+00:00,34,1,3108,4.5095,4.5165,4.4895,4.4975,2115,HG.v.0
2025-08-13 17:00:00+00:00,34,1,3108,4.4975,4.5,4.484,4.489,620,HG.v.0
2025-08-13 18:00:00+00:00,34,1,3108,4.4885,4.4935,4.4875,4.49,278,HG.v.0
2025-08-13 19:00:00+00:00,34,1,3108,4.4895,4.495,4.4875,4.4935,204,HG.v.0
2025-08-13 20:00:00+00:00,34,1,3108,4.494,4.499,4.484,4.4975,366,HG.v.0
2025-08-13 22:00:00+00:00,34,1,3108,4.4975,4.5025,4.494,4.5015,89,HG.v.0
2025-08-13 23:00:00+00:00,34,1,3108,4.5015,4.5065,4.5,4.5055,81,HG.v.0
2025-08-14 00:00:00+00:00,34,1,3108,4.5045,4.5075,4.4975,4.5045,248,HG.v.0
2025-08-14 01:00:00+00:00,34,1,3108,4.504,4.5125,4.4965,4.5105,303,HG.v.0
2025-08-14 02:00:00+00:00,34,1,3108,4.51,4.5145,4.5075,4.5115,175,HG.v.0
2025-08-14 03:00:00+00:00,34,1,3108,4.512,4.512,4.5015,4.5045,75,HG.v.0
2025-08-14 04:00:00+00:00,34,1,3108,4.5035,4.5065,4.501,4.502,51,HG.v.0
2025-08-14 05:00:00+00:00,34,1,3108,4.502,4.502,4.489,4.492,274,HG.v.0
2025-08-14 06:00:00+00:00,34,1,3108,4.4925,4.494,4.48,4.485,507,HG.v.0
2025-08-14 07:00:00+00:00,34,1,3108,4.4845,4.499,4.4715,4.476,823,HG.v.0
2025-08-14 08:00:00+00:00,34,1,3108,4.477,4.489,4.4735,4.476,370,HG.v.0
2025-08-14 09:00:00+00:00,34,1,3108,4.476,4.489,4.476,4.485,293,HG.v.0
2025-08-14 10:00:00+00:00,34,1,3108,4.4845,4.4925,4.483,4.487,183,HG.v.0
2025-08-14 11:00:00+00:00,34,1,3108,4.4885,4.492,4.474,4.48,679,HG.v.0
2025-08-14 12:00:00+00:00,34,1,3108,4.48,4.4885,4.4495,4.47,2672,HG.v.0
2025-08-14 13:00:00+00:00,34,1,3108,4.47,4.4865,4.458,4.459,1551,HG.v.0
2025-08-14 14:00:00+00:00,34,1,3108,4.459,4.48,4.4505,4.478,1779,HG.v.0
2025-08-14 15:00:00+00:00,34,1,3108,4.478,4.4805,4.465,4.477,988,HG.v.0
2025-08-14 16:00:00+00:00,34,1,3108,4.478,4.482,4.4665,4.479,1386,HG.v.0
2025-08-14 17:00:00+00:00,34,1,3108,4.478,4.4865,4.477,4.485,523,HG.v.0
2025-08-14 18:00:00+00:00,34,1,3108,4.486,4.495,4.4845,4.495,429,HG.v.0
2025-08-14 19:00:00+00:00,34,1,3108,4.4945,4.504,4.493,4.4945,630,HG.v.0
2025-08-14 20:00:00+00:00,34,1,3108,4.4935,4.498,4.4925,4.4975,246,HG.v.0
2025-08-14 22:00:00+00:00,34,1,3108,4.497,4.4985,4.485,4.4885,160,HG.v.0
2025-08-14 23:00:00+00:00,34,1,3108,4.4885,4.491,4.485,4.49,51,HG.v.0
2025-08-15 00:00:00+00:00,34,1,3108,4.4895,4.491,4.482,4.4865,187,HG.v.0
2025-08-15 01:00:00+00:00,34,1,3108,4.4855,4.4925,4.4785,4.4915,438,HG.v.0
2025-08-15 02:00:00+00:00,34,1,3108,4.491,4.4935,4.482,4.4845,228,HG.v.0
2025-08-15 03:00:00+00:00,34,1,3108,4.4845,4.4945,4.4835,4.492,118,HG.v.0
2025-08-15 04:00:00+00:00,34,1,3108,4.493,4.497,4.487,4.487,228,HG.v.0
2025-08-15 05:00:00+00:00,34,1,3108,4.489,4.499,4.484,4.497,304,HG.v.0
2025-08-15 06:00:00+00:00,34,1,3108,4.4965,4.4975,4.4865,4.487,244,HG.v.0
2025-08-15 07:00:00+00:00,34,1,3108,4.486,4.49,4.4725,4.489,858,HG.v.0
2025-08-15 08:00:00+00:00,34,1,3108,4.489,4.497,4.484,4.4895,491,HG.v.0
2025-08-15 09:00:00+00:00,34,1,3108,4.4895,4.491,4.472,4.4775,414,HG.v.0
2025-08-15 10:00:00+00:00,34,1,3108,4.476,4.4765,4.47,4.4715,293,HG.v.0
2025-08-15 11:00:00+00:00,34,1,3108,4.474,4.476,4.466,4.469,439,HG.v.0
2025-08-15 12:00:00+00:00,34,1,3108,4.47,4.488,4.467,4.487,1193,HG.v.0
2025-08-15 13:00:00+00:00,34,1,3108,4.488,4.5,4.484,4.4945,2370,HG.v.0
2025-08-15 14:00:00+00:00,34,1,3108,4.4935,4.509,4.491,4.5055,1765,HG.v.0
2025-08-15 15:00:00+00:00,34,1,3108,4.506,4.518,4.491,4.499,1589,HG.v.0
2025-08-15 16:00:00+00:00,34,1,3108,4.499,4.4995,4.4795,4.492,1960,HG.v.0
2025-08-15 17:00:00+00:00,34,1,3108,4.4915,4.4965,4.484,4.4915,465,HG.v.0
2025-08-15 18:00:00+00:00,34,1,3108,4.491,4.4995,4.49,4.497,266,HG.v.0
2025-08-15 19:00:00+00:00,34,1,3108,4.4965,4.497,4.4885,4.4935,228,HG.v.0
2025-08-15 20:00:00+00:00,34,1,3108,4.4925,4.4925,4.486,4.489,190,HG.v.0
2025-08-17 22:00:00+00:00,34,1,3108,4.488,4.4895,4.4825,4.489,171,HG.v.0
2025-08-17 23:00:00+00:00,34,1,3108,4.489,4.4895,4.4845,4.4855,83,HG.v.0
2025-08-18 00:00:00+00:00,34,1,3108,4.4845,4.497,4.4815,4.4935,342,HG.v.0
2025-08-18 01:00:00+00:00,34,1,3108,4.493,4.505,4.4835,4.503,538,HG.v.0
2025-08-18 02:00:00+00:00,34,1,3108,4.503,4.503,4.4855,4.486,256,HG.v.0
2025-08-18 03:00:00+00:00,34,1,3108,4.486,4.499,4.4825,4.497,232,HG.v.0
2025-08-18 04:00:00+00:00,34,1,3108,4.4975,4.5015,4.495,4.499,123,HG.v.0
2025-08-18 05:00:00+00:00,34,1,3108,4.499,4.499,4.477,4.485,328,HG.v.0
2025-08-18 06:00:00+00:00,34,1,3108,4.4845,4.4855,4.4755,4.48,395,HG.v.0
2025-08-18 07:00:00+00:00,34,1,3108,4.48,4.48,4.465,4.4675,780,HG.v.0
2025-08-18 08:00:00+00:00,34,1,3108,4.467,4.484,4.4585,4.482,682,HG.v.0
2025-08-18 09:00:00+00:00,34,1,3108,4.4815,4.4825,4.474,4.4755,270,HG.v.0
2025-08-18 10:00:00+00:00,34,1,3108,4.475,4.4755,4.466,4.4665,250,HG.v.0
2025-08-18 11:00:00+00:00,34,1,3108,4.4675,4.474,4.4635,4.4655,564,HG.v.0
2025-08-18 12:00:00+00:00,34,1,3108,4.4655,4.467,4.45,4.459,1775,HG.v.0
2025-08-18 13:00:00+00:00,34,1,3108,4.459,4.4695,4.454,4.458,1403,HG.v.0
2025-08-18 14:00:00+00:00,34,1,3108,4.4585,4.474,4.453,4.4695,1333,HG.v.0
2025-08-18 15:00:00+00:00,34,1,3108,4.469,4.4765,4.4605,4.4655,877,HG.v.0
2025-08-18 16:00:00+00:00,34,1,3108,4.465,4.4745,4.4635,4.4685,1409,HG.v.0
2025-08-18 17:00:00+00:00,34,1,3108,4.468,4.4785,4.467,4.4765,650,HG.v.0
2025-08-18 18:00:00+00:00,34,1,3108,4.476,4.481,4.4735,4.474,242,HG.v.0
2025-08-18 19:00:00+00:00,34,1,3108,4.4745,4.4815,4.473,4.477,325,HG.v.0
2025-08-18 20:00:00+00:00,34,1,3108,4.478,4.479,4.474,4.477,181,HG.v.0
2025-08-18 22:00:00+00:00,34,1,3108,4.4775,4.48,4.474,4.4765,82,HG.v.0
2025-08-18 23:00:00+00:00,34,1,3108,4.4775,4.4785,4.473,4.476,58,HG.v.0
2025-08-19 00:00:00+00:00,34,1,3108,4.4755,4.4765,4.47,4.471,129,HG.v.0
2025-08-19 01:00:00+00:00,34,1,3108,4.472,4.48,4.467,4.4725,296,HG.v.0
2025-08-19 02:00:00+00:00,34,1,3108,4.471,4.4765,4.4655,4.474,170,HG.v.0
2025-08-19 03:00:00+00:00,34,1,3108,4.475,4.4825,4.475,4.481,138,HG.v.0
2025-08-19 04:00:00+00:00,34,1,3108,4.4815,4.482,4.475,4.477,104,HG.v.0
2025-08-19 05:00:00+00:00,34,1,3108,4.478,4.481,4.464,4.465,259,HG.v.0
2025-08-19 06:00:00+00:00,34,1,3108,4.465,4.4775,4.464,4.475,272,HG.v.0
2025-08-19 07:00:00+00:00,34,1,3108,4.476,4.493,4.474,4.477,731,HG.v.0
2025-08-19 08:00:00+00:00,34,1,3108,4.4775,4.482,4.4625,4.4795,391,HG.v.0
2025-08-19 09:00:00+00:00,34,1,3108,4.4795,4.483,4.469,4.4695,398,HG.v.0
2025-08-19 10:00:00+00:00,34,1,3108,4.469,4.4735,4.46,4.465,463,HG.v.0
2025-08-19 11:00:00+00:00,34,1,3108,4.464,4.467,4.4555,4.4655,554,HG.v.0
2025-08-19 12:00:00+00:00,34,1,3108,4.4665,4.4675,4.451,4.456,1350,HG.v.0
2025-08-19 13:00:00+00:00,34,1,3108,4.4565,4.46,4.433,4.445,3041,HG.v.0
2025-08-19 14:00:00+00:00,34,1,3108,4.444,4.445,4.4275,4.428,1745,HG.v.0
2025-08-19 15:00:00+00:00,34,1,3108,4.4295,4.439,4.425,4.43,1224,HG.v.0
2025-08-19 16:00:00+00:00,34,1,3108,4.4295,4.433,4.4205,4.423,1564,HG.v.0
2025-08-19 17:00:00+00:00,34,1,3108,4.424,4.4305,4.4205,4.427,592,HG.v.0
2025-08-19 18:00:00+00:00,34,1,3108,4.4265,4.428,4.4245,4.427,202,HG.v.0
2025-08-19 19:00:00+00:00,34,1,3108,4.428,4.432,4.425,4.4275,251,HG.v.0
2025-08-19 20:00:00+00:00,34,1,3108,4.4285,4.431,4.4265,4.4295,242,HG.v.0
2025-08-19 22:00:00+00:00,34,1,3108,4.43,4.4385,4.4285,4.4345,98,HG.v.0
2025-08-19 23:00:00+00:00,34,1,3108,4.4345,4.4345,4.4305,4.432,34,HG.v.0
2025-08-20 00:00:00+00:00,34,1,3108,4.4315,4.4345,4.428,4.434,199,HG.v.0
2025-08-20 01:00:00+00:00,34,1,3108,4.4345,4.438,4.424,4.429,493,HG.v.0
2025-08-20 02:00:00+00:00,34,1,3108,4.4285,4.433,4.424,4.4285,174,HG.v.0
2025-08-20 03:00:00+00:00,34,1,3108,4.4295,4.4325,4.423,4.4245,77,HG.v.0
2025-08-20 04:00:00+00:00,34,1,3108,4.423,4.426,4.4205,4.425,95,HG.v.0
2025-08-20 05:00:00+00:00,34,1,3108,4.4245,4.439,4.4205,4.437,229,HG.v.0
2025-08-20 06:00:00+00:00,34,1,3108,4.436,4.4435,4.4325,4.44,382,HG.v.0
2025-08-20 07:00:00+00:00,34,1,3108,4.4395,4.446,4.4345,4.4395,555,HG.v.0
2025-08-20 08:00:00+00:00,34,1,3108,4.438,4.438,4.419,4.42,684,HG.v.0
2025-08-20 09:00:00+00:00,34,1,3108,4.419,4.423,4.414,4.42,367,HG.v.0
2025-08-20 10:00:00+00:00,34,1,3108,4.4185,4.4225,4.4165,4.4215,145,HG.v.0
2025-08-20 11:00:00+00:00,34,1,3108,4.422,4.424,4.4165,4.417,471,HG.v.0
2025-08-20 12:00:00+00:00,34,1,3108,4.417,4.4335,4.417,4.4315,1018,HG.v.0
2025-08-20 13:00:00+00:00,34,1,3108,4.432,4.4415,4.424,4.428,1973,HG.v.0
2025-08-20 14:00:00+00:00,34,1,3108,4.429,4.4315,4.4175,4.4265,1381,HG.v.0
2025-08-20 15:00:00+00:00,34,1,3108,4.426,4.445,4.424,4.4425,1115,HG.v.0
2025-08-20 16:00:00+00:00,34,1,3108,4.442,4.444,4.4365,4.4435,1371,HG.v.0
2025-08-20 17:00:00+00:00,34,1,3108,4.4425,4.4475,4.4335,4.4345,552,HG.v.0
2025-08-20 18:00:00+00:00,34,1,3108,4.4355,4.4355,4.4265,4.4295,375,HG.v.0
2025-08-20 19:00:00+00:00,34,1,3108,4.4295,4.4365,4.4295,4.434,295,HG.v.0
2025-08-20 20:00:00+00:00,34,1,3108,4.4345,4.4345,4.4285,4.433,247,HG.v.0
2025-08-20 22:00:00+00:00,34,1,3108,4.4315,4.435,4.4275,4.4345,96,HG.v.0
2025-08-20 23:00:00+00:00,34,1,3108,4.433,4.4365,4.432,4.4365,79,HG.v.0
2025-08-21 00:00:00+00:00,34,1,3108,4.436,4.4395,4.434,4.439,215,HG.v.0
2025-08-21 01:00:00+00:00,34,1,3108,4.438,4.439,4.4295,4.4315,364,HG.v.0
2025-08-21 02:00:00+00:00,34,1,3108,4.4305,4.4365,4.426,4.4355,315,HG.v.0
2025-08-21 03:00:00+00:00,34,1,3108,4.4365,4.4375,4.429,4.4295,158,HG.v.0
2025-08-21 04:00:00+00:00,34,1,3108,4.429,4.431,4.427,4.429,182,HG.v.0
2025-08-21 05:00:00+00:00,34,1,3108,4.429,4.4315,4.4265,4.431,142,HG.v.0
2025-08-21 06:00:00+00:00,34,1,3108,4.4295,4.437,4.419,4.422,510,HG.v.0
2025-08-21 07:00:00+00:00,34,1,3108,4.4215,4.4275,4.413,4.418,879,HG.v.0
2025-08-21 08:00:00+00:00,34,1,3108,4.419,4.4225,4.4165,4.4205,309,HG.v.0
2025-08-21 09:00:00+00:00,34,1,3108,4.4185,4.4215,4.412,4.412,462,HG.v.0
2025-08-21 10:00:00+00:00,34,1,3108,4.412,4.4145,4.407,4.4085,399,HG.v.0
2025-08-21 11:00:00+00:00,34,1,3108,4.4085,4.421,4.408,4.418,496,HG.v.0
2025-08-21 12:00:00+00:00,34,1,3108,4.4185,4.432,4.4165,4.4245,1120,HG.v.0
2025-08-21 13:00:00+00:00,34,1,3108,4.425,4.4415,4.425,4.433,1298,HG.v.0
2025-08-21 14:00:00+00:00,34,1,3108,4.4335,4.452,4.4315,4.4325,1671,HG.v.0
2025-08-21 15:00:00+00:00,34,1,3108,4.432,4.439,4.426,4.4315,1023,HG.v.0
2025-08-21 16:00:00+00:00,34,1,3108,4.4305,4.453,4.4295,4.443,2592,HG.v.0
2025-08-21 17:00:00+00:00,34,1,3108,4.4435,4.449,4.441,4.445,441,HG.v.0
2025-08-21 18:00:00+00:00,34,1,3108,4.4445,4.4525,4.4445,4.452,272,HG.v.0
2025-08-21 19:00:00+00:00,34,1,3108,4.4515,4.4555,4.4495,4.4535,392,HG.v.0
2025-08-21 20:00:00+00:00,34,1,3108,4.4545,4.4555,4.448,4.448,217,HG.v.0
2025-08-21 22:00:00+00:00,34,1,3108,4.452,4.4545,4.447,4.453,133,HG.v.0
2025-08-21 23:00:00+00:00,34,1,3108,4.452,4.4555,4.4515,4.4535,57,HG.v.0
2025-08-22 00:00:00+00:00,34,1,3108,4.454,4.454,4.446,4.448,167,HG.v.0
2025-08-22 01:00:00+00:00,34,1,3108,4.4485,4.4535,4.4435,4.445,422,HG.v.0
2025-08-22 02:00:00+00:00,34,1,3108,4.444,4.453,4.442,4.4515,269,HG.v.0
2025-08-22 03:00:00+00:00,34,1,3108,4.451,4.453,4.4425,4.443,141,HG.v.0
2025-08-22 04:00:00+00:00,34,1,3108,4.443,4.4455,4.4395,4.442,201,HG.v.0
2025-08-22 05:00:00+00:00,34,1,3108,4.442,4.4435,4.4375,4.44,123,HG.v.0
2025-08-22 06:00:00+00:00,34,1,3108,4.44,4.4415,4.4315,4.435,379,HG.v.0
2025-08-22 07:00:00+00:00,34,1,3108,4.435,4.445,4.4325,4.444,319,HG.v.0
2025-08-22 08:00:00+00:00,34,1,3108,4.445,4.461,4.445,4.4465,571,HG.v.0
2025-08-22 09:00:00+00:00,34,1,3108,4.4465,4.448,4.4395,4.4405,316,HG.v.0
2025-08-22 10:00:00+00:00,34,1,3108,4.4405,4.449,4.4365,4.445,224,HG.v.0
2025-08-22 11:00:00+00:00,34,1,3108,4.4435,4.445,4.4375,4.4425,389,HG.v.0
2025-08-22 12:00:00+00:00,34,1,3108,4.442,4.4425,4.4275,4.4315,1134,HG.v.0
2025-08-22 13:00:00+00:00,34,1,3108,4.4315,4.4505,4.4315,4.443,1625,HG.v.0
2025-08-22 14:00:00+00:00,34,1,3108,4.444,4.4805,4.444,4.4735,3694,HG.v.0
2025-08-22 15:00:00+00:00,34,1,3108,4.474,4.4795,4.464,4.465,1812,HG.v.0
2025-08-22 16:00:00+00:00,34,1,3108,4.4645,4.466,4.452,4.4585,2147,HG.v.0
2025-08-22 17:00:00+00:00,34,1,3108,4.4585,4.4745,4.4575,4.472,802,HG.v.0
2025-08-22 18:00:00+00:00,34,1,3108,4.4725,4.478,4.471,4.4715,389,HG.v.0
2025-08-22 19:00:00+00:00,34,1,3108,4.4705,4.4705,4.46,4.463,559,HG.v.0
2025-08-22 20:00:00+00:00,34,1,3108,4.4625,4.465,4.4595,4.461,195,HG.v.0
2025-08-24 22:00:00+00:00,34,1,3108,4.46,4.471,4.459,4.4685,233,HG.v.0
2025-08-24 23:00:00+00:00,34,1,3108,4.465,4.4675,4.463,4.467,42,HG.v.0
2025-08-25 00:00:00+00:00,34,1,3108,4.4655,4.4735,4.464,4.466,191,HG.v.0
2025-08-25 01:00:00+00:00,34,1,3108,4.4665,4.472,4.454,4.4565,386,HG.v.0
2025-08-25 02:00:00+00:00,34,1,3108,4.4565,4.4745,4.4565,4.472,190,HG.v.0
2025-08-25 03:00:00+00:00,34,1,3108,4.472,4.484,4.472,4.4755,416,HG.v.0
2025-08-25 04:00:00+00:00,34,1,3108,4.476,4.478,4.4715,4.4765,57,HG.v.0
2025-08-25 05:00:00+00:00,34,1,3108,4.4755,4.478,4.4695,4.4775,186,HG.v.0
2025-08-25 06:00:00+00:00,34,1,3108,4.477,4.492,4.476,4.4875,512,HG.v.0
2025-08-25 07:00:00+00:00,34,1,3108,4.487,4.487,4.47,4.477,369,HG.v.0
2025-08-25 08:00:00+00:00,34,1,3108,4.475,4.4765,4.464,4.466,265,HG.v.0
2025-08-25 09:00:00+00:00,34,1,3108,4.4645,4.4685,4.4595,4.4685,210,HG.v.0
2025-08-25 10:00:00+00:00,34,1,3108,4.4685,4.4715,4.4645,4.468,223,HG.v.0
2025-08-25 11:00:00+00:00,34,1,3108,4.47,4.4885,4.47,4.488,338,HG.v.0
2025-08-25 12:00:00+00:00,34,1,3108,4.4885,4.499,4.473,4.48,1125,HG.v.0
2025-08-25 13:00:00+00:00,34,1,3108,4.48,4.4925,4.4715,4.485,1475,HG.v.0
2025-08-25 14:00:00+00:00,34,1,3108,4.485,4.4955,4.4795,4.4815,885,HG.v.0
2025-08-25 15:00:00+00:00,34,1,3108,4.481,4.4895,4.477,4.481,932,HG.v.0
2025-08-25 16:00:00+00:00,34,1,3108,4.48,4.4875,4.4755,4.477,861,HG.v.0
2025-08-25 17:00:00+00:00,34,1,3108,4.478,4.486,4.4725,4.473,581,HG.v.0
2025-08-25 18:00:00+00:00,34,1,3108,4.4725,4.4725,4.465,4.465,421,HG.v.0
2025-08-25 19:00:00+00:00,34,1,3108,4.4655,4.4655,4.4595,4.4625,268,HG.v.0
2025-08-25 20:00:00+00:00,34,1,3108,4.462,4.4635,4.4585,4.4605,183,HG.v.0
2025-08-25 22:00:00+00:00,34,1,3108,4.4635,4.4715,4.4635,4.4695,112,HG.v.0
2025-08-25 23:00:00+00:00,34,1,3108,4.469,4.4695,4.4645,4.467,53,HG.v.0
2025-08-26 00:00:00+00:00,34,1,3108,4.4675,4.484,4.4655,4.482,285,HG.v.0
2025-08-26 01:00:00+00:00,34,1,3108,4.483,4.488,4.4745,4.478,412,HG.v.0
2025-08-26 02:00:00+00:00,34,1,3108,4.477,4.4805,4.4725,4.4755,71,HG.v.0
2025-08-26 03:00:00+00:00,34,1,3108,4.4745,4.4795,4.4725,4.478,46,HG.v.0
2025-08-26 04:00:00+00:00,34,1,3108,4.4785,4.4805,4.477,4.478,80,HG.v.0
2025-08-26 05:00:00+00:00,34,1,3108,4.4785,4.4795,4.4675,4.471,195,HG.v.0
2025-08-26 06:00:00+00:00,34,1,3108,4.4715,4.4725,4.4465,4.451,353,HG.v.0
2025-08-26 07:00:00+00:00,34,1,3108,4.451,4.452,4.4365,4.4435,468,HG.v.0
2025-08-26 08:00:00+00:00,34,1,3108,4.444,4.4525,4.44,4.44,285,HG.v.0
2025-08-26 09:00:00+00:00,34,1,3108,4.441,4.453,4.437,4.4525,294,HG.v.0
2025-08-26 10:00:00+00:00,34,1,3108,4.4515,4.4525,4.4385,4.439,475,HG.v.0
2025-08-26 11:00:00+00:00,34,1,3108,4.4395,4.455,4.431,4.4545,515,HG.v.0
2025-08-26 12:00:00+00:00,34,1,3108,4.4545,4.461,4.4475,4.458,412,HG.v.0
2025-08-26 13:00:00+00:00,34,1,3108,4.459,4.4665,4.4575,4.462,494,HG.v.0
2025-08-26 14:00:00+00:00,34,1,3108,4.4625,4.4745,4.457,4.4585,1233,HG.v.0
2025-08-26 15:00:00+00:00,34,1,3108,4.458,4.462,4.452,4.4575,754,HG.v.0
2025-08-26 16:00:00+00:00,34,1,3108,4.4575,4.4625,4.449,4.4615,1472,HG.v.0
2025-08-26 17:00:00+00:00,34,1,3108,4.4615,4.463,4.4575,4.4605,422,HG.v.0
2025-08-26 18:00:00+00:00,34,1,3108,4.4605,4.468,4.459,4.4665,144,HG.v.0
2025-08-26 19:00:00+00:00,34,1,3108,4.4675,4.473,4.466,4.472,158,HG.v.0
2025-08-26 20:00:00+00:00,34,1,3108,4.471,4.4755,4.4685,4.472,83,HG.v.0
2025-08-26 22:00:00+00:00,34,1,3108,4.4685,4.4755,4.4685,4.47,75,HG.v.0
2025-08-26 23:00:00+00:00,34,1,3108,4.47,4.47,4.4685,4.4685,10,HG.v.0
2025-08-27 00:00:00+00:00,34,1,6572,4.5415,4.5415,4.535,4.5355,317,HG.v.0
2025-08-27 01:00:00+00:00,34,1,6572,4.5355,4.545,4.534,4.539,522,HG.v.0
2025-08-27 02:00:00+00:00,34,1,6572,4.5395,4.54,4.531,4.5335,282,HG.v.0
2025-08-27 03:00:00+00:00,34,1,6572,4.534,4.536,4.5305,4.5315,236,HG.v.0
2025-08-27 04:00:00+00:00,34,1,6572,4.532,4.532,4.52,4.5225,458,HG.v.0
2025-08-27 05:00:00+00:00,34,1,6572,4.522,4.5275,4.518,4.52,657,HG.v.0
2025-08-27 06:00:00+00:00,34,1,6572,4.52,4.526,4.5125,4.515,782,HG.v.0
2025-08-27 07:00:00+00:00,34,1,6572,4.5155,4.521,4.4935,4.5035,1893,HG.v.0
2025-08-27 08:00:00+00:00,34,1,6572,4.5025,4.5025,4.4865,4.4915,1469,HG.v.0
2025-08-27 09:00:00+00:00,34,1,6572,4.492,4.5035,4.49,4.502,801,HG.v.0
2025-08-27 10:00:00+00:00,34,1,6572,4.5015,4.503,4.489,4.49,1073,HG.v.0
2025-08-27 11:00:00+00:00,34,1,6572,4.491,4.4915,4.4815,4.485,1807,HG.v.0
2025-08-27 12:00:00+00:00,34,1,6572,4.4845,4.486,4.4605,4.468,3588,HG.v.0
2025-08-27 13:00:00+00:00,34,1,6572,4.469,4.4695,4.4495,4.465,4249,HG.v.0
2025-08-27 14:00:00+00:00,34,1,6572,4.4645,4.478,4.4585,4.4685,2390,HG.v.0
2025-08-27 15:00:00+00:00,34,1,6572,4.4695,4.482,4.468,4.4705,1531,HG.v.0
2025-08-27 16:00:00+00:00,34,1,6572,4.471,4.497,4.4695,4.4945,2648,HG.v.0
2025-08-27 17:00:00+00:00,34,1,6572,4.4945,4.499,4.492,4.494,804,HG.v.0
2025-08-27 18:00:00+00:00,34,1,6572,4.4935,4.501,4.4905,4.4995,434,HG.v.0
2025-08-27 19:00:00+00:00,34,1,6572,4.4995,4.503,4.496,4.4975,453,HG.v.0
2025-08-27 20:00:00+00:00,34,1,6572,4.498,4.5005,4.4925,4.5005,270,HG.v.0
2025-08-27 22:00:00+00:00,34,1,6572,4.5,4.502,4.495,4.497,120,HG.v.0
2025-08-27 23:00:00+00:00,34,1,6572,4.497,4.499,4.4955,4.4985,75,HG.v.0
2025-08-28 00:00:00+00:00,34,1,6572,4.4975,4.4995,4.49,4.4935,281,HG.v.0
2025-08-28 01:00:00+00:00,34,1,6572,4.4935,4.501,4.4905,4.4925,394,HG.v.0
2025-08-28 02:00:00+00:00,34,1,6572,4.491,4.5015,4.491,4.4985,189,HG.v.0
2025-08-28 03:00:00+00:00,34,1,6572,4.5,4.5025,4.4905,4.492,252,HG.v.0
2025-08-28 04:00:00+00:00,34,1,6572,4.4915,4.495,4.4885,4.49,208,HG.v.0
2025-08-28 05:00:00+00:00,34,1,6572,4.4895,4.491,4.485,4.4895,290,HG.v.0
2025-08-28 06:00:00+00:00,34,1,6572,4.49,4.4985,4.4845,4.4915,848,HG.v.0
2025-08-28 07:00:00+00:00,34,1,6572,4.491,4.5145,4.491,4.505,1222,HG.v.0
2025-08-28 08:00:00+00:00,34,1,6572,4.5055,4.5055,4.49,4.4925,630,HG.v.0
2025-08-28 09:00:00+00:00,34,1,6572,4.4925,4.498,4.489,4.4925,339,HG.v.0
2025-08-28 10:00:00+00:00,34,1,6572,4.492,4.5105,4.492,4.51,776,HG.v.0
2025-08-28 11:00:00+00:00,34,1,6572,4.5105,4.52,4.502,4.5185,1143,HG.v.0
2025-08-28 12:00:00+00:00,34,1,6572,4.518,4.523,4.51,4.5185,2028,HG.v.0
2025-08-28 13:00:00+00:00,34,1,6572,4.519,4.523,4.512,4.519,1503,HG.v.0
2025-08-28 14:00:00+00:00,34,1,6572,4.519,4.54,4.5175,4.534,2572,HG.v.0
2025-08-28 15:00:00+00:00,34,1,6572,4.5345,4.537,4.521,4.53,1460,HG.v.0
2025-08-28 16:00:00+00:00,34,1,6572,4.531,4.5415,4.5305,4.5365,2506,HG.v.0
2025-08-28 17:00:00+00:00,34,1,6572,4.536,4.555,4.5355,4.547,1551,HG.v.0
2025-08-28 18:00:00+00:00,34,1,6572,4.548,4.5525,4.5465,4.549,446,HG.v.0
2025-08-28 19:00:00+00:00,34,1,6572,4.5495,4.5535,4.5485,4.5525,474,HG.v.0
2025-08-28 20:00:00+00:00,34,1,6572,4.5525,4.553,4.543,4.5445,313,HG.v.0
2025-08-28 22:00:00+00:00,34,1,6572,4.5445,4.5445,4.5365,4.539,189,HG.v.0
2025-08-28 23:00:00+00:00,34,1,6572,4.539,4.5475,4.539,4.5475,150,HG.v.0
2025-08-29 00:00:00+00:00,34,1,6572,4.5465,4.5525,4.543,4.549,461,HG.v.0
2025-08-29 01:00:00+00:00,34,1,6572,4.549,4.551,4.541,4.5465,511,HG.v.0
2025-08-29 02:00:00+00:00,34,1,6572,4.549,4.555,4.5455,4.547,298,HG.v.0
2025-08-29 03:00:00+00:00,34,1,6572,4.546,4.5535,4.545,4.5535,361,HG.v.0
2025-08-29 04:00:00+00:00,34,1,6572,4.554,4.5545,4.55,4.5525,182,HG.v.0
2025-08-29 05:00:00+00:00,34,1,6572,4.553,4.577,4.5485,4.5755,675,HG.v.0
2025-08-29 06:00:00+00:00,34,1,6572,4.5755,4.579,4.558,4.5625,984,HG.v.0
2025-08-29 07:00:00+00:00,34,1,6572,4.563,4.585,4.556,4.578,1084,HG.v.0
2025-08-29 08:00:00+00:00,34,1,6572,4.5775,4.587,4.57,4.5815,1704,HG.v.0
2025-08-29 09:00:00+00:00,34,1,6572,4.582,4.586,4.571,4.5725,1164,HG.v.0
2025-08-29 10:00:00+00:00,34,1,6572,4.572,4.5765,4.5645,4.5665,580,HG.v.0
2025-08-29 11:00:00+00:00,34,1,6572,4.567,4.584,4.567,4.5795,1122,HG.v.0
2025-08-29 12:00:00+00:00,34,1,6572,4.58,4.588,4.5755,4.579,2388,HG.v.0
2025-08-29 13:00:00+00:00,34,1,6572,4.579,4.5845,4.562,4.5645,2542,HG.v.0
2025-08-29 14:00:00+00:00,34,1,6572,4.5645,4.5815,4.55,4.5805,2646,HG.v.0
2025-08-29 15:00:00+00:00,34,1,6572,4.581,4.5835,4.569,4.5755,2065,HG.v.0
2025-08-29 16:00:00+00:00,34,1,6572,4.5755,4.592,4.5755,4.591,3435,HG.v.0
2025-08-29 17:00:00+00:00,34,1,6572,4.5915,4.594,4.5765,4.5785,1192,HG.v.0
2025-08-29 18:00:00+00:00,34,1,6572,4.5795,4.584,4.579,4.581,307,HG.v.0
2025-08-29 19:00:00+00:00,34,1,6572,4.5815,4.5835,4.5795,4.582,503,HG.v.0
2025-08-29 20:00:00+00:00,34,1,6572,4.5815,4.594,4.5815,4.585,414,HG.v.0
2025-08-31 22:00:00+00:00,34,1,6572,4.592,4.5925,4.573,4.581,268,HG.v.0
2025-08-31 23:00:00+00:00,34,1,6572,4.5805,4.586,4.58,4.585,103,HG.v.0
2025-09-01 00:00:00+00:00,34,1,6572,4.5845,4.59,4.5825,4.5885,352,HG.v.0
2025-09-01 01:00:00+00:00,34,1,6572,4.588,4.588,4.575,4.579,371,HG.v.0
2025-09-01 02:00:00+00:00,34,1,6572,4.578,4.597,4.578,4.5925,633,HG.v.0
2025-09-01 03:00:00+00:00,34,1,6572,4.5925,4.5935,4.586,4.5915,204,HG.v.0
2025-09-01 04:00:00+00:00,34,1,6572,4.593,4.598,4.592,4.595,182,HG.v.0
2025-09-01 05:00:00+00:00,34,1,6572,4.595,4.6125,4.5935,4.61,716,HG.v.0
2025-09-01 06:00:00+00:00,34,1,6572,4.611,4.6125,4.5975,4.5975,586,HG.v.0
2025-09-01 07:00:00+00:00,34,1,6572,4.5985,4.607,4.5945,4.6045,430,HG.v.0
2025-09-01 08:00:00+00:00,34,1,6572,4.6055,4.609,4.5965,4.601,508,HG.v.0
2025-09-01 09:00:00+00:00,34,1,6572,4.6015,4.6025,4.593,4.5955,332,HG.v.0
2025-09-01 10:00:00+00:00,34,1,6572,4.5965,4.604,4.596,4.5975,331,HG.v.0
2025-09-01 11:00:00+00:00,34,1,6572,4.5985,4.5985,4.5845,4.587,765,HG.v.0
2025-09-01 12:00:00+00:00,34,1,6572,4.587,4.589,4.5805,4.5865,768,HG.v.0
2025-09-01 13:00:00+00:00,34,1,6572,4.5875,4.591,4.5795,4.5825,485,HG.v.0
2025-09-01 14:00:00+00:00,34,1,6572,4.5825,4.585,4.5715,4.5825,494,HG.v.0
2025-09-01 15:00:00+00:00,34,1,6572,4.5825,4.5825,4.5705,4.5755,803,HG.v.0
2025-09-01 16:00:00+00:00,34,1,6572,4.5745,4.5775,4.5715,4.576,236,HG.v.0
2025-09-01 17:00:00+00:00,34,1,6572,4.5755,4.5755,4.5705,4.5715,119,HG.v.0
2025-09-01 18:00:00+00:00,34,1,6572,4.5715,4.575,4.57,4.5725,77,HG.v.0
2025-09-01 22:00:00+00:00,34,1,6572,4.575,4.5765,4.571,4.5755,195,HG.v.0
2025-09-01 23:00:00+00:00,34,1,6572,4.5745,4.5825,4.5745,4.5825,112,HG.v.0
2025-09-02 00:00:00+00:00,34,1,6572,4.582,4.587,4.58,4.5845,317,HG.v.0
2025-09-02 01:00:00+00:00,34,1,6572,4.5845,4.6,4.5785,4.596,424,HG.v.0
2025-09-02 02:00:00+00:00,34,1,6572,4.596,4.6035,4.5915,4.5935,417,HG.v.0
2025-09-02 03:00:00+00:00,34,1,6572,4.5945,4.597,4.5875,4.5885,227,HG.v.0
2025-09-02 04:00:00+00:00,34,1,6572,4.588,4.59,4.5875,4.59,80,HG.v.0
2025-09-02 05:00:00+00:00,34,1,6572,4.589,4.5995,4.5855,4.5925,357,HG.v.0
2025-09-02 06:00:00+00:00,34,1,6572,4.594,4.595,4.568,4.5775,797,HG.v.0
2025-09-02 07:00:00+00:00,34,1,6572,4.5775,4.584,4.546,4.55,1493,HG.v.0
2025-09-02 08:00:00+00:00,34,1,6572,4.5485,4.5655,4.545,4.5585,829,HG.v.0
2025-09-02 09:00:00+00:00,34,1,6572,4.5585,4.575,4.5585,4.5725,575,HG.v.0
2025-09-02 10:00:00+00:00,34,1,6572,4.571,4.5745,4.567,4.5735,393,HG.v.0
2025-09-02 11:00:00+00:00,34,1,6572,4.574,4.579,4.5635,4.5735,853,HG.v.0
2025-09-02 12:00:00+00:00,34,1,6572,4.5745,4.5775,4.5455,4.552,3102,HG.v.0
2025-09-02 13:00:00+00:00,34,1,6572,4.553,4.5755,4.541,4.5725,3005,HG.v.0
2025-09-02 14:00:00+00:00,34,1,6572,4.573,4.6075,4.573,4.607,3521,HG.v.0
2025-09-02 15:00:00+00:00,34,1,6572,4.6065,4.624,4.6,4.6135,6147,HG.v.0
2025-09-02 16:00:00+00:00,34,1,6572,4.613,4.6465,4.6095,4.6415,7437,HG.v.0
2025-09-02 17:00:00+00:00,34,1,6572,4.6415,4.649,4.6325,4.6445,2144,HG.v.0
2025-09-02 18:00:00+00:00,34,1,6572,4.645,4.645,4.6255,4.632,789,HG.v.0
2025-09-02 19:00:00+00:00,34,1,6572,4.6335,4.6415,4.6325,4.637,563,HG.v.0
2025-09-02 20:00:00+00:00,34,1,6572,4.638,4.6475,4.638,4.641,455,HG.v.0
2025-09-02 22:00:00+00:00,34,1,6572,4.6455,4.65,4.639,4.6475,248,HG.v.0
2025-09-02 23:00:00+00:00,34,1,6572,4.648,4.653,4.6455,4.6495,167,HG.v.0
2025-09-03 00:00:00+00:00,34,1,6572,4.6505,4.6625,4.649,4.6535,639,HG.v.0
2025-09-03 01:00:00+00:00,34,1,6572,4.6545,4.675,4.637,4.643,2166,HG.v.0
2025-09-03 02:00:00+00:00,34,1,6572,4.642,4.642,4.627,4.63,517,HG.v.0
2025-09-03 03:00:00+00:00,34,1,6572,4.631,4.634,4.619,4.6225,296,HG.v.0
2025-09-03 04:00:00+00:00,34,1,6572,4.6225,4.63,4.622,4.6285,156,HG.v.0
2025-09-03 05:00:00+00:00,34,1,6572,4.628,4.6315,4.6125,4.6205,372,HG.v.0
2025-09-03 06:00:00+00:00,34,1,6572,4.62,4.631,4.618,4.623,572,HG.v.0
2025-09-03 07:00:00+00:00,34,1,6572,4.6235,4.6545,4.6235,4.653,1122,HG.v.0
2025-09-03 08:00:00+00:00,34,1,6572,4.652,4.664,4.6395,4.6445,1260,HG.v.0
2025-09-03 09:00:00+00:00,34,1,6572,4.645,4.6505,4.6375,4.6425,679,HG.v.0
2025-09-03 10:00:00+00:00,34,1,6572,4.643,4.6455,4.629,4.635,580,HG.v.0
2025-09-03 11:00:00+00:00,34,1,6572,4.636,4.636,4.622,4.6305,1170,HG.v.0
2025-09-03 12:00:00+00:00,34,1,6572,4.63,4.635,4.602,4.612,3417,HG.v.0
2025-09-03 13:00:00+00:00,34,1,6572,4.6115,4.6405,4.608,4.6345,3634,HG.v.0
2025-09-03 14:00:00+00:00,34,1,6572,4.6355,4.6485,4.6185,4.62,2543,HG.v.0
2025-09-03 15:00:00+00:00,34,1,6572,4.6205,4.625,4.613,4.617,1722,HG.v.0
2025-09-03 16:00:00+00:00,34,1,6572,4.617,4.632,4.617,4.63,2264,HG.v.0
2025-09-03 17:00:00+00:00,34,1,6572,4.6305,4.6325,4.617,4.619,517,HG.v.0
2025-09-03 18:00:00+00:00,34,1,6572,4.6185,4.6235,4.6105,4.617,271,HG.v.0
2025-09-03 19:00:00+00:00,34,1,6572,4.617,4.618,4.6045,4.612,414,HG.v.0
2025-09-03 20:00:00+00:00,34,1,6572,4.6125,4.62,4.6125,4.617,215,HG.v.0
2025-09-03 22:00:00+00:00,34,1,6572,4.6145,4.6205,4.613,4.615,146,HG.v.0
2025-09-03 23:00:00+00:00,34,1,6572,4.6155,4.618,4.611,4.618,68,HG.v.0
2025-09-04 00:00:00+00:00,34,1,6572,4.618,4.618,4.6115,4.615,138,HG.v.0
2025-09-04 01:00:00+00:00,34,1,6572,4.615,4.6165,4.601,4.6035,532,HG.v.0
2025-09-04 02:00:00+00:00,34,1,6572,4.6045,4.6055,4.583,4.588,866,HG.v.0
2025-09-04 03:00:00+00:00,34,1,6572,4.589,4.59,4.5765,4.583,490,HG.v.0
2025-09-04 04:00:00+00:00,34,1,6572,4.5825,4.584,4.5685,4.5725,394,HG.v.0
2025-09-04 05:00:00+00:00,34,1,6572,4.572,4.575,4.562,4.5675,564,HG.v.0
2025-09-04 06:00:00+00:00,34,1,6572,4.5675,4.58,4.5605,4.5775,1147,HG.v.0
2025-09-04 07:00:00+00:00,34,1,6572,4.577,4.5785,4.5615,4.567,798,HG.v.0
2025-09-04 08:00:00+00:00,34,1,6572,4.5665,4.577,4.5665,4.5735,443,HG.v.0
2025-09-04 09:00:00+00:00,34,1,6572,4.573,4.573,4.5645,4.5665,525,HG.v.0
2025-09-04 10:00:00+00:00,34,1,6572,4.5675,4.574,4.555,4.558,957,HG.v.0
2025-09-04 11:00:00+00:00,34,1,6572,4.5585,4.5625,4.552,4.559,922,HG.v.0
2025-09-04 12:00:00+00:00,34,1,6572,4.559,4.572,4.557,4.5715,1739,HG.v.0
2025-09-04 13:00:00+00:00,34,1,6572,4.5715,4.59,4.567,4.5765,2777,HG.v.0
2025-09-04 14:00:00+00:00,34,1,6572,4.576,4.582,4.5665,4.5755,1634,HG.v.0
2025-09-04 15:00:00+00:00,34,1,6572,4.576,4.5795,4.5675,4.5695,1410,HG.v.0
2025-09-04 16:00:00+00:00,34,1,6572,4.569,4.57,4.5555,4.5575,2582,HG.v.0
2025-09-04 17:00:00+00:00,34,1,6572,4.558,4.5615,4.5555,4.5605,1056,HG.v.0
2025-09-04 18:00:00+00:00,34,1,6572,4.561,4.5695,4.5605,4.5645,439,HG.v.0
2025-09-04 19:00:00+00:00,34,1,6572,4.564,4.5675,4.562,4.567,256,HG.v.0
2025-09-04 20:00:00+00:00,34,1,6572,4.5675,4.5715,4.5635,4.5645,286,HG.v.0
2025-09-04 22:00:00+00:00,34,1,6572,4.566,4.5665,4.561,4.564,156,HG.v.0
2025-09-04 23:00:00+00:00,34,1,6572,4.564,4.573,4.564,4.572,107,HG.v.0
2025-09-05 00:00:00+00:00,34,1,6572,4.5705,4.5705,4.5595,4.563,326,HG.v.0
2025-09-05 01:00:00+00:00,34,1,6572,4.5625,4.5795,4.5625,4.577,351,HG.v.0
2025-09-05 02:00:00+00:00,34,1,6572,4.5775,4.5915,4.576,4.5895,780,HG.v.0
2025-09-05 03:00:00+00:00,34,1,6572,4.59,4.5985,4.586,4.597,366,HG.v.0
2025-09-05 04:00:00+00:00,34,1,6572,4.5975,4.5985,4.594,4.5945,259,HG.v.0
2025-09-05 05:00:00+00:00,34,1,6572,4.5955,4.608,4.591,4.6055,547,HG.v.0
2025-09-05 06:00:00+00:00,34,1,6572,4.6055,4.6135,4.598,4.5995,817,HG.v.0
2025-09-05 07:00:00+00:00,34,1,6572,4.5995,4.605,4.5875,4.594,834,HG.v.0
2025-09-05 08:00:00+00:00,34,1,6572,4.592,4.5975,4.582,4.587,656,HG.v.0
2025-09-05 09:00:00+00:00,34,1,6572,4.588,4.594,4.5835,4.5875,253,HG.v.0
2025-09-05 10:00:00+00:00,34,1,6572,4.5885,4.5895,4.5825,4.584,285,HG.v.0
2025-09-05 11:00:00+00:00,34,1,6572,4.5835,4.601,4.583,4.599,806,HG.v.0
2025-09-05 12:00:00+00:00,34,1,6572,4.5995,4.62,4.593,4.606,4727,HG.v.0
2025-09-05 13:00:00+00:00,34,1,6572,4.6065,4.611,4.5695,4.5755,4483,HG.v.0
2025-09-05 14:00:00+00:00,34,1,6572,4.5755,4.58,4.546,4.559,5142,HG.v.0
2025-09-05 15:00:00+00:00,34,1,6572,4.559,4.563,4.551,4.553,2197,HG.v.0
2025-09-05 16:00:00+00:00,34,1,6572,4.552,4.557,4.547,4.551,2555,HG.v.0
2025-09-05 17:00:00+00:00,34,1,6572,4.551,4.553,4.5425,4.5465,1031,HG.v.0
2025-09-05 18:00:00+00:00,34,1,6572,4.547,4.548,4.5365,4.541,713,HG.v.0
2025-09-05 19:00:00+00:00,34,1,6572,4.541,4.5465,4.5375,4.54,544,HG.v.0
2025-09-05 20:00:00+00:00,34,1,6572,4.5405,4.5445,4.5385,4.5435,240,HG.v.0
2025-09-07 22:00:00+00:00,34,1,6572,4.543,4.56,4.5255,4.55,640,HG.v.0
2025-09-07 23:00:00+00:00,34,1,6572,4.55,4.556,4.55,4.553,193,HG.v.0
2025-09-08 00:00:00+00:00,34,1,6572,4.5525,4.556,4.5485,4.556,340,HG.v.0
2025-09-08 01:00:00+00:00,34,1,6572,4.5565,4.5785,4.553,4.5685,935,HG.v.0
2025-09-08 02:00:00+00:00,34,1,6572,4.5685,4.5705,4.561,4.566,158,HG.v.0
2025-09-08 03:00:00+00:00,34,1,6572,4.5665,4.5665,4.557,4.559,74,HG.v.0
2025-09-08 04:00:00+00:00,34,1,6572,4.559,4.559,4.5525,4.5525,134,HG.v.0
2025-09-08 05:00:00+00:00,34,1,6572,4.552,4.5645,4.5505,4.5635,210,HG.v.0
2025-09-08 06:00:00+00:00,34,1,6572,4.563,4.5715,4.559,4.5645,759,HG.v.0
2025-09-08 07:00:00+00:00,34,1,6572,4.5655,4.575,4.557,4.562,743,HG.v.0
2025-09-08 08:00:00+00:00,34,1,6572,4.561,4.579,4.5585,4.56,1015,HG.v.0
2025-09-08 09:00:00+00:00,34,1,6572,4.5595,4.5665,4.5545,4.5625,638,HG.v.0
2025-09-08 10:00:00+00:00,34,1,6572,4.5625,4.57,4.558,4.5645,403,HG.v.0
2025-09-08 11:00:00+00:00,34,1,6572,4.565,4.569,4.558,4.5645,1166,HG.v.0
2025-09-08 12:00:00+00:00,34,1,6572,4.564,4.5695,4.55,4.558,2289,HG.v.0
2025-09-08 13:00:00+00:00,34,1,6572,4.559,4.5625,4.5465,4.5565,1606,HG.v.0
2025-09-08 14:00:00+00:00,34,1,6572,4.556,4.5675,4.5545,4.562,1781,HG.v.0
2025-09-08 15:00:00+00:00,34,1,6572,4.5625,4.571,4.5555,4.569,1631,HG.v.0
2025-09-08 16:00:00+00:00,34,1,6572,4.5685,4.569,4.553,4.5605,1516,HG.v.0
2025-09-08 17:00:00+00:00,34,1,6572,4.5605,4.563,4.5555,4.559,608,HG.v.0
2025-09-08 18:00:00+00:00,34,1,6572,4.558,4.57,4.556,4.567,336,HG.v.0
2025-09-08 19:00:00+00:00,34,1,6572,4.567,4.569,4.5625,4.5685,246,HG.v.0
2025-09-08 20:00:00+00:00,34,1,6572,4.5695,4.57,4.565,4.567,163,HG.v.0
2025-09-08 22:00:00+00:00,34,1,6572,4.565,4.572,4.561,4.563,212,HG.v.0
2025-09-08 23:00:00+00:00,34,1,6572,4.5635,4.571,4.5625,4.568,64,HG.v.0
2025-09-09 00:00:00+00:00,34,1,6572,4.5675,4.5695,4.5615,4.566,247,HG.v.0
2025-09-09 01:00:00+00:00,34,1,6572,4.566,4.5665,4.5545,4.5665,424,HG.v.0
2025-09-09 02:00:00+00:00,34,1,6572,4.566,4.587,4.564,4.579,719,HG.v.0
2025-09-09 03:00:00+00:00,34,1,6572,4.5775,4.5795,4.566,4.5685,177,HG.v.0
2025-09-09 04:00:00+00:00,34,1,6572,4.5695,4.5775,4.566,4.576,181,HG.v.0
2025-09-09 05:00:00+00:00,34,1,6572,4.576,4.582,4.574,4.581,368,HG.v.0
2025-09-09 06:00:00+00:00,34,1,6572,4.5785,4.5815,4.567,4.573,441,HG.v.0
2025-09-09 07:00:00+00:00,34,1,6572,4.572,4.5815,4.5615,4.57,794,HG.v.0
2025-09-09 08:00:00+00:00,34,1,6572,4.57,4.583,4.5515,4.5625,1309,HG.v.0
2025-09-09 09:00:00+00:00,34,1,6572,4.5625,4.5805,4.5615,4.5785,519,HG.v.0
2025-09-09 10:00:00+00:00,34,1,6572,4.579,4.59,4.566,4.567,1630,HG.v.0
2025-09-09 11:00:00+00:00,34,1,6572,4.567,4.572,4.553,4.5565,1582,HG.v.0
2025-09-09 12:00:00+00:00,34,1,6572,4.5575,4.565,4.55,4.5535,1436,HG.v.0
2025-09-09 13:00:00+00:00,34,1,6572,4.554,4.579,4.546,4.566,2903,HG.v.0
2025-09-09 14:00:00+00:00,34,1,6572,4.567,4.574,4.551,4.559,1754,HG.v.0
2025-09-09 15:00:00+00:00,34,1,6572,4.5585,4.5655,4.549,4.5655,1476,HG.v.0
2025-09-09 16:00:00+00:00,34,1,6572,4.565,4.573,4.5615,4.57,1903,HG.v.0
2025-09-09 17:00:00+00:00,34,1,6572,4.5695,4.576,4.5695,4.5715,863,HG.v.0
2025-09-09 18:00:00+00:00,34,1,6572,4.571,4.5755,4.568,4.574,325,HG.v.0
2025-09-09 19:00:00+00:00,34,1,6572,4.5745,4.579,4.574,4.575,418,HG.v.0
2025-09-09 20:00:00+00:00,34,1,6572,4.575,4.5765,4.5735,4.5755,165,HG.v.0
2025-09-09 22:00:00+00:00,34,1,6572,4.5745,4.576,4.567,4.5695,148,HG.v.0
2025-09-09 23:00:00+00:00,34,1,6572,4.57,4.572,4.567,4.567,98,HG.v.0
2025-09-10 00:00:00+00:00,34,1,6572,4.567,4.572,4.5635,4.568,219,HG.v.0
2025-09-10 01:00:00+00:00,34,1,6572,4.568,4.577,4.5635,4.572,441,HG.v.0
2025-09-10 02:00:00+00:00,34,1,6572,4.5715,4.579,4.5695,4.579,241,HG.v.0
2025-09-10 03:00:00+00:00,34,1,6572,4.579,4.591,4.578,4.5865,545,HG.v.0
2025-09-10 04:00:00+00:00,34,1,6572,4.5865,4.5895,4.5855,4.5885,191,HG.v.0
2025-09-10 05:00:00+00:00,34,1,6572,4.5885,4.592,4.584,4.586,433,HG.v.0
2025-09-10 06:00:00+00:00,34,1,6572,4.5855,4.59,4.575,4.5755,1032,HG.v.0
2025-09-10 07:00:00+00:00,34,1,6572,4.5755,4.5845,4.5675,4.5835,678,HG.v.0
2025-09-10 08:00:00+00:00,34,1,6572,4.5825,4.583,4.5655,4.569,476,HG.v.0
2025-09-10 09:00:00+00:00,34,1,6572,4.569,4.5765,4.566,4.574,352,HG.v.0
2025-09-10 10:00:00+00:00,34,1,6572,4.574,4.5755,4.565,4.5655,429,HG.v.0
2025-09-10 11:00:00+00:00,34,1,6572,4.5665,4.584,4.566,4.58,1023,HG.v.0
2025-09-10 12:00:00+00:00,34,1,6572,4.5795,4.596,4.576,4.5945,2798,HG.v.0
2025-09-10 13:00:00+00:00,34,1,6572,4.5945,4.6155,4.589,4.611,3620,HG.v.0
2025-09-10 14:00:00+00:00,34,1,6572,4.6115,4.6175,4.607,4.612,2330,HG.v.0
2025-09-10 15:00:00+00:00,34,1,6572,4.613,4.623,4.61,4.6175,2041,HG.v.0
2025-09-10 16:00:00+00:00,34,1,6572,4.6165,4.626,4.612,4.619,1959,HG.v.0
2025-09-10 17:00:00+00:00,34,1,6572,4.6195,4.623,4.613,4.6195,853,HG.v.0
2025-09-10 18:00:00+00:00,34,1,6572,4.619,4.62,4.612,4.614,227,HG.v.0
2025-09-10 19:00:00+00:00,34,1,6572,4.613,4.614,4.602,4.606,480,HG.v.0
2025-09-10 20:00:00+00:00,34,1,6572,4.607,4.6105,4.604,4.605,227,HG.v.0
2025-09-10 22:00:00+00:00,34,1,6572,4.605,4.6105,4.6045,4.6085,115,HG.v.0
2025-09-10 23:00:00+00:00,34,1,6572,4.609,4.612,4.608,4.6095,74,HG.v.0
2025-09-11 00:00:00+00:00,34,1,6572,4.6105,4.6115,4.6055,4.608,196,HG.v.0
2025-09-11 01:00:00+00:00,34,1,6572,4.6085,4.6105,4.602,4.605,377,HG.v.0
2025-09-11 02:00:00+00:00,34,1,6572,4.606,4.6075,4.5995,4.603,188,HG.v.0
2025-09-11 03:00:00+00:00,34,1,6572,4.6035,4.6095,4.603,4.607,160,HG.v.0
2025-09-11 04:00:00+00:00,34,1,6572,4.6065,4.6075,4.6,4.6005,135,HG.v.0
2025-09-11 05:00:00+00:00,34,1,6572,4.6015,4.6045,4.598,4.602,249,HG.v.0
2025-09-11 06:00:00+00:00,34,1,6572,4.6015,4.617,4.6,4.6085,452,HG.v.0
2025-09-11 07:00:00+00:00,34,1,6572,4.6095,4.6205,4.609,4.6165,659,HG.v.0
2025-09-11 08:00:00+00:00,34,1,6572,4.6185,4.6185,4.6065,4.6085,563,HG.v.0
2025-09-11 09:00:00+00:00,34,1,6572,4.609,4.609,4.597,4.604,594,HG.v.0
2025-09-11 10:00:00+00:00,34,1,6572,4.603,4.615,4.6015,4.61,674,HG.v.0
2025-09-11 11:00:00+00:00,34,1,6572,4.6095,4.615,4.6065,4.6095,885,HG.v.0
2025-09-11 12:00:00+00:00,34,1,6572,4.61,4.627,4.5975,4.6205,2146,HG.v.0
2025-09-11 13:00:00+00:00,34,1,6572,4.619,4.6335,4.604,4.6315,3425,HG.v.0
2025-09-11 14:00:00+00:00,34,1,6572,4.632,4.641,4.6305,4.636,2334,HG.v.0
2025-09-11 15:00:00+00:00,34,1,6572,4.6365,4.656,4.6355,4.653,2912,HG.v.0
2025-09-11 16:00:00+00:00,34,1,6572,4.653,4.66,4.652,4.658,2578,HG.v.0
2025-09-11 17:00:00+00:00,34,1,6572,4.658,4.6585,4.6515,4.6575,567,HG.v.0
2025-09-11 18:00:00+00:00,34,1,6572,4.657,4.6595,4.6535,4.6595,479,HG.v.0
2025-09-11 19:00:00+00:00,34,1,6572,4.659,4.684,4.6585,4.6815,1419,HG.v.0
2025-09-11 20:00:00+00:00,34,1,6572,4.681,4.6825,4.67,4.671,590,HG.v.0
2025-09-11 22:00:00+00:00,34,1,6572,4.6725,4.68,4.6695,4.679,352,HG.v.0
2025-09-11 23:00:00+00:00,34,1,6572,4.679,4.6815,4.6775,4.6775,135,HG.v.0
2025-09-12 00:00:00+00:00,34,1,6572,4.678,4.678,4.6605,4.6635,758,HG.v.0
2025-09-12 01:00:00+00:00,34,1,6572,4.664,4.6775,4.662,4.669,885,HG.v.0
2025-09-12 02:00:00+00:00,34,1,6572,4.6705,4.682,4.669,4.673,533,HG.v.0
2025-09-12 03:00:00+00:00,34,1,6572,4.6715,4.678,4.671,4.6755,209,HG.v.0
2025-09-12 04:00:00+00:00,34,1,6572,4.6765,4.682,4.6765,4.68,240,HG.v.0
2025-09-12 05:00:00+00:00,34,1,6572,4.68,4.6945,4.679,4.685,770,HG.v.0
2025-09-12 06:00:00+00:00,34,1,6572,4.6845,4.698,4.6765,4.694,883,HG.v.0
2025-09-12 07:00:00+00:00,34,1,6572,4.695,4.6995,4.689,4.6925,887,HG.v.0
2025-09-12 08:00:00+00:00,34,1,6572,4.693,4.6945,4.676,4.6875,1168,HG.v.0
2025-09-12 09:00:00+00:00,34,1,6572,4.687,4.697,4.682,4.688,599,HG.v.0
2025-09-12 10:00:00+00:00,34,1,6572,4.6875,4.689,4.6765,4.678,383,HG.v.0
2025-09-12 11:00:00+00:00,34,1,6572,4.679,4.6865,4.676,4.683,890,HG.v.0
2025-09-12 12:00:00+00:00,34,1,6572,4.683,4.6845,4.651,4.657,3985,HG.v.0
2025-09-12 13:00:00+00:00,34,1,6572,4.657,4.664,4.643,4.6635,3578,HG.v.0
2025-09-12 14:00:00+00:00,34,1,6572,4.663,4.68,4.6525,4.654,2395,HG.v.0
2025-09-12 15:00:00+00:00,34,1,6572,4.654,4.6565,4.6455,4.6515,1547,HG.v.0
2025-09-12 16:00:00+00:00,34,1,6572,4.652,4.659,4.646,4.6525,1803,HG.v.0
2025-09-12 17:00:00+00:00,34,1,6572,4.6525,4.6575,4.652,4.654,449,HG.v.0
2025-09-12 18:00:00+00:00,34,1,6572,4.6535,4.656,4.6525,4.654,254,HG.v.0
2025-09-12 19:00:00+00:00,34,1,6572,4.6545,4.655,4.6465,4.6485,391,HG.v.0
2025-09-12 20:00:00+00:00,34,1,6572,4.6495,4.65,4.6445,4.648,298,HG.v.0
2025-09-14 22:00:00+00:00,34,1,6572,4.6525,4.6585,4.643,4.646,222,HG.v.0
2025-09-14 23:00:00+00:00,34,1,6572,4.646,4.6495,4.6385,4.6495,230,HG.v.0
2025-09-15 00:00:00+00:00,34,1,6572,4.649,4.655,4.6465,4.6505,253,HG.v.0
2025-09-15 01:00:00+00:00,34,1,6572,4.649,4.657,4.6385,4.652,499,HG.v.0
2025-09-15 02:00:00+00:00,34,1,6572,4.652,4.667,4.649,4.666,749,HG.v.0
2025-09-15 03:00:00+00:00,34,1,6572,4.665,4.669,4.6635,4.665,217,HG.v.0
2025-09-15 04:00:00+00:00,34,1,6572,4.665,4.6675,4.6625,4.666,155,HG.v.0
2025-09-15 05:00:00+00:00,34,1,6572,4.666,4.666,4.6565,4.662,204,HG.v.0
2025-09-15 06:00:00+00:00,34,1,6572,4.663,4.664,4.651,4.66,384,HG.v.0
2025-09-15 07:00:00+00:00,34,1,6572,4.66,4.6675,4.6495,4.662,692,HG.v.0
2025-09-15 08:00:00+00:00,34,1,6572,4.663,4.663,4.652,4.6535,504,HG.v.0
2025-09-15 09:00:00+00:00,34,1,6572,4.652,4.655,4.648,4.654,325,HG.v.0
2025-09-15 10:00:00+00:00,34,1,6572,4.655,4.663,4.6525,4.6545,367,HG.v.0
2025-09-15 11:00:00+00:00,34,1,6572,4.655,4.6685,4.653,4.6655,767,HG.v.0
2025-09-15 12:00:00+00:00,34,1,6572,4.665,4.6695,4.6595,4.668,1146,HG.v.0
2025-09-15 13:00:00+00:00,34,1,6572,4.6695,4.6895,4.662,4.689,2147,HG.v.0
2025-09-15 14:00:00+00:00,34,1,6572,4.6895,4.7145,4.6825,4.714,4403,HG.v.0
2025-09-15 15:00:00+00:00,34,1,6572,4.714,4.726,4.7075,4.7225,3354,HG.v.0
2025-09-15 16:00:00+00:00,34,1,6572,4.7225,4.723,4.7055,4.7175,2529,HG.v.0
2025-09-15 17:00:00+00:00,34,1,6572,4.7175,4.7235,4.711,4.723,1510,HG.v.0
2025-09-15 18:00:00+00:00,34,1,6572,4.7225,4.7225,4.7125,4.719,350,HG.v.0
2025-09-15 19:00:00+00:00,34,1,6572,4.7195,4.7205,4.7155,4.7195,312,HG.v.0
2025-09-15 20:00:00+00:00,34,1,6572,4.7195,4.721,4.7175,4.719,331,HG.v.0
2025-09-15 22:00:00+00:00,34,1,6572,4.7195,4.722,4.713,4.7165,233,HG.v.0
2025-09-15 23:00:00+00:00,34,1,6572,4.717,4.7195,4.717,4.7185,71,HG.v.0
2025-09-16 00:00:00+00:00,34,1,6572,4.719,4.7205,4.7155,4.7175,475,HG.v.0
2025-09-16 01:00:00+00:00,34,1,6572,4.7175,4.7185,4.706,4.708,722,HG.v.0
2025-09-16 02:00:00+00:00,34,1,6572,4.71,4.712,4.6805,4.681,929,HG.v.0
2025-09-16 03:00:00+00:00,34,1,6572,4.6815,4.69,4.681,4.6885,439,HG.v.0
2025-09-16 04:00:00+00:00,34,1,6572,4.6885,4.689,4.684,4.6875,193,HG.v.0
2025-09-16 05:00:00+00:00,34,1,6572,4.6875,4.6885,4.6805,4.687,334,HG.v.0
2025-09-16 06:00:00+00:00,34,1,6572,4.687,4.6965,4.6825,4.6945,718,HG.v.0
2025-09-16 07:00:00+00:00,34,1,6572,4.6945,4.7075,4.6915,4.693,1019,HG.v.0
2025-09-16 08:00:00+00:00,34,1,6572,4.6935,4.703,4.6915,4.7005,446,HG.v.0
2025-09-16 09:00:00+00:00,34,1,6572,4.701,4.713,4.699,4.706,878,HG.v.0
2025-09-16 10:00:00+00:00,34,1,6572,4.7065,4.711,4.701,4.704,452,HG.v.0
2025-09-16 11:00:00+00:00,34,1,6572,4.704,4.715,4.697,4.7125,1134,HG.v.0
2025-09-16 12:00:00+00:00,34,1,6572,4.713,4.7135,4.6915,4.697,2315,HG.v.0
2025-09-16 13:00:00+00:00,34,1,6572,4.697,4.705,4.6885,4.6965,2587,HG.v.0
2025-09-16 14:00:00+00:00,34,1,6572,4.6955,4.716,4.695,4.708,2123,HG.v.0
2025-09-16 15:00:00+00:00,34,1,6572,4.708,4.7115,4.6915,4.7015,1992,HG.v.0
2025-09-16 16:00:00+00:00,34,1,6572,4.7015,4.704,4.6885,4.693,2107,HG.v.0
2025-09-16 17:00:00+00:00,34,1,6572,4.693,4.695,4.683,4.693,882,HG.v.0
2025-09-16 18:00:00+00:00,34,1,6572,4.6935,4.6965,4.693,4.696,293,HG.v.0
2025-09-16 19:00:00+00:00,34,1,6572,4.696,4.698,4.6945,4.697,234,HG.v.0
2025-09-16 20:00:00+00:00,34,1,6572,4.697,4.7035,4.697,4.699,282,HG.v.0
2025-09-16 22:00:00+00:00,34,1,6572,4.699,4.704,4.694,4.701,147,HG.v.0
2025-09-16 23:00:00+00:00,34,1,6572,4.7015,4.7025,4.6965,4.699,89,HG.v.0
2025-09-17 00:00:00+00:00,34,1,6572,4.6985,4.7,4.69,4.6915,304,HG.v.0
2025-09-17 01:00:00+00:00,34,1,6572,4.691,4.6965,4.656,4.6645,1278,HG.v.0
2025-09-17 02:00:00+00:00,34,1,6572,4.6635,4.6655,4.6515,4.6635,545,HG.v.0
2025-09-17 03:00:00+00:00,34,1,6572,4.6625,4.6665,4.6605,4.663,207,HG.v.0
2025-09-17 04:00:00+00:00,34,1,6572,4.6635,4.6665,4.663,4.665,98,HG.v.0
2025-09-17 05:00:00+00:00,34,1,6572,4.665,4.6675,4.656,4.6655,364,HG.v.0
2025-09-17 06:00:00+00:00,34,1,6572,4.6655,4.671,4.6615,4.6645,379,HG.v.0
2025-09-17 07:00:00+00:00,34,1,6572,4.6635,4.6655,4.6135,4.6265,2819,HG.v.0
2025-09-17 08:00:00+00:00,34,1,6572,4.626,4.6265,4.591,4.5985,1937,HG.v.0
2025-09-17 09:00:00+00:00,34,1,6572,4.598,4.619,4.598,4.614,1571,HG.v.0
2025-09-17 10:00:00+00:00,34,1,6572,4.6145,4.62,4.6015,4.608,1046,HG.v.0
2025-09-17 11:00:00+00:00,34,1,6572,4.6085,4.6155,4.5995,4.6055,1065,HG.v.0
2025-09-17 12:00:00+00:00,34,1,6572,4.606,4.635,4.6,4.6315,3018,HG.v.0
2025-09-17 13:00:00+00:00,34,1,6572,4.6315,4.6325,4.6135,4.626,2124,HG.v.0
2025-09-17 14:00:00+00:00,34,1,6572,4.6265,4.636,4.618,4.629,1591,HG.v.0
2025-09-17 15:00:00+00:00,34,1,6572,4.629,4.643,4.6265,4.6365,2034,HG.v.0
2025-09-17 16:00:00+00:00,34,1,6572,4.637,4.638,4.6255,4.6315,1947,HG.v.0
2025-09-17 17:00:00+00:00,34,1,6572,4.632,4.634,4.6245,4.6245,907,HG.v.0
2025-09-17 18:00:00+00:00,34,1,6572,4.628,4.663,4.583,4.5965,3660,HG.v.0
2025-09-17 19:00:00+00:00,34,1,6572,4.5965,4.635,4.5955,4.614,1499,HG.v.0
2025-09-17 20:00:00+00:00,34,1,6572,4.6155,4.6195,4.612,4.6155,220,HG.v.0
2025-09-17 22:00:00+00:00,34,1,6572,4.615,4.619,4.6085,4.616,111,HG.v.0
2025-09-17 23:00:00+00:00,34,1,6572,4.617,4.631,4.617,4.6275,272,HG.v.0
2025-09-18 00:00:00+00:00,34,1,6572,4.628,4.628,4.6125,4.62,323,HG.v.0
2025-09-18 01:00:00+00:00,34,1,6572,4.6195,4.625,4.611,4.618,440,HG.v.0
2025-09-18 02:00:00+00:00,34,1,6572,4.6175,4.627,4.6145,4.626,291,HG.v.0
2025-09-18 03:00:00+00:00,34,1,6572,4.6255,4.6265,4.615,4.616,220,HG.v.0
2025-09-18 04:00:00+00:00,34,1,6572,4.6145,4.6155,4.6035,4.6045,324,HG.v.0
2025-09-18 05:00:00+00:00,34,1,6572,4.6045,4.61,4.5935,4.596,697,HG.v.0
2025-09-18 06:00:00+00:00,34,1,6572,4.595,4.599,4.586,4.599,765,HG.v.0
2025-09-18 07:00:00+00:00,34,1,6572,4.5985,4.6245,4.5935,4.6185,975,HG.v.0
2025-09-18 08:00:00+00:00,34,1,6572,4.619,4.6275,4.6145,4.615,919,HG.v.0
2025-09-18 09:00:00+00:00,34,1,6572,4.614,4.616,4.6075,4.6085,405,HG.v.0
2025-09-18 10:00:00+00:00,34,1,6572,4.608,4.614,4.607,4.612,268,HG.v.0
2025-09-18 11:00:00+00:00,34,1,6572,4.6125,4.625,4.612,4.612,933,HG.v.0
2025-09-18 12:00:00+00:00,34,1,6572,4.6125,4.615,4.6,4.608,1885,HG.v.0
2025-09-18 13:00:00+00:00,34,1,6572,4.6075,4.612,4.5765,4.5895,3782,HG.v.0
2025-09-18 14:00:00+00:00,34,1,6572,4.589,4.6015,4.5835,4.589,2535,HG.v.0
2025-09-18 15:00:00+00:00,34,1,6572,4.589,4.601,4.587,4.599,1253,HG.v.0
2025-09-18 16:00:00+00:00,34,1,6572,4.5995,4.606,4.5925,4.6,1979,HG.v.0
2025-09-18 17:00:00+00:00,34,1,6572,4.6,4.602,4.5965,4.599,577,HG.v.0
2025-09-18 18:00:00+00:00,34,1,6572,4.5985,4.6,4.5945,4.5975,220,HG.v.0
2025-09-18 19:00:00+00:00,34,1,6572,4.5975,4.5995,4.596,4.5975,328,HG.v.0
2025-09-18 20:00:00+00:00,34,1,6572,4.5975,4.6025,4.596,4.6,274,HG.v.0
2025-09-18 22:00:00+00:00,34,1,6572,4.6,4.602,4.5985,4.6005,81,HG.v.0
2025-09-18 23:00:00+00:00,34,1,6572,4.6005,4.6005,4.5915,4.5945,166,HG.v.0
2025-09-19 00:00:00+00:00,34,1,6572,4.595,4.597,4.589,4.593,193,HG.v.0
2025-09-19 01:00:00+00:00,34,1,6572,4.5925,4.608,4.592,4.6015,697,HG.v.0
2025-09-19 02:00:00+00:00,34,1,6572,4.6015,4.614,4.6015,4.6065,310,HG.v.0
2025-09-19 03:00:00+00:00,34,1,6572,4.61,4.6205,4.609,4.6165,263,HG.v.0
2025-09-19 04:00:00+00:00,34,1,6572,4.6175,4.621,4.612,4.617,152,HG.v.0
2025-09-19 05:00:00+00:00,34,1,6572,4.6165,4.6185,4.6055,4.61,402,HG.v.0
2025-09-19 06:00:00+00:00,34,1,6572,4.609,4.6135,4.6045,4.606,424,HG.v.0
2025-09-19 07:00:00+00:00,34,1,6572,4.6055,4.624,4.6015,4.614,777,HG.v.0
2025-09-19 08:00:00+00:00,34,1,6572,4.614,4.618,4.6085,4.6145,441,HG.v.0
2025-09-19 09:00:00+00:00,34,1,6572,4.6155,4.6185,4.61,4.613,236,HG.v.0
2025-09-19 10:00:00+00:00,34,1,6572,4.613,4.617,4.6105,4.6165,261,HG.v.0
2025-09-19 11:00:00+00:00,34,1,6572,4.6165,4.617,4.606,4.608,540,HG.v.0
2025-09-19 12:00:00+00:00,34,1,6572,4.608,4.61,4.6005,4.6065,1103,HG.v.0
2025-09-19 13:00:00+00:00,34,1,6572,4.607,4.621,4.605,4.6145,2068,HG.v.0
2025-09-19 14:00:00+00:00,34,1,6572,4.614,4.6215,4.6055,4.619,1703,HG.v.0
2025-09-19 15:00:00+00:00,34,1,6572,4.619,4.629,4.6115,4.6225,1540,HG.v.0
2025-09-19 16:00:00+00:00,34,1,6572,4.623,4.6295,4.6205,4.6275,1818,HG.v.0
2025-09-19 17:00:00+00:00,34,1,6572,4.627,4.634,4.626,4.634,1122,HG.v.0
2025-09-19 18:00:00+00:00,34,1,6572,4.633,4.6425,4.632,4.642,488,HG.v.0
2025-09-19 19:00:00+00:00,34,1,6572,4.642,4.6425,4.6335,4.6335,508,HG.v.0
2025-09-19 20:00:00+00:00,34,1,6572,4.633,4.6335,4.6285,4.6305,255,HG.v.0
2025-09-21 22:00:00+00:00,34,1,6572,4.6305,4.6475,4.6305,4.6435,318,HG.v.0
2025-09-21 23:00:00+00:00,34,1,6572,4.643,4.6435,4.6385,4.641,137,HG.v.0
2025-09-22 00:00:00+00:00,34,1,6572,4.641,4.6475,4.6335,4.641,830,HG.v.0
2025-09-22 01:00:00+00:00,34,1,6572,4.6425,4.6485,4.632,4.633,654,HG.v.0
2025-09-22 02:00:00+00:00,34,1,6572,4.6335,4.6385,4.63,4.6355,353,HG.v.0
2025-09-22 03:00:00+00:00,34,1,6572,4.635,4.6395,4.633,4.637,220,HG.v.0
2025-09-22 04:00:00+00:00,34,1,6572,4.6375,4.6405,4.633,4.6345,146,HG.v.0
2025-09-22 05:00:00+00:00,34,1,6572,4.634,4.6425,4.629,4.631,266,HG.v.0
2025-09-22 06:00:00+00:00,34,1,6572,4.6315,4.644,4.623,4.635,783,HG.v.0
2025-09-22 07:00:00+00:00,34,1,6572,4.6335,4.6365,4.618,4.6255,793,HG.v.0
2025-09-22 08:00:00+00:00,34,1,6572,4.6245,4.6465,4.6245,4.6395,1227,HG.v.0
2025-09-22 09:00:00+00:00,34,1,6572,4.6405,4.642,4.63,4.6335,305,HG.v.0
2025-09-22 10:00:00+00:00,34,1,6572,4.6325,4.6415,4.631,4.6395,355,HG.v.0
2025-09-22 11:00:00+00:00,34,1,6572,4.6395,4.6445,4.63,4.6355,829,HG.v.0
2025-09-22 12:00:00+00:00,34,1,6572,4.636,4.6405,4.6225,4.629,1541,HG.v.0
2025-09-22 13:00:00+00:00,34,1,6572,4.629,4.631,4.6065,4.6155,2710,HG.v.0
2025-09-22 14:00:00+00:00,34,1,6572,4.615,4.6185,4.599,4.616,2286,HG.v.0
2025-09-22 15:00:00+00:00,34,1,6572,4.6155,4.6235,4.6105,4.622,1410,HG.v.0
2025-09-22 16:00:00+00:00,34,1,6572,4.621,4.6355,4.621,4.634,2037,HG.v.0
2025-09-22 17:00:00+00:00,34,1,6572,4.634,4.643,4.634,4.6395,979,HG.v.0
2025-09-22 18:00:00+00:00,34,1,6572,4.6395,4.6395,4.634,4.6365,280,HG.v.0
2025-09-22 19:00:00+00:00,34,1,6572,4.637,4.6485,4.6365,4.6475,602,HG.v.0
2025-09-22 20:00:00+00:00,34,1,6572,4.647,4.653,4.6455,4.651,496,HG.v.0
2025-09-22 22:00:00+00:00,34,1,6572,4.6505,4.6545,4.6495,4.65,267,HG.v.0
2025-09-22 23:00:00+00:00,34,1,6572,4.6495,4.652,4.649,4.649,141,HG.v.0
2025-09-23 00:00:00+00:00,34,1,6572,4.649,4.6525,4.646,4.647,680,HG.v.0
2025-09-23 01:00:00+00:00,34,1,6572,4.646,4.647,4.6375,4.638,1060,HG.v.0
2025-09-23 02:00:00+00:00,34,1,6572,4.6375,4.639,4.6255,4.6345,704,HG.v.0
2025-09-23 03:00:00+00:00,34,1,6572,4.6325,4.6345,4.629,4.633,104,HG.v.0
2025-09-23 04:00:00+00:00,34,1,6572,4.633,4.635,4.628,4.628,82,HG.v.0
2025-09-23 05:00:00+00:00,34,1,6572,4.628,4.635,4.6225,4.623,468,HG.v.0
2025-09-23 06:00:00+00:00,34,1,6572,4.6225,4.628,4.62,4.624,831,HG.v.0
2025-09-23 07:00:00+00:00,34,1,6572,4.624,4.63,4.615,4.629,707,HG.v.0
2025-09-23 08:00:00+00:00,34,1,6572,4.6285,4.6315,4.6235,4.628,834,HG.v.0
2025-09-23 09:00:00+00:00,34,1,6572,4.6285,4.637,4.627,4.63,857,HG.v.0
2025-09-23 10:00:00+00:00,34,1,6572,4.631,4.633,4.6275,4.63,352,HG.v.0
2025-09-23 11:00:00+00:00,34,1,6572,4.6315,4.634,4.626,4.629,929,HG.v.0
2025-09-23 12:00:00+00:00,34,1,6572,4.629,4.64,4.628,4.6395,1615,HG.v.0
2025-09-23 13:00:00+00:00,34,1,6572,4.639,4.6465,4.6235,4.6395,2523,HG.v.0
2025-09-23 14:00:00+00:00,34,1,6572,4.639,4.642,4.634,4.639,1561,HG.v.0
2025-09-23 15:00:00+00:00,34,1,6572,4.6385,4.6405,4.628,4.6385,1078,HG.v.0
2025-09-23 16:00:00+00:00,34,1,6572,4.638,4.645,4.632,4.6435,2323,HG.v.0
2025-09-23 17:00:00+00:00,34,1,6572,4.643,4.648,4.637,4.641,908,HG.v.0
2025-09-23 18:00:00+00:00,34,1,6572,4.6405,4.643,4.634,4.6345,438,HG.v.0
2025-09-23 19:00:00+00:00,34,1,6572,4.6355,4.646,4.631,4.6445,494,HG.v.0
2025-09-23 20:00:00+00:00,34,1,6572,4.645,4.6465,4.6375,4.64,195,HG.v.0
2025-09-23 22:00:00+00:00,34,1,6572,4.6415,4.6495,4.64,4.6435,142,HG.v.0
2025-09-23 23:00:00+00:00,34,1,6572,4.6445,4.6465,4.637,4.64,161,HG.v.0
2025-09-24 00:00:00+00:00,34,1,6572,4.6415,4.6445,4.636,4.6375,310,HG.v.0
2025-09-24 01:00:00+00:00,34,1,6572,4.638,4.6445,4.635,4.637,522,HG.v.0
2025-09-24 02:00:00+00:00,34,1,6572,4.6375,4.6435,4.6325,4.6425,400,HG.v.0
2025-09-24 03:00:00+00:00,34,1,6572,4.643,4.6475,4.6385,4.64,315,HG.v.0
2025-09-24 04:00:00+00:00,34,1,6572,4.641,4.642,4.638,4.6405,78,HG.v.0
2025-09-24 05:00:00+00:00,34,1,6572,4.6405,4.649,4.6385,4.643,349,HG.v.0
2025-09-24 06:00:00+00:00,34,1,6572,4.644,4.648,4.6355,4.637,638,HG.v.0
2025-09-24 07:00:00+00:00,34,1,6572,4.637,4.6395,4.626,4.637,898,HG.v.0
2025-09-24 08:00:00+00:00,34,1,6572,4.6375,4.638,4.6225,4.625,1002,HG.v.0
2025-09-24 09:00:00+00:00,34,1,6572,4.6235,4.632,4.6235,4.626,524,HG.v.0
2025-09-24 10:00:00+00:00,34,1,6572,4.626,4.6265,4.611,4.6145,1028,HG.v.0
2025-09-24 11:00:00+00:00,34,1,6572,4.615,4.6155,4.6005,4.6035,1090,HG.v.0
2025-09-24 12:00:00+00:00,34,1,6572,4.6025,4.734,4.592,4.7005,14287,HG.v.0
2025-09-24 13:00:00+00:00,34,1,6572,4.701,4.7495,4.682,4.7485,10691,HG.v.0
2025-09-24 14:00:00+00:00,34,1,6572,4.748,4.8265,4.745,4.7915,15078,HG.v.0
2025-09-24 15:00:00+00:00,34,1,6572,4.7925,4.8375,4.7905,4.818,6505,HG.v.0
2025-09-24 16:00:00+00:00,34,1,6572,4.8185,4.8395,4.8005,4.8155,5278,HG.v.0
2025-09-24 17:00:00+00:00,34,1,6572,4.8155,4.8445,4.813,4.823,2698,HG.v.0
2025-09-24 18:00:00+00:00,34,1,6572,4.822,4.828,4.811,4.8255,779,HG.v.0
2025-09-24 19:00:00+00:00,34,1,6572,4.8265,4.8315,4.8225,4.824,538,HG.v.0
2025-09-24 20:00:00+00:00,34,1,6572,4.823,4.8275,4.82,4.8275,380,HG.v.0
2025-09-24 22:00:00+00:00,34,1,6572,4.825,4.8285,4.8155,4.817,273,HG.v.0
2025-09-24 23:00:00+00:00,34,1,6572,4.8165,4.822,4.8165,4.819,151,HG.v.0
2025-09-25 00:00:00+00:00,34,1,6572,4.8185,4.8335,4.8045,4.8315,847,HG.v.0
2025-09-25 01:00:00+00:00,34,1,6572,4.8315,4.8475,4.8095,4.8375,2343,HG.v.0
2025-09-25 02:00:00+00:00,34,1,6572,4.8395,4.8895,4.838,4.888,2178,HG.v.0
2025-09-25 03:00:00+00:00,34,1,6572,4.888,4.8895,4.866,4.8725,836,HG.v.0
2025-09-25 04:00:00+00:00,34,1,6572,4.873,4.8825,4.8705,4.881,426,HG.v.0
2025-09-25 05:00:00+00:00,34,1,6572,4.881,4.881,4.855,4.8605,1024,HG.v.0
2025-09-25 06:00:00+00:00,34,1,6572,4.8625,4.8815,4.8615,4.867,1391,HG.v.0
2025-09-25 07:00:00+00:00,34,1,6572,4.866,4.8935,4.8375,4.889,2513,HG.v.0
2025-09-25 08:00:00+00:00,34,1,6572,4.89,4.9395,4.8675,4.887,4108,HG.v.0
2025-09-25 09:00:00+00:00,34,1,6572,4.8865,4.893,4.8655,4.888,1856,HG.v.0
2025-09-25 10:00:00+00:00,34,1,6572,4.885,4.9,4.877,4.881,1538,HG.v.0
2025-09-25 11:00:00+00:00,34,1,6572,4.8825,4.8825,4.83,4.8535,2691,HG.v.0
2025-09-25 12:00:00+00:00,34,1,6572,4.853,4.864,4.781,4.7935,7574,HG.v.0
2025-09-25 13:00:00+00:00,34,1,6572,4.794,4.826,4.764,4.7705,8492,HG.v.0
2025-09-25 14:00:00+00:00,34,1,6572,4.7715,4.791,4.747,4.7645,8722,HG.v.0
2025-09-25 15:00:00+00:00,34,1,6572,4.7635,4.7925,4.7605,4.779,3362,HG.v.0
2025-09-25 16:00:00+00:00,34,1,6572,4.778,4.782,4.752,4.7585,3730,HG.v.0
2025-09-25 17:00:00+00:00,34,1,6572,4.7585,4.7715,4.749,4.77,1339,HG.v.0
2025-09-25 18:00:00+00:00,34,1,6572,4.77,4.7825,4.7595,4.782,606,HG.v.0
2025-09-25 19:00:00+00:00,34,1,6572,4.7805,4.791,4.777,4.782,617,HG.v.0
2025-09-25 20:00:00+00:00,34,1,6572,4.7825,4.7945,4.778,4.7885,529,HG.v.0
2025-09-25 22:00:00+00:00,34,1,6572,4.788,4.7885,4.7825,4.7875,200,HG.v.0
2025-09-25 23:00:00+00:00,34,1,6572,4.788,4.7885,4.7705,4.777,265,HG.v.0
2025-09-26 00:00:00+00:00,34,1,6572,4.777,4.7905,4.772,4.7815,421,HG.v.0
2025-09-26 01:00:00+00:00,34,1,6572,4.781,4.786,4.766,4.7665,534,HG.v.0
2025-09-26 02:00:00+00:00,34,1,6572,4.7655,4.7865,4.765,4.7745,343,HG.v.0
2025-09-26 03:00:00+00:00,34,1,6572,4.7755,4.79,4.7725,4.787,381,HG.v.0
2025-09-26 04:00:00+00:00,34,1,6572,4.787,4.7945,4.7825,4.789,364,HG.v.0
2025-09-26 05:00:00+00:00,34,1,6572,4.791,4.8,4.781,4.7815,508,HG.v.0
2025-09-26 06:00:00+00:00,34,1,6572,4.7805,4.793,4.776,4.7855,1076,HG.v.0
2025-09-26 07:00:00+00:00,34,1,6572,4.786,4.791,4.75,4.7535,1475,HG.v.0
2025-09-26 08:00:00+00:00,34,1,6572,4.7525,4.7615,4.736,4.748,1531,HG.v.0
2025-09-26 09:00:00+00:00,34,1,6572,4.7475,4.7525,4.7375,4.7465,615,HG.v.0
2025-09-26 10:00:00+00:00,34,1,6572,4.7485,4.7535,4.7425,4.752,560,HG.v.0
2025-09-26 11:00:00+00:00,34,1,6572,4.7525,4.755,4.727,4.737,1010,HG.v.0
2025-09-26 12:00:00+00:00,34,1,6572,4.7365,4.7585,4.723,4.7545,2456,HG.v.0
2025-09-26 13:00:00+00:00,34,1,6572,4.7545,4.7585,4.714,4.7225,4671,HG.v.0
2025-09-26 14:00:00+00:00,34,1,6572,4.7235,4.744,4.7175,4.7395,2604,HG.v.0
2025-09-26 15:00:00+00:00,34,1,6572,4.7395,4.7475,4.733,4.7415,1985,HG.v.0
2025-09-26 16:00:00+00:00,34,1,6572,4.741,4.7755,4.733,4.775,4536,HG.v.0
2025-09-26 17:00:00+00:00,34,1,6572,4.775,4.7805,4.7645,4.767,1536,HG.v.0
2025-09-26 18:00:00+00:00,34,1,6572,4.7675,4.7825,4.7665,4.7785,596,HG.v.0
2025-09-26 19:00:00+00:00,34,1,6572,4.7785,4.7805,4.765,4.77,554,HG.v.0
2025-09-26 20:00:00+00:00,34,1,6572,4.7695,4.774,4.763,4.7645,311,HG.v.0
2025-09-28 22:00:00+00:00,34,1,6572,4.76,4.7695,4.7505,4.76,346,HG.v.0
2025-09-28 23:00:00+00:00,34,1,6572,4.7595,4.779,4.756,4.7735,380,HG.v.0
2025-09-29 00:00:00+00:00,34,1,6572,4.7725,4.79,4.7715,4.7865,578,HG.v.0
2025-09-29 01:00:00+00:00,34,1,6572,4.787,4.802,4.777,4.7945,1045,HG.v.0
2025-09-29 02:00:00+00:00,34,1,6572,4.794,4.818,4.788,4.816,786,HG.v.0
2025-09-29 03:00:00+00:00,34,1,6572,4.817,4.818,4.8065,4.811,262,HG.v.0
2025-09-29 04:00:00+00:00,34,1,6572,4.8115,4.8145,4.804,4.806,284,HG.v.0
2025-09-29 05:00:00+00:00,34,1,6572,4.8055,4.822,4.801,4.8115,656,HG.v.0
2025-09-29 06:00:00+00:00,34,1,6572,4.813,4.8145,4.8,4.8055,785,HG.v.0
2025-09-29 07:00:00+00:00,34,1,6572,4.8055,4.807,4.79,4.7955,850,HG.v.0
2025-09-29 08:00:00+00:00,34,1,6572,4.796,4.813,4.789,4.8105,989,HG.v.0
2025-09-29 09:00:00+00:00,34,1,6572,4.8105,4.8135,4.801,4.8075,400,HG.v.0
2025-09-29 10:00:00+00:00,34,1,6572,4.8075,4.8095,4.8025,4.805,317,HG.v.0
2025-09-29 11:00:00+00:00,34,1,6572,4.806,4.838,4.803,4.837,1239,HG.v.0
2025-09-29 12:00:00+00:00,34,1,6572,4.837,4.838,4.8025,4.81,1806,HG.v.0
2025-09-29 13:00:00+00:00,34,1,6572,4.8105,4.8615,4.8,4.8595,4626,HG.v.0
2025-09-29 14:00:00+00:00,34,1,6572,4.86,4.9205,4.853,4.8835,9427,HG.v.0
2025-09-29 15:00:00+00:00,34,1,6572,4.8825,4.897,4.8685,4.88,3529,HG.v.0
2025-09-29 16:00:00+00:00,34,1,6572,4.88,4.8935,4.8785,4.8925,2870,HG.v.0
2025-09-29 17:00:00+00:00,34,1,6572,4.892,4.901,4.881,4.886,1256,HG.v.0
2025-09-29 18:00:00+00:00,34,1,6572,4.886,4.9085,4.885,4.9,1052,HG.v.0
2025-09-29 19:00:00+00:00,34,1,6572,4.9,4.914,4.893,4.9135,851,HG.v.0
2025-09-29 20:00:00+00:00,34,1,6572,4.9125,4.913,4.9025,4.906,623,HG.v.0
2025-09-29 22:00:00+00:00,34,1,6572,4.9055,4.9075,4.893,4.8975,254,HG.v.0
2025-09-29 23:00:00+00:00,34,1,6572,4.898,4.906,4.897,4.9035,212,HG.v.0
2025-09-30 00:00:00+00:00,34,1,6572,4.903,4.9095,4.8935,4.9025,515,HG.v.0
2025-09-30 01:00:00+00:00,34,1,6572,4.902,4.909,4.8835,4.894,1131,HG.v.0
2025-09-30 02:00:00+00:00,34,1,6572,4.8935,4.905,4.8755,4.8975,1129,HG.v.0
2025-09-30 03:00:00+00:00,34,1,6572,4.8945,4.909,4.891,4.907,441,HG.v.0
2025-09-30 04:00:00+00:00,34,1,6572,4.907,4.913,4.903,4.9045,322,HG.v.0
2025-09-30 05:00:00+00:00,34,1,6572,4.9045,4.9075,4.893,4.9025,665,HG.v.0
2025-09-30 06:00:00+00:00,34,1,6572,4.904,4.9065,4.8795,4.881,1205,HG.v.0
2025-09-30 07:00:00+00:00,34,1,6572,4.88,4.9095,4.8625,4.906,2506,HG.v.0
2025-09-30 08:00:00+00:00,34,1,6572,4.905,4.908,4.8625,4.8695,1857,HG.v.0
2025-09-30 09:00:00+00:00,34,1,6572,4.8675,4.876,4.8565,4.8665,1218,HG.v.0
2025-09-30 10:00:00+00:00,34,1,6572,4.8665,4.8715,4.853,4.8605,781,HG.v.0
2025-09-30 11:00:00+00:00,34,1,6572,4.8605,4.872,4.8545,4.8655,1170,HG.v.0
2025-09-30 12:00:00+00:00,34,1,6572,4.866,4.8775,4.835,4.8515,2072,HG.v.0
2025-09-30 13:00:00+00:00,34,1,6572,4.8525,4.858,4.8265,4.85,3029,HG.v.0
2025-09-30 14:00:00+00:00,34,1,6572,4.8515,4.8685,4.8425,4.856,2148,HG.v.0
2025-09-30 15:00:00+00:00,34,1,6572,4.8555,4.8555,4.82,4.832,3442,HG.v.0
2025-09-30 16:00:00+00:00,34,1,6572,4.8325,4.8585,4.8255,4.854,4164,HG.v.0
2025-09-30 17:00:00+00:00,34,1,6572,4.8535,4.8615,4.851,4.858,1247,HG.v.0
2025-09-30 18:00:00+00:00,34,1,6572,4.857,4.8775,4.846,4.874,1049,HG.v.0
2025-09-30 19:00:00+00:00,34,1,6572,4.8725,4.8775,4.8645,4.8725,605,HG.v.0
2025-09-30 20:00:00+00:00,34,1,6572,4.8725,4.88,4.8645,4.8775,458,HG.v.0
2025-09-30 22:00:00+00:00,34,1,6572,4.879,4.882,4.871,4.878,177,HG.v.0
2025-09-30 23:00:00+00:00,34,1,6572,4.879,4.888,4.875,4.8765,208,HG.v.0
2025-10-01 00:00:00+00:00,34,1,6572,4.8765,4.8765,4.8585,4.8635,585,HG.v.0
2025-10-01 01:00:00+00:00,34,1,6572,4.862,4.869,4.8575,4.865,490,HG.v.0
2025-10-01 02:00:00+00:00,34,1,6572,4.864,4.8705,4.84,4.846,702,HG.v.0
2025-10-01 03:00:00+00:00,34,1,6572,4.8455,4.8475,4.835,4.8455,389,HG.v.0
2025-10-01 04:00:00+00:00,34,1,6572,4.845,4.8505,4.841,4.8495,234,HG.v.0
2025-10-01 05:00:00+00:00,34,1,6572,4.85,4.8535,4.8415,4.8465,452,HG.v.0
2025-10-01 06:00:00+00:00,34,1,6572,4.8465,4.8505,4.825,4.833,1125,HG.v.0
2025-10-01 07:00:00+00:00,34,1,6572,4.8355,4.8705,4.8355,4.869,1500,HG.v.0
2025-10-01 08:00:00+00:00,34,1,6572,4.8685,4.885,4.8505,4.853,1273,HG.v.0
2025-10-01 09:00:00+00:00,34,1,6572,4.8515,4.8615,4.8385,4.852,857,HG.v.0
2025-10-01 10:00:00+00:00,34,1,6572,4.8525,4.879,4.852,4.865,910,HG.v.0
2025-10-01 11:00:00+00:00,34,1,6572,4.8655,4.8685,4.856,4.8635,957,HG.v.0
2025-10-01 12:00:00+00:00,34,1,6572,4.864,4.887,4.816,4.83,4413,HG.v.0
2025-10-01 13:00:00+00:00,34,1,6572,4.831,4.858,4.822,4.853,2559,HG.v.0
2025-10-01 14:00:00+00:00,34,1,6572,4.853,4.8635,4.8315,4.8605,2670,HG.v.0
2025-10-01 15:00:00+00:00,34,1,6572,4.8605,4.885,4.8545,4.877,2932,HG.v.0
2025-10-01 16:00:00+00:00,34,1,6572,4.876,4.89,4.8735,4.8815,2593,HG.v.0
2025-10-01 17:00:00+00:00,34,1,6572,4.8815,4.8905,4.872,4.88,954,HG.v.0
2025-10-01 18:00:00+00:00,34,1,6572,4.8815,4.904,4.8785,4.896,1041,HG.v.0
2025-10-01 19:00:00+00:00,34,1,6572,4.895,4.8995,4.8875,4.888,583,HG.v.0
2025-10-01 20:00:00+00:00,34,1,6572,4.889,4.8945,4.888,4.8945,193,HG.v.0
2025-10-01 22:00:00+00:00,34,1,6572,4.892,4.8975,4.8825,4.885,175,HG.v.0
2025-10-01 23:00:00+00:00,34,1,6572,4.885,4.8875,4.8805,4.8835,90,HG.v.0
2025-10-02 00:00:00+00:00,34,1,6572,4.883,4.884,4.8755,4.8775,215,HG.v.0
2025-10-02 01:00:00+00:00,34,1,6572,4.8775,4.923,4.85,4.92,1530,HG.v.0
2025-10-02 02:00:00+00:00,34,1,6572,4.922,4.945,4.916,4.9175,1394,HG.v.0
2025-10-02 03:00:00+00:00,34,1,6572,4.9155,4.9155,4.898,4.913,473,HG.v.0
2025-10-02 04:00:00+00:00,34,1,6572,4.913,4.919,4.9065,4.9105,265,HG.v.0
2025-10-02 05:00:00+00:00,34,1,6572,4.9115,4.923,4.9055,4.912,422,HG.v.0
2025-10-02 06:00:00+00:00,34,1,6572,4.913,4.926,4.9085,4.921,728,HG.v.0
2025-10-02 07:00:00+00:00,34,1,6572,4.922,4.97,4.922,4.9595,2279,HG.v.0
2025-10-02 08:00:00+00:00,34,1,6572,4.958,4.972,4.944,4.966,1419,HG.v.0
2025-10-02 09:00:00+00:00,34,1,6572,4.9655,4.971,4.9535,4.962,1255,HG.v.0
2025-10-02 10:00:00+00:00,34,1,6572,4.962,4.9745,4.962,4.967,1165,HG.v.0
2025-10-02 11:00:00+00:00,34,1,6572,4.967,4.969,4.948,4.9655,1907,HG.v.0
2025-10-02 12:00:00+00:00,34,1,6572,4.9665,4.9895,4.931,4.952,4680,HG.v.0
2025-10-02 13:00:00+00:00,34,1,6572,4.9515,4.965,4.907,4.9175,4778,HG.v.0
2025-10-02 14:00:00+00:00,34,1,6572,4.918,4.9395,4.8935,4.9105,6148,HG.v.0
2025-10-02 15:00:00+00:00,34,1,6572,4.9105,4.9515,4.9085,4.9315,3619,HG.v.0
2025-10-02 16:00:00+00:00,34,1,6572,4.931,4.952,4.927,4.9465,3025,HG.v.0
2025-10-02 17:00:00+00:00,34,1,6572,4.9465,4.952,4.9345,4.9435,764,HG.v.0
2025-10-02 18:00:00+00:00,34,1,6572,4.9425,4.9475,4.9385,4.9425,569,HG.v.0
2025-10-02 19:00:00+00:00,34,1,6572,4.943,4.958,4.943,4.957,515,HG.v.0
2025-10-02 20:00:00+00:00,34,1,6572,4.957,4.9575,4.9505,4.954,360,HG.v.0
2025-10-02 22:00:00+00:00,34,1,6572,4.954,4.9615,4.9515,4.954,170,HG.v.0
2025-10-02 23:00:00+00:00,34,1,6572,4.9535,4.96,4.938,4.958,405,HG.v.0
2025-10-03 00:00:00+00:00,34,1,6572,4.957,4.962,4.9505,4.952,307,HG.v.0
2025-10-03 01:00:00+00:00,34,1,6572,4.954,4.963,4.941,4.9615,603,HG.v.0
2025-10-03 02:00:00+00:00,34,1,6572,4.9615,4.9695,4.9475,4.958,575,HG.v.0
2025-10-03 03:00:00+00:00,34,1,6572,4.958,4.9655,4.956,4.961,518,HG.v.0
2025-10-03 04:00:00+00:00,34,1,6572,4.96,4.965,4.956,4.9565,160,HG.v.0
2025-10-03 05:00:00+00:00,34,1,6572,4.957,4.9665,4.951,4.962,291,HG.v.0
2025-10-03 06:00:00+00:00,34,1,6572,4.962,4.9805,4.958,4.975,901,HG.v.0
2025-10-03 07:00:00+00:00,34,1,6572,4.9755,5.004,4.9745,5.0015,1775,HG.v.0
2025-10-03 08:00:00+00:00,34,1,6572,5.001,5.0135,4.9955,5.0105,1713,HG.v.0
2025-10-03 09:00:00+00:00,34,1,6572,5.0115,5.0165,4.994,5.011,1369,HG.v.0
2025-10-03 10:00:00+00:00,34,1,6572,5.012,5.0165,5.0075,5.014,1030,HG.v.0
2025-10-03 11:00:00+00:00,34,1,6572,5.015,5.0185,4.994,5.018,1743,HG.v.0
2025-10-03 12:00:00+00:00,34,1,6572,5.018,5.03,4.9945,5.0245,3187,HG.v.0
2025-10-03 13:00:00+00:00,34,1,6572,5.024,5.071,5.021,5.065,6975,HG.v.0
2025-10-03 14:00:00+00:00,34,1,6572,5.0655,5.092,5.06,5.0855,7934,HG.v.0
2025-10-03 15:00:00+00:00,34,1,6572,5.0845,5.1125,5.071,5.1035,3791,HG.v.0
2025-10-03 16:00:00+00:00,34,1,6572,5.1035,5.1155,5.095,5.109,4773,HG.v.0
2025-10-03 17:00:00+00:00,34,1,6572,5.1085,5.1205,5.0815,5.088,2750,HG.v.0
2025-10-03 18:00:00+00:00,34,1,6572,5.09,5.1,5.0765,5.086,995,HG.v.0
2025-10-03 19:00:00+00:00,34,1,6572,5.086,5.088,5.076,5.0835,900,HG.v.0
2025-10-03 20:00:00+00:00,34,1,6572,5.0835,5.092,5.0785,5.085,402,HG.v.0
2025-10-05 22:00:00+00:00,34,1,6572,5.089,5.102,5.0795,5.0975,464,HG.v.0
2025-10-05 23:00:00+00:00,34,1,6572,5.0975,5.1065,5.0735,5.0825,619,HG.v.0
2025-10-06 00:00:00+00:00,34,1,6572,5.0835,5.1095,5.0775,5.102,709,HG.v.0
2025-10-06 01:00:00+00:00,34,1,6572,5.102,5.124,5.0905,5.121,1512,HG.v.0
2025-10-06 02:00:00+00:00,34,1,6572,5.1215,5.123,5.0965,5.0965,895,HG.v.0
2025-10-06 03:00:00+00:00,34,1,6572,5.0955,5.11,5.0885,5.1075,576,HG.v.0
2025-10-06 04:00:00+00:00,34,1,6572,5.107,5.108,5.094,5.0965,401,HG.v.0
2025-10-06 05:00:00+00:00,34,1,6572,5.098,5.0995,5.069,5.0795,1124,HG.v.0
2025-10-06 06:00:00+00:00,34,1,6572,5.08,5.084,5.052,5.0645,1199,HG.v.0
2025-10-06 07:00:00+00:00,34,1,6572,5.064,5.071,5.0455,5.0475,1844,HG.v.0
2025-10-06 08:00:00+00:00,34,1,6572,5.051,5.0685,5.046,5.0655,1491,HG.v.0
2025-10-06 09:00:00+00:00,34,1,6572,5.0655,5.07,5.055,5.0675,629,HG.v.0
2025-10-06 10:00:00+00:00,34,1,6572,5.0685,5.0685,5.0405,5.047,987,HG.v.0
2025-10-06 11:00:00+00:00,34,1,6572,5.047,5.065,5.0435,5.0595,2150,HG.v.0
2025-10-06 12:00:00+00:00,34,1,6572,5.0595,5.0665,5.0145,5.0385,4451,HG.v.0
2025-10-06 13:00:00+00:00,34,1,6572,5.039,5.062,5.026,5.062,3640,HG.v.0
2025-10-06 14:00:00+00:00,34,1,6572,5.0615,5.062,5.033,5.0575,2594,HG.v.0
2025-10-06 15:00:00+00:00,34,1,6572,5.0565,5.0565,5.036,5.049,2485,HG.v.0
2025-10-06 16:00:00+00:00,34,1,6572,5.0495,5.052,5.034,5.035,2359,HG.v.0
2025-10-06 17:00:00+00:00,34,1,6572,5.0345,5.0385,5.0265,5.034,1328,HG.v.0
2025-10-06 18:00:00+00:00,34,1,6572,5.033,5.0375,5.0305,5.036,299,HG.v.0
2025-10-06 19:00:00+00:00,34,1,6572,5.037,5.053,5.037,5.0465,715,HG.v.0
2025-10-06 20:00:00+00:00,34,1,6572,5.046,5.049,5.0385,5.0415,218,HG.v.0
2025-10-06 22:00:00+00:00,34,1,6572,5.042,5.054,5.041,5.05,250,HG.v.0
2025-10-06 23:00:00+00:00,34,1,6572,5.049,5.0555,5.0485,5.0505,103,HG.v.0
2025-10-07 00:00:00+00:00,34,1,6572,5.05,5.066,5.0375,5.0445,409,HG.v.0
2025-10-07 01:00:00+00:00,34,1,6572,5.044,5.0525,5.0365,5.043,341,HG.v.0
2025-10-07 02:00:00+00:00,34,1,6572,5.0435,5.069,5.041,5.0665,348,HG.v.0
2025-10-07 03:00:00+00:00,34,1,6572,5.0665,5.0905,5.066,5.081,792,HG.v.0
2025-10-07 04:00:00+00:00,34,1,6572,5.0815,5.0875,5.078,5.0845,306,HG.v.0
2025-10-07 05:00:00+00:00,34,1,6572,5.0835,5.094,5.071,5.082,504,HG.v.0
2025-10-07 06:00:00+00:00,34,1,6572,5.0815,5.091,5.0635,5.0865,892,HG.v.0
2025-10-07 07:00:00+00:00,34,1,6572,5.0895,5.0915,5.032,5.0585,2012,HG.v.0
2025-10-07 08:00:00+00:00,34,1,6572,5.057,5.069,5.04,5.057,1102,HG.v.0
2025-10-07 09:00:00+00:00,34,1,6572,5.059,5.063,5.052,5.059,372,HG.v.0
2025-10-07 10:00:00+00:00,34,1,6572,5.0585,5.0685,5.056,5.0615,496,HG.v.0
2025-10-07 11:00:00+00:00,34,1,6572,5.062,5.08,5.062,5.075,1080,HG.v.0
2025-10-07 12:00:00+00:00,34,1,6572,5.0755,5.116,5.0755,5.114,3943,HG.v.0
2025-10-07 13:00:00+00:00,34,1,6572,5.116,5.1465,5.0915,5.1255,6414,HG.v.0
2025-10-07 14:00:00+00:00,34,1,6572,5.126,5.1305,5.0995,5.118,3826,HG.v.0
2025-10-07 15:00:00+00:00,34,1,6572,5.1185,5.1295,5.06,5.081,6274,HG.v.0
2025-10-07 16:00:00+00:00,34,1,6572,5.081,5.103,5.074,5.0965,3583,HG.v.0
2025-10-07 17:00:00+00:00,34,1,6572,5.097,5.109,5.092,5.097,1201,HG.v.0
2025-10-07 18:00:00+00:00,34,1,6572,5.096,5.102,5.082,5.09,538,HG.v.0
2025-10-07 19:00:00+00:00,34,1,6572,5.09,5.094,5.0775,5.0835,431,HG.v.0
2025-10-07 20:00:00+00:00,34,1,6572,5.0845,5.095,5.0845,5.091,163,HG.v.0
2025-10-07 22:00:00+00:00,34,1,6572,5.094,5.094,5.08,5.092,128,HG.v.0
2025-10-07 23:00:00+00:00,34,1,6572,5.093,5.1115,5.092,5.0995,366,HG.v.0
2025-10-08 00:00:00+00:00,34,1,6572,5.1,5.1145,5.0985,5.1105,573,HG.v.0
2025-10-08 01:00:00+00:00,34,1,6572,5.11,5.111,5.065,5.078,903,HG.v.0
2025-10-08 02:00:00+00:00,34,1,6572,5.0785,5.0985,5.0755,5.089,626,HG.v.0
2025-10-08 03:00:00+00:00,34,1,6572,5.0905,5.0905,5.0765,5.088,317,HG.v.0
2025-10-08 04:00:00+00:00,34,1,6572,5.088,5.0985,5.088,5.094,226,HG.v.0
2025-10-08 05:00:00+00:00,34,1,6572,5.0925,5.109,5.0855,5.105,1073,HG.v.0
2025-10-08 06:00:00+00:00,34,1,6572,5.107,5.1275,5.104,5.122,1437,HG.v.0
2025-10-08 07:00:00+00:00,34,1,6572,5.1235,5.128,5.112,5.1235,1304,HG.v.0
2025-10-08 08:00:00+00:00,34,1,6572,5.1225,5.125,5.101,5.113,917,HG.v.0
2025-10-08 09:00:00+00:00,34,1,6572,5.1115,5.1435,5.109,5.142,1743,HG.v.0
2025-10-08 10:00:00+00:00,34,1,6572,5.142,5.156,5.128,5.13,2596,HG.v.0
2025-10-08 11:00:00+00:00,34,1,6572,5.131,5.14,5.1195,5.136,1413,HG.v.0
2025-10-08 12:00:00+00:00,34,1,6572,5.136,5.138,5.08,5.1145,3598,HG.v.0
2025-10-08 13:00:00+00:00,34,1,6572,5.1145,5.1155,5.0825,5.109,3475,HG.v.0
2025-10-08 14:00:00+00:00,34,1,6572,5.1085,5.11,5.07,5.0915,4076,HG.v.0
2025-10-08 15:00:00+00:00,34,1,6572,5.0915,5.097,5.0665,5.073,3280,HG.v.0
2025-10-08 16:00:00+00:00,34,1,6572,5.073,5.097,5.0725,5.0955,3324,HG.v.0
2025-10-08 17:00:00+00:00,34,1,6572,5.096,5.099,5.0875,5.092,871,HG.v.0
2025-10-08 18:00:00+00:00,34,1,6572,5.092,5.1025,5.086,5.0985,795,HG.v.0
2025-10-08 19:00:00+00:00,34,1,6572,5.099,5.1035,5.075,5.0855,1070,HG.v.0
2025-10-08 20:00:00+00:00,34,1,6572,5.085,5.0905,5.0705,5.0815,361,HG.v.0
2025-10-08 22:00:00+00:00,34,1,6572,5.0805,5.0805,5.04,5.067,595,HG.v.0
2025-10-08 23:00:00+00:00,34,1,6572,5.067,5.069,5.046,5.0575,508,HG.v.0
2025-10-09 00:00:00+00:00,34,1,6572,5.058,5.0745,5.0445,5.048,1033,HG.v.0
2025-10-09 01:00:00+00:00,34,1,6572,5.047,5.1205,5.042,5.088,5040,HG.v.0
2025-10-09 02:00:00+00:00,34,1,6572,5.088,5.1195,5.0865,5.115,1296,HG.v.0
2025-10-09 03:00:00+00:00,34,1,6572,5.114,5.137,5.114,5.129,1118,HG.v.0
2025-10-09 04:00:00+00:00,34,1,6572,5.1285,5.1405,5.128,5.14,380,HG.v.0
2025-10-09 05:00:00+00:00,34,1,6572,5.14,5.1715,5.1385,5.159,2007,HG.v.0
2025-10-09 06:00:00+00:00,34,1,6572,5.1575,5.1725,5.142,5.1525,2252,HG.v.0
2025-10-09 07:00:00+00:00,34,1,6572,5.1545,5.184,5.1535,5.1705,2074,HG.v.0
2025-10-09 08:00:00+00:00,34,1,6572,5.171,5.185,5.162,5.1805,1354,HG.v.0
2025-10-09 09:00:00+00:00,34,1,6572,5.1805,5.1865,5.164,5.1775,1202,HG.v.0
2025-10-09 10:00:00+00:00,34,1,6572,5.1775,5.1915,5.1685,5.1745,1483,HG.v.0
2025-10-09 11:00:00+00:00,34,1,6572,5.173,5.1915,5.167,5.181,2194,HG.v.0
2025-10-09 12:00:00+00:00,34,1,6572,5.181,5.237,5.1805,5.2285,5682,HG.v.0
2025-10-09 13:00:00+00:00,34,1,6572,5.2285,5.261,5.1635,5.1895,9917,HG.v.0
2025-10-09 14:00:00+00:00,34,1,6572,5.1895,5.1895,5.1255,5.1845,8019,HG.v.0
2025-10-09 15:00:00+00:00,34,1,6572,5.185,5.1865,5.151,5.1725,3022,HG.v.0
2025-10-09 16:00:00+00:00,34,1,6572,5.172,5.186,5.11,5.1235,5095,HG.v.0
2025-10-09 17:00:00+00:00,34,1,6572,5.123,5.125,5.0845,5.118,4149,HG.v.0
2025-10-09 18:00:00+00:00,34,1,6572,5.118,5.12,5.1065,5.11,827,HG.v.0
2025-10-09 19:00:00+00:00,34,1,6572,5.1095,5.143,5.108,5.1415,986,HG.v.0
2025-10-09 20:00:00+00:00,34,1,6572,5.1415,5.1445,5.136,5.14,277,HG.v.0
2025-10-09 22:00:00+00:00,34,1,6572,5.1405,5.149,5.1375,5.1475,139,HG.v.0
2025-10-09 23:00:00+00:00,34,1,6572,5.146,5.1675,5.146,5.1595,433,HG.v.0
2025-10-10 00:00:00+00:00,34,1,6572,5.1595,5.1595,5.1285,5.1365,606,HG.v.0
2025-10-10 01:00:00+00:00,34,1,6572,5.137,5.1435,5.1045,5.1225,1312,HG.v.0
2025-10-10 02:00:00+00:00,34,1,6572,5.1215,5.1385,5.112,5.124,676,HG.v.0
2025-10-10 03:00:00+00:00,34,1,6572,5.1205,5.122,5.0825,5.0915,961,HG.v.0
2025-10-10 04:00:00+00:00,34,1,6572,5.091,5.093,5.074,5.0865,802,HG.v.0
2025-10-10 05:00:00+00:00,34,1,6572,5.087,5.101,5.077,5.095,590,HG.v.0
2025-10-10 06:00:00+00:00,34,1,6572,5.094,5.1115,5.0835,5.1025,1543,HG.v.0
2025-10-10 07:00:00+00:00,34,1,6572,5.1035,5.1145,5.0745,5.109,1487,HG.v.0
2025-10-10 08:00:00+00:00,34,1,6572,5.109,5.15,5.109,5.142,1619,HG.v.0
2025-10-10 09:00:00+00:00,34,1,6572,5.142,5.1425,5.109,5.112,1433,HG.v.0
2025-10-10 10:00:00+00:00,34,1,6572,5.111,5.125,5.1015,5.1165,804,HG.v.0
2025-10-10 11:00:00+00:00,34,1,6572,5.115,5.1275,5.109,5.11,1098,HG.v.0
2025-10-10 12:00:00+00:00,34,1,6572,5.111,5.172,5.1095,5.1565,4082,HG.v.0
2025-10-10 13:00:00+00:00,34,1,6572,5.1575,5.1785,5.143,5.158,3321,HG.v.0
2025-10-10 14:00:00+00:00,34,1,6572,5.1565,5.1655,5.124,5.1255,2869,HG.v.0
2025-10-10 15:00:00+00:00,34,1,6572,5.1255,5.134,4.9415,4.962,21287,HG.v.0
2025-10-10 16:00:00+00:00,34,1,6572,4.96,4.963,4.868,4.893,16034,HG.v.0
2025-10-10 17:00:00+00:00,34,1,6572,4.8925,4.92,4.8635,4.9045,3764,HG.v.0
2025-10-10 18:00:00+00:00,34,1,6572,4.9045,4.9265,4.8955,4.9035,1556,HG.v.0
2025-10-10 19:00:00+00:00,34,1,6572,4.9035,4.9135,4.8945,4.903,1099,HG.v.0
2025-10-10 20:00:00+00:00,34,1,6572,4.9015,4.9135,4.822,4.845,2204,HG.v.0
2025-10-12 22:00:00+00:00,34,1,6572,4.923,5.0435,4.9225,4.992,4874,HG.v.0
2025-10-12 23:00:00+00:00,34,1,6572,4.994,5.015,4.9795,4.985,1071,HG.v.0
2025-10-13 00:00:00+00:00,34,1,6572,4.985,5.0915,4.977,5.07,5703,HG.v.0
2025-10-13 01:00:00+00:00,34,1,6572,5.07,5.0885,5.05,5.076,3168,HG.v.0
2025-10-13 02:00:00+00:00,34,1,6572,5.0755,5.0755,5.0465,5.047,865,HG.v.0
2025-10-13 03:00:00+00:00,34,1,6572,5.046,5.05,4.96,4.9825,3270,HG.v.0
2025-10-13 04:00:00+00:00,34,1,6572,4.9825,4.9985,4.974,4.996,1020,HG.v.0
2025-10-13 05:00:00+00:00,34,1,6572,4.9955,5.0155,4.984,4.998,1113,HG.v.0
2025-10-13 06:00:00+00:00,34,1,6572,4.997,5.0175,4.975,5.015,2311,HG.v.0
2025-10-13 07:00:00+00:00,34,1,6572,5.015,5.0265,4.9925,5.014,2121,HG.v.0
2025-10-13 08:00:00+00:00,34,1,6572,5.013,5.0255,4.99,5.016,1267,HG.v.0
2025-10-13 09:00:00+00:00,34,1,6572,5.016,5.04,5.013,5.0325,941,HG.v.0
2025-10-13 10:00:00+00:00,34,1,6572,5.0325,5.0625,5.0225,5.0315,1495,HG.v.0
2025-10-13 11:00:00+00:00,34,1,6572,5.031,5.0485,5.0105,5.012,2142,HG.v.0
2025-10-13 12:00:00+00:00,34,1,6572,5.0135,5.0855,5.001,5.0715,4512,HG.v.0
2025-10-13 13:00:00+00:00,34,1,6572,5.0715,5.165,5.062,5.1595,13186,HG.v.0
2025-10-13 14:00:00+00:00,34,1,6572,5.1605,5.18,5.126,5.1545,6605,HG.v.0
2025-10-13 15:00:00+00:00,34,1,6572,5.1555,5.173,5.145,5.165,3316,HG.v.0
2025-10-13 16:00:00+00:00,34,1,6572,5.163,5.1745,5.1355,5.1475,4476,HG.v.0
2025-10-13 17:00:00+00:00,34,1,6572,5.147,5.1495,5.1205,5.1305,1239,HG.v.0
2025-10-13 18:00:00+00:00,34,1,6572,5.131,5.1445,5.124,5.126,626,HG.v.0
2025-10-13 19:00:00+00:00,34,1,6572,5.126,5.135,5.1135,5.129,598,HG.v.0
2025-10-13 20:00:00+00:00,34,1,6572,5.1285,5.1345,5.125,5.13,366,HG.v.0
2025-10-13 22:00:00+00:00,34,1,6572,5.1325,5.1605,5.1265,5.147,483,HG.v.0
2025-10-13 23:00:00+00:00,34,1,6572,5.148,5.178,5.1445,5.161,709,HG.v.0
2025-10-14 00:00:00+00:00,34,1,6572,5.161,5.1685,5.136,5.142,749,HG.v.0
2025-10-14 01:00:00+00:00,34,1,6572,5.1425,5.157,5.114,5.1215,1353,HG.v.0
2025-10-14 02:00:00+00:00,34,1,6572,5.1225,5.131,5.1025,5.1125,778,HG.v.0
2025-10-14 03:00:00+00:00,34,1,6572,5.1095,5.144,5.098,5.1375,868,HG.v.0
2025-10-14 04:00:00+00:00,34,1,6572,5.137,5.1405,5.073,5.101,1568,HG.v.0
2025-10-14 05:00:00+00:00,34,1,6572,5.1,5.109,5.0105,5.0205,2628,HG.v.0
2025-10-14 06:00:00+00:00,34,1,6572,5.018,5.032,4.9425,4.9615,8867,HG.v.0
2025-10-14 07:00:00+00:00,34,1,6572,4.962,4.978,4.9315,4.9745,6960,HG.v.0
2025-10-14 08:00:00+00:00,34,1,6572,4.974,5.008,4.967,4.992,2749,HG.v.0
2025-10-14 09:00:00+00:00,34,1,6572,4.9915,5.008,4.965,4.976,1419,HG.v.0
2025-10-14 10:00:00+00:00,34,1,6572,4.9745,4.986,4.944,4.975,2146,HG.v.0
2025-10-14 11:00:00+00:00,34,1,6572,4.9725,5.0185,4.966,4.9835,2324,HG.v.0
2025-10-14 12:00:00+00:00,34,1,6572,4.9825,4.983,4.935,4.9465,3595,HG.v.0
2025-10-14 13:00:00+00:00,34,1,6572,4.947,4.9985,4.941,4.986,4644,HG.v.0
2025-10-14 14:00:00+00:00,34,1,6572,4.9855,5.0185,4.976,4.9965,4585,HG.v.0
2025-10-14 15:00:00+00:00,34,1,6572,4.996,5.0145,4.985,5.01,3107,HG.v.0
2025-10-14 16:00:00+00:00,34,1,6572,5.01,5.0365,5.003,5.0195,4811,HG.v.0
2025-10-14 17:00:00+00:00,34,1,6572,5.0195,5.032,5.0115,5.0165,1329,HG.v.0
2025-10-14 18:00:00+00:00,34,1,6572,5.0165,5.026,5.0165,5.021,324,HG.v.0
2025-10-14 19:00:00+00:00,34,1,6572,5.0215,5.025,4.97,4.9955,1208,HG.v.0
2025-10-14 20:00:00+00:00,34,1,6572,4.9965,5.003,4.99,4.998,317,HG.v.0
2025-10-14 22:00:00+00:00,34,1,6572,5.0105,5.0175,4.991,5.01,350,HG.v.0
2025-10-14 23:00:00+00:00,34,1,6572,5.01,5.022,5.006,5.012,301,HG.v.0
2025-10-15 00:00:00+00:00,34,1,6572,5.0125,5.0215,5.0005,5.013,523,HG.v.0
2025-10-15 01:00:00+00:00,34,1,6572,5.012,5.0325,5.002,5.02,1242,HG.v.0
2025-10-15 02:00:00+00:00,34,1,6572,5.0225,5.0535,5.0055,5.01,1052,HG.v.0
2025-10-15 03:00:00+00:00,34,1,6572,5.012,5.0275,5.011,5.014,301,HG.v.0
2025-10-15 04:00:00+00:00,34,1,6572,5.013,5.0295,5.009,5.028,258,HG.v.0
2025-10-15 05:00:00+00:00,34,1,6572,5.027,5.052,5.026,5.0485,910,HG.v.0
2025-10-15 06:00:00+00:00,34,1,6572,5.0465,5.078,5.0435,5.076,1133,HG.v.0
2025-10-15 07:00:00+00:00,34,1,6572,5.075,5.0825,5.0385,5.043,1226,HG.v.0
2025-10-15 08:00:00+00:00,34,1,6572,5.0425,5.049,5.0285,5.03,1215,HG.v.0
2025-10-15 09:00:00+00:00,34,1,6572,5.03,5.055,5.024,5.0395,1149,HG.v.0
2025-10-15 10:00:00+00:00,34,1,6572,5.04,5.0585,5.04,5.054,1032,HG.v.0
2025-10-15 11:00:00+00:00,34,1,6572,5.055,5.061,5.0385,5.046,1376,HG.v.0
2025-10-15 12:00:00+00:00,34,1,6572,5.0465,5.05,5.016,5.03,2480,HG.v.0
2025-10-15 13:00:00+00:00,34,1,6572,5.0305,5.036,4.9955,5.0175,4234,HG.v.0
2025-10-15 14:00:00+00:00,34,1,6572,5.018,5.033,5.0095,5.014,2045,HG.v.0
2025-10-15 15:00:00+00:00,34,1,6572,5.0145,5.0255,4.999,5.0055,2876,HG.v.0
2025-10-15 16:00:00+00:00,34,1,6572,5.006,5.0185,5.0,5.015,2172,HG.v.0
2025-10-15 17:00:00+00:00,34,1,6572,5.015,5.015,4.945,4.982,3985,HG.v.0
2025-10-15 18:00:00+00:00,34,1,6572,4.9805,4.992,4.9625,4.9865,1058,HG.v.0
2025-10-15 19:00:00+00:00,34,1,6572,4.9855,4.992,4.9725,4.98,522,HG.v.0
2025-10-15 20:00:00+00:00,34,1,6572,4.98,4.9855,4.9715,4.972,423,HG.v.0
2025-10-15 22:00:00+00:00,34,1,6572,4.9765,4.9835,4.9685,4.973,385,HG.v.0
2025-10-15 23:00:00+00:00,34,1,6572,4.9725,4.973,4.959,4.9665,335,HG.v.0
2025-10-16 00:00:00+00:00,34,1,6572,4.9675,4.9765,4.9625,4.967,1356,HG.v.0
2025-10-16 01:00:00+00:00,34,1,6572,4.9675,4.994,4.9675,4.9815,1392,HG.v.0
2025-10-16 02:00:00+00:00,34,1,6572,4.982,5.0035,4.981,5.001,483,HG.v.0
2025-10-16 03:00:00+00:00,34,1,6572,5.0015,5.0015,4.97,4.9765,679,HG.v.0
2025-10-16 04:00:00+00:00,34,1,6572,4.976,4.983,4.9655,4.9715,304,HG.v.0
2025-10-16 05:00:00+00:00,34,1,6572,4.9715,4.972,4.938,4.961,1219,HG.v.0
2025-10-16 06:00:00+00:00,34,1,6572,4.958,4.9955,4.958,4.9955,1557,HG.v.0
2025-10-16 07:00:00+00:00,34,1,6572,4.996,5.006,4.981,5.0005,1504,HG.v.0
2025-10-16 08:00:00+00:00,34,1,6572,5.0005,5.003,4.961,4.9665,1635,HG.v.0
2025-10-16 09:00:00+00:00,34,1,6572,4.967,4.975,4.945,4.962,968,HG.v.0
2025-10-16 10:00:00+00:00,34,1,6572,4.961,4.9735,4.9545,4.9705,665,HG.v.0
2025-10-16 11:00:00+00:00,34,1,6572,4.97,4.974,4.9305,4.935,1877,HG.v.0
2025-10-16 12:00:00+00:00,34,1,6572,4.935,4.959,4.931,4.9545,2401,HG.v.0
2025-10-16 13:00:00+00:00,34,1,6572,4.956,4.978,4.953,4.9705,2678,HG.v.0
2025-10-16 14:00:00+00:00,34,1,6572,4.969,5.001,4.9665,4.9985,3428,HG.v.0
2025-10-16 15:00:00+00:00,34,1,6572,4.9985,5.0165,4.9925,4.9985,3140,HG.v.0
2025-10-16 16:00:00+00:00,34,1,6572,4.997,5.0145,4.9665,5.0,4016,HG.v.0
2025-10-16 17:00:00+00:00,34,1,6572,5.0,5.0105,4.9885,4.9925,1492,HG.v.0
2025-10-16 18:00:00+00:00,34,1,6572,4.9945,4.9945,4.9595,4.9725,1278,HG.v.0
2025-10-16 19:00:00+00:00,34,1,6572,4.9725,4.9985,4.966,4.989,628,HG.v.0
2025-10-16 20:00:00+00:00,34,1,6572,4.9885,4.996,4.9835,4.9835,295,HG.v.0
2025-10-16 22:00:00+00:00,34,1,6572,4.9875,4.998,4.971,4.9735,349,HG.v.0
2025-10-16 23:00:00+00:00,34,1,6572,4.9735,4.9885,4.972,4.981,193,HG.v.0
2025-10-17 00:00:00+00:00,34,1,6572,4.981,5.0245,4.977,5.009,878,HG.v.0
2025-10-17 01:00:00+00:00,34,1,6572,5.008,5.013,4.9475,4.962,1435,HG.v.0
2025-10-17 02:00:00+00:00,34,1,6572,4.9585,4.966,4.95,4.9605,635,HG.v.0
2025-10-17 03:00:00+00:00,34,1,6572,4.961,4.9695,4.9545,4.9625,284,HG.v.0
2025-10-17 04:00:00+00:00,34,1,6572,4.962,4.964,4.9545,4.9585,185,HG.v.0
2025-10-17 05:00:00+00:00,34,1,6572,4.9575,4.9745,4.9465,4.961,676,HG.v.0
2025-10-17 06:00:00+00:00,34,1,6572,4.9615,4.973,4.9395,4.953,1378,HG.v.0
2025-10-17 07:00:00+00:00,34,1,6572,4.9525,4.9585,4.93,4.953,1973,HG.v.0
2025-10-17 08:00:00+00:00,34,1,6572,4.9545,4.9635,4.8835,4.907,3773,HG.v.0
2025-10-17 09:00:00+00:00,34,1,6572,4.9065,4.9185,4.898,4.9115,1426,HG.v.0
2025-10-17 10:00:00+00:00,34,1,6572,4.9105,4.9355,4.91,4.918,1418,HG.v.0
2025-10-17 11:00:00+00:00,34,1,6572,4.92,5.021,4.917,4.9635,5450,HG.v.0
2025-10-17 12:00:00+00:00,34,1,6572,4.9625,4.9795,4.9305,4.954,3155,HG.v.0
2025-10-17 13:00:00+00:00,34,1,6572,4.9525,4.9855,4.948,4.953,3300,HG.v.0
2025-10-17 14:00:00+00:00,34,1,6572,4.951,4.9795,4.934,4.9665,3186,HG.v.0
2025-10-17 15:00:00+00:00,34,1,6572,4.9675,4.985,4.948,4.973,2525,HG.v.0
2025-10-17 16:00:00+00:00,34,1,6572,4.9745,4.98,4.961,4.9705,2360,HG.v.0
2025-10-17 17:00:00+00:00,34,1,6572,4.97,4.9885,4.958,4.9865,1817,HG.v.0
2025-10-17 18:00:00+00:00,34,1,6572,4.986,5.0005,4.9845,4.992,798,HG.v.0
2025-10-17 19:00:00+00:00,34,1,6572,4.9915,4.995,4.9875,4.994,298,HG.v.0
2025-10-17 20:00:00+00:00,34,1,6572,4.994,4.9995,4.9885,4.9975,467,HG.v.0
2025-10-19 22:00:00+00:00,34,1,6572,4.9885,5.016,4.9855,4.999,527,HG.v.0
2025-10-19 23:00:00+00:00,34,1,6572,5.0015,5.002,4.9815,4.986,163,HG.v.0
2025-10-20 00:00:00+00:00,34,1,6572,4.986,4.9945,4.971,4.992,524,HG.v.0
2025-10-20 01:00:00+00:00,34,1,6572,4.9925,5.0195,4.9785,4.999,1030,HG.v.0
2025-10-20 02:00:00+00:00,34,1,6572,5.0025,5.076,4.999,5.0585,2884,HG.v.0
2025-10-20 03:00:00+00:00,34,1,6572,5.059,5.0635,5.045,5.06,1136,HG.v.0
2025-10-20 04:00:00+00:00,34,1,6572,5.0605,5.064,5.048,5.053,332,HG.v.0
2025-10-20 05:00:00+00:00,34,1,6572,5.052,5.052,5.024,5.028,709,HG.v.0
2025-10-20 06:00:00+00:00,34,1,6572,5.028,5.034,5.01,5.0185,867,HG.v.0
2025-10-20 07:00:00+00:00,34,1,6572,5.0195,5.0305,5.004,5.017,967,HG.v.0
2025-10-20 08:00:00+00:00,34,1,6572,5.0175,5.0255,4.9915,4.997,1184,HG.v.0
2025-10-20 09:00:00+00:00,34,1,6572,4.997,5.0035,4.9885,4.99,746,HG.v.0
2025-10-20 10:00:00+00:00,34,1,6572,4.99,4.993,4.9725,4.978,809,HG.v.0
2025-10-20 11:00:00+00:00,34,1,6572,4.9765,4.997,4.975,4.9945,1251,HG.v.0
2025-10-20 12:00:00+00:00,34,1,6572,4.9955,5.009,4.982,5.004,1807,HG.v.0
2025-10-20 13:00:00+00:00,34,1,6572,5.004,5.02,5.0005,5.0035,2726,HG.v.0
2025-10-20 14:00:00+00:00,34,1,6572,5.003,5.034,4.9965,5.0305,2538,HG.v.0
2025-10-20 15:00:00+00:00,34,1,6572,5.032,5.0365,5.012,5.012,1948,HG.v.0
2025-10-20 16:00:00+00:00,34,1,6572,5.013,5.045,5.007,5.034,3024,HG.v.0
2025-10-20 17:00:00+00:00,34,1,6572,5.034,5.05,5.034,5.044,1073,HG.v.0
2025-10-20 18:00:00+00:00,34,1,6572,5.0445,5.0585,5.0425,5.0475,816,HG.v.0
2025-10-20 19:00:00+00:00,34,1,6572,5.049,5.06,5.0455,5.0585,474,HG.v.0
2025-10-20 20:00:00+00:00,34,1,6572,5.0575,5.0605,5.0415,5.0485,510,HG.v.0
2025-10-20 22:00:00+00:00,34,1,6572,5.05,5.072,5.048,5.0555,279,HG.v.0
2025-10-20 23:00:00+00:00,34,1,6572,5.054,5.06,5.0505,5.0545,142,HG.v.0
2025-10-21 00:00:00+00:00,34,1,6572,5.0535,5.0605,5.051,5.055,358,HG.v.0
2025-10-21 01:00:00+00:00,34,1,6572,5.055,5.0555,5.036,5.0555,684,HG.v.0
2025-10-21 02:00:00+00:00,34,1,6572,5.056,5.0625,5.044,5.046,355,HG.v.0
2025-10-21 03:00:00+00:00,34,1,6572,5.047,5.054,5.045,5.0475,232,HG.v.0
2025-10-21 04:00:00+00:00,34,1,6572,5.048,5.048,5.0365,5.0405,135,HG.v.0
2025-10-21 05:00:00+00:00,34,1,6572,5.0425,5.0425,4.995,4.9995,1612,HG.v.0
2025-10-21 06:00:00+00:00,34,1,6572,4.999,5.0135,4.9935,5.007,1687,HG.v.0
2025-10-21 07:00:00+00:00,34,1,6572,5.007,5.0095,4.976,4.986,2004,HG.v.0
2025-10-21 08:00:00+00:00,34,1,6572,4.9855,4.988,4.949,4.9795,2219,HG.v.0
2025-10-21 09:00:00+00:00,34,1,6572,4.9795,4.998,4.9715,4.9935,803,HG.v.0
2025-10-21 10:00:00+00:00,34,1,6572,4.9945,4.9965,4.9805,4.985,433,HG.v.0
2025-10-21 11:00:00+00:00,34,1,6572,4.9855,4.9925,4.973,4.992,897,HG.v.0
2025-10-21 12:00:00+00:00,34,1,6572,4.9915,5.002,4.983,4.997,1617,HG.v.0
2025-10-21 13:00:00+00:00,34,1,6572,4.9975,5.0,4.9425,4.952,3896,HG.v.0
2025-10-21 14:00:00+00:00,34,1,6572,4.9505,4.975,4.9145,4.9735,4746,HG.v.0
2025-10-21 15:00:00+00:00,34,1,6572,4.9745,4.99,4.9615,4.986,2633,HG.v.0
2025-10-21 16:00:00+00:00,34,1,6572,4.9845,4.9875,4.961,4.968,2686,HG.v.0
2025-10-21 17:00:00+00:00,34,1,6572,4.968,4.9705,4.9495,4.962,957,HG.v.0
2025-10-21 18:00:00+00:00,34,1,6572,4.963,4.9675,4.9535,4.9595,325,HG.v.0
2025-10-21 19:00:00+00:00,34,1,6572,4.9595,4.96,4.944,4.945,469,HG.v.0
2025-10-21 20:00:00+00:00,34,1,6572,4.9455,4.9575,4.943,4.9525,415,HG.v.0
2025-10-21 22:00:00+00:00,34,1,6572,4.956,4.956,4.9425,4.951,165,HG.v.0
2025-10-21 23:00:00+00:00,34,1,6572,4.9495,4.952,4.9325,4.936,214,HG.v.0
2025-10-22 00:00:00+00:00,34,1,6572,4.9365,4.9445,4.9155,4.939,1848,HG.v.0
2025-10-22 01:00:00+00:00,34,1,6572,4.9375,4.955,4.93,4.9415,1056,HG.v.0
2025-10-22 02:00:00+00:00,34,1,6572,4.9425,4.9645,4.939,4.9595,537,HG.v.0
2025-10-22 03:00:00+00:00,34,1,6572,4.9595,4.9645,4.952,4.9615,269,HG.v.0
2025-10-22 04:00:00+00:00,34,1,6572,4.9615,4.966,4.958,4.9605,280,HG.v.0
2025-10-22 05:00:00+00:00,34,1,6572,4.963,4.9865,4.9605,4.98,720,HG.v.0
2025-10-22 06:00:00+00:00,34,1,6572,4.98,5.001,4.974,4.9985,855,HG.v.0
2025-10-22 07:00:00+00:00,34,1,6572,4.9995,4.9995,4.978,4.9925,903,HG.v.0
2025-10-22 08:00:00+00:00,34,1,6572,4.991,4.991,4.9575,4.9745,1143,HG.v.0
2025-10-22 09:00:00+00:00,34,1,6572,4.9725,4.988,4.9635,4.987,703,HG.v.0
2025-10-22 10:00:00+00:00,34,1,6572,4.9855,4.9955,4.9735,4.9755,1193,HG.v.0
2025-10-22 11:00:00+00:00,34,1,6572,4.9745,4.9785,4.9595,4.964,1191,HG.v.0
2025-10-22 12:00:00+00:00,34,1,6572,4.9645,4.988,4.962,4.9795,1952,HG.v.0
2025-10-22 13:00:00+00:00,34,1,6572,4.981,5.016,4.971,4.9835,3427,HG.v.0
2025-10-22 14:00:00+00:00,34,1,6572,4.9845,4.991,4.9645,4.981,2353,HG.v.0
2025-10-22 15:00:00+00:00,34,1,6572,4.98,4.9975,4.979,4.9915,2113,HG.v.0
2025-10-22 16:00:00+00:00,34,1,6572,4.991,4.999,4.9685,4.993,3298,HG.v.0
2025-10-22 17:00:00+00:00,34,1,6572,4.993,5.0,4.9765,4.99,1011,HG.v.0
2025-10-22 18:00:00+00:00,34,1,6572,4.99,5.004,4.99,5.003,774,HG.v.0
2025-10-22 19:00:00+00:00,34,1,6572,5.003,5.016,5.0015,5.0085,805,HG.v.0
2025-10-22 20:00:00+00:00,34,1,6572,5.0085,5.015,5.0015,5.005,249,HG.v.0
2025-10-22 22:00:00+00:00,34,1,6572,4.9925,5.0025,4.987,4.9975,231,HG.v.0
2025-10-22 23:00:00+00:00,34,1,6572,4.9995,5.001,4.988,4.988,134,HG.v.0
2025-10-23 00:00:00+00:00,34,1,6572,4.987,5.0015,4.9785,4.999,428,HG.v.0
2025-10-23 01:00:00+00:00,34,1,6572,4.9965,5.01,4.9905,4.9915,552,HG.v.0
2025-10-23 02:00:00+00:00,34,1,6572,4.9915,5.022,4.9865,5.017,837,HG.v.0
2025-10-23 03:00:00+00:00,34,1,6572,5.017,5.0255,5.0045,5.013,574,HG.v.0
2025-10-23 04:00:00+00:00,34,1,6572,5.0135,5.014,5.007,5.01,242,HG.v.0
2025-10-23 05:00:00+00:00,34,1,6572,5.0115,5.021,5.0045,5.02,473,HG.v.0
2025-10-23 06:00:00+00:00,34,1,6572,5.0195,5.0475,5.0195,5.047,2217,HG.v.0
2025-10-23 07:00:00+00:00,34,1,6572,5.047,5.0765,5.041,5.0705,4266,HG.v.0
2025-10-23 08:00:00+00:00,34,1,6572,5.0705,5.097,5.065,5.0775,4192,HG.v.0
2025-10-23 09:00:00+00:00,34,1,6572,5.0785,5.089,5.066,5.08,1574,HG.v.0
2025-10-23 10:00:00+00:00,34,1,6572,5.081,5.081,5.0685,5.072,433,HG.v.0
2025-10-23 11:00:00+00:00,34,1,6572,5.072,5.096,5.072,5.089,2018,HG.v.0
2025-10-23 12:00:00+00:00,34,1,6572,5.088,5.101,5.077,5.0845,3777,HG.v.0
2025-10-23 13:00:00+00:00,34,1,6572,5.0845,5.109,5.067,5.1005,3925,HG.v.0
2025-10-23 14:00:00+00:00,34,1,6572,5.1015,5.1145,5.0825,5.1085,3416,HG.v.0
2025-10-23 15:00:00+00:00,34,1,6572,5.1095,5.1185,5.0965,5.111,1888,HG.v.0
2025-10-23 16:00:00+00:00,34,1,6572,5.111,5.1155,5.096,5.11,3022,HG.v.0
2025-10-23 17:00:00+00:00,34,1,6572,5.11,5.115,5.08,5.0955,2284,HG.v.0
2025-10-23 18:00:00+00:00,34,1,6572,5.097,5.103,5.09,5.1,672,HG.v.0
2025-10-23 19:00:00+00:00,34,1,6572,5.1,5.1,5.084,5.0905,648,HG.v.0
2025-10-23 20:00:00+00:00,34,1,6572,5.09,5.093,5.0785,5.0855,388,HG.v.0
2025-10-23 22:00:00+00:00,34,1,6572,5.088,5.094,5.0845,5.0915,144,HG.v.0
2025-10-23 23:00:00+00:00,34,1,6572,5.0905,5.1015,5.0895,5.0985,278,HG.v.0
2025-10-24 00:00:00+00:00,34,1,6572,5.0975,5.1145,5.097,5.1125,628,HG.v.0
2025-10-24 01:00:00+00:00,34,1,6572,5.1125,5.1145,5.0915,5.098,1886,HG.v.0
2025-10-24 02:00:00+00:00,34,1,6572,5.1,5.105,5.086,5.092,707,HG.v.0
2025-10-24 03:00:00+00:00,34,1,6572,5.0935,5.1145,5.0935,5.1075,494,HG.v.0
2025-10-24 04:00:00+00:00,34,1,6572,5.108,5.109,5.0975,5.103,217,HG.v.0
2025-10-24 05:00:00+00:00,34,1,6572,5.102,5.1215,5.101,5.1215,624,HG.v.0
2025-10-24 06:00:00+00:00,34,1,6572,5.1215,5.1515,5.115,5.1465,2954,HG.v.0
2025-10-24 07:00:00+00:00,34,1,6572,5.146,5.147,5.12,5.1215,1293,HG.v.0
2025-10-24 08:00:00+00:00,34,1,6572,5.1225,5.1255,5.1035,5.106,1717,HG.v.0
2025-10-24 09:00:00+00:00,34,1,6572,5.1055,5.1175,5.0885,5.091,973,HG.v.0
2025-10-24 10:00:00+00:00,34,1,6572,5.09,5.102,5.086,5.0935,538,HG.v.0
2025-10-24 11:00:00+00:00,34,1,6572,5.0935,5.1025,5.0915,5.096,786,HG.v.0
2025-10-24 12:00:00+00:00,34,1,6572,5.0975,5.1045,5.076,5.091,4586,HG.v.0
2025-10-24 13:00:00+00:00,34,1,6572,5.091,5.12,5.0675,5.0845,5910,HG.v.0
2025-10-24 14:00:00+00:00,34,1,6572,5.084,5.115,5.0835,5.1075,2587,HG.v.0
2025-10-24 15:00:00+00:00,34,1,6572,5.1075,5.1465,5.1045,5.1385,3941,HG.v.0
2025-10-24 16:00:00+00:00,34,1,6572,5.138,5.1395,5.113,5.1245,2568,HG.v.0
2025-10-24 17:00:00+00:00,34,1,6572,5.1245,5.1315,5.12,5.121,945,HG.v.0
2025-10-24 18:00:00+00:00,34,1,6572,5.1205,5.131,5.114,5.126,471,HG.v.0
2025-10-24 19:00:00+00:00,34,1,6572,5.1265,5.129,5.1125,5.1165,443,HG.v.0
2025-10-24 20:00:00+00:00,34,1,6572,5.117,5.12,5.113,5.1175,205,HG.v.0
2025-10-26 22:00:00+00:00,34,1,6572,5.1725,5.247,5.1655,5.2135,3131,HG.v.0
2025-10-26 23:00:00+00:00,34,1,6572,5.213,5.2195,5.2025,5.207,592,HG.v.0
2025-10-27 00:00:00+00:00,34,1,6572,5.2065,5.2405,5.194,5.206,2111,HG.v.0
2025-10-27 01:00:00+00:00,34,1,6572,5.2045,5.213,5.1725,5.1885,3031,HG.v.0
2025-10-27 02:00:00+00:00,34,1,6572,5.1895,5.2065,5.182,5.2045,925,HG.v.0
2025-10-27 03:00:00+00:00,34,1,6572,5.205,5.208,5.1915,5.195,448,HG.v.0
2025-10-27 04:00:00+00:00,34,1,6572,5.196,5.2025,5.1865,5.2015,428,HG.v.0
2025-10-27 05:00:00+00:00,34,1,6572,5.2025,5.2155,5.1935,5.2105,940,HG.v.0
2025-10-27 06:00:00+00:00,34,1,6572,5.212,5.2175,5.196,5.2,1478,HG.v.0
2025-10-27 07:00:00+00:00,34,1,6572,5.199,5.203,5.18,5.185,1005,HG.v.0
2025-10-27 08:00:00+00:00,34,1,6572,5.186,5.192,5.154,5.1675,2170,HG.v.0
2025-10-27 09:00:00+00:00,34,1,6572,5.168,5.1785,5.164,5.174,727,HG.v.0
2025-10-27 10:00:00+00:00,34,1,6572,5.1735,5.1885,5.1685,5.1735,800,HG.v.0
2025-10-27 11:00:00+00:00,34,1,6572,5.1755,5.188,5.17,5.1755,1074,HG.v.0
2025-10-27 12:00:00+00:00,34,1,6572,5.1755,5.18,5.1525,5.17,2623,HG.v.0
2025-10-27 13:00:00+00:00,34,1,6572,5.1705,5.1945,5.142,5.174,4897,HG.v.0
2025-10-27 14:00:00+00:00,34,1,6572,5.174,5.1795,5.12,5.1245,6145,HG.v.0
2025-10-27 15:00:00+00:00,34,1,6572,5.124,5.159,5.1145,5.158,3608,HG.v.0
2025-10-27 16:00:00+00:00,34,1,6572,5.1585,5.1765,5.1535,5.1705,2956,HG.v.0
2025-10-27 17:00:00+00:00,34,1,6572,5.1705,5.174,5.153,5.1635,1192,HG.v.0
2025-10-27 18:00:00+00:00,34,1,6572,5.164,5.1665,5.1565,5.1595,597,HG.v.0
2025-10-27 19:00:00+00:00,34,1,6572,5.159,5.1645,5.159,5.1625,398,HG.v.0
2025-10-27 20:00:00+00:00,34,1,6572,5.1625,5.165,5.153,5.159,322,HG.v.0
2025-10-27 22:00:00+00:00,34,1,6572,5.163,5.1645,5.1555,5.1605,182,HG.v.0
2025-10-27 23:00:00+00:00,34,1,6572,5.159,5.167,5.151,5.1595,192,HG.v.0
2025-10-28 00:00:00+00:00,34,1,6572,5.1595,5.1625,5.1455,5.159,371,HG.v.0
2025-10-28 01:00:00+00:00,34,1,6572,5.1575,5.1815,5.1535,5.1735,745,HG.v.0
2025-10-28 02:00:00+00:00,34,1,6572,5.1745,5.18,5.142,5.1485,701,HG.v.0
2025-10-28 03:00:00+00:00,34,1,6572,5.149,5.158,5.145,5.1565,362,HG.v.0
2025-10-28 04:00:00+00:00,34,1,6572,5.157,5.157,5.1225,5.1285,685,HG.v.0
2025-10-28 05:00:00+00:00,34,1,6572,5.128,5.1425,5.1045,5.1215,1040,HG.v.0
2025-10-28 06:00:00+00:00,34,1,6572,5.1205,5.1225,5.083,5.1035,1944,HG.v.0
2025-10-28 07:00:00+00:00,34,1,6572,5.104,5.122,5.1015,5.1155,1108,HG.v.0
2025-10-28 08:00:00+00:00,34,1,6572,5.1155,5.119,5.0895,5.102,1701,HG.v.0
2025-10-28 09:00:00+00:00,34,1,6572,5.1015,5.1255,5.1005,5.1175,1720,HG.v.0
2025-10-28 10:00:00+00:00,34,1,6572,5.118,5.143,5.1105,5.1335,989,HG.v.0
2025-10-28 11:00:00+00:00,34,1,6572,5.1325,5.1405,5.1265,5.129,897,HG.v.0
2025-10-28 12:00:00+00:00,34,1,6572,5.129,5.1405,5.1225,5.1315,1628,HG.v.0
2025-10-28 13:00:00+00:00,34,1,6572,5.1325,5.1465,5.116,5.127,4115,HG.v.0
2025-10-28 14:00:00+00:00,34,1,6572,5.127,5.168,5.121,5.167,3734,HG.v.0
2025-10-28 15:00:00+00:00,34,1,6572,5.166,5.18,5.1505,5.163,3230,HG.v.0
2025-10-28 16:00:00+00:00,34,1,6572,5.1635,5.1845,5.162,5.17,3586,HG.v.0
2025-10-28 17:00:00+00:00,34,1,6572,5.17,5.1745,5.164,5.1705,1733,HG.v.0
2025-10-28 18:00:00+00:00,34,1,6572,5.1695,5.174,5.167,5.1685,365,HG.v.0
2025-10-28 19:00:00+00:00,34,1,6572,5.1685,5.1735,5.161,5.1705,517,HG.v.0
2025-10-28 20:00:00+00:00,34,1,6572,5.169,5.1745,5.168,5.169,288,HG.v.0
2025-10-28 22:00:00+00:00,34,1,6572,5.171,5.1725,5.161,5.162,117,HG.v.0
2025-10-28 23:00:00+00:00,34,1,6572,5.162,5.1765,5.162,5.1765,174,HG.v.0
2025-10-29 00:00:00+00:00,34,1,6572,5.177,5.1885,5.1655,5.172,909,HG.v.0
2025-10-29 01:00:00+00:00,34,1,6572,5.1715,5.178,5.1615,5.17,1040,HG.v.0
2025-10-29 02:00:00+00:00,34,1,6572,5.1705,5.174,5.149,5.1605,464,HG.v.0
2025-10-29 03:00:00+00:00,34,1,6572,5.1625,5.1695,5.161,5.1655,162,HG.v.0
2025-10-29 04:00:00+00:00,34,1,6572,5.1645,5.17,5.1595,5.1685,176,HG.v.0
2025-10-29 05:00:00+00:00,34,1,6572,5.169,5.186,5.167,5.186,532,HG.v.0
2025-10-29 06:00:00+00:00,34,1,6572,5.1865,5.229,5.1855,5.218,3466,HG.v.0
2025-10-29 07:00:00+00:00,34,1,6572,5.217,5.2325,5.207,5.2155,1746,HG.v.0
2025-10-29 08:00:00+00:00,34,1,6572,5.2135,5.228,5.2045,5.2055,1588,HG.v.0
2025-10-29 09:00:00+00:00,34,1,6572,5.207,5.2185,5.191,5.209,1031,HG.v.0
2025-10-29 10:00:00+00:00,34,1,6572,5.21,5.2215,5.2035,5.2075,790,HG.v.0
2025-10-29 11:00:00+00:00,34,1,6572,5.208,5.2165,5.2015,5.2035,1005,HG.v.0
2025-10-29 12:00:00+00:00,34,1,6572,5.204,5.2275,5.1995,5.2275,1761,HG.v.0
2025-10-29 13:00:00+00:00,34,1,6572,5.2265,5.248,5.2085,5.221,4797,HG.v.0
2025-10-29 14:00:00+00:00,34,1,6572,5.2215,5.273,5.218,5.259,4000,HG.v.0
2025-10-29 15:00:00+00:00,34,1,6572,5.2595,5.279,5.246,5.248,7656,HG.v.0
2025-10-29 16:00:00+00:00,34,1,6572,5.249,5.2675,5.2405,5.2625,3502,HG.v.0
2025-10-29 17:00:00+00:00,34,1,6572,5.2615,5.262,5.2365,5.2445,1253,HG.v.0
2025-10-29 18:00:00+00:00,34,1,6572,5.244,5.255,5.1835,5.213,4193,HG.v.0
2025-10-29 19:00:00+00:00,34,1,6572,5.2155,5.216,5.1715,5.209,1765,HG.v.0
2025-10-29 20:00:00+00:00,34,1,6572,5.2075,5.217,5.1975,5.2015,505,HG.v.0
2025-10-29 22:00:00+00:00,34,1,6572,5.2035,5.2035,5.1835,5.196,383,HG.v.0
2025-10-29 23:00:00+00:00,34,1,6572,5.195,5.2045,5.194,5.2045,264,HG.v.0
2025-10-30 00:00:00+00:00,34,1,6572,5.204,5.2335,5.203,5.2275,832,HG.v.0
2025-10-30 01:00:00+00:00,34,1,6572,5.227,5.2305,5.1895,5.1965,1077,HG.v.0
2025-10-30 02:00:00+00:00,34,1,6572,5.196,5.2045,5.1795,5.1925,851,HG.v.0
2025-10-30 03:00:00+00:00,34,1,6572,5.19,5.21,5.185,5.2075,498,HG.v.0
2025-10-30 04:00:00+00:00,34,1,6572,5.209,5.212,5.16,5.1775,2043,HG.v.0
2025-10-30 05:00:00+00:00,34,1,6572,5.179,5.1885,5.151,5.173,1789,HG.v.0
2025-10-30 06:00:00+00:00,34,1,6572,5.174,5.186,5.1565,5.1725,1731,HG.v.0
2025-10-30 07:00:00+00:00,34,1,6572,5.172,5.2025,5.1705,5.185,931,HG.v.0
2025-10-30 08:00:00+00:00,34,1,6572,5.187,5.21,5.174,5.2075,945,HG.v.0
2025-10-30 09:00:00+00:00,34,1,6572,5.2065,5.217,5.182,5.195,1005,HG.v.0
2025-10-30 10:00:00+00:00,34,1,6572,5.195,5.2075,5.186,5.1925,721,HG.v.0
2025-10-30 11:00:00+00:00,34,1,6572,5.1935,5.1995,5.1765,5.18,826,HG.v.0
2025-10-30 12:00:00+00:00,34,1,6572,5.1795,5.181,5.1175,5.1225,7062,HG.v.0
2025-10-30 13:00:00+00:00,34,1,6572,5.1225,5.131,5.084,5.1195,10318,HG.v.0
2025-10-30 14:00:00+00:00,34,1,6572,5.119,5.1295,5.0425,5.0625,13822,HG.v.0
2025-10-30 15:00:00+00:00,34,1,6572,5.0635,5.0945,5.055,5.0885,6309,HG.v.0
2025-10-30 16:00:00+00:00,34,1,6572,5.0885,5.109,5.0845,5.1045,3792,HG.v.0
2025-10-30 17:00:00+00:00,34,1,6572,5.105,5.113,5.0945,5.105,1197,HG.v.0
2025-10-30 18:00:00+00:00,34,1,6572,5.105,5.1095,5.1005,5.103,512,HG.v.0
2025-10-30 19:00:00+00:00,34,1,6572,5.1045,5.1055,5.0935,5.0975,395,HG.v.0
2025-10-30 20:00:00+00:00,34,1,6572,5.0985,5.107,5.0975,5.104,269,HG.v.0
2025-10-30 22:00:00+00:00,34,1,6572,5.111,5.113,5.0995,5.107,346,HG.v.0
2025-10-30 23:00:00+00:00,34,1,6572,5.107,5.1155,5.093,5.112,556,HG.v.0
2025-10-31 00:00:00+00:00,34,1,6572,5.1105,5.111,5.0985,5.101,305,HG.v.0
2025-10-31 01:00:00+00:00,34,1,6572,5.1015,5.12,5.0985,5.108,1109,HG.v.0
2025-10-31 02:00:00+00:00,34,1,6572,5.109,5.12,5.1,5.12,592,HG.v.0
2025-10-31 03:00:00+00:00,34,1,6572,5.1195,5.122,5.0875,5.09,718,HG.v.0
2025-10-31 04:00:00+00:00,34,1,6572,5.09,5.095,5.085,5.092,326,HG.v.0
2025-10-31 05:00:00+00:00,34,1,6572,5.093,5.099,5.0695,5.0735,767,HG.v.0
2025-10-31 06:00:00+00:00,34,1,6572,5.0745,5.087,5.0705,5.081,752,HG.v.0
2025-10-31 07:00:00+00:00,34,1,6572,5.081,5.091,5.0625,5.0895,856,HG.v.0
2025-10-31 08:00:00+00:00,34,1,6572,5.0895,5.091,5.068,5.072,772,HG.v.0
2025-10-31 09:00:00+00:00,34,1,6572,5.071,5.073,5.048,5.0725,1177,HG.v.0
2025-10-31 10:00:00+00:00,34,1,6572,5.0735,5.0785,5.068,5.073,416,HG.v.0
2025-10-31 11:00:00+00:00,34,1,6572,5.0735,5.1195,5.0735,5.102,1775,HG.v.0
2025-10-31 12:00:00+00:00,34,1,6572,5.101,5.115,5.083,5.0895,1729,HG.v.0
2025-10-31 13:00:00+00:00,34,1,6572,5.0905,5.1025,5.0715,5.083,3069,HG.v.0
2025-10-31 14:00:00+00:00,34,1,6572,5.084,5.101,5.071,5.098,2329,HG.v.0
2025-10-31 15:00:00+00:00,34,1,6572,5.0975,5.115,5.09,5.1,4359,HG.v.0
2025-10-31 16:00:00+00:00,34,1,6572,5.0995,5.1025,5.077,5.089,3195,HG.v.0
2025-10-31 17:00:00+00:00,34,1,6572,5.09,5.0915,5.081,5.0895,1345,HG.v.0
2025-10-31 18:00:00+00:00,34,1,6572,5.089,5.1025,5.089,5.1015,760,HG.v.0
2025-10-31 19:00:00+00:00,34,1,6572,5.1005,5.1285,5.1,5.1105,1363,HG.v.0
2025-10-31 20:00:00+00:00,34,1,6572,5.11,5.1155,5.1075,5.114,276,HG.v.0
2025-11-02 23:00:00+00:00,34,1,6572,5.1,5.1295,5.1,5.1095,700,HG.v.0
2025-11-03 00:00:00+00:00,34,1,6572,5.1095,5.114,5.096,5.099,519,HG.v.0
2025-11-03 01:00:00+00:00,34,1,6572,5.099,5.105,5.0825,5.0885,1204,HG.v.0
2025-11-03 02:00:00+00:00,34,1,6572,5.088,5.094,5.073,5.0815,678,HG.v.0
2025-11-03 03:00:00+00:00,34,1,6572,5.0805,5.085,5.0695,5.0845,339,HG.v.0
2025-11-03 04:00:00+00:00,34,1,6572,5.0845,5.093,5.0815,5.0885,265,HG.v.0
2025-11-03 05:00:00+00:00,34,1,6572,5.089,5.1135,5.088,5.1065,597,HG.v.0
2025-11-03 06:00:00+00:00,34,1,6572,5.1075,5.1225,5.1005,5.1135,841,HG.v.0
2025-11-03 07:00:00+00:00,34,1,6572,5.112,5.1145,5.095,5.1045,519,HG.v.0
2025-11-03 08:00:00+00:00,34,1,6572,5.104,5.1135,5.093,5.098,1026,HG.v.0
2025-11-03 09:00:00+00:00,34,1,6572,5.098,5.1045,5.078,5.0825,884,HG.v.0
2025-11-03 10:00:00+00:00,34,1,6572,5.083,5.1,5.081,5.091,727,HG.v.0
2025-11-03 11:00:00+00:00,34,1,6572,5.091,5.095,5.0805,5.091,479,HG.v.0
2025-11-03 12:00:00+00:00,34,1,6572,5.091,5.1095,5.0845,5.109,1075,HG.v.0
2025-11-03 13:00:00+00:00,34,1,6572,5.1085,5.1195,5.0915,5.099,2746,HG.v.0
2025-11-03 14:00:00+00:00,34,1,6572,5.0995,5.1175,5.064,5.0715,2999,HG.v.0
2025-11-03 15:00:00+00:00,34,1,6572,5.0725,5.0755,5.0475,5.0685,3272,HG.v.0
2025-11-03 16:00:00+00:00,34,1,6572,5.068,5.0815,5.067,5.0745,1862,HG.v.0
2025-11-03 17:00:00+00:00,34,1,6572,5.0745,5.076,5.0605,5.071,2656,HG.v.0
2025-11-03 18:00:00+00:00,34,1,6572,5.0715,5.074,5.0515,5.0545,980,HG.v.0
2025-11-03 19:00:00+00:00,34,1,6572,5.0545,5.056,5.0185,5.0455,2045,HG.v.0
2025-11-03 20:00:00+00:00,34,1,6572,5.046,5.0575,5.0445,5.055,638,HG.v.0
2025-11-03 21:00:00+00:00,34,1,6572,5.055,5.0555,5.047,5.051,183,HG.v.0
2025-11-03 23:00:00+00:00,34,1,6572,5.0545,5.0575,5.0485,5.0505,316,HG.v.0
2025-11-04 00:00:00+00:00,34,1,6572,5.0515,5.0535,5.0415,5.047,325,HG.v.0
2025-11-04 01:00:00+00:00,34,1,6572,5.0465,5.066,5.0465,5.058,866,HG.v.0
2025-11-04 02:00:00+00:00,34,1,6572,5.0575,5.0575,5.015,5.023,1367,HG.v.0
2025-11-04 03:00:00+00:00,34,1,6572,5.0225,5.032,5.0205,5.025,281,HG.v.0
2025-11-04 04:00:00+00:00,34,1,6572,5.0235,5.0235,5.008,5.0105,691,HG.v.0
2025-11-04 05:00:00+00:00,34,1,6572,5.0095,5.015,4.9805,4.9825,2050,HG.v.0
2025-11-04 06:00:00+00:00,34,1,6572,4.982,4.9895,4.9665,4.98,2556,HG.v.0
2025-11-04 07:00:00+00:00,34,1,6572,4.98,4.981,4.96,4.969,2286,HG.v.0
2025-11-04 08:00:00+00:00,34,1,6572,4.9685,4.987,4.9485,4.983,3304,HG.v.0
2025-11-04 09:00:00+00:00,34,1,6572,4.983,4.9915,4.927,4.928,3914,HG.v.0
2025-11-04 10:00:00+00:00,34,1,6572,4.928,4.944,4.919,4.9335,3639,HG.v.0
2025-11-04 11:00:00+00:00,34,1,6572,4.9335,4.9395,4.9175,4.931,2484,HG.v.0
2025-11-04 12:00:00+00:00,34,1,6572,4.9315,4.9355,4.9075,4.914,3520,HG.v.0
2025-11-04 13:00:00+00:00,34,1,6572,4.912,4.962,4.9115,4.9565,5717,HG.v.0
2025-11-04 14:00:00+00:00,34,1,6572,4.9555,4.9675,4.931,4.9565,3613,HG.v.0
2025-11-04 15:00:00+00:00,34,1,6572,4.9575,4.972,4.943,4.965,3248,HG.v.0
2025-11-04 16:00:00+00:00,34,1,6572,4.966,4.97,4.953,4.9615,1879,HG.v.0
2025-11-04 17:00:00+00:00,34,1,6572,4.9615,4.962,4.942,4.948,2939,HG.v.0
2025-11-04 18:00:00+00:00,34,1,6572,4.948,4.9515,4.94,4.944,1429,HG.v.0
2025-11-04 19:00:00+00:00,34,1,6572,4.945,4.949,4.93,4.9315,608,HG.v.0
2025-11-04 20:00:00+00:00,34,1,6572,4.9305,4.938,4.9255,4.929,515,HG.v.0
2025-11-04 21:00:00+00:00,34,1,6572,4.9295,4.932,4.923,4.9255,558,HG.v.0
2025-11-04 23:00:00+00:00,34,1,6572,4.928,4.9315,4.911,4.9205,582,HG.v.0
2025-11-05 00:00:00+00:00,34,1,6572,4.92,4.9295,4.888,4.925,1318,HG.v.0
2025-11-05 01:00:00+00:00,34,1,6572,4.9265,4.9345,4.9085,4.93,2615,HG.v.0
2025-11-05 02:00:00+00:00,34,1,6572,4.9295,4.941,4.9275,4.9375,608,HG.v.0
2025-11-05 03:00:00+00:00,34,1,6572,4.9385,4.9615,4.9365,4.957,732,HG.v.0
2025-11-05 04:00:00+00:00,34,1,6572,4.957,4.959,4.9455,4.9525,273,HG.v.0
2025-11-05 05:00:00+00:00,34,1,6572,4.9515,4.9735,4.949,4.9555,904,HG.v.0
2025-11-05 06:00:00+00:00,34,1,6572,4.956,4.963,4.939,4.9475,932,HG.v.0
2025-11-05 07:00:00+00:00,34,1,6572,4.946,4.9475,4.932,4.943,823,HG.v.0
2025-11-05 08:00:00+00:00,34,1,6572,4.944,4.968,4.937,4.9615,859,HG.v.0
2025-11-05 09:00:00+00:00,34,1,6572,4.9595,4.9655,4.9285,4.944,1825,HG.v.0
2025-11-05 10:00:00+00:00,34,1,6572,4.9435,4.9435,4.922,4.922,613,HG.v.0
2025-11-05 11:00:00+00:00,34,1,6572,4.922,4.928,4.9115,4.926,776,HG.v.0
2025-11-05 12:00:00+00:00,34,1,6572,4.9245,4.941,4.9155,4.9355,1037,HG.v.0
2025-11-05 13:00:00+00:00,34,1,6572,4.935,4.968,4.9245,4.9575,2300,HG.v.0
2025-11-05 14:00:00+00:00,34,1,6572,4.957,4.957,4.9375,4.951,2065,HG.v.0
2025-11-05 15:00:00+00:00,34,1,6572,4.95,4.978,4.941,4.9765,3102,HG.v.0
2025-11-05 16:00:00+00:00,34,1,6572,4.977,4.983,4.9595,4.9805,2951,HG.v.0
2025-11-05 17:00:00+00:00,34,1,6572,4.981,4.99,4.978,4.9835,2828,HG.v.0
2025-11-05 18:00:00+00:00,34,1,6572,4.9835,4.9915,4.978,4.9895,1211,HG.v.0
2025-11-05 19:00:00+00:00,34,1,6572,4.9895,4.998,4.989,4.9965,646,HG.v.0
2025-11-05 20:00:00+00:00,34,1,6572,4.9965,5.007,4.99,4.991,1585,HG.v.0
2025-11-05 21:00:00+00:00,34,1,6572,4.9905,4.991,4.9865,4.989,233,HG.v.0
2025-11-05 23:00:00+00:00,34,1,6572,4.993,4.997,4.99,4.9915,234,HG.v.0
2025-11-06 00:00:00+00:00,34,1,6572,4.991,4.995,4.9865,4.9945,273,HG.v.0
2025-11-06 01:00:00+00:00,34,1,6572,4.994,4.994,4.98,4.9865,901,HG.v.0
2025-11-06 02:00:00+00:00,34,1,6572,4.987,5.019,4.983,5.0135,808,HG.v.0
2025-11-06 03:00:00+00:00,34,1,6572,5.016,5.0185,5.009,5.012,718,HG.v.0
2025-11-06 04:00:00+00:00,34,1,6572,5.011,5.02,5.009,5.019,280,HG.v.0
2025-11-06 05:00:00+00:00,34,1,6572,5.0185,5.02,5.0115,5.018,552,HG.v.0
2025-11-06 06:00:00+00:00,34,1,6572,5.0195,5.0265,5.0025,5.011,1192,HG.v.0
2025-11-06 07:00:00+00:00,34,1,6572,5.012,5.0245,5.005,5.0065,774,HG.v.0
2025-11-06 08:00:00+00:00,34,1,6572,5.0065,5.0375,5.0065,5.029,1393,HG.v.0
2025-11-06 09:00:00+00:00,34,1,6572,5.028,5.033,5.0105,5.012,935,HG.v.0
2025-11-06 10:00:00+00:00,34,1,6572,5.013,5.0165,5.006,5.0075,561,HG.v.0
2025-11-06 11:00:00+00:00,34,1,6572,5.007,5.016,5.0005,5.011,700,HG.v.0
2025-11-06 12:00:00+00:00,34,1,6572,5.012,5.023,5.0085,5.0205,1133,HG.v.0
2025-11-06 13:00:00+00:00,34,1,6572,5.019,5.024,4.995,4.9965,2039,HG.v.0
2025-11-06 14:00:00+00:00,34,1,6572,4.9965,5.002,4.967,4.969,3352,HG.v.0
2025-11-06 15:00:00+00:00,34,1,6572,4.9685,4.9885,4.961,4.964,3236,HG.v.0
2025-11-06 16:00:00+00:00,34,1,6572,4.964,4.971,4.9525,4.959,2959,HG.v.0
2025-11-06 17:00:00+00:00,34,1,6572,4.9595,4.9715,4.953,4.967,2775,HG.v.0
2025-11-06 18:00:00+00:00,34,1,6572,4.967,4.981,4.9585,4.9725,1004,HG.v.0
2025-11-06 19:00:00+00:00,34,1,6572,4.9725,4.984,4.9725,4.9825,414,HG.v.0
2025-11-06 20:00:00+00:00,34,1,6572,4.9815,4.9865,4.974,4.977,429,HG.v.0
2025-11-06 21:00:00+00:00,34,1,6572,4.9765,4.978,4.973,4.9755,154,HG.v.0
2025-11-06 23:00:00+00:00,34,1,6572,4.9735,4.9835,4.9665,4.982,209,HG.v.0
2025-11-07 00:00:00+00:00,34,1,6572,4.979,4.9855,4.9755,4.979,232,HG.v.0
2025-11-07 01:00:00+00:00,34,1,6572,4.9785,4.9915,4.9745,4.9895,576,HG.v.0
2025-11-07 02:00:00+00:00,34,1,6572,4.99,4.9915,4.974,4.98,223,HG.v.0
2025-11-07 03:00:00+00:00,34,1,6572,4.98,4.9845,4.962,4.967,397,HG.v.0
2025-11-07 04:00:00+00:00,34,1,6572,4.9665,4.9775,4.963,4.9775,133,HG.v.0
2025-11-07 05:00:00+00:00,34,1,6572,4.976,4.986,4.969,4.971,312,HG.v.0
2025-11-07 06:00:00+00:00,34,1,6572,4.973,4.9835,4.967,4.98,272,HG.v.0
2025-11-07 07:00:00+00:00,34,1,6572,4.981,5.008,4.981,4.9985,1050,HG.v.0
2025-11-07 08:00:00+00:00,34,1,6572,4.999,5.0015,4.982,4.9905,920,HG.v.0
2025-11-07 09:00:00+00:00,34,1,6572,4.989,4.9965,4.965,4.996,1156,HG.v.0
2025-11-07 10:00:00+00:00,34,1,6572,4.995,5.003,4.99,4.9925,404,HG.v.0
2025-11-07 11:00:00+00:00,34,1,6572,4.9905,4.9915,4.959,4.9775,1378,HG.v.0
2025-11-07 12:00:00+00:00,34,1,6572,4.978,4.99,4.9735,4.984,544,HG.v.0
2025-11-07 13:00:00+00:00,34,1,6572,4.984,5.004,4.9675,4.968,2303,HG.v.0
2025-11-07 14:00:00+00:00,34,1,6572,4.968,4.974,4.953,4.9635,2861,HG.v.0
2025-11-07 15:00:00+00:00,34,1,6572,4.9625,4.9685,4.9515,4.9555,2149,HG.v.0
2025-11-07 16:00:00+00:00,34,1,6572,4.9555,4.978,4.954,4.963,1884,HG.v.0
2025-11-07 17:00:00+00:00,34,1,6572,4.962,4.9635,4.953,4.9545,2481,HG.v.0
2025-11-07 18:00:00+00:00,34,1,6572,4.955,4.9645,4.9525,4.9585,1203,HG.v.0
2025-11-07 19:00:00+00:00,34,1,6572,4.9575,4.965,4.9575,4.961,1105,HG.v.0
2025-11-07 20:00:00+00:00,34,1,6572,4.9605,4.9605,4.953,4.957,425,HG.v.0
2025-11-07 21:00:00+00:00,34,1,6572,4.957,4.961,4.956,4.958,268,HG.v.0
2025-11-09 23:00:00+00:00,34,1,6572,4.97,4.9885,4.967,4.9835,495,HG.v.0
2025-11-10 00:00:00+00:00,34,1,6572,4.9835,4.9915,4.9795,4.9895,420,HG.v.0
2025-11-10 01:00:00+00:00,34,1,6572,4.989,5.0325,4.986,5.0235,2290,HG.v.0
2025-11-10 02:00:00+00:00,34,1,6572,5.0235,5.033,5.0115,5.0275,764,HG.v.0
2025-11-10 03:00:00+00:00,34,1,6572,5.0285,5.035,5.0235,5.028,588,HG.v.0
2025-11-10 04:00:00+00:00,34,1,6572,5.0295,5.048,5.0285,5.0455,1097,HG.v.0
2025-11-10 05:00:00+00:00,34,1,6572,5.045,5.0505,5.033,5.033,1197,HG.v.0
2025-11-10 06:00:00+00:00,34,1,6572,5.0335,5.038,5.023,5.0265,1180,HG.v.0
2025-11-10 07:00:00+00:00,34,1,6572,5.0255,5.04,5.0235,5.027,1096,HG.v.0
2025-11-10 08:00:00+00:00,34,1,6572,5.026,5.041,5.02,5.02,942,HG.v.0
2025-11-10 09:00:00+00:00,34,1,6572,5.021,5.046,5.015,5.0435,780,HG.v.0
2025-11-10 10:00:00+00:00,34,1,6572,5.044,5.049,5.0385,5.043,762,HG.v.0
2025-11-10 11:00:00+00:00,34,1,6572,5.043,5.0455,5.0345,5.039,501,HG.v.0
2025-11-10 12:00:00+00:00,34,1,6572,5.0385,5.0505,5.0315,5.0455,1278,HG.v.0
2025-11-10 13:00:00+00:00,34,1,6572,5.0455,5.048,5.0235,5.037,4343,HG.v.0
2025-11-10 14:00:00+00:00,34,1,6572,5.0385,5.04,5.022,5.027,2329,HG.v.0
2025-11-10 15:00:00+00:00,34,1,6572,5.0275,5.033,5.0135,5.0155,1692,HG.v.0
2025-11-10 16:00:00+00:00,34,1,6572,5.016,5.033,5.0085,5.0315,2335,HG.v.0
2025-11-10 17:00:00+00:00,34,1,6572,5.0315,5.12,5.0305,5.1025,9860,HG.v.0
2025-11-10 18:00:00+00:00,34,1,6572,5.103,5.116,5.0925,5.0935,5189,HG.v.0
2025-11-10 19:00:00+00:00,34,1,6572,5.093,5.1055,5.085,5.102,1479,HG.v.0
2025-11-10 20:00:00+00:00,34,1,6572,5.1025,5.1085,5.094,5.097,609,HG.v.0
2025-11-10 21:00:00+00:00,34,1,6572,5.098,5.104,5.0965,5.0995,278,HG.v.0
2025-11-10 23:00:00+00:00,34,1,6572,5.0955,5.1045,5.092,5.0945,348,HG.v.0
2025-11-11 00:00:00+00:00,34,1,6572,5.094,5.103,5.082,5.0875,933,HG.v.0
2025-11-11 01:00:00+00:00,34,1,6572,5.0875,5.0995,5.077,5.08,2096,HG.v.0
2025-11-11 02:00:00+00:00,34,1,6572,5.08,5.087,5.072,5.0755,565,HG.v.0
2025-11-11 03:00:00+00:00,34,1,6572,5.076,5.093,5.074,5.09,455,HG.v.0
2025-11-11 04:00:00+00:00,34,1,6572,5.0915,5.096,5.08,5.0825,222,HG.v.0
2025-11-11 05:00:00+00:00,34,1,6572,5.0815,5.085,5.068,5.0695,436,HG.v.0
2025-11-11 06:00:00+00:00,34,1,6572,5.0695,5.082,5.064,5.0695,470,HG.v.0
2025-11-11 07:00:00+00:00,34,1,6572,5.0695,5.0815,5.054,5.078,942,HG.v.0
2025-11-11 08:00:00+00:00,34,1,6572,5.0795,5.0945,5.0675,5.069,1217,HG.v.0
2025-11-11 09:00:00+00:00,34,1,6572,5.0675,5.08,5.062,5.075,685,HG.v.0
2025-11-11 10:00:00+00:00,34,1,6572,5.075,5.0795,5.061,5.07,727,HG.v.0
2025-11-11 11:00:00+00:00,34,1,6572,5.07,5.079,5.065,5.0675,582,HG.v.0
2025-11-11 12:00:00+00:00,34,1,6572,5.0685,5.071,5.056,5.061,1076,HG.v.0
2025-11-11 13:00:00+00:00,34,1,6572,5.061,5.098,5.0605,5.0905,2921,HG.v.0
2025-11-11 14:00:00+00:00,34,1,6572,5.09,5.0945,5.071,5.0825,1803,HG.v.0
2025-11-11 15:00:00+00:00,34,1,6572,5.0825,5.0875,5.052,5.06,2348,HG.v.0
2025-11-11 16:00:00+00:00,34,1,6572,5.0605,5.0715,5.0555,5.062,1421,HG.v.0
2025-11-11 17:00:00+00:00,34,1,6572,5.0615,5.0715,5.0575,5.067,2394,HG.v.0
2025-11-11 18:00:00+00:00,34,1,6572,5.0675,5.0705,5.063,5.069,615,HG.v.0
2025-11-11 19:00:00+00:00,34,1,6572,5.068,5.071,5.0665,5.067,146,HG.v.0
2025-11-11 20:00:00+00:00,34,1,6572,5.068,5.0705,5.0645,5.068,312,HG.v.0
2025-11-11 21:00:00+00:00,34,1,6572,5.0675,5.0685,5.06,5.0635,249,HG.v.0
2025-11-11 23:00:00+00:00,34,1,6572,5.0635,5.0765,5.063,5.0705,276,HG.v.0
2025-11-12 00:00:00+00:00,34,1,6572,5.07,5.076,5.0645,5.067,269,HG.v.0
2025-11-12 01:00:00+00:00,34,1,6572,5.0675,5.077,5.0535,5.0735,598,HG.v.0
2025-11-12 02:00:00+00:00,34,1,6572,5.075,5.087,5.0615,5.0615,539,HG.v.0
2025-11-12 03:00:00+00:00,34,1,6572,5.0615,5.0675,5.0585,5.063,270,HG.v.0
2025-11-12 04:00:00+00:00,34,1,6572,5.061,5.061,5.046,5.0485,484,HG.v.0
2025-11-12 05:00:00+00:00,34,1,6572,5.0475,5.054,5.025,5.05,877,HG.v.0
2025-11-12 06:00:00+00:00,34,1,6572,5.0495,5.0745,5.0495,5.072,589,HG.v.0
2025-11-12 07:00:00+00:00,34,1,6572,5.073,5.0885,5.0685,5.0745,769,HG.v.0
2025-11-12 08:00:00+00:00,34,1,6572,5.075,5.0805,5.067,5.072,476,HG.v.0
2025-11-12 09:00:00+00:00,34,1,6572,5.07,5.0725,5.0585,5.067,390,HG.v.0
2025-11-12 10:00:00+00:00,34,1,6572,5.0675,5.0705,5.0565,5.068,311,HG.v.0
2025-11-12 11:00:00+00:00,34,1,6572,5.0685,5.0725,5.065,5.0675,307,HG.v.0
2025-11-12 12:00:00+00:00,34,1,6572,5.067,5.0995,5.0665,5.0975,1600,HG.v.0
2025-11-12 13:00:00+00:00,34,1,6572,5.0985,5.138,5.0795,5.1325,5874,HG.v.0
2025-11-12 14:00:00+00:00,34,1,6572,5.133,5.1505,5.123,5.1425,5065,HG.v.0
2025-11-12 15:00:00+00:00,34,1,6572,5.142,5.145,5.123,5.1295,3858,HG.v.0
2025-11-12 16:00:00+00:00,34,1,6572,5.129,5.1365,5.1165,5.1215,2817,HG.v.0
2025-11-12 17:00:00+00:00,34,1,6572,5.1215,5.123,5.0955,5.1065,3236,HG.v.0
2025-11-12 18:00:00+00:00,34,1,6572,5.105,5.108,5.095,5.096,1357,HG.v.0
2025-11-12 19:00:00+00:00,34,1,6572,5.0965,5.0975,5.08,5.084,703,HG.v.0
2025-11-12 20:00:00+00:00,34,1,6572,5.0825,5.0885,5.077,5.085,706,HG.v.0
2025-11-12 21:00:00+00:00,34,1,6572,5.0865,5.0915,5.081,5.0865,275,HG.v.0
2025-11-12 23:00:00+00:00,34,1,6572,5.0925,5.0925,5.083,5.0855,236,HG.v.0
2025-11-13 00:00:00+00:00,34,1,6572,5.0855,5.0965,5.0835,5.0955,601,HG.v.0
2025-11-13 01:00:00+00:00,34,1,6572,5.096,5.1055,5.082,5.1045,1146,HG.v.0
2025-11-13 02:00:00+00:00,34,1,6572,5.105,5.1125,5.0995,5.1055,444,HG.v.0
2025-11-13 03:00:00+00:00,34,1,6572,5.1065,5.123,5.106,5.1215,554,HG.v.0
2025-11-13 04:00:00+00:00,34,1,6572,5.12,5.1275,5.1185,5.126,390,HG.v.0
2025-11-13 05:00:00+00:00,34,1,6572,5.1255,5.133,5.119,5.1205,437,HG.v.0
2025-11-13 06:00:00+00:00,34,1,6572,5.1185,5.1425,5.1135,5.138,898,HG.v.0
2025-11-13 07:00:00+00:00,34,1,6572,5.137,5.148,5.134,5.1345,923,HG.v.0
2025-11-13 08:00:00+00:00,34,1,6572,5.134,5.1455,5.1315,5.145,701,HG.v.0
2025-11-13 09:00:00+00:00,34,1,6572,5.1445,5.1475,5.1115,5.1265,1070,HG.v.0
2025-11-13 10:00:00+00:00,34,1,6572,5.1245,5.1265,5.1055,5.1065,851,HG.v.0
2025-11-13 11:00:00+00:00,34,1,6572,5.107,5.125,5.102,5.1215,956,HG.v.0
2025-11-13 12:00:00+00:00,34,1,6572,5.122,5.1415,5.1195,5.1405,982,HG.v.0
2025-11-13 13:00:00+00:00,34,1,6572,5.1415,5.163,5.12,5.156,2734,HG.v.0
2025-11-13 14:00:00+00:00,34,1,6572,5.157,5.159,5.1155,5.134,3222,HG.v.0
2025-11-13 15:00:00+00:00,34,1,6572,5.1325,5.1545,5.1215,5.1275,2261,HG.v.0
2025-11-13 16:00:00+00:00,34,1,6572,5.1295,5.1425,5.11,5.118,2679,HG.v.0
2025-11-13 17:00:00+00:00,34,1,6572,5.118,5.1195,5.0825,5.101,3282,HG.v.0
2025-11-13 18:00:00+00:00,34,1,6572,5.101,5.104,5.0445,5.057,3272,HG.v.0
2025-11-13 19:00:00+00:00,34,1,6572,5.0565,5.062,5.0365,5.0485,1042,HG.v.0
2025-11-13 20:00:00+00:00,34,1,6572,5.0485,5.054,5.0425,5.0525,497,HG.v.0
2025-11-13 21:00:00+00:00,34,1,6572,5.052,5.063,5.0505,5.0575,395,HG.v.0
2025-11-13 23:00:00+00:00,34,1,6572,5.0615,5.0665,5.057,5.0575,441,HG.v.0
2025-11-14 00:00:00+00:00,34,1,6572,5.0575,5.07,5.053,5.068,482,HG.v.0
2025-11-14 01:00:00+00:00,34,1,6572,5.0675,5.0745,5.0455,5.071,1636,HG.v.0
2025-11-14 02:00:00+00:00,34,1,6572,5.072,5.08,5.057,5.0675,639,HG.v.0
2025-11-14 03:00:00+00:00,34,1,6572,5.0665,5.0805,5.056,5.078,571,HG.v.0
2025-11-14 04:00:00+00:00,34,1,6572,5.0785,5.0795,5.068,5.0705,269,HG.v.0
2025-11-14 05:00:00+00:00,34,1,6572,5.071,5.0855,5.0505,5.0835,1277,HG.v.0
2025-11-14 06:00:00+00:00,34,1,6572,5.0845,5.092,5.0635,5.072,966,HG.v.0
2025-11-14 07:00:00+00:00,34,1,6572,5.0695,5.0805,5.062,5.076,663,HG.v.0
2025-11-14 08:00:00+00:00,34,1,6572,5.0765,5.078,5.035,5.0635,1597,HG.v.0
2025-11-14 09:00:00+00:00,34,1,6572,5.0625,5.075,5.059,5.0695,578,HG.v.0
2025-11-14 10:00:00+00:00,34,1,6572,5.07,5.0875,5.0685,5.0725,700,HG.v.0
2025-11-14 11:00:00+00:00,34,1,6572,5.072,5.076,5.044,5.0525,1326,HG.v.0
2025-11-14 12:00:00+00:00,34,1,6572,5.052,5.0625,5.0405,5.0545,2370,HG.v.0
2025-11-14 13:00:00+00:00,34,1,6572,5.054,5.0615,5.002,5.0185,8007,HG.v.0
2025-11-14 14:00:00+00:00,34,1,6572,5.0195,5.0585,5.0075,5.056,3976,HG.v.0
2025-11-14 15:00:00+00:00,34,1,6572,5.057,5.078,5.0415,5.0755,3700,HG.v.0
2025-11-14 16:00:00+00:00,34,1,6572,5.0765,5.084,5.0685,5.074,2902,HG.v.0
2025-11-14 17:00:00+00:00,34,1,6572,5.0735,5.0735,5.057,5.0625,2686,HG.v.0
2025-11-14 18:00:00+00:00,34,1,6572,5.0625,5.0645,5.0475,5.061,1061,HG.v.0
2025-11-14 19:00:00+00:00,34,1,6572,5.0605,5.066,5.0525,5.0605,517,HG.v.0
2025-11-14 20:00:00+00:00,34,1,6572,5.061,5.065,5.049,5.052,448,HG.v.0
2025-11-14 21:00:00+00:00,34,1,6572,5.0535,5.0545,5.0475,5.05,312,HG.v.0
2025-11-16 23:00:00+00:00,34,1,6572,5.0535,5.058,5.0235,5.0505,790,HG.v.0
2025-11-17 00:00:00+00:00,34,1,6572,5.0505,5.0505,5.037,5.0455,323,HG.v.0
2025-11-17 01:00:00+00:00,34,1,6572,5.046,5.0535,5.0295,5.03,681,HG.v.0
2025-11-17 02:00:00+00:00,34,1,6572,5.029,5.046,5.0215,5.042,446,HG.v.0
2025-11-17 03:00:00+00:00,34,1,6572,5.042,5.0495,5.0265,5.0325,422,HG.v.0
2025-11-17 04:00:00+00:00,34,1,6572,5.0305,5.044,5.029,5.0365,201,HG.v.0
2025-11-17 05:00:00+00:00,34,1,6572,5.037,5.0435,5.028,5.031,834,HG.v.0
2025-11-17 06:00:00+00:00,34,1,6572,5.0315,5.042,5.021,5.033,1076,HG.v.0
2025-11-17 07:00:00+00:00,34,1,6572,5.033,5.0575,5.033,5.0555,789,HG.v.0
2025-11-17 08:00:00+00:00,34,1,6572,5.055,5.0555,5.024,5.032,927,HG.v.0
2025-11-17 09:00:00+00:00,34,1,6572,5.0315,5.047,5.0195,5.037,809,HG.v.0
2025-11-17 10:00:00+00:00,34,1,6572,5.0365,5.047,5.0245,5.0265,523,HG.v.0
2025-11-17 11:00:00+00:00,34,1,6572,5.0265,5.035,5.0195,5.0325,684,HG.v.0
2025-11-17 12:00:00+00:00,34,1,6572,5.0325,5.0425,5.026,5.0365,652,HG.v.0
2025-11-17 13:00:00+00:00,34,1,6572,5.036,5.039,5.0075,5.0125,2682,HG.v.0
2025-11-17 14:00:00+00:00,34,1,6572,5.012,5.035,5.0065,5.022,2146,HG.v.0
2025-11-17 15:00:00+00:00,34,1,6572,5.0225,5.0265,5.008,5.0215,1771,HG.v.0
2025-11-17 16:00:00+00:00,34,1,6572,5.0225,5.0255,5.006,5.0245,2331,HG.v.0
2025-11-17 17:00:00+00:00,34,1,6572,5.0235,5.0255,5.006,5.0145,2251,HG.v.0
2025-11-17 18:00:00+00:00,34,1,6572,5.014,5.015,5.003,5.0055,998,HG.v.0
2025-11-17 19:00:00+00:00,34,1,6572,5.005,5.0095,4.9705,4.972,2743,HG.v.0
2025-11-17 20:00:00+00:00,34,1,6572,4.9705,4.9925,4.961,4.9915,1753,HG.v.0
2025-11-17 21:00:00+00:00,34,1,6572,4.9915,4.9945,4.986,4.9895,346,HG.v.0
2025-11-17 23:00:00+00:00,34,1,6572,4.9925,4.9965,4.983,4.9895,288,HG.v.0
2025-11-18 00:00:00+00:00,34,1,6572,4.9895,4.994,4.983,4.989,469,HG.v.0
2025-11-18 01:00:00+00:00,34,1,6572,4.99,5.0015,4.983,4.9865,1258,HG.v.0
2025-11-18 02:00:00+00:00,34,1,6572,4.985,4.9945,4.9785,4.985,1228,HG.v.0
2025-11-18 03:00:00+00:00,34,1,6572,4.985,4.9865,4.965,4.9665,914,HG.v.0
2025-11-18 04:00:00+00:00,34,1,6572,4.968,4.968,4.9475,4.9535,1539,HG.v.0
2025-11-18 05:00:00+00:00,34,1,6572,4.9525,4.97,4.952,4.964,822,HG.v.0
2025-11-18 06:00:00+00:00,34,1,6572,4.965,4.973,4.9585,4.969,781,HG.v.0
2025-11-18 07:00:00+00:00,34,1,6572,4.9685,4.978,4.9575,4.976,879,HG.v.0
2025-11-18 08:00:00+00:00,34,1,6572,4.976,4.996,4.9725,4.991,1935,HG.v.0
2025-11-18 09:00:00+00:00,34,1,6572,4.99,4.995,4.98,4.9915,1120,HG.v.0
2025-11-18 10:00:00+00:00,34,1,6572,4.9915,4.9925,4.9755,4.9855,573,HG.v.0
2025-11-18 11:00:00+00:00,34,1,6572,4.985,4.9855,4.9735,4.9795,447,HG.v.0
2025-11-18 12:00:00+00:00,34,1,6572,4.979,4.9885,4.962,4.9695,1347,HG.v.0
2025-11-18 13:00:00+00:00,34,1,6572,4.969,5.007,4.9555,4.986,6741,HG.v.0
2025-11-18 14:00:00+00:00,34,1,6572,4.986,5.006,4.9755,4.979,2539,HG.v.0
2025-11-18 15:00:00+00:00,34,1,6572,4.98,4.982,4.967,4.969,2663,HG.v.0
2025-11-18 16:00:00+00:00,34,1,6572,4.969,4.9925,4.9615,4.9885,2359,HG.v.0
2025-11-18 17:00:00+00:00,34,1,6572,4.988,4.9915,4.9645,4.9725,2934,HG.v.0
2025-11-18 18:00:00+00:00,34,1,6572,4.9725,4.982,4.9685,4.976,1143,HG.v.0
2025-11-18 19:00:00+00:00,34,1,6572,4.976,4.9865,4.975,4.9835,588,HG.v.0
2025-11-18 20:00:00+00:00,34,1,6572,4.9845,4.9855,4.961,4.961,577,HG.v.0
2025-11-18 21:00:00+00:00,34,1,6572,4.963,4.9695,4.9595,4.9695,303,HG.v.0
2025-11-18 23:00:00+00:00,34,1,6572,4.968,4.972,4.96,4.9645,377,HG.v.0
2025-11-19 00:00:00+00:00,34,1,6572,4.9645,4.966,4.953,4.9635,494,HG.v.0
2025-11-19 01:00:00+00:00,34,1,6572,4.962,4.9785,4.962,4.9705,1125,HG.v.0
2025-11-19 02:00:00+00:00,34,1,6572,4.972,4.995,4.9715,4.9825,747,HG.v.0
2025-11-19 03:00:00+00:00,34,1,6572,4.982,4.9845,4.9685,4.9695,584,HG.v.0
2025-11-19 04:00:00+00:00,34,1,6572,4.9695,4.9765,4.9645,4.968,189,HG.v.0
2025-11-19 05:00:00+00:00,34,1,6572,4.969,4.986,4.9675,4.9855,438,HG.v.0
2025-11-19 06:00:00+00:00,34,1,6572,4.9865,4.9945,4.98,4.987,563,HG.v.0
2025-11-19 07:00:00+00:00,34,1,6572,4.9875,4.9965,4.981,4.9885,378,HG.v.0
2025-11-19 08:00:00+00:00,34,1,6572,4.989,4.995,4.9765,4.982,1046,HG.v.0
2025-11-19 09:00:00+00:00,34,1,6572,4.9805,5.0175,4.9735,5.0125,2697,HG.v.0
2025-11-19 10:00:00+00:00,34,1,6572,5.012,5.0355,5.0105,5.03,1459,HG.v.0
2025-11-19 11:00:00+00:00,34,1,6572,5.031,5.0395,5.023,5.026,967,HG.v.0
2025-11-19 12:00:00+00:00,34,1,6572,5.026,5.0385,5.019,5.0285,1271,HG.v.0
2025-11-19 13:00:00+00:00,34,1,6572,5.029,5.0385,5.0175,5.0225,2242,HG.v.0
2025-11-19 14:00:00+00:00,34,1,6572,5.022,5.0245,5.002,5.0225,2325,HG.v.0
2025-11-19 15:00:00+00:00,34,1,6572,5.0235,5.0345,4.996,5.0035,2715,HG.v.0
2025-11-19 16:00:00+00:00,34,1,6572,5.0015,5.007,4.9885,4.9975,1964,HG.v.0
2025-11-19 17:00:00+00:00,34,1,6572,4.995,5.0225,4.9895,5.017,2683,HG.v.0
2025-11-19 18:00:00+00:00,34,1,6572,5.017,5.034,5.017,5.0305,1606,HG.v.0
2025-11-19 19:00:00+00:00,34,1,6572,5.0305,5.0315,5.0085,5.0185,534,HG.v.0
2025-11-19 20:00:00+00:00,34,1,6572,5.02,5.032,5.015,5.0215,464,HG.v.0
2025-11-19 21:00:00+00:00,34,1,6572,5.022,5.035,5.011,5.031,580,HG.v.0
2025-11-19 23:00:00+00:00,34,1,6572,5.0285,5.0535,5.023,5.049,521,HG.v.0
2025-11-20 00:00:00+00:00,34,1,6572,5.05,5.0545,5.041,5.044,688,HG.v.0
2025-11-20 01:00:00+00:00,34,1,6572,5.0445,5.049,5.035,5.0385,1362,HG.v.0
2025-11-20 02:00:00+00:00,34,1,6572,5.039,5.0395,5.0145,5.015,919,HG.v.0
2025-11-20 03:00:00+00:00,34,1,6572,5.0155,5.038,5.0145,5.0225,1110,HG.v.0
2025-11-20 04:00:00+00:00,34,1,6572,5.0235,5.041,5.023,5.036,340,HG.v.0
2025-11-20 05:00:00+00:00,34,1,6572,5.0355,5.0365,5.01,5.0115,567,HG.v.0
2025-11-20 06:00:00+00:00,34,1,6572,5.0115,5.0215,5.01,5.013,729,HG.v.0
2025-11-20 07:00:00+00:00,34,1,6572,5.0125,5.0155,4.998,5.0025,858,HG.v.0
2025-11-20 08:00:00+00:00,34,1,6572,5.0035,5.0065,4.983,5.004,1012,HG.v.0
2025-11-20 09:00:00+00:00,34,1,6572,5.004,5.022,5.004,5.0145,928,HG.v.0
2025-11-20 10:00:00+00:00,34,1,6572,5.0155,5.025,5.013,5.0165,1099,HG.v.0
2025-11-20 11:00:00+00:00,34,1,6572,5.0155,5.0215,5.0105,5.02,435,HG.v.0
2025-11-20 12:00:00+00:00,34,1,6572,5.0205,5.0355,5.0175,5.031,736,HG.v.0
2025-11-20 13:00:00+00:00,34,1,6572,5.0315,5.0435,5.015,5.0345,2335,HG.v.0
2025-11-20 14:00:00+00:00,34,1,6572,5.035,5.0365,5.013,5.026,2080,HG.v.0
2025-11-20 15:00:00+00:00,34,1,6572,5.0275,5.0315,5.006,5.009,2906,HG.v.0
2025-11-20 16:00:00+00:00,34,1,6572,5.009,5.0105,4.9795,4.9815,3195,HG.v.0
2025-11-20 17:00:00+00:00,34,1,6572,4.981,4.9915,4.9655,4.9685,3679,HG.v.0
2025-11-20 18:00:00+00:00,34,1,6572,4.969,4.9785,4.9505,4.9555,2152,HG.v.0
2025-11-20 19:00:00+00:00,34,1,6572,4.954,4.9785,4.9455,4.977,1068,HG.v.0
2025-11-20 20:00:00+00:00,34,1,6572,4.9765,4.9775,4.9495,4.952,678,HG.v.0
2025-11-20 21:00:00+00:00,34,1,6572,4.9525,4.9595,4.9515,4.9535,299,HG.v.0
2025-11-20 23:00:00+00:00,34,1,6572,4.9535,4.962,4.9515,4.9605,334,HG.v.0
2025-11-21 00:00:00+00:00,34,1,6572,4.961,4.9715,4.959,4.968,271,HG.v.0
2025-11-21 01:00:00+00:00,34,1,6572,4.969,4.972,4.9605,4.964,763,HG.v.0
2025-11-21 02:00:00+00:00,34,1,6572,4.9625,4.9745,4.9475,4.9525,680,HG.v.0
2025-11-21 03:00:00+00:00,34,1,6572,4.9525,4.958,4.9465,4.9525,518,HG.v.0
2025-11-21 04:00:00+00:00,34,1,6572,4.951,4.952,4.9265,4.9295,1016,HG.v.0
2025-11-21 05:00:00+00:00,34,1,6572,4.9305,4.961,4.9295,4.958,1118,HG.v.0
2025-11-21 06:00:00+00:00,34,1,6572,4.958,4.9735,4.958,4.963,1589,HG.v.0
2025-11-21 07:00:00+00:00,34,1,6572,4.962,4.9625,4.936,4.9365,1018,HG.v.0
2025-11-21 08:00:00+00:00,34,1,6572,4.936,4.9635,4.9325,4.953,1565,HG.v.0
2025-11-21 09:00:00+00:00,34,1,6572,4.953,4.96,4.928,4.928,1194,HG.v.0
2025-11-21 10:00:00+00:00,34,1,6572,4.929,4.949,4.915,4.9435,1953,HG.v.0
2025-11-21 11:00:00+00:00,34,1,6572,4.9445,4.951,4.927,4.9375,623,HG.v.0
2025-11-21 12:00:00+00:00,34,1,6572,4.9385,4.982,4.9265,4.9705,2947,HG.v.0
2025-11-21 13:00:00+00:00,34,1,6572,4.971,4.985,4.9655,4.9825,1670,HG.v.0
2025-11-21 14:00:00+00:00,34,1,6572,4.982,4.983,4.9525,4.971,2594,HG.v.0
2025-11-21 15:00:00+00:00,34,1,6572,4.9715,4.986,4.9575,4.9765,2089,HG.v.0
2025-11-21 16:00:00+00:00,34,1,6572,4.9765,5.013,4.9645,5.0125,3329,HG.v.0
2025-11-21 17:00:00+00:00,34,1,6572,5.012,5.023,5.001,5.0155,4018,HG.v.0
2025-11-21 18:00:00+00:00,34,1,6572,5.0155,5.022,5.001,5.013,985,HG.v.0
2025-11-21 19:00:00+00:00,34,1,6572,5.014,5.02,5.01,5.011,489,HG.v.0
2025-11-21 20:00:00+00:00,34,1,6572,5.0115,5.014,5.0,5.0035,528,HG.v.0
2025-11-21 21:00:00+00:00,34,1,6572,5.004,5.004,4.995,4.996,350,HG.v.0
2025-11-23 23:00:00+00:00,34,1,6572,5.0105,5.017,5.0035,5.012,365,HG.v.0
2025-11-24 00:00:00+00:00,34,1,6572,5.0125,5.0135,5.005,5.01,257,HG.v.0
2025-11-24 01:00:00+00:00,34,1,6572,5.01,5.0165,4.996,4.999,469,HG.v.0
2025-11-24 02:00:00+00:00,34,1,6572,5.0,5.0165,4.9965,5.005,218,HG.v.0
2025-11-24 03:00:00+00:00,34,1,6572,5.0065,5.0155,5.003,5.0065,196,HG.v.0
2025-11-24 04:00:00+00:00,34,1,6572,5.0055,5.0075,4.995,4.995,189,HG.v.0
2025-11-24 05:00:00+00:00,34,1,6572,4.995,5.013,4.9935,5.0085,250,HG.v.0
2025-11-24 06:00:00+00:00,34,1,6572,5.009,5.02,4.997,5.002,404,HG.v.0
2025-11-24 07:00:00+00:00,34,1,6572,5.0015,5.008,4.9975,5.0035,139,HG.v.0
2025-11-24 08:00:00+00:00,34,1,6572,5.002,5.018,4.994,5.015,452,HG.v.0
2025-11-24 09:00:00+00:00,34,1,6572,5.014,5.015,4.9805,4.9885,830,HG.v.0
2025-11-24 10:00:00+00:00,34,1,6572,4.988,4.9965,4.982,4.984,399,HG.v.0
2025-11-24 11:00:00+00:00,34,1,6572,4.9845,4.9965,4.983,4.9945,263,HG.v.0
2025-11-24 12:00:00+00:00,34,1,6572,4.9935,4.9995,4.9835,4.994,521,HG.v.0
2025-11-24 13:00:00+00:00,34,1,6572,4.994,4.999,4.972,4.972,1935,HG.v.0
2025-11-24 14:00:00+00:00,34,1,6572,4.9715,4.984,4.97,4.982,2544,HG.v.0
2025-11-24 15:00:00+00:00,34,1,6572,4.983,4.9865,4.972,4.9735,1836,HG.v.0
2025-11-24 16:00:00+00:00,34,1,6572,4.9735,4.982,4.9675,4.973,2018,HG.v.0
2025-11-24 17:00:00+00:00,34,1,6572,4.972,4.972,4.9605,4.967,2969,HG.v.0
2025-11-24 18:00:00+00:00,34,1,6572,4.9675,4.9915,4.9645,4.986,1098,HG.v.0
2025-11-24 19:00:00+00:00,34,1,6572,4.988,4.992,4.9825,4.989,294,HG.v.0
2025-11-24 20:00:00+00:00,34,1,6572,4.989,5.0095,4.988,5.008,396,HG.v.0
2025-11-24 21:00:00+00:00,34,1,6572,5.0075,5.0075,5.001,5.002,189,HG.v.0
2025-11-24 23:00:00+00:00,34,1,6572,5.0045,5.0045,4.9965,4.9975,167,HG.v.0
2025-11-25 00:00:00+00:00,34,1,6572,4.997,4.999,4.994,4.9945,185,HG.v.0
2025-11-25 01:00:00+00:00,34,1,6572,4.994,5.023,4.994,5.0195,448,HG.v.0
2025-11-25 02:00:00+00:00,34,1,6572,5.0185,5.0535,5.0175,5.0485,505,HG.v.0
2025-11-25 03:00:00+00:00,34,1,6572,5.048,5.052,5.043,5.048,242,HG.v.0
2025-11-25 04:00:00+00:00,34,1,6572,5.049,5.059,5.049,5.0565,174,HG.v.0
2025-11-25 05:00:00+00:00,34,1,6572,5.058,5.06,5.0485,5.057,149,HG.v.0
2025-11-25 06:00:00+00:00,34,1,6572,5.0595,5.06,5.041,5.043,148,HG.v.0
2025-11-25 07:00:00+00:00,34,1,6572,5.0495,5.053,5.0395,5.044,435,HG.v.0
2025-11-25 08:00:00+00:00,34,1,6572,5.043,5.0465,5.0285,5.0355,260,HG.v.0
2025-11-25 09:00:00+00:00,34,1,6572,5.0355,5.0455,5.0265,5.0285,199,HG.v.0
2025-11-25 10:00:00+00:00,34,1,6572,5.0285,5.042,5.028,5.036,179,HG.v.0
2025-11-25 11:00:00+00:00,34,1,6572,5.0345,5.042,5.032,5.0335,129,HG.v.0
2025-11-25 12:00:00+00:00,34,1,6572,5.035,5.0655,5.0325,5.064,769,HG.v.0
2025-11-25 13:00:00+00:00,34,1,6572,5.0655,5.105,5.0655,5.0855,1384,HG.v.0
2025-11-25 14:00:00+00:00,34,1,6572,5.086,5.087,5.0055,5.026,1740,HG.v.0
2025-11-25 15:00:00+00:00,34,1,6572,5.026,5.0265,5.0025,5.0035,866,HG.v.0
2025-11-25 16:00:00+00:00,34,1,6572,5.003,5.005,4.9965,5.002,486,HG.v.0
2025-11-25 17:00:00+00:00,34,1,6572,5.0025,5.0265,4.999,5.0035,784,HG.v.0
2025-11-25 18:00:00+00:00,34,1,6572,5.004,5.0155,5.004,5.007,118,HG.v.0
2025-11-25 19:00:00+00:00,34,1,6572,5.0085,5.0165,5.0065,5.0155,37,HG.v.0
2025-11-25 20:00:00+00:00,34,1,6572,5.02,5.022,5.014,5.022,39,HG.v.0
2025-11-25 21:00:00+00:00,34,1,6572,5.018,5.024,5.017,5.024,69,HG.v.0
2025-11-25 23:00:00+00:00,34,1,6572,5.0205,5.0225,5.016,5.016,46,HG.v.0
2025-11-26 00:00:00+00:00,34,1,7584,5.1055,5.12,5.1055,5.1195,608,HG.v.0
2025-11-26 01:00:00+00:00,34,1,7584,5.118,5.126,5.1105,5.124,819,HG.v.0
2025-11-26 02:00:00+00:00,34,1,7584,5.1245,5.1265,5.1155,5.116,423,HG.v.0
2025-11-26 03:00:00+00:00,34,1,7584,5.116,5.1285,5.115,5.1275,380,HG.v.0
2025-11-26 04:00:00+00:00,34,1,7584,5.127,5.1335,5.1245,5.1315,150,HG.v.0
2025-11-26 05:00:00+00:00,34,1,7584,5.132,5.1385,5.1275,5.1295,351,HG.v.0
2025-11-26 06:00:00+00:00,34,1,7584,5.1305,5.1315,5.121,5.124,527,HG.v.0
2025-11-26 07:00:00+00:00,34,1,7584,5.1245,5.1485,5.123,5.1455,565,HG.v.0
2025-11-26 08:00:00+00:00,34,1,7584,5.145,5.1545,5.1255,5.1375,1928,HG.v.0
2025-11-26 09:00:00+00:00,34,1,7584,5.1375,5.185,5.1375,5.1845,2602,HG.v.0
2025-11-26 10:00:00+00:00,34,1,7584,5.1845,5.203,5.17,5.1885,3465,HG.v.0
2025-11-26 11:00:00+00:00,34,1,7584,5.188,5.21,5.1835,5.201,2575,HG.v.0
2025-11-26 12:00:00+00:00,34,1,7584,5.201,5.204,5.1735,5.1755,2479,HG.v.0
2025-11-26 13:00:00+00:00,34,1,7584,5.175,5.193,5.166,5.1895,3505,HG.v.0
2025-11-26 14:00:00+00:00,34,1,7584,5.1895,5.1955,5.157,5.1615,3538,HG.v.0
2025-11-26 15:00:00+00:00,34,1,7584,5.1605,5.185,5.153,5.1835,2428,HG.v.0
2025-11-26 16:00:00+00:00,34,1,7584,5.1845,5.1995,5.179,5.19,2799,HG.v.0
2025-11-26 17:00:00+00:00,34,1,7584,5.192,5.1995,5.1845,5.193,2667,HG.v.0
2025-11-26 18:00:00+00:00,34,1,7584,5.1935,5.195,5.187,5.1925,1339,HG.v.0
2025-11-26 19:00:00+00:00,34,1,7584,5.193,5.201,5.193,5.199,406,HG.v.0
2025-11-26 20:00:00+00:00,34,1,7584,5.2,5.2095,5.1985,5.207,733,HG.v.0
2025-11-26 21:00:00+00:00,34,1,7584,5.207,5.208,5.2005,5.2035,412,HG.v.0
2025-11-26 23:00:00+00:00,34,1,7584,5.206,5.2095,5.2005,5.2075,237,HG.v.0
2025-11-27 00:00:00+00:00,34,1,7584,5.2085,5.21,5.202,5.2045,207,HG.v.0
2025-11-27 01:00:00+00:00,34,1,7584,5.204,5.208,5.1835,5.187,732,HG.v.0
2025-11-27 02:00:00+00:00,34,1,7584,5.1895,5.1975,5.184,5.185,441,HG.v.0
2025-11-27 03:00:00+00:00,34,1,7584,5.183,5.1845,5.176,5.1835,265,HG.v.0
2025-11-27 04:00:00+00:00,34,1,7584,5.18,5.1855,5.1775,5.1785,161,HG.v.0
2025-11-27 05:00:00+00:00,34,1,7584,5.177,5.189,5.176,5.1865,163,HG.v.0
2025-11-27 06:00:00+00:00,34,1,7584,5.1855,5.1855,5.176,5.1815,404,HG.v.0
2025-11-27 07:00:00+00:00,34,1,7584,5.1825,5.1845,5.173,5.177,453,HG.v.0
2025-11-27 08:00:00+00:00,34,1,7584,5.1775,5.1805,5.1645,5.174,692,HG.v.0
2025-11-27 09:00:00+00:00,34,1,7584,5.174,5.174,5.161,5.1615,352,HG.v.0
2025-11-27 10:00:00+00:00,34,1,7584,5.1615,5.1685,5.158,5.1655,238,HG.v.0
2025-11-27 11:00:00+00:00,34,1,7584,5.164,5.1655,5.1555,5.1575,385,HG.v.0
2025-11-27 12:00:00+00:00,34,1,7584,5.158,5.163,5.1375,5.142,2234,HG.v.0
2025-11-27 13:00:00+00:00,34,1,7584,5.143,5.158,5.133,5.157,1816,HG.v.0
2025-11-27 14:00:00+00:00,34,1,7584,5.1545,5.164,5.1525,5.1585,647,HG.v.0
2025-11-27 15:00:00+00:00,34,1,7584,5.16,5.1735,5.1595,5.1715,619,HG.v.0
2025-11-27 16:00:00+00:00,34,1,7584,5.1715,5.1725,5.161,5.1665,348,HG.v.0
2025-11-27 17:00:00+00:00,34,1,7584,5.1665,5.168,5.1605,5.162,155,HG.v.0
2025-11-27 18:00:00+00:00,34,1,7584,5.1615,5.165,5.161,5.161,26,HG.v.0
2025-11-27 19:00:00+00:00,34,1,7584,5.161,5.164,5.16,5.1625,24,HG.v.0
2025-11-27 23:00:00+00:00,34,1,7584,5.1615,5.168,5.158,5.1675,179,HG.v.0
2025-11-28 00:00:00+00:00,34,1,7584,5.168,5.1735,5.1665,5.169,167,HG.v.0
2025-11-28 01:00:00+00:00,34,1,7584,5.1685,5.18,5.1655,5.1765,297,HG.v.0
2025-11-28 02:00:00+00:00,34,1,7584,5.178,5.186,5.176,5.184,109,HG.v.0
2025-11-28 13:00:00+00:00,34,1,7584,5.2285,5.2435,5.2,5.2405,986,HG.v.0
2025-11-28 14:00:00+00:00,34,1,7584,5.242,5.3095,5.2405,5.2675,6991,HG.v.0
2025-11-28 15:00:00+00:00,34,1,7584,5.265,5.2975,5.2525,5.286,2526,HG.v.0
2025-11-28 16:00:00+00:00,34,1,7584,5.286,5.2995,5.2745,5.296,2375,HG.v.0
2025-11-28 17:00:00+00:00,34,1,7584,5.296,5.3045,5.268,5.2735,2756,HG.v.0
2025-11-28 18:00:00+00:00,34,1,7584,5.274,5.2815,5.272,5.2765,475,HG.v.0
2025-11-28 19:00:00+00:00,34,1,7584,5.2765,5.28,5.2735,5.278,65,HG.v.0
2025-11-30 23:00:00+00:00,34,1,7584,5.2825,5.3275,5.2825,5.3125,1511,HG.v.0
2025-12-01 00:00:00+00:00,34,1,7584,5.312,5.335,5.311,5.322,1249,HG.v.0
2025-12-01 01:00:00+00:00,34,1,7584,5.321,5.356,5.304,5.3445,3538,HG.v.0
2025-12-01 02:00:00+00:00,34,1,7584,5.3445,5.346,5.305,5.3215,1299,HG.v.0
2025-12-01 03:00:00+00:00,34,1,7584,5.3225,5.332,5.3105,5.3315,703,HG.v.0
2025-12-01 04:00:00+00:00,34,1,7584,5.3325,5.3325,5.3195,5.3255,401,HG.v.0
2025-12-01 05:00:00+00:00,34,1,7584,5.325,5.326,5.292,5.313,1551,HG.v.0
2025-12-01 06:00:00+00:00,34,1,7584,5.3135,5.3215,5.303,5.317,1441,HG.v.0
2025-12-01 07:00:00+00:00,34,1,7584,5.317,5.3175,5.2945,5.3065,847,HG.v.0
2025-12-01 08:00:00+00:00,34,1,7584,5.3065,5.3175,5.292,5.3005,1299,HG.v.0
2025-12-01 09:00:00+00:00,34,1,7584,5.3005,5.3045,5.275,5.2845,1563,HG.v.0
2025-12-01 10:00:00+00:00,34,1,7584,5.2845,5.304,5.2835,5.2935,999,HG.v.0
2025-12-01 11:00:00+00:00,34,1,7584,5.2925,5.2985,5.284,5.298,521,HG.v.0
2025-12-01 12:00:00+00:00,34,1,7584,5.2975,5.3265,5.2895,5.3165,1646,HG.v.0
2025-12-01 13:00:00+00:00,34,1,7584,5.3175,5.3635,5.3165,5.354,6270,HG.v.0
2025-12-01 14:00:00+00:00,34,1,7584,5.354,5.354,5.304,5.322,6285,HG.v.0
2025-12-01 15:00:00+00:00,34,1,7584,5.3235,5.329,5.28,5.299,3896,HG.v.0
2025-12-01 16:00:00+00:00,34,1,7584,5.2995,5.3165,5.295,5.308,2959,HG.v.0
2025-12-01 17:00:00+00:00,34,1,7584,5.309,5.3165,5.299,5.304,2950,HG.v.0
2025-12-01 18:00:00+00:00,34,1,7584,5.3035,5.304,5.2835,5.2905,1401,HG.v.0
2025-12-01 19:00:00+00:00,34,1,7584,5.2905,5.291,5.2715,5.2765,960,HG.v.0
2025-12-01 20:00:00+00:00,34,1,7584,5.277,5.2795,5.2645,5.274,724,HG.v.0
2025-12-01 21:00:00+00:00,34,1,7584,5.2745,5.275,5.265,5.269,457,HG.v.0
2025-12-01 23:00:00+00:00,34,1,7584,5.27,5.2705,5.231,5.255,1239,HG.v.0
2025-12-02 00:00:00+00:00,34,1,7584,5.256,5.263,5.25,5.26,617,HG.v.0
2025-12-02 01:00:00+00:00,34,1,7584,5.2615,5.267,5.2295,5.2515,2021,HG.v.0
2025-12-02 02:00:00+00:00,34,1,7584,5.251,5.255,5.2395,5.2415,787,HG.v.0
2025-12-02 03:00:00+00:00,34,1,7584,5.2415,5.25,5.2265,5.227,687,HG.v.0
2025-12-02 04:00:00+00:00,34,1,7584,5.227,5.234,5.224,5.2245,291,HG.v.0
2025-12-02 05:00:00+00:00,34,1,7584,5.225,5.246,5.2235,5.2445,746,HG.v.0
2025-12-02 06:00:00+00:00,34,1,7584,5.245,5.2645,5.2385,5.259,1397,HG.v.0
2025-12-02 07:00:00+00:00,34,1,7584,5.259,5.2785,5.258,5.275,854,HG.v.0
2025-12-02 08:00:00+00:00,34,1,7584,5.275,5.297,5.274,5.2875,1119,HG.v.0
2025-12-02 09:00:00+00:00,34,1,7584,5.287,5.293,5.259,5.268,1080,HG.v.0
2025-12-02 10:00:00+00:00,34,1,7584,5.268,5.279,5.2655,5.279,583,HG.v.0
2025-12-02 11:00:00+00:00,34,1,7584,5.279,5.282,5.2695,5.2795,629,HG.v.0
2025-12-02 12:00:00+00:00,34,1,7584,5.2805,5.2805,5.268,5.276,617,HG.v.0
2025-12-02 13:00:00+00:00,34,1,7584,5.276,5.286,5.2465,5.2785,4123,HG.v.0
2025-12-02 14:00:00+00:00,34,1,7584,5.2785,5.316,5.2785,5.3095,5753,HG.v.0
2025-12-02 15:00:00+00:00,34,1,7584,5.3085,5.31,5.2465,5.252,5381,HG.v.0
2025-12-02 16:00:00+00:00,34,1,7584,5.251,5.26,5.2385,5.2465,3358,HG.v.0
2025-12-02 17:00:00+00:00,34,1,7584,5.2475,5.2625,5.239,5.24,3485,HG.v.0
2025-12-02 18:00:00+00:00,34,1,7584,5.24,5.253,5.2345,5.242,1822,HG.v.0
2025-12-02 19:00:00+00:00,34,1,7584,5.2415,5.252,5.2415,5.2515,235,HG.v.0
2025-12-02 20:00:00+00:00,34,1,7584,5.252,5.254,5.2475,5.248,418,HG.v.0
2025-12-02 21:00:00+00:00,34,1,7584,5.248,5.2485,5.242,5.243,235,HG.v.0
2025-12-02 23:00:00+00:00,34,1,7584,5.2465,5.2675,5.2415,5.263,558,HG.v.0
2025-12-03 00:00:00+00:00,34,1,7584,5.263,5.269,5.258,5.267,495,HG.v.0
2025-12-03 01:00:00+00:00,34,1,7584,5.2675,5.2765,5.2625,5.263,840,HG.v.0
2025-12-03 02:00:00+00:00,34,1,7584,5.2645,5.2755,5.255,5.2735,756,HG.v.0
2025-12-03 03:00:00+00:00,34,1,7584,5.2725,5.2835,5.2655,5.283,536,HG.v.0
2025-12-03 04:00:00+00:00,34,1,7584,5.2825,5.292,5.2805,5.288,609,HG.v.0
2025-12-03 05:00:00+00:00,34,1,7584,5.2865,5.2905,5.2625,5.2715,716,HG.v.0
2025-12-03 06:00:00+00:00,34,1,7584,5.2705,5.291,5.2695,5.2905,737,HG.v.0
2025-12-03 07:00:00+00:00,34,1,7584,5.291,5.2955,5.2755,5.288,742,HG.v.0
2025-12-03 08:00:00+00:00,34,1,7584,5.2885,5.32,5.2885,5.3055,2077,HG.v.0
2025-12-03 09:00:00+00:00,34,1,7584,5.306,5.3645,5.3055,5.356,5871,HG.v.0
2025-12-03 10:00:00+00:00,34,1,7584,5.3565,5.388,5.3515,5.3545,5072,HG.v.0
2025-12-03 11:00:00+00:00,34,1,7584,5.3555,5.3565,5.3265,5.348,3016,HG.v.0
2025-12-03 12:00:00+00:00,34,1,7584,5.3475,5.353,5.337,5.3465,1578,HG.v.0
2025-12-03 13:00:00+00:00,34,1,7584,5.347,5.4075,5.3455,5.406,7249,HG.v.0
2025-12-03 14:00:00+00:00,34,1,7584,5.4065,5.4105,5.353,5.378,8007,HG.v.0
2025-12-03 15:00:00+00:00,34,1,7584,5.377,5.437,5.372,5.4325,7166,HG.v.0
2025-12-03 16:00:00+00:00,34,1,7584,5.431,5.434,5.384,5.39,5214,HG.v.0
2025-12-03 17:00:00+00:00,34,1,7584,5.3895,5.408,5.384,5.3885,3300,HG.v.0
2025-12-03 18:00:00+00:00,34,1,7584,5.3895,5.393,5.3805,5.387,1237,HG.v.0
2025-12-03 19:00:00+00:00,34,1,7584,5.3875,5.405,5.3875,5.397,686,HG.v.0
2025-12-03 20:00:00+00:00,34,1,7584,5.398,5.401,5.3925,5.3945,439,HG.v.0
2025-12-03 21:00:00+00:00,34,1,7584,5.3945,5.398,5.389,5.3915,307,HG.v.0
2025-12-03 23:00:00+00:00,34,1,7584,5.3935,5.3995,5.385,5.39,374,HG.v.0
2025-12-04 00:00:00+00:00,34,1,7584,5.3895,5.3965,5.3855,5.39,245,HG.v.0
2025-12-04 01:00:00+00:00,34,1,7584,5.3885,5.418,5.385,5.4085,1096,HG.v.0
2025-12-04 02:00:00+00:00,34,1,7584,5.408,5.4245,5.392,5.402,1409,HG.v.0
2025-12-04 03:00:00+00:00,34,1,7584,5.4005,5.423,5.395,5.418,998,HG.v.0
2025-12-04 04:00:00+00:00,34,1,7584,5.4175,5.4195,5.41,5.418,462,HG.v.0
2025-12-04 05:00:00+00:00,34,1,7584,5.418,5.4255,5.383,5.392,973,HG.v.0
2025-12-04 06:00:00+00:00,34,1,7584,5.393,5.407,5.3815,5.4035,1328,HG.v.0
2025-12-04 07:00:00+00:00,34,1,7584,5.402,5.4035,5.385,5.3955,504,HG.v.0
2025-12-04 08:00:00+00:00,34,1,7584,5.3955,5.399,5.336,5.339,3840,HG.v.0
2025-12-04 09:00:00+00:00,34,1,7584,5.34,5.356,5.31,5.3545,3833,HG.v.0
2025-12-04 10:00:00+00:00,34,1,7584,5.354,5.3565,5.343,5.348,701,HG.v.0
2025-12-04 11:00:00+00:00,34,1,7584,5.348,5.3585,5.3475,5.3545,611,HG.v.0
2025-12-04 12:00:00+00:00,34,1,7584,5.354,5.3625,5.3475,5.3555,1327,HG.v.0
2025-12-04 13:00:00+00:00,34,1,7584,5.356,5.368,5.335,5.3645,4654,HG.v.0
2025-12-04 14:00:00+00:00,34,1,7584,5.3645,5.3765,5.343,5.35,4201,HG.v.0
2025-12-04 15:00:00+00:00,34,1,7584,5.3505,5.3825,5.348,5.3795,2830,HG.v.0
2025-12-04 16:00:00+00:00,34,1,7584,5.38,5.382,5.358,5.368,1746,HG.v.0
2025-12-04 17:00:00+00:00,34,1,7584,5.3665,5.3765,5.3505,5.3755,2931,HG.v.0
2025-12-04 18:00:00+00:00,34,1,7584,5.3745,5.3755,5.355,5.356,1013,HG.v.0
2025-12-04 19:00:00+00:00,34,1,7584,5.356,5.36,5.3455,5.3565,558,HG.v.0
2025-12-04 20:00:00+00:00,34,1,7584,5.3565,5.3625,5.3555,5.362,473,HG.v.0
2025-12-04 21:00:00+00:00,34,1,7584,5.362,5.364,5.358,5.362,228,HG.v.0
2025-12-04 23:00:00+00:00,34,1,7584,5.3605,5.363,5.354,5.3545,154,HG.v.0
2025-12-05 00:00:00+00:00,34,1,7584,5.356,5.3635,5.352,5.3545,315,HG.v.0
2025-12-05 01:00:00+00:00,34,1,7584,5.3535,5.3785,5.3455,5.377,994,HG.v.0
2025-12-05 02:00:00+00:00,34,1,7584,5.3785,5.41,5.372,5.4085,1588,HG.v.0
2025-12-05 03:00:00+00:00,34,1,7584,5.4085,5.412,5.399,5.403,998,HG.v.0
2025-12-05 04:00:00+00:00,34,1,7584,5.402,5.4165,5.4,5.4135,572,HG.v.0
2025-12-05 05:00:00+00:00,34,1,7584,5.415,5.4655,5.4135,5.464,2647,HG.v.0
2025-12-05 06:00:00+00:00,34,1,7584,5.4645,5.4855,5.4585,5.474,1962,HG.v.0
2025-12-05 07:00:00+00:00,34,1,7584,5.4735,5.49,5.463,5.472,1200,HG.v.0
2025-12-05 08:00:00+00:00,34,1,7584,5.4725,5.478,5.4585,5.464,1991,HG.v.0
2025-12-05 09:00:00+00:00,34,1,7584,5.463,5.467,5.442,5.453,1742,HG.v.0
2025-12-05 10:00:00+00:00,34,1,7584,5.452,5.4575,5.434,5.4355,963,HG.v.0
2025-12-05 11:00:00+00:00,34,1,7584,5.437,5.445,5.426,5.4375,1364,HG.v.0
2025-12-05 12:00:00+00:00,34,1,7584,5.439,5.4565,5.436,5.456,1209,HG.v.0
2025-12-05 13:00:00+00:00,34,1,7584,5.4565,5.4635,5.407,5.4085,5082,HG.v.0
2025-12-05 14:00:00+00:00,34,1,7584,5.4085,5.458,5.4,5.4525,4473,HG.v.0
2025-12-05 15:00:00+00:00,34,1,7584,5.452,5.478,5.445,5.4575,5068,HG.v.0
2025-12-05 16:00:00+00:00,34,1,7584,5.458,5.4685,5.4265,5.437,5058,HG.v.0
2025-12-05 17:00:00+00:00,34,1,7584,5.436,5.466,5.4285,5.4625,4053,HG.v.0
2025-12-05 18:00:00+00:00,34,1,7584,5.4625,5.4715,5.456,5.46,1929,HG.v.0
2025-12-05 19:00:00+00:00,34,1,7584,5.4605,5.4605,5.4465,5.4515,570,HG.v.0
2025-12-05 20:00:00+00:00,34,1,7584,5.4515,5.46,5.446,5.4545,691,HG.v.0
2025-12-05 21:00:00+00:00,34,1,7584,5.4545,5.456,5.4505,5.454,318,HG.v.0
2025-12-07 23:00:00+00:00,34,1,7584,5.4565,5.459,5.4385,5.4465,474,HG.v.0
2025-12-08 00:00:00+00:00,34,1,7584,5.447,5.4525,5.445,5.4475,250,HG.v.0
2025-12-08 01:00:00+00:00,34,1,7584,5.4485,5.456,5.42,5.427,1255,HG.v.0
2025-12-08 02:00:00+00:00,34,1,7584,5.428,5.4425,5.415,5.4395,774,HG.v.0
2025-12-08 03:00:00+00:00,34,1,7584,5.439,5.451,5.4335,5.438,545,HG.v.0
2025-12-08 04:00:00+00:00,34,1,7584,5.4385,5.4455,5.438,5.442,153,HG.v.0
2025-12-08 05:00:00+00:00,34,1,7584,5.4435,5.495,5.441,5.4795,1417,HG.v.0
2025-12-08 06:00:00+00:00,34,1,7584,5.478,5.485,5.467,5.4685,971,HG.v.0
2025-12-08 07:00:00+00:00,34,1,7584,5.4695,5.476,5.466,5.47,640,HG.v.0
2025-12-08 08:00:00+00:00,34,1,7584,5.471,5.477,5.46,5.473,1145,HG.v.0
2025-12-08 09:00:00+00:00,34,1,7584,5.4725,5.4725,5.4415,5.443,1557,HG.v.0
2025-12-08 10:00:00+00:00,34,1,7584,5.4425,5.452,5.439,5.4485,663,HG.v.0
2025-12-08 11:00:00+00:00,34,1,7584,5.447,5.455,5.4385,5.442,752,HG.v.0
2025-12-08 12:00:00+00:00,34,1,7584,5.442,5.4605,5.4395,5.457,922,HG.v.0
2025-12-08 13:00:00+00:00,34,1,7584,5.4575,5.467,5.434,5.438,2811,HG.v.0
2025-12-08 14:00:00+00:00,34,1,7584,5.438,5.4565,5.4265,5.4435,3345,HG.v.0
2025-12-08 15:00:00+00:00,34,1,7584,5.4435,5.4435,5.395,5.4145,4582,HG.v.0
2025-12-08 16:00:00+00:00,34,1,7584,5.4135,5.4335,5.404,5.425,1666,HG.v.0
2025-12-08 17:00:00+00:00,34,1,7584,5.423,5.4505,5.414,5.444,3008,HG.v.0
2025-12-08 18:00:00+00:00,34,1,7584,5.444,5.4495,5.437,5.441,1019,HG.v.0
2025-12-08 19:00:00+00:00,34,1,7584,5.441,5.4425,5.4325,5.441,379,HG.v.0
2025-12-08 20:00:00+00:00,34,1,7584,5.441,5.441,5.4245,5.428,904,HG.v.0
2025-12-08 21:00:00+00:00,34,1,7584,5.4285,5.4295,5.4205,5.4265,609,HG.v.0
2025-12-08 23:00:00+00:00,34,1,7584,5.43,5.4325,5.425,5.432,261,HG.v.0
2025-12-09 00:00:00+00:00,34,1,7584,5.4325,5.435,5.4305,5.431,212,HG.v.0
2025-12-09 01:00:00+00:00,34,1,7584,5.431,5.4405,5.423,5.4325,840,HG.v.0
2025-12-09 02:00:00+00:00,34,1,7584,5.4325,5.433,5.3915,5.3965,1531,HG.v.0
2025-12-09 03:00:00+00:00,34,1,7584,5.3945,5.4195,5.393,5.416,605,HG.v.0
2025-12-09 04:00:00+00:00,34,1,7584,5.416,5.419,5.4105,5.4125,253,HG.v.0
2025-12-09 05:00:00+00:00,34,1,7584,5.4115,5.4125,5.3655,5.3695,1337,HG.v.0
2025-12-09 06:00:00+00:00,34,1,7584,5.3695,5.3695,5.3345,5.3475,2950,HG.v.0
2025-12-09 07:00:00+00:00,34,1,7584,5.3465,5.35,5.319,5.3475,2823,HG.v.0
2025-12-09 08:00:00+00:00,34,1,7584,5.347,5.366,5.3435,5.3575,1494,HG.v.0
2025-12-09 09:00:00+00:00,34,1,7584,5.359,5.3775,5.348,5.3745,1373,HG.v.0
2025-12-09 10:00:00+00:00,34,1,7584,5.375,5.377,5.363,5.3745,765,HG.v.0
2025-12-09 11:00:00+00:00,34,1,7584,5.374,5.375,5.366,5.3705,419,HG.v.0
2025-12-09 12:00:00+00:00,34,1,7584,5.3705,5.379,5.362,5.366,944,HG.v.0
2025-12-09 13:00:00+00:00,34,1,7584,5.366,5.3795,5.338,5.343,2993,HG.v.0
2025-12-09 14:00:00+00:00,34,1,7584,5.3425,5.345,5.3135,5.338,5009,HG.v.0
2025-12-09 15:00:00+00:00,34,1,7584,5.337,5.357,5.3265,5.3385,3873,HG.v.0
2025-12-09 16:00:00+00:00,34,1,7584,5.3385,5.3465,5.3235,5.3275,2259,HG.v.0
2025-12-09 17:00:00+00:00,34,1,7584,5.3265,5.333,5.316,5.3195,2916,HG.v.0
2025-12-09 18:00:00+00:00,34,1,7584,5.319,5.3255,5.317,5.3215,1047,HG.v.0
2025-12-09 19:00:00+00:00,34,1,7584,5.3215,5.335,5.319,5.3325,712,HG.v.0
2025-12-09 20:00:00+00:00,34,1,7584,5.332,5.338,5.3305,5.3325,618,HG.v.0
2025-12-09 21:00:00+00:00,34,1,7584,5.3315,5.3365,5.3265,5.3295,322,HG.v.0
2025-12-09 23:00:00+00:00,34,1,7584,5.3325,5.3345,5.323,5.3265,319,HG.v.0
2025-12-10 00:00:00+00:00,34,1,7584,5.326,5.3355,5.326,5.3345,233,HG.v.0
2025-12-10 01:00:00+00:00,34,1,7584,5.3335,5.366,5.333,5.3585,2004,HG.v.0
2025-12-10 02:00:00+00:00,34,1,7584,5.358,5.37,5.349,5.3685,773,HG.v.0
2025-12-10 03:00:00+00:00,34,1,7584,5.367,5.368,5.3585,5.36,584,HG.v.0
2025-12-10 04:00:00+00:00,34,1,7584,5.36,5.3705,5.36,5.3635,299,HG.v.0
2025-12-10 05:00:00+00:00,34,1,7584,5.365,5.3955,5.36,5.3705,1685,HG.v.0
2025-12-10 06:00:00+00:00,34,1,7584,5.3695,5.386,5.363,5.366,985,HG.v.0
2025-12-10 07:00:00+00:00,34,1,7584,5.3665,5.371,5.3575,5.3645,656,HG.v.0
2025-12-10 08:00:00+00:00,34,1,7584,5.3645,5.387,5.3645,5.372,976,HG.v.0
2025-12-10 09:00:00+00:00,34,1,7584,5.3715,5.404,5.366,5.3945,1865,HG.v.0
2025-12-10 10:00:00+00:00,34,1,7584,5.397,5.423,5.3915,5.401,1356,HG.v.0
2025-12-10 11:00:00+00:00,34,1,7584,5.4,5.4045,5.386,5.3925,749,HG.v.0
2025-12-10 12:00:00+00:00,34,1,7584,5.391,5.4005,5.391,5.396,1016,HG.v.0
2025-12-10 13:00:00+00:00,34,1,7584,5.396,5.4105,5.3735,5.376,3433,HG.v.0
2025-12-10 14:00:00+00:00,34,1,7584,5.376,5.383,5.34,5.354,4157,HG.v.0
2025-12-10 15:00:00+00:00,34,1,7584,5.3535,5.366,5.346,5.3495,3241,HG.v.0
2025-12-10 16:00:00+00:00,34,1,7584,5.3475,5.358,5.343,5.352,1380,HG.v.0
2025-12-10 17:00:00+00:00,34,1,7584,5.3525,5.3575,5.342,5.352,2240,HG.v.0
2025-12-10 18:00:00+00:00,34,1,7584,5.352,5.3565,5.3435,5.3435,768,HG.v.0
2025-12-10 19:00:00+00:00,34,1,7584,5.345,5.402,5.345,5.401,2366,HG.v.0
2025-12-10 20:00:00+00:00,34,1,7584,5.4005,5.419,5.3945,5.401,1953,HG.v.0
2025-12-10 21:00:00+00:00,34,1,7584,5.401,5.4075,5.396,5.407,425,HG.v.0
2025-12-10 23:00:00+00:00,34,1,7584,5.402,5.411,5.395,5.4035,466,HG.v.0
2025-12-11 00:00:00+00:00,34,1,7584,5.4045,5.4095,5.394,5.3975,696,HG.v.0
2025-12-11 01:00:00+00:00,34,1,7584,5.397,5.4435,5.396,5.439,2223,HG.v.0
2025-12-11 02:00:00+00:00,34,1,7584,5.4405,5.4415,5.391,5.392,1232,HG.v.0
2025-12-11 03:00:00+00:00,34,1,7584,5.394,5.3975,5.369,5.376,1740,HG.v.0
2025-12-11 04:00:00+00:00,34,1,7584,5.377,5.3855,5.3715,5.3765,302,HG.v.0
2025-12-11 05:00:00+00:00,34,1,7584,5.377,5.3795,5.36,5.3735,911,HG.v.0
2025-12-11 06:00:00+00:00,34,1,7584,5.3735,5.3835,5.366,5.379,549,HG.v.0
2025-12-11 07:00:00+00:00,34,1,7584,5.3785,5.383,5.365,5.3775,484,HG.v.0
2025-12-11 08:00:00+00:00,34,1,7584,5.3775,5.3895,5.36,5.3855,1017,HG.v.0
2025-12-11 09:00:00+00:00,34,1,7584,5.3845,5.3845,5.366,5.379,1322,HG.v.0
2025-12-11 10:00:00+00:00,34,1,7584,5.38,5.4,5.38,5.399,962,HG.v.0
2025-12-11 11:00:00+00:00,34,1,7584,5.3985,5.4075,5.397,5.405,841,HG.v.0
2025-12-11 12:00:00+00:00,34,1,7584,5.404,5.425,5.4025,5.4235,1719,HG.v.0
2025-12-11 13:00:00+00:00,34,1,7584,5.4245,5.4295,5.401,5.419,2292,HG.v.0
2025-12-11 14:00:00+00:00,34,1,7584,5.421,5.4625,5.4175,5.441,6523,HG.v.0
2025-12-11 15:00:00+00:00,34,1,7584,5.44,5.4835,5.433,5.477,5196,HG.v.0
2025-12-11 16:00:00+00:00,34,1,7584,5.477,5.514,5.4715,5.5105,5771,HG.v.0
2025-12-11 17:00:00+00:00,34,1,7584,5.51,5.516,5.4895,5.5015,4653,HG.v.0
2025-12-11 18:00:00+00:00,34,1,7584,5.501,5.507,5.491,5.4935,1881,HG.v.0
2025-12-11 19:00:00+00:00,34,1,7584,5.494,5.4975,5.4875,5.49,534,HG.v.0
2025-12-11 20:00:00+00:00,34,1,7584,5.492,5.4945,5.4785,5.4865,741,HG.v.0
2025-12-11 21:00:00+00:00,34,1,7584,5.486,5.49,5.4835,5.488,348,HG.v.0
2025-12-11 23:00:00+00:00,34,1,7584,5.4885,5.4925,5.483,5.4835,311,HG.v.0
2025-12-12 00:00:00+00:00,34,1,7584,5.485,5.492,5.477,5.477,318,HG.v.0
2025-12-12 01:00:00+00:00,34,1,7584,5.479,5.489,5.4535,5.474,1730,HG.v.0
2025-12-12 02:00:00+00:00,34,1,7584,5.475,5.493,5.4695,5.473,678,HG.v.0
2025-12-12 03:00:00+00:00,34,1,7584,5.4725,5.487,5.4685,5.48,520,HG.v.0
2025-12-12 04:00:00+00:00,34,1,7584,5.48,5.48,5.4665,5.469,225,HG.v.0
2025-12-12 05:00:00+00:00,34,1,7584,5.469,5.5105,5.468,5.501,944,HG.v.0
2025-12-12 06:00:00+00:00,34,1,7584,5.503,5.5275,5.5005,5.5035,2081,HG.v.0
2025-12-12 07:00:00+00:00,34,1,7584,5.502,5.5025,5.486,5.4935,1057,HG.v.0
2025-12-12 08:00:00+00:00,34,1,7584,5.493,5.495,5.4775,5.4805,1412,HG.v.0
2025-12-12 09:00:00+00:00,34,1,7584,5.48,5.498,5.4545,5.4805,1906,HG.v.0
2025-12-12 10:00:00+00:00,34,1,7584,5.4765,5.4765,5.462,5.4735,996,HG.v.0
2025-12-12 11:00:00+00:00,34,1,7584,5.4715,5.476,5.452,5.469,1277,HG.v.0
2025-12-12 12:00:00+00:00,34,1,7584,5.468,5.4715,5.4535,5.459,1101,HG.v.0
2025-12-12 13:00:00+00:00,34,1,7584,5.46,5.4955,5.4485,5.4885,3679,HG.v.0
2025-12-12 14:00:00+00:00,34,1,7584,5.4885,5.5305,5.4855,5.5115,4739,HG.v.0
2025-12-12 15:00:00+00:00,34,1,7584,5.5095,5.5095,5.3355,5.343,13107,HG.v.0
2025-12-12 16:00:00+00:00,34,1,7584,5.341,5.359,5.28,5.3415,12947,HG.v.0
2025-12-12 17:00:00+00:00,34,1,7584,5.341,5.3795,5.3375,5.356,5860,HG.v.0
2025-12-12 18:00:00+00:00,34,1,7584,5.3565,5.379,5.3535,5.362,1772,HG.v.0
2025-12-12 19:00:00+00:00,34,1,7584,5.3615,5.3675,5.3535,5.3645,494,HG.v.0
2025-12-12 20:00:00+00:00,34,1,7584,5.364,5.364,5.345,5.3555,542,HG.v.0
2025-12-12 21:00:00+00:00,34,1,7584,5.3565,5.3635,5.356,5.3585,234,HG.v.0
2025-12-14 23:00:00+00:00,34,1,7584,5.349,5.3575,5.344,5.35,503,HG.v.0
2025-12-15 00:00:00+00:00,34,1,7584,5.349,5.353,5.346,5.35,282,HG.v.0
2025-12-15 01:00:00+00:00,34,1,7584,5.3505,5.4035,5.3465,5.393,2272,HG.v.0
2025-12-15 02:00:00+00:00,34,1,7584,5.391,5.409,5.385,5.3915,1014,HG.v.0
2025-12-15 03:00:00+00:00,34,1,7584,5.3925,5.399,5.3815,5.3915,392,HG.v.0
2025-12-15 04:00:00+00:00,34,1,7584,5.391,5.396,5.384,5.394,318,HG.v.0
2025-12-15 05:00:00+00:00,34,1,7584,5.3935,5.409,5.3905,5.403,603,HG.v.0
2025-12-15 06:00:00+00:00,34,1,7584,5.4035,5.4185,5.389,5.4055,1007,HG.v.0
2025-12-15 07:00:00+00:00,34,1,7584,5.406,5.41,5.3825,5.389,987,HG.v.0
2025-12-15 08:00:00+00:00,34,1,7584,5.3865,5.4105,5.386,5.4075,1042,HG.v.0
2025-12-15 09:00:00+00:00,34,1,7584,5.407,5.4315,5.4015,5.413,1709,HG.v.0
2025-12-15 10:00:00+00:00,34,1,7584,5.4135,5.4235,5.411,5.414,505,HG.v.0
2025-12-15 11:00:00+00:00,34,1,7584,5.413,5.43,5.409,5.4265,978,HG.v.0
2025-12-15 12:00:00+00:00,34,1,7584,5.4265,5.52,5.422,5.505,5671,HG.v.0
2025-12-15 13:00:00+00:00,34,1,7584,5.504,5.5085,5.453,5.453,5355,HG.v.0
2025-12-15 14:00:00+00:00,34,1,7584,5.454,5.475,5.425,5.437,4068,HG.v.0
2025-12-15 15:00:00+00:00,34,1,7584,5.4375,5.449,5.419,5.434,3071,HG.v.0
2025-12-15 16:00:00+00:00,34,1,7584,5.4345,5.4345,5.398,5.4125,2826,HG.v.0
2025-12-15 17:00:00+00:00,34,1,7584,5.4115,5.4225,5.4005,5.413,2323,HG.v.0
2025-12-15 18:00:00+00:00,34,1,7584,5.413,5.4205,5.401,5.4185,583,HG.v.0
2025-12-15 19:00:00+00:00,34,1,7584,5.418,5.4235,5.4145,5.4175,425,HG.v.0
2025-12-15 20:00:00+00:00,34,1,7584,5.4165,5.418,5.4045,5.4075,563,HG.v.0
2025-12-15 21:00:00+00:00,34,1,7584,5.408,5.41,5.405,5.407,196,HG.v.0
2025-12-15 23:00:00+00:00,34,1,7584,5.411,5.413,5.403,5.403,209,HG.v.0
2025-12-16 00:00:00+00:00,34,1,7584,5.4035,5.408,5.396,5.3965,323,HG.v.0
2025-12-16 01:00:00+00:00,34,1,7584,5.397,5.4095,5.363,5.3695,1988,HG.v.0
2025-12-16 02:00:00+00:00,34,1,7584,5.368,5.3745,5.3335,5.336,3196,HG.v.0
2025-12-16 03:00:00+00:00,34,1,7584,5.3365,5.344,5.321,5.343,2131,HG.v.0
2025-12-16 04:00:00+00:00,34,1,7584,5.3425,5.349,5.3375,5.3425,516,HG.v.0
2025-12-16 05:00:00+00:00,34,1,7584,5.342,5.347,5.3175,5.337,664,HG.v.0
2025-12-16 06:00:00+00:00,34,1,7584,5.339,5.357,5.335,5.3555,722,HG.v.0
2025-12-16 07:00:00+00:00,34,1,7584,5.3565,5.359,5.3375,5.3465,664,HG.v.0
2025-12-16 08:00:00+00:00,34,1,7584,5.348,5.36,5.3435,5.3575,913,HG.v.0
2025-12-16 09:00:00+00:00,34,1,7584,5.3555,5.358,5.343,5.3475,675,HG.v.0
2025-12-16 10:00:00+00:00,34,1,7584,5.3475,5.375,5.3475,5.361,604,HG.v.0
2025-12-16 11:00:00+00:00,34,1,7584,5.361,5.3675,5.359,5.3665,393,HG.v.0
2025-12-16 12:00:00+00:00,34,1,7584,5.3665,5.3765,5.3635,5.375,1019,HG.v.0
2025-12-16 13:00:00+00:00,34,1,7584,5.3755,5.397,5.353,5.373,4199,HG.v.0
2025-12-16 14:00:00+00:00,34,1,7584,5.373,5.3805,5.355,5.3635,3148,HG.v.0
2025-12-16 15:00:00+00:00,34,1,7584,5.364,5.373,5.3385,5.354,2749,HG.v.0
2025-12-16 16:00:00+00:00,34,1,7584,5.3545,5.358,5.336,5.3535,1650,HG.v.0
2025-12-16 17:00:00+00:00,34,1,7584,5.355,5.372,5.348,5.3605,3239,HG.v.0
2025-12-16 18:00:00+00:00,34,1,7584,5.3605,5.3685,5.3475,5.3605,925,HG.v.0
2025-12-16 19:00:00+00:00,34,1,7584,5.3615,5.3685,5.343,5.365,437,HG.v.0
2025-12-16 20:00:00+00:00,34,1,7584,5.365,5.372,5.3635,5.3645,327,HG.v.0
2025-12-16 21:00:00+00:00,34,1,7584,5.364,5.3655,5.3575,5.3625,234,HG.v.0
2025-12-16 23:00:00+00:00,34,1,7584,5.3615,5.3685,5.361,5.367,179,HG.v.0
2025-12-17 00:00:00+00:00,34,1,7584,5.3665,5.3715,5.3645,5.365,233,HG.v.0
2025-12-17 01:00:00+00:00,34,1,7584,5.365,5.3965,5.3645,5.3915,1537,HG.v.0
2025-12-17 02:00:00+00:00,34,1,7584,5.392,5.3965,5.373,5.383,851,HG.v.0
2025-12-17 03:00:00+00:00,34,1,7584,5.383,5.4205,5.381,5.42,1252,HG.v.0
2025-12-17 04:00:00+00:00,34,1,7584,5.42,5.42,5.406,5.4075,508,HG.v.0
2025-12-17 05:00:00+00:00,34,1,7584,5.4075,5.435,5.402,5.4135,1191,HG.v.0
2025-12-17 06:00:00+00:00,34,1,7584,5.4155,5.4195,5.395,5.4085,815,HG.v.0
2025-12-17 07:00:00+00:00,34,1,7584,5.4085,5.4085,5.387,5.3915,971,HG.v.0
2025-12-17 08:00:00+00:00,34,1,7584,5.3905,5.397,5.3825,5.395,849,HG.v.0
2025-12-17 09:00:00+00:00,34,1,7584,5.394,5.4125,5.3895,5.3995,825,HG.v.0
2025-12-17 10:00:00+00:00,34,1,7584,5.3995,5.4185,5.398,5.4135,986,HG.v.0
2025-12-17 11:00:00+00:00,34,1,7584,5.414,5.4145,5.3995,5.4015,476,HG.v.0
2025-12-17 12:00:00+00:00,34,1,7584,5.402,5.4205,5.399,5.4145,699,HG.v.0
2025-12-17 13:00:00+00:00,34,1,7584,5.415,5.4655,5.4055,5.4615,3550,HG.v.0
2025-12-17 14:00:00+00:00,34,1,7584,5.462,5.464,5.408,5.4305,4027,HG.v.0
2025-12-17 15:00:00+00:00,34,1,7584,5.4305,5.441,5.4045,5.418,2748,HG.v.0
2025-12-17 16:00:00+00:00,34,1,7584,5.4185,5.432,5.403,5.4235,2321,HG.v.0
2025-12-17 17:00:00+00:00,34,1,7584,5.424,5.441,5.414,5.4375,2411,HG.v.0
2025-12-17 18:00:00+00:00,34,1,7584,5.437,5.4445,5.4135,5.4185,1849,HG.v.0
2025-12-17 19:00:00+00:00,34,1,7584,5.419,5.428,5.413,5.423,410,HG.v.0
2025-12-17 20:00:00+00:00,34,1,7584,5.4225,5.43,5.419,5.4215,426,HG.v.0
2025-12-17 21:00:00+00:00,34,1,7584,5.422,5.4295,5.421,5.4265,175,HG.v.0
2025-12-17 23:00:00+00:00,34,1,7584,5.4275,5.4305,5.424,5.424,117,HG.v.0
2025-12-18 00:00:00+00:00,34,1,7584,5.4255,5.428,5.416,5.4185,317,HG.v.0
2025-12-18 01:00:00+00:00,34,1,7584,5.418,5.4185,5.3805,5.398,1701,HG.v.0
2025-12-18 02:00:00+00:00,34,1,7584,5.3985,5.4065,5.389,5.394,542,HG.v.0
2025-12-18 03:00:00+00:00,34,1,7584,5.3925,5.401,5.3835,5.393,409,HG.v.0
2025-12-18 04:00:00+00:00,34,1,7584,5.3915,5.3975,5.3865,5.3945,242,HG.v.0
2025-12-18 05:00:00+00:00,34,1,7584,5.3945,5.4175,5.384,5.392,767,HG.v.0
2025-12-18 06:00:00+00:00,34,1,7584,5.3905,5.4085,5.387,5.407,597,HG.v.0
2025-12-18 07:00:00+00:00,34,1,7584,5.4075,5.423,5.405,5.41,600,HG.v.0
2025-12-18 08:00:00+00:00,34,1,7584,5.41,5.422,5.4045,5.4065,780,HG.v.0
2025-12-18 09:00:00+00:00,34,1,7584,5.4065,5.4245,5.403,5.408,701,HG.v.0
2025-12-18 10:00:00+00:00,34,1,7584,5.4075,5.4245,5.4075,5.412,408,HG.v.0
2025-12-18 11:00:00+00:00,34,1,7584,5.4125,5.418,5.4065,5.4155,372,HG.v.0
2025-12-18 12:00:00+00:00,34,1,7584,5.416,5.4315,5.398,5.4035,1314,HG.v.0
2025-12-18 13:00:00+00:00,34,1,7584,5.404,5.469,5.384,5.429,5288,HG.v.0
2025-12-18 14:00:00+00:00,34,1,7584,5.4265,5.4425,5.385,5.426,3782,HG.v.0
2025-12-18 15:00:00+00:00,34,1,7584,5.428,5.454,5.4235,5.4375,3148,HG.v.0
2025-12-18 16:00:00+00:00,34,1,7584,5.437,5.461,5.4355,5.457,2292,HG.v.0
2025-12-18 17:00:00+00:00,34,1,7584,5.456,5.4585,5.414,5.4375,3555,HG.v.0
2025-12-18 18:00:00+00:00,34,1,7584,5.437,5.4455,5.4275,5.434,695,HG.v.0
2025-12-18 19:00:00+00:00,34,1,7584,5.434,5.4355,5.4195,5.422,420,HG.v.0
2025-12-18 20:00:00+00:00,34,1,7584,5.4205,5.434,5.4205,5.4265,357,HG.v.0
2025-12-18 21:00:00+00:00,34,1,7584,5.426,5.4275,5.421,5.4245,159,HG.v.0
2025-12-18 23:00:00+00:00,34,1,7584,5.4275,5.4285,5.422,5.426,209,HG.v.0
2025-12-19 00:00:00+00:00,34,1,7584,5.426,5.432,5.4225,5.428,190,HG.v.0
2025-12-19 01:00:00+00:00,34,1,7584,5.4285,5.43,5.4055,5.425,954,HG.v.0
2025-12-19 02:00:00+00:00,34,1,7584,5.4255,5.4515,5.424,5.4315,870,HG.v.0
2025-12-19 03:00:00+00:00,34,1,7584,5.4305,5.453,5.4185,5.4485,778,HG.v.0
2025-12-19 04:00:00+00:00,34,1,7584,5.4465,5.47,5.4465,5.4605,713,HG.v.0
2025-12-19 05:00:00+00:00,34,1,7584,5.462,5.5,5.462,5.4885,3031,HG.v.0
2025-12-19 06:00:00+00:00,34,1,7584,5.488,5.5025,5.468,5.4855,1662,HG.v.0
2025-12-19 07:00:00+00:00,34,1,7584,5.485,5.492,5.47,5.473,769,HG.v.0
2025-12-19 08:00:00+00:00,34,1,7584,5.4725,5.4925,5.471,5.4895,1053,HG.v.0
2025-12-19 09:00:00+00:00,34,1,7584,5.489,5.5035,5.4825,5.5015,1589,HG.v.0
2025-12-19 10:00:00+00:00,34,1,7584,5.501,5.5015,5.485,5.4885,804,HG.v.0
2025-12-19 11:00:00+00:00,34,1,7584,5.489,5.505,5.484,5.499,1590,HG.v.0
2025-12-19 12:00:00+00:00,34,1,7584,5.4985,5.5175,5.4915,5.5145,2165,HG.v.0
2025-12-19 13:00:00+00:00,34,1,7584,5.5155,5.5655,5.5125,5.517,9149,HG.v.0
2025-12-19 14:00:00+00:00,34,1,7584,5.517,5.5535,5.507,5.5365,5199,HG.v.0
2025-12-19 15:00:00+00:00,34,1,7584,5.5375,5.544,5.4975,5.503,4243,HG.v.0
2025-12-19 16:00:00+00:00,34,1,7584,5.5025,5.518,5.4925,5.498,1955,HG.v.0
2025-12-19 17:00:00+00:00,34,1,7584,5.497,5.5185,5.497,5.509,2265,HG.v.0
2025-12-19 18:00:00+00:00,34,1,7584,5.509,5.5105,5.501,5.501,761,HG.v.0
2025-12-19 19:00:00+00:00,34,1,7584,5.501,5.5065,5.495,5.5,543,HG.v.0
2025-12-19 20:00:00+00:00,34,1,7584,5.4995,5.4995,5.475,5.4855,804,HG.v.0
2025-12-19 21:00:00+00:00,34,1,7584,5.486,5.489,5.4805,5.4835,327,HG.v.0
2025-12-21 23:00:00+00:00,34,1,7584,5.4875,5.5065,5.48,5.5,669,HG.v.0
2025-12-22 00:00:00+00:00,34,1,7584,5.5,5.5055,5.4935,5.4945,382,HG.v.0
2025-12-22 01:00:00+00:00,34,1,7584,5.495,5.525,5.495,5.5145,1668,HG.v.0
2025-12-22 02:00:00+00:00,34,1,7584,5.5145,5.5365,5.5135,5.527,879,HG.v.0
2025-12-22 03:00:00+00:00,34,1,7584,5.5255,5.544,5.5205,5.538,682,HG.v.0
2025-12-22 04:00:00+00:00,34,1,7584,5.539,5.5405,5.5335,5.537,361,HG.v.0
2025-12-22 05:00:00+00:00,34,1,7584,5.5355,5.5485,5.488,5.494,1612,HG.v.0
2025-12-22 06:00:00+00:00,34,1,7584,5.4925,5.549,5.492,5.543,1909,HG.v.0
2025-12-22 07:00:00+00:00,34,1,7584,5.543,5.5465,5.532,5.54,665,HG.v.0
2025-12-22 08:00:00+00:00,34,1,7584,5.542,5.553,5.5115,5.5165,1626,HG.v.0
2025-12-22 09:00:00+00:00,34,1,7584,5.516,5.5225,5.5025,5.505,1533,HG.v.0
2025-12-22 10:00:00+00:00,34,1,7584,5.505,5.522,5.504,5.5205,677,HG.v.0
2025-12-22 11:00:00+00:00,34,1,7584,5.521,5.529,5.5135,5.515,726,HG.v.0
2025-12-22 12:00:00+00:00,34,1,7584,5.5155,5.5185,5.504,5.5095,1449,HG.v.0
2025-12-22 13:00:00+00:00,34,1,7584,5.5095,5.5235,5.4935,5.5035,2510,HG.v.0
2025-12-22 14:00:00+00:00,34,1,7584,5.5045,5.5155,5.4885,5.502,1944,HG.v.0
2025-12-22 15:00:00+00:00,34,1,7584,5.5025,5.506,5.4805,5.501,2271,HG.v.0
2025-12-22 16:00:00+00:00,34,1,7584,5.5005,5.514,5.4995,5.505,1218,HG.v.0
2025-12-22 17:00:00+00:00,34,1,7584,5.5055,5.513,5.4975,5.509,2368,HG.v.0
2025-12-22 18:00:00+00:00,34,1,7584,5.509,5.5105,5.496,5.5005,649,HG.v.0
2025-12-22 19:00:00+00:00,34,1,7584,5.5005,5.5005,5.492,5.4975,292,HG.v.0
2025-12-22 20:00:00+00:00,34,1,7584,5.497,5.5035,5.4965,5.5015,329,HG.v.0
2025-12-22 21:00:00+00:00,34,1,7584,5.5005,5.5035,5.497,5.5035,213,HG.v.0
2025-12-22 23:00:00+00:00,34,1,7584,5.501,5.5155,5.4995,5.5135,357,HG.v.0
2025-12-23 00:00:00+00:00,34,1,7584,5.514,5.5185,5.506,5.5135,342,HG.v.0
2025-12-23 01:00:00+00:00,34,1,7584,5.5135,5.5235,5.484,5.495,1852,HG.v.0
2025-12-23 02:00:00+00:00,34,1,7584,5.493,5.5095,5.4865,5.508,836,HG.v.0
2025-12-23 03:00:00+00:00,34,1,7584,5.508,5.5145,5.501,5.503,550,HG.v.0
2025-12-23 04:00:00+00:00,34,1,7584,5.5035,5.51,5.501,5.5055,302,HG.v.0
2025-12-23 05:00:00+00:00,34,1,7584,5.5065,5.508,5.4885,5.4895,566,HG.v.0
2025-12-23 06:00:00+00:00,34,1,7584,5.4875,5.5125,5.487,5.5095,639,HG.v.0
2025-12-23 07:00:00+00:00,34,1,7584,5.511,5.5255,5.5105,5.521,852,HG.v.0
2025-12-23 08:00:00+00:00,34,1,7584,5.52,5.5455,5.513,5.542,1312,HG.v.0
2025-12-23 09:00:00+00:00,34,1,7584,5.5415,5.5565,5.5335,5.544,1719,HG.v.0
2025-12-23 10:00:00+00:00,34,1,7584,5.544,5.576,5.5415,5.568,1462,HG.v.0
2025-12-23 11:00:00+00:00,34,1,7584,5.566,5.577,5.5655,5.575,1789,HG.v.0
2025-12-23 12:00:00+00:00,34,1,7584,5.574,5.576,5.5595,5.571,2160,HG.v.0
2025-12-23 13:00:00+00:00,34,1,7584,5.571,5.621,5.571,5.598,6930,HG.v.0
2025-12-23 14:00:00+00:00,34,1,7584,5.5975,5.6,5.528,5.544,7432,HG.v.0
2025-12-23 15:00:00+00:00,34,1,7584,5.541,5.5615,5.5165,5.56,4043,HG.v.0
2025-12-23 16:00:00+00:00,34,1,7584,5.56,5.577,5.548,5.5595,2611,HG.v.0
2025-12-23 17:00:00+00:00,34,1,7584,5.5605,5.5705,5.548,5.5515,3600,HG.v.0
2025-12-23 18:00:00+00:00,34,1,7584,5.5515,5.5605,5.5415,5.56,1931,HG.v.0
2025-12-23 19:00:00+00:00,34,1,7584,5.5595,5.577,5.5595,5.5715,548,HG.v.0
2025-12-23 20:00:00+00:00,34,1,7584,5.5715,5.576,5.5655,5.569,681,HG.v.0
2025-12-23 21:00:00+00:00,34,1,7584,5.569,5.5695,5.5575,5.56,353,HG.v.0
2025-12-23 23:00:00+00:00,34,1,7584,5.563,5.5885,5.5605,5.588,518,HG.v.0
2025-12-24 00:00:00+00:00,34,1,7584,5.5875,5.6145,5.586,5.601,1207,HG.v.0
2025-12-24 01:00:00+00:00,34,1,7584,5.6005,5.6065,5.5795,5.5885,1797,HG.v.0
2025-12-24 02:00:00+00:00,34,1,7584,5.5895,5.593,5.561,5.561,1550,HG.v.0
2025-12-24 03:00:00+00:00,34,1,7584,5.561,5.587,5.552,5.5795,922,HG.v.0
2025-12-24 04:00:00+00:00,34,1,7584,5.5795,5.5875,5.5795,5.583,192,HG.v.0
2025-12-24 05:00:00+00:00,34,1,7584,5.5835,5.603,5.5815,5.5855,871,HG.v.0
2025-12-24 06:00:00+00:00,34,1,7584,5.5855,5.6645,5.5825,5.6385,3160,HG.v.0
2025-12-24 07:00:00+00:00,34,1,7584,5.6405,5.649,5.63,5.634,1290,HG.v.0
2025-12-24 08:00:00+00:00,34,1,7584,5.634,5.638,5.62,5.622,1095,HG.v.0
2025-12-24 09:00:00+00:00,34,1,7584,5.622,5.6325,5.618,5.629,565,HG.v.0
2025-12-24 10:00:00+00:00,34,1,7584,5.6285,5.6375,5.621,5.6365,413,HG.v.0
2025-12-24 11:00:00+00:00,34,1,7584,5.636,5.6385,5.6315,5.635,449,HG.v.0
2025-12-24 12:00:00+00:00,34,1,7584,5.636,5.6475,5.625,5.631,1093,HG.v.0
2025-12-24 13:00:00+00:00,34,1,7584,5.6305,5.634,5.577,5.6015,4124,HG.v.0
2025-12-24 14:00:00+00:00,34,1,7584,5.5995,5.6165,5.554,5.562,2783,HG.v.0
2025-12-24 15:00:00+00:00,34,1,7584,5.5605,5.5715,5.531,5.558,3602,HG.v.0
2025-12-24 16:00:00+00:00,34,1,7584,5.556,5.5905,5.5525,5.5725,2194,HG.v.0
2025-12-24 17:00:00+00:00,34,1,7584,5.5715,5.5835,5.569,5.5765,783,HG.v.0
2025-12-24 18:00:00+00:00,34,1,7584,5.577,5.5775,5.5645,5.573,277,HG.v.0
2025-12-25 23:00:00+00:00,34,1,7584,5.68,5.7025,5.6695,5.689,3128,HG.v.0
2025-12-26 00:00:00+00:00,34,1,7584,5.6895,5.716,5.6895,5.713,1414,HG.v.0
2025-12-26 01:00:00+00:00,34,1,7584,5.7135,5.743,5.6935,5.7075,4526,HG.v.0
2025-12-26 02:00:00+00:00,34,1,7584,5.706,5.7435,5.696,5.7405,1484,HG.v.0
2025-12-26 03:00:00+00:00,34,1,7584,5.74,5.7565,5.7175,5.7365,1576,HG.v.0
2025-12-26 04:00:00+00:00,34,1,7584,5.735,5.75,5.7235,5.7325,474,HG.v.0
2025-12-26 05:00:00+00:00,34,1,7584,5.732,5.7775,5.721,5.775,1466,HG.v.0
2025-12-26 06:00:00+00:00,34,1,7584,5.7745,5.7855,5.7245,5.7415,2805,HG.v.0
2025-12-26 07:00:00+00:00,34,1,7584,5.744,5.7795,5.7425,5.76,1104,HG.v.0
2025-12-26 08:00:00+00:00,34,1,7584,5.76,5.8075,5.7595,5.7885,1631,HG.v.0
2025-12-26 09:00:00+00:00,34,1,7584,5.7875,5.7995,5.7465,5.7685,1657,HG.v.0
2025-12-26 10:00:00+00:00,34,1,7584,5.7685,5.7895,5.752,5.7545,1097,HG.v.0
2025-12-26 11:00:00+00:00,34,1,7584,5.755,5.7605,5.719,5.734,1630,HG.v.0
2025-12-26 12:00:00+00:00,34,1,7584,5.7365,5.742,5.7155,5.7285,893,HG.v.0
2025-12-26 13:00:00+00:00,34,1,7584,5.7275,5.759,5.7185,5.7545,3008,HG.v.0
2025-12-26 14:00:00+00:00,34,1,7584,5.753,5.839,5.751,5.832,5968,HG.v.0
2025-12-26 15:00:00+00:00,34,1,7584,5.832,5.865,5.7985,5.861,4705,HG.v.0
2025-12-26 16:00:00+00:00,34,1,7584,5.8615,5.888,5.811,5.856,6571,HG.v.0
2025-12-26 17:00:00+00:00,34,1,7584,5.854,5.867,5.809,5.845,3383,HG.v.0
2025-12-26 18:00:00+00:00,34,1,7584,5.8445,5.8655,5.828,5.8305,2048,HG.v.0
2025-12-26 19:00:00+00:00,34,1,7584,5.8305,5.8385,5.811,5.8195,1370,HG.v.0
2025-12-26 20:00:00+00:00,34,1,7584,5.8205,5.845,5.8195,5.8365,873,HG.v.0
2025-12-26 21:00:00+00:00,34,1,7584,5.838,5.859,5.836,5.8515,640,HG.v.0
2025-12-28 23:00:00+00:00,34,1,7584,5.8595,5.92,5.826,5.852,2686,HG.v.0
2025-12-29 00:00:00+00:00,34,1,7584,5.8515,5.866,5.778,5.791,4178,HG.v.0
2025-12-29 01:00:00+00:00,34,1,7584,5.7905,5.902,5.7645,5.864,8507,HG.v.0
2025-12-29 02:00:00+00:00,34,1,7584,5.863,5.913,5.8605,5.892,2121,HG.v.0
2025-12-29 03:00:00+00:00,34,1,7584,5.893,5.9235,5.893,5.903,2037,HG.v.0
2025-12-29 04:00:00+00:00,34,1,7584,5.902,5.9025,5.886,5.895,910,HG.v.0
2025-12-29 05:00:00+00:00,34,1,7584,5.8945,5.909,5.839,5.848,1602,HG.v.0
2025-12-29 06:00:00+00:00,34,1,7584,5.85,5.8605,5.744,5.7695,6575,HG.v.0
2025-12-29 07:00:00+00:00,34,1,7584,5.7705,5.792,5.7365,5.749,3262,HG.v.0
2025-12-29 08:00:00+00:00,34,1,7584,5.7475,5.7665,5.6845,5.703,4109,HG.v.0
2025-12-29 09:00:00+00:00,34,1,7584,5.706,5.7155,5.685,5.705,2195,HG.v.0
2025-12-29 10:00:00+00:00,34,1,7584,5.704,5.719,5.6955,5.7005,1193,HG.v.0
2025-12-29 11:00:00+00:00,34,1,7584,5.701,5.702,5.575,5.585,7362,HG.v.0
2025-12-29 12:00:00+00:00,34,1,7584,5.584,5.632,5.56,5.622,8755,HG.v.0
2025-12-29 13:00:00+00:00,34,1,7584,5.6225,5.6945,5.614,5.647,11367,HG.v.0
2025-12-29 14:00:00+00:00,34,1,7584,5.647,5.649,5.572,5.584,7438,HG.v.0
2025-12-29 15:00:00+00:00,34,1,7584,5.584,5.5955,5.5575,5.593,6186,HG.v.0
2025-12-29 16:00:00+00:00,34,1,7584,5.5925,5.6075,5.574,5.5915,4265,HG.v.0
2025-12-29 17:00:00+00:00,34,1,7584,5.592,5.593,5.5615,5.567,3355,HG.v.0
2025-12-29 18:00:00+00:00,34,1,7584,5.567,5.575,5.562,5.565,1621,HG.v.0
2025-12-29 19:00:00+00:00,34,1,7584,5.565,5.58,5.5605,5.574,494,HG.v.0
2025-12-29 20:00:00+00:00,34,1,7584,5.5765,5.586,5.5725,5.5765,626,HG.v.0
2025-12-29 21:00:00+00:00,34,1,7584,5.5765,5.5775,5.564,5.5705,586,HG.v.0
2025-12-29 23:00:00+00:00,34,1,7584,5.5745,5.585,5.535,5.577,970,HG.v.0
2025-12-30 00:00:00+00:00,34,1,7584,5.5765,5.5895,5.57,5.5765,485,HG.v.0
2025-12-30 01:00:00+00:00,34,1,7584,5.5765,5.669,5.574,5.6655,3318,HG.v.0
2025-12-30 02:00:00+00:00,34,1,7584,5.6655,5.688,5.6345,5.684,2551,HG.v.0
2025-12-30 03:00:00+00:00,34,1,7584,5.6825,5.7095,5.675,5.7015,2397,HG.v.0
2025-12-30 04:00:00+00:00,34,1,7584,5.7015,5.71,5.7,5.7035,391,HG.v.0
2025-12-30 05:00:00+00:00,34,1,7584,5.7025,5.742,5.6935,5.7385,1989,HG.v.0
2025-12-30 06:00:00+00:00,34,1,7584,5.7385,5.7445,5.671,5.706,3766,HG.v.0
2025-12-30 07:00:00+00:00,34,1,7584,5.7045,5.7115,5.682,5.682,1363,HG.v.0
2025-12-30 08:00:00+00:00,34,1,7584,5.6835,5.6925,5.664,5.672,1502,HG.v.0
2025-12-30 09:00:00+00:00,34,1,7584,5.6725,5.6865,5.658,5.661,1290,HG.v.0
2025-12-30 10:00:00+00:00,34,1,7584,5.6605,5.688,5.66,5.688,913,HG.v.0
2025-12-30 11:00:00+00:00,34,1,7584,5.688,5.7035,5.6875,5.6995,831,HG.v.0
2025-12-30 12:00:00+00:00,34,1,7584,5.699,5.724,5.699,5.7215,2050,HG.v.0
2025-12-30 13:00:00+00:00,34,1,7584,5.7215,5.7575,5.706,5.734,5641,HG.v.0
2025-12-30 14:00:00+00:00,34,1,7584,5.734,5.7415,5.694,5.7115,3597,HG.v.0
2025-12-30 15:00:00+00:00,34,1,7584,5.7125,5.7375,5.701,5.7325,2287,HG.v.0
2025-12-30 16:00:00+00:00,34,1,7584,5.732,5.7655,5.7205,5.7605,2463,HG.v.0
2025-12-30 17:00:00+00:00,34,1,7584,5.761,5.786,5.76,5.7805,3513,HG.v.0
2025-12-30 18:00:00+00:00,34,1,7584,5.7815,5.7955,5.773,5.79,1348,HG.v.0
2025-12-30 19:00:00+00:00,34,1,7584,5.7875,5.791,5.734,5.745,959,HG.v.0
2025-12-30 20:00:00+00:00,34,1,7584,5.744,5.7555,5.7315,5.747,1123,HG.v.0
2025-12-30 21:00:00+00:00,34,1,7584,5.747,5.7595,5.744,5.7465,480,HG.v.0
2025-12-30 23:00:00+00:00,34,1,7584,5.7535,5.7575,5.7065,5.7235,811,HG.v.0
2025-12-31 00:00:00+00:00,34,1,7584,5.725,5.731,5.6945,5.7145,762,HG.v.0
2025-12-31 01:00:00+00:00,34,1,7584,5.715,5.754,5.6955,5.7325,2027,HG.v.0
2025-12-31 02:00:00+00:00,34,1,7584,5.732,5.7785,5.7055,5.715,2270,HG.v.0
2025-12-31 03:00:00+00:00,34,1,7584,5.716,5.7645,5.702,5.706,1384,HG.v.0
2025-12-31 04:00:00+00:00,34,1,7584,5.706,5.7195,5.6835,5.6885,850,HG.v.0
2025-12-31 05:00:00+00:00,34,1,7584,5.688,5.6955,5.659,5.678,2175,HG.v.0
2025-12-31 06:00:00+00:00,34,1,7584,5.679,5.711,5.6715,5.7105,1943,HG.v.0
2025-12-31 07:00:00+00:00,34,1,7584,5.7105,5.715,5.6845,5.7,682,HG.v.0
2025-12-31 08:00:00+00:00,34,1,7584,5.7005,5.7025,5.6375,5.6415,1311,HG.v.0
2025-12-31 09:00:00+00:00,34,1,7584,5.642,5.666,5.642,5.664,921,HG.v.0
2025-12-31 10:00:00+00:00,34,1,7584,5.662,5.669,5.657,5.6635,490,HG.v.0
2025-12-31 11:00:00+00:00,34,1,7584,5.6645,5.688,5.6595,5.686,741,HG.v.0
2025-12-31 12:00:00+00:00,34,1,7584,5.6875,5.691,5.6715,5.6825,855,HG.v.0
2025-12-31 13:00:00+00:00,34,1,7584,5.683,5.703,5.6675,5.6975,1931,HG.v.0
2025-12-31 14:00:00+00:00,34,1,7584,5.697,5.6985,5.6525,5.671,2406,HG.v.0
2025-12-31 15:00:00+00:00,34,1,7584,5.671,5.6795,5.648,5.679,1646,HG.v.0
2025-12-31 16:00:00+00:00,34,1,7584,5.678,5.6925,5.673,5.6865,1152,HG.v.0
2025-12-31 17:00:00+00:00,34,1,7584,5.686,5.6935,5.6715,5.684,1642,HG.v.0
2025-12-31 18:00:00+00:00,34,1,7584,5.684,5.7,5.684,5.698,1118,HG.v.0
2025-12-31 19:00:00+00:00,34,1,7584,5.698,5.7045,5.6905,5.693,397,HG.v.0
2025-12-31 20:00:00+00:00,34,1,7584,5.694,5.709,5.689,5.6945,689,HG.v.0
2025-12-31 21:00:00+00:00,34,1,7584,5.695,5.7,5.691,5.694,187,HG.v.0
2026-01-01 23:00:00+00:00,34,1,7584,5.697,5.759,5.6955,5.7575,974,HG.v.0
2026-01-02 00:00:00+00:00,34,1,7584,5.757,5.7575,5.745,5.757,294,HG.v.0
2026-01-02 01:00:00+00:00,34,1,7584,5.756,5.756,5.7125,5.737,1354,HG.v.0
2026-01-02 02:00:00+00:00,34,1,7584,5.7385,5.7545,5.73,5.7415,562,HG.v.0
2026-01-02 03:00:00+00:00,34,1,7584,5.741,5.749,5.725,5.7435,675,HG.v.0
2026-01-02 04:00:00+00:00,34,1,7584,5.745,5.748,5.7385,5.7415,228,HG.v.0
2026-01-02 05:00:00+00:00,34,1,7584,5.7415,5.7505,5.733,5.741,728,HG.v.0
2026-01-02 06:00:00+00:00,34,1,7584,5.741,5.749,5.732,5.7415,536,HG.v.0
2026-01-02 07:00:00+00:00,34,1,7584,5.741,5.746,5.72,5.722,769,HG.v.0
2026-01-02 08:00:00+00:00,34,1,7584,5.7215,5.747,5.7155,5.7365,1273,HG.v.0
2026-01-02 09:00:00+00:00,34,1,7584,5.736,5.738,5.719,5.731,722,HG.v.0
2026-01-02 10:00:00+00:00,34,1,7584,5.732,5.735,5.721,5.7325,476,HG.v.0
2026-01-02 11:00:00+00:00,34,1,7584,5.732,5.7375,5.719,5.726,574,HG.v.0
2026-01-02 12:00:00+00:00,34,1,7584,5.725,5.731,5.7095,5.725,893,HG.v.0
2026-01-02 13:00:00+00:00,34,1,7584,5.725,5.734,5.7035,5.712,1956,HG.v.0
2026-01-02 14:00:00+00:00,34,1,7584,5.7125,5.7275,5.692,5.7085,2774,HG.v.0
2026-01-02 15:00:00+00:00,34,1,7584,5.71,5.7255,5.67,5.6985,3111,HG.v.0
2026-01-02 16:00:00+00:00,34,1,7584,5.6995,5.707,5.6895,5.705,2351,HG.v.0
2026-01-02 17:00:00+00:00,34,1,7584,5.705,5.722,5.687,5.6905,3078,HG.v.0
2026-01-02 18:00:00+00:00,34,1,7584,5.6895,5.6915,5.668,5.677,1152,HG.v.0
2026-01-02 19:00:00+00:00,34,1,7584,5.678,5.697,5.675,5.6915,390,HG.v.0
2026-01-02 20:00:00+00:00,34,1,7584,5.6915,5.703,5.689,5.699,497,HG.v.0
2026-01-02 21:00:00+00:00,34,1,7584,5.6995,5.707,5.6945,5.698,338,HG.v.0
2026-01-04 23:00:00+00:00,34,1,7584,5.7095,5.7305,5.6995,5.722,861,HG.v.0
2026-01-05 00:00:00+00:00,34,1,7584,5.721,5.743,5.72,5.7365,1098,HG.v.0
2026-01-05 01:00:00+00:00,34,1,7584,5.737,5.8655,5.73,5.848,7526,HG.v.0
2026-01-05 02:00:00+00:00,34,1,7584,5.849,5.8875,5.827,5.857,2164,HG.v.0
2026-01-05 03:00:00+00:00,34,1,7584,5.857,5.875,5.8475,5.8495,966,HG.v.0
2026-01-05 04:00:00+00:00,34,1,7584,5.8495,5.867,5.8485,5.863,706,HG.v.0
2026-01-05 05:00:00+00:00,34,1,7584,5.8625,5.871,5.8415,5.8675,1125,HG.v.0
2026-01-05 06:00:00+00:00,34,1,7584,5.868,5.91,5.8605,5.9025,1655,HG.v.0
2026-01-05 07:00:00+00:00,34,1,7584,5.9015,5.9045,5.8625,5.8635,1024,HG.v.0
2026-01-05 08:00:00+00:00,34,1,7584,5.8635,5.8705,5.843,5.8575,1337,HG.v.0
2026-01-05 09:00:00+00:00,34,1,7584,5.857,5.877,5.8565,5.8695,906,HG.v.0
2026-01-05 10:00:00+00:00,34,1,7584,5.8695,5.8775,5.858,5.8645,736,HG.v.0
2026-01-05 11:00:00+00:00,34,1,7584,5.864,5.868,5.849,5.8645,890,HG.v.0
2026-01-05 12:00:00+00:00,34,1,7584,5.8645,5.872,5.8465,5.8505,1495,HG.v.0
2026-01-05 13:00:00+00:00,34,1,7584,5.85,5.9565,5.843,5.9395,6652,HG.v.0
2026-01-05 14:00:00+00:00,34,1,7584,5.941,5.9545,5.9075,5.937,4625,HG.v.0
2026-01-05 15:00:00+00:00,34,1,7584,5.9375,5.9505,5.9225,5.9455,3725,HG.v.0
2026-01-05 16:00:00+00:00,34,1,7584,5.944,5.947,5.9155,5.941,2092,HG.v.0
2026-01-05 17:00:00+00:00,34,1,7584,5.9415,5.98,5.9375,5.9755,4366,HG.v.0
2026-01-05 18:00:00+00:00,34,1,7584,5.9755,5.9865,5.9725,5.9795,1691,HG.v.0
2026-01-05 19:00:00+00:00,34,1,7584,5.98,6.007,5.977,6.002,1538,HG.v.0
2026-01-05 20:00:00+00:00,34,1,7584,6.0015,6.0065,5.9745,5.9875,1269,HG.v.0
2026-01-05 21:00:00+00:00,34,1,7584,5.9885,5.994,5.9815,5.9905,436,HG.v.0
2026-01-05 23:00:00+00:00,34,1,7584,5.989,6.0,5.9595,5.967,813,HG.v.0
2026-01-06 00:00:00+00:00,34,1,7584,5.9675,5.9765,5.9645,5.966,376,HG.v.0
2026-01-06 01:00:00+00:00,34,1,7584,5.966,6.049,5.9595,6.0265,5533,HG.v.0
2026-01-06 02:00:00+00:00,34,1,7584,6.0265,6.0485,5.98,6.026,2371,HG.v.0
2026-01-06 03:00:00+00:00,34,1,7584,6.0275,6.073,6.023,6.0715,1580,HG.v.0
2026-01-06 04:00:00+00:00,34,1,7584,6.072,6.079,6.06,6.067,1036,HG.v.0
2026-01-06 05:00:00+00:00,34,1,7584,6.067,6.093,6.021,6.0325,2905,HG.v.0
2026-01-06 06:00:00+00:00,34,1,7584,6.035,6.1125,6.0315,6.099,3064,HG.v.0
2026-01-06 07:00:00+00:00,34,1,7584,6.103,6.1035,6.075,6.0815,1749,HG.v.0
2026-01-06 08:00:00+00:00,34,1,7584,6.08,6.0895,6.051,6.052,3286,HG.v.0
2026-01-06 09:00:00+00:00,34,1,7584,6.052,6.052,5.9455,5.96,5691,HG.v.0
2026-01-06 10:00:00+00:00,34,1,7584,5.9605,5.9835,5.9515,5.9815,2580,HG.v.0
2026-01-06 11:00:00+00:00,34,1,7584,5.9835,6.011,5.9825,6.0095,2286,HG.v.0
2026-01-06 12:00:00+00:00,34,1,7584,6.0105,6.0315,6.0,6.029,3072,HG.v.0
2026-01-06 13:00:00+00:00,34,1,7584,6.0275,6.07,5.989,6.042,10447,HG.v.0
2026-01-06 14:00:00+00:00,34,1,7584,6.0425,6.0795,6.0285,6.0685,4588,HG.v.0
2026-01-06 15:00:00+00:00,34,1,7584,6.0685,6.0855,6.0335,6.0625,4330,HG.v.0
2026-01-06 16:00:00+00:00,34,1,7584,6.062,6.0765,6.0445,6.0465,4030,HG.v.0
2026-01-06 17:00:00+00:00,34,1,7584,6.0475,6.066,6.0345,6.06,3597,HG.v.0
2026-01-06 18:00:00+00:00,34,1,7584,6.0605,6.0625,6.0375,6.056,1900,HG.v.0
2026-01-06 19:00:00+00:00,34,1,7584,6.056,6.056,6.041,6.045,541,HG.v.0
2026-01-06 20:00:00+00:00,34,1,7584,6.0445,6.07,6.0435,6.067,712,HG.v.0
2026-01-06 21:00:00+00:00,34,1,7584,6.068,6.069,6.0595,6.0615,530,HG.v.0
2026-01-06 23:00:00+00:00,34,1,7584,6.062,6.0695,6.058,6.0605,568,HG.v.0
2026-01-07 00:00:00+00:00,34,1,7584,6.061,6.0655,6.059,6.0615,293,HG.v.0
2026-01-07 01:00:00+00:00,34,1,7584,6.061,6.0695,5.9615,5.9815,6035,HG.v.0
2026-01-07 02:00:00+00:00,34,1,7584,5.981,6.038,5.964,6.0225,2288,HG.v.0
2026-01-07 03:00:00+00:00,34,1,7584,6.0235,6.031,6.0,6.0135,1130,HG.v.0
2026-01-07 04:00:00+00:00,34,1,7584,6.011,6.011,5.996,6.0005,600,HG.v.0
2026-01-07 05:00:00+00:00,34,1,7584,6.001,6.007,5.925,5.971,3185,HG.v.0
2026-01-07 06:00:00+00:00,34,1,7584,5.9705,6.0065,5.9575,5.978,2376,HG.v.0
2026-01-07 07:00:00+00:00,34,1,7584,5.9775,6.0045,5.972,5.993,1240,HG.v.0
2026-01-07 08:00:00+00:00,34,1,7584,5.994,5.9985,5.965,5.969,2169,HG.v.0
2026-01-07 09:00:00+00:00,34,1,7584,5.969,6.0095,5.9575,6.0025,1708,HG.v.0
2026-01-07 10:00:00+00:00,34,1,7584,6.0025,6.01,5.9895,5.9975,921,HG.v.0
2026-01-07 11:00:00+00:00,34,1,7584,5.998,6.01,5.9755,5.977,784,HG.v.0
2026-01-07 12:00:00+00:00,34,1,7584,5.9775,5.987,5.961,5.9615,1534,HG.v.0
2026-01-07 13:00:00+00:00,34,1,7584,5.96,5.9845,5.9275,5.9685,5488,HG.v.0
2026-01-07 14:00:00+00:00,34,1,7584,5.968,5.973,5.8635,5.8815,10368,HG.v.0
2026-01-07 15:00:00+00:00,34,1,7584,5.875,5.9065,5.861,5.864,6630,HG.v.0
2026-01-07 16:00:00+00:00,34,1,7584,5.8635,5.8975,5.852,5.8875,4357,HG.v.0
2026-01-07 17:00:00+00:00,34,1,7584,5.8875,5.894,5.8565,5.859,4550,HG.v.0
2026-01-07 18:00:00+00:00,34,1,7584,5.8595,5.8675,5.8535,5.8635,2041,HG.v.0
2026-01-07 19:00:00+00:00,34,1,7584,5.863,5.866,5.845,5.8545,1101,HG.v.0
2026-01-07 20:00:00+00:00,34,1,7584,5.8545,5.8565,5.843,5.8445,969,HG.v.0
2026-01-07 21:00:00+00:00,34,1,7584,5.8455,5.854,5.841,5.8525,672,HG.v.0
2026-01-07 23:00:00+00:00,34,1,7584,5.8545,5.873,5.851,5.873,557,HG.v.0
2026-01-08 00:00:00+00:00,34,1,7584,5.873,5.875,5.851,5.857,731,HG.v.0
2026-01-08 01:00:00+00:00,34,1,7584,5.8565,5.9285,5.851,5.926,4405,HG.v.0
2026-01-08 02:00:00+00:00,34,1,7584,5.925,5.9265,5.868,5.8865,1978,HG.v.0
2026-01-08 03:00:00+00:00,34,1,7584,5.8875,5.889,5.8535,5.8735,1663,HG.v.0
2026-01-08 04:00:00+00:00,34,1,7584,5.873,5.873,5.863,5.869,303,HG.v.0
2026-01-08 05:00:00+00:00,34,1,7584,5.8685,5.8685,5.7965,5.8265,4348,HG.v.0
2026-01-08 06:00:00+00:00,34,1,7584,5.8265,5.8555,5.773,5.8435,4505,HG.v.0
2026-01-08 07:00:00+00:00,34,1,7584,5.844,5.8565,5.8305,5.8325,1205,HG.v.0
2026-01-08 08:00:00+00:00,34,1,7584,5.832,5.843,5.812,5.825,1532,HG.v.0
2026-01-08 09:00:00+00:00,34,1,7584,5.824,5.842,5.824,5.8415,734,HG.v.0
2026-01-08 10:00:00+00:00,34,1,7584,5.8415,5.86,5.8365,5.8575,1014,HG.v.0
2026-01-08 11:00:00+00:00,34,1,7584,5.8575,5.86,5.8435,5.8515,934,HG.v.0
2026-01-08 12:00:00+00:00,34,1,7584,5.85,5.8805,5.836,5.878,1923,HG.v.0
2026-01-08 13:00:00+00:00,34,1,7584,5.8775,5.8865,5.801,5.8085,5328,HG.v.0
2026-01-08 14:00:00+00:00,34,1,7584,5.8065,5.8065,5.6955,5.7325,13410,HG.v.0
2026-01-08 15:00:00+00:00,34,1,7584,5.731,5.8065,5.721,5.7975,6120,HG.v.0
2026-01-08 16:00:00+00:00,34,1,7584,5.7975,5.8135,5.783,5.7885,2830,HG.v.0
2026-01-08 17:00:00+00:00,34,1,7584,5.788,5.7995,5.7825,5.797,3689,HG.v.0
2026-01-08 18:00:00+00:00,34,1,7584,5.796,5.7995,5.7815,5.7865,1118,HG.v.0
2026-01-08 19:00:00+00:00,34,1,7584,5.788,5.8005,5.7805,5.79,469,HG.v.0
2026-01-08 20:00:00+00:00,34,1,7584,5.79,5.8085,5.789,5.8065,801,HG.v.0
2026-01-08 21:00:00+00:00,34,1,7584,5.8075,5.81,5.803,5.806,366,HG.v.0
2026-01-08 23:00:00+00:00,34,1,7584,5.8075,5.8125,5.8005,5.8035,387,HG.v.0
2026-01-09 00:00:00+00:00,34,1,7584,5.8035,5.8045,5.782,5.785,332,HG.v.0
2026-01-09 01:00:00+00:00,34,1,7584,5.785,5.797,5.7385,5.7955,2468,HG.v.0
2026-01-09 02:00:00+00:00,34,1,7584,5.795,5.857,5.794,5.8525,2957,HG.v.0
2026-01-09 03:00:00+00:00,34,1,7584,5.8525,5.8545,5.81,5.8245,1238,HG.v.0
2026-01-09 04:00:00+00:00,34,1,7584,5.825,5.83,5.8195,5.826,247,HG.v.0
2026-01-09 05:00:00+00:00,34,1,7584,5.825,5.866,5.818,5.8545,1380,HG.v.0
2026-01-09 06:00:00+00:00,34,1,7584,5.8545,5.8815,5.839,5.864,2441,HG.v.0
2026-01-09 07:00:00+00:00,34,1,7584,5.8635,5.866,5.8435,5.855,854,HG.v.0
2026-01-09 08:00:00+00:00,34,1,7584,5.8545,5.8625,5.835,5.848,1212,HG.v.0
2026-01-09 09:00:00+00:00,34,1,7584,5.849,5.8875,5.848,5.8825,1316,HG.v.0
2026-01-09 10:00:00+00:00,34,1,7584,5.8825,5.9055,5.8755,5.8895,1344,HG.v.0
2026-01-09 11:00:00+00:00,34,1,7584,5.8895,5.9075,5.887,5.9065,978,HG.v.0
2026-01-09 12:00:00+00:00,34,1,7584,5.905,5.925,5.8895,5.8985,2630,HG.v.0
2026-01-09 13:00:00+00:00,34,1,7584,5.897,5.939,5.876,5.891,6020,HG.v.0
2026-01-09 14:00:00+00:00,34,1,7584,5.89,5.9205,5.8775,5.91,3783,HG.v.0
2026-01-09 15:00:00+00:00,34,1,7584,5.909,5.9355,5.884,5.92,3249,HG.v.0
2026-01-09 16:00:00+00:00,34,1,7584,5.921,5.931,5.8985,5.922,2619,HG.v.0
2026-01-09 17:00:00+00:00,34,1,7584,5.922,5.9285,5.8965,5.9015,2371,HG.v.0
2026-01-09 18:00:00+00:00,34,1,7584,5.9015,5.9085,5.8935,5.904,1249,HG.v.0
2026-01-09 19:00:00+00:00,34,1,7584,5.904,5.904,5.89,5.891,322,HG.v.0
2026-01-09 20:00:00+00:00,34,1,7584,5.89,5.896,5.8815,5.8865,591,HG.v.0
2026-01-09 21:00:00+00:00,34,1,7584,5.885,5.893,5.8825,5.8905,360,HG.v.0
2026-01-11 23:00:00+00:00,34,1,7584,5.8985,5.948,5.897,5.938,1257,HG.v.0
2026-01-12 00:00:00+00:00,34,1,7584,5.9385,6.013,5.934,5.984,2752,HG.v.0
2026-01-12 01:00:00+00:00,34,1,7584,5.983,6.026,5.959,5.9775,3869,HG.v.0
2026-01-12 02:00:00+00:00,34,1,7584,5.9755,5.986,5.9535,5.9685,1417,HG.v.0
2026-01-12 03:00:00+00:00,34,1,7584,5.9695,6.0095,5.958,6.0065,1394,HG.v.0
2026-01-12 04:00:00+00:00,34,1,7584,6.0075,6.0075,5.9915,5.9935,376,HG.v.0
2026-01-12 05:00:00+00:00,34,1,7584,5.993,6.001,5.973,5.991,907,HG.v.0
2026-01-12 06:00:00+00:00,34,1,7584,5.991,6.017,5.9785,6.0125,1790,HG.v.0
2026-01-12 07:00:00+00:00,34,1,7584,6.0125,6.0235,5.9995,6.0225,1527,HG.v.0
2026-01-12 08:00:00+00:00,34,1,7584,6.023,6.025,5.9895,6.023,1515,HG.v.0
2026-01-12 09:00:00+00:00,34,1,7584,6.0225,6.045,6.021,6.035,1704,HG.v.0
2026-01-12 10:00:00+00:00,34,1,7584,6.036,6.038,6.0135,6.016,795,HG.v.0
2026-01-12 11:00:00+00:00,34,1,7584,6.0165,6.0285,6.01,6.026,522,HG.v.0
2026-01-12 12:00:00+00:00,34,1,7584,6.025,6.0555,6.0245,6.0535,1347,HG.v.0
2026-01-12 13:00:00+00:00,34,1,7584,6.054,6.069,6.042,6.055,3681,HG.v.0
2026-01-12 14:00:00+00:00,34,1,7584,6.054,6.0575,5.929,5.965,14666,HG.v.0
2026-01-12 15:00:00+00:00,34,1,7584,5.9655,6.017,5.9635,6.0065,4114,HG.v.0
2026-01-12 16:00:00+00:00,34,1,7584,6.0065,6.038,6.0065,6.0265,3079,HG.v.0
2026-01-12 17:00:00+00:00,34,1,7584,6.026,6.035,6.0135,6.03,3739,HG.v.0
2026-01-12 18:00:00+00:00,34,1,7584,6.0295,6.036,6.001,6.0165,1778,HG.v.0
2026-01-12 19:00:00+00:00,34,1,7584,6.0165,6.026,6.013,6.019,497,HG.v.0
2026-01-12 20:00:00+00:00,34,1,7584,6.0195,6.0195,5.9985,6.0015,590,HG.v.0
2026-01-12 21:00:00+00:00,34,1,7584,6.002,6.0085,6.0,6.007,265,HG.v.0
2026-01-12 23:00:00+00:00,34,1,7584,6.0085,6.0145,5.9815,5.993,1076,HG.v.0
2026-01-13 00:00:00+00:00,34,1,7584,5.9935,5.9935,5.9725,5.976,725,HG.v.0
2026-01-13 01:00:00+00:00,34,1,7584,5.977,5.991,5.9475,5.9555,2832,HG.v.0
2026-01-13 02:00:00+00:00,34,1,7584,5.955,6.025,5.952,6.0185,1927,HG.v.0
2026-01-13 03:00:00+00:00,34,1,7584,6.0185,6.0415,6.014,6.019,1226,HG.v.0
2026-01-13 04:00:00+00:00,34,1,7584,6.018,6.0255,6.0155,6.025,269,HG.v.0
2026-01-13 05:00:00+00:00,34,1,7584,6.0255,6.0295,5.9915,6.0065,2991,HG.v.0
2026-01-13 06:00:00+00:00,34,1,7584,6.004,6.0055,5.9645,5.9755,2383,HG.v.0
2026-01-13 07:00:00+00:00,34,1,7584,5.975,6.0065,5.975,6.0,970,HG.v.0
2026-01-13 08:00:00+00:00,34,1,7584,6.0,6.0505,5.998,6.049,2536,HG.v.0
2026-01-13 09:00:00+00:00,34,1,7584,6.049,6.0715,6.0395,6.0535,1968,HG.v.0
2026-01-13 10:00:00+00:00,34,1,7584,6.055,6.055,6.031,6.0355,753,HG.v.0
2026-01-13 11:00:00+00:00,34,1,7584,6.0355,6.06,6.021,6.0595,1619,HG.v.0
2026-01-13 12:00:00+00:00,34,1,7584,6.058,6.066,6.0375,6.0405,1955,HG.v.0
2026-01-13 13:00:00+00:00,34,1,7584,6.039,6.0665,6.025,6.0555,5613,HG.v.0
2026-01-13 14:00:00+00:00,34,1,7584,6.0565,6.0935,6.026,6.038,6891,HG.v.0
2026-01-13 15:00:00+00:00,34,1,7584,6.037,6.038,5.983,6.034,4521,HG.v.0
2026-01-13 16:00:00+00:00,34,1,7584,6.0335,6.0355,6.001,6.026,1971,HG.v.0
2026-01-13 17:00:00+00:00,34,1,7584,6.0255,6.033,6.0075,6.017,2051,HG.v.0
2026-01-13 18:00:00+00:00,34,1,7584,6.0165,6.021,6.001,6.0125,1011,HG.v.0
2026-01-13 19:00:00+00:00,34,1,7584,6.014,6.02,6.004,6.0105,478,HG.v.0
2026-01-13 20:00:00+00:00,34,1,7584,6.0095,6.013,5.9895,6.002,541,HG.v.0
2026-01-13 21:00:00+00:00,34,1,7584,6.0005,6.0075,5.999,6.004,228,HG.v.0
2026-01-13 23:00:00+00:00,34,1,7584,6.005,6.016,6.004,6.0145,319,HG.v.0
2026-01-14 00:00:00+00:00,34,1,7584,6.014,6.0255,6.014,6.0215,428,HG.v.0
2026-01-14 01:00:00+00:00,34,1,7584,6.022,6.0725,6.0155,6.07,2500,HG.v.0
2026-01-14 02:00:00+00:00,34,1,7584,6.069,6.097,6.0635,6.082,2378,HG.v.0
2026-01-14 03:00:00+00:00,34,1,7584,6.0815,6.154,6.079,6.1485,4323,HG.v.0
2026-01-14 04:00:00+00:00,34,1,7584,6.1485,6.154,6.126,6.1305,1052,HG.v.0
2026-01-14 05:00:00+00:00,34,1,7584,6.1305,6.1305,6.043,6.052,3888,HG.v.0
2026-01-14 06:00:00+00:00,34,1,7584,6.049,6.098,6.0425,6.072,2530,HG.v.0
2026-01-14 07:00:00+00:00,34,1,7584,6.0725,6.081,6.0555,6.059,1110,HG.v.0
2026-01-14 08:00:00+00:00,34,1,7584,6.059,6.063,6.026,6.0455,1776,HG.v.0
2026-01-14 09:00:00+00:00,34,1,7584,6.0455,6.0525,6.0315,6.042,1323,HG.v.0
2026-01-14 10:00:00+00:00,34,1,7584,6.0415,6.0525,6.023,6.0365,1891,HG.v.0
2026-01-14 11:00:00+00:00,34,1,7584,6.035,6.052,6.0305,6.051,812,HG.v.0
2026-01-14 12:00:00+00:00,34,1,7584,6.051,6.081,6.0505,6.079,1785,HG.v.0
2026-01-14 13:00:00+00:00,34,1,7584,6.0795,6.088,6.009,6.0495,6507,HG.v.0
2026-01-14 14:00:00+00:00,34,1,7584,6.0495,6.0815,6.0335,6.0575,5341,HG.v.0
2026-01-14 15:00:00+00:00,34,1,7584,6.0565,6.0765,6.025,6.0515,4397,HG.v.0
2026-01-14 16:00:00+00:00,34,1,7584,6.0525,6.0665,6.014,6.026,2834,HG.v.0
2026-01-14 17:00:00+00:00,34,1,7584,6.0265,6.061,6.0235,6.054,3538,HG.v.0
2026-01-14 18:00:00+00:00,34,1,7584,6.054,6.088,6.045,6.087,1981,HG.v.0
2026-01-14 19:00:00+00:00,34,1,7584,6.0865,6.0965,6.0785,6.086,710,HG.v.0
2026-01-14 20:00:00+00:00,34,1,7584,6.086,6.1005,6.081,6.099,881,HG.v.0
2026-01-14 21:00:00+00:00,34,1,7584,6.098,6.098,6.089,6.095,325,HG.v.0
2026-01-14 23:00:00+00:00,34,1,7584,6.099,6.1095,6.0325,6.055,1323,HG.v.0
2026-01-15 00:00:00+00:00,34,1,7584,6.0565,6.0675,6.0545,6.0555,358,HG.v.0
2026-01-15 01:00:00+00:00,34,1,7584,6.0565,6.06,5.9745,6.0,3985,HG.v.0
2026-01-15 02:00:00+00:00,34,1,7584,5.998,6.029,5.987,5.9935,1680,HG.v.0
2026-01-15 03:00:00+00:00,34,1,7584,5.995,5.999,5.925,5.945,2716,HG.v.0
2026-01-15 04:00:00+00:00,34,1,7584,5.9475,5.9635,5.9425,5.9515,632,HG.v.0
2026-01-15 05:00:00+00:00,34,1,7584,5.95,5.967,5.908,5.9395,2167,HG.v.0
2026-01-15 06:00:00+00:00,34,1,7584,5.9375,6.0005,5.932,5.9945,2079,HG.v.0
2026-01-15 07:00:00+00:00,34,1,7584,5.995,6.0075,5.9715,5.98,1310,HG.v.0
2026-01-15 08:00:00+00:00,34,1,7584,5.982,5.985,5.9385,5.957,1995,HG.v.0
2026-01-15 09:00:00+00:00,34,1,7584,5.957,5.9855,5.9545,5.98,1211,HG.v.0
2026-01-15 10:00:00+00:00,34,1,7584,5.9805,6.005,5.977,6.002,1451,HG.v.0
2026-01-15 11:00:00+00:00,34,1,7584,6.0015,6.011,5.9895,6.009,1422,HG.v.0
2026-01-15 12:00:00+00:00,34,1,7584,6.0095,6.021,6.0,6.01,1515,HG.v.0
2026-01-15 13:00:00+00:00,34,1,7584,6.01,6.013,5.9085,5.929,9174,HG.v.0
2026-01-15 14:00:00+00:00,34,1,7584,5.9285,5.9615,5.9195,5.95,5809,HG.v.0
2026-01-15 15:00:00+00:00,34,1,7584,5.948,5.976,5.946,5.975,3114,HG.v.0
2026-01-15 16:00:00+00:00,34,1,7584,5.9755,5.9985,5.964,5.982,3760,HG.v.0
2026-01-15 17:00:00+00:00,34,1,7584,5.981,6.0015,5.9785,5.991,3318,HG.v.0
2026-01-15 18:00:00+00:00,34,1,7584,5.991,6.008,5.9895,6.0025,1795,HG.v.0
2026-01-15 19:00:00+00:00,34,1,7584,6.002,6.006,5.987,5.989,607,HG.v.0
2026-01-15 20:00:00+00:00,34,1,7584,5.989,5.99,5.965,5.9825,1032,HG.v.0
2026-01-15 21:00:00+00:00,34,1,7584,5.982,5.993,5.982,5.9915,271,HG.v.0
2026-01-15 23:00:00+00:00,34,1,7584,5.993,6.0005,5.9725,5.9875,512,HG.v.0
2026-01-16 00:00:00+00:00,34,1,7584,5.987,6.0,5.981,5.9865,643,HG.v.0
2026-01-16 01:00:00+00:00,34,1,7584,5.9855,6.0245,5.968,5.9745,3750,HG.v.0
2026-01-16 02:00:00+00:00,34,1,7584,5.9735,5.9795,5.91,5.9125,2872,HG.v.0
2026-01-16 03:00:00+00:00,34,1,7584,5.9115,5.9285,5.9,5.9165,1657,HG.v.0
2026-01-16 04:00:00+00:00,34,1,7584,5.9145,5.919,5.909,5.9175,744,HG.v.0
2026-01-16 05:00:00+00:00,34,1,7584,5.917,5.932,5.9,5.916,1321,HG.v.0
2026-01-16 06:00:00+00:00,34,1,7584,5.914,5.914,5.831,5.866,4002,HG.v.0
2026-01-16 07:00:00+00:00,34,1,7584,5.8665,5.8875,5.8605,5.877,1249,HG.v.0
2026-01-16 08:00:00+00:00,34,1,7584,5.876,5.898,5.8755,5.8875,1070,HG.v.0
2026-01-16 09:00:00+00:00,34,1,7584,5.8865,5.8955,5.8685,5.895,1249,HG.v.0
2026-01-16 10:00:00+00:00,34,1,7584,5.8935,5.9105,5.887,5.9085,904,HG.v.0
2026-01-16 11:00:00+00:00,34,1,7584,5.9085,5.9195,5.9015,5.914,1042,HG.v.0
2026-01-16 12:00:00+00:00,34,1,7584,5.9145,5.918,5.8625,5.868,2380,HG.v.0
2026-01-16 13:00:00+00:00,34,1,7584,5.8675,5.8675,5.79,5.8285,11325,HG.v.0
2026-01-16 14:00:00+00:00,34,1,7584,5.8285,5.845,5.8085,5.8145,5596,HG.v.0
2026-01-16 15:00:00+00:00,34,1,7584,5.814,5.8515,5.7715,5.7985,9141,HG.v.0
2026-01-16 16:00:00+00:00,34,1,7584,5.798,5.829,5.7965,5.818,4301,HG.v.0
2026-01-16 17:00:00+00:00,34,1,7584,5.818,5.836,5.809,5.8315,3467,HG.v.0
2026-01-16 18:00:00+00:00,34,1,7584,5.8315,5.842,5.8255,5.832,1488,HG.v.0
2026-01-16 19:00:00+00:00,34,1,7584,5.83,5.8375,5.824,5.8355,638,HG.v.0
2026-01-16 20:00:00+00:00,34,1,7584,5.8345,5.845,5.8305,5.8445,660,HG.v.0
2026-01-16 21:00:00+00:00,34,1,7584,5.845,5.8525,5.8415,5.8485,391,HG.v.0
2026-01-18 23:00:00+00:00,34,1,7584,5.86,5.913,5.86,5.8995,2184,HG.v.0
2026-01-19 00:00:00+00:00,34,1,7584,5.901,5.9345,5.882,5.9115,1702,HG.v.0
2026-01-19 01:00:00+00:00,34,1,7584,5.912,5.9245,5.873,5.8925,3274,HG.v.0
2026-01-19 02:00:00+00:00,34,1,7584,5.89,5.913,5.8815,5.8985,1038,HG.v.0
2026-01-19 03:00:00+00:00,34,1,7584,5.9,5.917,5.894,5.904,625,HG.v.0
2026-01-19 04:00:00+00:00,34,1,7584,5.9025,5.906,5.8975,5.9015,414,HG.v.0
2026-01-19 05:00:00+00:00,34,1,7584,5.902,5.925,5.896,5.906,761,HG.v.0
2026-01-19 06:00:00+00:00,34,1,7584,5.904,5.908,5.8815,5.8905,957,HG.v.0
2026-01-19 07:00:00+00:00,34,1,7584,5.891,5.892,5.833,5.837,2234,HG.v.0
2026-01-19 08:00:00+00:00,34,1,7584,5.8375,5.886,5.8375,5.8785,1434,HG.v.0
2026-01-19 09:00:00+00:00,34,1,7584,5.878,5.8815,5.848,5.8605,1193,HG.v.0
2026-01-19 10:00:00+00:00,34,1,7584,5.86,5.8715,5.8385,5.843,1853,HG.v.0
2026-01-19 11:00:00+00:00,34,1,7584,5.843,5.866,5.8375,5.861,1617,HG.v.0
2026-01-19 12:00:00+00:00,34,1,7584,5.8615,5.874,5.8445,5.865,1534,HG.v.0
2026-01-19 13:00:00+00:00,34,1,7584,5.864,5.889,5.85,5.869,2977,HG.v.0
2026-01-19 14:00:00+00:00,34,1,7584,5.8695,5.9105,5.8645,5.9085,1835,HG.v.0
2026-01-19 15:00:00+00:00,34,1,7584,5.9095,5.937,5.895,5.8995,2725,HG.v.0
2026-01-19 16:00:00+00:00,34,1,7584,5.8995,5.904,5.891,5.9035,1082,HG.v.0
2026-01-19 17:00:00+00:00,34,1,7584,5.902,5.9105,5.8975,5.9065,896,HG.v.0
2026-01-19 18:00:00+00:00,34,1,7584,5.9065,5.9095,5.9035,5.905,257,HG.v.0
2026-01-19 19:00:00+00:00,34,1,7584,5.9065,5.907,5.903,5.9055,59,HG.v.0
2026-01-19 23:00:00+00:00,34,1,7584,5.906,5.9135,5.8935,5.897,368,HG.v.0
2026-01-20 00:00:00+00:00,34,1,7584,5.897,5.8985,5.8785,5.88,519,HG.v.0
2026-01-20 01:00:00+00:00,34,1,7584,5.881,5.9045,5.855,5.859,1970,HG.v.0
2026-01-20 02:00:00+00:00,34,1,7584,5.86,5.867,5.8455,5.8605,1885,HG.v.0
2026-01-20 03:00:00+00:00,34,1,7584,5.859,5.8795,5.848,5.872,630,HG.v.0
2026-01-20 04:00:00+00:00,34,1,7584,5.872,5.8815,5.8685,5.879,471,HG.v.0
2026-01-20 05:00:00+00:00,34,1,7584,5.8795,5.8975,5.8715,5.888,1307,HG.v.0
2026-01-20 06:00:00+00:00,34,1,7584,5.886,5.891,5.857,5.873,1195,HG.v.0
2026-01-20 07:00:00+00:00,34,1,7584,5.874,5.8995,5.8705,5.898,761,HG.v.0
2026-01-20 08:00:00+00:00,34,1,7584,5.896,5.896,5.852,5.852,1898,HG.v.0
2026-01-20 09:00:00+00:00,34,1,7584,5.8535,5.8555,5.8265,5.8375,2537,HG.v.0
2026-01-20 10:00:00+00:00,34,1,7584,5.838,5.86,5.8115,5.856,2881,HG.v.0
2026-01-20 11:00:00+00:00,34,1,7584,5.858,5.882,5.8525,5.879,1520,HG.v.0
2026-01-20 12:00:00+00:00,34,1,7584,5.8795,5.884,5.8665,5.867,1843,HG.v.0
2026-01-20 13:00:00+00:00,34,1,7584,5.8675,5.87,5.809,5.8095,5603,HG.v.0
2026-01-20 14:00:00+00:00,34,1,7584,5.809,5.83,5.77,5.795,9353,HG.v.0
2026-01-20 15:00:00+00:00,34,1,7584,5.7945,5.7985,5.744,5.777,6591,HG.v.0
2026-01-20 16:00:00+00:00,34,1,7584,5.7765,5.8105,5.7765,5.793,3833,HG.v.0
2026-01-20 17:00:00+00:00,34,1,7584,5.7915,5.82,5.7715,5.812,4663,HG.v.0
2026-01-20 18:00:00+00:00,34,1,7584,5.8115,5.812,5.7935,5.805,1649,HG.v.0
2026-01-20 19:00:00+00:00,34,1,7584,5.806,5.811,5.7985,5.806,1063,HG.v.0
2026-01-20 20:00:00+00:00,34,1,7584,5.806,5.828,5.8,5.8185,1151,HG.v.0
2026-01-20 21:00:00+00:00,34,1,7584,5.8175,5.835,5.8155,5.83,681,HG.v.0
2026-01-20 23:00:00+00:00,34,1,7584,5.8335,5.8335,5.8185,5.8285,375,HG.v.0
2026-01-21 00:00:00+00:00,34,1,7584,5.8295,5.837,5.8225,5.8255,888,HG.v.0
2026-01-21 01:00:00+00:00,34,1,7584,5.8235,5.8345,5.7845,5.829,3103,HG.v.0
2026-01-21 02:00:00+00:00,34,1,7584,5.832,5.848,5.826,5.833,1080,HG.v.0
2026-01-21 03:00:00+00:00,34,1,7584,5.8335,5.8495,5.833,5.8365,710,HG.v.0
2026-01-21 04:00:00+00:00,34,1,7584,5.836,5.8455,5.8295,5.841,299,HG.v.0
2026-01-21 05:00:00+00:00,34,1,7584,5.8415,5.866,5.8415,5.8615,968,HG.v.0
2026-01-21 06:00:00+00:00,34,1,7584,5.864,5.896,5.8585,5.8725,2479,HG.v.0
2026-01-21 07:00:00+00:00,34,1,7584,5.871,5.8765,5.8555,5.858,1102,HG.v.0
2026-01-21 08:00:00+00:00,34,1,7584,5.8575,5.862,5.833,5.8385,1552,HG.v.0
2026-01-21 09:00:00+00:00,34,1,7584,5.8395,5.874,5.838,5.862,1745,HG.v.0
2026-01-21 10:00:00+00:00,34,1,7584,5.862,5.875,5.861,5.8655,629,HG.v.0
2026-01-21 11:00:00+00:00,34,1,7584,5.8655,5.8795,5.8555,5.8605,981,HG.v.0
2026-01-21 12:00:00+00:00,34,1,7584,5.86,5.865,5.8385,5.843,1782,HG.v.0
2026-01-21 13:00:00+00:00,34,1,7584,5.8425,5.868,5.838,5.854,3575,HG.v.0
2026-01-21 14:00:00+00:00,34,1,7584,5.857,5.8585,5.8165,5.83,4719,HG.v.0
2026-01-21 15:00:00+00:00,34,1,7584,5.831,5.8495,5.79,5.8215,5485,HG.v.0
2026-01-21 16:00:00+00:00,34,1,7584,5.8215,5.822,5.776,5.7905,4227,HG.v.0
2026-01-21 17:00:00+00:00,34,1,7584,5.791,5.7925,5.757,5.7665,4451,HG.v.0
2026-01-21 18:00:00+00:00,34,1,7584,5.766,5.7695,5.7335,5.761,3479,HG.v.0
2026-01-21 19:00:00+00:00,34,1,7584,5.761,5.773,5.7375,5.772,2383,HG.v.0
2026-01-21 20:00:00+00:00,34,1,7584,5.771,5.8055,5.7685,5.8055,1840,HG.v.0
2026-01-21 21:00:00+00:00,34,1,7584,5.8045,5.809,5.794,5.8055,509,HG.v.0
2026-01-21 23:00:00+00:00,34,1,7584,5.81,5.8135,5.774,5.7765,757,HG.v.0
2026-01-22 00:00:00+00:00,34,1,7584,5.7785,5.791,5.7785,5.791,496,HG.v.0
2026-01-22 01:00:00+00:00,34,1,7584,5.79,5.813,5.7515,5.8025,2311,HG.v.0
2026-01-22 02:00:00+00:00,34,1,7584,5.8,5.808,5.77,5.7915,1085,HG.v.0
2026-01-22 03:00:00+00:00,34,1,7584,5.7875,5.806,5.7875,5.8035,457,HG.v.0
2026-01-22 04:00:00+00:00,34,1,7584,5.804,5.809,5.7945,5.8,363,HG.v.0
2026-01-22 05:00:00+00:00,34,1,7584,5.798,5.811,5.7935,5.8065,573,HG.v.0
2026-01-22 06:00:00+00:00,34,1,7584,5.808,5.817,5.7905,5.808,861,HG.v.0
2026-01-22 07:00:00+00:00,34,1,7584,5.8065,5.807,5.7625,5.766,1283,HG.v.0
2026-01-22 08:00:00+00:00,34,1,7584,5.765,5.775,5.7105,5.726,4180,HG.v.0
2026-01-22 09:00:00+00:00,34,1,7584,5.725,5.747,5.696,5.7445,3255,HG.v.0
2026-01-22 10:00:00+00:00,34,1,7584,5.7445,5.7445,5.7105,5.7185,1098,HG.v.0
2026-01-22 11:00:00+00:00,34,1,7584,5.718,5.7265,5.7105,5.7135,955,HG.v.0
2026-01-22 12:00:00+00:00,34,1,7584,5.7135,5.7455,5.7045,5.7245,1686,HG.v.0
2026-01-22 13:00:00+00:00,34,1,7584,5.7235,5.77,5.709,5.7665,4387,HG.v.0
2026-01-22 14:00:00+00:00,34,1,7584,5.7665,5.772,5.732,5.7325,3369,HG.v.0
2026-01-22 15:00:00+00:00,34,1,7584,5.7325,5.7675,5.723,5.7415,4525,HG.v.0
2026-01-22 16:00:00+00:00,34,1,7584,5.7425,5.774,5.734,5.7665,2739,HG.v.0
2026-01-22 17:00:00+00:00,34,1,7584,5.7655,5.7815,5.76,5.7805,3291,HG.v.0
2026-01-22 18:00:00+00:00,34,1,7584,5.78,5.8185,5.7795,5.801,3187,HG.v.0
2026-01-22 19:00:00+00:00,34,1,7584,5.801,5.81,5.7965,5.7985,588,HG.v.0
2026-01-22 20:00:00+00:00,34,1,7584,5.799,5.81,5.7925,5.7995,889,HG.v.0
2026-01-22 21:00:00+00:00,34,1,7584,5.7995,5.8045,5.7955,5.803,381,HG.v.0
2026-01-22 23:00:00+00:00,34,1,7584,5.8055,5.8125,5.7995,5.8095,342,HG.v.0
2026-01-23 00:00:00+00:00,34,1,7584,5.8085,5.82,5.804,5.8095,979,HG.v.0
2026-01-23 01:00:00+00:00,34,1,7584,5.8085,5.846,5.8025,5.8365,2911,HG.v.0
2026-01-23 02:00:00+00:00,34,1,7584,5.8375,5.8425,5.819,5.824,1635,HG.v.0
2026-01-23 03:00:00+00:00,34,1,7584,5.8235,5.833,5.804,5.827,813,HG.v.0
2026-01-23 04:00:00+00:00,34,1,7584,5.825,5.8305,5.8205,5.8295,248,HG.v.0
2026-01-23 05:00:00+00:00,34,1,7584,5.83,5.864,5.8295,5.8545,1433,HG.v.0
2026-01-23 06:00:00+00:00,34,1,7584,5.8535,5.857,5.826,5.836,947,HG.v.0
2026-01-23 07:00:00+00:00,34,1,7584,5.8335,5.8365,5.807,5.819,1062,HG.v.0
2026-01-23 08:00:00+00:00,34,1,7584,5.8195,5.828,5.7865,5.797,2298,HG.v.0
2026-01-23 09:00:00+00:00,34,1,7584,5.796,5.8295,5.7935,5.825,1300,HG.v.0
2026-01-23 10:00:00+00:00,34,1,7584,5.825,5.8295,5.8135,5.819,630,HG.v.0
2026-01-23 11:00:00+00:00,34,1,7584,5.821,5.8605,5.816,5.8475,1696,HG.v.0
2026-01-23 12:00:00+00:00,34,1,7584,5.8475,5.938,5.8475,5.93,4076,HG.v.0
2026-01-23 13:00:00+00:00,34,1,7584,5.93,5.9505,5.8705,5.9055,6195,HG.v.0
2026-01-23 14:00:00+00:00,34,1,7584,5.9045,5.931,5.8945,5.9225,4109,HG.v.0
2026-01-23 15:00:00+00:00,34,1,7584,5.9225,5.961,5.915,5.9415,6241,HG.v.0
2026-01-23 16:00:00+00:00,34,1,7584,5.9415,5.9625,5.923,5.935,3553,HG.v.0
2026-01-23 17:00:00+00:00,34,1,7584,5.9355,5.967,5.9345,5.947,4177,HG.v.0
2026-01-23 18:00:00+00:00,34,1,7584,5.947,5.954,5.916,5.9285,2361,HG.v.0
2026-01-23 19:00:00+00:00,34,1,7584,5.9285,5.936,5.9235,5.933,838,HG.v.0
2026-01-23 20:00:00+00:00,34,1,7584,5.9335,5.9395,5.927,5.936,921,HG.v.0
2026-01-23 21:00:00+00:00,34,1,7584,5.936,5.947,5.9345,5.937,652,HG.v.0
2026-01-25 23:00:00+00:00,34,1,7584,5.95,5.985,5.9345,5.9815,2508,HG.v.0
2026-01-26 00:00:00+00:00,34,1,7584,5.981,5.9925,5.9725,5.9765,1466,HG.v.0
2026-01-26 01:00:00+00:00,34,1,7584,5.976,5.9925,5.9465,5.9515,3410,HG.v.0
2026-01-26 02:00:00+00:00,34,1,7584,5.9515,5.968,5.939,5.9515,1848,HG.v.0
2026-01-26 03:00:00+00:00,34,1,7584,5.951,5.956,5.9335,5.945,1184,HG.v.0
2026-01-26 04:00:00+00:00,34,1,7584,5.9475,5.964,5.945,5.9545,533,HG.v.0
2026-01-26 05:00:00+00:00,34,1,7584,5.955,5.9575,5.8885,5.917,2365,HG.v.0
2026-01-26 06:00:00+00:00,34,1,7584,5.9165,5.9315,5.8965,5.9025,1373,HG.v.0
2026-01-26 07:00:00+00:00,34,1,7584,5.9025,5.944,5.9025,5.941,1059,HG.v.0
2026-01-26 08:00:00+00:00,34,1,7584,5.942,5.9495,5.9255,5.93,1336,HG.v.0
2026-01-26 09:00:00+00:00,34,1,7584,5.931,5.962,5.926,5.936,1659,HG.v.0
2026-01-26 10:00:00+00:00,34,1,7584,5.9365,5.955,5.9285,5.954,1004,HG.v.0
2026-01-26 11:00:00+00:00,34,1,7584,5.953,5.975,5.942,5.974,1275,HG.v.0
2026-01-26 12:00:00+00:00,34,1,7584,5.973,6.008,5.97,5.987,3585,HG.v.0
2026-01-26 13:00:00+00:00,34,1,7584,5.986,6.0,5.9565,5.967,4972,HG.v.0
2026-01-26 14:00:00+00:00,34,1,7584,5.9675,6.0335,5.9575,6.024,6127,HG.v.0
2026-01-26 15:00:00+00:00,34,1,7584,6.0245,6.028,5.9765,5.999,4719,HG.v.0
2026-01-26 16:00:00+00:00,34,1,7584,5.999,6.0055,5.9725,5.99,4106,HG.v.0
2026-01-26 17:00:00+00:00,34,1,7584,5.991,6.0235,5.991,6.0195,3286,HG.v.0
2026-01-26 18:00:00+00:00,34,1,7584,6.0195,6.028,5.966,5.9735,3372,HG.v.0
2026-01-26 19:00:00+00:00,34,1,7584,5.974,5.974,5.913,5.9275,3387,HG.v.0
2026-01-26 20:00:00+00:00,34,1,7584,5.9265,5.951,5.9235,5.9415,1686,HG.v.0
2026-01-26 21:00:00+00:00,34,1,7584,5.943,5.944,5.902,5.9055,2320,HG.v.0
2026-01-26 23:00:00+00:00,34,1,7584,5.9055,5.931,5.902,5.9135,920,HG.v.0
2026-01-27 00:00:00+00:00,34,1,7584,5.9135,5.9245,5.902,5.921,831,HG.v.0
2026-01-27 01:00:00+00:00,34,1,7584,5.9215,5.926,5.879,5.889,4844,HG.v.0
2026-01-27 02:00:00+00:00,34,1,7584,5.8875,5.9145,5.873,5.9065,1642,HG.v.0
2026-01-27 03:00:00+00:00,34,1,7584,5.9065,5.9085,5.884,5.8925,982,HG.v.0
2026-01-27 04:00:00+00:00,34,1,7584,5.893,5.9005,5.8655,5.8735,1530,HG.v.0
2026-01-27 05:00:00+00:00,34,1,7584,5.8715,5.9,5.868,5.899,1492,HG.v.0
2026-01-27 06:00:00+00:00,34,1,7584,5.8985,5.9315,5.8895,5.923,1623,HG.v.0
2026-01-27 07:00:00+00:00,34,1,7584,5.9235,5.945,5.9165,5.9165,1714,HG.v.0
2026-01-27 08:00:00+00:00,34,1,7584,5.917,5.918,5.8895,5.895,2543,HG.v.0
2026-01-27 09:00:00+00:00,34,1,7584,5.894,5.918,5.8795,5.9175,1484,HG.v.0
2026-01-27 10:00:00+00:00,34,1,7584,5.917,5.9195,5.907,5.909,831,HG.v.0
2026-01-27 11:00:00+00:00,34,1,7584,5.9105,5.9115,5.8845,5.8965,1164,HG.v.0
2026-01-27 12:00:00+00:00,34,1,7584,5.897,5.8985,5.87,5.876,1686,HG.v.0
2026-01-27 13:00:00+00:00,34,1,7584,5.8755,5.9145,5.874,5.911,4700,HG.v.0
2026-01-27 14:00:00+00:00,34,1,7584,5.911,5.914,5.833,5.835,8508,HG.v.0
2026-01-27 15:00:00+00:00,34,1,7584,5.8345,5.8615,5.8095,5.861,7566,HG.v.0
2026-01-27 16:00:00+00:00,34,1,7584,5.8615,5.8815,5.853,5.863,4236,HG.v.0
2026-01-27 17:00:00+00:00,34,1,7584,5.863,5.8785,5.855,5.8595,5203,HG.v.0
2026-01-27 18:00:00+00:00,34,1,7584,5.859,5.8765,5.8505,5.873,1950,HG.v.0
2026-01-27 19:00:00+00:00,34,1,7584,5.8725,5.901,5.872,5.899,1408,HG.v.0
2026-01-27 20:00:00+00:00,34,1,7584,5.899,5.957,5.899,5.947,3641,HG.v.0
2026-01-27 21:00:00+00:00,34,1,7584,5.9475,5.9545,5.9355,5.951,2148,HG.v.0
2026-01-27 23:00:00+00:00,34,1,7584,5.9645,5.967,5.9385,5.949,898,HG.v.0
2026-01-28 00:00:00+00:00,34,1,7584,5.9515,5.953,5.927,5.9395,1088,HG.v.0
2026-01-28 01:00:00+00:00,34,1,7584,5.9395,5.9435,5.911,5.914,4022,HG.v.0
2026-01-28 02:00:00+00:00,34,1,7584,5.9125,5.9455,5.91,5.9325,2334,HG.v.0
2026-01-28 03:00:00+00:00,34,1,7584,5.9325,6.0015,5.9305,5.972,3863,HG.v.0
2026-01-28 04:00:00+00:00,34,1,7584,5.9715,5.984,5.9685,5.982,611,HG.v.0
2026-01-28 05:00:00+00:00,34,1,7584,5.982,5.998,5.968,5.9905,1897,HG.v.0
2026-01-28 06:00:00+00:00,34,1,7584,5.99,6.0,5.96,5.9735,2114,HG.v.0
2026-01-28 07:00:00+00:00,34,1,7584,5.9735,5.988,5.954,5.965,1791,HG.v.0
2026-01-28 08:00:00+00:00,34,1,7584,5.9665,5.9955,5.962,5.9685,2231,HG.v.0
2026-01-28 09:00:00+00:00,34,1,7584,5.968,5.9705,5.938,5.944,1757,HG.v.0
2026-01-28 10:00:00+00:00,34,1,7584,5.9435,5.9485,5.9265,5.9375,1523,HG.v.0
2026-01-28 11:00:00+00:00,34,1,7584,5.9375,5.9375,5.9085,5.9215,2159,HG.v.0
2026-01-28 12:00:00+00:00,34,1,7584,5.9215,5.928,5.9105,5.9255,1538,HG.v.0
2026-01-28 13:00:00+00:00,34,1,7584,5.9255,5.9335,5.895,5.927,4390,HG.v.0
2026-01-28 14:00:00+00:00,34,1,7584,5.928,5.952,5.9125,5.9435,3671,HG.v.0
2026-01-28 15:00:00+00:00,34,1,7584,5.9425,5.9595,5.9005,5.907,5201,HG.v.0
2026-01-28 16:00:00+00:00,34,1,7584,5.907,5.922,5.903,5.9075,2099,HG.v.0
2026-01-28 17:00:00+00:00,34,1,7584,5.909,5.9315,5.909,5.924,2885,HG.v.0
2026-01-28 18:00:00+00:00,34,1,7584,5.924,5.9335,5.9095,5.922,1764,HG.v.0
2026-01-28 19:00:00+00:00,34,1,7584,5.9255,5.9605,5.914,5.957,1707,HG.v.0
2026-01-28 20:00:00+00:00,34,1,7584,5.956,5.9975,5.9535,5.9785,2149,HG.v.0
2026-01-28 21:00:00+00:00,34,1,7584,5.9785,6.0075,5.974,5.997,1436,HG.v.0
2026-01-28 23:00:00+00:00,34,1,7584,5.997,6.0295,5.992,6.011,2873,HG.v.0
2026-01-29 00:00:00+00:00,34,1,7584,6.01,6.017,5.9815,5.9955,1781,HG.v.0
2026-01-29 01:00:00+00:00,34,1,7584,5.994,5.994,5.955,5.972,4277,HG.v.0
2026-01-29 02:00:00+00:00,34,1,7584,5.972,6.1295,5.9555,6.1235,6426,HG.v.0
2026-01-29 03:00:00+00:00,34,1,7584,6.123,6.2915,6.112,6.2655,14188,HG.v.0
2026-01-29 04:00:00+00:00,34,1,7584,6.2655,6.341,6.239,6.3345,5507,HG.v.0
2026-01-29 05:00:00+00:00,34,1,7584,6.333,6.3625,6.273,6.3075,7803,HG.v.0
2026-01-29 06:00:00+00:00,34,1,7584,6.3085,6.3845,6.293,6.2985,7160,HG.v.0
2026-01-29 07:00:00+00:00,34,1,7584,6.2995,6.3175,6.265,6.3055,4112,HG.v.0
2026-01-29 08:00:00+00:00,34,1,7584,6.3055,6.333,6.276,6.313,3838,HG.v.0
2026-01-29 09:00:00+00:00,34,1,7584,6.313,6.3285,6.27,6.281,4010,HG.v.0
2026-01-29 10:00:00+00:00,34,1,7584,6.281,6.3205,6.2755,6.286,2051,HG.v.0
2026-01-29 11:00:00+00:00,34,1,7584,6.287,6.304,6.2755,6.285,1861,HG.v.0
2026-01-29 12:00:00+00:00,34,1,7584,6.2835,6.367,6.2805,6.365,4373,HG.v.0
2026-01-29 13:00:00+00:00,34,1,7584,6.366,6.507,6.357,6.4825,15421,HG.v.0
2026-01-29 14:00:00+00:00,34,1,7584,6.484,6.583,6.449,6.47,23162,HG.v.0
2026-01-29 15:00:00+00:00,34,1,7584,6.4725,6.4825,6.0205,6.11,37173,HG.v.0
2026-01-29 16:00:00+00:00,34,1,7584,6.109,6.187,6.088,6.156,10708,HG.v.0
2026-01-29 17:00:00+00:00,34,1,7584,6.1585,6.2775,6.1585,6.2045,10604,HG.v.0
2026-01-29 18:00:00+00:00,34,1,7584,6.2065,6.2515,6.16,6.2055,4299,HG.v.0
2026-01-29 19:00:00+00:00,34,1,7584,6.2035,6.215,6.1645,6.1835,2029,HG.v.0
2026-01-29 20:00:00+00:00,34,1,7584,6.182,6.312,6.1735,6.2905,2885,HG.v.0
2026-01-29 21:00:00+00:00,34,1,7584,6.291,6.297,6.2415,6.282,1644,HG.v.0
2026-01-29 23:00:00+00:00,34,1,7584,6.2845,6.387,6.2705,6.3505,2282,HG.v.0
2026-01-30 00:00:00+00:00,34,1,7584,6.3485,6.386,6.2025,6.2315,3162,HG.v.0
2026-01-30 01:00:00+00:00,34,1,7584,6.2345,6.306,6.0575,6.063,8653,HG.v.0
2026-01-30 02:00:00+00:00,34,1,7584,6.065,6.115,5.896,6.029,13472,HG.v.0
2026-01-30 03:00:00+00:00,34,1,7584,6.0275,6.0435,5.9755,6.0175,3153,HG.v.0
2026-01-30 04:00:00+00:00,34,1,7584,6.0155,6.053,6.0155,6.0355,1654,HG.v.0
2026-01-30 05:00:00+00:00,34,1,7584,6.0365,6.109,6.034,6.049,3146,HG.v.0
2026-01-30 06:00:00+00:00,34,1,7584,6.0495,6.0655,5.9615,5.9865,3886,HG.v.0
2026-01-30 07:00:00+00:00,34,1,7584,5.9905,6.0235,5.966,6.003,2363,HG.v.0
2026-01-30 08:00:00+00:00,34,1,7584,6.004,6.048,5.9855,6.027,4981,HG.v.0
2026-01-30 09:00:00+00:00,34,1,7584,6.0265,6.043,5.9035,5.957,7151,HG.v.0
2026-01-30 10:00:00+00:00,34,1,7584,5.954,6.01,5.9425,5.997,3339,HG.v.0
2026-01-30 11:00:00+00:00,34,1,7584,5.995,6.101,5.988,6.0915,2974,HG.v.0
2026-01-30 12:00:00+00:00,34,1,7584,6.09,6.1025,6.0085,6.013,4390,HG.v.0
2026-01-30 13:00:00+00:00,34,1,7584,6.011,6.04,5.945,5.976,9688,HG.v.0
2026-01-30 14:00:00+00:00,34,1,7584,5.9745,6.072,5.973,6.02,7104,HG.v.0
2026-01-30 15:00:00+00:00,34,1,7584,6.0195,6.048,5.9865,6.012,5290,HG.v.0
2026-01-30 16:00:00+00:00,34,1,7584,6.011,6.013,5.915,5.9395,8044,HG.v.0
2026-01-30 17:00:00+00:00,34,1,7584,5.9385,5.9705,5.911,5.9225,8871,HG.v.0
2026-01-30 18:00:00+00:00,34,1,7584,5.9235,5.9365,5.76,5.8905,16636,HG.v.0
2026-01-30 19:00:00+00:00,34,1,7584,5.8905,5.959,5.8885,5.9435,5753,HG.v.0
2026-01-30 20:00:00+00:00,34,1,7584,5.9445,5.9825,5.914,5.9225,4427,HG.v.0
2026-01-30 21:00:00+00:00,34,1,7584,5.925,5.981,5.906,5.967,1821,HG.v.0
2026-02-01 23:00:00+00:00,34,1,7584,5.905,5.905,5.733,5.77,6726,HG.v.0
2026-02-02 00:00:00+00:00,34,1,7584,5.7715,5.878,5.771,5.863,4592,HG.v.0
2026-02-02 01:00:00+00:00,34,1,7584,5.865,5.893,5.7225,5.82,7528,HG.v.0
2026-02-02 02:00:00+00:00,34,1,7584,5.8175,5.83,5.7555,5.7635,3569,HG.v.0
2026-02-02 03:00:00+00:00,34,1,7584,5.761,5.7795,5.652,5.668,4748,HG.v.0
2026-02-02 04:00:00+00:00,34,1,7584,5.676,5.735,5.652,5.7265,2343,HG.v.0
2026-02-02 05:00:00+00:00,34,1,7584,5.7275,5.743,5.6165,5.6375,3430,HG.v.0
2026-02-02 06:00:00+00:00,34,1,7584,5.64,5.654,5.564,5.615,4952,HG.v.0
2026-02-02 07:00:00+00:00,34,1,7584,5.616,5.724,5.6055,5.717,3951,HG.v.0
2026-02-02 08:00:00+00:00,34,1,7584,5.717,5.7705,5.7025,5.768,2708,HG.v.0
2026-02-02 09:00:00+00:00,34,1,7584,5.7665,5.8295,5.7475,5.8045,3325,HG.v.0
2026-02-02 10:00:00+00:00,34,1,7584,5.802,5.8375,5.7905,5.8115,2479,HG.v.0
2026-02-02 11:00:00+00:00,34,1,7584,5.8125,5.8415,5.7965,5.797,2003,HG.v.0
2026-02-02 12:00:00+00:00,34,1,7584,5.7985,5.9,5.7985,5.864,9469,HG.v.0
2026-02-02 13:00:00+00:00,34,1,7584,5.8665,5.867,5.7515,5.807,12157,HG.v.0
2026-02-02 14:00:00+00:00,34,1,7584,5.8075,5.862,5.7815,5.801,5053,HG.v.0
2026-02-02 15:00:00+00:00,34,1,7584,5.799,5.8375,5.7755,5.8015,4217,HG.v.0
2026-02-02 16:00:00+00:00,34,1,7584,5.8035,5.865,5.7965,5.833,4288,HG.v.0
2026-02-02 17:00:00+00:00,34,1,7584,5.832,5.8625,5.8125,5.822,4021,HG.v.0
2026-02-02 18:00:00+00:00,34,1,7584,5.8215,5.829,5.7755,5.813,2697,HG.v.0
2026-02-02 19:00:00+00:00,34,1,7584,5.8115,5.844,5.7975,5.832,823,HG.v.0
2026-02-02 20:00:00+00:00,34,1,7584,5.8325,5.846,5.808,5.833,1293,HG.v.0
2026-02-02 21:00:00+00:00,34,1,7584,5.8325,5.845,5.827,5.8325,671,HG.v.0
2026-02-02 23:00:00+00:00,34,1,7584,5.8395,5.891,5.83,5.89,1356,HG.v.0
2026-02-03 00:00:00+00:00,34,1,7584,5.8885,5.9375,5.8625,5.872,1946,HG.v.0
2026-02-03 01:00:00+00:00,34,1,7584,5.8695,5.942,5.85,5.9415,4271,HG.v.0
2026-02-03 02:00:00+00:00,34,1,7584,5.9435,5.944,5.835,5.862,2494,HG.v.0
2026-02-03 03:00:00+00:00,34,1,7584,5.8585,5.9085,5.857,5.9055,1210,HG.v.0
2026-02-03 04:00:00+00:00,34,1,7584,5.904,5.9195,5.898,5.9,636,HG.v.0
2026-02-03 05:00:00+00:00,34,1,7584,5.9005,5.937,5.8835,5.9215,1608,HG.v.0
2026-02-03 06:00:00+00:00,34,1,7584,5.9245,6.061,5.9155,6.0385,7394,HG.v.0
2026-02-03 07:00:00+00:00,34,1,7584,6.037,6.0945,6.0345,6.052,4588,HG.v.0
2026-02-03 08:00:00+00:00,34,1,7584,6.051,6.096,6.035,6.04,3102,HG.v.0
2026-02-03 09:00:00+00:00,34,1,7584,6.0395,6.054,5.9755,6.018,2936,HG.v.0
2026-02-03 10:00:00+00:00,34,1,7584,6.019,6.038,6.003,6.021,1833,HG.v.0
2026-02-03 11:00:00+00:00,34,1,7584,6.021,6.0365,6.0005,6.02,1143,HG.v.0
2026-02-03 12:00:00+00:00,34,1,7584,6.022,6.069,6.0185,6.0675,2212,HG.v.0
2026-02-03 13:00:00+00:00,34,1,7584,6.069,6.115,6.039,6.063,5906,HG.v.0
2026-02-03 14:00:00+00:00,34,1,7584,6.064,6.09,6.025,6.057,5377,HG.v.0
2026-02-03 15:00:00+00:00,34,1,7584,6.0585,6.0705,6.0285,6.064,3674,HG.v.0
2026-02-03 16:00:00+00:00,34,1,7584,6.0635,6.106,6.0575,6.0695,3441,HG.v.0
2026-02-03 17:00:00+00:00,34,1,7584,6.0685,6.095,6.04,6.087,4502,HG.v.0
2026-02-03 18:00:00+00:00,34,1,7584,6.087,6.1005,6.025,6.0445,2513,HG.v.0
2026-02-03 19:00:00+00:00,34,1,7584,6.045,6.073,6.0225,6.0725,932,HG.v.0
2026-02-03 20:00:00+00:00,34,1,7584,6.071,6.1015,6.0565,6.093,1299,HG.v.0
2026-02-03 21:00:00+00:00,34,1,7584,6.093,6.1035,6.084,6.0945,715,HG.v.0
2026-02-03 23:00:00+00:00,34,1,7584,6.1,6.115,6.054,6.079,679,HG.v.0
2026-02-04 00:00:00+00:00,34,1,7584,6.08,6.109,6.08,6.1,852,HG.v.0
2026-02-04 01:00:00+00:00,34,1,7584,6.1,6.1155,6.0615,6.0835,3018,HG.v.0
2026-02-04 02:00:00+00:00,34,1,7584,6.087,6.11,6.025,6.0295,2389,HG.v.0
2026-02-04 03:00:00+00:00,34,1,7584,6.0295,6.059,6.003,6.049,2182,HG.v.0
2026-02-04 04:00:00+00:00,34,1,7584,6.05,6.05,6.026,6.042,655,HG.v.0
2026-02-04 05:00:00+00:00,34,1,7584,6.0425,6.0595,6.035,6.0435,1154,HG.v.0
2026-02-04 06:00:00+00:00,34,1,7584,6.0435,6.0835,6.021,6.0825,1250,HG.v.0
2026-02-04 07:00:00+00:00,34,1,7584,6.082,6.0915,6.0595,6.088,1044,HG.v.0
2026-02-04 08:00:00+00:00,34,1,7584,6.0885,6.0945,6.056,6.0755,1145,HG.v.0
2026-02-04 09:00:00+00:00,34,1,7584,6.075,6.075,6.0165,6.03,3223,HG.v.0
2026-02-04 10:00:00+00:00,34,1,7584,6.028,6.0545,6.025,6.0495,2929,HG.v.0
2026-02-04 11:00:00+00:00,34,1,7584,6.0495,6.0545,6.0225,6.047,2451,HG.v.0
2026-02-04 12:00:00+00:00,34,1,7584,6.0465,6.05,6.0005,6.0095,1727,HG.v.0
2026-02-04 13:00:00+00:00,34,1,7584,6.009,6.0445,5.99,6.0325,3385,HG.v.0
2026-02-04 14:00:00+00:00,34,1,7584,6.033,6.0345,5.9355,5.954,5223,HG.v.0
2026-02-04 15:00:00+00:00,34,1,7584,5.9555,5.987,5.8955,5.903,6742,HG.v.0
2026-02-04 16:00:00+00:00,34,1,7584,5.903,5.936,5.868,5.9055,5205,HG.v.0
2026-02-04 17:00:00+00:00,34,1,7584,5.9045,5.925,5.8455,5.85,5532,HG.v.0
2026-02-04 18:00:00+00:00,34,1,7584,5.8485,5.881,5.832,5.8715,2950,HG.v.0
2026-02-04 19:00:00+00:00,34,1,7584,5.87,5.9,5.8595,5.895,1670,HG.v.0
2026-02-04 20:00:00+00:00,34,1,7584,5.8945,5.925,5.864,5.895,1107,HG.v.0
2026-02-04 21:00:00+00:00,34,1,7584,5.8945,5.966,5.889,5.927,1156,HG.v.0
2026-02-04 23:00:00+00:00,34,1,7584,5.936,5.964,5.888,5.938,884,HG.v.0
2026-02-05 00:00:00+00:00,34,1,7584,5.938,5.95,5.9215,5.927,1440,HG.v.0
2026-02-05 01:00:00+00:00,34,1,7584,5.9255,5.951,5.8625,5.8735,2512,HG.v.0
2026-02-05 02:00:00+00:00,34,1,7584,5.874,5.875,5.785,5.795,5795,HG.v.0
2026-02-05 03:00:00+00:00,34,1,7584,5.792,5.844,5.7875,5.802,2394,HG.v.0
2026-02-05 04:00:00+00:00,34,1,7584,5.8035,5.812,5.7865,5.7865,839,HG.v.0
2026-02-05 05:00:00+00:00,34,1,7584,5.787,5.836,5.775,5.825,2085,HG.v.0
2026-02-05 06:00:00+00:00,34,1,7584,5.826,5.855,5.806,5.8195,1465,HG.v.0
2026-02-05 07:00:00+00:00,34,1,7584,5.818,5.859,5.8145,5.859,1281,HG.v.0
2026-02-05 08:00:00+00:00,34,1,7584,5.859,5.8785,5.824,5.8315,1952,HG.v.0
2026-02-05 09:00:00+00:00,34,1,7584,5.8315,5.8515,5.7995,5.837,1396,HG.v.0
2026-02-05 10:00:00+00:00,34,1,7584,5.836,5.852,5.82,5.8435,1171,HG.v.0
2026-02-05 11:00:00+00:00,34,1,7584,5.841,5.856,5.8355,5.8455,1107,HG.v.0
2026-02-05 12:00:00+00:00,34,1,7584,5.846,5.8495,5.7725,5.784,3256,HG.v.0
2026-02-05 13:00:00+00:00,34,1,7584,5.7835,5.823,5.7465,5.803,4705,HG.v.0
2026-02-05 14:00:00+00:00,34,1,7584,5.804,5.8425,5.788,5.807,4286,HG.v.0
2026-02-05 15:00:00+00:00,34,1,7584,5.806,5.8245,5.751,5.771,4101,HG.v.0
2026-02-05 16:00:00+00:00,34,1,7584,5.772,5.8295,5.768,5.8235,3206,HG.v.0
2026-02-05 17:00:00+00:00,34,1,7584,5.822,5.833,5.804,5.821,3487,HG.v.0
2026-02-05 18:00:00+00:00,34,1,7584,5.821,5.8265,5.788,5.793,1410,HG.v.0
2026-02-05 19:00:00+00:00,34,1,7584,5.7935,5.8135,5.775,5.783,659,HG.v.0
2026-02-05 20:00:00+00:00,34,1,7584,5.784,5.796,5.7385,5.748,1413,HG.v.0
2026-02-05 21:00:00+00:00,34,1,7584,5.749,5.7515,5.685,5.7205,1975,HG.v.0
2026-02-05 23:00:00+00:00,34,1,7584,5.732,5.7475,5.655,5.676,2243,HG.v.0
2026-02-06 00:00:00+00:00,34,1,7584,5.6765,5.712,5.5955,5.705,3637,HG.v.0
2026-02-06 01:00:00+00:00,34,1,7584,5.7055,5.734,5.6235,5.717,5324,HG.v.0
2026-02-06 02:00:00+00:00,34,1,7584,5.7185,5.8165,5.7115,5.7695,3149,HG.v.0
2026-02-06 03:00:00+00:00,34,1,7584,5.768,5.789,5.743,5.7565,957,HG.v.0
2026-02-06 04:00:00+00:00,34,1,7584,5.7575,5.761,5.723,5.7285,393,HG.v.0
2026-02-06 05:00:00+00:00,34,1,7584,5.7295,5.7955,5.7275,5.791,917,HG.v.0
2026-02-06 06:00:00+00:00,34,1,7584,5.794,5.798,5.743,5.755,877,HG.v.0
2026-02-06 07:00:00+00:00,34,1,7584,5.7545,5.762,5.7395,5.747,480,HG.v.0
2026-02-06 08:00:00+00:00,34,1,7584,5.7455,5.78,5.729,5.771,1004,HG.v.0
2026-02-06 09:00:00+00:00,34,1,7584,5.77,5.7995,5.754,5.794,1135,HG.v.0
2026-02-06 10:00:00+00:00,34,1,7584,5.7945,5.814,5.78,5.7865,2128,HG.v.0
2026-02-06 11:00:00+00:00,34,1,7584,5.7845,5.8345,5.768,5.828,1616,HG.v.0
2026-02-06 12:00:00+00:00,34,1,7584,5.8275,5.839,5.7985,5.814,1496,HG.v.0
2026-02-06 13:00:00+00:00,34,1,7584,5.815,5.833,5.7985,5.813,2563,HG.v.0
2026-02-06 14:00:00+00:00,34,1,7584,5.813,5.8615,5.7895,5.861,3414,HG.v.0
2026-02-06 15:00:00+00:00,34,1,7584,5.862,5.878,5.834,5.8485,3044,HG.v.0
2026-02-06 16:00:00+00:00,34,1,7584,5.8485,5.8715,5.839,5.858,2105,HG.v.0
2026-02-06 17:00:00+00:00,34,1,7584,5.859,5.891,5.8555,5.8815,3427,HG.v.0
2026-02-06 18:00:00+00:00,34,1,7584,5.8825,5.8895,5.8705,5.8825,1129,HG.v.0
2026-02-06 19:00:00+00:00,34,1,7584,5.883,5.885,5.873,5.8815,443,HG.v.0
2026-02-06 20:00:00+00:00,34,1,7584,5.8795,5.8905,5.8755,5.8875,572,HG.v.0
2026-02-06 21:00:00+00:00,34,1,7584,5.886,5.889,5.8785,5.8875,449,HG.v.0
2026-02-08 23:00:00+00:00,34,1,7584,5.9,5.981,5.8995,5.95,1881,HG.v.0
2026-02-09 00:00:00+00:00,34,1,7584,5.951,5.9565,5.9025,5.905,1105,HG.v.0
2026-02-09 01:00:00+00:00,34,1,7584,5.905,5.9275,5.8735,5.8775,2615,HG.v.0
2026-02-09 02:00:00+00:00,34,1,7584,5.876,5.918,5.8645,5.88,1290,HG.v.0
2026-02-09 03:00:00+00:00,34,1,7584,5.879,5.899,5.868,5.891,700,HG.v.0
2026-02-09 04:00:00+00:00,34,1,7584,5.892,5.9005,5.89,5.895,231,HG.v.0
2026-02-09 05:00:00+00:00,34,1,7584,5.8935,5.915,5.8835,5.9065,853,HG.v.0
2026-02-09 06:00:00+00:00,34,1,7584,5.9095,5.9135,5.874,5.8965,902,HG.v.0
2026-02-09 07:00:00+00:00,34,1,7584,5.8965,5.905,5.8815,5.8955,587,HG.v.0
2026-02-09 08:00:00+00:00,34,1,7584,5.8965,5.91,5.8805,5.9095,960,HG.v.0
2026-02-09 09:00:00+00:00,34,1,7584,5.909,5.9105,5.8835,5.8855,917,HG.v.0
2026-02-09 10:00:00+00:00,34,1,7584,5.885,5.8965,5.8435,5.8675,1688,HG.v.0
2026-02-09 11:00:00+00:00,34,1,7584,5.8675,5.8995,5.8625,5.8995,1362,HG.v.0
2026-02-09 12:00:00+00:00,34,1,7584,5.9,5.9085,5.88,5.891,1427,HG.v.0
2026-02-09 13:00:00+00:00,34,1,7584,5.8915,5.8985,5.8665,5.8955,1742,HG.v.0
2026-02-09 14:00:00+00:00,34,1,7584,5.8945,5.923,5.8875,5.9185,2410,HG.v.0
2026-02-09 15:00:00+00:00,34,1,7584,5.9185,5.941,5.916,5.9315,2426,HG.v.0
2026-02-09 16:00:00+00:00,34,1,7584,5.932,5.959,5.931,5.956,2511,HG.v.0
2026-02-09 17:00:00+00:00,34,1,7584,5.956,5.9735,5.95,5.9615,2979,HG.v.0
2026-02-09 18:00:00+00:00,34,1,7584,5.962,5.972,5.9495,5.955,1182,HG.v.0
2026-02-09 19:00:00+00:00,34,1,7584,5.956,5.971,5.954,5.971,494,HG.v.0
2026-02-09 20:00:00+00:00,34,1,7584,5.9695,5.976,5.963,5.971,529,HG.v.0
2026-02-09 21:00:00+00:00,34,1,7584,5.972,5.974,5.9575,5.9615,320,HG.v.0
2026-02-09 23:00:00+00:00,34,1,7584,5.9585,5.9615,5.937,5.944,466,HG.v.0
2026-02-10 00:00:00+00:00,34,1,7584,5.9435,5.951,5.936,5.942,1094,HG.v.0
2026-02-10 01:00:00+00:00,34,1,7584,5.942,5.95,5.917,5.949,1769,HG.v.0
2026-02-10 02:00:00+00:00,34,1,7584,5.9505,5.9565,5.932,5.936,561,HG.v.0
2026-02-10 03:00:00+00:00,34,1,7584,5.935,5.9385,5.9055,5.909,843,HG.v.0
2026-02-10 04:00:00+00:00,34,1,7584,5.909,5.914,5.9065,5.91,265,HG.v.0
2026-02-10 05:00:00+00:00,34,1,7584,5.9085,5.924,5.8825,5.921,622,HG.v.0
2026-02-10 06:00:00+00:00,34,1,7584,5.919,5.9255,5.8945,5.9005,496,HG.v.0
2026-02-10 07:00:00+00:00,34,1,7584,5.9005,5.914,5.892,5.9075,426,HG.v.0
2026-02-10 08:00:00+00:00,34,1,7584,5.9065,5.9265,5.8905,5.9235,1096,HG.v.0
2026-02-10 09:00:00+00:00,34,1,7584,5.9225,5.9395,5.901,5.902,1005,HG.v.0
2026-02-10 10:00:00+00:00,34,1,7584,5.9025,5.9205,5.8935,5.9035,646,HG.v.0
2026-02-10 11:00:00+00:00,34,1,7584,5.9025,5.9265,5.896,5.9185,1336,HG.v.0
2026-02-10 12:00:00+00:00,34,1,7584,5.9195,5.9275,5.8975,5.909,890,HG.v.0
2026-02-10 13:00:00+00:00,34,1,7584,5.9095,5.9265,5.9035,5.92,1557,HG.v.0
2026-02-10 14:00:00+00:00,34,1,7584,5.92,5.9445,5.9005,5.932,2293,HG.v.0
2026-02-10 15:00:00+00:00,34,1,7584,5.93,5.9365,5.9025,5.909,1860,HG.v.0
2026-02-10 16:00:00+00:00,34,1,7584,5.9095,5.916,5.8905,5.9085,1765,HG.v.0
2026-02-10 17:00:00+00:00,34,1,7584,5.91,5.9195,5.9015,5.9155,2040,HG.v.0
2026-02-10 18:00:00+00:00,34,1,7584,5.914,5.922,5.8885,5.9045,1483,HG.v.0
2026-02-10 19:00:00+00:00,34,1,7584,5.904,5.9175,5.901,5.913,314,HG.v.0
2026-02-10 20:00:00+00:00,34,1,7584,5.913,5.919,5.9035,5.9065,1117,HG.v.0
2026-02-10 21:00:00+00:00,34,1,7584,5.907,5.9075,5.898,5.907,256,HG.v.0
2026-02-10 23:00:00+00:00,34,1,7584,5.9085,5.912,5.902,5.904,188,HG.v.0
2026-02-11 00:00:00+00:00,34,1,7584,5.904,5.9085,5.897,5.9075,255,HG.v.0
2026-02-11 01:00:00+00:00,34,1,7584,5.9075,5.913,5.8955,5.9085,1761,HG.v.0
2026-02-11 02:00:00+00:00,34,1,7584,5.9105,5.932,5.893,5.922,782,HG.v.0
2026-02-11 03:00:00+00:00,34,1,7584,5.9225,5.932,5.9075,5.928,533,HG.v.0
2026-02-11 04:00:00+00:00,34,1,7584,5.9275,5.93,5.9225,5.9255,152,HG.v.0
2026-02-11 05:00:00+00:00,34,1,7584,5.925,5.951,5.924,5.938,680,HG.v.0
2026-02-11 06:00:00+00:00,34,1,7584,5.9375,5.954,5.9235,5.932,900,HG.v.0
2026-02-11 07:00:00+00:00,34,1,7584,5.9315,5.9475,5.93,5.9415,523,HG.v.0
2026-02-11 08:00:00+00:00,34,1,7584,5.941,5.9615,5.94,5.9525,1252,HG.v.0
2026-02-11 09:00:00+00:00,34,1,7584,5.953,5.99,5.953,5.988,1799,HG.v.0
2026-02-11 10:00:00+00:00,34,1,7584,5.989,6.0565,5.9835,6.047,6350,HG.v.0
2026-02-11 11:00:00+00:00,34,1,7584,6.0495,6.088,6.046,6.07,5400,HG.v.0
2026-02-11 12:00:00+00:00,34,1,7584,6.0705,6.0765,6.0265,6.0345,2484,HG.v.0
2026-02-11 13:00:00+00:00,34,1,7584,6.035,6.035,5.9375,6.009,8885,HG.v.0
2026-02-11 14:00:00+00:00,34,1,7584,6.0075,6.017,5.9495,5.97,3730,HG.v.0
2026-02-11 15:00:00+00:00,34,1,7584,5.969,5.9865,5.9015,5.937,6817,HG.v.0
2026-02-11 16:00:00+00:00,34,1,7584,5.9355,5.9455,5.9175,5.945,2138,HG.v.0
2026-02-11 17:00:00+00:00,34,1,7584,5.945,5.9735,5.944,5.9655,3428,HG.v.0
2026-02-11 18:00:00+00:00,34,1,7584,5.965,5.9755,5.953,5.965,1227,HG.v.0
2026-02-11 19:00:00+00:00,34,1,7584,5.966,5.983,5.962,5.9635,473,HG.v.0
2026-02-11 20:00:00+00:00,34,1,7584,5.9655,5.9795,5.9605,5.976,1285,HG.v.0
2026-02-11 21:00:00+00:00,34,1,7584,5.9765,5.996,5.976,5.99,1223,HG.v.0
2026-02-11 23:00:00+00:00,34,1,7584,5.986,5.9955,5.971,5.986,658,HG.v.0
2026-02-12 00:00:00+00:00,34,1,7584,5.9855,5.9935,5.9815,5.9855,594,HG.v.0
2026-02-12 01:00:00+00:00,34,1,7584,5.984,5.99,5.957,5.987,2892,HG.v.0
2026-02-12 02:00:00+00:00,34,1,7584,5.99,5.9925,5.965,5.969,463,HG.v.0
2026-02-12 03:00:00+00:00,34,1,7584,5.9695,5.9885,5.963,5.967,446,HG.v.0
2026-02-12 04:00:00+00:00,34,1,7584,5.967,5.974,5.9615,5.9685,236,HG.v.0
2026-02-12 05:00:00+00:00,34,1,7584,5.9695,5.982,5.96,5.975,531,HG.v.0
2026-02-12 06:00:00+00:00,34,1,7584,5.9755,5.977,5.953,5.965,740,HG.v.0
2026-02-12 07:00:00+00:00,34,1,7584,5.964,5.987,5.9615,5.9865,674,HG.v.0
2026-02-12 08:00:00+00:00,34,1,7584,5.987,5.999,5.9715,5.9955,891,HG.v.0
2026-02-12 09:00:00+00:00,34,1,7584,5.996,6.023,5.9875,6.008,1783,HG.v.0
2026-02-12 10:00:00+00:00,34,1,7584,6.008,6.0085,5.988,5.9895,2126,HG.v.0
2026-02-12 11:00:00+00:00,34,1,7584,5.99,5.991,5.9815,5.989,533,HG.v.0
2026-02-12 12:00:00+00:00,34,1,7584,5.9895,5.994,5.9525,5.953,1517,HG.v.0
2026-02-12 13:00:00+00:00,34,1,7584,5.955,5.9745,5.946,5.971,2258,HG.v.0
2026-02-12 14:00:00+00:00,34,1,7584,5.97,5.976,5.9455,5.953,2749,HG.v.0
2026-02-12 15:00:00+00:00,34,1,7584,5.952,5.9635,5.9285,5.94,3220,HG.v.0
2026-02-12 16:00:00+00:00,34,1,7584,5.9395,5.9405,5.7665,5.809,14082,HG.v.0
2026-02-12 17:00:00+00:00,34,1,7584,5.809,5.8215,5.7775,5.7845,5491,HG.v.0
2026-02-12 18:00:00+00:00,34,1,7584,5.7855,5.799,5.7545,5.7905,3390,HG.v.0
2026-02-12 19:00:00+00:00,34,1,7584,5.79,5.796,5.773,5.7875,819,HG.v.0
2026-02-12 20:00:00+00:00,34,1,7584,5.788,5.791,5.758,5.766,947,HG.v.0
2026-02-12 21:00:00+00:00,34,1,7584,5.766,5.777,5.759,5.775,527,HG.v.0
2026-02-12 23:00:00+00:00,34,1,7584,5.7695,5.7785,5.727,5.7715,715,HG.v.0
2026-02-13 00:00:00+00:00,34,1,7584,5.7705,5.7865,5.7695,5.7765,836,HG.v.0
2026-02-13 01:00:00+00:00,34,1,7584,5.7765,5.838,5.7765,5.8165,2962,HG.v.0
2026-02-13 02:00:00+00:00,34,1,7584,5.819,5.841,5.8155,5.834,848,HG.v.0
2026-02-13 03:00:00+00:00,34,1,7584,5.833,5.843,5.827,5.8335,542,HG.v.0
2026-02-13 04:00:00+00:00,34,1,7584,5.8315,5.849,5.8315,5.836,362,HG.v.0
2026-02-13 05:00:00+00:00,34,1,7584,5.835,5.8375,5.7825,5.7855,2880,HG.v.0
2026-02-13 06:00:00+00:00,34,1,7584,5.785,5.7995,5.7765,5.7955,1295,HG.v.0
2026-02-13 07:00:00+00:00,34,1,7584,5.796,5.82,5.785,5.809,1155,HG.v.0
2026-02-13 08:00:00+00:00,34,1,7584,5.81,5.823,5.7775,5.7805,1928,HG.v.0
2026-02-13 09:00:00+00:00,34,1,7584,5.78,5.78,5.7465,5.7545,2370,HG.v.0
2026-02-13 10:00:00+00:00,34,1,7584,5.7535,5.764,5.7285,5.738,2007,HG.v.0
2026-02-13 11:00:00+00:00,34,1,7584,5.741,5.741,5.6775,5.7035,5131,HG.v.0
2026-02-13 12:00:00+00:00,34,1,7584,5.703,5.757,5.692,5.73,3424,HG.v.0
2026-02-13 13:00:00+00:00,34,1,7584,5.731,5.7695,5.7115,5.7495,4654,HG.v.0
2026-02-13 14:00:00+00:00,34,1,7584,5.748,5.7905,5.7195,5.737,3765,HG.v.0
2026-02-13 15:00:00+00:00,34,1,7584,5.739,5.8055,5.7345,5.7675,4693,HG.v.0
2026-02-13 16:00:00+00:00,34,1,7584,5.7675,5.8035,5.767,5.7845,2402,HG.v.0
2026-02-13 17:00:00+00:00,34,1,7584,5.785,5.811,5.785,5.802,2574,HG.v.0
2026-02-13 18:00:00+00:00,34,1,7584,5.803,5.822,5.802,5.8095,1570,HG.v.0
2026-02-13 19:00:00+00:00,34,1,7584,5.8085,5.818,5.7805,5.782,588,HG.v.0
2026-02-13 20:00:00+00:00,34,1,7584,5.781,5.7915,5.7735,5.783,1143,HG.v.0
2026-02-13 21:00:00+00:00,34,1,7584,5.784,5.7885,5.779,5.788,253,HG.v.0
2026-02-15 23:00:00+00:00,34,1,7584,5.7855,5.7855,5.752,5.775,341,HG.v.0
2026-02-16 00:00:00+00:00,34,1,7584,5.7765,5.7845,5.768,5.782,201,HG.v.0
2026-02-16 01:00:00+00:00,34,1,7584,5.783,5.7935,5.761,5.789,984,HG.v.0
2026-02-16 02:00:00+00:00,34,1,7584,5.7895,5.7985,5.758,5.7645,522,HG.v.0
2026-02-16 03:00:00+00:00,34,1,7584,5.763,5.772,5.736,5.746,624,HG.v.0
2026-02-16 04:00:00+00:00,34,1,7584,5.747,5.76,5.747,5.752,127,HG.v.0
2026-02-16 05:00:00+00:00,34,1,7584,5.7515,5.77,5.743,5.765,208,HG.v.0
2026-02-16 06:00:00+00:00,34,1,7584,5.7655,5.781,5.76,5.774,317,HG.v.0
2026-02-16 07:00:00+00:00,34,1,7584,5.774,5.7905,5.766,5.768,468,HG.v.0
2026-02-16 08:00:00+00:00,34,1,7584,5.7695,5.795,5.7685,5.7915,569,HG.v.0
2026-02-16 09:00:00+00:00,34,1,7584,5.79,5.79,5.7675,5.7725,387,HG.v.0
2026-02-16 10:00:00+00:00,34,1,7584,5.7735,5.783,5.767,5.778,272,HG.v.0
2026-02-16 11:00:00+00:00,34,1,7584,5.778,5.8005,5.7705,5.799,626,HG.v.0
2026-02-16 12:00:00+00:00,34,1,7584,5.7975,5.802,5.7655,5.777,810,HG.v.0
2026-02-16 13:00:00+00:00,34,1,7584,5.776,5.7855,5.7615,5.7675,581,HG.v.0
2026-02-16 14:00:00+00:00,34,1,7584,5.768,5.788,5.768,5.785,555,HG.v.0
2026-02-16 15:00:00+00:00,34,1,7584,5.791,5.794,5.7745,5.775,565,HG.v.0
2026-02-16 16:00:00+00:00,34,1,7584,5.775,5.7825,5.767,5.77,379,HG.v.0
2026-02-16 17:00:00+00:00,34,1,7584,5.77,5.775,5.7645,5.768,278,HG.v.0
2026-02-16 18:00:00+00:00,34,1,7584,5.768,5.771,5.76,5.76,159,HG.v.0
2026-02-16 19:00:00+00:00,34,1,7584,5.7595,5.765,5.7565,5.7625,69,HG.v.0
2026-02-16 23:00:00+00:00,34,1,7584,5.768,5.7725,5.7585,5.759,203,HG.v.0
2026-02-17 00:00:00+00:00,34,1,7584,5.7585,5.7585,5.7345,5.737,657,HG.v.0
2026-02-17 01:00:00+00:00,34,1,7584,5.7385,5.762,5.7385,5.7475,1511,HG.v.0
2026-02-17 02:00:00+00:00,34,1,7584,5.7445,5.7505,5.731,5.7335,691,HG.v.0
2026-02-17 03:00:00+00:00,34,1,7584,5.734,5.735,5.708,5.719,773,HG.v.0
2026-02-17 04:00:00+00:00,34,1,7584,5.719,5.719,5.7015,5.712,643,HG.v.0
2026-02-17 05:00:00+00:00,34,1,7584,5.711,5.7115,5.6805,5.692,1030,HG.v.0
2026-02-17 06:00:00+00:00,34,1,7584,5.692,5.7135,5.692,5.709,384,HG.v.0
2026-02-17 07:00:00+00:00,34,1,7584,5.7075,5.7165,5.7015,5.716,640,HG.v.0
2026-02-17 08:00:00+00:00,34,1,7584,5.7165,5.7295,5.7055,5.709,859,HG.v.0
2026-02-17 09:00:00+00:00,34,1,7584,5.709,5.72,5.699,5.7155,854,HG.v.0
2026-02-17 10:00:00+00:00,34,1,7584,5.7145,5.72,5.6895,5.69,778,HG.v.0
2026-02-17 11:00:00+00:00,34,1,7584,5.69,5.712,5.6865,5.7025,802,HG.v.0
2026-02-17 12:00:00+00:00,34,1,7584,5.7015,5.705,5.6595,5.666,1932,HG.v.0
2026-02-17 13:00:00+00:00,34,1,7584,5.664,5.6855,5.654,5.655,3079,HG.v.0
2026-02-17 14:00:00+00:00,34,1,7584,5.655,5.679,5.6295,5.631,4675,HG.v.0
2026-02-17 15:00:00+00:00,34,1,7584,5.63,5.6695,5.627,5.65,4900,HG.v.0
2026-02-17 16:00:00+00:00,34,1,7584,5.6505,5.684,5.6495,5.667,2908,HG.v.0
2026-02-17 17:00:00+00:00,34,1,7584,5.6655,5.6655,5.633,5.643,3446,HG.v.0
2026-02-17 18:00:00+00:00,34,1,7584,5.6425,5.682,5.6425,5.6785,1395,HG.v.0
2026-02-17 19:00:00+00:00,34,1,7584,5.6795,5.6895,5.677,5.6785,512,HG.v.0
2026-02-17 20:00:00+00:00,34,1,7584,5.678,5.68,5.6675,5.6715,582,HG.v.0
2026-02-17 21:00:00+00:00,34,1,7584,5.6715,5.682,5.6715,5.6765,271,HG.v.0
2026-02-17 23:00:00+00:00,34,1,7584,5.676,5.689,5.667,5.6685,196,HG.v.0
2026-02-18 00:00:00+00:00,34,1,7584,5.6695,5.6815,5.6695,5.6745,267,HG.v.0
2026-02-18 01:00:00+00:00,34,1,7584,5.6745,5.684,5.666,5.6825,329,HG.v.0
2026-02-18 02:00:00+00:00,34,1,7584,5.6825,5.6855,5.672,5.6775,409,HG.v.0
2026-02-18 03:00:00+00:00,34,1,7584,5.6775,5.686,5.6735,5.6825,364,HG.v.0
2026-02-18 04:00:00+00:00,34,1,7584,5.683,5.7115,5.681,5.707,837,HG.v.0
2026-02-18 05:00:00+00:00,34,1,7584,5.707,5.709,5.696,5.696,308,HG.v.0
2026-02-18 06:00:00+00:00,34,1,7584,5.6965,5.703,5.684,5.698,517,HG.v.0
2026-02-18 07:00:00+00:00,34,1,7584,5.6975,5.7045,5.686,5.6875,595,HG.v.0
2026-02-18 08:00:00+00:00,34,1,7584,5.687,5.711,5.685,5.698,1041,HG.v.0
2026-02-18 09:00:00+00:00,34,1,7584,5.6985,5.7165,5.693,5.7035,916,HG.v.0
2026-02-18 10:00:00+00:00,34,1,7584,5.706,5.724,5.706,5.7145,716,HG.v.0
2026-02-18 11:00:00+00:00,34,1,7584,5.7145,5.717,5.7025,5.708,574,HG.v.0
2026-02-18 12:00:00+00:00,34,1,7584,5.7075,5.7245,5.697,5.7135,1116,HG.v.0
2026-02-18 13:00:00+00:00,34,1,7584,5.7145,5.7635,5.7145,5.744,3241,HG.v.0
2026-02-18 14:00:00+00:00,34,1,7584,5.745,5.7715,5.734,5.767,2434,HG.v.0
2026-02-18 15:00:00+00:00,34,1,7584,5.768,5.795,5.768,5.7905,3191,HG.v.0
2026-02-18 16:00:00+00:00,34,1,7584,5.791,5.81,5.785,5.795,4498,HG.v.0
2026-02-18 17:00:00+00:00,34,1,7584,5.7945,5.812,5.791,5.8005,3131,HG.v.0
2026-02-18 18:00:00+00:00,34,1,7584,5.8005,5.806,5.764,5.772,2041,HG.v.0
2026-02-18 19:00:00+00:00,34,1,7584,5.771,5.7765,5.7565,5.7615,776,HG.v.0
2026-02-18 20:00:00+00:00,34,1,7584,5.761,5.7805,5.7585,5.777,623,HG.v.0
2026-02-18 21:00:00+00:00,34,1,7584,5.777,5.783,5.7725,5.778,281,HG.v.0
2026-02-18 23:00:00+00:00,34,1,7584,5.78,5.786,5.7755,5.777,163,HG.v.0
2026-02-19 00:00:00+00:00,34,1,7584,5.7775,5.78,5.7715,5.7715,210,HG.v.0
2026-02-19 01:00:00+00:00,34,1,7584,5.7705,5.7865,5.77,5.785,318,HG.v.0
2026-02-19 02:00:00+00:00,34,1,7584,5.785,5.789,5.7765,5.7825,303,HG.v.0
2026-02-19 03:00:00+00:00,34,1,7584,5.782,5.795,5.7775,5.788,342,HG.v.0
2026-02-19 04:00:00+00:00,34,1,7584,5.7875,5.7915,5.773,5.7735,296,HG.v.0
2026-02-19 05:00:00+00:00,34,1,7584,5.7745,5.788,5.773,5.787,357,HG.v.0
2026-02-19 06:00:00+00:00,34,1,7584,5.7865,5.805,5.7785,5.802,486,HG.v.0
2026-02-19 07:00:00+00:00,34,1,7584,5.8015,5.813,5.7975,5.801,985,HG.v.0
2026-02-19 08:00:00+00:00,34,1,7584,5.801,5.8015,5.7755,5.7875,985,HG.v.0
2026-02-19 09:00:00+00:00,34,1,7584,5.7885,5.8005,5.7595,5.7625,1103,HG.v.0
2026-02-19 10:00:00+00:00,34,1,7584,5.7625,5.7645,5.738,5.742,1560,HG.v.0
2026-02-19 11:00:00+00:00,34,1,7584,5.741,5.7505,5.714,5.7155,1051,HG.v.0
2026-02-19 12:00:00+00:00,34,1,7584,5.7145,5.724,5.7,5.705,1481,HG.v.0
2026-02-19 13:00:00+00:00,34,1,7584,5.705,5.7255,5.6795,5.716,3615,HG.v.0
2026-02-19 14:00:00+00:00,34,1,7584,5.7155,5.7185,5.686,5.71,2550,HG.v.0
2026-02-19 15:00:00+00:00,34,1,7584,5.712,5.7675,5.7085,5.7595,3755,HG.v.0
2026-02-19 16:00:00+00:00,34,1,7584,5.7605,5.7755,5.736,5.7395,1652,HG.v.0
2026-02-19 17:00:00+00:00,34,1,7584,5.7395,5.7555,5.731,5.7415,2527,HG.v.0
2026-02-19 18:00:00+00:00,34,1,7584,5.7415,5.761,5.741,5.7595,1067,HG.v.0
2026-02-19 19:00:00+00:00,34,1,7584,5.7595,5.7655,5.746,5.751,321,HG.v.0
2026-02-19 20:00:00+00:00,34,1,7584,5.752,5.768,5.7505,5.7655,341,HG.v.0
2026-02-19 21:00:00+00:00,34,1,7584,5.7655,5.768,5.7595,5.762,357,HG.v.0
2026-02-19 23:00:00+00:00,34,1,7584,5.763,5.772,5.762,5.7635,238,HG.v.0
2026-02-20 00:00:00+00:00,34,1,7584,5.7625,5.7735,5.7545,5.77,379,HG.v.0
2026-02-20 01:00:00+00:00,34,1,7584,5.769,5.7695,5.7445,5.751,641,HG.v.0
2026-02-20 02:00:00+00:00,34,1,7584,5.751,5.7705,5.7415,5.746,417,HG.v.0
2026-02-20 03:00:00+00:00,34,1,7584,5.7485,5.7525,5.731,5.734,452,HG.v.0
2026-02-20 04:00:00+00:00,34,1,7584,5.734,5.748,5.7305,5.7475,192,HG.v.0
2026-02-20 05:00:00+00:00,34,1,7584,5.75,5.7715,5.75,5.7705,327,HG.v.0
2026-02-20 06:00:00+00:00,34,1,7584,5.769,5.7745,5.761,5.7685,535,HG.v.0
2026-02-20 07:00:00+00:00,34,1,7584,5.7685,5.781,5.7525,5.7545,950,HG.v.0
2026-02-20 08:00:00+00:00,34,1,7584,5.754,5.797,5.7525,5.792,1482,HG.v.0
2026-02-20 09:00:00+00:00,34,1,7584,5.7915,5.796,5.763,5.764,1410,HG.v.0
2026-02-20 10:00:00+00:00,34,1,7584,5.764,5.773,5.757,5.762,631,HG.v.0
2026-02-20 11:00:00+00:00,34,1,7584,5.759,5.769,5.7525,5.7585,581,HG.v.0
2026-02-20 12:00:00+00:00,34,1,7584,5.758,5.7695,5.7425,5.7655,1021,HG.v.0
2026-02-20 13:00:00+00:00,34,1,7584,5.7655,5.768,5.7405,5.755,2162,HG.v.0
2026-02-20 14:00:00+00:00,34,1,7584,5.7545,5.778,5.733,5.7765,2823,HG.v.0
2026-02-20 15:00:00+00:00,34,1,7584,5.7755,5.827,5.7465,5.8055,7538,HG.v.0
2026-02-20 16:00:00+00:00,34,1,7584,5.806,5.8415,5.7995,5.83,3193,HG.v.0
2026-02-20 17:00:00+00:00,34,1,7584,5.8305,5.846,5.8,5.8375,3535,HG.v.0
2026-02-20 18:00:00+00:00,34,1,7584,5.837,5.872,5.8275,5.8605,3940,HG.v.0
2026-02-20 19:00:00+00:00,34,1,7584,5.8615,5.8675,5.8545,5.8625,642,HG.v.0
2026-02-20 20:00:00+00:00,34,1,7584,5.863,5.877,5.8625,5.874,788,HG.v.0
2026-02-20 21:00:00+00:00,34,1,7584,5.8745,5.876,5.866,5.87,346,HG.v.0
2026-02-22 23:00:00+00:00,34,1,7584,5.869,5.904,5.8635,5.9025,898,HG.v.0
2026-02-23 00:00:00+00:00,34,1,7584,5.9015,5.9015,5.872,5.874,512,HG.v.0
2026-02-23 01:00:00+00:00,34,1,7584,5.8735,5.8825,5.8505,5.855,1466,HG.v.0
2026-02-23 02:00:00+00:00,34,1,7584,5.8565,5.858,5.8225,5.8355,1162,HG.v.0
2026-02-23 03:00:00+00:00,34,1,7584,5.8365,5.8415,5.8175,5.8325,486,HG.v.0
2026-02-23 04:00:00+00:00,34,1,7584,5.832,5.832,5.823,5.826,330,HG.v.0
2026-02-23 05:00:00+00:00,34,1,7584,5.826,5.827,5.8135,5.823,370,HG.v.0
2026-02-23 06:00:00+00:00,34,1,7584,5.8235,5.831,5.81,5.811,739,HG.v.0
2026-02-23 07:00:00+00:00,34,1,7584,5.8105,5.83,5.81,5.8295,805,HG.v.0
2026-02-23 08:00:00+00:00,34,1,7584,5.83,5.83,5.809,5.818,1288,HG.v.0
2026-02-23 09:00:00+00:00,34,1,7584,5.817,5.8395,5.8105,5.8335,716,HG.v.0
2026-02-23 10:00:00+00:00,34,1,7584,5.834,5.8445,5.826,5.8375,582,HG.v.0
2026-02-23 11:00:00+00:00,34,1,7584,5.8385,5.8385,5.824,5.8245,731,HG.v.0
2026-02-23 12:00:00+00:00,34,1,7584,5.8245,5.826,5.804,5.8085,1135,HG.v.0
2026-02-23 13:00:00+00:00,34,1,7584,5.8075,5.8175,5.781,5.784,2090,HG.v.0
2026-02-23 14:00:00+00:00,34,1,7584,5.7855,5.823,5.7825,5.815,1185,HG.v.0
2026-02-23 15:00:00+00:00,34,1,7584,5.815,5.8185,5.7805,5.782,1381,HG.v.0
2026-02-23 16:00:00+00:00,34,1,7584,5.782,5.791,5.757,5.774,2210,HG.v.0
2026-02-23 17:00:00+00:00,34,1,7584,5.7745,5.786,5.751,5.7805,3160,HG.v.0
2026-02-23 18:00:00+00:00,34,1,7584,5.7805,5.797,5.7775,5.7915,934,HG.v.0
2026-02-23 19:00:00+00:00,34,1,7584,5.7905,5.7945,5.7855,5.789,278,HG.v.0
2026-02-23 20:00:00+00:00,34,1,7584,5.7885,5.7995,5.785,5.799,272,HG.v.0
2026-02-23 21:00:00+00:00,34,1,7584,5.799,5.8065,5.795,5.798,378,HG.v.0
2026-02-23 23:00:00+00:00,34,1,7584,5.799,5.8085,5.7935,5.8045,180,HG.v.0
2026-02-24 00:00:00+00:00,34,1,7584,5.802,5.8105,5.7865,5.8085,481,HG.v.0
2026-02-24 01:00:00+00:00,34,1,7584,5.8085,5.876,5.803,5.8555,3182,HG.v.0
2026-02-24 02:00:00+00:00,34,1,7584,5.8555,5.9035,5.854,5.9015,1059,HG.v.0
2026-02-24 03:00:00+00:00,34,1,7584,5.903,5.903,5.876,5.8795,528,HG.v.0
2026-02-24 04:00:00+00:00,34,1,7584,5.8785,5.8815,5.874,5.877,176,HG.v.0
2026-02-24 05:00:00+00:00,34,1,7584,5.8765,5.8945,5.8695,5.8905,741,HG.v.0
2026-02-24 06:00:00+00:00,34,1,7584,5.894,5.9025,5.8685,5.8685,493,HG.v.0
2026-02-24 07:00:00+00:00,34,1,7584,5.868,5.8725,5.847,5.8505,666,HG.v.0
2026-02-24 08:00:00+00:00,34,1,7584,5.8505,5.864,5.84,5.854,597,HG.v.0
2026-02-24 09:00:00+00:00,34,1,7584,5.853,5.869,5.8515,5.86,461,HG.v.0
2026-02-24 10:00:00+00:00,34,1,7584,5.861,5.8675,5.8565,5.8605,222,HG.v.0
2026-02-24 11:00:00+00:00,34,1,7584,5.861,5.878,5.8585,5.866,437,HG.v.0
2026-02-24 12:00:00+00:00,34,1,7584,5.8645,5.8875,5.8585,5.8865,809,HG.v.0
2026-02-24 13:00:00+00:00,34,1,7584,5.887,5.923,5.86,5.862,2469,HG.v.0
2026-02-24 14:00:00+00:00,34,1,7584,5.861,5.906,5.8545,5.889,1186,HG.v.0
2026-02-24 15:00:00+00:00,34,1,7584,5.888,5.9125,5.882,5.9105,989,HG.v.0
2026-02-24 16:00:00+00:00,34,1,7584,5.9115,5.9215,5.898,5.9145,798,HG.v.0
2026-02-24 17:00:00+00:00,34,1,7584,5.915,5.937,5.915,5.929,1784,HG.v.0
2026-02-24 18:00:00+00:00,34,1,7584,5.929,5.931,5.912,5.9125,839,HG.v.0
2026-02-24 19:00:00+00:00,34,1,7584,5.9115,5.9115,5.886,5.8965,365,HG.v.0
2026-02-24 20:00:00+00:00,34,1,7584,5.8955,5.9155,5.8925,5.903,307,HG.v.0
2026-02-24 21:00:00+00:00,34,1,7584,5.902,5.9045,5.8965,5.898,94,HG.v.0
2026-02-24 23:00:00+00:00,34,1,7584,5.9015,5.906,5.894,5.9035,127,HG.v.0
2026-02-25 00:00:00+00:00,34,1,7584,5.901,5.907,5.8935,5.907,99,HG.v.0
2026-02-25 01:00:00+00:00,34,1,7584,5.9065,5.941,5.905,5.922,185,HG.v.0
2026-02-25 02:00:00+00:00,34,1,7584,5.9275,5.9605,5.925,5.956,316,HG.v.0
2026-02-25 03:00:00+00:00,34,1,7584,5.957,5.963,5.9405,5.9525,107,HG.v.0
2026-02-25 04:00:00+00:00,34,1,7584,5.9495,5.95,5.935,5.9355,83,HG.v.0
2026-02-25 05:00:00+00:00,34,1,7584,5.9345,5.9735,5.9345,5.965,149,HG.v.0
2026-02-25 06:00:00+00:00,34,1,7584,5.957,5.9705,5.943,5.963,155,HG.v.0
2026-02-25 07:00:00+00:00,34,1,7584,5.965,5.9675,5.9425,5.946,169,HG.v.0
2026-02-25 08:00:00+00:00,34,1,7584,5.945,5.97,5.945,5.9655,289,HG.v.0
2026-02-25 09:00:00+00:00,34,1,7584,5.9665,5.9825,5.951,5.9615,427,HG.v.0
2026-02-25 10:00:00+00:00,34,1,7584,5.967,5.967,5.947,5.947,100,HG.v.0
2026-02-25 11:00:00+00:00,34,1,7584,5.9465,5.9625,5.9355,5.9625,153,HG.v.0
2026-02-25 12:00:00+00:00,34,1,7584,5.964,5.973,5.9525,5.973,110,HG.v.0
2026-02-25 13:00:00+00:00,34,1,7584,5.9715,5.9895,5.949,5.954,540,HG.v.0
2026-02-25 14:00:00+00:00,34,1,7584,5.954,5.963,5.936,5.96,471,HG.v.0
2026-02-25 15:00:00+00:00,34,1,7584,5.961,5.9695,5.952,5.9645,117,HG.v.0
2026-02-25 16:00:00+00:00,34,1,7584,5.9675,5.9825,5.9635,5.981,202,HG.v.0
2026-02-25 17:00:00+00:00,34,1,7584,5.976,5.9905,5.971,5.985,285,HG.v.0
2026-02-25 18:00:00+00:00,34,1,7584,5.9845,5.985,5.984,5.9845,7,HG.v.0
2026-02-25 19:00:00+00:00,34,1,7584,5.995,5.995,5.9795,5.9925,117,HG.v.0
2026-02-25 20:00:00+00:00,34,1,7584,5.992,6.006,5.9705,5.973,158,HG.v.0
2026-02-25 21:00:00+00:00,34,1,7584,5.974,5.9885,5.974,5.985,54,HG.v.0
2026-02-25 23:00:00+00:00,34,1,7584,5.9925,5.9925,5.9785,5.9795,60,HG.v.0
2026-02-26 00:00:00+00:00,34,1,3402,6.0405,6.0545,6.0355,6.0475,551,HG.v.0
2026-02-26 01:00:00+00:00,34,1,3402,6.0475,6.0475,6.0235,6.0345,1307,HG.v.0
2026-02-26 02:00:00+00:00,34,1,3402,6.032,6.0395,5.9825,6.01,1879,HG.v.0
2026-02-26 03:00:00+00:00,34,1,3402,6.011,6.027,6.0085,6.021,507,HG.v.0
2026-02-26 04:00:00+00:00,34,1,3402,6.0195,6.0365,6.0195,6.032,472,HG.v.0
2026-02-26 05:00:00+00:00,34,1,3402,6.033,6.043,6.023,6.0325,511,HG.v.0
2026-02-26 06:00:00+00:00,34,1,3402,6.0335,6.052,6.0245,6.0465,670,HG.v.0
2026-02-26 07:00:00+00:00,34,1,3402,6.047,6.0485,6.02,6.0295,803,HG.v.0
2026-02-26 08:00:00+00:00,34,1,3402,6.028,6.029,5.9965,6.016,1496,HG.v.0
2026-02-26 09:00:00+00:00,34,1,3402,6.0165,6.0375,6.015,6.0325,918,HG.v.0
2026-02-26 10:00:00+00:00,34,1,3402,6.0325,6.047,6.0215,6.0235,732,HG.v.0
2026-02-26 11:00:00+00:00,34,1,3402,6.025,6.044,6.019,6.02,620,HG.v.0
2026-02-26 12:00:00+00:00,34,1,3402,6.0215,6.044,6.01,6.0405,997,HG.v.0
2026-02-26 13:00:00+00:00,34,1,3402,6.04,6.0455,6.0075,6.0295,2212,HG.v.0
2026-02-26 14:00:00+00:00,34,1,3402,6.029,6.034,6.009,6.0235,2320,HG.v.0
2026-02-26 15:00:00+00:00,34,1,3402,6.023,6.036,5.964,6.036,4917,HG.v.0
2026-02-26 16:00:00+00:00,34,1,3402,6.037,6.0605,6.0295,6.0365,2521,HG.v.0
2026-02-26 17:00:00+00:00,34,1,3402,6.037,6.05,6.0015,6.006,3308,HG.v.0
2026-02-26 18:00:00+00:00,34,1,3402,6.0055,6.0185,5.996,6.0155,1440,HG.v.0
2026-02-26 19:00:00+00:00,34,1,3402,6.017,6.0325,6.0145,6.026,644,HG.v.0
2026-02-26 20:00:00+00:00,34,1,3402,6.026,6.037,6.0245,6.033,544,HG.v.0
2026-02-26 21:00:00+00:00,34,1,3402,6.033,6.036,6.022,6.025,396,HG.v.0
2026-02-26 23:00:00+00:00,34,1,3402,6.029,6.029,6.0145,6.0175,187,HG.v.0
2026-02-27 00:00:00+00:00,34,1,3402,6.017,6.027,6.006,6.0135,276,HG.v.0
2026-02-27 01:00:00+00:00,34,1,3402,6.013,6.031,5.9975,6.031,646,HG.v.0
2026-02-27 02:00:00+00:00,34,1,3402,6.032,6.0545,6.031,6.0525,1286,HG.v.0
2026-02-27 03:00:00+00:00,34,1,3402,6.0515,6.0575,6.0325,6.0425,969,HG.v.0
2026-02-27 04:00:00+00:00,34,1,3402,6.0435,6.049,6.038,6.044,702,HG.v.0
2026-02-27 05:00:00+00:00,34,1,3402,6.045,6.0695,6.0415,6.058,1311,HG.v.0
2026-02-27 06:00:00+00:00,34,1,3402,6.057,6.12,6.052,6.108,3158,HG.v.0
2026-02-27 07:00:00+00:00,34,1,3402,6.1095,6.1325,6.1055,6.113,1751,HG.v.0
2026-02-27 08:00:00+00:00,34,1,3402,6.113,6.1275,6.0995,6.107,1535,HG.v.0
2026-02-27 09:00:00+00:00,34,1,3402,6.107,6.1295,6.103,6.1145,1620,HG.v.0
2026-02-27 10:00:00+00:00,34,1,3402,6.115,6.127,6.0995,6.1235,902,HG.v.0
2026-02-27 11:00:00+00:00,34,1,3402,6.1245,6.1335,6.115,6.1265,943,HG.v.0
2026-02-27 12:00:00+00:00,34,1,3402,6.1235,6.138,6.112,6.126,1706,HG.v.0
2026-02-27 13:00:00+00:00,34,1,3402,6.127,6.141,6.076,6.0895,4447,HG.v.0
2026-02-27 14:00:00+00:00,34,1,3402,6.09,6.099,6.069,6.0825,2815,HG.v.0
2026-02-27 15:00:00+00:00,34,1,3402,6.0825,6.097,6.073,6.081,2583,HG.v.0
2026-02-27 16:00:00+00:00,34,1,3402,6.081,6.083,6.048,6.0585,2990,HG.v.0
2026-02-27 17:00:00+00:00,34,1,3402,6.059,6.0725,6.0515,6.058,2422,HG.v.0
2026-02-27 18:00:00+00:00,34,1,3402,6.0575,6.0595,6.0315,6.0365,2078,HG.v.0
2026-02-27 19:00:00+00:00,34,1,3402,6.038,6.046,6.0315,6.034,617,HG.v.0
2026-02-27 20:00:00+00:00,34,1,3402,6.034,6.055,6.034,6.052,778,HG.v.0
2026-02-27 21:00:00+00:00,34,1,3402,6.051,6.066,6.051,6.061,897,HG.v.0
2026-03-01 23:00:00+00:00,34,1,3402,6.015,6.0865,6.0125,6.0545,2171,HG.v.0
2026-03-02 00:00:00+00:00,34,1,3402,6.0555,6.068,6.046,6.062,598,HG.v.0
2026-03-02 01:00:00+00:00,34,1,3402,6.0625,6.09,6.013,6.0305,3830,HG.v.0
2026-03-02 02:00:00+00:00,34,1,3402,6.032,6.049,5.9945,6.0465,1772,HG.v.0
2026-03-02 03:00:00+00:00,34,1,3402,6.0465,6.062,6.0395,6.053,448,HG.v.0
2026-03-02 04:00:00+00:00,34,1,3402,6.053,6.0565,6.032,6.033,342,HG.v.0
2026-03-02 05:00:00+00:00,34,1,3402,6.0325,6.0785,6.0255,6.07,811,HG.v.0
2026-03-02 06:00:00+00:00,34,1,3402,6.069,6.0855,6.061,6.072,1048,HG.v.0
2026-03-02 07:00:00+00:00,34,1,3402,6.072,6.0955,6.0555,6.076,1389,HG.v.0
2026-03-02 08:00:00+00:00,34,1,3402,6.0755,6.0755,6.011,6.063,2331,HG.v.0
2026-03-02 09:00:00+00:00,34,1,3402,6.0625,6.078,6.0485,6.066,924,HG.v.0
2026-03-02 10:00:00+00:00,34,1,3402,6.0665,6.0765,6.051,6.058,493,HG.v.0
2026-03-02 11:00:00+00:00,34,1,3402,6.061,6.0675,6.042,6.046,712,HG.v.0
2026-03-02 12:00:00+00:00,34,1,3402,6.0455,6.051,6.0155,6.024,1689,HG.v.0
2026-03-02 13:00:00+00:00,34,1,3402,6.023,6.0415,6.0,6.0155,2855,HG.v.0
2026-03-02 14:00:00+00:00,34,1,3402,6.0145,6.0155,5.944,5.96,6292,HG.v.0
2026-03-02 15:00:00+00:00,34,1,3402,5.959,5.9815,5.945,5.9565,2891,HG.v.0
2026-03-02 16:00:00+00:00,34,1,3402,5.9535,5.9645,5.935,5.9425,2562,HG.v.0
2026-03-02 17:00:00+00:00,34,1,3402,5.9415,5.951,5.9275,5.9475,3920,HG.v.0
2026-03-02 18:00:00+00:00,34,1,3402,5.947,5.951,5.9355,5.938,1349,HG.v.0
2026-03-02 19:00:00+00:00,34,1,3402,5.9385,5.972,5.9385,5.9715,915,HG.v.0
2026-03-02 20:00:00+00:00,34,1,3402,5.9715,5.984,5.9615,5.9675,1223,HG.v.0
2026-03-02 21:00:00+00:00,34,1,3402,5.969,5.971,5.962,5.9645,272,HG.v.0
2026-03-02 23:00:00+00:00,34,1,3402,5.9615,5.9735,5.96,5.9675,268,HG.v.0
2026-03-03 00:00:00+00:00,34,1,3402,5.967,5.97,5.962,5.9665,353,HG.v.0
2026-03-03 01:00:00+00:00,34,1,3402,5.9665,6.0065,5.949,5.949,2431,HG.v.0
2026-03-03 02:00:00+00:00,34,1,3402,5.949,5.9925,5.942,5.9895,1265,HG.v.0
2026-03-03 03:00:00+00:00,34,1,3402,5.994,6.0125,5.9855,6.002,821,HG.v.0
2026-03-03 04:00:00+00:00,34,1,3402,6.001,6.002,5.9785,5.9805,321,HG.v.0
2026-03-03 05:00:00+00:00,34,1,3402,5.98,5.9995,5.9165,5.921,1827,HG.v.0
2026-03-03 06:00:00+00:00,34,1,3402,5.9225,5.958,5.898,5.9495,2328,HG.v.0
2026-03-03 07:00:00+00:00,34,1,3402,5.948,5.956,5.9225,5.9345,1451,HG.v.0
2026-03-03 08:00:00+00:00,34,1,3402,5.9345,5.9345,5.7875,5.8015,6393,HG.v.0
2026-03-03 09:00:00+00:00,34,1,3402,5.8025,5.818,5.77,5.7905,3835,HG.v.0
2026-03-03 10:00:00+00:00,34,1,3402,5.7925,5.8275,5.789,5.811,2476,HG.v.0
2026-03-03 11:00:00+00:00,34,1,3402,5.808,5.8115,5.747,5.7935,4037,HG.v.0
2026-03-03 12:00:00+00:00,34,1,3402,5.792,5.8415,5.781,5.835,2914,HG.v.0
2026-03-03 13:00:00+00:00,34,1,3402,5.8365,5.8585,5.8165,5.8355,5080,HG.v.0
2026-03-03 14:00:00+00:00,34,1,3402,5.836,5.851,5.777,5.7815,5906,HG.v.0
2026-03-03 15:00:00+00:00,34,1,3402,5.7815,5.8305,5.77,5.8285,6027,HG.v.0
2026-03-03 16:00:00+00:00,34,1,3402,5.829,5.873,5.824,5.8525,5180,HG.v.0
2026-03-03 17:00:00+00:00,34,1,3402,5.8515,5.8525,5.8205,5.823,3709,HG.v.0
2026-03-03 18:00:00+00:00,34,1,3402,5.823,5.871,5.821,5.8595,1660,HG.v.0
2026-03-03 19:00:00+00:00,34,1,3402,5.861,5.868,5.8365,5.858,835,HG.v.0
2026-03-03 20:00:00+00:00,34,1,3402,5.8585,5.8725,5.8305,5.8405,1342,HG.v.0
2026-03-03 21:00:00+00:00,34,1,3402,5.8415,5.8445,5.83,5.8325,357,HG.v.0
2026-03-03 23:00:00+00:00,34,1,3402,5.843,5.8515,5.812,5.846,433,HG.v.0
2026-03-04 00:00:00+00:00,34,1,3402,5.846,5.8555,5.8285,5.854,546,HG.v.0
2026-03-04 01:00:00+00:00,34,1,3402,5.8535,5.869,5.8425,5.8665,1712,HG.v.0
2026-03-04 02:00:00+00:00,34,1,3402,5.8675,5.929,5.8665,5.8945,2703,HG.v.0
2026-03-04 03:00:00+00:00,34,1,3402,5.894,5.928,5.8815,5.9235,1226,HG.v.0
2026-03-04 04:00:00+00:00,34,1,3402,5.924,5.9285,5.8935,5.9015,386,HG.v.0
2026-03-04 05:00:00+00:00,34,1,3402,5.8995,5.9165,5.891,5.899,799,HG.v.0
2026-03-04 06:00:00+00:00,34,1,3402,5.8985,5.9085,5.8835,5.89,1099,HG.v.0
2026-03-04 07:00:00+00:00,34,1,3402,5.8895,5.935,5.8885,5.9175,1438,HG.v.0
2026-03-04 08:00:00+00:00,34,1,3402,5.9165,5.952,5.9095,5.9365,1719,HG.v.0
2026-03-04 09:00:00+00:00,34,1,3402,5.9355,5.9525,5.9235,5.943,1448,HG.v.0
2026-03-04 10:00:00+00:00,34,1,3402,5.943,5.9665,5.925,5.9295,2140,HG.v.0
2026-03-04 11:00:00+00:00,34,1,3402,5.9285,5.943,5.919,5.9275,1820,HG.v.0
2026-03-04 12:00:00+00:00,34,1,3402,5.9265,5.9465,5.8865,5.9135,2337,HG.v.0
2026-03-04 13:00:00+00:00,34,1,3402,5.9125,5.9365,5.895,5.895,3070,HG.v.0
2026-03-04 14:00:00+00:00,34,1,3402,5.8945,5.916,5.874,5.875,2695,HG.v.0
2026-03-04 15:00:00+00:00,34,1,3402,5.8735,5.9195,5.8725,5.8965,2859,HG.v.0
2026-03-04 16:00:00+00:00,34,1,3402,5.897,5.928,5.882,5.925,2559,HG.v.0
2026-03-04 17:00:00+00:00,34,1,3402,5.9255,5.9265,5.899,5.907,1835,HG.v.0
2026-03-04 18:00:00+00:00,34,1,3402,5.9075,5.911,5.8895,5.896,1166,HG.v.0
2026-03-04 19:00:00+00:00,34,1,3402,5.8965,5.9075,5.8965,5.906,270,HG.v.0
2026-03-04 20:00:00+00:00,34,1,3402,5.9055,5.9065,5.889,5.897,431,HG.v.0
2026-03-04 21:00:00+00:00,34,1,3402,5.8965,5.907,5.8935,5.9035,204,HG.v.0
2026-03-04 23:00:00+00:00,34,1,3402,5.9095,5.91,5.901,5.909,215,HG.v.0
2026-03-05 00:00:00+00:00,34,1,3402,5.908,5.9475,5.9015,5.9375,1270,HG.v.0
2026-03-05 01:00:00+00:00,34,1,3402,5.937,5.9535,5.912,5.9225,1669,HG.v.0
2026-03-05 02:00:00+00:00,34,1,3402,5.9225,5.943,5.915,5.934,1327,HG.v.0
2026-03-05 03:00:00+00:00,34,1,3402,5.9365,5.9485,5.8865,5.8895,1315,HG.v.0
2026-03-05 04:00:00+00:00,34,1,3402,5.89,5.903,5.881,5.8915,680,HG.v.0
2026-03-05 05:00:00+00:00,34,1,3402,5.893,5.908,5.837,5.837,1535,HG.v.0
2026-03-05 06:00:00+00:00,34,1,3402,5.8375,5.875,5.824,5.87,1826,HG.v.0
2026-03-05 07:00:00+00:00,34,1,3402,5.8705,5.8795,5.849,5.868,683,HG.v.0
2026-03-05 08:00:00+00:00,34,1,3402,5.8685,5.8715,5.8185,5.833,1523,HG.v.0
2026-03-05 09:00:00+00:00,34,1,3402,5.833,5.8865,5.8185,5.8645,3623,HG.v.0
2026-03-05 10:00:00+00:00,34,1,3402,5.8635,5.8675,5.829,5.833,841,HG.v.0
2026-03-05 11:00:00+00:00,34,1,3402,5.8325,5.8435,5.816,5.828,1474,HG.v.0
2026-03-05 12:00:00+00:00,34,1,3402,5.8295,5.839,5.81,5.822,1983,HG.v.0
2026-03-05 13:00:00+00:00,34,1,3402,5.821,5.825,5.793,5.798,3870,HG.v.0
2026-03-05 14:00:00+00:00,34,1,3402,5.797,5.8225,5.775,5.82,5450,HG.v.0
2026-03-05 15:00:00+00:00,34,1,3402,5.8195,5.8555,5.7995,5.855,5228,HG.v.0
2026-03-05 16:00:00+00:00,34,1,3402,5.855,5.8575,5.819,5.838,3120,HG.v.0
2026-03-05 17:00:00+00:00,34,1,3402,5.837,5.853,5.8015,5.8045,3472,HG.v.0
2026-03-05 18:00:00+00:00,34,1,3402,5.804,5.8185,5.7935,5.803,1469,HG.v.0
2026-03-05 19:00:00+00:00,34,1,3402,5.803,5.81,5.784,5.795,635,HG.v.0
2026-03-05 20:00:00+00:00,34,1,3402,5.7945,5.8275,5.7925,5.8265,811,HG.v.0
2026-03-05 21:00:00+00:00,34,1,3402,5.827,5.828,5.818,5.827,287,HG.v.0
2026-03-05 23:00:00+00:00,34,1,3402,5.829,5.843,5.8285,5.8365,263,HG.v.0
2026-03-06 00:00:00+00:00,34,1,3402,5.836,5.8425,5.829,5.8315,369,HG.v.0
2026-03-06 01:00:00+00:00,34,1,3402,5.8305,5.861,5.81,5.859,1289,HG.v.0
2026-03-06 02:00:00+00:00,34,1,3402,5.8575,5.8805,5.851,5.86,859,HG.v.0
2026-03-06 03:00:00+00:00,34,1,3402,5.8615,5.8785,5.8615,5.871,499,HG.v.0
2026-03-06 04:00:00+00:00,34,1,3402,5.8675,5.872,5.8585,5.8595,280,HG.v.0
2026-03-06 05:00:00+00:00,34,1,3402,5.8595,5.869,5.8325,5.8525,899,HG.v.0
2026-03-06 06:00:00+00:00,34,1,3402,5.8495,5.859,5.8385,5.8515,568,HG.v.0
2026-03-06 07:00:00+00:00,34,1,3402,5.851,5.861,5.837,5.8505,645,HG.v.0
2026-03-06 08:00:00+00:00,34,1,3402,5.851,5.8815,5.849,5.8645,1192,HG.v.0
2026-03-06 09:00:00+00:00,34,1,3402,5.865,5.865,5.807,5.8115,1633,HG.v.0
2026-03-06 10:00:00+00:00,34,1,3402,5.8125,5.8235,5.8,5.817,756,HG.v.0
2026-03-06 11:00:00+00:00,34,1,3402,5.816,5.8245,5.784,5.792,1574,HG.v.0
2026-03-06 12:00:00+00:00,34,1,3402,5.7945,5.8205,5.7915,5.7945,1727,HG.v.0
2026-03-06 13:00:00+00:00,34,1,3402,5.793,5.828,5.779,5.7825,4261,HG.v.0
2026-03-06 14:00:00+00:00,34,1,3402,5.782,5.817,5.78,5.814,4094,HG.v.0
2026-03-06 15:00:00+00:00,34,1,3402,5.8145,5.841,5.7905,5.8045,4078,HG.v.0
2026-03-06 16:00:00+00:00,34,1,3402,5.804,5.833,5.8015,5.808,2649,HG.v.0
2026-03-06 17:00:00+00:00,34,1,3402,5.808,5.8325,5.804,5.807,2067,HG.v.0
2026-03-06 18:00:00+00:00,34,1,3402,5.806,5.8205,5.803,5.812,1328,HG.v.0
2026-03-06 19:00:00+00:00,34,1,3402,5.813,5.829,5.8115,5.827,737,HG.v.0
2026-03-06 20:00:00+00:00,34,1,3402,5.8285,5.8445,5.821,5.837,1323,HG.v.0
2026-03-06 21:00:00+00:00,34,1,3402,5.837,5.8445,5.8345,5.8375,362,HG.v.0
2026-03-08 22:00:00+00:00,34,1,3402,5.83,5.83,5.6945,5.72,3348,HG.v.0
2026-03-08 23:00:00+00:00,34,1,3402,5.72,5.7265,5.6395,5.664,3531,HG.v.0
2026-03-09 00:00:00+00:00,34,1,3402,5.6645,5.718,5.6555,5.697,3028,HG.v.0
2026-03-09 01:00:00+00:00,34,1,3402,5.699,5.725,5.6725,5.7045,4925,HG.v.0
2026-03-09 02:00:00+00:00,34,1,3402,5.7015,5.7815,5.6925,5.754,3563,HG.v.0
2026-03-09 03:00:00+00:00,34,1,3402,5.7535,5.763,5.742,5.7565,839,HG.v.0
2026-03-09 04:00:00+00:00,34,1,3402,5.7575,5.7635,5.748,5.7505,410,HG.v.0
2026-03-09 05:00:00+00:00,34,1,3402,5.747,5.7815,5.739,5.764,1562,HG.v.0
2026-03-09 06:00:00+00:00,34,1,3402,5.7635,5.7855,5.7545,5.7595,1400,HG.v.0
2026-03-09 07:00:00+00:00,34,1,3402,5.76,5.7615,5.7315,5.74,1588,HG.v.0
2026-03-09 08:00:00+00:00,34,1,3402,5.7415,5.7685,5.732,5.7575,1819,HG.v.0
2026-03-09 09:00:00+00:00,34,1,3402,5.7585,5.804,5.75,5.765,2414,HG.v.0
2026-03-09 10:00:00+00:00,34,1,3402,5.7655,5.777,5.751,5.762,947,HG.v.0
2026-03-09 11:00:00+00:00,34,1,3402,5.7615,5.768,5.7365,5.7425,1070,HG.v.0
2026-03-09 12:00:00+00:00,34,1,3402,5.7435,5.7785,5.738,5.764,2068,HG.v.0
2026-03-09 13:00:00+00:00,34,1,3402,5.764,5.794,5.76,5.7615,3194,HG.v.0
2026-03-09 14:00:00+00:00,34,1,3402,5.7615,5.797,5.758,5.795,2032,HG.v.0
2026-03-09 15:00:00+00:00,34,1,3402,5.7955,5.8405,5.795,5.8275,4236,HG.v.0
2026-03-09 16:00:00+00:00,34,1,3402,5.8285,5.8575,5.8285,5.8495,4722,HG.v.0
2026-03-09 17:00:00+00:00,34,1,3402,5.849,5.8555,5.8205,5.8235,1743,HG.v.0
2026-03-09 18:00:00+00:00,34,1,3402,5.825,5.834,5.8185,5.8245,928,HG.v.0
2026-03-09 19:00:00+00:00,34,1,3402,5.823,5.895,5.8225,5.8895,2075,HG.v.0
2026-03-09 20:00:00+00:00,34,1,3402,5.8905,5.9055,5.887,5.9005,1480,HG.v.0
2026-03-09 22:00:00+00:00,34,1,3402,5.9065,5.9065,5.8825,5.897,645,HG.v.0
2026-03-09 23:00:00+00:00,34,1,3402,5.896,5.9045,5.8845,5.888,333,HG.v.0
2026-03-10 00:00:00+00:00,34,1,3402,5.8845,5.906,5.88,5.887,769,HG.v.0
2026-03-10 01:00:00+00:00,34,1,3402,5.8865,5.9165,5.8625,5.9165,2587,HG.v.0
2026-03-10 02:00:00+00:00,34,1,3402,5.9165,5.9345,5.8995,5.903,1942,HG.v.0
2026-03-10 03:00:00+00:00,34,1,3402,5.9025,5.9155,5.89,5.8975,650,HG.v.0
2026-03-10 04:00:00+00:00,34,1,3402,5.898,5.903,5.8935,5.8965,276,HG.v.0
2026-03-10 05:00:00+00:00,34,1,3402,5.8975,5.9105,5.891,5.906,566,HG.v.0
2026-03-10 06:00:00+00:00,34,1,3402,5.909,5.921,5.9055,5.9155,739,HG.v.0
2026-03-10 07:00:00+00:00,34,1,3402,5.915,5.9395,5.907,5.939,1186,HG.v.0
2026-03-10 08:00:00+00:00,34,1,3402,5.939,5.944,5.9245,5.9315,1251,HG.v.0
2026-03-10 09:00:00+00:00,34,1,3402,5.931,5.9575,5.9305,5.945,1287,HG.v.0
2026-03-10 10:00:00+00:00,34,1,3402,5.944,5.944,5.895,5.907,1351,HG.v.0
2026-03-10 11:00:00+00:00,34,1,3402,5.908,5.9215,5.896,5.9,1202,HG.v.0
2026-03-10 12:00:00+00:00,34,1,3402,5.9,5.9005,5.871,5.899,2978,HG.v.0
2026-03-10 13:00:00+00:00,34,1,3402,5.8965,5.9355,5.8885,5.928,3384,HG.v.0
2026-03-10 14:00:00+00:00,34,1,3402,5.9275,5.941,5.916,5.9405,2343,HG.v.0
2026-03-10 15:00:00+00:00,34,1,3402,5.94,5.9575,5.9315,5.9505,2252,HG.v.0
2026-03-10 16:00:00+00:00,34,1,3402,5.951,5.9545,5.9315,5.9535,2709,HG.v.0
2026-03-10 17:00:00+00:00,34,1,3402,5.9525,5.962,5.945,5.952,1613,HG.v.0
2026-03-10 18:00:00+00:00,34,1,3402,5.953,5.9535,5.9135,5.9235,1581,HG.v.0
2026-03-10 19:00:00+00:00,34,1,3402,5.9245,5.9385,5.915,5.9185,769,HG.v.0
2026-03-10 20:00:00+00:00,34,1,3402,5.919,5.922,5.915,5.9165,276,HG.v.0
2026-03-10 22:00:00+00:00,34,1,3402,5.9255,5.9255,5.917,5.919,144,HG.v.0
2026-03-10 23:00:00+00:00,34,1,3402,5.9195,5.924,5.9175,5.9225,131,HG.v.0
2026-03-11 00:00:00+00:00,34,1,3402,5.9235,5.9415,5.923,5.94,574,HG.v.0
2026-03-11 01:00:00+00:00,34,1,3402,5.9395,5.941,5.9205,5.9265,786,HG.v.0
2026-03-11 02:00:00+00:00,34,1,3402,5.926,5.943,5.921,5.933,602,HG.v.0
2026-03-11 03:00:00+00:00,34,1,3402,5.935,5.9405,5.9235,5.9355,316,HG.v.0
2026-03-11 04:00:00+00:00,34,1,3402,5.9345,5.9425,5.933,5.9415,188,HG.v.0
2026-03-11 05:00:00+00:00,34,1,3402,5.941,5.942,5.917,5.9225,613,HG.v.0
2026-03-11 06:00:00+00:00,34,1,3402,5.9235,5.9355,5.8875,5.89,1910,HG.v.0
2026-03-11 07:00:00+00:00,34,1,3402,5.8905,5.9005,5.8675,5.8765,1431,HG.v.0
2026-03-11 08:00:00+00:00,34,1,3402,5.8755,5.8765,5.8395,5.855,2365,HG.v.0
2026-03-11 09:00:00+00:00,34,1,3402,5.855,5.8625,5.837,5.85,1242,HG.v.0
2026-03-11 10:00:00+00:00,34,1,3402,5.85,5.873,5.85,5.861,860,HG.v.0
2026-03-11 11:00:00+00:00,34,1,3402,5.863,5.8735,5.845,5.846,993,HG.v.0
2026-03-11 12:00:00+00:00,34,1,3402,5.8455,5.862,5.8345,5.838,2139,HG.v.0
2026-03-11 13:00:00+00:00,34,1,3402,5.838,5.8825,5.8375,5.882,2995,HG.v.0
2026-03-11 14:00:00+00:00,34,1,3402,5.881,5.9105,5.8745,5.896,2556,HG.v.0
2026-03-11 15:00:00+00:00,34,1,3402,5.899,5.9035,5.872,5.8735,1507,HG.v.0
2026-03-11 16:00:00+00:00,34,1,3402,5.873,5.8945,5.87,5.89,2058,HG.v.0
2026-03-11 17:00:00+00:00,34,1,3402,5.8905,5.894,5.858,5.882,1557,HG.v.0
2026-03-11 18:00:00+00:00,34,1,3402,5.8815,5.899,5.878,5.8945,964,HG.v.0
2026-03-11 19:00:00+00:00,34,1,3402,5.894,5.9285,5.894,5.9245,1175,HG.v.0
2026-03-11 20:00:00+00:00,34,1,3402,5.9235,5.9245,5.9055,5.9095,317,HG.v.0
2026-03-11 22:00:00+00:00,34,1,3402,5.919,5.919,5.882,5.8835,571,HG.v.0
2026-03-11 23:00:00+00:00,34,1,3402,5.8835,5.889,5.876,5.879,380,HG.v.0
2026-03-12 00:00:00+00:00,34,1,3402,5.881,5.8955,5.8795,5.886,310,HG.v.0
2026-03-12 01:00:00+00:00,34,1,3402,5.8865,5.892,5.87,5.8825,980,HG.v.0
2026-03-12 02:00:00+00:00,34,1,3402,5.8815,5.8905,5.833,5.8355,1864,HG.v.0
2026-03-12 03:00:00+00:00,34,1,3402,5.8345,5.8485,5.833,5.84,713,HG.v.0
2026-03-12 04:00:00+00:00,34,1,3402,5.839,5.8435,5.821,5.822,772,HG.v.0
2026-03-12 05:00:00+00:00,34,1,3402,5.824,5.848,5.824,5.8435,691,HG.v.0
2026-03-12 06:00:00+00:00,34,1,3402,5.845,5.869,5.844,5.8665,524,HG.v.0
2026-03-12 07:00:00+00:00,34,1,3402,5.865,5.8885,5.8605,5.8885,868,HG.v.0
2026-03-12 08:00:00+00:00,34,1,3402,5.889,5.9005,5.885,5.892,1034,HG.v.0
2026-03-12 09:00:00+00:00,34,1,3402,5.894,5.9045,5.885,5.9015,1261,HG.v.0
2026-03-12 10:00:00+00:00,34,1,3402,5.901,5.9025,5.882,5.887,504,HG.v.0
2026-03-12 11:00:00+00:00,34,1,3402,5.8865,5.899,5.8805,5.899,815,HG.v.0
2026-03-12 12:00:00+00:00,34,1,3402,5.8995,5.902,5.867,5.885,1742,HG.v.0
2026-03-12 13:00:00+00:00,34,1,3402,5.8845,5.89,5.849,5.8505,2856,HG.v.0
2026-03-12 14:00:00+00:00,34,1,3402,5.85,5.8675,5.8385,5.845,2543,HG.v.0
2026-03-12 15:00:00+00:00,34,1,3402,5.846,5.867,5.828,5.865,2516,HG.v.0
2026-03-12 16:00:00+00:00,34,1,3402,5.865,5.88,5.8535,5.8675,3202,HG.v.0
2026-03-12 17:00:00+00:00,34,1,3402,5.8675,5.8685,5.8425,5.8475,1090,HG.v.0
2026-03-12 18:00:00+00:00,34,1,3402,5.8485,5.8545,5.8335,5.839,849,HG.v.0
2026-03-12 19:00:00+00:00,34,1,3402,5.839,5.844,5.828,5.831,723,HG.v.0
2026-03-12 20:00:00+00:00,34,1,3402,5.831,5.832,5.808,5.821,679,HG.v.0
2026-03-12 22:00:00+00:00,34,1,3402,5.8265,5.8315,5.8225,5.831,210,HG.v.0
2026-03-12 23:00:00+00:00,34,1,3402,5.832,5.8335,5.8285,5.8285,108,HG.v.0
2026-03-13 00:00:00+00:00,34,1,3402,5.828,5.842,5.8245,5.84,466,HG.v.0
2026-03-13 01:00:00+00:00,34,1,3402,5.839,5.8565,5.838,5.8485,1205,HG.v.0
2026-03-13 02:00:00+00:00,34,1,3402,5.8485,5.8555,5.826,5.8315,595,HG.v.0
2026-03-13 03:00:00+00:00,34,1,3402,5.8305,5.8375,5.8195,5.8285,540,HG.v.0
2026-03-13 04:00:00+00:00,34,1,3402,5.8275,5.8325,5.817,5.824,356,HG.v.0
2026-03-13 05:00:00+00:00,34,1,3402,5.8245,5.827,5.799,5.805,1520,HG.v.0
2026-03-13 06:00:00+00:00,34,1,3402,5.805,5.812,5.795,5.8025,1114,HG.v.0
2026-03-13 07:00:00+00:00,34,1,3402,5.8025,5.8035,5.783,5.7865,1020,HG.v.0
2026-03-13 08:00:00+00:00,34,1,3402,5.785,5.8025,5.7675,5.7985,2077,HG.v.0
2026-03-13 09:00:00+00:00,34,1,3402,5.799,5.8135,5.789,5.797,894,HG.v.0
2026-03-13 10:00:00+00:00,34,1,3402,5.796,5.8205,5.796,5.8135,867,HG.v.0
2026-03-13 11:00:00+00:00,34,1,3402,5.8135,5.818,5.796,5.8,992,HG.v.0
2026-03-13 12:00:00+00:00,34,1,3402,5.7995,5.8245,5.787,5.8235,2687,HG.v.0
2026-03-13 13:00:00+00:00,34,1,3402,5.823,5.842,5.798,5.8145,2671,HG.v.0
2026-03-13 14:00:00+00:00,34,1,3402,5.8135,5.818,5.7925,5.7965,2645,HG.v.0
2026-03-13 15:00:00+00:00,34,1,3402,5.7965,5.807,5.776,5.777,2668,HG.v.0
2026-03-13 16:00:00+00:00,34,1,3402,5.7775,5.784,5.754,5.7555,3767,HG.v.0
2026-03-13 17:00:00+00:00,34,1,3402,5.7555,5.7625,5.7475,5.7525,1884,HG.v.0
2026-03-13 18:00:00+00:00,34,1,3402,5.7525,5.7595,5.7355,5.744,1519,HG.v.0
2026-03-13 19:00:00+00:00,34,1,3402,5.7435,5.7445,5.6955,5.702,2201,HG.v.0
2026-03-13 20:00:00+00:00,34,1,3402,5.7025,5.7025,5.659,5.675,1992,HG.v.0
2026-03-15 22:00:00+00:00,34,1,3402,5.68,5.703,5.656,5.697,1116,HG.v.0
2026-03-15 23:00:00+00:00,34,1,3402,5.6965,5.701,5.6805,5.6925,721,HG.v.0
2026-03-16 00:00:00+00:00,34,1,3402,5.694,5.7385,5.694,5.734,1751,HG.v.0
2026-03-16 01:00:00+00:00,34,1,3402,5.735,5.757,5.7005,5.743,3445,HG.v.0
2026-03-16 02:00:00+00:00,34,1,3402,5.743,5.745,5.717,5.72,1094,HG.v.0
2026-03-16 03:00:00+00:00,34,1,3402,5.7185,5.7415,5.7045,5.739,913,HG.v.0
2026-03-16 04:00:00+00:00,34,1,3402,5.738,5.75,5.737,5.739,443,HG.v.0
2026-03-16 05:00:00+00:00,34,1,3402,5.7385,5.7745,5.736,5.769,1208,HG.v.0
2026-03-16 06:00:00+00:00,34,1,3402,5.768,5.7755,5.761,5.761,736,HG.v.0
2026-03-16 07:00:00+00:00,34,1,3402,5.7615,5.7705,5.728,5.732,1051,HG.v.0
2026-03-16 08:00:00+00:00,34,1,3402,5.7315,5.7425,5.7155,5.7365,1134,HG.v.0
2026-03-16 09:00:00+00:00,34,1,3402,5.7365,5.746,5.7235,5.7285,828,HG.v.0
2026-03-16 10:00:00+00:00,34,1,3402,5.7275,5.7555,5.722,5.7555,1030,HG.v.0
2026-03-16 11:00:00+00:00,34,1,3402,5.754,5.776,5.75,5.7755,1089,HG.v.0
2026-03-16 12:00:00+00:00,34,1,3402,5.7755,5.802,5.7745,5.7925,2993,HG.v.0
2026-03-16 13:00:00+00:00,34,1,3402,5.793,5.826,5.7875,5.823,2909,HG.v.0
2026-03-16 14:00:00+00:00,34,1,3402,5.823,5.832,5.8005,5.825,3959,HG.v.0
2026-03-16 15:00:00+00:00,34,1,3402,5.826,5.86,5.815,5.833,4499,HG.v.0
2026-03-16 16:00:00+00:00,34,1,3402,5.8335,5.846,5.827,5.8275,3042,HG.v.0
2026-03-16 17:00:00+00:00,34,1,3402,5.8285,5.832,5.8165,5.8215,1957,HG.v.0
2026-03-16 18:00:00+00:00,34,1,3402,5.8215,5.842,5.8215,5.833,1205,HG.v.0
2026-03-16 19:00:00+00:00,34,1,3402,5.834,5.8495,5.8335,5.843,739,HG.v.0
2026-03-16 20:00:00+00:00,34,1,3402,5.842,5.8435,5.8335,5.8375,419,HG.v.0
2026-03-16 22:00:00+00:00,34,1,3402,5.845,5.8495,5.8315,5.8315,166,HG.v.0
2026-03-16 23:00:00+00:00,34,1,3402,5.832,5.84,5.832,5.8385,86,HG.v.0
2026-03-17 00:00:00+00:00,34,1,3402,5.838,5.84,5.8285,5.834,208,HG.v.0
2026-03-17 01:00:00+00:00,34,1,3402,5.833,5.846,5.82,5.844,1797,HG.v.0
2026-03-17 02:00:00+00:00,34,1,3402,5.846,5.854,5.8265,5.8265,722,HG.v.0
2026-03-17 03:00:00+00:00,34,1,3402,5.8265,5.8325,5.818,5.8225,486,HG.v.0
2026-03-17 04:00:00+00:00,34,1,3402,5.823,5.839,5.8215,5.8345,264,HG.v.0
2026-03-17 05:00:00+00:00,34,1,3402,5.8355,5.838,5.804,5.805,595,HG.v.0
2026-03-17 06:00:00+00:00,34,1,3402,5.8065,5.808,5.7695,5.7735,1011,HG.v.0
2026-03-17 07:00:00+00:00,34,1,3402,5.775,5.791,5.771,5.7765,1073,HG.v.0
2026-03-17 08:00:00+00:00,34,1,3402,5.7765,5.7835,5.7575,5.777,1125,HG.v.0
2026-03-17 09:00:00+00:00,34,1,3402,5.7765,5.7765,5.75,5.7635,1523,HG.v.0
2026-03-17 10:00:00+00:00,34,1,3402,5.763,5.766,5.752,5.7565,656,HG.v.0
2026-03-17 11:00:00+00:00,34,1,3402,5.755,5.7715,5.749,5.7625,735,HG.v.0
2026-03-17 12:00:00+00:00,34,1,3402,5.7625,5.7875,5.758,5.779,2343,HG.v.0
2026-03-17 13:00:00+00:00,34,1,3402,5.779,5.8,5.775,5.7855,2497,HG.v.0
2026-03-17 14:00:00+00:00,34,1,3402,5.786,5.789,5.767,5.7775,2585,HG.v.0
2026-03-17 15:00:00+00:00,34,1,3402,5.777,5.784,5.737,5.7615,2511,HG.v.0
2026-03-17 16:00:00+00:00,34,1,3402,5.7615,5.778,5.7535,5.766,2452,HG.v.0
2026-03-17 17:00:00+00:00,34,1,3402,5.767,5.775,5.759,5.7725,1030,HG.v.0
2026-03-17 18:00:00+00:00,34,1,3402,5.773,5.7735,5.7655,5.771,248,HG.v.0
2026-03-17 19:00:00+00:00,34,1,3402,5.7705,5.771,5.7645,5.769,257,HG.v.0
2026-03-17 20:00:00+00:00,34,1,3402,5.769,5.774,5.761,5.766,265,HG.v.0
2026-03-17 22:00:00+00:00,34,1,3402,5.777,5.7785,5.7645,5.769,95,HG.v.0
2026-03-17 23:00:00+00:00,34,1,3402,5.7685,5.769,5.7635,5.764,79,HG.v.0
2026-03-18 00:00:00+00:00,34,1,3402,5.764,5.7765,5.7555,5.766,493,HG.v.0
2026-03-18 01:00:00+00:00,34,1,3402,5.765,5.7785,5.7425,5.755,1232,HG.v.0
2026-03-18 02:00:00+00:00,34,1,3402,5.755,5.7725,5.746,5.752,846,HG.v.0
2026-03-18 03:00:00+00:00,34,1,3402,5.753,5.756,5.715,5.722,1373,HG.v.0
2026-03-18 04:00:00+00:00,34,1,3402,5.7225,5.729,5.7205,5.7245,422,HG.v.0
2026-03-18 05:00:00+00:00,34,1,3402,5.725,5.743,5.6985,5.7055,1702,HG.v.0
2026-03-18 06:00:00+00:00,34,1,3402,5.705,5.7375,5.703,5.7355,1355,HG.v.0
2026-03-18 07:00:00+00:00,34,1,3402,5.7355,5.747,5.707,5.717,622,HG.v.0
2026-03-18 08:00:00+00:00,34,1,3402,5.716,5.721,5.6995,5.709,1018,HG.v.0
2026-03-18 09:00:00+00:00,34,1,3402,5.708,5.7455,5.7065,5.742,1100,HG.v.0
2026-03-18 10:00:00+00:00,34,1,3402,5.7415,5.7435,5.721,5.7235,674,HG.v.0
2026-03-18 11:00:00+00:00,34,1,3402,5.724,5.736,5.6975,5.7105,1953,HG.v.0
2026-03-18 12:00:00+00:00,34,1,3402,5.711,5.712,5.665,5.67,3988,HG.v.0
2026-03-18 13:00:00+00:00,34,1,3402,5.67,5.674,5.559,5.5755,17818,HG.v.0
2026-03-18 14:00:00+00:00,34,1,3402,5.5755,5.6155,5.572,5.6025,4656,HG.v.0
2026-03-18 15:00:00+00:00,34,1,3402,5.603,5.612,5.591,5.6005,3121,HG.v.0
2026-03-18 16:00:00+00:00,34,1,3402,5.6,5.616,5.588,5.592,3417,HG.v.0
2026-03-18 17:00:00+00:00,34,1,3402,5.5925,5.5985,5.5835,5.5855,2000,HG.v.0
2026-03-18 18:00:00+00:00,34,1,3402,5.586,5.592,5.56,5.561,1545,HG.v.0
2026-03-18 19:00:00+00:00,34,1,3402,5.5605,5.5605,5.502,5.5075,3038,HG.v.0
2026-03-18 20:00:00+00:00,34,1,3402,5.5075,5.5135,5.46,5.4735,3842,HG.v.0
2026-03-18 22:00:00+00:00,34,1,3402,5.4885,5.5035,5.4785,5.4965,690,HG.v.0
2026-03-18 23:00:00+00:00,34,1,3402,5.495,5.5115,5.495,5.5075,435,HG.v.0
2026-03-19 00:00:00+00:00,34,1,3402,5.507,5.5435,5.502,5.5395,1695,HG.v.0
2026-03-19 01:00:00+00:00,34,1,3402,5.5375,5.555,5.5085,5.514,3039,HG.v.0
2026-03-19 02:00:00+00:00,34,1,3402,5.5145,5.531,5.5065,5.516,764,HG.v.0
2026-03-19 03:00:00+00:00,34,1,3402,5.516,5.5275,5.513,5.5195,403,HG.v.0
2026-03-19 04:00:00+00:00,34,1,3402,5.519,5.519,5.505,5.515,499,HG.v.0
2026-03-19 05:00:00+00:00,34,1,3402,5.5165,5.522,5.46,5.4655,1490,HG.v.0
2026-03-19 06:00:00+00:00,34,1,3402,5.4635,5.483,5.428,5.4585,3655,HG.v.0
2026-03-19 07:00:00+00:00,34,1,3402,5.4595,5.4905,5.4365,5.438,2309,HG.v.0
2026-03-19 08:00:00+00:00,34,1,3402,5.439,5.461,5.419,5.447,2527,HG.v.0
2026-03-19 09:00:00+00:00,34,1,3402,5.4455,5.477,5.4355,5.467,2582,HG.v.0
2026-03-19 10:00:00+00:00,34,1,3402,5.4665,5.4665,5.4355,5.444,1410,HG.v.0
2026-03-19 11:00:00+00:00,34,1,3402,5.4435,5.45,5.425,5.437,1695,HG.v.0
2026-03-19 12:00:00+00:00,34,1,3402,5.436,5.4365,5.311,5.3235,10973,HG.v.0
2026-03-19 13:00:00+00:00,34,1,3402,5.324,5.4235,5.297,5.421,12144,HG.v.0
2026-03-19 14:00:00+00:00,34,1,3402,5.4205,5.4805,5.4185,5.4715,9377,HG.v.0
2026-03-19 15:00:00+00:00,34,1,3402,5.471,5.5095,5.4465,5.484,5304,HG.v.0
2026-03-19 16:00:00+00:00,34,1,3402,5.4855,5.504,5.4585,5.4685,3731,HG.v.0
2026-03-19 17:00:00+00:00,34,1,3402,5.4695,5.5,5.457,5.49,1880,HG.v.0
2026-03-19 18:00:00+00:00,34,1,3402,5.491,5.4975,5.4795,5.496,1187,HG.v.0
2026-03-19 19:00:00+00:00,34,1,3402,5.4965,5.5395,5.4955,5.518,1856,HG.v.0
2026-03-19 20:00:00+00:00,34,1,3402,5.518,5.5285,5.516,5.521,578,HG.v.0
2026-03-19 22:00:00+00:00,34,1,3402,5.525,5.535,5.5115,5.5125,468,HG.v.0
2026-03-19 23:00:00+00:00,34,1,3402,5.5135,5.5285,5.5135,5.5175,394,HG.v.0
2026-03-20 00:00:00+00:00,34,1,3402,5.518,5.5275,5.505,5.5145,572,HG.v.0
2026-03-20 01:00:00+00:00,34,1,3402,5.515,5.565,5.5005,5.535,2222,HG.v.0
2026-03-20 02:00:00+00:00,34,1,3402,5.5385,5.5455,5.5205,5.5335,971,HG.v.0
2026-03-20 03:00:00+00:00,34,1,3402,5.536,5.549,5.524,5.5475,634,HG.v.0
2026-03-20 04:00:00+00:00,34,1,3402,5.548,5.553,5.543,5.5485,443,HG.v.0
2026-03-20 05:00:00+00:00,34,1,3402,5.548,5.5505,5.497,5.5,1093,HG.v.0
2026-03-20 06:00:00+00:00,34,1,3402,5.5,5.514,5.4755,5.481,1204,HG.v.0
2026-03-20 07:00:00+00:00,34,1,3402,5.4815,5.522,5.476,5.517,868,HG.v.0
2026-03-20 08:00:00+00:00,34,1,3402,5.516,5.5275,5.4995,5.506,1183,HG.v.0
2026-03-20 09:00:00+00:00,34,1,3402,5.5045,5.506,5.455,5.46,1699,HG.v.0
2026-03-20 10:00:00+00:00,34,1,3402,5.4595,5.4695,5.4415,5.4585,1186,HG.v.0
2026-03-20 11:00:00+00:00,34,1,3402,5.458,5.477,5.453,5.4645,1173,HG.v.0
2026-03-20 12:00:00+00:00,34,1,3402,5.4645,5.4785,5.4505,5.4785,2199,HG.v.0
2026-03-20 13:00:00+00:00,34,1,3402,5.4785,5.479,5.379,5.384,7289,HG.v.0
2026-03-20 14:00:00+00:00,34,1,3402,5.383,5.3865,5.3545,5.3715,5370,HG.v.0
2026-03-20 15:00:00+00:00,34,1,3402,5.371,5.3865,5.3515,5.3605,4609,HG.v.0
2026-03-20 16:00:00+00:00,34,1,3402,5.3605,5.4025,5.3595,5.372,3846,HG.v.0
2026-03-20 17:00:00+00:00,34,1,3402,5.372,5.377,5.348,5.367,2164,HG.v.0
2026-03-20 18:00:00+00:00,34,1,3402,5.369,5.37,5.3265,5.331,1769,HG.v.0
2026-03-20 19:00:00+00:00,34,1,3402,5.3315,5.3385,5.2885,5.3,2571,HG.v.0
2026-03-20 20:00:00+00:00,34,1,3402,5.2995,5.3095,5.271,5.302,1816,HG.v.0
2026-03-22 22:00:00+00:00,34,1,3402,5.312,5.3165,5.255,5.301,1766,HG.v.0
2026-03-22 23:00:00+00:00,34,1,3402,5.302,5.315,5.2995,5.3105,463,HG.v.0
2026-03-23 00:00:00+00:00,34,1,3402,5.31,5.3135,5.246,5.279,4744,HG.v.0
2026-03-23 01:00:00+00:00,34,1,3402,5.2785,5.3445,5.2685,5.3245,6433,HG.v.0
2026-03-23 02:00:00+00:00,34,1,3402,5.3235,5.3525,5.299,5.327,2593,HG.v.0
2026-03-23 03:00:00+00:00,34,1,3402,5.327,5.3335,5.2975,5.305,969,HG.v.0
2026-03-23 04:00:00+00:00,34,1,3402,5.3065,5.3175,5.3025,5.3105,340,HG.v.0
2026-03-23 05:00:00+00:00,34,1,3402,5.3095,5.3225,5.2715,5.29,1472,HG.v.0
2026-03-23 06:00:00+00:00,34,1,3402,5.285,5.287,5.2545,5.279,2580,HG.v.0
2026-03-23 07:00:00+00:00,34,1,3402,5.2785,5.285,5.255,5.26,2197,HG.v.0
2026-03-23 08:00:00+00:00,34,1,3402,5.259,5.3235,5.259,5.316,2273,HG.v.0
2026-03-23 09:00:00+00:00,34,1,3402,5.3135,5.3365,5.302,5.324,1850,HG.v.0
2026-03-23 10:00:00+00:00,34,1,3402,5.325,5.3305,5.301,5.3165,1283,HG.v.0
2026-03-23 11:00:00+00:00,34,1,3402,5.3175,5.585,5.3175,5.4175,17520,HG.v.0
2026-03-23 12:00:00+00:00,34,1,3402,5.416,5.494,5.3865,5.4875,8824,HG.v.0
2026-03-23 13:00:00+00:00,34,1,3402,5.489,5.495,5.429,5.4795,5694,HG.v.0
2026-03-23 14:00:00+00:00,34,1,3402,5.4805,5.512,5.4555,5.4995,5505,HG.v.0
2026-03-23 15:00:00+00:00,34,1,3402,5.4995,5.5445,5.452,5.459,6855,HG.v.0
2026-03-23 16:00:00+00:00,34,1,3402,5.4595,5.49,5.451,5.471,3501,HG.v.0
2026-03-23 17:00:00+00:00,34,1,3402,5.4715,5.5055,5.462,5.4975,1543,HG.v.0
2026-03-23 18:00:00+00:00,34,1,3402,5.498,5.5135,5.482,5.507,1619,HG.v.0
2026-03-23 19:00:00+00:00,34,1,3402,5.5075,5.5075,5.4775,5.484,1420,HG.v.0
2026-03-23 20:00:00+00:00,34,1,3402,5.4835,5.4885,5.478,5.4865,237,HG.v.0
2026-03-23 22:00:00+00:00,34,1,3402,5.485,5.5005,5.474,5.5,323,HG.v.0
2026-03-23 23:00:00+00:00,34,1,3402,5.4985,5.5005,5.489,5.489,109,HG.v.0
2026-03-24 00:00:00+00:00,34,1,3402,5.4935,5.494,5.4455,5.464,708,HG.v.0
2026-03-24 01:00:00+00:00,34,1,3402,5.464,5.467,5.404,5.404,1931,HG.v.0
2026-03-24 02:00:00+00:00,34,1,3402,5.404,5.4375,5.4,5.423,935,HG.v.0
2026-03-24 03:00:00+00:00,34,1,3402,5.422,5.4255,5.4005,5.4045,581,HG.v.0
2026-03-24 04:00:00+00:00,34,1,3402,5.405,5.4095,5.3745,5.3865,1031,HG.v.0
2026-03-24 05:00:00+00:00,34,1,3402,5.387,5.397,5.356,5.373,2821,HG.v.0
2026-03-24 06:00:00+00:00,34,1,3402,5.372,5.424,5.37,5.42,1453,HG.v.0
2026-03-24 07:00:00+00:00,34,1,3402,5.421,5.451,5.4065,5.4165,1717,HG.v.0
2026-03-24 08:00:00+00:00,34,1,3402,5.416,5.4165,5.394,5.4015,1704,HG.v.0
2026-03-24 09:00:00+00:00,34,1,3402,5.4,5.406,5.382,5.404,1096,HG.v.0
2026-03-24 10:00:00+00:00,34,1,3402,5.4025,5.42,5.392,5.4135,1063,HG.v.0
2026-03-24 11:00:00+00:00,34,1,3402,5.414,5.424,5.397,5.419,1245,HG.v.0
2026-03-24 12:00:00+00:00,34,1,3402,5.4185,5.425,5.3865,5.394,3020,HG.v.0
2026-03-24 13:00:00+00:00,34,1,3402,5.393,5.426,5.389,5.4225,3165,HG.v.0
2026-03-24 14:00:00+00:00,34,1,3402,5.422,5.473,5.4205,5.4485,3875,HG.v.0
2026-03-24 15:00:00+00:00,34,1,3402,5.451,5.4775,5.4505,5.4515,2606,HG.v.0
2026-03-24 16:00:00+00:00,34,1,3402,5.4525,5.4705,5.4445,5.456,2445,HG.v.0
2026-03-24 17:00:00+00:00,34,1,3402,5.456,5.4595,5.4205,5.4425,1860,HG.v.0
2026-03-24 18:00:00+00:00,34,1,3402,5.444,5.4735,5.4345,5.455,998,HG.v.0
2026-03-24 19:00:00+00:00,34,1,3402,5.4575,5.4725,5.451,5.454,486,HG.v.0
2026-03-24 20:00:00+00:00,34,1,3402,5.454,5.57,5.4535,5.558,3485,HG.v.0
2026-03-24 22:00:00+00:00,34,1,3402,5.5585,5.5585,5.52,5.533,706,HG.v.0
2026-03-24 23:00:00+00:00,34,1,3402,5.533,5.555,5.5205,5.555,816,HG.v.0
2026-03-25 00:00:00+00:00,34,1,3402,5.5545,5.58,5.542,5.558,2757,HG.v.0
2026-03-25 01:00:00+00:00,34,1,3402,5.5575,5.571,5.5145,5.535,3657,HG.v.0
2026-03-25 02:00:00+00:00,34,1,3402,5.536,5.544,5.5195,5.5205,978,HG.v.0
2026-03-25 03:00:00+00:00,34,1,3402,5.52,5.5375,5.5175,5.533,477,HG.v.0
2026-03-25 04:00:00+00:00,34,1,3402,5.532,5.545,5.5305,5.541,405,HG.v.0
2026-03-25 05:00:00+00:00,34,1,3402,5.539,5.5415,5.5085,5.518,829,HG.v.0
2026-03-25 06:00:00+00:00,34,1,3402,5.517,5.535,5.5005,5.519,727,HG.v.0
2026-03-25 07:00:00+00:00,34,1,3402,5.518,5.5375,5.505,5.5065,734,HG.v.0
2026-03-25 08:00:00+00:00,34,1,3402,5.5065,5.5485,5.504,5.5255,1793,HG.v.0
2026-03-25 09:00:00+00:00,34,1,3402,5.5255,5.546,5.5065,5.5355,1650,HG.v.0
2026-03-25 10:00:00+00:00,34,1,3402,5.5365,5.5495,5.523,5.5395,1354,HG.v.0
2026-03-25 11:00:00+00:00,34,1,3402,5.5395,5.554,5.534,5.547,1226,HG.v.0
2026-03-25 12:00:00+00:00,34,1,3402,5.548,5.5665,5.5055,5.5345,3464,HG.v.0
2026-03-25 13:00:00+00:00,34,1,3402,5.536,5.54,5.517,5.518,2084,HG.v.0
2026-03-25 14:00:00+00:00,34,1,3402,5.519,5.5965,5.512,5.563,4614,HG.v.0
2026-03-25 15:00:00+00:00,34,1,3402,5.563,5.5665,5.519,5.541,2372,HG.v.0
2026-03-25 16:00:00+00:00,34,1,3402,5.5415,5.5655,5.5385,5.5605,2646,HG.v.0
2026-03-25 17:00:00+00:00,34,1,3402,5.56,5.5715,5.549,5.5525,1485,HG.v.0
2026-03-25 18:00:00+00:00,34,1,3402,5.553,5.5685,5.5385,5.5425,1681,HG.v.0
2026-03-25 19:00:00+00:00,34,1,3402,5.543,5.543,5.511,5.5325,1100,HG.v.0
2026-03-25 20:00:00+00:00,34,1,3402,5.532,5.5345,5.505,5.52,1106,HG.v.0
2026-03-25 22:00:00+00:00,34,1,3402,5.5245,5.5305,5.5175,5.521,226,HG.v.0
2026-03-25 23:00:00+00:00,34,1,3402,5.52,5.52,5.5105,5.519,252,HG.v.0
2026-03-26 00:00:00+00:00,34,1,3402,5.5195,5.539,5.519,5.535,486,HG.v.0
2026-03-26 01:00:00+00:00,34,1,3402,5.5345,5.5365,5.506,5.5145,1067,HG.v.0
2026-03-26 02:00:00+00:00,34,1,3402,5.5145,5.519,5.483,5.4895,962,HG.v.0
2026-03-26 03:00:00+00:00,34,1,3402,5.4905,5.504,5.4785,5.4845,661,HG.v.0
2026-03-26 04:00:00+00:00,34,1,3402,5.4855,5.4885,5.48,5.4835,237,HG.v.0
2026-03-26 05:00:00+00:00,34,1,3402,5.484,5.4865,5.4615,5.4615,1029,HG.v.0
2026-03-26 06:00:00+00:00,34,1,3402,5.4615,5.508,5.46,5.5,1204,HG.v.0
2026-03-26 07:00:00+00:00,34,1,3402,5.501,5.5025,5.4795,5.49,749,HG.v.0
2026-03-26 08:00:00+00:00,34,1,3402,5.4905,5.517,5.4895,5.506,1173,HG.v.0
2026-03-26 09:00:00+00:00,34,1,3402,5.5065,5.5275,5.499,5.51,1595,HG.v.0
2026-03-26 10:00:00+00:00,34,1,3402,5.5105,5.54,5.5045,5.5175,941,HG.v.0
2026-03-26 11:00:00+00:00,34,1,3402,5.518,5.529,5.5075,5.5105,913,HG.v.0
2026-03-26 12:00:00+00:00,34,1,3402,5.512,5.523,5.492,5.4955,2680,HG.v.0
2026-03-26 13:00:00+00:00,34,1,3402,5.495,5.5305,5.4895,5.528,4241,HG.v.0
2026-03-26 14:00:00+00:00,34,1,3402,5.527,5.541,5.507,5.518,3548,HG.v.0
2026-03-26 15:00:00+00:00,34,1,3402,5.519,5.529,5.504,5.504,2881,HG.v.0
2026-03-26 16:00:00+00:00,34,1,3402,5.5045,5.507,5.471,5.4735,4039,HG.v.0
2026-03-26 17:00:00+00:00,34,1,3402,5.4745,5.4885,5.458,5.463,3248,HG.v.0
2026-03-26 18:00:00+00:00,34,1,3402,5.463,5.472,5.445,5.4685,1517,HG.v.0
2026-03-26 19:00:00+00:00,34,1,3402,5.47,5.471,5.453,5.454,416,HG.v.0
2026-03-26 20:00:00+00:00,34,1,3402,5.4535,5.499,5.448,5.4705,1166,HG.v.0
2026-03-26 22:00:00+00:00,34,1,3402,5.485,5.4905,5.4685,5.488,335,HG.v.0
2026-03-26 23:00:00+00:00,34,1,3402,5.4895,5.4915,5.481,5.49,146,HG.v.0
2026-03-27 00:00:00+00:00,34,1,3402,5.4895,5.4935,5.464,5.468,451,HG.v.0
2026-03-27 01:00:00+00:00,34,1,3402,5.4685,5.504,5.4665,5.5015,911,HG.v.0
2026-03-27 02:00:00+00:00,34,1,3402,5.502,5.5175,5.5015,5.5095,755,HG.v.0
2026-03-27 03:00:00+00:00,34,1,3402,5.5115,5.539,5.5115,5.538,589,HG.v.0
2026-03-27 04:00:00+00:00,34,1,3402,5.5385,5.5435,5.5355,5.542,520,HG.v.0
2026-03-27 05:00:00+00:00,34,1,3402,5.5425,5.5685,5.5385,5.539,1428,HG.v.0
2026-03-27 06:00:00+00:00,34,1,3402,5.5385,5.548,5.528,5.5325,563,HG.v.0
2026-03-27 07:00:00+00:00,34,1,3402,5.532,5.5365,5.5055,5.5085,764,HG.v.0
2026-03-27 08:00:00+00:00,34,1,3402,5.5085,5.513,5.499,5.5,717,HG.v.0
2026-03-27 09:00:00+00:00,34,1,3402,5.5015,5.5155,5.4785,5.4825,1439,HG.v.0
2026-03-27 10:00:00+00:00,34,1,3402,5.4815,5.494,5.4645,5.469,943,HG.v.0
2026-03-27 11:00:00+00:00,34,1,3402,5.4695,5.4795,5.4585,5.469,1033,HG.v.0
2026-03-27 12:00:00+00:00,34,1,3402,5.469,5.474,5.459,5.4675,1962,HG.v.0
2026-03-27 13:00:00+00:00,34,1,3402,5.4685,5.495,5.464,5.477,2862,HG.v.0
2026-03-27 14:00:00+00:00,34,1,3402,5.477,5.5115,5.476,5.5075,2574,HG.v.0
2026-03-27 15:00:00+00:00,34,1,3402,5.5075,5.531,5.502,5.5055,3248,HG.v.0
2026-03-27 16:00:00+00:00,34,1,3402,5.5055,5.51,5.491,5.4965,2942,HG.v.0
2026-03-27 17:00:00+00:00,34,1,3402,5.4955,5.502,5.4575,5.4715,2041,HG.v.0
2026-03-27 18:00:00+00:00,34,1,3402,5.472,5.488,5.4615,5.4745,765,HG.v.0
2026-03-27 19:00:00+00:00,34,1,3402,5.475,5.477,5.46,5.4695,418,HG.v.0
2026-03-27 20:00:00+00:00,34,1,3402,5.4685,5.474,5.455,5.4615,593,HG.v.0
2026-03-29 22:00:00+00:00,34,1,3402,5.4575,5.4575,5.405,5.419,1507,HG.v.0
2026-03-29 23:00:00+00:00,34,1,3402,5.4205,5.4265,5.406,5.426,701,HG.v.0
2026-03-30 00:00:00+00:00,34,1,3402,5.426,5.449,5.4125,5.446,1930,HG.v.0
2026-03-30 01:00:00+00:00,34,1,3402,5.4475,5.469,5.4465,5.456,1528,HG.v.0
2026-03-30 02:00:00+00:00,34,1,3402,5.456,5.4845,5.453,5.48,722,HG.v.0
2026-03-30 03:00:00+00:00,34,1,3402,5.479,5.508,5.479,5.503,748,HG.v.0
2026-03-30 04:00:00+00:00,34,1,3402,5.503,5.511,5.5,5.502,335,HG.v.0
2026-03-30 05:00:00+00:00,34,1,3402,5.4995,5.5125,5.494,5.505,750,HG.v.0
2026-03-30 06:00:00+00:00,34,1,3402,5.5035,5.5255,5.5015,5.508,803,HG.v.0
2026-03-30 07:00:00+00:00,34,1,3402,5.5075,5.5255,5.4925,5.5235,1194,HG.v.0
2026-03-30 08:00:00+00:00,34,1,3402,5.5235,5.5245,5.5045,5.51,1001,HG.v.0
2026-03-30 09:00:00+00:00,34,1,3402,5.5105,5.525,5.506,5.518,654,HG.v.0
2026-03-30 10:00:00+00:00,34,1,3402,5.5175,5.524,5.512,5.514,497,HG.v.0
2026-03-30 11:00:00+00:00,34,1,3402,5.515,5.5365,5.5055,5.528,1853,HG.v.0
2026-03-30 12:00:00+00:00,34,1,3402,5.5275,5.538,5.507,5.534,1893,HG.v.0
2026-03-30 13:00:00+00:00,34,1,3402,5.5345,5.5415,5.4835,5.4905,2908,HG.v.0
2026-03-30 14:00:00+00:00,34,1,3402,5.49,5.5115,5.4825,5.506,2566,HG.v.0
2026-03-30 15:00:00+00:00,34,1,3402,5.5065,5.525,5.4955,5.515,1950,HG.v.0
2026-03-30 16:00:00+00:00,34,1,3402,5.514,5.5155,5.5005,5.5015,2426,HG.v.0
2026-03-30 17:00:00+00:00,34,1,3402,5.502,5.5035,5.487,5.503,1725,HG.v.0
2026-03-30 18:00:00+00:00,34,1,3402,5.5015,5.505,5.492,5.493,518,HG.v.0
2026-03-30 19:00:00+00:00,34,1,3402,5.4925,5.495,5.476,5.495,592,HG.v.0
2026-03-30 20:00:00+00:00,34,1,3402,5.4935,5.4935,5.4825,5.487,268,HG.v.0
2026-03-30 22:00:00+00:00,34,1,3402,5.4865,5.494,5.4825,5.483,207,HG.v.0
2026-03-30 23:00:00+00:00,34,1,3402,5.4835,5.487,5.477,5.482,235,HG.v.0
2026-03-31 00:00:00+00:00,34,1,3402,5.483,5.5095,5.4645,5.5095,976,HG.v.0
2026-03-31 01:00:00+00:00,34,1,3402,5.509,5.5485,5.5025,5.536,1828,HG.v.0
2026-03-31 02:00:00+00:00,34,1,3402,5.541,5.541,5.517,5.5185,828,HG.v.0
2026-03-31 03:00:00+00:00,34,1,3402,5.518,5.525,5.499,5.4995,382,HG.v.0
2026-03-31 04:00:00+00:00,34,1,3402,5.5005,5.505,5.4945,5.4955,195,HG.v.0
2026-03-31 05:00:00+00:00,34,1,3402,5.495,5.5245,5.4855,5.512,890,HG.v.0
2026-03-31 06:00:00+00:00,34,1,3402,5.511,5.5135,5.4975,5.512,483,HG.v.0
2026-03-31 07:00:00+00:00,34,1,3402,5.5125,5.549,5.512,5.534,1480,HG.v.0
2026-03-31 08:00:00+00:00,34,1,3402,5.5325,5.535,5.513,5.518,926,HG.v.0
2026-03-31 09:00:00+00:00,34,1,3402,5.5175,5.5235,5.504,5.5085,831,HG.v.0
2026-03-31 10:00:00+00:00,34,1,3402,5.509,5.522,5.497,5.5205,592,HG.v.0
2026-03-31 11:00:00+00:00,34,1,3402,5.521,5.544,5.518,5.5395,1888,HG.v.0
2026-03-31 12:00:00+00:00,34,1,3402,5.5395,5.5535,5.525,5.548,3451,HG.v.0
2026-03-31 13:00:00+00:00,34,1,3402,5.548,5.5585,5.5305,5.555,3288,HG.v.0
2026-03-31 14:00:00+00:00,34,1,3402,5.554,5.591,5.5515,5.5595,5172,HG.v.0
2026-03-31 15:00:00+00:00,34,1,3402,5.56,5.5845,5.5595,5.5695,2802,HG.v.0
2026-03-31 16:00:00+00:00,34,1,3402,5.57,5.62,5.5685,5.6135,6775,HG.v.0
2026-03-31 17:00:00+00:00,34,1,3402,5.614,5.6215,5.594,5.603,3595,HG.v.0
2026-03-31 18:00:00+00:00,34,1,3402,5.602,5.6255,5.602,5.6235,1310,HG.v.0
2026-03-31 19:00:00+00:00,34,1,3402,5.623,5.638,5.618,5.6335,753,HG.v.0
2026-03-31 20:00:00+00:00,34,1,3402,5.6335,5.654,5.633,5.652,1426,HG.v.0
2026-03-31 22:00:00+00:00,34,1,3402,5.648,5.656,5.6435,5.649,336,HG.v.0
2026-03-31 23:00:00+00:00,34,1,3402,5.6495,5.6515,5.6435,5.644,566,HG.v.0
2026-04-01 00:00:00+00:00,34,1,3402,5.645,5.647,5.625,5.6425,1962,HG.v.0
2026-04-01 01:00:00+00:00,34,1,3402,5.644,5.6545,5.6305,5.6405,1336,HG.v.0
2026-04-01 02:00:00+00:00,34,1,3402,5.6425,5.6545,5.639,5.641,808,HG.v.0
2026-04-01 03:00:00+00:00,34,1,3402,5.6405,5.649,5.6295,5.6295,477,HG.v.0
2026-04-01 04:00:00+00:00,34,1,3402,5.632,5.632,5.6175,5.627,510,HG.v.0
2026-04-01 05:00:00+00:00,34,1,3402,5.6275,5.647,5.6235,5.624,759,HG.v.0
2026-04-01 06:00:00+00:00,34,1,3402,5.6245,5.658,5.624,5.656,1465,HG.v.0
2026-04-01 07:00:00+00:00,34,1,3402,5.656,5.663,5.6355,5.6375,1894,HG.v.0
2026-04-01 08:00:00+00:00,34,1,3402,5.6375,5.6605,5.633,5.6455,1538,HG.v.0
2026-04-01 09:00:00+00:00,34,1,3402,5.646,5.6465,5.616,5.6205,1284,HG.v.0
2026-04-01 10:00:00+00:00,34,1,3402,5.6205,5.63,5.606,5.6265,1519,HG.v.0
2026-04-01 11:00:00+00:00,34,1,3402,5.627,5.6335,5.596,5.6175,3224,HG.v.0
2026-04-01 12:00:00+00:00,34,1,3402,5.617,5.6175,5.5845,5.5955,3811,HG.v.0
2026-04-01 13:00:00+00:00,34,1,3402,5.595,5.623,5.59,5.604,3093,HG.v.0
2026-04-01 14:00:00+00:00,34,1,3402,5.6035,5.6245,5.592,5.623,2463,HG.v.0
2026-04-01 15:00:00+00:00,34,1,3402,5.624,5.64,5.618,5.6305,3344,HG.v.0
2026-04-01 16:00:00+00:00,34,1,3402,5.63,5.65,5.627,5.6465,4305,HG.v.0
2026-04-01 17:00:00+00:00,34,1,3402,5.6455,5.6535,5.642,5.644,1366,HG.v.0
2026-04-01 18:00:00+00:00,34,1,3402,5.6435,5.6435,5.5955,5.609,1661,HG.v.0
2026-04-01 19:00:00+00:00,34,1,3402,5.609,5.627,5.607,5.625,610,HG.v.0
2026-04-01 20:00:00+00:00,34,1,3402,5.6245,5.627,5.6175,5.6175,211,HG.v.0
2026-04-01 22:00:00+00:00,34,1,3402,5.626,5.626,5.617,5.621,67,HG.v.0
2026-04-01 23:00:00+00:00,34,1,3402,5.621,5.6305,5.6205,5.625,199,HG.v.0
2026-04-02 00:00:00+00:00,34,1,3402,5.6255,5.637,5.62,5.635,376,HG.v.0
2026-04-02 01:00:00+00:00,34,1,3402,5.634,5.6375,5.5645,5.5785,2788,HG.v.0
2026-04-02 02:00:00+00:00,34,1,3402,5.5775,5.5815,5.5505,5.5625,1057,HG.v.0
2026-04-02 03:00:00+00:00,34,1,3402,5.559,5.5705,5.5535,5.555,538,HG.v.0
2026-04-02 04:00:00+00:00,34,1,3402,5.555,5.5595,5.547,5.5555,310,HG.v.0
2026-04-02 05:00:00+00:00,34,1,3402,5.557,5.5595,5.532,5.537,1083,HG.v.0
2026-04-02 06:00:00+00:00,34,1,3402,5.5375,5.552,5.5325,5.5495,941,HG.v.0
2026-04-02 07:00:00+00:00,34,1,3402,5.5495,5.5745,5.5495,5.5745,794,HG.v.0
2026-04-02 08:00:00+00:00,34,1,3402,5.574,5.575,5.5555,5.5595,1352,HG.v.0
2026-04-02 09:00:00+00:00,34,1,3402,5.558,5.5605,5.548,5.552,652,HG.v.0
2026-04-02 10:00:00+00:00,34,1,3402,5.552,5.5575,5.54,5.545,452,HG.v.0
2026-04-02 11:00:00+00:00,34,1,3402,5.5455,5.548,5.513,5.5205,1670,HG.v.0
2026-04-02 12:00:00+00:00,34,1,3402,5.5205,5.544,5.516,5.535,1936,HG.v.0
2026-04-02 13:00:00+00:00,34,1,3402,5.535,5.5785,5.5265,5.574,2791,HG.v.0
2026-04-02 14:00:00+00:00,34,1,3402,5.5745,5.618,5.567,5.6145,4950,HG.v.0
2026-04-02 15:00:00+00:00,34,1,3402,5.6145,5.615,5.586,5.5885,2625,HG.v.0
2026-04-02 16:00:00+00:00,34,1,3402,5.5885,5.5955,5.577,5.58,2576,HG.v.0
2026-04-02 17:00:00+00:00,34,1,3402,5.5795,5.5935,5.5765,5.5905,929,HG.v.0
2026-04-02 18:00:00+00:00,34,1,3402,5.5895,5.5985,5.5865,5.597,346,HG.v.0
2026-04-02 19:00:00+00:00,34,1,3402,5.599,5.727,5.598,5.6285,7024,HG.v.0
2026-04-02 20:00:00+00:00,34,1,3402,5.628,5.7005,5.6265,5.6815,1710,HG.v.0
2026-04-05 22:00:00+00:00,34,1,3402,5.6625,5.6705,5.613,5.64,1326,HG.v.0
2026-04-05 23:00:00+00:00,34,1,3402,5.6405,5.644,5.633,5.639,402,HG.v.0
2026-04-06 00:00:00+00:00,34,1,3402,5.64,5.6535,5.631,5.6355,436,HG.v.0
2026-04-06 01:00:00+00:00,34,1,3402,5.6365,5.6385,5.6145,5.616,486,HG.v.0
2026-04-06 02:00:00+00:00,34,1,3402,5.6155,5.647,5.6135,5.625,282,HG.v.0
2026-04-06 03:00:00+00:00,34,1,3402,5.625,5.625,5.6035,5.6065,385,HG.v.0
2026-04-06 04:00:00+00:00,34,1,3402,5.6065,5.621,5.6065,5.6165,119,HG.v.0
2026-04-06 05:00:00+00:00,34,1,3402,5.6175,5.6285,5.617,5.6185,184,HG.v.0
2026-04-06 06:00:00+00:00,34,1,3402,5.616,5.63,5.611,5.623,428,HG.v.0
2026-04-06 07:00:00+00:00,34,1,3402,5.623,5.6255,5.5865,5.6125,687,HG.v.0
2026-04-06 08:00:00+00:00,34,1,3402,5.6135,5.6585,5.6105,5.655,590,HG.v.0
2026-04-06 09:00:00+00:00,34,1,3402,5.655,5.697,5.655,5.665,1293,HG.v.0
2026-04-06 10:00:00+00:00,34,1,3402,5.665,5.6735,5.645,5.6495,1143,HG.v.0
2026-04-06 11:00:00+00:00,34,1,3402,5.6485,5.697,5.6485,5.6725,1161,HG.v.0
2026-04-06 12:00:00+00:00,34,1,3402,5.6725,5.683,5.638,5.6415,1655,HG.v.0
2026-04-06 13:00:00+00:00,34,1,3402,5.642,5.6435,5.603,5.6105,2163,HG.v.0
2026-04-06 14:00:00+00:00,34,1,3402,5.61,5.624,5.577,5.577,3036,HG.v.0
2026-04-06 15:00:00+00:00,34,1,3402,5.5755,5.596,5.574,5.5895,1343,HG.v.0
2026-04-06 16:00:00+00:00,34,1,3402,5.59,5.6035,5.5895,5.603,1571,HG.v.0
2026-04-06 17:00:00+00:00,34,1,3402,5.6025,5.6095,5.5935,5.596,1026,HG.v.0
2026-04-06 18:00:00+00:00,34,1,3402,5.597,5.6155,5.5945,5.613,446,HG.v.0
2026-04-06 19:00:00+00:00,34,1,3402,5.613,5.6155,5.607,5.613,198,HG.v.0
2026-04-06 20:00:00+00:00,34,1,3402,5.6135,5.6145,5.6055,5.6055,210,HG.v.0
2026-04-06 22:00:00+00:00,34,1,3402,5.611,5.6235,5.6085,5.609,188,HG.v.0
2026-04-06 23:00:00+00:00,34,1,3402,5.6105,5.6125,5.6075,5.609,126,HG.v.0
2026-04-07 00:00:00+00:00,34,1,3402,5.6085,5.625,5.6035,5.609,828,HG.v.0
2026-04-07 01:00:00+00:00,34,1,3402,5.61,5.641,5.5965,5.624,1164,HG.v.0
2026-04-07 02:00:00+00:00,34,1,3402,5.625,5.6285,5.6135,5.6245,357,HG.v.0
2026-04-07 03:00:00+00:00,34,1,3402,5.6245,5.6305,5.601,5.6195,385,HG.v.0
2026-04-07 04:00:00+00:00,34,1,3402,5.6215,5.629,5.62,5.625,180,HG.v.0
2026-04-07 05:00:00+00:00,34,1,3402,5.6255,5.6265,5.6035,5.618,539,HG.v.0
2026-04-07 06:00:00+00:00,34,1,3402,5.6175,5.628,5.612,5.622,571,HG.v.0
2026-04-07 07:00:00+00:00,34,1,3402,5.623,5.6345,5.615,5.6275,858,HG.v.0
2026-04-07 08:00:00+00:00,34,1,3402,5.628,5.6335,5.6025,5.6315,2035,HG.v.0
2026-04-07 09:00:00+00:00,34,1,3402,5.6305,5.637,5.6205,5.6245,663,HG.v.0
2026-04-07 10:00:00+00:00,34,1,3402,5.6255,5.6255,5.5875,5.592,1329,HG.v.0
2026-04-07 11:00:00+00:00,34,1,3402,5.5935,5.5965,5.575,5.5825,1261,HG.v.0
2026-04-07 12:00:00+00:00,34,1,3402,5.584,5.598,5.5705,5.5855,2589,HG.v.0
2026-04-07 13:00:00+00:00,34,1,3402,5.5855,5.599,5.5585,5.559,2747,HG.v.0
2026-04-07 14:00:00+00:00,34,1,3402,5.559,5.5815,5.547,5.5535,3026,HG.v.0
2026-04-07 15:00:00+00:00,34,1,3402,5.553,5.5735,5.5425,5.57,3321,HG.v.0
2026-04-07 16:00:00+00:00,34,1,3402,5.571,5.5855,5.5605,5.5615,2308,HG.v.0
2026-04-07 17:00:00+00:00,34,1,3402,5.561,5.5655,5.5465,5.563,1133,HG.v.0
2026-04-07 18:00:00+00:00,34,1,3402,5.5625,5.5635,5.5415,5.5415,387,HG.v.0
2026-04-07 19:00:00+00:00,34,1,3402,5.5425,5.591,5.5385,5.5795,1741,HG.v.0
2026-04-07 20:00:00+00:00,34,1,3402,5.5795,5.6025,5.5755,5.595,1002,HG.v.0
2026-04-07 22:00:00+00:00,34,1,3402,5.6025,5.685,5.6025,5.6825,2186,HG.v.0
2026-04-07 23:00:00+00:00,34,1,3402,5.6845,5.749,5.678,5.678,3739,HG.v.0
2026-04-08 00:00:00+00:00,34,1,3402,5.6795,5.709,5.658,5.6865,3785,HG.v.0
2026-04-08 01:00:00+00:00,34,1,3402,5.687,5.728,5.6835,5.714,2541,HG.v.0
2026-04-08 02:00:00+00:00,34,1,3402,5.7155,5.7295,5.7105,5.7205,959,HG.v.0
2026-04-08 03:00:00+00:00,34,1,3402,5.724,5.728,5.702,5.703,1219,HG.v.0
2026-04-08 04:00:00+00:00,34,1,3402,5.704,5.7205,5.704,5.7135,407,HG.v.0
2026-04-08 05:00:00+00:00,34,1,3402,5.713,5.7405,5.7045,5.731,853,HG.v.0
2026-04-08 06:00:00+00:00,34,1,3402,5.7305,5.769,5.7295,5.759,2701,HG.v.0
2026-04-08 07:00:00+00:00,34,1,3402,5.7585,5.7655,5.728,5.73,1921,HG.v.0
2026-04-08 08:00:00+00:00,34,1,3402,5.729,5.765,5.72,5.7625,2500,HG.v.0
2026-04-08 09:00:00+00:00,34,1,3402,5.7635,5.775,5.742,5.744,2223,HG.v.0
2026-04-08 10:00:00+00:00,34,1,3402,5.7445,5.751,5.741,5.743,741,HG.v.0
2026-04-08 11:00:00+00:00,34,1,3402,5.7425,5.7605,5.7275,5.7525,1900,HG.v.0
2026-04-08 12:00:00+00:00,34,1,3402,5.7525,5.77,5.7355,5.755,4598,HG.v.0
2026-04-08 13:00:00+00:00,34,1,3402,5.7545,5.772,5.7445,5.762,6224,HG.v.0
2026-04-08 14:00:00+00:00,34,1,3402,5.7605,5.7775,5.7315,5.7445,5708,HG.v.0
2026-04-08 15:00:00+00:00,34,1,3402,5.7445,5.765,5.744,5.754,2418,HG.v.0
2026-04-08 16:00:00+00:00,34,1,3402,5.7545,5.779,5.75,5.7765,5320,HG.v.0
2026-04-08 17:00:00+00:00,34,1,3402,5.7765,5.783,5.762,5.7705,1906,HG.v.0
2026-04-08 18:00:00+00:00,34,1,3402,5.771,5.786,5.744,5.7495,1772,HG.v.0
2026-04-08 19:00:00+00:00,34,1,3402,5.7485,5.7635,5.7405,5.762,955,HG.v.0
2026-04-08 20:00:00+00:00,34,1,3402,5.763,5.7645,5.7515,5.753,242,HG.v.0
2026-04-08 22:00:00+00:00,34,1,3402,5.746,5.7535,5.7445,5.745,235,HG.v.0
2026-04-08 23:00:00+00:00,34,1,3402,5.744,5.7515,5.7435,5.7475,191,HG.v.0
2026-04-09 00:00:00+00:00,34,1,3402,5.7475,5.7495,5.735,5.739,470,HG.v.0
2026-04-09 01:00:00+00:00,34,1,3402,5.738,5.7395,5.705,5.722,1333,HG.v.0
2026-04-09 02:00:00+00:00,34,1,3402,5.7225,5.7305,5.715,5.7215,651,HG.v.0
2026-04-09 03:00:00+00:00,34,1,3402,5.7205,5.733,5.717,5.72,362,HG.v.0
2026-04-09 04:00:00+00:00,34,1,3402,5.7195,5.7255,5.716,5.717,241,HG.v.0
2026-04-09 05:00:00+00:00,34,1,3402,5.718,5.7305,5.7125,5.7225,432,HG.v.0
2026-04-09 06:00:00+00:00,34,1,3402,5.7245,5.733,5.716,5.731,838,HG.v.0
2026-04-09 07:00:00+00:00,34,1,3402,5.7315,5.739,5.7085,5.714,968,HG.v.0
2026-04-09 08:00:00+00:00,34,1,3402,5.715,5.7295,5.7065,5.7085,965,HG.v.0
2026-04-09 09:00:00+00:00,34,1,3402,5.708,5.712,5.697,5.701,1077,HG.v.0
2026-04-09 10:00:00+00:00,34,1,3402,5.701,5.7075,5.696,5.696,788,HG.v.0
2026-04-09 11:00:00+00:00,34,1,3402,5.697,5.713,5.6915,5.712,1541,HG.v.0
2026-04-09 12:00:00+00:00,34,1,3402,5.713,5.7345,5.712,5.7345,2265,HG.v.0
2026-04-09 13:00:00+00:00,34,1,3402,5.734,5.766,5.729,5.7525,3671,HG.v.0
2026-04-09 14:00:00+00:00,34,1,3402,5.753,5.7585,5.7335,5.7445,2057,HG.v.0
2026-04-09 15:00:00+00:00,34,1,3402,5.744,5.7725,5.7315,5.76,3257,HG.v.0
2026-04-09 16:00:00+00:00,34,1,3402,5.76,5.7695,5.756,5.7635,3030,HG.v.0
2026-04-09 17:00:00+00:00,34,1,3402,5.763,5.778,5.7605,5.7745,1385,HG.v.0
2026-04-09 18:00:00+00:00,34,1,3402,5.774,5.774,5.7595,5.7625,522,HG.v.0
2026-04-09 19:00:00+00:00,34,1,3402,5.7635,5.769,5.7555,5.7555,585,HG.v.0
2026-04-09 20:00:00+00:00,34,1,3402,5.7575,5.759,5.752,5.7555,249,HG.v.0
2026-04-09 22:00:00+00:00,34,1,3402,5.7555,5.759,5.7465,5.7505,258,HG.v.0
2026-04-09 23:00:00+00:00,34,1,3402,5.748,5.751,5.7445,5.751,79,HG.v.0
2026-04-10 00:00:00+00:00,34,1,3402,5.75,5.752,5.7375,5.7515,397,HG.v.0
2026-04-10 01:00:00+00:00,34,1,3402,5.75,5.7875,5.75,5.782,741,HG.v.0
2026-04-10 02:00:00+00:00,34,1,3402,5.783,5.785,5.768,5.771,879,HG.v.0
2026-04-10 03:00:00+00:00,34,1,3402,5.77,5.79,5.769,5.776,463,HG.v.0
2026-04-10 04:00:00+00:00,34,1,3402,5.777,5.7855,5.776,5.7815,339,HG.v.0
2026-04-10 05:00:00+00:00,34,1,3402,5.7825,5.8045,5.779,5.8045,703,HG.v.0
2026-04-10 06:00:00+00:00,34,1,3402,5.804,5.8065,5.7765,5.7765,942,HG.v.0
2026-04-10 07:00:00+00:00,34,1,3402,5.7765,5.8115,5.771,5.7965,2274,HG.v.0
2026-04-10 08:00:00+00:00,34,1,3402,5.7975,5.7975,5.772,5.776,1161,HG.v.0
2026-04-10 09:00:00+00:00,34,1,3402,5.7765,5.8205,5.7755,5.8105,1336,HG.v.0
2026-04-10 10:00:00+00:00,34,1,3402,5.8095,5.8195,5.8015,5.8135,760,HG.v.0
2026-04-10 11:00:00+00:00,34,1,3402,5.813,5.871,5.812,5.867,2997,HG.v.0
2026-04-10 12:00:00+00:00,34,1,3402,5.866,5.922,5.864,5.8875,7717,HG.v.0
2026-04-10 13:00:00+00:00,34,1,3402,5.8875,5.9025,5.881,5.901,4413,HG.v.0
2026-04-10 14:00:00+00:00,34,1,3402,5.901,5.936,5.897,5.925,5140,HG.v.0
2026-04-10 15:00:00+00:00,34,1,3402,5.9255,5.9255,5.868,5.871,4024,HG.v.0
2026-04-10 16:00:00+00:00,34,1,3402,5.8715,5.8945,5.8695,5.8835,3427,HG.v.0
2026-04-10 17:00:00+00:00,34,1,3402,5.884,5.8855,5.8685,5.8765,1567,HG.v.0
2026-04-10 18:00:00+00:00,34,1,3402,5.8765,5.88,5.8665,5.875,424,HG.v.0
2026-04-10 19:00:00+00:00,34,1,3402,5.876,5.8815,5.867,5.8675,531,HG.v.0
2026-04-10 20:00:00+00:00,34,1,3402,5.868,5.8695,5.861,5.868,329,HG.v.0
2026-04-12 22:00:00+00:00,34,1,3402,5.8175,5.8175,5.7655,5.777,1916,HG.v.0
2026-04-12 23:00:00+00:00,34,1,3402,5.7765,5.7965,5.764,5.7965,765,HG.v.0
2026-04-13 00:00:00+00:00,34,1,3402,5.797,5.8125,5.7875,5.807,1774,HG.v.0
2026-04-13 01:00:00+00:00,34,1,3402,5.8075,5.819,5.8,5.8115,2129,HG.v.0
2026-04-13 02:00:00+00:00,34,1,3402,5.8115,5.8165,5.798,5.8155,740,HG.v.0
2026-04-13 03:00:00+00:00,34,1,3402,5.8155,5.817,5.8025,5.812,511,HG.v.0
2026-04-13 04:00:00+00:00,34,1,3402,5.8105,5.8175,5.807,5.8175,207,HG.v.0
2026-04-13 05:00:00+00:00,34,1,3402,5.819,5.8385,5.815,5.837,835,HG.v.0
2026-04-13 06:00:00+00:00,34,1,3402,5.838,5.8715,5.837,5.8705,1528,HG.v.0
2026-04-13 07:00:00+00:00,34,1,3402,5.8705,5.8845,5.858,5.8675,1150,HG.v.0
2026-04-13 08:00:00+00:00,34,1,3402,5.867,5.868,5.858,5.865,732,HG.v.0
2026-04-13 09:00:00+00:00,34,1,3402,5.8645,5.877,5.846,5.853,1092,HG.v.0
2026-04-13 10:00:00+00:00,34,1,3402,5.852,5.871,5.8465,5.8695,676,HG.v.0
2026-04-13 11:00:00+00:00,34,1,3402,5.8715,5.878,5.859,5.873,1301,HG.v.0
2026-04-13 12:00:00+00:00,34,1,3402,5.872,5.8805,5.854,5.8665,1780,HG.v.0
2026-04-13 13:00:00+00:00,34,1,3402,5.868,5.9,5.861,5.896,2971,HG.v.0
2026-04-13 14:00:00+00:00,34,1,3402,5.897,5.976,5.8955,5.971,7099,HG.v.0
2026-04-13 15:00:00+00:00,34,1,3402,5.9715,5.976,5.958,5.9605,3359,HG.v.0
2026-04-13 16:00:00+00:00,34,1,3402,5.961,5.993,5.9535,5.992,4999,HG.v.0
2026-04-13 17:00:00+00:00,34,1,3402,5.9915,6.0245,5.9915,6.0085,3803,HG.v.0
2026-04-13 18:00:00+00:00,34,1,3402,6.009,6.014,6.004,6.006,601,HG.v.0
2026-04-13 19:00:00+00:00,34,1,3402,6.0065,6.017,6.0035,6.008,754,HG.v.0
2026-04-13 20:00:00+00:00,34,1,3402,6.0095,6.0095,5.9945,6.0035,669,HG.v.0
2026-04-13 22:00:00+00:00,34,1,3402,6.0035,6.01,5.9965,6.0025,168,HG.v.0
2026-04-13 23:00:00+00:00,34,1,3402,6.0015,6.01,6.001,6.0095,231,HG.v.0
2026-04-14 00:00:00+00:00,34,1,3402,6.0085,6.036,6.0035,6.0285,1384,HG.v.0
2026-04-14 01:00:00+00:00,34,1,3402,6.0285,6.0515,6.011,6.0155,1405,HG.v.0
2026-04-14 02:00:00+00:00,34,1,3402,6.015,6.0275,6.007,6.008,797,HG.v.0
2026-04-14 03:00:00+00:00,34,1,3402,6.008,6.0185,6.0045,6.01,540,HG.v.0
2026-04-14 04:00:00+00:00,34,1,3402,6.011,6.0135,6.006,6.007,301,HG.v.0
2026-04-14 05:00:00+00:00,34,1,3402,6.0075,6.0255,5.997,6.021,1332,HG.v.0
2026-04-14 06:00:00+00:00,34,1,3402,6.0195,6.0275,6.013,6.024,973,HG.v.0
2026-04-14 07:00:00+00:00,34,1,3402,6.0245,6.0395,6.0175,6.024,1364,HG.v.0
2026-04-14 08:00:00+00:00,34,1,3402,6.024,6.062,6.024,6.053,1577,HG.v.0
2026-04-14 09:00:00+00:00,34,1,3402,6.0535,6.0555,6.031,6.042,1016,HG.v.0
2026-04-14 10:00:00+00:00,34,1,3402,6.041,6.0505,6.037,6.0415,863,HG.v.0
2026-04-14 11:00:00+00:00,34,1,3402,6.04,6.046,6.024,6.0425,1843,HG.v.0
2026-04-14 12:00:00+00:00,34,1,3402,6.0415,6.0745,6.014,6.0685,3211,HG.v.0
2026-04-14 13:00:00+00:00,34,1,3402,6.0685,6.0905,6.0605,6.083,4903,HG.v.0
2026-04-14 14:00:00+00:00,34,1,3402,6.083,6.095,6.073,6.088,3872,HG.v.0
2026-04-14 15:00:00+00:00,34,1,3402,6.0875,6.095,6.0685,6.092,2771,HG.v.0
2026-04-14 16:00:00+00:00,34,1,3402,6.091,6.0955,6.081,6.082,2461,HG.v.0
2026-04-14 17:00:00+00:00,34,1,3402,6.082,6.09,6.0765,6.084,1165,HG.v.0
2026-04-14 18:00:00+00:00,34,1,3402,6.084,6.088,6.078,6.0845,308,HG.v.0
2026-04-14 19:00:00+00:00,34,1,3402,6.0845,6.09,6.082,6.0895,424,HG.v.0
2026-04-14 20:00:00+00:00,34,1,3402,6.089,6.0895,6.079,6.0815,392,HG.v.0
2026-04-14 22:00:00+00:00,34,1,3402,6.082,6.093,6.079,6.079,198,HG.v.0
2026-04-14 23:00:00+00:00,34,1,3402,6.079,6.086,6.079,6.084,119,HG.v.0
2026-04-15 00:00:00+00:00,34,1,3402,6.0835,6.093,6.08,6.093,453,HG.v.0
2026-04-15 01:00:00+00:00,34,1,3402,6.094,6.1375,6.0935,6.1355,1773,HG.v.0
2026-04-15 02:00:00+00:00,34,1,3402,6.135,6.148,6.0915,6.094,1689,HG.v.0
2026-04-15 03:00:00+00:00,34,1,3402,6.094,6.1105,6.089,6.105,542,HG.v.0
2026-04-15 04:00:00+00:00,34,1,3402,6.1045,6.1095,6.0965,6.0975,279,HG.v.0
2026-04-15 05:00:00+00:00,34,1,3402,6.098,6.107,6.0775,6.0995,1045,HG.v.0
2026-04-15 06:00:00+00:00,34,1,3402,6.101,6.1055,6.0815,6.0845,839,HG.v.0
2026-04-15 07:00:00+00:00,34,1,3402,6.085,6.1075,6.085,6.102,1161,HG.v.0
2026-04-15 08:00:00+00:00,34,1,3402,6.1025,6.107,6.091,6.098,1013,HG.v.0
2026-04-15 09:00:00+00:00,34,1,3402,6.0985,6.1005,6.07,6.077,1573,HG.v.0
2026-04-15 10:00:00+00:00,34,1,3402,6.078,6.0895,6.066,6.0815,1023,HG.v.0
2026-04-15 11:00:00+00:00,34,1,3402,6.081,6.087,6.0685,6.079,2049,HG.v.0
2026-04-15 12:00:00+00:00,34,1,3402,6.079,6.093,6.072,6.0835,1460,HG.v.0
2026-04-15 13:00:00+00:00,34,1,3402,6.0835,6.098,6.065,6.084,3134,HG.v.0
2026-04-15 14:00:00+00:00,34,1,3402,6.0845,6.093,6.069,6.0835,2002,HG.v.0
2026-04-15 15:00:00+00:00,34,1,3402,6.0845,6.0885,6.063,6.0785,2086,HG.v.0
2026-04-15 16:00:00+00:00,34,1,3402,6.079,6.0955,6.0785,6.084,2316,HG.v.0
2026-04-15 17:00:00+00:00,34,1,3402,6.0835,6.093,6.083,6.0885,805,HG.v.0
2026-04-15 18:00:00+00:00,34,1,3402,6.0885,6.098,6.0855,6.0955,543,HG.v.0
2026-04-15 19:00:00+00:00,34,1,3402,6.094,6.098,6.088,6.0905,249,HG.v.0
2026-04-15 20:00:00+00:00,34,1,3402,6.09,6.09,6.0755,6.0785,408,HG.v.0
2026-04-15 22:00:00+00:00,34,1,3402,6.0755,6.0855,6.0755,6.0845,71,HG.v.0
2026-04-15 23:00:00+00:00,34,1,3402,6.085,6.098,6.084,6.096,139,HG.v.0
2026-04-16 00:00:00+00:00,34,1,3402,6.0965,6.111,6.0945,6.106,791,HG.v.0
2026-04-16 01:00:00+00:00,34,1,3402,6.107,6.112,6.0975,6.1015,710,HG.v.0
2026-04-16 02:00:00+00:00,34,1,3402,6.1035,6.1165,6.099,6.1125,559,HG.v.0
2026-04-16 03:00:00+00:00,34,1,3402,6.112,6.121,6.1105,6.1135,318,HG.v.0
2026-04-16 04:00:00+00:00,34,1,3402,6.112,6.1205,6.1095,6.1195,241,HG.v.0
2026-04-16 05:00:00+00:00,34,1,3402,6.1215,6.129,6.1145,6.123,818,HG.v.0
2026-04-16 06:00:00+00:00,34,1,3402,6.1235,6.1265,6.115,6.1245,769,HG.v.0
2026-04-16 07:00:00+00:00,34,1,3402,6.1245,6.132,6.099,6.104,1077,HG.v.0
2026-04-16 08:00:00+00:00,34,1,3402,6.102,6.111,6.09,6.094,975,HG.v.0
2026-04-16 09:00:00+00:00,34,1,3402,6.0945,6.097,6.0785,6.0795,862,HG.v.0
2026-04-16 10:00:00+00:00,34,1,3402,6.08,6.0835,6.07,6.078,915,HG.v.0
2026-04-16 11:00:00+00:00,34,1,3402,6.0775,6.0835,6.07,6.0775,1379,HG.v.0
2026-04-16 12:00:00+00:00,34,1,3402,6.078,6.1025,6.069,6.0965,1890,HG.v.0
2026-04-16 13:00:00+00:00,34,1,3402,6.097,6.1045,6.045,6.064,3555,HG.v.0
2026-04-16 14:00:00+00:00,34,1,3402,6.0635,6.082,6.0565,6.064,2542,HG.v.0
2026-04-16 15:00:00+00:00,34,1,3402,6.064,6.0945,6.064,6.091,2332,HG.v.0
2026-04-16 16:00:00+00:00,34,1,3402,6.091,6.092,6.0665,6.0755,2106,HG.v.0
2026-04-16 17:00:00+00:00,34,1,3402,6.076,6.0785,6.0665,6.0705,682,HG.v.0
2026-04-16 18:00:00+00:00,34,1,3402,6.0695,6.0805,6.062,6.064,429,HG.v.0
2026-04-16 19:00:00+00:00,34,1,3402,6.0675,6.0685,6.031,6.0335,2036,HG.v.0
2026-04-16 20:00:00+00:00,34,1,3402,6.0345,6.0435,6.028,6.0355,555,HG.v.0
2026-04-16 22:00:00+00:00,34,1,3402,6.037,6.051,6.036,6.048,271,HG.v.0
2026-04-16 23:00:00+00:00,34,1,3402,6.0465,6.052,6.045,6.0505,215,HG.v.0
2026-04-17 00:00:00+00:00,34,1,3402,6.0505,6.0535,6.038,6.052,558,HG.v.0
2026-04-17 01:00:00+00:00,34,1,3402,6.052,6.058,6.018,6.0435,1343,HG.v.0
2026-04-17 02:00:00+00:00,34,1,3402,6.0415,6.052,6.0375,6.0385,414,HG.v.0
2026-04-17 03:00:00+00:00,34,1,3402,6.04,6.052,6.0385,6.042,253,HG.v.0
2026-04-17 04:00:00+00:00,34,1,3402,6.0425,6.049,6.041,6.0445,161,HG.v.0
2026-04-17 05:00:00+00:00,34,1,3402,6.044,6.0615,6.042,6.0565,419,HG.v.0
2026-04-17 06:00:00+00:00,34,1,3402,6.0555,6.0595,6.034,6.0515,897,HG.v.0
2026-04-17 07:00:00+00:00,34,1,3402,6.051,6.056,6.037,6.056,880,HG.v.0
2026-04-17 08:00:00+00:00,34,1,3402,6.0555,6.086,6.0555,6.0815,1309,HG.v.0
2026-04-17 09:00:00+00:00,34,1,3402,6.0805,6.083,6.0555,6.0565,1079,HG.v.0
2026-04-17 10:00:00+00:00,34,1,3402,6.0565,6.0565,6.041,6.0445,776,HG.v.0
2026-04-17 11:00:00+00:00,34,1,3402,6.0445,6.0495,6.0305,6.0475,1285,HG.v.0
2026-04-17 12:00:00+00:00,34,1,3402,6.0475,6.0905,6.0425,6.0885,4018,HG.v.0
2026-04-17 13:00:00+00:00,34,1,3402,6.0885,6.116,6.0365,6.1005,7125,HG.v.0
2026-04-17 14:00:00+00:00,34,1,3402,6.1005,6.127,6.0875,6.109,3577,HG.v.0
2026-04-17 15:00:00+00:00,34,1,3402,6.109,6.123,6.1015,6.1095,2345,HG.v.0
2026-04-17 16:00:00+00:00,34,1,3402,6.1105,6.1215,6.104,6.114,1948,HG.v.0
2026-04-17 17:00:00+00:00,34,1,3402,6.1145,6.122,6.095,6.1025,1780,HG.v.0
2026-04-17 18:00:00+00:00,34,1,3402,6.1015,6.103,6.081,6.088,543,HG.v.0
2026-04-17 19:00:00+00:00,34,1,3402,6.087,6.094,6.081,6.088,615,HG.v.0
2026-04-17 20:00:00+00:00,34,1,3402,6.0865,6.093,6.079,6.0815,359,HG.v.0
2026-04-19 22:00:00+00:00,34,1,3402,6.031,6.033,5.9725,6.03,1582,HG.v.0
2026-04-19 23:00:00+00:00,34,1,3402,6.0305,6.039,6.0195,6.0375,894,HG.v.0
2026-04-20 00:00:00+00:00,34,1,3402,6.0375,6.058,6.0265,6.055,1531,HG.v.0
2026-04-20 01:00:00+00:00,34,1,3402,6.0555,6.092,6.051,6.0815,1430,HG.v.0
2026-04-20 02:00:00+00:00,34,1,3402,6.082,6.098,6.0755,6.0815,790,HG.v.0
2026-04-20 03:00:00+00:00,34,1,3402,6.0835,6.086,6.072,6.074,324,HG.v.0
2026-04-20 04:00:00+00:00,34,1,3402,6.074,6.074,6.0605,6.0635,283,HG.v.0
2026-04-20 05:00:00+00:00,34,1,3402,6.064,6.0705,6.046,6.065,879,HG.v.0
2026-04-20 06:00:00+00:00,34,1,3402,6.0655,6.068,6.0495,6.059,823,HG.v.0
2026-04-20 07:00:00+00:00,34,1,3402,6.0595,6.0625,6.028,6.035,1186,HG.v.0
2026-04-20 08:00:00+00:00,34,1,3402,6.0335,6.036,6.0155,6.0195,1087,HG.v.0
2026-04-20 09:00:00+00:00,34,1,3402,6.02,6.0265,6.0115,6.026,1162,HG.v.0
2026-04-20 10:00:00+00:00,34,1,3402,6.0265,6.031,6.0195,6.022,534,HG.v.0
2026-04-20 11:00:00+00:00,34,1,3402,6.0235,6.037,6.0125,6.036,1403,HG.v.0
2026-04-20 12:00:00+00:00,34,1,3402,6.0365,6.048,6.0225,6.0455,2092,HG.v.0
2026-04-20 13:00:00+00:00,34,1,3402,6.046,6.074,6.043,6.0705,2567,HG.v.0
2026-04-20 14:00:00+00:00,34,1,3402,6.0695,6.07,6.0435,6.0525,2367,HG.v.0
2026-04-20 15:00:00+00:00,34,1,3402,6.0535,6.058,6.041,6.0475,1218,HG.v.0
2026-04-20 16:00:00+00:00,34,1,3402,6.047,6.0575,6.041,6.0435,2124,HG.v.0
2026-04-20 17:00:00+00:00,34,1,3402,6.0445,6.0475,6.0305,6.035,1085,HG.v.0
2026-04-20 18:00:00+00:00,34,1,3402,6.035,6.0435,6.033,6.0415,376,HG.v.0
2026-04-20 19:00:00+00:00,34,1,3402,6.043,6.0485,6.042,6.0455,197,HG.v.0
2026-04-20 20:00:00+00:00,34,1,3402,6.0465,6.049,6.044,6.0455,200,HG.v.0
2026-04-20 22:00:00+00:00,34,1,3402,6.05,6.0505,6.043,6.0455,122,HG.v.0
2026-04-20 23:00:00+00:00,34,1,3402,6.047,6.0485,6.0435,6.044,180,HG.v.0
2026-04-21 00:00:00+00:00,34,1,3402,6.0435,6.0455,6.0305,6.0455,271,HG.v.0
2026-04-21 01:00:00+00:00,34,1,3402,6.0455,6.049,6.0205,6.029,659,HG.v.0
2026-04-21 02:00:00+00:00,34,1,3402,6.0275,6.031,6.0155,6.0235,515,HG.v.0
2026-04-21 03:00:00+00:00,34,1,3402,6.0245,6.0265,6.001,6.0115,614,HG.v.0
2026-04-21 04:00:00+00:00,34,1,3402,6.011,6.011,6.008,6.0085,175,HG.v.0
2026-04-21 05:00:00+00:00,34,1,3402,6.0085,6.039,6.0075,6.0175,635,HG.v.0
2026-04-21 06:00:00+00:00,34,1,3402,6.017,6.0275,6.0075,6.0195,642,HG.v.0
2026-04-21 07:00:00+00:00,34,1,3402,6.02,6.0435,6.009,6.034,739,HG.v.0
2026-04-21 08:00:00+00:00,34,1,3402,6.0315,6.041,6.0225,6.036,956,HG.v.0
2026-04-21 09:00:00+00:00,34,1,3402,6.0355,6.039,6.0315,6.037,399,HG.v.0
2026-04-21 10:00:00+00:00,34,1,3402,6.0365,6.054,6.0355,6.0515,712,HG.v.0
2026-04-21 11:00:00+00:00,34,1,3402,6.0515,6.0555,6.0345,6.055,1098,HG.v.0
2026-04-21 12:00:00+00:00,34,1,3402,6.0555,6.062,6.0375,6.042,1594,HG.v.0
2026-04-21 13:00:00+00:00,34,1,3402,6.042,6.073,6.0395,6.062,2105,HG.v.0
2026-04-21 14:00:00+00:00,34,1,3402,6.0625,6.0705,6.0265,6.0325,1986,HG.v.0
2026-04-21 15:00:00+00:00,34,1,3402,6.0335,6.0485,6.018,6.022,2156,HG.v.0
2026-04-21 16:00:00+00:00,34,1,3402,6.024,6.0285,6.008,6.0085,2020,HG.v.0
2026-04-21 17:00:00+00:00,34,1,3402,6.0085,6.0085,5.985,5.994,2448,HG.v.0
2026-04-21 18:00:00+00:00,34,1,3402,5.994,6.006,5.9865,6.0015,603,HG.v.0
2026-04-21 19:00:00+00:00,34,1,3402,6.002,6.0175,5.9675,5.9725,1428,HG.v.0
2026-04-21 20:00:00+00:00,34,1,3402,5.973,6.02,5.9715,6.017,1151,HG.v.0
2026-04-21 22:00:00+00:00,34,1,3402,6.016,6.0295,6.008,6.008,121,HG.v.0
2026-04-21 23:00:00+00:00,34,1,3402,6.009,6.0185,6.009,6.014,130,HG.v.0
2026-04-22 00:00:00+00:00,34,1,3402,6.014,6.03,6.014,6.0275,363,HG.v.0
2026-04-22 01:00:00+00:00,34,1,3402,6.0265,6.0415,6.0265,6.0305,511,HG.v.0
2026-04-22 02:00:00+00:00,34,1,3402,6.032,6.0455,6.0285,6.0345,510,HG.v.0
2026-04-22 03:00:00+00:00,34,1,3402,6.033,6.049,6.033,6.043,285,HG.v.0
2026-04-22 04:00:00+00:00,34,1,3402,6.043,6.0495,6.04,6.0425,280,HG.v.0
2026-04-22 05:00:00+00:00,34,1,3402,6.0425,6.0635,6.0375,6.056,1268,HG.v.0
2026-04-22 06:00:00+00:00,34,1,3402,6.0575,6.0655,6.0485,6.059,687,HG.v.0
2026-04-22 07:00:00+00:00,34,1,3402,6.059,6.0695,6.053,6.0565,876,HG.v.0
2026-04-22 08:00:00+00:00,34,1,3402,6.0585,6.076,6.058,6.07,915,HG.v.0
2026-04-22 09:00:00+00:00,34,1,3402,6.069,6.0795,6.0675,6.0705,761,HG.v.0
2026-04-22 10:00:00+00:00,34,1,3402,6.071,6.0715,6.0605,6.061,406,HG.v.0
2026-04-22 11:00:00+00:00,34,1,3402,6.0605,6.061,6.049,6.054,632,HG.v.0
2026-04-22 12:00:00+00:00,34,1,3402,6.055,6.064,6.048,6.0505,890,HG.v.0
2026-04-22 13:00:00+00:00,34,1,3402,6.0515,6.0645,6.047,6.0615,1455,HG.v.0
2026-04-22 14:00:00+00:00,34,1,3402,6.062,6.112,6.06,6.103,4758,HG.v.0
2026-04-22 15:00:00+00:00,34,1,3402,6.104,6.1285,6.102,6.123,3418,HG.v.0
2026-04-22 16:00:00+00:00,34,1,3402,6.1235,6.1295,6.1195,6.1295,2331,HG.v.0
2026-04-22 17:00:00+00:00,34,1,3402,6.1295,6.1515,6.1275,6.1405,2919,HG.v.0
2026-04-22 18:00:00+00:00,34,1,3402,6.1395,6.148,6.1355,6.145,674,HG.v.0
2026-04-22 19:00:00+00:00,34,1,3402,6.1445,6.1445,6.135,6.1375,664,HG.v.0
2026-04-22 20:00:00+00:00,34,1,3402,6.1375,6.1385,6.131,6.137,308,HG.v.0
2026-04-22 22:00:00+00:00,34,1,3402,6.1375,6.1395,6.129,6.134,91,HG.v.0
2026-04-22 23:00:00+00:00,34,1,3402,6.1345,6.136,6.1305,6.1345,90,HG.v.0
2026-04-23 00:00:00+00:00,34,1,3402,6.133,6.1485,6.1055,6.1395,1563,HG.v.0
2026-04-23 01:00:00+00:00,34,1,3402,6.1405,6.1485,6.0855,6.09,1408,HG.v.0
2026-04-23 02:00:00+00:00,34,1,3402,6.0885,6.0915,6.031,6.032,1887,HG.v.0
2026-04-23 03:00:00+00:00,34,1,3402,6.0335,6.046,6.011,6.0315,1678,HG.v.0
2026-04-23 04:00:00+00:00,34,1,3402,6.0315,6.046,6.0265,6.046,375,HG.v.0
2026-04-23 05:00:00+00:00,34,1,3402,6.0455,6.0575,6.033,6.055,948,HG.v.0
2026-04-23 06:00:00+00:00,34,1,3402,6.0565,6.0615,6.0425,6.0565,763,HG.v.0
2026-04-23 07:00:00+00:00,34,1,3402,6.0565,6.0575,6.0345,6.0375,870,HG.v.0
2026-04-23 08:00:00+00:00,34,1,3402,6.038,6.0485,6.025,6.033,1086,HG.v.0
2026-04-23 09:00:00+00:00,34,1,3402,6.032,6.039,6.0235,6.034,709,HG.v.0
2026-04-23 10:00:00+00:00,34,1,3402,6.032,6.037,6.018,6.029,594,HG.v.0
2026-04-23 11:00:00+00:00,34,1,3402,6.03,6.0505,6.0275,6.0485,994,HG.v.0
2026-04-23 12:00:00+00:00,34,1,3402,6.047,6.077,6.0465,6.0685,2524,HG.v.0
2026-04-23 13:00:00+00:00,34,1,3402,6.0705,6.0775,6.0575,6.0575,1691,HG.v.0
2026-04-23 14:00:00+00:00,34,1,3402,6.058,6.0935,6.048,6.0905,2533,HG.v.0
2026-04-23 15:00:00+00:00,34,1,3402,6.091,6.109,6.069,6.0795,2799,HG.v.0
2026-04-23 16:00:00+00:00,34,1,3402,6.0795,6.084,6.0705,6.0805,2006,HG.v.0
2026-04-23 17:00:00+00:00,34,1,3402,6.081,6.084,6.0105,6.05,3998,HG.v.0
2026-04-23 18:00:00+00:00,34,1,3402,6.05,6.0635,6.0365,6.0395,605,HG.v.0
2026-04-23 19:00:00+00:00,34,1,3402,6.039,6.0465,6.032,6.0425,439,HG.v.0
2026-04-23 20:00:00+00:00,34,1,3402,6.0415,6.0415,6.012,6.025,730,HG.v.0
2026-04-23 22:00:00+00:00,34,1,3402,6.028,6.036,6.0255,6.0325,116,HG.v.0
2026-04-23 23:00:00+00:00,34,1,3402,6.034,6.04,6.0315,6.0375,170,HG.v.0
2026-04-24 00:00:00+00:00,34,1,3402,6.039,6.0465,6.036,6.0425,540,HG.v.0
2026-04-24 01:00:00+00:00,34,1,3402,6.0425,6.047,6.01,6.023,1324,HG.v.0
2026-04-24 02:00:00+00:00,34,1,3402,6.022,6.0235,6.01,6.0155,729,HG.v.0
2026-04-24 03:00:00+00:00,34,1,3402,6.015,6.0155,5.9925,5.9955,813,HG.v.0
2026-04-24 04:00:00+00:00,34,1,3402,5.995,6.0005,5.991,5.9975,266,HG.v.0
2026-04-24 05:00:00+00:00,34,1,3402,5.9965,6.013,5.996,6.0105,550,HG.v.0
2026-04-24 06:00:00+00:00,34,1,3402,6.01,6.0205,5.993,6.002,689,HG.v.0
2026-04-24 07:00:00+00:00,34,1,3402,6.001,6.0175,5.9925,6.0165,1003,HG.v.0
2026-04-24 08:00:00+00:00,34,1,3402,6.017,6.0245,6.006,6.016,818,HG.v.0
2026-04-24 09:00:00+00:00,34,1,3402,6.0165,6.0165,5.9835,5.988,781,HG.v.0
2026-04-24 10:00:00+00:00,34,1,3402,5.987,5.999,5.9855,5.9915,375,HG.v.0
2026-04-24 11:00:00+00:00,34,1,3402,5.9915,6.0345,5.9915,6.026,1704,HG.v.0
2026-04-24 12:00:00+00:00,34,1,3402,6.027,6.033,5.999,6.0115,1329,HG.v.0
2026-04-24 13:00:00+00:00,34,1,3402,6.013,6.0355,6.013,6.0335,1631,HG.v.0
2026-04-24 14:00:00+00:00,34,1,3402,6.032,6.038,6.018,6.037,1670,HG.v.0
2026-04-24 15:00:00+00:00,34,1,3402,6.0375,6.047,6.0265,6.0365,1723,HG.v.0
2026-04-24 16:00:00+00:00,34,1,3402,6.037,6.0395,6.024,6.025,1728,HG.v.0
2026-04-24 17:00:00+00:00,34,1,3402,6.025,6.0305,6.0155,6.026,923,HG.v.0
2026-04-24 18:00:00+00:00,34,1,3402,6.026,6.03,6.023,6.0295,180,HG.v.0
2026-04-24 19:00:00+00:00,34,1,3402,6.03,6.036,6.025,6.0285,372,HG.v.0
2026-04-24 20:00:00+00:00,34,1,3402,6.029,6.0335,6.0235,6.0285,238,HG.v.0
2026-04-26 22:00:00+00:00,34,1,3402,6.032,6.032,6.0,6.018,297,HG.v.0
2026-04-26 23:00:00+00:00,34,1,3402,6.0175,6.0235,6.0095,6.017,208,HG.v.0
2026-04-27 00:00:00+00:00,34,1,3402,6.018,6.037,6.013,6.036,266,HG.v.0
2026-04-27 01:00:00+00:00,34,1,3402,6.0365,6.065,6.033,6.049,499,HG.v.0
2026-04-27 02:00:00+00:00,34,1,3402,6.0545,6.0755,6.0475,6.07,350,HG.v.0
2026-04-27 03:00:00+00:00,34,1,3402,6.0695,6.0735,6.056,6.066,226,HG.v.0
2026-04-27 04:00:00+00:00,34,1,3402,6.0655,6.0695,6.0615,6.0645,111,HG.v.0
2026-04-27 05:00:00+00:00,34,1,3402,6.0625,6.0625,6.04,6.042,305,HG.v.0
2026-04-27 06:00:00+00:00,34,1,3402,6.042,6.043,6.0305,6.0345,329,HG.v.0
2026-04-27 07:00:00+00:00,34,1,3402,6.034,6.05,6.0305,6.0455,286,HG.v.0
2026-04-27 08:00:00+00:00,34,1,3402,6.043,6.043,6.027,6.042,404,HG.v.0
2026-04-27 09:00:00+00:00,34,1,3402,6.0435,6.05,6.0385,6.044,294,HG.v.0
2026-04-27 10:00:00+00:00,34,1,3402,6.0445,6.0535,6.0395,6.0395,328,HG.v.0
2026-04-27 11:00:00+00:00,34,1,3402,6.0405,6.0405,6.019,6.0275,348,HG.v.0
2026-04-27 12:00:00+00:00,34,1,3402,6.0275,6.034,6.0145,6.0215,661,HG.v.0
2026-04-27 13:00:00+00:00,34,1,3402,6.0215,6.0265,6.004,6.025,887,HG.v.0
2026-04-27 14:00:00+00:00,34,1,3402,6.0245,6.026,6.0075,6.011,590,HG.v.0
2026-04-27 15:00:00+00:00,34,1,3402,6.0125,6.013,5.9895,6.0045,804,HG.v.0
2026-04-27 16:00:00+00:00,34,1,3402,6.003,6.0245,5.9995,6.021,1101,HG.v.0
2026-04-27 17:00:00+00:00,34,1,3402,6.0215,6.0395,6.019,6.0275,1058,HG.v.0
2026-04-27 18:00:00+00:00,34,1,3402,6.028,6.033,6.026,6.0325,54,HG.v.0
2026-04-27 19:00:00+00:00,34,1,3402,6.0325,6.0335,6.026,6.0265,112,HG.v.0
2026-04-27 20:00:00+00:00,34,1,3402,6.0265,6.0295,6.024,6.0275,59,HG.v.0
2026-04-27 22:00:00+00:00,34,1,3402,6.021,6.0275,6.021,6.0225,99,HG.v.0
2026-04-27 23:00:00+00:00,34,1,3402,6.024,6.0315,6.0235,6.0315,43,HG.v.0
2026-04-28 00:00:00+00:00,34,1,3402,6.032,6.0395,6.0285,6.032,71,HG.v.0
2026-04-28 01:00:00+00:00,34,1,3402,6.0315,6.0355,6.002,6.003,84,HG.v.0
2026-04-28 02:00:00+00:00,34,1,3402,6.005,6.013,5.9945,5.9985,148,HG.v.0
2026-04-28 03:00:00+00:00,34,1,3402,6.001,6.023,6.0,6.0155,60,HG.v.0
2026-04-28 04:00:00+00:00,34,1,3402,6.0175,6.0175,6.01,6.01,53,HG.v.0
2026-04-28 05:00:00+00:00,34,1,3402,6.0095,6.0095,5.988,5.9995,148,HG.v.0
2026-04-28 06:00:00+00:00,34,1,3402,5.994,6.0065,5.988,6.006,225,HG.v.0
2026-04-28 07:00:00+00:00,34,1,3402,6.004,6.006,5.991,5.992,127,HG.v.0
2026-04-28 08:00:00+00:00,34,1,3402,5.991,5.9925,5.947,5.975,342,HG.v.0
2026-04-28 09:00:00+00:00,34,1,3402,5.9715,5.976,5.9115,5.914,266,HG.v.0
2026-04-28 10:00:00+00:00,34,1,3402,5.9145,5.9335,5.9145,5.927,70,HG.v.0
2026-04-28 11:00:00+00:00,34,1,3402,5.928,5.928,5.8745,5.8855,508,HG.v.0
2026-04-28 12:00:00+00:00,34,1,3402,5.887,5.921,5.8815,5.917,1046,HG.v.0
2026-04-28 13:00:00+00:00,34,1,3402,5.917,5.9335,5.9035,5.917,1109,HG.v.0
2026-04-28 14:00:00+00:00,34,1,3402,5.917,5.937,5.9045,5.9215,446,HG.v.0
2026-04-28 15:00:00+00:00,34,1,3402,5.9215,5.926,5.913,5.9245,254,HG.v.0
2026-04-28 16:00:00+00:00,34,1,3402,5.923,5.924,5.9145,5.9185,212,HG.v.0
2026-04-28 17:00:00+00:00,34,1,3402,5.918,5.922,5.9085,5.9155,170,HG.v.0
2026-04-28 18:00:00+00:00,34,1,3402,5.918,5.9245,5.916,5.9205,34,HG.v.0
2026-04-28 19:00:00+00:00,34,1,3402,5.922,5.9255,5.9165,5.9165,31,HG.v.0
2026-04-28 20:00:00+00:00,34,1,3402,5.9175,5.923,5.9175,5.9195,34,HG.v.0
2026-04-28 22:00:00+00:00,34,1,3402,5.9235,5.9235,5.918,5.918,4,HG.v.0
2026-04-28 23:00:00+00:00,34,1,3402,5.919,5.9215,5.919,5.921,8,HG.v.0
2026-04-29 00:00:00+00:00,34,1,6592,5.9795,5.989,5.972,5.977,592,HG.v.0
2026-04-29 01:00:00+00:00,34,1,6592,5.977,5.999,5.965,5.9975,1641,HG.v.0
2026-04-29 02:00:00+00:00,34,1,6592,5.998,6.009,5.994,6.008,982,HG.v.0
2026-04-29 03:00:00+00:00,34,1,6592,6.008,6.0215,6.0065,6.009,661,HG.v.0
2026-04-29 04:00:00+00:00,34,1,6592,6.01,6.012,6.007,6.0085,192,HG.v.0
2026-04-29 05:00:00+00:00,34,1,6592,6.009,6.024,6.0075,6.01,583,HG.v.0
2026-04-29 06:00:00+00:00,34,1,6592,6.009,6.021,6.0065,6.0135,628,HG.v.0
2026-04-29 07:00:00+00:00,34,1,6592,6.013,6.0205,5.986,5.9985,1257,HG.v.0
2026-04-29 08:00:00+00:00,34,1,6592,5.9985,6.0165,5.9825,5.992,1496,HG.v.0
2026-04-29 09:00:00+00:00,34,1,6592,5.9915,6.0025,5.9825,5.984,563,HG.v.0
2026-04-29 10:00:00+00:00,34,1,6592,5.9855,5.9945,5.9785,5.9835,629,HG.v.0
2026-04-29 11:00:00+00:00,34,1,6592,5.9835,5.999,5.9725,5.9965,958,HG.v.0
2026-04-29 12:00:00+00:00,34,1,6592,5.995,6.003,5.969,5.9715,1860,HG.v.0
2026-04-29 13:00:00+00:00,34,1,6592,5.9725,5.9845,5.9435,5.9485,3557,HG.v.0
2026-04-29 14:00:00+00:00,34,1,6592,5.9485,5.9735,5.939,5.956,2628,HG.v.0
2026-04-29 15:00:00+00:00,34,1,6592,5.9555,5.9605,5.9345,5.939,2751,HG.v.0
2026-04-29 16:00:00+00:00,34,1,6592,5.939,5.953,5.9305,5.9345,2020,HG.v.0
2026-04-29 17:00:00+00:00,34,1,6592,5.9345,5.945,5.927,5.9405,1130,HG.v.0
2026-04-29 18:00:00+00:00,34,1,6592,5.942,5.9425,5.904,5.932,1192,HG.v.0
2026-04-29 19:00:00+00:00,34,1,6592,5.932,5.939,5.923,5.9325,821,HG.v.0
2026-04-29 20:00:00+00:00,34,1,6592,5.933,5.9365,5.9185,5.9265,396,HG.v.0
2026-04-29 22:00:00+00:00,34,1,6592,5.9285,5.939,5.9245,5.9385,191,HG.v.0
2026-04-29 23:00:00+00:00,34,1,6592,5.937,5.9465,5.9305,5.944,282,HG.v.0
2026-04-30 00:00:00+00:00,34,1,6592,5.9445,5.9625,5.941,5.9605,915,HG.v.0
2026-04-30 01:00:00+00:00,34,1,6592,5.9605,5.974,5.952,5.97,785,HG.v.0
2026-04-30 02:00:00+00:00,34,1,6592,5.9715,5.9765,5.952,5.9565,913,HG.v.0
2026-04-30 03:00:00+00:00,34,1,6592,5.956,5.97,5.9505,5.952,359,HG.v.0
2026-04-30 04:00:00+00:00,34,1,6592,5.9505,5.9535,5.926,5.928,610,HG.v.0
2026-04-30 05:00:00+00:00,34,1,6592,5.9295,5.9495,5.927,5.936,1038,HG.v.0
2026-04-30 06:00:00+00:00,34,1,6592,5.9355,5.953,5.927,5.948,1063,HG.v.0
2026-04-30 07:00:00+00:00,34,1,6592,5.948,5.9845,5.9435,5.9845,1375,HG.v.0
2026-04-30 08:00:00+00:00,34,1,6592,5.983,5.999,5.9785,5.9855,989,HG.v.0
2026-04-30 09:00:00+00:00,34,1,6592,5.9855,6.0035,5.977,5.9925,742,HG.v.0
2026-04-30 10:00:00+00:00,34,1,6592,5.993,5.9965,5.977,5.983,831,HG.v.0
2026-04-30 11:00:00+00:00,34,1,6592,5.984,6.0165,5.98,5.9915,1836,HG.v.0
2026-04-30 12:00:00+00:00,34,1,6592,5.9905,5.9945,5.971,5.9745,1563,HG.v.0
2026-04-30 13:00:00+00:00,34,1,6592,5.975,5.9835,5.944,5.9485,3397,HG.v.0
2026-04-30 14:00:00+00:00,34,1,6592,5.9485,5.969,5.9425,5.961,2138,HG.v.0
2026-04-30 15:00:00+00:00,34,1,6592,5.9615,5.9755,5.9535,5.967,1935,HG.v.0
2026-04-30 16:00:00+00:00,34,1,6592,5.9675,5.9835,5.9645,5.981,2651,HG.v.0
2026-04-30 17:00:00+00:00,34,1,6592,5.9805,5.988,5.978,5.98,1033,HG.v.0
2026-04-30 18:00:00+00:00,34,1,6592,5.979,6.0255,5.979,6.0175,1286,HG.v.0
2026-04-30 19:00:00+00:00,34,1,6592,6.0175,6.0245,6.009,6.013,1017,HG.v.0
2026-04-30 20:00:00+00:00,34,1,6592,6.0125,6.03,6.0105,6.0275,544,HG.v.0
2026-04-30 22:00:00+00:00,34,1,6592,6.027,6.038,6.0235,6.025,399,HG.v.0
2026-04-30 23:00:00+00:00,34,1,6592,6.0255,6.03,6.022,6.023,108,HG.v.0
2026-05-01 00:00:00+00:00,34,1,6592,6.023,6.027,6.0125,6.027,917,HG.v.0
2026-05-01 01:00:00+00:00,34,1,6592,6.027,6.038,6.026,6.036,527,HG.v.0
2026-05-01 02:00:00+00:00,34,1,6592,6.034,6.04,6.0215,6.0245,615,HG.v.0
2026-05-01 03:00:00+00:00,34,1,6592,6.0215,6.0235,6.0125,6.014,419,HG.v.0
2026-05-01 04:00:00+00:00,34,1,6592,6.0135,6.0155,6.0025,6.003,276,HG.v.0
2026-05-01 05:00:00+00:00,34,1,6592,6.001,6.006,5.993,5.996,383,HG.v.0
2026-05-01 06:00:00+00:00,34,1,6592,5.9975,6.0035,5.989,6.001,661,HG.v.0
2026-05-01 07:00:00+00:00,34,1,6592,6.0005,6.0125,5.987,5.9895,854,HG.v.0
2026-05-01 08:00:00+00:00,34,1,6592,5.9905,6.0105,5.9895,5.993,953,HG.v.0
2026-05-01 09:00:00+00:00,34,1,6592,5.994,5.994,5.9805,5.9885,596,HG.v.0
2026-05-01 10:00:00+00:00,34,1,6592,5.988,6.0005,5.9855,5.9905,569,HG.v.0
2026-05-01 11:00:00+00:00,34,1,6592,5.9905,5.9935,5.968,5.9715,1732,HG.v.0
2026-05-01 12:00:00+00:00,34,1,6592,5.97,5.99,5.9585,5.974,2642,HG.v.0
2026-05-01 13:00:00+00:00,34,1,6592,5.9735,5.991,5.9655,5.987,2371,HG.v.0
2026-05-01 14:00:00+00:00,34,1,6592,5.9875,6.0225,5.98,5.9915,3283,HG.v.0
2026-05-01 15:00:00+00:00,34,1,6592,5.9915,6.0005,5.9735,5.976,2152,HG.v.0
2026-05-01 16:00:00+00:00,34,1,6592,5.976,5.9885,5.975,5.986,2589,HG.v.0
2026-05-01 17:00:00+00:00,34,1,6592,5.986,5.995,5.9785,5.98,1032,HG.v.0
2026-05-01 18:00:00+00:00,34,1,6592,5.9805,5.981,5.9615,5.967,686,HG.v.0
2026-05-01 19:00:00+00:00,34,1,6592,5.967,5.975,5.966,5.9695,330,HG.v.0
2026-05-01 20:00:00+00:00,34,1,6592,5.969,5.971,5.9565,5.9645,459,HG.v.0
2026-05-03 22:00:00+00:00,34,1,6592,5.991,5.9985,5.9795,5.9835,319,HG.v.0
2026-05-03 23:00:00+00:00,34,1,6592,5.983,5.9875,5.9805,5.9825,139,HG.v.0
2026-05-04 00:00:00+00:00,34,1,6592,5.9815,5.983,5.955,5.9585,686,HG.v.0
2026-05-04 01:00:00+00:00,34,1,6592,5.959,5.9865,5.9335,5.986,1079,HG.v.0
2026-05-04 02:00:00+00:00,34,1,6592,5.986,6.0,5.9805,5.9985,684,HG.v.0
2026-05-04 03:00:00+00:00,34,1,6592,5.9975,6.0015,5.9895,5.9995,376,HG.v.0
2026-05-04 04:00:00+00:00,34,1,6592,6.0,6.0035,5.986,5.9875,286,HG.v.0
2026-05-04 05:00:00+00:00,34,1,6592,5.9865,5.9985,5.969,5.974,426,HG.v.0
2026-05-04 06:00:00+00:00,34,1,6592,5.9735,5.9745,5.953,5.97,837,HG.v.0
2026-05-04 07:00:00+00:00,34,1,6592,5.9705,5.982,5.9485,5.952,825,HG.v.0
2026-05-04 08:00:00+00:00,34,1,6592,5.9525,5.9535,5.932,5.944,759,HG.v.0
2026-05-04 09:00:00+00:00,34,1,6592,5.945,5.9505,5.936,5.936,304,HG.v.0
2026-05-04 10:00:00+00:00,34,1,6592,5.9365,5.9375,5.8395,5.897,4196,HG.v.0
2026-05-04 11:00:00+00:00,34,1,6592,5.897,5.915,5.883,5.897,893,HG.v.0
2026-05-04 12:00:00+00:00,34,1,6592,5.8975,5.953,5.8965,5.9255,2644,HG.v.0
2026-05-04 13:00:00+00:00,34,1,6592,5.925,5.9255,5.888,5.907,2333,HG.v.0
2026-05-04 14:00:00+00:00,34,1,6592,5.906,5.921,5.8855,5.8915,2388,HG.v.0
2026-05-04 15:00:00+00:00,34,1,6592,5.892,5.893,5.825,5.8425,5649,HG.v.0
2026-05-04 16:00:00+00:00,34,1,6592,5.842,5.8535,5.82,5.8465,3270,HG.v.0
2026-05-04 17:00:00+00:00,34,1,6592,5.8465,5.8755,5.844,5.867,1455,HG.v.0
2026-05-04 18:00:00+00:00,34,1,6592,5.8665,5.872,5.856,5.861,394,HG.v.0
2026-05-04 19:00:00+00:00,34,1,6592,5.8615,5.868,5.8575,5.8615,334,HG.v.0
2026-05-04 20:00:00+00:00,34,1,6592,5.8615,5.866,5.8555,5.8595,277,HG.v.0
2026-05-04 22:00:00+00:00,34,1,6592,5.8605,5.8645,5.8565,5.8595,180,HG.v.0
2026-05-04 23:00:00+00:00,34,1,6592,5.86,5.8745,5.859,5.8715,687,HG.v.0
2026-05-05 00:00:00+00:00,34,1,6592,5.872,5.8925,5.8645,5.8745,2721,HG.v.0
2026-05-05 01:00:00+00:00,34,1,6592,5.8735,5.8865,5.8615,5.871,892,HG.v.0
2026-05-05 02:00:00+00:00,34,1,6592,5.8725,5.896,5.872,5.89,672,HG.v.0
2026-05-05 03:00:00+00:00,34,1,6592,5.8905,5.896,5.887,5.8885,405,HG.v.0
2026-05-05 04:00:00+00:00,34,1,6592,5.888,5.896,5.8875,5.8905,210,HG.v.0
2026-05-05 05:00:00+00:00,34,1,6592,5.887,5.903,5.885,5.9005,446,HG.v.0
2026-05-05 06:00:00+00:00,34,1,6592,5.9,5.913,5.894,5.911,877,HG.v.0
2026-05-05 07:00:00+00:00,34,1,6592,5.9115,5.9495,5.9095,5.9375,1813,HG.v.0
2026-05-05 08:00:00+00:00,34,1,6592,5.938,5.958,5.9355,5.956,996,HG.v.0
2026-05-05 09:00:00+00:00,34,1,6592,5.957,5.9755,5.956,5.971,1250,HG.v.0
2026-05-05 10:00:00+00:00,34,1,6592,5.971,5.974,5.96,5.9655,884,HG.v.0
2026-05-05 11:00:00+00:00,34,1,6592,5.9655,5.991,5.9595,5.9875,1550,HG.v.0
2026-05-05 12:00:00+00:00,34,1,6592,5.9875,5.9975,5.9755,5.983,1354,HG.v.0
2026-05-05 13:00:00+00:00,34,1,6592,5.9825,6.02,5.982,6.004,3497,HG.v.0
2026-05-05 14:00:00+00:00,34,1,6592,6.005,6.0135,5.985,6.004,2511,HG.v.0
2026-05-05 15:00:00+00:00,34,1,6592,6.004,6.0165,5.999,6.0095,1720,HG.v.0
2026-05-05 16:00:00+00:00,34,1,6592,6.01,6.011,5.986,5.992,2340,HG.v.0
2026-05-05 17:00:00+00:00,34,1,6592,5.992,5.9925,5.9785,5.988,1243,HG.v.0
2026-05-05 18:00:00+00:00,34,1,6592,5.988,5.992,5.9855,5.987,308,HG.v.0
2026-05-05 19:00:00+00:00,34,1,6592,5.987,5.9885,5.9765,5.9795,447,HG.v.0
2026-05-05 20:00:00+00:00,34,1,6592,5.9795,5.99,5.9785,5.989,378,HG.v.0
2026-05-05 22:00:00+00:00,34,1,6592,5.9895,6.006,5.983,6.004,450,HG.v.0
2026-05-05 23:00:00+00:00,34,1,6592,6.0025,6.01,5.996,6.0025,539,HG.v.0
2026-05-06 00:00:00+00:00,34,1,6592,6.0025,6.0245,5.997,6.023,1321,HG.v.0
2026-05-06 01:00:00+00:00,34,1,6592,6.0235,6.0615,6.022,6.0565,1652,HG.v.0
2026-05-06 02:00:00+00:00,34,1,6592,6.056,6.0735,6.053,6.0725,1026,HG.v.0
2026-05-06 03:00:00+00:00,34,1,6592,6.073,6.088,6.072,6.083,928,HG.v.0
2026-05-06 04:00:00+00:00,34,1,6592,6.0835,6.0925,6.083,6.0865,517,HG.v.0
2026-05-06 05:00:00+00:00,34,1,6592,6.0865,6.104,6.0865,6.099,685,HG.v.0
2026-05-06 06:00:00+00:00,34,1,6592,6.1,6.102,6.082,6.0875,1203,HG.v.0
2026-05-06 07:00:00+00:00,34,1,6592,6.089,6.125,6.0755,6.118,2512,HG.v.0
2026-05-06 08:00:00+00:00,34,1,6592,6.118,6.1455,6.0985,6.129,2421,HG.v.0
2026-05-06 09:00:00+00:00,34,1,6592,6.1285,6.1745,6.119,6.167,3146,HG.v.0
2026-05-06 10:00:00+00:00,34,1,6592,6.169,6.217,6.168,6.194,4245,HG.v.0
2026-05-06 11:00:00+00:00,34,1,6592,6.194,6.209,6.172,6.1825,3667,HG.v.0
2026-05-06 12:00:00+00:00,34,1,6592,6.183,6.206,6.1705,6.189,5143,HG.v.0
2026-05-06 13:00:00+00:00,34,1,6592,6.19,6.196,6.1615,6.167,5441,HG.v.0
2026-05-06 14:00:00+00:00,34,1,6592,6.1675,6.197,6.1665,6.1805,3886,HG.v.0
2026-05-06 15:00:00+00:00,34,1,6592,6.1815,6.199,6.1745,6.19,2368,HG.v.0
2026-05-06 16:00:00+00:00,34,1,6592,6.1895,6.197,6.183,6.1845,3006,HG.v.0
2026-05-06 17:00:00+00:00,34,1,6592,6.1845,6.1845,6.1715,6.1765,1209,HG.v.0
2026-05-06 18:00:00+00:00,34,1,6592,6.177,6.181,6.174,6.177,286,HG.v.0
2026-05-06 19:00:00+00:00,34,1,6592,6.177,6.1905,6.1725,6.178,1117,HG.v.0
2026-05-06 20:00:00+00:00,34,1,6592,6.178,6.195,6.171,6.1935,618,HG.v.0
2026-05-06 22:00:00+00:00,34,1,6592,6.1895,6.1925,6.178,6.1895,232,HG.v.0
2026-05-06 23:00:00+00:00,34,1,6592,6.189,6.1905,6.1775,6.1785,242,HG.v.0
2026-05-07 00:00:00+00:00,34,1,6592,6.179,6.1855,6.168,6.177,500,HG.v.0
2026-05-07 01:00:00+00:00,34,1,6592,6.177,6.2035,6.169,6.189,1034,HG.v.0
2026-05-07 02:00:00+00:00,34,1,6592,6.189,6.1945,6.174,6.1905,497,HG.v.0
2026-05-07 03:00:00+00:00,34,1,6592,6.19,6.2015,6.1855,6.189,357,HG.v.0
2026-05-07 04:00:00+00:00,34,1,6592,6.188,6.196,6.1875,6.1935,128,HG.v.0
2026-05-07 05:00:00+00:00,34,1,6592,6.1945,6.203,6.178,6.179,455,HG.v.0
2026-05-07 06:00:00+00:00,34,1,6592,6.179,6.2055,6.1785,6.196,1003,HG.v.0
2026-05-07 07:00:00+00:00,34,1,6592,6.1965,6.2425,6.191,6.24,2880,HG.v.0
2026-05-07 08:00:00+00:00,34,1,6592,6.241,6.2445,6.208,6.214,1412,HG.v.0
2026-05-07 09:00:00+00:00,34,1,6592,6.214,6.222,6.196,6.2195,1222,HG.v.0
2026-05-07 10:00:00+00:00,34,1,6592,6.2175,6.2265,6.2065,6.222,776,HG.v.0
2026-05-07 11:00:00+00:00,34,1,6592,6.2225,6.228,6.2125,6.219,940,HG.v.0
2026-05-07 12:00:00+00:00,34,1,6592,6.2205,6.243,6.21,6.2415,2293,HG.v.0
2026-05-07 13:00:00+00:00,34,1,6592,6.2415,6.243,6.213,6.2345,3319,HG.v.0
2026-05-07 14:00:00+00:00,34,1,6592,6.2365,6.2375,6.2065,6.227,2546,HG.v.0
2026-05-07 15:00:00+00:00,34,1,6592,6.227,6.2325,6.1885,6.1935,2623,HG.v.0
2026-05-07 16:00:00+00:00,34,1,6592,6.1945,6.1945,6.1655,6.175,3302,HG.v.0
2026-05-07 17:00:00+00:00,34,1,6592,6.1745,6.178,6.146,6.1685,1917,HG.v.0
2026-05-07 18:00:00+00:00,34,1,6592,6.169,6.17,6.145,6.1615,651,HG.v.0
2026-05-07 19:00:00+00:00,34,1,6592,6.1615,6.1645,6.143,6.1505,1062,HG.v.0
2026-05-07 20:00:00+00:00,34,1,6592,6.1515,6.1665,6.1235,6.125,1023,HG.v.0
2026-05-07 22:00:00+00:00,34,1,6592,6.1005,6.1395,6.0945,6.131,721,HG.v.0
2026-05-07 23:00:00+00:00,34,1,6592,6.1325,6.1435,6.132,6.1435,119,HG.v.0
2026-05-08 00:00:00+00:00,34,1,6592,6.1435,6.1545,6.1345,6.154,813,HG.v.0
2026-05-08 01:00:00+00:00,34,1,6592,6.1545,6.1735,6.1545,6.166,966,HG.v.0
2026-05-08 02:00:00+00:00,34,1,6592,6.1655,6.172,6.1545,6.167,641,HG.v.0
2026-05-08 03:00:00+00:00,34,1,6592,6.168,6.1835,6.162,6.1775,440,HG.v.0
2026-05-08 04:00:00+00:00,34,1,6592,6.1795,6.19,6.174,6.1885,314,HG.v.0
2026-05-08 05:00:00+00:00,34,1,6592,6.189,6.2805,6.189,6.279,2786,HG.v.0
2026-05-08 06:00:00+00:00,34,1,6592,6.2795,6.322,6.273,6.302,4823,HG.v.0
2026-05-08 07:00:00+00:00,34,1,6592,6.302,6.308,6.265,6.2715,3248,HG.v.0
2026-05-08 08:00:00+00:00,34,1,6592,6.272,6.2955,6.268,6.2905,1862,HG.v.0
2026-05-08 09:00:00+00:00,34,1,6592,6.29,6.3065,6.2795,6.2865,1296,HG.v.0
2026-05-08 10:00:00+00:00,34,1,6592,6.2855,6.3045,6.2765,6.282,948,HG.v.0
2026-05-08 11:00:00+00:00,34,1,6592,6.283,6.2975,6.268,6.286,1267,HG.v.0
2026-05-08 12:00:00+00:00,34,1,6592,6.286,6.31,6.2755,6.302,2576,HG.v.0
2026-05-08 13:00:00+00:00,34,1,6592,6.301,6.309,6.282,6.2915,2985,HG.v.0
2026-05-08 14:00:00+00:00,34,1,6592,6.2915,6.307,6.2565,6.3035,5639,HG.v.0
2026-05-08 15:00:00+00:00,34,1,6592,6.304,6.3115,6.293,6.3035,3591,HG.v.0
2026-05-08 16:00:00+00:00,34,1,6592,6.303,6.308,6.292,6.298,2805,HG.v.0
2026-05-08 17:00:00+00:00,34,1,6592,6.298,6.309,6.289,6.2895,1711,HG.v.0
2026-05-08 18:00:00+00:00,34,1,6592,6.289,6.3045,6.2835,6.295,808,HG.v.0
2026-05-08 19:00:00+00:00,34,1,6592,6.2945,6.3005,6.2925,6.297,451,HG.v.0
2026-05-08 20:00:00+00:00,34,1,6592,6.296,6.2975,6.275,6.2825,733,HG.v.0
2026-05-10 22:00:00+00:00,34,1,6592,6.2785,6.2875,6.25,6.286,886,HG.v.0
2026-05-10 23:00:00+00:00,34,1,6592,6.2845,6.294,6.283,6.2875,160,HG.v.0
2026-05-11 00:00:00+00:00,34,1,6592,6.287,6.3135,6.2775,6.3005,1305,HG.v.0
2026-05-11 01:00:00+00:00,34,1,6592,6.3005,6.354,6.287,6.3235,3660,HG.v.0
2026-05-11 02:00:00+00:00,34,1,6592,6.324,6.341,6.322,6.338,1280,HG.v.0
2026-05-11 03:00:00+00:00,34,1,6592,6.3375,6.3545,6.326,6.3415,1144,HG.v.0
2026-05-11 04:00:00+00:00,34,1,6592,6.343,6.346,6.3235,6.326,710,HG.v.0
2026-05-11 05:00:00+00:00,34,1,6592,6.3255,6.33,6.307,6.312,1467,HG.v.0
2026-05-11 06:00:00+00:00,34,1,6592,6.312,6.325,6.3085,6.3155,1288,HG.v.0
2026-05-11 07:00:00+00:00,34,1,6592,6.3175,6.332,6.313,6.329,1111,HG.v.0
2026-05-11 08:00:00+00:00,34,1,6592,6.329,6.3405,6.318,6.335,1282,HG.v.0
2026-05-11 09:00:00+00:00,34,1,6592,6.335,6.34,6.3245,6.3365,572,HG.v.0
2026-05-11 10:00:00+00:00,34,1,6592,6.335,6.3875,6.335,6.3705,2284,HG.v.0
2026-05-11 11:00:00+00:00,34,1,6592,6.371,6.411,6.3705,6.4055,3180,HG.v.0
2026-05-11 12:00:00+00:00,34,1,6592,6.4055,6.4145,6.3735,6.3945,4510,HG.v.0
2026-05-11 13:00:00+00:00,34,1,6592,6.395,6.48,6.391,6.4585,6723,HG.v.0
2026-05-11 14:00:00+00:00,34,1,6592,6.459,6.472,6.4395,6.461,4516,HG.v.0
2026-05-11 15:00:00+00:00,34,1,6592,6.461,6.509,6.4585,6.4895,3727,HG.v.0
2026-05-11 16:00:00+00:00,34,1,6592,6.4905,6.497,6.451,6.4595,4433,HG.v.0
2026-05-11 17:00:00+00:00,34,1,6592,6.46,6.468,6.448,6.4655,1450,HG.v.0
2026-05-11 18:00:00+00:00,34,1,6592,6.466,6.4785,6.4635,6.4735,909,HG.v.0
2026-05-11 19:00:00+00:00,34,1,6592,6.4725,6.484,6.471,6.4805,827,HG.v.0
2026-05-11 20:00:00+00:00,34,1,6592,6.481,6.4935,6.475,6.4915,764,HG.v.0
2026-05-11 22:00:00+00:00,34,1,6592,6.492,6.501,6.4865,6.493,407,HG.v.0
2026-05-11 23:00:00+00:00,34,1,6592,6.4935,6.4965,6.4915,6.493,162,HG.v.0
2026-05-12 00:00:00+00:00,34,1,6592,6.4925,6.4985,6.4815,6.492,819,HG.v.0
2026-05-12 01:00:00+00:00,34,1,6592,6.493,6.514,6.452,6.47,2367,HG.v.0
2026-05-12 02:00:00+00:00,34,1,6592,6.469,6.505,6.4425,6.499,2117,HG.v.0
2026-05-12 03:00:00+00:00,34,1,6592,6.4985,6.508,6.48,6.4935,793,HG.v.0
2026-05-12 04:00:00+00:00,34,1,6592,6.4955,6.5175,6.4835,6.4905,1064,HG.v.0
2026-05-12 05:00:00+00:00,34,1,6592,6.491,6.5135,6.477,6.495,1544,HG.v.0
2026-05-12 06:00:00+00:00,34,1,6592,6.4965,6.4965,6.4455,6.4515,1530,HG.v.0
2026-05-12 07:00:00+00:00,34,1,6592,6.452,6.47,6.4405,6.462,2080,HG.v.0
2026-05-12 08:00:00+00:00,34,1,6592,6.463,6.491,6.463,6.491,1737,HG.v.0
2026-05-12 09:00:00+00:00,34,1,6592,6.491,6.505,6.4805,6.4935,1279,HG.v.0
2026-05-12 10:00:00+00:00,34,1,6592,6.4935,6.5025,6.4805,6.4895,902,HG.v.0
2026-05-12 11:00:00+00:00,34,1,6592,6.49,6.4935,6.4725,6.4865,1894,HG.v.0
2026-05-12 12:00:00+00:00,34,1,6592,6.487,6.4985,6.465,6.493,3304,HG.v.0
2026-05-12 13:00:00+00:00,34,1,6592,6.493,6.512,6.477,6.49,4983,HG.v.0
2026-05-12 14:00:00+00:00,34,1,6592,6.49,6.5655,6.4875,6.5185,11254,HG.v.0
2026-05-12 15:00:00+00:00,34,1,6592,6.5185,6.545,6.4945,6.534,5658,HG.v.0
2026-05-12 16:00:00+00:00,34,1,6592,6.5345,6.545,6.5205,6.532,3189,HG.v.0
2026-05-12 17:00:00+00:00,34,1,6592,6.5325,6.582,6.532,6.5775,2884,HG.v.0
2026-05-12 18:00:00+00:00,34,1,6592,6.5775,6.6365,6.5775,6.63,3142,HG.v.0
2026-05-12 19:00:00+00:00,34,1,6592,6.6305,6.657,6.624,6.6535,1692,HG.v.0
2026-05-12 20:00:00+00:00,34,1,6592,6.654,6.659,6.6305,6.6335,1295,HG.v.0
2026-05-12 22:00:00+00:00,34,1,6592,6.6305,6.654,6.6305,6.634,347,HG.v.0
2026-05-12 23:00:00+00:00,34,1,6592,6.6355,6.64,6.626,6.626,573,HG.v.0
2026-05-13 00:00:00+00:00,34,1,6592,6.626,6.6725,6.6225,6.6375,1966,HG.v.0
2026-05-13 01:00:00+00:00,34,1,6592,6.638,6.6785,6.627,6.6535,2442,HG.v.0
2026-05-13 02:00:00+00:00,34,1,6592,6.6535,6.69,6.616,6.6185,2299,HG.v.0
2026-05-13 03:00:00+00:00,34,1,6592,6.6195,6.6535,6.601,6.6445,1510,HG.v.0
2026-05-13 04:00:00+00:00,34,1,6592,6.645,6.651,6.633,6.644,552,HG.v.0
2026-05-13 05:00:00+00:00,34,1,6592,6.644,6.6585,6.6265,6.6505,1231,HG.v.0
2026-05-13 06:00:00+00:00,34,1,6592,6.6505,6.6675,6.6345,6.6395,1774,HG.v.0
2026-05-13 07:00:00+00:00,34,1,6592,6.6385,6.655,6.6235,6.6345,1813,HG.v.0
2026-05-13 08:00:00+00:00,34,1,6592,6.634,6.659,6.623,6.6295,1409,HG.v.0
2026-05-13 09:00:00+00:00,34,1,6592,6.629,6.642,6.6125,6.638,1526,HG.v.0
2026-05-13 10:00:00+00:00,34,1,6592,6.638,6.655,6.6275,6.6435,1059,HG.v.0
2026-05-13 11:00:00+00:00,34,1,6592,6.643,6.666,6.64,6.6555,1486,HG.v.0
2026-05-13 12:00:00+00:00,34,1,6592,6.6525,6.6585,6.607,6.632,3815,HG.v.0
2026-05-13 13:00:00+00:00,34,1,6592,6.633,6.6925,6.6315,6.6865,7659,HG.v.0
2026-05-13 14:00:00+00:00,34,1,6592,6.6855,6.716,6.66,6.665,7282,HG.v.0
2026-05-13 15:00:00+00:00,34,1,6592,6.6645,6.695,6.654,6.6795,4277,HG.v.0
2026-05-13 16:00:00+00:00,34,1,6592,6.678,6.6935,6.674,6.674,2266,HG.v.0
2026-05-13 17:00:00+00:00,34,1,6592,6.675,6.677,6.638,6.639,1536,HG.v.0
2026-05-13 18:00:00+00:00,34,1,6592,6.6395,6.651,6.581,6.597,3862,HG.v.0
2026-05-13 19:00:00+00:00,34,1,6592,6.5975,6.6285,6.596,6.6265,1193,HG.v.0
2026-05-13 20:00:00+00:00,34,1,6592,6.626,6.6295,6.618,6.619,636,HG.v.0
2026-05-13 22:00:00+00:00,34,1,6592,6.6195,6.6325,6.606,6.628,265,HG.v.0
2026-05-13 23:00:00+00:00,34,1,6592,6.6285,6.63,6.6175,6.627,228,HG.v.0
2026-05-14 00:00:00+00:00,34,1,6592,6.627,6.6515,6.622,6.648,877,HG.v.0
2026-05-14 01:00:00+00:00,34,1,6592,6.6495,6.653,6.59,6.5975,2330,HG.v.0
2026-05-14 02:00:00+00:00,34,1,6592,6.5985,6.611,6.573,6.578,1739,HG.v.0
2026-05-14 03:00:00+00:00,34,1,6592,6.578,6.592,6.5465,6.565,2036,HG.v.0
2026-05-14 04:00:00+00:00,34,1,6592,6.565,6.585,6.553,6.5775,643,HG.v.0
2026-05-14 05:00:00+00:00,34,1,6592,6.578,6.6075,6.572,6.5945,986,HG.v.0
2026-05-14 06:00:00+00:00,34,1,6592,6.5915,6.597,6.5575,6.577,1461,HG.v.0
2026-05-14 07:00:00+00:00,34,1,6592,6.5775,6.6025,6.565,6.582,1654,HG.v.0
2026-05-14 08:00:00+00:00,34,1,6592,6.58,6.622,6.5795,6.6035,2419,HG.v.0
2026-05-14 09:00:00+00:00,34,1,6592,6.6025,6.6315,6.6025,6.6235,1060,HG.v.0
2026-05-14 10:00:00+00:00,34,1,6592,6.624,6.647,6.619,6.6405,1149,HG.v.0
2026-05-14 11:00:00+00:00,34,1,6592,6.641,6.6495,6.624,6.633,1818,HG.v.0
2026-05-14 12:00:00+00:00,34,1,6592,6.6325,6.6375,6.6145,6.6255,2959,HG.v.0
2026-05-14 13:00:00+00:00,34,1,6592,6.6265,6.629,6.581,6.5825,4727,HG.v.0
2026-05-14 14:00:00+00:00,34,1,6592,6.5825,6.6175,6.566,6.5965,4888,HG.v.0
2026-05-14 15:00:00+00:00,34,1,6592,6.5965,6.6055,6.589,6.5955,2261,HG.v.0
2026-05-14 16:00:00+00:00,34,1,6592,6.5965,6.616,6.595,6.611,2433,HG.v.0
2026-05-14 17:00:00+00:00,34,1,6592,6.61,6.6155,6.5895,6.5995,1288,HG.v.0
2026-05-14 18:00:00+00:00,34,1,6592,6.598,6.601,6.575,6.5975,958,HG.v.0
2026-05-14 19:00:00+00:00,34,1,6592,6.598,6.601,6.5805,6.582,490,HG.v.0
2026-05-14 20:00:00+00:00,34,1,6592,6.584,6.587,6.5735,6.58,325,HG.v.0
2026-05-14 22:00:00+00:00,34,1,6592,6.58,6.584,6.568,6.584,340,HG.v.0
2026-05-14 23:00:00+00:00,34,1,6592,6.5835,6.587,6.576,6.579,187,HG.v.0
2026-05-15 00:00:00+00:00,34,1,6592,6.5805,6.587,6.516,6.5325,1851,HG.v.0
2026-05-15 01:00:00+00:00,34,1,6592,6.5305,6.532,6.373,6.3855,8988,HG.v.0
2026-05-15 02:00:00+00:00,34,1,6592,6.3855,6.438,6.379,6.4295,2188,HG.v.0
2026-05-15 03:00:00+00:00,34,1,6592,6.43,6.4515,6.419,6.43,1526,HG.v.0
2026-05-15 04:00:00+00:00,34,1,6592,6.4275,6.432,6.4035,6.408,444,HG.v.0
2026-05-15 05:00:00+00:00,34,1,6592,6.408,6.408,6.3415,6.3515,5259,HG.v.0
2026-05-15 06:00:00+00:00,34,1,6592,6.348,6.378,6.347,6.3535,2512,HG.v.0
2026-05-15 07:00:00+00:00,34,1,6592,6.352,6.3825,6.341,6.3625,2596,HG.v.0
2026-05-15 08:00:00+00:00,34,1,6592,6.3635,6.3675,6.325,6.3385,2676,HG.v.0
2026-05-15 09:00:00+00:00,34,1,6592,6.3395,6.3405,6.3035,6.3235,3696,HG.v.0
2026-05-15 10:00:00+00:00,34,1,6592,6.3235,6.372,6.3235,6.366,3202,HG.v.0
2026-05-15 11:00:00+00:00,34,1,6592,6.365,6.375,6.315,6.3245,1968,HG.v.0
2026-05-15 12:00:00+00:00,34,1,6592,6.3225,6.3255,6.2705,6.281,5895,HG.v.0
2026-05-15 13:00:00+00:00,34,1,6592,6.28,6.317,6.2735,6.3015,6128,HG.v.0
2026-05-15 14:00:00+00:00,34,1,6592,6.301,6.323,6.2815,6.2905,4785,HG.v.0
2026-05-15 15:00:00+00:00,34,1,6592,6.2915,6.3,6.282,6.29,3472,HG.v.0
2026-05-15 16:00:00+00:00,34,1,6592,6.2905,6.301,6.2825,6.295,3348,HG.v.0
2026-05-15 17:00:00+00:00,34,1,6592,6.2945,6.305,6.29,6.3035,1566,HG.v.0
2026-05-15 18:00:00+00:00,34,1,6592,6.305,6.307,6.2885,6.295,642,HG.v.0
2026-05-15 19:00:00+00:00,34,1,6592,6.296,6.2965,6.2835,6.285,505,HG.v.0
2026-05-15 20:00:00+00:00,34,1,6592,6.2845,6.2895,6.268,6.2895,867,HG.v.0
2026-05-17 22:00:00+00:00,34,1,6592,6.287,6.32,6.27,6.297,1029,HG.v.0
2026-05-17 23:00:00+00:00,34,1,6592,6.2975,6.302,6.275,6.2855,480,HG.v.0
2026-05-18 00:00:00+00:00,34,1,6592,6.2875,6.293,6.23,6.248,2889,HG.v.0
2026-05-18 01:00:00+00:00,34,1,6592,6.248,6.2515,6.207,6.243,3394,HG.v.0
2026-05-18 02:00:00+00:00,34,1,6592,6.242,6.249,6.2245,6.2375,1557,HG.v.0
2026-05-18 03:00:00+00:00,34,1,6592,6.238,6.2455,6.223,6.239,709,HG.v.0
2026-05-18 04:00:00+00:00,34,1,6592,6.2375,6.2525,6.2305,6.235,509,HG.v.0
2026-05-18 05:00:00+00:00,34,1,6592,6.2355,6.2585,6.2275,6.2275,621,HG.v.0
2026-05-18 06:00:00+00:00,34,1,6592,6.227,6.2725,6.2245,6.2725,1126,HG.v.0
2026-05-18 07:00:00+00:00,34,1,6592,6.2725,6.276,6.25,6.253,1475,HG.v.0
2026-05-18 08:00:00+00:00,34,1,6592,6.2545,6.266,6.2435,6.2565,1073,HG.v.0
2026-05-18 09:00:00+00:00,34,1,6592,6.2545,6.262,6.2415,6.244,1025,HG.v.0
2026-05-18 10:00:00+00:00,34,1,6592,6.2435,6.262,6.2335,6.2475,814,HG.v.0
2026-05-18 11:00:00+00:00,34,1,6592,6.247,6.29,6.2245,6.2645,3650,HG.v.0
2026-05-18 12:00:00+00:00,34,1,6592,6.2635,6.312,6.253,6.3,4403,HG.v.0
2026-05-18 13:00:00+00:00,34,1,6592,6.3005,6.321,6.281,6.3085,4461,HG.v.0
2026-05-18 14:00:00+00:00,34,1,6592,6.3085,6.328,6.289,6.325,4570,HG.v.0
2026-05-18 15:00:00+00:00,34,1,6592,6.3245,6.325,6.2975,6.3065,3019,HG.v.0
2026-05-18 16:00:00+00:00,34,1,6592,6.308,6.331,6.3005,6.314,4150,HG.v.0
2026-05-18 17:00:00+00:00,34,1,6592,6.313,6.3175,6.3045,6.306,897,HG.v.0
2026-05-18 18:00:00+00:00,34,1,6592,6.306,6.306,6.275,6.2785,905,HG.v.0
2026-05-18 19:00:00+00:00,34,1,6592,6.2785,6.333,6.278,6.323,1834,HG.v.0
2026-05-18 20:00:00+00:00,34,1,6592,6.325,6.337,6.325,6.336,553,HG.v.0
2026-05-18 22:00:00+00:00,34,1,6592,6.3365,6.35,6.332,6.3365,247,HG.v.0
2026-05-18 23:00:00+00:00,34,1,6592,6.337,6.346,6.332,6.3325,200,HG.v.0
2026-05-19 00:00:00+00:00,34,1,6592,6.3355,6.3395,6.3035,6.307,463,HG.v.0
2026-05-19 01:00:00+00:00,34,1,6592,6.3085,6.324,6.296,6.3025,1017,HG.v.0
2026-05-19 02:00:00+00:00,34,1,6592,6.3015,6.3015,6.255,6.2575,1395,HG.v.0
2026-05-19 03:00:00+00:00,34,1,6592,6.258,6.2615,6.246,6.2525,946,HG.v.0
2026-05-19 04:00:00+00:00,34,1,6592,6.252,6.252,6.2385,6.244,396,HG.v.0
2026-05-19 05:00:00+00:00,34,1,6592,6.2445,6.276,6.2445,6.2705,830,HG.v.0
2026-05-19 06:00:00+00:00,34,1,6592,6.272,6.287,6.264,6.284,796,HG.v.0
2026-05-19 07:00:00+00:00,34,1,6592,6.285,6.286,6.266,6.2825,716,HG.v.0
2026-05-19 08:00:00+00:00,34,1,6592,6.283,6.2945,6.247,6.248,1434,HG.v.0
2026-05-19 09:00:00+00:00,34,1,6592,6.2455,6.2465,6.231,6.2415,1405,HG.v.0
2026-05-19 10:00:00+00:00,34,1,6592,6.241,6.252,6.2245,6.252,1790,HG.v.0
2026-05-19 11:00:00+00:00,34,1,6592,6.2515,6.276,6.2225,6.2295,2906,HG.v.0
2026-05-19 12:00:00+00:00,34,1,6592,6.229,6.2415,6.224,6.236,1143,HG.v.0
2026-05-19 13:00:00+00:00,34,1,6592,6.235,6.243,6.1785,6.207,7144,HG.v.0
2026-05-19 14:00:00+00:00,34,1,6592,6.2065,6.2095,6.161,6.167,5129,HG.v.0
2026-05-19 15:00:00+00:00,34,1,6592,6.166,6.1925,6.165,6.1875,2776,HG.v.0
2026-05-19 16:00:00+00:00,34,1,6592,6.188,6.211,6.1815,6.2075,3808,HG.v.0
2026-05-19 17:00:00+00:00,34,1,6592,6.207,6.2135,6.203,6.204,873,HG.v.0
2026-05-19 18:00:00+00:00,34,1,6592,6.205,6.2085,6.1945,6.197,660,HG.v.0
2026-05-19 19:00:00+00:00,34,1,6592,6.198,6.2055,6.192,6.196,377,HG.v.0
2026-05-19 20:00:00+00:00,34,1,6592,6.1955,6.197,6.1925,6.194,281,HG.v.0
2026-05-19 22:00:00+00:00,34,1,6592,6.1875,6.2055,6.186,6.2055,204,HG.v.0
2026-05-19 23:00:00+00:00,34,1,6592,6.203,6.216,6.2025,6.204,187,HG.v.0
2026-05-20 00:00:00+00:00,34,1,6592,6.205,6.206,6.1815,6.1955,753,HG.v.0
2026-05-20 01:00:00+00:00,34,1,6592,6.1965,6.204,6.175,6.196,800,HG.v.0
2026-05-20 02:00:00+00:00,34,1,6592,6.1965,6.1995,6.1475,6.154,1374,HG.v.0
2026-05-20 03:00:00+00:00,34,1,6592,6.1535,6.1765,6.1485,6.17,468,HG.v.0
2026-05-20 04:00:00+00:00,34,1,6592,6.172,6.178,6.164,6.168,321,HG.v.0
2026-05-20 05:00:00+00:00,34,1,6592,6.1685,6.191,6.1675,6.183,688,HG.v.0
2026-05-20 06:00:00+00:00,34,1,6592,6.1815,6.223,6.1805,6.2195,1615,HG.v.0
2026-05-20 07:00:00+00:00,34,1,6592,6.22,6.2395,6.217,6.219,1125,HG.v.0
2026-05-20 08:00:00+00:00,34,1,6592,6.218,6.2425,6.2175,6.2365,923,HG.v.0
2026-05-20 09:00:00+00:00,34,1,6592,6.2375,6.247,6.2225,6.2415,794,HG.v.0
2026-05-20 10:00:00+00:00,34,1,6592,6.241,6.252,6.239,6.2475,721,HG.v.0
2026-05-20 11:00:00+00:00,34,1,6592,6.247,6.2575,6.2345,6.2455,1012,HG.v.0
2026-05-20 12:00:00+00:00,34,1,6592,6.2455,6.264,6.232,6.2515,3245,HG.v.0
2026-05-20 13:00:00+00:00,34,1,6592,6.2525,6.2845,6.2455,6.272,3185,HG.v.0
2026-05-20 14:00:00+00:00,34,1,6592,6.2725,6.3295,6.256,6.3125,7256,HG.v.0
2026-05-20 15:00:00+00:00,34,1,6592,6.312,6.346,6.309,6.323,3773,HG.v.0
2026-05-20 16:00:00+00:00,34,1,6592,6.323,6.335,6.308,6.332,2735,HG.v.0
2026-05-20 17:00:00+00:00,34,1,6592,6.3315,6.3405,6.3225,6.33,1773,HG.v.0
2026-05-20 18:00:00+00:00,34,1,6592,6.331,6.353,6.327,6.342,1032,HG.v.0
2026-05-20 19:00:00+00:00,34,1,6592,6.342,6.35,6.338,6.34,1065,HG.v.0
2026-05-20 20:00:00+00:00,34,1,6592,6.341,6.345,6.326,6.3345,605,HG.v.0
2026-05-20 22:00:00+00:00,34,1,6592,6.3285,6.334,6.3195,6.3245,277,HG.v.0
2026-05-20 23:00:00+00:00,34,1,6592,6.3245,6.3405,6.323,6.3305,296,HG.v.0
2026-05-21 00:00:00+00:00,34,1,6592,6.3325,6.347,6.3215,6.347,326,HG.v.0
2026-05-21 01:00:00+00:00,34,1,6592,6.346,6.373,6.3325,6.3475,1885,HG.v.0
2026-05-21 02:00:00+00:00,34,1,6592,6.349,6.3545,6.2955,6.309,1152,HG.v.0
2026-05-21 03:00:00+00:00,34,1,6592,6.3085,6.326,6.306,6.3115,490,HG.v.0
2026-05-21 04:00:00+00:00,34,1,6592,6.311,6.3235,6.31,6.323,267,HG.v.0
2026-05-21 05:00:00+00:00,34,1,6592,6.3235,6.3235,6.2815,6.288,1086,HG.v.0
2026-05-21 06:00:00+00:00,34,1,6592,6.288,6.3025,6.2435,6.2545,2077,HG.v.0
2026-05-21 07:00:00+00:00,34,1,6592,6.2545,6.262,6.2415,6.251,1426,HG.v.0
2026-05-21 08:00:00+00:00,34,1,6592,6.2515,6.281,6.241,6.27,1668,HG.v.0
2026-05-21 09:00:00+00:00,34,1,6592,6.2685,6.285,6.265,6.2825,890,HG.v.0
2026-05-21 10:00:00+00:00,34,1,6592,6.282,6.287,6.25,6.2585,1057,HG.v.0
2026-05-21 11:00:00+00:00,34,1,6592,6.2575,6.2755,6.2485,6.2625,1097,HG.v.0
2026-05-21 12:00:00+00:00,34,1,6592,6.2615,6.28,6.256,6.262,1812,HG.v.0
2026-05-21 13:00:00+00:00,34,1,6592,6.262,6.281,6.2425,6.274,3083,HG.v.0
2026-05-21 14:00:00+00:00,34,1,6592,6.274,6.291,6.2615,6.2895,2357,HG.v.0
2026-05-21 15:00:00+00:00,34,1,6592,6.2905,6.2975,6.272,6.294,2065,HG.v.0
2026-05-21 16:00:00+00:00,34,1,6592,6.2955,6.3095,6.2905,6.2935,2471,HG.v.0
2026-05-21 17:00:00+00:00,34,1,6592,6.294,6.3775,6.2925,6.3535,3482,HG.v.0
2026-05-21 18:00:00+00:00,34,1,6592,6.3545,6.3625,6.325,6.332,1373,HG.v.0
2026-05-21 19:00:00+00:00,34,1,6592,6.3335,6.354,6.3285,6.349,793,HG.v.0
2026-05-21 20:00:00+00:00,34,1,6592,6.35,6.351,6.34,6.345,319,HG.v.0
2026-05-21 22:00:00+00:00,34,1,6592,6.351,6.365,6.3375,6.3505,168,HG.v.0
2026-05-21 23:00:00+00:00,34,1,6592,6.3515,6.353,6.34,6.3515,219,HG.v.0
2026-05-22 00:00:00+00:00,34,1,6592,6.3515,6.36,6.343,6.349,627,HG.v.0
2026-05-22 01:00:00+00:00,34,1,6592,6.35,6.3665,6.3345,6.3515,1041,HG.v.0
2026-05-22 02:00:00+00:00,34,1,6592,6.351,6.378,6.345,6.3665,1010,HG.v.0
2026-05-22 03:00:00+00:00,34,1,6592,6.3685,6.369,6.3445,6.364,450,HG.v.0
2026-05-22 04:00:00+00:00,34,1,6592,6.365,6.385,6.364,6.376,567,HG.v.0
2026-05-22 05:00:00+00:00,34,1,6592,6.3775,6.4,6.362,6.3675,1525,HG.v.0
2026-05-22 06:00:00+00:00,34,1,6592,6.3685,6.39,6.353,6.359,1263,HG.v.0
2026-05-22 07:00:00+00:00,34,1,6592,6.3595,6.371,6.351,6.3545,978,HG.v.0
2026-05-22 08:00:00+00:00,34,1,6592,6.3555,6.395,6.3555,6.373,1849,HG.v.0
2026-05-22 09:00:00+00:00,34,1,6592,6.372,6.3725,6.3505,6.3615,740,HG.v.0
2026-05-22 10:00:00+00:00,34,1,6592,6.3625,6.365,6.336,6.338,966,HG.v.0
2026-05-22 11:00:00+00:00,34,1,6592,6.3375,6.347,6.3245,6.344,1719,HG.v.0
2026-05-22 12:00:00+00:00,34,1,6592,6.3445,6.375,6.3395,6.3695,2292,HG.v.0
2026-05-22 13:00:00+00:00,34,1,6592,6.371,6.374,6.333,6.355,2856,HG.v.0
2026-05-22 14:00:00+00:00,34,1,6592,6.354,6.3735,6.3275,6.3565,2816,HG.v.0
2026-05-22 15:00:00+00:00,34,1,6592,6.3575,6.3815,6.3495,6.378,3037,HG.v.0
2026-05-22 16:00:00+00:00,34,1,6592,6.3785,6.3925,6.37,6.3765,3866,HG.v.0
2026-05-22 17:00:00+00:00,34,1,6592,6.377,6.4085,6.3755,6.402,3946,HG.v.0
2026-05-22 18:00:00+00:00,34,1,6592,6.402,6.408,6.3915,6.397,988,HG.v.0
2026-05-22 19:00:00+00:00,34,1,6592,6.3975,6.401,6.376,6.3955,1701,HG.v.0
2026-05-22 20:00:00+00:00,34,1,6592,6.395,6.395,6.3765,6.3805,389,HG.v.0
2026-05-24 22:00:00+00:00,34,1,6592,6.418,6.4705,6.411,6.4565,1316,HG.v.0
2026-05-24 23:00:00+00:00,34,1,6592,6.457,6.472,6.4375,6.444,1486,HG.v.0
2026-05-25 00:00:00+00:00,34,1,6592,6.4455,6.454,6.4185,6.4275,739,HG.v.0
2026-05-25 01:00:00+00:00,34,1,6592,6.428,6.4485,6.4195,6.4255,1684,HG.v.0
2026-05-25 02:00:00+00:00,34,1,6592,6.4265,6.4415,6.418,6.427,558,HG.v.0
2026-05-25 03:00:00+00:00,34,1,6592,6.428,6.4325,6.4145,6.426,431,HG.v.0
2026-05-25 04:00:00+00:00,34,1,6592,6.425,6.4385,6.425,6.43,116,HG.v.0
2026-05-25 05:00:00+00:00,34,1,6592,6.4295,6.4365,6.388,6.389,625,HG.v.0
2026-05-25 06:00:00+00:00,34,1,6592,6.3885,6.425,6.3835,6.422,669,HG.v.0
2026-05-25 07:00:00+00:00,34,1,6592,6.4215,6.4305,6.401,6.4285,1206,HG.v.0
2026-05-25 08:00:00+00:00,34,1,6592,6.4285,6.4305,6.416,6.421,267,HG.v.0
2026-05-25 09:00:00+00:00,34,1,6592,6.421,6.4375,6.42,6.4355,314,HG.v.0
2026-05-25 10:00:00+00:00,34,1,6592,6.4355,6.4695,6.4355,6.4445,1103,HG.v.0
2026-05-25 11:00:00+00:00,34,1,6592,6.445,6.463,6.441,6.4505,798,HG.v.0
2026-05-25 12:00:00+00:00,34,1,6592,6.449,6.454,6.4365,6.453,822,HG.v.0
2026-05-25 13:00:00+00:00,34,1,6592,6.4535,6.467,6.4255,6.465,1557,HG.v.0
2026-05-25 14:00:00+00:00,34,1,6592,6.465,6.488,6.4575,6.4815,3386,HG.v.0
2026-05-25 15:00:00+00:00,34,1,6592,6.481,6.4865,6.458,6.459,627,HG.v.0
2026-05-25 16:00:00+00:00,34,1,6592,6.458,6.4755,6.4565,6.4755,725,HG.v.0
2026-05-25 17:00:00+00:00,34,1,6592,6.4745,6.478,6.466,6.4665,144,HG.v.0
2026-05-25 18:00:00+00:00,34,1,6592,6.468,6.476,6.465,6.47,54,HG.v.0
2026-05-25 22:00:00+00:00,34,1,6592,6.4595,6.4705,6.4585,6.463,266,HG.v.0
2026-05-25 23:00:00+00:00,34,1,6592,6.4605,6.4665,6.4485,6.452,379,HG.v.0
2026-05-26 00:00:00+00:00,34,1,6592,6.452,6.452,6.426,6.4505,969,HG.v.0
2026-05-26 01:00:00+00:00,34,1,6592,6.4515,6.456,6.3825,6.389,2733,HG.v.0
2026-05-26 02:00:00+00:00,34,1,6592,6.3895,6.413,6.384,6.4025,654,HG.v.0
2026-05-26 03:00:00+00:00,34,1,6592,6.4035,6.416,6.3935,6.41,425,HG.v.0
2026-05-26 04:00:00+00:00,34,1,6592,6.41,6.41,6.393,6.394,233,HG.v.0
2026-05-26 05:00:00+00:00,34,1,6592,6.3915,6.4165,6.3755,6.3945,1319,HG.v.0
2026-05-26 06:00:00+00:00,34,1,6592,6.3945,6.4155,6.3905,6.4155,904,HG.v.0
2026-05-26 07:00:00+00:00,34,1,6592,6.4155,6.417,6.377,6.3885,1642,HG.v.0
2026-05-26 08:00:00+00:00,34,1,6592,6.3885,6.3965,6.3845,6.389,827,HG.v.0
2026-05-26 09:00:00+00:00,34,1,6592,6.3905,6.3935,6.3635,6.3735,1196,HG.v.0
2026-05-26 10:00:00+00:00,34,1,6592,6.3745,6.3865,6.368,6.374,809,HG.v.0
2026-05-26 11:00:00+00:00,34,1,6592,6.374,6.3865,6.372,6.3765,848,HG.v.0
2026-05-26 12:00:00+00:00,34,1,6592,6.375,6.392,6.37,6.3875,2294,HG.v.0
2026-05-26 13:00:00+00:00,34,1,6592,6.388,6.4125,6.3825,6.397,2331,HG.v.0
2026-05-26 14:00:00+00:00,34,1,6592,6.3975,6.413,6.392,6.398,2317,HG.v.0
2026-05-26 15:00:00+00:00,34,1,6592,6.3985,6.4045,6.385,6.392,2843,HG.v.0
2026-05-26 16:00:00+00:00,34,1,6592,6.3915,6.4065,6.386,6.3965,2980,HG.v.0
2026-05-26 17:00:00+00:00,34,1,6592,6.396,6.4035,6.387,6.3895,1001,HG.v.0
2026-05-26 18:00:00+00:00,34,1,6592,6.39,6.4115,6.386,6.409,1352,HG.v.0
2026-05-26 19:00:00+00:00,34,1,6592,6.4085,6.426,6.4065,6.4215,728,HG.v.0
2026-05-26 20:00:00+00:00,34,1,6592,6.4215,6.4265,6.4195,6.4235,548,HG.v.0
2026-05-26 22:00:00+00:00,34,1,6592,6.4125,6.428,6.4125,6.4275,271,HG.v.0
2026-05-26 23:00:00+00:00,34,1,6592,6.427,6.4375,6.424,6.4325,293,HG.v.0
2026-05-27 00:00:00+00:00,34,1,6592,6.4325,6.4565,6.4315,6.4525,1427,HG.v.0
2026-05-27 01:00:00+00:00,34,1,6592,6.453,6.465,6.4145,6.4195,3215,HG.v.0
2026-05-27 02:00:00+00:00,34,1,6592,6.4195,6.463,6.418,6.4625,1213,HG.v.0
2026-05-27 03:00:00+00:00,34,1,6592,6.463,6.4765,6.43,6.4385,1506,HG.v.0
2026-05-27 04:00:00+00:00,34,1,6592,6.4375,6.45,6.4315,6.4455,250,HG.v.0
2026-05-27 05:00:00+00:00,34,1,6592,6.4445,6.4495,6.4035,6.4085,1351,HG.v.0
2026-05-27 06:00:00+00:00,34,1,6592,6.407,6.4095,6.3925,6.4015,1313,HG.v.0
2026-05-27 07:00:00+00:00,34,1,6592,6.402,6.409,6.38,6.392,1716,HG.v.0
2026-05-27 08:00:00+00:00,34,1,6592,6.39,6.4,6.3785,6.3935,830,HG.v.0
2026-05-27 09:00:00+00:00,34,1,6592,6.3935,6.4065,6.3895,6.399,593,HG.v.0
2026-05-27 10:00:00+00:00,34,1,6592,6.399,6.41,6.341,6.349,2129,HG.v.0
2026-05-27 11:00:00+00:00,34,1,6592,6.3495,6.369,6.334,6.3415,1889,HG.v.0
2026-05-27 12:00:00+00:00,34,1,6592,6.344,6.4145,6.344,6.3785,5373,HG.v.0
2026-05-27 13:00:00+00:00,34,1,6592,6.3785,6.393,6.36,6.371,3957,HG.v.0
2026-05-27 14:00:00+00:00,34,1,6592,6.3715,6.386,6.3415,6.3425,2840,HG.v.0
2026-05-27 15:00:00+00:00,34,1,6592,6.3425,6.348,6.3265,6.3275,2860,HG.v.0
2026-05-27 16:00:00+00:00,34,1,6592,6.3275,6.35,6.3275,6.3375,2929,HG.v.0
2026-05-27 17:00:00+00:00,34,1,6592,6.337,6.3405,6.311,6.3195,1385,HG.v.0
2026-05-27 18:00:00+00:00,34,1,6592,6.319,6.3345,6.3175,6.326,842,HG.v.0
2026-05-27 19:00:00+00:00,34,1,6592,6.327,6.337,6.325,6.3325,377,HG.v.0
2026-05-27 20:00:00+00:00,34,1,6592,6.332,6.3425,6.331,6.3375,411,HG.v.0
2026-05-27 22:00:00+00:00,34,1,6592,6.3365,6.342,6.33,6.3345,93,HG.v.0
2026-05-27 23:00:00+00:00,34,1,6592,6.335,6.34,6.3255,6.329,160,HG.v.0
2026-05-28 00:00:00+00:00,34,1,6592,6.3285,6.349,6.3265,6.3485,363,HG.v.0
2026-05-28 01:00:00+00:00,34,1,6592,6.348,6.3525,6.284,6.2845,1587,HG.v.0
2026-05-28 02:00:00+00:00,34,1,6592,6.284,6.3085,6.2765,6.294,1067,HG.v.0
2026-05-28 03:00:00+00:00,34,1,6592,6.294,6.3045,6.2545,6.26,1021,HG.v.0
2026-05-28 04:00:00+00:00,34,1,6592,6.262,6.2655,6.2425,6.253,812,HG.v.0
2026-05-28 05:00:00+00:00,34,1,6592,6.254,6.305,6.242,6.296,1543,HG.v.0
2026-05-28 06:00:00+00:00,34,1,6592,6.295,6.3135,6.2745,6.31,1484,HG.v.0
2026-05-28 07:00:00+00:00,34,1,6592,6.3105,6.328,6.3035,6.327,972,HG.v.0
2026-05-28 08:00:00+00:00,34,1,6592,6.3265,6.339,6.3205,6.336,1184,HG.v.0
2026-05-28 09:00:00+00:00,34,1,6592,6.3345,6.3455,6.3315,6.3385,594,HG.v.0
2026-05-28 10:00:00+00:00,34,1,6592,6.338,6.339,6.3125,6.319,549,HG.v.0
2026-05-28 11:00:00+00:00,34,1,6592,6.3185,6.3325,6.3185,6.3325,586,HG.v.0
2026-05-28 12:00:00+00:00,34,1,6592,6.331,6.364,6.322,6.362,2826,HG.v.0
2026-05-28 13:00:00+00:00,34,1,6592,6.3625,6.3675,6.328,6.3385,2239,HG.v.0
2026-05-28 14:00:00+00:00,34,1,6592,6.3375,6.3865,6.3345,6.3715,4432,HG.v.0
2026-05-28 15:00:00+00:00,34,1,6592,6.3735,6.408,6.3725,6.4035,3011,HG.v.0
2026-05-28 16:00:00+00:00,34,1,6592,6.4035,6.43,6.4025,6.4275,3773,HG.v.0
2026-05-28 17:00:00+00:00,34,1,6592,6.427,6.432,6.4235,6.427,1022,HG.v.0
2026-05-28 18:00:00+00:00,34,1,6592,6.4265,6.4305,6.4175,6.422,684,HG.v.0
2026-05-28 19:00:00+00:00,34,1,6592,6.421,6.425,6.418,6.419,325,HG.v.0
2026-05-28 20:00:00+00:00,34,1,6592,6.4185,6.428,6.416,6.4245,409,HG.v.0
2026-05-28 22:00:00+00:00,34,1,6592,6.425,6.425,6.4175,6.4185,149,HG.v.0
2026-05-28 23:00:00+00:00,34,1,6592,6.418,6.4245,6.413,6.418,175,HG.v.0
2026-05-29 00:00:00+00:00,34,1,6592,6.4185,6.427,6.406,6.41,481,HG.v.0
2026-05-29 01:00:00+00:00,34,1,6592,6.411,6.44,6.41,6.424,881,HG.v.0
2026-05-29 02:00:00+00:00,34,1,6592,6.4245,6.4315,6.4135,6.416,482,HG.v.0
2026-05-29 03:00:00+00:00,34,1,6592,6.4155,6.423,6.4085,6.413,354,HG.v.0
2026-05-29 04:00:00+00:00,34,1,6592,6.4145,6.4195,6.411,6.4185,219,HG.v.0
2026-05-29 05:00:00+00:00,34,1,6592,6.419,6.425,6.402,6.4095,595,HG.v.0
2026-05-29 06:00:00+00:00,34,1,6592,6.41,6.425,6.39,6.4225,1035,HG.v.0
2026-05-29 07:00:00+00:00,34,1,6592,6.422,6.4265,6.4125,6.422,691,HG.v.0
2026-05-29 08:00:00+00:00,34,1,6592,6.421,6.4215,6.388,6.3915,1369,HG.v.0
2026-05-29 09:00:00+00:00,34,1,6592,6.391,6.414,6.3905,6.404,650,HG.v.0
2026-05-29 10:00:00+00:00,34,1,6592,6.4035,6.4035,6.3895,6.3985,390,HG.v.0
2026-05-29 11:00:00+00:00,34,1,6592,6.398,6.4065,6.3845,6.404,1218,HG.v.0
2026-05-29 12:00:00+00:00,34,1,6592,6.403,6.4055,6.3755,6.4,2046,HG.v.0
2026-05-29 13:00:00+00:00,34,1,6592,6.4,6.408,6.387,6.398,1981,HG.v.0
2026-05-29 14:00:00+00:00,34,1,6592,6.3985,6.4075,6.371,6.406,2988,HG.v.0
2026-05-29 15:00:00+00:00,34,1,6592,6.407,6.437,6.399,6.401,2658,HG.v.0
2026-05-29 16:00:00+00:00,34,1,6592,6.4025,6.4025,6.3855,6.3875,2781,HG.v.0
2026-05-29 17:00:00+00:00,34,1,6592,6.388,6.391,6.374,6.3745,1381,HG.v.0
2026-05-29 18:00:00+00:00,34,1,6592,6.3745,6.3955,6.3745,6.388,739,HG.v.0
2026-05-29 19:00:00+00:00,34,1,6592,6.387,6.409,6.387,6.3935,982,HG.v.0
2026-05-29 20:00:00+00:00,34,1,6592,6.393,6.398,6.387,6.394,361,HG.v.0
2026-05-31 22:00:00+00:00,34,1,6592,6.39,6.4115,6.38,6.4,288,HG.v.0
2026-05-31 23:00:00+00:00,34,1,6592,6.4,6.4185,6.4,6.4095,347,HG.v.0
2026-06-01 00:00:00+00:00,34,1,6592,6.409,6.429,6.408,6.4245,714,HG.v.0
2026-06-01 01:00:00+00:00,34,1,6592,6.4265,6.453,6.4205,6.4495,1257,HG.v.0
2026-06-01 02:00:00+00:00,34,1,6592,6.4505,6.4665,6.442,6.448,705,HG.v.0
2026-06-01 03:00:00+00:00,34,1,6592,6.449,6.454,6.434,6.437,461,HG.v.0
2026-06-01 04:00:00+00:00,34,1,6592,6.438,6.456,6.437,6.4555,229,HG.v.0
2026-06-01 05:00:00+00:00,34,1,6592,6.456,6.468,6.4445,6.452,677,HG.v.0
2026-06-01 06:00:00+00:00,34,1,6592,6.454,6.4565,6.4355,6.439,699,HG.v.0
2026-06-01 07:00:00+00:00,34,1,6592,6.438,6.489,6.4315,6.4875,2369,HG.v.0
2026-06-01 08:00:00+00:00,34,1,6592,6.4885,6.5195,6.4795,6.51,3333,HG.v.0
2026-06-01 09:00:00+00:00,34,1,6592,6.51,6.556,6.509,6.5515,3446,HG.v.0
2026-06-01 10:00:00+00:00,34,1,6592,6.5515,6.558,6.5415,6.548,1617,HG.v.0
2026-06-01 11:00:00+00:00,34,1,6592,6.5475,6.5805,6.534,6.577,3581,HG.v.0
2026-06-01 12:00:00+00:00,34,1,6592,6.5775,6.5805,6.5405,6.5445,3465,HG.v.0
2026-06-01 13:00:00+00:00,34,1,6592,6.5445,6.546,6.463,6.4745,5330,HG.v.0
2026-06-01 14:00:00+00:00,34,1,6592,6.474,6.5165,6.472,6.513,3919,HG.v.0
2026-06-01 15:00:00+00:00,34,1,6592,6.5135,6.562,6.51,6.5415,4471,HG.v.0
2026-06-01 16:00:00+00:00,34,1,6592,6.542,6.5635,6.529,6.549,3633,HG.v.0
2026-06-01 17:00:00+00:00,34,1,6592,6.549,6.58,6.542,6.5765,2768,HG.v.0
2026-06-01 18:00:00+00:00,34,1,6592,6.576,6.585,6.573,6.576,801,HG.v.0
2026-06-01 19:00:00+00:00,34,1,6592,6.5755,6.578,6.564,6.5675,847,HG.v.0
2026-06-01 20:00:00+00:00,34,1,6592,6.567,6.571,6.559,6.5705,605,HG.v.0
2026-06-01 22:00:00+00:00,34,1,6592,6.5645,6.5705,6.557,6.567,226,HG.v.0
2026-06-01 23:00:00+00:00,34,1,6592,6.5665,6.572,6.563,6.568,332,HG.v.0
2026-06-02 00:00:00+00:00,34,1,6592,6.57,6.5715,6.5535,6.554,594,HG.v.0
2026-06-02 01:00:00+00:00,34,1,6592,6.554,6.6,6.5275,6.5415,3098,HG.v.0
2026-06-02 02:00:00+00:00,34,1,6592,6.5395,6.585,6.538,6.5725,1022,HG.v.0
2026-06-02 03:00:00+00:00,34,1,6592,6.5745,6.5765,6.5565,6.566,354,HG.v.0
2026-06-02 04:00:00+00:00,34,1,6592,6.567,6.5775,6.562,6.576,646,HG.v.0
2026-06-02 05:00:00+00:00,34,1,6592,6.5765,6.622,6.5735,6.6075,1608,HG.v.0
2026-06-02 06:00:00+00:00,34,1,6592,6.608,6.6285,6.594,6.6265,1299,HG.v.0
2026-06-02 07:00:00+00:00,34,1,6592,6.626,6.644,6.6245,6.641,1489,HG.v.0
2026-06-02 08:00:00+00:00,34,1,6592,6.64,6.649,6.6325,6.6335,1403,HG.v.0
2026-06-02 09:00:00+00:00,34,1,6592,6.634,6.635,6.612,6.613,1163,HG.v.0
2026-06-02 10:00:00+00:00,34,1,6592,6.613,6.621,6.611,6.6125,701,HG.v.0
2026-06-02 11:00:00+00:00,34,1,6592,6.613,6.6485,6.6065,6.6415,1732,HG.v.0
2026-06-02 12:00:00+00:00,34,1,6592,6.6415,6.653,6.637,6.6415,2626,HG.v.0
2026-06-02 13:00:00+00:00,34,1,6592,6.642,6.6785,6.634,6.6605,4198,HG.v.0
2026-06-02 14:00:00+00:00,34,1,6592,6.66,6.691,6.6505,6.6685,3609,HG.v.0
2026-06-02 15:00:00+00:00,34,1,6592,6.67,6.6955,6.659,6.6955,2478,HG.v.0
2026-06-02 16:00:00+00:00,34,1,6592,6.696,6.698,6.6735,6.6755,3330,HG.v.0
2026-06-02 17:00:00+00:00,34,1,6592,6.675,6.677,6.652,6.6565,1357,HG.v.0
2026-06-02 18:00:00+00:00,34,1,6592,6.657,6.6625,6.654,6.6605,468,HG.v.0
2026-06-02 19:00:00+00:00,34,1,6592,6.661,6.673,6.661,6.6725,549,HG.v.0
2026-06-02 20:00:00+00:00,34,1,6592,6.672,6.679,6.6695,6.6775,364,HG.v.0
2026-06-02 22:00:00+00:00,34,1,6592,6.682,6.6835,6.6655,6.6655,289,HG.v.0
2026-06-02 23:00:00+00:00,34,1,6592,6.6665,6.6675,6.6445,6.666,518,HG.v.0
2026-06-03 00:00:00+00:00,34,1,6592,6.665,6.681,6.6595,6.6805,498,HG.v.0
2026-06-03 01:00:00+00:00,34,1,6592,6.6815,6.684,6.6385,6.661,1400,HG.v.0
2026-06-03 02:00:00+00:00,34,1,6592,6.6615,6.666,6.6495,6.655,646,HG.v.0
2026-06-03 03:00:00+00:00,34,1,6592,6.656,6.673,6.654,6.6655,442,HG.v.0
2026-06-03 04:00:00+00:00,34,1,6592,6.6655,6.673,6.654,6.655,325,HG.v.0
2026-06-03 05:00:00+00:00,34,1,6592,6.653,6.659,6.635,6.6355,871,HG.v.0
2026-06-03 06:00:00+00:00,34,1,6592,6.6355,6.646,6.587,6.604,2301,HG.v.0
2026-06-03 07:00:00+00:00,34,1,6592,6.6035,6.609,6.567,6.579,2863,HG.v.0
2026-06-03 08:00:00+00:00,34,1,6592,6.5795,6.6005,6.5705,6.598,1163,HG.v.0
2026-06-03 09:00:00+00:00,34,1,6592,6.598,6.6065,6.595,6.5975,814,HG.v.0
2026-06-03 10:00:00+00:00,34,1,6592,6.598,6.6305,6.597,6.6105,1464,HG.v.0
2026-06-03 11:00:00+00:00,34,1,6592,6.613,6.619,6.6045,6.6085,945,HG.v.0
2026-06-03 12:00:00+00:00,34,1,6592,6.6075,6.6145,6.5635,6.579,2956,HG.v.0
2026-06-03 13:00:00+00:00,34,1,6592,6.578,6.5855,6.499,6.5255,5804,HG.v.0
2026-06-03 14:00:00+00:00,34,1,6592,6.5245,6.548,6.52,6.547,3670,HG.v.0
2026-06-03 15:00:00+00:00,34,1,6592,6.5475,6.622,6.507,6.5135,9552,HG.v.0
2026-06-03 16:00:00+00:00,34,1,6592,6.5135,6.518,6.495,6.5085,3674,HG.v.0
2026-06-03 17:00:00+00:00,34,1,6592,6.5095,6.513,6.4965,6.5,1723,HG.v.0
2026-06-03 18:00:00+00:00,34,1,6592,6.499,6.501,6.487,6.4935,890,HG.v.0
2026-06-03 19:00:00+00:00,34,1,6592,6.493,6.5005,6.487,6.489,812,HG.v.0
2026-06-03 20:00:00+00:00,34,1,6592,6.489,6.49,6.4725,6.484,577,HG.v.0
2026-06-03 22:00:00+00:00,34,1,6592,6.482,6.49,6.473,6.486,310,HG.v.0
2026-06-03 23:00:00+00:00,34,1,6592,6.488,6.497,6.484,6.495,357,HG.v.0
2026-06-04 00:00:00+00:00,34,1,6592,6.4935,6.4995,6.486,6.4955,726,HG.v.0
2026-06-04 01:00:00+00:00,34,1,6592,6.4945,6.4945,6.4295,6.4495,1952,HG.v.0
2026-06-04 02:00:00+00:00,34,1,6592,6.4485,6.465,6.4475,6.459,792,HG.v.0
2026-06-04 03:00:00+00:00,34,1,6592,6.461,6.471,6.453,6.467,693,HG.v.0
2026-06-04 04:00:00+00:00,34,1,6592,6.4675,6.48,6.4635,6.471,439,HG.v.0
2026-06-04 05:00:00+00:00,34,1,6592,6.471,6.471,6.437,6.444,827,HG.v.0
2026-06-04 06:00:00+00:00,34,1,6592,6.442,6.4605,6.4205,6.4415,1453,HG.v.0
2026-06-04 07:00:00+00:00,34,1,6592,6.4405,6.464,6.4385,6.4625,874,HG.v.0
2026-06-04 08:00:00+00:00,34,1,6592,6.462,6.496,6.462,6.488,2131,HG.v.0
2026-06-04 09:00:00+00:00,34,1,6592,6.487,6.5255,6.4765,6.52,1373,HG.v.0
2026-06-04 10:00:00+00:00,34,1,6592,6.5195,6.521,6.505,6.51,1173,HG.v.0
2026-06-04 11:00:00+00:00,34,1,6592,6.511,6.5405,6.5075,6.534,1413,HG.v.0
2026-06-04 12:00:00+00:00,34,1,6592,6.534,6.5375,6.5135,6.522,2067,HG.v.0
2026-06-04 13:00:00+00:00,34,1,6592,6.5215,6.5625,6.515,6.537,3689,HG.v.0
2026-06-04 14:00:00+00:00,34,1,6592,6.5375,6.5395,6.5095,6.5265,2809,HG.v.0
2026-06-04 15:00:00+00:00,34,1,6592,6.527,6.543,6.524,6.533,2019,HG.v.0
2026-06-04 16:00:00+00:00,34,1,6592,6.5335,6.5405,6.523,6.535,1908,HG.v.0
2026-06-04 17:00:00+00:00,34,1,6592,6.5355,6.5505,6.5285,6.5465,980,HG.v.0
2026-06-04 18:00:00+00:00,34,1,6592,6.545,6.5525,6.5425,6.5465,731,HG.v.0
2026-06-04 19:00:00+00:00,34,1,6592,6.5465,6.5475,6.5345,6.5375,341,HG.v.0
2026-06-04 20:00:00+00:00,34,1,6592,6.5365,6.5375,6.527,6.5295,264,HG.v.0
2026-06-04 22:00:00+00:00,34,1,6592,6.5365,6.537,6.5185,6.525,211,HG.v.0
2026-06-04 23:00:00+00:00,34,1,6592,6.527,6.529,6.508,6.512,430,HG.v.0
2026-06-05 00:00:00+00:00,34,1,6592,6.5115,6.513,6.474,6.4755,1304,HG.v.0
2026-06-05 01:00:00+00:00,34,1,6592,6.475,6.476,6.424,6.445,1819,HG.v.0
2026-06-05 02:00:00+00:00,34,1,6592,6.4435,6.4655,6.4295,6.431,737,HG.v.0
2026-06-05 03:00:00+00:00,34,1,6592,6.4315,6.437,6.4115,6.428,1149,HG.v.0
2026-06-05 04:00:00+00:00,34,1,6592,6.4295,6.438,6.4275,6.4355,321,HG.v.0
2026-06-05 05:00:00+00:00,34,1,6592,6.435,6.44,6.422,6.4255,811,HG.v.0
2026-06-05 06:00:00+00:00,34,1,6592,6.4265,6.43,6.405,6.421,2664,HG.v.0
2026-06-05 07:00:00+00:00,34,1,6592,6.42,6.4225,6.396,6.4165,1703,HG.v.0
2026-06-05 08:00:00+00:00,34,1,6592,6.4155,6.4255,6.399,6.4125,1239,HG.v.0
2026-06-05 09:00:00+00:00,34,1,6592,6.4105,6.431,6.4095,6.4275,1321,HG.v.0
2026-06-05 10:00:00+00:00,34,1,6592,6.428,6.4465,6.4245,6.4395,846,HG.v.0
2026-06-05 11:00:00+00:00,34,1,6592,6.44,6.4475,6.43,6.446,1126,HG.v.0
2026-06-05 12:00:00+00:00,34,1,6592,6.4455,6.4655,6.3805,6.3835,3673,HG.v.0
2026-06-05 13:00:00+00:00,34,1,6592,6.383,6.398,6.3415,6.3425,5263,HG.v.0
2026-06-05 14:00:00+00:00,34,1,6592,6.342,6.3525,6.315,6.33,5796,HG.v.0
2026-06-05 15:00:00+00:00,34,1,6592,6.329,6.3365,6.282,6.283,4094,HG.v.0
2026-06-05 16:00:00+00:00,34,1,6592,6.283,6.292,6.268,6.2885,5545,HG.v.0
2026-06-05 17:00:00+00:00,34,1,6592,6.289,6.2965,6.2765,6.286,1701,HG.v.0
2026-06-05 18:00:00+00:00,34,1,6592,6.2865,6.287,6.258,6.272,1194,HG.v.0
2026-06-05 19:00:00+00:00,34,1,6592,6.2705,6.2725,6.2525,6.263,1160,HG.v.0
2026-06-05 20:00:00+00:00,34,1,6592,6.262,6.2765,6.2465,6.2755,1048,HG.v.0
2026-06-07 22:00:00+00:00,34,1,6592,6.3075,6.3075,6.2335,6.237,1496,HG.v.0
2026-06-07 23:00:00+00:00,34,1,6592,6.238,6.2705,6.2355,6.2665,883,HG.v.0
2026-06-08 00:00:00+00:00,34,1,6592,6.267,6.287,6.265,6.2835,1080,HG.v.0
2026-06-08 01:00:00+00:00,34,1,6592,6.2825,6.287,6.246,6.286,1574,HG.v.0
2026-06-08 02:00:00+00:00,34,1,6592,6.2865,6.3065,6.282,6.2945,992,HG.v.0
2026-06-08 03:00:00+00:00,34,1,6592,6.295,6.2975,6.2825,6.291,282,HG.v.0
2026-06-08 04:00:00+00:00,34,1,6592,6.293,6.296,6.2685,6.2725,354,HG.v.0
2026-06-08 05:00:00+00:00,34,1,6592,6.272,6.275,6.2495,6.2605,1434,HG.v.0
2026-06-08 06:00:00+00:00,34,1,6592,6.2605,6.295,6.26,6.2875,2063,HG.v.0
2026-06-08 07:00:00+00:00,34,1,6592,6.2865,6.3025,6.273,6.293,1240,HG.v.0
2026-06-08 08:00:00+00:00,34,1,6592,6.2925,6.3275,6.2925,6.3165,2053,HG.v.0
2026-06-08 09:00:00+00:00,34,1,6592,6.316,6.3385,6.3095,6.327,1747,HG.v.0
2026-06-08 10:00:00+00:00,34,1,6592,6.328,6.3565,6.3175,6.339,1193,HG.v.0
2026-06-08 11:00:00+00:00,34,1,6592,6.3385,6.384,6.333,6.3715,2450,HG.v.0
2026-06-08 12:00:00+00:00,34,1,6592,6.372,6.3965,6.37,6.388,3754,HG.v.0
2026-06-08 13:00:00+00:00,34,1,6592,6.3885,6.3895,6.3585,6.3585,3094,HG.v.0
2026-06-08 14:00:00+00:00,34,1,6592,6.359,6.383,6.3535,6.3805,2251,HG.v.0
2026-06-08 15:00:00+00:00,34,1,6592,6.381,6.383,6.36,6.3635,1650,HG.v.0
2026-06-08 16:00:00+00:00,34,1,6592,6.363,6.369,6.347,6.347,2167,HG.v.0
2026-06-08 17:00:00+00:00,34,1,6592,6.348,6.3525,6.333,6.337,1401,HG.v.0
2026-06-08 18:00:00+00:00,34,1,6592,6.3375,6.348,6.335,6.336,472,HG.v.0
2026-06-08 19:00:00+00:00,34,1,6592,6.336,6.3415,6.3255,6.336,979,HG.v.0
2026-06-08 20:00:00+00:00,34,1,6592,6.3355,6.337,6.3285,6.3345,376,HG.v.0
2026-06-08 22:00:00+00:00,34,1,6592,6.3395,6.3395,6.3285,6.336,213,HG.v.0
2026-06-08 23:00:00+00:00,34,1,6592,6.3355,6.3405,6.321,6.324,196,HG.v.0
2026-06-09 00:00:00+00:00,34,1,6592,6.325,6.3295,6.304,6.3095,501,HG.v.0
2026-06-09 01:00:00+00:00,34,1,6592,6.31,6.345,6.3005,6.344,732,HG.v.0
2026-06-09 02:00:00+00:00,34,1,6592,6.3445,6.346,6.324,6.3285,398,HG.v.0
2026-06-09 03:00:00+00:00,34,1,6592,6.3275,6.3375,6.311,6.326,625,HG.v.0
2026-06-09 04:00:00+00:00,34,1,6592,6.3245,6.337,6.3155,6.3325,297,HG.v.0
2026-06-09 05:00:00+00:00,34,1,6592,6.333,6.3645,6.323,6.356,830,HG.v.0
2026-06-09 06:00:00+00:00,34,1,6592,6.3555,6.3765,6.3555,6.367,1024,HG.v.0
2026-06-09 07:00:00+00:00,34,1,6592,6.3675,6.3875,6.366,6.3795,947,HG.v.0
2026-06-09 08:00:00+00:00,34,1,6592,6.379,6.427,6.3695,6.419,1980,HG.v.0
2026-06-09 09:00:00+00:00,34,1,6592,6.42,6.421,6.4,6.404,806,HG.v.0
2026-06-09 10:00:00+00:00,34,1,6592,6.4035,6.43,6.3825,6.428,1552,HG.v.0
2026-06-09 11:00:00+00:00,34,1,6592,6.4285,6.4355,6.4185,6.43,1453,HG.v.0
2026-06-09 12:00:00+00:00,34,1,6592,6.4305,6.44,6.422,6.432,1931,HG.v.0
2026-06-09 13:00:00+00:00,34,1,6592,6.4325,6.4655,6.4205,6.434,4710,HG.v.0
2026-06-09 14:00:00+00:00,34,1,6592,6.4335,6.4495,6.3795,6.4015,4864,HG.v.0
2026-06-09 15:00:00+00:00,34,1,6592,6.402,6.404,6.3475,6.35,4587,HG.v.0
2026-06-09 16:00:00+00:00,34,1,6592,6.3495,6.362,6.2835,6.321,7362,HG.v.0
2026-06-09 17:00:00+00:00,34,1,6592,6.3215,6.341,6.3195,6.337,2298,HG.v.0
2026-06-09 18:00:00+00:00,34,1,6592,6.337,6.359,6.3355,6.358,1069,HG.v.0
2026-06-09 19:00:00+00:00,34,1,6592,6.3555,6.359,6.3315,6.3435,962,HG.v.0
2026-06-09 20:00:00+00:00,34,1,6592,6.3435,6.354,6.341,6.3525,346,HG.v.0
2026-06-09 22:00:00+00:00,34,1,6592,6.345,6.356,6.33,6.334,279,HG.v.0
2026-06-09 23:00:00+00:00,34,1,6592,6.336,6.345,6.3255,6.336,214,HG.v.0
2026-06-10 00:00:00+00:00,34,1,6592,6.3375,6.344,6.316,6.329,618,HG.v.0
2026-06-10 01:00:00+00:00,34,1,6592,6.3285,6.356,6.3245,6.329,924,HG.v.0
2026-06-10 02:00:00+00:00,34,1,6592,6.3305,6.332,6.3015,6.305,814,HG.v.0
2026-06-10 03:00:00+00:00,34,1,6592,6.3055,6.3245,6.305,6.312,429,HG.v.0
2026-06-10 04:00:00+00:00,34,1,6592,6.314,6.314,6.2675,6.274,1161,HG.v.0
2026-06-10 05:00:00+00:00,34,1,6592,6.275,6.3155,6.271,6.3095,1300,HG.v.0
2026-06-10 06:00:00+00:00,34,1,6592,6.311,6.325,6.3065,6.322,1225,HG.v.0
2026-06-10 07:00:00+00:00,34,1,6592,6.3215,6.3265,6.2975,6.306,1029,HG.v.0
2026-06-10 08:00:00+00:00,34,1,6592,6.3045,6.3045,6.251,6.2525,2499,HG.v.0
2026-06-10 09:00:00+00:00,34,1,6592,6.2525,6.257,6.236,6.2395,1780,HG.v.0
2026-06-10 10:00:00+00:00,34,1,6592,6.2405,6.2605,6.2375,6.255,1073,HG.v.0
2026-06-10 11:00:00+00:00,34,1,6592,6.2555,6.256,6.2225,6.2445,1737,HG.v.0
2026-06-10 12:00:00+00:00,34,1,6592,6.244,6.2785,6.2255,6.27,3927,HG.v.0
2026-06-10 13:00:00+00:00,34,1,6592,6.2695,6.34,6.2695,6.3245,4573,HG.v.0
2026-06-10 14:00:00+00:00,34,1,6592,6.325,6.329,6.2745,6.2825,3725,HG.v.0
2026-06-10 15:00:00+00:00,34,1,6592,6.283,6.2965,6.26,6.287,4206,HG.v.0
2026-06-10 16:00:00+00:00,34,1,6592,6.289,6.2955,6.2635,6.265,2996,HG.v.0
2026-06-10 17:00:00+00:00,34,1,6592,6.2655,6.272,6.235,6.2515,2408,HG.v.0
2026-06-10 18:00:00+00:00,34,1,6592,6.2515,6.263,6.236,6.237,766,HG.v.0
2026-06-10 19:00:00+00:00,34,1,6592,6.2375,6.2385,6.2045,6.207,1485,HG.v.0
2026-06-10 20:00:00+00:00,34,1,6592,6.2065,6.2095,6.1895,6.1995,1108,HG.v.0
2026-06-10 22:00:00+00:00,34,1,6592,6.183,6.1955,6.175,6.184,528,HG.v.0
2026-06-10 23:00:00+00:00,34,1,6592,6.185,6.196,6.1715,6.187,839,HG.v.0
2026-06-11 00:00:00+00:00,34,1,6592,6.187,6.2245,6.1865,6.2235,2129,HG.v.0
2026-06-11 01:00:00+00:00,34,1,6592,6.2225,6.2605,6.222,6.2465,2136,HG.v.0
2026-06-11 02:00:00+00:00,34,1,6592,6.2445,6.248,6.186,6.2025,1405,HG.v.0
2026-06-11 03:00:00+00:00,34,1,6592,6.2025,6.2175,6.1925,6.213,566,HG.v.0
2026-06-11 04:00:00+00:00,34,1,6592,6.214,6.2285,6.2095,6.224,390,HG.v.0
2026-06-11 05:00:00+00:00,34,1,6592,6.2255,6.2385,6.2115,6.2255,1252,HG.v.0
2026-06-11 06:00:00+00:00,34,1,6592,6.2285,6.2405,6.2115,6.232,1070,HG.v.0
2026-06-11 07:00:00+00:00,34,1,6592,6.2325,6.245,6.2145,6.2405,1031,HG.v.0
2026-06-11 08:00:00+00:00,34,1,6592,6.2395,6.251,6.219,6.222,831,HG.v.0
2026-06-11 09:00:00+00:00,34,1,6592,6.221,6.223,6.1975,6.208,834,HG.v.0
2026-06-11 10:00:00+00:00,34,1,6592,6.207,6.229,6.2005,6.2285,742,HG.v.0
2026-06-11 11:00:00+00:00,34,1,6592,6.2275,6.262,6.223,6.2545,1402,HG.v.0
2026-06-11 12:00:00+00:00,34,1,6592,6.2555,6.2605,6.2105,6.2485,3036,HG.v.0
2026-06-11 13:00:00+00:00,34,1,6592,6.2485,6.271,6.2365,6.2615,3660,HG.v.0
2026-06-11 14:00:00+00:00,34,1,6592,6.262,6.277,6.242,6.259,3281,HG.v.0
2026-06-11 15:00:00+00:00,34,1,6592,6.2595,6.286,6.2565,6.281,2517,HG.v.0
2026-06-11 16:00:00+00:00,34,1,6592,6.2805,6.3075,6.273,6.2755,3213,HG.v.0
2026-06-11 17:00:00+00:00,34,1,6592,6.275,6.391,6.262,6.3625,5844,HG.v.0
2026-06-11 18:00:00+00:00,34,1,6592,6.3625,6.376,6.3375,6.3625,1545,HG.v.0
2026-06-11 19:00:00+00:00,34,1,6592,6.364,6.4065,6.364,6.3955,2085,HG.v.0
2026-06-11 20:00:00+00:00,34,1,6592,6.3955,6.3995,6.383,6.3915,980,HG.v.0
2026-06-11 22:00:00+00:00,34,1,6592,6.388,6.4,6.3865,6.3985,290,HG.v.0
2026-06-11 23:00:00+00:00,34,1,6592,6.399,6.4005,6.386,6.394,577,HG.v.0
2026-06-12 00:00:00+00:00,34,1,6592,6.3935,6.4085,6.383,6.3915,989,HG.v.0
2026-06-12 01:00:00+00:00,34,1,6592,6.3925,6.4105,6.3715,6.404,1720,HG.v.0
2026-06-12 02:00:00+00:00,34,1,6592,6.4045,6.427,6.392,6.421,917,HG.v.0
2026-06-12 03:00:00+00:00,34,1,6592,6.421,6.43,6.416,6.4255,479,HG.v.0
2026-06-12 04:00:00+00:00,34,1,6592,6.4215,6.4235,6.4135,6.4165,211,HG.v.0
2026-06-12 05:00:00+00:00,34,1,6592,6.418,6.42,6.3835,6.3925,889,HG.v.0
2026-06-12 06:00:00+00:00,34,1,6592,6.3915,6.4125,6.376,6.3845,1077,HG.v.0
2026-06-12 07:00:00+00:00,34,1,6592,6.384,6.3895,6.3585,6.3815,1463,HG.v.0
2026-06-12 08:00:00+00:00,34,1,6592,6.3825,6.4205,6.3775,6.3975,2099,HG.v.0
2026-06-12 09:00:00+00:00,34,1,6592,6.3985,6.4455,6.393,6.424,1990,HG.v.0
2026-06-12 10:00:00+00:00,34,1,6592,6.4245,6.428,6.3825,6.3905,1472,HG.v.0
2026-06-12 11:00:00+00:00,34,1,6592,6.392,6.402,6.3825,6.395,884,HG.v.0
2026-06-12 12:00:00+00:00,34,1,6592,6.395,6.4,6.364,6.365,2111,HG.v.0
2026-06-12 13:00:00+00:00,34,1,6592,6.365,6.4115,6.3605,6.408,3213,HG.v.0
2026-06-12 14:00:00+00:00,34,1,6592,6.408,6.435,6.388,6.424,3531,HG.v.0
2026-06-12 15:00:00+00:00,34,1,6592,6.4235,6.446,6.4105,6.4105,2982,HG.v.0
2026-06-12 16:00:00+00:00,34,1,6592,6.41,6.447,6.4095,6.4445,3275,HG.v.0
2026-06-12 17:00:00+00:00,34,1,6592,6.4445,6.455,6.439,6.447,1772,HG.v.0
2026-06-12 18:00:00+00:00,34,1,6592,6.448,6.47,6.4465,6.4625,1088,HG.v.0
2026-06-12 19:00:00+00:00,34,1,6592,6.463,6.492,6.463,6.4905,1990,HG.v.0
2026-06-12 20:00:00+00:00,34,1,6592,6.4905,6.496,6.4715,6.474,760,HG.v.0
2026-06-14 22:00:00+00:00,34,1,6592,6.51,6.5475,6.5005,6.5145,1627,HG.v.0
2026-06-14 23:00:00+00:00,34,1,6592,6.514,6.5305,6.506,6.522,779,HG.v.0
2026-06-15 00:00:00+00:00,34,1,6592,6.5225,6.541,6.516,6.519,1442,HG.v.0
2026-06-15 01:00:00+00:00,34,1,6592,6.519,6.543,6.494,6.5365,1718,HG.v.0
2026-06-15 02:00:00+00:00,34,1,6592,6.536,6.562,6.536,6.549,918,HG.v.0
2026-06-15 03:00:00+00:00,34,1,6592,6.547,6.551,6.538,6.542,274,HG.v.0
2026-06-15 04:00:00+00:00,34,1,6592,6.5425,6.5535,6.537,6.55,256,HG.v.0
2026-06-15 05:00:00+00:00,34,1,6592,6.55,6.5605,6.523,6.529,968,HG.v.0
2026-06-15 06:00:00+00:00,34,1,6592,6.5275,6.53,6.5165,6.5185,665,HG.v.0
2026-06-15 07:00:00+00:00,34,1,6592,6.5195,6.529,6.5055,6.519,1588,HG.v.0
2026-06-15 08:00:00+00:00,34,1,6592,6.5185,6.5255,6.5065,6.507,1025,HG.v.0
2026-06-15 09:00:00+00:00,34,1,6592,6.5065,6.5105,6.486,6.4905,1146,HG.v.0
2026-06-15 10:00:00+00:00,34,1,6592,6.49,6.5005,6.4775,6.49,928,HG.v.0
2026-06-15 11:00:00+00:00,34,1,6592,6.491,6.5135,6.4895,6.513,1080,HG.v.0
2026-06-15 12:00:00+00:00,34,1,6592,6.5125,6.5205,6.4825,6.516,1982,HG.v.0
2026-06-15 13:00:00+00:00,34,1,6592,6.517,6.5185,6.4965,6.4965,2157,HG.v.0
2026-06-15 14:00:00+00:00,34,1,6592,6.4965,6.5055,6.471,6.4875,2379,HG.v.0
2026-06-15 15:00:00+00:00,34,1,6592,6.487,6.501,6.4825,6.4865,2017,HG.v.0
2026-06-15 16:00:00+00:00,34,1,6592,6.4855,6.505,6.4825,6.4935,2092,HG.v.0
2026-06-15 17:00:00+00:00,34,1,6592,6.4935,6.4985,6.488,6.4935,1059,HG.v.0
2026-06-15 18:00:00+00:00,34,1,6592,6.4925,6.505,6.486,6.5015,612,HG.v.0
2026-06-15 19:00:00+00:00,34,1,6592,6.502,6.505,6.4945,6.5045,382,HG.v.0
2026-06-15 20:00:00+00:00,34,1,6592,6.504,6.506,6.488,6.4905,378,HG.v.0
2026-06-15 22:00:00+00:00,34,1,6592,6.486,6.497,6.479,6.482,223,HG.v.0
2026-06-15 23:00:00+00:00,34,1,6592,6.4815,6.484,6.48,6.4815,112,HG.v.0
2026-06-16 00:00:00+00:00,34,1,6592,6.4815,6.4885,6.4615,6.4775,629,HG.v.0
2026-06-16 01:00:00+00:00,34,1,6592,6.476,6.477,6.4295,6.441,1471,HG.v.0
2026-06-16 02:00:00+00:00,34,1,6592,6.4405,6.4525,6.425,6.4525,607,HG.v.0
2026-06-16 03:00:00+00:00,34,1,6592,6.4515,6.47,6.45,6.4665,343,HG.v.0
2026-06-16 04:00:00+00:00,34,1,6592,6.467,6.4695,6.459,6.4675,336,HG.v.0
2026-06-16 05:00:00+00:00,34,1,6592,6.467,6.4825,6.4525,6.459,649,HG.v.0
2026-06-16 06:00:00+00:00,34,1,6592,6.4605,6.469,6.435,6.4485,901,HG.v.0
2026-06-16 07:00:00+00:00,34,1,6592,6.448,6.454,6.432,6.4465,1146,HG.v.0
2026-06-16 08:00:00+00:00,34,1,6592,6.4475,6.485,6.4405,6.4815,1278,HG.v.0
2026-06-16 09:00:00+00:00,34,1,6592,6.483,6.4975,6.48,6.4845,624,HG.v.0
2026-06-16 10:00:00+00:00,34,1,6592,6.486,6.501,6.4845,6.498,649,HG.v.0
2026-06-16 11:00:00+00:00,34,1,6592,6.499,6.507,6.4915,6.5045,1192,HG.v.0
2026-06-16 12:00:00+00:00,34,1,6592,6.5035,6.5055,6.486,6.5005,1898,HG.v.0
2026-06-16 13:00:00+00:00,34,1,6592,6.501,6.5375,6.4975,6.522,3482,HG.v.0
2026-06-16 14:00:00+00:00,34,1,6592,6.5215,6.5355,6.486,6.5095,3262,HG.v.0
2026-06-16 15:00:00+00:00,34,1,6592,6.51,6.5305,6.4965,6.5045,3485,HG.v.0
2026-06-16 16:00:00+00:00,34,1,6592,6.504,6.5205,6.501,6.502,2772,HG.v.0
2026-06-16 17:00:00+00:00,34,1,6592,6.5025,6.5045,6.4865,6.498,1051,HG.v.0
2026-06-16 18:00:00+00:00,34,1,6592,6.498,6.5035,6.493,6.4945,434,HG.v.0
2026-06-16 19:00:00+00:00,34,1,6592,6.4945,6.5005,6.491,6.4965,582,HG.v.0
2026-06-16 20:00:00+00:00,34,1,6592,6.4955,6.4955,6.48,6.481,367,HG.v.0
2026-06-16 22:00:00+00:00,34,1,6592,6.482,6.4945,6.475,6.493,179,HG.v.0
2026-06-16 23:00:00+00:00,34,1,6592,6.4945,6.497,6.484,6.486,76,HG.v.0
2026-06-17 00:00:00+00:00,34,1,6592,6.486,6.5035,6.483,6.496,352,HG.v.0
2026-06-17 01:00:00+00:00,34,1,6592,6.4965,6.5295,6.4895,6.5285,623,HG.v.0
2026-06-17 02:00:00+00:00,34,1,6592,6.5285,6.5445,6.505,6.506,799,HG.v.0
2026-06-17 03:00:00+00:00,34,1,6592,6.5055,6.523,6.5035,6.5185,311,HG.v.0
2026-06-17 04:00:00+00:00,34,1,6592,6.5165,6.528,6.5125,6.528,135,HG.v.0
2026-06-17 05:00:00+00:00,34,1,6592,6.528,6.54,6.512,6.5305,648,HG.v.0
2026-06-17 06:00:00+00:00,34,1,6592,6.5325,6.5325,6.5145,6.526,455,HG.v.0
2026-06-17 07:00:00+00:00,34,1,6592,6.526,6.5525,6.518,6.5465,1061,HG.v.0
2026-06-17 08:00:00+00:00,34,1,6592,6.5465,6.5475,6.508,6.515,909,HG.v.0
2026-06-17 09:00:00+00:00,34,1,6592,6.5145,6.534,6.513,6.534,423,HG.v.0
2026-06-17 10:00:00+00:00,34,1,6592,6.5345,6.547,6.529,6.54,674,HG.v.0
2026-06-17 11:00:00+00:00,34,1,6592,6.541,6.541,6.501,6.5175,1948,HG.v.0
2026-06-17 12:00:00+00:00,34,1,6592,6.52,6.526,6.501,6.503,1434,HG.v.0
2026-06-17 13:00:00+00:00,34,1,6592,6.5035,6.5145,6.458,6.468,3988,HG.v.0
2026-06-17 14:00:00+00:00,34,1,6592,6.468,6.5045,6.459,6.48,3482,HG.v.0
2026-06-17 15:00:00+00:00,34,1,6592,6.4805,6.496,6.472,6.4935,1769,HG.v.0
2026-06-17 16:00:00+00:00,34,1,6592,6.494,6.5015,6.487,6.4915,1749,HG.v.0
2026-06-17 17:00:00+00:00,34,1,6592,6.491,6.512,6.482,6.512,891,HG.v.0
2026-06-17 18:00:00+00:00,34,1,6592,6.504,6.504,6.3965,6.4395,5873,HG.v.0
2026-06-17 19:00:00+00:00,34,1,6592,6.4395,6.448,6.3255,6.3475,4411,HG.v.0
2026-06-17 20:00:00+00:00,34,1,6592,6.348,6.372,6.347,6.363,919,HG.v.0
2026-06-17 22:00:00+00:00,34,1,6592,6.3725,6.3805,6.3665,6.379,256,HG.v.0
2026-06-17 23:00:00+00:00,34,1,6592,6.3795,6.3955,6.376,6.3955,414,HG.v.0
2026-06-18 00:00:00+00:00,34,1,6592,6.396,6.4065,6.388,6.4045,1480,HG.v.0
2026-06-18 01:00:00+00:00,34,1,6592,6.403,6.421,6.398,6.4095,1416,HG.v.0
2026-06-18 02:00:00+00:00,34,1,6592,6.411,6.413,6.3765,6.3775,602,HG.v.0
2026-06-18 03:00:00+00:00,34,1,6592,6.3775,6.396,6.365,6.395,899,HG.v.0
2026-06-18 04:00:00+00:00,34,1,6592,6.396,6.398,6.374,6.3825,387,HG.v.0
2026-06-18 05:00:00+00:00,34,1,6592,6.382,6.397,6.3795,6.3945,518,HG.v.0
2026-06-18 06:00:00+00:00,34,1,6592,6.3975,6.4075,6.386,6.4055,734,HG.v.0
2026-06-18 07:00:00+00:00,34,1,6592,6.404,6.4375,6.403,6.4235,1390,HG.v.0
2026-06-18 08:00:00+00:00,34,1,6592,6.4245,6.432,6.375,6.3755,2154,HG.v.0
2026-06-18 09:00:00+00:00,34,1,6592,6.375,6.407,6.37,6.404,1680,HG.v.0
2026-06-18 10:00:00+00:00,34,1,6592,6.402,6.407,6.3875,6.4,1022,HG.v.0
2026-06-18 11:00:00+00:00,34,1,6592,6.4015,6.41,6.352,6.355,2244,HG.v.0
2026-06-18 12:00:00+00:00,34,1,6592,6.355,6.414,6.351,6.414,3276,HG.v.0
2026-06-18 13:00:00+00:00,34,1,6592,6.4135,6.4475,6.408,6.414,3330,HG.v.0
2026-06-18 14:00:00+00:00,34,1,6592,6.4135,6.4185,6.3865,6.4095,2781,HG.v.0
2026-06-18 15:00:00+00:00,34,1,6592,6.4095,6.4135,6.3945,6.3965,1692,HG.v.0
2026-06-18 16:00:00+00:00,34,1,6592,6.396,6.3985,6.378,6.3865,2291,HG.v.0
2026-06-18 17:00:00+00:00,34,1,6592,6.3865,6.3965,6.3855,6.3915,1163,HG.v.0
2026-06-18 18:00:00+00:00,34,1,6592,6.3905,6.399,6.3815,6.3815,486,HG.v.0
2026-06-18 19:00:00+00:00,34,1,6592,6.382,6.385,6.364,6.3775,648,HG.v.0
2026-06-18 20:00:00+00:00,34,1,6592,6.377,6.3875,6.3745,6.3785,296,HG.v.0
2026-06-18 22:00:00+00:00,34,1,6592,6.3685,6.385,6.3685,6.375,88,HG.v.0
2026-06-18 23:00:00+00:00,34,1,6592,6.3735,6.3735,6.3655,6.368,96,HG.v.0
2026-06-19 00:00:00+00:00,34,1,6592,6.3705,6.375,6.362,6.367,269,HG.v.0
2026-06-19 01:00:00+00:00,34,1,6592,6.3675,6.373,6.347,6.3475,410,HG.v.0
2026-06-19 02:00:00+00:00,34,1,6592,6.349,6.3495,6.3215,6.3285,739,HG.v.0
2026-06-19 03:00:00+00:00,34,1,6592,6.3295,6.3315,6.302,6.3065,751,HG.v.0
2026-06-19 04:00:00+00:00,34,1,6592,6.308,6.308,6.2765,6.2805,665,HG.v.0
2026-06-19 05:00:00+00:00,34,1,6592,6.281,6.312,6.27,6.305,1110,HG.v.0
2026-06-19 06:00:00+00:00,34,1,6592,6.3045,6.3355,6.3005,6.334,870,HG.v.0
2026-06-19 07:00:00+00:00,34,1,6592,6.3345,6.344,6.323,6.34,940,HG.v.0
2026-06-19 08:00:00+00:00,34,1,6592,6.3395,6.3685,6.339,6.358,801,HG.v.0
2026-06-19 09:00:00+00:00,34,1,6592,6.3615,6.3615,6.3495,6.3535,287,HG.v.0
2026-06-19 10:00:00+00:00,34,1,6592,6.3545,6.361,6.349,6.3515,305,HG.v.0
2026-06-19 11:00:00+00:00,34,1,6592,6.3515,6.354,6.3385,6.349,517,HG.v.0
2026-06-19 12:00:00+00:00,34,1,6592,6.351,6.385,6.3335,6.3715,1557,HG.v.0
2026-06-19 13:00:00+00:00,34,1,6592,6.372,6.374,6.3425,6.343,1705,HG.v.0
2026-06-19 14:00:00+00:00,34,1,6592,6.344,6.3475,6.3255,6.3365,2000,HG.v.0
2026-06-19 15:00:00+00:00,34,1,6592,6.3365,6.3415,6.3265,6.3345,1126,HG.v.0
2026-06-19 16:00:00+00:00,34,1,6592,6.3345,6.344,6.33,6.337,559,HG.v.0
2026-06-21 22:00:00+00:00,34,1,6592,6.3305,6.3485,6.2955,6.3455,547,HG.v.0
2026-06-21 23:00:00+00:00,34,1,6592,6.346,6.3485,6.321,6.3275,489,HG.v.0
2026-06-22 00:00:00+00:00,34,1,6592,6.328,6.362,6.326,6.362,526,HG.v.0
2026-06-22 01:00:00+00:00,34,1,6592,6.363,6.4035,6.342,6.3455,2035,HG.v.0
2026-06-22 02:00:00+00:00,34,1,6592,6.346,6.3475,6.282,6.3015,2863,HG.v.0
2026-06-22 03:00:00+00:00,34,1,6592,6.3035,6.318,6.284,6.313,560,HG.v.0
2026-06-22 04:00:00+00:00,34,1,6592,6.3125,6.318,6.309,6.315,194,HG.v.0
2026-06-22 05:00:00+00:00,34,1,6592,6.316,6.3475,6.312,6.3405,959,HG.v.0
2026-06-22 06:00:00+00:00,34,1,6592,6.343,6.3575,6.3365,6.3475,656,HG.v.0
2026-06-22 07:00:00+00:00,34,1,6592,6.3485,6.374,6.345,6.345,1223,HG.v.0
2026-06-22 08:00:00+00:00,34,1,6592,6.3455,6.3655,6.34,6.3645,553,HG.v.0
2026-06-22 09:00:00+00:00,34,1,6592,6.365,6.378,6.361,6.3755,540,HG.v.0
2026-06-22 10:00:00+00:00,34,1,6592,6.3765,6.3855,6.3755,6.3805,426,HG.v.0
2026-06-22 11:00:00+00:00,34,1,6592,6.3795,6.3995,6.3655,6.3775,1102,HG.v.0
2026-06-22 12:00:00+00:00,34,1,6592,6.377,6.383,6.371,6.376,786,HG.v.0
2026-06-22 13:00:00+00:00,34,1,6592,6.3765,6.4005,6.3705,6.3875,2007,HG.v.0
2026-06-22 14:00:00+00:00,34,1,6592,6.386,6.386,6.349,6.3765,2026,HG.v.0
2026-06-22 15:00:00+00:00,34,1,6592,6.3765,6.383,6.3515,6.356,1588,HG.v.0
2026-06-22 16:00:00+00:00,34,1,6592,6.355,6.369,6.34,6.3655,1855,HG.v.0
2026-06-22 17:00:00+00:00,34,1,6592,6.366,6.367,6.3535,6.36,457,HG.v.0
2026-06-22 18:00:00+00:00,34,1,6592,6.3605,6.3685,6.3595,6.3635,230,HG.v.0
2026-06-22 19:00:00+00:00,34,1,6592,6.364,6.365,6.358,6.3645,300,HG.v.0
2026-06-22 20:00:00+00:00,34,1,6592,6.365,6.3695,6.3645,6.367,200,HG.v.0
2026-06-22 22:00:00+00:00,34,1,6592,6.361,6.3645,6.353,6.3535,128,HG.v.0
2026-06-22 23:00:00+00:00,34,1,6592,6.3535,6.3565,6.349,6.351,140,HG.v.0
2026-06-23 00:00:00+00:00,34,1,6592,6.35,6.3555,6.335,6.3555,467,HG.v.0
2026-06-23 01:00:00+00:00,34,1,6592,6.3555,6.3595,6.3095,6.3275,1269,HG.v.0
2026-06-23 02:00:00+00:00,34,1,6592,6.3275,6.3355,6.307,6.3075,809,HG.v.0
2026-06-23 03:00:00+00:00,34,1,6592,6.308,6.311,6.279,6.283,1112,HG.v.0
2026-06-23 04:00:00+00:00,34,1,6592,6.2835,6.2885,6.2605,6.263,708,HG.v.0
2026-06-23 05:00:00+00:00,34,1,6592,6.263,6.275,6.2305,6.235,2081,HG.v.0
2026-06-23 06:00:00+00:00,34,1,6592,6.235,6.2395,6.2085,6.2245,2374,HG.v.0
2026-06-23 07:00:00+00:00,34,1,6592,6.2235,6.2365,6.174,6.1795,2485,HG.v.0
2026-06-23 08:00:00+00:00,34,1,6592,6.182,6.201,6.173,6.1745,1736,HG.v.0
2026-06-23 09:00:00+00:00,34,1,6592,6.175,6.194,6.1725,6.178,1532,HG.v.0
2026-06-23 10:00:00+00:00,34,1,6592,6.1775,6.201,6.174,6.174,707,HG.v.0
2026-06-23 11:00:00+00:00,34,1,6592,6.174,6.176,6.1525,6.171,2678,HG.v.0
2026-06-23 12:00:00+00:00,34,1,6592,6.1695,6.1875,6.154,6.1805,3431,HG.v.0
2026-06-23 13:00:00+00:00,34,1,6592,6.181,6.1855,6.1445,6.1735,4154,HG.v.0
2026-06-23 14:00:00+00:00,34,1,6592,6.1735,6.187,6.1485,6.154,3040,HG.v.0
2026-06-23 15:00:00+00:00,34,1,6592,6.154,6.1595,6.144,6.1545,2736,HG.v.0
2026-06-23 16:00:00+00:00,34,1,6592,6.155,6.163,6.137,6.15,3598,HG.v.0
2026-06-23 17:00:00+00:00,34,1,6592,6.1495,6.1555,6.1425,6.146,1269,HG.v.0
2026-06-23 18:00:00+00:00,34,1,6592,6.146,6.1495,6.11,6.1165,1348,HG.v.0
2026-06-23 19:00:00+00:00,34,1,6592,6.117,6.1375,6.1165,6.123,671,HG.v.0
2026-06-23 20:00:00+00:00,34,1,6592,6.124,6.1335,6.124,6.125,453,HG.v.0
2026-06-23 22:00:00+00:00,34,1,6592,6.1255,6.1345,6.1215,6.1275,246,HG.v.0
2026-06-23 23:00:00+00:00,34,1,6592,6.1265,6.1355,6.115,6.134,316,HG.v.0
2026-06-24 00:00:00+00:00,34,1,6592,6.136,6.146,6.1325,6.141,548,HG.v.0
2026-06-24 01:00:00+00:00,34,1,6592,6.1415,6.1485,6.116,6.1385,1583,HG.v.0
2026-06-24 02:00:00+00:00,34,1,6592,6.138,6.1405,6.1015,6.1025,1960,HG.v.0
2026-06-24 03:00:00+00:00,34,1,6592,6.103,6.119,6.094,6.113,783,HG.v.0
2026-06-24 04:00:00+00:00,34,1,6592,6.113,6.1135,6.0985,6.1105,275,HG.v.0
2026-06-24 05:00:00+00:00,34,1,6592,6.1115,6.1465,6.1085,6.139,1138,HG.v.0
2026-06-24 06:00:00+00:00,34,1,6592,6.139,6.165,6.1355,6.137,1181,HG.v.0
2026-06-24 07:00:00+00:00,34,1,6592,6.1365,6.139,6.1125,6.1295,1361,HG.v.0
2026-06-24 08:00:00+00:00,34,1,6592,6.13,6.1465,6.1245,6.1295,925,HG.v.0
2026-06-24 09:00:00+00:00,34,1,6592,6.13,6.13,6.1035,6.1045,996,HG.v.0
2026-06-24 10:00:00+00:00,34,1,6592,6.1045,6.1045,6.0575,6.068,2493,HG.v.0
2026-06-24 11:00:00+00:00,34,1,6592,6.068,6.071,6.043,6.0625,2637,HG.v.0
2026-06-24 12:00:00+00:00,34,1,6592,6.062,6.069,6.0425,6.0485,2631,HG.v.0
2026-06-24 13:00:00+00:00,34,1,6592,6.0475,6.05,5.9675,6.0115,8376,HG.v.0
2026-06-24 14:00:00+00:00,34,1,6592,6.0105,6.0105,5.969,5.9775,2878,HG.v.0
2026-06-24 15:00:00+00:00,34,1,6592,5.978,5.9925,5.9595,5.98,2810,HG.v.0
2026-06-24 16:00:00+00:00,34,1,6592,5.979,5.98,5.9395,5.9515,3683,HG.v.0
2026-06-24 17:00:00+00:00,34,1,6592,5.951,5.957,5.9245,5.9385,2251,HG.v.0
2026-06-24 18:00:00+00:00,34,1,6592,5.9385,5.9565,5.924,5.9345,1404,HG.v.0
2026-06-24 19:00:00+00:00,34,1,6592,5.935,5.965,5.926,5.9585,1642,HG.v.0
2026-06-24 20:00:00+00:00,34,1,6592,5.958,5.993,5.9545,5.985,1420,HG.v.0
2026-06-24 22:00:00+00:00,34,1,6592,5.9855,5.988,5.9745,5.975,123,HG.v.0
2026-06-24 23:00:00+00:00,34,1,6592,5.974,5.984,5.971,5.976,184,HG.v.0
2026-06-25 00:00:00+00:00,34,1,6592,5.9775,5.993,5.9715,5.9905,421,HG.v.0
2026-06-25 01:00:00+00:00,34,1,6592,5.992,5.9935,5.9585,5.9645,505,HG.v.0
2026-06-25 02:00:00+00:00,34,1,6592,5.9665,5.9825,5.951,5.9825,303,HG.v.0
2026-06-25 03:00:00+00:00,34,1,6592,5.982,6.006,5.971,6.0035,423,HG.v.0
2026-06-25 04:00:00+00:00,34,1,6592,6.004,6.015,6.0025,6.013,270,HG.v.0
2026-06-25 05:00:00+00:00,34,1,6592,6.0125,6.015,5.9845,5.9845,419,HG.v.0
2026-06-25 06:00:00+00:00,34,1,6592,5.9835,5.99,5.969,5.9775,431,HG.v.0
2026-06-25 07:00:00+00:00,34,1,6592,5.9765,6.0005,5.9655,5.9985,713,HG.v.0
2026-06-25 08:00:00+00:00,34,1,6592,6.0005,6.032,6.0005,6.0215,586,HG.v.0
2026-06-25 09:00:00+00:00,34,1,6592,6.022,6.048,6.022,6.04,466,HG.v.0
2026-06-25 10:00:00+00:00,34,1,6592,6.0385,6.039,6.0205,6.024,336,HG.v.0
2026-06-25 11:00:00+00:00,34,1,6592,6.023,6.034,6.018,6.025,389,HG.v.0
2026-06-25 12:00:00+00:00,34,1,6592,6.0255,6.078,6.0165,6.078,1384,HG.v.0
2026-06-25 13:00:00+00:00,34,1,6592,6.078,6.0785,6.009,6.012,2043,HG.v.0
2026-06-25 14:00:00+00:00,34,1,6592,6.0135,6.0655,6.0135,6.058,1464,HG.v.0
2026-06-25 15:00:00+00:00,34,1,6592,6.0595,6.0845,6.045,6.0815,1354,HG.v.0
2026-06-25 16:00:00+00:00,34,1,6592,6.083,6.091,6.0705,6.0745,1495,HG.v.0
2026-06-25 17:00:00+00:00,34,1,6592,6.0735,6.0815,6.071,6.08,681,HG.v.0
2026-06-25 18:00:00+00:00,34,1,6592,6.081,6.0885,6.072,6.0815,245,HG.v.0
2026-06-25 19:00:00+00:00,34,1,6592,6.0815,6.083,6.0575,6.069,335,HG.v.0
2026-06-25 20:00:00+00:00,34,1,6592,6.0705,6.0805,6.0615,6.067,121,HG.v.0
2026-06-25 22:00:00+00:00,34,1,6592,6.067,6.067,6.019,6.058,107,HG.v.0
2026-06-25 23:00:00+00:00,34,1,6592,6.0585,6.067,6.051,6.055,35,HG.v.0
2026-06-26 00:00:00+00:00,34,1,6592,6.0525,6.055,6.039,6.039,62,HG.v.0
2026-06-26 01:00:00+00:00,34,1,6592,6.0415,6.0535,6.01,6.0145,89,HG.v.0
2026-06-26 02:00:00+00:00,34,1,6592,6.019,6.019,5.9765,5.977,239,HG.v.0
2026-06-26 03:00:00+00:00,34,1,6592,5.983,5.987,5.9685,5.9785,55,HG.v.0
2026-06-26 04:00:00+00:00,34,1,6592,5.98,5.9805,5.963,5.963,25,HG.v.0
2026-06-26 05:00:00+00:00,34,1,6592,5.961,6.005,5.961,5.997,106,HG.v.0
2026-06-26 06:00:00+00:00,34,1,6592,5.987,6.0275,5.9825,6.027,122,HG.v.0
2026-06-26 07:00:00+00:00,34,1,6592,6.026,6.0345,6.009,6.026,78,HG.v.0
2026-06-26 08:00:00+00:00,34,1,6592,6.031,6.048,6.029,6.043,80,HG.v.0
2026-06-26 09:00:00+00:00,34,1,6592,6.051,6.0705,6.051,6.0665,106,HG.v.0
2026-06-26 10:00:00+00:00,34,1,6592,6.065,6.1005,6.062,6.098,127,HG.v.0
2026-06-26 11:00:00+00:00,34,1,6592,6.1015,6.128,6.1015,6.1135,120,HG.v.0
2026-06-26 12:00:00+00:00,34,1,6592,6.1195,6.1285,6.102,6.107,248,HG.v.0
2026-06-26 13:00:00+00:00,34,1,6592,6.097,6.121,6.089,6.1195,826,HG.v.0
2026-06-26 14:00:00+00:00,34,1,6592,6.122,6.1805,6.122,6.1505,308,HG.v.0
2026-06-26 15:00:00+00:00,34,1,6592,6.1505,6.1565,6.123,6.1435,315,HG.v.0
2026-06-26 16:00:00+00:00,34,1,6592,6.1455,6.153,6.1365,6.145,150,HG.v.0
2026-06-26 17:00:00+00:00,34,1,6592,6.145,6.151,6.1355,6.136,95,HG.v.0
2026-06-26 18:00:00+00:00,34,1,6592,6.1305,6.134,6.117,6.117,142,HG.v.0
2026-06-26 19:00:00+00:00,34,1,6592,6.12,6.129,6.113,6.1245,163,HG.v.0
2026-06-26 20:00:00+00:00,34,1,6592,6.121,6.1375,6.121,6.1375,32,HG.v.0
2026-06-28 22:00:00+00:00,34,1,10246,6.186,6.201,6.183,6.196,272,HG.v.0
2026-06-28 23:00:00+00:00,34,1,10246,6.196,6.202,6.1885,6.189,296,HG.v.0
2026-06-29 00:00:00+00:00,34,1,10246,6.189,6.191,6.162,6.177,713,HG.v.0
2026-06-29 01:00:00+00:00,34,1,10246,6.177,6.1805,6.151,6.154,1026,HG.v.0
2026-06-29 02:00:00+00:00,34,1,10246,6.1555,6.1985,6.1525,6.1885,786,HG.v.0
2026-06-29 03:00:00+00:00,34,1,10246,6.1895,6.2105,6.1875,6.2005,595,HG.v.0
2026-06-29 04:00:00+00:00,34,1,10246,6.198,6.1995,6.1825,6.184,123,HG.v.0
2026-06-29 05:00:00+00:00,34,1,10246,6.184,6.226,6.174,6.226,935,HG.v.0
2026-06-29 06:00:00+00:00,34,1,10246,6.227,6.2405,6.214,6.2175,969,HG.v.0
2026-06-29 07:00:00+00:00,34,1,10246,6.219,6.221,6.196,6.197,644,HG.v.0
2026-06-29 08:00:00+00:00,34,1,10246,6.197,6.198,6.178,6.1805,895,HG.v.0
2026-06-29 09:00:00+00:00,34,1,10246,6.1805,6.185,6.168,6.175,642,HG.v.0
2026-06-29 10:00:00+00:00,34,1,10246,6.175,6.187,6.1725,6.1865,437,HG.v.0
2026-06-29 11:00:00+00:00,34,1,10246,6.1855,6.2055,6.18,6.2,965,HG.v.0
2026-06-29 12:00:00+00:00,34,1,10246,6.1995,6.2055,6.184,6.184,1543,HG.v.0
2026-06-29 13:00:00+00:00,34,1,10246,6.183,6.1915,6.146,6.149,3399,HG.v.0
2026-06-29 14:00:00+00:00,34,1,10246,6.149,6.166,6.1355,6.147,3014,HG.v.0
2026-06-29 15:00:00+00:00,34,1,10246,6.1475,6.169,6.1335,6.165,2380,HG.v.0
2026-06-29 16:00:00+00:00,34,1,10246,6.165,6.1725,6.1605,6.162,2168,HG.v.0
2026-06-29 17:00:00+00:00,34,1,10246,6.1615,6.1765,6.161,6.1745,1439,HG.v.0
2026-06-29 18:00:00+00:00,34,1,10246,6.175,6.18,6.171,6.176,387,HG.v.0
2026-06-29 19:00:00+00:00,34,1,10246,6.1765,6.178,6.171,6.1745,370,HG.v.0
2026-06-29 20:00:00+00:00,34,1,10246,6.175,6.1765,6.1715,6.1735,303,HG.v.0
2026-06-29 22:00:00+00:00,34,1,10246,6.175,6.1775,6.169,6.176,73,HG.v.0
2026-06-29 23:00:00+00:00,34,1,10246,6.177,6.1845,6.175,6.177,142,HG.v.0
2026-06-30 00:00:00+00:00,34,1,10246,6.1755,6.1825,6.153,6.1575,927,HG.v.0
2026-06-30 01:00:00+00:00,34,1,10246,6.1605,6.1695,6.1095,6.153,1790,HG.v.0
2026-06-30 02:00:00+00:00,34,1,10246,6.157,6.1835,6.1405,6.175,1202,HG.v.0
2026-06-30 03:00:00+00:00,34,1,10246,6.174,6.1935,6.174,6.178,496,HG.v.0
2026-06-30 04:00:00+00:00,34,1,10246,6.18,6.196,6.18,6.187,427,HG.v.0
2026-06-30 05:00:00+00:00,34,1,10246,6.1865,6.1905,6.1735,6.1755,299,HG.v.0
2026-06-30 06:00:00+00:00,34,1,10246,6.1775,6.2665,6.173,6.265,2569,HG.v.0
2026-06-30 07:00:00+00:00,34,1,10246,6.265,6.289,6.2565,6.266,3676,HG.v.0
2026-06-30 08:00:00+00:00,34,1,10246,6.2655,6.274,6.218,6.222,1643,HG.v.0
2026-06-30 09:00:00+00:00,34,1,10246,6.224,6.2475,6.219,6.2475,1056,HG.v.0
2026-06-30 10:00:00+00:00,34,1,10246,6.2495,6.2525,6.23,6.251,923,HG.v.0
2026-06-30 11:00:00+00:00,34,1,10246,6.2515,6.264,6.2445,6.258,1977,HG.v.0
2026-06-30 12:00:00+00:00,34,1,10246,6.259,6.2695,6.235,6.2555,2786,HG.v.0
2026-06-30 13:00:00+00:00,34,1,10246,6.2545,6.262,6.228,6.2455,3513,HG.v.0
2026-06-30 14:00:00+00:00,34,1,10246,6.242,6.322,6.242,6.269,6528,HG.v.0
2026-06-30 15:00:00+00:00,34,1,10246,6.2675,6.2815,6.2535,6.255,2201,HG.v.0
2026-06-30 16:00:00+00:00,34,1,10246,6.255,6.2735,6.2505,6.251,2239,HG.v.0
2026-06-30 17:00:00+00:00,34,1,10246,6.252,6.26,6.2445,6.258,1255,HG.v.0
2026-06-30 18:00:00+00:00,34,1,10246,6.2585,6.2635,6.255,6.26,448,HG.v.0
2026-06-30 19:00:00+00:00,34,1,10246,6.2595,6.2635,6.2495,6.2535,613,HG.v.0
2026-06-30 20:00:00+00:00,34,1,10246,6.2525,6.2575,6.246,6.247,429,HG.v.0
2026-06-30 22:00:00+00:00,34,1,10246,6.252,6.2575,6.2485,6.2525,168,HG.v.0
2026-06-30 23:00:00+00:00,34,1,10246,6.253,6.254,6.248,6.249,71,HG.v.0
2026-07-01 00:00:00+00:00,34,1,10246,6.248,6.251,6.221,6.226,545,HG.v.0
2026-07-01 01:00:00+00:00,34,1,10246,6.2275,6.229,6.1625,6.168,1634,HG.v.0
2026-07-01 02:00:00+00:00,34,1,10246,6.1685,6.1715,6.1315,6.135,1517,HG.v.0
2026-07-01 03:00:00+00:00,34,1,10246,6.1345,6.153,6.1345,6.152,637,HG.v.0
2026-07-01 04:00:00+00:00,34,1,10246,6.149,6.151,6.1375,6.143,337,HG.v.0
2026-07-01 05:00:00+00:00,34,1,10246,6.141,6.1455,6.1245,6.136,707,HG.v.0
2026-07-01 06:00:00+00:00,34,1,10246,6.1355,6.1515,6.1215,6.1395,1018,HG.v.0
2026-07-01 07:00:00+00:00,34,1,10246,6.1395,6.1665,6.1385,6.15,1311,HG.v.0
2026-07-01 08:00:00+00:00,34,1,10246,6.1495,6.151,6.1135,6.117,1681,HG.v.0
2026-07-01 09:00:00+00:00,34,1,10246,6.1175,6.1375,6.112,6.123,1235,HG.v.0
2026-07-01 10:00:00+00:00,34,1,10246,6.1225,6.1265,6.086,6.1265,2112,HG.v.0
2026-07-01 11:00:00+00:00,34,1,10246,6.126,6.168,6.1225,6.154,2253,HG.v.0
2026-07-01 12:00:00+00:00,34,1,10246,6.153,6.1675,6.1355,6.15,2172,HG.v.0
2026-07-01 13:00:00+00:00,34,1,10246,6.151,6.2245,6.135,6.21,5221,HG.v.0
2026-07-01 14:00:00+00:00,34,1,10246,6.21,6.236,6.182,6.186,3544,HG.v.0
2026-07-01 15:00:00+00:00,34,1,10246,6.187,6.1955,6.177,6.182,1857,HG.v.0
2026-07-01 16:00:00+00:00,34,1,10246,6.1825,6.202,6.1775,6.1805,2719,HG.v.0
2026-07-01 17:00:00+00:00,34,1,10246,6.1795,6.1825,6.17,6.1725,937,HG.v.0
2026-07-01 18:00:00+00:00,34,1,10246,6.173,6.175,6.165,6.168,514,HG.v.0
2026-07-01 19:00:00+00:00,34,1,10246,6.1695,6.1775,6.1595,6.1615,372,HG.v.0
2026-07-01 20:00:00+00:00,34,1,10246,6.1615,6.1625,6.1505,6.156,448,HG.v.0
2026-07-01 22:00:00+00:00,34,1,10246,6.164,6.164,6.1565,6.162,57,HG.v.0
2026-07-01 23:00:00+00:00,34,1,10246,6.1615,6.1615,6.1475,6.155,153,HG.v.0
2026-07-02 00:00:00+00:00,34,1,10246,6.1555,6.1595,6.143,6.1565,583,HG.v.0
2026-07-02 01:00:00+00:00,34,1,10246,6.159,6.184,6.1535,6.168,1083,HG.v.0
2026-07-02 02:00:00+00:00,34,1,10246,6.169,6.187,6.1685,6.1765,457,HG.v.0
2026-07-02 03:00:00+00:00,34,1,10246,6.176,6.184,6.146,6.1815,635,HG.v.0
2026-07-02 04:00:00+00:00,34,1,10246,6.1825,6.183,6.1505,6.154,396,HG.v.0
2026-07-02 05:00:00+00:00,34,1,10246,6.154,6.1545,6.1265,6.1495,959,HG.v.0
2026-07-02 06:00:00+00:00,34,1,10246,6.15,6.1645,6.139,6.14,1339,HG.v.0
2026-07-02 07:00:00+00:00,34,1,10246,6.1405,6.144,6.115,6.129,1112,HG.v.0
2026-07-02 08:00:00+00:00,34,1,10246,6.128,6.1705,6.127,6.156,769,HG.v.0
2026-07-02 09:00:00+00:00,34,1,10246,6.1565,6.157,6.135,6.1405,396,HG.v.0
2026-07-02 10:00:00+00:00,34,1,10246,6.1395,6.1515,6.1335,6.139,590,HG.v.0
2026-07-02 11:00:00+00:00,34,1,10246,6.139,6.1535,6.134,6.1455,704,HG.v.0
2026-07-02 12:00:00+00:00,34,1,10246,6.1445,6.2095,6.135,6.183,2802,HG.v.0
2026-07-02 13:00:00+00:00,34,1,10246,6.183,6.227,6.182,6.217,2692,HG.v.0
2026-07-02 14:00:00+00:00,34,1,10246,6.214,6.214,6.1795,6.1995,2101,HG.v.0
2026-07-02 15:00:00+00:00,34,1,10246,6.1995,6.2015,6.1745,6.183,2088,HG.v.0
2026-07-02 16:00:00+00:00,34,1,10246,6.183,6.1855,6.163,6.1685,1939,HG.v.0
2026-07-02 17:00:00+00:00,34,1,10246,6.1685,6.1685,6.148,6.149,1103,HG.v.0
2026-07-02 18:00:00+00:00,34,1,10246,6.149,6.173,6.1465,6.17,454,HG.v.0
2026-07-02 19:00:00+00:00,34,1,10246,6.1705,6.177,6.154,6.1755,386,HG.v.0
2026-07-02 20:00:00+00:00,34,1,10246,6.175,6.1785,6.1685,6.1755,275,HG.v.0
2026-07-02 22:00:00+00:00,34,1,10246,6.1735,6.1785,6.171,6.1755,59,HG.v.0
2026-07-02 23:00:00+00:00,34,1,10246,6.176,6.1815,6.175,6.178,60,HG.v.0
2026-07-03 00:00:00+00:00,34,1,10246,6.1785,6.1915,6.1715,6.188,219,HG.v.0
2026-07-03 01:00:00+00:00,34,1,10246,6.189,6.2625,6.1875,6.2545,1408,HG.v.0
2026-07-03 02:00:00+00:00,34,1,10246,6.2555,6.2665,6.2415,6.2575,583,HG.v.0
2026-07-03 03:00:00+00:00,34,1,10246,6.2565,6.2635,6.245,6.2495,344,HG.v.0
2026-07-03 04:00:00+00:00,34,1,10246,6.2495,6.2605,6.249,6.259,247,HG.v.0
2026-07-03 05:00:00+00:00,34,1,10246,6.258,6.2585,6.234,6.241,341,HG.v.0
2026-07-03 06:00:00+00:00,34,1,10246,6.2415,6.26,6.2335,6.2355,1533,HG.v.0
2026-07-03 07:00:00+00:00,34,1,10246,6.235,6.251,6.234,6.244,489,HG.v.0
2026-07-03 08:00:00+00:00,34,1,10246,6.2435,6.2475,6.2235,6.23,283,HG.v.0
2026-07-03 09:00:00+00:00,34,1,10246,6.2275,6.2345,6.223,6.226,247,HG.v.0
2026-07-03 10:00:00+00:00,34,1,10246,6.2245,6.2345,6.217,6.2275,338,HG.v.0
2026-07-03 11:00:00+00:00,34,1,10246,6.2245,6.229,6.218,6.224,351,HG.v.0
2026-07-03 12:00:00+00:00,34,1,10246,6.223,6.2245,6.208,6.212,559,HG.v.0
2026-07-03 13:00:00+00:00,34,1,10246,6.2125,6.2245,6.2085,6.209,709,HG.v.0
2026-07-03 14:00:00+00:00,34,1,10246,6.2085,6.225,6.2055,6.2215,461,HG.v.0
2026-07-03 15:00:00+00:00,34,1,10246,6.2215,6.227,6.2025,6.21,575,HG.v.0
2026-07-03 16:00:00+00:00,34,1,10246,6.21,6.2275,6.209,6.224,352,HG.v.0
2026-07-05 22:00:00+00:00,34,1,10246,6.209,6.246,6.2035,6.237,342,HG.v.0
2026-07-05 23:00:00+00:00,34,1,10246,6.238,6.245,6.2315,6.2335,176,HG.v.0
2026-07-06 00:00:00+00:00,34,1,10246,6.234,6.2575,6.2245,6.245,847,HG.v.0
2026-07-06 01:00:00+00:00,34,1,10246,6.244,6.262,6.233,6.2405,761,HG.v.0
2026-07-06 02:00:00+00:00,34,1,10246,6.241,6.2435,6.2085,6.2135,655,HG.v.0
2026-07-06 03:00:00+00:00,34,1,10246,6.212,6.227,6.209,6.213,470,HG.v.0
2026-07-06 04:00:00+00:00,34,1,10246,6.2115,6.216,6.1995,6.214,403,HG.v.0
2026-07-06 05:00:00+00:00,34,1,10246,6.217,6.232,6.207,6.217,639,HG.v.0
2026-07-06 06:00:00+00:00,34,1,10246,6.219,6.2275,6.2065,6.213,695,HG.v.0
2026-07-06 07:00:00+00:00,34,1,10246,6.2135,6.255,6.213,6.2535,1464,HG.v.0
2026-07-06 08:00:00+00:00,34,1,10246,6.252,6.2565,6.2165,6.2235,1327,HG.v.0
2026-07-06 09:00:00+00:00,34,1,10246,6.2235,6.2275,6.212,6.214,684,HG.v.0
2026-07-06 10:00:00+00:00,34,1,10246,6.2145,6.2305,6.2075,6.228,508,HG.v.0
2026-07-06 11:00:00+00:00,34,1,10246,6.2285,6.242,6.218,6.2265,867,HG.v.0
2026-07-06 12:00:00+00:00,34,1,10246,6.2265,6.2335,6.1715,6.178,2216,HG.v.0
2026-07-06 13:00:00+00:00,34,1,10246,6.1775,6.2175,6.17,6.2095,2701,HG.v.0
2026-07-06 14:00:00+00:00,34,1,10246,6.2095,6.236,6.1935,6.205,2520,HG.v.0
2026-07-06 15:00:00+00:00,34,1,10246,6.205,6.24,6.205,6.2255,1610,HG.v.0
2026-07-06 16:00:00+00:00,34,1,10246,6.2255,6.2375,6.217,6.23,2311,HG.v.0
2026-07-06 17:00:00+00:00,34,1,10246,6.231,6.2515,6.2305,6.2435,1237,HG.v.0
2026-07-06 18:00:00+00:00,34,1,10246,6.2435,6.2575,6.2435,6.2545,319,HG.v.0
2026-07-06 19:00:00+00:00,34,1,10246,6.2545,6.2615,6.252,6.2585,587,HG.v.0
2026-07-06 20:00:00+00:00,34,1,10246,6.258,6.258,6.249,6.251,353,HG.v.0
2026-07-06 22:00:00+00:00,34,1,10246,6.2495,6.2565,6.2425,6.25,157,HG.v.0
2026-07-06 23:00:00+00:00,34,1,10246,6.25,6.252,6.2405,6.2405,67,HG.v.0
2026-07-07 00:00:00+00:00,34,1,10246,6.2405,6.2515,6.2315,6.2315,445,HG.v.0
2026-07-07 01:00:00+00:00,34,1,10246,6.2305,6.261,6.216,6.2575,993,HG.v.0
2026-07-07 02:00:00+00:00,34,1,10246,6.2575,6.2695,6.227,6.229,862,HG.v.0
2026-07-07 03:00:00+00:00,34,1,10246,6.2305,6.238,6.202,6.2085,747,HG.v.0
2026-07-07 04:00:00+00:00,34,1,10246,6.209,6.2165,6.1975,6.199,451,HG.v.0
2026-07-07 05:00:00+00:00,34,1,10246,6.198,6.212,6.1845,6.209,720,HG.v.0
2026-07-07 06:00:00+00:00,34,1,10246,6.209,6.2215,6.192,6.218,529,HG.v.0
2026-07-07 07:00:00+00:00,34,1,10246,6.218,6.225,6.206,6.207,608,HG.v.0
2026-07-07 08:00:00+00:00,34,1,10246,6.209,6.2395,6.209,6.2305,720,HG.v.0
2026-07-07 09:00:00+00:00,34,1,10246,6.234,6.2515,6.2325,6.244,797,HG.v.0
2026-07-07 10:00:00+00:00,34,1,10246,6.2435,6.248,6.2265,6.2355,436,HG.v.0
2026-07-07 11:00:00+00:00,34,1,10246,6.2365,6.2375,6.221,6.233,972,HG.v.0
2026-07-07 12:00:00+00:00,34,1,10246,6.2355,6.246,6.2205,6.2295,1766,HG.v.0
2026-07-07 13:00:00+00:00,34,1,10246,6.231,6.283,6.224,6.245,4173,HG.v.0
2026-07-07 14:00:00+00:00,34,1,10246,6.2455,6.263,6.2285,6.239,2066,HG.v.0
2026-07-07 15:00:00+00:00,34,1,10246,6.2385,6.2415,6.205,6.209,2103,HG.v.0
2026-07-07 16:00:00+00:00,34,1,10246,6.209,6.233,6.2065,6.226,1934,HG.v.0
2026-07-07 17:00:00+00:00,34,1,10246,6.2265,6.2275,6.2065,6.2115,1203,HG.v.0
2026-07-07 18:00:00+00:00,34,1,10246,6.2125,6.217,6.192,6.1925,749,HG.v.0
2026-07-07 19:00:00+00:00,34,1,10246,6.194,6.1945,6.165,6.1895,1176,HG.v.0
2026-07-07 20:00:00+00:00,34,1,10246,6.1885,6.1885,6.178,6.182,299,HG.v.0
2026-07-07 22:00:00+00:00,34,1,10246,6.1825,6.183,6.1665,6.169,358,HG.v.0
2026-07-07 23:00:00+00:00,34,1,10246,6.17,6.1715,6.161,6.164,282,HG.v.0
2026-07-08 00:00:00+00:00,34,1,10246,6.164,6.1865,6.1595,6.183,927,HG.v.0
2026-07-08 01:00:00+00:00,34,1,10246,6.183,6.194,6.171,6.191,1025,HG.v.0
2026-07-08 02:00:00+00:00,34,1,10246,6.1915,6.198,6.1795,6.191,384,HG.v.0
2026-07-08 03:00:00+00:00,34,1,10246,6.192,6.219,6.192,6.2085,528,HG.v.0
2026-07-08 04:00:00+00:00,34,1,10246,6.208,6.2135,6.2005,6.2075,198,HG.v.0
2026-07-08 05:00:00+00:00,34,1,10246,6.2065,6.2165,6.1985,6.2115,464,HG.v.0
2026-07-08 06:00:00+00:00,34,1,10246,6.211,6.22,6.184,6.185,795,HG.v.0
2026-07-08 07:00:00+00:00,34,1,10246,6.1845,6.1885,6.152,6.167,2479,HG.v.0
2026-07-08 08:00:00+00:00,34,1,10246,6.1685,6.1775,6.095,6.098,3401,HG.v.0
2026-07-08 09:00:00+00:00,34,1,10246,6.0985,6.099,6.0765,6.0905,2068,HG.v.0
2026-07-08 10:00:00+00:00,34,1,10246,6.091,6.1025,6.08,6.08,735,HG.v.0
2026-07-08 11:00:00+00:00,34,1,10246,6.0805,6.0925,6.0645,6.08,3098,HG.v.0
2026-07-08 12:00:00+00:00,34,1,10246,6.0805,6.1035,6.07,6.0885,3273,HG.v.0
2026-07-08 13:00:00+00:00,34,1,10246,6.0885,6.112,6.075,6.1005,3159,HG.v.0
2026-07-08 14:00:00+00:00,34,1,10246,6.1005,6.112,6.082,6.0855,2373,HG.v.0
2026-07-08 15:00:00+00:00,34,1,10246,6.086,6.0875,6.0625,6.078,2550,HG.v.0
2026-07-08 16:00:00+00:00,34,1,10246,6.0775,6.1145,6.0725,6.1085,3172,HG.v.0
2026-07-08 17:00:00+00:00,34,1,10246,6.108,6.1365,6.107,6.124,1651,HG.v.0
2026-07-08 18:00:00+00:00,34,1,10246,6.122,6.1365,6.1205,6.1295,465,HG.v.0
2026-07-08 19:00:00+00:00,34,1,10246,6.1305,6.136,6.1255,6.1295,456,HG.v.0
2026-07-08 20:00:00+00:00,34,1,10246,6.129,6.131,6.115,6.1175,383,HG.v.0
2026-07-08 22:00:00+00:00,34,1,10246,6.115,6.126,6.1125,6.123,111,HG.v.0
2026-07-08 23:00:00+00:00,34,1,10246,6.1215,6.128,6.12,6.1265,75,HG.v.0
2026-07-09 00:00:00+00:00,34,1,10246,6.127,6.1305,6.122,6.128,305,HG.v.0
2026-07-09 01:00:00+00:00,34,1,10246,6.1285,6.134,6.1155,6.1285,612,HG.v.0
2026-07-09 02:00:00+00:00,34,1,10246,6.13,6.1395,6.106,6.106,776,HG.v.0
2026-07-09 03:00:00+00:00,34,1,10246,6.1065,6.12,6.102,6.1175,386,HG.v.0
2026-07-09 04:00:00+00:00,34,1,10246,6.118,6.121,6.1085,6.119,158,HG.v.0
2026-07-09 05:00:00+00:00,34,1,10246,6.1185,6.1605,6.118,6.1575,985,HG.v.0
2026-07-09 06:00:00+00:00,34,1,10246,6.1585,6.207,6.1545,6.205,2236,HG.v.0
2026-07-09 07:00:00+00:00,34,1,10246,6.206,6.2135,6.198,6.209,1364,HG.v.0
2026-07-09 08:00:00+00:00,34,1,10246,6.208,6.2275,6.208,6.222,1259,HG.v.0
2026-07-09 09:00:00+00:00,34,1,10246,6.222,6.2295,6.2165,6.226,1141,HG.v.0
2026-07-09 10:00:00+00:00,34,1,10246,6.226,6.229,6.205,6.2095,671,HG.v.0
2026-07-09 11:00:00+00:00,34,1,10246,6.21,6.2475,6.2095,6.238,1116,HG.v.0
2026-07-09 12:00:00+00:00,34,1,10246,6.239,6.25,6.2325,6.237,1953,HG.v.0
2026-07-09 13:00:00+00:00,34,1,10246,6.2365,6.2695,6.228,6.2675,3759,HG.v.0
2026-07-09 14:00:00+00:00,34,1,10246,6.2675,6.2765,6.241,6.2675,2857,HG.v.0
2026-07-09 15:00:00+00:00,34,1,10246,6.2675,6.278,6.2645,6.2725,1649,HG.v.0
2026-07-09 16:00:00+00:00,34,1,10246,6.2735,6.296,6.262,6.2635,3343,HG.v.0
2026-07-09 17:00:00+00:00,34,1,10246,6.264,6.2725,6.252,6.269,1434,HG.v.0
2026-07-09 18:00:00+00:00,34,1,10246,6.269,6.2695,6.255,6.256,737,HG.v.0
2026-07-09 19:00:00+00:00,34,1,10246,6.2565,6.257,6.246,6.25,604,HG.v.0
2026-07-09 20:00:00+00:00,34,1,10246,6.2495,6.2525,6.2415,6.2475,329,HG.v.0
2026-07-09 22:00:00+00:00,34,1,10246,6.245,6.25,6.244,6.2445,112,HG.v.0
2026-07-09 23:00:00+00:00,34,1,10246,6.245,6.253,6.245,6.251,74,HG.v.0
2026-07-10 00:00:00+00:00,34,1,10246,6.2525,6.2605,6.24,6.26,406,HG.v.0
2026-07-10 01:00:00+00:00,34,1,10246,6.26,6.2985,6.2565,6.2885,1281,HG.v.0
2026-07-10 02:00:00+00:00,34,1,10246,6.288,6.305,6.2835,6.3035,658,HG.v.0
2026-07-10 03:00:00+00:00,34,1,10246,6.302,6.319,6.3015,6.3165,651,HG.v.0
2026-07-10 04:00:00+00:00,34,1,10246,6.316,6.3255,6.308,6.309,598,HG.v.0
2026-07-10 05:00:00+00:00,34,1,10246,6.31,6.3115,6.288,6.2925,855,HG.v.0
2026-07-10 06:00:00+00:00,34,1,10246,6.2915,6.299,6.2725,6.2745,701,HG.v.0
2026-07-10 07:00:00+00:00,34,1,10246,6.275,6.293,6.2745,6.2855,831,HG.v.0
2026-07-10 08:00:00+00:00,34,1,10246,6.2855,6.2855,6.259,6.263,1011,HG.v.0
2026-07-10 09:00:00+00:00,34,1,10246,6.2645,6.269,6.254,6.261,950,HG.v.0
2026-07-10 10:00:00+00:00,34,1,10246,6.26,6.2705,6.256,6.2585,868,HG.v.0
2026-07-10 11:00:00+00:00,34,1,10246,6.2585,6.2705,6.2515,6.2595,1075,HG.v.0
2026-07-10 12:00:00+00:00,34,1,10246,6.259,6.28,6.256,6.26,2124,HG.v.0
2026-07-10 13:00:00+00:00,34,1,10246,6.2605,6.2905,6.2585,6.2775,2586,HG.v.0
2026-07-10 14:00:00+00:00,34,1,10246,6.2775,6.2845,6.2355,6.266,3541,HG.v.0
2026-07-10 15:00:00+00:00,34,1,10246,6.2655,6.286,6.263,6.2855,2455,HG.v.0
2026-07-10 16:00:00+00:00,34,1,10246,6.285,6.2935,6.277,6.278,2102,HG.v.0
2026-07-10 17:00:00+00:00,34,1,10246,6.278,6.2825,6.275,6.275,836,HG.v.0
2026-07-10 18:00:00+00:00,34,1,10246,6.2755,6.282,6.2755,6.278,458,HG.v.0
2026-07-10 19:00:00+00:00,34,1,10246,6.278,6.284,6.278,6.2815,530,HG.v.0
2026-07-10 20:00:00+00:00,34,1,10246,6.2815,6.2875,6.2815,6.285,333,HG.v.0
2026-07-12 22:00:00+00:00,34,1,10246,6.2705,6.2775,6.244,6.2565,478,HG.v.0
2026-07-12 23:00:00+00:00,34,1,10246,6.256,6.2625,6.25,6.262,91,HG.v.0
2026-07-13 00:00:00+00:00,34,1,10246,6.2635,6.27,6.244,6.245,519,HG.v.0
2026-07-13 01:00:00+00:00,34,1,10246,6.2455,6.2455,6.2225,6.227,1496,HG.v.0
2026-07-13 02:00:00+00:00,34,1,10246,6.2265,6.227,6.218,6.22,543,HG.v.0
2026-07-13 03:00:00+00:00,34,1,10246,6.22,6.2205,6.207,6.209,979,HG.v.0
2026-07-13 04:00:00+00:00,34,1,10246,6.209,6.2115,6.203,6.21,550,HG.v.0
2026-07-13 05:00:00+00:00,34,1,10246,6.209,6.2285,6.197,6.214,908,HG.v.0
2026-07-13 06:00:00+00:00,34,1,10246,6.2165,6.2265,6.2,6.2225,730,HG.v.0
2026-07-13 07:00:00+00:00,34,1,10246,6.223,6.2435,6.2175,6.241,1122,HG.v.0
2026-07-13 08:00:00+00:00,34,1,10246,6.242,6.2745,6.242,6.2685,1790,HG.v.0
2026-07-13 09:00:00+00:00,34,1,10246,6.2695,6.271,6.26,6.2615,767,HG.v.0
2026-07-13 10:00:00+00:00,34,1,10246,6.26,6.2755,6.255,6.2725,775,HG.v.0
2026-07-13 11:00:00+00:00,34,1,10246,6.2725,6.3225,6.2645,6.315,2624,HG.v.0
2026-07-13 12:00:00+00:00,34,1,10246,6.314,6.314,6.289,6.3105,2571,HG.v.0
2026-07-13 13:00:00+00:00,34,1,10246,6.3115,6.3515,6.303,6.3355,5735,HG.v.0
2026-07-13 14:00:00+00:00,34,1,10246,6.3345,6.356,6.3005,6.337,5932,HG.v.0
2026-07-13 15:00:00+00:00,34,1,10246,6.3375,6.34,6.3005,6.304,2205,HG.v.0
2026-07-13 16:00:00+00:00,34,1,10246,6.304,6.309,6.2755,6.2815,2705,HG.v.0
2026-07-13 17:00:00+00:00,34,1,10246,6.2815,6.2875,6.2715,6.2715,995,HG.v.0
2026-07-13 18:00:00+00:00,34,1,10246,6.2715,6.285,6.2695,6.279,636,HG.v.0
2026-07-13 19:00:00+00:00,34,1,10246,6.2805,6.2835,6.269,6.277,617,HG.v.0
2026-07-13 20:00:00+00:00,34,1,10246,6.276,6.2785,6.269,6.276,461,HG.v.0
2026-07-13 22:00:00+00:00,34,1,10246,6.268,6.276,6.264,6.2755,131,HG.v.0
2026-07-13 23:00:00+00:00,34,1,10246,6.274,6.2775,6.2675,6.2775,63,HG.v.0
2026-07-14 00:00:00+00:00,34,1,10246,6.2785,6.2965,6.262,6.295,687,HG.v.0
2026-07-14 01:00:00+00:00,34,1,10246,6.295,6.3055,6.286,6.305,577,HG.v.0
2026-07-14 02:00:00+00:00,34,1,10246,6.3045,6.323,6.3,6.3125,518,HG.v.0
2026-07-14 03:00:00+00:00,34,1,10246,6.3115,6.331,6.295,6.33,481,HG.v.0
2026-07-14 04:00:00+00:00,34,1,10246,6.331,6.3715,6.331,6.365,1467,HG.v.0
2026-07-14 05:00:00+00:00,34,1,10246,6.3655,6.391,6.3645,6.3775,2918,HG.v.0
2026-07-14 06:00:00+00:00,34,1,10246,6.379,6.3915,6.3705,6.3715,1709,HG.v.0
2026-07-14 07:00:00+00:00,34,1,10246,6.3715,6.3935,6.361,6.373,1736,HG.v.0
2026-07-14 08:00:00+00:00,34,1,10246,6.374,6.3905,6.3675,6.3715,967,HG.v.0
2026-07-14 09:00:00+00:00,34,1,10246,6.3725,6.3915,6.369,6.386,1083,HG.v.0
2026-07-14 10:00:00+00:00,34,1,10246,6.3875,6.3985,6.38,6.3855,1175,HG.v.0
2026-07-14 11:00:00+00:00,34,1,10246,6.385,6.385,6.3705,6.379,1078,HG.v.0
2026-07-14 12:00:00+00:00,34,1,10246,6.3785,6.428,6.35,6.391,4366,HG.v.0
2026-07-14 13:00:00+00:00,34,1,10246,6.3915,6.432,6.374,6.4205,4208,HG.v.0
2026-07-14 14:00:00+00:00,34,1,10246,6.422,6.4385,6.4095,6.433,3063,HG.v.0
2026-07-14 15:00:00+00:00,34,1,10246,6.4325,6.4435,6.379,6.382,2712,HG.v.0
2026-07-14 16:00:00+00:00,34,1,10246,6.382,6.387,6.3755,6.378,2046,HG.v.0
2026-07-14 17:00:00+00:00,34,1,10246,6.378,6.3785,6.3655,6.369,1039,HG.v.0
2026-07-14 18:00:00+00:00,34,1,10246,6.3685,6.3695,6.358,6.366,806,HG.v.0
2026-07-14 19:00:00+00:00,34,1,10246,6.366,6.3695,6.3615,6.3695,616,HG.v.0
2026-07-14 20:00:00+00:00,34,1,10246,6.3655,6.3725,6.3635,6.367,243,HG.v.0
2026-07-14 22:00:00+00:00,34,1,10246,6.365,6.367,6.361,6.3645,143,HG.v.0
2026-07-14 23:00:00+00:00,34,1,10246,6.364,6.37,6.3615,6.366,107,HG.v.0
2026-07-15 00:00:00+00:00,34,1,10246,6.368,6.3785,6.3655,6.374,508,HG.v.0
2026-07-15 01:00:00+00:00,34,1,10246,6.3745,6.3895,6.3645,6.3805,690,HG.v.0
2026-07-15 02:00:00+00:00,34,1,10246,6.381,6.399,6.373,6.384,413,HG.v.0
2026-07-15 03:00:00+00:00,34,1,10246,6.3835,6.3865,6.3705,6.382,274,HG.v.0
2026-07-15 04:00:00+00:00,34,1,10246,6.384,6.384,6.374,6.3765,80,HG.v.0
2026-07-15 05:00:00+00:00,34,1,10246,6.378,6.3845,6.3565,6.377,594,HG.v.0
2026-07-15 06:00:00+00:00,34,1,10246,6.377,6.377,6.335,6.3475,1063,HG.v.0
2026-07-15 07:00:00+00:00,34,1,10246,6.3475,6.3635,6.333,6.3615,1057,HG.v.0
2026-07-15 08:00:00+00:00,34,1,10246,6.3615,6.3905,6.3595,6.388,1073,HG.v.0
2026-07-15 09:00:00+00:00,34,1,10246,6.3885,6.3925,6.368,6.3765,614,HG.v.0
2026-07-15 10:00:00+00:00,34,1,10246,6.3765,6.379,6.3595,6.3625,335,HG.v.0
2026-07-15 11:00:00+00:00,34,1,10246,6.3635,6.383,6.3555,6.3805,658,HG.v.0
2026-07-15 12:00:00+00:00,34,1,10246,6.381,6.3985,6.3625,6.396,2040,HG.v.0
2026-07-15 13:00:00+00:00,34,1,10246,6.397,6.4145,6.3915,6.4075,3779,HG.v.0
2026-07-15 14:00:00+00:00,34,1,10246,6.4095,6.4175,6.375,6.382,2005,HG.v.0
2026-07-15 15:00:00+00:00,34,1,10246,6.384,6.387,6.364,6.368,1542,HG.v.0
2026-07-15 16:00:00+00:00,34,1,10246,6.367,6.3685,6.332,6.3405,3898,HG.v.0
2026-07-15 17:00:00+00:00,34,1,10246,6.3405,6.38,6.337,6.379,1355,HG.v.0
2026-07-15 18:00:00+00:00,34,1,10246,6.379,6.398,6.3765,6.378,954,HG.v.0
2026-07-15 19:00:00+00:00,34,1,10246,6.378,6.3955,6.377,6.39,601,HG.v.0
2026-07-15 20:00:00+00:00,34,1,10246,6.3885,6.39,6.382,6.383,342,HG.v.0
2026-07-15 22:00:00+00:00,34,1,10246,6.3865,6.3875,6.377,6.3785,96,HG.v.0
2026-07-15 23:00:00+00:00,34,1,10246,6.38,6.3855,6.379,6.3795,127,HG.v.0
2026-07-16 00:00:00+00:00,34,1,10246,6.3805,6.3935,6.369,6.3695,530,HG.v.0
2026-07-16 01:00:00+00:00,34,1,10246,6.3705,6.3735,6.344,6.357,727,HG.v.0
2026-07-16 02:00:00+00:00,34,1,10246,6.3565,6.3875,6.35,6.3875,430,HG.v.0
2026-07-16 03:00:00+00:00,34,1,10246,6.388,6.4125,6.382,6.4125,868,HG.v.0
2026-07-16 04:00:00+00:00,34,1,10246,6.4115,6.4195,6.4075,6.4155,552,HG.v.0
2026-07-16 05:00:00+00:00,34,1,10246,6.418,6.419,6.3975,6.398,904,HG.v.0
2026-07-16 06:00:00+00:00,34,1,10246,6.398,6.4065,6.374,6.398,928,HG.v.0
2026-07-16 07:00:00+00:00,34,1,10246,6.3985,6.4015,6.3775,6.384,717,HG.v.0
2026-07-16 08:00:00+00:00,34,1,10246,6.3815,6.406,6.3815,6.3885,1063,HG.v.0
2026-07-16 09:00:00+00:00,34,1,10246,6.3925,6.4015,6.3865,6.396,427,HG.v.0
2026-07-16 10:00:00+00:00,34,1,10246,6.397,6.397,6.3805,6.3805,459,HG.v.0
2026-07-16 11:00:00+00:00,34,1,10246,6.381,6.3895,6.369,6.386,1110,HG.v.0
2026-07-16 12:00:00+00:00,34,1,10246,6.3865,6.3985,6.3505,6.3565,2303,HG.v.0
2026-07-16 13:00:00+00:00,34,1,10246,6.3555,6.3955,6.35,6.3575,3548,HG.v.0
2026-07-16 14:00:00+00:00,34,1,10246,6.3585,6.3675,6.343,6.352,1734,HG.v.0
2026-07-16 15:00:00+00:00,34,1,10246,6.352,6.3805,6.344,6.365,1941,HG.v.0
2026-07-16 16:00:00+00:00,34,1,10246,6.3655,6.366,6.337,6.341,2953,HG.v.0
2026-07-16 17:00:00+00:00,34,1,10246,6.34,6.3405,6.3125,6.313,2137,HG.v.0
2026-07-16 18:00:00+00:00,34,1,10246,6.3125,6.315,6.2895,6.2965,1587,HG.v.0
2026-07-16 19:00:00+00:00,34,1,10246,6.296,6.3,6.276,6.2945,1263,HG.v.0
2026-07-16 20:00:00+00:00,34,1,10246,6.2945,6.295,6.283,6.283,317,HG.v.0
2026-07-16 22:00:00+00:00,34,1,10246,6.2905,6.296,6.2805,6.2855,322,HG.v.0
2026-07-16 23:00:00+00:00,34,1,10246,6.2845,6.293,6.283,6.2925,171,HG.v.0
2026-07-17 00:00:00+00:00,34,1,10246,6.292,6.297,6.2675,6.296,1552,HG.v.0
2026-07-17 01:00:00+00:00,34,1,10246,6.296,6.298,6.2415,6.248,2119,HG.v.0
2026-07-17 02:00:00+00:00,34,1,10246,6.247,6.2545,6.228,6.2315,1570,HG.v.0
2026-07-17 03:00:00+00:00,34,1,10246,6.2325,6.261,6.231,6.231,929,HG.v.0
2026-07-17 04:00:00+00:00,34,1,10246,6.2305,6.2315,6.2065,6.217,1083,HG.v.0
2026-07-17 05:00:00+00:00,34,1,10246,6.216,6.2335,6.2105,6.231,1694,HG.v.0
2026-07-17 06:00:00+00:00,34,1,10246,6.2315,6.2415,6.223,6.2275,1867,HG.v.0
2026-07-17 07:00:00+00:00,34,1,10246,6.227,6.2535,6.2255,6.238,2149,HG.v.0
2026-07-17 08:00:00+00:00,34,1,10246,6.238,6.2505,6.202,6.2025,1743,HG.v.0
2026-07-17 09:00:00+00:00,34,1,10246,6.202,6.225,6.201,6.222,1344,HG.v.0
2026-07-17 10:00:00+00:00,34,1,10246,6.2215,6.229,6.217,6.225,724,HG.v.0
2026-07-17 11:00:00+00:00,34,1,10246,6.225,6.226,6.205,6.2185,1136,HG.v.0
2026-07-17 12:00:00+00:00,34,1,10246,6.218,6.2205,6.194,6.208,2212,HG.v.0
2026-07-17 13:00:00+00:00,34,1,10246,6.209,6.2435,6.201,6.242,3691,HG.v.0
2026-07-17 14:00:00+00:00,34,1,10246,6.242,6.261,6.239,6.259,3059,HG.v.0
2026-07-17 15:00:00+00:00,34,1,10246,6.259,6.2815,6.253,6.275,2150,HG.v.0
2026-07-17 16:00:00+00:00,34,1,10246,6.2755,6.2805,6.2545,6.266,3035,HG.v.0
2026-07-17 17:00:00+00:00,34,1,10246,6.2655,6.277,6.2635,6.267,1269,HG.v.0
2026-07-17 18:00:00+00:00,34,1,10246,6.2665,6.2715,6.2605,6.268,333,HG.v.0
2026-07-17 19:00:00+00:00,34,1,10246,6.2675,6.27,6.2515,6.264,598,HG.v.0
2026-07-17 20:00:00+00:00,34,1,10246,6.264,6.2715,6.26,6.2705,307,HG.v.0
2026-07-19 22:00:00+00:00,34,1,10246,6.2175,6.27,6.214,6.263,981,HG.v.0
2026-07-19 23:00:00+00:00,34,1,10246,6.2645,6.2745,6.2595,6.273,188,HG.v.0
2026-07-20 00:00:00+00:00,34,1,10246,6.2735,6.282,6.2565,6.2715,501,HG.v.0
2026-07-20 01:00:00+00:00,34,1,10246,6.2725,6.2925,6.263,6.277,751,HG.v.0
2026-07-20 02:00:00+00:00,34,1,10246,6.2765,6.3035,6.276,6.297,649,HG.v.0
2026-07-20 03:00:00+00:00,34,1,10246,6.2965,6.304,6.2885,6.298,319,HG.v.0
2026-07-20 04:00:00+00:00,34,1,10246,6.2985,6.302,6.291,6.2945,277,HG.v.0
2026-07-20 05:00:00+00:00,34,1,10246,6.295,6.2965,6.256,6.2655,777,HG.v.0
2026-07-20 06:00:00+00:00,34,1,10246,6.266,6.2885,6.266,6.269,1181,HG.v.0
2026-07-20 07:00:00+00:00,34,1,10246,6.269,6.33,6.266,6.3245,1767,HG.v.0
2026-07-20 08:00:00+00:00,34,1,10246,6.3255,6.326,6.307,6.313,1001,HG.v.0
2026-07-20 09:00:00+00:00,34,1,10246,6.313,6.3295,6.311,6.32,638,HG.v.0
2026-07-20 10:00:00+00:00,34,1,10246,6.321,6.3235,6.3115,6.3125,720,HG.v.0
2026-07-20 11:00:00+00:00,34,1,10246,6.313,6.3395,6.31,6.337,1841,HG.v.0
2026-07-20 12:00:00+00:00,34,1,10246,6.338,6.35,6.3085,6.3305,3153,HG.v.0
2026-07-20 13:00:00+00:00,34,1,10246,6.33,6.3555,6.3165,6.3485,3408,HG.v.0
2026-07-20 14:00:00+00:00,34,1,10246,6.3485,6.354,6.3275,6.329,2658,HG.v.0
2026-07-20 15:00:00+00:00,34,1,10246,6.3305,6.354,6.3235,6.344,2279,HG.v.0
2026-07-20 16:00:00+00:00,34,1,10246,6.344,6.3585,6.3285,6.3405,3410,HG.v.0
2026-07-20 17:00:00+00:00,34,1,10246,6.3405,6.3525,6.3375,6.349,1282,HG.v.0
2026-07-20 18:00:00+00:00,34,1,10246,6.35,6.3615,6.3465,6.3515,699,HG.v.0
2026-07-20 19:00:00+00:00,34,1,10246,6.352,6.3575,6.338,6.348,802,HG.v.0
2026-07-20 20:00:00+00:00,34,1,10246,6.347,6.348,6.3375,6.3405,315,HG.v.0
2026-07-20 22:00:00+00:00,34,1,10246,6.339,6.3415,6.3285,6.334,212,HG.v.0
2026-07-20 23:00:00+00:00,34,1,10246,6.334,6.3425,6.334,6.3395,63,HG.v.0
2026-07-21 00:00:00+00:00,34,1,10246,6.34,6.369,6.3335,6.3655,711,HG.v.0
2026-07-21 01:00:00+00:00,34,1,10246,6.367,6.3745,6.357,6.3635,1044,HG.v.0
2026-07-21 02:00:00+00:00,34,1,10246,6.3655,6.395,6.36,6.395,1055,HG.v.0
2026-07-21 03:00:00+00:00,34,1,10246,6.3945,6.4195,6.3945,6.4195,1132,HG.v.0
2026-07-21 04:00:00+00:00,34,1,10246,6.4195,6.42,6.407,6.42,1028,HG.v.0
2026-07-21 05:00:00+00:00,34,1,10246,6.42,6.429,6.4135,6.425,1463,HG.v.0
2026-07-21 06:00:00+00:00,34,1,10246,6.4255,6.4985,6.4255,6.4715,4023,HG.v.0
2026-07-21 07:00:00+00:00,34,1,10246,6.4715,6.4965,6.4705,6.4965,2487,HG.v.0
2026-07-21 08:00:00+00:00,34,1,10246,6.4975,6.531,6.4795,6.5235,3628,HG.v.0
2026-07-21 09:00:00+00:00,34,1,10246,6.5225,6.5315,6.5175,6.5205,1097,HG.v.0
2026-07-21 10:00:00+00:00,34,1,10246,6.5205,6.5285,6.5155,6.521,1029,HG.v.0
2026-07-21 11:00:00+00:00,34,1,10246,6.521,6.534,6.517,6.5265,1776,HG.v.0
2026-07-21 12:00:00+00:00,34,1,10246,6.5265,6.538,6.511,6.535,3230,HG.v.0
2026-07-21 13:00:00+00:00,34,1,10246,6.536,6.5455,6.4885,6.505,4951,HG.v.0
2026-07-21 14:00:00+00:00,34,1,10246,6.5055,6.537,6.5055,6.533,4218,HG.v.0
2026-07-21 15:00:00+00:00,34,1,10246,6.5335,6.5515,6.5185,6.548,4327,HG.v.0
2026-07-21 16:00:00+00:00,34,1,10246,6.5485,6.567,6.545,6.55,4332,HG.v.0
2026-07-21 17:00:00+00:00,34,1,10246,6.5505,6.5505,6.523,6.527,2247,HG.v.0
2026-07-21 18:00:00+00:00,34,1,10246,6.5265,6.5295,6.5215,6.5265,569,HG.v.0
2026-07-21 19:00:00+00:00,34,1,10246,6.529,6.5305,6.524,6.529,437,HG.v.0
2026-07-21 20:00:00+00:00,34,1,10246,6.529,6.5295,6.522,6.5295,416,HG.v.0
2026-07-21 22:00:00+00:00,34,1,10246,6.5255,6.5385,6.5255,6.53,167,HG.v.0
2026-07-21 23:00:00+00:00,34,1,10246,6.5295,6.533,6.5275,6.5315,231,HG.v.0
2026-07-22 00:00:00+00:00,34,1,10246,6.5325,6.545,6.528,6.5435,699,HG.v.0
2026-07-22 01:00:00+00:00,34,1,10246,6.5445,6.563,6.535,6.535,1287,HG.v.0
2026-07-22 02:00:00+00:00,34,1,10246,6.535,6.5375,6.518,6.5265,1020,HG.v.0
2026-07-22 03:00:00+00:00,34,1,10246,6.527,6.5415,6.5195,6.523,486,HG.v.0
2026-07-22 04:00:00+00:00,34,1,10246,6.5265,6.531,6.5155,6.521,315,HG.v.0
2026-07-22 05:00:00+00:00,34,1,10246,6.522,6.5245,6.494,6.5015,1099,HG.v.0
2026-07-22 06:00:00+00:00,34,1,10246,6.501,6.5155,6.495,6.5025,2350,HG.v.0
2026-07-22 07:00:00+00:00,34,1,10246,6.502,6.5255,6.4925,6.5035,1445,HG.v.0
2026-07-22 08:00:00+00:00,34,1,10246,6.505,6.533,6.5035,6.5255,1447,HG.v.0
2026-07-22 09:00:00+00:00,34,1,10246,6.525,6.53,6.5075,6.5105,738,HG.v.0
2026-07-22 10:00:00+00:00,34,1,10246,6.5105,6.525,6.5105,6.513,322,HG.v.0
2026-07-22 11:00:00+00:00,34,1,10246,6.513,6.5225,6.4995,6.5145,1158,HG.v.0
2026-07-22 12:00:00+00:00,34,1,10246,6.5155,6.522,6.491,6.4965,1531,HG.v.0
2026-07-22 13:00:00+00:00,34,1,10246,6.4965,6.526,6.4965,6.5225,2138,HG.v.0
2026-07-22 14:00:00+00:00,34,1,10246,6.523,6.524,6.496,6.5025,1784,HG.v.0
2026-07-22 15:00:00+00:00,34,1,10246,6.502,6.519,6.4985,6.5025,1807,HG.v.0
2026-07-22 16:00:00+00:00,34,1,10246,6.502,6.506,6.486,6.493,2829,HG.v.0
2026-07-22 17:00:00+00:00,34,1,10246,6.4935,6.4965,6.478,6.4825,1095,HG.v.0
2026-07-22 18:00:00+00:00,34,1,10246,6.483,6.4835,6.467,6.48,744,HG.v.0
2026-07-22 19:00:00+00:00,34,1,10246,6.479,6.4885,6.4765,6.484,566,HG.v.0
2026-07-22 20:00:00+00:00,34,1,10246,6.4855,6.493,6.479,6.491,310,HG.v.0
2026-07-22 22:00:00+00:00,34,1,10246,6.4865,6.4875,6.4705,6.478,246,HG.v.0
2026-07-22 23:00:00+00:00,34,1,10246,6.478,6.4835,6.473,6.4835,101,HG.v.0
2026-07-23 00:00:00+00:00,34,1,10246,6.485,6.4875,6.478,6.4855,366,HG.v.0
2026-07-23 01:00:00+00:00,34,1,10246,6.4865,6.512,6.479,6.503,880,HG.v.0
2026-07-23 02:00:00+00:00,34,1,10246,6.5025,6.525,6.499,6.523,393,HG.v.0
2026-07-23 03:00:00+00:00,34,1,10246,6.5225,6.5325,6.508,6.531,434,HG.v.0
2026-07-23 04:00:00+00:00,34,1,10246,6.531,6.5355,6.52,6.524,241,HG.v.0
2026-07-23 05:00:00+00:00,34,1,10246,6.525,6.5295,6.504,6.508,457,HG.v.0
2026-07-23 06:00:00+00:00,34,1,10246,6.5065,6.5185,6.498,6.507,1668,HG.v.0
2026-07-23 07:00:00+00:00,34,1,10246,6.5075,6.5085,6.4435,6.4585,2060,HG.v.0
2026-07-23 08:00:00+00:00,34,1,10246,6.4595,6.4625,6.442,6.4585,991,HG.v.0
2026-07-23 09:00:00+00:00,34,1,10246,6.458,6.4795,6.4475,6.4485,883,HG.v.0
2026-07-23 10:00:00+00:00,34,1,10246,6.449,6.479,6.4395,6.471,850,HG.v.0
2026-07-23 11:00:00+00:00,34,1,10246,6.4725,6.4745,6.4445,6.4685,1080,HG.v.0
2026-07-23 12:00:00+00:00,34,1,10246,6.4685,6.4685,6.414,6.423,3005,HG.v.0
2026-07-23 13:00:00+00:00,34,1,10246,6.422,6.432,6.365,6.3795,7182,HG.v.0
2026-07-23 14:00:00+00:00,34,1,10246,6.3785,6.3895,6.3605,6.368,2657,HG.v.0
2026-07-23 15:00:00+00:00,34,1,10246,6.367,6.369,6.33,6.345,3732,HG.v.0
2026-07-23 16:00:00+00:00,34,1,10246,6.345,6.351,6.3345,6.343,2796,HG.v.0
2026-07-23 17:00:00+00:00,34,1,10246,6.3425,6.344,6.322,6.3255,1622,HG.v.0
2026-07-23 18:00:00+00:00,34,1,10246,6.3245,6.3245,6.3125,6.317,911,HG.v.0
2026-07-23 19:00:00+00:00,34,1,10246,6.3175,6.3225,6.311,6.3205,545,HG.v.0
2026-07-23 20:00:00+00:00,34,1,10246,6.3205,6.34,6.3205,6.3375,551,HG.v.0
2026-07-23 22:00:00+00:00,34,1,10246,6.336,6.337,6.3285,6.334,171,HG.v.0
2026-07-23 23:00:00+00:00,34,1,10246,6.3335,6.335,6.328,6.329,125,HG.v.0
2026-07-24 00:00:00+00:00,34,1,10246,6.3295,6.333,6.311,6.326,835,HG.v.0
2026-07-24 01:00:00+00:00,34,1,10246,6.3265,6.343,6.3145,6.325,1492,HG.v.0
2026-07-24 02:00:00+00:00,34,1,10246,6.3255,6.3375,6.309,6.314,861,HG.v.0
2026-07-24 03:00:00+00:00,34,1,10246,6.313,6.33,6.3125,6.3205,297,HG.v.0
2026-07-24 04:00:00+00:00,34,1,10246,6.321,6.3235,6.3135,6.319,238,HG.v.0
2026-07-24 05:00:00+00:00,34,1,10246,6.3195,6.3445,6.314,6.3155,792,HG.v.0
2026-07-24 06:00:00+00:00,34,1,10246,6.3155,6.343,6.314,6.341,1331,HG.v.0
2026-07-24 07:00:00+00:00,34,1,10246,6.3415,6.3765,6.341,6.351,2794,HG.v.0
2026-07-24 08:00:00+00:00,34,1,10246,6.35,6.35,6.334,6.342,780,HG.v.0
2026-07-24 09:00:00+00:00,34,1,10246,6.3435,6.3645,6.3435,6.3645,602,HG.v.0
2026-07-24 10:00:00+00:00,34,1,10246,6.365,6.368,6.3575,6.36,471,HG.v.0
2026-07-24 11:00:00+00:00,34,1,10246,6.3605,6.3645,6.344,6.36,695,HG.v.0
2026-07-24 12:00:00+00:00,34,1,10246,6.361,6.3755,6.3345,6.3445,2015,HG.v.0
2026-07-24 13:00:00+00:00,34,1,10246,6.3445,6.351,6.33,6.339,2348,HG.v.0
2026-07-24 14:00:00+00:00,34,1,10246,6.3395,6.3585,6.3325,6.3545,2020,HG.v.0
2026-07-24 15:00:00+00:00,34,1,10246,6.355,6.373,6.344,6.3675,2390,HG.v.0
2026-07-24 16:00:00+00:00,34,1,10246,6.367,6.371,6.353,6.357,2325,HG.v.0
2026-07-24 17:00:00+00:00,34,1,10246,6.3565,6.3615,6.346,6.351,818,HG.v.0
2026-07-24 18:00:00+00:00,34,1,10246,6.352,6.3535,6.34,6.3415,412,HG.v.0
2026-07-24 19:00:00+00:00,34,1,10246,6.342,6.342,6.332,6.336,403,HG.v.0
2026-07-24 20:00:00+00:00,34,1,10246,6.3365,6.345,6.332,6.3395,401,HG.v.0
2026-07-26 22:00:00+00:00,34,1,10246,6.362,6.394,6.359,6.3605,757,HG.v.0
2026-07-26 23:00:00+00:00,34,1,10246,6.361,6.369,6.355,6.368,258,HG.v.0
2026-07-27 00:00:00+00:00,34,1,10246,6.3675,6.376,6.3525,6.3595,644,HG.v.0
2026-07-27 01:00:00+00:00,34,1,10246,6.359,6.3885,6.353,6.386,1067,HG.v.0
2026-07-27 02:00:00+00:00,34,1,10246,6.3865,6.3885,6.3495,6.354,757,HG.v.0
2026-07-27 03:00:00+00:00,34,1,10246,6.354,6.3675,6.343,6.346,537,HG.v.0
2026-07-27 04:00:00+00:00,34,1,10246,6.3475,6.349,6.34,6.343,280,HG.v.0
2026-07-27 05:00:00+00:00,34,1,10246,6.3435,6.3625,6.3415,6.3615,502,HG.v.0
2026-07-27 06:00:00+00:00,34,1,10246,6.36,6.369,6.3565,6.36,1558,HG.v.0
2026-07-27 07:00:00+00:00,34,1,10246,6.359,6.3815,6.355,6.355,1388,HG.v.0
2026-07-27 08:00:00+00:00,34,1,10246,6.355,6.3945,6.355,6.393,1755,HG.v.0
2026-07-27 09:00:00+00:00,34,1,10246,6.3925,6.4065,6.3895,6.3945,1589,HG.v.0
2026-07-27 10:00:00+00:00,34,1,10246,6.393,6.4085,6.3795,6.397,1289,HG.v.0
2026-07-27 11:00:00+00:00,34,1,10246,6.396,6.4055,6.3885,6.3975,975,HG.v.0
2026-07-27 12:00:00+00:00,34,1,10246,6.3975,6.4045,6.3805,6.3925,1537,HG.v.0
2026-07-27 13:00:00+00:00,34,1,10246,6.3935,6.4105,6.3795,6.3865,3010,HG.v.0
2026-07-27 14:00:00+00:00,34,1,10246,6.387,6.392,6.3605,6.3885,3106,HG.v.0
2026-07-27 15:00:00+00:00,34,1,10246,6.389,6.398,6.3725,6.3825,1598,HG.v.0
2026-07-27 16:00:00+00:00,34,1,10246,6.3815,6.3985,6.374,6.3785,2389,HG.v.0
2026-07-27 17:00:00+00:00,34,1,10246,6.379,6.3925,6.3715,6.392,754,HG.v.0
2026-07-27 18:00:00+00:00,34,1,10246,6.392,6.3985,6.3815,6.397,692,HG.v.0
2026-07-27 19:00:00+00:00,34,1,10246,6.398,6.4115,6.395,6.4055,624,HG.v.0
2026-07-27 20:00:00+00:00,34,1,10246,6.405,6.4055,6.394,6.3965,291,HG.v.0
2026-07-27 22:00:00+00:00,34,1,10246,6.395,6.3955,6.387,6.3935,67,HG.v.0
2026-07-27 23:00:00+00:00,34,1,10246,6.3925,6.3935,6.3855,6.3885,58,HG.v.0
2026-07-28 00:00:00+00:00,34,1,10246,6.389,6.3905,6.36,6.3625,804,HG.v.0
2026-07-28 01:00:00+00:00,34,1,10246,6.363,6.364,6.3305,6.345,1249,HG.v.0
2026-07-28 02:00:00+00:00,34,1,10246,6.345,6.353,6.3345,6.343,449,HG.v.0
2026-07-28 03:00:00+00:00,34,1,10246,6.344,6.3675,6.34,6.3665,473,HG.v.0
2026-07-28 04:00:00+00:00,34,1,10246,6.366,6.368,6.3525,6.3525,382,HG.v.0
2026-07-28 05:00:00+00:00,34,1,10246,6.353,6.3535,6.321,6.329,1628,HG.v.0
2026-07-28 06:00:00+00:00,34,1,10246,6.329,6.353,6.3275,6.3435,1130,HG.v.0
2026-07-28 07:00:00+00:00,34,1,10246,6.3435,6.35,6.324,6.3305,801,HG.v.0
2026-07-28 08:00:00+00:00,34,1,10246,6.3295,6.347,6.31,6.343,1716,HG.v.0
2026-07-28 09:00:00+00:00,34,1,10246,6.342,6.3495,6.32,6.322,990,HG.v.0
2026-07-28 10:00:00+00:00,34,1,10246,6.32,6.324,6.3005,6.3225,1831,HG.v.0
2026-07-28 11:00:00+00:00,34,1,10246,6.3225,6.3265,6.294,6.3115,2015,HG.v.0
2026-07-28 12:00:00+00:00,34,1,10246,6.3115,6.3295,6.309,6.322,1932,HG.v.0
2026-07-28 13:00:00+00:00,34,1,10246,6.321,6.3265,6.298,6.306,2531,HG.v.0
2026-07-28 14:00:00+00:00,34,1,10246,6.307,6.3455,6.307,6.3345,2884,HG.v.0
2026-07-28 15:00:00+00:00,34,1,10246,6.3345,6.3705,6.328,6.37,2376,HG.v.0
2026-07-28 16:00:00+00:00,34,1,10246,6.3705,6.3735,6.3555,6.359,2634,HG.v.0
2026-07-28 17:00:00+00:00,34,1,10246,6.3595,6.3615,6.337,6.3395,1378,HG.v.0
2026-07-28 18:00:00+00:00,34,1,10246,6.34,6.3425,6.3305,6.3345,368,HG.v.0
2026-07-28 19:00:00+00:00,34,1,10246,6.3355,6.3465,6.3355,6.338,337,HG.v.0
2026-07-28 20:00:00+00:00,34,1,10246,6.339,6.341,6.333,6.336,316,HG.v.0
2026-07-28 22:00:00+00:00,34,1,10246,6.3355,6.346,6.3305,6.335,147,HG.v.0
2026-07-28 23:00:00+00:00,34,1,10246,6.3325,6.3465,6.3325,6.3425,124,HG.v.0
2026-07-29 00:00:00+00:00,34,1,10246,6.3435,6.3525,6.338,6.3395,355,HG.v.0
2026-07-29 01:00:00+00:00,34,1,10246,6.339,6.356,6.321,6.323,1037,HG.v.0
2026-07-29 02:00:00+00:00,34,1,10246,6.3225,6.342,6.321,6.3245,719,HG.v.0
2026-07-29 03:00:00+00:00,34,1,10246,6.3255,6.334,6.292,6.2925,1229,HG.v.0
2026-07-29 04:00:00+00:00,34,1,10246,6.2935,6.2945,6.282,6.2945,915,HG.v.0
2026-07-29 05:00:00+00:00,34,1,10246,6.295,6.333,6.294,6.329,692,HG.v.0
2026-07-29 06:00:00+00:00,34,1,10246,6.329,6.3435,6.323,6.3395,1006,HG.v.0
2026-07-29 07:00:00+00:00,34,1,10246,6.3395,6.349,6.334,6.3375,1041,HG.v.0
2026-07-29 08:00:00+00:00,34,1,10246,6.338,6.339,6.312,6.3165,977,HG.v.0
2026-07-29 09:00:00+00:00,34,1,10246,6.318,6.329,6.3165,6.317,493,HG.v.0
2026-07-29 10:00:00+00:00,34,1,10246,6.318,6.323,6.3075,6.313,523,HG.v.0
2026-07-29 11:00:00+00:00,34,1,10246,6.313,6.324,6.3105,6.3205,753,HG.v.0
2026-07-29 12:00:00+00:00,34,1,10246,6.3215,6.326,6.285,6.307,2672,HG.v.0
2026-07-29 13:00:00+00:00,34,1,10246,6.3075,6.3315,6.298,6.307,2879,HG.v.0
2026-07-29 14:00:00+00:00,34,1,10246,6.3075,6.3185,6.29,6.2945,2152,HG.v.0
2026-07-29 15:00:00+00:00,34,1,10246,6.2955,6.3115,6.294,6.2975,1693,HG.v.0
2026-07-29 16:00:00+00:00,34,1,10246,6.298,6.315,6.2885,6.313,3020,HG.v.0
2026-07-29 17:00:00+00:00,34,1,10246,6.313,6.338,6.311,6.3265,1805,HG.v.0
2026-07-29 18:00:00+00:00,34,1,10246,6.3295,6.4315,6.329,6.417,5802,HG.v.0
2026-07-29 19:00:00+00:00,34,1,10246,6.418,6.4275,6.3395,6.3415,3457,HG.v.0
2026-07-29 20:00:00+00:00,34,1,10246,6.342,6.3525,6.334,6.3465,880,HG.v.0
2026-07-29 22:00:00+00:00,34,1,10246,6.3495,6.3795,6.347,6.3795,429,HG.v.0
2026-07-29 23:00:00+00:00,34,1,10246,6.379,6.3895,6.375,6.3755,458,HG.v.0
2026-07-30 00:00:00+00:00,34,1,10246,6.3765,6.386,6.3605,6.3655,939,HG.v.0
2026-07-30 01:00:00+00:00,34,1,10246,6.366,6.4255,6.3575,6.4155,2367,HG.v.0
2026-07-30 02:00:00+00:00,34,1,10246,6.416,6.426,6.383,6.388,731,HG.v.0
2026-07-30 03:00:00+00:00,34,1,10246,6.3875,6.399,6.3635,6.3675,655,HG.v.0
2026-07-30 04:00:00+00:00,34,1,10246,6.369,6.369,6.3435,6.3475,575,HG.v.0
2026-07-30 05:00:00+00:00,34,1,10246,6.347,6.381,6.34,6.3695,997,HG.v.0
2026-07-30 06:00:00+00:00,34,1,10246,6.37,6.3725,6.35,6.357,634,HG.v.0
2026-07-30 07:00:00+00:00,34,1,10246,6.3565,6.3995,6.3555,6.3615,1366,HG.v.0
2026-07-30 08:00:00+00:00,34,1,10246,6.361,6.4405,6.3555,6.4225,2592,HG.v.0
2026-07-30 09:00:00+00:00,34,1,10246,6.424,6.4575,6.422,6.439,1722,HG.v.0
2026-07-30 10:00:00+00:00,34,1,10246,6.4385,6.4575,6.426,6.4335,1183,HG.v.0
2026-07-30 11:00:00+00:00,34,1,10246,6.434,6.46,6.4315,6.455,1045,HG.v.0
2026-07-30 12:00:00+00:00,34,1,10246,6.456,6.488,6.4415,6.4435,3178,HG.v.0
2026-07-30 13:00:00+00:00,34,1,10246,6.4445,6.491,6.4285,6.488,4257,HG.v.0
2026-07-30 14:00:00+00:00,34,1,10246,6.4875,6.493,6.4465,6.447,3672,HG.v.0
2026-07-30 15:00:00+00:00,34,1,10246,6.447,6.473,6.435,6.465,2245,HG.v.0
2026-07-30 16:00:00+00:00,34,1,10246,6.4645,6.4805,6.4635,6.4755,2560,HG.v.0
2026-07-30 17:00:00+00:00,34,1,10246,6.4755,6.4835,6.4705,6.473,1189,HG.v.0
2026-07-30 18:00:00+00:00,34,1,10246,6.473,6.4865,6.471,6.4865,889,HG.v.0
2026-07-30 19:00:00+00:00,34,1,10246,6.4875,6.5055,6.4875,6.497,1014,HG.v.0
2026-07-30 20:00:00+00:00,34,1,10246,6.4975,6.5085,6.4885,6.5005,1444,HG.v.0
2026-07-30 22:00:00+00:00,34,1,10246,6.5005,6.5055,6.496,6.5005,187,HG.v.0
2026-07-30 23:00:00+00:00,34,1,10246,6.502,6.5055,6.499,6.5,112,HG.v.0
2026-07-31 00:00:00+00:00,34,1,10246,6.501,6.51,6.497,6.4985,918,HG.v.0
2026-07-31 01:00:00+00:00,34,1,10246,6.498,6.5175,6.483,6.494,1515,HG.v.0
2026-07-31 02:00:00+00:00,34,1,10246,6.495,6.504,6.486,6.4905,392,HG.v.0
2026-07-31 03:00:00+00:00,34,1,10246,6.49,6.501,6.48,6.4985,379,HG.v.0
2026-07-31 04:00:00+00:00,34,1,10246,6.497,6.515,6.493,6.512,431,HG.v.0
2026-07-31 05:00:00+00:00,34,1,10246,6.513,6.522,6.509,6.5145,937,HG.v.0
2026-07-31 06:00:00+00:00,34,1,10246,6.5145,6.52,6.4905,6.4975,881,HG.v.0
2026-07-31 07:00:00+00:00,34,1,10246,6.4955,6.5285,6.4885,6.5205,1137,HG.v.0
2026-07-31 08:00:00+00:00,34,1,10246,6.521,6.5255,6.5045,6.522,636,HG.v.0
2026-07-31 09:00:00+00:00,34,1,10246,6.522,6.528,6.4835,6.4865,1094,HG.v.0
2026-07-31 10:00:00+00:00,34,1,10246,6.487,6.494,6.4845,6.4855,555,HG.v.0
2026-07-31 11:00:00+00:00,34,1,10246,6.485,6.492,6.475,6.482,1246,HG.v.0
2026-07-31 12:00:00+00:00,34,1,10246,6.4825,6.49,6.4725,6.478,2071,HG.v.0
2026-07-31 13:00:00+00:00,34,1,10246,6.478,6.504,6.4355,6.4465,3676,HG.v.0
2026-07-31 14:00:00+00:00,34,1,10246,6.4475,6.4945,6.4295,6.485,3492,HG.v.0
2026-07-31 15:00:00+00:00,34,1,10246,6.4855,6.5075,6.4775,6.487,2829,HG.v.0
2026-07-31 16:00:00+00:00,34,1,10246,6.4865,6.488,6.463,6.4655,2504,HG.v.0
2026-07-31 17:00:00+00:00,34,1,10246,6.465,6.4935,6.4595,6.492,1978,HG.v.0
2026-07-31 18:00:00+00:00,34,1,10246,6.493,6.531,6.4915,6.5305,1739,HG.v.0
2026-07-31 19:00:00+00:00,34,1,10246,6.5315,6.545,6.521,6.5365,1327,HG.v.0
2026-07-31 20:00:00+00:00,34,1,10246,6.5365,6.538,6.5045,6.5075,718,HG.v.0
2026-08-02 22:00:00+00:00,34,1,10246,6.553,6.564,6.54,6.5405,861,HG.v.0
2026-08-02 23:00:00+00:00,34,1,10246,6.541,6.5455,6.5385,6.54,299,HG.v.0
2026-08-03 00:00:00+00:00,34,1,10246,6.541,6.547,6.521,6.5295,1005,HG.v.0
2026-08-03 01:00:00+00:00,34,1,10246,6.529,6.5345,6.5175,6.533,786,HG.v.0
2026-08-03 02:00:00+00:00,34,1,10246,6.535,6.54,6.5185,6.54,448,HG.v.0
2026-08-03 03:00:00+00:00,34,1,10246,6.5395,6.5415,6.5225,6.533,418,HG.v.0
2026-08-03 04:00:00+00:00,34,1,10246,6.5345,6.555,6.5345,6.547,386,HG.v.0
2026-08-03 05:00:00+00:00,34,1,10246,6.5465,6.553,6.5315,6.551,999,HG.v.0
2026-08-03 06:00:00+00:00,34,1,10246,6.5515,6.5775,6.546,6.5575,2229,HG.v.0
2026-08-03 07:00:00+00:00,34,1,10246,6.558,6.5725,6.5325,6.566,1662,HG.v.0
2026-08-03 08:00:00+00:00,34,1,10246,6.566,6.566,6.529,6.5445,1207,HG.v.0
2026-08-03 09:00:00+00:00,34,1,10246,6.545,6.545,6.5225,6.527,861,HG.v.0
2026-08-03 10:00:00+00:00,34,1,10246,6.5245,6.529,6.509,6.5145,1205,HG.v.0
2026-08-03 11:00:00+00:00,34,1,10246,6.515,6.5225,6.506,6.5095,1488,HG.v.0
2026-08-03 12:00:00+00:00,34,1,10246,6.51,6.5105,6.465,6.47,3317,HG.v.0
2026-08-03 13:00:00+00:00,34,1,10246,6.4685,6.48,6.4505,6.477,3314,HG.v.0
2026-08-03 14:00:00+00:00,34,1,10246,6.4755,6.504,6.4675,6.4995,2280,HG.v.0
2026-08-03 15:00:00+00:00,34,1,10246,6.4995,6.527,6.4975,6.521,2428,HG.v.0
2026-08-03 16:00:00+00:00,34,1,10246,6.521,6.545,6.5075,6.5365,4504,HG.v.0
2026-08-03 17:00:00+00:00,34,1,10246,6.536,6.5365,6.522,6.525,1427,HG.v.0
2026-08-03 18:00:00+00:00,34,1,10246,6.5245,6.546,6.5245,6.5425,733,HG.v.0
2026-08-03 19:00:00+00:00,34,1,10246,6.544,6.552,6.542,6.5465,1184,HG.v.0
2026-08-03 20:00:00+00:00,34,1,10246,6.5455,6.551,6.5425,6.5435,454,HG.v.0
2026-08-03 22:00:00+00:00,34,1,10246,6.5395,6.549,6.5345,6.5475,157,HG.v.0
2026-08-03 23:00:00+00:00,34,1,10246,6.5465,6.555,6.5455,6.553,137,HG.v.0
2026-08-04 00:00:00+00:00,34,1,10246,6.5535,6.565,6.5415,6.544,840,HG.v.0
2026-08-04 01:00:00+00:00,34,1,10246,6.5435,6.586,6.5395,6.568,1315,HG.v.0
2026-08-04 02:00:00+00:00,34,1,10246,6.5675,6.597,6.558,6.5725,955,HG.v.0
2026-08-04 03:00:00+00:00,34,1,10246,6.5725,6.6085,6.571,6.602,1710,HG.v.0
2026-08-04 04:00:00+00:00,34,1,10246,6.604,6.615,6.6,6.608,1307,HG.v.0
2026-08-04 05:00:00+00:00,34,1,10246,6.6095,6.63,6.597,6.609,1730,HG.v.0
2026-08-04 06:00:00+00:00,34,1,10246,6.6085,6.616,6.5835,6.5885,1877,HG.v.0
2026-08-04 07:00:00+00:00,34,1,10246,6.589,6.626,6.589,6.6235,1867,HG.v.0
2026-08-04 08:00:00+00:00,34,1,10246,6.623,6.651,6.623,6.628,2081,HG.v.0
2026-08-04 09:00:00+00:00,34,1,10246,6.628,6.628,6.612,6.621,920,HG.v.0
2026-08-04 10:00:00+00:00,34,1,10246,6.6215,6.647,6.617,6.64,937,HG.v.0
2026-08-04 11:00:00+00:00,34,1,10246,6.641,6.679,6.634,6.6605,3012,HG.v.0
2026-08-04 12:00:00+00:00,34,1,10246,6.66,6.6885,6.6345,6.6385,6003,HG.v.0
2026-08-04 13:00:00+00:00,34,1,10246,6.639,6.661,6.6275,6.648,4023,HG.v.0
2026-08-04 14:00:00+00:00,34,1,10246,6.6495,6.6665,6.645,6.6605,3200,HG.v.0
2026-08-04 15:00:00+00:00,34,1,10246,6.661,6.666,6.6325,6.658,2184,HG.v.0
2026-08-04 16:00:00+00:00,34,1,10246,6.6585,6.661,6.6335,6.6435,3223,HG.v.0
2026-08-04 17:00:00+00:00,34,1,10246,6.6435,6.6555,6.6435,6.644,1002,HG.v.0
2026-08-04 18:00:00+00:00,34,1,10246,6.644,6.646,6.628,6.6295,554,HG.v.0
2026-08-04 19:00:00+00:00,34,1,10246,6.632,6.6385,6.6245,6.6275,629,HG.v.0
2026-08-04 20:00:00+00:00,34,1,10246,6.627,6.633,6.623,6.631,333,HG.v.0
2026-08-04 22:00:00+00:00,34,1,10246,6.6285,6.6395,6.6285,6.632,207,HG.v.0
2026-08-04 23:00:00+00:00,34,1,10246,6.6305,6.6315,6.621,6.625,155,HG.v.0
