ts_event,rtype,publisher_id,instrument_id,open,high,low,close,volume,symbol
2024-08-05 00:00:00+00:00,34,1,487769,402.25,403.25,401.25,401.25,2738,ZC.v.0
2024-08-05 01:00:00+00:00,34,1,487769,401.25,404.5,400.75,403.75,2669,ZC.v.0
2024-08-05 02:00:00+00:00,34,1,487769,403.75,403.75,402.75,403.5,736,ZC.v.0
2024-08-05 03:00:00+00:00,34,1,487769,403.75,404.0,403.25,403.25,351,ZC.v.0
2024-08-05 04:00:00+00:00,34,1,487769,403.25,403.25,402.5,402.5,655,ZC.v.0
2024-08-05 05:00:00+00:00,34,1,487769,402.5,402.5,401.75,402.25,715,ZC.v.0
2024-08-05 06:00:00+00:00,34,1,487769,402.25,403.5,401.25,403.0,1399,ZC.v.0
2024-08-05 07:00:00+00:00,34,1,487769,402.75,403.5,402.5,403.25,919,ZC.v.0
2024-08-05 08:00:00+00:00,34,1,487769,403.0,403.75,402.0,402.25,1501,ZC.v.0
2024-08-05 09:00:00+00:00,34,1,487769,402.5,402.75,401.5,401.75,899,ZC.v.0
2024-08-05 10:00:00+00:00,34,1,487769,402.0,402.0,400.25,400.25,2411,ZC.v.0
2024-08-05 11:00:00+00:00,34,1,487769,400.25,400.5,396.0,396.5,7783,ZC.v.0
2024-08-05 12:00:00+00:00,34,1,487769,396.75,398.25,396.0,398.0,3694,ZC.v.0
2024-08-05 13:00:00+00:00,34,1,487769,397.75,403.5,396.75,402.5,20607,ZC.v.0
2024-08-05 14:00:00+00:00,34,1,487769,402.5,406.5,402.5,404.75,23760,ZC.v.0
2024-08-05 15:00:00+00:00,34,1,487769,405.0,406.25,403.25,403.5,9615,ZC.v.0
2024-08-05 16:00:00+00:00,34,1,487769,403.5,405.25,403.25,405.0,4270,ZC.v.0
2024-08-05 17:00:00+00:00,34,1,487769,405.0,407.75,404.5,407.25,8046,ZC.v.0
2024-08-05 18:00:00+00:00,34,1,487769,407.25,407.75,406.25,407.25,9191,ZC.v.0
2024-08-06 00:00:00+00:00,34,1,487769,407.0,407.25,404.75,405.0,2737,ZC.v.0
2024-08-06 01:00:00+00:00,34,1,487769,405.25,405.25,403.5,404.25,1432,ZC.v.0
2024-08-06 02:00:00+00:00,34,1,487769,404.5,404.75,403.0,403.0,1435,ZC.v.0
2024-08-06 03:00:00+00:00,34,1,487769,403.25,403.75,403.0,403.5,354,ZC.v.0
2024-08-06 04:00:00+00:00,34,1,487769,403.5,403.5,403.0,403.25,204,ZC.v.0
2024-08-06 05:00:00+00:00,34,1,487769,403.25,403.25,403.0,403.25,209,ZC.v.0
2024-08-06 06:00:00+00:00,34,1,487769,403.0,403.0,402.25,402.5,1011,ZC.v.0
2024-08-06 07:00:00+00:00,34,1,487769,402.5,403.0,402.0,402.5,1102,ZC.v.0
2024-08-06 08:00:00+00:00,34,1,487769,402.5,404.25,402.25,403.5,1087,ZC.v.0
2024-08-06 09:00:00+00:00,34,1,487769,403.5,404.0,403.0,403.25,863,ZC.v.0
2024-08-06 10:00:00+00:00,34,1,487769,403.5,404.75,403.25,404.5,1266,ZC.v.0
2024-08-06 11:00:00+00:00,34,1,487769,404.5,404.75,402.5,402.75,2996,ZC.v.0
2024-08-06 12:00:00+00:00,34,1,487769,403.0,403.75,402.5,403.5,3542,ZC.v.0
2024-08-06 13:00:00+00:00,34,1,487769,403.25,407.0,402.75,406.0,14504,ZC.v.0
2024-08-06 14:00:00+00:00,34,1,487769,406.0,409.0,405.75,408.5,24067,ZC.v.0
2024-08-06 15:00:00+00:00,34,1,487769,408.5,409.0,406.75,407.75,9464,ZC.v.0
2024-08-06 16:00:00+00:00,34,1,487769,407.75,407.75,405.75,406.75,7592,ZC.v.0
2024-08-06 17:00:00+00:00,34,1,487769,406.75,407.0,405.25,405.5,8288,ZC.v.0
2024-08-06 18:00:00+00:00,34,1,487769,405.25,406.25,404.0,404.0,9484,ZC.v.0
2024-08-07 00:00:00+00:00,34,1,487769,404.25,404.75,403.5,404.0,1223,ZC.v.0
2024-08-07 01:00:00+00:00,34,1,487769,403.75,403.75,402.75,403.25,934,ZC.v.0
2024-08-07 02:00:00+00:00,34,1,487769,403.25,403.25,402.5,402.75,566,ZC.v.0
2024-08-07 03:00:00+00:00,34,1,487769,402.75,402.75,401.75,401.75,1672,ZC.v.0
2024-08-07 04:00:00+00:00,34,1,487769,402.0,402.0,401.5,402.0,689,ZC.v.0
2024-08-07 05:00:00+00:00,34,1,487769,402.0,402.25,401.75,402.0,988,ZC.v.0
2024-08-07 06:00:00+00:00,34,1,487769,402.0,402.25,401.75,402.0,367,ZC.v.0
2024-08-07 07:00:00+00:00,34,1,487769,401.75,403.25,401.5,403.0,933,ZC.v.0
2024-08-07 08:00:00+00:00,34,1,487769,402.75,402.75,402.0,402.5,821,ZC.v.0
2024-08-07 09:00:00+00:00,34,1,487769,402.5,403.0,402.0,402.5,1333,ZC.v.0
2024-08-07 10:00:00+00:00,34,1,487769,402.5,402.75,401.5,401.75,1280,ZC.v.0
2024-08-07 11:00:00+00:00,34,1,487769,401.5,402.25,401.25,401.5,1344,ZC.v.0
2024-08-07 12:00:00+00:00,34,1,487769,401.5,402.25,401.25,402.25,1625,ZC.v.0
2024-08-07 13:00:00+00:00,34,1,487769,402.0,404.0,402.0,403.0,12119,ZC.v.0
2024-08-07 14:00:00+00:00,34,1,487769,402.75,403.75,401.0,401.5,13924,ZC.v.0
2024-08-07 15:00:00+00:00,34,1,487769,401.75,402.5,400.5,401.75,8942,ZC.v.0
2024-08-07 16:00:00+00:00,34,1,487769,401.5,402.0,400.25,400.25,6341,ZC.v.0
2024-08-07 17:00:00+00:00,34,1,487769,400.5,400.5,399.0,400.5,7936,ZC.v.0
2024-08-07 18:00:00+00:00,34,1,487769,400.75,401.75,400.25,401.5,10256,ZC.v.0
2024-08-08 00:00:00+00:00,34,1,487769,401.0,401.5,400.0,401.0,1834,ZC.v.0
2024-08-08 01:00:00+00:00,34,1,487769,401.0,401.75,400.75,401.25,607,ZC.v.0
2024-08-08 02:00:00+00:00,34,1,487769,401.5,402.5,401.25,401.5,651,ZC.v.0
2024-08-08 03:00:00+00:00,34,1,487769,401.5,402.0,401.25,401.25,121,ZC.v.0
2024-08-08 04:00:00+00:00,34,1,487769,401.5,401.75,401.5,401.5,89,ZC.v.0
2024-08-08 05:00:00+00:00,34,1,487769,401.5,401.75,401.0,401.25,181,ZC.v.0
2024-08-08 06:00:00+00:00,34,1,487769,401.0,401.25,400.25,400.25,806,ZC.v.0
2024-08-08 07:00:00+00:00,34,1,487769,400.25,400.5,399.25,400.0,1381,ZC.v.0
2024-08-08 08:00:00+00:00,34,1,487769,400.0,400.25,399.25,400.0,1450,ZC.v.0
2024-08-08 09:00:00+00:00,34,1,487769,400.0,400.5,399.75,400.25,1021,ZC.v.0
2024-08-08 10:00:00+00:00,34,1,487769,400.5,400.5,399.75,400.25,1383,ZC.v.0
2024-08-08 11:00:00+00:00,34,1,487769,400.25,400.75,400.0,400.25,1032,ZC.v.0
2024-08-08 12:00:00+00:00,34,1,487769,400.25,402.5,400.25,401.25,3176,ZC.v.0
2024-08-08 13:00:00+00:00,34,1,487769,401.5,403.75,401.0,403.5,12914,ZC.v.0
2024-08-08 14:00:00+00:00,34,1,487769,403.5,403.5,399.0,399.25,17490,ZC.v.0
2024-08-08 15:00:00+00:00,34,1,487769,399.0,399.5,398.0,398.0,8397,ZC.v.0
2024-08-08 16:00:00+00:00,34,1,487769,398.0,399.75,397.75,398.75,9016,ZC.v.0
2024-08-08 17:00:00+00:00,34,1,487769,398.5,399.25,398.0,398.75,6089,ZC.v.0
2024-08-08 18:00:00+00:00,34,1,487769,398.5,398.75,396.25,396.5,10093,ZC.v.0
2024-08-09 00:00:00+00:00,34,1,487769,396.75,397.75,396.0,397.25,1892,ZC.v.0
2024-08-09 01:00:00+00:00,34,1,487769,397.0,397.25,395.0,395.75,2599,ZC.v.0
2024-08-09 02:00:00+00:00,34,1,487769,395.75,396.25,395.5,396.0,690,ZC.v.0
2024-08-09 03:00:00+00:00,34,1,487769,396.0,396.25,395.75,396.0,423,ZC.v.0
2024-08-09 04:00:00+00:00,34,1,487769,395.75,397.0,395.75,396.75,818,ZC.v.0
2024-08-09 05:00:00+00:00,34,1,487769,396.75,396.75,396.25,396.75,149,ZC.v.0
2024-08-09 06:00:00+00:00,34,1,487769,396.75,396.75,396.0,396.25,667,ZC.v.0
2024-08-09 07:00:00+00:00,34,1,487769,396.25,396.5,395.75,396.25,1565,ZC.v.0
2024-08-09 08:00:00+00:00,34,1,487769,396.5,397.5,396.0,396.75,2344,ZC.v.0
2024-08-09 09:00:00+00:00,34,1,487769,396.75,398.0,396.75,397.75,1170,ZC.v.0
2024-08-09 10:00:00+00:00,34,1,487769,397.75,398.25,397.25,397.5,1025,ZC.v.0
2024-08-09 11:00:00+00:00,34,1,487769,397.75,397.75,397.0,397.5,1439,ZC.v.0
2024-08-09 12:00:00+00:00,34,1,487769,397.5,399.0,397.25,398.5,3089,ZC.v.0
2024-08-09 13:00:00+00:00,34,1,487769,398.5,398.75,394.25,396.0,16718,ZC.v.0
2024-08-09 14:00:00+00:00,34,1,487769,396.0,396.5,394.0,395.0,12384,ZC.v.0
2024-08-09 15:00:00+00:00,34,1,487769,395.25,398.0,395.0,397.0,12154,ZC.v.0
2024-08-09 16:00:00+00:00,34,1,487769,397.0,397.25,394.5,395.75,9241,ZC.v.0
2024-08-09 17:00:00+00:00,34,1,487769,395.5,395.75,393.5,395.0,10279,ZC.v.0
2024-08-09 18:00:00+00:00,34,1,487769,395.0,395.75,394.75,395.25,9845,ZC.v.0
2024-08-12 00:00:00+00:00,34,1,487769,394.75,395.0,393.25,394.25,2487,ZC.v.0
2024-08-12 01:00:00+00:00,34,1,487769,394.0,394.25,393.75,394.0,731,ZC.v.0
2024-08-12 02:00:00+00:00,34,1,487769,393.75,394.25,393.5,394.25,683,ZC.v.0
2024-08-12 03:00:00+00:00,34,1,487769,394.25,394.25,393.75,394.0,205,ZC.v.0
2024-08-12 04:00:00+00:00,34,1,487769,393.75,394.0,393.75,393.75,150,ZC.v.0
2024-08-12 05:00:00+00:00,34,1,487769,394.0,394.0,393.5,393.5,194,ZC.v.0
2024-08-12 06:00:00+00:00,34,1,487769,393.75,393.75,393.5,393.75,637,ZC.v.0
2024-08-12 07:00:00+00:00,34,1,487769,393.5,394.0,393.25,393.75,932,ZC.v.0
2024-08-12 08:00:00+00:00,34,1,487769,393.75,394.0,393.5,393.75,775,ZC.v.0
2024-08-12 09:00:00+00:00,34,1,487769,393.75,394.25,393.5,394.0,1500,ZC.v.0
2024-08-12 10:00:00+00:00,34,1,487769,393.75,394.0,393.5,393.5,566,ZC.v.0
2024-08-12 11:00:00+00:00,34,1,487769,393.5,393.75,392.75,393.5,2717,ZC.v.0
2024-08-12 12:00:00+00:00,34,1,487769,393.5,393.75,392.75,393.75,1641,ZC.v.0
2024-08-12 13:00:00+00:00,34,1,487769,393.5,394.75,392.0,393.0,17248,ZC.v.0
2024-08-12 14:00:00+00:00,34,1,487769,392.75,393.5,392.0,392.5,14825,ZC.v.0
2024-08-12 15:00:00+00:00,34,1,487769,392.5,394.25,391.75,393.75,19178,ZC.v.0
2024-08-12 16:00:00+00:00,34,1,487769,393.5,401.5,390.25,399.75,60385,ZC.v.0
2024-08-12 17:00:00+00:00,34,1,487769,399.5,403.0,399.5,400.75,25467,ZC.v.0
2024-08-12 18:00:00+00:00,34,1,487769,400.75,402.0,400.25,401.75,13203,ZC.v.0
2024-08-13 00:00:00+00:00,34,1,487769,401.0,403.0,401.0,401.75,4605,ZC.v.0
2024-08-13 01:00:00+00:00,34,1,487769,401.75,402.25,401.5,401.5,666,ZC.v.0
2024-08-13 02:00:00+00:00,34,1,487769,401.5,401.5,400.75,401.5,944,ZC.v.0
2024-08-13 03:00:00+00:00,34,1,487769,401.25,401.25,400.75,400.75,369,ZC.v.0
2024-08-13 04:00:00+00:00,34,1,487769,400.75,401.0,400.5,400.5,255,ZC.v.0
2024-08-13 05:00:00+00:00,34,1,487769,400.75,401.0,400.0,400.0,1116,ZC.v.0
2024-08-13 06:00:00+00:00,34,1,487769,400.25,400.5,399.25,400.0,1647,ZC.v.0
2024-08-13 07:00:00+00:00,34,1,487769,400.0,400.25,399.0,399.75,1028,ZC.v.0
2024-08-13 08:00:00+00:00,34,1,487769,399.75,400.0,399.0,399.0,1267,ZC.v.0
2024-08-13 09:00:00+00:00,34,1,487769,399.25,400.25,398.75,399.5,2392,ZC.v.0
2024-08-13 10:00:00+00:00,34,1,487769,399.5,399.75,398.5,398.5,1153,ZC.v.0
2024-08-13 11:00:00+00:00,34,1,487769,398.75,399.25,398.25,398.25,2027,ZC.v.0
2024-08-13 12:00:00+00:00,34,1,487769,398.25,400.5,398.25,400.0,2965,ZC.v.0
2024-08-13 13:00:00+00:00,34,1,487769,399.75,400.25,396.0,398.25,23107,ZC.v.0
2024-08-13 14:00:00+00:00,34,1,487769,398.25,398.5,395.25,395.75,15012,ZC.v.0
2024-08-13 15:00:00+00:00,34,1,487769,395.75,397.25,395.25,396.5,12028,ZC.v.0
2024-08-13 16:00:00+00:00,34,1,487769,396.5,398.5,396.25,398.0,9736,ZC.v.0
2024-08-13 17:00:00+00:00,34,1,487769,397.75,398.25,396.75,397.25,6327,ZC.v.0
2024-08-13 18:00:00+00:00,34,1,487769,397.25,397.75,397.0,397.0,10865,ZC.v.0
2024-08-14 00:00:00+00:00,34,1,487769,397.0,397.0,396.25,396.25,988,ZC.v.0
2024-08-14 01:00:00+00:00,34,1,487769,396.0,397.0,395.75,396.5,1488,ZC.v.0
2024-08-14 02:00:00+00:00,34,1,487769,396.5,396.5,395.5,395.75,294,ZC.v.0
2024-08-14 03:00:00+00:00,34,1,487769,396.0,397.0,395.75,396.75,421,ZC.v.0
2024-08-14 04:00:00+00:00,34,1,487769,397.0,397.5,396.75,397.0,568,ZC.v.0
2024-08-14 05:00:00+00:00,34,1,487769,396.75,397.25,396.25,397.0,285,ZC.v.0
2024-08-14 06:00:00+00:00,34,1,487769,397.0,397.25,396.5,397.0,779,ZC.v.0
2024-08-14 07:00:00+00:00,34,1,487769,397.0,397.0,396.75,397.0,716,ZC.v.0
2024-08-14 08:00:00+00:00,34,1,487769,396.75,397.25,396.5,397.0,1813,ZC.v.0
2024-08-14 09:00:00+00:00,34,1,487769,397.0,397.0,396.25,396.75,1418,ZC.v.0
2024-08-14 10:00:00+00:00,34,1,487769,396.5,397.0,396.25,396.75,1504,ZC.v.0
2024-08-14 11:00:00+00:00,34,1,487769,396.75,397.0,396.5,396.75,1836,ZC.v.0
2024-08-14 12:00:00+00:00,34,1,487769,396.5,397.25,396.25,396.5,3084,ZC.v.0
2024-08-14 13:00:00+00:00,34,1,487769,396.75,398.25,395.5,396.25,18614,ZC.v.0
2024-08-14 14:00:00+00:00,34,1,487769,396.5,399.5,396.5,399.25,14059,ZC.v.0
2024-08-14 15:00:00+00:00,34,1,487769,399.25,401.5,399.0,400.5,17044,ZC.v.0
2024-08-14 16:00:00+00:00,34,1,487769,400.5,401.0,399.75,400.75,8497,ZC.v.0
2024-08-14 17:00:00+00:00,34,1,487769,400.5,401.75,400.0,401.5,13298,ZC.v.0
2024-08-14 18:00:00+00:00,34,1,487769,401.25,401.5,400.5,401.0,10825,ZC.v.0
2024-08-15 00:00:00+00:00,34,1,487769,400.75,402.5,400.25,402.0,3724,ZC.v.0
2024-08-15 01:00:00+00:00,34,1,487769,402.25,403.0,402.0,403.0,1383,ZC.v.0
2024-08-15 02:00:00+00:00,34,1,487769,402.75,403.75,402.5,403.75,1435,ZC.v.0
2024-08-15 03:00:00+00:00,34,1,487769,403.75,403.75,403.0,403.25,530,ZC.v.0
2024-08-15 04:00:00+00:00,34,1,487769,403.0,403.25,402.5,402.75,456,ZC.v.0
2024-08-15 05:00:00+00:00,34,1,487769,402.75,403.0,402.5,402.75,588,ZC.v.0
2024-08-15 06:00:00+00:00,34,1,487769,402.5,403.0,402.25,403.0,459,ZC.v.0
2024-08-15 07:00:00+00:00,34,1,487769,403.0,403.0,402.25,403.0,1345,ZC.v.0
2024-08-15 08:00:00+00:00,34,1,487769,403.0,403.25,402.0,402.25,1623,ZC.v.0
2024-08-15 09:00:00+00:00,34,1,487769,402.5,403.25,402.25,402.5,1455,ZC.v.0
2024-08-15 10:00:00+00:00,34,1,487769,402.75,402.75,401.75,402.5,1102,ZC.v.0
2024-08-15 11:00:00+00:00,34,1,487769,402.25,402.25,401.0,401.0,2554,ZC.v.0
2024-08-15 12:00:00+00:00,34,1,487769,400.75,401.25,400.0,400.25,2891,ZC.v.0
2024-08-15 13:00:00+00:00,34,1,487769,400.25,401.0,398.5,399.75,20388,ZC.v.0
2024-08-15 14:00:00+00:00,34,1,487769,399.75,401.0,399.0,400.5,10919,ZC.v.0
2024-08-15 15:00:00+00:00,34,1,487769,400.75,401.0,398.75,399.25,8615,ZC.v.0
2024-08-15 16:00:00+00:00,34,1,487769,399.5,400.0,398.5,398.75,9103,ZC.v.0
2024-08-15 17:00:00+00:00,34,1,487769,399.0,399.0,397.0,397.25,11042,ZC.v.0
2024-08-15 18:00:00+00:00,34,1,487769,397.25,397.5,396.25,396.75,11112,ZC.v.0
2024-08-16 00:00:00+00:00,34,1,487769,396.0,397.5,395.5,395.75,3051,ZC.v.0
2024-08-16 01:00:00+00:00,34,1,487769,395.75,396.0,395.0,395.25,1832,ZC.v.0
2024-08-16 02:00:00+00:00,34,1,487769,395.0,396.0,394.5,395.75,1694,ZC.v.0
2024-08-16 03:00:00+00:00,34,1,487769,395.75,396.0,395.25,395.75,430,ZC.v.0
2024-08-16 04:00:00+00:00,34,1,487769,395.5,395.75,395.0,395.0,839,ZC.v.0
2024-08-16 05:00:00+00:00,34,1,487769,395.25,395.25,394.75,395.0,578,ZC.v.0
2024-08-16 06:00:00+00:00,34,1,487769,395.0,395.5,394.75,394.75,1306,ZC.v.0
2024-08-16 07:00:00+00:00,34,1,487769,394.5,394.75,393.75,394.0,1233,ZC.v.0
2024-08-16 08:00:00+00:00,34,1,487769,394.0,394.25,393.75,394.25,932,ZC.v.0
2024-08-16 09:00:00+00:00,34,1,487769,394.0,394.25,393.5,394.0,1447,ZC.v.0
2024-08-16 10:00:00+00:00,34,1,487769,394.0,394.5,393.25,393.75,2513,ZC.v.0
2024-08-16 11:00:00+00:00,34,1,487769,394.0,394.0,393.0,393.5,2206,ZC.v.0
2024-08-16 12:00:00+00:00,34,1,487769,393.5,394.5,392.0,392.25,3915,ZC.v.0
2024-08-16 13:00:00+00:00,34,1,487769,392.5,392.5,390.25,390.5,25835,ZC.v.0
2024-08-16 14:00:00+00:00,34,1,487769,390.75,392.75,390.0,391.0,22418,ZC.v.0
2024-08-16 15:00:00+00:00,34,1,487769,391.0,395.5,391.0,394.5,17722,ZC.v.0
2024-08-16 16:00:00+00:00,34,1,487769,394.75,395.5,394.0,394.25,9179,ZC.v.0
2024-08-16 17:00:00+00:00,34,1,487769,394.5,394.5,392.0,393.5,14389,ZC.v.0
2024-08-16 18:00:00+00:00,34,1,487769,393.5,393.75,392.0,392.25,9962,ZC.v.0
2024-08-19 00:00:00+00:00,34,1,487769,392.0,394.5,391.75,393.0,3542,ZC.v.0
2024-08-19 01:00:00+00:00,34,1,487769,393.0,394.5,393.0,394.25,559,ZC.v.0
2024-08-19 02:00:00+00:00,34,1,487769,394.5,395.0,394.25,394.5,872,ZC.v.0
2024-08-19 03:00:00+00:00,34,1,487769,394.5,394.75,394.25,394.5,256,ZC.v.0
2024-08-19 04:00:00+00:00,34,1,487769,394.75,394.75,394.25,394.5,161,ZC.v.0
2024-08-19 05:00:00+00:00,34,1,487769,394.5,394.75,394.0,394.5,649,ZC.v.0
2024-08-19 06:00:00+00:00,34,1,487769,394.75,395.5,394.25,394.5,757,ZC.v.0
2024-08-19 07:00:00+00:00,34,1,487769,394.5,394.5,393.75,394.0,669,ZC.v.0
2024-08-19 08:00:00+00:00,34,1,487769,394.0,395.0,393.75,394.75,614,ZC.v.0
2024-08-19 09:00:00+00:00,34,1,487769,394.75,395.0,394.0,394.25,728,ZC.v.0
2024-08-19 10:00:00+00:00,34,1,487769,394.25,394.5,393.75,394.0,421,ZC.v.0
2024-08-19 11:00:00+00:00,34,1,487769,393.75,394.75,393.5,394.5,971,ZC.v.0
2024-08-19 12:00:00+00:00,34,1,487769,394.5,394.75,393.0,393.25,2008,ZC.v.0
2024-08-19 13:00:00+00:00,34,1,487769,393.5,396.75,391.75,396.0,15163,ZC.v.0
2024-08-19 14:00:00+00:00,34,1,487769,396.0,397.5,395.0,397.0,16711,ZC.v.0
2024-08-19 15:00:00+00:00,34,1,487769,397.0,398.0,396.5,397.0,13289,ZC.v.0
2024-08-19 16:00:00+00:00,34,1,487769,397.0,400.25,396.5,399.5,16207,ZC.v.0
2024-08-19 17:00:00+00:00,34,1,487769,399.5,400.5,398.5,400.0,11853,ZC.v.0
2024-08-19 18:00:00+00:00,34,1,487769,400.0,400.75,399.25,400.5,14446,ZC.v.0
2024-08-20 00:00:00+00:00,34,1,487769,400.0,401.0,399.5,399.75,3763,ZC.v.0
2024-08-20 01:00:00+00:00,34,1,487769,399.75,400.0,399.0,399.25,1207,ZC.v.0
2024-08-20 02:00:00+00:00,34,1,487769,399.25,400.0,399.0,399.75,841,ZC.v.0
2024-08-20 03:00:00+00:00,34,1,487769,400.0,400.0,399.25,399.75,431,ZC.v.0
2024-08-20 04:00:00+00:00,34,1,487769,399.5,400.25,399.5,400.25,351,ZC.v.0
2024-08-20 05:00:00+00:00,34,1,487769,400.0,400.25,399.0,399.5,466,ZC.v.0
2024-08-20 06:00:00+00:00,34,1,487769,399.5,399.5,398.75,399.0,423,ZC.v.0
2024-08-20 07:00:00+00:00,34,1,487769,399.0,399.0,398.5,399.0,546,ZC.v.0
2024-08-20 08:00:00+00:00,34,1,487769,399.0,399.75,398.5,399.5,1541,ZC.v.0
2024-08-20 09:00:00+00:00,34,1,487769,399.25,400.5,399.25,400.0,1714,ZC.v.0
2024-08-20 10:00:00+00:00,34,1,487769,400.25,400.25,399.5,399.5,818,ZC.v.0
2024-08-20 11:00:00+00:00,34,1,487769,399.5,400.25,399.0,400.25,972,ZC.v.0
2024-08-20 12:00:00+00:00,34,1,487769,400.25,400.5,399.25,400.0,1618,ZC.v.0
2024-08-20 13:00:00+00:00,34,1,487769,400.0,400.5,398.0,399.25,22368,ZC.v.0
2024-08-20 14:00:00+00:00,34,1,487769,399.25,399.75,398.25,398.75,14746,ZC.v.0
2024-08-20 15:00:00+00:00,34,1,487769,398.75,400.25,398.0,399.0,9346,ZC.v.0
2024-08-20 16:00:00+00:00,34,1,487769,399.0,400.25,398.0,398.25,8666,ZC.v.0
2024-08-20 17:00:00+00:00,34,1,487769,398.25,398.75,397.75,398.25,7239,ZC.v.0
2024-08-20 18:00:00+00:00,34,1,487769,398.25,398.5,397.75,398.5,7003,ZC.v.0
2024-08-21 00:00:00+00:00,34,1,487769,397.75,399.5,397.5,399.5,2654,ZC.v.0
2024-08-21 01:00:00+00:00,34,1,487769,399.25,399.5,398.5,399.25,933,ZC.v.0
2024-08-21 02:00:00+00:00,34,1,487769,399.25,400.0,399.0,399.0,691,ZC.v.0
2024-08-21 03:00:00+00:00,34,1,487769,399.0,399.5,398.75,399.5,195,ZC.v.0
2024-08-21 04:00:00+00:00,34,1,487769,399.5,399.75,399.25,399.75,135,ZC.v.0
2024-08-21 05:00:00+00:00,34,1,487769,399.75,400.0,399.5,399.75,1421,ZC.v.0
2024-08-21 06:00:00+00:00,34,1,487769,399.5,400.5,399.25,400.0,866,ZC.v.0
2024-08-21 07:00:00+00:00,34,1,487769,400.25,400.25,399.5,399.5,2383,ZC.v.0
2024-08-21 08:00:00+00:00,34,1,487769,399.75,400.0,399.5,399.5,591,ZC.v.0
2024-08-21 09:00:00+00:00,34,1,487769,399.75,400.0,399.25,399.5,1854,ZC.v.0
2024-08-21 10:00:00+00:00,34,1,487769,399.5,400.5,399.5,399.75,4217,ZC.v.0
2024-08-21 11:00:00+00:00,34,1,487769,399.75,400.25,399.5,399.5,3546,ZC.v.0
2024-08-21 12:00:00+00:00,34,1,487769,399.5,399.5,398.25,399.25,3118,ZC.v.0
2024-08-21 13:00:00+00:00,34,1,487769,400.0,400.25,398.0,398.0,15233,ZC.v.0
2024-08-21 14:00:00+00:00,34,1,487769,398.25,399.0,397.25,397.5,11290,ZC.v.0
2024-08-21 15:00:00+00:00,34,1,487769,397.75,399.25,396.5,398.25,11443,ZC.v.0
2024-08-21 16:00:00+00:00,34,1,487769,398.25,398.75,397.5,398.75,5407,ZC.v.0
2024-08-21 17:00:00+00:00,34,1,487769,398.5,398.75,396.75,398.0,10148,ZC.v.0
2024-08-21 18:00:00+00:00,34,1,487769,398.0,398.75,397.75,398.5,7421,ZC.v.0
2024-08-22 00:00:00+00:00,34,1,487769,398.5,398.75,397.75,398.25,2610,ZC.v.0
2024-08-22 01:00:00+00:00,34,1,487769,398.25,398.5,398.25,398.25,806,ZC.v.0
2024-08-22 02:00:00+00:00,34,1,487769,398.25,398.5,397.75,398.25,841,ZC.v.0
2024-08-22 03:00:00+00:00,34,1,487769,398.25,399.0,398.25,398.75,239,ZC.v.0
2024-08-22 04:00:00+00:00,34,1,487769,398.75,399.0,398.75,399.0,203,ZC.v.0
2024-08-22 05:00:00+00:00,34,1,487769,399.0,399.0,398.75,398.75,316,ZC.v.0
2024-08-22 06:00:00+00:00,34,1,487769,398.5,398.75,398.25,398.75,398,ZC.v.0
2024-08-22 07:00:00+00:00,34,1,487769,398.75,399.0,398.0,398.25,1060,ZC.v.0
2024-08-22 08:00:00+00:00,34,1,487769,398.25,398.75,397.75,398.25,1523,ZC.v.0
2024-08-22 09:00:00+00:00,34,1,487769,398.25,398.5,397.75,398.25,1326,ZC.v.0
2024-08-22 10:00:00+00:00,34,1,487769,398.5,398.5,398.0,398.25,559,ZC.v.0
2024-08-22 11:00:00+00:00,34,1,487769,398.25,398.25,397.0,397.0,2386,ZC.v.0
2024-08-22 12:00:00+00:00,34,1,487769,396.75,397.25,396.0,397.0,3278,ZC.v.0
2024-08-22 13:00:00+00:00,34,1,487769,397.0,397.25,395.5,396.5,15478,ZC.v.0
2024-08-22 14:00:00+00:00,34,1,487769,396.25,396.75,393.75,395.0,22066,ZC.v.0
2024-08-22 15:00:00+00:00,34,1,487769,394.75,396.0,394.5,394.75,13249,ZC.v.0
2024-08-22 16:00:00+00:00,34,1,487769,394.75,396.25,394.25,394.25,9030,ZC.v.0
2024-08-22 17:00:00+00:00,34,1,487769,394.5,394.5,393.25,393.5,11248,ZC.v.0
2024-08-22 18:00:00+00:00,34,1,487769,393.5,393.75,393.0,393.25,7811,ZC.v.0
2024-08-23 00:00:00+00:00,34,1,487769,393.25,394.25,393.0,393.75,2715,ZC.v.0
2024-08-23 01:00:00+00:00,34,1,487769,394.0,394.5,393.75,394.0,658,ZC.v.0
2024-08-23 02:00:00+00:00,34,1,487769,394.25,394.5,394.0,394.25,239,ZC.v.0
2024-08-23 03:00:00+00:00,34,1,487769,394.5,394.5,393.75,394.0,195,ZC.v.0
2024-08-23 04:00:00+00:00,34,1,487769,394.25,394.5,394.0,394.25,146,ZC.v.0
2024-08-23 05:00:00+00:00,34,1,487769,394.5,394.5,394.0,394.25,281,ZC.v.0
2024-08-23 06:00:00+00:00,34,1,487769,394.5,394.5,393.25,393.25,609,ZC.v.0
2024-08-23 07:00:00+00:00,34,1,487769,393.25,393.75,393.25,393.5,561,ZC.v.0
2024-08-23 08:00:00+00:00,34,1,487769,393.5,393.5,393.0,393.25,1087,ZC.v.0
2024-08-23 09:00:00+00:00,34,1,487769,393.25,393.75,393.0,393.25,1486,ZC.v.0
2024-08-23 10:00:00+00:00,34,1,487769,393.25,393.75,393.25,393.5,657,ZC.v.0
2024-08-23 11:00:00+00:00,34,1,487769,393.5,395.0,393.5,394.75,1453,ZC.v.0
2024-08-23 12:00:00+00:00,34,1,487769,394.75,395.5,393.5,393.5,2333,ZC.v.0
2024-08-23 13:00:00+00:00,34,1,487769,393.5,394.75,392.5,393.5,12180,ZC.v.0
2024-08-23 14:00:00+00:00,34,1,487769,393.5,396.25,393.25,395.0,19496,ZC.v.0
2024-08-23 15:00:00+00:00,34,1,487769,394.75,395.5,392.5,392.75,14951,ZC.v.0
2024-08-23 16:00:00+00:00,34,1,487769,392.75,393.0,391.5,392.0,12916,ZC.v.0
2024-08-23 17:00:00+00:00,34,1,487769,392.25,392.5,391.0,391.25,13651,ZC.v.0
2024-08-23 18:00:00+00:00,34,1,487769,391.25,391.75,390.75,391.25,15545,ZC.v.0
2024-08-26 00:00:00+00:00,34,1,487769,390.75,391.0,390.0,390.25,10808,ZC.v.0
2024-08-26 01:00:00+00:00,34,1,487769,390.25,391.0,390.25,390.25,1099,ZC.v.0
2024-08-26 02:00:00+00:00,34,1,487769,390.25,390.25,388.75,389.0,3475,ZC.v.0
2024-08-26 03:00:00+00:00,34,1,487769,388.75,390.0,388.75,389.25,1068,ZC.v.0
2024-08-26 04:00:00+00:00,34,1,487769,389.5,389.5,388.5,388.5,1310,ZC.v.0
2024-08-26 05:00:00+00:00,34,1,487769,388.5,388.75,388.0,388.25,3175,ZC.v.0
2024-08-26 06:00:00+00:00,34,1,487769,388.25,389.0,388.0,389.0,3049,ZC.v.0
2024-08-26 07:00:00+00:00,34,1,487769,389.0,389.0,387.0,387.25,3354,ZC.v.0
2024-08-26 08:00:00+00:00,34,1,487769,387.25,387.5,387.0,387.0,1805,ZC.v.0
2024-08-26 09:00:00+00:00,34,1,487769,387.0,387.25,386.25,386.25,3774,ZC.v.0
2024-08-26 10:00:00+00:00,34,1,487769,386.25,386.75,386.25,386.75,962,ZC.v.0
2024-08-26 11:00:00+00:00,34,1,487769,386.5,387.0,386.0,386.25,2873,ZC.v.0
2024-08-26 12:00:00+00:00,34,1,487769,386.25,386.5,385.5,386.25,4898,ZC.v.0
2024-08-26 13:00:00+00:00,34,1,487769,386.5,389.0,385.5,387.5,25053,ZC.v.0
2024-08-26 14:00:00+00:00,34,1,487769,387.75,389.0,386.5,387.5,18301,ZC.v.0
2024-08-26 15:00:00+00:00,34,1,487769,387.25,388.25,386.75,387.0,12757,ZC.v.0
2024-08-26 16:00:00+00:00,34,1,487769,387.0,387.5,386.0,386.5,13857,ZC.v.0
2024-08-26 17:00:00+00:00,34,1,487769,386.5,387.0,385.0,386.5,24201,ZC.v.0
2024-08-26 18:00:00+00:00,34,1,487769,386.5,387.0,386.0,386.0,11308,ZC.v.0
2024-08-27 00:00:00+00:00,34,1,487769,385.75,388.25,385.75,387.5,5548,ZC.v.0
2024-08-27 01:00:00+00:00,34,1,487769,387.5,387.5,386.5,386.5,1582,ZC.v.0
2024-08-27 02:00:00+00:00,34,1,487769,386.75,387.0,386.5,386.75,596,ZC.v.0
2024-08-27 03:00:00+00:00,34,1,487769,387.0,387.0,386.75,386.75,411,ZC.v.0
2024-08-27 04:00:00+00:00,34,1,487769,386.75,387.0,386.75,386.75,140,ZC.v.0
2024-08-27 05:00:00+00:00,34,1,487769,387.0,387.25,386.75,387.0,314,ZC.v.0
2024-08-27 06:00:00+00:00,34,1,487769,387.25,387.5,387.0,387.0,838,ZC.v.0
2024-08-27 07:00:00+00:00,34,1,487769,387.0,387.0,386.0,386.0,1066,ZC.v.0
2024-08-27 08:00:00+00:00,34,1,487769,386.0,386.25,385.75,385.75,1022,ZC.v.0
2024-08-27 09:00:00+00:00,34,1,487769,385.75,386.0,385.0,385.0,1321,ZC.v.0
2024-08-27 10:00:00+00:00,34,1,487769,385.25,385.75,385.0,385.5,779,ZC.v.0
2024-08-27 11:00:00+00:00,34,1,487769,385.25,386.0,385.25,385.25,1466,ZC.v.0
2024-08-27 12:00:00+00:00,34,1,487769,385.5,387.25,385.25,386.75,5977,ZC.v.0
2024-08-27 13:00:00+00:00,34,1,487769,386.25,388.5,385.75,388.5,24556,ZC.v.0
2024-08-27 14:00:00+00:00,34,1,487769,388.25,394.5,388.25,392.0,44052,ZC.v.0
2024-08-27 15:00:00+00:00,34,1,487769,391.75,393.5,391.0,392.25,25811,ZC.v.0
2024-08-27 16:00:00+00:00,34,1,487769,392.25,393.25,391.75,393.25,13055,ZC.v.0
2024-08-27 17:00:00+00:00,34,1,487769,393.25,393.5,392.0,392.75,11768,ZC.v.0
2024-08-27 18:00:00+00:00,34,1,487769,393.0,393.25,392.25,392.5,16620,ZC.v.0
2024-08-28 00:00:00+00:00,34,1,487769,392.25,392.75,391.0,391.5,3463,ZC.v.0
2024-08-28 01:00:00+00:00,34,1,487769,391.5,391.75,391.25,391.25,742,ZC.v.0
2024-08-28 02:00:00+00:00,34,1,487769,391.25,391.75,391.25,391.5,1027,ZC.v.0
2024-08-28 03:00:00+00:00,34,1,487769,391.25,391.5,391.0,391.5,365,ZC.v.0
2024-08-28 04:00:00+00:00,34,1,487769,391.25,391.5,391.25,391.25,177,ZC.v.0
2024-08-28 05:00:00+00:00,34,1,487769,391.5,391.75,391.25,391.75,292,ZC.v.0
2024-08-28 06:00:00+00:00,34,1,487769,391.5,392.25,391.25,391.75,821,ZC.v.0
2024-08-28 07:00:00+00:00,34,1,487769,391.75,392.0,391.0,391.25,995,ZC.v.0
2024-08-28 08:00:00+00:00,34,1,487769,391.25,391.25,391.0,391.0,696,ZC.v.0
2024-08-28 09:00:00+00:00,34,1,487769,391.25,391.5,390.75,391.0,1845,ZC.v.0
2024-08-28 10:00:00+00:00,34,1,487769,390.75,391.0,390.5,391.0,882,ZC.v.0
2024-08-28 11:00:00+00:00,34,1,487769,391.0,391.25,390.5,390.75,3449,ZC.v.0
2024-08-28 12:00:00+00:00,34,1,487769,391.0,391.5,390.0,390.0,5338,ZC.v.0
2024-08-28 13:00:00+00:00,34,1,487769,390.0,393.0,390.0,392.25,20303,ZC.v.0
2024-08-28 14:00:00+00:00,34,1,487769,392.5,394.0,391.5,392.25,21419,ZC.v.0
2024-08-28 15:00:00+00:00,34,1,487769,392.25,393.0,391.5,392.0,15834,ZC.v.0
2024-08-28 16:00:00+00:00,34,1,487769,392.25,392.5,391.25,391.25,9577,ZC.v.0
2024-08-28 17:00:00+00:00,34,1,487769,391.25,391.5,388.75,391.5,21889,ZC.v.0
2024-08-28 18:00:00+00:00,34,1,487769,391.25,391.5,390.25,390.5,11390,ZC.v.0
2024-08-29 00:00:00+00:00,34,1,487769,390.0,390.75,389.25,390.25,2374,ZC.v.0
2024-08-29 01:00:00+00:00,34,1,487769,390.5,391.5,390.5,391.5,1024,ZC.v.0
2024-08-29 02:00:00+00:00,34,1,487769,391.25,391.5,391.0,391.5,469,ZC.v.0
2024-08-29 03:00:00+00:00,34,1,487769,391.25,391.75,391.0,391.5,476,ZC.v.0
2024-08-29 04:00:00+00:00,34,1,487769,391.25,391.75,391.25,391.5,226,ZC.v.0
2024-08-29 05:00:00+00:00,34,1,487769,391.75,391.75,391.25,391.5,317,ZC.v.0
2024-08-29 06:00:00+00:00,34,1,487769,391.5,392.0,391.25,391.5,411,ZC.v.0
2024-08-29 07:00:00+00:00,34,1,487769,391.5,391.75,391.25,391.25,668,ZC.v.0
2024-08-29 08:00:00+00:00,34,1,487769,391.25,391.25,390.25,390.5,670,ZC.v.0
2024-08-29 09:00:00+00:00,34,1,487769,390.5,391.75,390.5,391.5,1319,ZC.v.0
2024-08-29 10:00:00+00:00,34,1,487769,391.5,392.0,391.25,391.5,805,ZC.v.0
2024-08-29 11:00:00+00:00,34,1,487769,391.75,392.0,391.25,392.0,2159,ZC.v.0
2024-08-29 12:00:00+00:00,34,1,487769,392.0,392.5,391.0,392.0,3394,ZC.v.0
2024-08-29 13:00:00+00:00,34,1,487769,391.5,394.5,391.25,393.5,23751,ZC.v.0
2024-08-29 14:00:00+00:00,34,1,487769,393.5,394.25,392.25,392.75,20069,ZC.v.0
2024-08-29 15:00:00+00:00,34,1,487769,392.75,394.0,392.25,393.75,14919,ZC.v.0
2024-08-29 16:00:00+00:00,34,1,487769,393.5,396.0,393.0,395.0,24533,ZC.v.0
2024-08-29 17:00:00+00:00,34,1,487769,395.0,396.0,394.5,395.5,16767,ZC.v.0
2024-08-29 18:00:00+00:00,34,1,487769,395.5,396.25,395.25,395.5,12348,ZC.v.0
2024-08-30 00:00:00+00:00,34,1,487769,395.0,396.0,394.5,395.5,4147,ZC.v.0
2024-08-30 01:00:00+00:00,34,1,487769,395.5,396.0,395.25,396.0,355,ZC.v.0
2024-08-30 02:00:00+00:00,34,1,487769,395.75,397.0,395.75,396.75,2014,ZC.v.0
2024-08-30 03:00:00+00:00,34,1,487769,396.75,397.25,396.75,396.75,877,ZC.v.0
2024-08-30 04:00:00+00:00,34,1,487769,396.75,397.0,396.5,396.75,666,ZC.v.0
2024-08-30 05:00:00+00:00,34,1,487769,396.75,397.25,396.75,397.0,351,ZC.v.0
2024-08-30 06:00:00+00:00,34,1,487769,397.25,397.25,396.5,396.75,794,ZC.v.0
2024-08-30 07:00:00+00:00,34,1,487769,396.75,397.25,396.25,397.0,971,ZC.v.0
2024-08-30 08:00:00+00:00,34,1,487769,397.0,397.5,396.75,397.25,1226,ZC.v.0
2024-08-30 09:00:00+00:00,34,1,487769,397.25,397.75,396.75,397.25,1968,ZC.v.0
2024-08-30 10:00:00+00:00,34,1,487769,397.25,398.0,396.75,397.25,3300,ZC.v.0
2024-08-30 11:00:00+00:00,34,1,487769,397.25,398.75,397.25,398.75,2709,ZC.v.0
2024-08-30 12:00:00+00:00,34,1,487769,398.5,400.5,398.5,400.25,8535,ZC.v.0
2024-08-30 13:00:00+00:00,34,1,487769,400.0,400.0,396.75,397.75,22782,ZC.v.0
2024-08-30 14:00:00+00:00,34,1,487769,397.5,399.5,396.75,399.25,23519,ZC.v.0
2024-08-30 15:00:00+00:00,34,1,487769,399.25,400.0,396.75,400.0,15036,ZC.v.0
2024-08-30 16:00:00+00:00,34,1,487769,400.0,400.75,398.75,400.5,15159,ZC.v.0
2024-08-30 17:00:00+00:00,34,1,487769,400.25,401.75,399.75,401.5,18442,ZC.v.0
2024-08-30 18:00:00+00:00,34,1,487769,401.25,401.75,400.5,401.5,17222,ZC.v.0
2024-09-03 00:00:00+00:00,34,1,487769,400.5,401.0,399.25,400.5,6400,ZC.v.0
2024-09-03 01:00:00+00:00,34,1,487769,400.25,400.75,400.0,400.25,849,ZC.v.0
2024-09-03 02:00:00+00:00,34,1,487769,400.5,401.0,400.25,400.5,587,ZC.v.0
2024-09-03 03:00:00+00:00,34,1,487769,400.5,400.75,400.0,400.25,667,ZC.v.0
2024-09-03 04:00:00+00:00,34,1,487769,400.25,400.25,400.0,400.25,162,ZC.v.0
2024-09-03 05:00:00+00:00,34,1,487769,400.25,400.75,399.5,400.0,1859,ZC.v.0
2024-09-03 06:00:00+00:00,34,1,487769,400.0,400.5,400.0,400.25,1040,ZC.v.0
2024-09-03 07:00:00+00:00,34,1,487769,400.0,400.75,400.0,400.25,1137,ZC.v.0
2024-09-03 08:00:00+00:00,34,1,487769,400.25,400.75,399.75,400.5,888,ZC.v.0
2024-09-03 09:00:00+00:00,34,1,487769,400.5,400.75,398.75,399.5,2693,ZC.v.0
2024-09-03 10:00:00+00:00,34,1,487769,399.25,399.5,398.5,399.25,1268,ZC.v.0
2024-09-03 11:00:00+00:00,34,1,487769,399.25,400.5,399.25,400.25,1581,ZC.v.0
2024-09-03 12:00:00+00:00,34,1,487769,400.25,402.0,400.25,401.5,5007,ZC.v.0
2024-09-03 13:00:00+00:00,34,1,487769,401.25,405.5,401.0,404.75,35358,ZC.v.0
2024-09-03 14:00:00+00:00,34,1,487769,404.75,406.0,404.0,406.0,23866,ZC.v.0
2024-09-03 15:00:00+00:00,34,1,487769,405.75,408.5,405.25,408.0,24957,ZC.v.0
2024-09-03 16:00:00+00:00,34,1,487769,408.0,410.0,408.0,409.5,28701,ZC.v.0
2024-09-03 17:00:00+00:00,34,1,487769,409.25,409.5,406.5,406.75,18141,ZC.v.0
2024-09-03 18:00:00+00:00,34,1,487769,406.75,409.75,406.75,409.0,27279,ZC.v.0
2024-09-04 00:00:00+00:00,34,1,487769,408.75,409.0,408.0,408.25,3581,ZC.v.0
2024-09-04 01:00:00+00:00,34,1,487769,408.0,408.75,408.0,408.5,1529,ZC.v.0
2024-09-04 02:00:00+00:00,34,1,487769,408.5,408.75,408.5,408.75,526,ZC.v.0
2024-09-04 03:00:00+00:00,34,1,487769,408.75,408.75,408.25,408.25,479,ZC.v.0
2024-09-04 04:00:00+00:00,34,1,487769,408.25,408.75,408.25,408.75,300,ZC.v.0
2024-09-04 05:00:00+00:00,34,1,487769,408.75,408.75,408.25,408.25,409,ZC.v.0
2024-09-04 06:00:00+00:00,34,1,487769,408.5,408.5,407.75,408.25,2338,ZC.v.0
2024-09-04 07:00:00+00:00,34,1,487769,408.25,408.5,407.75,408.25,2053,ZC.v.0
2024-09-04 08:00:00+00:00,34,1,487769,408.25,408.5,407.5,407.5,1260,ZC.v.0
2024-09-04 09:00:00+00:00,34,1,487769,407.75,408.5,407.75,408.25,898,ZC.v.0
2024-09-04 10:00:00+00:00,34,1,487769,408.5,409.5,408.25,409.25,4806,ZC.v.0
2024-09-04 11:00:00+00:00,34,1,487769,409.5,409.75,409.0,409.25,2958,ZC.v.0
2024-09-04 12:00:00+00:00,34,1,487769,409.25,409.75,408.25,408.75,3044,ZC.v.0
2024-09-04 13:00:00+00:00,34,1,487769,408.5,411.5,408.5,409.75,30515,ZC.v.0
2024-09-04 14:00:00+00:00,34,1,487769,409.75,411.75,409.0,411.5,22067,ZC.v.0
2024-09-04 15:00:00+00:00,34,1,487769,411.25,411.5,409.25,410.75,17674,ZC.v.0
2024-09-04 16:00:00+00:00,34,1,487769,410.75,412.25,410.25,411.5,17497,ZC.v.0
2024-09-04 17:00:00+00:00,34,1,487769,411.75,412.0,410.75,411.5,14422,ZC.v.0
2024-09-04 18:00:00+00:00,34,1,487769,411.5,413.5,411.0,413.0,21852,ZC.v.0
2024-09-05 00:00:00+00:00,34,1,487769,412.75,413.25,412.25,412.5,4397,ZC.v.0
2024-09-05 01:00:00+00:00,34,1,487769,412.5,412.75,412.0,412.25,757,ZC.v.0
2024-09-05 02:00:00+00:00,34,1,487769,412.25,412.5,412.0,412.25,580,ZC.v.0
2024-09-05 03:00:00+00:00,34,1,487769,412.25,412.5,411.75,411.75,732,ZC.v.0
2024-09-05 04:00:00+00:00,34,1,487769,411.75,412.0,411.5,411.75,357,ZC.v.0
2024-09-05 05:00:00+00:00,34,1,487769,411.75,411.75,411.5,411.75,119,ZC.v.0
2024-09-05 06:00:00+00:00,34,1,487769,412.0,412.0,411.75,411.75,398,ZC.v.0
2024-09-05 07:00:00+00:00,34,1,487769,411.75,412.0,411.0,411.5,2276,ZC.v.0
2024-09-05 08:00:00+00:00,34,1,487769,411.75,411.75,411.25,411.25,1343,ZC.v.0
2024-09-05 09:00:00+00:00,34,1,487769,411.5,411.75,411.25,411.25,1293,ZC.v.0
2024-09-05 10:00:00+00:00,34,1,487769,411.5,411.75,410.5,410.75,1716,ZC.v.0
2024-09-05 11:00:00+00:00,34,1,487769,411.0,411.25,409.75,410.25,4329,ZC.v.0
2024-09-05 12:00:00+00:00,34,1,487769,410.0,410.25,409.5,410.0,3588,ZC.v.0
2024-09-05 13:00:00+00:00,34,1,487769,410.0,411.25,409.25,410.25,19540,ZC.v.0
2024-09-05 14:00:00+00:00,34,1,487769,410.25,411.0,407.25,407.25,20222,ZC.v.0
2024-09-05 15:00:00+00:00,34,1,487769,407.5,409.5,406.75,408.75,17188,ZC.v.0
2024-09-05 16:00:00+00:00,34,1,487769,408.75,410.0,408.5,409.75,10776,ZC.v.0
2024-09-05 17:00:00+00:00,34,1,487769,410.0,410.5,409.75,410.5,13066,ZC.v.0
2024-09-05 18:00:00+00:00,34,1,487769,410.5,411.0,410.25,410.75,14487,ZC.v.0
2024-09-06 00:00:00+00:00,34,1,487769,410.0,410.5,409.75,410.25,2118,ZC.v.0
2024-09-06 01:00:00+00:00,34,1,487769,410.0,410.5,409.75,410.25,1031,ZC.v.0
2024-09-06 02:00:00+00:00,34,1,487769,410.5,410.5,409.75,410.0,336,ZC.v.0
2024-09-06 03:00:00+00:00,34,1,487769,410.0,410.0,409.75,409.75,196,ZC.v.0
2024-09-06 04:00:00+00:00,34,1,487769,409.75,410.0,409.75,409.75,137,ZC.v.0
2024-09-06 05:00:00+00:00,34,1,487769,410.0,410.0,409.75,410.0,212,ZC.v.0
2024-09-06 06:00:00+00:00,34,1,487769,409.75,410.75,409.75,410.5,487,ZC.v.0
2024-09-06 07:00:00+00:00,34,1,487769,410.75,411.0,410.5,410.5,814,ZC.v.0
2024-09-06 08:00:00+00:00,34,1,487769,410.75,410.75,410.25,410.5,594,ZC.v.0
2024-09-06 09:00:00+00:00,34,1,487769,410.75,411.75,410.5,411.25,1485,ZC.v.0
2024-09-06 10:00:00+00:00,34,1,487769,411.5,411.5,411.25,411.25,657,ZC.v.0
2024-09-06 11:00:00+00:00,34,1,487769,411.25,411.5,410.5,411.25,915,ZC.v.0
2024-09-06 12:00:00+00:00,34,1,487769,411.0,413.5,411.0,412.75,5538,ZC.v.0
2024-09-06 13:00:00+00:00,34,1,487769,412.5,416.0,412.25,413.0,28878,ZC.v.0
2024-09-06 14:00:00+00:00,34,1,487769,413.0,413.75,410.75,411.0,19489,ZC.v.0
2024-09-06 15:00:00+00:00,34,1,487769,410.75,411.75,408.5,408.5,19279,ZC.v.0
2024-09-06 16:00:00+00:00,34,1,487769,408.75,409.0,407.0,407.75,15136,ZC.v.0
2024-09-06 17:00:00+00:00,34,1,487769,408.0,408.0,406.75,407.0,11796,ZC.v.0
2024-09-06 18:00:00+00:00,34,1,487769,407.0,407.25,405.5,406.25,16382,ZC.v.0
2024-09-09 00:00:00+00:00,34,1,487769,405.5,406.25,404.0,405.5,6075,ZC.v.0
2024-09-09 01:00:00+00:00,34,1,487769,405.5,405.75,405.0,405.25,1053,ZC.v.0
2024-09-09 02:00:00+00:00,34,1,487769,405.25,405.25,404.5,404.5,220,ZC.v.0
2024-09-09 03:00:00+00:00,34,1,487769,404.75,404.75,404.5,404.5,540,ZC.v.0
2024-09-09 04:00:00+00:00,34,1,487769,404.5,405.0,404.5,405.0,352,ZC.v.0
2024-09-09 05:00:00+00:00,34,1,487769,405.0,405.5,404.75,405.25,432,ZC.v.0
2024-09-09 06:00:00+00:00,34,1,487769,405.25,406.0,405.25,405.75,799,ZC.v.0
2024-09-09 07:00:00+00:00,34,1,487769,405.75,405.75,404.75,405.25,1731,ZC.v.0
2024-09-09 08:00:00+00:00,34,1,487769,405.25,405.75,405.25,405.5,616,ZC.v.0
2024-09-09 09:00:00+00:00,34,1,487769,405.25,406.75,405.0,406.5,2281,ZC.v.0
2024-09-09 10:00:00+00:00,34,1,487769,406.25,406.5,404.5,405.0,2154,ZC.v.0
2024-09-09 11:00:00+00:00,34,1,487769,405.0,406.0,405.0,406.0,1035,ZC.v.0
2024-09-09 12:00:00+00:00,34,1,487769,406.0,406.25,404.75,405.75,2968,ZC.v.0
2024-09-09 13:00:00+00:00,34,1,487769,406.0,407.5,403.25,404.75,22126,ZC.v.0
2024-09-09 14:00:00+00:00,34,1,487769,405.0,406.0,403.25,405.75,17697,ZC.v.0
2024-09-09 15:00:00+00:00,34,1,487769,406.0,407.25,405.5,407.0,12755,ZC.v.0
2024-09-09 16:00:00+00:00,34,1,487769,407.0,407.75,406.5,407.5,6881,ZC.v.0
2024-09-09 17:00:00+00:00,34,1,487769,407.5,407.5,406.25,407.0,7811,ZC.v.0
2024-09-09 18:00:00+00:00,34,1,487769,407.0,408.0,407.0,407.25,12499,ZC.v.0
2024-09-10 00:00:00+00:00,34,1,487769,407.0,407.0,405.75,406.0,2552,ZC.v.0
2024-09-10 01:00:00+00:00,34,1,487769,406.0,407.0,406.0,406.25,858,ZC.v.0
2024-09-10 02:00:00+00:00,34,1,487769,406.0,406.5,406.0,406.25,116,ZC.v.0
2024-09-10 03:00:00+00:00,34,1,487769,406.0,406.5,406.0,406.0,48,ZC.v.0
2024-09-10 04:00:00+00:00,34,1,487769,406.0,406.5,406.0,406.25,194,ZC.v.0
2024-09-10 05:00:00+00:00,34,1,487769,406.25,406.75,406.25,406.25,750,ZC.v.0
2024-09-10 06:00:00+00:00,34,1,487769,406.25,406.75,406.0,406.25,620,ZC.v.0
2024-09-10 07:00:00+00:00,34,1,487769,406.25,406.75,406.0,406.25,545,ZC.v.0
2024-09-10 08:00:00+00:00,34,1,487769,406.25,406.5,405.5,405.75,963,ZC.v.0
2024-09-10 09:00:00+00:00,34,1,487769,405.5,405.75,405.0,405.25,1784,ZC.v.0
2024-09-10 10:00:00+00:00,34,1,487769,405.5,406.0,405.25,405.25,1184,ZC.v.0
2024-09-10 11:00:00+00:00,34,1,487769,405.5,407.0,405.25,406.75,1472,ZC.v.0
2024-09-10 12:00:00+00:00,34,1,487769,406.75,407.25,405.75,405.75,3854,ZC.v.0
2024-09-10 13:00:00+00:00,34,1,487769,405.75,406.75,403.75,404.75,20258,ZC.v.0
2024-09-10 14:00:00+00:00,34,1,487769,404.75,406.5,404.0,406.0,15416,ZC.v.0
2024-09-10 15:00:00+00:00,34,1,487769,406.0,407.5,404.5,405.25,13047,ZC.v.0
2024-09-10 16:00:00+00:00,34,1,487769,405.25,405.5,404.0,404.25,6711,ZC.v.0
2024-09-10 17:00:00+00:00,34,1,487769,404.25,405.0,404.0,404.0,8062,ZC.v.0
2024-09-10 18:00:00+00:00,34,1,487769,404.0,404.5,403.25,404.0,12315,ZC.v.0
2024-09-11 00:00:00+00:00,34,1,487769,404.0,404.5,403.5,404.25,2483,ZC.v.0
2024-09-11 01:00:00+00:00,34,1,487769,404.0,404.75,403.75,404.5,457,ZC.v.0
2024-09-11 02:00:00+00:00,34,1,487769,404.75,405.0,404.5,405.0,666,ZC.v.0
2024-09-11 03:00:00+00:00,34,1,487769,404.75,405.0,404.75,405.0,70,ZC.v.0
2024-09-11 04:00:00+00:00,34,1,487769,405.0,405.25,404.75,405.0,243,ZC.v.0
2024-09-11 05:00:00+00:00,34,1,487769,405.25,406.0,405.0,406.0,600,ZC.v.0
2024-09-11 06:00:00+00:00,34,1,487769,406.0,407.0,405.75,406.75,914,ZC.v.0
2024-09-11 07:00:00+00:00,34,1,487769,406.75,406.75,406.25,406.25,559,ZC.v.0
2024-09-11 08:00:00+00:00,34,1,487769,406.25,407.25,406.0,406.75,1818,ZC.v.0
2024-09-11 09:00:00+00:00,34,1,487769,406.75,407.25,406.25,407.0,1752,ZC.v.0
2024-09-11 10:00:00+00:00,34,1,487769,406.75,407.25,406.25,406.5,601,ZC.v.0
2024-09-11 11:00:00+00:00,34,1,487769,406.75,407.0,406.25,406.25,1170,ZC.v.0
2024-09-11 12:00:00+00:00,34,1,487769,406.25,407.25,405.75,406.75,2819,ZC.v.0
2024-09-11 13:00:00+00:00,34,1,487769,406.5,407.5,402.0,402.5,18160,ZC.v.0
2024-09-11 14:00:00+00:00,34,1,487769,402.25,404.0,401.25,401.5,24226,ZC.v.0
2024-09-11 15:00:00+00:00,34,1,487769,401.75,404.25,401.75,404.0,13101,ZC.v.0
2024-09-11 16:00:00+00:00,34,1,487769,404.25,405.25,404.0,404.25,9676,ZC.v.0
2024-09-11 17:00:00+00:00,34,1,487769,404.25,405.0,402.75,404.25,12099,ZC.v.0
2024-09-11 18:00:00+00:00,34,1,487769,404.25,405.25,403.25,405.0,12323,ZC.v.0
2024-09-12 00:00:00+00:00,34,1,487769,404.75,405.25,404.0,405.25,2618,ZC.v.0
2024-09-12 01:00:00+00:00,34,1,487769,405.25,405.75,405.0,405.25,597,ZC.v.0
2024-09-12 02:00:00+00:00,34,1,487769,405.5,405.5,404.75,405.5,700,ZC.v.0
2024-09-12 03:00:00+00:00,34,1,487769,405.25,405.75,405.25,405.5,181,ZC.v.0
2024-09-12 04:00:00+00:00,34,1,487769,405.25,405.5,405.25,405.5,256,ZC.v.0
2024-09-12 05:00:00+00:00,34,1,487769,405.5,405.75,405.25,405.75,356,ZC.v.0
2024-09-12 06:00:00+00:00,34,1,487769,405.75,406.25,405.25,405.75,905,ZC.v.0
2024-09-12 07:00:00+00:00,34,1,487769,405.75,406.0,405.25,405.75,817,ZC.v.0
2024-09-12 08:00:00+00:00,34,1,487769,405.75,409.0,405.75,408.25,8282,ZC.v.0
2024-09-12 09:00:00+00:00,34,1,487769,408.5,409.0,407.5,408.25,2412,ZC.v.0
2024-09-12 10:00:00+00:00,34,1,487769,408.25,409.25,407.75,408.75,3014,ZC.v.0
2024-09-12 11:00:00+00:00,34,1,487769,408.75,409.5,408.5,409.25,3544,ZC.v.0
2024-09-12 12:00:00+00:00,34,1,487769,409.25,409.75,408.0,408.0,5170,ZC.v.0
2024-09-12 13:00:00+00:00,34,1,487769,407.25,408.25,404.5,405.0,22375,ZC.v.0
2024-09-12 14:00:00+00:00,34,1,487769,405.0,406.0,404.0,405.0,18266,ZC.v.0
2024-09-12 15:00:00+00:00,34,1,487769,405.0,406.0,404.25,405.5,16332,ZC.v.0
2024-09-12 16:00:00+00:00,34,1,487769,405.75,408.0,397.0,402.25,78571,ZC.v.0
2024-09-12 17:00:00+00:00,34,1,487769,402.0,405.5,401.5,404.75,24771,ZC.v.0
2024-09-12 18:00:00+00:00,34,1,487769,404.5,407.0,404.25,406.75,20033,ZC.v.0
2024-09-13 00:00:00+00:00,34,1,487769,406.25,409.25,406.25,408.5,4603,ZC.v.0
2024-09-13 01:00:00+00:00,34,1,487769,408.75,409.25,408.25,408.75,2093,ZC.v.0
2024-09-13 02:00:00+00:00,34,1,487769,409.0,409.0,407.5,408.0,1068,ZC.v.0
2024-09-13 03:00:00+00:00,34,1,487769,408.0,408.75,407.75,408.25,747,ZC.v.0
2024-09-13 04:00:00+00:00,34,1,487769,408.25,408.75,408.25,408.5,159,ZC.v.0
2024-09-13 05:00:00+00:00,34,1,487769,408.5,409.75,408.25,409.5,1681,ZC.v.0
2024-09-13 06:00:00+00:00,34,1,487769,409.25,409.75,409.0,409.5,639,ZC.v.0
2024-09-13 07:00:00+00:00,34,1,487769,409.5,410.75,409.5,410.25,3752,ZC.v.0
2024-09-13 08:00:00+00:00,34,1,487769,410.25,410.5,409.25,410.5,2103,ZC.v.0
2024-09-13 09:00:00+00:00,34,1,487769,410.5,411.0,410.25,410.25,1064,ZC.v.0
2024-09-13 10:00:00+00:00,34,1,487769,410.25,410.5,409.5,409.5,2531,ZC.v.0
2024-09-13 11:00:00+00:00,34,1,487769,409.5,411.0,409.5,411.0,2554,ZC.v.0
2024-09-13 12:00:00+00:00,34,1,487769,410.75,412.75,410.75,411.25,8109,ZC.v.0
2024-09-13 13:00:00+00:00,34,1,487769,411.0,413.5,410.25,412.75,35114,ZC.v.0
2024-09-13 14:00:00+00:00,34,1,487769,412.75,413.0,409.75,411.5,31951,ZC.v.0
2024-09-13 15:00:00+00:00,34,1,487769,411.5,411.5,408.0,409.75,24638,ZC.v.0
2024-09-13 16:00:00+00:00,34,1,487769,409.75,411.25,408.75,410.5,17498,ZC.v.0
2024-09-13 17:00:00+00:00,34,1,487769,410.5,412.75,410.25,412.5,18650,ZC.v.0
2024-09-13 18:00:00+00:00,34,1,487769,412.5,414.0,412.5,413.75,17488,ZC.v.0
2024-09-16 00:00:00+00:00,34,1,487769,413.0,413.0,410.25,410.75,5831,ZC.v.0
2024-09-16 01:00:00+00:00,34,1,487769,411.0,411.5,410.75,411.0,716,ZC.v.0
2024-09-16 02:00:00+00:00,34,1,487769,410.75,411.0,410.5,410.5,448,ZC.v.0
2024-09-16 03:00:00+00:00,34,1,487769,410.75,410.75,410.25,410.25,247,ZC.v.0
2024-09-16 04:00:00+00:00,34,1,487769,410.25,410.5,410.0,410.0,229,ZC.v.0
2024-09-16 05:00:00+00:00,34,1,487769,410.25,410.5,409.75,410.0,798,ZC.v.0
2024-09-16 06:00:00+00:00,34,1,487769,410.0,410.0,409.5,409.5,600,ZC.v.0
2024-09-16 07:00:00+00:00,34,1,487769,409.5,409.5,408.5,409.0,1758,ZC.v.0
2024-09-16 08:00:00+00:00,34,1,487769,409.0,410.25,408.75,409.75,1524,ZC.v.0
2024-09-16 09:00:00+00:00,34,1,487769,410.0,411.0,409.75,410.75,1137,ZC.v.0
2024-09-16 10:00:00+00:00,34,1,487769,410.75,411.5,409.75,409.75,3121,ZC.v.0
2024-09-16 11:00:00+00:00,34,1,487769,409.75,410.75,409.75,410.5,1641,ZC.v.0
2024-09-16 12:00:00+00:00,34,1,487769,410.5,411.25,410.25,411.0,2163,ZC.v.0
2024-09-16 13:00:00+00:00,34,1,487769,410.75,412.5,408.5,409.75,24903,ZC.v.0
2024-09-16 14:00:00+00:00,34,1,487769,409.75,410.5,409.0,409.75,15349,ZC.v.0
2024-09-16 15:00:00+00:00,34,1,487769,410.0,411.0,409.25,409.25,11027,ZC.v.0
2024-09-16 16:00:00+00:00,34,1,487769,409.5,410.5,409.0,410.0,10923,ZC.v.0
2024-09-16 17:00:00+00:00,34,1,487769,409.75,412.0,409.75,412.0,13590,ZC.v.0
2024-09-16 18:00:00+00:00,34,1,487769,412.0,412.0,410.0,410.25,18763,ZC.v.0
2024-09-17 00:00:00+00:00,34,1,487769,410.0,410.5,409.25,410.5,2933,ZC.v.0
2024-09-17 01:00:00+00:00,34,1,487769,410.5,411.25,410.25,411.0,646,ZC.v.0
2024-09-17 02:00:00+00:00,34,1,487769,411.0,411.25,410.75,411.0,477,ZC.v.0
2024-09-17 03:00:00+00:00,34,1,487769,411.0,411.25,410.75,411.0,183,ZC.v.0
2024-09-17 04:00:00+00:00,34,1,487769,411.0,411.25,411.0,411.25,226,ZC.v.0
2024-09-17 05:00:00+00:00,34,1,487769,411.25,411.5,411.0,411.25,82,ZC.v.0
2024-09-17 06:00:00+00:00,34,1,487769,411.25,411.5,411.25,411.25,101,ZC.v.0
2024-09-17 07:00:00+00:00,34,1,487769,411.25,411.75,411.25,411.5,1087,ZC.v.0
2024-09-17 08:00:00+00:00,34,1,487769,411.75,411.75,410.75,411.0,548,ZC.v.0
2024-09-17 09:00:00+00:00,34,1,487769,410.75,411.25,410.75,411.0,521,ZC.v.0
2024-09-17 10:00:00+00:00,34,1,487769,411.25,411.25,410.25,410.5,1088,ZC.v.0
2024-09-17 11:00:00+00:00,34,1,487769,410.75,411.25,410.25,411.25,1423,ZC.v.0
2024-09-17 12:00:00+00:00,34,1,487769,411.25,413.0,411.0,411.25,5286,ZC.v.0
2024-09-17 13:00:00+00:00,34,1,487769,411.25,412.5,410.25,411.0,14843,ZC.v.0
2024-09-17 14:00:00+00:00,34,1,487769,411.0,411.5,408.5,409.75,22382,ZC.v.0
2024-09-17 15:00:00+00:00,34,1,487769,410.0,410.75,409.25,410.75,10570,ZC.v.0
2024-09-17 16:00:00+00:00,34,1,487769,410.5,411.75,410.25,411.25,9320,ZC.v.0
2024-09-17 17:00:00+00:00,34,1,487769,411.25,412.5,411.0,412.25,8862,ZC.v.0
2024-09-17 18:00:00+00:00,34,1,487769,412.25,413.0,412.0,412.25,9967,ZC.v.0
2024-09-18 00:00:00+00:00,34,1,487769,412.0,413.0,412.0,412.75,2328,ZC.v.0
2024-09-18 01:00:00+00:00,34,1,487769,412.75,414.0,412.75,414.0,2293,ZC.v.0
2024-09-18 02:00:00+00:00,34,1,487769,414.0,414.25,413.5,414.0,1947,ZC.v.0
2024-09-18 03:00:00+00:00,34,1,487769,414.0,414.5,414.0,414.25,811,ZC.v.0
2024-09-18 04:00:00+00:00,34,1,487769,414.0,414.25,413.75,414.25,712,ZC.v.0
2024-09-18 05:00:00+00:00,34,1,487769,414.25,414.25,413.75,414.0,646,ZC.v.0
2024-09-18 06:00:00+00:00,34,1,487769,414.25,414.75,414.0,414.25,2311,ZC.v.0
2024-09-18 07:00:00+00:00,34,1,487769,414.25,414.25,414.0,414.0,822,ZC.v.0
2024-09-18 08:00:00+00:00,34,1,487769,414.0,414.25,414.0,414.25,460,ZC.v.0
2024-09-18 09:00:00+00:00,34,1,487769,414.25,414.5,414.0,414.25,1516,ZC.v.0
2024-09-18 10:00:00+00:00,34,1,487769,414.5,414.5,413.75,414.0,1495,ZC.v.0
2024-09-18 11:00:00+00:00,34,1,487769,414.0,414.75,413.75,414.75,1749,ZC.v.0
2024-09-18 12:00:00+00:00,34,1,487769,414.5,414.75,413.0,413.25,3443,ZC.v.0
2024-09-18 13:00:00+00:00,34,1,487769,413.0,414.0,411.5,413.25,17191,ZC.v.0
2024-09-18 14:00:00+00:00,34,1,487769,413.25,415.0,412.0,412.0,17554,ZC.v.0
2024-09-18 15:00:00+00:00,34,1,487769,412.0,413.25,411.75,412.25,9858,ZC.v.0
2024-09-18 16:00:00+00:00,34,1,487769,412.25,412.75,411.0,411.25,8891,ZC.v.0
2024-09-18 17:00:00+00:00,34,1,487769,411.25,412.75,411.25,412.75,11234,ZC.v.0
2024-09-18 18:00:00+00:00,34,1,487769,412.5,413.75,411.75,412.25,14015,ZC.v.0
2024-09-19 00:00:00+00:00,34,1,487769,412.25,413.0,411.0,411.0,3740,ZC.v.0
2024-09-19 01:00:00+00:00,34,1,487769,411.25,411.25,409.75,410.25,3042,ZC.v.0
2024-09-19 02:00:00+00:00,34,1,487769,410.0,410.75,410.0,410.25,696,ZC.v.0
2024-09-19 03:00:00+00:00,34,1,487769,410.25,411.0,410.25,410.75,471,ZC.v.0
2024-09-19 04:00:00+00:00,34,1,487769,410.75,411.0,410.75,411.0,31,ZC.v.0
2024-09-19 05:00:00+00:00,34,1,487769,410.75,411.25,410.75,411.0,512,ZC.v.0
2024-09-19 06:00:00+00:00,34,1,487769,411.0,411.25,410.5,410.5,510,ZC.v.0
2024-09-19 07:00:00+00:00,34,1,487769,410.5,411.25,410.25,411.25,2412,ZC.v.0
2024-09-19 08:00:00+00:00,34,1,487769,411.25,411.5,410.25,410.75,1110,ZC.v.0
2024-09-19 09:00:00+00:00,34,1,487769,410.75,411.0,410.25,410.75,1660,ZC.v.0
2024-09-19 10:00:00+00:00,34,1,487769,410.75,410.75,409.75,409.75,2378,ZC.v.0
2024-09-19 11:00:00+00:00,34,1,487769,409.75,410.0,409.25,410.0,1949,ZC.v.0
2024-09-19 12:00:00+00:00,34,1,487769,409.75,411.0,409.75,410.0,3703,ZC.v.0
2024-09-19 13:00:00+00:00,34,1,487769,409.75,410.25,407.5,409.75,20544,ZC.v.0
2024-09-19 14:00:00+00:00,34,1,487769,409.5,409.75,405.5,405.75,27160,ZC.v.0
2024-09-19 15:00:00+00:00,34,1,487769,406.0,407.0,405.25,407.0,13401,ZC.v.0
2024-09-19 16:00:00+00:00,34,1,487769,406.75,407.75,405.75,406.0,13269,ZC.v.0
2024-09-19 17:00:00+00:00,34,1,487769,406.0,406.75,405.25,405.75,12557,ZC.v.0
2024-09-19 18:00:00+00:00,34,1,487769,405.75,406.25,405.25,405.75,15860,ZC.v.0
2024-09-20 00:00:00+00:00,34,1,487769,406.0,407.25,405.25,407.0,3757,ZC.v.0
2024-09-20 01:00:00+00:00,34,1,487769,407.0,407.0,405.75,406.5,2585,ZC.v.0
2024-09-20 02:00:00+00:00,34,1,487769,406.5,406.75,406.25,406.5,688,ZC.v.0
2024-09-20 03:00:00+00:00,34,1,487769,406.5,407.0,406.5,406.75,326,ZC.v.0
2024-09-20 04:00:00+00:00,34,1,487769,406.5,406.75,406.5,406.75,130,ZC.v.0
2024-09-20 05:00:00+00:00,34,1,487769,406.5,406.75,406.25,406.5,280,ZC.v.0
2024-09-20 06:00:00+00:00,34,1,487769,406.75,407.0,406.5,406.75,428,ZC.v.0
2024-09-20 07:00:00+00:00,34,1,487769,406.75,407.25,406.75,407.0,964,ZC.v.0
2024-09-20 08:00:00+00:00,34,1,487769,406.75,407.25,406.75,406.75,1717,ZC.v.0
2024-09-20 09:00:00+00:00,34,1,487769,406.5,407.0,405.75,406.0,1785,ZC.v.0
2024-09-20 10:00:00+00:00,34,1,487769,406.25,406.25,405.5,405.75,734,ZC.v.0
2024-09-20 11:00:00+00:00,34,1,487769,405.75,406.0,404.25,404.75,3162,ZC.v.0
2024-09-20 12:00:00+00:00,34,1,487769,404.75,405.25,404.0,404.25,3888,ZC.v.0
2024-09-20 13:00:00+00:00,34,1,487769,404.5,405.25,402.75,403.75,19267,ZC.v.0
2024-09-20 14:00:00+00:00,34,1,487769,403.75,405.5,402.0,402.0,23668,ZC.v.0
2024-09-20 15:00:00+00:00,34,1,487769,402.0,402.75,401.5,402.25,17842,ZC.v.0
2024-09-20 16:00:00+00:00,34,1,487769,402.25,404.5,402.25,402.75,15242,ZC.v.0
2024-09-20 17:00:00+00:00,34,1,487769,402.75,403.0,401.75,402.25,13471,ZC.v.0
2024-09-20 18:00:00+00:00,34,1,487769,402.25,402.75,401.5,401.5,18443,ZC.v.0
2024-09-23 00:00:00+00:00,34,1,487769,401.5,404.25,401.25,404.0,6490,ZC.v.0
2024-09-23 01:00:00+00:00,34,1,487769,404.0,404.5,403.5,404.0,1374,ZC.v.0
2024-09-23 02:00:00+00:00,34,1,487769,404.0,404.25,403.75,404.25,694,ZC.v.0
2024-09-23 03:00:00+00:00,34,1,487769,404.0,405.5,404.0,405.25,961,ZC.v.0
2024-09-23 04:00:00+00:00,34,1,487769,405.0,405.5,405.0,405.25,497,ZC.v.0
2024-09-23 05:00:00+00:00,34,1,487769,405.25,405.5,404.75,405.0,440,ZC.v.0
2024-09-23 06:00:00+00:00,34,1,487769,405.0,405.0,404.25,404.25,581,ZC.v.0
2024-09-23 07:00:00+00:00,34,1,487769,404.25,405.25,404.0,405.25,900,ZC.v.0
2024-09-23 08:00:00+00:00,34,1,487769,405.25,406.0,405.0,406.0,1480,ZC.v.0
2024-09-23 09:00:00+00:00,34,1,487769,405.75,406.25,405.5,405.75,1454,ZC.v.0
2024-09-23 10:00:00+00:00,34,1,487769,405.5,407.75,405.5,407.25,5536,ZC.v.0
2024-09-23 11:00:00+00:00,34,1,487769,407.5,407.75,406.75,407.75,3572,ZC.v.0
2024-09-23 12:00:00+00:00,34,1,487769,407.75,408.5,407.25,408.0,5514,ZC.v.0
2024-09-23 13:00:00+00:00,34,1,487769,406.75,413.5,406.75,411.25,39653,ZC.v.0
2024-09-23 14:00:00+00:00,34,1,487769,411.25,413.0,409.5,410.75,31839,ZC.v.0
2024-09-23 15:00:00+00:00,34,1,487769,410.5,412.25,410.0,412.0,16942,ZC.v.0
2024-09-23 16:00:00+00:00,34,1,487769,412.0,413.0,411.75,412.5,19986,ZC.v.0
2024-09-23 17:00:00+00:00,34,1,487769,412.5,414.25,412.25,413.0,24043,ZC.v.0
2024-09-23 18:00:00+00:00,34,1,487769,413.0,413.75,412.25,413.0,21788,ZC.v.0
2024-09-24 00:00:00+00:00,34,1,487769,413.0,413.25,411.75,412.0,3916,ZC.v.0
2024-09-24 01:00:00+00:00,34,1,487769,412.0,412.5,411.75,412.0,1349,ZC.v.0
2024-09-24 02:00:00+00:00,34,1,487769,412.0,412.0,411.5,411.75,503,ZC.v.0
2024-09-24 03:00:00+00:00,34,1,487769,412.0,412.25,411.75,412.0,276,ZC.v.0
2024-09-24 04:00:00+00:00,34,1,487769,412.0,412.25,412.0,412.0,115,ZC.v.0
2024-09-24 05:00:00+00:00,34,1,487769,412.0,412.25,412.0,412.0,186,ZC.v.0
2024-09-24 06:00:00+00:00,34,1,487769,412.0,412.5,412.0,412.5,193,ZC.v.0
2024-09-24 07:00:00+00:00,34,1,487769,412.25,413.0,412.25,412.75,772,ZC.v.0
2024-09-24 08:00:00+00:00,34,1,487769,412.75,413.0,412.0,412.25,1645,ZC.v.0
2024-09-24 09:00:00+00:00,34,1,487769,412.25,413.5,412.25,413.25,1836,ZC.v.0
2024-09-24 10:00:00+00:00,34,1,487769,413.5,413.75,413.25,413.5,2179,ZC.v.0
2024-09-24 11:00:00+00:00,34,1,487769,413.5,414.0,413.0,413.75,2591,ZC.v.0
2024-09-24 12:00:00+00:00,34,1,487769,413.75,417.25,413.75,416.75,16223,ZC.v.0
2024-09-24 13:00:00+00:00,34,1,487769,416.5,418.25,415.75,416.25,29281,ZC.v.0
2024-09-24 14:00:00+00:00,34,1,487769,416.5,416.75,413.5,414.25,29228,ZC.v.0
2024-09-24 15:00:00+00:00,34,1,487769,414.0,414.25,410.75,411.75,22676,ZC.v.0
2024-09-24 16:00:00+00:00,34,1,487769,411.75,413.5,411.0,412.25,16471,ZC.v.0
2024-09-24 17:00:00+00:00,34,1,487769,412.25,412.25,410.0,410.75,17900,ZC.v.0
2024-09-24 18:00:00+00:00,34,1,487769,410.75,412.25,410.5,411.75,16075,ZC.v.0
2024-09-25 00:00:00+00:00,34,1,487769,411.75,411.75,409.25,410.75,3770,ZC.v.0
2024-09-25 01:00:00+00:00,34,1,487769,410.75,411.5,409.5,410.25,1244,ZC.v.0
2024-09-25 02:00:00+00:00,34,1,487769,410.5,410.5,410.0,410.25,588,ZC.v.0
2024-09-25 03:00:00+00:00,34,1,487769,410.25,410.5,410.0,410.0,396,ZC.v.0
2024-09-25 04:00:00+00:00,34,1,487769,410.25,410.5,410.0,410.5,108,ZC.v.0
2024-09-25 05:00:00+00:00,34,1,487769,410.5,410.75,409.75,410.0,577,ZC.v.0
2024-09-25 06:00:00+00:00,34,1,487769,410.0,410.25,409.75,409.75,308,ZC.v.0
2024-09-25 07:00:00+00:00,34,1,487769,409.75,410.0,409.5,409.75,1211,ZC.v.0
2024-09-25 08:00:00+00:00,34,1,487769,410.0,410.75,409.5,410.0,1680,ZC.v.0
2024-09-25 09:00:00+00:00,34,1,487769,410.0,410.5,409.25,409.5,1583,ZC.v.0
2024-09-25 10:00:00+00:00,34,1,487769,409.5,409.5,408.75,409.25,1521,ZC.v.0
2024-09-25 11:00:00+00:00,34,1,487769,409.25,409.5,408.5,409.25,2331,ZC.v.0
2024-09-25 12:00:00+00:00,34,1,487769,409.25,410.0,408.75,409.5,1788,ZC.v.0
2024-09-25 13:00:00+00:00,34,1,487769,409.5,412.5,409.0,412.25,19579,ZC.v.0
2024-09-25 14:00:00+00:00,34,1,487769,412.25,412.75,410.5,412.0,16667,ZC.v.0
2024-09-25 15:00:00+00:00,34,1,487769,411.75,413.0,411.25,411.5,13006,ZC.v.0
2024-09-25 16:00:00+00:00,34,1,487769,411.5,415.0,411.5,414.5,12568,ZC.v.0
2024-09-25 17:00:00+00:00,34,1,487769,414.75,415.0,412.5,414.5,15595,ZC.v.0
2024-09-25 18:00:00+00:00,34,1,487769,414.5,415.5,414.25,415.0,15152,ZC.v.0
2024-09-26 00:00:00+00:00,34,1,487769,414.75,415.25,414.25,415.0,3614,ZC.v.0
2024-09-26 01:00:00+00:00,34,1,487769,415.0,416.0,414.25,416.0,1702,ZC.v.0
2024-09-26 02:00:00+00:00,34,1,487769,415.75,416.0,415.0,415.0,919,ZC.v.0
2024-09-26 03:00:00+00:00,34,1,487769,415.0,415.25,415.0,415.0,196,ZC.v.0
2024-09-26 04:00:00+00:00,34,1,487769,415.0,415.75,415.0,415.5,361,ZC.v.0
2024-09-26 05:00:00+00:00,34,1,487769,415.25,415.75,415.0,415.5,900,ZC.v.0
2024-09-26 06:00:00+00:00,34,1,487769,415.25,415.25,414.0,414.5,1588,ZC.v.0
2024-09-26 07:00:00+00:00,34,1,487769,414.75,415.0,414.25,414.75,1867,ZC.v.0
2024-09-26 08:00:00+00:00,34,1,487769,414.5,414.75,414.0,414.25,2840,ZC.v.0
2024-09-26 09:00:00+00:00,34,1,487769,414.25,415.0,414.25,414.75,3154,ZC.v.0
2024-09-26 10:00:00+00:00,34,1,487769,414.75,415.75,414.5,415.25,2812,ZC.v.0
2024-09-26 11:00:00+00:00,34,1,487769,415.25,416.0,414.5,415.5,2875,ZC.v.0
2024-09-26 12:00:00+00:00,34,1,487769,415.5,416.25,413.5,414.5,9732,ZC.v.0
2024-09-26 13:00:00+00:00,34,1,487769,414.25,415.5,413.0,415.0,17873,ZC.v.0
2024-09-26 14:00:00+00:00,34,1,487769,415.0,419.0,414.75,419.0,29848,ZC.v.0
2024-09-26 15:00:00+00:00,34,1,487769,418.75,419.25,416.25,416.5,18322,ZC.v.0
2024-09-26 16:00:00+00:00,34,1,487769,416.75,416.75,413.25,413.75,19267,ZC.v.0
2024-09-26 17:00:00+00:00,34,1,487769,413.75,414.5,412.5,414.0,14268,ZC.v.0
2024-09-26 18:00:00+00:00,34,1,487769,414.0,414.0,412.75,413.0,13404,ZC.v.0
2024-09-27 00:00:00+00:00,34,1,487769,413.0,413.25,411.0,411.0,5449,ZC.v.0
2024-09-27 01:00:00+00:00,34,1,487769,411.25,411.75,410.75,411.25,1704,ZC.v.0
2024-09-27 02:00:00+00:00,34,1,487769,411.0,411.75,410.75,411.75,657,ZC.v.0
2024-09-27 03:00:00+00:00,34,1,487769,411.75,412.25,411.5,411.75,638,ZC.v.0
2024-09-27 04:00:00+00:00,34,1,487769,411.75,412.0,411.75,411.75,780,ZC.v.0
2024-09-27 05:00:00+00:00,34,1,487769,411.75,412.25,411.5,411.5,1236,ZC.v.0
2024-09-27 06:00:00+00:00,34,1,487769,411.5,412.25,411.25,412.0,471,ZC.v.0
2024-09-27 07:00:00+00:00,34,1,487769,412.0,413.0,411.75,412.75,1145,ZC.v.0
2024-09-27 08:00:00+00:00,34,1,487769,413.0,414.0,412.5,413.75,3007,ZC.v.0
2024-09-27 09:00:00+00:00,34,1,487769,413.75,414.5,412.25,413.0,5097,ZC.v.0
2024-09-27 10:00:00+00:00,34,1,487769,413.25,413.5,412.75,413.0,1383,ZC.v.0
2024-09-27 11:00:00+00:00,34,1,487769,413.0,413.75,412.25,413.0,2479,ZC.v.0
2024-09-27 12:00:00+00:00,34,1,487769,413.0,414.0,412.75,413.0,3130,ZC.v.0
2024-09-27 13:00:00+00:00,34,1,487769,413.0,415.75,412.75,413.75,16879,ZC.v.0
2024-09-27 14:00:00+00:00,34,1,487769,414.0,417.25,413.75,416.0,22467,ZC.v.0
2024-09-27 15:00:00+00:00,34,1,487769,416.25,417.75,415.75,416.75,14892,ZC.v.0
2024-09-27 16:00:00+00:00,34,1,487769,417.0,419.75,417.0,419.0,30117,ZC.v.0
2024-09-27 17:00:00+00:00,34,1,487769,419.0,419.75,418.0,418.5,18586,ZC.v.0
2024-09-27 18:00:00+00:00,34,1,487769,418.5,419.0,417.0,417.5,24402,ZC.v.0
2024-09-30 00:00:00+00:00,34,1,487769,416.5,417.25,415.5,415.75,6226,ZC.v.0
2024-09-30 01:00:00+00:00,34,1,487769,416.0,416.5,415.5,415.75,1251,ZC.v.0
2024-09-30 02:00:00+00:00,34,1,487769,416.0,416.5,415.5,416.5,1022,ZC.v.0
2024-09-30 03:00:00+00:00,34,1,487769,416.5,416.5,416.0,416.0,448,ZC.v.0
2024-09-30 04:00:00+00:00,34,1,487769,416.0,416.5,416.0,416.0,712,ZC.v.0
2024-09-30 05:00:00+00:00,34,1,487769,416.0,416.75,415.75,416.5,296,ZC.v.0
2024-09-30 06:00:00+00:00,34,1,487769,416.5,417.0,416.0,416.5,703,ZC.v.0
2024-09-30 07:00:00+00:00,34,1,487769,416.25,416.75,415.5,415.5,1070,ZC.v.0
2024-09-30 08:00:00+00:00,34,1,487769,415.5,417.5,415.5,417.5,1805,ZC.v.0
2024-09-30 09:00:00+00:00,34,1,487769,417.5,417.5,416.75,416.75,2598,ZC.v.0
2024-09-30 10:00:00+00:00,34,1,487769,417.0,418.0,416.75,417.25,3858,ZC.v.0
2024-09-30 11:00:00+00:00,34,1,487769,417.25,418.25,417.25,418.0,2979,ZC.v.0
2024-09-30 12:00:00+00:00,34,1,487769,417.75,418.5,417.25,417.5,3004,ZC.v.0
2024-09-30 13:00:00+00:00,34,1,487769,417.5,418.0,416.5,417.5,13793,ZC.v.0
2024-09-30 14:00:00+00:00,34,1,487769,417.25,418.25,416.75,417.25,16662,ZC.v.0
2024-09-30 15:00:00+00:00,34,1,487769,417.5,419.75,417.25,419.0,15924,ZC.v.0
2024-09-30 16:00:00+00:00,34,1,487769,419.25,426.75,419.0,426.25,82932,ZC.v.0
2024-09-30 17:00:00+00:00,34,1,487769,426.0,427.75,424.0,424.5,36740,ZC.v.0
2024-09-30 18:00:00+00:00,34,1,487769,424.25,425.5,424.0,424.0,23203,ZC.v.0
2024-10-01 00:00:00+00:00,34,1,487769,423.5,424.25,422.25,422.75,5568,ZC.v.0
2024-10-01 01:00:00+00:00,34,1,487769,423.0,423.0,422.0,422.0,1396,ZC.v.0
2024-10-01 02:00:00+00:00,34,1,487769,422.25,422.5,422.0,422.5,1036,ZC.v.0
2024-10-01 03:00:00+00:00,34,1,487769,422.25,423.0,422.0,423.0,695,ZC.v.0
2024-10-01 04:00:00+00:00,34,1,487769,423.0,423.5,423.0,423.25,705,ZC.v.0
2024-10-01 05:00:00+00:00,34,1,487769,423.25,423.75,423.25,423.5,503,ZC.v.0
2024-10-01 06:00:00+00:00,34,1,487769,423.25,423.5,423.0,423.0,839,ZC.v.0
2024-10-01 07:00:00+00:00,34,1,487769,423.25,423.25,421.75,421.75,2847,ZC.v.0
2024-10-01 08:00:00+00:00,34,1,487769,421.75,422.5,421.75,421.75,1747,ZC.v.0
2024-10-01 09:00:00+00:00,34,1,487769,421.75,422.75,421.75,422.5,1549,ZC.v.0
2024-10-01 10:00:00+00:00,34,1,487769,422.75,425.0,422.75,425.0,5328,ZC.v.0
2024-10-01 11:00:00+00:00,34,1,487769,424.75,425.0,422.75,423.25,3058,ZC.v.0
2024-10-01 12:00:00+00:00,34,1,487769,423.5,424.75,422.5,422.75,4986,ZC.v.0
2024-10-01 13:00:00+00:00,34,1,487769,423.5,426.75,422.5,426.5,30006,ZC.v.0
2024-10-01 14:00:00+00:00,34,1,487769,426.75,428.5,426.0,428.0,34779,ZC.v.0
2024-10-01 15:00:00+00:00,34,1,487769,427.75,428.5,425.75,428.0,18583,ZC.v.0
2024-10-01 16:00:00+00:00,34,1,487769,428.0,431.0,427.0,429.75,30758,ZC.v.0
2024-10-01 17:00:00+00:00,34,1,487769,429.75,432.5,428.5,429.25,33987,ZC.v.0
2024-10-01 18:00:00+00:00,34,1,487769,429.25,430.0,428.0,428.5,19407,ZC.v.0
2024-10-02 00:00:00+00:00,34,1,487769,428.5,429.5,428.5,429.0,3337,ZC.v.0
2024-10-02 01:00:00+00:00,34,1,487769,429.0,430.5,429.0,430.25,1297,ZC.v.0
2024-10-02 02:00:00+00:00,34,1,487769,430.25,430.25,429.5,429.75,461,ZC.v.0
2024-10-02 03:00:00+00:00,34,1,487769,429.75,430.0,429.5,429.5,167,ZC.v.0
2024-10-02 04:00:00+00:00,34,1,487769,429.75,430.0,429.5,430.0,271,ZC.v.0
2024-10-02 05:00:00+00:00,34,1,487769,430.0,430.75,429.5,430.5,1978,ZC.v.0
2024-10-02 06:00:00+00:00,34,1,487769,430.5,432.75,430.5,432.25,4594,ZC.v.0
2024-10-02 07:00:00+00:00,34,1,487769,432.0,432.75,432.0,432.5,2568,ZC.v.0
2024-10-02 08:00:00+00:00,34,1,487769,432.5,432.75,432.0,432.5,2389,ZC.v.0
2024-10-02 09:00:00+00:00,34,1,487769,432.5,433.75,432.25,433.75,6089,ZC.v.0
2024-10-02 10:00:00+00:00,34,1,487769,433.5,434.25,431.5,431.75,7762,ZC.v.0
2024-10-02 11:00:00+00:00,34,1,487769,431.75,434.25,431.5,433.0,10354,ZC.v.0
2024-10-02 12:00:00+00:00,34,1,487769,433.0,433.25,430.25,431.75,6575,ZC.v.0
2024-10-02 13:00:00+00:00,34,1,487769,431.25,434.25,430.75,432.75,31087,ZC.v.0
2024-10-02 14:00:00+00:00,34,1,487769,432.5,434.25,431.0,433.75,25594,ZC.v.0
2024-10-02 15:00:00+00:00,34,1,487769,433.75,434.25,432.75,433.5,18164,ZC.v.0
2024-10-02 16:00:00+00:00,34,1,487769,433.75,434.25,431.25,432.25,20652,ZC.v.0
2024-10-02 17:00:00+00:00,34,1,487769,432.25,433.5,431.5,433.25,14735,ZC.v.0
2024-10-02 18:00:00+00:00,34,1,487769,433.25,433.75,431.5,431.75,19647,ZC.v.0
2024-10-03 00:00:00+00:00,34,1,487769,431.5,432.5,430.75,432.25,2960,ZC.v.0
2024-10-03 01:00:00+00:00,34,1,487769,432.25,432.5,432.0,432.5,1253,ZC.v.0
2024-10-03 02:00:00+00:00,34,1,487769,432.5,432.75,432.25,432.5,1446,ZC.v.0
2024-10-03 03:00:00+00:00,34,1,487769,432.25,432.75,432.25,432.5,1334,ZC.v.0
2024-10-03 04:00:00+00:00,34,1,487769,432.5,433.0,432.5,432.75,598,ZC.v.0
2024-10-03 05:00:00+00:00,34,1,487769,432.75,433.0,432.5,433.0,802,ZC.v.0
2024-10-03 06:00:00+00:00,34,1,487769,432.75,433.0,432.75,433.0,56,ZC.v.0
2024-10-03 07:00:00+00:00,34,1,487769,433.0,433.25,431.5,431.5,3859,ZC.v.0
2024-10-03 08:00:00+00:00,34,1,487769,431.5,432.0,430.5,431.0,3213,ZC.v.0
2024-10-03 09:00:00+00:00,34,1,487769,431.25,431.25,430.5,431.25,1845,ZC.v.0
2024-10-03 10:00:00+00:00,34,1,487769,431.0,432.0,430.75,431.5,1106,ZC.v.0
2024-10-03 11:00:00+00:00,34,1,487769,431.5,432.25,430.0,430.5,4456,ZC.v.0
2024-10-03 12:00:00+00:00,34,1,487769,430.75,430.75,429.5,429.75,4050,ZC.v.0
2024-10-03 13:00:00+00:00,34,1,487769,429.75,431.5,429.5,429.75,22339,ZC.v.0
2024-10-03 14:00:00+00:00,34,1,487769,430.0,430.5,428.5,429.5,22434,ZC.v.0
2024-10-03 15:00:00+00:00,34,1,487769,429.75,431.0,429.5,431.0,12754,ZC.v.0
2024-10-03 16:00:00+00:00,34,1,487769,431.0,432.0,430.5,431.5,11937,ZC.v.0
2024-10-03 17:00:00+00:00,34,1,487769,431.5,431.5,428.75,429.25,15210,ZC.v.0
2024-10-03 18:00:00+00:00,34,1,487769,429.0,429.25,427.5,428.0,24736,ZC.v.0
2024-10-04 00:00:00+00:00,34,1,487769,427.5,427.5,425.25,426.5,9491,ZC.v.0
2024-10-04 01:00:00+00:00,34,1,487769,426.25,426.5,426.0,426.25,920,ZC.v.0
2024-10-04 02:00:00+00:00,34,1,487769,426.5,426.5,425.75,426.25,1234,ZC.v.0
2024-10-04 03:00:00+00:00,34,1,487769,426.0,426.25,425.75,426.0,519,ZC.v.0
2024-10-04 04:00:00+00:00,34,1,487769,426.25,426.25,425.75,425.75,635,ZC.v.0
2024-10-04 05:00:00+00:00,34,1,487769,426.0,426.0,425.75,425.75,656,ZC.v.0
2024-10-04 06:00:00+00:00,34,1,487769,426.0,426.0,425.5,425.5,1072,ZC.v.0
2024-10-04 07:00:00+00:00,34,1,487769,425.5,426.5,425.5,426.25,781,ZC.v.0
2024-10-04 08:00:00+00:00,34,1,487769,426.25,426.25,425.5,425.75,2001,ZC.v.0
2024-10-04 09:00:00+00:00,34,1,487769,425.75,427.0,425.75,426.75,1498,ZC.v.0
2024-10-04 10:00:00+00:00,34,1,487769,426.5,427.25,426.25,426.5,2646,ZC.v.0
2024-10-04 11:00:00+00:00,34,1,487769,426.5,426.5,424.25,424.5,5660,ZC.v.0
2024-10-04 12:00:00+00:00,34,1,487769,424.5,425.0,423.75,424.5,5682,ZC.v.0
2024-10-04 13:00:00+00:00,34,1,487769,424.5,426.0,424.0,425.75,16535,ZC.v.0
2024-10-04 14:00:00+00:00,34,1,487769,425.75,426.5,424.75,425.25,15074,ZC.v.0
2024-10-04 15:00:00+00:00,34,1,487769,425.5,425.5,423.5,424.25,15283,ZC.v.0
2024-10-04 16:00:00+00:00,34,1,487769,424.5,425.0,423.0,423.25,12868,ZC.v.0
2024-10-04 17:00:00+00:00,34,1,487769,423.25,424.25,423.0,423.25,12280,ZC.v.0
2024-10-04 18:00:00+00:00,34,1,487769,423.5,425.75,423.5,425.25,20735,ZC.v.0
2024-10-07 00:00:00+00:00,34,1,487769,424.0,424.0,421.25,421.75,6878,ZC.v.0
2024-10-07 01:00:00+00:00,34,1,487769,422.0,422.75,421.75,422.5,1342,ZC.v.0
2024-10-07 02:00:00+00:00,34,1,487769,422.5,422.75,422.0,422.25,1328,ZC.v.0
2024-10-07 03:00:00+00:00,34,1,487769,422.5,422.75,422.25,422.5,108,ZC.v.0
2024-10-07 04:00:00+00:00,34,1,487769,422.75,423.25,422.75,423.0,168,ZC.v.0
2024-10-07 05:00:00+00:00,34,1,487769,423.25,423.75,423.0,423.5,576,ZC.v.0
2024-10-07 06:00:00+00:00,34,1,487769,423.5,424.0,423.5,424.0,286,ZC.v.0
2024-10-07 07:00:00+00:00,34,1,487769,424.0,424.75,424.0,424.5,1665,ZC.v.0
2024-10-07 08:00:00+00:00,34,1,487769,424.25,424.75,424.0,424.75,1159,ZC.v.0
2024-10-07 09:00:00+00:00,34,1,487769,424.5,424.75,423.25,424.0,1866,ZC.v.0
2024-10-07 10:00:00+00:00,34,1,487769,423.75,423.75,422.75,423.75,2416,ZC.v.0
2024-10-07 11:00:00+00:00,34,1,487769,423.5,424.25,422.5,423.5,1840,ZC.v.0
2024-10-07 12:00:00+00:00,34,1,487769,423.5,424.0,422.75,423.0,2058,ZC.v.0
2024-10-07 13:00:00+00:00,34,1,487769,423.0,426.5,422.25,424.0,18245,ZC.v.0
2024-10-07 14:00:00+00:00,34,1,487769,424.25,425.75,423.75,424.0,15402,ZC.v.0
2024-10-07 15:00:00+00:00,34,1,487769,424.25,427.0,424.0,426.25,18953,ZC.v.0
2024-10-07 16:00:00+00:00,34,1,487769,426.25,426.75,425.25,426.5,11236,ZC.v.0
2024-10-07 17:00:00+00:00,34,1,487769,426.5,427.0,426.0,427.0,11090,ZC.v.0
2024-10-07 18:00:00+00:00,34,1,487769,426.75,427.0,425.75,426.5,16141,ZC.v.0
2024-10-08 00:00:00+00:00,34,1,487769,426.0,427.5,425.75,427.0,4479,ZC.v.0
2024-10-08 01:00:00+00:00,34,1,487769,426.75,428.0,426.5,427.0,1785,ZC.v.0
2024-10-08 02:00:00+00:00,34,1,487769,427.0,427.25,424.0,424.25,1867,ZC.v.0
2024-10-08 03:00:00+00:00,34,1,487769,424.5,425.0,424.5,424.5,499,ZC.v.0
2024-10-08 04:00:00+00:00,34,1,487769,424.75,425.0,424.0,424.5,1205,ZC.v.0
2024-10-08 05:00:00+00:00,34,1,487769,424.25,424.25,423.5,424.0,2429,ZC.v.0
2024-10-08 06:00:00+00:00,34,1,487769,424.25,424.25,423.75,424.0,820,ZC.v.0
2024-10-08 07:00:00+00:00,34,1,487769,424.0,424.0,423.25,423.25,1001,ZC.v.0
2024-10-08 08:00:00+00:00,34,1,487769,423.5,424.0,423.25,423.25,1745,ZC.v.0
2024-10-08 09:00:00+00:00,34,1,487769,423.25,423.75,422.0,422.0,2895,ZC.v.0
2024-10-08 10:00:00+00:00,34,1,487769,422.0,424.25,422.0,424.0,3888,ZC.v.0
2024-10-08 11:00:00+00:00,34,1,487769,424.0,424.0,422.25,422.75,2721,ZC.v.0
2024-10-08 12:00:00+00:00,34,1,487769,423.0,423.0,422.0,422.5,4006,ZC.v.0
2024-10-08 13:00:00+00:00,34,1,487769,422.75,425.75,422.0,422.75,23767,ZC.v.0
2024-10-08 14:00:00+00:00,34,1,487769,422.75,424.5,421.75,422.0,17885,ZC.v.0
2024-10-08 15:00:00+00:00,34,1,487769,422.0,423.0,420.0,420.5,20356,ZC.v.0
2024-10-08 16:00:00+00:00,34,1,487769,420.75,421.0,419.5,419.75,18833,ZC.v.0
2024-10-08 17:00:00+00:00,34,1,487769,419.5,422.25,419.25,421.5,19897,ZC.v.0
2024-10-08 18:00:00+00:00,34,1,487769,421.75,421.75,420.25,420.75,16459,ZC.v.0
2024-10-09 00:00:00+00:00,34,1,487769,420.25,421.75,420.0,421.5,5265,ZC.v.0
2024-10-09 01:00:00+00:00,34,1,487769,421.75,421.75,421.0,421.0,1454,ZC.v.0
2024-10-09 02:00:00+00:00,34,1,487769,420.75,421.5,420.5,421.5,750,ZC.v.0
2024-10-09 03:00:00+00:00,34,1,487769,421.25,422.0,421.25,421.75,794,ZC.v.0
2024-10-09 04:00:00+00:00,34,1,487769,421.75,422.75,421.5,422.75,1367,ZC.v.0
2024-10-09 05:00:00+00:00,34,1,487769,422.75,423.5,422.75,423.0,725,ZC.v.0
2024-10-09 06:00:00+00:00,34,1,487769,423.0,423.0,422.25,422.5,565,ZC.v.0
2024-10-09 07:00:00+00:00,34,1,487769,422.75,422.75,422.0,422.0,911,ZC.v.0
2024-10-09 08:00:00+00:00,34,1,487769,422.0,422.75,422.0,422.75,1087,ZC.v.0
2024-10-09 09:00:00+00:00,34,1,487769,422.5,423.25,422.5,422.75,1684,ZC.v.0
2024-10-09 10:00:00+00:00,34,1,487769,423.0,423.5,422.5,423.0,1088,ZC.v.0
2024-10-09 11:00:00+00:00,34,1,487769,423.0,423.25,422.75,422.75,1396,ZC.v.0
2024-10-09 12:00:00+00:00,34,1,487769,423.0,423.25,422.25,422.75,2623,ZC.v.0
2024-10-09 13:00:00+00:00,34,1,487769,422.5,422.75,420.5,421.0,16315,ZC.v.0
2024-10-09 14:00:00+00:00,34,1,487769,421.0,422.25,420.25,421.5,15347,ZC.v.0
2024-10-09 15:00:00+00:00,34,1,487769,421.75,422.5,420.75,420.75,12688,ZC.v.0
2024-10-09 16:00:00+00:00,34,1,487769,421.0,422.0,420.5,422.0,8176,ZC.v.0
2024-10-09 17:00:00+00:00,34,1,487769,421.75,422.0,421.0,421.0,8295,ZC.v.0
2024-10-09 18:00:00+00:00,34,1,487769,421.0,421.75,420.75,421.25,11244,ZC.v.0
2024-10-10 00:00:00+00:00,34,1,487769,421.0,422.75,421.0,422.25,3215,ZC.v.0
2024-10-10 01:00:00+00:00,34,1,487769,422.25,422.75,422.25,422.5,799,ZC.v.0
2024-10-10 02:00:00+00:00,34,1,487769,422.25,422.75,422.25,422.5,680,ZC.v.0
2024-10-10 03:00:00+00:00,34,1,487769,422.5,423.0,422.5,422.5,356,ZC.v.0
2024-10-10 04:00:00+00:00,34,1,487769,422.75,423.5,422.5,423.5,1218,ZC.v.0
2024-10-10 05:00:00+00:00,34,1,487769,423.5,424.0,423.25,423.5,1461,ZC.v.0
2024-10-10 06:00:00+00:00,34,1,487769,423.5,424.0,422.75,423.25,1765,ZC.v.0
2024-10-10 07:00:00+00:00,34,1,487769,423.25,423.25,422.5,422.75,1080,ZC.v.0
2024-10-10 08:00:00+00:00,34,1,487769,422.75,423.25,422.5,422.75,1017,ZC.v.0
2024-10-10 09:00:00+00:00,34,1,487769,422.75,423.5,422.5,423.0,1556,ZC.v.0
2024-10-10 10:00:00+00:00,34,1,487769,423.0,423.25,423.0,423.0,700,ZC.v.0
2024-10-10 11:00:00+00:00,34,1,487769,423.0,423.25,421.5,421.5,3112,ZC.v.0
2024-10-10 12:00:00+00:00,34,1,487769,421.75,421.75,420.75,420.75,4975,ZC.v.0
2024-10-10 13:00:00+00:00,34,1,487769,421.0,421.75,419.5,420.0,15370,ZC.v.0
2024-10-10 14:00:00+00:00,34,1,487769,420.0,420.0,418.5,419.25,21657,ZC.v.0
2024-10-10 15:00:00+00:00,34,1,487769,419.5,420.5,418.5,418.75,12574,ZC.v.0
2024-10-10 16:00:00+00:00,34,1,487769,418.75,419.75,418.0,418.75,12975,ZC.v.0
2024-10-10 17:00:00+00:00,34,1,487769,418.75,419.75,418.0,419.25,11990,ZC.v.0
2024-10-10 18:00:00+00:00,34,1,487769,419.25,419.75,418.0,418.25,15071,ZC.v.0
2024-10-11 00:00:00+00:00,34,1,487769,418.5,420.5,418.0,420.25,4441,ZC.v.0
2024-10-11 01:00:00+00:00,34,1,487769,420.25,420.25,419.75,420.0,513,ZC.v.0
2024-10-11 02:00:00+00:00,34,1,487769,420.0,420.5,419.5,420.25,308,ZC.v.0
2024-10-11 03:00:00+00:00,34,1,487769,420.5,420.5,419.5,419.5,442,ZC.v.0
2024-10-11 04:00:00+00:00,34,1,487769,419.5,419.5,419.25,419.5,74,ZC.v.0
2024-10-11 05:00:00+00:00,34,1,487769,419.25,419.75,419.0,419.0,793,ZC.v.0
2024-10-11 06:00:00+00:00,34,1,487769,419.0,419.0,418.25,418.5,1278,ZC.v.0
2024-10-11 07:00:00+00:00,34,1,487769,418.75,420.0,418.5,419.5,850,ZC.v.0
2024-10-11 08:00:00+00:00,34,1,487769,419.75,420.25,419.5,419.75,601,ZC.v.0
2024-10-11 09:00:00+00:00,34,1,487769,419.5,420.5,419.5,419.75,823,ZC.v.0
2024-10-11 10:00:00+00:00,34,1,487769,419.5,420.5,419.25,420.25,1275,ZC.v.0
2024-10-11 11:00:00+00:00,34,1,487769,420.25,420.25,419.5,419.75,1133,ZC.v.0
2024-10-11 12:00:00+00:00,34,1,487769,420.0,420.5,418.75,419.75,2894,ZC.v.0
2024-10-11 13:00:00+00:00,34,1,487769,420.0,421.0,419.0,419.75,16392,ZC.v.0
2024-10-11 14:00:00+00:00,34,1,487769,420.0,421.25,419.0,419.25,15714,ZC.v.0
2024-10-11 15:00:00+00:00,34,1,487769,419.25,420.5,418.0,420.0,20207,ZC.v.0
2024-10-11 16:00:00+00:00,34,1,487769,420.5,422.75,415.75,415.75,45056,ZC.v.0
2024-10-11 17:00:00+00:00,34,1,487769,416.0,418.0,415.25,417.0,19110,ZC.v.0
2024-10-11 18:00:00+00:00,34,1,487769,417.25,417.75,415.5,416.5,23485,ZC.v.0
2024-10-14 00:00:00+00:00,34,1,487769,415.0,415.25,413.75,414.5,7616,ZC.v.0
2024-10-14 01:00:00+00:00,34,1,487769,414.5,415.0,414.0,414.25,884,ZC.v.0
2024-10-14 02:00:00+00:00,34,1,487769,414.5,414.75,414.0,414.5,467,ZC.v.0
2024-10-14 03:00:00+00:00,34,1,487769,414.75,415.0,414.5,415.0,859,ZC.v.0
2024-10-14 04:00:00+00:00,34,1,487769,415.0,415.0,414.75,414.75,50,ZC.v.0
2024-10-14 05:00:00+00:00,34,1,487769,414.75,415.0,414.5,414.5,388,ZC.v.0
2024-10-14 06:00:00+00:00,34,1,487769,414.5,415.0,414.25,414.5,515,ZC.v.0
2024-10-14 07:00:00+00:00,34,1,487769,414.25,414.25,413.5,413.75,2082,ZC.v.0
2024-10-14 08:00:00+00:00,34,1,487769,413.75,414.0,413.5,413.75,1829,ZC.v.0
2024-10-14 09:00:00+00:00,34,1,487769,413.75,414.0,413.25,413.25,1739,ZC.v.0
2024-10-14 10:00:00+00:00,34,1,487769,413.5,414.0,413.25,413.25,940,ZC.v.0
2024-10-14 11:00:00+00:00,34,1,487769,413.25,413.5,412.25,412.5,4074,ZC.v.0
2024-10-14 12:00:00+00:00,34,1,487769,412.75,413.0,412.0,412.25,4381,ZC.v.0
2024-10-14 13:00:00+00:00,34,1,487769,412.25,413.25,410.25,412.75,26209,ZC.v.0
2024-10-14 14:00:00+00:00,34,1,487769,412.5,413.75,411.0,412.25,26582,ZC.v.0
2024-10-14 15:00:00+00:00,34,1,487769,412.25,412.75,410.25,410.5,19456,ZC.v.0
2024-10-14 16:00:00+00:00,34,1,487769,410.5,411.0,409.5,409.75,18510,ZC.v.0
2024-10-14 17:00:00+00:00,34,1,487769,409.75,410.0,409.0,409.0,17532,ZC.v.0
2024-10-14 18:00:00+00:00,34,1,487769,409.0,409.25,407.5,407.75,27614,ZC.v.0
2024-10-15 00:00:00+00:00,34,1,487769,408.0,408.0,406.25,406.5,7409,ZC.v.0
2024-10-15 01:00:00+00:00,34,1,487769,406.75,407.25,406.5,407.0,1288,ZC.v.0
2024-10-15 02:00:00+00:00,34,1,487769,407.25,407.5,406.75,407.0,747,ZC.v.0
2024-10-15 03:00:00+00:00,34,1,487769,406.75,407.0,406.25,406.25,245,ZC.v.0
2024-10-15 04:00:00+00:00,34,1,487769,406.5,406.75,406.25,406.5,816,ZC.v.0
2024-10-15 05:00:00+00:00,34,1,487769,406.5,406.5,406.0,406.25,2249,ZC.v.0
2024-10-15 06:00:00+00:00,34,1,487769,406.25,406.5,406.0,406.0,852,ZC.v.0
2024-10-15 07:00:00+00:00,34,1,487769,406.0,406.25,405.75,406.0,2004,ZC.v.0
2024-10-15 08:00:00+00:00,34,1,487769,406.0,407.0,406.0,406.0,3595,ZC.v.0
2024-10-15 09:00:00+00:00,34,1,487769,406.0,406.5,405.75,406.25,1191,ZC.v.0
2024-10-15 10:00:00+00:00,34,1,487769,406.25,406.25,405.25,405.5,1692,ZC.v.0
2024-10-15 11:00:00+00:00,34,1,487769,405.75,407.0,405.5,406.75,2406,ZC.v.0
2024-10-15 12:00:00+00:00,34,1,487769,406.75,407.0,405.0,405.25,5273,ZC.v.0
2024-10-15 13:00:00+00:00,34,1,487769,405.75,406.75,404.75,405.25,25071,ZC.v.0
2024-10-15 14:00:00+00:00,34,1,487769,405.25,405.25,402.25,402.5,33182,ZC.v.0
2024-10-15 15:00:00+00:00,34,1,487769,402.5,404.5,402.5,403.0,26732,ZC.v.0
2024-10-15 16:00:00+00:00,34,1,487769,403.0,403.5,401.25,401.5,28120,ZC.v.0
2024-10-15 17:00:00+00:00,34,1,487769,401.5,402.0,400.5,401.5,29293,ZC.v.0
2024-10-15 18:00:00+00:00,34,1,487769,401.75,402.0,401.0,401.5,19431,ZC.v.0
2024-10-16 00:00:00+00:00,34,1,487769,401.25,402.75,401.0,402.25,5534,ZC.v.0
2024-10-16 01:00:00+00:00,34,1,487769,402.25,402.75,402.0,402.75,816,ZC.v.0
2024-10-16 02:00:00+00:00,34,1,487769,402.75,402.75,402.5,402.75,1661,ZC.v.0
2024-10-16 03:00:00+00:00,34,1,487769,402.75,403.0,402.5,402.75,665,ZC.v.0
2024-10-16 04:00:00+00:00,34,1,487769,403.0,403.0,402.5,402.75,393,ZC.v.0
2024-10-16 05:00:00+00:00,34,1,487769,402.75,402.75,402.25,402.5,868,ZC.v.0
2024-10-16 06:00:00+00:00,34,1,487769,402.25,402.5,402.0,402.0,1101,ZC.v.0
2024-10-16 07:00:00+00:00,34,1,487769,402.25,402.75,402.0,402.0,1964,ZC.v.0
2024-10-16 08:00:00+00:00,34,1,487769,402.0,402.25,401.75,402.25,1076,ZC.v.0
2024-10-16 09:00:00+00:00,34,1,487769,402.25,403.25,402.0,402.75,3027,ZC.v.0
2024-10-16 10:00:00+00:00,34,1,487769,403.0,403.5,402.5,403.25,3462,ZC.v.0
2024-10-16 11:00:00+00:00,34,1,487769,403.5,403.75,402.75,403.25,2030,ZC.v.0
2024-10-16 12:00:00+00:00,34,1,487769,403.0,403.5,402.25,402.75,3176,ZC.v.0
2024-10-16 13:00:00+00:00,34,1,487769,402.75,404.75,402.75,404.0,25476,ZC.v.0
2024-10-16 14:00:00+00:00,34,1,487769,404.25,405.0,402.5,404.25,27133,ZC.v.0
2024-10-16 15:00:00+00:00,34,1,487769,404.25,406.25,403.75,405.0,22117,ZC.v.0
2024-10-16 16:00:00+00:00,34,1,487769,405.0,405.25,404.0,404.75,17576,ZC.v.0
2024-10-16 17:00:00+00:00,34,1,487769,404.5,406.75,404.5,405.75,18097,ZC.v.0
2024-10-16 18:00:00+00:00,34,1,487769,406.0,406.0,404.5,404.5,13831,ZC.v.0
2024-10-17 00:00:00+00:00,34,1,487769,404.5,406.0,403.5,405.5,4390,ZC.v.0
2024-10-17 01:00:00+00:00,34,1,487769,405.25,405.75,404.75,405.25,921,ZC.v.0
2024-10-17 02:00:00+00:00,34,1,487769,405.25,405.25,404.0,404.5,428,ZC.v.0
2024-10-17 03:00:00+00:00,34,1,487769,404.5,404.5,404.0,404.25,229,ZC.v.0
2024-10-17 04:00:00+00:00,34,1,487769,404.0,404.5,404.0,404.25,104,ZC.v.0
2024-10-17 05:00:00+00:00,34,1,487769,404.0,404.25,403.75,404.0,467,ZC.v.0
2024-10-17 06:00:00+00:00,34,1,487769,404.0,404.0,403.25,403.5,1276,ZC.v.0
2024-10-17 07:00:00+00:00,34,1,487769,403.5,403.75,403.0,403.25,1586,ZC.v.0
2024-10-17 08:00:00+00:00,34,1,487769,403.25,403.75,403.25,403.5,632,ZC.v.0
2024-10-17 09:00:00+00:00,34,1,487769,403.25,403.75,402.5,402.5,2058,ZC.v.0
2024-10-17 10:00:00+00:00,34,1,487769,402.5,403.0,402.0,402.0,2011,ZC.v.0
2024-10-17 11:00:00+00:00,34,1,487769,402.25,402.75,401.75,402.0,2325,ZC.v.0
2024-10-17 12:00:00+00:00,34,1,487769,402.0,403.0,401.75,403.0,3597,ZC.v.0
2024-10-17 13:00:00+00:00,34,1,487769,403.0,403.0,400.5,401.0,26802,ZC.v.0
2024-10-17 14:00:00+00:00,34,1,487769,401.0,401.25,399.0,400.0,30427,ZC.v.0
2024-10-17 15:00:00+00:00,34,1,487769,400.25,404.5,400.0,404.25,26261,ZC.v.0
2024-10-17 16:00:00+00:00,34,1,487769,404.25,406.75,403.5,406.25,21006,ZC.v.0
2024-10-17 17:00:00+00:00,34,1,487769,406.25,407.25,405.25,406.5,21253,ZC.v.0
2024-10-17 18:00:00+00:00,34,1,487769,406.25,407.5,405.75,406.75,19369,ZC.v.0
2024-10-18 00:00:00+00:00,34,1,487769,406.75,408.5,406.5,408.0,5666,ZC.v.0
2024-10-18 01:00:00+00:00,34,1,487769,408.0,408.25,407.25,407.5,818,ZC.v.0
2024-10-18 02:00:00+00:00,34,1,487769,407.75,408.0,407.25,407.75,1040,ZC.v.0
2024-10-18 03:00:00+00:00,34,1,487769,407.75,407.75,406.75,407.25,322,ZC.v.0
2024-10-18 04:00:00+00:00,34,1,487769,407.25,407.75,407.25,407.75,243,ZC.v.0
2024-10-18 05:00:00+00:00,34,1,487769,407.5,408.25,407.5,408.0,533,ZC.v.0
2024-10-18 06:00:00+00:00,34,1,487769,408.25,408.75,407.5,407.75,1330,ZC.v.0
2024-10-18 07:00:00+00:00,34,1,487769,407.5,408.0,407.25,407.75,1258,ZC.v.0
2024-10-18 08:00:00+00:00,34,1,487769,407.75,408.75,407.75,408.5,1503,ZC.v.0
2024-10-18 09:00:00+00:00,34,1,487769,408.25,408.5,407.75,407.75,1454,ZC.v.0
2024-10-18 10:00:00+00:00,34,1,487769,407.75,408.75,407.75,408.5,1537,ZC.v.0
2024-10-18 11:00:00+00:00,34,1,487769,408.5,409.0,408.25,408.5,1753,ZC.v.0
2024-10-18 12:00:00+00:00,34,1,487769,408.75,409.0,408.0,408.75,2452,ZC.v.0
2024-10-18 13:00:00+00:00,34,1,487769,408.75,409.5,406.0,406.25,17998,ZC.v.0
2024-10-18 14:00:00+00:00,34,1,487769,406.5,406.75,404.75,405.25,21073,ZC.v.0
2024-10-18 15:00:00+00:00,34,1,487769,405.5,406.0,404.5,404.75,12687,ZC.v.0
2024-10-18 16:00:00+00:00,34,1,487769,404.5,405.0,403.75,404.25,11037,ZC.v.0
2024-10-18 17:00:00+00:00,34,1,487769,404.5,406.0,403.75,405.5,17403,ZC.v.0
2024-10-18 18:00:00+00:00,34,1,487769,405.25,405.75,403.75,404.0,23271,ZC.v.0
2024-10-21 00:00:00+00:00,34,1,487769,403.75,405.25,403.0,405.0,7438,ZC.v.0
2024-10-21 01:00:00+00:00,34,1,487769,405.25,405.25,404.0,404.25,838,ZC.v.0
2024-10-21 02:00:00+00:00,34,1,487769,404.0,405.5,404.0,405.25,739,ZC.v.0
2024-10-21 03:00:00+00:00,34,1,487769,405.5,405.5,405.0,405.25,271,ZC.v.0
2024-10-21 04:00:00+00:00,34,1,487769,405.0,405.25,405.0,405.0,204,ZC.v.0
2024-10-21 05:00:00+00:00,34,1,487769,405.25,405.25,404.75,405.0,343,ZC.v.0
2024-10-21 06:00:00+00:00,34,1,487769,405.25,405.75,405.0,405.25,302,ZC.v.0
2024-10-21 07:00:00+00:00,34,1,487769,405.5,406.5,405.0,406.5,1462,ZC.v.0
2024-10-21 08:00:00+00:00,34,1,487769,406.25,407.0,406.25,406.75,1759,ZC.v.0
2024-10-21 09:00:00+00:00,34,1,487769,406.5,407.5,406.25,407.0,1901,ZC.v.0
2024-10-21 10:00:00+00:00,34,1,487769,407.0,407.5,406.5,406.75,1833,ZC.v.0
2024-10-21 11:00:00+00:00,34,1,487769,406.75,407.75,405.5,405.5,3334,ZC.v.0
2024-10-21 12:00:00+00:00,34,1,487769,405.75,406.0,405.25,405.25,2948,ZC.v.0
2024-10-21 13:00:00+00:00,34,1,487769,405.0,409.25,404.5,409.25,27757,ZC.v.0
2024-10-21 14:00:00+00:00,34,1,487769,409.0,411.5,408.75,410.5,36116,ZC.v.0
2024-10-21 15:00:00+00:00,34,1,487769,410.75,411.75,409.75,411.25,22753,ZC.v.0
2024-10-21 16:00:00+00:00,34,1,487769,411.0,411.75,409.5,411.5,17422,ZC.v.0
2024-10-21 17:00:00+00:00,34,1,487769,411.75,411.75,409.5,410.75,17518,ZC.v.0
2024-10-21 18:00:00+00:00,34,1,487769,410.5,410.75,409.0,409.5,19074,ZC.v.0
2024-10-22 00:00:00+00:00,34,1,487769,409.0,409.5,408.5,408.5,3872,ZC.v.0
2024-10-22 01:00:00+00:00,34,1,487769,408.5,409.25,408.25,408.75,1245,ZC.v.0
2024-10-22 02:00:00+00:00,34,1,487769,408.75,409.0,408.25,408.5,676,ZC.v.0
2024-10-22 03:00:00+00:00,34,1,487769,408.5,409.0,408.5,408.5,390,ZC.v.0
2024-10-22 04:00:00+00:00,34,1,487769,408.75,409.0,408.5,409.0,352,ZC.v.0
2024-10-22 05:00:00+00:00,34,1,487769,409.0,409.0,408.25,408.5,424,ZC.v.0
2024-10-22 06:00:00+00:00,34,1,487769,408.5,409.0,408.25,408.75,1295,ZC.v.0
2024-10-22 07:00:00+00:00,34,1,487769,408.75,409.25,408.5,409.25,947,ZC.v.0
2024-10-22 08:00:00+00:00,34,1,487769,409.0,409.5,409.0,409.25,1124,ZC.v.0
2024-10-22 09:00:00+00:00,34,1,487769,409.25,410.5,409.25,410.25,2036,ZC.v.0
2024-10-22 10:00:00+00:00,34,1,487769,410.0,410.75,409.75,410.75,1475,ZC.v.0
2024-10-22 11:00:00+00:00,34,1,487769,410.5,410.75,409.5,410.25,2428,ZC.v.0
2024-10-22 12:00:00+00:00,34,1,487769,410.25,410.5,409.25,409.5,2927,ZC.v.0
2024-10-22 13:00:00+00:00,34,1,487769,409.25,413.75,409.0,413.0,24499,ZC.v.0
2024-10-22 14:00:00+00:00,34,1,487769,413.0,416.25,412.5,414.75,35617,ZC.v.0
2024-10-22 15:00:00+00:00,34,1,487769,414.5,416.25,413.25,416.0,23120,ZC.v.0
2024-10-22 16:00:00+00:00,34,1,487769,415.75,416.5,414.75,415.0,26568,ZC.v.0
2024-10-22 17:00:00+00:00,34,1,487769,414.75,416.25,414.75,415.75,15975,ZC.v.0
2024-10-22 18:00:00+00:00,34,1,487769,415.75,417.0,415.75,416.5,24093,ZC.v.0
2024-10-23 00:00:00+00:00,34,1,487769,416.0,417.0,415.75,416.0,4677,ZC.v.0
2024-10-23 01:00:00+00:00,34,1,487769,416.0,416.75,416.0,416.5,659,ZC.v.0
2024-10-23 02:00:00+00:00,34,1,487769,416.75,416.75,416.25,416.75,1230,ZC.v.0
2024-10-23 03:00:00+00:00,34,1,487769,416.5,417.0,416.5,416.5,640,ZC.v.0
2024-10-23 04:00:00+00:00,34,1,487769,416.5,417.0,416.25,416.75,441,ZC.v.0
2024-10-23 05:00:00+00:00,34,1,487769,417.0,417.5,416.75,417.25,1272,ZC.v.0
2024-10-23 06:00:00+00:00,34,1,487769,417.25,417.25,416.5,416.75,790,ZC.v.0
2024-10-23 07:00:00+00:00,34,1,487769,416.75,417.25,416.5,416.5,803,ZC.v.0
2024-10-23 08:00:00+00:00,34,1,487769,416.5,417.0,416.25,416.5,1437,ZC.v.0
2024-10-23 09:00:00+00:00,34,1,487769,416.5,416.5,415.75,416.25,2309,ZC.v.0
2024-10-23 10:00:00+00:00,34,1,487769,416.25,416.5,415.25,415.25,1604,ZC.v.0
2024-10-23 11:00:00+00:00,34,1,487769,415.25,415.5,414.5,415.0,3573,ZC.v.0
2024-10-23 12:00:00+00:00,34,1,487769,415.25,415.75,414.5,415.75,3203,ZC.v.0
2024-10-23 13:00:00+00:00,34,1,487769,415.5,416.75,414.0,415.0,23215,ZC.v.0
2024-10-23 14:00:00+00:00,34,1,487769,414.75,416.0,414.25,415.0,18082,ZC.v.0
2024-10-23 15:00:00+00:00,34,1,487769,415.25,417.75,414.5,417.5,18697,ZC.v.0
2024-10-23 16:00:00+00:00,34,1,487769,417.5,420.0,417.5,419.75,24130,ZC.v.0
2024-10-23 17:00:00+00:00,34,1,487769,419.75,419.75,418.75,419.0,18060,ZC.v.0
2024-10-23 18:00:00+00:00,34,1,487769,419.0,419.5,418.5,419.0,16625,ZC.v.0
2024-10-24 00:00:00+00:00,34,1,487769,418.75,419.75,418.25,419.75,5687,ZC.v.0
2024-10-24 01:00:00+00:00,34,1,487769,419.5,420.0,419.25,419.75,784,ZC.v.0
2024-10-24 02:00:00+00:00,34,1,487769,419.75,419.75,419.25,419.5,1152,ZC.v.0
2024-10-24 03:00:00+00:00,34,1,487769,419.75,419.75,419.5,419.75,540,ZC.v.0
2024-10-24 04:00:00+00:00,34,1,487769,419.5,419.75,419.25,419.5,626,ZC.v.0
2024-10-24 05:00:00+00:00,34,1,487769,419.25,420.0,419.25,419.5,761,ZC.v.0
2024-10-24 06:00:00+00:00,34,1,487769,419.75,420.0,419.5,419.75,783,ZC.v.0
2024-10-24 07:00:00+00:00,34,1,487769,419.75,420.0,419.5,420.0,1023,ZC.v.0
2024-10-24 08:00:00+00:00,34,1,487769,420.0,420.75,419.75,420.75,2693,ZC.v.0
2024-10-24 09:00:00+00:00,34,1,487769,420.75,421.5,420.25,421.25,2617,ZC.v.0
2024-10-24 10:00:00+00:00,34,1,487769,421.25,421.75,421.25,421.5,2396,ZC.v.0
2024-10-24 11:00:00+00:00,34,1,487769,421.5,422.0,421.0,421.75,2531,ZC.v.0
2024-10-24 12:00:00+00:00,34,1,487769,421.75,423.25,421.25,422.75,8731,ZC.v.0
2024-10-24 13:00:00+00:00,34,1,487769,422.5,424.0,421.5,422.5,26247,ZC.v.0
2024-10-24 14:00:00+00:00,34,1,487769,422.5,423.0,419.5,420.75,29273,ZC.v.0
2024-10-24 15:00:00+00:00,34,1,487769,420.75,422.0,419.25,421.25,24788,ZC.v.0
2024-10-24 16:00:00+00:00,34,1,487769,421.5,423.0,421.25,422.75,21174,ZC.v.0
2024-10-24 17:00:00+00:00,34,1,487769,423.0,423.5,420.75,421.5,17876,ZC.v.0
2024-10-24 18:00:00+00:00,34,1,487769,421.5,422.0,421.0,421.5,17432,ZC.v.0
2024-10-25 00:00:00+00:00,34,1,487769,420.5,421.0,420.0,420.75,3920,ZC.v.0
2024-10-25 01:00:00+00:00,34,1,487769,420.5,421.0,420.5,420.5,1374,ZC.v.0
2024-10-25 02:00:00+00:00,34,1,487769,420.75,421.0,420.5,420.5,461,ZC.v.0
2024-10-25 03:00:00+00:00,34,1,487769,420.75,420.75,420.25,420.75,430,ZC.v.0
2024-10-25 04:00:00+00:00,34,1,487769,420.75,420.75,420.0,420.25,1401,ZC.v.0
2024-10-25 05:00:00+00:00,34,1,487769,420.0,420.25,419.25,419.5,1284,ZC.v.0
2024-10-25 06:00:00+00:00,34,1,487769,419.5,419.5,419.0,419.25,853,ZC.v.0
2024-10-25 07:00:00+00:00,34,1,487769,419.0,419.25,418.5,419.25,2949,ZC.v.0
2024-10-25 08:00:00+00:00,34,1,487769,419.25,419.5,418.75,419.0,2274,ZC.v.0
2024-10-25 09:00:00+00:00,34,1,487769,418.75,419.75,418.75,419.0,1182,ZC.v.0
2024-10-25 10:00:00+00:00,34,1,487769,419.0,419.25,417.5,418.0,5295,ZC.v.0
2024-10-25 11:00:00+00:00,34,1,487769,418.0,418.25,417.75,418.25,2687,ZC.v.0
2024-10-25 12:00:00+00:00,34,1,487769,418.25,419.0,418.0,418.25,3600,ZC.v.0
2024-10-25 13:00:00+00:00,34,1,487769,418.25,418.5,416.5,418.0,24825,ZC.v.0
2024-10-25 14:00:00+00:00,34,1,487769,417.75,418.0,414.75,415.0,29024,ZC.v.0
2024-10-25 15:00:00+00:00,34,1,487769,415.0,416.25,414.75,415.75,15038,ZC.v.0
2024-10-25 16:00:00+00:00,34,1,487769,416.0,416.0,415.0,415.0,14529,ZC.v.0
2024-10-25 17:00:00+00:00,34,1,487769,415.25,416.0,414.5,415.25,14734,ZC.v.0
2024-10-25 18:00:00+00:00,34,1,487769,415.5,416.5,415.0,415.75,21994,ZC.v.0
2024-10-28 00:00:00+00:00,34,1,487769,413.25,413.5,411.5,412.25,9141,ZC.v.0
2024-10-28 01:00:00+00:00,34,1,487769,412.25,413.25,412.0,413.25,2309,ZC.v.0
2024-10-28 02:00:00+00:00,34,1,487769,413.25,413.5,412.75,413.25,809,ZC.v.0
2024-10-28 03:00:00+00:00,34,1,487769,413.25,413.75,413.25,413.5,543,ZC.v.0
2024-10-28 04:00:00+00:00,34,1,487769,413.5,413.5,413.25,413.25,59,ZC.v.0
2024-10-28 05:00:00+00:00,34,1,487769,413.5,413.5,413.25,413.5,473,ZC.v.0
2024-10-28 06:00:00+00:00,34,1,487769,413.5,413.75,413.25,413.25,557,ZC.v.0
2024-10-28 07:00:00+00:00,34,1,487769,413.5,414.0,413.25,413.75,1551,ZC.v.0
2024-10-28 08:00:00+00:00,34,1,487769,413.5,414.25,413.5,414.0,1463,ZC.v.0
2024-10-28 09:00:00+00:00,34,1,487769,414.0,414.25,413.75,414.25,1071,ZC.v.0
2024-10-28 10:00:00+00:00,34,1,487769,414.0,414.5,413.5,413.75,2272,ZC.v.0
2024-10-28 11:00:00+00:00,34,1,487769,413.75,414.25,413.75,414.0,1553,ZC.v.0
2024-10-28 12:00:00+00:00,34,1,487769,414.0,414.25,413.0,413.25,2801,ZC.v.0
2024-10-28 13:00:00+00:00,34,1,487769,413.0,414.75,412.25,413.5,23775,ZC.v.0
2024-10-28 14:00:00+00:00,34,1,487769,413.5,414.5,413.0,413.25,16152,ZC.v.0
2024-10-28 15:00:00+00:00,34,1,487769,413.25,413.5,411.5,412.25,17840,ZC.v.0
2024-10-28 16:00:00+00:00,34,1,487769,412.5,413.0,411.0,411.25,17203,ZC.v.0
2024-10-28 17:00:00+00:00,34,1,487769,411.25,412.0,410.5,411.0,17347,ZC.v.0
2024-10-28 18:00:00+00:00,34,1,487769,410.75,411.25,410.0,410.25,24508,ZC.v.0
2024-10-29 00:00:00+00:00,34,1,487769,410.0,411.25,410.0,410.5,4108,ZC.v.0
2024-10-29 01:00:00+00:00,34,1,487769,410.25,410.75,410.25,410.75,294,ZC.v.0
2024-10-29 02:00:00+00:00,34,1,487769,410.75,411.0,410.5,410.75,500,ZC.v.0
2024-10-29 03:00:00+00:00,34,1,487769,410.75,411.0,410.5,410.5,591,ZC.v.0
2024-10-29 04:00:00+00:00,34,1,487769,410.75,412.0,410.5,412.0,1731,ZC.v.0
2024-10-29 05:00:00+00:00,34,1,487769,411.75,412.25,411.75,411.75,923,ZC.v.0
2024-10-29 06:00:00+00:00,34,1,487769,411.75,412.25,411.75,412.25,513,ZC.v.0
2024-10-29 07:00:00+00:00,34,1,487769,412.0,413.0,412.0,412.75,1343,ZC.v.0
2024-10-29 08:00:00+00:00,34,1,487769,412.75,413.0,412.25,413.0,937,ZC.v.0
2024-10-29 09:00:00+00:00,34,1,487769,412.75,413.0,412.25,412.75,1833,ZC.v.0
2024-10-29 10:00:00+00:00,34,1,487769,412.5,413.75,412.5,413.25,1956,ZC.v.0
2024-10-29 11:00:00+00:00,34,1,487769,413.0,413.0,411.75,412.0,1777,ZC.v.0
2024-10-29 12:00:00+00:00,34,1,487769,412.25,412.25,411.0,411.25,2841,ZC.v.0
2024-10-29 13:00:00+00:00,34,1,487769,411.25,414.0,411.0,413.5,22350,ZC.v.0
2024-10-29 14:00:00+00:00,34,1,487769,413.5,414.75,412.5,413.5,22447,ZC.v.0
2024-10-29 15:00:00+00:00,34,1,487769,413.5,414.75,412.75,413.75,14170,ZC.v.0
2024-10-29 16:00:00+00:00,34,1,487769,413.75,414.75,413.0,414.25,13752,ZC.v.0
2024-10-29 17:00:00+00:00,34,1,487769,414.25,414.75,413.5,414.0,10560,ZC.v.0
2024-10-29 18:00:00+00:00,34,1,487769,414.0,414.5,413.5,413.75,14898,ZC.v.0
2024-10-30 00:00:00+00:00,34,1,487769,413.25,414.25,412.5,413.5,3383,ZC.v.0
2024-10-30 01:00:00+00:00,34,1,487769,413.25,413.75,413.0,413.75,401,ZC.v.0
2024-10-30 02:00:00+00:00,34,1,487769,413.75,413.75,413.25,413.5,570,ZC.v.0
2024-10-30 03:00:00+00:00,34,1,487769,413.5,413.75,413.0,413.0,226,ZC.v.0
2024-10-30 04:00:00+00:00,34,1,487769,413.25,413.25,413.0,413.25,29,ZC.v.0
2024-10-30 05:00:00+00:00,34,1,487769,413.25,413.25,412.75,412.75,1316,ZC.v.0
2024-10-30 06:00:00+00:00,34,1,487769,412.75,413.25,412.75,413.25,776,ZC.v.0
2024-10-30 07:00:00+00:00,34,1,487769,413.25,413.5,412.5,413.0,1763,ZC.v.0
2024-10-30 08:00:00+00:00,34,1,487769,413.0,413.75,412.75,413.25,892,ZC.v.0
2024-10-30 09:00:00+00:00,34,1,487769,413.5,413.75,412.75,413.5,1169,ZC.v.0
2024-10-30 10:00:00+00:00,34,1,487769,413.25,413.25,411.75,412.0,2621,ZC.v.0
2024-10-30 11:00:00+00:00,34,1,487769,412.0,412.75,411.75,412.5,1769,ZC.v.0
2024-10-30 12:00:00+00:00,34,1,487769,412.5,414.0,412.25,413.5,2892,ZC.v.0
2024-10-30 13:00:00+00:00,34,1,487769,413.25,414.0,412.25,412.5,11810,ZC.v.0
2024-10-30 14:00:00+00:00,34,1,487769,412.5,414.25,412.0,412.75,18225,ZC.v.0
2024-10-30 15:00:00+00:00,34,1,487769,412.75,413.0,411.25,411.5,12448,ZC.v.0
2024-10-30 16:00:00+00:00,34,1,487769,411.25,412.25,411.0,411.75,12776,ZC.v.0
2024-10-30 17:00:00+00:00,34,1,487769,411.5,412.0,411.0,411.25,12446,ZC.v.0
2024-10-30 18:00:00+00:00,34,1,487769,411.5,411.75,411.25,411.5,15752,ZC.v.0
2024-10-31 00:00:00+00:00,34,1,487769,411.5,411.75,409.75,410.25,6669,ZC.v.0
2024-10-31 01:00:00+00:00,34,1,487769,410.0,410.5,409.75,410.0,668,ZC.v.0
2024-10-31 02:00:00+00:00,34,1,487769,410.0,410.0,409.75,409.75,1329,ZC.v.0
2024-10-31 03:00:00+00:00,34,1,487769,409.75,410.0,409.75,410.0,409,ZC.v.0
2024-10-31 04:00:00+00:00,34,1,487769,410.0,410.0,409.75,410.0,193,ZC.v.0
2024-10-31 05:00:00+00:00,34,1,487769,409.75,409.75,409.5,409.75,998,ZC.v.0
2024-10-31 06:00:00+00:00,34,1,487769,409.75,409.75,409.25,409.25,319,ZC.v.0
2024-10-31 07:00:00+00:00,34,1,487769,409.25,410.0,409.25,410.0,1063,ZC.v.0
2024-10-31 08:00:00+00:00,34,1,487769,409.75,410.5,409.5,410.0,1284,ZC.v.0
2024-10-31 09:00:00+00:00,34,1,487769,410.0,412.0,410.0,411.75,2188,ZC.v.0
2024-10-31 10:00:00+00:00,34,1,487769,411.5,411.75,410.0,410.25,2137,ZC.v.0
2024-10-31 11:00:00+00:00,34,1,487769,410.5,410.75,410.0,410.25,640,ZC.v.0
2024-10-31 12:00:00+00:00,34,1,487769,410.5,412.0,410.0,411.5,2862,ZC.v.0
2024-10-31 13:00:00+00:00,34,1,487769,411.5,412.0,410.0,411.25,16774,ZC.v.0
2024-10-31 14:00:00+00:00,34,1,487769,411.0,412.75,410.75,412.0,17470,ZC.v.0
2024-10-31 15:00:00+00:00,34,1,487769,412.0,412.5,410.0,410.0,12160,ZC.v.0
2024-10-31 16:00:00+00:00,34,1,487769,410.0,411.5,410.0,410.25,14263,ZC.v.0
2024-10-31 17:00:00+00:00,34,1,487769,410.25,411.25,410.25,410.75,11145,ZC.v.0
2024-10-31 18:00:00+00:00,34,1,487769,410.75,411.5,410.25,411.25,15748,ZC.v.0
2024-11-01 00:00:00+00:00,34,1,487769,410.75,412.0,410.5,411.25,3903,ZC.v.0
2024-11-01 01:00:00+00:00,34,1,487769,411.25,412.0,411.25,412.0,956,ZC.v.0
2024-11-01 02:00:00+00:00,34,1,487769,412.0,412.0,411.5,412.0,996,ZC.v.0
2024-11-01 03:00:00+00:00,34,1,487769,411.75,412.25,411.75,412.25,652,ZC.v.0
2024-11-01 04:00:00+00:00,34,1,487769,412.25,412.25,411.75,411.75,146,ZC.v.0
2024-11-01 05:00:00+00:00,34,1,487769,411.75,412.0,411.75,411.75,487,ZC.v.0
2024-11-01 06:00:00+00:00,34,1,487769,412.0,412.0,411.5,411.75,523,ZC.v.0
2024-11-01 07:00:00+00:00,34,1,487769,411.5,412.75,411.5,412.5,1173,ZC.v.0
2024-11-01 08:00:00+00:00,34,1,487769,412.5,413.0,412.25,413.0,1266,ZC.v.0
2024-11-01 09:00:00+00:00,34,1,487769,412.75,413.5,412.75,413.25,1790,ZC.v.0
2024-11-01 10:00:00+00:00,34,1,487769,413.25,413.5,412.25,412.25,1211,ZC.v.0
2024-11-01 11:00:00+00:00,34,1,487769,412.5,412.5,411.75,412.25,973,ZC.v.0
2024-11-01 12:00:00+00:00,34,1,487769,412.5,413.25,412.0,413.0,2127,ZC.v.0
2024-11-01 13:00:00+00:00,34,1,487769,413.5,415.75,413.25,414.75,23911,ZC.v.0
2024-11-01 14:00:00+00:00,34,1,487769,415.0,415.5,413.5,414.25,18938,ZC.v.0
2024-11-01 15:00:00+00:00,34,1,487769,414.25,414.25,412.25,412.5,12921,ZC.v.0
2024-11-01 16:00:00+00:00,34,1,487769,412.5,413.5,411.75,413.5,16292,ZC.v.0
2024-11-01 17:00:00+00:00,34,1,487769,413.25,414.5,413.25,414.0,16411,ZC.v.0
2024-11-01 18:00:00+00:00,34,1,487769,414.0,415.0,413.75,414.75,21375,ZC.v.0
2024-11-04 01:00:00+00:00,34,1,487769,414.0,417.25,413.0,417.0,10261,ZC.v.0
2024-11-04 02:00:00+00:00,34,1,487769,417.25,417.5,416.25,417.0,1786,ZC.v.0
2024-11-04 03:00:00+00:00,34,1,487769,416.75,417.5,416.75,417.0,770,ZC.v.0
2024-11-04 04:00:00+00:00,34,1,487769,417.0,417.5,417.0,417.5,486,ZC.v.0
2024-11-04 05:00:00+00:00,34,1,487769,417.5,417.75,417.25,417.5,445,ZC.v.0
2024-11-04 06:00:00+00:00,34,1,487769,417.5,417.5,417.25,417.25,715,ZC.v.0
2024-11-04 07:00:00+00:00,34,1,487769,417.25,417.25,416.5,417.0,1305,ZC.v.0
2024-11-04 08:00:00+00:00,34,1,487769,417.0,418.0,417.0,417.75,1349,ZC.v.0
2024-11-04 09:00:00+00:00,34,1,487769,417.5,418.25,417.5,417.75,1468,ZC.v.0
2024-11-04 10:00:00+00:00,34,1,487769,418.0,418.25,417.75,418.0,1557,ZC.v.0
2024-11-04 11:00:00+00:00,34,1,487769,418.0,418.5,417.5,418.25,1506,ZC.v.0
2024-11-04 12:00:00+00:00,34,1,487769,418.5,418.5,417.75,418.0,2634,ZC.v.0
2024-11-04 13:00:00+00:00,34,1,487769,418.25,418.25,417.5,417.75,2788,ZC.v.0
2024-11-04 14:00:00+00:00,34,1,487769,417.5,419.5,417.5,419.5,24480,ZC.v.0
2024-11-04 15:00:00+00:00,34,1,487769,419.5,420.0,417.0,418.0,31804,ZC.v.0
2024-11-04 16:00:00+00:00,34,1,487769,418.0,418.75,417.5,418.0,12924,ZC.v.0
2024-11-04 17:00:00+00:00,34,1,487769,418.0,418.5,416.25,418.0,19633,ZC.v.0
2024-11-04 18:00:00+00:00,34,1,487769,417.75,418.25,416.5,416.75,11996,ZC.v.0
2024-11-04 19:00:00+00:00,34,1,487769,416.5,416.75,416.0,416.25,15169,ZC.v.0
2024-11-05 01:00:00+00:00,34,1,487769,416.25,416.75,415.75,416.5,3908,ZC.v.0
2024-11-05 02:00:00+00:00,34,1,487769,416.75,416.75,416.0,416.0,488,ZC.v.0
2024-11-05 03:00:00+00:00,34,1,487769,416.25,416.75,415.75,416.75,824,ZC.v.0
2024-11-05 04:00:00+00:00,34,1,487769,416.5,416.75,416.5,416.5,94,ZC.v.0
2024-11-05 05:00:00+00:00,34,1,487769,416.75,416.75,416.0,416.25,474,ZC.v.0
2024-11-05 06:00:00+00:00,34,1,487769,416.0,416.25,415.25,415.25,479,ZC.v.0
2024-11-05 07:00:00+00:00,34,1,487769,415.25,416.25,415.25,416.25,397,ZC.v.0
2024-11-05 08:00:00+00:00,34,1,487769,416.25,417.0,416.25,416.75,706,ZC.v.0
2024-11-05 09:00:00+00:00,34,1,487769,416.75,417.5,416.75,417.0,1637,ZC.v.0
2024-11-05 10:00:00+00:00,34,1,487769,417.0,417.0,416.5,417.0,395,ZC.v.0
2024-11-05 11:00:00+00:00,34,1,487769,417.0,417.25,416.75,417.0,1105,ZC.v.0
2024-11-05 12:00:00+00:00,34,1,487769,417.25,418.0,416.5,417.75,1796,ZC.v.0
2024-11-05 13:00:00+00:00,34,1,487769,417.75,418.0,417.25,418.0,2259,ZC.v.0
2024-11-05 14:00:00+00:00,34,1,487769,417.75,419.75,417.5,418.5,16893,ZC.v.0
2024-11-05 15:00:00+00:00,34,1,487769,418.5,419.0,417.0,417.25,17375,ZC.v.0
2024-11-05 16:00:00+00:00,34,1,487769,417.0,419.0,416.75,418.5,10957,ZC.v.0
2024-11-05 17:00:00+00:00,34,1,487769,418.5,419.5,418.25,419.0,10122,ZC.v.0
2024-11-05 18:00:00+00:00,34,1,487769,419.0,419.25,417.75,418.0,11778,ZC.v.0
2024-11-05 19:00:00+00:00,34,1,487769,417.75,418.75,417.5,418.5,19919,ZC.v.0
2024-11-06 01:00:00+00:00,34,1,487769,418.0,418.75,416.5,418.0,5553,ZC.v.0
2024-11-06 02:00:00+00:00,34,1,487769,418.0,418.0,415.25,415.75,4425,ZC.v.0
2024-11-06 03:00:00+00:00,34,1,487769,415.75,415.75,414.25,414.75,4515,ZC.v.0
2024-11-06 04:00:00+00:00,34,1,487769,414.5,415.25,414.5,414.75,1218,ZC.v.0
2024-11-06 05:00:00+00:00,34,1,487769,414.75,416.0,414.75,415.75,1036,ZC.v.0
2024-11-06 06:00:00+00:00,34,1,487769,415.75,416.5,415.25,416.5,1037,ZC.v.0
2024-11-06 07:00:00+00:00,34,1,487769,416.5,417.5,416.5,417.25,1591,ZC.v.0
2024-11-06 08:00:00+00:00,34,1,487769,417.25,417.75,417.25,417.25,1305,ZC.v.0
2024-11-06 09:00:00+00:00,34,1,487769,417.5,417.75,417.0,417.25,939,ZC.v.0
2024-11-06 10:00:00+00:00,34,1,487769,417.5,418.0,417.25,417.75,1151,ZC.v.0
2024-11-06 11:00:00+00:00,34,1,487769,417.5,417.75,416.75,417.0,2880,ZC.v.0
2024-11-06 12:00:00+00:00,34,1,487769,416.75,416.75,415.75,415.75,2073,ZC.v.0
2024-11-06 13:00:00+00:00,34,1,487769,416.0,416.0,414.75,415.0,2520,ZC.v.0
2024-11-06 14:00:00+00:00,34,1,487769,415.0,421.25,414.5,421.0,28707,ZC.v.0
2024-11-06 15:00:00+00:00,34,1,487769,421.0,423.0,420.0,422.75,33757,ZC.v.0
2024-11-06 16:00:00+00:00,34,1,487769,423.0,424.5,422.5,424.5,26366,ZC.v.0
2024-11-06 17:00:00+00:00,34,1,487769,424.5,425.75,423.5,425.5,23846,ZC.v.0
2024-11-06 18:00:00+00:00,34,1,487769,425.25,426.75,425.0,425.0,24613,ZC.v.0
2024-11-06 19:00:00+00:00,34,1,487769,425.0,426.75,424.75,426.5,32030,ZC.v.0
2024-11-07 01:00:00+00:00,34,1,487769,425.75,426.5,425.0,426.25,7215,ZC.v.0
2024-11-07 02:00:00+00:00,34,1,487769,426.0,426.5,426.0,426.5,1533,ZC.v.0
2024-11-07 03:00:00+00:00,34,1,487769,426.5,426.5,426.0,426.0,775,ZC.v.0
2024-11-07 04:00:00+00:00,34,1,487769,426.0,426.25,425.75,426.0,464,ZC.v.0
2024-11-07 05:00:00+00:00,34,1,487769,426.25,426.25,426.0,426.0,329,ZC.v.0
2024-11-07 06:00:00+00:00,34,1,487769,426.0,426.75,425.75,426.75,652,ZC.v.0
2024-11-07 07:00:00+00:00,34,1,487769,426.75,426.75,426.5,426.75,814,ZC.v.0
2024-11-07 08:00:00+00:00,34,1,487769,426.5,427.25,426.25,426.5,2771,ZC.v.0
2024-11-07 09:00:00+00:00,34,1,487769,426.75,426.75,426.25,426.5,584,ZC.v.0
2024-11-07 10:00:00+00:00,34,1,487769,426.25,427.5,426.25,427.25,1824,ZC.v.0
2024-11-07 11:00:00+00:00,34,1,487769,427.25,427.5,426.75,427.0,1128,ZC.v.0
2024-11-07 12:00:00+00:00,34,1,487769,427.0,427.75,427.0,427.25,2142,ZC.v.0
2024-11-07 13:00:00+00:00,34,1,487769,427.25,428.0,425.5,426.25,5707,ZC.v.0
2024-11-07 14:00:00+00:00,34,1,487769,426.25,426.5,423.0,423.25,31938,ZC.v.0
2024-11-07 15:00:00+00:00,34,1,487769,423.25,425.0,422.25,424.5,29070,ZC.v.0
2024-11-07 16:00:00+00:00,34,1,487769,424.5,425.75,424.0,425.25,17947,ZC.v.0
2024-11-07 17:00:00+00:00,34,1,487769,425.25,427.0,425.0,426.75,15953,ZC.v.0
2024-11-07 18:00:00+00:00,34,1,487769,426.75,427.25,425.0,427.0,17258,ZC.v.0
2024-11-07 19:00:00+00:00,34,1,487769,426.75,428.5,426.75,428.25,31006,ZC.v.0
2024-11-08 01:00:00+00:00,34,1,487769,427.5,428.0,427.0,427.75,3848,ZC.v.0
2024-11-08 02:00:00+00:00,34,1,487769,427.75,428.25,427.25,428.0,1055,ZC.v.0
2024-11-08 03:00:00+00:00,34,1,487769,428.0,428.25,427.5,427.75,585,ZC.v.0
2024-11-08 04:00:00+00:00,34,1,487769,428.0,428.0,427.5,428.0,237,ZC.v.0
2024-11-08 05:00:00+00:00,34,1,487769,428.0,428.0,427.0,427.0,507,ZC.v.0
2024-11-08 06:00:00+00:00,34,1,487769,427.0,427.25,426.75,427.0,639,ZC.v.0
2024-11-08 07:00:00+00:00,34,1,487769,427.0,427.75,426.75,427.75,783,ZC.v.0
2024-11-08 08:00:00+00:00,34,1,487769,427.5,427.75,427.0,427.75,1721,ZC.v.0
2024-11-08 09:00:00+00:00,34,1,487769,427.75,428.25,427.75,428.25,561,ZC.v.0
2024-11-08 10:00:00+00:00,34,1,487769,428.0,428.25,427.0,427.75,1851,ZC.v.0
2024-11-08 11:00:00+00:00,34,1,487769,427.75,428.5,427.5,428.25,1374,ZC.v.0
2024-11-08 12:00:00+00:00,34,1,487769,428.5,429.0,427.75,428.5,4848,ZC.v.0
2024-11-08 13:00:00+00:00,34,1,487769,428.25,429.75,428.0,429.25,4638,ZC.v.0
2024-11-08 14:00:00+00:00,34,1,487769,429.25,430.5,428.75,430.25,30852,ZC.v.0
2024-11-08 15:00:00+00:00,34,1,487769,430.25,431.75,429.25,431.0,32929,ZC.v.0
2024-11-08 16:00:00+00:00,34,1,487769,430.75,431.75,430.25,430.75,23779,ZC.v.0
2024-11-08 17:00:00+00:00,34,1,487769,431.25,434.75,427.75,430.75,70058,ZC.v.0
2024-11-08 18:00:00+00:00,34,1,487769,430.5,431.5,429.5,430.75,20034,ZC.v.0
2024-11-08 19:00:00+00:00,34,1,487769,431.0,431.5,430.5,431.25,23779,ZC.v.0
2024-11-11 01:00:00+00:00,34,1,487769,430.0,430.75,429.25,430.0,6984,ZC.v.0
2024-11-11 02:00:00+00:00,34,1,487769,430.25,430.25,429.5,430.25,914,ZC.v.0
2024-11-11 03:00:00+00:00,34,1,487769,430.25,430.5,430.0,430.25,395,ZC.v.0
2024-11-11 04:00:00+00:00,34,1,487769,430.25,430.5,430.0,430.25,284,ZC.v.0
2024-11-11 05:00:00+00:00,34,1,487769,430.25,430.75,430.25,430.5,437,ZC.v.0
2024-11-11 06:00:00+00:00,34,1,487769,430.25,430.75,430.0,430.75,494,ZC.v.0
2024-11-11 07:00:00+00:00,34,1,487769,430.75,430.75,430.0,430.5,430,ZC.v.0
2024-11-11 08:00:00+00:00,34,1,487769,430.5,432.0,430.5,432.0,2274,ZC.v.0
2024-11-11 09:00:00+00:00,34,1,487769,431.5,432.0,431.0,431.75,1247,ZC.v.0
2024-11-11 10:00:00+00:00,34,1,487769,431.5,432.0,431.25,431.25,914,ZC.v.0
2024-11-11 11:00:00+00:00,34,1,487769,431.25,431.25,430.5,431.25,1354,ZC.v.0
2024-11-11 12:00:00+00:00,34,1,487769,431.0,431.25,429.25,429.5,3675,ZC.v.0
2024-11-11 13:00:00+00:00,34,1,487769,429.5,430.25,429.25,429.75,3093,ZC.v.0
2024-11-11 14:00:00+00:00,34,1,487769,429.75,431.5,429.0,430.25,14277,ZC.v.0
2024-11-11 15:00:00+00:00,34,1,487769,430.25,430.25,428.0,428.25,23466,ZC.v.0
2024-11-11 16:00:00+00:00,34,1,487769,428.25,428.75,426.5,427.75,21213,ZC.v.0
2024-11-11 17:00:00+00:00,34,1,487769,427.75,429.75,427.75,428.75,15036,ZC.v.0
2024-11-11 18:00:00+00:00,34,1,487769,428.75,429.75,428.0,429.75,9383,ZC.v.0
2024-11-11 19:00:00+00:00,34,1,487769,429.5,430.25,429.5,429.5,15653,ZC.v.0
2024-11-12 01:00:00+00:00,34,1,487769,429.75,431.75,429.5,431.25,5148,ZC.v.0
2024-11-12 02:00:00+00:00,34,1,487769,431.25,431.5,430.75,431.25,583,ZC.v.0
2024-11-12 03:00:00+00:00,34,1,487769,431.5,431.5,431.0,431.25,453,ZC.v.0
2024-11-12 04:00:00+00:00,34,1,487769,431.25,431.5,431.25,431.5,113,ZC.v.0
2024-11-12 05:00:00+00:00,34,1,487769,431.5,431.75,431.25,431.5,551,ZC.v.0
2024-11-12 06:00:00+00:00,34,1,487769,431.25,431.75,431.25,431.5,288,ZC.v.0
2024-11-12 07:00:00+00:00,34,1,487769,431.5,432.0,431.5,432.0,742,ZC.v.0
2024-11-12 08:00:00+00:00,34,1,487769,431.75,432.0,431.25,431.75,1300,ZC.v.0
2024-11-12 09:00:00+00:00,34,1,487769,431.75,432.0,431.25,431.5,1410,ZC.v.0
2024-11-12 10:00:00+00:00,34,1,487769,431.5,431.75,430.75,431.25,990,ZC.v.0
2024-11-12 11:00:00+00:00,34,1,487769,431.25,432.5,431.25,432.0,3032,ZC.v.0
2024-11-12 12:00:00+00:00,34,1,487769,432.0,432.25,430.75,431.5,1888,ZC.v.0
2024-11-12 13:00:00+00:00,34,1,487769,431.75,433.25,431.25,433.0,4026,ZC.v.0
2024-11-12 14:00:00+00:00,34,1,487769,433.0,433.5,428.25,429.5,28697,ZC.v.0
2024-11-12 15:00:00+00:00,34,1,487769,429.25,430.0,428.25,428.75,17038,ZC.v.0
2024-11-12 16:00:00+00:00,34,1,487769,428.75,429.75,427.75,428.5,14504,ZC.v.0
2024-11-12 17:00:00+00:00,34,1,487769,428.5,429.0,427.5,428.0,11708,ZC.v.0
2024-11-12 18:00:00+00:00,34,1,487769,428.0,428.25,426.75,427.75,15194,ZC.v.0
2024-11-12 19:00:00+00:00,34,1,487769,427.5,429.5,427.5,429.0,18533,ZC.v.0
2024-11-13 01:00:00+00:00,34,1,487769,428.5,429.0,426.5,428.0,4747,ZC.v.0
2024-11-13 02:00:00+00:00,34,1,487769,427.75,428.0,427.25,427.5,879,ZC.v.0
2024-11-13 03:00:00+00:00,34,1,487769,427.5,427.75,427.0,427.0,406,ZC.v.0
2024-11-13 04:00:00+00:00,34,1,487769,427.0,427.5,427.0,427.5,425,ZC.v.0
2024-11-13 05:00:00+00:00,34,1,487769,427.5,428.5,427.5,428.25,767,ZC.v.0
2024-11-13 06:00:00+00:00,34,1,487769,428.25,428.25,427.5,427.75,378,ZC.v.0
2024-11-13 07:00:00+00:00,34,1,487769,427.75,428.75,427.75,428.25,827,ZC.v.0
2024-11-13 08:00:00+00:00,34,1,487769,428.0,429.25,427.75,428.75,1705,ZC.v.0
2024-11-13 09:00:00+00:00,34,1,487769,428.75,429.75,428.75,429.0,1867,ZC.v.0
2024-11-13 10:00:00+00:00,34,1,487769,429.25,429.25,428.25,428.5,732,ZC.v.0
2024-11-13 11:00:00+00:00,34,1,487769,428.25,429.25,428.25,428.75,1583,ZC.v.0
2024-11-13 12:00:00+00:00,34,1,487769,429.0,429.25,426.75,426.75,3278,ZC.v.0
2024-11-13 13:00:00+00:00,34,1,487769,427.0,427.0,426.0,426.75,7248,ZC.v.0
2024-11-13 14:00:00+00:00,34,1,487769,427.0,427.5,426.0,426.75,18768,ZC.v.0
2024-11-13 15:00:00+00:00,34,1,487769,426.75,427.25,425.0,425.25,17589,ZC.v.0
2024-11-13 16:00:00+00:00,34,1,487769,425.25,427.0,424.25,426.5,22640,ZC.v.0
2024-11-13 17:00:00+00:00,34,1,487769,426.25,427.25,425.5,426.25,12086,ZC.v.0
2024-11-13 18:00:00+00:00,34,1,487769,426.0,426.75,425.75,426.0,9842,ZC.v.0
2024-11-13 19:00:00+00:00,34,1,487769,426.0,427.0,426.0,426.0,15856,ZC.v.0
2024-11-14 01:00:00+00:00,34,1,487769,426.0,427.5,425.25,427.5,3358,ZC.v.0
2024-11-14 02:00:00+00:00,34,1,487769,427.25,427.75,427.25,427.5,1295,ZC.v.0
2024-11-14 03:00:00+00:00,34,1,487769,427.5,427.5,427.0,427.25,906,ZC.v.0
2024-11-14 04:00:00+00:00,34,1,487769,427.0,427.25,427.0,427.0,146,ZC.v.0
2024-11-14 05:00:00+00:00,34,1,487769,427.25,427.25,426.75,427.25,499,ZC.v.0
2024-11-14 06:00:00+00:00,34,1,487769,427.5,427.75,427.5,427.5,493,ZC.v.0
2024-11-14 07:00:00+00:00,34,1,487769,427.5,427.75,427.25,427.75,904,ZC.v.0
2024-11-14 08:00:00+00:00,34,1,487769,427.5,428.0,427.5,427.75,650,ZC.v.0
2024-11-14 09:00:00+00:00,34,1,487769,428.0,428.0,426.75,427.0,1961,ZC.v.0
2024-11-14 10:00:00+00:00,34,1,487769,427.0,427.0,426.5,427.0,509,ZC.v.0
2024-11-14 11:00:00+00:00,34,1,487769,427.0,427.25,426.25,426.25,1132,ZC.v.0
2024-11-14 12:00:00+00:00,34,1,487769,426.25,426.5,426.0,426.25,1871,ZC.v.0
2024-11-14 13:00:00+00:00,34,1,487769,426.25,426.25,425.25,425.5,3392,ZC.v.0
2024-11-14 14:00:00+00:00,34,1,487769,425.5,425.75,422.0,422.25,25436,ZC.v.0
2024-11-14 15:00:00+00:00,34,1,487769,422.25,422.25,419.5,421.0,41888,ZC.v.0
2024-11-14 16:00:00+00:00,34,1,487769,421.0,421.5,419.25,419.5,19916,ZC.v.0
2024-11-14 17:00:00+00:00,34,1,487769,419.5,420.5,418.5,418.75,16401,ZC.v.0
2024-11-14 18:00:00+00:00,34,1,487769,418.75,420.0,418.5,418.75,15931,ZC.v.0
2024-11-14 19:00:00+00:00,34,1,487769,419.0,419.75,418.25,418.75,22474,ZC.v.0
2024-11-15 01:00:00+00:00,34,1,487769,418.75,419.75,418.25,419.25,4367,ZC.v.0
2024-11-15 02:00:00+00:00,34,1,487769,419.0,419.5,419.0,419.0,695,ZC.v.0
2024-11-15 03:00:00+00:00,34,1,487769,419.25,419.25,418.75,419.0,568,ZC.v.0
2024-11-15 04:00:00+00:00,34,1,487769,419.0,419.25,419.0,419.0,237,ZC.v.0
2024-11-15 05:00:00+00:00,34,1,487769,419.25,419.5,419.0,419.0,484,ZC.v.0
2024-11-15 06:00:00+00:00,34,1,487769,419.25,419.25,418.75,419.0,519,ZC.v.0
2024-11-15 07:00:00+00:00,34,1,487769,419.0,419.5,418.75,419.0,554,ZC.v.0
2024-11-15 08:00:00+00:00,34,1,487769,419.25,419.25,419.0,419.0,516,ZC.v.0
2024-11-15 09:00:00+00:00,34,1,487769,419.25,419.25,418.5,419.25,2502,ZC.v.0
2024-11-15 10:00:00+00:00,34,1,487769,419.25,419.25,418.75,419.0,551,ZC.v.0
2024-11-15 11:00:00+00:00,34,1,487769,419.0,420.25,419.0,419.5,3576,ZC.v.0
2024-11-15 12:00:00+00:00,34,1,487769,419.5,419.75,418.75,419.0,1955,ZC.v.0
2024-11-15 13:00:00+00:00,34,1,487769,419.25,419.25,418.0,418.0,3995,ZC.v.0
2024-11-15 14:00:00+00:00,34,1,487769,418.0,419.5,417.0,419.25,17833,ZC.v.0
2024-11-15 15:00:00+00:00,34,1,487769,419.25,421.5,418.25,421.0,13931,ZC.v.0
2024-11-15 16:00:00+00:00,34,1,487769,421.0,423.0,421.0,422.75,18603,ZC.v.0
2024-11-15 17:00:00+00:00,34,1,487769,422.5,424.75,421.75,424.75,15341,ZC.v.0
2024-11-15 18:00:00+00:00,34,1,487769,424.5,425.0,423.75,423.75,19291,ZC.v.0
2024-11-15 19:00:00+00:00,34,1,487769,423.75,424.5,423.5,424.0,17434,ZC.v.0
2024-11-18 01:00:00+00:00,34,1,487769,423.75,424.75,423.5,424.25,3240,ZC.v.0
2024-11-18 02:00:00+00:00,34,1,487769,424.25,424.5,423.5,423.5,539,ZC.v.0
2024-11-18 03:00:00+00:00,34,1,487769,423.5,424.0,423.5,423.75,450,ZC.v.0
2024-11-18 04:00:00+00:00,34,1,487769,423.75,424.25,423.75,424.25,358,ZC.v.0
2024-11-18 05:00:00+00:00,34,1,487769,424.25,424.5,424.0,424.0,239,ZC.v.0
2024-11-18 06:00:00+00:00,34,1,487769,424.25,424.25,423.5,423.75,392,ZC.v.0
2024-11-18 07:00:00+00:00,34,1,487769,423.75,424.0,423.5,423.75,238,ZC.v.0
2024-11-18 08:00:00+00:00,34,1,487769,423.75,424.0,423.75,424.0,307,ZC.v.0
2024-11-18 09:00:00+00:00,34,1,487769,423.75,425.0,423.75,425.0,994,ZC.v.0
2024-11-18 10:00:00+00:00,34,1,487769,424.75,425.25,424.5,424.75,2230,ZC.v.0
2024-11-18 11:00:00+00:00,34,1,487769,424.75,424.75,424.0,424.0,714,ZC.v.0
2024-11-18 12:00:00+00:00,34,1,487769,424.25,424.5,422.75,422.75,1112,ZC.v.0
2024-11-18 13:00:00+00:00,34,1,487769,422.75,423.0,422.25,422.25,1806,ZC.v.0
2024-11-18 14:00:00+00:00,34,1,487769,422.25,426.25,422.25,426.0,13507,ZC.v.0
2024-11-18 15:00:00+00:00,34,1,487769,426.0,428.25,425.75,427.75,19331,ZC.v.0
2024-11-18 16:00:00+00:00,34,1,487769,428.0,428.5,426.25,426.75,13728,ZC.v.0
2024-11-18 17:00:00+00:00,34,1,487769,426.75,428.25,426.75,428.0,12301,ZC.v.0
2024-11-18 18:00:00+00:00,34,1,487769,428.0,429.0,427.5,428.5,13719,ZC.v.0
2024-11-18 19:00:00+00:00,34,1,487769,428.75,429.5,428.5,429.25,16729,ZC.v.0
2024-11-19 01:00:00+00:00,34,1,487769,428.75,429.5,428.75,429.0,4101,ZC.v.0
2024-11-19 02:00:00+00:00,34,1,487769,429.0,429.5,428.5,428.5,876,ZC.v.0
2024-11-19 03:00:00+00:00,34,1,487769,428.75,429.0,428.5,428.75,333,ZC.v.0
2024-11-19 04:00:00+00:00,34,1,487769,428.75,429.0,428.75,428.75,374,ZC.v.0
2024-11-19 05:00:00+00:00,34,1,487769,428.75,429.0,428.5,428.75,182,ZC.v.0
2024-11-19 06:00:00+00:00,34,1,487769,429.0,429.25,429.0,429.0,536,ZC.v.0
2024-11-19 07:00:00+00:00,34,1,487769,429.0,429.25,428.75,429.25,1055,ZC.v.0
2024-11-19 08:00:00+00:00,34,1,487769,429.25,429.5,429.25,429.25,759,ZC.v.0
2024-11-19 09:00:00+00:00,34,1,487769,429.25,430.5,429.0,430.5,4651,ZC.v.0
2024-11-19 10:00:00+00:00,34,1,487769,430.25,430.75,430.25,430.5,1718,ZC.v.0
2024-11-19 11:00:00+00:00,34,1,487769,430.5,431.0,430.25,430.75,1773,ZC.v.0
2024-11-19 12:00:00+00:00,34,1,487769,430.75,430.75,429.75,429.75,1599,ZC.v.0
2024-11-19 13:00:00+00:00,34,1,487769,430.0,430.5,429.25,429.5,3778,ZC.v.0
2024-11-19 14:00:00+00:00,34,1,487769,429.25,430.0,428.0,429.25,18363,ZC.v.0
2024-11-19 15:00:00+00:00,34,1,487769,429.25,431.5,429.0,431.5,17764,ZC.v.0
2024-11-19 16:00:00+00:00,34,1,487769,431.5,431.5,427.75,428.75,17981,ZC.v.0
2024-11-19 17:00:00+00:00,34,1,487769,428.5,430.25,427.0,427.25,17309,ZC.v.0
2024-11-19 18:00:00+00:00,34,1,487769,427.25,428.0,426.5,427.5,11827,ZC.v.0
2024-11-19 19:00:00+00:00,34,1,487769,427.25,427.75,426.75,427.25,11615,ZC.v.0
2024-11-20 01:00:00+00:00,34,1,487769,427.0,427.75,426.5,427.0,2277,ZC.v.0
2024-11-20 02:00:00+00:00,34,1,487769,427.0,427.75,427.0,427.5,418,ZC.v.0
2024-11-20 03:00:00+00:00,34,1,487769,427.5,427.75,426.75,426.75,1082,ZC.v.0
2024-11-20 04:00:00+00:00,34,1,487769,426.75,427.0,426.75,426.75,276,ZC.v.0
2024-11-20 05:00:00+00:00,34,1,487769,426.75,427.0,426.5,427.0,158,ZC.v.0
2024-11-20 06:00:00+00:00,34,1,487769,427.0,427.0,426.25,426.5,2706,ZC.v.0
2024-11-20 07:00:00+00:00,34,1,487769,426.25,426.5,426.0,426.0,1354,ZC.v.0
2024-11-20 08:00:00+00:00,34,1,487769,426.25,426.75,425.5,425.5,1308,ZC.v.0
2024-11-20 09:00:00+00:00,34,1,487769,425.5,426.0,425.0,425.25,1552,ZC.v.0
2024-11-20 10:00:00+00:00,34,1,487769,425.5,425.75,425.25,425.5,813,ZC.v.0
2024-11-20 11:00:00+00:00,34,1,487769,425.25,426.0,425.25,426.0,735,ZC.v.0
2024-11-20 12:00:00+00:00,34,1,487769,426.25,426.5,425.5,425.5,1008,ZC.v.0
2024-11-20 13:00:00+00:00,34,1,487769,425.5,425.5,425.0,425.25,2319,ZC.v.0
2024-11-20 14:00:00+00:00,34,1,487769,425.25,427.5,424.75,427.25,11210,ZC.v.0
2024-11-20 15:00:00+00:00,34,1,487769,427.25,428.5,426.25,427.25,10955,ZC.v.0
2024-11-20 16:00:00+00:00,34,1,487769,427.25,430.0,426.75,429.25,14527,ZC.v.0
2024-11-20 17:00:00+00:00,34,1,487769,429.0,432.0,429.0,431.25,26980,ZC.v.0
2024-11-20 18:00:00+00:00,34,1,487769,431.25,431.75,430.0,430.0,10399,ZC.v.0
2024-11-20 19:00:00+00:00,34,1,487769,430.0,431.0,429.25,430.25,13134,ZC.v.0
2024-11-21 01:00:00+00:00,34,1,487769,430.0,430.5,429.25,430.0,2677,ZC.v.0
2024-11-21 02:00:00+00:00,34,1,487769,430.25,430.25,429.5,429.75,938,ZC.v.0
2024-11-21 03:00:00+00:00,34,1,487769,429.75,430.0,429.25,430.0,410,ZC.v.0
2024-11-21 04:00:00+00:00,34,1,487769,430.0,430.25,429.75,430.0,67,ZC.v.0
2024-11-21 05:00:00+00:00,34,1,487769,430.0,430.25,430.0,430.25,52,ZC.v.0
2024-11-21 06:00:00+00:00,34,1,487769,430.0,430.0,429.75,429.75,131,ZC.v.0
2024-11-21 07:00:00+00:00,34,1,487769,429.75,430.75,429.75,430.75,470,ZC.v.0
2024-11-21 08:00:00+00:00,34,1,487769,430.75,431.5,430.5,431.25,857,ZC.v.0
2024-11-21 09:00:00+00:00,34,1,487769,431.0,431.5,431.0,431.25,351,ZC.v.0
2024-11-21 10:00:00+00:00,34,1,487769,431.5,432.0,431.25,431.5,809,ZC.v.0
2024-11-21 11:00:00+00:00,34,1,487769,431.5,432.0,431.25,431.25,905,ZC.v.0
2024-11-21 12:00:00+00:00,34,1,487769,431.25,431.25,429.25,429.25,1388,ZC.v.0
2024-11-21 13:00:00+00:00,34,1,487769,429.5,430.0,429.0,429.25,2190,ZC.v.0
2024-11-21 14:00:00+00:00,34,1,487769,429.25,429.75,427.5,429.5,11955,ZC.v.0
2024-11-21 15:00:00+00:00,34,1,487769,429.5,429.5,427.25,427.5,9600,ZC.v.0
2024-11-21 16:00:00+00:00,34,1,487769,427.5,428.0,426.5,427.5,8746,ZC.v.0
2024-11-21 17:00:00+00:00,34,1,487769,427.5,428.0,426.25,426.25,6281,ZC.v.0
2024-11-21 18:00:00+00:00,34,1,487769,426.25,427.5,426.25,426.75,8489,ZC.v.0
2024-11-21 19:00:00+00:00,34,1,487769,426.75,427.5,426.25,427.0,10154,ZC.v.0
2024-11-22 01:00:00+00:00,34,1,487769,426.75,427.75,426.5,427.5,2062,ZC.v.0
2024-11-22 02:00:00+00:00,34,1,487769,427.25,428.0,427.25,427.75,596,ZC.v.0
2024-11-22 03:00:00+00:00,34,1,487769,427.5,427.75,427.25,427.75,225,ZC.v.0
2024-11-22 04:00:00+00:00,34,1,487769,427.75,427.75,427.5,427.5,159,ZC.v.0
2024-11-22 05:00:00+00:00,34,1,487769,427.5,427.75,427.25,427.5,241,ZC.v.0
2024-11-22 06:00:00+00:00,34,1,487769,427.5,427.75,427.25,427.75,508,ZC.v.0
2024-11-22 07:00:00+00:00,34,1,487769,427.5,428.5,427.5,428.25,398,ZC.v.0
2024-11-22 08:00:00+00:00,34,1,487769,428.25,428.75,428.0,428.5,598,ZC.v.0
2024-11-22 09:00:00+00:00,34,1,487769,428.5,428.5,427.5,427.75,1096,ZC.v.0
2024-11-22 10:00:00+00:00,34,1,487769,427.5,429.0,427.5,428.75,334,ZC.v.0
2024-11-22 11:00:00+00:00,34,1,487769,428.75,429.0,428.5,428.5,583,ZC.v.0
2024-11-22 12:00:00+00:00,34,1,487769,428.75,429.5,428.25,429.0,889,ZC.v.0
2024-11-22 13:00:00+00:00,34,1,487769,429.0,429.5,428.5,428.75,1504,ZC.v.0
2024-11-22 14:00:00+00:00,34,1,487769,428.5,429.0,427.75,428.25,5208,ZC.v.0
2024-11-22 15:00:00+00:00,34,1,487769,428.25,429.25,427.5,427.5,6398,ZC.v.0
2024-11-22 16:00:00+00:00,34,1,487769,427.5,427.5,426.0,427.25,9617,ZC.v.0
2024-11-22 17:00:00+00:00,34,1,487769,427.25,427.5,426.25,426.5,6158,ZC.v.0
2024-11-22 18:00:00+00:00,34,1,487769,426.5,427.0,425.0,425.0,8810,ZC.v.0
2024-11-22 19:00:00+00:00,34,1,487769,425.0,426.0,425.0,426.0,11253,ZC.v.0
2024-11-25 01:00:00+00:00,34,1,626930,434.75,435.5,434.25,435.0,2344,ZC.v.0
2024-11-25 02:00:00+00:00,34,1,626930,435.0,435.75,435.0,435.5,356,ZC.v.0
2024-11-25 03:00:00+00:00,34,1,626930,435.5,435.75,434.5,434.75,707,ZC.v.0
2024-11-25 04:00:00+00:00,34,1,626930,434.75,434.75,434.25,434.25,450,ZC.v.0
2024-11-25 05:00:00+00:00,34,1,626930,434.5,434.5,434.25,434.25,68,ZC.v.0
2024-11-25 06:00:00+00:00,34,1,626930,434.25,435.25,434.25,435.0,740,ZC.v.0
2024-11-25 07:00:00+00:00,34,1,626930,435.0,435.25,434.25,434.5,613,ZC.v.0
2024-11-25 08:00:00+00:00,34,1,626930,434.5,434.75,433.75,434.0,1858,ZC.v.0
2024-11-25 09:00:00+00:00,34,1,626930,433.75,434.5,433.5,433.75,1452,ZC.v.0
2024-11-25 10:00:00+00:00,34,1,626930,433.75,434.25,433.5,434.25,680,ZC.v.0
2024-11-25 11:00:00+00:00,34,1,626930,434.0,434.25,433.25,433.5,1233,ZC.v.0
2024-11-25 12:00:00+00:00,34,1,626930,433.25,433.75,432.5,432.5,2639,ZC.v.0
2024-11-25 13:00:00+00:00,34,1,626930,432.75,433.0,432.25,432.25,3798,ZC.v.0
2024-11-25 14:00:00+00:00,34,1,626930,432.75,433.75,431.75,432.25,14941,ZC.v.0
2024-11-25 15:00:00+00:00,34,1,626930,432.5,435.25,432.25,432.75,19490,ZC.v.0
2024-11-25 16:00:00+00:00,34,1,626930,432.75,433.75,432.5,433.0,10832,ZC.v.0
2024-11-25 17:00:00+00:00,34,1,626930,433.0,434.5,432.5,432.5,10646,ZC.v.0
2024-11-25 18:00:00+00:00,34,1,626930,432.5,433.0,432.0,432.75,14262,ZC.v.0
2024-11-25 19:00:00+00:00,34,1,626930,432.5,433.5,432.5,433.25,15181,ZC.v.0
2024-11-26 01:00:00+00:00,34,1,626930,432.5,432.5,430.5,431.0,9861,ZC.v.0
2024-11-26 02:00:00+00:00,34,1,626930,431.0,431.5,430.75,431.25,1773,ZC.v.0
2024-11-26 03:00:00+00:00,34,1,626930,431.0,431.5,431.0,431.25,381,ZC.v.0
2024-11-26 04:00:00+00:00,34,1,626930,431.25,431.75,431.25,431.75,538,ZC.v.0
2024-11-26 05:00:00+00:00,34,1,626930,431.75,432.0,431.5,431.75,160,ZC.v.0
2024-11-26 06:00:00+00:00,34,1,626930,431.75,431.75,430.75,430.75,1315,ZC.v.0
2024-11-26 07:00:00+00:00,34,1,626930,431.0,431.0,430.5,430.75,1644,ZC.v.0
2024-11-26 08:00:00+00:00,34,1,626930,430.75,430.75,430.25,430.75,1746,ZC.v.0
2024-11-26 09:00:00+00:00,34,1,626930,430.75,431.5,430.5,431.25,2620,ZC.v.0
2024-11-26 10:00:00+00:00,34,1,626930,431.25,433.0,431.0,432.75,2151,ZC.v.0
2024-11-26 11:00:00+00:00,34,1,626930,433.0,433.75,432.5,433.5,1820,ZC.v.0
2024-11-26 12:00:00+00:00,34,1,626930,433.5,434.0,431.5,431.5,3849,ZC.v.0
2024-11-26 13:00:00+00:00,34,1,626930,431.75,433.0,431.75,432.0,1607,ZC.v.0
2024-11-26 14:00:00+00:00,34,1,626930,432.0,432.25,430.25,430.75,12419,ZC.v.0
2024-11-26 15:00:00+00:00,34,1,626930,430.75,432.75,430.25,430.25,20323,ZC.v.0
2024-11-26 16:00:00+00:00,34,1,626930,430.5,430.75,426.5,427.25,33750,ZC.v.0
2024-11-26 17:00:00+00:00,34,1,626930,427.25,428.0,425.5,425.75,21275,ZC.v.0
2024-11-26 18:00:00+00:00,34,1,626930,425.75,428.25,425.5,427.75,22106,ZC.v.0
2024-11-26 19:00:00+00:00,34,1,626930,427.75,428.75,427.25,428.0,15133,ZC.v.0
2024-11-27 01:00:00+00:00,34,1,626930,427.75,428.75,427.5,428.25,3383,ZC.v.0
2024-11-27 02:00:00+00:00,34,1,626930,428.0,428.5,428.0,428.25,879,ZC.v.0
2024-11-27 03:00:00+00:00,34,1,626930,428.25,428.5,428.25,428.5,400,ZC.v.0
2024-11-27 04:00:00+00:00,34,1,626930,428.75,428.75,428.5,428.75,513,ZC.v.0
2024-11-27 05:00:00+00:00,34,1,626930,428.5,429.0,428.5,429.0,289,ZC.v.0
2024-11-27 06:00:00+00:00,34,1,626930,429.0,429.0,428.75,428.75,370,ZC.v.0
2024-11-27 07:00:00+00:00,34,1,626930,429.0,429.0,428.75,429.0,539,ZC.v.0
2024-11-27 08:00:00+00:00,34,1,626930,428.75,429.0,428.5,428.75,1310,ZC.v.0
2024-11-27 09:00:00+00:00,34,1,626930,428.75,429.25,428.0,428.5,2047,ZC.v.0
2024-11-27 10:00:00+00:00,34,1,626930,428.25,428.5,427.75,428.25,969,ZC.v.0
2024-11-27 11:00:00+00:00,34,1,626930,428.25,429.0,428.0,428.75,920,ZC.v.0
2024-11-27 12:00:00+00:00,34,1,626930,428.75,429.5,428.5,429.25,1924,ZC.v.0
2024-11-27 13:00:00+00:00,34,1,626930,429.5,430.25,429.25,430.0,4844,ZC.v.0
2024-11-27 14:00:00+00:00,34,1,626930,429.5,430.75,429.0,429.5,17652,ZC.v.0
2024-11-27 15:00:00+00:00,34,1,626930,429.5,431.0,428.75,429.5,20433,ZC.v.0
2024-11-27 16:00:00+00:00,34,1,626930,429.5,430.25,429.0,429.25,14497,ZC.v.0
2024-11-27 17:00:00+00:00,34,1,626930,429.5,429.5,428.0,428.5,16038,ZC.v.0
2024-11-27 18:00:00+00:00,34,1,626930,428.75,428.75,427.5,428.25,12687,ZC.v.0
2024-11-27 19:00:00+00:00,34,1,626930,428.25,428.5,427.5,428.0,12190,ZC.v.0
2024-11-29 14:00:00+00:00,34,1,626930,428.0,431.0,427.25,430.5,24947,ZC.v.0
2024-11-29 15:00:00+00:00,34,1,626930,430.5,432.0,430.0,431.25,19672,ZC.v.0
2024-11-29 16:00:00+00:00,34,1,626930,431.25,432.75,431.0,432.0,19269,ZC.v.0
2024-11-29 17:00:00+00:00,34,1,626930,432.0,433.25,431.0,433.0,22404,ZC.v.0
2024-11-29 18:00:00+00:00,34,1,626930,433.25,433.75,432.5,433.25,4174,ZC.v.0
2024-12-02 01:00:00+00:00,34,1,626930,433.0,433.5,431.0,431.25,6926,ZC.v.0
2024-12-02 02:00:00+00:00,34,1,626930,431.25,431.25,430.5,430.75,1041,ZC.v.0
2024-12-02 03:00:00+00:00,34,1,626930,430.75,431.0,430.5,430.5,624,ZC.v.0
2024-12-02 04:00:00+00:00,34,1,626930,430.5,430.75,430.5,430.5,152,ZC.v.0
2024-12-02 05:00:00+00:00,34,1,626930,430.75,431.0,430.5,430.5,609,ZC.v.0
2024-12-02 06:00:00+00:00,34,1,626930,430.5,431.0,430.5,430.5,899,ZC.v.0
2024-12-02 07:00:00+00:00,34,1,626930,430.5,430.75,430.0,430.25,1352,ZC.v.0
2024-12-02 08:00:00+00:00,34,1,626930,430.0,430.5,429.75,430.0,1638,ZC.v.0
2024-12-02 09:00:00+00:00,34,1,626930,430.25,431.0,430.0,430.75,2545,ZC.v.0
2024-12-02 10:00:00+00:00,34,1,626930,430.5,431.75,430.5,431.25,1793,ZC.v.0
2024-12-02 11:00:00+00:00,34,1,626930,431.0,431.5,430.75,431.25,1120,ZC.v.0
2024-12-02 12:00:00+00:00,34,1,626930,431.25,431.5,431.0,431.25,1909,ZC.v.0
2024-12-02 13:00:00+00:00,34,1,626930,431.5,431.75,431.0,431.25,1577,ZC.v.0
2024-12-02 14:00:00+00:00,34,1,626930,431.25,432.5,430.25,432.0,19290,ZC.v.0
2024-12-02 15:00:00+00:00,34,1,626930,432.0,435.0,431.5,434.25,29794,ZC.v.0
2024-12-02 16:00:00+00:00,34,1,626930,434.5,434.75,432.0,432.25,20077,ZC.v.0
2024-12-02 17:00:00+00:00,34,1,626930,432.0,434.0,432.0,433.5,14263,ZC.v.0
2024-12-02 18:00:00+00:00,34,1,626930,433.5,433.75,432.25,432.5,11350,ZC.v.0
2024-12-02 19:00:00+00:00,34,1,626930,432.5,433.5,432.0,433.25,14773,ZC.v.0
2024-12-03 01:00:00+00:00,34,1,626930,433.0,434.0,433.0,433.25,3521,ZC.v.0
2024-12-03 02:00:00+00:00,34,1,626930,433.25,433.75,433.0,433.5,1001,ZC.v.0
2024-12-03 03:00:00+00:00,34,1,626930,433.75,434.0,433.25,433.75,510,ZC.v.0
2024-12-03 04:00:00+00:00,34,1,626930,433.75,433.75,433.25,433.25,379,ZC.v.0
2024-12-03 05:00:00+00:00,34,1,626930,433.25,433.5,433.0,433.25,192,ZC.v.0
2024-12-03 06:00:00+00:00,34,1,626930,433.25,433.5,433.25,433.5,295,ZC.v.0
2024-12-03 07:00:00+00:00,34,1,626930,433.5,433.75,433.25,433.75,337,ZC.v.0
2024-12-03 08:00:00+00:00,34,1,626930,433.5,434.0,433.25,433.5,1157,ZC.v.0
2024-12-03 09:00:00+00:00,34,1,626930,433.5,434.5,433.25,434.25,1537,ZC.v.0
2024-12-03 10:00:00+00:00,34,1,626930,434.25,434.25,433.75,434.0,1032,ZC.v.0
2024-12-03 11:00:00+00:00,34,1,626930,434.0,434.25,433.75,434.0,1516,ZC.v.0
2024-12-03 12:00:00+00:00,34,1,626930,434.0,435.0,434.0,434.25,2095,ZC.v.0
2024-12-03 13:00:00+00:00,34,1,626930,434.0,435.5,433.75,435.25,5372,ZC.v.0
2024-12-03 14:00:00+00:00,34,1,626930,435.25,436.0,433.5,434.25,18727,ZC.v.0
2024-12-03 15:00:00+00:00,34,1,626930,434.25,434.75,432.5,433.0,19836,ZC.v.0
2024-12-03 16:00:00+00:00,34,1,626930,432.75,433.0,431.25,432.0,12071,ZC.v.0
2024-12-03 17:00:00+00:00,34,1,626930,432.0,432.5,431.0,431.25,12087,ZC.v.0
2024-12-03 18:00:00+00:00,34,1,626930,431.25,432.5,431.0,432.0,9381,ZC.v.0
2024-12-03 19:00:00+00:00,34,1,626930,432.0,432.5,431.75,432.25,10225,ZC.v.0
2024-12-04 01:00:00+00:00,34,1,626930,432.0,432.75,432.0,432.75,2548,ZC.v.0
2024-12-04 02:00:00+00:00,34,1,626930,432.5,432.75,432.25,432.25,342,ZC.v.0
2024-12-04 03:00:00+00:00,34,1,626930,432.25,432.5,432.0,432.25,163,ZC.v.0
2024-12-04 04:00:00+00:00,34,1,626930,432.0,432.25,432.0,432.25,53,ZC.v.0
2024-12-04 05:00:00+00:00,34,1,626930,432.25,432.5,432.25,432.5,651,ZC.v.0
2024-12-04 06:00:00+00:00,34,1,626930,432.5,432.5,432.0,432.25,557,ZC.v.0
2024-12-04 07:00:00+00:00,34,1,626930,432.0,432.5,432.0,432.5,898,ZC.v.0
2024-12-04 08:00:00+00:00,34,1,626930,432.5,432.5,431.25,431.25,1412,ZC.v.0
2024-12-04 09:00:00+00:00,34,1,626930,431.5,431.5,430.75,430.75,2754,ZC.v.0
2024-12-04 10:00:00+00:00,34,1,626930,431.0,431.25,430.75,430.75,1042,ZC.v.0
2024-12-04 11:00:00+00:00,34,1,626930,430.75,431.0,430.0,430.75,1969,ZC.v.0
2024-12-04 12:00:00+00:00,34,1,626930,430.5,430.75,430.0,430.25,1664,ZC.v.0
2024-12-04 13:00:00+00:00,34,1,626930,430.25,430.75,430.0,430.25,2442,ZC.v.0
2024-12-04 14:00:00+00:00,34,1,626930,430.5,432.25,429.5,432.25,16276,ZC.v.0
2024-12-04 15:00:00+00:00,34,1,626930,432.25,433.5,431.25,431.75,15967,ZC.v.0
2024-12-04 16:00:00+00:00,34,1,626930,431.5,431.75,430.0,430.75,13816,ZC.v.0
2024-12-04 17:00:00+00:00,34,1,626930,431.0,431.5,430.0,430.0,9459,ZC.v.0
2024-12-04 18:00:00+00:00,34,1,626930,430.25,430.75,429.5,430.0,15689,ZC.v.0
2024-12-04 19:00:00+00:00,34,1,626930,430.0,430.75,429.5,429.75,10313,ZC.v.0
2024-12-05 01:00:00+00:00,34,1,626930,429.5,429.75,428.25,428.5,6162,ZC.v.0
2024-12-05 02:00:00+00:00,34,1,626930,428.25,428.75,428.25,428.25,679,ZC.v.0
2024-12-05 03:00:00+00:00,34,1,626930,428.5,428.75,428.25,428.75,726,ZC.v.0
2024-12-05 04:00:00+00:00,34,1,626930,428.75,428.75,428.5,428.5,186,ZC.v.0
2024-12-05 05:00:00+00:00,34,1,626930,428.5,429.25,428.5,429.25,428,ZC.v.0
2024-12-05 06:00:00+00:00,34,1,626930,429.0,429.5,429.0,429.5,601,ZC.v.0
2024-12-05 07:00:00+00:00,34,1,626930,429.5,429.5,428.75,429.0,1012,ZC.v.0
2024-12-05 08:00:00+00:00,34,1,626930,429.0,430.0,429.0,429.75,1721,ZC.v.0
2024-12-05 09:00:00+00:00,34,1,626930,429.75,430.0,429.5,429.5,1324,ZC.v.0
2024-12-05 10:00:00+00:00,34,1,626930,429.75,430.5,429.5,430.0,1288,ZC.v.0
2024-12-05 11:00:00+00:00,34,1,626930,430.0,430.25,429.5,429.5,1251,ZC.v.0
2024-12-05 12:00:00+00:00,34,1,626930,429.5,430.0,429.0,430.0,1877,ZC.v.0
2024-12-05 13:00:00+00:00,34,1,626930,429.75,430.5,429.25,430.25,2825,ZC.v.0
2024-12-05 14:00:00+00:00,34,1,626930,430.25,432.5,429.75,431.75,15965,ZC.v.0
2024-12-05 15:00:00+00:00,34,1,626930,432.0,432.75,431.0,432.75,14367,ZC.v.0
2024-12-05 16:00:00+00:00,34,1,626930,432.5,434.5,432.5,434.0,21381,ZC.v.0
2024-12-05 17:00:00+00:00,34,1,626930,433.75,434.75,433.5,434.25,14258,ZC.v.0
2024-12-05 18:00:00+00:00,34,1,626930,434.5,435.0,434.0,434.75,14063,ZC.v.0
2024-12-05 19:00:00+00:00,34,1,626930,434.75,436.0,434.5,436.0,20573,ZC.v.0
2024-12-06 01:00:00+00:00,34,1,626930,435.0,435.5,434.5,434.75,4749,ZC.v.0
2024-12-06 02:00:00+00:00,34,1,626930,435.0,435.0,434.5,434.75,876,ZC.v.0
2024-12-06 03:00:00+00:00,34,1,626930,434.75,435.25,434.75,435.0,175,ZC.v.0
2024-12-06 04:00:00+00:00,34,1,626930,435.0,435.0,434.75,435.0,243,ZC.v.0
2024-12-06 05:00:00+00:00,34,1,626930,434.75,435.0,434.75,435.0,205,ZC.v.0
2024-12-06 06:00:00+00:00,34,1,626930,435.0,435.5,435.0,435.25,951,ZC.v.0
2024-12-06 07:00:00+00:00,34,1,626930,435.5,435.5,435.0,435.0,118,ZC.v.0
2024-12-06 08:00:00+00:00,34,1,626930,435.0,435.5,435.0,435.25,605,ZC.v.0
2024-12-06 09:00:00+00:00,34,1,626930,435.5,435.75,435.0,435.5,2145,ZC.v.0
2024-12-06 10:00:00+00:00,34,1,626930,435.25,436.0,435.0,435.0,1432,ZC.v.0
2024-12-06 11:00:00+00:00,34,1,626930,435.25,436.0,435.0,435.75,1405,ZC.v.0
2024-12-06 12:00:00+00:00,34,1,626930,435.75,436.5,435.5,435.75,2374,ZC.v.0
2024-12-06 13:00:00+00:00,34,1,626930,435.75,436.75,435.75,436.25,2899,ZC.v.0
2024-12-06 14:00:00+00:00,34,1,626930,436.25,437.25,435.5,436.5,22614,ZC.v.0
2024-12-06 15:00:00+00:00,34,1,626930,436.25,438.75,436.25,438.25,31548,ZC.v.0
2024-12-06 16:00:00+00:00,34,1,626930,438.25,440.0,438.0,439.5,27229,ZC.v.0
2024-12-06 17:00:00+00:00,34,1,626930,439.5,440.25,439.25,440.25,29606,ZC.v.0
2024-12-06 18:00:00+00:00,34,1,626930,440.25,440.5,439.5,440.0,20572,ZC.v.0
2024-12-06 19:00:00+00:00,34,1,626930,439.75,440.5,439.75,440.0,18861,ZC.v.0
2024-12-09 01:00:00+00:00,34,1,626930,439.25,439.75,438.5,439.25,5791,ZC.v.0
2024-12-09 02:00:00+00:00,34,1,626930,439.5,440.0,439.25,439.5,1970,ZC.v.0
2024-12-09 03:00:00+00:00,34,1,626930,439.5,439.5,439.25,439.5,318,ZC.v.0
2024-12-09 04:00:00+00:00,34,1,626930,439.25,439.5,439.25,439.5,202,ZC.v.0
2024-12-09 05:00:00+00:00,34,1,626930,439.5,439.75,439.25,439.5,264,ZC.v.0
2024-12-09 06:00:00+00:00,34,1,626930,439.5,439.75,439.5,439.75,521,ZC.v.0
2024-12-09 07:00:00+00:00,34,1,626930,439.5,440.0,439.25,439.75,962,ZC.v.0
2024-12-09 08:00:00+00:00,34,1,626930,440.0,441.0,439.75,440.25,3289,ZC.v.0
2024-12-09 09:00:00+00:00,34,1,626930,440.25,440.25,439.75,440.0,1241,ZC.v.0
2024-12-09 10:00:00+00:00,34,1,626930,440.0,440.25,439.0,439.25,1204,ZC.v.0
2024-12-09 11:00:00+00:00,34,1,626930,439.5,440.5,439.25,440.25,1209,ZC.v.0
2024-12-09 12:00:00+00:00,34,1,626930,440.0,440.75,440.0,440.75,2432,ZC.v.0
2024-12-09 13:00:00+00:00,34,1,626930,440.5,441.0,440.25,440.75,3739,ZC.v.0
2024-12-09 14:00:00+00:00,34,1,626930,440.75,442.0,440.0,441.25,25462,ZC.v.0
2024-12-09 15:00:00+00:00,34,1,626930,441.25,441.75,437.5,439.5,31451,ZC.v.0
2024-12-09 16:00:00+00:00,34,1,626930,439.25,441.75,439.0,441.25,21350,ZC.v.0
2024-12-09 17:00:00+00:00,34,1,626930,441.25,441.75,440.25,441.5,13579,ZC.v.0
2024-12-09 18:00:00+00:00,34,1,626930,441.25,441.75,440.75,441.25,12052,ZC.v.0
2024-12-09 19:00:00+00:00,34,1,626930,441.25,442.0,441.0,441.25,17324,ZC.v.0
2024-12-10 01:00:00+00:00,34,1,626930,441.0,441.5,440.75,441.25,3167,ZC.v.0
2024-12-10 02:00:00+00:00,34,1,626930,441.25,441.5,441.25,441.5,747,ZC.v.0
2024-12-10 03:00:00+00:00,34,1,626930,441.25,441.5,441.0,441.25,641,ZC.v.0
2024-12-10 04:00:00+00:00,34,1,626930,441.25,441.25,441.0,441.0,79,ZC.v.0
2024-12-10 05:00:00+00:00,34,1,626930,441.0,441.0,440.75,441.0,672,ZC.v.0
2024-12-10 06:00:00+00:00,34,1,626930,441.0,441.25,440.75,441.0,217,ZC.v.0
2024-12-10 07:00:00+00:00,34,1,626930,441.0,441.25,440.75,441.0,782,ZC.v.0
2024-12-10 08:00:00+00:00,34,1,626930,441.0,441.5,440.75,440.75,913,ZC.v.0
2024-12-10 09:00:00+00:00,34,1,626930,440.75,441.25,440.75,441.25,917,ZC.v.0
2024-12-10 10:00:00+00:00,34,1,626930,441.25,441.75,441.0,441.5,1102,ZC.v.0
2024-12-10 11:00:00+00:00,34,1,626930,441.5,441.5,440.75,441.0,1033,ZC.v.0
2024-12-10 12:00:00+00:00,34,1,626930,441.0,441.5,440.75,441.25,1324,ZC.v.0
2024-12-10 13:00:00+00:00,34,1,626930,441.5,441.5,441.0,441.25,2093,ZC.v.0
2024-12-10 14:00:00+00:00,34,1,626930,440.75,442.25,440.75,441.5,16629,ZC.v.0
2024-12-10 15:00:00+00:00,34,1,626930,441.5,442.5,441.5,441.75,19073,ZC.v.0
2024-12-10 16:00:00+00:00,34,1,626930,442.0,442.75,441.25,442.25,18853,ZC.v.0
2024-12-10 17:00:00+00:00,34,1,626930,442.5,447.75,442.25,447.75,89764,ZC.v.0
2024-12-10 18:00:00+00:00,34,1,626930,447.5,450.0,447.5,449.0,47514,ZC.v.0
2024-12-10 19:00:00+00:00,34,1,626930,448.75,449.25,448.25,448.5,28458,ZC.v.0
2024-12-11 01:00:00+00:00,34,1,626930,448.0,449.25,447.75,449.25,9898,ZC.v.0
2024-12-11 02:00:00+00:00,34,1,626930,449.0,449.5,449.0,449.25,1428,ZC.v.0
2024-12-11 03:00:00+00:00,34,1,626930,449.5,449.75,449.25,449.75,2287,ZC.v.0
2024-12-11 04:00:00+00:00,34,1,626930,449.75,449.75,449.25,449.5,2020,ZC.v.0
2024-12-11 05:00:00+00:00,34,1,626930,449.5,449.75,449.5,449.75,428,ZC.v.0
2024-12-11 06:00:00+00:00,34,1,626930,449.75,449.75,449.25,449.75,464,ZC.v.0
2024-12-11 07:00:00+00:00,34,1,626930,449.75,449.75,449.25,449.5,867,ZC.v.0
2024-12-11 08:00:00+00:00,34,1,626930,449.25,449.5,449.0,449.0,1225,ZC.v.0
2024-12-11 09:00:00+00:00,34,1,626930,449.25,449.5,448.75,449.25,2142,ZC.v.0
2024-12-11 10:00:00+00:00,34,1,626930,449.25,449.5,449.0,449.5,938,ZC.v.0
2024-12-11 11:00:00+00:00,34,1,626930,449.25,449.75,449.25,449.25,2948,ZC.v.0
2024-12-11 12:00:00+00:00,34,1,626930,449.25,449.75,448.75,449.0,4509,ZC.v.0
2024-12-11 13:00:00+00:00,34,1,626930,449.25,450.75,449.0,450.25,12694,ZC.v.0
2024-12-11 14:00:00+00:00,34,1,626930,449.75,451.25,449.25,450.25,35742,ZC.v.0
2024-12-11 15:00:00+00:00,34,1,626930,450.0,450.5,449.0,450.0,34027,ZC.v.0
2024-12-11 16:00:00+00:00,34,1,626930,449.75,451.0,449.25,450.5,23847,ZC.v.0
2024-12-11 17:00:00+00:00,34,1,626930,450.5,450.75,449.75,450.5,15248,ZC.v.0
2024-12-11 18:00:00+00:00,34,1,626930,450.25,450.5,449.0,449.5,18435,ZC.v.0
2024-12-11 19:00:00+00:00,34,1,626930,449.25,449.5,447.75,448.0,24926,ZC.v.0
2024-12-12 01:00:00+00:00,34,1,626930,447.75,448.0,445.75,446.25,9168,ZC.v.0
2024-12-12 02:00:00+00:00,34,1,626930,446.25,446.5,446.0,446.25,891,ZC.v.0
2024-12-12 03:00:00+00:00,34,1,626930,446.25,446.75,446.25,446.75,1386,ZC.v.0
2024-12-12 04:00:00+00:00,34,1,626930,446.5,446.75,446.25,446.75,378,ZC.v.0
2024-12-12 05:00:00+00:00,34,1,626930,446.5,446.75,446.5,446.75,352,ZC.v.0
2024-12-12 06:00:00+00:00,34,1,626930,446.75,447.0,446.5,446.75,1081,ZC.v.0
2024-12-12 07:00:00+00:00,34,1,626930,446.75,447.0,446.25,446.5,1256,ZC.v.0
2024-12-12 08:00:00+00:00,34,1,626930,446.75,446.75,445.75,446.5,2169,ZC.v.0
2024-12-12 09:00:00+00:00,34,1,626930,446.5,446.75,446.0,446.75,1500,ZC.v.0
2024-12-12 10:00:00+00:00,34,1,626930,446.75,446.75,446.25,446.75,908,ZC.v.0
2024-12-12 11:00:00+00:00,34,1,626930,446.75,447.25,446.75,446.75,2585,ZC.v.0
2024-12-12 12:00:00+00:00,34,1,626930,446.5,447.75,446.5,447.5,3399,ZC.v.0
2024-12-12 13:00:00+00:00,34,1,626930,447.25,447.75,445.75,446.25,5931,ZC.v.0
2024-12-12 14:00:00+00:00,34,1,626930,446.0,448.0,445.75,447.0,26889,ZC.v.0
2024-12-12 15:00:00+00:00,34,1,626930,447.0,447.0,444.0,444.25,28205,ZC.v.0
2024-12-12 16:00:00+00:00,34,1,626930,444.5,444.5,442.5,443.25,26414,ZC.v.0
2024-12-12 17:00:00+00:00,34,1,626930,443.5,443.75,443.0,443.0,14590,ZC.v.0
2024-12-12 18:00:00+00:00,34,1,626930,443.25,444.0,443.0,443.5,14016,ZC.v.0
2024-12-12 19:00:00+00:00,34,1,626930,443.5,444.0,443.0,443.75,13448,ZC.v.0
2024-12-13 01:00:00+00:00,34,1,626930,443.5,443.75,442.75,443.0,2715,ZC.v.0
2024-12-13 02:00:00+00:00,34,1,626930,443.0,443.5,442.75,443.25,584,ZC.v.0
2024-12-13 03:00:00+00:00,34,1,626930,443.25,443.5,443.0,443.25,250,ZC.v.0
2024-12-13 04:00:00+00:00,34,1,626930,443.25,443.5,443.0,443.5,259,ZC.v.0
2024-12-13 05:00:00+00:00,34,1,626930,443.5,443.5,443.0,443.5,807,ZC.v.0
2024-12-13 06:00:00+00:00,34,1,626930,443.25,443.25,443.0,443.25,252,ZC.v.0
2024-12-13 07:00:00+00:00,34,1,626930,443.25,443.5,443.0,443.5,260,ZC.v.0
2024-12-13 08:00:00+00:00,34,1,626930,443.5,443.5,442.75,442.75,676,ZC.v.0
2024-12-13 09:00:00+00:00,34,1,626930,442.75,443.0,441.75,442.25,3342,ZC.v.0
2024-12-13 10:00:00+00:00,34,1,626930,442.0,442.75,442.0,442.25,2069,ZC.v.0
2024-12-13 11:00:00+00:00,34,1,626930,442.5,443.0,442.25,443.0,2136,ZC.v.0
2024-12-13 12:00:00+00:00,34,1,626930,442.75,444.0,442.75,444.0,1662,ZC.v.0
2024-12-13 13:00:00+00:00,34,1,626930,443.75,444.25,442.5,442.5,3276,ZC.v.0
2024-12-13 14:00:00+00:00,34,1,626930,442.5,443.5,442.0,443.0,18227,ZC.v.0
2024-12-13 15:00:00+00:00,34,1,626930,443.0,443.5,442.0,442.75,18388,ZC.v.0
2024-12-13 16:00:00+00:00,34,1,626930,443.0,443.0,441.25,441.5,14896,ZC.v.0
2024-12-13 17:00:00+00:00,34,1,626930,441.75,442.0,440.25,440.5,15689,ZC.v.0
2024-12-13 18:00:00+00:00,34,1,626930,440.5,441.75,440.0,441.5,14585,ZC.v.0
2024-12-13 19:00:00+00:00,34,1,626930,441.25,442.75,441.0,442.5,15246,ZC.v.0
2024-12-16 01:00:00+00:00,34,1,626930,441.25,442.75,441.25,442.5,3618,ZC.v.0
2024-12-16 02:00:00+00:00,34,1,626930,442.5,442.75,442.0,442.25,691,ZC.v.0
2024-12-16 03:00:00+00:00,34,1,626930,442.25,442.5,442.25,442.25,551,ZC.v.0
2024-12-16 04:00:00+00:00,34,1,626930,442.25,442.5,442.25,442.25,205,ZC.v.0
2024-12-16 05:00:00+00:00,34,1,626930,442.25,442.5,442.0,442.0,500,ZC.v.0
2024-12-16 06:00:00+00:00,34,1,626930,442.0,442.75,442.0,442.75,419,ZC.v.0
2024-12-16 07:00:00+00:00,34,1,626930,442.5,442.75,442.25,442.5,559,ZC.v.0
2024-12-16 08:00:00+00:00,34,1,626930,442.5,443.25,442.25,442.75,1270,ZC.v.0
2024-12-16 09:00:00+00:00,34,1,626930,442.75,443.75,442.75,443.5,1758,ZC.v.0
2024-12-16 10:00:00+00:00,34,1,626930,443.75,444.0,443.25,443.75,1834,ZC.v.0
2024-12-16 11:00:00+00:00,34,1,626930,443.5,444.25,443.5,444.0,1236,ZC.v.0
2024-12-16 12:00:00+00:00,34,1,626930,444.0,444.25,443.25,443.5,2835,ZC.v.0
2024-12-16 13:00:00+00:00,34,1,626930,443.75,444.25,443.5,444.0,2132,ZC.v.0
2024-12-16 14:00:00+00:00,34,1,626930,444.0,444.25,442.25,443.0,15860,ZC.v.0
2024-12-16 15:00:00+00:00,34,1,626930,442.75,445.0,442.5,444.0,22137,ZC.v.0
2024-12-16 16:00:00+00:00,34,1,626930,444.0,445.0,443.5,444.75,14017,ZC.v.0
2024-12-16 17:00:00+00:00,34,1,626930,444.75,445.75,443.75,444.5,18772,ZC.v.0
2024-12-16 18:00:00+00:00,34,1,626930,444.5,445.25,444.25,444.75,13340,ZC.v.0
2024-12-16 19:00:00+00:00,34,1,626930,444.5,445.5,444.25,445.0,19680,ZC.v.0
2024-12-17 01:00:00+00:00,34,1,626930,445.0,445.75,444.75,445.75,2977,ZC.v.0
2024-12-17 02:00:00+00:00,34,1,626930,445.5,446.0,445.5,446.0,713,ZC.v.0
2024-12-17 03:00:00+00:00,34,1,626930,446.0,446.0,445.5,446.0,625,ZC.v.0
2024-12-17 04:00:00+00:00,34,1,626930,446.0,446.0,445.75,445.75,237,ZC.v.0
2024-12-17 05:00:00+00:00,34,1,626930,446.0,446.5,445.75,446.25,813,ZC.v.0
2024-12-17 06:00:00+00:00,34,1,626930,446.25,446.5,446.25,446.5,355,ZC.v.0
2024-12-17 07:00:00+00:00,34,1,626930,446.5,446.5,446.25,446.25,832,ZC.v.0
2024-12-17 08:00:00+00:00,34,1,626930,446.25,446.75,445.5,445.5,1349,ZC.v.0
2024-12-17 09:00:00+00:00,34,1,626930,445.5,446.0,445.5,446.0,1481,ZC.v.0
2024-12-17 10:00:00+00:00,34,1,626930,446.0,446.5,445.25,445.75,2426,ZC.v.0
2024-12-17 11:00:00+00:00,34,1,626930,445.5,446.25,445.5,446.25,848,ZC.v.0
2024-12-17 12:00:00+00:00,34,1,626930,446.25,446.25,445.25,445.25,1808,ZC.v.0
2024-12-17 13:00:00+00:00,34,1,626930,445.25,445.75,444.5,445.25,4183,ZC.v.0
2024-12-17 14:00:00+00:00,34,1,626930,445.0,445.25,443.0,443.25,19390,ZC.v.0
2024-12-17 15:00:00+00:00,34,1,626930,443.25,443.5,442.0,442.0,22901,ZC.v.0
2024-12-17 16:00:00+00:00,34,1,626930,442.0,443.25,441.25,442.75,18946,ZC.v.0
2024-12-17 17:00:00+00:00,34,1,626930,443.0,443.5,442.0,442.5,12208,ZC.v.0
2024-12-17 18:00:00+00:00,34,1,626930,442.25,442.75,442.0,442.5,11108,ZC.v.0
2024-12-17 19:00:00+00:00,34,1,626930,442.5,444.25,442.5,443.5,16285,ZC.v.0
2024-12-18 01:00:00+00:00,34,1,626930,443.75,444.5,443.5,444.25,2169,ZC.v.0
2024-12-18 02:00:00+00:00,34,1,626930,444.5,444.5,444.0,444.0,696,ZC.v.0
2024-12-18 03:00:00+00:00,34,1,626930,444.0,444.25,443.25,443.25,1023,ZC.v.0
2024-12-18 04:00:00+00:00,34,1,626930,443.25,443.5,443.25,443.5,293,ZC.v.0
2024-12-18 05:00:00+00:00,34,1,626930,443.5,443.75,443.25,443.5,561,ZC.v.0
2024-12-18 06:00:00+00:00,34,1,626930,443.75,443.75,443.5,443.5,514,ZC.v.0
2024-12-18 07:00:00+00:00,34,1,626930,443.5,444.0,443.25,443.25,768,ZC.v.0
2024-12-18 08:00:00+00:00,34,1,626930,443.5,444.0,443.25,443.75,745,ZC.v.0
2024-12-18 09:00:00+00:00,34,1,626930,443.5,444.0,443.5,443.75,494,ZC.v.0
2024-12-18 10:00:00+00:00,34,1,626930,443.75,444.75,443.75,444.5,1656,ZC.v.0
2024-12-18 11:00:00+00:00,34,1,626930,444.25,444.75,444.25,444.5,744,ZC.v.0
2024-12-18 12:00:00+00:00,34,1,626930,444.25,444.5,444.0,444.0,1615,ZC.v.0
2024-12-18 13:00:00+00:00,34,1,626930,443.75,444.0,443.0,443.5,3415,ZC.v.0
2024-12-18 14:00:00+00:00,34,1,626930,443.5,446.5,442.75,445.5,20275,ZC.v.0
2024-12-18 15:00:00+00:00,34,1,626930,445.75,445.75,441.75,442.0,19138,ZC.v.0
2024-12-18 16:00:00+00:00,34,1,626930,441.75,442.5,439.0,439.0,22798,ZC.v.0
2024-12-18 17:00:00+00:00,34,1,626930,439.0,439.75,437.25,437.5,23864,ZC.v.0
2024-12-18 18:00:00+00:00,34,1,626930,437.75,438.5,437.25,438.25,16261,ZC.v.0
2024-12-18 19:00:00+00:00,34,1,626930,438.5,438.5,437.0,437.5,24007,ZC.v.0
2024-12-19 01:00:00+00:00,34,1,626930,437.0,437.75,436.5,437.25,5457,ZC.v.0
2024-12-19 02:00:00+00:00,34,1,626930,437.25,437.75,437.0,437.0,860,ZC.v.0
2024-12-19 03:00:00+00:00,34,1,626930,437.0,437.25,436.5,437.0,1018,ZC.v.0
2024-12-19 04:00:00+00:00,34,1,626930,437.0,437.25,437.0,437.0,671,ZC.v.0
2024-12-19 05:00:00+00:00,34,1,626930,436.75,437.0,436.5,436.75,715,ZC.v.0
2024-12-19 06:00:00+00:00,34,1,626930,436.75,437.5,436.75,437.25,990,ZC.v.0
2024-12-19 07:00:00+00:00,34,1,626930,437.25,437.75,437.0,437.25,1442,ZC.v.0
2024-12-19 08:00:00+00:00,34,1,626930,437.5,438.5,437.25,437.75,3231,ZC.v.0
2024-12-19 09:00:00+00:00,34,1,626930,437.75,438.25,437.5,437.75,2817,ZC.v.0
2024-12-19 10:00:00+00:00,34,1,626930,437.75,437.75,436.5,436.5,2269,ZC.v.0
2024-12-19 11:00:00+00:00,34,1,626930,436.5,436.5,436.0,436.25,3216,ZC.v.0
2024-12-19 12:00:00+00:00,34,1,626930,436.0,436.5,435.75,436.0,3964,ZC.v.0
2024-12-19 13:00:00+00:00,34,1,626930,436.25,437.5,435.75,437.25,5210,ZC.v.0
2024-12-19 14:00:00+00:00,34,1,626930,437.0,439.0,437.0,437.5,21076,ZC.v.0
2024-12-19 15:00:00+00:00,34,1,626930,437.5,438.75,436.5,438.25,23159,ZC.v.0
2024-12-19 16:00:00+00:00,34,1,626930,438.5,439.25,437.0,438.5,14868,ZC.v.0
2024-12-19 17:00:00+00:00,34,1,626930,438.75,440.0,437.75,439.75,14275,ZC.v.0
2024-12-19 18:00:00+00:00,34,1,626930,439.75,441.0,439.5,440.75,17700,ZC.v.0
2024-12-19 19:00:00+00:00,34,1,626930,440.75,441.0,440.0,440.5,17099,ZC.v.0
2024-12-20 01:00:00+00:00,34,1,626930,439.75,441.5,439.5,440.75,4068,ZC.v.0
2024-12-20 02:00:00+00:00,34,1,626930,440.75,441.5,440.75,441.25,708,ZC.v.0
2024-12-20 03:00:00+00:00,34,1,626930,441.25,441.75,441.0,441.25,930,ZC.v.0
2024-12-20 04:00:00+00:00,34,1,626930,441.5,441.75,441.25,441.75,295,ZC.v.0
2024-12-20 05:00:00+00:00,34,1,626930,441.75,442.25,441.5,442.25,648,ZC.v.0
2024-12-20 06:00:00+00:00,34,1,626930,442.25,442.75,442.0,442.5,898,ZC.v.0
2024-12-20 07:00:00+00:00,34,1,626930,442.75,443.0,442.5,442.75,291,ZC.v.0
2024-12-20 08:00:00+00:00,34,1,626930,442.5,443.5,442.5,443.25,2001,ZC.v.0
2024-12-20 09:00:00+00:00,34,1,626930,443.25,443.75,443.25,443.25,2518,ZC.v.0
2024-12-20 10:00:00+00:00,34,1,626930,443.25,443.75,443.25,443.5,2201,ZC.v.0
2024-12-20 11:00:00+00:00,34,1,626930,443.5,444.0,443.25,443.75,3187,ZC.v.0
2024-12-20 12:00:00+00:00,34,1,626930,443.75,444.25,443.5,443.5,3293,ZC.v.0
2024-12-20 13:00:00+00:00,34,1,626930,443.5,444.25,443.5,444.0,4004,ZC.v.0
2024-12-20 14:00:00+00:00,34,1,626930,443.75,446.0,443.5,444.5,24934,ZC.v.0
2024-12-20 15:00:00+00:00,34,1,626930,444.75,445.75,443.75,445.25,23154,ZC.v.0
2024-12-20 16:00:00+00:00,34,1,626930,445.0,447.0,444.25,446.25,22243,ZC.v.0
2024-12-20 17:00:00+00:00,34,1,626930,446.5,447.5,445.25,447.5,18490,ZC.v.0
2024-12-20 18:00:00+00:00,34,1,626930,447.5,447.5,446.0,446.75,17680,ZC.v.0
2024-12-20 19:00:00+00:00,34,1,626930,446.5,447.0,446.0,446.0,15243,ZC.v.0
2024-12-23 01:00:00+00:00,34,1,626930,446.0,447.5,445.5,447.25,5840,ZC.v.0
2024-12-23 02:00:00+00:00,34,1,626930,447.25,447.75,447.0,447.75,2190,ZC.v.0
2024-12-23 03:00:00+00:00,34,1,626930,447.75,447.75,447.5,447.5,279,ZC.v.0
2024-12-23 04:00:00+00:00,34,1,626930,447.5,448.0,447.25,447.75,757,ZC.v.0
2024-12-23 05:00:00+00:00,34,1,626930,447.5,447.75,447.25,447.5,351,ZC.v.0
2024-12-23 06:00:00+00:00,34,1,626930,447.25,447.5,447.25,447.5,330,ZC.v.0
2024-12-23 07:00:00+00:00,34,1,626930,447.5,447.5,447.25,447.25,464,ZC.v.0
2024-12-23 08:00:00+00:00,34,1,626930,447.5,447.75,447.25,447.5,1214,ZC.v.0
2024-12-23 09:00:00+00:00,34,1,626930,447.75,448.0,447.5,447.75,824,ZC.v.0
2024-12-23 10:00:00+00:00,34,1,626930,447.75,447.75,447.25,447.75,2228,ZC.v.0
2024-12-23 11:00:00+00:00,34,1,626930,447.75,448.0,447.5,447.75,1553,ZC.v.0
2024-12-23 12:00:00+00:00,34,1,626930,447.75,448.25,447.5,447.5,3171,ZC.v.0
2024-12-23 13:00:00+00:00,34,1,626930,447.5,448.0,447.0,448.0,3367,ZC.v.0
2024-12-23 14:00:00+00:00,34,1,626930,447.5,447.75,445.75,446.0,15924,ZC.v.0
2024-12-23 15:00:00+00:00,34,1,626930,446.0,447.0,445.25,447.0,15517,ZC.v.0
2024-12-23 16:00:00+00:00,34,1,626930,447.0,447.5,446.25,447.25,11035,ZC.v.0
2024-12-23 17:00:00+00:00,34,1,626930,447.25,448.0,447.0,448.0,11497,ZC.v.0
2024-12-23 18:00:00+00:00,34,1,626930,448.0,448.0,447.25,448.0,8120,ZC.v.0
2024-12-23 19:00:00+00:00,34,1,626930,447.75,448.25,447.5,447.75,10549,ZC.v.0
2024-12-24 01:00:00+00:00,34,1,626930,447.25,448.0,447.0,447.75,3293,ZC.v.0
2024-12-24 02:00:00+00:00,34,1,626930,447.75,448.25,447.5,447.75,755,ZC.v.0
2024-12-24 03:00:00+00:00,34,1,626930,447.5,447.5,447.0,447.25,503,ZC.v.0
2024-12-24 04:00:00+00:00,34,1,626930,447.25,447.5,447.25,447.25,110,ZC.v.0
2024-12-24 05:00:00+00:00,34,1,626930,447.25,447.75,447.25,447.5,318,ZC.v.0
2024-12-24 06:00:00+00:00,34,1,626930,447.5,448.0,447.5,447.75,390,ZC.v.0
2024-12-24 07:00:00+00:00,34,1,626930,447.75,448.5,447.75,448.0,623,ZC.v.0
2024-12-24 08:00:00+00:00,34,1,626930,448.25,448.25,447.5,448.0,1143,ZC.v.0
2024-12-24 09:00:00+00:00,34,1,626930,448.0,448.0,447.25,448.0,1049,ZC.v.0
2024-12-24 10:00:00+00:00,34,1,626930,448.0,448.0,447.5,447.5,367,ZC.v.0
2024-12-24 11:00:00+00:00,34,1,626930,447.5,447.75,447.25,447.75,472,ZC.v.0
2024-12-24 12:00:00+00:00,34,1,626930,447.75,448.0,447.25,447.25,1508,ZC.v.0
2024-12-24 13:00:00+00:00,34,1,626930,447.5,448.0,447.25,448.0,1312,ZC.v.0
2024-12-24 14:00:00+00:00,34,1,626930,447.75,448.75,447.5,447.75,11676,ZC.v.0
2024-12-24 15:00:00+00:00,34,1,626930,448.0,448.25,446.75,447.5,12195,ZC.v.0
2024-12-24 16:00:00+00:00,34,1,626930,447.5,448.5,447.25,448.0,5347,ZC.v.0
2024-12-24 17:00:00+00:00,34,1,626930,448.25,448.75,447.75,448.75,8508,ZC.v.0
2024-12-24 18:00:00+00:00,34,1,626930,448.75,448.75,448.25,448.5,2477,ZC.v.0
2024-12-26 14:00:00+00:00,34,1,626930,448.5,452.0,448.5,450.75,40098,ZC.v.0
2024-12-26 15:00:00+00:00,34,1,626930,451.0,453.0,450.5,453.0,26732,ZC.v.0
2024-12-26 16:00:00+00:00,34,1,626930,452.75,453.75,452.25,453.0,17271,ZC.v.0
2024-12-26 17:00:00+00:00,34,1,626930,453.0,453.25,451.5,452.25,19040,ZC.v.0
2024-12-26 18:00:00+00:00,34,1,626930,452.0,453.75,451.75,453.75,12824,ZC.v.0
2024-12-26 19:00:00+00:00,34,1,626930,453.5,454.25,453.25,453.75,20052,ZC.v.0
2024-12-27 01:00:00+00:00,34,1,626930,453.25,453.75,453.0,453.25,4145,ZC.v.0
2024-12-27 02:00:00+00:00,34,1,626930,453.0,453.5,453.0,453.5,1141,ZC.v.0
2024-12-27 03:00:00+00:00,34,1,626930,453.5,453.75,453.5,453.5,535,ZC.v.0
2024-12-27 04:00:00+00:00,34,1,626930,453.75,453.75,453.5,453.75,556,ZC.v.0
2024-12-27 05:00:00+00:00,34,1,626930,453.5,453.75,453.25,453.25,138,ZC.v.0
2024-12-27 06:00:00+00:00,34,1,626930,453.25,453.5,453.25,453.25,460,ZC.v.0
2024-12-27 07:00:00+00:00,34,1,626930,453.25,453.5,453.0,453.0,1195,ZC.v.0
2024-12-27 08:00:00+00:00,34,1,626930,453.25,453.5,452.75,453.5,1043,ZC.v.0
2024-12-27 09:00:00+00:00,34,1,626930,453.5,453.5,452.75,452.75,992,ZC.v.0
2024-12-27 10:00:00+00:00,34,1,626930,453.0,453.0,452.5,452.75,936,ZC.v.0
2024-12-27 11:00:00+00:00,34,1,626930,452.75,453.25,452.75,452.75,1023,ZC.v.0
2024-12-27 12:00:00+00:00,34,1,626930,452.75,453.0,452.25,452.5,2999,ZC.v.0
2024-12-27 13:00:00+00:00,34,1,626930,452.75,454.25,452.5,453.75,5989,ZC.v.0
2024-12-27 14:00:00+00:00,34,1,626930,454.0,455.0,453.5,453.75,20562,ZC.v.0
2024-12-27 15:00:00+00:00,34,1,626930,453.75,454.5,453.5,453.5,16578,ZC.v.0
2024-12-27 16:00:00+00:00,34,1,626930,453.5,454.5,453.0,454.5,16425,ZC.v.0
2024-12-27 17:00:00+00:00,34,1,626930,454.5,455.0,454.25,454.5,14641,ZC.v.0
2024-12-27 18:00:00+00:00,34,1,626930,454.5,454.75,453.5,453.75,12629,ZC.v.0
2024-12-27 19:00:00+00:00,34,1,626930,453.5,454.25,453.25,453.75,17231,ZC.v.0
2024-12-30 01:00:00+00:00,34,1,626930,453.75,455.0,453.5,454.5,4721,ZC.v.0
2024-12-30 02:00:00+00:00,34,1,626930,454.75,455.0,454.25,455.0,2628,ZC.v.0
2024-12-30 03:00:00+00:00,34,1,626930,455.0,455.0,454.5,454.75,368,ZC.v.0
2024-12-30 04:00:00+00:00,34,1,626930,454.5,454.75,454.5,454.75,154,ZC.v.0
2024-12-30 05:00:00+00:00,34,1,626930,454.75,454.75,454.5,454.5,289,ZC.v.0
2024-12-30 06:00:00+00:00,34,1,626930,454.75,455.0,454.5,455.0,547,ZC.v.0
2024-12-30 07:00:00+00:00,34,1,626930,454.75,456.0,454.75,455.75,2678,ZC.v.0
2024-12-30 08:00:00+00:00,34,1,626930,455.75,456.75,455.75,456.5,3774,ZC.v.0
2024-12-30 09:00:00+00:00,34,1,626930,456.5,456.75,456.0,456.0,1232,ZC.v.0
2024-12-30 10:00:00+00:00,34,1,626930,456.0,456.25,455.5,455.75,1990,ZC.v.0
2024-12-30 11:00:00+00:00,34,1,626930,455.75,456.25,455.25,456.0,907,ZC.v.0
2024-12-30 12:00:00+00:00,34,1,626930,456.25,457.5,456.0,457.25,4464,ZC.v.0
2024-12-30 13:00:00+00:00,34,1,626930,457.0,457.75,457.0,457.75,3218,ZC.v.0
2024-12-30 14:00:00+00:00,34,1,626930,457.25,458.5,457.0,457.5,23730,ZC.v.0
2024-12-30 15:00:00+00:00,34,1,626930,457.5,458.0,452.75,453.0,27578,ZC.v.0
2024-12-30 16:00:00+00:00,34,1,626930,453.0,453.25,450.25,451.25,25269,ZC.v.0
2024-12-30 17:00:00+00:00,34,1,626930,451.5,452.5,450.25,450.25,14509,ZC.v.0
2024-12-30 18:00:00+00:00,34,1,626930,450.25,452.25,449.75,451.5,21542,ZC.v.0
2024-12-30 19:00:00+00:00,34,1,626930,451.5,453.25,451.25,452.75,14476,ZC.v.0
2024-12-31 01:00:00+00:00,34,1,626930,452.25,453.0,452.0,452.75,2044,ZC.v.0
2024-12-31 02:00:00+00:00,34,1,626930,452.5,452.75,452.25,452.25,314,ZC.v.0
2024-12-31 03:00:00+00:00,34,1,626930,452.25,452.75,452.25,452.75,216,ZC.v.0
2024-12-31 04:00:00+00:00,34,1,626930,452.5,452.75,452.25,452.5,226,ZC.v.0
2024-12-31 05:00:00+00:00,34,1,626930,452.5,453.0,452.5,452.75,306,ZC.v.0
2024-12-31 06:00:00+00:00,34,1,626930,452.75,453.5,452.75,453.25,1128,ZC.v.0
2024-12-31 07:00:00+00:00,34,1,626930,453.5,453.75,453.0,453.25,1121,ZC.v.0
2024-12-31 08:00:00+00:00,34,1,626930,453.25,453.75,453.25,453.75,759,ZC.v.0
2024-12-31 09:00:00+00:00,34,1,626930,453.75,454.5,453.5,454.25,1691,ZC.v.0
2024-12-31 10:00:00+00:00,34,1,626930,454.25,454.25,454.0,454.25,633,ZC.v.0
2024-12-31 11:00:00+00:00,34,1,626930,454.25,455.0,454.25,455.0,531,ZC.v.0
2024-12-31 12:00:00+00:00,34,1,626930,454.75,455.25,454.5,454.5,3970,ZC.v.0
2024-12-31 13:00:00+00:00,34,1,626930,454.5,456.0,454.5,455.25,4218,ZC.v.0
2024-12-31 14:00:00+00:00,34,1,626930,455.0,456.75,455.0,456.0,15008,ZC.v.0
2024-12-31 15:00:00+00:00,34,1,626930,456.25,458.0,455.75,457.25,26004,ZC.v.0
2024-12-31 16:00:00+00:00,34,1,626930,457.5,457.75,456.25,457.0,17645,ZC.v.0
2024-12-31 17:00:00+00:00,34,1,626930,457.0,458.0,456.0,458.0,16613,ZC.v.0
2024-12-31 18:00:00+00:00,34,1,626930,457.75,458.75,457.5,458.5,17703,ZC.v.0
2024-12-31 19:00:00+00:00,34,1,626930,458.5,459.0,458.25,458.75,16788,ZC.v.0
2025-01-02 14:00:00+00:00,34,1,626930,457.25,459.0,456.25,458.75,33700,ZC.v.0
2025-01-02 15:00:00+00:00,34,1,626930,458.75,459.25,456.25,457.5,23421,ZC.v.0
2025-01-02 16:00:00+00:00,34,1,626930,457.75,459.25,457.5,459.0,16665,ZC.v.0
2025-01-02 17:00:00+00:00,34,1,626930,459.0,459.75,458.75,459.75,14431,ZC.v.0
2025-01-02 18:00:00+00:00,34,1,626930,459.75,459.75,458.5,459.0,12711,ZC.v.0
2025-01-02 19:00:00+00:00,34,1,626930,459.0,459.75,459.0,459.5,12870,ZC.v.0
2025-01-03 01:00:00+00:00,34,1,626930,459.5,459.75,459.25,459.25,3004,ZC.v.0
2025-01-03 02:00:00+00:00,34,1,626930,459.5,459.75,459.25,459.5,1497,ZC.v.0
2025-01-03 03:00:00+00:00,34,1,626930,459.25,459.5,458.75,459.0,903,ZC.v.0
2025-01-03 04:00:00+00:00,34,1,626930,459.25,459.5,459.0,459.25,217,ZC.v.0
2025-01-03 05:00:00+00:00,34,1,626930,459.5,459.5,458.75,458.75,434,ZC.v.0
2025-01-03 06:00:00+00:00,34,1,626930,458.75,459.0,458.25,458.75,1081,ZC.v.0
2025-01-03 07:00:00+00:00,34,1,626930,458.75,458.75,458.0,458.25,1132,ZC.v.0
2025-01-03 08:00:00+00:00,34,1,626930,458.5,458.5,458.25,458.25,1618,ZC.v.0
2025-01-03 09:00:00+00:00,34,1,626930,458.25,458.75,458.25,458.25,1509,ZC.v.0
2025-01-03 10:00:00+00:00,34,1,626930,458.25,458.75,458.0,458.25,1032,ZC.v.0
2025-01-03 11:00:00+00:00,34,1,626930,458.25,458.5,457.5,457.5,2392,ZC.v.0
2025-01-03 12:00:00+00:00,34,1,626930,457.25,457.5,456.25,456.5,3849,ZC.v.0
2025-01-03 13:00:00+00:00,34,1,626930,456.5,457.25,455.25,457.0,5128,ZC.v.0
2025-01-03 14:00:00+00:00,34,1,626930,457.25,457.25,453.75,454.0,28699,ZC.v.0
2025-01-03 15:00:00+00:00,34,1,626930,454.0,454.25,451.25,451.75,28082,ZC.v.0
2025-01-03 16:00:00+00:00,34,1,626930,452.0,452.5,450.5,450.75,20251,ZC.v.0
2025-01-03 17:00:00+00:00,34,1,626930,450.5,451.25,449.25,449.5,23173,ZC.v.0
2025-01-03 18:00:00+00:00,34,1,626930,449.5,451.0,449.5,450.75,19653,ZC.v.0
2025-01-03 19:00:00+00:00,34,1,626930,450.75,451.25,450.5,451.0,13775,ZC.v.0
2025-01-06 01:00:00+00:00,34,1,626930,451.5,454.5,451.5,454.25,5161,ZC.v.0
2025-01-06 02:00:00+00:00,34,1,626930,454.25,454.25,453.25,453.25,1788,ZC.v.0
2025-01-06 03:00:00+00:00,34,1,626930,453.5,453.5,453.25,453.25,267,ZC.v.0
2025-01-06 04:00:00+00:00,34,1,626930,453.25,453.75,453.25,453.5,256,ZC.v.0
2025-01-06 05:00:00+00:00,34,1,626930,453.75,453.75,453.25,453.5,320,ZC.v.0
2025-01-06 06:00:00+00:00,34,1,626930,453.5,453.75,453.25,453.75,795,ZC.v.0
2025-01-06 07:00:00+00:00,34,1,626930,453.5,453.75,453.25,453.5,369,ZC.v.0
2025-01-06 08:00:00+00:00,34,1,626930,453.5,454.5,453.5,454.25,1259,ZC.v.0
2025-01-06 09:00:00+00:00,34,1,626930,454.0,455.0,454.0,454.25,1501,ZC.v.0
2025-01-06 10:00:00+00:00,34,1,626930,454.25,454.75,454.25,454.5,968,ZC.v.0
2025-01-06 11:00:00+00:00,34,1,626930,454.25,456.0,454.25,456.0,3117,ZC.v.0
2025-01-06 12:00:00+00:00,34,1,626930,455.75,456.5,455.25,456.5,2345,ZC.v.0
2025-01-06 13:00:00+00:00,34,1,626930,456.25,457.25,456.25,456.5,3539,ZC.v.0
2025-01-06 14:00:00+00:00,34,1,626930,456.0,458.75,455.75,458.5,25459,ZC.v.0
2025-01-06 15:00:00+00:00,34,1,626930,458.5,460.25,458.25,459.75,38388,ZC.v.0
2025-01-06 16:00:00+00:00,34,1,626930,459.5,460.0,457.5,458.0,28282,ZC.v.0
2025-01-06 17:00:00+00:00,34,1,626930,457.75,459.0,457.0,458.75,17548,ZC.v.0
2025-01-06 18:00:00+00:00,34,1,626930,459.0,459.0,457.75,458.5,14702,ZC.v.0
2025-01-06 19:00:00+00:00,34,1,626930,458.25,458.5,456.75,456.75,19845,ZC.v.0
2025-01-07 01:00:00+00:00,34,1,626930,456.0,457.0,454.75,456.0,7912,ZC.v.0
2025-01-07 02:00:00+00:00,34,1,626930,456.0,456.0,455.5,455.75,502,ZC.v.0
2025-01-07 03:00:00+00:00,34,1,626930,455.5,455.5,455.0,455.25,393,ZC.v.0
2025-01-07 04:00:00+00:00,34,1,626930,455.25,455.25,455.0,455.0,213,ZC.v.0
2025-01-07 05:00:00+00:00,34,1,626930,455.0,455.25,454.75,454.75,508,ZC.v.0
2025-01-07 06:00:00+00:00,34,1,626930,454.75,455.0,454.25,454.25,1887,ZC.v.0
2025-01-07 07:00:00+00:00,34,1,626930,454.5,454.5,453.75,453.75,2173,ZC.v.0
2025-01-07 08:00:00+00:00,34,1,626930,454.0,454.0,453.25,453.25,1851,ZC.v.0
2025-01-07 09:00:00+00:00,34,1,626930,453.5,454.25,453.25,454.0,1335,ZC.v.0
2025-01-07 10:00:00+00:00,34,1,626930,454.25,455.75,453.5,455.75,3350,ZC.v.0
2025-01-07 11:00:00+00:00,34,1,626930,455.75,456.0,455.25,455.75,1960,ZC.v.0
2025-01-07 12:00:00+00:00,34,1,626930,455.5,456.25,455.0,455.5,2053,ZC.v.0
2025-01-07 13:00:00+00:00,34,1,626930,455.5,455.75,453.75,454.0,14782,ZC.v.0
2025-01-07 14:00:00+00:00,34,1,626930,454.0,455.75,453.0,454.25,20595,ZC.v.0
2025-01-07 15:00:00+00:00,34,1,626930,454.25,456.5,453.5,455.0,20503,ZC.v.0
2025-01-07 16:00:00+00:00,34,1,626930,455.0,455.25,454.25,454.75,14405,ZC.v.0
2025-01-07 17:00:00+00:00,34,1,626930,454.75,456.5,454.5,456.0,15839,ZC.v.0
2025-01-07 18:00:00+00:00,34,1,626930,456.25,458.0,456.0,457.75,16590,ZC.v.0
2025-01-07 19:00:00+00:00,34,1,626930,457.75,458.5,457.5,457.75,15090,ZC.v.0
2025-01-08 01:00:00+00:00,34,1,626930,457.75,458.5,456.75,457.75,2681,ZC.v.0
2025-01-08 02:00:00+00:00,34,1,626930,457.75,457.75,457.5,457.5,203,ZC.v.0
2025-01-08 03:00:00+00:00,34,1,626930,457.75,457.75,457.5,457.75,317,ZC.v.0
2025-01-08 04:00:00+00:00,34,1,626930,458.0,458.25,457.75,458.25,147,ZC.v.0
2025-01-08 05:00:00+00:00,34,1,626930,458.25,458.5,458.25,458.5,606,ZC.v.0
2025-01-08 06:00:00+00:00,34,1,626930,458.75,458.75,457.5,457.5,363,ZC.v.0
2025-01-08 07:00:00+00:00,34,1,626930,457.75,457.75,456.75,456.75,472,ZC.v.0
2025-01-08 08:00:00+00:00,34,1,626930,457.0,457.75,457.0,457.75,1050,ZC.v.0
2025-01-08 09:00:00+00:00,34,1,626930,458.0,459.25,457.75,459.0,2639,ZC.v.0
2025-01-08 10:00:00+00:00,34,1,626930,459.25,459.25,457.25,457.25,1975,ZC.v.0
2025-01-08 11:00:00+00:00,34,1,626930,457.5,457.75,457.0,457.75,1333,ZC.v.0
2025-01-08 12:00:00+00:00,34,1,626930,457.5,457.75,456.75,457.0,2493,ZC.v.0
2025-01-08 13:00:00+00:00,34,1,626930,456.75,457.0,455.75,456.0,4706,ZC.v.0
2025-01-08 14:00:00+00:00,34,1,626930,455.75,457.75,455.75,456.25,15976,ZC.v.0
2025-01-08 15:00:00+00:00,34,1,626930,456.0,457.0,455.5,457.0,16984,ZC.v.0
2025-01-08 16:00:00+00:00,34,1,626930,457.0,457.5,455.5,455.75,12442,ZC.v.0
2025-01-08 17:00:00+00:00,34,1,626930,455.5,455.5,454.5,455.25,15256,ZC.v.0
2025-01-08 18:00:00+00:00,34,1,626930,455.25,455.25,453.75,454.0,13888,ZC.v.0
2025-01-08 19:00:00+00:00,34,1,626930,453.75,454.25,453.5,454.0,15164,ZC.v.0
2025-01-09 01:00:00+00:00,34,1,626930,454.0,454.75,453.5,454.25,3787,ZC.v.0
2025-01-09 02:00:00+00:00,34,1,626930,454.0,454.5,453.75,454.5,586,ZC.v.0
2025-01-09 03:00:00+00:00,34,1,626930,454.25,454.75,454.0,454.5,294,ZC.v.0
2025-01-09 04:00:00+00:00,34,1,626930,454.5,454.75,454.25,454.5,1129,ZC.v.0
2025-01-09 05:00:00+00:00,34,1,626930,454.25,454.5,454.0,454.0,489,ZC.v.0
2025-01-09 06:00:00+00:00,34,1,626930,454.0,454.25,453.5,453.5,648,ZC.v.0
2025-01-09 07:00:00+00:00,34,1,626930,453.75,453.75,453.5,453.75,743,ZC.v.0
2025-01-09 08:00:00+00:00,34,1,626930,453.75,455.0,453.5,454.75,1510,ZC.v.0
2025-01-09 09:00:00+00:00,34,1,626930,454.75,455.0,454.25,454.5,962,ZC.v.0
2025-01-09 10:00:00+00:00,34,1,626930,454.5,454.5,453.75,454.25,1480,ZC.v.0
2025-01-09 11:00:00+00:00,34,1,626930,454.25,454.75,454.0,454.5,970,ZC.v.0
2025-01-09 12:00:00+00:00,34,1,626930,454.25,455.25,454.0,454.5,2502,ZC.v.0
2025-01-09 13:00:00+00:00,34,1,626930,454.5,455.25,454.0,454.75,4020,ZC.v.0
2025-01-09 14:00:00+00:00,34,1,626930,454.5,455.5,454.0,454.25,15088,ZC.v.0
2025-01-09 15:00:00+00:00,34,1,626930,454.25,455.75,453.75,454.0,19586,ZC.v.0
2025-01-09 16:00:00+00:00,34,1,626930,454.0,455.25,453.5,455.0,14475,ZC.v.0
2025-01-09 17:00:00+00:00,34,1,626930,455.25,457.25,455.0,456.0,20984,ZC.v.0
2025-01-09 18:00:00+00:00,34,1,626930,456.25,457.0,456.0,456.75,7158,ZC.v.0
2025-01-10 01:00:00+00:00,34,1,626930,456.0,456.75,455.75,456.75,5267,ZC.v.0
2025-01-10 02:00:00+00:00,34,1,626930,456.75,457.25,456.5,456.75,1412,ZC.v.0
2025-01-10 03:00:00+00:00,34,1,626930,456.75,456.75,456.25,456.75,304,ZC.v.0
2025-01-10 04:00:00+00:00,34,1,626930,456.75,456.75,455.75,455.75,972,ZC.v.0
2025-01-10 05:00:00+00:00,34,1,626930,456.0,456.5,456.0,456.25,1011,ZC.v.0
2025-01-10 06:00:00+00:00,34,1,626930,456.0,456.5,456.0,456.25,601,ZC.v.0
2025-01-10 07:00:00+00:00,34,1,626930,456.5,457.25,456.5,457.0,1106,ZC.v.0
2025-01-10 08:00:00+00:00,34,1,626930,457.25,457.75,457.0,457.75,649,ZC.v.0
2025-01-10 09:00:00+00:00,34,1,626930,457.75,457.75,457.25,457.5,966,ZC.v.0
2025-01-10 10:00:00+00:00,34,1,626930,457.25,458.0,457.25,457.5,1171,ZC.v.0
2025-01-10 11:00:00+00:00,34,1,626930,457.5,458.0,457.0,457.5,1722,ZC.v.0
2025-01-10 12:00:00+00:00,34,1,626930,457.75,458.0,456.75,457.5,2594,ZC.v.0
2025-01-10 13:00:00+00:00,34,1,626930,457.25,457.75,456.0,456.0,6603,ZC.v.0
2025-01-10 14:00:00+00:00,34,1,626930,456.0,457.5,456.0,457.0,13548,ZC.v.0
2025-01-10 15:00:00+00:00,34,1,626930,457.0,458.0,456.75,457.75,20610,ZC.v.0
2025-01-10 16:00:00+00:00,34,1,626930,457.5,458.75,456.75,458.0,23214,ZC.v.0
2025-01-10 17:00:00+00:00,34,1,626930,458.25,472.5,458.25,468.5,174484,ZC.v.0
2025-01-10 18:00:00+00:00,34,1,626930,468.5,470.0,466.5,469.25,39172,ZC.v.0
2025-01-10 19:00:00+00:00,34,1,626930,469.25,471.5,469.0,471.0,39438,ZC.v.0
2025-01-13 01:00:00+00:00,34,1,626930,469.75,473.5,469.25,472.25,17292,ZC.v.0
2025-01-13 02:00:00+00:00,34,1,626930,472.25,473.75,472.0,473.75,2372,ZC.v.0
2025-01-13 03:00:00+00:00,34,1,626930,473.75,474.0,473.5,473.75,1937,ZC.v.0
2025-01-13 04:00:00+00:00,34,1,626930,474.0,474.5,473.0,473.5,1640,ZC.v.0
2025-01-13 05:00:00+00:00,34,1,626930,473.5,473.75,473.0,473.5,1345,ZC.v.0
2025-01-13 06:00:00+00:00,34,1,626930,473.75,473.75,472.75,473.0,1477,ZC.v.0
2025-01-13 07:00:00+00:00,34,1,626930,473.0,473.25,472.0,473.25,2070,ZC.v.0
2025-01-13 08:00:00+00:00,34,1,626930,473.25,474.25,473.0,473.75,2450,ZC.v.0
2025-01-13 09:00:00+00:00,34,1,626930,473.75,474.75,473.0,474.25,4106,ZC.v.0
2025-01-13 10:00:00+00:00,34,1,626930,474.5,474.5,473.25,474.5,2143,ZC.v.0
2025-01-13 11:00:00+00:00,34,1,626930,474.5,475.0,474.0,475.0,4148,ZC.v.0
2025-01-13 12:00:00+00:00,34,1,626930,475.0,475.0,474.25,474.5,3966,ZC.v.0
2025-01-13 13:00:00+00:00,34,1,626930,474.5,475.0,472.25,473.0,10474,ZC.v.0
2025-01-13 14:00:00+00:00,34,1,626930,472.75,475.25,472.5,474.25,40664,ZC.v.0
2025-01-13 15:00:00+00:00,34,1,626930,474.0,474.75,473.0,474.5,41054,ZC.v.0
2025-01-13 16:00:00+00:00,34,1,626930,474.25,477.0,474.0,475.5,35495,ZC.v.0
2025-01-13 17:00:00+00:00,34,1,626930,475.75,476.25,473.5,475.75,29623,ZC.v.0
2025-01-13 18:00:00+00:00,34,1,626930,475.5,476.5,474.75,476.0,21662,ZC.v.0
2025-01-13 19:00:00+00:00,34,1,626930,476.25,476.75,475.75,475.75,18963,ZC.v.0
2025-01-14 01:00:00+00:00,34,1,626930,475.5,476.0,474.0,474.75,8109,ZC.v.0
2025-01-14 02:00:00+00:00,34,1,626930,475.0,475.0,474.25,474.75,1037,ZC.v.0
2025-01-14 03:00:00+00:00,34,1,626930,475.0,475.25,474.5,474.5,803,ZC.v.0
2025-01-14 04:00:00+00:00,34,1,626930,474.75,474.75,474.25,474.25,1234,ZC.v.0
2025-01-14 05:00:00+00:00,34,1,626930,474.5,474.75,474.25,474.75,869,ZC.v.0
2025-01-14 06:00:00+00:00,34,1,626930,474.75,475.0,474.25,474.5,1362,ZC.v.0
2025-01-14 07:00:00+00:00,34,1,626930,474.25,474.75,474.0,474.75,1182,ZC.v.0
2025-01-14 08:00:00+00:00,34,1,626930,474.75,475.25,474.5,475.0,1437,ZC.v.0
2025-01-14 09:00:00+00:00,34,1,626930,475.0,475.25,473.5,473.5,5110,ZC.v.0
2025-01-14 10:00:00+00:00,34,1,626930,473.75,474.5,473.5,474.25,2109,ZC.v.0
2025-01-14 11:00:00+00:00,34,1,626930,474.25,474.75,474.0,474.5,1138,ZC.v.0
2025-01-14 12:00:00+00:00,34,1,626930,474.5,474.75,473.75,474.25,2495,ZC.v.0
2025-01-14 13:00:00+00:00,34,1,626930,474.25,475.75,474.25,474.75,3898,ZC.v.0
2025-01-14 14:00:00+00:00,34,1,626930,474.75,478.25,473.5,478.0,33655,ZC.v.0
2025-01-14 15:00:00+00:00,34,1,626930,478.0,479.75,477.0,477.0,36500,ZC.v.0
2025-01-14 16:00:00+00:00,34,1,626930,477.0,477.25,475.0,476.75,22330,ZC.v.0
2025-01-14 17:00:00+00:00,34,1,626930,476.75,476.75,473.75,474.25,18506,ZC.v.0
2025-01-14 18:00:00+00:00,34,1,626930,474.0,474.75,473.5,474.25,15856,ZC.v.0
2025-01-14 19:00:00+00:00,34,1,626930,474.0,475.0,473.75,474.5,15113,ZC.v.0
2025-01-15 01:00:00+00:00,34,1,626930,474.25,476.0,474.0,475.75,3730,ZC.v.0
2025-01-15 02:00:00+00:00,34,1,626930,476.0,476.0,475.25,475.5,1054,ZC.v.0
2025-01-15 03:00:00+00:00,34,1,626930,475.75,476.25,475.5,476.25,635,ZC.v.0
2025-01-15 04:00:00+00:00,34,1,626930,476.0,476.0,475.75,476.0,106,ZC.v.0
2025-01-15 05:00:00+00:00,34,1,626930,476.0,476.25,475.75,476.0,201,ZC.v.0
2025-01-15 06:00:00+00:00,34,1,626930,476.25,476.5,476.0,476.5,593,ZC.v.0
2025-01-15 07:00:00+00:00,34,1,626930,476.5,476.75,476.25,476.5,1057,ZC.v.0
2025-01-15 08:00:00+00:00,34,1,626930,476.75,477.0,476.0,476.25,1416,ZC.v.0
2025-01-15 09:00:00+00:00,34,1,626930,476.0,476.0,475.0,476.0,1803,ZC.v.0
2025-01-15 10:00:00+00:00,34,1,626930,476.25,477.0,475.75,476.75,1596,ZC.v.0
2025-01-15 11:00:00+00:00,34,1,626930,476.5,477.0,476.0,476.25,2696,ZC.v.0
2025-01-15 12:00:00+00:00,34,1,626930,476.25,477.5,476.0,477.25,3284,ZC.v.0
2025-01-15 13:00:00+00:00,34,1,626930,477.0,478.0,477.0,477.5,4126,ZC.v.0
2025-01-15 14:00:00+00:00,34,1,626930,477.0,479.25,477.0,479.0,27105,ZC.v.0
2025-01-15 15:00:00+00:00,34,1,626930,479.25,479.25,477.25,478.5,22390,ZC.v.0
2025-01-15 16:00:00+00:00,34,1,626930,478.5,479.0,477.75,478.75,17181,ZC.v.0
2025-01-15 17:00:00+00:00,34,1,626930,478.5,479.5,477.75,479.0,18080,ZC.v.0
2025-01-15 18:00:00+00:00,34,1,626930,479.0,479.0,477.25,478.25,15679,ZC.v.0
2025-01-15 19:00:00+00:00,34,1,626930,478.25,479.0,478.0,478.75,14709,ZC.v.0
2025-01-16 01:00:00+00:00,34,1,626930,478.75,479.0,477.5,477.75,7395,ZC.v.0
2025-01-16 02:00:00+00:00,34,1,626930,477.75,478.5,477.5,478.25,1189,ZC.v.0
2025-01-16 03:00:00+00:00,34,1,626930,478.25,478.25,478.0,478.0,810,ZC.v.0
2025-01-16 04:00:00+00:00,34,1,626930,478.0,478.25,477.75,478.0,466,ZC.v.0
2025-01-16 05:00:00+00:00,34,1,626930,478.0,478.0,477.5,477.75,755,ZC.v.0
2025-01-16 06:00:00+00:00,34,1,626930,477.75,477.75,477.0,477.25,1400,ZC.v.0
2025-01-16 07:00:00+00:00,34,1,626930,477.5,477.75,477.25,477.25,801,ZC.v.0
2025-01-16 08:00:00+00:00,34,1,626930,477.25,477.5,475.75,476.25,3046,ZC.v.0
2025-01-16 09:00:00+00:00,34,1,626930,476.25,476.75,475.75,476.0,2147,ZC.v.0
2025-01-16 10:00:00+00:00,34,1,626930,476.0,476.25,475.5,476.0,2445,ZC.v.0
2025-01-16 11:00:00+00:00,34,1,626930,476.0,476.0,475.0,475.75,2722,ZC.v.0
2025-01-16 12:00:00+00:00,34,1,626930,475.5,475.75,474.75,475.0,2863,ZC.v.0
2025-01-16 13:00:00+00:00,34,1,626930,475.0,475.75,475.0,475.25,4257,ZC.v.0
2025-01-16 14:00:00+00:00,34,1,626930,475.25,475.75,474.25,474.75,23855,ZC.v.0
2025-01-16 15:00:00+00:00,34,1,626930,474.75,475.0,473.25,474.0,25968,ZC.v.0
2025-01-16 16:00:00+00:00,34,1,626930,474.0,476.5,473.75,476.25,21379,ZC.v.0
2025-01-16 17:00:00+00:00,34,1,626930,476.0,476.25,474.75,475.5,18370,ZC.v.0
2025-01-16 18:00:00+00:00,34,1,626930,475.5,475.75,474.25,474.5,10570,ZC.v.0
2025-01-16 19:00:00+00:00,34,1,626930,474.5,475.0,474.0,474.5,17218,ZC.v.0
2025-01-17 01:00:00+00:00,34,1,626930,474.0,477.25,474.0,477.0,6807,ZC.v.0
2025-01-17 02:00:00+00:00,34,1,626930,477.0,477.75,477.0,477.5,1358,ZC.v.0
2025-01-17 03:00:00+00:00,34,1,626930,477.5,477.75,477.5,477.5,631,ZC.v.0
2025-01-17 04:00:00+00:00,34,1,626930,477.5,477.5,477.0,477.25,350,ZC.v.0
2025-01-17 05:00:00+00:00,34,1,626930,477.25,477.5,477.0,477.25,909,ZC.v.0
2025-01-17 06:00:00+00:00,34,1,626930,477.0,477.5,477.0,477.25,476,ZC.v.0
2025-01-17 07:00:00+00:00,34,1,626930,477.25,478.25,477.0,478.0,1953,ZC.v.0
2025-01-17 08:00:00+00:00,34,1,626930,478.0,478.75,477.5,477.75,2288,ZC.v.0
2025-01-17 09:00:00+00:00,34,1,626930,477.75,478.5,477.5,478.0,1901,ZC.v.0
2025-01-17 10:00:00+00:00,34,1,626930,477.75,477.75,476.5,476.75,2629,ZC.v.0
2025-01-17 11:00:00+00:00,34,1,626930,476.75,477.0,475.5,476.0,3388,ZC.v.0
2025-01-17 12:00:00+00:00,34,1,626930,476.0,476.0,475.0,475.25,2393,ZC.v.0
2025-01-17 13:00:00+00:00,34,1,626930,475.25,477.25,474.75,477.0,6603,ZC.v.0
2025-01-17 14:00:00+00:00,34,1,626930,476.75,479.75,476.5,479.75,27251,ZC.v.0
2025-01-17 15:00:00+00:00,34,1,626930,479.75,482.75,479.25,482.25,47116,ZC.v.0
2025-01-17 16:00:00+00:00,34,1,626930,482.0,484.25,481.0,484.25,34820,ZC.v.0
2025-01-17 17:00:00+00:00,34,1,626930,484.25,484.75,480.75,484.75,30506,ZC.v.0
2025-01-17 18:00:00+00:00,34,1,626930,484.5,485.0,483.75,484.5,23694,ZC.v.0
2025-01-17 19:00:00+00:00,34,1,626930,484.25,485.0,483.5,484.75,24821,ZC.v.0
2025-01-21 01:00:00+00:00,34,1,626930,484.25,488.0,484.25,487.75,14352,ZC.v.0
2025-01-21 02:00:00+00:00,34,1,626930,487.75,490.5,487.5,490.0,8012,ZC.v.0
2025-01-21 03:00:00+00:00,34,1,626930,490.0,490.0,488.75,489.0,1406,ZC.v.0
2025-01-21 04:00:00+00:00,34,1,626930,489.25,489.75,488.75,489.5,552,ZC.v.0
2025-01-21 05:00:00+00:00,34,1,626930,489.25,489.75,489.0,489.75,825,ZC.v.0
2025-01-21 06:00:00+00:00,34,1,626930,489.75,490.0,488.75,489.25,2112,ZC.v.0
2025-01-21 07:00:00+00:00,34,1,626930,489.25,489.25,486.75,486.75,2515,ZC.v.0
2025-01-21 08:00:00+00:00,34,1,626930,487.0,487.25,486.25,487.0,2875,ZC.v.0
2025-01-21 09:00:00+00:00,34,1,626930,486.75,488.25,486.75,487.5,2485,ZC.v.0
2025-01-21 10:00:00+00:00,34,1,626930,487.75,489.25,487.5,487.75,3217,ZC.v.0
2025-01-21 11:00:00+00:00,34,1,626930,487.75,488.25,486.0,486.0,2775,ZC.v.0
2025-01-21 12:00:00+00:00,34,1,626930,486.25,487.5,485.5,487.5,5287,ZC.v.0
2025-01-21 13:00:00+00:00,34,1,626930,487.25,489.5,486.75,488.0,6103,ZC.v.0
2025-01-21 14:00:00+00:00,34,1,626930,488.0,489.25,483.5,484.25,41730,ZC.v.0
2025-01-21 15:00:00+00:00,34,1,626930,484.5,486.75,482.5,486.75,41435,ZC.v.0
2025-01-21 16:00:00+00:00,34,1,626930,486.75,489.0,486.25,488.75,22009,ZC.v.0
2025-01-21 17:00:00+00:00,34,1,626930,489.0,490.0,488.0,489.0,20679,ZC.v.0
2025-01-21 18:00:00+00:00,34,1,626930,489.25,490.0,488.25,489.0,15074,ZC.v.0
2025-01-21 19:00:00+00:00,34,1,626930,489.0,490.0,488.75,489.5,14846,ZC.v.0
2025-01-22 01:00:00+00:00,34,1,626930,489.5,489.75,486.25,487.25,11257,ZC.v.0
2025-01-22 02:00:00+00:00,34,1,626930,487.25,487.75,486.5,487.5,1349,ZC.v.0
2025-01-22 03:00:00+00:00,34,1,626930,487.75,488.5,487.0,487.5,1643,ZC.v.0
2025-01-22 04:00:00+00:00,34,1,626930,487.5,488.0,487.25,488.0,387,ZC.v.0
2025-01-22 05:00:00+00:00,34,1,626930,487.75,488.5,487.75,488.25,394,ZC.v.0
2025-01-22 06:00:00+00:00,34,1,626930,488.5,488.5,487.0,487.25,1176,ZC.v.0
2025-01-22 07:00:00+00:00,34,1,626930,487.5,488.5,487.5,488.0,815,ZC.v.0
2025-01-22 08:00:00+00:00,34,1,626930,488.0,488.5,487.0,488.5,2574,ZC.v.0
2025-01-22 09:00:00+00:00,34,1,626930,488.5,489.0,488.0,488.75,2491,ZC.v.0
2025-01-22 10:00:00+00:00,34,1,626930,489.0,489.0,488.0,488.25,1772,ZC.v.0
2025-01-22 11:00:00+00:00,34,1,626930,488.0,489.0,488.0,488.25,1871,ZC.v.0
2025-01-22 12:00:00+00:00,34,1,626930,488.5,489.0,487.75,488.0,2205,ZC.v.0
2025-01-22 13:00:00+00:00,34,1,626930,488.0,490.0,488.0,489.25,3522,ZC.v.0
2025-01-22 14:00:00+00:00,34,1,626930,489.0,492.25,488.25,489.25,28709,ZC.v.0
2025-01-22 15:00:00+00:00,34,1,626930,489.25,492.0,489.0,491.75,27177,ZC.v.0
2025-01-22 16:00:00+00:00,34,1,626930,491.75,492.0,486.5,488.25,34962,ZC.v.0
2025-01-22 17:00:00+00:00,34,1,626930,488.0,488.75,482.5,483.5,38161,ZC.v.0
2025-01-22 18:00:00+00:00,34,1,626930,483.75,485.75,483.5,484.0,19481,ZC.v.0
2025-01-22 19:00:00+00:00,34,1,626930,484.0,485.0,484.0,484.25,12193,ZC.v.0
2025-01-23 01:00:00+00:00,34,1,626930,484.25,484.75,482.25,482.25,5836,ZC.v.0
2025-01-23 02:00:00+00:00,34,1,626930,482.25,482.75,481.5,481.75,2776,ZC.v.0
2025-01-23 03:00:00+00:00,34,1,626930,482.0,482.5,481.75,482.25,708,ZC.v.0
2025-01-23 04:00:00+00:00,34,1,626930,482.25,482.75,482.0,482.75,272,ZC.v.0
2025-01-23 05:00:00+00:00,34,1,626930,482.5,482.75,482.25,482.25,504,ZC.v.0
2025-01-23 06:00:00+00:00,34,1,626930,482.25,482.5,481.75,482.0,593,ZC.v.0
2025-01-23 07:00:00+00:00,34,1,626930,482.0,482.0,481.5,481.75,1117,ZC.v.0
2025-01-23 08:00:00+00:00,34,1,626930,481.75,481.75,480.5,480.75,3981,ZC.v.0
2025-01-23 09:00:00+00:00,34,1,626930,480.75,482.0,480.75,481.75,1825,ZC.v.0
2025-01-23 10:00:00+00:00,34,1,626930,482.0,483.75,481.75,482.75,1318,ZC.v.0
2025-01-23 11:00:00+00:00,34,1,626930,482.75,484.0,482.75,483.75,1341,ZC.v.0
2025-01-23 12:00:00+00:00,34,1,626930,483.5,485.0,483.0,485.0,3008,ZC.v.0
2025-01-23 13:00:00+00:00,34,1,626930,484.75,486.0,484.25,484.75,4498,ZC.v.0
2025-01-23 14:00:00+00:00,34,1,626930,484.75,488.75,484.5,488.25,28898,ZC.v.0
2025-01-23 15:00:00+00:00,34,1,626930,488.25,491.75,488.25,491.25,37646,ZC.v.0
2025-01-23 16:00:00+00:00,34,1,626930,491.0,492.75,491.0,492.0,25640,ZC.v.0
2025-01-23 17:00:00+00:00,34,1,626930,492.25,494.5,491.75,494.5,23312,ZC.v.0
2025-01-23 18:00:00+00:00,34,1,626930,494.25,494.5,490.0,490.25,23481,ZC.v.0
2025-01-23 19:00:00+00:00,34,1,626930,490.25,491.0,489.0,489.25,16260,ZC.v.0
2025-01-24 01:00:00+00:00,34,1,626930,487.0,487.25,483.5,486.5,11615,ZC.v.0
2025-01-24 02:00:00+00:00,34,1,626930,486.5,487.0,486.0,486.5,2431,ZC.v.0
2025-01-24 03:00:00+00:00,34,1,626930,486.75,487.0,486.25,486.5,456,ZC.v.0
2025-01-24 04:00:00+00:00,34,1,626930,486.5,487.0,486.5,486.75,187,ZC.v.0
2025-01-24 05:00:00+00:00,34,1,626930,486.75,486.75,485.25,485.5,1730,ZC.v.0
2025-01-24 06:00:00+00:00,34,1,626930,485.5,486.75,485.25,485.5,1237,ZC.v.0
2025-01-24 07:00:00+00:00,34,1,626930,485.5,486.25,485.5,486.25,859,ZC.v.0
2025-01-24 08:00:00+00:00,34,1,626930,486.25,487.0,486.25,486.75,1459,ZC.v.0
2025-01-24 09:00:00+00:00,34,1,626930,487.0,487.5,486.25,486.75,1366,ZC.v.0
2025-01-24 10:00:00+00:00,34,1,626930,486.5,486.75,485.0,485.25,2509,ZC.v.0
2025-01-24 11:00:00+00:00,34,1,626930,485.5,485.75,484.0,484.0,1999,ZC.v.0
2025-01-24 12:00:00+00:00,34,1,626930,484.25,484.75,483.75,484.0,3105,ZC.v.0
2025-01-24 13:00:00+00:00,34,1,626930,483.75,487.25,483.5,486.75,7388,ZC.v.0
2025-01-24 14:00:00+00:00,34,1,626930,487.0,489.0,485.75,485.75,23912,ZC.v.0
2025-01-24 15:00:00+00:00,34,1,626930,486.0,489.25,485.0,487.75,22092,ZC.v.0
2025-01-24 16:00:00+00:00,34,1,626930,487.75,489.5,486.5,486.5,14053,ZC.v.0
2025-01-24 17:00:00+00:00,34,1,626930,486.5,488.0,485.5,485.5,12536,ZC.v.0
2025-01-24 18:00:00+00:00,34,1,626930,485.5,487.5,485.0,486.75,14547,ZC.v.0
2025-01-24 19:00:00+00:00,34,1,626930,486.5,487.0,485.75,485.75,17667,ZC.v.0
2025-01-27 01:00:00+00:00,34,1,626930,484.5,484.75,480.0,480.75,15129,ZC.v.0
2025-01-27 02:00:00+00:00,34,1,626930,481.0,481.25,480.5,480.75,1470,ZC.v.0
2025-01-27 03:00:00+00:00,34,1,626930,480.75,484.25,480.75,483.75,5378,ZC.v.0
2025-01-27 04:00:00+00:00,34,1,626930,483.75,484.25,483.5,484.0,616,ZC.v.0
2025-01-27 05:00:00+00:00,34,1,626930,484.0,484.0,483.25,483.75,791,ZC.v.0
2025-01-27 06:00:00+00:00,34,1,626930,484.0,484.25,482.75,482.75,994,ZC.v.0
2025-01-27 07:00:00+00:00,34,1,626930,483.0,483.0,482.25,482.25,1816,ZC.v.0
2025-01-27 08:00:00+00:00,34,1,626930,482.25,482.75,482.0,482.5,2902,ZC.v.0
2025-01-27 09:00:00+00:00,34,1,626930,482.75,483.0,482.0,482.5,1322,ZC.v.0
2025-01-27 10:00:00+00:00,34,1,626930,482.5,483.75,482.25,482.5,1602,ZC.v.0
2025-01-27 11:00:00+00:00,34,1,626930,482.5,483.5,481.75,481.75,2870,ZC.v.0
2025-01-27 12:00:00+00:00,34,1,626930,481.75,482.0,480.25,480.5,4326,ZC.v.0
2025-01-27 13:00:00+00:00,34,1,626930,480.5,481.25,479.0,479.25,9495,ZC.v.0
2025-01-27 14:00:00+00:00,34,1,626930,479.75,482.75,478.75,479.75,29795,ZC.v.0
2025-01-27 15:00:00+00:00,34,1,626930,479.75,481.25,478.75,478.75,27099,ZC.v.0
2025-01-27 16:00:00+00:00,34,1,626930,478.75,479.75,477.75,478.75,20759,ZC.v.0
2025-01-27 17:00:00+00:00,34,1,626930,478.75,481.5,478.75,480.5,12542,ZC.v.0
2025-01-27 18:00:00+00:00,34,1,626930,480.5,481.75,480.0,481.0,10658,ZC.v.0
2025-01-27 19:00:00+00:00,34,1,626930,481.0,482.75,481.0,482.25,17785,ZC.v.0
2025-01-28 01:00:00+00:00,34,1,626930,482.25,483.5,481.0,482.25,5109,ZC.v.0
2025-01-28 02:00:00+00:00,34,1,626930,482.5,483.0,482.0,482.25,532,ZC.v.0
2025-01-28 03:00:00+00:00,34,1,626930,482.5,483.0,482.5,482.5,234,ZC.v.0
2025-01-28 04:00:00+00:00,34,1,626930,482.75,483.25,482.5,483.25,157,ZC.v.0
2025-01-28 05:00:00+00:00,34,1,626930,483.0,483.25,482.75,482.75,744,ZC.v.0
2025-01-28 06:00:00+00:00,34,1,626930,482.75,483.5,482.75,482.75,758,ZC.v.0
2025-01-28 07:00:00+00:00,34,1,626930,482.5,482.75,481.75,481.75,2172,ZC.v.0
2025-01-28 08:00:00+00:00,34,1,626930,482.0,482.5,481.25,482.0,1069,ZC.v.0
2025-01-28 09:00:00+00:00,34,1,626930,482.0,482.75,481.25,482.5,1511,ZC.v.0
2025-01-28 10:00:00+00:00,34,1,626930,482.75,483.5,481.75,482.5,2038,ZC.v.0
2025-01-28 11:00:00+00:00,34,1,626930,482.75,483.75,482.25,483.5,1613,ZC.v.0
2025-01-28 12:00:00+00:00,34,1,626930,483.75,485.0,483.5,484.75,4066,ZC.v.0
2025-01-28 13:00:00+00:00,34,1,626930,484.5,485.25,483.75,484.75,6466,ZC.v.0
2025-01-28 14:00:00+00:00,34,1,626930,485.0,487.0,484.75,486.25,22529,ZC.v.0
2025-01-28 15:00:00+00:00,34,1,626930,486.0,487.75,485.25,486.5,24644,ZC.v.0
2025-01-28 16:00:00+00:00,34,1,626930,486.5,488.25,485.5,487.0,17905,ZC.v.0
2025-01-28 17:00:00+00:00,34,1,626930,487.0,488.75,486.25,488.5,15362,ZC.v.0
2025-01-28 18:00:00+00:00,34,1,626930,488.5,489.25,487.75,487.75,14872,ZC.v.0
2025-01-28 19:00:00+00:00,34,1,626930,488.0,488.0,484.5,485.25,25030,ZC.v.0
2025-01-29 01:00:00+00:00,34,1,626930,485.0,488.5,485.0,488.5,4642,ZC.v.0
2025-01-29 02:00:00+00:00,34,1,626930,488.5,490.0,488.25,489.5,3749,ZC.v.0
2025-01-29 03:00:00+00:00,34,1,626930,489.5,491.25,489.25,490.25,3191,ZC.v.0
2025-01-29 04:00:00+00:00,34,1,626930,490.25,491.0,490.25,490.5,433,ZC.v.0
2025-01-29 05:00:00+00:00,34,1,626930,490.5,490.5,489.5,489.75,674,ZC.v.0
2025-01-29 06:00:00+00:00,34,1,626930,490.0,491.0,489.75,490.5,5235,ZC.v.0
2025-01-29 07:00:00+00:00,34,1,626930,490.5,490.5,489.75,490.0,1429,ZC.v.0
2025-01-29 08:00:00+00:00,34,1,626930,490.25,491.0,490.25,490.75,1263,ZC.v.0
2025-01-29 09:00:00+00:00,34,1,626930,490.75,490.75,489.5,490.25,3023,ZC.v.0
2025-01-29 10:00:00+00:00,34,1,626930,490.5,490.75,490.0,490.5,1340,ZC.v.0
2025-01-29 11:00:00+00:00,34,1,626930,490.25,491.75,490.25,491.5,4536,ZC.v.0
2025-01-29 12:00:00+00:00,34,1,626930,491.25,491.5,490.5,491.25,4586,ZC.v.0
2025-01-29 13:00:00+00:00,34,1,626930,491.25,492.5,490.75,491.5,5472,ZC.v.0
2025-01-29 14:00:00+00:00,34,1,626930,490.75,495.0,490.75,494.5,26011,ZC.v.0
2025-01-29 15:00:00+00:00,34,1,626930,494.25,497.0,493.75,496.5,38432,ZC.v.0
2025-01-29 16:00:00+00:00,34,1,626930,496.25,497.5,495.25,496.0,23711,ZC.v.0
2025-01-29 17:00:00+00:00,34,1,626930,495.75,496.25,493.75,495.25,25419,ZC.v.0
2025-01-29 18:00:00+00:00,34,1,626930,495.5,497.0,494.75,496.75,18829,ZC.v.0
2025-01-29 19:00:00+00:00,34,1,626930,496.75,497.5,495.75,496.25,27675,ZC.v.0
2025-01-30 01:00:00+00:00,34,1,626930,496.25,497.0,495.0,496.25,5973,ZC.v.0
2025-01-30 02:00:00+00:00,34,1,626930,496.25,496.25,494.5,495.0,1091,ZC.v.0
2025-01-30 03:00:00+00:00,34,1,626930,495.25,495.25,494.75,494.75,305,ZC.v.0
2025-01-30 04:00:00+00:00,34,1,626930,494.75,495.0,494.5,494.75,698,ZC.v.0
2025-01-30 05:00:00+00:00,34,1,626930,494.75,495.0,494.5,494.5,257,ZC.v.0
2025-01-30 06:00:00+00:00,34,1,626930,494.5,494.75,494.25,494.5,597,ZC.v.0
2025-01-30 07:00:00+00:00,34,1,626930,494.25,495.25,494.25,495.0,902,ZC.v.0
2025-01-30 08:00:00+00:00,34,1,626930,495.0,496.0,494.5,495.0,2793,ZC.v.0
2025-01-30 09:00:00+00:00,34,1,626930,495.25,495.25,493.75,494.5,2123,ZC.v.0
2025-01-30 10:00:00+00:00,34,1,626930,494.5,494.75,494.0,494.5,888,ZC.v.0
2025-01-30 11:00:00+00:00,34,1,626930,494.75,495.5,494.5,495.25,2803,ZC.v.0
2025-01-30 12:00:00+00:00,34,1,626930,495.0,495.5,493.5,494.25,3485,ZC.v.0
2025-01-30 13:00:00+00:00,34,1,626930,494.25,494.75,493.0,493.5,4059,ZC.v.0
2025-01-30 14:00:00+00:00,34,1,626930,493.5,494.5,491.0,491.25,27112,ZC.v.0
2025-01-30 15:00:00+00:00,34,1,626930,491.5,492.0,490.0,491.25,27691,ZC.v.0
2025-01-30 16:00:00+00:00,34,1,626930,491.25,492.75,490.75,492.0,19961,ZC.v.0
2025-01-30 17:00:00+00:00,34,1,626930,492.0,492.0,490.0,490.0,14565,ZC.v.0
2025-01-30 18:00:00+00:00,34,1,626930,490.0,491.25,490.0,490.75,19983,ZC.v.0
2025-01-30 19:00:00+00:00,34,1,626930,490.5,491.0,490.0,490.0,15152,ZC.v.0
2025-01-31 01:00:00+00:00,34,1,626930,488.25,488.75,484.0,484.0,14985,ZC.v.0
2025-01-31 02:00:00+00:00,34,1,626930,484.25,484.5,482.75,484.0,4697,ZC.v.0
2025-01-31 03:00:00+00:00,34,1,626930,484.25,484.25,483.5,484.0,900,ZC.v.0
2025-01-31 04:00:00+00:00,34,1,626930,484.0,484.5,483.75,484.5,607,ZC.v.0
2025-01-31 05:00:00+00:00,34,1,626930,484.5,484.75,483.75,484.25,1709,ZC.v.0
2025-01-31 06:00:00+00:00,34,1,626930,484.25,485.0,484.0,484.25,1082,ZC.v.0
2025-01-31 07:00:00+00:00,34,1,626930,484.0,484.5,483.75,484.0,1922,ZC.v.0
2025-01-31 08:00:00+00:00,34,1,626930,484.0,484.25,483.5,484.25,4982,ZC.v.0
2025-01-31 09:00:00+00:00,34,1,626930,484.25,484.25,482.75,483.5,2750,ZC.v.0
2025-01-31 10:00:00+00:00,34,1,626930,483.5,483.5,482.0,482.25,3889,ZC.v.0
2025-01-31 11:00:00+00:00,34,1,626930,482.25,482.75,481.0,481.25,3655,ZC.v.0
2025-01-31 12:00:00+00:00,34,1,626930,481.5,482.0,480.5,481.25,6371,ZC.v.0
2025-01-31 13:00:00+00:00,34,1,626930,481.25,481.25,479.25,480.0,9169,ZC.v.0
2025-01-31 14:00:00+00:00,34,1,626930,480.0,484.5,479.75,481.0,35431,ZC.v.0
2025-01-31 15:00:00+00:00,34,1,626930,481.0,485.75,480.75,485.25,27366,ZC.v.0
2025-01-31 16:00:00+00:00,34,1,626930,485.0,486.25,484.5,485.75,16120,ZC.v.0
2025-01-31 17:00:00+00:00,34,1,626930,486.0,487.0,483.5,484.0,24444,ZC.v.0
2025-01-31 18:00:00+00:00,34,1,626930,484.0,485.75,480.75,482.0,28743,ZC.v.0
2025-01-31 19:00:00+00:00,34,1,626930,481.75,483.75,481.25,482.75,20673,ZC.v.0
2025-02-03 01:00:00+00:00,34,1,626930,476.75,477.0,472.5,475.0,30418,ZC.v.0
2025-02-03 02:00:00+00:00,34,1,626930,475.25,475.25,473.5,473.75,2746,ZC.v.0
2025-02-03 03:00:00+00:00,34,1,626930,474.0,474.75,473.25,473.5,3391,ZC.v.0
2025-02-03 04:00:00+00:00,34,1,626930,473.5,474.0,473.5,473.75,980,ZC.v.0
2025-02-03 05:00:00+00:00,34,1,626930,473.75,475.75,473.5,475.5,1724,ZC.v.0
2025-02-03 06:00:00+00:00,34,1,626930,475.5,476.0,474.75,474.75,1395,ZC.v.0
2025-02-03 07:00:00+00:00,34,1,626930,474.75,475.5,474.0,474.5,1828,ZC.v.0
2025-02-03 08:00:00+00:00,34,1,626930,474.5,475.25,473.5,474.0,2762,ZC.v.0
2025-02-03 09:00:00+00:00,34,1,626930,474.25,475.5,474.0,475.0,2425,ZC.v.0
2025-02-03 10:00:00+00:00,34,1,626930,475.0,475.5,474.0,474.25,3005,ZC.v.0
2025-02-03 11:00:00+00:00,34,1,626930,474.5,475.5,474.5,475.0,1478,ZC.v.0
2025-02-03 12:00:00+00:00,34,1,626930,474.75,476.0,474.25,474.75,3171,ZC.v.0
2025-02-03 13:00:00+00:00,34,1,626930,474.75,478.0,474.75,476.0,7669,ZC.v.0
2025-02-03 14:00:00+00:00,34,1,626930,476.0,481.25,474.25,480.0,26937,ZC.v.0
2025-02-03 15:00:00+00:00,34,1,626930,480.0,489.75,477.5,488.0,60834,ZC.v.0
2025-02-03 16:00:00+00:00,34,1,626930,488.0,491.0,487.25,487.75,26155,ZC.v.0
2025-02-03 17:00:00+00:00,34,1,626930,487.75,488.0,485.5,486.25,18055,ZC.v.0
2025-02-03 18:00:00+00:00,34,1,626930,486.0,489.5,486.0,489.25,18824,ZC.v.0
2025-02-03 19:00:00+00:00,34,1,626930,489.0,489.75,487.5,488.0,15611,ZC.v.0
2025-02-04 01:00:00+00:00,34,1,626930,488.0,491.0,487.75,490.75,5109,ZC.v.0
2025-02-04 02:00:00+00:00,34,1,626930,490.75,490.75,489.5,490.25,1328,ZC.v.0
2025-02-04 03:00:00+00:00,34,1,626930,490.25,491.0,490.0,491.0,1046,ZC.v.0
2025-02-04 04:00:00+00:00,34,1,626930,491.0,491.0,490.25,490.25,662,ZC.v.0
2025-02-04 05:00:00+00:00,34,1,626930,490.25,490.5,488.0,488.25,2034,ZC.v.0
2025-02-04 06:00:00+00:00,34,1,626930,488.5,489.0,487.5,489.0,1670,ZC.v.0
2025-02-04 07:00:00+00:00,34,1,626930,489.0,489.5,487.75,489.25,2594,ZC.v.0
2025-02-04 08:00:00+00:00,34,1,626930,489.0,490.0,488.0,489.25,2160,ZC.v.0
2025-02-04 09:00:00+00:00,34,1,626930,489.25,489.25,487.25,487.75,2549,ZC.v.0
2025-02-04 10:00:00+00:00,34,1,626930,488.0,491.0,487.75,490.75,4369,ZC.v.0
2025-02-04 11:00:00+00:00,34,1,626930,491.0,491.75,490.0,491.75,4167,ZC.v.0
2025-02-04 12:00:00+00:00,34,1,626930,491.75,491.75,488.25,488.5,5617,ZC.v.0
2025-02-04 13:00:00+00:00,34,1,626930,488.75,490.25,488.25,490.0,3787,ZC.v.0
2025-02-04 14:00:00+00:00,34,1,626930,490.0,495.25,489.75,494.5,28904,ZC.v.0
2025-02-04 15:00:00+00:00,34,1,626930,494.25,496.75,493.75,496.5,33339,ZC.v.0
2025-02-04 16:00:00+00:00,34,1,626930,496.25,496.75,494.0,496.5,21019,ZC.v.0
2025-02-04 17:00:00+00:00,34,1,626930,496.25,497.25,495.0,496.75,18810,ZC.v.0
2025-02-04 18:00:00+00:00,34,1,626930,496.5,497.25,495.25,495.5,12225,ZC.v.0
2025-02-04 19:00:00+00:00,34,1,626930,495.5,495.75,493.75,494.0,17444,ZC.v.0
2025-02-05 01:00:00+00:00,34,1,626930,494.0,495.25,493.5,494.25,4132,ZC.v.0
2025-02-05 02:00:00+00:00,34,1,626930,494.25,494.75,494.25,494.25,978,ZC.v.0
2025-02-05 03:00:00+00:00,34,1,626930,494.25,495.0,494.0,494.75,662,ZC.v.0
2025-02-05 04:00:00+00:00,34,1,626930,494.5,495.5,494.0,495.25,538,ZC.v.0
2025-02-05 05:00:00+00:00,34,1,626930,495.5,496.5,495.5,496.25,1584,ZC.v.0
2025-02-05 06:00:00+00:00,34,1,626930,496.5,497.25,496.25,496.75,1733,ZC.v.0
2025-02-05 07:00:00+00:00,34,1,626930,496.5,497.25,496.5,496.75,1236,ZC.v.0
2025-02-05 08:00:00+00:00,34,1,626930,497.0,498.0,496.75,497.5,5064,ZC.v.0
2025-02-05 09:00:00+00:00,34,1,626930,497.5,498.5,497.5,497.5,3497,ZC.v.0
2025-02-05 10:00:00+00:00,34,1,626930,497.5,497.75,497.0,497.25,1778,ZC.v.0
2025-02-05 11:00:00+00:00,34,1,626930,497.25,497.5,495.75,496.5,2222,ZC.v.0
2025-02-05 12:00:00+00:00,34,1,626930,496.25,498.25,495.5,497.75,3989,ZC.v.0
2025-02-05 13:00:00+00:00,34,1,626930,498.0,498.25,494.75,496.0,7343,ZC.v.0
2025-02-05 14:00:00+00:00,34,1,626930,496.0,497.25,492.0,492.5,25563,ZC.v.0
2025-02-05 15:00:00+00:00,34,1,626930,492.5,493.5,489.75,491.0,24815,ZC.v.0
2025-02-05 16:00:00+00:00,34,1,626930,490.75,492.75,490.75,491.25,16526,ZC.v.0
2025-02-05 17:00:00+00:00,34,1,626930,491.5,491.75,490.25,490.75,9932,ZC.v.0
2025-02-05 18:00:00+00:00,34,1,626930,490.75,492.0,490.25,491.5,10503,ZC.v.0
2025-02-05 19:00:00+00:00,34,1,626930,491.25,493.75,491.25,493.25,18378,ZC.v.0
2025-02-06 01:00:00+00:00,34,1,626930,493.25,493.5,491.75,492.0,2697,ZC.v.0
2025-02-06 02:00:00+00:00,34,1,626930,492.0,493.25,492.0,492.75,968,ZC.v.0
2025-02-06 03:00:00+00:00,34,1,626930,493.0,493.25,492.25,492.5,1021,ZC.v.0
2025-02-06 04:00:00+00:00,34,1,626930,492.75,492.75,492.25,492.25,296,ZC.v.0
2025-02-06 05:00:00+00:00,34,1,626930,492.25,492.75,492.25,492.5,242,ZC.v.0
2025-02-06 06:00:00+00:00,34,1,626930,492.75,494.0,492.75,493.0,779,ZC.v.0
2025-02-06 07:00:00+00:00,34,1,626930,493.0,494.5,493.0,493.75,1524,ZC.v.0
2025-02-06 08:00:00+00:00,34,1,626930,493.5,494.75,493.25,494.75,1113,ZC.v.0
2025-02-06 09:00:00+00:00,34,1,626930,494.75,495.5,494.25,495.0,2883,ZC.v.0
2025-02-06 10:00:00+00:00,34,1,626930,494.75,495.75,494.75,495.0,1219,ZC.v.0
2025-02-06 11:00:00+00:00,34,1,626930,495.25,495.5,494.25,495.0,1196,ZC.v.0
2025-02-06 12:00:00+00:00,34,1,626930,495.0,495.0,493.5,494.75,3066,ZC.v.0
2025-02-06 13:00:00+00:00,34,1,626930,494.75,495.0,492.75,493.0,4584,ZC.v.0
2025-02-06 14:00:00+00:00,34,1,626930,493.0,493.5,486.0,487.75,34636,ZC.v.0
2025-02-06 15:00:00+00:00,34,1,626930,487.75,491.0,487.75,488.25,25136,ZC.v.0
2025-02-06 16:00:00+00:00,34,1,626930,488.25,496.5,487.75,494.25,30590,ZC.v.0
2025-02-06 17:00:00+00:00,34,1,626930,494.0,496.0,492.5,495.75,14582,ZC.v.0
2025-02-06 18:00:00+00:00,34,1,626930,495.5,496.25,494.25,494.25,14233,ZC.v.0
2025-02-06 19:00:00+00:00,34,1,626930,494.25,496.25,494.0,495.5,13195,ZC.v.0
2025-02-07 01:00:00+00:00,34,1,626930,495.5,496.5,495.0,496.0,4436,ZC.v.0
2025-02-07 02:00:00+00:00,34,1,626930,495.75,496.5,495.75,496.0,1191,ZC.v.0
2025-02-07 03:00:00+00:00,34,1,626930,496.25,496.25,495.5,495.75,214,ZC.v.0
2025-02-07 04:00:00+00:00,34,1,626930,496.0,496.0,495.5,496.0,230,ZC.v.0
2025-02-07 05:00:00+00:00,34,1,626930,496.25,496.5,496.0,496.25,265,ZC.v.0
2025-02-07 06:00:00+00:00,34,1,626930,496.0,496.5,494.75,495.25,1952,ZC.v.0
2025-02-07 07:00:00+00:00,34,1,626930,495.0,495.25,494.0,494.25,1208,ZC.v.0
2025-02-07 08:00:00+00:00,34,1,626930,494.0,495.0,493.0,493.25,2918,ZC.v.0
2025-02-07 09:00:00+00:00,34,1,626930,493.25,494.0,493.0,493.75,2615,ZC.v.0
2025-02-07 10:00:00+00:00,34,1,626930,493.5,494.0,493.25,493.75,1415,ZC.v.0
2025-02-07 11:00:00+00:00,34,1,626930,493.75,493.75,492.75,492.75,1099,ZC.v.0
2025-02-07 12:00:00+00:00,34,1,626930,493.0,493.0,491.0,491.0,5332,ZC.v.0
2025-02-07 13:00:00+00:00,34,1,626930,491.0,492.0,490.5,491.75,5200,ZC.v.0
2025-02-07 14:00:00+00:00,34,1,626930,491.5,492.25,488.75,489.75,22078,ZC.v.0
2025-02-07 15:00:00+00:00,34,1,626930,489.75,491.25,488.25,489.25,26505,ZC.v.0
2025-02-07 16:00:00+00:00,34,1,626930,489.25,489.5,485.5,487.0,23416,ZC.v.0
2025-02-07 17:00:00+00:00,34,1,626930,487.0,488.0,486.0,486.5,14791,ZC.v.0
2025-02-07 18:00:00+00:00,34,1,626930,486.5,487.75,486.0,487.75,8792,ZC.v.0
2025-02-07 19:00:00+00:00,34,1,626930,487.5,488.25,487.25,487.5,13356,ZC.v.0
2025-02-10 01:00:00+00:00,34,1,626930,485.75,486.0,482.25,485.0,10322,ZC.v.0
2025-02-10 02:00:00+00:00,34,1,626930,485.25,485.25,483.5,483.75,1228,ZC.v.0
2025-02-10 03:00:00+00:00,34,1,626930,484.0,484.0,483.25,483.25,1099,ZC.v.0
2025-02-10 04:00:00+00:00,34,1,626930,483.25,483.5,483.0,483.5,760,ZC.v.0
2025-02-10 05:00:00+00:00,34,1,626930,483.5,483.75,483.0,483.0,714,ZC.v.0
2025-02-10 06:00:00+00:00,34,1,626930,483.25,483.75,483.0,483.75,480,ZC.v.0
2025-02-10 07:00:00+00:00,34,1,626930,483.5,484.25,483.25,483.5,836,ZC.v.0
2025-02-10 08:00:00+00:00,34,1,626930,483.75,484.25,483.0,484.25,1948,ZC.v.0
2025-02-10 09:00:00+00:00,34,1,626930,484.0,486.0,484.0,484.5,3173,ZC.v.0
2025-02-10 10:00:00+00:00,34,1,626930,484.5,486.0,484.5,485.5,1008,ZC.v.0
2025-02-10 11:00:00+00:00,34,1,626930,485.5,486.5,485.5,486.0,1077,ZC.v.0
2025-02-10 12:00:00+00:00,34,1,626930,486.0,487.5,485.5,487.25,1790,ZC.v.0
2025-02-10 13:00:00+00:00,34,1,626930,487.5,489.0,487.25,487.5,3672,ZC.v.0
2025-02-10 14:00:00+00:00,34,1,626930,487.25,491.5,487.0,490.25,15281,ZC.v.0
2025-02-10 15:00:00+00:00,34,1,626930,490.5,491.5,488.0,490.0,15465,ZC.v.0
2025-02-10 16:00:00+00:00,34,1,626930,490.0,491.5,489.75,491.0,8836,ZC.v.0
2025-02-10 17:00:00+00:00,34,1,626930,491.25,492.5,490.5,492.5,10515,ZC.v.0
2025-02-10 18:00:00+00:00,34,1,626930,492.25,492.75,490.75,491.0,12581,ZC.v.0
2025-02-10 19:00:00+00:00,34,1,626930,491.0,492.0,491.0,491.75,14402,ZC.v.0
2025-02-11 01:00:00+00:00,34,1,626930,491.75,492.0,489.75,490.25,4546,ZC.v.0
2025-02-11 02:00:00+00:00,34,1,626930,490.25,490.75,489.5,490.5,671,ZC.v.0
2025-02-11 03:00:00+00:00,34,1,626930,490.25,490.75,490.0,490.5,333,ZC.v.0
2025-02-11 04:00:00+00:00,34,1,626930,490.25,490.75,490.25,490.5,90,ZC.v.0
2025-02-11 05:00:00+00:00,34,1,626930,490.5,491.0,490.5,491.0,342,ZC.v.0
2025-02-11 06:00:00+00:00,34,1,626930,491.0,491.25,490.25,490.5,843,ZC.v.0
2025-02-11 07:00:00+00:00,34,1,626930,490.25,491.25,490.0,490.75,1079,ZC.v.0
2025-02-11 08:00:00+00:00,34,1,626930,490.75,491.5,490.75,490.75,844,ZC.v.0
2025-02-11 09:00:00+00:00,34,1,626930,490.75,491.75,490.5,491.25,809,ZC.v.0
2025-02-11 10:00:00+00:00,34,1,626930,491.25,492.5,491.0,492.0,1149,ZC.v.0
2025-02-11 11:00:00+00:00,34,1,626930,491.75,493.0,491.75,492.75,1278,ZC.v.0
2025-02-11 12:00:00+00:00,34,1,626930,493.0,493.25,492.25,493.0,2318,ZC.v.0
2025-02-11 13:00:00+00:00,34,1,626930,492.75,493.0,491.25,491.5,2777,ZC.v.0
2025-02-11 14:00:00+00:00,34,1,626930,492.0,495.0,492.0,495.0,15360,ZC.v.0
2025-02-11 15:00:00+00:00,34,1,626930,494.75,495.75,494.25,495.25,18441,ZC.v.0
2025-02-11 16:00:00+00:00,34,1,626930,495.0,496.5,494.0,496.0,21127,ZC.v.0
2025-02-11 17:00:00+00:00,34,1,626930,495.75,497.0,488.0,488.5,40824,ZC.v.0
2025-02-11 18:00:00+00:00,34,1,626930,488.5,488.75,485.75,486.0,17587,ZC.v.0
2025-02-11 19:00:00+00:00,34,1,626930,486.0,486.0,483.25,483.5,22906,ZC.v.0
2025-02-12 01:00:00+00:00,34,1,626930,483.75,485.75,483.5,485.5,4241,ZC.v.0
2025-02-12 02:00:00+00:00,34,1,626930,485.75,485.75,485.25,485.75,405,ZC.v.0
2025-02-12 03:00:00+00:00,34,1,626930,485.5,485.5,484.75,485.5,1160,ZC.v.0
2025-02-12 04:00:00+00:00,34,1,626930,485.5,486.25,485.0,485.5,1789,ZC.v.0
2025-02-12 05:00:00+00:00,34,1,626930,485.5,485.75,484.5,484.5,600,ZC.v.0
2025-02-12 06:00:00+00:00,34,1,626930,484.5,484.75,484.0,484.25,1099,ZC.v.0
2025-02-12 07:00:00+00:00,34,1,626930,484.5,484.75,484.0,484.5,1665,ZC.v.0
2025-02-12 08:00:00+00:00,34,1,626930,484.25,485.5,484.25,484.5,1915,ZC.v.0
2025-02-12 09:00:00+00:00,34,1,626930,484.5,485.75,484.5,485.25,1355,ZC.v.0
2025-02-12 10:00:00+00:00,34,1,626930,485.5,486.0,484.5,484.5,2073,ZC.v.0
2025-02-12 11:00:00+00:00,34,1,626930,484.75,485.25,484.0,484.75,1130,ZC.v.0
2025-02-12 12:00:00+00:00,34,1,626930,484.75,485.25,483.0,483.0,2670,ZC.v.0
2025-02-12 13:00:00+00:00,34,1,626930,483.0,483.5,481.5,482.5,7779,ZC.v.0
2025-02-12 14:00:00+00:00,34,1,626930,482.5,491.75,481.75,490.25,40179,ZC.v.0
2025-02-12 15:00:00+00:00,34,1,626930,490.5,492.25,486.25,487.75,30303,ZC.v.0
2025-02-12 16:00:00+00:00,34,1,626930,487.5,489.75,486.5,488.5,13183,ZC.v.0
2025-02-12 17:00:00+00:00,34,1,626930,488.5,489.75,486.75,487.5,9669,ZC.v.0
2025-02-12 18:00:00+00:00,34,1,626930,487.75,489.75,487.25,489.0,10433,ZC.v.0
2025-02-12 19:00:00+00:00,34,1,626930,488.75,491.0,488.75,490.75,12347,ZC.v.0
2025-02-13 01:00:00+00:00,34,1,626930,489.75,491.75,489.75,490.75,2604,ZC.v.0
2025-02-13 02:00:00+00:00,34,1,626930,490.75,491.25,490.25,490.5,347,ZC.v.0
2025-02-13 03:00:00+00:00,34,1,626930,490.75,490.75,490.25,490.5,552,ZC.v.0
2025-02-13 04:00:00+00:00,34,1,626930,490.25,490.5,490.0,490.25,380,ZC.v.0
2025-02-13 05:00:00+00:00,34,1,626930,490.5,490.75,490.25,490.25,168,ZC.v.0
2025-02-13 06:00:00+00:00,34,1,626930,490.25,491.5,490.25,491.25,850,ZC.v.0
2025-02-13 07:00:00+00:00,34,1,626930,491.25,491.25,490.5,490.75,263,ZC.v.0
2025-02-13 08:00:00+00:00,34,1,626930,491.0,491.75,490.75,491.5,495,ZC.v.0
2025-02-13 09:00:00+00:00,34,1,626930,491.25,491.5,489.75,490.0,730,ZC.v.0
2025-02-13 10:00:00+00:00,34,1,626930,489.75,489.75,487.5,488.25,2222,ZC.v.0
2025-02-13 11:00:00+00:00,34,1,626930,488.25,489.0,488.0,488.0,977,ZC.v.0
2025-02-13 12:00:00+00:00,34,1,626930,488.0,488.25,485.25,486.0,5015,ZC.v.0
2025-02-13 13:00:00+00:00,34,1,626930,486.0,488.25,485.25,488.0,6272,ZC.v.0
2025-02-13 14:00:00+00:00,34,1,626930,488.0,490.5,486.5,489.0,15763,ZC.v.0
2025-02-13 15:00:00+00:00,34,1,626930,489.0,492.25,488.5,490.25,16484,ZC.v.0
2025-02-13 16:00:00+00:00,34,1,626930,490.5,492.5,490.5,491.5,13373,ZC.v.0
2025-02-13 17:00:00+00:00,34,1,626930,491.75,494.25,491.5,494.25,14409,ZC.v.0
2025-02-13 18:00:00+00:00,34,1,626930,494.0,494.25,492.25,494.0,13511,ZC.v.0
2025-02-13 19:00:00+00:00,34,1,626930,494.0,494.25,492.75,493.25,11425,ZC.v.0
2025-02-14 01:00:00+00:00,34,1,626930,493.0,493.75,492.5,493.75,1914,ZC.v.0
2025-02-14 02:00:00+00:00,34,1,626930,493.75,493.75,493.25,493.5,601,ZC.v.0
2025-02-14 03:00:00+00:00,34,1,626930,493.5,493.75,493.25,493.25,312,ZC.v.0
2025-02-14 04:00:00+00:00,34,1,626930,493.25,493.75,493.0,493.5,99,ZC.v.0
2025-02-14 05:00:00+00:00,34,1,626930,493.5,494.0,493.5,493.75,172,ZC.v.0
2025-02-14 06:00:00+00:00,34,1,626930,493.75,494.0,493.5,494.0,260,ZC.v.0
2025-02-14 07:00:00+00:00,34,1,626930,494.0,495.0,494.0,494.75,1577,ZC.v.0
2025-02-14 08:00:00+00:00,34,1,626930,494.75,495.5,494.5,495.25,1472,ZC.v.0
2025-02-14 09:00:00+00:00,34,1,626930,495.5,495.75,494.75,495.75,1391,ZC.v.0
2025-02-14 10:00:00+00:00,34,1,626930,495.5,496.75,495.5,496.25,2211,ZC.v.0
2025-02-14 11:00:00+00:00,34,1,626930,496.25,498.0,496.25,498.0,4689,ZC.v.0
2025-02-14 12:00:00+00:00,34,1,626930,497.75,498.25,497.25,497.25,3919,ZC.v.0
2025-02-14 13:00:00+00:00,34,1,626930,497.5,497.75,496.75,497.0,4049,ZC.v.0
2025-02-14 14:00:00+00:00,34,1,626930,497.0,499.75,496.75,498.0,20593,ZC.v.0
2025-02-14 15:00:00+00:00,34,1,626930,498.0,499.5,496.5,499.0,19252,ZC.v.0
2025-02-14 16:00:00+00:00,34,1,626930,499.0,499.5,497.75,499.25,12270,ZC.v.0
2025-02-14 17:00:00+00:00,34,1,626930,499.0,499.25,495.25,496.75,14214,ZC.v.0
2025-02-14 18:00:00+00:00,34,1,626930,496.5,496.75,495.25,496.5,11282,ZC.v.0
2025-02-14 19:00:00+00:00,34,1,626930,496.5,497.0,495.75,496.5,12039,ZC.v.0
2025-02-18 01:00:00+00:00,34,1,626930,496.25,496.5,493.25,494.0,4603,ZC.v.0
2025-02-18 02:00:00+00:00,34,1,626930,494.5,494.5,493.5,494.0,585,ZC.v.0
2025-02-18 03:00:00+00:00,34,1,626930,494.25,494.75,494.0,494.25,247,ZC.v.0
2025-02-18 04:00:00+00:00,34,1,626930,494.25,494.5,494.0,494.25,483,ZC.v.0
2025-02-18 05:00:00+00:00,34,1,626930,494.25,494.25,493.75,493.75,274,ZC.v.0
2025-02-18 06:00:00+00:00,34,1,626930,493.75,494.0,493.5,494.0,522,ZC.v.0
2025-02-18 07:00:00+00:00,34,1,626930,494.0,494.5,493.75,494.0,832,ZC.v.0
2025-02-18 08:00:00+00:00,34,1,626930,494.25,496.0,494.25,495.75,1065,ZC.v.0
2025-02-18 09:00:00+00:00,34,1,626930,495.75,497.25,495.75,497.0,1134,ZC.v.0
2025-02-18 10:00:00+00:00,34,1,626930,497.0,497.75,496.75,497.5,1000,ZC.v.0
2025-02-18 11:00:00+00:00,34,1,626930,497.25,498.25,497.25,498.25,1343,ZC.v.0
2025-02-18 12:00:00+00:00,34,1,626930,498.0,498.5,496.75,497.5,2028,ZC.v.0
2025-02-18 13:00:00+00:00,34,1,626930,497.5,499.5,497.5,499.0,3672,ZC.v.0
2025-02-18 14:00:00+00:00,34,1,626930,499.0,502.0,497.5,498.25,24066,ZC.v.0
2025-02-18 15:00:00+00:00,34,1,626930,498.25,499.0,496.75,498.75,18513,ZC.v.0
2025-02-18 16:00:00+00:00,34,1,626930,499.0,502.25,498.75,502.0,19281,ZC.v.0
2025-02-18 17:00:00+00:00,34,1,626930,502.25,504.0,501.0,503.75,14969,ZC.v.0
2025-02-18 18:00:00+00:00,34,1,626930,503.5,504.25,501.25,501.5,21053,ZC.v.0
2025-02-18 19:00:00+00:00,34,1,626930,501.5,502.25,500.5,502.0,14520,ZC.v.0
2025-02-19 01:00:00+00:00,34,1,626930,502.0,502.25,500.75,502.0,5331,ZC.v.0
2025-02-19 02:00:00+00:00,34,1,626930,502.25,503.0,502.25,502.75,1228,ZC.v.0
2025-02-19 03:00:00+00:00,34,1,626930,502.75,503.0,502.5,502.5,535,ZC.v.0
2025-02-19 04:00:00+00:00,34,1,626930,502.75,503.0,502.5,503.0,130,ZC.v.0
2025-02-19 05:00:00+00:00,34,1,626930,502.75,503.25,502.75,503.0,444,ZC.v.0
2025-02-19 06:00:00+00:00,34,1,626930,503.0,503.0,502.25,502.75,1284,ZC.v.0
2025-02-19 07:00:00+00:00,34,1,626930,502.5,503.0,502.25,502.25,367,ZC.v.0
2025-02-19 08:00:00+00:00,34,1,626930,502.25,503.75,502.0,503.5,2148,ZC.v.0
2025-02-19 09:00:00+00:00,34,1,626930,503.25,503.5,502.5,502.75,1354,ZC.v.0
2025-02-19 10:00:00+00:00,34,1,626930,502.5,503.75,502.5,503.25,1006,ZC.v.0
2025-02-19 11:00:00+00:00,34,1,626930,503.0,504.25,502.5,504.25,1505,ZC.v.0
2025-02-19 12:00:00+00:00,34,1,626930,504.0,504.25,502.5,502.5,2094,ZC.v.0
2025-02-19 13:00:00+00:00,34,1,626930,502.5,502.5,500.75,500.75,3860,ZC.v.0
2025-02-19 14:00:00+00:00,34,1,626930,501.0,502.5,500.0,502.25,14247,ZC.v.0
2025-02-19 15:00:00+00:00,34,1,626930,502.5,504.5,502.0,504.5,11590,ZC.v.0
2025-02-19 16:00:00+00:00,34,1,626930,504.25,504.5,501.5,501.5,9120,ZC.v.0
2025-02-19 17:00:00+00:00,34,1,626930,501.5,502.5,496.75,497.25,16900,ZC.v.0
2025-02-19 18:00:00+00:00,34,1,626930,497.5,498.0,496.25,497.25,9830,ZC.v.0
2025-02-19 19:00:00+00:00,34,1,626930,497.25,498.0,496.5,497.75,10862,ZC.v.0
2025-02-20 01:00:00+00:00,34,1,626930,497.75,499.0,497.5,499.0,2307,ZC.v.0
2025-02-20 02:00:00+00:00,34,1,626930,498.75,500.5,498.75,500.25,1373,ZC.v.0
2025-02-20 03:00:00+00:00,34,1,626930,500.5,500.75,500.0,500.0,695,ZC.v.0
2025-02-20 04:00:00+00:00,34,1,626930,499.75,500.25,499.75,500.25,153,ZC.v.0
2025-02-20 05:00:00+00:00,34,1,626930,500.25,501.0,500.0,500.75,597,ZC.v.0
2025-02-20 06:00:00+00:00,34,1,626930,501.0,502.25,500.5,502.0,2148,ZC.v.0
2025-02-20 07:00:00+00:00,34,1,626930,501.75,502.0,501.25,501.5,897,ZC.v.0
2025-02-20 08:00:00+00:00,34,1,626930,501.5,502.25,501.5,501.5,945,ZC.v.0
2025-02-20 09:00:00+00:00,34,1,626930,501.5,502.0,501.0,501.75,862,ZC.v.0
2025-02-20 10:00:00+00:00,34,1,626930,501.75,502.25,501.25,501.5,585,ZC.v.0
2025-02-20 11:00:00+00:00,34,1,626930,501.5,501.75,501.25,501.75,647,ZC.v.0
2025-02-20 12:00:00+00:00,34,1,626930,501.75,503.25,500.0,500.5,2471,ZC.v.0
2025-02-20 13:00:00+00:00,34,1,626930,500.75,501.75,500.0,500.75,1565,ZC.v.0
2025-02-20 14:00:00+00:00,34,1,626930,501.0,502.5,498.25,499.75,10662,ZC.v.0
2025-02-20 15:00:00+00:00,34,1,626930,500.0,501.0,499.25,500.5,8312,ZC.v.0
2025-02-20 16:00:00+00:00,34,1,626930,500.5,501.5,499.25,499.5,5967,ZC.v.0
2025-02-20 17:00:00+00:00,34,1,626930,499.75,500.25,498.25,499.0,6244,ZC.v.0
2025-02-20 18:00:00+00:00,34,1,626930,498.75,499.25,498.0,498.75,7541,ZC.v.0
2025-02-20 19:00:00+00:00,34,1,626930,498.75,499.25,497.5,497.5,8349,ZC.v.0
2025-02-21 01:00:00+00:00,34,1,626930,498.0,499.25,497.75,498.5,1812,ZC.v.0
2025-02-21 02:00:00+00:00,34,1,626930,498.5,499.25,498.25,499.0,381,ZC.v.0
2025-02-21 03:00:00+00:00,34,1,626930,499.0,499.25,498.5,498.75,87,ZC.v.0
2025-02-21 04:00:00+00:00,34,1,626930,499.0,499.25,498.75,498.75,110,ZC.v.0
2025-02-21 05:00:00+00:00,34,1,626930,498.75,499.0,498.5,498.5,375,ZC.v.0
2025-02-21 06:00:00+00:00,34,1,626930,498.5,498.75,497.75,498.25,286,ZC.v.0
2025-02-21 07:00:00+00:00,34,1,626930,498.5,499.5,498.25,498.5,306,ZC.v.0
2025-02-21 08:00:00+00:00,34,1,626930,498.25,498.75,497.5,497.75,657,ZC.v.0
2025-02-21 09:00:00+00:00,34,1,626930,497.75,498.25,497.5,497.75,543,ZC.v.0
2025-02-21 10:00:00+00:00,34,1,626930,498.0,498.0,497.25,498.0,978,ZC.v.0
2025-02-21 11:00:00+00:00,34,1,626930,498.0,498.5,497.5,497.5,762,ZC.v.0
2025-02-21 12:00:00+00:00,34,1,626930,497.75,498.0,496.75,497.25,1515,ZC.v.0
2025-02-21 13:00:00+00:00,34,1,626930,497.5,498.25,497.0,498.0,1695,ZC.v.0
2025-02-21 14:00:00+00:00,34,1,626930,498.0,498.25,494.0,494.0,11617,ZC.v.0
2025-02-21 15:00:00+00:00,34,1,626930,494.0,494.5,492.25,493.0,17576,ZC.v.0
2025-02-21 16:00:00+00:00,34,1,626930,493.0,493.75,492.75,493.25,5321,ZC.v.0
2025-02-21 17:00:00+00:00,34,1,626930,493.25,493.5,491.75,492.75,9989,ZC.v.0
2025-02-21 18:00:00+00:00,34,1,626930,492.5,493.25,491.5,491.5,6752,ZC.v.0
2025-02-21 19:00:00+00:00,34,1,626930,491.5,492.0,490.0,490.5,14627,ZC.v.0
2025-02-24 01:00:00+00:00,34,1,680969,504.5,505.25,503.5,504.0,3611,ZC.v.0
2025-02-24 02:00:00+00:00,34,1,680969,503.75,504.5,503.5,503.75,1223,ZC.v.0
2025-02-24 03:00:00+00:00,34,1,680969,504.0,504.0,502.75,503.0,818,ZC.v.0
2025-02-24 04:00:00+00:00,34,1,680969,503.25,503.25,503.0,503.0,335,ZC.v.0
2025-02-24 05:00:00+00:00,34,1,680969,503.0,503.0,502.25,502.75,422,ZC.v.0
2025-02-24 06:00:00+00:00,34,1,680969,502.5,503.25,502.5,503.0,346,ZC.v.0
2025-02-24 07:00:00+00:00,34,1,680969,503.0,503.5,502.5,503.25,1169,ZC.v.0
2025-02-24 08:00:00+00:00,34,1,680969,503.0,503.0,500.5,501.5,4164,ZC.v.0
2025-02-24 09:00:00+00:00,34,1,680969,501.25,501.75,501.0,501.25,1289,ZC.v.0
2025-02-24 10:00:00+00:00,34,1,680969,501.25,501.75,500.5,500.5,1443,ZC.v.0
2025-02-24 11:00:00+00:00,34,1,680969,500.5,500.75,500.25,500.5,1878,ZC.v.0
2025-02-24 12:00:00+00:00,34,1,680969,500.5,502.75,500.0,500.75,5246,ZC.v.0
2025-02-24 13:00:00+00:00,34,1,680969,500.75,501.75,500.0,501.0,3657,ZC.v.0
2025-02-24 14:00:00+00:00,34,1,680969,501.25,504.0,500.5,502.25,20774,ZC.v.0
2025-02-24 15:00:00+00:00,34,1,680969,502.25,502.5,496.5,498.0,30942,ZC.v.0
2025-02-24 16:00:00+00:00,34,1,680969,498.0,498.25,495.5,495.75,18639,ZC.v.0
2025-02-24 17:00:00+00:00,34,1,680969,495.75,496.75,495.25,496.5,19769,ZC.v.0
2025-02-24 18:00:00+00:00,34,1,680969,496.5,498.25,496.25,496.5,13438,ZC.v.0
2025-02-24 19:00:00+00:00,34,1,680969,496.5,497.75,496.0,497.0,16483,ZC.v.0
2025-02-25 01:00:00+00:00,34,1,680969,497.5,498.25,496.5,497.25,3226,ZC.v.0
2025-02-25 02:00:00+00:00,34,1,680969,497.25,498.0,497.25,497.75,507,ZC.v.0
2025-02-25 03:00:00+00:00,34,1,680969,498.0,498.5,497.25,497.25,1289,ZC.v.0
2025-02-25 04:00:00+00:00,34,1,680969,497.5,497.5,497.0,497.25,209,ZC.v.0
2025-02-25 05:00:00+00:00,34,1,680969,497.25,498.0,497.0,498.0,272,ZC.v.0
2025-02-25 06:00:00+00:00,34,1,680969,497.75,498.0,497.25,497.25,600,ZC.v.0
2025-02-25 07:00:00+00:00,34,1,680969,497.0,497.75,496.0,496.0,1311,ZC.v.0
2025-02-25 08:00:00+00:00,34,1,680969,496.0,497.25,495.75,496.5,1844,ZC.v.0
2025-02-25 09:00:00+00:00,34,1,680969,496.5,496.75,495.75,495.75,1474,ZC.v.0
2025-02-25 10:00:00+00:00,34,1,680969,495.75,495.75,493.5,494.0,4574,ZC.v.0
2025-02-25 11:00:00+00:00,34,1,680969,493.75,493.75,492.25,492.75,3151,ZC.v.0
2025-02-25 12:00:00+00:00,34,1,680969,492.75,493.25,490.75,492.5,9042,ZC.v.0
2025-02-25 13:00:00+00:00,34,1,680969,492.25,493.5,491.5,492.5,4899,ZC.v.0
2025-02-25 14:00:00+00:00,34,1,680969,492.5,492.75,488.5,489.0,29332,ZC.v.0
2025-02-25 15:00:00+00:00,34,1,680969,489.0,494.25,489.0,493.0,29852,ZC.v.0
2025-02-25 16:00:00+00:00,34,1,680969,493.25,494.5,491.5,493.25,14518,ZC.v.0
2025-02-25 17:00:00+00:00,34,1,680969,493.0,493.0,491.0,491.5,9413,ZC.v.0
2025-02-25 18:00:00+00:00,34,1,680969,491.75,493.5,491.25,493.5,9210,ZC.v.0
2025-02-25 19:00:00+00:00,34,1,680969,493.5,495.25,493.25,494.75,15861,ZC.v.0
2025-02-26 01:00:00+00:00,34,1,680969,495.0,495.75,494.25,494.5,2192,ZC.v.0
2025-02-26 02:00:00+00:00,34,1,680969,494.75,495.0,494.25,494.75,582,ZC.v.0
2025-02-26 03:00:00+00:00,34,1,680969,495.0,495.0,494.5,494.75,243,ZC.v.0
2025-02-26 04:00:00+00:00,34,1,680969,494.5,494.5,494.25,494.5,93,ZC.v.0
2025-02-26 05:00:00+00:00,34,1,680969,494.5,494.5,493.75,494.0,320,ZC.v.0
2025-02-26 06:00:00+00:00,34,1,680969,494.0,494.75,494.0,494.5,356,ZC.v.0
2025-02-26 07:00:00+00:00,34,1,680969,494.5,494.75,494.0,494.5,390,ZC.v.0
2025-02-26 08:00:00+00:00,34,1,680969,494.5,496.25,494.5,496.0,2185,ZC.v.0
2025-02-26 09:00:00+00:00,34,1,680969,496.0,496.75,495.25,495.5,1942,ZC.v.0
2025-02-26 10:00:00+00:00,34,1,680969,495.75,496.0,494.25,494.5,942,ZC.v.0
2025-02-26 11:00:00+00:00,34,1,680969,494.5,495.5,494.0,494.25,2075,ZC.v.0
2025-02-26 12:00:00+00:00,34,1,680969,494.25,494.5,493.5,493.75,2115,ZC.v.0
2025-02-26 13:00:00+00:00,34,1,680969,493.75,496.75,493.75,496.25,3233,ZC.v.0
2025-02-26 14:00:00+00:00,34,1,680969,496.25,500.0,495.75,498.5,29329,ZC.v.0
2025-02-26 15:00:00+00:00,34,1,680969,498.5,498.75,493.75,495.0,22553,ZC.v.0
2025-02-26 16:00:00+00:00,34,1,680969,494.75,495.0,492.5,493.0,17796,ZC.v.0
2025-02-26 17:00:00+00:00,34,1,680969,492.75,494.0,492.25,493.75,10440,ZC.v.0
2025-02-26 18:00:00+00:00,34,1,680969,493.5,494.5,492.5,493.25,10366,ZC.v.0
2025-02-26 19:00:00+00:00,34,1,680969,493.5,494.25,492.75,494.0,9336,ZC.v.0
2025-02-27 01:00:00+00:00,34,1,680969,493.5,496.25,493.0,495.0,3707,ZC.v.0
2025-02-27 02:00:00+00:00,34,1,680969,495.0,495.5,494.25,494.5,1094,ZC.v.0
2025-02-27 03:00:00+00:00,34,1,680969,494.75,495.5,494.5,494.5,323,ZC.v.0
2025-02-27 04:00:00+00:00,34,1,680969,494.75,494.75,494.25,494.25,290,ZC.v.0
2025-02-27 05:00:00+00:00,34,1,680969,494.25,494.25,492.5,493.75,1567,ZC.v.0
2025-02-27 06:00:00+00:00,34,1,680969,493.75,494.5,493.5,494.0,413,ZC.v.0
2025-02-27 07:00:00+00:00,34,1,680969,493.75,494.5,493.25,494.0,1484,ZC.v.0
2025-02-27 08:00:00+00:00,34,1,680969,494.0,495.0,494.0,494.5,2225,ZC.v.0
2025-02-27 09:00:00+00:00,34,1,680969,494.75,496.25,494.5,495.25,1873,ZC.v.0
2025-02-27 10:00:00+00:00,34,1,680969,495.25,495.5,494.0,494.75,1529,ZC.v.0
2025-02-27 11:00:00+00:00,34,1,680969,494.75,494.75,493.0,493.0,2879,ZC.v.0
2025-02-27 12:00:00+00:00,34,1,680969,493.0,494.75,492.75,493.75,4206,ZC.v.0
2025-02-27 13:00:00+00:00,34,1,680969,493.75,494.25,490.0,490.5,11091,ZC.v.0
2025-02-27 14:00:00+00:00,34,1,680969,490.0,490.25,484.0,485.25,45818,ZC.v.0
2025-02-27 15:00:00+00:00,34,1,680969,485.5,488.0,484.75,485.0,28772,ZC.v.0
2025-02-27 16:00:00+00:00,34,1,680969,485.0,485.75,483.5,484.0,24460,ZC.v.0
2025-02-27 17:00:00+00:00,34,1,680969,484.0,484.0,481.75,482.0,20861,ZC.v.0
2025-02-27 18:00:00+00:00,34,1,680969,482.0,482.75,480.0,481.75,29208,ZC.v.0
2025-02-27 19:00:00+00:00,34,1,680969,481.75,482.0,480.5,481.0,16357,ZC.v.0
2025-02-28 01:00:00+00:00,34,1,680969,481.25,483.0,481.0,482.0,4303,ZC.v.0
2025-02-28 02:00:00+00:00,34,1,680969,482.0,482.5,481.75,482.25,1707,ZC.v.0
2025-02-28 03:00:00+00:00,34,1,680969,482.0,482.5,481.25,481.5,791,ZC.v.0
2025-02-28 04:00:00+00:00,34,1,680969,481.75,482.0,481.5,481.75,243,ZC.v.0
2025-02-28 05:00:00+00:00,34,1,680969,481.5,481.5,481.0,481.5,311,ZC.v.0
2025-02-28 06:00:00+00:00,34,1,680969,481.25,481.5,481.0,481.0,692,ZC.v.0
2025-02-28 07:00:00+00:00,34,1,680969,481.25,481.25,480.5,481.0,1167,ZC.v.0
2025-02-28 08:00:00+00:00,34,1,680969,481.0,482.5,480.75,481.75,2400,ZC.v.0
2025-02-28 09:00:00+00:00,34,1,680969,482.0,482.75,481.75,482.75,1767,ZC.v.0
2025-02-28 10:00:00+00:00,34,1,680969,482.5,482.5,481.75,482.0,1055,ZC.v.0
2025-02-28 11:00:00+00:00,34,1,680969,482.0,482.75,481.75,482.5,854,ZC.v.0
2025-02-28 12:00:00+00:00,34,1,680969,482.5,482.5,480.75,481.5,2530,ZC.v.0
2025-02-28 13:00:00+00:00,34,1,680969,481.75,483.75,481.5,482.75,3976,ZC.v.0
2025-02-28 14:00:00+00:00,34,1,680969,483.0,483.25,476.75,477.25,34404,ZC.v.0
2025-02-28 15:00:00+00:00,34,1,680969,477.25,478.0,472.5,472.75,47202,ZC.v.0
2025-02-28 16:00:00+00:00,34,1,680969,473.0,473.25,469.0,472.75,42879,ZC.v.0
2025-02-28 17:00:00+00:00,34,1,680969,473.0,473.75,471.0,471.25,19598,ZC.v.0
2025-02-28 18:00:00+00:00,34,1,680969,471.25,472.75,470.5,470.75,21560,ZC.v.0
2025-02-28 19:00:00+00:00,34,1,680969,470.75,470.75,469.25,469.5,22974,ZC.v.0
2025-03-03 01:00:00+00:00,34,1,680969,469.75,472.75,469.5,471.5,6279,ZC.v.0
2025-03-03 02:00:00+00:00,34,1,680969,471.5,472.25,471.25,471.5,1035,ZC.v.0
2025-03-03 03:00:00+00:00,34,1,680969,471.5,471.5,469.5,470.0,2260,ZC.v.0
2025-03-03 04:00:00+00:00,34,1,680969,470.0,470.25,469.5,470.0,827,ZC.v.0
2025-03-03 05:00:00+00:00,34,1,680969,470.0,470.5,470.0,470.0,1078,ZC.v.0
2025-03-03 06:00:00+00:00,34,1,680969,470.0,470.75,469.25,470.25,1282,ZC.v.0
2025-03-03 07:00:00+00:00,34,1,680969,470.25,470.5,467.5,468.0,4508,ZC.v.0
2025-03-03 08:00:00+00:00,34,1,680969,468.0,469.5,467.75,469.0,1723,ZC.v.0
2025-03-03 09:00:00+00:00,34,1,680969,469.0,469.5,466.25,467.0,4549,ZC.v.0
2025-03-03 10:00:00+00:00,34,1,680969,467.25,467.5,466.0,466.5,3120,ZC.v.0
2025-03-03 11:00:00+00:00,34,1,680969,466.25,467.25,465.75,466.5,2875,ZC.v.0
2025-03-03 12:00:00+00:00,34,1,680969,466.5,466.75,463.75,464.75,10243,ZC.v.0
2025-03-03 13:00:00+00:00,34,1,680969,464.75,467.25,464.5,466.5,7529,ZC.v.0
2025-03-03 14:00:00+00:00,34,1,680969,467.5,469.25,463.25,466.0,35786,ZC.v.0
2025-03-03 15:00:00+00:00,34,1,680969,465.75,467.25,459.25,459.25,49002,ZC.v.0
2025-03-03 16:00:00+00:00,34,1,680969,459.25,460.75,457.75,458.25,31325,ZC.v.0
2025-03-03 17:00:00+00:00,34,1,680969,458.25,458.75,456.0,458.0,31491,ZC.v.0
2025-03-03 18:00:00+00:00,34,1,680969,458.25,458.75,454.5,456.75,38486,ZC.v.0
2025-03-03 19:00:00+00:00,34,1,680969,456.75,458.75,455.75,456.25,24292,ZC.v.0
2025-03-04 01:00:00+00:00,34,1,680969,456.0,456.25,452.0,454.75,14663,ZC.v.0
2025-03-04 02:00:00+00:00,34,1,680969,454.75,457.25,454.25,456.75,4732,ZC.v.0
2025-03-04 03:00:00+00:00,34,1,680969,457.0,459.25,457.0,458.25,3178,ZC.v.0
2025-03-04 04:00:00+00:00,34,1,680969,458.25,458.75,457.5,457.75,447,ZC.v.0
2025-03-04 05:00:00+00:00,34,1,680969,458.0,458.0,453.5,455.75,6804,ZC.v.0
2025-03-04 06:00:00+00:00,34,1,680969,455.75,455.75,451.0,452.0,7519,ZC.v.0
2025-03-04 07:00:00+00:00,34,1,680969,452.25,453.5,452.25,452.75,2482,ZC.v.0
2025-03-04 08:00:00+00:00,34,1,680969,452.75,454.75,452.25,453.5,3579,ZC.v.0
2025-03-04 09:00:00+00:00,34,1,680969,453.25,453.25,450.5,451.5,5791,ZC.v.0
2025-03-04 10:00:00+00:00,34,1,680969,451.5,452.0,447.5,447.75,8523,ZC.v.0
2025-03-04 11:00:00+00:00,34,1,680969,448.0,453.75,447.75,451.75,7278,ZC.v.0
2025-03-04 12:00:00+00:00,34,1,680969,452.0,452.0,448.0,448.0,6258,ZC.v.0
2025-03-04 13:00:00+00:00,34,1,680969,448.25,450.75,446.25,448.5,10216,ZC.v.0
2025-03-04 14:00:00+00:00,34,1,680969,448.5,455.25,445.75,449.25,43049,ZC.v.0
2025-03-04 15:00:00+00:00,34,1,680969,449.0,451.25,442.5,446.25,46974,ZC.v.0
2025-03-04 16:00:00+00:00,34,1,680969,446.0,450.0,442.75,449.0,35536,ZC.v.0
2025-03-04 17:00:00+00:00,34,1,680969,449.0,455.0,448.25,449.75,35274,ZC.v.0
2025-03-04 18:00:00+00:00,34,1,680969,449.75,452.5,449.75,450.0,14517,ZC.v.0
2025-03-04 19:00:00+00:00,34,1,680969,450.0,452.5,450.0,452.25,14910,ZC.v.0
2025-03-05 01:00:00+00:00,34,1,680969,454.5,458.5,454.25,455.25,12910,ZC.v.0
2025-03-05 02:00:00+00:00,34,1,680969,455.25,456.5,453.5,453.75,2404,ZC.v.0
2025-03-05 03:00:00+00:00,34,1,680969,453.5,454.75,453.0,454.5,2073,ZC.v.0
2025-03-05 04:00:00+00:00,34,1,680969,454.5,456.25,454.5,455.75,1688,ZC.v.0
2025-03-05 05:00:00+00:00,34,1,680969,455.75,456.25,455.25,455.5,1187,ZC.v.0
2025-03-05 06:00:00+00:00,34,1,680969,455.75,455.75,454.5,455.0,1215,ZC.v.0
2025-03-05 07:00:00+00:00,34,1,680969,455.0,456.0,454.75,455.75,1536,ZC.v.0
2025-03-05 08:00:00+00:00,34,1,680969,455.5,457.75,455.5,457.5,3440,ZC.v.0
2025-03-05 09:00:00+00:00,34,1,680969,457.25,457.5,456.0,456.25,3740,ZC.v.0
2025-03-05 10:00:00+00:00,34,1,680969,456.0,456.5,454.75,455.75,2991,ZC.v.0
2025-03-05 11:00:00+00:00,34,1,680969,455.75,457.5,455.25,456.0,2966,ZC.v.0
2025-03-05 12:00:00+00:00,34,1,680969,456.0,458.25,455.75,457.75,5000,ZC.v.0
2025-03-05 13:00:00+00:00,34,1,680969,457.75,460.5,455.75,456.25,9248,ZC.v.0
2025-03-05 14:00:00+00:00,34,1,680969,457.0,457.75,449.75,450.25,37881,ZC.v.0
2025-03-05 15:00:00+00:00,34,1,680969,450.25,453.5,448.5,453.0,36358,ZC.v.0
2025-03-05 16:00:00+00:00,34,1,680969,453.25,458.75,452.25,458.5,26884,ZC.v.0
2025-03-05 17:00:00+00:00,34,1,680969,458.25,458.5,453.75,455.25,20394,ZC.v.0
2025-03-05 18:00:00+00:00,34,1,680969,455.25,457.25,454.25,455.75,17603,ZC.v.0
2025-03-05 19:00:00+00:00,34,1,680969,455.75,458.0,455.25,456.25,16595,ZC.v.0
2025-03-06 01:00:00+00:00,34,1,680969,457.0,461.5,457.0,458.75,7290,ZC.v.0
2025-03-06 02:00:00+00:00,34,1,680969,458.5,459.0,458.25,458.75,1537,ZC.v.0
2025-03-06 03:00:00+00:00,34,1,680969,458.5,458.75,457.75,458.5,827,ZC.v.0
2025-03-06 04:00:00+00:00,34,1,680969,458.25,459.25,458.25,458.75,493,ZC.v.0
2025-03-06 05:00:00+00:00,34,1,680969,458.75,458.75,458.25,458.25,618,ZC.v.0
2025-03-06 06:00:00+00:00,34,1,680969,458.25,459.0,457.75,458.5,977,ZC.v.0
2025-03-06 07:00:00+00:00,34,1,680969,458.75,458.75,458.0,458.25,811,ZC.v.0
2025-03-06 08:00:00+00:00,34,1,680969,458.25,458.5,457.5,458.0,1325,ZC.v.0
2025-03-06 09:00:00+00:00,34,1,680969,457.75,459.5,457.25,459.0,1551,ZC.v.0
2025-03-06 10:00:00+00:00,34,1,680969,459.0,459.0,457.75,458.25,1227,ZC.v.0
2025-03-06 11:00:00+00:00,34,1,680969,458.25,458.5,457.5,458.25,903,ZC.v.0
2025-03-06 12:00:00+00:00,34,1,680969,458.25,458.25,455.5,456.5,3316,ZC.v.0
2025-03-06 13:00:00+00:00,34,1,680969,456.5,456.75,453.5,456.0,7151,ZC.v.0
2025-03-06 14:00:00+00:00,34,1,680969,456.5,457.75,452.75,453.0,29719,ZC.v.0
2025-03-06 15:00:00+00:00,34,1,680969,453.0,465.5,453.0,463.5,65954,ZC.v.0
2025-03-06 16:00:00+00:00,34,1,680969,463.5,473.5,462.5,466.0,44668,ZC.v.0
2025-03-06 17:00:00+00:00,34,1,680969,466.25,468.5,464.75,467.5,17695,ZC.v.0
2025-03-06 18:00:00+00:00,34,1,680969,467.25,468.25,464.0,464.5,17504,ZC.v.0
2025-03-06 19:00:00+00:00,34,1,680969,464.5,465.0,463.0,463.75,13786,ZC.v.0
2025-03-07 01:00:00+00:00,34,1,680969,464.75,466.75,463.5,464.0,2885,ZC.v.0
2025-03-07 02:00:00+00:00,34,1,680969,464.0,464.75,463.75,464.5,1015,ZC.v.0
2025-03-07 03:00:00+00:00,34,1,680969,464.5,464.5,462.5,462.75,878,ZC.v.0
2025-03-07 04:00:00+00:00,34,1,680969,462.5,463.0,462.5,462.75,164,ZC.v.0
2025-03-07 05:00:00+00:00,34,1,680969,462.75,462.75,462.25,462.5,567,ZC.v.0
2025-03-07 06:00:00+00:00,34,1,680969,462.75,462.75,462.0,462.25,307,ZC.v.0
2025-03-07 07:00:00+00:00,34,1,680969,462.25,463.0,462.25,462.25,694,ZC.v.0
2025-03-07 08:00:00+00:00,34,1,680969,462.25,462.75,460.75,462.25,2756,ZC.v.0
2025-03-07 09:00:00+00:00,34,1,680969,462.5,465.5,462.25,464.25,3331,ZC.v.0
2025-03-07 10:00:00+00:00,34,1,680969,464.5,465.5,464.0,464.75,2196,ZC.v.0
2025-03-07 11:00:00+00:00,34,1,680969,465.0,465.0,463.75,463.75,861,ZC.v.0
2025-03-07 12:00:00+00:00,34,1,680969,463.5,463.75,462.25,463.0,2216,ZC.v.0
2025-03-07 13:00:00+00:00,34,1,680969,463.25,464.75,461.25,462.5,4224,ZC.v.0
2025-03-07 14:00:00+00:00,34,1,680969,463.5,466.0,461.75,465.5,18471,ZC.v.0
2025-03-07 15:00:00+00:00,34,1,680969,465.5,468.75,465.25,466.0,22240,ZC.v.0
2025-03-07 16:00:00+00:00,34,1,680969,466.25,469.25,465.25,467.75,19109,ZC.v.0
2025-03-07 17:00:00+00:00,34,1,680969,467.75,469.5,467.5,468.75,14539,ZC.v.0
2025-03-07 18:00:00+00:00,34,1,680969,468.75,471.0,468.25,470.0,14240,ZC.v.0
2025-03-07 19:00:00+00:00,34,1,680969,470.0,470.25,468.5,469.25,17132,ZC.v.0
2025-03-10 00:00:00+00:00,34,1,680969,469.5,472.75,469.5,470.25,4303,ZC.v.0
2025-03-10 01:00:00+00:00,34,1,680969,470.5,471.5,469.0,469.25,1666,ZC.v.0
2025-03-10 02:00:00+00:00,34,1,680969,469.25,469.75,468.25,468.25,1319,ZC.v.0
2025-03-10 03:00:00+00:00,34,1,680969,468.0,468.5,467.5,467.75,785,ZC.v.0
2025-03-10 04:00:00+00:00,34,1,680969,467.75,468.0,467.5,467.75,156,ZC.v.0
2025-03-10 05:00:00+00:00,34,1,680969,467.75,467.75,467.0,467.0,526,ZC.v.0
2025-03-10 06:00:00+00:00,34,1,680969,467.0,467.5,466.5,467.5,935,ZC.v.0
2025-03-10 07:00:00+00:00,34,1,680969,467.75,468.0,466.75,467.25,923,ZC.v.0
2025-03-10 08:00:00+00:00,34,1,680969,467.25,468.25,466.5,467.5,2402,ZC.v.0
2025-03-10 09:00:00+00:00,34,1,680969,467.5,469.5,467.5,469.0,1292,ZC.v.0
2025-03-10 10:00:00+00:00,34,1,680969,469.0,469.5,468.25,469.25,1292,ZC.v.0
2025-03-10 11:00:00+00:00,34,1,680969,469.25,472.25,468.5,472.0,2410,ZC.v.0
2025-03-10 12:00:00+00:00,34,1,680969,472.25,473.5,472.0,472.75,4340,ZC.v.0
2025-03-10 13:00:00+00:00,34,1,680969,472.25,474.75,469.75,469.75,22735,ZC.v.0
2025-03-10 14:00:00+00:00,34,1,680969,469.75,471.0,467.25,469.5,25843,ZC.v.0
2025-03-10 15:00:00+00:00,34,1,680969,469.75,472.75,469.5,471.5,14798,ZC.v.0
2025-03-10 16:00:00+00:00,34,1,680969,471.25,472.75,471.0,472.5,8978,ZC.v.0
2025-03-10 17:00:00+00:00,34,1,680969,472.75,472.75,470.5,471.75,10919,ZC.v.0
2025-03-10 18:00:00+00:00,34,1,680969,471.75,472.5,470.5,472.25,12334,ZC.v.0
2025-03-11 00:00:00+00:00,34,1,680969,472.0,472.5,470.25,471.75,3550,ZC.v.0
2025-03-11 01:00:00+00:00,34,1,680969,471.75,471.75,471.0,471.25,328,ZC.v.0
2025-03-11 02:00:00+00:00,34,1,680969,471.0,471.5,471.0,471.0,411,ZC.v.0
2025-03-11 03:00:00+00:00,34,1,680969,471.25,471.25,470.75,471.25,307,ZC.v.0
2025-03-11 04:00:00+00:00,34,1,680969,471.25,471.75,470.75,470.75,136,ZC.v.0
2025-03-11 05:00:00+00:00,34,1,680969,470.75,471.0,470.75,471.0,64,ZC.v.0
2025-03-11 06:00:00+00:00,34,1,680969,471.0,471.75,470.25,471.5,930,ZC.v.0
2025-03-11 07:00:00+00:00,34,1,680969,471.5,473.5,471.5,473.0,1448,ZC.v.0
2025-03-11 08:00:00+00:00,34,1,680969,473.0,474.75,473.0,474.5,2044,ZC.v.0
2025-03-11 09:00:00+00:00,34,1,680969,474.75,474.75,473.0,473.0,1831,ZC.v.0
2025-03-11 10:00:00+00:00,34,1,680969,473.0,475.0,473.0,474.5,2193,ZC.v.0
2025-03-11 11:00:00+00:00,34,1,680969,474.5,475.5,473.75,474.5,3018,ZC.v.0
2025-03-11 12:00:00+00:00,34,1,680969,474.75,475.5,474.25,474.5,2969,ZC.v.0
2025-03-11 13:00:00+00:00,34,1,680969,474.25,476.5,473.25,476.25,17899,ZC.v.0
2025-03-11 14:00:00+00:00,34,1,680969,476.5,477.5,475.0,476.0,16964,ZC.v.0
2025-03-11 15:00:00+00:00,34,1,680969,475.75,476.75,474.25,476.0,18286,ZC.v.0
2025-03-11 16:00:00+00:00,34,1,680969,475.5,476.5,472.5,475.25,25785,ZC.v.0
2025-03-11 17:00:00+00:00,34,1,680969,475.25,476.0,472.5,472.5,12517,ZC.v.0
2025-03-11 18:00:00+00:00,34,1,680969,472.5,472.5,469.0,469.25,18229,ZC.v.0
2025-03-12 00:00:00+00:00,34,1,680969,469.25,472.0,469.25,470.25,3703,ZC.v.0
2025-03-12 01:00:00+00:00,34,1,680969,470.5,470.5,470.0,470.0,475,ZC.v.0
2025-03-12 02:00:00+00:00,34,1,680969,470.0,470.5,469.75,470.0,308,ZC.v.0
2025-03-12 03:00:00+00:00,34,1,680969,470.0,470.25,469.75,470.0,227,ZC.v.0
2025-03-12 04:00:00+00:00,34,1,680969,469.75,470.25,469.75,470.25,195,ZC.v.0
2025-03-12 05:00:00+00:00,34,1,680969,470.25,470.25,470.0,470.25,401,ZC.v.0
2025-03-12 06:00:00+00:00,34,1,680969,470.25,470.75,468.75,468.75,1841,ZC.v.0
2025-03-12 07:00:00+00:00,34,1,680969,468.75,469.0,467.25,467.5,3205,ZC.v.0
2025-03-12 08:00:00+00:00,34,1,680969,467.75,468.0,466.0,466.25,3337,ZC.v.0
2025-03-12 09:00:00+00:00,34,1,680969,466.25,466.25,464.0,464.0,4118,ZC.v.0
2025-03-12 10:00:00+00:00,34,1,680969,464.0,464.75,462.75,463.0,3673,ZC.v.0
2025-03-12 11:00:00+00:00,34,1,680969,463.0,463.75,462.0,463.75,4497,ZC.v.0
2025-03-12 12:00:00+00:00,34,1,680969,463.5,463.75,461.25,461.25,5293,ZC.v.0
2025-03-12 13:00:00+00:00,34,1,680969,461.75,465.75,460.25,463.25,27154,ZC.v.0
2025-03-12 14:00:00+00:00,34,1,680969,463.25,463.75,458.25,460.5,28246,ZC.v.0
2025-03-12 15:00:00+00:00,34,1,680969,460.25,460.25,456.25,456.75,24690,ZC.v.0
2025-03-12 16:00:00+00:00,34,1,680969,456.75,459.75,456.25,458.0,16377,ZC.v.0
2025-03-12 17:00:00+00:00,34,1,680969,458.25,460.5,458.0,459.5,13375,ZC.v.0
2025-03-12 18:00:00+00:00,34,1,680969,459.5,462.0,459.0,461.5,16292,ZC.v.0
2025-03-13 00:00:00+00:00,34,1,680969,461.5,461.75,459.5,460.0,2011,ZC.v.0
2025-03-13 01:00:00+00:00,34,1,680969,460.0,460.75,459.5,460.75,729,ZC.v.0
2025-03-13 02:00:00+00:00,34,1,680969,460.75,461.5,460.75,461.0,575,ZC.v.0
2025-03-13 03:00:00+00:00,34,1,680969,461.0,461.5,460.75,461.25,188,ZC.v.0
2025-03-13 04:00:00+00:00,34,1,680969,461.0,461.25,460.5,460.5,410,ZC.v.0
2025-03-13 05:00:00+00:00,34,1,680969,460.75,461.0,460.0,460.75,237,ZC.v.0
2025-03-13 06:00:00+00:00,34,1,680969,460.75,462.0,460.75,461.75,579,ZC.v.0
2025-03-13 07:00:00+00:00,34,1,680969,461.75,463.75,461.75,462.5,2102,ZC.v.0
2025-03-13 08:00:00+00:00,34,1,680969,462.5,463.75,462.5,463.5,813,ZC.v.0
2025-03-13 09:00:00+00:00,34,1,680969,463.5,464.75,463.5,464.5,2125,ZC.v.0
2025-03-13 10:00:00+00:00,34,1,680969,464.5,465.5,464.0,465.0,2621,ZC.v.0
2025-03-13 11:00:00+00:00,34,1,680969,464.75,465.5,464.25,465.25,1343,ZC.v.0
2025-03-13 12:00:00+00:00,34,1,680969,465.0,465.75,464.0,464.5,2958,ZC.v.0
2025-03-13 13:00:00+00:00,34,1,680969,464.75,469.75,463.75,469.75,22959,ZC.v.0
2025-03-13 14:00:00+00:00,34,1,680969,469.5,470.0,467.0,469.5,24441,ZC.v.0
2025-03-13 15:00:00+00:00,34,1,680969,469.5,469.75,465.25,467.0,16565,ZC.v.0
2025-03-13 16:00:00+00:00,34,1,680969,467.0,468.5,465.75,466.5,14832,ZC.v.0
2025-03-13 17:00:00+00:00,34,1,680969,466.5,467.25,465.25,466.5,11445,ZC.v.0
2025-03-13 18:00:00+00:00,34,1,680969,466.25,466.5,463.75,464.0,16444,ZC.v.0
2025-03-14 00:00:00+00:00,34,1,680969,463.25,463.5,460.25,461.0,4513,ZC.v.0
2025-03-14 01:00:00+00:00,34,1,680969,461.25,461.5,460.0,461.0,1510,ZC.v.0
2025-03-14 02:00:00+00:00,34,1,680969,461.0,461.5,460.5,460.75,1060,ZC.v.0
2025-03-14 03:00:00+00:00,34,1,680969,460.75,461.75,460.75,461.25,975,ZC.v.0
2025-03-14 04:00:00+00:00,34,1,680969,461.5,461.5,460.75,461.0,291,ZC.v.0
2025-03-14 05:00:00+00:00,34,1,680969,461.25,462.25,461.0,462.0,370,ZC.v.0
2025-03-14 06:00:00+00:00,34,1,680969,462.0,462.25,461.25,461.5,695,ZC.v.0
2025-03-14 07:00:00+00:00,34,1,680969,461.5,461.5,460.75,461.0,527,ZC.v.0
2025-03-14 08:00:00+00:00,34,1,680969,461.0,461.0,459.5,459.75,2626,ZC.v.0
2025-03-14 09:00:00+00:00,34,1,680969,459.75,460.25,459.0,459.5,2343,ZC.v.0
2025-03-14 10:00:00+00:00,34,1,680969,459.75,460.75,459.0,459.0,2362,ZC.v.0
2025-03-14 11:00:00+00:00,34,1,680969,459.25,460.0,458.75,459.0,2451,ZC.v.0
2025-03-14 12:00:00+00:00,34,1,680969,459.0,461.25,458.75,461.0,2909,ZC.v.0
2025-03-14 13:00:00+00:00,34,1,680969,461.25,461.75,457.0,457.5,17566,ZC.v.0
2025-03-14 14:00:00+00:00,34,1,680969,457.5,459.75,456.5,459.25,19533,ZC.v.0
2025-03-14 15:00:00+00:00,34,1,680969,459.25,459.5,457.0,457.25,16844,ZC.v.0
2025-03-14 16:00:00+00:00,34,1,680969,457.0,459.25,456.75,458.25,14139,ZC.v.0
2025-03-14 17:00:00+00:00,34,1,680969,458.25,459.5,457.25,458.5,13182,ZC.v.0
2025-03-14 18:00:00+00:00,34,1,680969,458.5,459.25,458.25,458.75,8940,ZC.v.0
2025-03-17 00:00:00+00:00,34,1,680969,460.0,464.0,459.75,462.75,5321,ZC.v.0
2025-03-17 01:00:00+00:00,34,1,680969,462.75,463.5,462.0,462.25,833,ZC.v.0
2025-03-17 02:00:00+00:00,34,1,680969,462.5,462.75,462.0,462.5,264,ZC.v.0
2025-03-17 03:00:00+00:00,34,1,680969,462.25,463.0,462.25,462.75,146,ZC.v.0
2025-03-17 04:00:00+00:00,34,1,680969,462.5,463.0,462.5,462.75,170,ZC.v.0
2025-03-17 05:00:00+00:00,34,1,680969,462.75,463.0,462.5,462.75,454,ZC.v.0
2025-03-17 06:00:00+00:00,34,1,680969,463.0,463.0,462.25,462.75,497,ZC.v.0
2025-03-17 07:00:00+00:00,34,1,680969,462.75,463.25,462.5,462.75,965,ZC.v.0
2025-03-17 08:00:00+00:00,34,1,680969,462.75,463.25,462.5,463.25,1015,ZC.v.0
2025-03-17 09:00:00+00:00,34,1,680969,463.25,463.75,462.75,463.25,1651,ZC.v.0
2025-03-17 10:00:00+00:00,34,1,680969,463.25,463.75,462.0,463.25,2012,ZC.v.0
2025-03-17 11:00:00+00:00,34,1,680969,463.0,465.0,462.5,464.75,4043,ZC.v.0
2025-03-17 12:00:00+00:00,34,1,680969,464.75,465.5,463.5,464.0,3317,ZC.v.0
2025-03-17 13:00:00+00:00,34,1,680969,464.25,465.0,461.5,461.75,16416,ZC.v.0
2025-03-17 14:00:00+00:00,34,1,680969,461.5,463.5,460.75,461.5,15949,ZC.v.0
2025-03-17 15:00:00+00:00,34,1,680969,461.75,463.0,460.25,461.25,13889,ZC.v.0
2025-03-17 16:00:00+00:00,34,1,680969,461.0,461.5,457.25,458.5,20895,ZC.v.0
2025-03-17 17:00:00+00:00,34,1,680969,458.5,460.25,457.5,460.0,11540,ZC.v.0
2025-03-17 18:00:00+00:00,34,1,680969,460.0,461.5,460.0,460.5,17193,ZC.v.0
2025-03-18 00:00:00+00:00,34,1,680969,461.0,462.5,460.25,461.75,1969,ZC.v.0
2025-03-18 01:00:00+00:00,34,1,680969,461.75,462.25,461.0,461.0,939,ZC.v.0
2025-03-18 02:00:00+00:00,34,1,680969,461.0,461.5,460.5,460.75,582,ZC.v.0
2025-03-18 03:00:00+00:00,34,1,680969,461.0,461.0,460.25,460.5,558,ZC.v.0
2025-03-18 04:00:00+00:00,34,1,680969,460.5,460.5,460.25,460.5,272,ZC.v.0
2025-03-18 05:00:00+00:00,34,1,680969,460.25,460.5,458.5,458.5,1624,ZC.v.0
2025-03-18 06:00:00+00:00,34,1,680969,458.75,459.0,458.0,458.5,1042,ZC.v.0
2025-03-18 07:00:00+00:00,34,1,680969,458.5,459.25,458.25,459.0,947,ZC.v.0
2025-03-18 08:00:00+00:00,34,1,680969,459.0,459.0,457.75,457.75,2108,ZC.v.0
2025-03-18 09:00:00+00:00,34,1,680969,458.0,458.0,455.5,455.75,4396,ZC.v.0
2025-03-18 10:00:00+00:00,34,1,680969,456.0,457.5,456.0,457.25,1004,ZC.v.0
2025-03-18 11:00:00+00:00,34,1,680969,457.0,457.75,457.0,457.5,1651,ZC.v.0
2025-03-18 12:00:00+00:00,34,1,680969,457.5,459.0,457.0,458.75,1984,ZC.v.0
2025-03-18 13:00:00+00:00,34,1,680969,459.5,461.75,457.5,457.75,16828,ZC.v.0
2025-03-18 14:00:00+00:00,34,1,680969,458.0,459.0,455.25,458.0,28555,ZC.v.0
2025-03-18 15:00:00+00:00,34,1,680969,458.25,461.25,458.25,459.0,16284,ZC.v.0
2025-03-18 16:00:00+00:00,34,1,680969,458.75,460.5,457.0,458.0,14057,ZC.v.0
2025-03-18 17:00:00+00:00,34,1,680969,458.25,459.5,457.25,458.5,13800,ZC.v.0
2025-03-18 18:00:00+00:00,34,1,680969,458.5,459.25,457.75,457.75,9778,ZC.v.0
2025-03-19 00:00:00+00:00,34,1,680969,458.25,458.25,455.75,457.0,3356,ZC.v.0
2025-03-19 01:00:00+00:00,34,1,680969,457.0,457.5,456.75,457.25,1284,ZC.v.0
2025-03-19 02:00:00+00:00,34,1,680969,457.25,458.0,457.25,457.5,736,ZC.v.0
2025-03-19 03:00:00+00:00,34,1,680969,457.5,457.5,457.0,457.25,301,ZC.v.0
2025-03-19 04:00:00+00:00,34,1,680969,457.0,457.25,457.0,457.0,58,ZC.v.0
2025-03-19 05:00:00+00:00,34,1,680969,457.0,457.25,456.75,456.75,1008,ZC.v.0
2025-03-19 06:00:00+00:00,34,1,680969,457.0,457.0,456.25,456.75,777,ZC.v.0
2025-03-19 07:00:00+00:00,34,1,680969,456.75,457.0,456.25,456.5,1042,ZC.v.0
2025-03-19 08:00:00+00:00,34,1,680969,456.5,458.75,456.5,458.25,2206,ZC.v.0
2025-03-19 09:00:00+00:00,34,1,680969,458.25,458.5,457.0,457.75,1001,ZC.v.0
2025-03-19 10:00:00+00:00,34,1,680969,458.0,459.25,457.25,459.0,2427,ZC.v.0
2025-03-19 11:00:00+00:00,34,1,680969,459.0,459.5,456.75,456.75,2950,ZC.v.0
2025-03-19 12:00:00+00:00,34,1,680969,457.0,458.0,456.5,457.75,2138,ZC.v.0
2025-03-19 13:00:00+00:00,34,1,680969,457.5,460.5,456.5,459.75,17563,ZC.v.0
2025-03-19 14:00:00+00:00,34,1,680969,459.75,463.0,459.0,461.5,22321,ZC.v.0
2025-03-19 15:00:00+00:00,34,1,680969,461.5,462.5,458.75,459.5,25228,ZC.v.0
2025-03-19 16:00:00+00:00,34,1,680969,459.25,462.0,458.25,460.75,14549,ZC.v.0
2025-03-19 17:00:00+00:00,34,1,680969,461.0,462.5,460.5,461.25,12307,ZC.v.0
2025-03-19 18:00:00+00:00,34,1,680969,461.0,462.5,460.75,462.0,13019,ZC.v.0
2025-03-20 00:00:00+00:00,34,1,680969,462.0,464.5,462.0,464.0,3756,ZC.v.0
2025-03-20 01:00:00+00:00,34,1,680969,464.25,464.5,463.75,464.25,807,ZC.v.0
2025-03-20 02:00:00+00:00,34,1,680969,464.25,465.75,464.25,465.25,2564,ZC.v.0
2025-03-20 03:00:00+00:00,34,1,680969,465.25,465.5,464.75,465.25,422,ZC.v.0
2025-03-20 04:00:00+00:00,34,1,680969,465.0,465.25,464.75,464.75,154,ZC.v.0
2025-03-20 05:00:00+00:00,34,1,680969,464.75,464.75,464.0,464.0,427,ZC.v.0
2025-03-20 06:00:00+00:00,34,1,680969,464.0,464.5,463.5,463.5,1124,ZC.v.0
2025-03-20 07:00:00+00:00,34,1,680969,463.5,464.0,463.25,464.0,685,ZC.v.0
2025-03-20 08:00:00+00:00,34,1,680969,464.0,464.25,463.5,464.0,841,ZC.v.0
2025-03-20 09:00:00+00:00,34,1,680969,464.0,464.25,463.25,463.5,1314,ZC.v.0
2025-03-20 10:00:00+00:00,34,1,680969,463.5,463.75,462.25,462.5,1861,ZC.v.0
2025-03-20 11:00:00+00:00,34,1,680969,462.5,464.75,462.25,464.25,2597,ZC.v.0
2025-03-20 12:00:00+00:00,34,1,680969,464.0,466.0,463.5,465.5,5913,ZC.v.0
2025-03-20 13:00:00+00:00,34,1,680969,465.75,467.5,464.75,467.25,21784,ZC.v.0
2025-03-20 14:00:00+00:00,34,1,680969,467.0,467.75,465.0,465.5,17219,ZC.v.0
2025-03-20 15:00:00+00:00,34,1,680969,465.5,467.5,464.25,466.75,19180,ZC.v.0
2025-03-20 16:00:00+00:00,34,1,680969,467.0,468.0,465.75,468.0,18487,ZC.v.0
2025-03-20 17:00:00+00:00,34,1,680969,468.0,470.25,467.5,469.5,18552,ZC.v.0
2025-03-20 18:00:00+00:00,34,1,680969,469.5,469.75,467.5,467.75,16522,ZC.v.0
2025-03-21 00:00:00+00:00,34,1,680969,467.25,468.75,466.75,467.25,2571,ZC.v.0
2025-03-21 01:00:00+00:00,34,1,680969,467.0,467.25,466.25,466.5,961,ZC.v.0
2025-03-21 02:00:00+00:00,34,1,680969,466.5,466.75,466.25,466.5,505,ZC.v.0
2025-03-21 03:00:00+00:00,34,1,680969,466.25,466.5,466.0,466.25,469,ZC.v.0
2025-03-21 04:00:00+00:00,34,1,680969,466.5,467.0,466.25,466.75,608,ZC.v.0
2025-03-21 05:00:00+00:00,34,1,680969,466.5,466.75,466.0,466.25,294,ZC.v.0
2025-03-21 06:00:00+00:00,34,1,680969,466.0,466.5,466.0,466.25,170,ZC.v.0
2025-03-21 07:00:00+00:00,34,1,680969,466.5,467.75,466.5,467.75,859,ZC.v.0
2025-03-21 08:00:00+00:00,34,1,680969,467.75,467.75,466.25,467.0,1149,ZC.v.0
2025-03-21 09:00:00+00:00,34,1,680969,467.0,468.5,466.5,468.0,1151,ZC.v.0
2025-03-21 10:00:00+00:00,34,1,680969,468.0,469.5,468.0,468.5,2058,ZC.v.0
2025-03-21 11:00:00+00:00,34,1,680969,468.5,469.0,467.75,469.0,1471,ZC.v.0
2025-03-21 12:00:00+00:00,34,1,680969,468.75,468.75,466.75,468.25,3697,ZC.v.0
2025-03-21 13:00:00+00:00,34,1,680969,468.25,469.75,466.5,468.5,15257,ZC.v.0
2025-03-21 14:00:00+00:00,34,1,680969,468.25,468.25,462.75,463.5,24100,ZC.v.0
2025-03-21 15:00:00+00:00,34,1,680969,463.5,464.5,461.75,462.0,16017,ZC.v.0
2025-03-21 16:00:00+00:00,34,1,680969,462.25,463.75,461.25,463.5,9939,ZC.v.0
2025-03-21 17:00:00+00:00,34,1,680969,463.75,465.0,463.5,464.0,10242,ZC.v.0
2025-03-21 18:00:00+00:00,34,1,680969,464.0,465.0,463.0,463.0,12146,ZC.v.0
2025-03-24 00:00:00+00:00,34,1,680969,465.0,466.25,463.25,463.5,3110,ZC.v.0
2025-03-24 01:00:00+00:00,34,1,680969,463.5,463.75,463.0,463.0,527,ZC.v.0
2025-03-24 02:00:00+00:00,34,1,680969,463.0,463.25,462.5,463.0,325,ZC.v.0
2025-03-24 03:00:00+00:00,34,1,680969,463.0,463.25,462.75,463.0,272,ZC.v.0
2025-03-24 04:00:00+00:00,34,1,680969,463.0,463.25,463.0,463.25,45,ZC.v.0
2025-03-24 05:00:00+00:00,34,1,680969,463.25,463.75,463.0,463.75,286,ZC.v.0
2025-03-24 06:00:00+00:00,34,1,680969,463.5,463.5,462.75,463.25,173,ZC.v.0
2025-03-24 07:00:00+00:00,34,1,680969,463.25,463.25,462.75,463.0,282,ZC.v.0
2025-03-24 08:00:00+00:00,34,1,680969,462.75,463.25,461.0,461.25,1928,ZC.v.0
2025-03-24 09:00:00+00:00,34,1,680969,461.25,462.25,461.0,462.0,818,ZC.v.0
2025-03-24 10:00:00+00:00,34,1,680969,462.25,463.5,461.5,461.75,1691,ZC.v.0
2025-03-24 11:00:00+00:00,34,1,680969,462.0,462.0,460.0,461.25,3475,ZC.v.0
2025-03-24 12:00:00+00:00,34,1,680969,461.25,462.25,460.25,462.25,1514,ZC.v.0
2025-03-24 13:00:00+00:00,34,1,680969,462.25,464.0,459.5,462.0,15605,ZC.v.0
2025-03-24 14:00:00+00:00,34,1,680969,462.0,462.75,460.25,461.25,9242,ZC.v.0
2025-03-24 15:00:00+00:00,34,1,680969,461.5,464.25,461.25,463.5,10074,ZC.v.0
2025-03-24 16:00:00+00:00,34,1,680969,463.5,466.0,463.5,465.25,14807,ZC.v.0
2025-03-24 17:00:00+00:00,34,1,680969,465.25,465.5,463.0,464.5,7938,ZC.v.0
2025-03-24 18:00:00+00:00,34,1,680969,464.25,465.0,463.75,464.5,9901,ZC.v.0
2025-03-25 00:00:00+00:00,34,1,680969,464.5,464.5,463.0,463.0,1513,ZC.v.0
2025-03-25 01:00:00+00:00,34,1,680969,463.25,464.25,463.25,464.25,704,ZC.v.0
2025-03-25 02:00:00+00:00,34,1,680969,464.25,464.5,463.75,463.75,269,ZC.v.0
2025-03-25 03:00:00+00:00,34,1,680969,463.75,464.25,463.75,464.25,172,ZC.v.0
2025-03-25 04:00:00+00:00,34,1,680969,464.25,464.5,464.0,464.0,236,ZC.v.0
2025-03-25 05:00:00+00:00,34,1,680969,464.0,464.5,464.0,464.25,97,ZC.v.0
2025-03-25 06:00:00+00:00,34,1,680969,464.25,464.5,464.25,464.5,67,ZC.v.0
2025-03-25 07:00:00+00:00,34,1,680969,464.5,464.75,464.25,464.5,257,ZC.v.0
2025-03-25 08:00:00+00:00,34,1,680969,464.75,464.75,463.25,463.5,487,ZC.v.0
2025-03-25 09:00:00+00:00,34,1,680969,463.75,463.75,463.0,463.5,1223,ZC.v.0
2025-03-25 10:00:00+00:00,34,1,680969,463.5,463.75,461.75,463.25,2121,ZC.v.0
2025-03-25 11:00:00+00:00,34,1,680969,463.25,463.25,461.5,462.0,1518,ZC.v.0
2025-03-25 12:00:00+00:00,34,1,680969,461.75,462.25,460.5,461.25,2938,ZC.v.0
2025-03-25 13:00:00+00:00,34,1,680969,461.25,462.0,458.25,458.75,17657,ZC.v.0
2025-03-25 14:00:00+00:00,34,1,680969,458.75,460.0,457.5,458.25,17302,ZC.v.0
2025-03-25 15:00:00+00:00,34,1,680969,458.5,459.25,457.0,458.0,13470,ZC.v.0
2025-03-25 16:00:00+00:00,34,1,680969,458.25,458.5,457.0,457.75,8564,ZC.v.0
2025-03-25 17:00:00+00:00,34,1,680969,458.0,459.75,457.75,458.25,12369,ZC.v.0
2025-03-25 18:00:00+00:00,34,1,680969,458.25,458.75,457.5,458.5,14051,ZC.v.0
2025-03-26 00:00:00+00:00,34,1,680969,458.75,459.0,458.0,458.25,1646,ZC.v.0
2025-03-26 01:00:00+00:00,34,1,680969,458.25,458.25,457.5,458.25,616,ZC.v.0
2025-03-26 02:00:00+00:00,34,1,680969,458.25,458.5,457.25,457.75,536,ZC.v.0
2025-03-26 03:00:00+00:00,34,1,680969,457.5,457.5,457.25,457.25,182,ZC.v.0
2025-03-26 04:00:00+00:00,34,1,680969,457.25,457.5,457.25,457.5,17,ZC.v.0
2025-03-26 05:00:00+00:00,34,1,680969,457.25,457.5,457.0,457.5,357,ZC.v.0
2025-03-26 06:00:00+00:00,34,1,680969,457.5,458.25,457.5,458.0,483,ZC.v.0
2025-03-26 07:00:00+00:00,34,1,680969,458.0,459.25,458.0,458.5,886,ZC.v.0
2025-03-26 08:00:00+00:00,34,1,680969,458.5,459.75,458.25,459.0,645,ZC.v.0
2025-03-26 09:00:00+00:00,34,1,680969,459.0,459.0,457.75,458.25,1473,ZC.v.0
2025-03-26 10:00:00+00:00,34,1,680969,458.5,459.0,458.0,458.75,774,ZC.v.0
2025-03-26 11:00:00+00:00,34,1,680969,458.5,459.75,458.25,458.75,1392,ZC.v.0
2025-03-26 12:00:00+00:00,34,1,680969,458.5,459.25,457.75,458.75,2288,ZC.v.0
2025-03-26 13:00:00+00:00,34,1,680969,458.5,461.0,457.5,459.25,14894,ZC.v.0
2025-03-26 14:00:00+00:00,34,1,680969,459.5,460.0,456.0,456.0,14908,ZC.v.0
2025-03-26 15:00:00+00:00,34,1,680969,456.0,456.25,454.0,455.25,17513,ZC.v.0
2025-03-26 16:00:00+00:00,34,1,680969,455.5,457.25,454.5,455.25,9031,ZC.v.0
2025-03-26 17:00:00+00:00,34,1,680969,455.25,455.5,451.0,451.25,17658,ZC.v.0
2025-03-26 18:00:00+00:00,34,1,680969,451.25,452.0,450.75,451.5,17909,ZC.v.0
2025-03-27 00:00:00+00:00,34,1,680969,451.75,452.5,451.0,451.0,2577,ZC.v.0
2025-03-27 01:00:00+00:00,34,1,680969,451.0,451.25,450.5,451.25,1242,ZC.v.0
2025-03-27 02:00:00+00:00,34,1,680969,451.25,451.5,451.0,451.5,365,ZC.v.0
2025-03-27 03:00:00+00:00,34,1,680969,451.5,451.75,451.5,451.5,274,ZC.v.0
2025-03-27 04:00:00+00:00,34,1,680969,451.5,451.75,451.25,451.5,104,ZC.v.0
2025-03-27 05:00:00+00:00,34,1,680969,451.5,451.5,451.0,451.0,211,ZC.v.0
2025-03-27 06:00:00+00:00,34,1,680969,451.0,451.25,450.25,450.25,1320,ZC.v.0
2025-03-27 07:00:00+00:00,34,1,680969,450.25,450.5,450.0,450.25,860,ZC.v.0
2025-03-27 08:00:00+00:00,34,1,680969,450.25,450.75,450.0,450.5,745,ZC.v.0
2025-03-27 09:00:00+00:00,34,1,680969,450.75,452.75,450.5,452.5,3435,ZC.v.0
2025-03-27 10:00:00+00:00,34,1,680969,452.5,452.5,451.5,451.75,1056,ZC.v.0
2025-03-27 11:00:00+00:00,34,1,680969,451.75,452.75,451.25,452.0,2925,ZC.v.0
2025-03-27 12:00:00+00:00,34,1,680969,452.0,452.75,450.5,452.0,3779,ZC.v.0
2025-03-27 13:00:00+00:00,34,1,680969,452.0,452.5,447.25,451.75,23978,ZC.v.0
2025-03-27 14:00:00+00:00,34,1,680969,452.0,452.0,447.75,448.75,17116,ZC.v.0
2025-03-27 15:00:00+00:00,34,1,680969,448.75,450.5,448.0,450.25,11936,ZC.v.0
2025-03-27 16:00:00+00:00,34,1,680969,450.5,451.0,448.25,448.25,8881,ZC.v.0
2025-03-27 17:00:00+00:00,34,1,680969,448.5,449.0,447.75,448.5,10403,ZC.v.0
2025-03-27 18:00:00+00:00,34,1,680969,448.75,450.5,448.25,450.0,13080,ZC.v.0
2025-03-28 00:00:00+00:00,34,1,680969,450.25,450.25,448.5,448.75,1371,ZC.v.0
2025-03-28 01:00:00+00:00,34,1,680969,449.0,449.0,448.25,448.25,379,ZC.v.0
2025-03-28 02:00:00+00:00,34,1,680969,448.5,448.75,447.5,447.5,626,ZC.v.0
2025-03-28 03:00:00+00:00,34,1,680969,447.5,447.75,447.25,447.5,391,ZC.v.0
2025-03-28 04:00:00+00:00,34,1,680969,447.5,447.5,447.25,447.5,298,ZC.v.0
2025-03-28 05:00:00+00:00,34,1,680969,447.5,447.5,447.0,447.25,1205,ZC.v.0
2025-03-28 06:00:00+00:00,34,1,680969,447.25,447.5,446.75,447.0,891,ZC.v.0
2025-03-28 07:00:00+00:00,34,1,680969,447.0,447.25,446.0,446.0,1815,ZC.v.0
2025-03-28 08:00:00+00:00,34,1,680969,446.25,446.75,445.75,446.0,1679,ZC.v.0
2025-03-28 09:00:00+00:00,34,1,680969,446.0,446.5,445.75,446.0,1006,ZC.v.0
2025-03-28 10:00:00+00:00,34,1,680969,446.25,446.75,446.0,446.0,1370,ZC.v.0
2025-03-28 11:00:00+00:00,34,1,680969,446.0,446.0,445.0,445.25,2196,ZC.v.0
2025-03-28 12:00:00+00:00,34,1,680969,445.25,445.75,445.0,445.25,4074,ZC.v.0
2025-03-28 13:00:00+00:00,34,1,680969,445.5,445.75,442.0,443.25,23687,ZC.v.0
2025-03-28 14:00:00+00:00,34,1,680969,443.25,447.75,442.75,446.75,20634,ZC.v.0
2025-03-28 15:00:00+00:00,34,1,680969,447.0,449.75,446.5,448.25,15771,ZC.v.0
2025-03-28 16:00:00+00:00,34,1,680969,448.0,451.5,447.75,451.25,12977,ZC.v.0
2025-03-28 17:00:00+00:00,34,1,680969,451.25,453.25,450.5,453.0,15463,ZC.v.0
2025-03-28 18:00:00+00:00,34,1,680969,453.0,454.0,452.25,453.0,12641,ZC.v.0
2025-03-31 00:00:00+00:00,34,1,680969,453.0,453.25,450.75,451.25,3443,ZC.v.0
2025-03-31 01:00:00+00:00,34,1,680969,451.25,453.25,451.25,453.0,1884,ZC.v.0
2025-03-31 02:00:00+00:00,34,1,680969,452.75,453.5,452.75,453.5,609,ZC.v.0
2025-03-31 03:00:00+00:00,34,1,680969,453.25,454.0,453.0,453.75,590,ZC.v.0
2025-03-31 04:00:00+00:00,34,1,680969,453.75,454.25,453.5,454.0,573,ZC.v.0
2025-03-31 05:00:00+00:00,34,1,680969,454.25,455.0,454.0,454.75,835,ZC.v.0
2025-03-31 06:00:00+00:00,34,1,680969,455.0,455.5,454.5,455.25,1929,ZC.v.0
2025-03-31 07:00:00+00:00,34,1,680969,455.25,455.5,453.75,455.0,1082,ZC.v.0
2025-03-31 08:00:00+00:00,34,1,680969,454.75,455.5,454.0,455.25,1209,ZC.v.0
2025-03-31 09:00:00+00:00,34,1,680969,455.25,456.0,453.75,454.25,2312,ZC.v.0
2025-03-31 10:00:00+00:00,34,1,680969,454.0,454.25,453.5,453.5,978,ZC.v.0
2025-03-31 11:00:00+00:00,34,1,680969,453.75,454.0,452.5,453.75,1979,ZC.v.0
2025-03-31 12:00:00+00:00,34,1,680969,454.0,454.5,451.75,452.25,3129,ZC.v.0
2025-03-31 13:00:00+00:00,34,1,680969,452.25,453.5,449.75,450.0,17798,ZC.v.0
2025-03-31 14:00:00+00:00,34,1,680969,450.25,452.75,449.0,449.5,14471,ZC.v.0
2025-03-31 15:00:00+00:00,34,1,680969,449.75,451.0,448.0,448.5,16542,ZC.v.0
2025-03-31 16:00:00+00:00,34,1,680969,448.5,459.25,444.0,456.25,63338,ZC.v.0
2025-03-31 17:00:00+00:00,34,1,680969,456.5,458.5,455.5,457.5,13731,ZC.v.0
2025-03-31 18:00:00+00:00,34,1,680969,457.25,458.0,456.0,457.75,16493,ZC.v.0
2025-04-01 00:00:00+00:00,34,1,680969,457.75,458.0,456.0,457.0,1632,ZC.v.0
2025-04-01 01:00:00+00:00,34,1,680969,457.0,457.0,455.75,456.0,626,ZC.v.0
2025-04-01 02:00:00+00:00,34,1,680969,456.25,457.0,456.25,456.75,165,ZC.v.0
2025-04-01 03:00:00+00:00,34,1,680969,457.0,457.0,456.75,456.75,364,ZC.v.0
2025-04-01 04:00:00+00:00,34,1,680969,456.75,457.25,456.75,457.25,81,ZC.v.0
2025-04-01 05:00:00+00:00,34,1,680969,457.25,457.25,456.75,456.75,317,ZC.v.0
2025-04-01 06:00:00+00:00,34,1,680969,456.75,457.75,456.75,457.0,505,ZC.v.0
2025-04-01 07:00:00+00:00,34,1,680969,456.75,457.0,454.0,455.5,2289,ZC.v.0
2025-04-01 08:00:00+00:00,34,1,680969,455.5,456.0,454.75,455.75,1248,ZC.v.0
2025-04-01 09:00:00+00:00,34,1,680969,456.0,459.0,456.0,458.75,1615,ZC.v.0
2025-04-01 10:00:00+00:00,34,1,680969,459.0,462.0,459.0,461.5,3341,ZC.v.0
2025-04-01 11:00:00+00:00,34,1,680969,461.75,462.0,460.5,461.5,2877,ZC.v.0
2025-04-01 12:00:00+00:00,34,1,680969,461.5,462.75,460.5,461.0,5142,ZC.v.0
2025-04-01 13:00:00+00:00,34,1,680969,461.0,465.0,461.0,462.5,21049,ZC.v.0
2025-04-01 14:00:00+00:00,34,1,680969,462.5,463.5,460.75,462.0,17825,ZC.v.0
2025-04-01 15:00:00+00:00,34,1,680969,462.0,462.75,459.5,462.0,11655,ZC.v.0
2025-04-01 16:00:00+00:00,34,1,680969,462.0,463.25,460.75,461.25,10027,ZC.v.0
2025-04-01 17:00:00+00:00,34,1,680969,461.25,461.75,459.75,460.0,9129,ZC.v.0
2025-04-01 18:00:00+00:00,34,1,680969,460.0,462.0,459.5,460.25,11866,ZC.v.0
2025-04-02 00:00:00+00:00,34,1,680969,460.25,460.75,458.75,459.25,3089,ZC.v.0
2025-04-02 01:00:00+00:00,34,1,680969,459.25,459.75,458.75,459.25,715,ZC.v.0
2025-04-02 02:00:00+00:00,34,1,680969,459.25,459.5,458.75,459.0,302,ZC.v.0
2025-04-02 03:00:00+00:00,34,1,680969,459.0,459.25,458.5,459.0,161,ZC.v.0
2025-04-02 04:00:00+00:00,34,1,680969,458.75,458.75,457.5,458.0,2465,ZC.v.0
2025-04-02 05:00:00+00:00,34,1,680969,458.0,458.0,457.25,457.75,882,ZC.v.0
2025-04-02 06:00:00+00:00,34,1,680969,458.0,459.0,457.75,458.25,558,ZC.v.0
2025-04-02 07:00:00+00:00,34,1,680969,458.0,458.0,455.5,455.75,1995,ZC.v.0
2025-04-02 08:00:00+00:00,34,1,680969,456.0,456.5,455.5,455.75,1182,ZC.v.0
2025-04-02 09:00:00+00:00,34,1,680969,455.75,456.0,454.75,455.0,1655,ZC.v.0
2025-04-02 10:00:00+00:00,34,1,680969,455.0,455.5,454.5,455.0,1623,ZC.v.0
2025-04-02 11:00:00+00:00,34,1,680969,455.25,456.75,455.0,456.5,1592,ZC.v.0
2025-04-02 12:00:00+00:00,34,1,680969,456.5,456.5,454.75,455.5,3620,ZC.v.0
2025-04-02 13:00:00+00:00,34,1,680969,455.75,457.5,454.0,457.5,15367,ZC.v.0
2025-04-02 14:00:00+00:00,34,1,680969,457.5,459.25,455.75,457.25,15148,ZC.v.0
2025-04-02 15:00:00+00:00,34,1,680969,457.25,458.25,456.0,458.25,7433,ZC.v.0
2025-04-02 16:00:00+00:00,34,1,680969,458.5,459.0,457.0,457.5,8029,ZC.v.0
2025-04-02 17:00:00+00:00,34,1,680969,457.5,458.5,456.75,458.0,6861,ZC.v.0
2025-04-02 18:00:00+00:00,34,1,680969,458.0,458.5,457.25,457.5,8154,ZC.v.0
2025-04-03 00:00:00+00:00,34,1,680969,450.0,453.5,447.5,451.75,13348,ZC.v.0
2025-04-03 01:00:00+00:00,34,1,680969,451.75,453.0,451.75,451.75,1115,ZC.v.0
2025-04-03 02:00:00+00:00,34,1,680969,452.0,453.25,451.25,453.25,616,ZC.v.0
2025-04-03 03:00:00+00:00,34,1,680969,453.0,453.25,452.75,453.25,240,ZC.v.0
2025-04-03 04:00:00+00:00,34,1,680969,453.5,453.5,452.5,452.5,493,ZC.v.0
2025-04-03 05:00:00+00:00,34,1,680969,452.5,452.75,452.0,452.25,525,ZC.v.0
2025-04-03 06:00:00+00:00,34,1,680969,452.5,452.5,451.0,451.75,907,ZC.v.0
2025-04-03 07:00:00+00:00,34,1,680969,451.75,451.75,450.75,451.5,1327,ZC.v.0
2025-04-03 08:00:00+00:00,34,1,680969,451.25,452.25,451.25,451.5,1229,ZC.v.0
2025-04-03 09:00:00+00:00,34,1,680969,451.5,453.0,451.5,452.25,1233,ZC.v.0
2025-04-03 10:00:00+00:00,34,1,680969,452.0,452.5,449.0,449.5,4709,ZC.v.0
2025-04-03 11:00:00+00:00,34,1,680969,449.25,451.25,448.5,450.75,3239,ZC.v.0
2025-04-03 12:00:00+00:00,34,1,680969,450.5,451.0,448.75,450.25,3146,ZC.v.0
2025-04-03 13:00:00+00:00,34,1,680969,450.0,456.5,448.5,454.5,21110,ZC.v.0
2025-04-03 14:00:00+00:00,34,1,680969,454.5,461.5,454.0,461.25,22462,ZC.v.0
2025-04-03 15:00:00+00:00,34,1,680969,461.0,462.25,458.5,461.25,14316,ZC.v.0
2025-04-03 16:00:00+00:00,34,1,680969,461.0,461.0,457.75,458.0,9191,ZC.v.0
2025-04-03 17:00:00+00:00,34,1,680969,457.75,459.0,454.75,457.5,14734,ZC.v.0
2025-04-03 18:00:00+00:00,34,1,680969,457.75,458.5,456.5,458.5,11554,ZC.v.0
2025-04-04 00:00:00+00:00,34,1,680969,457.75,459.25,457.5,458.0,1509,ZC.v.0
2025-04-04 01:00:00+00:00,34,1,680969,458.0,458.5,457.75,458.25,328,ZC.v.0
2025-04-04 02:00:00+00:00,34,1,680969,458.25,458.5,457.75,458.0,122,ZC.v.0
2025-04-04 03:00:00+00:00,34,1,680969,458.25,458.5,458.0,458.25,93,ZC.v.0
2025-04-04 04:00:00+00:00,34,1,680969,458.0,459.25,458.0,459.0,193,ZC.v.0
2025-04-04 05:00:00+00:00,34,1,680969,459.0,459.25,458.75,459.0,248,ZC.v.0
2025-04-04 06:00:00+00:00,34,1,680969,459.0,459.0,457.0,457.0,1340,ZC.v.0
2025-04-04 07:00:00+00:00,34,1,680969,457.25,457.25,456.25,456.5,926,ZC.v.0
2025-04-04 08:00:00+00:00,34,1,680969,456.5,458.25,456.5,456.5,1399,ZC.v.0
2025-04-04 09:00:00+00:00,34,1,680969,456.5,459.5,456.5,459.0,1141,ZC.v.0
2025-04-04 10:00:00+00:00,34,1,680969,459.0,459.25,449.25,452.25,14908,ZC.v.0
2025-04-04 11:00:00+00:00,34,1,680969,452.25,454.0,450.25,452.5,3510,ZC.v.0
2025-04-04 12:00:00+00:00,34,1,680969,452.25,453.25,451.25,452.75,3222,ZC.v.0
2025-04-04 13:00:00+00:00,34,1,680969,453.0,453.25,450.0,451.5,15349,ZC.v.0
2025-04-04 14:00:00+00:00,34,1,680969,451.5,453.75,450.5,451.5,13735,ZC.v.0
2025-04-04 15:00:00+00:00,34,1,680969,451.5,460.75,451.5,456.5,29551,ZC.v.0
2025-04-04 16:00:00+00:00,34,1,680969,457.0,462.5,456.75,462.0,16030,ZC.v.0
2025-04-04 17:00:00+00:00,34,1,680969,462.0,462.5,459.25,460.25,11800,ZC.v.0
2025-04-04 18:00:00+00:00,34,1,680969,460.0,460.75,459.0,460.5,13418,ZC.v.0
2025-04-07 00:00:00+00:00,34,1,680969,456.0,459.75,454.25,457.75,6045,ZC.v.0
2025-04-07 01:00:00+00:00,34,1,680969,458.0,460.0,457.5,459.0,1736,ZC.v.0
2025-04-07 02:00:00+00:00,34,1,680969,459.0,460.75,458.75,460.0,781,ZC.v.0
2025-04-07 03:00:00+00:00,34,1,680969,459.75,460.25,459.25,459.5,118,ZC.v.0
2025-04-07 04:00:00+00:00,34,1,680969,459.75,460.75,459.75,460.5,210,ZC.v.0
2025-04-07 05:00:00+00:00,34,1,680969,460.5,461.25,460.0,461.0,982,ZC.v.0
2025-04-07 06:00:00+00:00,34,1,680969,461.25,461.75,459.75,460.75,909,ZC.v.0
2025-04-07 07:00:00+00:00,34,1,680969,460.75,461.25,458.5,458.5,1289,ZC.v.0
2025-04-07 08:00:00+00:00,34,1,680969,458.25,459.75,457.75,459.25,1321,ZC.v.0
2025-04-07 09:00:00+00:00,34,1,680969,459.0,459.0,457.25,457.5,1164,ZC.v.0
2025-04-07 10:00:00+00:00,34,1,680969,457.5,459.0,457.25,458.25,986,ZC.v.0
2025-04-07 11:00:00+00:00,34,1,680969,458.25,459.5,458.0,458.5,1219,ZC.v.0
2025-04-07 12:00:00+00:00,34,1,680969,458.5,461.25,458.5,459.25,2491,ZC.v.0
2025-04-07 13:00:00+00:00,34,1,680969,459.25,462.5,458.0,462.5,12094,ZC.v.0
2025-04-07 14:00:00+00:00,34,1,680969,462.5,467.5,460.75,462.0,41547,ZC.v.0
2025-04-07 15:00:00+00:00,34,1,680969,462.0,463.75,458.5,459.0,13031,ZC.v.0
2025-04-07 16:00:00+00:00,34,1,680969,459.25,462.5,458.25,461.5,10202,ZC.v.0
2025-04-07 17:00:00+00:00,34,1,680969,461.5,464.25,461.0,463.75,8811,ZC.v.0
2025-04-07 18:00:00+00:00,34,1,680969,463.75,465.25,463.25,464.5,12329,ZC.v.0
2025-04-08 00:00:00+00:00,34,1,680969,464.5,466.5,462.75,465.5,3316,ZC.v.0
2025-04-08 01:00:00+00:00,34,1,680969,465.25,465.75,464.5,465.5,747,ZC.v.0
2025-04-08 02:00:00+00:00,34,1,680969,465.75,466.75,465.5,466.5,240,ZC.v.0
2025-04-08 03:00:00+00:00,34,1,680969,466.5,467.0,466.0,466.75,798,ZC.v.0
2025-04-08 04:00:00+00:00,34,1,680969,467.0,467.25,466.75,467.0,524,ZC.v.0
2025-04-08 05:00:00+00:00,34,1,680969,467.25,467.5,466.25,467.5,572,ZC.v.0
2025-04-08 06:00:00+00:00,34,1,680969,467.25,468.0,467.25,468.0,1984,ZC.v.0
2025-04-08 07:00:00+00:00,34,1,680969,467.75,467.75,466.5,466.75,1166,ZC.v.0
2025-04-08 08:00:00+00:00,34,1,680969,466.75,468.5,466.75,468.0,926,ZC.v.0
2025-04-08 09:00:00+00:00,34,1,680969,468.0,468.0,466.75,467.0,777,ZC.v.0
2025-04-08 10:00:00+00:00,34,1,680969,466.75,466.75,466.0,466.0,830,ZC.v.0
2025-04-08 11:00:00+00:00,34,1,680969,466.0,467.0,465.75,466.75,1329,ZC.v.0
2025-04-08 12:00:00+00:00,34,1,680969,466.5,467.0,465.75,466.75,2083,ZC.v.0
2025-04-08 13:00:00+00:00,34,1,680969,467.0,469.75,465.75,466.25,19432,ZC.v.0
2025-04-08 14:00:00+00:00,34,1,680969,466.5,466.75,463.25,465.25,19801,ZC.v.0
2025-04-08 15:00:00+00:00,34,1,680969,465.25,468.0,465.0,466.5,15708,ZC.v.0
2025-04-08 16:00:00+00:00,34,1,680969,466.75,468.0,465.75,468.0,13927,ZC.v.0
2025-04-08 17:00:00+00:00,34,1,680969,468.0,469.0,467.75,468.5,10666,ZC.v.0
2025-04-08 18:00:00+00:00,34,1,680969,468.5,469.0,468.0,469.0,11776,ZC.v.0
2025-04-09 00:00:00+00:00,34,1,680969,468.0,471.0,468.0,470.25,5354,ZC.v.0
2025-04-09 01:00:00+00:00,34,1,680969,470.0,470.75,470.0,470.25,381,ZC.v.0
2025-04-09 02:00:00+00:00,34,1,680969,470.25,470.25,469.5,470.0,548,ZC.v.0
2025-04-09 03:00:00+00:00,34,1,680969,470.25,470.25,469.25,469.25,217,ZC.v.0
2025-04-09 04:00:00+00:00,34,1,680969,469.25,469.25,466.75,467.75,2111,ZC.v.0
2025-04-09 05:00:00+00:00,34,1,680969,467.75,468.5,467.5,468.25,687,ZC.v.0
2025-04-09 06:00:00+00:00,34,1,680969,468.25,468.25,466.75,467.25,1022,ZC.v.0
2025-04-09 07:00:00+00:00,34,1,680969,467.25,470.0,467.25,468.75,2082,ZC.v.0
2025-04-09 08:00:00+00:00,34,1,680969,468.75,470.75,468.25,470.25,1228,ZC.v.0
2025-04-09 09:00:00+00:00,34,1,680969,470.25,470.25,469.0,469.5,921,ZC.v.0
2025-04-09 10:00:00+00:00,34,1,680969,469.25,471.5,469.0,470.75,2218,ZC.v.0
2025-04-09 11:00:00+00:00,34,1,680969,470.75,470.75,465.75,469.5,6697,ZC.v.0
2025-04-09 12:00:00+00:00,34,1,680969,469.5,472.5,469.5,471.75,6231,ZC.v.0
2025-04-09 13:00:00+00:00,34,1,680969,471.5,472.75,468.25,470.75,19794,ZC.v.0
2025-04-09 14:00:00+00:00,34,1,680969,470.75,471.75,466.0,468.5,21848,ZC.v.0
2025-04-09 15:00:00+00:00,34,1,680969,468.25,469.25,466.75,468.75,10056,ZC.v.0
2025-04-09 16:00:00+00:00,34,1,680969,469.0,469.0,466.5,468.25,6330,ZC.v.0
2025-04-09 17:00:00+00:00,34,1,680969,468.5,475.5,467.5,473.75,29932,ZC.v.0
2025-04-09 18:00:00+00:00,34,1,680969,473.5,475.0,473.25,473.5,13257,ZC.v.0
2025-04-10 00:00:00+00:00,34,1,680969,473.25,476.0,473.0,474.25,4295,ZC.v.0
2025-04-10 01:00:00+00:00,34,1,680969,474.25,474.5,473.25,473.75,602,ZC.v.0
2025-04-10 02:00:00+00:00,34,1,680969,473.75,474.25,473.25,473.75,1022,ZC.v.0
2025-04-10 03:00:00+00:00,34,1,680969,473.75,474.25,473.75,474.25,185,ZC.v.0
2025-04-10 04:00:00+00:00,34,1,680969,474.0,474.25,473.75,474.0,114,ZC.v.0
2025-04-10 05:00:00+00:00,34,1,680969,474.25,474.75,474.25,474.75,144,ZC.v.0
2025-04-10 06:00:00+00:00,34,1,680969,474.75,475.0,474.5,475.0,1128,ZC.v.0
2025-04-10 07:00:00+00:00,34,1,680969,475.25,475.5,474.0,475.0,1061,ZC.v.0
2025-04-10 08:00:00+00:00,34,1,680969,475.0,475.5,474.25,474.75,988,ZC.v.0
2025-04-10 09:00:00+00:00,34,1,680969,475.0,476.0,474.75,475.75,2063,ZC.v.0
2025-04-10 10:00:00+00:00,34,1,680969,475.75,478.0,475.5,477.5,6203,ZC.v.0
2025-04-10 11:00:00+00:00,34,1,680969,477.5,477.75,476.25,477.0,2284,ZC.v.0
2025-04-10 12:00:00+00:00,34,1,680969,477.25,478.5,475.25,475.5,4131,ZC.v.0
2025-04-10 13:00:00+00:00,34,1,680969,475.25,477.75,473.5,477.0,16891,ZC.v.0
2025-04-10 14:00:00+00:00,34,1,680969,477.25,477.75,476.0,477.5,12665,ZC.v.0
2025-04-10 15:00:00+00:00,34,1,680969,477.25,478.75,476.5,477.5,15677,ZC.v.0
2025-04-10 16:00:00+00:00,34,1,680969,478.0,483.0,477.75,481.0,43428,ZC.v.0
2025-04-10 17:00:00+00:00,34,1,680969,481.0,484.0,480.5,483.75,17781,ZC.v.0
2025-04-10 18:00:00+00:00,34,1,680969,483.75,484.0,482.25,482.5,17022,ZC.v.0
2025-04-11 00:00:00+00:00,34,1,680969,482.0,484.5,481.75,483.25,4500,ZC.v.0
2025-04-11 01:00:00+00:00,34,1,680969,483.25,483.25,482.5,483.0,1171,ZC.v.0
2025-04-11 02:00:00+00:00,34,1,680969,483.0,484.0,482.75,483.75,495,ZC.v.0
2025-04-11 03:00:00+00:00,34,1,680969,483.75,484.0,483.5,483.75,754,ZC.v.0
2025-04-11 04:00:00+00:00,34,1,680969,483.75,485.0,483.75,484.75,802,ZC.v.0
2025-04-11 05:00:00+00:00,34,1,680969,484.75,485.0,484.5,485.0,765,ZC.v.0
2025-04-11 06:00:00+00:00,34,1,680969,485.0,485.0,484.0,484.25,1388,ZC.v.0
2025-04-11 07:00:00+00:00,34,1,680969,484.5,485.75,484.5,485.25,1634,ZC.v.0
2025-04-11 08:00:00+00:00,34,1,680969,485.0,485.5,482.75,485.25,2070,ZC.v.0
2025-04-11 09:00:00+00:00,34,1,680969,485.25,485.75,484.5,485.75,1376,ZC.v.0
2025-04-11 10:00:00+00:00,34,1,680969,485.75,486.0,484.25,485.0,1511,ZC.v.0
2025-04-11 11:00:00+00:00,34,1,680969,484.75,485.25,483.25,483.5,1782,ZC.v.0
2025-04-11 12:00:00+00:00,34,1,680969,483.5,486.25,483.25,485.5,4087,ZC.v.0
2025-04-11 13:00:00+00:00,34,1,680969,485.5,488.5,485.0,487.75,20688,ZC.v.0
2025-04-11 14:00:00+00:00,34,1,680969,487.75,489.0,486.25,488.25,21808,ZC.v.0
2025-04-11 15:00:00+00:00,34,1,680969,488.25,489.5,487.25,488.0,16329,ZC.v.0
2025-04-11 16:00:00+00:00,34,1,680969,488.25,489.5,488.0,489.0,11908,ZC.v.0
2025-04-11 17:00:00+00:00,34,1,680969,489.0,490.75,488.5,489.25,13973,ZC.v.0
2025-04-11 18:00:00+00:00,34,1,680969,489.25,490.75,489.0,489.5,16848,ZC.v.0
2025-04-14 00:00:00+00:00,34,1,680969,489.0,490.0,486.75,487.0,8562,ZC.v.0
2025-04-14 01:00:00+00:00,34,1,680969,487.25,487.5,486.5,487.0,1339,ZC.v.0
2025-04-14 02:00:00+00:00,34,1,680969,486.75,487.25,486.75,487.25,771,ZC.v.0
2025-04-14 03:00:00+00:00,34,1,680969,487.25,487.5,487.0,487.5,240,ZC.v.0
2025-04-14 04:00:00+00:00,34,1,680969,487.25,487.5,487.0,487.0,150,ZC.v.0
2025-04-14 05:00:00+00:00,34,1,680969,487.25,487.25,486.5,487.0,488,ZC.v.0
2025-04-14 06:00:00+00:00,34,1,680969,487.25,487.75,487.0,487.5,516,ZC.v.0
2025-04-14 07:00:00+00:00,34,1,680969,487.75,488.5,487.0,487.5,1868,ZC.v.0
2025-04-14 08:00:00+00:00,34,1,680969,487.25,488.25,487.0,488.0,549,ZC.v.0
2025-04-14 09:00:00+00:00,34,1,680969,488.25,489.75,488.0,489.25,1401,ZC.v.0
2025-04-14 10:00:00+00:00,34,1,680969,489.25,489.25,488.25,488.25,828,ZC.v.0
2025-04-14 11:00:00+00:00,34,1,680969,488.5,489.25,486.75,487.25,1911,ZC.v.0
2025-04-14 12:00:00+00:00,34,1,680969,487.25,488.25,486.75,486.75,1489,ZC.v.0
2025-04-14 13:00:00+00:00,34,1,680969,486.75,490.0,486.75,487.75,12251,ZC.v.0
2025-04-14 14:00:00+00:00,34,1,680969,487.75,490.25,487.5,488.5,12169,ZC.v.0
2025-04-14 15:00:00+00:00,34,1,680969,488.75,489.25,486.0,487.0,11428,ZC.v.0
2025-04-14 16:00:00+00:00,34,1,680969,487.0,487.25,485.25,486.0,8511,ZC.v.0
2025-04-14 17:00:00+00:00,34,1,680969,486.0,486.25,484.5,485.0,8628,ZC.v.0
2025-04-14 18:00:00+00:00,34,1,680969,485.0,485.75,484.25,484.25,13978,ZC.v.0
2025-04-15 00:00:00+00:00,34,1,680969,485.0,486.25,484.5,485.75,1820,ZC.v.0
2025-04-15 01:00:00+00:00,34,1,680969,485.75,486.0,485.25,485.25,227,ZC.v.0
2025-04-15 02:00:00+00:00,34,1,680969,485.25,485.75,485.25,485.5,91,ZC.v.0
2025-04-15 03:00:00+00:00,34,1,680969,485.5,486.0,485.5,485.5,144,ZC.v.0
2025-04-15 04:00:00+00:00,34,1,680969,485.5,486.75,485.5,486.5,430,ZC.v.0
2025-04-15 05:00:00+00:00,34,1,680969,486.5,487.5,486.5,487.5,868,ZC.v.0
2025-04-15 06:00:00+00:00,34,1,680969,487.75,488.25,487.5,488.0,721,ZC.v.0
2025-04-15 07:00:00+00:00,34,1,680969,488.0,488.75,487.75,488.0,821,ZC.v.0
2025-04-15 08:00:00+00:00,34,1,680969,488.0,488.25,487.25,488.25,658,ZC.v.0
2025-04-15 09:00:00+00:00,34,1,680969,488.25,488.25,487.25,487.25,730,ZC.v.0
2025-04-15 10:00:00+00:00,34,1,680969,487.25,488.0,486.75,487.5,1537,ZC.v.0
2025-04-15 11:00:00+00:00,34,1,680969,487.5,488.25,485.0,485.5,2413,ZC.v.0
2025-04-15 12:00:00+00:00,34,1,680969,485.5,486.25,485.0,485.5,3173,ZC.v.0
2025-04-15 13:00:00+00:00,34,1,680969,485.5,487.25,484.5,486.0,9881,ZC.v.0
2025-04-15 14:00:00+00:00,34,1,680969,486.25,486.5,480.5,481.75,18744,ZC.v.0
2025-04-15 15:00:00+00:00,34,1,680969,482.0,482.0,479.0,481.25,14083,ZC.v.0
2025-04-15 16:00:00+00:00,34,1,680969,481.5,482.5,480.5,481.0,7587,ZC.v.0
2025-04-15 17:00:00+00:00,34,1,680969,481.0,482.0,480.75,481.5,6374,ZC.v.0
2025-04-15 18:00:00+00:00,34,1,680969,481.25,482.0,480.75,480.75,9044,ZC.v.0
2025-04-16 00:00:00+00:00,34,1,680969,481.25,481.75,480.25,481.0,1353,ZC.v.0
2025-04-16 01:00:00+00:00,34,1,680969,481.25,481.5,480.5,481.5,576,ZC.v.0
2025-04-16 02:00:00+00:00,34,1,680969,481.25,481.5,480.25,480.25,379,ZC.v.0
2025-04-16 03:00:00+00:00,34,1,680969,480.25,480.75,480.0,480.5,496,ZC.v.0
2025-04-16 04:00:00+00:00,34,1,680969,480.75,481.0,480.5,480.75,91,ZC.v.0
2025-04-16 05:00:00+00:00,34,1,680969,480.5,480.75,480.0,480.0,299,ZC.v.0
2025-04-16 06:00:00+00:00,34,1,680969,480.25,480.25,479.25,480.0,1702,ZC.v.0
2025-04-16 07:00:00+00:00,34,1,680969,479.75,481.5,479.75,481.5,753,ZC.v.0
2025-04-16 08:00:00+00:00,34,1,680969,481.5,483.75,480.75,483.0,1938,ZC.v.0
2025-04-16 09:00:00+00:00,34,1,680969,482.75,483.75,482.0,482.75,753,ZC.v.0
2025-04-16 10:00:00+00:00,34,1,680969,482.75,483.75,482.5,483.0,670,ZC.v.0
2025-04-16 11:00:00+00:00,34,1,680969,483.0,483.75,482.25,483.0,1222,ZC.v.0
2025-04-16 12:00:00+00:00,34,1,680969,482.75,486.0,482.5,485.0,3048,ZC.v.0
2025-04-16 13:00:00+00:00,34,1,680969,485.0,486.25,483.5,485.25,12389,ZC.v.0
2025-04-16 14:00:00+00:00,34,1,680969,485.0,487.0,483.75,483.75,12095,ZC.v.0
2025-04-16 15:00:00+00:00,34,1,680969,483.75,484.0,481.75,482.75,11025,ZC.v.0
2025-04-16 16:00:00+00:00,34,1,680969,482.75,484.5,481.75,484.0,10406,ZC.v.0
2025-04-16 17:00:00+00:00,34,1,680969,483.75,484.5,482.0,483.0,5859,ZC.v.0
2025-04-16 18:00:00+00:00,34,1,680969,483.25,484.5,482.75,483.75,6378,ZC.v.0
2025-04-17 00:00:00+00:00,34,1,229776,490.75,491.5,489.75,491.25,597,ZC.v.0
2025-04-17 01:00:00+00:00,34,1,229776,491.0,491.5,490.75,491.25,102,ZC.v.0
2025-04-17 02:00:00+00:00,34,1,229776,491.25,492.25,490.75,492.0,247,ZC.v.0
2025-04-17 03:00:00+00:00,34,1,229776,492.25,492.25,491.5,492.0,190,ZC.v.0
2025-04-17 04:00:00+00:00,34,1,229776,492.0,492.25,491.75,492.25,105,ZC.v.0
2025-04-17 05:00:00+00:00,34,1,229776,492.25,492.25,492.0,492.0,91,ZC.v.0
2025-04-17 06:00:00+00:00,34,1,229776,492.0,492.5,491.75,492.0,243,ZC.v.0
2025-04-17 07:00:00+00:00,34,1,229776,491.75,492.0,491.0,491.5,347,ZC.v.0
2025-04-17 08:00:00+00:00,34,1,229776,491.25,492.0,491.0,491.5,420,ZC.v.0
2025-04-17 09:00:00+00:00,34,1,229776,491.5,491.5,490.5,490.75,446,ZC.v.0
2025-04-17 10:00:00+00:00,34,1,229776,491.0,491.0,490.5,491.0,333,ZC.v.0
2025-04-17 11:00:00+00:00,34,1,229776,490.75,491.25,490.0,490.25,1093,ZC.v.0
2025-04-17 12:00:00+00:00,34,1,229776,490.25,492.75,489.5,492.5,4856,ZC.v.0
2025-04-17 13:00:00+00:00,34,1,229776,492.5,494.0,491.5,492.0,9171,ZC.v.0
2025-04-17 14:00:00+00:00,34,1,229776,492.0,493.75,491.5,493.0,6540,ZC.v.0
2025-04-17 15:00:00+00:00,34,1,229776,492.75,493.25,492.5,492.75,3329,ZC.v.0
2025-04-17 16:00:00+00:00,34,1,229776,492.75,492.75,491.5,491.75,6007,ZC.v.0
2025-04-17 17:00:00+00:00,34,1,229776,491.75,492.0,489.0,489.25,10707,ZC.v.0
2025-04-17 18:00:00+00:00,34,1,229776,489.25,491.0,489.25,490.5,6707,ZC.v.0
2025-04-21 00:00:00+00:00,34,1,680969,483.25,485.5,482.75,484.75,2583,ZC.v.0
2025-04-21 01:00:00+00:00,34,1,680969,484.75,485.0,484.5,484.75,269,ZC.v.0
2025-04-21 02:00:00+00:00,34,1,680969,484.75,485.25,484.75,485.0,113,ZC.v.0
2025-04-21 03:00:00+00:00,34,1,680969,485.0,485.5,485.0,485.25,77,ZC.v.0
2025-04-21 04:00:00+00:00,34,1,680969,485.25,485.25,484.5,485.0,225,ZC.v.0
2025-04-21 05:00:00+00:00,34,1,680969,485.0,485.0,484.75,485.0,89,ZC.v.0
2025-04-21 06:00:00+00:00,34,1,680969,485.0,485.25,484.75,485.0,63,ZC.v.0
2025-04-21 07:00:00+00:00,34,1,680969,485.0,486.0,485.0,486.0,294,ZC.v.0
2025-04-21 08:00:00+00:00,34,1,680969,486.0,486.0,485.25,485.5,283,ZC.v.0
2025-04-21 09:00:00+00:00,34,1,680969,485.5,485.5,484.5,485.25,619,ZC.v.0
2025-04-21 10:00:00+00:00,34,1,680969,485.25,486.0,485.0,486.0,640,ZC.v.0
2025-04-21 11:00:00+00:00,34,1,680969,486.0,487.25,485.5,486.5,2180,ZC.v.0
2025-04-21 12:00:00+00:00,34,1,680969,486.5,487.0,485.25,485.25,1139,ZC.v.0
2025-04-21 13:00:00+00:00,34,1,680969,485.25,486.75,483.75,484.0,6066,ZC.v.0
2025-04-21 14:00:00+00:00,34,1,680969,484.0,484.25,482.25,484.0,13273,ZC.v.0
2025-04-21 15:00:00+00:00,34,1,680969,483.75,484.25,482.75,483.25,6654,ZC.v.0
2025-04-21 16:00:00+00:00,34,1,680969,483.5,484.0,482.5,482.5,3991,ZC.v.0
2025-04-21 17:00:00+00:00,34,1,680969,482.5,482.75,481.25,481.75,7680,ZC.v.0
2025-04-21 18:00:00+00:00,34,1,680969,482.0,482.75,481.25,482.0,6276,ZC.v.0
2025-04-22 00:00:00+00:00,34,1,680969,481.75,483.0,481.0,482.25,845,ZC.v.0
2025-04-22 01:00:00+00:00,34,1,680969,482.25,482.5,481.75,482.25,339,ZC.v.0
2025-04-22 02:00:00+00:00,34,1,680969,482.25,482.5,482.0,482.5,73,ZC.v.0
2025-04-22 03:00:00+00:00,34,1,680969,482.25,482.75,482.25,482.5,290,ZC.v.0
2025-04-22 04:00:00+00:00,34,1,680969,482.5,483.0,482.5,482.75,94,ZC.v.0
2025-04-22 05:00:00+00:00,34,1,680969,482.75,483.0,482.5,483.0,145,ZC.v.0
2025-04-22 06:00:00+00:00,34,1,680969,483.0,483.0,482.75,482.75,289,ZC.v.0
2025-04-22 07:00:00+00:00,34,1,680969,482.75,483.0,482.25,482.75,667,ZC.v.0
2025-04-22 08:00:00+00:00,34,1,680969,482.5,483.0,481.75,482.0,279,ZC.v.0
2025-04-22 09:00:00+00:00,34,1,680969,482.0,482.75,482.0,482.25,219,ZC.v.0
2025-04-22 10:00:00+00:00,34,1,680969,482.25,482.75,481.75,482.0,314,ZC.v.0
2025-04-22 11:00:00+00:00,34,1,680969,482.25,482.25,480.25,480.5,1533,ZC.v.0
2025-04-22 12:00:00+00:00,34,1,680969,480.5,480.75,479.0,479.25,4869,ZC.v.0
2025-04-22 13:00:00+00:00,34,1,680969,480.0,480.0,476.0,477.0,12081,ZC.v.0
2025-04-22 14:00:00+00:00,34,1,680969,476.75,478.75,476.0,477.25,7383,ZC.v.0
2025-04-22 15:00:00+00:00,34,1,680969,477.25,480.25,476.0,478.75,8915,ZC.v.0
2025-04-22 16:00:00+00:00,34,1,680969,478.5,479.75,477.0,477.0,4530,ZC.v.0
2025-04-22 17:00:00+00:00,34,1,680969,477.0,477.25,475.25,475.25,6072,ZC.v.0
2025-04-22 18:00:00+00:00,34,1,680969,475.5,476.5,475.0,475.0,9483,ZC.v.0
2025-04-23 00:00:00+00:00,34,1,229776,483.75,484.75,483.0,483.5,3238,ZC.v.0
2025-04-23 01:00:00+00:00,34,1,229776,483.25,483.75,483.0,483.25,794,ZC.v.0
2025-04-23 02:00:00+00:00,34,1,229776,483.25,483.5,482.5,482.75,1139,ZC.v.0
2025-04-23 03:00:00+00:00,34,1,229776,482.5,482.75,482.5,482.5,200,ZC.v.0
2025-04-23 04:00:00+00:00,34,1,229776,482.5,482.75,482.5,482.75,77,ZC.v.0
2025-04-23 05:00:00+00:00,34,1,229776,482.5,483.0,482.25,482.25,403,ZC.v.0
2025-04-23 06:00:00+00:00,34,1,229776,482.5,482.75,482.25,482.5,345,ZC.v.0
2025-04-23 07:00:00+00:00,34,1,229776,482.5,482.5,482.0,482.25,510,ZC.v.0
2025-04-23 08:00:00+00:00,34,1,229776,482.0,482.5,481.5,482.0,1431,ZC.v.0
2025-04-23 09:00:00+00:00,34,1,229776,481.75,483.5,481.75,483.5,569,ZC.v.0
2025-04-23 10:00:00+00:00,34,1,229776,483.25,483.25,482.0,482.5,954,ZC.v.0
2025-04-23 11:00:00+00:00,34,1,229776,482.25,482.75,480.5,480.75,4009,ZC.v.0
2025-04-23 12:00:00+00:00,34,1,229776,480.75,481.0,480.0,480.0,2635,ZC.v.0
2025-04-23 13:00:00+00:00,34,1,229776,480.0,481.0,477.75,478.25,18800,ZC.v.0
2025-04-23 14:00:00+00:00,34,1,229776,478.25,481.5,477.25,481.25,15673,ZC.v.0
2025-04-23 15:00:00+00:00,34,1,229776,481.25,482.75,480.5,480.75,7865,ZC.v.0
2025-04-23 16:00:00+00:00,34,1,229776,480.75,481.5,479.5,480.0,5611,ZC.v.0
2025-04-23 17:00:00+00:00,34,1,229776,480.0,480.5,479.25,479.5,4465,ZC.v.0
2025-04-23 18:00:00+00:00,34,1,229776,479.5,480.25,479.0,479.5,8181,ZC.v.0
2025-04-24 00:00:00+00:00,34,1,229776,479.5,480.75,479.0,480.0,1808,ZC.v.0
2025-04-24 01:00:00+00:00,34,1,229776,480.25,480.5,479.75,479.75,386,ZC.v.0
2025-04-24 02:00:00+00:00,34,1,229776,479.75,480.25,479.75,480.25,149,ZC.v.0
2025-04-24 03:00:00+00:00,34,1,229776,480.25,480.75,480.0,480.0,227,ZC.v.0
2025-04-24 04:00:00+00:00,34,1,229776,480.0,480.5,480.0,480.25,238,ZC.v.0
2025-04-24 05:00:00+00:00,34,1,229776,480.25,480.5,480.0,480.25,94,ZC.v.0
2025-04-24 06:00:00+00:00,34,1,229776,480.0,480.5,479.5,479.75,993,ZC.v.0
2025-04-24 07:00:00+00:00,34,1,229776,479.75,480.5,479.25,480.25,1353,ZC.v.0
2025-04-24 08:00:00+00:00,34,1,229776,480.5,480.75,480.0,480.25,514,ZC.v.0
2025-04-24 09:00:00+00:00,34,1,229776,480.25,481.25,480.0,481.25,1241,ZC.v.0
2025-04-24 10:00:00+00:00,34,1,229776,481.0,481.75,480.75,481.5,1351,ZC.v.0
2025-04-24 11:00:00+00:00,34,1,229776,481.25,481.75,479.75,481.25,1324,ZC.v.0
2025-04-24 12:00:00+00:00,34,1,229776,481.25,481.5,480.0,480.5,1968,ZC.v.0
2025-04-24 13:00:00+00:00,34,1,229776,480.25,481.25,479.5,480.75,9903,ZC.v.0
2025-04-24 14:00:00+00:00,34,1,229776,480.75,483.0,480.5,482.75,14973,ZC.v.0
2025-04-24 15:00:00+00:00,34,1,229776,483.0,484.5,481.75,482.5,14010,ZC.v.0
2025-04-24 16:00:00+00:00,34,1,229776,482.5,483.75,482.0,483.5,7533,ZC.v.0
2025-04-24 17:00:00+00:00,34,1,229776,483.25,485.25,483.25,484.0,8193,ZC.v.0
2025-04-24 18:00:00+00:00,34,1,229776,484.0,484.25,483.0,483.25,9288,ZC.v.0
2025-04-25 00:00:00+00:00,34,1,229776,483.25,484.75,483.25,484.75,1041,ZC.v.0
2025-04-25 01:00:00+00:00,34,1,229776,484.75,485.75,484.75,485.0,1253,ZC.v.0
2025-04-25 02:00:00+00:00,34,1,229776,484.75,485.5,484.75,485.5,458,ZC.v.0
2025-04-25 03:00:00+00:00,34,1,229776,485.25,486.0,485.25,486.0,352,ZC.v.0
2025-04-25 04:00:00+00:00,34,1,229776,485.75,486.25,485.75,486.0,184,ZC.v.0
2025-04-25 05:00:00+00:00,34,1,229776,485.75,486.25,485.75,485.75,825,ZC.v.0
2025-04-25 06:00:00+00:00,34,1,229776,485.75,486.75,485.75,486.25,1002,ZC.v.0
2025-04-25 07:00:00+00:00,34,1,229776,486.25,486.5,485.75,486.0,1334,ZC.v.0
2025-04-25 08:00:00+00:00,34,1,229776,486.25,486.25,485.5,485.75,630,ZC.v.0
2025-04-25 09:00:00+00:00,34,1,229776,485.75,487.0,485.5,486.5,760,ZC.v.0
2025-04-25 10:00:00+00:00,34,1,229776,486.75,487.25,486.25,486.75,1224,ZC.v.0
2025-04-25 11:00:00+00:00,34,1,229776,486.75,487.25,485.25,485.25,2449,ZC.v.0
2025-04-25 12:00:00+00:00,34,1,229776,485.5,485.75,484.75,484.75,1526,ZC.v.0
2025-04-25 13:00:00+00:00,34,1,229776,484.75,487.25,484.0,487.0,13669,ZC.v.0
2025-04-25 14:00:00+00:00,34,1,229776,487.0,487.5,485.75,486.0,13588,ZC.v.0
2025-04-25 15:00:00+00:00,34,1,229776,485.75,486.75,484.75,484.75,7315,ZC.v.0
2025-04-25 16:00:00+00:00,34,1,229776,485.0,485.5,484.0,485.5,7027,ZC.v.0
2025-04-25 17:00:00+00:00,34,1,229776,485.25,485.75,484.75,485.75,7582,ZC.v.0
2025-04-25 18:00:00+00:00,34,1,229776,485.75,486.0,483.75,484.0,13116,ZC.v.0
2025-04-28 00:00:00+00:00,34,1,229776,483.75,483.75,481.0,483.25,3926,ZC.v.0
2025-04-28 01:00:00+00:00,34,1,229776,483.5,484.0,482.5,482.5,846,ZC.v.0
2025-04-28 02:00:00+00:00,34,1,229776,482.75,482.75,482.0,482.25,654,ZC.v.0
2025-04-28 03:00:00+00:00,34,1,229776,482.25,482.25,482.0,482.0,107,ZC.v.0
2025-04-28 04:00:00+00:00,34,1,229776,482.25,482.25,481.75,481.75,306,ZC.v.0
2025-04-28 05:00:00+00:00,34,1,229776,481.75,481.75,481.25,481.75,994,ZC.v.0
2025-04-28 06:00:00+00:00,34,1,229776,481.75,481.75,481.25,481.5,192,ZC.v.0
2025-04-28 07:00:00+00:00,34,1,229776,481.5,481.5,480.5,480.75,1930,ZC.v.0
2025-04-28 08:00:00+00:00,34,1,229776,480.75,481.25,480.5,480.75,702,ZC.v.0
2025-04-28 09:00:00+00:00,34,1,229776,480.75,481.25,480.75,480.75,543,ZC.v.0
2025-04-28 10:00:00+00:00,34,1,229776,481.0,481.75,480.75,481.25,1989,ZC.v.0
2025-04-28 11:00:00+00:00,34,1,229776,481.0,481.5,478.5,478.75,3590,ZC.v.0
2025-04-28 12:00:00+00:00,34,1,229776,479.0,479.75,478.0,479.5,2916,ZC.v.0
2025-04-28 13:00:00+00:00,34,1,229776,479.25,480.75,476.25,480.0,22907,ZC.v.0
2025-04-28 14:00:00+00:00,34,1,229776,480.0,482.75,479.0,482.5,19895,ZC.v.0
2025-04-28 15:00:00+00:00,34,1,229776,482.25,485.0,481.75,484.25,18158,ZC.v.0
2025-04-28 16:00:00+00:00,34,1,229776,484.25,485.5,483.5,485.25,11320,ZC.v.0
2025-04-28 17:00:00+00:00,34,1,229776,485.5,485.75,482.75,483.25,12318,ZC.v.0
2025-04-28 18:00:00+00:00,34,1,229776,483.0,484.25,482.5,482.75,12631,ZC.v.0
2025-04-29 00:00:00+00:00,34,1,229776,482.75,483.5,481.25,482.75,2668,ZC.v.0
2025-04-29 01:00:00+00:00,34,1,229776,482.75,482.75,482.0,482.25,558,ZC.v.0
2025-04-29 02:00:00+00:00,34,1,229776,482.25,482.25,481.5,481.75,449,ZC.v.0
2025-04-29 03:00:00+00:00,34,1,229776,481.75,481.75,481.0,481.25,218,ZC.v.0
2025-04-29 04:00:00+00:00,34,1,229776,481.5,481.5,481.25,481.5,131,ZC.v.0
2025-04-29 05:00:00+00:00,34,1,229776,481.5,481.5,481.25,481.5,402,ZC.v.0
2025-04-29 06:00:00+00:00,34,1,229776,481.25,481.5,480.75,481.0,502,ZC.v.0
2025-04-29 07:00:00+00:00,34,1,229776,481.25,481.5,480.25,480.25,1059,ZC.v.0
2025-04-29 08:00:00+00:00,34,1,229776,480.5,480.5,479.5,480.25,1277,ZC.v.0
2025-04-29 09:00:00+00:00,34,1,229776,480.25,482.0,480.25,482.0,1200,ZC.v.0
2025-04-29 10:00:00+00:00,34,1,229776,482.0,482.25,480.75,480.75,1019,ZC.v.0
2025-04-29 11:00:00+00:00,34,1,229776,481.0,483.0,480.75,482.5,1913,ZC.v.0
2025-04-29 12:00:00+00:00,34,1,229776,482.5,483.5,482.0,483.0,2030,ZC.v.0
2025-04-29 13:00:00+00:00,34,1,229776,483.0,485.25,479.5,480.0,25064,ZC.v.0
2025-04-29 14:00:00+00:00,34,1,229776,480.0,480.5,471.5,471.5,51227,ZC.v.0
2025-04-29 15:00:00+00:00,34,1,229776,471.75,473.75,471.25,473.5,27073,ZC.v.0
2025-04-29 16:00:00+00:00,34,1,229776,473.75,474.25,469.75,470.25,22885,ZC.v.0
2025-04-29 17:00:00+00:00,34,1,229776,470.5,472.5,470.25,471.75,20887,ZC.v.0
2025-04-29 18:00:00+00:00,34,1,229776,472.0,472.25,470.0,470.75,19919,ZC.v.0
2025-04-30 00:00:00+00:00,34,1,229776,470.75,472.0,470.5,471.5,2664,ZC.v.0
2025-04-30 01:00:00+00:00,34,1,229776,471.25,471.5,471.0,471.25,384,ZC.v.0
2025-04-30 02:00:00+00:00,34,1,229776,471.0,471.25,469.75,470.0,2078,ZC.v.0
2025-04-30 03:00:00+00:00,34,1,229776,469.75,470.75,469.75,470.5,297,ZC.v.0
2025-04-30 04:00:00+00:00,34,1,229776,470.25,470.5,470.25,470.25,103,ZC.v.0
2025-04-30 05:00:00+00:00,34,1,229776,470.5,470.5,469.5,469.75,449,ZC.v.0
2025-04-30 06:00:00+00:00,34,1,229776,469.5,469.75,469.25,469.5,943,ZC.v.0
2025-04-30 07:00:00+00:00,34,1,229776,469.25,469.75,468.5,469.25,1585,ZC.v.0
2025-04-30 08:00:00+00:00,34,1,229776,469.25,469.5,469.0,469.0,1003,ZC.v.0
2025-04-30 09:00:00+00:00,34,1,229776,469.0,470.5,468.75,469.75,2287,ZC.v.0
2025-04-30 10:00:00+00:00,34,1,229776,470.0,470.25,469.25,469.75,707,ZC.v.0
2025-04-30 11:00:00+00:00,34,1,229776,469.5,471.25,469.5,469.75,2376,ZC.v.0
2025-04-30 12:00:00+00:00,34,1,229776,469.75,470.75,469.75,470.0,3086,ZC.v.0
2025-04-30 13:00:00+00:00,34,1,229776,470.25,478.5,469.75,476.5,33677,ZC.v.0
2025-04-30 14:00:00+00:00,34,1,229776,476.75,478.5,475.25,477.75,28261,ZC.v.0
2025-04-30 15:00:00+00:00,34,1,229776,477.75,478.25,475.75,478.0,15272,ZC.v.0
2025-04-30 16:00:00+00:00,34,1,229776,477.75,478.0,473.25,474.75,17040,ZC.v.0
2025-04-30 17:00:00+00:00,34,1,229776,474.75,476.25,474.0,474.0,12462,ZC.v.0
2025-04-30 18:00:00+00:00,34,1,229776,474.25,476.5,474.0,475.25,13547,ZC.v.0
2025-05-01 00:00:00+00:00,34,1,229776,475.0,476.5,474.25,476.25,2304,ZC.v.0
2025-05-01 01:00:00+00:00,34,1,229776,476.25,476.75,476.0,476.25,399,ZC.v.0
2025-05-01 02:00:00+00:00,34,1,229776,476.5,477.75,476.25,477.25,633,ZC.v.0
2025-05-01 03:00:00+00:00,34,1,229776,477.25,478.0,477.25,478.0,391,ZC.v.0
2025-05-01 04:00:00+00:00,34,1,229776,478.0,478.0,477.75,478.0,226,ZC.v.0
2025-05-01 05:00:00+00:00,34,1,229776,478.0,478.5,478.0,478.0,560,ZC.v.0
2025-05-01 06:00:00+00:00,34,1,229776,478.25,479.25,478.25,478.25,1458,ZC.v.0
2025-05-01 07:00:00+00:00,34,1,229776,478.25,478.75,476.25,477.75,2061,ZC.v.0
2025-05-01 08:00:00+00:00,34,1,229776,477.75,478.0,477.25,477.5,727,ZC.v.0
2025-05-01 09:00:00+00:00,34,1,229776,477.75,478.0,476.75,477.0,1263,ZC.v.0
2025-05-01 10:00:00+00:00,34,1,229776,477.0,479.0,477.0,478.5,1308,ZC.v.0
2025-05-01 11:00:00+00:00,34,1,229776,478.5,480.0,477.75,480.0,2587,ZC.v.0
2025-05-01 12:00:00+00:00,34,1,229776,479.75,480.0,477.5,478.25,4268,ZC.v.0
2025-05-01 13:00:00+00:00,34,1,229776,478.0,478.5,474.75,474.75,17809,ZC.v.0
2025-05-01 14:00:00+00:00,34,1,229776,474.75,476.75,473.5,474.75,14609,ZC.v.0
2025-05-01 15:00:00+00:00,34,1,229776,474.75,475.25,471.0,473.25,18664,ZC.v.0
2025-05-01 16:00:00+00:00,34,1,229776,473.25,473.25,470.0,471.5,17225,ZC.v.0
2025-05-01 17:00:00+00:00,34,1,229776,471.75,475.0,471.5,473.0,12650,ZC.v.0
2025-05-01 18:00:00+00:00,34,1,229776,473.0,473.75,471.5,471.5,13209,ZC.v.0
2025-05-02 00:00:00+00:00,34,1,229776,472.25,473.0,472.0,473.0,1379,ZC.v.0
2025-05-02 01:00:00+00:00,34,1,229776,472.75,473.25,471.5,472.0,781,ZC.v.0
2025-05-02 02:00:00+00:00,34,1,229776,471.75,473.0,471.75,473.0,235,ZC.v.0
2025-05-02 03:00:00+00:00,34,1,229776,473.0,473.0,472.75,472.75,155,ZC.v.0
2025-05-02 04:00:00+00:00,34,1,229776,472.75,472.75,472.25,472.5,338,ZC.v.0
2025-05-02 05:00:00+00:00,34,1,229776,472.5,473.0,472.5,472.75,340,ZC.v.0
2025-05-02 06:00:00+00:00,34,1,229776,472.5,472.75,471.5,471.5,739,ZC.v.0
2025-05-02 07:00:00+00:00,34,1,229776,471.75,472.25,471.25,472.25,621,ZC.v.0
2025-05-02 08:00:00+00:00,34,1,229776,472.5,472.5,470.75,470.75,1120,ZC.v.0
2025-05-02 09:00:00+00:00,34,1,229776,470.75,472.25,470.5,472.0,1123,ZC.v.0
2025-05-02 10:00:00+00:00,34,1,229776,472.25,473.5,471.5,472.75,1067,ZC.v.0
2025-05-02 11:00:00+00:00,34,1,229776,472.5,474.5,472.25,474.5,2461,ZC.v.0
2025-05-02 12:00:00+00:00,34,1,229776,474.5,475.25,474.25,474.5,3074,ZC.v.0
2025-05-02 13:00:00+00:00,34,1,229776,474.75,477.0,474.5,476.0,14586,ZC.v.0
2025-05-02 14:00:00+00:00,34,1,229776,476.0,476.0,471.5,473.0,19463,ZC.v.0
2025-05-02 15:00:00+00:00,34,1,229776,472.75,473.25,470.0,470.75,12742,ZC.v.0
2025-05-02 16:00:00+00:00,34,1,229776,471.0,472.0,469.0,469.25,15116,ZC.v.0
2025-05-02 17:00:00+00:00,34,1,229776,469.25,470.0,468.25,469.5,12686,ZC.v.0
2025-05-02 18:00:00+00:00,34,1,229776,469.5,469.75,468.5,468.75,12011,ZC.v.0
2025-05-05 00:00:00+00:00,34,1,229776,469.0,470.75,466.75,466.75,4384,ZC.v.0
2025-05-05 01:00:00+00:00,34,1,229776,466.75,467.25,466.5,467.0,619,ZC.v.0
2025-05-05 02:00:00+00:00,34,1,229776,466.75,467.0,466.5,466.75,549,ZC.v.0
2025-05-05 03:00:00+00:00,34,1,229776,467.0,467.0,466.5,466.75,446,ZC.v.0
2025-05-05 04:00:00+00:00,34,1,229776,466.5,467.0,466.25,466.5,1153,ZC.v.0
2025-05-05 05:00:00+00:00,34,1,229776,466.5,466.75,465.75,466.0,751,ZC.v.0
2025-05-05 06:00:00+00:00,34,1,229776,465.75,466.25,465.25,465.25,1226,ZC.v.0
2025-05-05 07:00:00+00:00,34,1,229776,465.5,467.0,465.5,466.75,1358,ZC.v.0
2025-05-05 08:00:00+00:00,34,1,229776,466.75,467.5,466.5,466.5,808,ZC.v.0
2025-05-05 09:00:00+00:00,34,1,229776,466.25,467.0,466.0,466.25,1180,ZC.v.0
2025-05-05 10:00:00+00:00,34,1,229776,466.0,466.0,465.5,465.75,453,ZC.v.0
2025-05-05 11:00:00+00:00,34,1,229776,466.0,466.5,465.5,465.5,1601,ZC.v.0
2025-05-05 12:00:00+00:00,34,1,229776,465.5,466.0,465.25,465.5,2081,ZC.v.0
2025-05-05 13:00:00+00:00,34,1,229776,465.5,467.5,462.75,463.75,19145,ZC.v.0
2025-05-05 14:00:00+00:00,34,1,229776,464.0,464.0,459.5,462.0,29995,ZC.v.0
2025-05-05 15:00:00+00:00,34,1,229776,462.0,462.25,459.0,459.25,17111,ZC.v.0
2025-05-05 16:00:00+00:00,34,1,229776,459.25,459.25,455.0,455.25,35867,ZC.v.0
2025-05-05 17:00:00+00:00,34,1,229776,455.25,456.25,454.25,455.5,26750,ZC.v.0
2025-05-05 18:00:00+00:00,34,1,229776,455.5,455.75,453.25,454.25,21288,ZC.v.0
2025-05-06 00:00:00+00:00,34,1,229776,454.75,455.75,454.5,455.0,2880,ZC.v.0
2025-05-06 01:00:00+00:00,34,1,229776,454.75,455.75,454.75,455.5,1218,ZC.v.0
2025-05-06 02:00:00+00:00,34,1,229776,455.25,455.75,455.25,455.75,439,ZC.v.0
2025-05-06 03:00:00+00:00,34,1,229776,455.75,455.75,455.0,455.25,358,ZC.v.0
2025-05-06 04:00:00+00:00,34,1,229776,455.0,455.75,455.0,455.75,466,ZC.v.0
2025-05-06 05:00:00+00:00,34,1,229776,455.5,456.0,455.0,455.25,872,ZC.v.0
2025-05-06 06:00:00+00:00,34,1,229776,455.0,455.75,455.0,455.5,845,ZC.v.0
2025-05-06 07:00:00+00:00,34,1,229776,455.5,456.0,455.25,455.5,1762,ZC.v.0
2025-05-06 08:00:00+00:00,34,1,229776,455.5,456.5,455.0,456.25,2404,ZC.v.0
2025-05-06 09:00:00+00:00,34,1,229776,456.0,456.75,456.0,456.25,2573,ZC.v.0
2025-05-06 10:00:00+00:00,34,1,229776,456.0,457.25,456.0,456.5,1631,ZC.v.0
2025-05-06 11:00:00+00:00,34,1,229776,456.5,456.75,455.5,456.5,2333,ZC.v.0
2025-05-06 12:00:00+00:00,34,1,229776,456.5,457.25,456.0,456.75,4671,ZC.v.0
2025-05-06 13:00:00+00:00,34,1,229776,457.25,457.25,453.75,456.25,25037,ZC.v.0
2025-05-06 14:00:00+00:00,34,1,229776,456.25,457.0,455.0,455.25,21913,ZC.v.0
2025-05-06 15:00:00+00:00,34,1,229776,455.5,456.75,454.0,454.5,20097,ZC.v.0
2025-05-06 16:00:00+00:00,34,1,229776,454.25,454.5,452.5,453.5,26145,ZC.v.0
2025-05-06 17:00:00+00:00,34,1,229776,453.75,455.75,453.25,455.25,19194,ZC.v.0
2025-05-06 18:00:00+00:00,34,1,229776,455.25,456.5,455.25,455.75,12025,ZC.v.0
2025-05-07 00:00:00+00:00,34,1,229776,457.0,459.0,456.75,459.0,4663,ZC.v.0
2025-05-07 01:00:00+00:00,34,1,229776,458.75,461.0,458.5,460.5,3339,ZC.v.0
2025-05-07 02:00:00+00:00,34,1,229776,460.75,460.75,460.0,460.25,970,ZC.v.0
2025-05-07 03:00:00+00:00,34,1,229776,460.25,460.75,460.25,460.25,554,ZC.v.0
2025-05-07 04:00:00+00:00,34,1,229776,460.5,461.0,460.5,460.75,614,ZC.v.0
2025-05-07 05:00:00+00:00,34,1,229776,460.5,461.75,460.5,461.25,834,ZC.v.0
2025-05-07 06:00:00+00:00,34,1,229776,461.25,462.5,461.25,461.5,1468,ZC.v.0
2025-05-07 07:00:00+00:00,34,1,229776,461.5,462.25,461.25,462.0,1174,ZC.v.0
2025-05-07 08:00:00+00:00,34,1,229776,462.0,463.5,461.5,463.0,2068,ZC.v.0
2025-05-07 09:00:00+00:00,34,1,229776,463.0,463.0,461.0,461.25,3086,ZC.v.0
2025-05-07 10:00:00+00:00,34,1,229776,461.5,462.75,461.5,461.75,1238,ZC.v.0
2025-05-07 11:00:00+00:00,34,1,229776,462.0,462.75,461.25,461.75,2610,ZC.v.0
2025-05-07 12:00:00+00:00,34,1,229776,461.75,462.75,460.0,460.0,3514,ZC.v.0
2025-05-07 13:00:00+00:00,34,1,229776,460.25,461.25,456.75,457.75,17636,ZC.v.0
2025-05-07 14:00:00+00:00,34,1,229776,457.5,457.75,453.25,454.5,26639,ZC.v.0
2025-05-07 15:00:00+00:00,34,1,229776,454.5,455.25,451.75,452.5,25774,ZC.v.0
2025-05-07 16:00:00+00:00,34,1,229776,452.25,452.75,450.75,452.0,14306,ZC.v.0
2025-05-07 17:00:00+00:00,34,1,229776,451.75,452.0,450.0,450.25,12718,ZC.v.0
2025-05-07 18:00:00+00:00,34,1,229776,450.0,450.5,448.5,449.5,22519,ZC.v.0
2025-05-08 00:00:00+00:00,34,1,229776,450.0,450.5,447.75,448.0,6430,ZC.v.0
2025-05-08 01:00:00+00:00,34,1,229776,447.75,449.25,447.75,449.25,2698,ZC.v.0
2025-05-08 02:00:00+00:00,34,1,229776,449.25,449.75,448.75,449.0,1571,ZC.v.0
2025-05-08 03:00:00+00:00,34,1,229776,449.0,449.0,448.75,448.75,147,ZC.v.0
2025-05-08 04:00:00+00:00,34,1,229776,449.0,449.5,449.0,449.25,582,ZC.v.0
2025-05-08 05:00:00+00:00,34,1,229776,449.25,449.25,448.25,448.25,1060,ZC.v.0
2025-05-08 06:00:00+00:00,34,1,229776,448.25,448.75,448.0,448.0,930,ZC.v.0
2025-05-08 07:00:00+00:00,34,1,229776,448.0,449.0,447.25,448.75,2294,ZC.v.0
2025-05-08 08:00:00+00:00,34,1,229776,448.5,449.0,448.0,448.0,1800,ZC.v.0
2025-05-08 09:00:00+00:00,34,1,229776,448.25,450.25,448.25,449.75,3091,ZC.v.0
2025-05-08 10:00:00+00:00,34,1,229776,449.75,450.25,449.25,450.25,1722,ZC.v.0
2025-05-08 11:00:00+00:00,34,1,229776,450.0,451.0,448.5,449.25,3976,ZC.v.0
2025-05-08 12:00:00+00:00,34,1,229776,449.25,452.0,448.0,451.5,7170,ZC.v.0
2025-05-08 13:00:00+00:00,34,1,229776,451.0,451.5,445.0,445.5,29683,ZC.v.0
2025-05-08 14:00:00+00:00,34,1,229776,445.5,446.5,443.25,443.5,33341,ZC.v.0
2025-05-08 15:00:00+00:00,34,1,229776,443.5,444.25,442.5,443.25,18583,ZC.v.0
2025-05-08 16:00:00+00:00,34,1,229776,443.0,444.75,442.25,444.5,12802,ZC.v.0
2025-05-08 17:00:00+00:00,34,1,229776,444.5,446.0,443.0,446.0,16534,ZC.v.0
2025-05-08 18:00:00+00:00,34,1,229776,445.75,449.0,445.75,448.75,21758,ZC.v.0
2025-05-09 00:00:00+00:00,34,1,229776,449.0,450.0,448.5,449.0,3493,ZC.v.0
2025-05-09 01:00:00+00:00,34,1,229776,449.0,449.25,448.25,448.75,1226,ZC.v.0
2025-05-09 02:00:00+00:00,34,1,229776,448.5,448.5,448.0,448.5,395,ZC.v.0
2025-05-09 03:00:00+00:00,34,1,229776,448.5,449.5,448.5,449.5,1403,ZC.v.0
2025-05-09 04:00:00+00:00,34,1,229776,449.5,449.5,448.5,448.75,263,ZC.v.0
2025-05-09 05:00:00+00:00,34,1,229776,448.75,449.25,448.75,449.25,323,ZC.v.0
2025-05-09 06:00:00+00:00,34,1,229776,449.0,449.5,449.0,449.0,759,ZC.v.0
2025-05-09 07:00:00+00:00,34,1,229776,449.0,450.75,449.0,450.0,2172,ZC.v.0
2025-05-09 08:00:00+00:00,34,1,229776,450.0,451.5,450.0,451.0,2136,ZC.v.0
2025-05-09 09:00:00+00:00,34,1,229776,451.25,452.0,451.0,451.5,2970,ZC.v.0
2025-05-09 10:00:00+00:00,34,1,229776,451.5,452.5,451.25,452.25,1313,ZC.v.0
2025-05-09 11:00:00+00:00,34,1,229776,452.25,453.75,452.25,452.75,6485,ZC.v.0
2025-05-09 12:00:00+00:00,34,1,229776,452.5,453.0,451.75,452.25,4037,ZC.v.0
2025-05-09 13:00:00+00:00,34,1,229776,452.25,455.0,450.25,450.25,23832,ZC.v.0
2025-05-09 14:00:00+00:00,34,1,229776,450.5,451.0,447.0,449.25,27614,ZC.v.0
2025-05-09 15:00:00+00:00,34,1,229776,449.25,452.0,449.25,451.5,13401,ZC.v.0
2025-05-09 16:00:00+00:00,34,1,229776,451.5,451.75,448.75,449.25,12345,ZC.v.0
2025-05-09 17:00:00+00:00,34,1,229776,449.0,449.75,448.5,449.25,9732,ZC.v.0
2025-05-09 18:00:00+00:00,34,1,229776,449.5,450.25,449.0,449.75,10472,ZC.v.0
2025-05-12 00:00:00+00:00,34,1,229776,453.0,453.0,449.0,449.5,5459,ZC.v.0
2025-05-12 01:00:00+00:00,34,1,229776,449.5,449.5,448.25,448.5,1515,ZC.v.0
2025-05-12 02:00:00+00:00,34,1,229776,448.75,448.75,448.25,448.75,648,ZC.v.0
2025-05-12 03:00:00+00:00,34,1,229776,448.75,448.75,448.25,448.5,308,ZC.v.0
2025-05-12 04:00:00+00:00,34,1,229776,448.25,448.5,448.0,448.5,451,ZC.v.0
2025-05-12 05:00:00+00:00,34,1,229776,448.5,448.75,448.25,448.75,492,ZC.v.0
2025-05-12 06:00:00+00:00,34,1,229776,448.5,449.0,448.0,448.25,913,ZC.v.0
2025-05-12 07:00:00+00:00,34,1,229776,448.5,451.75,448.25,450.0,4720,ZC.v.0
2025-05-12 08:00:00+00:00,34,1,229776,450.0,452.5,450.0,451.5,2753,ZC.v.0
2025-05-12 09:00:00+00:00,34,1,229776,451.5,452.25,450.5,451.75,927,ZC.v.0
2025-05-12 10:00:00+00:00,34,1,229776,452.0,453.5,452.0,453.0,2220,ZC.v.0
2025-05-12 11:00:00+00:00,34,1,229776,453.0,454.5,452.5,454.0,4485,ZC.v.0
2025-05-12 12:00:00+00:00,34,1,229776,453.75,455.0,453.0,455.0,7003,ZC.v.0
2025-05-12 13:00:00+00:00,34,1,229776,455.0,455.75,451.5,452.0,17034,ZC.v.0
2025-05-12 14:00:00+00:00,34,1,229776,452.25,453.5,451.75,453.0,13562,ZC.v.0
2025-05-12 15:00:00+00:00,34,1,229776,452.75,453.5,449.75,450.5,14254,ZC.v.0
2025-05-12 16:00:00+00:00,34,1,229776,450.25,458.75,450.25,450.5,34037,ZC.v.0
2025-05-12 17:00:00+00:00,34,1,229776,450.5,451.25,445.75,448.5,26963,ZC.v.0
2025-05-12 18:00:00+00:00,34,1,229776,448.25,448.75,447.0,447.25,13341,ZC.v.0
2025-05-13 00:00:00+00:00,34,1,229776,448.0,448.0,446.25,446.75,3244,ZC.v.0
2025-05-13 01:00:00+00:00,34,1,229776,446.75,447.75,446.25,447.75,1233,ZC.v.0
2025-05-13 02:00:00+00:00,34,1,229776,447.5,448.0,447.25,447.75,1271,ZC.v.0
2025-05-13 03:00:00+00:00,34,1,229776,447.75,448.0,447.5,447.75,209,ZC.v.0
2025-05-13 04:00:00+00:00,34,1,229776,447.75,447.75,447.0,447.0,319,ZC.v.0
2025-05-13 05:00:00+00:00,34,1,229776,447.25,447.25,446.0,446.25,296,ZC.v.0
2025-05-13 06:00:00+00:00,34,1,229776,446.0,446.25,445.0,445.5,1730,ZC.v.0
2025-05-13 07:00:00+00:00,34,1,229776,445.25,445.5,444.75,445.25,1851,ZC.v.0
2025-05-13 08:00:00+00:00,34,1,229776,445.0,445.5,444.5,444.75,1622,ZC.v.0
2025-05-13 09:00:00+00:00,34,1,229776,444.75,445.0,443.0,443.0,3177,ZC.v.0
2025-05-13 10:00:00+00:00,34,1,229776,443.0,443.5,443.0,443.25,1729,ZC.v.0
2025-05-13 11:00:00+00:00,34,1,229776,443.25,444.75,443.0,444.75,2979,ZC.v.0
2025-05-13 12:00:00+00:00,34,1,229776,444.5,445.75,444.0,444.25,3625,ZC.v.0
2025-05-13 13:00:00+00:00,34,1,229776,444.25,446.25,439.0,439.25,28776,ZC.v.0
2025-05-13 14:00:00+00:00,34,1,229776,439.5,440.0,436.5,438.25,37104,ZC.v.0
2025-05-13 15:00:00+00:00,34,1,229776,438.25,441.75,438.25,440.75,17115,ZC.v.0
2025-05-13 16:00:00+00:00,34,1,229776,440.5,443.75,439.5,442.75,16189,ZC.v.0
2025-05-13 17:00:00+00:00,34,1,229776,442.75,444.0,441.5,441.75,13357,ZC.v.0
2025-05-13 18:00:00+00:00,34,1,229776,441.75,443.0,441.75,442.5,9712,ZC.v.0
2025-05-14 00:00:00+00:00,34,1,229776,443.0,444.0,442.5,443.5,2276,ZC.v.0
2025-05-14 01:00:00+00:00,34,1,229776,443.5,444.0,443.25,443.5,445,ZC.v.0
2025-05-14 02:00:00+00:00,34,1,229776,443.25,443.5,442.75,443.0,434,ZC.v.0
2025-05-14 03:00:00+00:00,34,1,229776,443.0,443.25,442.5,442.75,354,ZC.v.0
2025-05-14 04:00:00+00:00,34,1,229776,443.0,443.0,442.5,442.5,470,ZC.v.0
2025-05-14 05:00:00+00:00,34,1,229776,442.5,442.75,442.5,442.5,129,ZC.v.0
2025-05-14 06:00:00+00:00,34,1,229776,442.5,443.25,442.5,442.75,622,ZC.v.0
2025-05-14 07:00:00+00:00,34,1,229776,442.75,443.0,442.0,442.0,1874,ZC.v.0
2025-05-14 08:00:00+00:00,34,1,229776,442.0,442.5,440.75,441.0,2292,ZC.v.0
2025-05-14 09:00:00+00:00,34,1,229776,441.25,442.0,441.0,441.5,1028,ZC.v.0
2025-05-14 10:00:00+00:00,34,1,229776,441.5,442.0,441.25,441.5,979,ZC.v.0
2025-05-14 11:00:00+00:00,34,1,229776,441.25,441.25,440.0,440.5,1258,ZC.v.0
2025-05-14 12:00:00+00:00,34,1,229776,440.75,440.75,439.5,440.25,2309,ZC.v.0
2025-05-14 13:00:00+00:00,34,1,229776,440.0,444.0,438.5,442.75,18820,ZC.v.0
2025-05-14 14:00:00+00:00,34,1,229776,442.75,445.5,442.25,445.0,22707,ZC.v.0
2025-05-14 15:00:00+00:00,34,1,229776,445.25,447.75,444.75,446.75,20750,ZC.v.0
2025-05-14 16:00:00+00:00,34,1,229776,446.5,446.75,444.75,445.5,11658,ZC.v.0
2025-05-14 17:00:00+00:00,34,1,229776,445.25,446.25,444.5,445.0,8218,ZC.v.0
2025-05-14 18:00:00+00:00,34,1,229776,445.0,445.75,444.25,444.75,11478,ZC.v.0
2025-05-15 00:00:00+00:00,34,1,229776,444.75,445.0,443.5,444.25,3284,ZC.v.0
2025-05-15 01:00:00+00:00,34,1,229776,444.5,445.5,444.25,445.5,928,ZC.v.0
2025-05-15 02:00:00+00:00,34,1,229776,445.75,445.75,444.75,445.25,432,ZC.v.0
2025-05-15 03:00:00+00:00,34,1,229776,445.25,445.75,445.0,445.75,611,ZC.v.0
2025-05-15 04:00:00+00:00,34,1,229776,445.75,445.75,445.25,445.5,278,ZC.v.0
2025-05-15 05:00:00+00:00,34,1,229776,445.75,446.0,445.5,445.75,335,ZC.v.0
2025-05-15 06:00:00+00:00,34,1,229776,445.75,447.0,445.25,447.0,932,ZC.v.0
2025-05-15 07:00:00+00:00,34,1,229776,447.0,447.25,446.75,447.25,773,ZC.v.0
2025-05-15 08:00:00+00:00,34,1,229776,447.25,447.25,446.0,446.25,1037,ZC.v.0
2025-05-15 09:00:00+00:00,34,1,229776,446.25,446.5,445.75,445.75,819,ZC.v.0
2025-05-15 10:00:00+00:00,34,1,229776,445.5,445.5,444.75,444.75,1900,ZC.v.0
2025-05-15 11:00:00+00:00,34,1,229776,444.75,445.5,443.75,444.5,2771,ZC.v.0
2025-05-15 12:00:00+00:00,34,1,229776,444.5,449.0,444.25,448.75,5045,ZC.v.0
2025-05-15 13:00:00+00:00,34,1,229776,449.0,450.5,443.5,447.25,27420,ZC.v.0
2025-05-15 14:00:00+00:00,34,1,229776,447.25,447.5,444.5,445.25,19867,ZC.v.0
2025-05-15 15:00:00+00:00,34,1,229776,445.25,447.25,445.0,445.5,10139,ZC.v.0
2025-05-15 16:00:00+00:00,34,1,229776,445.75,448.0,445.5,446.75,10258,ZC.v.0
2025-05-15 17:00:00+00:00,34,1,229776,446.75,449.0,446.25,448.75,10454,ZC.v.0
2025-05-15 18:00:00+00:00,34,1,229776,449.0,449.5,448.0,448.25,12705,ZC.v.0
2025-05-16 00:00:00+00:00,34,1,229776,449.0,451.0,448.75,450.5,3127,ZC.v.0
2025-05-16 01:00:00+00:00,34,1,229776,450.5,451.0,450.25,450.5,918,ZC.v.0
2025-05-16 02:00:00+00:00,34,1,229776,450.25,450.5,450.0,450.5,360,ZC.v.0
2025-05-16 03:00:00+00:00,34,1,229776,450.25,450.25,449.5,449.5,569,ZC.v.0
2025-05-16 04:00:00+00:00,34,1,229776,449.5,449.75,449.0,449.5,551,ZC.v.0
2025-05-16 05:00:00+00:00,34,1,229776,449.5,450.0,449.5,449.75,247,ZC.v.0
2025-05-16 06:00:00+00:00,34,1,229776,449.75,450.0,449.0,449.25,267,ZC.v.0
2025-05-16 07:00:00+00:00,34,1,229776,449.0,449.25,447.0,447.0,2256,ZC.v.0
2025-05-16 08:00:00+00:00,34,1,229776,447.0,448.5,447.0,448.25,959,ZC.v.0
2025-05-16 09:00:00+00:00,34,1,229776,448.25,450.0,447.5,448.5,2279,ZC.v.0
2025-05-16 10:00:00+00:00,34,1,229776,448.5,450.0,448.5,449.75,1358,ZC.v.0
2025-05-16 11:00:00+00:00,34,1,229776,449.75,450.0,448.25,449.25,1098,ZC.v.0
2025-05-16 12:00:00+00:00,34,1,229776,449.25,450.75,448.75,450.5,2248,ZC.v.0
2025-05-16 13:00:00+00:00,34,1,229776,450.25,451.5,447.0,448.75,13634,ZC.v.0
2025-05-16 14:00:00+00:00,34,1,229776,449.0,449.75,444.5,445.0,19056,ZC.v.0
2025-05-16 15:00:00+00:00,34,1,229776,445.25,446.75,444.0,446.0,15284,ZC.v.0
2025-05-16 16:00:00+00:00,34,1,229776,446.25,447.25,444.5,444.75,7703,ZC.v.0
2025-05-16 17:00:00+00:00,34,1,229776,444.75,445.0,443.0,443.0,8519,ZC.v.0
2025-05-16 18:00:00+00:00,34,1,229776,443.0,443.75,442.75,443.0,10508,ZC.v.0
2025-05-19 00:00:00+00:00,34,1,229776,443.5,445.0,443.25,444.75,2830,ZC.v.0
2025-05-19 01:00:00+00:00,34,1,229776,444.75,444.75,443.5,443.5,413,ZC.v.0
2025-05-19 02:00:00+00:00,34,1,229776,443.75,445.0,443.5,445.0,610,ZC.v.0
2025-05-19 03:00:00+00:00,34,1,229776,445.0,445.5,444.75,445.0,880,ZC.v.0
2025-05-19 04:00:00+00:00,34,1,229776,445.0,445.0,444.5,444.75,194,ZC.v.0
2025-05-19 05:00:00+00:00,34,1,229776,444.75,444.75,444.5,444.5,136,ZC.v.0
2025-05-19 06:00:00+00:00,34,1,229776,444.5,446.5,444.5,445.5,4104,ZC.v.0
2025-05-19 07:00:00+00:00,34,1,229776,445.5,447.0,445.5,446.75,4615,ZC.v.0
2025-05-19 08:00:00+00:00,34,1,229776,446.75,447.0,445.25,447.0,1735,ZC.v.0
2025-05-19 09:00:00+00:00,34,1,229776,447.0,447.5,446.0,446.25,1795,ZC.v.0
2025-05-19 10:00:00+00:00,34,1,229776,446.5,447.25,446.0,447.25,1002,ZC.v.0
2025-05-19 11:00:00+00:00,34,1,229776,447.5,448.0,446.5,447.75,1775,ZC.v.0
2025-05-19 12:00:00+00:00,34,1,229776,447.75,448.0,447.0,447.25,1760,ZC.v.0
2025-05-19 13:00:00+00:00,34,1,229776,447.5,449.25,445.25,445.5,21178,ZC.v.0
2025-05-19 14:00:00+00:00,34,1,229776,445.25,445.75,443.0,445.25,20099,ZC.v.0
2025-05-19 15:00:00+00:00,34,1,229776,445.25,446.5,444.75,445.0,10628,ZC.v.0
2025-05-19 16:00:00+00:00,34,1,229776,445.0,446.0,444.0,444.25,8196,ZC.v.0
2025-05-19 17:00:00+00:00,34,1,229776,444.5,447.0,443.75,446.75,11857,ZC.v.0
2025-05-19 18:00:00+00:00,34,1,229776,446.5,449.75,446.25,447.0,19875,ZC.v.0
2025-05-20 00:00:00+00:00,34,1,229776,446.75,448.25,446.0,446.25,2682,ZC.v.0
2025-05-20 01:00:00+00:00,34,1,229776,446.25,446.25,446.0,446.0,478,ZC.v.0
2025-05-20 02:00:00+00:00,34,1,229776,446.25,446.25,445.25,445.5,896,ZC.v.0
2025-05-20 03:00:00+00:00,34,1,229776,445.5,445.5,445.25,445.25,299,ZC.v.0
2025-05-20 04:00:00+00:00,34,1,229776,445.25,445.5,444.75,445.25,1792,ZC.v.0
2025-05-20 05:00:00+00:00,34,1,229776,445.25,445.5,445.0,445.5,177,ZC.v.0
2025-05-20 06:00:00+00:00,34,1,229776,445.5,446.5,445.5,446.25,927,ZC.v.0
2025-05-20 07:00:00+00:00,34,1,229776,446.25,447.25,446.25,446.75,672,ZC.v.0
2025-05-20 08:00:00+00:00,34,1,229776,447.0,449.0,446.75,448.25,2171,ZC.v.0
2025-05-20 09:00:00+00:00,34,1,229776,448.5,451.75,448.25,451.75,4960,ZC.v.0
2025-05-20 10:00:00+00:00,34,1,229776,451.75,452.0,451.0,451.75,1921,ZC.v.0
2025-05-20 11:00:00+00:00,34,1,229776,452.0,453.0,451.0,452.5,4771,ZC.v.0
2025-05-20 12:00:00+00:00,34,1,229776,452.5,454.5,452.25,453.75,5746,ZC.v.0
2025-05-20 13:00:00+00:00,34,1,229776,453.25,454.0,449.25,451.0,26234,ZC.v.0
2025-05-20 14:00:00+00:00,34,1,229776,450.75,453.0,450.0,451.75,15945,ZC.v.0
2025-05-20 15:00:00+00:00,34,1,229776,451.75,452.5,451.0,451.75,10486,ZC.v.0
2025-05-20 16:00:00+00:00,34,1,229776,451.75,452.75,451.0,452.25,8083,ZC.v.0
2025-05-20 17:00:00+00:00,34,1,229776,452.25,454.5,452.0,454.0,14266,ZC.v.0
2025-05-20 18:00:00+00:00,34,1,229776,453.75,455.5,453.75,454.5,14389,ZC.v.0
2025-05-21 00:00:00+00:00,34,1,229776,454.5,456.25,454.5,455.75,2692,ZC.v.0
2025-05-21 01:00:00+00:00,34,1,229776,455.75,456.0,455.25,455.75,1096,ZC.v.0
2025-05-21 02:00:00+00:00,34,1,229776,455.75,456.25,455.5,455.75,1678,ZC.v.0
2025-05-21 03:00:00+00:00,34,1,229776,455.5,455.75,454.75,455.0,674,ZC.v.0
2025-05-21 04:00:00+00:00,34,1,229776,455.0,455.5,455.0,455.0,81,ZC.v.0
2025-05-21 05:00:00+00:00,34,1,229776,455.25,455.75,455.25,455.5,411,ZC.v.0
2025-05-21 06:00:00+00:00,34,1,229776,455.75,456.75,455.5,456.0,965,ZC.v.0
2025-05-21 07:00:00+00:00,34,1,229776,456.0,456.0,453.5,454.25,2533,ZC.v.0
2025-05-21 08:00:00+00:00,34,1,229776,454.25,455.25,454.25,454.5,973,ZC.v.0
2025-05-21 09:00:00+00:00,34,1,229776,454.5,455.5,454.0,454.75,1111,ZC.v.0
2025-05-21 10:00:00+00:00,34,1,229776,454.75,455.75,454.5,454.75,1245,ZC.v.0
2025-05-21 11:00:00+00:00,34,1,229776,454.75,455.75,453.5,455.0,4098,ZC.v.0
2025-05-21 12:00:00+00:00,34,1,229776,455.0,457.75,454.5,457.0,4283,ZC.v.0
2025-05-21 13:00:00+00:00,34,1,229776,456.75,458.25,453.5,456.25,23673,ZC.v.0
2025-05-21 14:00:00+00:00,34,1,229776,456.0,459.0,454.25,458.75,21312,ZC.v.0
2025-05-21 15:00:00+00:00,34,1,229776,458.75,459.75,457.5,459.5,14614,ZC.v.0
2025-05-21 16:00:00+00:00,34,1,229776,459.5,461.5,459.25,461.0,16055,ZC.v.0
2025-05-21 17:00:00+00:00,34,1,229776,461.25,462.0,459.5,459.75,20715,ZC.v.0
2025-05-21 18:00:00+00:00,34,1,229776,459.75,461.25,459.5,460.0,14990,ZC.v.0
2025-05-22 00:00:00+00:00,34,1,229776,459.25,462.0,458.5,459.0,6467,ZC.v.0
2025-05-22 01:00:00+00:00,34,1,229776,459.0,459.5,458.25,458.75,980,ZC.v.0
2025-05-22 02:00:00+00:00,34,1,229776,458.5,459.0,458.25,458.5,1654,ZC.v.0
2025-05-22 03:00:00+00:00,34,1,229776,458.5,458.75,458.25,458.25,792,ZC.v.0
2025-05-22 04:00:00+00:00,34,1,229776,458.25,458.75,458.25,458.5,573,ZC.v.0
2025-05-22 05:00:00+00:00,34,1,229776,458.5,459.25,458.5,459.0,236,ZC.v.0
2025-05-22 06:00:00+00:00,34,1,229776,459.0,459.0,458.25,459.0,557,ZC.v.0
2025-05-22 07:00:00+00:00,34,1,229776,459.0,459.25,458.5,459.0,949,ZC.v.0
2025-05-22 08:00:00+00:00,34,1,229776,459.25,459.25,458.25,458.25,1519,ZC.v.0
2025-05-22 09:00:00+00:00,34,1,229776,458.25,458.5,458.0,458.25,845,ZC.v.0
2025-05-22 10:00:00+00:00,34,1,229776,458.5,458.5,457.5,458.0,1207,ZC.v.0
2025-05-22 11:00:00+00:00,34,1,229776,457.75,461.5,457.75,461.0,3749,ZC.v.0
2025-05-22 12:00:00+00:00,34,1,229776,461.0,462.0,460.75,461.0,3584,ZC.v.0
2025-05-22 13:00:00+00:00,34,1,229776,461.0,463.5,456.5,461.25,26829,ZC.v.0
2025-05-22 14:00:00+00:00,34,1,229776,461.25,464.0,460.25,462.75,24178,ZC.v.0
2025-05-22 15:00:00+00:00,34,1,229776,462.75,464.75,462.25,463.25,14137,ZC.v.0
2025-05-22 16:00:00+00:00,34,1,229776,463.25,464.5,461.0,461.5,13440,ZC.v.0
2025-05-22 17:00:00+00:00,34,1,229776,461.75,463.0,461.25,462.25,6052,ZC.v.0
2025-05-22 18:00:00+00:00,34,1,229776,462.25,463.25,462.0,462.75,11117,ZC.v.0
2025-05-23 00:00:00+00:00,34,1,229776,462.75,464.25,462.5,463.75,2036,ZC.v.0
2025-05-23 01:00:00+00:00,34,1,229776,463.5,464.25,463.5,464.0,694,ZC.v.0
2025-05-23 02:00:00+00:00,34,1,229776,463.75,464.0,463.0,463.5,523,ZC.v.0
2025-05-23 03:00:00+00:00,34,1,229776,463.5,463.5,463.0,463.0,133,ZC.v.0
2025-05-23 04:00:00+00:00,34,1,229776,463.25,463.75,463.0,463.5,285,ZC.v.0
2025-05-23 05:00:00+00:00,34,1,229776,463.5,464.25,463.5,464.25,290,ZC.v.0
2025-05-23 06:00:00+00:00,34,1,229776,464.0,464.25,463.75,464.0,683,ZC.v.0
2025-05-23 07:00:00+00:00,34,1,229776,463.75,464.5,463.75,464.5,502,ZC.v.0
2025-05-23 08:00:00+00:00,34,1,229776,464.25,464.5,462.5,462.75,773,ZC.v.0
2025-05-23 09:00:00+00:00,34,1,229776,462.75,463.25,461.75,462.25,772,ZC.v.0
2025-05-23 10:00:00+00:00,34,1,229776,462.25,462.75,461.25,462.25,2206,ZC.v.0
2025-05-23 11:00:00+00:00,34,1,229776,462.5,464.0,461.25,461.5,4491,ZC.v.0
2025-05-23 12:00:00+00:00,34,1,229776,461.75,461.75,458.75,459.5,7921,ZC.v.0
2025-05-23 13:00:00+00:00,34,1,229776,459.5,459.75,457.25,457.25,19808,ZC.v.0
2025-05-23 14:00:00+00:00,34,1,229776,457.25,458.0,455.0,456.0,19340,ZC.v.0
2025-05-23 15:00:00+00:00,34,1,229776,456.0,460.25,456.0,459.75,13683,ZC.v.0
2025-05-23 16:00:00+00:00,34,1,229776,459.75,460.5,458.5,458.75,9043,ZC.v.0
2025-05-23 17:00:00+00:00,34,1,229776,458.75,460.0,458.75,459.25,6171,ZC.v.0
2025-05-23 18:00:00+00:00,34,1,229776,459.25,459.75,458.5,459.0,11921,ZC.v.0
2025-05-27 00:00:00+00:00,34,1,229776,459.0,460.75,458.25,460.5,2938,ZC.v.0
2025-05-27 01:00:00+00:00,34,1,229776,460.5,460.5,459.5,459.75,714,ZC.v.0
2025-05-27 02:00:00+00:00,34,1,229776,459.75,459.75,459.25,459.25,325,ZC.v.0
2025-05-27 03:00:00+00:00,34,1,229776,459.25,460.0,459.25,459.75,189,ZC.v.0
2025-05-27 04:00:00+00:00,34,1,229776,459.75,459.75,459.75,459.75,13,ZC.v.0
2025-05-27 05:00:00+00:00,34,1,229776,459.75,459.75,459.25,459.25,423,ZC.v.0
2025-05-27 06:00:00+00:00,34,1,229776,459.5,460.0,458.5,458.75,1046,ZC.v.0
2025-05-27 07:00:00+00:00,34,1,229776,458.75,459.25,458.25,458.5,1532,ZC.v.0
2025-05-27 08:00:00+00:00,34,1,229776,458.5,459.0,458.25,458.5,795,ZC.v.0
2025-05-27 09:00:00+00:00,34,1,229776,458.5,460.0,458.0,458.5,1821,ZC.v.0
2025-05-27 10:00:00+00:00,34,1,229776,458.25,458.25,456.5,456.75,1828,ZC.v.0
2025-05-27 11:00:00+00:00,34,1,229776,456.75,458.25,456.0,458.0,1685,ZC.v.0
2025-05-27 12:00:00+00:00,34,1,229776,458.0,460.0,457.5,458.75,2539,ZC.v.0
2025-05-27 13:00:00+00:00,34,1,229776,458.5,462.25,457.75,461.75,21264,ZC.v.0
2025-05-27 14:00:00+00:00,34,1,229776,461.75,463.0,457.75,459.0,16617,ZC.v.0
2025-05-27 15:00:00+00:00,34,1,229776,459.0,460.0,458.0,459.5,7754,ZC.v.0
2025-05-27 16:00:00+00:00,34,1,229776,459.5,459.75,457.5,458.75,7446,ZC.v.0
2025-05-27 17:00:00+00:00,34,1,229776,458.5,459.25,457.25,458.25,6417,ZC.v.0
2025-05-27 18:00:00+00:00,34,1,229776,458.0,459.75,458.0,458.25,15808,ZC.v.0
2025-05-28 00:00:00+00:00,34,1,229776,459.5,461.25,459.25,460.5,4070,ZC.v.0
2025-05-28 01:00:00+00:00,34,1,229776,460.5,460.5,460.0,460.25,113,ZC.v.0
2025-05-28 02:00:00+00:00,34,1,229776,460.25,461.25,460.0,461.25,587,ZC.v.0
2025-05-28 03:00:00+00:00,34,1,229776,461.25,461.25,460.75,461.25,177,ZC.v.0
2025-05-28 04:00:00+00:00,34,1,229776,461.25,461.75,461.0,461.0,553,ZC.v.0
2025-05-28 05:00:00+00:00,34,1,229776,461.0,461.5,460.75,460.75,294,ZC.v.0
2025-05-28 06:00:00+00:00,34,1,229776,460.75,461.25,460.75,461.25,473,ZC.v.0
2025-05-28 07:00:00+00:00,34,1,229776,461.25,462.0,461.25,461.5,1404,ZC.v.0
2025-05-28 08:00:00+00:00,34,1,229776,461.75,462.5,461.25,462.5,998,ZC.v.0
2025-05-28 09:00:00+00:00,34,1,229776,462.25,463.0,462.25,462.75,2373,ZC.v.0
2025-05-28 10:00:00+00:00,34,1,229776,462.75,462.75,461.25,461.5,784,ZC.v.0
2025-05-28 11:00:00+00:00,34,1,229776,461.5,461.75,460.75,461.0,869,ZC.v.0
2025-05-28 12:00:00+00:00,34,1,229776,460.75,461.5,459.25,459.5,2160,ZC.v.0
2025-05-28 13:00:00+00:00,34,1,229776,459.5,459.75,455.25,457.75,20285,ZC.v.0
2025-05-28 14:00:00+00:00,34,1,229776,457.75,459.0,453.75,454.25,20412,ZC.v.0
2025-05-28 15:00:00+00:00,34,1,229776,454.25,455.0,452.75,453.75,12191,ZC.v.0
2025-05-28 16:00:00+00:00,34,1,229776,454.0,454.0,450.0,450.75,19568,ZC.v.0
2025-05-28 17:00:00+00:00,34,1,229776,450.75,452.0,450.0,450.75,8985,ZC.v.0
2025-05-28 18:00:00+00:00,34,1,229776,450.75,451.75,450.0,450.75,13421,ZC.v.0
2025-05-29 00:00:00+00:00,34,1,229776,452.25,453.0,450.75,451.25,2066,ZC.v.0
2025-05-29 01:00:00+00:00,34,1,229776,451.0,451.25,450.5,451.0,253,ZC.v.0
2025-05-29 02:00:00+00:00,34,1,229776,451.0,451.0,450.5,450.75,227,ZC.v.0
2025-05-29 03:00:00+00:00,34,1,229776,450.5,451.25,450.25,450.5,387,ZC.v.0
2025-05-29 04:00:00+00:00,34,1,229776,450.75,450.75,450.5,450.75,86,ZC.v.0
2025-05-29 05:00:00+00:00,34,1,229776,450.75,450.75,450.5,450.5,175,ZC.v.0
2025-05-29 06:00:00+00:00,34,1,229776,450.5,451.0,450.5,451.0,500,ZC.v.0
2025-05-29 07:00:00+00:00,34,1,229776,450.75,451.0,450.0,451.0,1441,ZC.v.0
2025-05-29 08:00:00+00:00,34,1,229776,451.0,451.0,449.25,449.25,1706,ZC.v.0
2025-05-29 09:00:00+00:00,34,1,229776,449.5,449.5,447.5,447.5,2962,ZC.v.0
2025-05-29 10:00:00+00:00,34,1,229776,447.5,447.75,447.25,447.25,1565,ZC.v.0
2025-05-29 11:00:00+00:00,34,1,229776,447.0,447.5,446.0,446.75,3188,ZC.v.0
2025-05-29 12:00:00+00:00,34,1,229776,446.5,447.5,446.0,446.75,2358,ZC.v.0
2025-05-29 13:00:00+00:00,34,1,229776,446.75,448.0,444.0,444.25,23794,ZC.v.0
2025-05-29 14:00:00+00:00,34,1,229776,444.0,448.75,443.5,446.5,19722,ZC.v.0
2025-05-29 15:00:00+00:00,34,1,229776,446.5,447.0,444.75,445.25,10034,ZC.v.0
2025-05-29 16:00:00+00:00,34,1,229776,445.5,446.0,444.5,445.75,8256,ZC.v.0
2025-05-29 17:00:00+00:00,34,1,229776,445.75,446.5,445.0,446.25,7204,ZC.v.0
2025-05-29 18:00:00+00:00,34,1,229776,446.0,447.5,446.0,447.0,9900,ZC.v.0
2025-05-30 00:00:00+00:00,34,1,229776,447.0,447.75,446.25,447.5,1854,ZC.v.0
2025-05-30 01:00:00+00:00,34,1,229776,447.5,448.0,447.5,447.75,520,ZC.v.0
2025-05-30 02:00:00+00:00,34,1,229776,447.75,448.0,447.5,447.5,815,ZC.v.0
2025-05-30 03:00:00+00:00,34,1,229776,447.5,447.75,447.25,447.5,74,ZC.v.0
2025-05-30 04:00:00+00:00,34,1,229776,447.5,447.75,447.5,447.75,113,ZC.v.0
2025-05-30 05:00:00+00:00,34,1,229776,447.75,448.0,447.5,447.75,216,ZC.v.0
2025-05-30 06:00:00+00:00,34,1,229776,448.0,448.5,448.0,448.5,575,ZC.v.0
2025-05-30 07:00:00+00:00,34,1,229776,448.5,449.0,448.25,448.5,595,ZC.v.0
2025-05-30 08:00:00+00:00,34,1,229776,448.5,449.25,448.5,448.75,1574,ZC.v.0
2025-05-30 09:00:00+00:00,34,1,229776,449.0,449.5,448.5,448.75,997,ZC.v.0
2025-05-30 10:00:00+00:00,34,1,229776,448.75,449.25,448.0,448.25,1052,ZC.v.0
2025-05-30 11:00:00+00:00,34,1,229776,448.25,448.75,446.75,447.25,1805,ZC.v.0
2025-05-30 12:00:00+00:00,34,1,229776,447.25,447.75,446.0,447.75,2102,ZC.v.0
2025-05-30 13:00:00+00:00,34,1,229776,447.25,447.75,445.25,447.0,14407,ZC.v.0
2025-05-30 14:00:00+00:00,34,1,229776,446.75,449.5,446.25,446.75,12211,ZC.v.0
2025-05-30 15:00:00+00:00,34,1,229776,446.75,447.75,444.75,445.75,8688,ZC.v.0
2025-05-30 16:00:00+00:00,34,1,229776,445.75,446.0,443.75,444.0,8993,ZC.v.0
2025-05-30 17:00:00+00:00,34,1,229776,444.25,445.0,443.75,444.25,6690,ZC.v.0
2025-05-30 18:00:00+00:00,34,1,229776,444.0,444.5,443.0,443.5,14582,ZC.v.0
2025-06-02 00:00:00+00:00,34,1,229776,444.0,444.75,443.0,444.25,3494,ZC.v.0
2025-06-02 01:00:00+00:00,34,1,229776,444.25,444.75,444.25,444.5,856,ZC.v.0
2025-06-02 02:00:00+00:00,34,1,229776,444.25,444.5,444.0,444.25,214,ZC.v.0
2025-06-02 03:00:00+00:00,34,1,229776,444.25,444.25,443.25,443.25,479,ZC.v.0
2025-06-02 04:00:00+00:00,34,1,229776,443.25,444.0,443.25,444.0,426,ZC.v.0
2025-06-02 05:00:00+00:00,34,1,229776,443.75,444.0,443.5,443.5,523,ZC.v.0
2025-06-02 06:00:00+00:00,34,1,229776,443.5,444.75,443.25,444.5,1277,ZC.v.0
2025-06-02 07:00:00+00:00,34,1,229776,444.5,444.75,444.25,444.5,990,ZC.v.0
2025-06-02 08:00:00+00:00,34,1,229776,444.5,445.0,443.75,443.75,922,ZC.v.0
2025-06-02 09:00:00+00:00,34,1,229776,443.75,444.0,443.5,443.75,718,ZC.v.0
2025-06-02 10:00:00+00:00,34,1,229776,443.75,446.25,443.5,446.25,2483,ZC.v.0
2025-06-02 11:00:00+00:00,34,1,229776,446.0,447.0,445.5,445.5,1758,ZC.v.0
2025-06-02 12:00:00+00:00,34,1,229776,445.75,447.25,445.5,447.25,3139,ZC.v.0
2025-06-02 13:00:00+00:00,34,1,229776,447.0,451.0,446.5,448.25,23896,ZC.v.0
2025-06-02 14:00:00+00:00,34,1,229776,448.5,449.75,446.5,449.25,19064,ZC.v.0
2025-06-02 15:00:00+00:00,34,1,229776,449.25,449.25,443.75,444.5,16217,ZC.v.0
2025-06-02 16:00:00+00:00,34,1,229776,444.5,444.75,440.75,441.0,17160,ZC.v.0
2025-06-02 17:00:00+00:00,34,1,229776,441.0,441.5,440.25,440.5,10595,ZC.v.0
2025-06-02 18:00:00+00:00,34,1,229776,440.5,440.5,437.75,438.25,22247,ZC.v.0
2025-06-03 00:00:00+00:00,34,1,229776,438.25,439.0,435.5,436.0,8343,ZC.v.0
2025-06-03 01:00:00+00:00,34,1,229776,436.0,436.0,435.25,435.5,1504,ZC.v.0
2025-06-03 02:00:00+00:00,34,1,229776,435.5,435.75,434.75,435.25,2095,ZC.v.0
2025-06-03 03:00:00+00:00,34,1,229776,435.25,436.0,435.25,435.5,1430,ZC.v.0
2025-06-03 04:00:00+00:00,34,1,229776,435.5,435.5,435.25,435.5,288,ZC.v.0
2025-06-03 05:00:00+00:00,34,1,229776,435.25,435.5,434.75,434.75,1411,ZC.v.0
2025-06-03 06:00:00+00:00,34,1,229776,434.75,435.25,434.25,435.0,2554,ZC.v.0
2025-06-03 07:00:00+00:00,34,1,229776,434.75,435.0,434.25,434.5,3172,ZC.v.0
2025-06-03 08:00:00+00:00,34,1,229776,434.75,435.5,434.5,435.25,1901,ZC.v.0
2025-06-03 09:00:00+00:00,34,1,229776,435.25,437.0,434.75,437.0,1834,ZC.v.0
2025-06-03 10:00:00+00:00,34,1,229776,437.0,438.5,436.5,437.75,3109,ZC.v.0
2025-06-03 11:00:00+00:00,34,1,229776,438.0,439.75,438.0,439.25,3850,ZC.v.0
2025-06-03 12:00:00+00:00,34,1,229776,439.5,442.0,439.5,442.0,5284,ZC.v.0
2025-06-03 13:00:00+00:00,34,1,229776,441.75,442.0,437.0,437.25,21503,ZC.v.0
2025-06-03 14:00:00+00:00,34,1,229776,437.25,442.5,436.5,440.75,27723,ZC.v.0
2025-06-03 15:00:00+00:00,34,1,229776,440.75,441.5,438.75,439.0,12945,ZC.v.0
2025-06-03 16:00:00+00:00,34,1,229776,439.25,440.0,437.75,438.5,7731,ZC.v.0
2025-06-03 17:00:00+00:00,34,1,229776,438.5,439.5,437.25,439.0,9189,ZC.v.0
2025-06-03 18:00:00+00:00,34,1,229776,439.0,439.0,437.75,438.25,10042,ZC.v.0
2025-06-04 00:00:00+00:00,34,1,229776,438.5,438.75,438.0,438.5,1500,ZC.v.0
2025-06-04 01:00:00+00:00,34,1,229776,438.5,438.5,438.25,438.5,197,ZC.v.0
2025-06-04 02:00:00+00:00,34,1,229776,438.25,438.75,438.25,438.75,251,ZC.v.0
2025-06-04 03:00:00+00:00,34,1,229776,438.75,439.0,438.75,438.75,140,ZC.v.0
2025-06-04 04:00:00+00:00,34,1,229776,439.0,439.75,439.0,439.25,550,ZC.v.0
2025-06-04 05:00:00+00:00,34,1,229776,439.0,439.25,439.0,439.25,158,ZC.v.0
2025-06-04 06:00:00+00:00,34,1,229776,439.25,439.5,438.5,439.0,972,ZC.v.0
2025-06-04 07:00:00+00:00,34,1,229776,439.0,440.25,438.75,440.25,1750,ZC.v.0
2025-06-04 08:00:00+00:00,34,1,229776,440.25,441.0,440.0,441.0,879,ZC.v.0
2025-06-04 09:00:00+00:00,34,1,229776,440.75,441.5,440.5,441.5,1264,ZC.v.0
2025-06-04 10:00:00+00:00,34,1,229776,441.5,441.75,440.75,441.5,897,ZC.v.0
2025-06-04 11:00:00+00:00,34,1,229776,441.5,445.0,441.25,444.5,6526,ZC.v.0
2025-06-04 12:00:00+00:00,34,1,229776,444.5,444.75,443.5,444.0,3664,ZC.v.0
2025-06-04 13:00:00+00:00,34,1,229776,444.0,446.0,443.0,443.25,21651,ZC.v.0
2025-06-04 14:00:00+00:00,34,1,229776,443.5,444.25,440.0,440.75,16322,ZC.v.0
2025-06-04 15:00:00+00:00,34,1,229776,440.75,443.0,439.0,443.0,14464,ZC.v.0
2025-06-04 16:00:00+00:00,34,1,229776,443.0,444.25,442.25,442.75,11525,ZC.v.0
2025-06-04 17:00:00+00:00,34,1,229776,443.0,443.0,438.25,438.5,14237,ZC.v.0
2025-06-04 18:00:00+00:00,34,1,229776,438.5,439.25,437.5,438.0,14937,ZC.v.0
2025-06-05 00:00:00+00:00,34,1,229776,438.5,440.0,438.25,439.75,1802,ZC.v.0
2025-06-05 01:00:00+00:00,34,1,229776,440.0,440.5,439.75,440.5,576,ZC.v.0
2025-06-05 02:00:00+00:00,34,1,229776,440.5,440.5,440.0,440.25,227,ZC.v.0
2025-06-05 03:00:00+00:00,34,1,229776,440.25,440.5,440.0,440.25,440,ZC.v.0
2025-06-05 04:00:00+00:00,34,1,229776,440.25,440.25,439.75,440.0,539,ZC.v.0
2025-06-05 05:00:00+00:00,34,1,229776,440.0,440.25,439.75,440.0,208,ZC.v.0
2025-06-05 06:00:00+00:00,34,1,229776,440.0,440.25,439.5,439.75,991,ZC.v.0
2025-06-05 07:00:00+00:00,34,1,229776,439.75,442.25,439.75,441.5,2060,ZC.v.0
2025-06-05 08:00:00+00:00,34,1,229776,441.5,441.5,440.75,441.5,711,ZC.v.0
2025-06-05 09:00:00+00:00,34,1,229776,441.5,441.5,440.5,441.25,1678,ZC.v.0
2025-06-05 10:00:00+00:00,34,1,229776,441.25,442.25,440.75,442.0,1126,ZC.v.0
2025-06-05 11:00:00+00:00,34,1,229776,442.0,442.5,441.5,442.0,1056,ZC.v.0
2025-06-05 12:00:00+00:00,34,1,229776,442.0,442.25,440.25,441.75,2327,ZC.v.0
2025-06-05 13:00:00+00:00,34,1,229776,441.5,442.75,435.0,435.5,22805,ZC.v.0
2025-06-05 14:00:00+00:00,34,1,229776,435.5,439.5,433.25,439.25,33894,ZC.v.0
2025-06-05 15:00:00+00:00,34,1,229776,439.25,439.75,437.25,438.75,11924,ZC.v.0
2025-06-05 16:00:00+00:00,34,1,229776,438.5,441.25,437.75,438.25,10321,ZC.v.0
2025-06-05 17:00:00+00:00,34,1,229776,438.25,440.0,438.25,439.5,6832,ZC.v.0
2025-06-05 18:00:00+00:00,34,1,229776,439.25,440.0,438.0,438.25,9992,ZC.v.0
2025-06-06 00:00:00+00:00,34,1,229776,438.25,441.5,438.25,441.25,3091,ZC.v.0
2025-06-06 01:00:00+00:00,34,1,229776,441.5,441.75,441.0,441.25,435,ZC.v.0
2025-06-06 02:00:00+00:00,34,1,229776,441.25,441.75,441.0,441.5,461,ZC.v.0
2025-06-06 03:00:00+00:00,34,1,229776,441.5,441.5,441.25,441.5,347,ZC.v.0
2025-06-06 04:00:00+00:00,34,1,229776,441.5,441.5,441.25,441.25,74,ZC.v.0
2025-06-06 05:00:00+00:00,34,1,229776,441.5,441.5,440.75,440.75,157,ZC.v.0
2025-06-06 06:00:00+00:00,34,1,229776,440.75,441.25,440.25,440.5,851,ZC.v.0
2025-06-06 07:00:00+00:00,34,1,229776,440.5,440.75,438.0,438.0,1664,ZC.v.0
2025-06-06 08:00:00+00:00,34,1,229776,438.0,438.25,436.25,436.5,2210,ZC.v.0
2025-06-06 09:00:00+00:00,34,1,229776,436.5,437.0,436.25,436.75,1363,ZC.v.0
2025-06-06 10:00:00+00:00,34,1,229776,436.75,437.0,436.0,436.25,2187,ZC.v.0
2025-06-06 11:00:00+00:00,34,1,229776,436.25,437.75,435.75,437.5,2794,ZC.v.0
2025-06-06 12:00:00+00:00,34,1,229776,437.25,437.75,436.25,437.0,1686,ZC.v.0
2025-06-06 13:00:00+00:00,34,1,229776,437.0,438.75,435.0,435.25,13342,ZC.v.0
2025-06-06 14:00:00+00:00,34,1,229776,435.25,441.5,435.25,440.25,21455,ZC.v.0
2025-06-06 15:00:00+00:00,34,1,229776,440.0,444.5,439.75,443.75,18831,ZC.v.0
2025-06-06 16:00:00+00:00,34,1,229776,443.75,445.0,443.5,444.0,10617,ZC.v.0
2025-06-06 17:00:00+00:00,34,1,229776,444.0,445.0,442.75,443.5,12796,ZC.v.0
2025-06-06 18:00:00+00:00,34,1,229776,443.25,443.5,441.25,442.0,13153,ZC.v.0
2025-06-09 00:00:00+00:00,34,1,229776,442.25,442.75,441.25,442.25,2552,ZC.v.0
2025-06-09 01:00:00+00:00,34,1,229776,442.25,444.25,442.25,443.75,1384,ZC.v.0
2025-06-09 02:00:00+00:00,34,1,229776,443.5,445.0,443.5,444.75,426,ZC.v.0
2025-06-09 03:00:00+00:00,34,1,229776,444.75,445.5,444.75,445.25,646,ZC.v.0
2025-06-09 04:00:00+00:00,34,1,229776,445.25,445.25,445.0,445.25,134,ZC.v.0
2025-06-09 05:00:00+00:00,34,1,229776,445.0,445.75,445.0,445.5,256,ZC.v.0
2025-06-09 06:00:00+00:00,34,1,229776,445.75,445.75,445.25,445.5,961,ZC.v.0
2025-06-09 07:00:00+00:00,34,1,229776,445.75,445.75,443.5,444.0,1334,ZC.v.0
2025-06-09 08:00:00+00:00,34,1,229776,443.75,444.0,442.0,442.0,1194,ZC.v.0
2025-06-09 09:00:00+00:00,34,1,229776,441.75,441.75,440.75,441.0,1609,ZC.v.0
2025-06-09 10:00:00+00:00,34,1,229776,441.0,442.75,440.75,441.0,1075,ZC.v.0
2025-06-09 11:00:00+00:00,34,1,229776,441.0,442.0,440.0,440.5,1402,ZC.v.0
2025-06-09 12:00:00+00:00,34,1,229776,440.5,441.25,438.75,439.75,2451,ZC.v.0
2025-06-09 13:00:00+00:00,34,1,229776,440.0,440.25,436.25,436.5,13254,ZC.v.0
2025-06-09 14:00:00+00:00,34,1,229776,436.5,438.75,436.0,437.5,14082,ZC.v.0
2025-06-09 15:00:00+00:00,34,1,229776,437.25,438.0,435.0,436.5,11818,ZC.v.0
2025-06-09 16:00:00+00:00,34,1,229776,436.5,437.75,435.75,436.5,8286,ZC.v.0
2025-06-09 17:00:00+00:00,34,1,229776,436.25,436.75,434.0,434.0,14054,ZC.v.0
2025-06-09 18:00:00+00:00,34,1,229776,434.0,434.25,432.75,433.0,12216,ZC.v.0
2025-06-10 00:00:00+00:00,34,1,229776,433.5,434.0,431.5,432.0,5706,ZC.v.0
2025-06-10 01:00:00+00:00,34,1,229776,432.0,433.5,432.0,433.25,1295,ZC.v.0
2025-06-10 02:00:00+00:00,34,1,229776,433.25,433.5,433.0,433.0,1869,ZC.v.0
2025-06-10 03:00:00+00:00,34,1,229776,432.75,433.0,432.5,432.5,179,ZC.v.0
2025-06-10 04:00:00+00:00,34,1,229776,432.75,433.0,432.5,433.0,324,ZC.v.0
2025-06-10 05:00:00+00:00,34,1,229776,432.75,433.0,432.5,433.0,460,ZC.v.0
2025-06-10 06:00:00+00:00,34,1,229776,433.0,434.25,432.75,433.5,625,ZC.v.0
2025-06-10 07:00:00+00:00,34,1,229776,433.25,433.5,431.0,431.0,2527,ZC.v.0
2025-06-10 08:00:00+00:00,34,1,229776,431.25,431.5,430.75,431.25,2115,ZC.v.0
2025-06-10 09:00:00+00:00,34,1,229776,431.25,432.5,430.25,432.0,2317,ZC.v.0
2025-06-10 10:00:00+00:00,34,1,229776,432.0,432.75,430.25,430.25,3360,ZC.v.0
2025-06-10 11:00:00+00:00,34,1,229776,430.5,430.75,429.25,430.75,3989,ZC.v.0
2025-06-10 12:00:00+00:00,34,1,229776,430.5,433.5,430.5,433.25,4093,ZC.v.0
2025-06-10 13:00:00+00:00,34,1,229776,433.0,436.75,431.75,436.5,17261,ZC.v.0
2025-06-10 14:00:00+00:00,34,1,229776,436.25,437.5,433.75,434.75,20871,ZC.v.0
2025-06-10 15:00:00+00:00,34,1,229776,435.0,435.75,433.75,434.75,8631,ZC.v.0
2025-06-10 16:00:00+00:00,34,1,229776,434.5,439.0,434.25,437.75,12631,ZC.v.0
2025-06-10 17:00:00+00:00,34,1,229776,437.75,438.75,436.75,437.75,10474,ZC.v.0
2025-06-10 18:00:00+00:00,34,1,229776,437.75,439.5,437.25,439.0,11542,ZC.v.0
2025-06-11 00:00:00+00:00,34,1,229776,439.0,440.75,439.0,439.25,11483,ZC.v.0
2025-06-11 01:00:00+00:00,34,1,229776,439.5,440.75,439.5,440.25,1325,ZC.v.0
2025-06-11 02:00:00+00:00,34,1,229776,440.25,440.5,439.75,440.25,258,ZC.v.0
2025-06-11 03:00:00+00:00,34,1,229776,440.25,440.5,440.0,440.0,126,ZC.v.0
2025-06-11 04:00:00+00:00,34,1,229776,440.0,440.5,440.0,440.25,45,ZC.v.0
2025-06-11 05:00:00+00:00,34,1,229776,440.25,441.0,440.25,441.0,676,ZC.v.0
2025-06-11 06:00:00+00:00,34,1,229776,440.75,441.75,440.5,441.75,900,ZC.v.0
2025-06-11 07:00:00+00:00,34,1,229776,441.5,442.75,441.5,442.5,1899,ZC.v.0
2025-06-11 08:00:00+00:00,34,1,229776,442.5,443.0,442.25,443.0,1676,ZC.v.0
2025-06-11 09:00:00+00:00,34,1,229776,443.0,443.0,441.5,442.25,1501,ZC.v.0
2025-06-11 10:00:00+00:00,34,1,229776,442.25,443.0,441.5,442.75,1569,ZC.v.0
2025-06-11 11:00:00+00:00,34,1,229776,442.75,443.75,442.5,443.5,2680,ZC.v.0
2025-06-11 12:00:00+00:00,34,1,229776,443.5,444.75,443.25,444.25,3617,ZC.v.0
2025-06-11 13:00:00+00:00,34,1,229776,444.0,444.5,439.75,440.25,15250,ZC.v.0
2025-06-11 14:00:00+00:00,34,1,229776,440.25,442.25,438.0,441.25,15020,ZC.v.0
2025-06-11 15:00:00+00:00,34,1,229776,441.5,441.75,437.75,440.5,12660,ZC.v.0
2025-06-11 16:00:00+00:00,34,1,229776,440.75,440.75,439.0,439.5,7215,ZC.v.0
2025-06-11 17:00:00+00:00,34,1,229776,439.5,439.5,436.25,437.0,9136,ZC.v.0
2025-06-11 18:00:00+00:00,34,1,229776,436.75,438.25,436.0,436.5,9731,ZC.v.0
2025-06-12 00:00:00+00:00,34,1,229776,436.5,436.75,435.5,436.5,1663,ZC.v.0
2025-06-12 01:00:00+00:00,34,1,229776,436.5,437.25,436.5,436.75,516,ZC.v.0
2025-06-12 02:00:00+00:00,34,1,229776,437.0,437.0,436.5,437.0,339,ZC.v.0
2025-06-12 03:00:00+00:00,34,1,229776,437.0,437.5,436.75,437.5,300,ZC.v.0
2025-06-12 04:00:00+00:00,34,1,229776,437.25,437.25,437.0,437.25,70,ZC.v.0
2025-06-12 05:00:00+00:00,34,1,229776,437.0,437.25,436.75,437.0,261,ZC.v.0
2025-06-12 06:00:00+00:00,34,1,229776,436.75,436.75,436.0,436.0,717,ZC.v.0
2025-06-12 07:00:00+00:00,34,1,229776,436.0,436.0,435.25,435.25,1217,ZC.v.0
2025-06-12 08:00:00+00:00,34,1,229776,435.25,437.0,435.25,437.0,598,ZC.v.0
2025-06-12 09:00:00+00:00,34,1,229776,436.75,438.25,436.5,438.0,970,ZC.v.0
2025-06-12 10:00:00+00:00,34,1,229776,438.0,438.75,437.25,437.75,828,ZC.v.0
2025-06-12 11:00:00+00:00,34,1,229776,437.5,439.5,437.5,439.5,776,ZC.v.0
2025-06-12 12:00:00+00:00,34,1,229776,439.5,440.75,439.0,440.25,3596,ZC.v.0
2025-06-12 13:00:00+00:00,34,1,229776,440.25,441.0,436.75,439.0,13020,ZC.v.0
2025-06-12 14:00:00+00:00,34,1,229776,439.0,440.5,438.5,439.25,9571,ZC.v.0
2025-06-12 15:00:00+00:00,34,1,229776,439.5,441.0,437.75,440.25,10336,ZC.v.0
2025-06-12 16:00:00+00:00,34,1,229776,440.5,441.75,435.25,437.0,16043,ZC.v.0
2025-06-12 17:00:00+00:00,34,1,229776,437.25,440.5,437.25,439.75,11963,ZC.v.0
2025-06-12 18:00:00+00:00,34,1,229776,439.5,439.75,438.5,438.5,8669,ZC.v.0
2025-06-13 00:00:00+00:00,34,1,229776,438.25,440.5,437.25,440.5,2218,ZC.v.0
2025-06-13 01:00:00+00:00,34,1,229776,440.25,442.0,440.25,441.25,1697,ZC.v.0
2025-06-13 02:00:00+00:00,34,1,229776,441.0,442.75,441.0,441.75,1418,ZC.v.0
2025-06-13 03:00:00+00:00,34,1,229776,442.0,442.0,441.0,441.5,354,ZC.v.0
2025-06-13 04:00:00+00:00,34,1,229776,441.5,441.5,441.25,441.25,90,ZC.v.0
2025-06-13 05:00:00+00:00,34,1,229776,441.25,441.5,440.5,440.75,785,ZC.v.0
2025-06-13 06:00:00+00:00,34,1,229776,440.75,441.0,439.0,439.0,585,ZC.v.0
2025-06-13 07:00:00+00:00,34,1,229776,439.0,439.0,437.25,437.75,1374,ZC.v.0
2025-06-13 08:00:00+00:00,34,1,229776,437.5,438.75,437.25,438.25,1153,ZC.v.0
2025-06-13 09:00:00+00:00,34,1,229776,438.0,438.0,436.0,436.75,2603,ZC.v.0
2025-06-13 10:00:00+00:00,34,1,229776,436.75,436.75,435.0,435.0,2154,ZC.v.0
2025-06-13 11:00:00+00:00,34,1,229776,435.0,437.0,435.0,435.25,1907,ZC.v.0
2025-06-13 12:00:00+00:00,34,1,229776,435.25,437.25,435.25,436.25,2198,ZC.v.0
2025-06-13 13:00:00+00:00,34,1,229776,436.75,443.25,436.25,442.5,13945,ZC.v.0
2025-06-13 14:00:00+00:00,34,1,229776,442.75,443.75,440.25,442.25,17528,ZC.v.0
2025-06-13 15:00:00+00:00,34,1,229776,442.0,443.0,440.25,443.0,7749,ZC.v.0
2025-06-13 16:00:00+00:00,34,1,229776,443.0,444.0,441.75,443.75,10250,ZC.v.0
2025-06-13 17:00:00+00:00,34,1,229776,444.0,445.25,442.25,443.25,12171,ZC.v.0
2025-06-13 18:00:00+00:00,34,1,229776,443.0,445.25,443.0,444.75,12683,ZC.v.0
2025-06-16 00:00:00+00:00,34,1,229776,444.0,446.5,442.0,443.0,5071,ZC.v.0
2025-06-16 01:00:00+00:00,34,1,229776,443.0,443.0,442.25,442.5,276,ZC.v.0
2025-06-16 02:00:00+00:00,34,1,229776,442.5,442.75,442.25,442.5,202,ZC.v.0
2025-06-16 03:00:00+00:00,34,1,229776,442.5,443.0,442.5,443.0,331,ZC.v.0
2025-06-16 04:00:00+00:00,34,1,229776,443.0,443.5,442.75,442.75,168,ZC.v.0
2025-06-16 05:00:00+00:00,34,1,229776,442.75,443.25,442.75,443.0,107,ZC.v.0
2025-06-16 06:00:00+00:00,34,1,229776,443.0,443.0,442.0,442.5,496,ZC.v.0
2025-06-16 07:00:00+00:00,34,1,229776,442.5,442.5,441.5,441.75,1300,ZC.v.0
2025-06-16 08:00:00+00:00,34,1,229776,441.75,441.75,440.0,440.25,1332,ZC.v.0
2025-06-16 09:00:00+00:00,34,1,229776,440.0,441.0,439.75,440.25,1126,ZC.v.0
2025-06-16 10:00:00+00:00,34,1,229776,440.25,440.5,439.0,439.5,1176,ZC.v.0
2025-06-16 11:00:00+00:00,34,1,229776,439.5,441.0,439.0,440.25,1742,ZC.v.0
2025-06-16 12:00:00+00:00,34,1,229776,440.5,440.5,438.25,438.5,2833,ZC.v.0
2025-06-16 13:00:00+00:00,34,1,229776,438.0,439.75,434.75,435.25,17611,ZC.v.0
2025-06-16 14:00:00+00:00,34,1,229776,435.0,435.5,431.25,434.0,23032,ZC.v.0
2025-06-16 15:00:00+00:00,34,1,229776,434.0,436.0,433.25,435.0,9108,ZC.v.0
2025-06-16 16:00:00+00:00,34,1,229776,434.75,435.0,432.5,434.25,7451,ZC.v.0
2025-06-16 17:00:00+00:00,34,1,229776,434.0,435.75,433.5,435.25,8333,ZC.v.0
2025-06-16 18:00:00+00:00,34,1,229776,435.25,435.5,433.75,434.25,9811,ZC.v.0
2025-06-17 00:00:00+00:00,34,1,229776,434.75,436.0,433.25,433.25,1941,ZC.v.0
2025-06-17 01:00:00+00:00,34,1,229776,433.25,434.75,432.75,434.5,867,ZC.v.0
2025-06-17 02:00:00+00:00,34,1,229776,434.5,435.0,434.25,435.0,337,ZC.v.0
2025-06-17 03:00:00+00:00,34,1,229776,434.75,434.75,434.0,434.5,346,ZC.v.0
2025-06-17 04:00:00+00:00,34,1,229776,434.25,434.5,434.25,434.25,126,ZC.v.0
2025-06-17 05:00:00+00:00,34,1,229776,434.25,434.25,434.0,434.0,475,ZC.v.0
2025-06-17 06:00:00+00:00,34,1,229776,434.25,434.5,433.25,434.0,854,ZC.v.0
2025-06-17 07:00:00+00:00,34,1,229776,434.25,435.25,434.25,435.0,1059,ZC.v.0
2025-06-17 08:00:00+00:00,34,1,229776,435.0,435.5,434.0,434.75,946,ZC.v.0
2025-06-17 09:00:00+00:00,34,1,229776,434.5,435.0,434.25,434.5,1059,ZC.v.0
2025-06-17 10:00:00+00:00,34,1,229776,434.5,435.25,434.25,434.75,1222,ZC.v.0
2025-06-17 11:00:00+00:00,34,1,229776,434.5,435.25,434.0,435.0,1922,ZC.v.0
2025-06-17 12:00:00+00:00,34,1,229776,435.25,435.25,433.5,434.25,2645,ZC.v.0
2025-06-17 13:00:00+00:00,34,1,229776,434.0,437.5,433.0,433.5,13807,ZC.v.0
2025-06-17 14:00:00+00:00,34,1,229776,433.25,433.5,429.5,432.75,24684,ZC.v.0
2025-06-17 15:00:00+00:00,34,1,229776,432.75,434.0,431.75,433.75,8014,ZC.v.0
2025-06-17 16:00:00+00:00,34,1,229776,434.0,434.0,431.0,432.5,10878,ZC.v.0
2025-06-17 17:00:00+00:00,34,1,229776,432.5,433.75,432.25,432.25,8991,ZC.v.0
2025-06-17 18:00:00+00:00,34,1,229776,432.5,432.5,430.75,430.75,8799,ZC.v.0
2025-06-18 00:00:00+00:00,34,1,229776,431.5,432.25,431.0,432.0,2271,ZC.v.0
2025-06-18 01:00:00+00:00,34,1,229776,431.75,432.75,431.75,432.5,462,ZC.v.0
2025-06-18 02:00:00+00:00,34,1,229776,432.25,432.5,432.25,432.5,457,ZC.v.0
2025-06-18 03:00:00+00:00,34,1,229776,432.5,432.75,432.5,432.5,79,ZC.v.0
2025-06-18 04:00:00+00:00,34,1,229776,432.25,432.5,432.25,432.25,71,ZC.v.0
2025-06-18 05:00:00+00:00,34,1,229776,432.25,432.5,432.0,432.25,92,ZC.v.0
2025-06-18 06:00:00+00:00,34,1,229776,432.25,432.5,431.5,432.5,322,ZC.v.0
2025-06-18 07:00:00+00:00,34,1,229776,432.75,433.0,432.0,432.75,493,ZC.v.0
2025-06-18 08:00:00+00:00,34,1,229776,433.0,433.75,432.75,433.0,447,ZC.v.0
2025-06-18 09:00:00+00:00,34,1,229776,432.75,433.0,432.25,432.25,560,ZC.v.0
2025-06-18 10:00:00+00:00,34,1,229776,432.25,432.5,431.75,432.25,749,ZC.v.0
2025-06-18 11:00:00+00:00,34,1,229776,432.25,433.0,431.25,432.75,1570,ZC.v.0
2025-06-18 12:00:00+00:00,34,1,229776,432.5,433.0,430.75,431.0,1063,ZC.v.0
2025-06-18 13:00:00+00:00,34,1,229776,431.0,433.75,430.0,430.75,12946,ZC.v.0
2025-06-18 14:00:00+00:00,34,1,229776,430.5,434.5,430.5,433.75,17225,ZC.v.0
2025-06-18 15:00:00+00:00,34,1,229776,433.75,434.25,431.75,433.5,10929,ZC.v.0
2025-06-18 16:00:00+00:00,34,1,229776,433.5,434.0,430.75,431.25,15323,ZC.v.0
2025-06-18 17:00:00+00:00,34,1,229776,431.25,433.0,431.0,432.5,7233,ZC.v.0
2025-06-18 18:00:00+00:00,34,1,229776,432.5,433.75,432.5,432.75,9090,ZC.v.0
2025-06-20 00:00:00+00:00,34,1,229776,433.0,434.25,431.75,432.25,10783,ZC.v.0
2025-06-20 01:00:00+00:00,34,1,229776,432.5,434.0,432.5,433.25,3430,ZC.v.0
2025-06-20 02:00:00+00:00,34,1,229776,433.25,433.5,432.5,433.0,222,ZC.v.0
2025-06-20 03:00:00+00:00,34,1,229776,432.75,433.0,431.25,432.25,346,ZC.v.0
2025-06-20 04:00:00+00:00,34,1,229776,432.25,432.5,432.0,432.0,100,ZC.v.0
2025-06-20 05:00:00+00:00,34,1,229776,432.0,432.0,431.25,431.5,244,ZC.v.0
2025-06-20 06:00:00+00:00,34,1,229776,431.5,432.0,431.25,431.75,727,ZC.v.0
2025-06-20 07:00:00+00:00,34,1,229776,431.75,433.25,431.25,432.75,922,ZC.v.0
2025-06-20 08:00:00+00:00,34,1,229776,433.0,434.5,433.0,434.0,1256,ZC.v.0
2025-06-20 09:00:00+00:00,34,1,229776,434.0,434.75,433.25,433.75,938,ZC.v.0
2025-06-20 10:00:00+00:00,34,1,229776,433.5,434.25,433.25,434.0,660,ZC.v.0
2025-06-20 11:00:00+00:00,34,1,229776,434.0,434.75,433.75,434.5,737,ZC.v.0
2025-06-20 12:00:00+00:00,34,1,229776,434.25,435.0,433.75,434.5,1317,ZC.v.0
2025-06-20 13:00:00+00:00,34,1,229776,434.25,434.75,430.0,432.5,15732,ZC.v.0
2025-06-20 14:00:00+00:00,34,1,229776,432.25,433.0,429.5,433.0,12630,ZC.v.0
2025-06-20 15:00:00+00:00,34,1,229776,432.75,433.25,429.5,430.0,11099,ZC.v.0
2025-06-20 16:00:00+00:00,34,1,229776,429.75,430.0,428.75,429.25,8766,ZC.v.0
2025-06-20 17:00:00+00:00,34,1,229776,429.5,429.5,428.25,428.5,7654,ZC.v.0
2025-06-20 18:00:00+00:00,34,1,229776,428.5,429.25,428.5,429.0,12033,ZC.v.0
2025-06-23 00:00:00+00:00,34,1,229776,430.0,430.75,427.5,427.75,4201,ZC.v.0
2025-06-23 01:00:00+00:00,34,1,229776,427.75,428.0,427.25,427.5,383,ZC.v.0
2025-06-23 02:00:00+00:00,34,1,229776,427.25,427.25,426.5,427.25,634,ZC.v.0
2025-06-23 03:00:00+00:00,34,1,229776,427.0,427.25,426.5,427.0,73,ZC.v.0
2025-06-23 04:00:00+00:00,34,1,229776,427.0,427.25,426.75,427.0,116,ZC.v.0
2025-06-23 05:00:00+00:00,34,1,229776,427.0,427.25,426.5,427.25,213,ZC.v.0
2025-06-23 06:00:00+00:00,34,1,229776,427.25,427.25,424.5,424.5,1670,ZC.v.0
2025-06-23 07:00:00+00:00,34,1,229776,424.5,424.5,423.0,423.5,1001,ZC.v.0
2025-06-23 08:00:00+00:00,34,1,229776,423.75,424.5,422.75,423.75,1393,ZC.v.0
2025-06-23 09:00:00+00:00,34,1,229776,423.5,424.0,422.75,423.5,834,ZC.v.0
2025-06-23 10:00:00+00:00,34,1,229776,423.5,425.5,423.0,424.75,813,ZC.v.0
2025-06-23 11:00:00+00:00,34,1,229776,424.5,424.75,423.5,424.25,498,ZC.v.0
2025-06-23 12:00:00+00:00,34,1,229776,424.0,424.0,422.5,422.5,1159,ZC.v.0
2025-06-23 13:00:00+00:00,34,1,229776,422.75,424.75,420.75,422.0,9172,ZC.v.0
2025-06-23 14:00:00+00:00,34,1,229776,422.0,422.25,420.0,420.5,8983,ZC.v.0
2025-06-23 15:00:00+00:00,34,1,229776,420.5,420.5,417.25,417.25,10224,ZC.v.0
2025-06-23 16:00:00+00:00,34,1,229776,417.25,419.5,417.25,419.0,7685,ZC.v.0
2025-06-23 17:00:00+00:00,34,1,229776,419.0,420.75,418.5,420.0,8585,ZC.v.0
2025-06-23 18:00:00+00:00,34,1,229776,420.0,420.0,418.25,418.5,8793,ZC.v.0
2025-06-24 00:00:00+00:00,34,1,229776,419.0,419.0,417.0,417.75,2281,ZC.v.0
2025-06-24 01:00:00+00:00,34,1,229776,418.0,419.0,418.0,418.75,230,ZC.v.0
2025-06-24 02:00:00+00:00,34,1,229776,419.0,419.25,418.75,419.25,168,ZC.v.0
2025-06-24 03:00:00+00:00,34,1,229776,419.25,419.5,418.5,418.75,90,ZC.v.0
2025-06-24 04:00:00+00:00,34,1,229776,418.75,419.0,418.5,418.5,80,ZC.v.0
2025-06-24 05:00:00+00:00,34,1,229776,418.75,418.75,417.75,418.0,251,ZC.v.0
2025-06-24 06:00:00+00:00,34,1,229776,418.25,418.5,417.75,418.25,494,ZC.v.0
2025-06-24 07:00:00+00:00,34,1,229776,418.5,419.25,417.5,418.25,315,ZC.v.0
2025-06-24 08:00:00+00:00,34,1,229776,418.25,418.25,416.5,416.5,829,ZC.v.0
2025-06-24 09:00:00+00:00,34,1,229776,416.5,418.25,416.25,417.75,644,ZC.v.0
2025-06-24 10:00:00+00:00,34,1,229776,418.25,419.0,418.0,419.0,551,ZC.v.0
2025-06-24 11:00:00+00:00,34,1,229776,418.75,418.75,417.25,417.25,880,ZC.v.0
2025-06-24 12:00:00+00:00,34,1,229776,417.0,417.5,416.5,417.25,582,ZC.v.0
2025-06-24 13:00:00+00:00,34,1,229776,417.25,420.75,417.0,420.5,7520,ZC.v.0
2025-06-24 14:00:00+00:00,34,1,229776,420.5,422.5,419.75,421.0,7171,ZC.v.0
2025-06-24 15:00:00+00:00,34,1,229776,421.0,421.75,418.75,419.0,5277,ZC.v.0
2025-06-24 16:00:00+00:00,34,1,229776,419.0,419.5,417.5,418.0,5431,ZC.v.0
2025-06-24 17:00:00+00:00,34,1,229776,418.0,418.75,417.25,417.5,2417,ZC.v.0
2025-06-24 18:00:00+00:00,34,1,229776,417.25,417.5,415.0,415.0,3884,ZC.v.0
2025-06-25 00:00:00+00:00,34,1,229776,415.5,417.5,415.25,416.0,1510,ZC.v.0
2025-06-25 01:00:00+00:00,34,1,229776,416.5,416.5,415.5,416.0,199,ZC.v.0
2025-06-25 02:00:00+00:00,34,1,229776,416.0,416.25,415.25,415.5,184,ZC.v.0
2025-06-25 03:00:00+00:00,34,1,229776,415.25,416.0,415.25,415.75,207,ZC.v.0
2025-06-25 04:00:00+00:00,34,1,229776,416.0,416.5,415.75,416.0,33,ZC.v.0
2025-06-25 05:00:00+00:00,34,1,229776,416.25,416.25,416.25,416.25,6,ZC.v.0
2025-06-25 06:00:00+00:00,34,1,229776,415.75,415.75,415.0,415.0,392,ZC.v.0
2025-06-25 07:00:00+00:00,34,1,229776,415.0,415.25,413.75,414.0,350,ZC.v.0
2025-06-25 08:00:00+00:00,34,1,229776,414.0,414.25,413.25,413.75,149,ZC.v.0
2025-06-25 09:00:00+00:00,34,1,229776,413.75,414.0,413.25,413.75,358,ZC.v.0
2025-06-25 10:00:00+00:00,34,1,229776,413.75,413.75,413.0,413.25,117,ZC.v.0
2025-06-25 11:00:00+00:00,34,1,229776,413.0,413.25,412.0,412.25,540,ZC.v.0
2025-06-25 12:00:00+00:00,34,1,229776,412.0,413.0,411.5,412.25,1925,ZC.v.0
2025-06-25 13:00:00+00:00,34,1,229776,412.25,412.75,408.5,410.5,5135,ZC.v.0
2025-06-25 14:00:00+00:00,34,1,229776,410.5,411.0,408.0,408.25,5180,ZC.v.0
2025-06-25 15:00:00+00:00,34,1,229776,408.5,411.0,408.5,410.25,3311,ZC.v.0
2025-06-25 16:00:00+00:00,34,1,229776,410.25,412.75,410.25,411.25,3336,ZC.v.0
2025-06-25 17:00:00+00:00,34,1,229776,411.0,411.5,410.25,410.75,2099,ZC.v.0
2025-06-25 18:00:00+00:00,34,1,229776,410.75,411.5,409.75,410.5,3866,ZC.v.0
2025-06-26 00:00:00+00:00,34,1,229776,410.0,412.0,409.75,411.25,1051,ZC.v.0
2025-06-26 01:00:00+00:00,34,1,229776,411.5,411.5,410.75,410.75,316,ZC.v.0
2025-06-26 02:00:00+00:00,34,1,229776,411.0,411.25,411.0,411.0,116,ZC.v.0
2025-06-26 03:00:00+00:00,34,1,229776,411.0,411.25,411.0,411.0,351,ZC.v.0
2025-06-26 04:00:00+00:00,34,1,229776,411.25,411.25,411.0,411.0,89,ZC.v.0
2025-06-26 05:00:00+00:00,34,1,229776,411.25,411.5,410.75,411.0,516,ZC.v.0
2025-06-26 06:00:00+00:00,34,1,229776,411.0,411.25,409.25,409.25,196,ZC.v.0
2025-06-26 07:00:00+00:00,34,1,229776,409.25,409.5,408.0,408.5,414,ZC.v.0
2025-06-26 08:00:00+00:00,34,1,229776,408.75,413.5,408.75,413.25,1441,ZC.v.0
2025-06-26 09:00:00+00:00,34,1,229776,412.75,413.75,412.5,413.75,210,ZC.v.0
2025-06-26 10:00:00+00:00,34,1,229776,413.5,414.5,412.25,413.0,1005,ZC.v.0
2025-06-26 11:00:00+00:00,34,1,229776,413.0,413.5,410.75,411.0,363,ZC.v.0
2025-06-26 12:00:00+00:00,34,1,229776,410.75,412.25,410.0,412.0,497,ZC.v.0
2025-06-26 13:00:00+00:00,34,1,229776,412.5,412.75,408.75,409.75,2793,ZC.v.0
2025-06-26 14:00:00+00:00,34,1,229776,409.75,412.25,408.5,409.75,4262,ZC.v.0
2025-06-26 15:00:00+00:00,34,1,229776,409.75,411.5,408.5,409.5,2713,ZC.v.0
2025-06-26 16:00:00+00:00,34,1,229776,409.5,411.5,409.0,410.25,2398,ZC.v.0
2025-06-26 17:00:00+00:00,34,1,229776,410.0,410.75,409.0,410.5,2277,ZC.v.0
2025-06-26 18:00:00+00:00,34,1,229776,410.5,411.0,409.0,409.0,2600,ZC.v.0
2025-06-27 00:00:00+00:00,34,1,272731,404.25,408.0,404.25,407.25,2089,ZC.v.0
2025-06-27 01:00:00+00:00,34,1,272731,407.25,407.25,406.25,406.5,341,ZC.v.0
2025-06-27 02:00:00+00:00,34,1,272731,406.25,406.5,406.0,406.5,426,ZC.v.0
2025-06-27 03:00:00+00:00,34,1,272731,406.25,406.25,405.5,406.0,83,ZC.v.0
2025-06-27 04:00:00+00:00,34,1,272731,405.75,406.0,405.75,405.75,56,ZC.v.0
2025-06-27 05:00:00+00:00,34,1,272731,406.0,406.5,406.0,406.25,195,ZC.v.0
2025-06-27 06:00:00+00:00,34,1,272731,406.25,407.5,406.25,407.5,877,ZC.v.0
2025-06-27 07:00:00+00:00,34,1,272731,407.5,410.0,407.25,409.75,2120,ZC.v.0
2025-06-27 08:00:00+00:00,34,1,272731,410.0,410.0,409.25,409.5,551,ZC.v.0
2025-06-27 09:00:00+00:00,34,1,272731,409.25,411.0,409.0,410.0,1286,ZC.v.0
2025-06-27 10:00:00+00:00,34,1,272731,409.75,410.75,409.0,410.75,887,ZC.v.0
2025-06-27 11:00:00+00:00,34,1,272731,411.0,411.0,409.25,409.25,1521,ZC.v.0
2025-06-27 12:00:00+00:00,34,1,272731,409.25,410.25,408.25,409.0,2491,ZC.v.0
2025-06-27 13:00:00+00:00,34,1,272731,408.75,410.75,408.25,409.0,10724,ZC.v.0
2025-06-27 14:00:00+00:00,34,1,272731,409.0,410.0,407.75,409.25,9015,ZC.v.0
2025-06-27 15:00:00+00:00,34,1,272731,409.25,409.25,406.5,407.25,8897,ZC.v.0
2025-06-27 16:00:00+00:00,34,1,272731,407.25,410.0,406.75,409.0,10630,ZC.v.0
2025-06-27 17:00:00+00:00,34,1,272731,409.0,412.0,408.25,411.5,10048,ZC.v.0
2025-06-27 18:00:00+00:00,34,1,272731,411.5,412.25,410.75,411.25,8937,ZC.v.0
2025-06-30 00:00:00+00:00,34,1,272731,411.0,413.75,411.0,411.5,2185,ZC.v.0
2025-06-30 01:00:00+00:00,34,1,272731,411.5,412.0,411.0,411.0,726,ZC.v.0
2025-06-30 02:00:00+00:00,34,1,272731,410.75,411.0,410.25,410.75,455,ZC.v.0
2025-06-30 03:00:00+00:00,34,1,272731,410.75,411.0,410.25,411.0,146,ZC.v.0
2025-06-30 04:00:00+00:00,34,1,272731,410.75,410.75,410.25,410.5,153,ZC.v.0
2025-06-30 05:00:00+00:00,34,1,272731,410.5,410.75,410.25,410.25,74,ZC.v.0
2025-06-30 06:00:00+00:00,34,1,272731,410.25,410.25,409.75,410.0,490,ZC.v.0
2025-06-30 07:00:00+00:00,34,1,272731,409.75,410.25,408.5,408.75,755,ZC.v.0
2025-06-30 08:00:00+00:00,34,1,272731,408.5,410.25,408.25,410.0,650,ZC.v.0
2025-06-30 09:00:00+00:00,34,1,272731,410.0,410.5,408.75,409.0,481,ZC.v.0
2025-06-30 10:00:00+00:00,34,1,272731,409.0,409.75,408.5,409.25,505,ZC.v.0
2025-06-30 11:00:00+00:00,34,1,272731,409.25,409.75,407.25,408.0,1782,ZC.v.0
2025-06-30 12:00:00+00:00,34,1,272731,408.0,408.25,406.75,408.25,1425,ZC.v.0
2025-06-30 13:00:00+00:00,34,1,272731,408.0,410.75,407.25,410.75,8910,ZC.v.0
2025-06-30 14:00:00+00:00,34,1,272731,410.75,412.25,409.75,412.0,11686,ZC.v.0
2025-06-30 15:00:00+00:00,34,1,272731,412.0,412.75,409.25,410.0,11998,ZC.v.0
2025-06-30 16:00:00+00:00,34,1,272731,410.0,413.75,405.5,408.5,25572,ZC.v.0
2025-06-30 17:00:00+00:00,34,1,272731,408.5,410.5,408.0,408.5,9865,ZC.v.0
2025-06-30 18:00:00+00:00,34,1,272731,408.5,410.25,408.0,409.0,11444,ZC.v.0
2025-07-01 00:00:00+00:00,34,1,272731,408.25,408.75,406.0,406.0,2079,ZC.v.0
2025-07-01 01:00:00+00:00,34,1,272731,406.0,406.0,405.0,405.0,907,ZC.v.0
2025-07-01 02:00:00+00:00,34,1,272731,405.25,405.5,405.0,405.5,245,ZC.v.0
2025-07-01 03:00:00+00:00,34,1,272731,405.5,405.5,405.25,405.5,109,ZC.v.0
2025-07-01 04:00:00+00:00,34,1,272731,405.5,405.75,405.5,405.75,76,ZC.v.0
2025-07-01 05:00:00+00:00,34,1,272731,405.75,405.75,405.25,405.25,154,ZC.v.0
2025-07-01 06:00:00+00:00,34,1,272731,405.5,405.75,405.0,405.5,676,ZC.v.0
2025-07-01 07:00:00+00:00,34,1,272731,405.25,405.5,403.25,403.5,2346,ZC.v.0
2025-07-01 08:00:00+00:00,34,1,272731,403.75,405.0,403.5,403.5,739,ZC.v.0
2025-07-01 09:00:00+00:00,34,1,272731,403.5,403.75,403.0,403.25,797,ZC.v.0
2025-07-01 10:00:00+00:00,34,1,272731,403.25,403.75,403.0,403.75,824,ZC.v.0
2025-07-01 11:00:00+00:00,34,1,272731,403.5,405.0,403.0,403.0,1185,ZC.v.0
2025-07-01 12:00:00+00:00,34,1,272731,403.0,403.5,401.25,402.5,3243,ZC.v.0
2025-07-01 13:00:00+00:00,34,1,272731,402.75,404.75,400.25,404.0,20168,ZC.v.0
2025-07-01 14:00:00+00:00,34,1,272731,404.25,407.0,403.5,406.0,15791,ZC.v.0
2025-07-01 15:00:00+00:00,34,1,272731,406.0,408.25,406.0,407.0,8330,ZC.v.0
2025-07-01 16:00:00+00:00,34,1,272731,407.25,407.25,404.0,405.25,10315,ZC.v.0
2025-07-01 17:00:00+00:00,34,1,272731,405.0,407.25,405.0,406.25,7987,ZC.v.0
2025-07-01 18:00:00+00:00,34,1,272731,406.0,406.75,405.0,405.75,9100,ZC.v.0
2025-07-02 00:00:00+00:00,34,1,405207,422.25,422.5,420.5,420.5,1207,ZC.v.0
2025-07-02 01:00:00+00:00,34,1,405207,420.75,421.0,420.25,420.25,378,ZC.v.0
2025-07-02 02:00:00+00:00,34,1,405207,420.25,420.75,418.25,419.0,2527,ZC.v.0
2025-07-02 03:00:00+00:00,34,1,405207,419.0,419.25,418.0,418.5,1335,ZC.v.0
2025-07-02 04:00:00+00:00,34,1,405207,418.5,418.75,418.0,418.25,797,ZC.v.0
2025-07-02 05:00:00+00:00,34,1,405207,418.25,418.75,418.0,418.25,579,ZC.v.0
2025-07-02 06:00:00+00:00,34,1,405207,418.0,418.25,417.5,417.75,730,ZC.v.0
2025-07-02 07:00:00+00:00,34,1,405207,417.75,419.25,417.5,418.5,951,ZC.v.0
2025-07-02 08:00:00+00:00,34,1,405207,418.25,420.25,418.25,419.5,1650,ZC.v.0
2025-07-02 09:00:00+00:00,34,1,405207,419.5,421.0,419.0,420.75,1046,ZC.v.0
2025-07-02 10:00:00+00:00,34,1,405207,420.5,420.5,419.0,420.0,982,ZC.v.0
2025-07-02 11:00:00+00:00,34,1,405207,420.0,421.0,418.0,418.25,2297,ZC.v.0
2025-07-02 12:00:00+00:00,34,1,405207,418.25,419.5,418.0,419.0,1264,ZC.v.0
2025-07-02 13:00:00+00:00,34,1,405207,419.0,423.75,418.5,423.5,18513,ZC.v.0
2025-07-02 14:00:00+00:00,34,1,405207,423.5,425.5,422.0,423.25,16569,ZC.v.0
2025-07-02 15:00:00+00:00,34,1,405207,423.0,425.0,422.0,425.0,6361,ZC.v.0
2025-07-02 16:00:00+00:00,34,1,405207,424.75,428.75,424.75,427.75,17288,ZC.v.0
2025-07-02 17:00:00+00:00,34,1,405207,428.0,432.0,427.25,431.75,19836,ZC.v.0
2025-07-02 18:00:00+00:00,34,1,405207,431.5,434.0,431.5,433.75,18641,ZC.v.0
2025-07-03 00:00:00+00:00,34,1,405207,433.0,439.5,432.75,437.75,16256,ZC.v.0
2025-07-03 01:00:00+00:00,34,1,405207,437.5,438.0,435.75,437.25,2658,ZC.v.0
2025-07-03 02:00:00+00:00,34,1,405207,437.25,438.0,436.25,437.0,1170,ZC.v.0
2025-07-03 03:00:00+00:00,34,1,405207,437.25,437.5,436.5,436.5,1098,ZC.v.0
2025-07-03 04:00:00+00:00,34,1,405207,436.75,437.0,436.0,436.5,358,ZC.v.0
2025-07-03 05:00:00+00:00,34,1,405207,436.75,437.0,436.5,436.5,218,ZC.v.0
2025-07-03 06:00:00+00:00,34,1,405207,436.75,437.0,435.75,436.5,1001,ZC.v.0
2025-07-03 07:00:00+00:00,34,1,405207,436.75,439.5,436.75,439.0,3627,ZC.v.0
2025-07-03 08:00:00+00:00,34,1,405207,439.0,439.5,437.75,438.0,2123,ZC.v.0
2025-07-03 09:00:00+00:00,34,1,405207,437.75,440.25,437.0,439.25,3859,ZC.v.0
2025-07-03 10:00:00+00:00,34,1,405207,439.25,440.25,438.75,439.75,2567,ZC.v.0
2025-07-03 11:00:00+00:00,34,1,405207,439.5,440.0,436.5,437.25,5138,ZC.v.0
2025-07-03 12:00:00+00:00,34,1,405207,437.25,440.0,437.0,439.0,4395,ZC.v.0
2025-07-03 13:00:00+00:00,34,1,405207,439.0,440.25,436.25,438.0,22025,ZC.v.0
2025-07-03 14:00:00+00:00,34,1,405207,438.0,442.25,436.75,438.25,30512,ZC.v.0
2025-07-03 15:00:00+00:00,34,1,405207,438.5,439.0,437.0,437.5,12047,ZC.v.0
2025-07-03 16:00:00+00:00,34,1,405207,437.5,438.5,436.5,437.75,11311,ZC.v.0
2025-07-03 17:00:00+00:00,34,1,405207,437.75,438.0,434.5,436.0,10311,ZC.v.0
2025-07-03 18:00:00+00:00,34,1,405207,436.25,438.0,435.25,437.25,11540,ZC.v.0
2025-07-07 00:00:00+00:00,34,1,405207,429.5,429.75,424.0,428.25,14745,ZC.v.0
2025-07-07 01:00:00+00:00,34,1,405207,428.0,428.0,427.0,427.5,1459,ZC.v.0
2025-07-07 02:00:00+00:00,34,1,405207,427.25,427.75,427.0,427.25,445,ZC.v.0
2025-07-07 03:00:00+00:00,34,1,405207,427.5,427.5,426.5,427.0,734,ZC.v.0
2025-07-07 04:00:00+00:00,34,1,405207,427.0,427.25,426.75,426.75,511,ZC.v.0
2025-07-07 05:00:00+00:00,34,1,405207,426.75,426.75,426.25,426.25,378,ZC.v.0
2025-07-07 06:00:00+00:00,34,1,405207,426.25,426.25,424.75,425.0,2357,ZC.v.0
2025-07-07 07:00:00+00:00,34,1,405207,425.0,425.25,422.5,423.0,5374,ZC.v.0
2025-07-07 08:00:00+00:00,34,1,405207,422.75,424.0,422.75,423.25,2828,ZC.v.0
2025-07-07 09:00:00+00:00,34,1,405207,423.25,424.75,423.0,424.0,2139,ZC.v.0
2025-07-07 10:00:00+00:00,34,1,405207,424.25,424.75,423.5,424.0,1120,ZC.v.0
2025-07-07 11:00:00+00:00,34,1,405207,424.0,425.5,423.25,425.0,2511,ZC.v.0
2025-07-07 12:00:00+00:00,34,1,405207,424.75,426.0,424.25,424.5,2314,ZC.v.0
2025-07-07 13:00:00+00:00,34,1,405207,424.75,426.75,423.25,424.0,16660,ZC.v.0
2025-07-07 14:00:00+00:00,34,1,405207,424.0,426.75,423.5,425.5,17711,ZC.v.0
2025-07-07 15:00:00+00:00,34,1,405207,425.25,427.25,423.5,423.5,9488,ZC.v.0
2025-07-07 16:00:00+00:00,34,1,405207,423.5,424.0,420.25,421.75,21386,ZC.v.0
2025-07-07 17:00:00+00:00,34,1,405207,421.75,422.5,419.75,420.75,14216,ZC.v.0
2025-07-07 18:00:00+00:00,34,1,405207,420.75,421.25,420.0,421.0,12774,ZC.v.0
2025-07-08 00:00:00+00:00,34,1,405207,420.75,420.75,419.0,419.5,2294,ZC.v.0
2025-07-08 01:00:00+00:00,34,1,405207,419.25,420.0,419.0,419.75,1208,ZC.v.0
2025-07-08 02:00:00+00:00,34,1,405207,419.75,420.0,419.5,419.75,131,ZC.v.0
2025-07-08 03:00:00+00:00,34,1,405207,419.75,420.5,419.75,420.5,608,ZC.v.0
2025-07-08 04:00:00+00:00,34,1,405207,420.25,420.5,420.0,420.25,76,ZC.v.0
2025-07-08 05:00:00+00:00,34,1,405207,420.25,420.25,419.25,419.5,1269,ZC.v.0
2025-07-08 06:00:00+00:00,34,1,405207,419.25,419.5,418.75,418.75,1980,ZC.v.0
2025-07-08 07:00:00+00:00,34,1,405207,418.75,419.0,418.25,418.5,940,ZC.v.0
2025-07-08 08:00:00+00:00,34,1,405207,418.5,418.5,417.75,418.0,1760,ZC.v.0
2025-07-08 09:00:00+00:00,34,1,405207,418.0,418.25,417.5,417.5,2983,ZC.v.0
2025-07-08 10:00:00+00:00,34,1,405207,417.5,418.75,417.5,418.25,1752,ZC.v.0
2025-07-08 11:00:00+00:00,34,1,405207,418.0,418.5,417.0,417.5,1725,ZC.v.0
2025-07-08 12:00:00+00:00,34,1,405207,417.5,418.25,416.75,417.75,3962,ZC.v.0
2025-07-08 13:00:00+00:00,34,1,405207,417.75,417.75,413.5,414.75,29275,ZC.v.0
2025-07-08 14:00:00+00:00,34,1,405207,415.0,417.5,413.25,417.0,21533,ZC.v.0
2025-07-08 15:00:00+00:00,34,1,405207,417.0,418.5,415.75,415.75,10735,ZC.v.0
2025-07-08 16:00:00+00:00,34,1,405207,415.75,416.75,414.75,416.75,9211,ZC.v.0
2025-07-08 17:00:00+00:00,34,1,405207,416.5,416.75,414.25,414.5,9151,ZC.v.0
2025-07-08 18:00:00+00:00,34,1,405207,414.25,415.0,414.0,415.0,12097,ZC.v.0
2025-07-09 00:00:00+00:00,34,1,405207,414.0,416.5,414.0,416.25,3115,ZC.v.0
2025-07-09 01:00:00+00:00,34,1,405207,416.0,416.0,415.25,415.5,485,ZC.v.0
2025-07-09 02:00:00+00:00,34,1,405207,415.5,416.0,415.5,415.5,785,ZC.v.0
2025-07-09 03:00:00+00:00,34,1,405207,415.75,416.25,415.75,416.0,406,ZC.v.0
2025-07-09 04:00:00+00:00,34,1,405207,416.0,416.25,415.5,416.25,374,ZC.v.0
2025-07-09 05:00:00+00:00,34,1,405207,416.0,416.25,415.5,415.5,271,ZC.v.0
2025-07-09 06:00:00+00:00,34,1,405207,415.5,415.5,415.0,415.25,179,ZC.v.0
2025-07-09 07:00:00+00:00,34,1,405207,415.5,415.75,414.25,414.75,2417,ZC.v.0
2025-07-09 08:00:00+00:00,34,1,405207,414.75,416.0,414.5,416.0,1802,ZC.v.0
2025-07-09 09:00:00+00:00,34,1,405207,416.0,416.25,415.5,416.0,1284,ZC.v.0
2025-07-09 10:00:00+00:00,34,1,405207,416.25,416.25,413.5,413.5,1991,ZC.v.0
2025-07-09 11:00:00+00:00,34,1,405207,413.5,413.75,412.25,412.5,2397,ZC.v.0
2025-07-09 12:00:00+00:00,34,1,405207,412.5,412.75,411.75,412.25,2448,ZC.v.0
2025-07-09 13:00:00+00:00,34,1,405207,412.75,414.5,411.75,413.75,13583,ZC.v.0
2025-07-09 14:00:00+00:00,34,1,405207,413.75,414.25,412.0,412.75,12143,ZC.v.0
2025-07-09 15:00:00+00:00,34,1,405207,412.75,416.25,412.75,416.25,10626,ZC.v.0
2025-07-09 16:00:00+00:00,34,1,405207,416.25,416.5,415.5,416.25,5941,ZC.v.0
2025-07-09 17:00:00+00:00,34,1,405207,416.0,416.5,415.0,415.25,5188,ZC.v.0
2025-07-09 18:00:00+00:00,34,1,405207,415.5,416.0,415.0,416.0,5044,ZC.v.0
2025-07-10 00:00:00+00:00,34,1,405207,415.0,415.5,412.75,413.0,3889,ZC.v.0
2025-07-10 01:00:00+00:00,34,1,405207,413.0,414.0,412.5,413.25,1109,ZC.v.0
2025-07-10 02:00:00+00:00,34,1,405207,413.5,413.75,413.0,413.5,169,ZC.v.0
2025-07-10 03:00:00+00:00,34,1,405207,413.75,414.0,413.5,413.75,183,ZC.v.0
2025-07-10 04:00:00+00:00,34,1,405207,413.5,414.0,413.5,413.5,192,ZC.v.0
2025-07-10 05:00:00+00:00,34,1,405207,413.5,413.5,412.75,413.5,344,ZC.v.0
2025-07-10 06:00:00+00:00,34,1,405207,413.5,414.0,413.25,413.5,499,ZC.v.0
2025-07-10 07:00:00+00:00,34,1,405207,413.5,413.75,412.75,412.75,1406,ZC.v.0
2025-07-10 08:00:00+00:00,34,1,405207,412.75,414.5,412.75,414.25,1055,ZC.v.0
2025-07-10 09:00:00+00:00,34,1,405207,414.5,414.75,413.75,414.25,1269,ZC.v.0
2025-07-10 10:00:00+00:00,34,1,405207,414.25,415.75,414.0,415.5,1693,ZC.v.0
2025-07-10 11:00:00+00:00,34,1,405207,415.25,416.5,414.0,414.0,3692,ZC.v.0
2025-07-10 12:00:00+00:00,34,1,405207,413.75,414.5,413.0,413.75,2992,ZC.v.0
2025-07-10 13:00:00+00:00,34,1,405207,413.5,416.75,412.5,415.75,14214,ZC.v.0
2025-07-10 14:00:00+00:00,34,1,405207,415.75,417.0,415.0,415.25,11618,ZC.v.0
2025-07-10 15:00:00+00:00,34,1,405207,415.5,416.0,414.25,414.5,6406,ZC.v.0
2025-07-10 16:00:00+00:00,34,1,405207,414.25,417.0,414.25,416.5,7632,ZC.v.0
2025-07-10 17:00:00+00:00,34,1,405207,416.25,417.0,415.0,417.0,7568,ZC.v.0
2025-07-10 18:00:00+00:00,34,1,405207,416.75,417.0,415.75,416.5,11467,ZC.v.0
2025-07-11 00:00:00+00:00,34,1,405207,416.0,416.5,414.0,414.25,1749,ZC.v.0
2025-07-11 01:00:00+00:00,34,1,405207,414.25,416.25,414.25,416.0,779,ZC.v.0
2025-07-11 02:00:00+00:00,34,1,405207,416.0,417.25,416.0,416.5,1124,ZC.v.0
2025-07-11 03:00:00+00:00,34,1,405207,416.5,416.5,416.0,416.25,237,ZC.v.0
2025-07-11 04:00:00+00:00,34,1,405207,416.25,417.0,416.25,416.75,167,ZC.v.0
2025-07-11 05:00:00+00:00,34,1,405207,416.75,417.5,416.0,416.5,1067,ZC.v.0
2025-07-11 06:00:00+00:00,34,1,405207,416.25,416.5,415.0,415.0,1208,ZC.v.0
2025-07-11 07:00:00+00:00,34,1,405207,415.0,416.0,414.5,415.25,851,ZC.v.0
2025-07-11 08:00:00+00:00,34,1,405207,415.5,416.25,414.5,414.75,904,ZC.v.0
2025-07-11 09:00:00+00:00,34,1,405207,414.75,415.5,414.5,415.25,756,ZC.v.0
2025-07-11 10:00:00+00:00,34,1,405207,415.5,416.5,415.25,415.5,1673,ZC.v.0
2025-07-11 11:00:00+00:00,34,1,405207,415.5,415.75,415.0,415.25,856,ZC.v.0
2025-07-11 12:00:00+00:00,34,1,405207,415.25,415.25,414.0,414.25,2770,ZC.v.0
2025-07-11 13:00:00+00:00,34,1,405207,414.75,416.25,414.0,415.0,11919,ZC.v.0
2025-07-11 14:00:00+00:00,34,1,405207,414.75,415.5,413.5,415.0,13961,ZC.v.0
2025-07-11 15:00:00+00:00,34,1,405207,415.0,417.25,413.75,416.5,10247,ZC.v.0
2025-07-11 16:00:00+00:00,34,1,405207,416.25,418.0,411.5,413.5,27448,ZC.v.0
2025-07-11 17:00:00+00:00,34,1,405207,413.25,413.75,411.75,411.75,10756,ZC.v.0
2025-07-11 18:00:00+00:00,34,1,405207,412.0,413.0,411.5,412.25,9419,ZC.v.0
2025-07-14 00:00:00+00:00,34,1,405207,410.5,411.0,407.5,409.0,10244,ZC.v.0
2025-07-14 01:00:00+00:00,34,1,405207,409.25,410.0,408.75,409.25,1457,ZC.v.0
2025-07-14 02:00:00+00:00,34,1,405207,409.25,410.75,409.25,410.75,990,ZC.v.0
2025-07-14 03:00:00+00:00,34,1,405207,410.75,411.5,410.75,411.0,948,ZC.v.0
2025-07-14 04:00:00+00:00,34,1,405207,411.0,411.5,411.0,411.5,397,ZC.v.0
2025-07-14 05:00:00+00:00,34,1,405207,411.5,412.0,411.0,411.0,457,ZC.v.0
2025-07-14 06:00:00+00:00,34,1,405207,411.0,412.5,410.75,411.75,1255,ZC.v.0
2025-07-14 07:00:00+00:00,34,1,405207,411.75,414.0,411.75,413.75,1057,ZC.v.0
2025-07-14 08:00:00+00:00,34,1,405207,413.5,415.5,413.5,415.25,1991,ZC.v.0
2025-07-14 09:00:00+00:00,34,1,405207,415.5,416.25,414.75,415.25,2270,ZC.v.0
2025-07-14 10:00:00+00:00,34,1,405207,415.25,415.75,413.5,414.5,2000,ZC.v.0
2025-07-14 11:00:00+00:00,34,1,405207,414.75,417.0,414.25,417.0,2482,ZC.v.0
2025-07-14 12:00:00+00:00,34,1,405207,416.75,417.75,415.5,416.0,4158,ZC.v.0
2025-07-14 13:00:00+00:00,34,1,405207,415.5,417.0,414.5,416.25,12418,ZC.v.0
2025-07-14 14:00:00+00:00,34,1,405207,416.5,417.75,414.75,416.25,15047,ZC.v.0
2025-07-14 15:00:00+00:00,34,1,405207,416.25,416.5,414.25,414.5,6646,ZC.v.0
2025-07-14 16:00:00+00:00,34,1,405207,414.75,415.75,414.25,414.75,5861,ZC.v.0
2025-07-14 17:00:00+00:00,34,1,405207,415.0,417.0,414.75,416.75,8035,ZC.v.0
2025-07-14 18:00:00+00:00,34,1,405207,416.75,418.75,416.5,418.5,18261,ZC.v.0
2025-07-15 00:00:00+00:00,34,1,405207,417.75,419.5,417.0,417.75,5846,ZC.v.0
2025-07-15 01:00:00+00:00,34,1,405207,417.75,418.75,417.5,418.75,983,ZC.v.0
2025-07-15 02:00:00+00:00,34,1,405207,418.75,419.25,418.25,418.75,919,ZC.v.0
2025-07-15 03:00:00+00:00,34,1,405207,418.75,418.75,418.5,418.5,73,ZC.v.0
2025-07-15 04:00:00+00:00,34,1,405207,418.75,419.25,418.75,418.75,326,ZC.v.0
2025-07-15 05:00:00+00:00,34,1,405207,418.75,419.25,418.75,419.0,66,ZC.v.0
2025-07-15 06:00:00+00:00,34,1,405207,419.25,419.25,417.75,418.0,358,ZC.v.0
2025-07-15 07:00:00+00:00,34,1,405207,417.75,417.75,415.75,417.0,2396,ZC.v.0
2025-07-15 08:00:00+00:00,34,1,405207,417.0,418.25,416.75,417.25,931,ZC.v.0
2025-07-15 09:00:00+00:00,34,1,405207,417.25,417.75,414.75,414.75,2605,ZC.v.0
2025-07-15 10:00:00+00:00,34,1,405207,414.75,415.5,414.0,414.25,1069,ZC.v.0
2025-07-15 11:00:00+00:00,34,1,405207,414.25,415.75,413.75,414.25,2169,ZC.v.0
2025-07-15 12:00:00+00:00,34,1,405207,414.25,414.25,413.0,413.75,2339,ZC.v.0
2025-07-15 13:00:00+00:00,34,1,405207,414.0,418.25,414.0,416.5,11379,ZC.v.0
2025-07-15 14:00:00+00:00,34,1,405207,416.5,420.0,416.0,419.25,20738,ZC.v.0
2025-07-15 15:00:00+00:00,34,1,405207,419.25,424.0,419.25,421.75,33776,ZC.v.0
2025-07-15 16:00:00+00:00,34,1,405207,421.5,422.25,419.75,421.0,12319,ZC.v.0
2025-07-15 17:00:00+00:00,34,1,405207,421.25,421.75,419.0,419.25,12877,ZC.v.0
2025-07-15 18:00:00+00:00,34,1,405207,419.25,420.25,419.0,419.25,16214,ZC.v.0
2025-07-16 00:00:00+00:00,34,1,405207,419.0,420.75,418.75,420.75,2626,ZC.v.0
2025-07-16 01:00:00+00:00,34,1,405207,420.75,422.25,420.5,421.75,1220,ZC.v.0
2025-07-16 02:00:00+00:00,34,1,405207,421.75,422.75,421.25,421.25,1828,ZC.v.0
2025-07-16 03:00:00+00:00,34,1,405207,421.25,422.0,421.25,422.0,231,ZC.v.0
2025-07-16 04:00:00+00:00,34,1,405207,421.75,422.25,421.75,422.0,60,ZC.v.0
2025-07-16 05:00:00+00:00,34,1,405207,422.0,422.5,422.0,422.5,539,ZC.v.0
2025-07-16 06:00:00+00:00,34,1,405207,422.75,423.75,422.5,423.5,1592,ZC.v.0
2025-07-16 07:00:00+00:00,34,1,405207,423.5,424.0,423.0,423.75,992,ZC.v.0
2025-07-16 08:00:00+00:00,34,1,405207,423.5,425.0,423.5,425.0,5532,ZC.v.0
2025-07-16 09:00:00+00:00,34,1,405207,424.75,425.5,423.5,424.75,3646,ZC.v.0
2025-07-16 10:00:00+00:00,34,1,405207,424.75,425.75,424.5,425.25,1564,ZC.v.0
2025-07-16 11:00:00+00:00,34,1,405207,425.0,425.5,424.0,424.75,2923,ZC.v.0
2025-07-16 12:00:00+00:00,34,1,405207,424.75,425.5,424.0,424.75,4337,ZC.v.0
2025-07-16 13:00:00+00:00,34,1,405207,424.25,425.0,421.75,423.25,13086,ZC.v.0
2025-07-16 14:00:00+00:00,34,1,405207,423.25,423.75,420.75,423.0,14378,ZC.v.0
2025-07-16 15:00:00+00:00,34,1,405207,423.0,425.75,422.5,423.0,18492,ZC.v.0
2025-07-16 16:00:00+00:00,34,1,405207,423.0,424.0,421.5,423.5,11176,ZC.v.0
2025-07-16 17:00:00+00:00,34,1,405207,423.5,424.25,423.25,423.75,6109,ZC.v.0
2025-07-16 18:00:00+00:00,34,1,405207,423.75,424.5,423.5,424.5,14417,ZC.v.0
2025-07-17 00:00:00+00:00,34,1,405207,423.5,425.25,423.25,424.0,3768,ZC.v.0
2025-07-17 01:00:00+00:00,34,1,405207,424.25,425.25,424.25,425.25,516,ZC.v.0
2025-07-17 02:00:00+00:00,34,1,405207,425.0,425.25,424.5,424.5,461,ZC.v.0
2025-07-17 03:00:00+00:00,34,1,405207,424.5,424.75,423.5,424.0,201,ZC.v.0
2025-07-17 04:00:00+00:00,34,1,405207,424.0,424.25,423.5,424.0,87,ZC.v.0
2025-07-17 05:00:00+00:00,34,1,405207,424.0,424.0,423.75,424.0,30,ZC.v.0
2025-07-17 06:00:00+00:00,34,1,405207,423.75,425.0,423.75,425.0,737,ZC.v.0
2025-07-17 07:00:00+00:00,34,1,405207,424.75,425.75,424.5,425.5,679,ZC.v.0
2025-07-17 08:00:00+00:00,34,1,405207,425.5,425.5,423.0,424.0,2693,ZC.v.0
2025-07-17 09:00:00+00:00,34,1,405207,424.25,424.25,422.0,422.25,2305,ZC.v.0
2025-07-17 10:00:00+00:00,34,1,405207,422.25,423.0,421.75,421.75,1460,ZC.v.0
2025-07-17 11:00:00+00:00,34,1,405207,421.75,423.75,421.25,423.5,2804,ZC.v.0
2025-07-17 12:00:00+00:00,34,1,405207,423.75,425.25,423.0,423.0,2963,ZC.v.0
2025-07-17 13:00:00+00:00,34,1,405207,422.5,425.0,422.5,423.5,9771,ZC.v.0
2025-07-17 14:00:00+00:00,34,1,405207,423.25,424.5,422.0,423.0,6279,ZC.v.0
2025-07-17 15:00:00+00:00,34,1,405207,423.0,424.0,421.75,423.75,8226,ZC.v.0
2025-07-17 16:00:00+00:00,34,1,405207,424.0,424.75,420.0,421.0,11584,ZC.v.0
2025-07-17 17:00:00+00:00,34,1,405207,421.0,422.0,419.5,421.0,11599,ZC.v.0
2025-07-17 18:00:00+00:00,34,1,405207,421.0,421.5,420.25,420.75,7284,ZC.v.0
2025-07-18 00:00:00+00:00,34,1,405207,421.5,423.5,421.5,422.25,2583,ZC.v.0
2025-07-18 01:00:00+00:00,34,1,405207,422.5,423.5,422.25,423.0,1006,ZC.v.0
2025-07-18 02:00:00+00:00,34,1,405207,423.0,423.75,422.75,423.75,432,ZC.v.0
2025-07-18 03:00:00+00:00,34,1,405207,423.75,425.25,423.5,424.75,2473,ZC.v.0
2025-07-18 04:00:00+00:00,34,1,405207,425.0,425.5,424.75,425.25,240,ZC.v.0
2025-07-18 05:00:00+00:00,34,1,405207,425.5,426.0,425.25,426.0,1104,ZC.v.0
2025-07-18 06:00:00+00:00,34,1,405207,426.0,426.0,425.25,425.75,1124,ZC.v.0
2025-07-18 07:00:00+00:00,34,1,405207,425.5,426.75,425.25,426.25,1502,ZC.v.0
2025-07-18 08:00:00+00:00,34,1,405207,426.5,427.75,426.5,427.0,2558,ZC.v.0
2025-07-18 09:00:00+00:00,34,1,405207,427.25,428.0,426.75,427.75,1330,ZC.v.0
2025-07-18 10:00:00+00:00,34,1,405207,428.0,428.5,427.0,427.25,4747,ZC.v.0
2025-07-18 11:00:00+00:00,34,1,405207,427.25,427.75,427.0,427.25,1763,ZC.v.0
2025-07-18 12:00:00+00:00,34,1,405207,427.25,428.0,426.25,426.25,2972,ZC.v.0
2025-07-18 13:00:00+00:00,34,1,405207,426.0,430.25,426.0,428.75,33943,ZC.v.0
2025-07-18 14:00:00+00:00,34,1,405207,428.75,429.25,426.75,427.25,11167,ZC.v.0
2025-07-18 15:00:00+00:00,34,1,405207,427.5,428.75,426.75,427.0,9645,ZC.v.0
2025-07-18 16:00:00+00:00,34,1,405207,427.0,430.0,426.75,428.75,10242,ZC.v.0
2025-07-18 17:00:00+00:00,34,1,405207,428.75,429.0,427.25,427.25,7798,ZC.v.0
2025-07-18 18:00:00+00:00,34,1,405207,427.25,428.25,426.5,428.0,17450,ZC.v.0
2025-07-21 00:00:00+00:00,34,1,405207,425.0,427.75,424.0,427.5,9788,ZC.v.0
2025-07-21 01:00:00+00:00,34,1,405207,427.5,427.75,425.5,425.5,705,ZC.v.0
2025-07-21 02:00:00+00:00,34,1,405207,425.75,426.25,425.5,426.25,537,ZC.v.0
2025-07-21 03:00:00+00:00,34,1,405207,426.25,426.5,426.0,426.0,255,ZC.v.0
2025-07-21 04:00:00+00:00,34,1,405207,426.0,426.25,426.0,426.25,60,ZC.v.0
2025-07-21 05:00:00+00:00,34,1,405207,426.0,427.0,426.0,426.5,189,ZC.v.0
2025-07-21 06:00:00+00:00,34,1,405207,426.5,426.5,425.5,426.25,1697,ZC.v.0
2025-07-21 07:00:00+00:00,34,1,405207,426.25,426.5,424.25,424.5,1921,ZC.v.0
2025-07-21 08:00:00+00:00,34,1,405207,424.25,425.0,424.0,424.5,957,ZC.v.0
2025-07-21 09:00:00+00:00,34,1,405207,424.5,425.25,424.5,424.75,1015,ZC.v.0
2025-07-21 10:00:00+00:00,34,1,405207,425.0,425.75,424.25,425.25,2159,ZC.v.0
2025-07-21 11:00:00+00:00,34,1,405207,425.25,426.5,425.0,426.5,2481,ZC.v.0
2025-07-21 12:00:00+00:00,34,1,405207,426.5,426.5,424.25,425.0,2603,ZC.v.0
2025-07-21 13:00:00+00:00,34,1,405207,424.75,425.75,421.25,421.25,16863,ZC.v.0
2025-07-21 14:00:00+00:00,34,1,405207,421.5,422.25,420.5,421.0,14915,ZC.v.0
2025-07-21 15:00:00+00:00,34,1,405207,421.0,421.5,420.0,420.25,9662,ZC.v.0
2025-07-21 16:00:00+00:00,34,1,405207,420.25,421.25,420.25,420.5,6777,ZC.v.0
2025-07-21 17:00:00+00:00,34,1,405207,420.5,422.0,420.0,421.75,8644,ZC.v.0
2025-07-21 18:00:00+00:00,34,1,405207,421.75,422.75,421.5,422.5,12470,ZC.v.0
2025-07-22 00:00:00+00:00,34,1,405207,423.25,424.75,422.5,423.25,2309,ZC.v.0
2025-07-22 01:00:00+00:00,34,1,405207,423.25,423.25,422.75,422.75,1084,ZC.v.0
2025-07-22 02:00:00+00:00,34,1,405207,422.75,423.0,422.5,423.0,126,ZC.v.0
2025-07-22 03:00:00+00:00,34,1,405207,423.0,423.75,423.0,423.0,271,ZC.v.0
2025-07-22 04:00:00+00:00,34,1,405207,423.0,423.25,422.5,422.5,201,ZC.v.0
2025-07-22 05:00:00+00:00,34,1,405207,422.5,422.75,421.0,421.0,1572,ZC.v.0
2025-07-22 06:00:00+00:00,34,1,405207,421.0,422.0,420.5,420.75,1762,ZC.v.0
2025-07-22 07:00:00+00:00,34,1,405207,420.75,421.25,420.0,420.0,1670,ZC.v.0
2025-07-22 08:00:00+00:00,34,1,405207,420.0,420.75,419.75,419.75,1299,ZC.v.0
2025-07-22 09:00:00+00:00,34,1,405207,420.0,420.25,418.75,419.25,1580,ZC.v.0
2025-07-22 10:00:00+00:00,34,1,405207,419.25,419.25,417.75,418.25,3163,ZC.v.0
2025-07-22 11:00:00+00:00,34,1,405207,418.0,418.25,416.75,417.5,4536,ZC.v.0
2025-07-22 12:00:00+00:00,34,1,405207,417.75,418.5,417.25,418.0,3696,ZC.v.0
2025-07-22 13:00:00+00:00,34,1,405207,418.0,420.25,417.75,419.25,13719,ZC.v.0
2025-07-22 14:00:00+00:00,34,1,405207,419.25,420.0,418.5,419.25,9228,ZC.v.0
2025-07-22 15:00:00+00:00,34,1,405207,419.25,420.25,419.0,419.5,7101,ZC.v.0
2025-07-22 16:00:00+00:00,34,1,405207,419.75,420.5,419.0,419.75,6077,ZC.v.0
2025-07-22 17:00:00+00:00,34,1,405207,419.75,419.75,418.0,418.0,7421,ZC.v.0
2025-07-22 18:00:00+00:00,34,1,405207,418.0,418.5,417.5,417.5,9975,ZC.v.0
2025-07-23 00:00:00+00:00,34,1,405207,418.0,419.0,417.5,418.75,1691,ZC.v.0
2025-07-23 01:00:00+00:00,34,1,405207,419.0,419.5,418.5,418.5,1763,ZC.v.0
2025-07-23 02:00:00+00:00,34,1,405207,418.5,418.75,418.25,418.25,148,ZC.v.0
2025-07-23 03:00:00+00:00,34,1,405207,418.25,419.0,418.0,418.75,235,ZC.v.0
2025-07-23 04:00:00+00:00,34,1,405207,418.75,419.0,418.5,418.75,184,ZC.v.0
2025-07-23 05:00:00+00:00,34,1,405207,418.75,419.5,418.75,419.25,1115,ZC.v.0
2025-07-23 06:00:00+00:00,34,1,405207,419.0,419.25,417.25,417.75,1061,ZC.v.0
2025-07-23 07:00:00+00:00,34,1,405207,418.0,418.0,417.0,417.5,595,ZC.v.0
2025-07-23 08:00:00+00:00,34,1,405207,417.5,418.75,417.0,417.5,2255,ZC.v.0
2025-07-23 09:00:00+00:00,34,1,405207,417.5,419.0,417.25,418.0,1160,ZC.v.0
2025-07-23 10:00:00+00:00,34,1,405207,418.0,420.25,417.5,419.25,2829,ZC.v.0
2025-07-23 11:00:00+00:00,34,1,405207,419.25,419.75,417.75,419.0,3398,ZC.v.0
2025-07-23 12:00:00+00:00,34,1,405207,419.0,419.0,417.75,418.0,1815,ZC.v.0
2025-07-23 13:00:00+00:00,34,1,405207,418.0,419.75,417.75,417.75,9549,ZC.v.0
2025-07-23 14:00:00+00:00,34,1,405207,417.75,418.25,416.0,416.0,9569,ZC.v.0
2025-07-23 15:00:00+00:00,34,1,405207,416.0,417.75,415.75,417.5,7205,ZC.v.0
2025-07-23 16:00:00+00:00,34,1,405207,417.5,418.25,417.0,417.25,5541,ZC.v.0
2025-07-23 17:00:00+00:00,34,1,405207,417.25,418.0,417.0,417.5,6857,ZC.v.0
2025-07-23 18:00:00+00:00,34,1,405207,417.25,417.75,416.75,417.75,7030,ZC.v.0
2025-07-24 00:00:00+00:00,34,1,405207,417.5,418.75,417.5,418.25,1553,ZC.v.0
2025-07-24 01:00:00+00:00,34,1,405207,418.25,418.5,417.5,418.0,339,ZC.v.0
2025-07-24 02:00:00+00:00,34,1,405207,418.0,418.75,418.0,418.5,598,ZC.v.0
2025-07-24 03:00:00+00:00,34,1,405207,418.5,418.75,418.25,418.25,88,ZC.v.0
2025-07-24 04:00:00+00:00,34,1,405207,418.5,418.75,418.25,418.5,151,ZC.v.0
2025-07-24 05:00:00+00:00,34,1,405207,418.5,419.25,418.5,419.0,295,ZC.v.0
2025-07-24 06:00:00+00:00,34,1,405207,418.75,419.5,418.75,419.25,184,ZC.v.0
2025-07-24 07:00:00+00:00,34,1,405207,419.25,420.0,419.25,419.75,914,ZC.v.0
2025-07-24 08:00:00+00:00,34,1,405207,419.5,420.5,418.75,420.5,1907,ZC.v.0
2025-07-24 09:00:00+00:00,34,1,405207,420.5,420.75,419.75,419.75,1568,ZC.v.0
2025-07-24 10:00:00+00:00,34,1,405207,420.0,421.0,419.5,419.75,1758,ZC.v.0
2025-07-24 11:00:00+00:00,34,1,405207,419.5,420.0,418.25,419.0,1458,ZC.v.0
2025-07-24 12:00:00+00:00,34,1,405207,418.75,420.0,418.25,419.5,1979,ZC.v.0
2025-07-24 13:00:00+00:00,34,1,405207,421.25,423.0,418.25,418.75,21176,ZC.v.0
2025-07-24 14:00:00+00:00,34,1,405207,418.5,420.75,418.5,419.75,10081,ZC.v.0
2025-07-24 15:00:00+00:00,34,1,405207,420.0,420.5,418.0,418.75,4926,ZC.v.0
2025-07-24 16:00:00+00:00,34,1,405207,419.0,419.5,418.5,418.75,5080,ZC.v.0
2025-07-24 17:00:00+00:00,34,1,405207,418.75,420.25,418.5,419.5,7781,ZC.v.0
2025-07-24 18:00:00+00:00,34,1,405207,419.25,421.25,419.25,421.0,9223,ZC.v.0
2025-07-25 00:00:00+00:00,34,1,405207,420.5,422.0,420.25,421.5,1664,ZC.v.0
2025-07-25 01:00:00+00:00,34,1,405207,421.75,421.75,421.0,421.0,177,ZC.v.0
2025-07-25 02:00:00+00:00,34,1,405207,421.25,421.25,420.5,420.75,265,ZC.v.0
2025-07-25 03:00:00+00:00,34,1,405207,420.5,420.75,420.25,420.5,341,ZC.v.0
2025-07-25 04:00:00+00:00,34,1,405207,420.25,420.25,420.0,420.25,97,ZC.v.0
2025-07-25 05:00:00+00:00,34,1,405207,420.5,421.75,420.25,421.5,800,ZC.v.0
2025-07-25 06:00:00+00:00,34,1,405207,421.5,421.75,420.5,420.75,262,ZC.v.0
2025-07-25 07:00:00+00:00,34,1,405207,420.75,420.75,419.25,419.25,996,ZC.v.0
2025-07-25 08:00:00+00:00,34,1,405207,419.25,419.75,418.75,419.25,1098,ZC.v.0
2025-07-25 09:00:00+00:00,34,1,405207,419.5,419.75,418.75,419.25,992,ZC.v.0
2025-07-25 10:00:00+00:00,34,1,405207,419.25,419.5,418.75,419.0,330,ZC.v.0
2025-07-25 11:00:00+00:00,34,1,405207,418.75,419.25,418.5,419.0,1596,ZC.v.0
2025-07-25 12:00:00+00:00,34,1,405207,419.0,419.25,418.25,418.75,2262,ZC.v.0
2025-07-25 13:00:00+00:00,34,1,405207,418.5,420.25,418.25,419.75,8441,ZC.v.0
2025-07-25 14:00:00+00:00,34,1,405207,419.5,419.75,418.5,418.5,6351,ZC.v.0
2025-07-25 15:00:00+00:00,34,1,405207,418.75,418.75,417.75,418.5,4400,ZC.v.0
2025-07-25 16:00:00+00:00,34,1,405207,418.5,418.75,417.75,417.75,4471,ZC.v.0
2025-07-25 17:00:00+00:00,34,1,405207,418.0,419.25,417.75,418.75,5544,ZC.v.0
2025-07-25 18:00:00+00:00,34,1,405207,419.0,419.25,418.5,419.0,7493,ZC.v.0
2025-07-28 00:00:00+00:00,34,1,272731,399.0,399.5,397.25,398.5,2881,ZC.v.0
2025-07-28 01:00:00+00:00,34,1,272731,398.25,399.0,398.0,398.5,228,ZC.v.0
2025-07-28 02:00:00+00:00,34,1,272731,398.25,398.5,398.25,398.25,90,ZC.v.0
2025-07-28 03:00:00+00:00,34,1,272731,398.25,398.25,397.75,398.0,344,ZC.v.0
2025-07-28 04:00:00+00:00,34,1,272731,398.0,398.25,398.0,398.0,66,ZC.v.0
2025-07-28 05:00:00+00:00,34,1,272731,398.0,398.25,397.25,397.5,220,ZC.v.0
2025-07-28 06:00:00+00:00,34,1,272731,397.5,397.5,396.5,396.75,1888,ZC.v.0
2025-07-28 07:00:00+00:00,34,1,272731,396.75,396.75,395.75,395.75,1180,ZC.v.0
2025-07-28 08:00:00+00:00,34,1,272731,396.0,396.0,395.25,396.0,1030,ZC.v.0
2025-07-28 09:00:00+00:00,34,1,272731,395.75,396.25,395.75,396.25,345,ZC.v.0
2025-07-28 10:00:00+00:00,34,1,272731,396.5,397.25,396.5,397.25,241,ZC.v.0
2025-07-28 11:00:00+00:00,34,1,272731,397.0,399.5,397.0,398.25,1319,ZC.v.0
2025-07-28 12:00:00+00:00,34,1,272731,398.0,398.75,397.25,397.25,993,ZC.v.0
2025-07-28 13:00:00+00:00,34,1,272731,397.25,400.0,394.0,394.25,15321,ZC.v.0
2025-07-28 14:00:00+00:00,34,1,272731,394.25,394.5,392.0,394.25,15208,ZC.v.0
2025-07-28 15:00:00+00:00,34,1,272731,394.5,394.75,392.5,393.5,6663,ZC.v.0
2025-07-28 16:00:00+00:00,34,1,272731,393.75,394.75,393.25,394.0,4154,ZC.v.0
2025-07-28 17:00:00+00:00,34,1,272731,394.0,394.75,392.75,393.0,7865,ZC.v.0
2025-07-28 18:00:00+00:00,34,1,272731,393.0,393.75,392.75,392.75,8922,ZC.v.0
2025-07-29 00:00:00+00:00,34,1,272731,392.0,393.0,392.0,392.75,2382,ZC.v.0
2025-07-29 01:00:00+00:00,34,1,272731,392.5,393.25,392.5,393.0,385,ZC.v.0
2025-07-29 02:00:00+00:00,34,1,272731,393.0,393.25,392.75,393.0,387,ZC.v.0
2025-07-29 03:00:00+00:00,34,1,272731,393.25,393.5,393.0,393.25,99,ZC.v.0
2025-07-29 04:00:00+00:00,34,1,272731,393.25,393.5,393.25,393.25,392,ZC.v.0
2025-07-29 05:00:00+00:00,34,1,272731,393.25,394.0,393.25,394.0,179,ZC.v.0
2025-07-29 06:00:00+00:00,34,1,272731,394.0,394.0,393.75,393.75,346,ZC.v.0
2025-07-29 07:00:00+00:00,34,1,272731,393.75,393.75,393.0,393.75,895,ZC.v.0
2025-07-29 08:00:00+00:00,34,1,272731,393.75,394.25,393.5,393.5,366,ZC.v.0
2025-07-29 09:00:00+00:00,34,1,272731,393.5,394.25,393.5,393.5,318,ZC.v.0
2025-07-29 10:00:00+00:00,34,1,272731,393.25,394.0,393.25,393.75,459,ZC.v.0
2025-07-29 11:00:00+00:00,34,1,272731,393.5,393.75,392.75,392.75,961,ZC.v.0
2025-07-29 12:00:00+00:00,34,1,272731,392.75,393.0,392.0,393.0,2277,ZC.v.0
2025-07-29 13:00:00+00:00,34,1,272731,393.0,393.25,390.0,390.25,12516,ZC.v.0
2025-07-29 14:00:00+00:00,34,1,272731,390.25,390.25,388.0,389.25,17754,ZC.v.0
2025-07-29 15:00:00+00:00,34,1,272731,389.25,389.5,387.75,388.25,8182,ZC.v.0
2025-07-29 16:00:00+00:00,34,1,272731,388.25,389.5,387.75,388.75,8741,ZC.v.0
2025-07-29 17:00:00+00:00,34,1,272731,388.75,390.5,388.75,389.75,5618,ZC.v.0
2025-07-29 18:00:00+00:00,34,1,272731,389.75,390.0,388.75,389.25,6247,ZC.v.0
2025-07-30 00:00:00+00:00,34,1,405207,411.0,411.25,410.25,410.5,1284,ZC.v.0
2025-07-30 01:00:00+00:00,34,1,405207,411.0,411.0,410.25,410.5,580,ZC.v.0
2025-07-30 02:00:00+00:00,34,1,405207,410.75,411.25,410.5,410.75,763,ZC.v.0
2025-07-30 03:00:00+00:00,34,1,405207,410.75,410.75,410.25,410.25,323,ZC.v.0
2025-07-30 04:00:00+00:00,34,1,405207,410.5,410.5,410.25,410.5,66,ZC.v.0
2025-07-30 05:00:00+00:00,34,1,405207,410.5,411.0,410.25,411.0,474,ZC.v.0
2025-07-30 06:00:00+00:00,34,1,405207,411.0,411.25,410.0,411.25,676,ZC.v.0
2025-07-30 07:00:00+00:00,34,1,405207,411.0,411.75,410.75,410.75,1078,ZC.v.0
2025-07-30 08:00:00+00:00,34,1,405207,411.0,412.0,410.75,412.0,2601,ZC.v.0
2025-07-30 09:00:00+00:00,34,1,405207,411.75,412.0,411.0,411.75,586,ZC.v.0
2025-07-30 10:00:00+00:00,34,1,405207,411.75,412.0,410.75,411.25,877,ZC.v.0
2025-07-30 11:00:00+00:00,34,1,405207,411.25,411.75,410.5,411.0,996,ZC.v.0
2025-07-30 12:00:00+00:00,34,1,405207,411.25,411.75,410.25,411.0,2609,ZC.v.0
2025-07-30 13:00:00+00:00,34,1,405207,410.75,413.75,410.75,412.75,10303,ZC.v.0
2025-07-30 14:00:00+00:00,34,1,405207,412.75,414.5,412.75,414.0,14507,ZC.v.0
2025-07-30 15:00:00+00:00,34,1,405207,413.75,413.75,411.5,411.75,9015,ZC.v.0
2025-07-30 16:00:00+00:00,34,1,405207,411.75,413.25,411.5,413.0,8117,ZC.v.0
2025-07-30 17:00:00+00:00,34,1,405207,413.0,414.0,412.0,412.25,8276,ZC.v.0
2025-07-30 18:00:00+00:00,34,1,405207,412.25,412.75,411.5,412.5,12897,ZC.v.0
2025-07-31 00:00:00+00:00,34,1,405207,412.0,413.0,411.5,413.0,850,ZC.v.0
2025-07-31 01:00:00+00:00,34,1,405207,412.75,413.25,412.5,412.5,159,ZC.v.0
2025-07-31 02:00:00+00:00,34,1,405207,412.75,412.75,412.5,412.5,124,ZC.v.0
2025-07-31 03:00:00+00:00,34,1,405207,412.5,412.75,412.0,412.0,300,ZC.v.0
2025-07-31 04:00:00+00:00,34,1,405207,412.25,412.5,412.0,412.0,50,ZC.v.0
2025-07-31 05:00:00+00:00,34,1,405207,412.25,412.75,412.0,412.5,205,ZC.v.0
2025-07-31 06:00:00+00:00,34,1,405207,412.5,412.75,412.0,412.0,308,ZC.v.0
2025-07-31 07:00:00+00:00,34,1,405207,411.75,412.0,411.5,411.75,828,ZC.v.0
2025-07-31 08:00:00+00:00,34,1,405207,412.0,413.75,412.0,413.5,1374,ZC.v.0
2025-07-31 09:00:00+00:00,34,1,405207,413.0,414.0,412.5,412.5,719,ZC.v.0
2025-07-31 10:00:00+00:00,34,1,405207,412.5,412.75,412.0,412.25,533,ZC.v.0
2025-07-31 11:00:00+00:00,34,1,405207,412.0,412.25,410.5,411.0,1885,ZC.v.0
2025-07-31 12:00:00+00:00,34,1,405207,410.75,412.0,410.25,410.5,3705,ZC.v.0
2025-07-31 13:00:00+00:00,34,1,405207,411.75,412.0,408.75,409.25,14403,ZC.v.0
2025-07-31 14:00:00+00:00,34,1,405207,409.0,412.0,408.75,411.75,18353,ZC.v.0
2025-07-31 15:00:00+00:00,34,1,405207,411.75,413.75,411.5,413.0,18651,ZC.v.0
2025-07-31 16:00:00+00:00,34,1,405207,412.75,413.5,412.75,413.25,5787,ZC.v.0
2025-07-31 17:00:00+00:00,34,1,405207,413.25,413.75,412.75,413.5,8461,ZC.v.0
2025-07-31 18:00:00+00:00,34,1,405207,413.25,414.25,413.25,413.75,10463,ZC.v.0
2025-08-01 00:00:00+00:00,34,1,405207,413.25,414.5,413.0,413.75,1764,ZC.v.0
2025-08-01 01:00:00+00:00,34,1,405207,413.5,414.5,413.5,414.0,329,ZC.v.0
2025-08-01 02:00:00+00:00,34,1,405207,414.0,414.25,413.5,413.75,369,ZC.v.0
2025-08-01 03:00:00+00:00,34,1,405207,414.0,414.25,413.75,414.25,168,ZC.v.0
2025-08-01 04:00:00+00:00,34,1,405207,414.25,414.25,414.0,414.25,146,ZC.v.0
2025-08-01 05:00:00+00:00,34,1,405207,414.25,414.75,414.25,414.5,150,ZC.v.0
2025-08-01 06:00:00+00:00,34,1,405207,414.5,415.75,414.0,415.75,1576,ZC.v.0
2025-08-01 07:00:00+00:00,34,1,405207,415.5,416.0,415.0,415.75,1537,ZC.v.0
2025-08-01 08:00:00+00:00,34,1,405207,415.5,416.0,414.5,414.75,2225,ZC.v.0
2025-08-01 09:00:00+00:00,34,1,405207,415.0,415.25,414.25,415.25,1422,ZC.v.0
2025-08-01 10:00:00+00:00,34,1,405207,415.0,415.5,414.5,414.75,1402,ZC.v.0
2025-08-01 11:00:00+00:00,34,1,405207,415.0,415.25,414.0,414.25,935,ZC.v.0
2025-08-01 12:00:00+00:00,34,1,405207,414.25,414.5,412.75,413.5,2572,ZC.v.0
2025-08-01 13:00:00+00:00,34,1,405207,413.75,414.5,411.25,411.5,10444,ZC.v.0
2025-08-01 14:00:00+00:00,34,1,405207,411.25,414.25,411.0,413.25,15602,ZC.v.0
2025-08-01 15:00:00+00:00,34,1,405207,413.25,413.5,410.5,411.25,11047,ZC.v.0
2025-08-01 16:00:00+00:00,34,1,405207,411.0,411.25,410.0,410.25,6935,ZC.v.0
2025-08-01 17:00:00+00:00,34,1,405207,410.25,412.5,410.25,411.5,8884,ZC.v.0
2025-08-01 18:00:00+00:00,34,1,405207,411.75,411.75,410.25,411.0,9101,ZC.v.0
2025-08-04 00:00:00+00:00,34,1,405207,411.0,412.75,410.75,411.5,1429,ZC.v.0
2025-08-04 01:00:00+00:00,34,1,405207,411.25,411.75,411.0,411.75,767,ZC.v.0
2025-08-04 02:00:00+00:00,34,1,405207,411.5,411.75,411.25,411.5,129,ZC.v.0
2025-08-04 03:00:00+00:00,34,1,405207,411.5,411.75,410.5,410.75,298,ZC.v.0
2025-08-04 04:00:00+00:00,34,1,405207,410.75,411.0,410.75,411.0,22,ZC.v.0
2025-08-04 05:00:00+00:00,34,1,405207,410.75,411.0,410.5,410.75,95,ZC.v.0
2025-08-04 06:00:00+00:00,34,1,405207,410.75,411.75,410.5,411.5,629,ZC.v.0
2025-08-04 07:00:00+00:00,34,1,405207,411.5,411.5,410.0,410.5,1452,ZC.v.0
2025-08-04 08:00:00+00:00,34,1,405207,410.25,410.5,409.25,409.5,2799,ZC.v.0
2025-08-04 09:00:00+00:00,34,1,405207,409.75,409.75,409.0,409.25,1793,ZC.v.0
2025-08-04 10:00:00+00:00,34,1,405207,409.25,409.5,408.75,409.0,1554,ZC.v.0
2025-08-04 11:00:00+00:00,34,1,405207,409.0,409.25,408.5,408.5,1522,ZC.v.0
2025-08-04 12:00:00+00:00,34,1,405207,408.75,409.75,408.5,409.25,3236,ZC.v.0
2025-08-04 13:00:00+00:00,34,1,405207,409.5,412.25,409.25,412.25,12796,ZC.v.0
2025-08-04 14:00:00+00:00,34,1,405207,412.0,412.25,409.5,410.0,12186,ZC.v.0
2025-08-04 15:00:00+00:00,34,1,405207,410.25,410.5,409.25,409.25,8493,ZC.v.0
2025-08-04 16:00:00+00:00,34,1,405207,409.25,409.75,407.75,408.0,12286,ZC.v.0
2025-08-04 17:00:00+00:00,34,1,405207,408.0,408.5,407.25,407.5,13300,ZC.v.0
2025-08-04 18:00:00+00:00,34,1,405207,407.5,407.75,406.75,407.0,13599,ZC.v.0
2025-08-05 00:00:00+00:00,34,1,405207,406.0,406.5,404.25,404.5,7413,ZC.v.0
2025-08-05 01:00:00+00:00,34,1,405207,404.5,404.75,403.75,404.0,2248,ZC.v.0
2025-08-05 02:00:00+00:00,34,1,405207,404.0,404.25,403.75,403.75,544,ZC.v.0
2025-08-05 03:00:00+00:00,34,1,405207,403.75,404.25,403.75,404.0,127,ZC.v.0
2025-08-05 04:00:00+00:00,34,1,405207,403.75,404.0,403.75,403.75,165,ZC.v.0
2025-08-05 05:00:00+00:00,34,1,405207,403.75,404.0,403.5,403.5,1015,ZC.v.0
2025-08-05 06:00:00+00:00,34,1,405207,403.5,403.75,403.25,403.25,1602,ZC.v.0
2025-08-05 07:00:00+00:00,34,1,405207,403.25,404.5,403.25,404.25,1757,ZC.v.0
2025-08-05 08:00:00+00:00,34,1,405207,404.25,405.0,404.0,404.25,1459,ZC.v.0
2025-08-05 09:00:00+00:00,34,1,405207,404.25,405.5,404.25,405.5,1773,ZC.v.0
2025-08-05 10:00:00+00:00,34,1,405207,405.25,405.75,404.75,405.25,1573,ZC.v.0
2025-08-05 11:00:00+00:00,34,1,405207,405.25,406.75,405.25,406.25,4100,ZC.v.0
2025-08-05 12:00:00+00:00,34,1,405207,406.0,406.5,405.25,405.5,5093,ZC.v.0
2025-08-05 13:00:00+00:00,34,1,405207,405.75,406.5,404.75,406.0,15317,ZC.v.0
2025-08-05 14:00:00+00:00,34,1,405207,406.0,406.5,403.0,403.25,18450,ZC.v.0
2025-08-05 15:00:00+00:00,34,1,405207,403.25,403.5,402.25,403.5,15049,ZC.v.0
2025-08-05 16:00:00+00:00,34,1,405207,403.5,404.0,402.0,402.0,10473,ZC.v.0
2025-08-05 17:00:00+00:00,34,1,405207,402.0,402.75,402.0,402.25,9150,ZC.v.0
2025-08-05 18:00:00+00:00,34,1,405207,402.5,402.5,401.5,401.5,17857,ZC.v.0
2025-08-06 00:00:00+00:00,34,1,405207,402.0,402.0,401.25,401.5,2335,ZC.v.0
2025-08-06 01:00:00+00:00,34,1,405207,401.5,401.75,401.25,401.5,769,ZC.v.0
2025-08-06 02:00:00+00:00,34,1,405207,401.25,401.75,401.25,401.75,209,ZC.v.0
2025-08-06 03:00:00+00:00,34,1,405207,401.75,402.0,401.5,401.5,333,ZC.v.0
2025-08-06 04:00:00+00:00,34,1,405207,401.75,401.75,401.25,401.25,160,ZC.v.0
2025-08-06 05:00:00+00:00,34,1,405207,401.5,401.5,401.25,401.25,105,ZC.v.0
2025-08-06 06:00:00+00:00,34,1,405207,401.25,401.75,401.25,401.5,912,ZC.v.0
2025-08-06 07:00:00+00:00,34,1,405207,401.5,401.75,401.25,401.5,1004,ZC.v.0
2025-08-06 08:00:00+00:00,34,1,405207,401.25,401.5,400.5,400.75,5434,ZC.v.0
2025-08-06 09:00:00+00:00,34,1,405207,400.5,400.75,400.25,400.5,5190,ZC.v.0
2025-08-06 10:00:00+00:00,34,1,405207,400.25,402.0,400.25,402.0,1807,ZC.v.0
2025-08-06 11:00:00+00:00,34,1,405207,401.75,401.75,400.5,400.75,1453,ZC.v.0
2025-08-06 12:00:00+00:00,34,1,405207,401.0,401.25,400.5,400.5,1437,ZC.v.0
2025-08-06 13:00:00+00:00,34,1,405207,401.0,401.5,399.75,400.25,19361,ZC.v.0
2025-08-06 14:00:00+00:00,34,1,405207,400.5,400.5,398.5,399.0,15219,ZC.v.0
2025-08-06 15:00:00+00:00,34,1,405207,399.0,399.0,397.25,397.25,12681,ZC.v.0
2025-08-06 16:00:00+00:00,34,1,405207,397.25,398.75,396.75,398.0,14280,ZC.v.0
2025-08-06 17:00:00+00:00,34,1,405207,398.25,401.25,397.5,400.75,15223,ZC.v.0
2025-08-06 18:00:00+00:00,34,1,405207,400.5,402.0,400.5,402.0,11835,ZC.v.0
2025-08-07 00:00:00+00:00,34,1,405207,401.5,404.0,401.25,403.5,4685,ZC.v.0
2025-08-07 01:00:00+00:00,34,1,405207,403.75,404.0,403.25,403.75,680,ZC.v.0
2025-08-07 02:00:00+00:00,34,1,405207,403.75,404.0,403.5,403.75,361,ZC.v.0
2025-08-07 03:00:00+00:00,34,1,405207,403.75,404.5,403.5,404.0,2150,ZC.v.0
2025-08-07 04:00:00+00:00,34,1,405207,404.0,404.25,403.75,403.75,373,ZC.v.0
2025-08-07 05:00:00+00:00,34,1,405207,403.75,404.25,403.75,404.0,218,ZC.v.0
2025-08-07 06:00:00+00:00,34,1,405207,404.0,404.75,403.75,404.5,812,ZC.v.0
2025-08-07 07:00:00+00:00,34,1,405207,404.25,404.5,403.0,403.75,2581,ZC.v.0
2025-08-07 08:00:00+00:00,34,1,405207,403.5,404.0,403.25,403.25,1825,ZC.v.0
2025-08-07 09:00:00+00:00,34,1,405207,403.25,404.0,402.75,403.5,1658,ZC.v.0
2025-08-07 10:00:00+00:00,34,1,405207,403.75,404.0,403.25,403.5,806,ZC.v.0
2025-08-07 11:00:00+00:00,34,1,405207,403.25,404.5,403.25,403.75,1705,ZC.v.0
2025-08-07 12:00:00+00:00,34,1,405207,403.5,406.25,403.5,406.0,9206,ZC.v.0
2025-08-07 13:00:00+00:00,34,1,405207,406.25,407.0,405.0,406.0,20575,ZC.v.0
2025-08-07 14:00:00+00:00,34,1,405207,406.25,406.75,404.25,404.75,13629,ZC.v.0
2025-08-07 15:00:00+00:00,34,1,405207,404.75,406.5,404.75,406.0,7166,ZC.v.0
2025-08-07 16:00:00+00:00,34,1,405207,406.0,408.0,405.75,407.75,12041,ZC.v.0
2025-08-07 17:00:00+00:00,34,1,405207,407.5,408.0,405.75,406.0,10736,ZC.v.0
2025-08-07 18:00:00+00:00,34,1,405207,406.0,407.5,405.75,407.0,13379,ZC.v.0
2025-08-08 00:00:00+00:00,34,1,405207,406.75,408.0,406.75,407.25,1867,ZC.v.0
2025-08-08 01:00:00+00:00,34,1,405207,407.25,407.5,407.0,407.0,241,ZC.v.0
2025-08-08 02:00:00+00:00,34,1,405207,407.0,407.25,406.75,407.25,312,ZC.v.0
2025-08-08 03:00:00+00:00,34,1,405207,407.0,407.75,407.0,407.25,502,ZC.v.0
2025-08-08 04:00:00+00:00,34,1,405207,407.5,407.5,407.25,407.25,53,ZC.v.0
2025-08-08 05:00:00+00:00,34,1,405207,407.5,407.5,407.25,407.5,71,ZC.v.0
2025-08-08 06:00:00+00:00,34,1,405207,407.5,408.0,407.25,407.75,493,ZC.v.0
2025-08-08 07:00:00+00:00,34,1,405207,407.75,408.75,407.25,408.5,1743,ZC.v.0
2025-08-08 08:00:00+00:00,34,1,405207,408.75,408.75,406.75,407.0,1371,ZC.v.0
2025-08-08 09:00:00+00:00,34,1,405207,406.75,407.75,406.0,406.0,1680,ZC.v.0
2025-08-08 10:00:00+00:00,34,1,405207,406.0,406.0,405.5,405.5,981,ZC.v.0
2025-08-08 11:00:00+00:00,34,1,405207,405.5,407.0,405.25,406.5,1392,ZC.v.0
2025-08-08 12:00:00+00:00,34,1,405207,406.5,407.0,406.0,406.5,1414,ZC.v.0
2025-08-08 13:00:00+00:00,34,1,405207,406.5,409.5,404.25,409.0,17989,ZC.v.0
2025-08-08 14:00:00+00:00,34,1,405207,408.75,411.0,408.5,409.5,22125,ZC.v.0
2025-08-08 15:00:00+00:00,34,1,405207,409.5,409.5,407.25,408.0,15059,ZC.v.0
2025-08-08 16:00:00+00:00,34,1,405207,408.0,408.25,406.5,407.0,13145,ZC.v.0
2025-08-08 17:00:00+00:00,34,1,405207,406.75,407.0,405.5,405.5,9431,ZC.v.0
2025-08-08 18:00:00+00:00,34,1,405207,405.5,406.25,405.0,406.0,8443,ZC.v.0
2025-08-11 00:00:00+00:00,34,1,405207,405.0,405.5,403.0,403.5,5291,ZC.v.0
2025-08-11 01:00:00+00:00,34,1,405207,403.5,403.75,403.0,403.75,1624,ZC.v.0
2025-08-11 02:00:00+00:00,34,1,405207,403.75,403.75,403.25,403.75,279,ZC.v.0
2025-08-11 03:00:00+00:00,34,1,405207,403.75,406.75,403.5,406.75,3635,ZC.v.0
2025-08-11 04:00:00+00:00,34,1,405207,406.75,407.5,406.25,406.75,1850,ZC.v.0
2025-08-11 05:00:00+00:00,34,1,405207,406.75,408.5,406.75,407.75,3520,ZC.v.0
2025-08-11 06:00:00+00:00,34,1,405207,407.75,408.5,406.75,408.25,1608,ZC.v.0
2025-08-11 07:00:00+00:00,34,1,405207,408.25,408.5,406.25,407.5,4004,ZC.v.0
2025-08-11 08:00:00+00:00,34,1,405207,407.75,408.25,407.0,407.75,1395,ZC.v.0
2025-08-11 09:00:00+00:00,34,1,405207,407.5,408.25,406.75,408.0,1205,ZC.v.0
2025-08-11 10:00:00+00:00,34,1,405207,408.0,408.75,407.5,408.0,2304,ZC.v.0
2025-08-11 11:00:00+00:00,34,1,405207,407.75,408.25,407.25,408.0,2967,ZC.v.0
2025-08-11 12:00:00+00:00,34,1,405207,408.0,408.25,406.75,407.0,1770,ZC.v.0
2025-08-11 13:00:00+00:00,34,1,405207,407.0,409.0,406.0,408.5,12112,ZC.v.0
2025-08-11 14:00:00+00:00,34,1,405207,408.25,409.25,408.0,408.0,13510,ZC.v.0
2025-08-11 15:00:00+00:00,34,1,405207,407.75,409.0,407.5,408.5,6698,ZC.v.0
2025-08-11 16:00:00+00:00,34,1,405207,408.25,408.75,407.75,407.75,5644,ZC.v.0
2025-08-11 17:00:00+00:00,34,1,405207,407.75,408.25,407.0,407.75,11323,ZC.v.0
2025-08-11 18:00:00+00:00,34,1,405207,407.5,408.0,407.25,407.75,9167,ZC.v.0
2025-08-12 00:00:00+00:00,34,1,405207,407.75,407.75,406.0,406.0,3252,ZC.v.0
2025-08-12 01:00:00+00:00,34,1,405207,406.0,406.0,405.0,405.25,966,ZC.v.0
2025-08-12 02:00:00+00:00,34,1,405207,405.0,405.25,404.0,404.75,1976,ZC.v.0
2025-08-12 03:00:00+00:00,34,1,405207,404.75,405.0,404.5,404.5,198,ZC.v.0
2025-08-12 04:00:00+00:00,34,1,405207,404.5,404.75,404.25,404.75,87,ZC.v.0
2025-08-12 05:00:00+00:00,34,1,405207,404.75,404.75,404.0,404.25,1130,ZC.v.0
2025-08-12 06:00:00+00:00,34,1,405207,404.5,404.5,403.75,404.0,1508,ZC.v.0
2025-08-12 07:00:00+00:00,34,1,405207,403.75,404.25,403.75,404.25,1407,ZC.v.0
2025-08-12 08:00:00+00:00,34,1,405207,404.25,404.5,403.25,403.25,3192,ZC.v.0
2025-08-12 09:00:00+00:00,34,1,405207,403.25,403.75,403.25,403.75,2230,ZC.v.0
2025-08-12 10:00:00+00:00,34,1,405207,403.75,404.5,403.5,404.25,2426,ZC.v.0
2025-08-12 11:00:00+00:00,34,1,405207,404.0,405.75,404.0,405.0,2131,ZC.v.0
2025-08-12 12:00:00+00:00,34,1,405207,405.0,405.0,404.25,404.5,4002,ZC.v.0
2025-08-12 13:00:00+00:00,34,1,405207,404.25,405.0,403.25,403.75,12545,ZC.v.0
2025-08-12 14:00:00+00:00,34,1,405207,403.5,404.25,403.0,403.25,17949,ZC.v.0
2025-08-12 15:00:00+00:00,34,1,405207,403.25,404.0,401.75,402.25,21027,ZC.v.0
2025-08-12 16:00:00+00:00,34,1,405207,402.25,402.25,392.0,392.5,130886,ZC.v.0
2025-08-12 17:00:00+00:00,34,1,405207,392.5,394.0,392.0,393.25,28219,ZC.v.0
2025-08-12 18:00:00+00:00,34,1,405207,393.5,395.0,393.0,394.5,22747,ZC.v.0
2025-08-13 00:00:00+00:00,34,1,405207,394.0,395.75,394.0,395.75,4587,ZC.v.0
2025-08-13 01:00:00+00:00,34,1,405207,395.75,396.0,395.0,395.5,1012,ZC.v.0
2025-08-13 02:00:00+00:00,34,1,405207,395.25,395.75,395.25,395.5,787,ZC.v.0
2025-08-13 03:00:00+00:00,34,1,405207,395.75,395.75,395.25,395.5,878,ZC.v.0
2025-08-13 04:00:00+00:00,34,1,405207,395.25,395.25,394.75,395.0,187,ZC.v.0
2025-08-13 05:00:00+00:00,34,1,405207,395.0,395.75,394.75,395.5,741,ZC.v.0
2025-08-13 06:00:00+00:00,34,1,405207,395.5,395.75,394.75,394.75,987,ZC.v.0
2025-08-13 07:00:00+00:00,34,1,405207,394.75,395.75,394.5,395.25,1774,ZC.v.0
2025-08-13 08:00:00+00:00,34,1,405207,395.25,395.75,394.75,395.75,2517,ZC.v.0
2025-08-13 09:00:00+00:00,34,1,405207,395.75,396.0,395.0,395.25,1793,ZC.v.0
2025-08-13 10:00:00+00:00,34,1,405207,395.25,396.25,394.5,396.25,1694,ZC.v.0
2025-08-13 11:00:00+00:00,34,1,405207,396.5,397.0,396.0,397.0,3524,ZC.v.0
2025-08-13 12:00:00+00:00,34,1,405207,397.0,397.0,396.25,396.25,1970,ZC.v.0
2025-08-13 13:00:00+00:00,34,1,405207,396.5,397.25,395.75,397.0,16900,ZC.v.0
2025-08-13 14:00:00+00:00,34,1,405207,396.75,398.5,396.5,396.5,21587,ZC.v.0
2025-08-13 15:00:00+00:00,34,1,405207,396.5,397.0,393.75,393.75,22418,ZC.v.0
2025-08-13 16:00:00+00:00,34,1,405207,393.75,396.25,393.5,396.0,10387,ZC.v.0
2025-08-13 17:00:00+00:00,34,1,405207,396.25,397.5,396.0,397.25,6514,ZC.v.0
2025-08-13 18:00:00+00:00,34,1,405207,397.25,397.5,396.5,396.75,8978,ZC.v.0
2025-08-14 00:00:00+00:00,34,1,405207,397.0,398.0,396.5,397.5,2139,ZC.v.0
2025-08-14 01:00:00+00:00,34,1,405207,397.75,398.5,397.5,398.0,1073,ZC.v.0
2025-08-14 02:00:00+00:00,34,1,405207,398.0,398.5,398.0,398.0,603,ZC.v.0
2025-08-14 03:00:00+00:00,34,1,405207,398.0,398.0,397.5,397.5,235,ZC.v.0
2025-08-14 04:00:00+00:00,34,1,405207,397.75,398.0,397.5,397.5,139,ZC.v.0
2025-08-14 05:00:00+00:00,34,1,405207,397.75,397.75,397.5,397.75,282,ZC.v.0
2025-08-14 06:00:00+00:00,34,1,405207,397.75,398.0,397.0,397.0,258,ZC.v.0
2025-08-14 07:00:00+00:00,34,1,405207,397.25,397.5,395.25,395.25,2109,ZC.v.0
2025-08-14 08:00:00+00:00,34,1,405207,395.5,396.25,394.5,395.0,2258,ZC.v.0
2025-08-14 09:00:00+00:00,34,1,405207,395.0,395.5,394.0,394.25,1674,ZC.v.0
2025-08-14 10:00:00+00:00,34,1,405207,394.25,394.75,393.0,393.0,2084,ZC.v.0
2025-08-14 11:00:00+00:00,34,1,405207,393.0,394.0,393.0,393.5,1532,ZC.v.0
2025-08-14 12:00:00+00:00,34,1,405207,393.5,393.5,392.5,393.0,2941,ZC.v.0
2025-08-14 13:00:00+00:00,34,1,405207,393.0,395.0,393.0,394.75,13170,ZC.v.0
2025-08-14 14:00:00+00:00,34,1,405207,395.0,396.0,394.0,394.0,12437,ZC.v.0
2025-08-14 15:00:00+00:00,34,1,405207,394.0,396.25,394.0,395.25,10418,ZC.v.0
2025-08-14 16:00:00+00:00,34,1,405207,395.0,396.75,395.0,396.0,9749,ZC.v.0
2025-08-14 17:00:00+00:00,34,1,405207,396.0,397.0,395.75,396.5,10383,ZC.v.0
2025-08-14 18:00:00+00:00,34,1,405207,396.25,399.0,396.25,398.5,13084,ZC.v.0
2025-08-15 00:00:00+00:00,34,1,405207,397.75,399.25,397.5,397.5,2455,ZC.v.0
2025-08-15 01:00:00+00:00,34,1,405207,397.75,398.0,397.0,397.75,670,ZC.v.0
2025-08-15 02:00:00+00:00,34,1,405207,397.75,398.75,397.75,398.5,1068,ZC.v.0
2025-08-15 03:00:00+00:00,34,1,405207,398.5,398.5,397.75,398.25,157,ZC.v.0
2025-08-15 04:00:00+00:00,34,1,405207,398.0,398.5,397.75,398.25,208,ZC.v.0
2025-08-15 05:00:00+00:00,34,1,405207,398.25,398.25,397.25,397.25,342,ZC.v.0
2025-08-15 06:00:00+00:00,34,1,405207,397.25,398.5,397.0,398.25,315,ZC.v.0
2025-08-15 07:00:00+00:00,34,1,405207,398.25,398.5,397.5,397.75,378,ZC.v.0
2025-08-15 08:00:00+00:00,34,1,405207,398.0,399.75,397.75,399.0,2219,ZC.v.0
2025-08-15 09:00:00+00:00,34,1,405207,399.25,399.5,398.75,399.0,791,ZC.v.0
2025-08-15 10:00:00+00:00,34,1,405207,399.0,399.75,398.75,399.5,1064,ZC.v.0
2025-08-15 11:00:00+00:00,34,1,405207,399.25,400.75,399.0,400.75,4941,ZC.v.0
2025-08-15 12:00:00+00:00,34,1,405207,400.75,401.25,400.25,401.0,3275,ZC.v.0
2025-08-15 13:00:00+00:00,34,1,405207,401.0,401.5,399.0,400.5,18907,ZC.v.0
2025-08-15 14:00:00+00:00,34,1,405207,400.5,402.75,399.5,402.0,21839,ZC.v.0
2025-08-15 15:00:00+00:00,34,1,405207,401.75,404.0,401.0,403.75,18216,ZC.v.0
2025-08-15 16:00:00+00:00,34,1,405207,403.75,404.25,402.5,403.0,14068,ZC.v.0
2025-08-15 17:00:00+00:00,34,1,405207,403.25,404.5,403.0,404.5,10624,ZC.v.0
2025-08-15 18:00:00+00:00,34,1,405207,404.25,405.75,404.25,405.75,20441,ZC.v.0
2025-08-18 00:00:00+00:00,34,1,405207,404.5,404.5,401.5,401.75,7293,ZC.v.0
2025-08-18 01:00:00+00:00,34,1,405207,401.75,402.25,401.5,402.0,1282,ZC.v.0
2025-08-18 02:00:00+00:00,34,1,405207,401.75,402.5,401.75,402.0,311,ZC.v.0
2025-08-18 03:00:00+00:00,34,1,405207,402.25,402.5,402.0,402.5,469,ZC.v.0
2025-08-18 04:00:00+00:00,34,1,405207,402.5,402.5,402.25,402.25,55,ZC.v.0
2025-08-18 05:00:00+00:00,34,1,405207,402.25,402.75,402.25,402.25,282,ZC.v.0
2025-08-18 06:00:00+00:00,34,1,405207,402.25,402.25,401.25,401.5,1442,ZC.v.0
2025-08-18 07:00:00+00:00,34,1,405207,401.5,402.5,401.25,402.25,1048,ZC.v.0
2025-08-18 08:00:00+00:00,34,1,405207,402.0,402.5,401.75,402.5,599,ZC.v.0
2025-08-18 09:00:00+00:00,34,1,405207,402.25,404.25,402.25,404.25,2000,ZC.v.0
2025-08-18 10:00:00+00:00,34,1,405207,404.0,404.25,402.5,403.5,1641,ZC.v.0
2025-08-18 11:00:00+00:00,34,1,405207,403.5,403.5,402.5,403.25,2503,ZC.v.0
2025-08-18 12:00:00+00:00,34,1,405207,403.25,403.5,402.5,403.0,2780,ZC.v.0
2025-08-18 13:00:00+00:00,34,1,405207,403.0,407.5,402.75,407.25,22980,ZC.v.0
2025-08-18 14:00:00+00:00,34,1,405207,407.5,408.0,406.0,406.75,23860,ZC.v.0
2025-08-18 15:00:00+00:00,34,1,405207,406.75,407.0,404.75,405.5,14590,ZC.v.0
2025-08-18 16:00:00+00:00,34,1,405207,405.5,407.25,405.25,407.25,11950,ZC.v.0
2025-08-18 17:00:00+00:00,34,1,405207,407.0,407.5,406.0,406.75,7917,ZC.v.0
2025-08-18 18:00:00+00:00,34,1,405207,406.5,407.25,406.0,406.5,12897,ZC.v.0
2025-08-19 00:00:00+00:00,34,1,405207,406.0,406.0,404.75,405.25,2536,ZC.v.0
2025-08-19 01:00:00+00:00,34,1,405207,405.25,405.25,404.25,404.75,643,ZC.v.0
2025-08-19 02:00:00+00:00,34,1,405207,404.5,404.75,404.25,404.5,578,ZC.v.0
2025-08-19 03:00:00+00:00,34,1,405207,404.25,404.5,404.25,404.25,568,ZC.v.0
2025-08-19 04:00:00+00:00,34,1,405207,404.5,405.0,404.25,404.75,184,ZC.v.0
2025-08-19 05:00:00+00:00,34,1,405207,404.75,405.25,404.5,404.5,257,ZC.v.0
2025-08-19 06:00:00+00:00,34,1,405207,404.5,404.5,404.0,404.0,1081,ZC.v.0
2025-08-19 07:00:00+00:00,34,1,405207,404.25,404.5,404.0,404.0,1916,ZC.v.0
2025-08-19 08:00:00+00:00,34,1,405207,404.0,404.25,403.75,403.75,1040,ZC.v.0
2025-08-19 09:00:00+00:00,34,1,405207,404.0,404.25,403.25,403.75,1495,ZC.v.0
2025-08-19 10:00:00+00:00,34,1,405207,403.25,403.5,402.5,403.0,2820,ZC.v.0
2025-08-19 11:00:00+00:00,34,1,405207,403.0,403.5,402.5,402.75,1921,ZC.v.0
2025-08-19 12:00:00+00:00,34,1,405207,402.75,403.0,402.25,402.25,2630,ZC.v.0
2025-08-19 13:00:00+00:00,34,1,405207,402.25,405.25,401.5,404.75,19505,ZC.v.0
2025-08-19 14:00:00+00:00,34,1,405207,404.75,405.75,402.75,403.25,17681,ZC.v.0
2025-08-19 15:00:00+00:00,34,1,405207,403.0,404.5,402.5,402.5,8106,ZC.v.0
2025-08-19 16:00:00+00:00,34,1,405207,402.5,404.0,402.5,403.5,7307,ZC.v.0
2025-08-19 17:00:00+00:00,34,1,405207,403.25,404.5,403.0,403.75,8641,ZC.v.0
2025-08-19 18:00:00+00:00,34,1,405207,403.75,404.0,402.5,403.0,8873,ZC.v.0
2025-08-20 00:00:00+00:00,34,1,405207,403.5,404.75,403.0,403.0,2571,ZC.v.0
2025-08-20 01:00:00+00:00,34,1,405207,403.0,404.5,403.0,404.25,552,ZC.v.0
2025-08-20 02:00:00+00:00,34,1,405207,404.5,404.75,404.25,404.25,433,ZC.v.0
2025-08-20 03:00:00+00:00,34,1,405207,404.25,404.5,404.0,404.5,361,ZC.v.0
2025-08-20 04:00:00+00:00,34,1,405207,404.5,404.5,404.0,404.0,147,ZC.v.0
2025-08-20 05:00:00+00:00,34,1,405207,403.75,403.75,402.5,403.5,490,ZC.v.0
2025-08-20 06:00:00+00:00,34,1,405207,403.5,403.75,403.0,403.25,1085,ZC.v.0
2025-08-20 07:00:00+00:00,34,1,405207,403.0,404.25,403.0,404.25,863,ZC.v.0
2025-08-20 08:00:00+00:00,34,1,405207,404.0,404.75,403.0,403.25,786,ZC.v.0
2025-08-20 09:00:00+00:00,34,1,405207,403.5,404.0,402.25,402.5,954,ZC.v.0
2025-08-20 10:00:00+00:00,34,1,405207,402.5,402.5,401.25,401.5,2127,ZC.v.0
2025-08-20 11:00:00+00:00,34,1,405207,401.5,402.5,401.25,402.25,1547,ZC.v.0
2025-08-20 12:00:00+00:00,34,1,405207,402.25,403.0,402.0,402.5,817,ZC.v.0
2025-08-20 13:00:00+00:00,34,1,405207,403.0,405.0,402.5,404.5,12179,ZC.v.0
2025-08-20 14:00:00+00:00,34,1,405207,404.5,406.0,404.25,405.5,14290,ZC.v.0
2025-08-20 15:00:00+00:00,34,1,405207,405.5,405.75,403.0,403.5,11205,ZC.v.0
2025-08-20 16:00:00+00:00,34,1,405207,403.25,406.0,402.75,405.5,11184,ZC.v.0
2025-08-20 17:00:00+00:00,34,1,405207,405.5,406.0,403.5,403.75,7886,ZC.v.0
2025-08-20 18:00:00+00:00,34,1,405207,403.75,404.5,403.25,404.25,9501,ZC.v.0
2025-08-21 00:00:00+00:00,34,1,405207,403.5,404.75,403.25,404.5,1790,ZC.v.0
2025-08-21 01:00:00+00:00,34,1,405207,404.75,405.0,404.0,404.25,1008,ZC.v.0
2025-08-21 02:00:00+00:00,34,1,405207,404.5,405.0,404.25,404.5,1040,ZC.v.0
2025-08-21 03:00:00+00:00,34,1,405207,404.5,405.0,404.5,404.75,204,ZC.v.0
2025-08-21 04:00:00+00:00,34,1,405207,404.75,405.25,404.5,405.25,338,ZC.v.0
2025-08-21 05:00:00+00:00,34,1,405207,405.25,405.75,405.25,405.75,440,ZC.v.0
2025-08-21 06:00:00+00:00,34,1,405207,405.5,406.25,405.0,405.25,1179,ZC.v.0
2025-08-21 07:00:00+00:00,34,1,405207,405.25,405.25,404.5,404.5,568,ZC.v.0
2025-08-21 08:00:00+00:00,34,1,405207,404.5,405.0,404.25,404.25,873,ZC.v.0
2025-08-21 09:00:00+00:00,34,1,405207,404.25,405.75,404.0,405.25,931,ZC.v.0
2025-08-21 10:00:00+00:00,34,1,405207,405.25,406.0,405.25,405.25,773,ZC.v.0
2025-08-21 11:00:00+00:00,34,1,405207,405.5,406.75,405.0,406.75,2829,ZC.v.0
2025-08-21 12:00:00+00:00,34,1,405207,406.75,407.0,405.75,406.75,3715,ZC.v.0
2025-08-21 13:00:00+00:00,34,1,405207,406.75,409.0,405.0,408.75,25921,ZC.v.0
2025-08-21 14:00:00+00:00,34,1,405207,408.5,410.0,407.75,408.75,34700,ZC.v.0
2025-08-21 15:00:00+00:00,34,1,405207,408.75,410.25,408.5,409.5,16983,ZC.v.0
2025-08-21 16:00:00+00:00,34,1,405207,409.25,413.75,409.25,413.0,34875,ZC.v.0
2025-08-21 17:00:00+00:00,34,1,405207,412.75,413.0,410.5,411.0,23279,ZC.v.0
2025-08-21 18:00:00+00:00,34,1,405207,411.0,412.75,410.75,412.75,17213,ZC.v.0
2025-08-22 00:00:00+00:00,34,1,405207,411.75,413.25,411.75,412.75,6507,ZC.v.0
2025-08-22 01:00:00+00:00,34,1,405207,412.5,412.75,412.0,412.5,759,ZC.v.0
2025-08-22 02:00:00+00:00,34,1,405207,412.5,413.0,412.25,412.75,449,ZC.v.0
2025-08-22 03:00:00+00:00,34,1,405207,412.75,412.75,412.5,412.75,149,ZC.v.0
2025-08-22 04:00:00+00:00,34,1,405207,412.75,413.0,412.5,412.75,130,ZC.v.0
2025-08-22 05:00:00+00:00,34,1,405207,412.75,413.5,412.75,413.5,708,ZC.v.0
2025-08-22 06:00:00+00:00,34,1,405207,413.5,413.5,411.75,412.5,2053,ZC.v.0
2025-08-22 07:00:00+00:00,34,1,405207,412.75,412.75,411.5,412.0,1725,ZC.v.0
2025-08-22 08:00:00+00:00,34,1,405207,411.75,413.0,411.5,412.5,1199,ZC.v.0
2025-08-22 09:00:00+00:00,34,1,405207,412.5,413.0,411.0,411.25,1304,ZC.v.0
2025-08-22 10:00:00+00:00,34,1,405207,411.0,411.5,410.5,411.25,1618,ZC.v.0
2025-08-22 11:00:00+00:00,34,1,405207,411.25,412.75,410.75,412.25,2156,ZC.v.0
2025-08-22 12:00:00+00:00,34,1,405207,412.25,412.25,411.0,411.5,2862,ZC.v.0
2025-08-22 13:00:00+00:00,34,1,405207,411.5,412.25,410.25,412.0,17508,ZC.v.0
2025-08-22 14:00:00+00:00,34,1,405207,412.25,412.75,410.75,411.5,15897,ZC.v.0
2025-08-22 15:00:00+00:00,34,1,405207,411.5,412.5,409.75,411.75,17248,ZC.v.0
2025-08-22 16:00:00+00:00,34,1,405207,411.75,412.0,410.5,411.75,11798,ZC.v.0
2025-08-22 17:00:00+00:00,34,1,405207,411.75,412.0,411.0,411.5,7514,ZC.v.0
2025-08-22 18:00:00+00:00,34,1,405207,411.5,412.0,411.0,411.75,14177,ZC.v.0
2025-08-25 00:00:00+00:00,34,1,405207,413.0,414.25,412.5,413.5,7461,ZC.v.0
2025-08-25 01:00:00+00:00,34,1,405207,413.5,414.25,413.0,414.25,965,ZC.v.0
2025-08-25 02:00:00+00:00,34,1,405207,414.25,415.25,414.0,415.25,2331,ZC.v.0
2025-08-25 03:00:00+00:00,34,1,405207,415.25,415.75,415.25,415.5,1357,ZC.v.0
2025-08-25 04:00:00+00:00,34,1,405207,415.25,415.5,415.25,415.25,214,ZC.v.0
2025-08-25 05:00:00+00:00,34,1,405207,415.0,415.5,415.0,415.5,550,ZC.v.0
2025-08-25 06:00:00+00:00,34,1,405207,415.5,415.5,415.25,415.5,244,ZC.v.0
2025-08-25 07:00:00+00:00,34,1,405207,415.5,415.75,414.75,414.75,1329,ZC.v.0
2025-08-25 08:00:00+00:00,34,1,405207,414.75,415.5,414.0,415.25,1523,ZC.v.0
2025-08-25 09:00:00+00:00,34,1,405207,415.0,416.5,414.5,415.5,4401,ZC.v.0
2025-08-25 10:00:00+00:00,34,1,405207,415.5,415.75,414.0,414.5,1446,ZC.v.0
2025-08-25 11:00:00+00:00,34,1,405207,414.25,415.0,414.0,414.5,2419,ZC.v.0
2025-08-25 12:00:00+00:00,34,1,405207,414.75,415.5,414.5,414.75,2328,ZC.v.0
2025-08-25 13:00:00+00:00,34,1,405207,414.75,416.5,414.25,415.0,20024,ZC.v.0
2025-08-25 14:00:00+00:00,34,1,405207,415.0,416.5,414.25,414.5,16420,ZC.v.0
2025-08-25 15:00:00+00:00,34,1,405207,414.25,414.5,412.75,413.5,14273,ZC.v.0
2025-08-25 16:00:00+00:00,34,1,405207,413.25,414.0,412.75,413.0,10548,ZC.v.0
2025-08-25 17:00:00+00:00,34,1,405207,413.0,413.25,411.25,411.5,12025,ZC.v.0
2025-08-25 18:00:00+00:00,34,1,405207,411.5,412.75,411.25,412.5,10969,ZC.v.0
2025-08-26 00:00:00+00:00,34,1,405207,412.0,412.0,410.25,411.5,4470,ZC.v.0
2025-08-26 01:00:00+00:00,34,1,405207,411.5,412.0,411.0,411.75,1091,ZC.v.0
2025-08-26 02:00:00+00:00,34,1,405207,411.75,412.5,411.5,412.0,586,ZC.v.0
2025-08-26 03:00:00+00:00,34,1,405207,411.75,412.0,411.5,411.5,127,ZC.v.0
2025-08-26 04:00:00+00:00,34,1,405207,411.5,412.0,411.5,411.5,174,ZC.v.0
2025-08-26 05:00:00+00:00,34,1,405207,411.5,412.5,411.25,412.5,1003,ZC.v.0
2025-08-26 06:00:00+00:00,34,1,405207,412.5,414.25,412.25,413.5,3028,ZC.v.0
2025-08-26 07:00:00+00:00,34,1,405207,413.5,413.75,412.0,412.5,1449,ZC.v.0
2025-08-26 08:00:00+00:00,34,1,405207,412.5,413.75,412.0,413.5,1431,ZC.v.0
2025-08-26 09:00:00+00:00,34,1,405207,413.5,414.5,413.25,414.0,1237,ZC.v.0
2025-08-26 10:00:00+00:00,34,1,405207,414.0,414.0,411.25,411.75,2141,ZC.v.0
2025-08-26 11:00:00+00:00,34,1,405207,411.75,412.5,411.25,411.5,2522,ZC.v.0
2025-08-26 12:00:00+00:00,34,1,405207,411.75,412.75,411.5,411.75,2307,ZC.v.0
2025-08-26 13:00:00+00:00,34,1,405207,412.0,412.75,409.5,410.5,20232,ZC.v.0
2025-08-26 14:00:00+00:00,34,1,405207,410.5,411.5,408.75,409.5,19153,ZC.v.0
2025-08-26 15:00:00+00:00,34,1,405207,409.5,410.0,408.5,408.75,12413,ZC.v.0
2025-08-26 16:00:00+00:00,34,1,405207,408.75,409.75,408.75,409.5,9642,ZC.v.0
2025-08-26 17:00:00+00:00,34,1,405207,409.5,409.75,408.75,409.25,8878,ZC.v.0
2025-08-26 18:00:00+00:00,34,1,405207,409.25,410.0,408.75,409.25,11308,ZC.v.0
2025-08-27 00:00:00+00:00,34,1,405207,409.25,410.0,409.0,409.5,2184,ZC.v.0
2025-08-27 01:00:00+00:00,34,1,405207,409.5,409.75,409.0,409.0,507,ZC.v.0
2025-08-27 02:00:00+00:00,34,1,405207,409.0,409.5,408.75,408.75,741,ZC.v.0
2025-08-27 03:00:00+00:00,34,1,405207,408.75,409.0,408.25,408.5,703,ZC.v.0
2025-08-27 04:00:00+00:00,34,1,405207,408.5,408.75,408.25,408.25,289,ZC.v.0
2025-08-27 05:00:00+00:00,34,1,405207,408.25,408.25,408.0,408.0,711,ZC.v.0
2025-08-27 06:00:00+00:00,34,1,405207,408.0,408.25,407.5,408.0,783,ZC.v.0
2025-08-27 07:00:00+00:00,34,1,405207,408.0,408.0,407.25,407.5,1411,ZC.v.0
2025-08-27 08:00:00+00:00,34,1,405207,407.5,408.0,407.0,407.25,1570,ZC.v.0
2025-08-27 09:00:00+00:00,34,1,405207,407.25,408.75,407.25,408.25,2228,ZC.v.0
2025-08-27 10:00:00+00:00,34,1,405207,408.75,408.75,408.25,408.25,414,ZC.v.0
2025-08-27 11:00:00+00:00,34,1,405207,408.25,409.25,408.0,408.25,990,ZC.v.0
2025-08-27 12:00:00+00:00,34,1,405207,408.5,408.5,407.25,407.75,2695,ZC.v.0
2025-08-27 13:00:00+00:00,34,1,405207,407.5,407.5,406.5,406.75,13653,ZC.v.0
2025-08-27 14:00:00+00:00,34,1,405207,406.75,407.0,405.5,406.5,16289,ZC.v.0
2025-08-27 15:00:00+00:00,34,1,405207,406.25,407.0,405.5,406.0,16956,ZC.v.0
2025-08-27 16:00:00+00:00,34,1,405207,406.0,407.5,406.0,407.0,12136,ZC.v.0
2025-08-27 17:00:00+00:00,34,1,405207,407.25,407.25,405.25,405.5,11620,ZC.v.0
2025-08-27 18:00:00+00:00,34,1,405207,405.5,406.25,405.5,406.0,8571,ZC.v.0
2025-08-28 00:00:00+00:00,34,1,405207,406.0,406.75,405.25,405.75,3013,ZC.v.0
2025-08-28 01:00:00+00:00,34,1,405207,406.0,406.0,405.5,405.75,330,ZC.v.0
2025-08-28 02:00:00+00:00,34,1,405207,405.75,405.75,405.5,405.5,222,ZC.v.0
2025-08-28 03:00:00+00:00,34,1,405207,405.5,406.0,405.5,405.75,429,ZC.v.0
2025-08-28 04:00:00+00:00,34,1,405207,405.75,406.75,405.75,406.5,728,ZC.v.0
2025-08-28 05:00:00+00:00,34,1,405207,406.5,406.75,406.25,406.5,152,ZC.v.0
2025-08-28 06:00:00+00:00,34,1,405207,406.5,406.5,406.0,406.25,384,ZC.v.0
2025-08-28 07:00:00+00:00,34,1,405207,406.25,406.5,406.0,406.25,624,ZC.v.0
2025-08-28 08:00:00+00:00,34,1,405207,406.25,406.5,405.25,405.5,1362,ZC.v.0
2025-08-28 09:00:00+00:00,34,1,405207,405.5,406.25,405.25,406.0,458,ZC.v.0
2025-08-28 10:00:00+00:00,34,1,405207,406.0,406.75,405.75,406.25,762,ZC.v.0
2025-08-28 11:00:00+00:00,34,1,405207,406.25,406.75,406.0,406.75,1360,ZC.v.0
2025-08-28 12:00:00+00:00,34,1,405207,406.5,407.0,405.0,405.25,3591,ZC.v.0
2025-08-28 13:00:00+00:00,34,1,405207,405.5,405.75,403.5,404.5,19692,ZC.v.0
2025-08-28 14:00:00+00:00,34,1,405207,404.5,405.75,403.75,404.75,18152,ZC.v.0
2025-08-28 15:00:00+00:00,34,1,405207,404.75,407.5,404.5,407.5,19580,ZC.v.0
2025-08-28 16:00:00+00:00,34,1,405207,407.5,409.0,406.75,409.0,14690,ZC.v.0
2025-08-28 17:00:00+00:00,34,1,405207,409.0,409.5,408.75,409.0,13344,ZC.v.0
2025-08-28 18:00:00+00:00,34,1,405207,408.75,411.0,408.75,410.75,24512,ZC.v.0
2025-08-29 00:00:00+00:00,34,1,405207,410.0,412.0,409.75,411.0,4302,ZC.v.0
2025-08-29 01:00:00+00:00,34,1,405207,411.0,411.75,410.5,411.0,955,ZC.v.0
2025-08-29 02:00:00+00:00,34,1,405207,411.25,411.75,410.75,411.0,1519,ZC.v.0
2025-08-29 03:00:00+00:00,34,1,405207,411.0,411.5,411.0,411.25,513,ZC.v.0
2025-08-29 04:00:00+00:00,34,1,405207,411.5,411.5,411.25,411.5,87,ZC.v.0
2025-08-29 05:00:00+00:00,34,1,405207,411.25,411.5,411.0,411.25,414,ZC.v.0
2025-08-29 06:00:00+00:00,34,1,405207,411.5,411.5,411.0,411.0,705,ZC.v.0
2025-08-29 07:00:00+00:00,34,1,405207,411.25,412.0,411.0,411.5,2134,ZC.v.0
2025-08-29 08:00:00+00:00,34,1,405207,411.75,412.0,411.0,411.25,1741,ZC.v.0
2025-08-29 09:00:00+00:00,34,1,405207,411.25,412.5,411.25,411.25,2822,ZC.v.0
2025-08-29 10:00:00+00:00,34,1,405207,411.0,412.0,410.5,411.5,3201,ZC.v.0
2025-08-29 11:00:00+00:00,34,1,405207,411.75,412.75,411.5,412.75,1687,ZC.v.0
2025-08-29 12:00:00+00:00,34,1,405207,412.75,412.75,411.0,412.0,3957,ZC.v.0
2025-08-29 13:00:00+00:00,34,1,405207,411.75,413.75,411.5,412.5,18856,ZC.v.0
2025-08-29 14:00:00+00:00,34,1,405207,412.75,414.5,412.0,414.25,21181,ZC.v.0
2025-08-29 15:00:00+00:00,34,1,405207,414.25,418.5,413.75,418.5,38941,ZC.v.0
2025-08-29 16:00:00+00:00,34,1,405207,418.5,419.75,417.0,417.5,46467,ZC.v.0
2025-08-29 17:00:00+00:00,34,1,405207,417.75,419.0,417.25,419.0,17321,ZC.v.0
2025-08-29 18:00:00+00:00,34,1,405207,418.75,420.5,418.75,420.0,35346,ZC.v.0
2025-09-02 00:00:00+00:00,34,1,405207,418.0,419.5,416.25,419.0,9834,ZC.v.0
2025-09-02 01:00:00+00:00,34,1,405207,419.25,419.25,417.5,417.75,1849,ZC.v.0
2025-09-02 02:00:00+00:00,34,1,405207,417.75,418.0,417.25,417.75,976,ZC.v.0
2025-09-02 03:00:00+00:00,34,1,405207,417.5,418.0,417.5,418.0,519,ZC.v.0
2025-09-02 04:00:00+00:00,34,1,405207,417.75,418.0,417.5,417.5,360,ZC.v.0
2025-09-02 05:00:00+00:00,34,1,405207,417.5,418.25,417.25,418.0,1267,ZC.v.0
2025-09-02 06:00:00+00:00,34,1,405207,417.75,419.0,417.75,418.25,1836,ZC.v.0
2025-09-02 07:00:00+00:00,34,1,405207,418.5,418.75,417.5,418.0,2912,ZC.v.0
2025-09-02 08:00:00+00:00,34,1,405207,418.0,419.0,417.75,418.5,3568,ZC.v.0
2025-09-02 09:00:00+00:00,34,1,405207,418.75,419.75,418.5,419.75,1324,ZC.v.0
2025-09-02 10:00:00+00:00,34,1,405207,419.5,419.75,417.75,418.5,1940,ZC.v.0
2025-09-02 11:00:00+00:00,34,1,405207,418.5,419.25,417.75,418.0,2683,ZC.v.0
2025-09-02 12:00:00+00:00,34,1,405207,417.75,418.25,416.75,417.0,6359,ZC.v.0
2025-09-02 13:00:00+00:00,34,1,405207,416.5,417.25,414.75,415.75,30037,ZC.v.0
2025-09-02 14:00:00+00:00,34,1,405207,415.5,419.5,414.0,419.5,30871,ZC.v.0
2025-09-02 15:00:00+00:00,34,1,405207,419.5,419.5,417.75,417.75,19215,ZC.v.0
2025-09-02 16:00:00+00:00,34,1,405207,418.0,419.75,417.5,419.5,12616,ZC.v.0
2025-09-02 17:00:00+00:00,34,1,405207,419.5,421.75,418.75,421.5,25965,ZC.v.0
2025-09-02 18:00:00+00:00,34,1,405207,421.5,423.5,421.5,423.0,29282,ZC.v.0
2025-09-03 00:00:00+00:00,34,1,405207,423.0,424.25,422.25,422.5,7111,ZC.v.0
2025-09-03 01:00:00+00:00,34,1,405207,422.5,422.75,422.25,422.75,982,ZC.v.0
2025-09-03 02:00:00+00:00,34,1,405207,422.75,422.75,422.25,422.25,1337,ZC.v.0
2025-09-03 03:00:00+00:00,34,1,405207,422.25,422.5,422.25,422.25,262,ZC.v.0
2025-09-03 04:00:00+00:00,34,1,405207,422.25,422.75,422.0,422.25,765,ZC.v.0
2025-09-03 05:00:00+00:00,34,1,405207,422.25,423.0,422.25,422.75,517,ZC.v.0
2025-09-03 06:00:00+00:00,34,1,405207,422.75,424.0,422.75,423.25,1865,ZC.v.0
2025-09-03 07:00:00+00:00,34,1,405207,423.25,424.0,423.25,423.75,1322,ZC.v.0
2025-09-03 08:00:00+00:00,34,1,405207,424.0,424.0,423.25,424.0,1752,ZC.v.0
2025-09-03 09:00:00+00:00,34,1,405207,424.0,424.25,421.5,422.0,3148,ZC.v.0
2025-09-03 10:00:00+00:00,34,1,405207,422.25,422.5,421.5,422.25,2010,ZC.v.0
2025-09-03 11:00:00+00:00,34,1,405207,422.25,422.5,420.25,420.25,4044,ZC.v.0
2025-09-03 12:00:00+00:00,34,1,405207,420.25,421.0,419.25,419.5,9159,ZC.v.0
2025-09-03 13:00:00+00:00,34,1,405207,420.25,421.75,418.25,418.75,21975,ZC.v.0
2025-09-03 14:00:00+00:00,34,1,405207,418.75,419.0,417.5,418.25,19981,ZC.v.0
2025-09-03 15:00:00+00:00,34,1,405207,418.0,418.75,416.25,416.75,21408,ZC.v.0
2025-09-03 16:00:00+00:00,34,1,405207,416.75,418.0,416.5,417.75,11320,ZC.v.0
2025-09-03 17:00:00+00:00,34,1,405207,418.0,418.5,417.75,418.25,10143,ZC.v.0
2025-09-03 18:00:00+00:00,34,1,405207,418.25,418.5,417.75,418.25,11884,ZC.v.0
2025-09-04 00:00:00+00:00,34,1,405207,418.0,418.5,417.25,418.0,2206,ZC.v.0
2025-09-04 01:00:00+00:00,34,1,405207,418.0,418.5,417.75,417.75,523,ZC.v.0
2025-09-04 02:00:00+00:00,34,1,405207,417.75,418.25,417.5,417.75,1294,ZC.v.0
2025-09-04 03:00:00+00:00,34,1,405207,418.0,418.25,417.75,417.75,194,ZC.v.0
2025-09-04 04:00:00+00:00,34,1,405207,417.75,418.0,417.75,418.0,75,ZC.v.0
2025-09-04 05:00:00+00:00,34,1,405207,417.75,418.5,417.75,418.25,267,ZC.v.0
2025-09-04 06:00:00+00:00,34,1,405207,418.25,418.25,417.25,417.5,1457,ZC.v.0
2025-09-04 07:00:00+00:00,34,1,405207,417.5,418.25,417.25,418.0,1892,ZC.v.0
2025-09-04 08:00:00+00:00,34,1,405207,417.75,418.25,416.75,417.0,2699,ZC.v.0
2025-09-04 09:00:00+00:00,34,1,405207,417.25,417.5,416.5,417.25,1961,ZC.v.0
2025-09-04 10:00:00+00:00,34,1,405207,417.25,417.75,416.25,416.75,2067,ZC.v.0
2025-09-04 11:00:00+00:00,34,1,405207,416.75,417.75,416.5,417.0,2321,ZC.v.0
2025-09-04 12:00:00+00:00,34,1,405207,417.0,418.75,416.5,418.75,4546,ZC.v.0
2025-09-04 13:00:00+00:00,34,1,405207,418.25,419.0,415.25,415.25,14993,ZC.v.0
2025-09-04 14:00:00+00:00,34,1,405207,415.5,416.0,414.25,414.5,17702,ZC.v.0
2025-09-04 15:00:00+00:00,34,1,405207,414.5,419.75,414.25,418.5,25239,ZC.v.0
2025-09-04 16:00:00+00:00,34,1,405207,418.5,420.0,417.0,419.25,12214,ZC.v.0
2025-09-04 17:00:00+00:00,34,1,405207,419.5,419.5,418.5,419.0,8552,ZC.v.0
2025-09-04 18:00:00+00:00,34,1,405207,419.25,421.0,419.0,420.75,16489,ZC.v.0
2025-09-05 00:00:00+00:00,34,1,405207,420.0,421.5,419.5,419.75,4414,ZC.v.0
2025-09-05 01:00:00+00:00,34,1,405207,419.75,419.75,419.25,419.5,652,ZC.v.0
2025-09-05 02:00:00+00:00,34,1,405207,419.75,420.0,419.0,419.5,609,ZC.v.0
2025-09-05 03:00:00+00:00,34,1,405207,419.5,419.75,419.25,419.25,724,ZC.v.0
2025-09-05 04:00:00+00:00,34,1,405207,419.5,419.5,418.75,418.75,343,ZC.v.0
2025-09-05 05:00:00+00:00,34,1,405207,418.75,418.75,418.0,418.5,868,ZC.v.0
2025-09-05 06:00:00+00:00,34,1,405207,418.25,419.0,418.25,418.5,1647,ZC.v.0
2025-09-05 07:00:00+00:00,34,1,405207,418.75,419.5,418.5,419.25,796,ZC.v.0
2025-09-05 08:00:00+00:00,34,1,405207,419.25,422.0,419.0,421.5,2734,ZC.v.0
2025-09-05 09:00:00+00:00,34,1,405207,421.75,422.25,421.25,421.25,1853,ZC.v.0
2025-09-05 10:00:00+00:00,34,1,405207,421.25,422.5,421.0,422.5,1203,ZC.v.0
2025-09-05 11:00:00+00:00,34,1,405207,422.5,422.5,421.25,421.75,1722,ZC.v.0
2025-09-05 12:00:00+00:00,34,1,405207,421.5,423.0,421.25,421.5,3309,ZC.v.0
2025-09-05 13:00:00+00:00,34,1,405207,421.25,422.75,420.0,422.25,14477,ZC.v.0
2025-09-05 14:00:00+00:00,34,1,405207,422.25,424.0,421.25,423.75,20258,ZC.v.0
2025-09-05 15:00:00+00:00,34,1,405207,423.5,424.75,422.25,422.5,20531,ZC.v.0
2025-09-05 16:00:00+00:00,34,1,405207,422.5,422.75,421.25,421.5,11298,ZC.v.0
2025-09-05 17:00:00+00:00,34,1,405207,421.5,422.0,419.0,419.5,12202,ZC.v.0
2025-09-05 18:00:00+00:00,34,1,405207,419.75,419.75,417.25,418.0,19265,ZC.v.0
2025-09-08 00:00:00+00:00,34,1,405207,417.0,417.75,416.25,417.75,3960,ZC.v.0
2025-09-08 01:00:00+00:00,34,1,405207,417.75,418.5,417.75,418.5,615,ZC.v.0
2025-09-08 02:00:00+00:00,34,1,405207,418.5,418.5,417.0,417.75,619,ZC.v.0
2025-09-08 03:00:00+00:00,34,1,405207,417.5,417.75,417.25,417.75,75,ZC.v.0
2025-09-08 04:00:00+00:00,34,1,405207,417.75,417.75,417.5,417.5,36,ZC.v.0
2025-09-08 05:00:00+00:00,34,1,405207,417.75,417.75,417.5,417.75,94,ZC.v.0
2025-09-08 06:00:00+00:00,34,1,405207,417.5,417.75,416.75,417.25,1413,ZC.v.0
2025-09-08 07:00:00+00:00,34,1,405207,417.0,417.0,415.5,415.75,4124,ZC.v.0
2025-09-08 08:00:00+00:00,34,1,405207,415.75,416.75,415.75,416.5,994,ZC.v.0
2025-09-08 09:00:00+00:00,34,1,405207,416.5,417.25,416.5,416.75,863,ZC.v.0
2025-09-08 10:00:00+00:00,34,1,405207,417.0,417.5,416.5,416.75,958,ZC.v.0
2025-09-08 11:00:00+00:00,34,1,405207,416.75,417.25,415.75,416.5,1716,ZC.v.0
2025-09-08 12:00:00+00:00,34,1,405207,416.5,416.75,415.75,416.25,3139,ZC.v.0
2025-09-08 13:00:00+00:00,34,1,405207,416.25,416.5,415.0,416.5,12816,ZC.v.0
2025-09-08 14:00:00+00:00,34,1,405207,416.5,416.75,415.5,416.5,12278,ZC.v.0
2025-09-08 15:00:00+00:00,34,1,405207,416.5,419.5,416.0,418.75,14537,ZC.v.0
2025-09-08 16:00:00+00:00,34,1,405207,419.0,420.5,418.75,419.75,10694,ZC.v.0
2025-09-08 17:00:00+00:00,34,1,405207,419.75,422.25,419.25,421.75,12511,ZC.v.0
2025-09-08 18:00:00+00:00,34,1,405207,421.5,422.0,421.5,421.5,12507,ZC.v.0
2025-09-09 00:00:00+00:00,34,1,405207,420.75,421.75,420.5,421.0,2596,ZC.v.0
2025-09-09 01:00:00+00:00,34,1,405207,420.75,421.25,420.25,420.75,658,ZC.v.0
2025-09-09 02:00:00+00:00,34,1,405207,420.5,421.25,420.5,420.5,325,ZC.v.0
2025-09-09 03:00:00+00:00,34,1,405207,420.5,421.0,420.5,420.5,125,ZC.v.0
2025-09-09 04:00:00+00:00,34,1,405207,420.75,421.0,420.5,420.75,118,ZC.v.0
2025-09-09 05:00:00+00:00,34,1,405207,421.0,421.5,420.75,420.75,297,ZC.v.0
2025-09-09 06:00:00+00:00,34,1,405207,420.75,421.25,420.5,420.5,464,ZC.v.0
2025-09-09 07:00:00+00:00,34,1,405207,420.75,421.25,419.75,420.5,1768,ZC.v.0
2025-09-09 08:00:00+00:00,34,1,405207,420.5,421.5,420.25,420.75,1192,ZC.v.0
2025-09-09 09:00:00+00:00,34,1,405207,421.0,421.5,420.75,421.0,689,ZC.v.0
2025-09-09 10:00:00+00:00,34,1,405207,421.0,421.75,421.0,421.75,743,ZC.v.0
2025-09-09 11:00:00+00:00,34,1,405207,421.5,421.75,420.5,420.75,887,ZC.v.0
2025-09-09 12:00:00+00:00,34,1,405207,420.75,421.0,419.5,419.75,2322,ZC.v.0
2025-09-09 13:00:00+00:00,34,1,405207,419.25,420.75,419.0,419.75,15556,ZC.v.0
2025-09-09 14:00:00+00:00,34,1,405207,420.0,422.5,419.5,420.75,18217,ZC.v.0
2025-09-09 15:00:00+00:00,34,1,405207,421.0,421.75,420.5,421.0,8101,ZC.v.0
2025-09-09 16:00:00+00:00,34,1,405207,421.0,421.0,419.5,420.25,9288,ZC.v.0
2025-09-09 17:00:00+00:00,34,1,405207,420.0,420.5,419.5,420.0,7370,ZC.v.0
2025-09-09 18:00:00+00:00,34,1,405207,420.0,420.5,419.5,419.5,11567,ZC.v.0
2025-09-10 00:00:00+00:00,34,1,405207,419.25,419.75,419.0,419.25,3011,ZC.v.0
2025-09-10 01:00:00+00:00,34,1,405207,419.25,419.75,419.25,419.25,634,ZC.v.0
2025-09-10 02:00:00+00:00,34,1,405207,419.25,419.5,419.0,419.0,87,ZC.v.0
2025-09-10 03:00:00+00:00,34,1,405207,419.0,419.25,419.0,419.25,242,ZC.v.0
2025-09-10 04:00:00+00:00,34,1,405207,419.25,419.25,418.75,419.0,272,ZC.v.0
2025-09-10 05:00:00+00:00,34,1,405207,419.0,419.5,418.75,419.0,570,ZC.v.0
2025-09-10 06:00:00+00:00,34,1,405207,419.0,419.25,418.75,418.75,360,ZC.v.0
2025-09-10 07:00:00+00:00,34,1,405207,418.75,419.25,418.25,419.0,1650,ZC.v.0
2025-09-10 08:00:00+00:00,34,1,405207,418.75,419.25,418.5,418.75,947,ZC.v.0
2025-09-10 09:00:00+00:00,34,1,405207,418.75,419.0,417.75,417.75,1307,ZC.v.0
2025-09-10 10:00:00+00:00,34,1,405207,417.75,418.0,417.5,418.0,1845,ZC.v.0
2025-09-10 11:00:00+00:00,34,1,405207,418.0,418.75,417.75,418.25,968,ZC.v.0
2025-09-10 12:00:00+00:00,34,1,405207,418.25,419.75,418.0,419.5,2624,ZC.v.0
2025-09-10 13:00:00+00:00,34,1,405207,419.5,420.0,418.5,419.0,11627,ZC.v.0
2025-09-10 14:00:00+00:00,34,1,405207,419.0,419.25,417.5,417.5,12084,ZC.v.0
2025-09-10 15:00:00+00:00,34,1,405207,417.75,418.0,417.25,417.5,9589,ZC.v.0
2025-09-10 16:00:00+00:00,34,1,405207,417.75,418.0,417.0,417.5,8660,ZC.v.0
2025-09-10 17:00:00+00:00,34,1,405207,417.5,417.75,417.0,417.5,5700,ZC.v.0
2025-09-10 18:00:00+00:00,34,1,405207,417.5,417.5,416.75,417.0,8886,ZC.v.0
2025-09-11 00:00:00+00:00,34,1,405207,417.0,418.0,417.0,417.75,2761,ZC.v.0
2025-09-11 01:00:00+00:00,34,1,405207,417.75,418.0,417.5,417.75,1341,ZC.v.0
2025-09-11 02:00:00+00:00,34,1,405207,418.0,418.25,417.75,418.0,205,ZC.v.0
2025-09-11 03:00:00+00:00,34,1,405207,418.0,418.5,418.0,418.0,440,ZC.v.0
2025-09-11 04:00:00+00:00,34,1,405207,418.25,418.5,418.0,418.25,119,ZC.v.0
2025-09-11 05:00:00+00:00,34,1,405207,418.0,418.75,418.0,418.75,343,ZC.v.0
2025-09-11 06:00:00+00:00,34,1,405207,418.75,419.0,418.5,418.75,1082,ZC.v.0
2025-09-11 07:00:00+00:00,34,1,405207,418.5,418.75,418.25,418.5,719,ZC.v.0
2025-09-11 08:00:00+00:00,34,1,405207,418.5,418.75,418.0,418.25,770,ZC.v.0
2025-09-11 09:00:00+00:00,34,1,405207,418.25,418.75,418.25,418.5,1516,ZC.v.0
2025-09-11 10:00:00+00:00,34,1,405207,418.5,418.5,417.75,418.5,1388,ZC.v.0
2025-09-11 11:00:00+00:00,34,1,405207,418.25,418.5,417.75,418.0,1497,ZC.v.0
2025-09-11 12:00:00+00:00,34,1,405207,418.25,418.5,416.75,417.0,4557,ZC.v.0
2025-09-11 13:00:00+00:00,34,1,405207,417.5,419.5,416.5,418.25,15046,ZC.v.0
2025-09-11 14:00:00+00:00,34,1,405207,418.0,419.0,417.0,417.5,11219,ZC.v.0
2025-09-11 15:00:00+00:00,34,1,405207,417.5,417.75,416.75,417.5,8233,ZC.v.0
2025-09-11 16:00:00+00:00,34,1,405207,417.5,420.5,417.5,420.25,17246,ZC.v.0
2025-09-11 17:00:00+00:00,34,1,405207,420.25,421.25,420.0,420.75,16631,ZC.v.0
2025-09-11 18:00:00+00:00,34,1,405207,420.75,421.0,419.75,419.75,11746,ZC.v.0
2025-09-12 00:00:00+00:00,34,1,405207,419.75,420.25,419.25,419.25,2151,ZC.v.0
2025-09-12 01:00:00+00:00,34,1,405207,419.5,419.75,419.25,419.5,463,ZC.v.0
2025-09-12 02:00:00+00:00,34,1,405207,419.25,419.75,419.25,419.5,410,ZC.v.0
2025-09-12 03:00:00+00:00,34,1,405207,419.5,419.75,419.5,419.75,144,ZC.v.0
2025-09-12 04:00:00+00:00,34,1,405207,419.75,419.75,419.5,419.5,21,ZC.v.0
2025-09-12 05:00:00+00:00,34,1,405207,419.75,419.75,419.25,419.25,440,ZC.v.0
2025-09-12 06:00:00+00:00,34,1,405207,419.25,419.75,419.0,419.5,458,ZC.v.0
2025-09-12 07:00:00+00:00,34,1,405207,419.25,420.0,418.75,419.75,1207,ZC.v.0
2025-09-12 08:00:00+00:00,34,1,405207,420.0,420.25,419.0,420.0,1036,ZC.v.0
2025-09-12 09:00:00+00:00,34,1,405207,420.0,420.5,419.25,419.25,1285,ZC.v.0
2025-09-12 10:00:00+00:00,34,1,405207,419.25,421.0,419.25,421.0,900,ZC.v.0
2025-09-12 11:00:00+00:00,34,1,405207,420.75,422.5,420.5,421.0,3858,ZC.v.0
2025-09-12 12:00:00+00:00,34,1,405207,421.25,421.5,420.25,421.25,2507,ZC.v.0
2025-09-12 13:00:00+00:00,34,1,405207,421.0,423.75,420.5,423.0,20175,ZC.v.0
2025-09-12 14:00:00+00:00,34,1,405207,423.0,425.75,422.75,424.25,37908,ZC.v.0
2025-09-12 15:00:00+00:00,34,1,405207,424.0,426.0,423.5,424.5,26221,ZC.v.0
2025-09-12 16:00:00+00:00,34,1,405207,424.75,424.75,417.0,421.0,82837,ZC.v.0
2025-09-12 17:00:00+00:00,34,1,405207,421.0,429.25,421.0,429.0,61729,ZC.v.0
2025-09-12 18:00:00+00:00,34,1,405207,429.0,430.25,427.75,428.0,41565,ZC.v.0
2025-09-15 00:00:00+00:00,34,1,405207,426.25,428.5,425.0,428.0,10200,ZC.v.0
2025-09-15 01:00:00+00:00,34,1,405207,428.0,428.0,426.25,426.25,1780,ZC.v.0
2025-09-15 02:00:00+00:00,34,1,405207,426.25,426.75,426.0,426.75,1029,ZC.v.0
2025-09-15 03:00:00+00:00,34,1,405207,426.75,427.0,426.25,426.25,577,ZC.v.0
2025-09-15 04:00:00+00:00,34,1,405207,426.5,426.75,426.25,426.5,349,ZC.v.0
2025-09-15 05:00:00+00:00,34,1,405207,426.5,427.75,426.25,427.5,1296,ZC.v.0
2025-09-15 06:00:00+00:00,34,1,405207,427.5,428.0,426.5,426.5,1884,ZC.v.0
2025-09-15 07:00:00+00:00,34,1,405207,426.75,427.0,426.0,426.75,2734,ZC.v.0
2025-09-15 08:00:00+00:00,34,1,405207,427.0,427.0,425.25,425.75,2660,ZC.v.0
2025-09-15 09:00:00+00:00,34,1,405207,425.75,426.25,425.25,426.25,1117,ZC.v.0
2025-09-15 10:00:00+00:00,34,1,405207,426.25,426.5,425.25,425.75,1072,ZC.v.0
2025-09-15 11:00:00+00:00,34,1,405207,425.75,426.0,425.25,425.5,3250,ZC.v.0
2025-09-15 12:00:00+00:00,34,1,405207,425.5,427.0,425.0,425.75,5362,ZC.v.0
2025-09-15 13:00:00+00:00,34,1,405207,426.0,427.75,424.25,427.25,31566,ZC.v.0
2025-09-15 14:00:00+00:00,34,1,405207,427.5,427.75,426.25,426.5,21397,ZC.v.0
2025-09-15 15:00:00+00:00,34,1,405207,426.25,426.25,422.75,422.75,26491,ZC.v.0
2025-09-15 16:00:00+00:00,34,1,405207,423.0,424.0,422.0,423.25,21444,ZC.v.0
2025-09-15 17:00:00+00:00,34,1,405207,423.0,424.5,422.25,423.5,12557,ZC.v.0
2025-09-15 18:00:00+00:00,34,1,405207,423.5,423.75,422.75,423.75,11824,ZC.v.0
2025-09-16 00:00:00+00:00,34,1,405207,423.0,424.75,423.0,424.5,2361,ZC.v.0
2025-09-16 01:00:00+00:00,34,1,405207,424.5,425.0,424.25,424.25,668,ZC.v.0
2025-09-16 02:00:00+00:00,34,1,405207,424.25,424.75,423.75,424.0,962,ZC.v.0
2025-09-16 03:00:00+00:00,34,1,405207,424.0,424.25,423.75,424.25,155,ZC.v.0
2025-09-16 04:00:00+00:00,34,1,405207,424.25,424.25,424.0,424.25,140,ZC.v.0
2025-09-16 05:00:00+00:00,34,1,405207,424.25,424.25,424.0,424.0,215,ZC.v.0
2025-09-16 06:00:00+00:00,34,1,405207,424.25,424.5,423.75,424.0,456,ZC.v.0
2025-09-16 07:00:00+00:00,34,1,405207,424.25,425.5,424.25,424.5,1444,ZC.v.0
2025-09-16 08:00:00+00:00,34,1,405207,424.75,425.5,424.25,424.75,1193,ZC.v.0
2025-09-16 09:00:00+00:00,34,1,405207,424.75,425.0,424.25,425.0,696,ZC.v.0
2025-09-16 10:00:00+00:00,34,1,405207,425.0,426.5,424.25,426.5,1873,ZC.v.0
2025-09-16 11:00:00+00:00,34,1,405207,426.5,427.0,426.0,427.0,1655,ZC.v.0
2025-09-16 12:00:00+00:00,34,1,405207,427.0,428.0,426.25,427.0,5502,ZC.v.0
2025-09-16 13:00:00+00:00,34,1,405207,426.75,428.0,426.25,427.5,16302,ZC.v.0
2025-09-16 14:00:00+00:00,34,1,405207,427.5,429.5,427.25,428.0,26346,ZC.v.0
2025-09-16 15:00:00+00:00,34,1,405207,428.0,431.25,427.75,430.0,35266,ZC.v.0
2025-09-16 16:00:00+00:00,34,1,405207,429.75,430.25,429.0,429.25,13147,ZC.v.0
2025-09-16 17:00:00+00:00,34,1,405207,429.25,429.5,428.75,428.75,11808,ZC.v.0
2025-09-16 18:00:00+00:00,34,1,405207,429.0,429.75,428.25,429.0,14845,ZC.v.0
2025-09-17 00:00:00+00:00,34,1,405207,428.75,429.5,427.75,429.0,2956,ZC.v.0
2025-09-17 01:00:00+00:00,34,1,405207,429.25,429.25,428.25,428.5,1405,ZC.v.0
2025-09-17 02:00:00+00:00,34,1,405207,428.75,428.75,428.25,428.25,1196,ZC.v.0
2025-09-17 03:00:00+00:00,34,1,405207,428.5,429.0,428.25,428.5,440,ZC.v.0
2025-09-17 04:00:00+00:00,34,1,405207,428.5,428.75,428.25,428.5,374,ZC.v.0
2025-09-17 05:00:00+00:00,34,1,405207,428.75,428.75,428.0,428.0,272,ZC.v.0
2025-09-17 06:00:00+00:00,34,1,405207,428.0,428.75,428.0,428.5,324,ZC.v.0
2025-09-17 07:00:00+00:00,34,1,405207,428.5,429.5,428.5,428.5,1447,ZC.v.0
2025-09-17 08:00:00+00:00,34,1,405207,428.75,429.25,428.5,429.0,1082,ZC.v.0
2025-09-17 09:00:00+00:00,34,1,405207,429.25,429.5,428.5,428.75,1155,ZC.v.0
2025-09-17 10:00:00+00:00,34,1,405207,429.0,429.25,428.0,428.25,975,ZC.v.0
2025-09-17 11:00:00+00:00,34,1,405207,428.5,429.25,428.0,429.0,1579,ZC.v.0
2025-09-17 12:00:00+00:00,34,1,405207,429.0,430.5,429.0,430.0,5407,ZC.v.0
2025-09-17 13:00:00+00:00,34,1,405207,430.0,431.25,429.25,431.0,20513,ZC.v.0
2025-09-17 14:00:00+00:00,34,1,405207,431.25,431.25,429.0,430.0,14424,ZC.v.0
2025-09-17 15:00:00+00:00,34,1,405207,430.0,430.0,427.25,427.75,14372,ZC.v.0
2025-09-17 16:00:00+00:00,34,1,405207,427.75,428.0,426.25,426.25,11319,ZC.v.0
2025-09-17 17:00:00+00:00,34,1,405207,426.5,426.75,425.5,426.0,13452,ZC.v.0
2025-09-17 18:00:00+00:00,34,1,405207,426.0,427.25,426.0,427.0,10779,ZC.v.0
2025-09-18 00:00:00+00:00,34,1,405207,426.5,428.0,425.5,426.0,2761,ZC.v.0
2025-09-18 01:00:00+00:00,34,1,405207,425.75,426.25,425.5,426.25,717,ZC.v.0
2025-09-18 02:00:00+00:00,34,1,405207,426.25,426.5,426.0,426.25,178,ZC.v.0
2025-09-18 03:00:00+00:00,34,1,405207,426.25,426.25,426.0,426.0,68,ZC.v.0
2025-09-18 04:00:00+00:00,34,1,405207,426.0,426.25,425.75,425.75,202,ZC.v.0
2025-09-18 05:00:00+00:00,34,1,405207,426.0,426.0,425.75,425.75,126,ZC.v.0
2025-09-18 06:00:00+00:00,34,1,405207,425.75,426.0,425.75,425.75,224,ZC.v.0
2025-09-18 07:00:00+00:00,34,1,405207,426.0,426.0,425.75,425.75,1566,ZC.v.0
2025-09-18 08:00:00+00:00,34,1,405207,426.0,427.25,425.75,427.25,2085,ZC.v.0
2025-09-18 09:00:00+00:00,34,1,405207,427.25,427.25,426.5,426.5,845,ZC.v.0
2025-09-18 10:00:00+00:00,34,1,405207,426.75,427.25,426.5,427.0,518,ZC.v.0
2025-09-18 11:00:00+00:00,34,1,405207,426.75,427.25,426.5,426.75,1152,ZC.v.0
2025-09-18 12:00:00+00:00,34,1,405207,426.75,426.75,425.5,426.0,4089,ZC.v.0
2025-09-18 13:00:00+00:00,34,1,405207,426.0,426.25,423.75,424.75,15563,ZC.v.0
2025-09-18 14:00:00+00:00,34,1,405207,424.75,426.0,424.5,425.5,14764,ZC.v.0
2025-09-18 15:00:00+00:00,34,1,405207,425.25,426.5,424.25,424.25,14737,ZC.v.0
2025-09-18 16:00:00+00:00,34,1,405207,424.25,424.75,424.0,424.5,7005,ZC.v.0
2025-09-18 17:00:00+00:00,34,1,405207,424.75,424.75,423.5,423.5,9587,ZC.v.0
2025-09-18 18:00:00+00:00,34,1,405207,423.5,424.5,423.5,424.5,8950,ZC.v.0
2025-09-19 00:00:00+00:00,34,1,405207,424.0,426.5,424.0,425.5,3117,ZC.v.0
2025-09-19 01:00:00+00:00,34,1,405207,425.5,426.0,425.5,425.75,588,ZC.v.0
2025-09-19 02:00:00+00:00,34,1,405207,426.0,426.5,425.75,426.0,324,ZC.v.0
2025-09-19 03:00:00+00:00,34,1,405207,426.0,426.25,425.75,425.75,142,ZC.v.0
2025-09-19 04:00:00+00:00,34,1,405207,426.0,426.0,425.75,426.0,324,ZC.v.0
2025-09-19 05:00:00+00:00,34,1,405207,426.0,426.0,425.5,425.5,319,ZC.v.0
2025-09-19 06:00:00+00:00,34,1,405207,425.75,426.5,425.5,426.0,798,ZC.v.0
2025-09-19 07:00:00+00:00,34,1,405207,426.0,427.0,426.0,426.5,960,ZC.v.0
2025-09-19 08:00:00+00:00,34,1,405207,426.5,427.0,426.0,426.25,1446,ZC.v.0
2025-09-19 09:00:00+00:00,34,1,405207,426.25,426.25,424.25,425.5,2476,ZC.v.0
2025-09-19 10:00:00+00:00,34,1,405207,425.25,425.75,424.5,425.0,2528,ZC.v.0
2025-09-19 11:00:00+00:00,34,1,405207,425.25,425.75,424.5,425.25,2044,ZC.v.0
2025-09-19 12:00:00+00:00,34,1,405207,425.5,427.5,425.0,425.5,6569,ZC.v.0
2025-09-19 13:00:00+00:00,34,1,405207,425.25,427.5,424.5,426.25,11195,ZC.v.0
2025-09-19 14:00:00+00:00,34,1,405207,426.0,429.75,423.75,424.0,30797,ZC.v.0
2025-09-19 15:00:00+00:00,34,1,405207,423.75,426.5,423.25,423.5,24333,ZC.v.0
2025-09-19 16:00:00+00:00,34,1,405207,423.75,423.75,422.25,422.5,15487,ZC.v.0
2025-09-19 17:00:00+00:00,34,1,405207,422.75,424.25,422.25,424.0,12568,ZC.v.0
2025-09-19 18:00:00+00:00,34,1,405207,424.0,424.5,423.25,424.25,10395,ZC.v.0
2025-09-22 00:00:00+00:00,34,1,405207,424.0,424.5,423.0,424.0,3796,ZC.v.0
2025-09-22 01:00:00+00:00,34,1,405207,424.25,424.5,423.75,424.25,730,ZC.v.0
2025-09-22 02:00:00+00:00,34,1,405207,424.25,424.5,424.0,424.0,378,ZC.v.0
2025-09-22 03:00:00+00:00,34,1,405207,424.0,424.5,424.0,424.0,556,ZC.v.0
2025-09-22 04:00:00+00:00,34,1,405207,424.0,424.0,423.75,423.75,38,ZC.v.0
2025-09-22 05:00:00+00:00,34,1,405207,423.75,424.0,423.75,423.75,197,ZC.v.0
2025-09-22 06:00:00+00:00,34,1,405207,423.75,424.0,423.0,423.0,1342,ZC.v.0
2025-09-22 07:00:00+00:00,34,1,405207,423.25,423.75,423.25,423.5,605,ZC.v.0
2025-09-22 08:00:00+00:00,34,1,405207,423.5,424.25,423.25,423.75,1110,ZC.v.0
2025-09-22 09:00:00+00:00,34,1,405207,423.75,423.75,423.25,423.75,592,ZC.v.0
2025-09-22 10:00:00+00:00,34,1,405207,423.75,424.75,423.75,424.25,1721,ZC.v.0
2025-09-22 11:00:00+00:00,34,1,405207,424.25,424.5,420.25,420.75,12614,ZC.v.0
2025-09-22 12:00:00+00:00,34,1,405207,420.75,421.75,420.25,420.75,4344,ZC.v.0
2025-09-22 13:00:00+00:00,34,1,405207,420.5,421.75,418.75,420.0,28156,ZC.v.0
2025-09-22 14:00:00+00:00,34,1,405207,420.0,420.5,418.25,419.75,24193,ZC.v.0
2025-09-22 15:00:00+00:00,34,1,405207,420.0,420.5,418.5,418.75,13065,ZC.v.0
2025-09-22 16:00:00+00:00,34,1,405207,419.0,419.75,418.5,419.5,10263,ZC.v.0
2025-09-22 17:00:00+00:00,34,1,405207,419.5,420.0,418.75,419.75,10332,ZC.v.0
2025-09-22 18:00:00+00:00,34,1,405207,419.75,422.5,419.5,421.75,28053,ZC.v.0
2025-09-23 00:00:00+00:00,34,1,405207,421.75,422.0,420.25,421.25,3253,ZC.v.0
2025-09-23 01:00:00+00:00,34,1,405207,421.0,421.25,420.5,420.5,528,ZC.v.0
2025-09-23 02:00:00+00:00,34,1,405207,420.5,421.0,420.5,420.75,539,ZC.v.0
2025-09-23 03:00:00+00:00,34,1,405207,420.75,420.75,420.25,420.25,309,ZC.v.0
2025-09-23 04:00:00+00:00,34,1,405207,420.25,420.25,419.25,419.5,1512,ZC.v.0
2025-09-23 05:00:00+00:00,34,1,405207,419.25,419.5,418.75,419.25,941,ZC.v.0
2025-09-23 06:00:00+00:00,34,1,405207,419.25,420.25,419.0,420.0,741,ZC.v.0
2025-09-23 07:00:00+00:00,34,1,405207,420.0,421.0,420.0,420.75,1348,ZC.v.0
2025-09-23 08:00:00+00:00,34,1,405207,420.5,420.75,419.5,420.0,1484,ZC.v.0
2025-09-23 09:00:00+00:00,34,1,405207,420.0,421.0,419.5,419.75,2509,ZC.v.0
2025-09-23 10:00:00+00:00,34,1,405207,419.75,421.0,419.75,421.0,750,ZC.v.0
2025-09-23 11:00:00+00:00,34,1,405207,421.0,422.25,421.0,421.25,3758,ZC.v.0
2025-09-23 12:00:00+00:00,34,1,405207,421.25,422.5,421.25,422.5,2762,ZC.v.0
2025-09-23 13:00:00+00:00,34,1,405207,422.75,423.75,422.0,422.0,15756,ZC.v.0
2025-09-23 14:00:00+00:00,34,1,405207,422.25,424.75,422.0,424.5,17949,ZC.v.0
2025-09-23 15:00:00+00:00,34,1,405207,424.25,425.5,423.25,424.75,15042,ZC.v.0
2025-09-23 16:00:00+00:00,34,1,405207,425.0,425.0,423.5,424.5,10507,ZC.v.0
2025-09-23 17:00:00+00:00,34,1,405207,424.5,425.75,424.25,425.5,13532,ZC.v.0
2025-09-23 18:00:00+00:00,34,1,405207,425.5,426.5,425.25,425.75,14309,ZC.v.0
2025-09-24 00:00:00+00:00,34,1,405207,425.0,426.5,424.25,426.5,2544,ZC.v.0
2025-09-24 01:00:00+00:00,34,1,405207,426.5,426.5,425.75,426.0,320,ZC.v.0
2025-09-24 02:00:00+00:00,34,1,405207,426.0,426.75,425.75,426.5,546,ZC.v.0
2025-09-24 03:00:00+00:00,34,1,405207,426.5,426.75,426.25,426.25,204,ZC.v.0
2025-09-24 04:00:00+00:00,34,1,405207,426.25,426.5,426.25,426.5,48,ZC.v.0
2025-09-24 05:00:00+00:00,34,1,405207,426.5,426.75,426.5,426.5,433,ZC.v.0
2025-09-24 06:00:00+00:00,34,1,405207,426.75,427.25,426.5,427.0,741,ZC.v.0
2025-09-24 07:00:00+00:00,34,1,405207,427.0,427.25,426.75,426.75,674,ZC.v.0
2025-09-24 08:00:00+00:00,34,1,405207,427.0,427.0,425.25,425.5,893,ZC.v.0
2025-09-24 09:00:00+00:00,34,1,405207,425.5,425.75,425.25,425.75,929,ZC.v.0
2025-09-24 10:00:00+00:00,34,1,405207,425.75,426.25,425.0,425.25,1627,ZC.v.0
2025-09-24 11:00:00+00:00,34,1,405207,425.25,426.5,425.25,426.5,1569,ZC.v.0
2025-09-24 12:00:00+00:00,34,1,405207,426.5,427.5,425.5,427.0,7932,ZC.v.0
2025-09-24 13:00:00+00:00,34,1,405207,426.5,427.25,424.5,425.25,13080,ZC.v.0
2025-09-24 14:00:00+00:00,34,1,405207,425.5,426.25,424.5,425.75,14459,ZC.v.0
2025-09-24 15:00:00+00:00,34,1,405207,425.5,426.0,423.5,425.25,18975,ZC.v.0
2025-09-24 16:00:00+00:00,34,1,405207,425.0,425.0,423.75,424.0,12402,ZC.v.0
2025-09-24 17:00:00+00:00,34,1,405207,424.0,425.5,423.75,424.25,9749,ZC.v.0
2025-09-24 18:00:00+00:00,34,1,405207,424.0,424.5,423.75,424.0,9926,ZC.v.0
2025-09-25 00:00:00+00:00,34,1,405207,423.75,424.5,423.5,424.5,2922,ZC.v.0
2025-09-25 01:00:00+00:00,34,1,405207,424.5,424.75,424.25,424.75,360,ZC.v.0
2025-09-25 02:00:00+00:00,34,1,405207,424.75,425.5,424.5,425.5,820,ZC.v.0
2025-09-25 03:00:00+00:00,34,1,405207,425.25,425.5,425.25,425.25,172,ZC.v.0
2025-09-25 04:00:00+00:00,34,1,405207,425.5,425.5,425.0,425.25,264,ZC.v.0
2025-09-25 05:00:00+00:00,34,1,405207,425.25,425.75,425.25,425.75,279,ZC.v.0
2025-09-25 06:00:00+00:00,34,1,405207,425.75,426.25,425.5,425.75,997,ZC.v.0
2025-09-25 07:00:00+00:00,34,1,405207,425.5,426.0,425.25,425.25,553,ZC.v.0
2025-09-25 08:00:00+00:00,34,1,405207,425.5,425.75,425.0,425.5,495,ZC.v.0
2025-09-25 09:00:00+00:00,34,1,405207,425.25,426.5,425.25,426.25,2146,ZC.v.0
2025-09-25 10:00:00+00:00,34,1,405207,426.5,426.75,426.25,426.5,590,ZC.v.0
2025-09-25 11:00:00+00:00,34,1,405207,426.5,427.5,426.5,426.75,4254,ZC.v.0
2025-09-25 12:00:00+00:00,34,1,405207,426.75,428.25,426.75,427.25,6443,ZC.v.0
2025-09-25 13:00:00+00:00,34,1,405207,427.0,427.5,425.5,426.0,13228,ZC.v.0
2025-09-25 14:00:00+00:00,34,1,405207,426.25,428.25,425.0,427.75,19971,ZC.v.0
2025-09-25 15:00:00+00:00,34,1,405207,427.75,428.0,425.5,425.75,10323,ZC.v.0
2025-09-25 16:00:00+00:00,34,1,405207,425.5,426.5,424.0,425.0,19255,ZC.v.0
2025-09-25 17:00:00+00:00,34,1,405207,424.75,425.5,424.0,424.75,13663,ZC.v.0
2025-09-25 18:00:00+00:00,34,1,405207,424.5,426.0,424.5,424.75,15963,ZC.v.0
2025-09-26 00:00:00+00:00,34,1,405207,425.25,425.5,424.75,425.5,2376,ZC.v.0
2025-09-26 01:00:00+00:00,34,1,405207,425.5,425.75,424.75,424.75,386,ZC.v.0
2025-09-26 02:00:00+00:00,34,1,405207,425.0,425.0,424.5,425.0,598,ZC.v.0
2025-09-26 03:00:00+00:00,34,1,405207,425.0,425.25,424.75,425.25,211,ZC.v.0
2025-09-26 04:00:00+00:00,34,1,405207,425.25,425.25,425.0,425.25,211,ZC.v.0
2025-09-26 05:00:00+00:00,34,1,405207,425.0,425.25,425.0,425.0,120,ZC.v.0
2025-09-26 06:00:00+00:00,34,1,405207,425.25,425.25,424.25,424.5,1184,ZC.v.0
2025-09-26 07:00:00+00:00,34,1,405207,424.5,425.0,423.75,424.25,2226,ZC.v.0
2025-09-26 08:00:00+00:00,34,1,405207,424.5,425.25,424.25,424.75,1112,ZC.v.0
2025-09-26 09:00:00+00:00,34,1,405207,424.75,425.25,424.5,425.0,1659,ZC.v.0
2025-09-26 10:00:00+00:00,34,1,405207,425.0,425.0,424.25,424.75,771,ZC.v.0
2025-09-26 11:00:00+00:00,34,1,405207,425.0,425.5,424.75,425.25,1240,ZC.v.0
2025-09-26 12:00:00+00:00,34,1,405207,425.5,425.75,424.5,424.75,1537,ZC.v.0
2025-09-26 13:00:00+00:00,34,1,405207,424.5,425.0,422.75,423.25,12339,ZC.v.0
2025-09-26 14:00:00+00:00,34,1,405207,423.25,423.75,421.75,421.75,19958,ZC.v.0
2025-09-26 15:00:00+00:00,34,1,405207,422.0,422.75,421.75,421.75,10472,ZC.v.0
2025-09-26 16:00:00+00:00,34,1,405207,421.75,423.0,421.5,422.5,9293,ZC.v.0
2025-09-26 17:00:00+00:00,34,1,405207,422.75,423.0,421.25,422.0,13734,ZC.v.0
2025-09-26 18:00:00+00:00,34,1,405207,421.75,422.0,421.25,421.5,15721,ZC.v.0
2025-09-29 00:00:00+00:00,34,1,405207,421.0,422.0,420.0,421.5,5646,ZC.v.0
2025-09-29 01:00:00+00:00,34,1,405207,421.75,422.0,421.25,421.5,755,ZC.v.0
2025-09-29 02:00:00+00:00,34,1,405207,421.5,422.25,421.5,422.0,736,ZC.v.0
2025-09-29 03:00:00+00:00,34,1,405207,422.0,422.0,421.5,421.5,129,ZC.v.0
2025-09-29 04:00:00+00:00,34,1,405207,421.5,421.75,421.5,421.5,97,ZC.v.0
2025-09-29 05:00:00+00:00,34,1,405207,421.5,421.75,421.5,421.75,75,ZC.v.0
2025-09-29 06:00:00+00:00,34,1,405207,421.5,421.75,421.0,421.0,1055,ZC.v.0
2025-09-29 07:00:00+00:00,34,1,405207,421.25,421.25,420.25,421.25,1084,ZC.v.0
2025-09-29 08:00:00+00:00,34,1,405207,421.25,421.25,420.25,420.5,1569,ZC.v.0
2025-09-29 09:00:00+00:00,34,1,405207,420.5,420.5,419.25,419.5,3611,ZC.v.0
2025-09-29 10:00:00+00:00,34,1,405207,419.5,420.0,419.5,419.5,1541,ZC.v.0
2025-09-29 11:00:00+00:00,34,1,405207,419.5,420.5,419.5,419.5,2446,ZC.v.0
2025-09-29 12:00:00+00:00,34,1,405207,419.5,419.75,419.0,419.75,2959,ZC.v.0
2025-09-29 13:00:00+00:00,34,1,405207,419.75,420.0,418.75,418.75,15216,ZC.v.0
2025-09-29 14:00:00+00:00,34,1,405207,418.75,421.0,418.75,420.75,18046,ZC.v.0
2025-09-29 15:00:00+00:00,34,1,405207,420.5,422.75,420.5,421.5,15083,ZC.v.0
2025-09-29 16:00:00+00:00,34,1,405207,421.25,422.0,420.25,421.75,11031,ZC.v.0
2025-09-29 17:00:00+00:00,34,1,405207,422.0,422.0,420.5,420.5,9430,ZC.v.0
2025-09-29 18:00:00+00:00,34,1,405207,420.5,421.75,420.5,421.5,12469,ZC.v.0
2025-09-30 00:00:00+00:00,34,1,405207,421.25,421.5,420.25,420.75,1966,ZC.v.0
2025-09-30 01:00:00+00:00,34,1,405207,420.75,420.75,420.5,420.5,425,ZC.v.0
2025-09-30 02:00:00+00:00,34,1,405207,420.5,420.75,420.25,420.5,215,ZC.v.0
2025-09-30 03:00:00+00:00,34,1,405207,420.5,420.75,420.25,420.5,606,ZC.v.0
2025-09-30 04:00:00+00:00,34,1,405207,420.5,420.75,420.25,420.5,172,ZC.v.0
2025-09-30 05:00:00+00:00,34,1,405207,420.5,420.75,420.25,420.25,560,ZC.v.0
2025-09-30 06:00:00+00:00,34,1,405207,420.25,420.5,419.75,420.25,2006,ZC.v.0
2025-09-30 07:00:00+00:00,34,1,405207,420.0,420.25,419.75,420.0,783,ZC.v.0
2025-09-30 08:00:00+00:00,34,1,405207,420.0,420.75,419.75,420.5,1402,ZC.v.0
2025-09-30 09:00:00+00:00,34,1,405207,420.25,420.5,419.75,420.0,1037,ZC.v.0
2025-09-30 10:00:00+00:00,34,1,405207,420.0,420.25,419.5,419.75,2954,ZC.v.0
2025-09-30 11:00:00+00:00,34,1,405207,419.5,419.75,419.0,419.25,2556,ZC.v.0
2025-09-30 12:00:00+00:00,34,1,405207,419.0,419.75,418.75,419.25,4513,ZC.v.0
2025-09-30 13:00:00+00:00,34,1,405207,419.5,420.0,419.0,419.5,10637,ZC.v.0
2025-09-30 14:00:00+00:00,34,1,405207,419.25,419.5,418.25,418.5,13276,ZC.v.0
2025-09-30 15:00:00+00:00,34,1,405207,418.75,419.0,417.75,418.5,18708,ZC.v.0
2025-09-30 16:00:00+00:00,34,1,405207,418.75,419.0,414.0,416.75,96263,ZC.v.0
2025-09-30 17:00:00+00:00,34,1,405207,416.75,418.0,415.0,415.25,20870,ZC.v.0
2025-09-30 18:00:00+00:00,34,1,405207,415.5,416.0,414.5,416.0,25178,ZC.v.0
2025-10-01 00:00:00+00:00,34,1,405207,415.75,416.0,414.25,414.25,3820,ZC.v.0
2025-10-01 01:00:00+00:00,34,1,405207,414.5,414.75,414.0,414.25,1980,ZC.v.0
2025-10-01 02:00:00+00:00,34,1,405207,414.25,414.5,414.0,414.25,469,ZC.v.0
2025-10-01 03:00:00+00:00,34,1,405207,414.25,414.25,414.0,414.0,782,ZC.v.0
2025-10-01 04:00:00+00:00,34,1,405207,414.0,414.25,413.25,414.0,2839,ZC.v.0
2025-10-01 05:00:00+00:00,34,1,405207,414.0,414.0,413.25,413.25,622,ZC.v.0
2025-10-01 06:00:00+00:00,34,1,405207,413.25,413.75,413.0,413.5,3236,ZC.v.0
2025-10-01 07:00:00+00:00,34,1,405207,413.75,414.0,413.0,413.25,1273,ZC.v.0
2025-10-01 08:00:00+00:00,34,1,405207,413.25,414.0,413.0,413.75,1934,ZC.v.0
2025-10-01 09:00:00+00:00,34,1,405207,413.75,414.0,413.25,413.75,1161,ZC.v.0
2025-10-01 10:00:00+00:00,34,1,405207,413.75,414.0,413.0,413.0,1178,ZC.v.0
2025-10-01 11:00:00+00:00,34,1,405207,413.0,413.75,412.5,412.5,3361,ZC.v.0
2025-10-01 12:00:00+00:00,34,1,405207,412.75,413.0,412.5,412.75,3061,ZC.v.0
2025-10-01 13:00:00+00:00,34,1,405207,412.75,413.25,411.5,412.0,23361,ZC.v.0
2025-10-01 14:00:00+00:00,34,1,405207,412.0,413.0,411.25,411.5,26382,ZC.v.0
2025-10-01 15:00:00+00:00,34,1,405207,411.25,411.5,410.5,410.75,22128,ZC.v.0
2025-10-01 16:00:00+00:00,34,1,405207,410.75,413.5,410.75,413.5,21763,ZC.v.0
2025-10-01 17:00:00+00:00,34,1,405207,413.5,417.75,413.0,417.5,58858,ZC.v.0
2025-10-01 18:00:00+00:00,34,1,405207,417.5,419.5,416.25,418.25,30839,ZC.v.0
2025-10-02 00:00:00+00:00,34,1,405207,417.25,419.25,417.25,417.5,3702,ZC.v.0
2025-10-02 01:00:00+00:00,34,1,405207,417.75,417.75,417.25,417.25,1102,ZC.v.0
2025-10-02 02:00:00+00:00,34,1,405207,417.25,417.75,417.0,417.0,817,ZC.v.0
2025-10-02 03:00:00+00:00,34,1,405207,417.0,417.5,417.0,417.25,316,ZC.v.0
2025-10-02 04:00:00+00:00,34,1,405207,417.25,417.5,417.0,417.25,210,ZC.v.0
2025-10-02 05:00:00+00:00,34,1,405207,417.25,417.25,417.0,417.0,83,ZC.v.0
2025-10-02 06:00:00+00:00,34,1,405207,417.0,417.5,416.75,417.5,1206,ZC.v.0
2025-10-02 07:00:00+00:00,34,1,405207,417.5,418.0,417.25,417.25,2439,ZC.v.0
2025-10-02 08:00:00+00:00,34,1,405207,417.25,418.0,417.25,418.0,754,ZC.v.0
2025-10-02 09:00:00+00:00,34,1,405207,417.75,419.5,416.0,416.25,6027,ZC.v.0
2025-10-02 10:00:00+00:00,34,1,405207,416.25,417.0,415.75,416.25,2390,ZC.v.0
2025-10-02 11:00:00+00:00,34,1,405207,416.5,417.0,415.5,416.0,3112,ZC.v.0
2025-10-02 12:00:00+00:00,34,1,405207,415.75,416.75,415.0,416.5,3771,ZC.v.0
2025-10-02 13:00:00+00:00,34,1,405207,416.75,417.0,414.75,416.5,14755,ZC.v.0
2025-10-02 14:00:00+00:00,34,1,405207,416.5,418.75,415.5,417.25,23270,ZC.v.0
2025-10-02 15:00:00+00:00,34,1,405207,417.5,419.25,417.0,418.25,12859,ZC.v.0
2025-10-02 16:00:00+00:00,34,1,405207,418.0,419.75,418.0,419.5,13872,ZC.v.0
2025-10-02 17:00:00+00:00,34,1,405207,419.5,422.5,419.5,421.25,31468,ZC.v.0
2025-10-02 18:00:00+00:00,34,1,405207,421.0,422.25,420.75,421.25,21138,ZC.v.0
2025-10-03 00:00:00+00:00,34,1,405207,420.75,422.25,420.5,422.0,2683,ZC.v.0
2025-10-03 01:00:00+00:00,34,1,405207,422.0,422.0,420.75,420.75,1153,ZC.v.0
2025-10-03 02:00:00+00:00,34,1,405207,421.0,421.75,420.75,421.75,306,ZC.v.0
2025-10-03 03:00:00+00:00,34,1,405207,421.5,421.75,421.25,421.5,187,ZC.v.0
2025-10-03 04:00:00+00:00,34,1,405207,421.75,421.75,421.5,421.75,32,ZC.v.0
2025-10-03 05:00:00+00:00,34,1,405207,421.75,422.25,421.5,421.75,608,ZC.v.0
2025-10-03 06:00:00+00:00,34,1,405207,421.75,422.5,421.75,422.0,893,ZC.v.0
2025-10-03 07:00:00+00:00,34,1,405207,422.0,422.75,421.75,421.75,1617,ZC.v.0
2025-10-03 08:00:00+00:00,34,1,405207,421.75,422.5,421.75,422.25,1434,ZC.v.0
2025-10-03 09:00:00+00:00,34,1,405207,422.5,422.5,420.75,421.25,1142,ZC.v.0
2025-10-03 10:00:00+00:00,34,1,405207,421.25,421.75,420.25,421.75,1591,ZC.v.0
2025-10-03 11:00:00+00:00,34,1,405207,421.75,423.0,421.5,422.5,2044,ZC.v.0
2025-10-03 12:00:00+00:00,34,1,405207,422.75,423.0,420.75,421.0,2886,ZC.v.0
2025-10-03 13:00:00+00:00,34,1,405207,421.0,421.5,418.5,419.75,17619,ZC.v.0
2025-10-03 14:00:00+00:00,34,1,405207,420.0,420.5,418.75,420.5,17732,ZC.v.0
2025-10-03 15:00:00+00:00,34,1,405207,420.25,422.0,420.0,422.0,13918,ZC.v.0
2025-10-03 16:00:00+00:00,34,1,405207,421.75,422.0,420.5,420.75,9869,ZC.v.0
2025-10-03 17:00:00+00:00,34,1,405207,420.75,421.0,419.5,420.0,10030,ZC.v.0
2025-10-03 18:00:00+00:00,34,1,405207,420.0,420.25,418.5,419.5,21562,ZC.v.0
2025-10-06 00:00:00+00:00,34,1,405207,419.0,419.0,417.75,418.25,4780,ZC.v.0
2025-10-06 01:00:00+00:00,34,1,405207,418.0,420.25,417.75,420.0,2002,ZC.v.0
2025-10-06 02:00:00+00:00,34,1,405207,419.75,420.0,419.25,419.75,918,ZC.v.0
2025-10-06 03:00:00+00:00,34,1,405207,419.75,419.75,419.5,419.75,137,ZC.v.0
2025-10-06 04:00:00+00:00,34,1,405207,419.75,419.75,419.5,419.5,119,ZC.v.0
2025-10-06 05:00:00+00:00,34,1,405207,419.25,419.25,418.75,419.0,197,ZC.v.0
2025-10-06 06:00:00+00:00,34,1,405207,418.75,419.0,418.0,418.25,600,ZC.v.0
2025-10-06 07:00:00+00:00,34,1,405207,418.5,418.75,418.0,418.5,1155,ZC.v.0
2025-10-06 08:00:00+00:00,34,1,405207,418.5,419.75,418.0,418.75,3155,ZC.v.0
2025-10-06 09:00:00+00:00,34,1,405207,419.0,420.0,419.0,419.5,671,ZC.v.0
2025-10-06 10:00:00+00:00,34,1,405207,419.75,420.0,419.25,420.0,626,ZC.v.0
2025-10-06 11:00:00+00:00,34,1,405207,420.0,420.25,419.0,419.75,2211,ZC.v.0
2025-10-06 12:00:00+00:00,34,1,405207,419.75,420.0,418.75,418.75,2030,ZC.v.0
2025-10-06 13:00:00+00:00,34,1,405207,418.75,420.0,417.75,418.75,11235,ZC.v.0
2025-10-06 14:00:00+00:00,34,1,405207,418.75,419.5,417.25,417.75,14676,ZC.v.0
2025-10-06 15:00:00+00:00,34,1,405207,417.75,419.0,417.5,418.75,8695,ZC.v.0
2025-10-06 16:00:00+00:00,34,1,405207,419.0,420.75,418.5,419.75,13427,ZC.v.0
2025-10-06 17:00:00+00:00,34,1,405207,419.75,421.75,418.75,420.5,12276,ZC.v.0
2025-10-06 18:00:00+00:00,34,1,405207,420.25,422.5,420.25,421.75,20778,ZC.v.0
2025-10-07 00:00:00+00:00,34,1,405207,421.5,421.5,420.0,420.75,3924,ZC.v.0
2025-10-07 01:00:00+00:00,34,1,405207,420.75,421.25,420.25,421.0,523,ZC.v.0
2025-10-07 02:00:00+00:00,34,1,405207,420.75,421.25,420.75,421.25,326,ZC.v.0
2025-10-07 03:00:00+00:00,34,1,405207,421.25,421.5,421.0,421.25,151,ZC.v.0
2025-10-07 04:00:00+00:00,34,1,405207,421.25,421.25,421.0,421.25,25,ZC.v.0
2025-10-07 05:00:00+00:00,34,1,405207,421.25,421.5,421.0,421.5,54,ZC.v.0
2025-10-07 06:00:00+00:00,34,1,405207,421.25,422.0,421.0,422.0,720,ZC.v.0
2025-10-07 07:00:00+00:00,34,1,405207,422.0,422.75,421.5,422.75,1429,ZC.v.0
2025-10-07 08:00:00+00:00,34,1,405207,422.5,422.5,421.75,421.75,821,ZC.v.0
2025-10-07 09:00:00+00:00,34,1,405207,422.0,422.5,421.75,422.25,715,ZC.v.0
2025-10-07 10:00:00+00:00,34,1,405207,422.25,422.25,422.0,422.25,408,ZC.v.0
2025-10-07 11:00:00+00:00,34,1,405207,422.25,422.75,421.75,421.75,2167,ZC.v.0
2025-10-07 12:00:00+00:00,34,1,405207,422.0,422.75,421.0,422.25,5089,ZC.v.0
2025-10-07 13:00:00+00:00,34,1,405207,422.0,424.5,421.5,422.25,21559,ZC.v.0
2025-10-07 14:00:00+00:00,34,1,405207,422.25,423.25,420.5,421.0,20414,ZC.v.0
2025-10-07 15:00:00+00:00,34,1,405207,421.0,422.25,420.5,421.0,15222,ZC.v.0
2025-10-07 16:00:00+00:00,34,1,405207,421.0,421.75,420.0,421.25,16667,ZC.v.0
2025-10-07 17:00:00+00:00,34,1,405207,421.25,421.25,419.5,420.5,19012,ZC.v.0
2025-10-07 18:00:00+00:00,34,1,405207,420.25,420.75,419.0,419.25,13908,ZC.v.0
2025-10-08 00:00:00+00:00,34,1,405207,419.25,420.0,418.75,419.5,3134,ZC.v.0
2025-10-08 01:00:00+00:00,34,1,405207,419.5,420.0,419.0,419.25,624,ZC.v.0
2025-10-08 02:00:00+00:00,34,1,405207,419.0,419.25,418.5,418.75,885,ZC.v.0
2025-10-08 03:00:00+00:00,34,1,405207,418.75,419.25,418.75,419.25,118,ZC.v.0
2025-10-08 04:00:00+00:00,34,1,405207,419.0,419.5,419.0,419.25,255,ZC.v.0
2025-10-08 05:00:00+00:00,34,1,405207,419.25,419.25,418.5,418.5,443,ZC.v.0
2025-10-08 06:00:00+00:00,34,1,405207,418.5,419.0,418.5,418.75,881,ZC.v.0
2025-10-08 07:00:00+00:00,34,1,405207,419.0,419.75,418.75,419.25,1139,ZC.v.0
2025-10-08 08:00:00+00:00,34,1,405207,419.25,419.75,418.75,419.0,1181,ZC.v.0
2025-10-08 09:00:00+00:00,34,1,405207,419.0,419.75,418.75,419.25,702,ZC.v.0
2025-10-08 10:00:00+00:00,34,1,405207,419.25,420.0,419.0,419.75,1361,ZC.v.0
2025-10-08 11:00:00+00:00,34,1,405207,419.75,421.0,419.25,420.75,2263,ZC.v.0
2025-10-08 12:00:00+00:00,34,1,405207,420.75,421.5,420.5,420.5,1517,ZC.v.0
2025-10-08 13:00:00+00:00,34,1,405207,420.5,422.5,420.25,422.0,14433,ZC.v.0
2025-10-08 14:00:00+00:00,34,1,405207,422.0,422.75,419.75,420.5,19536,ZC.v.0
2025-10-08 15:00:00+00:00,34,1,405207,420.75,421.0,419.75,420.75,10439,ZC.v.0
2025-10-08 16:00:00+00:00,34,1,405207,420.75,421.75,419.75,421.75,11338,ZC.v.0
2025-10-08 17:00:00+00:00,34,1,405207,421.75,422.0,420.75,421.75,9317,ZC.v.0
2025-10-08 18:00:00+00:00,34,1,405207,421.75,422.25,421.25,422.0,18056,ZC.v.0
2025-10-09 00:00:00+00:00,34,1,405207,422.0,423.0,421.75,422.25,4061,ZC.v.0
2025-10-09 01:00:00+00:00,34,1,405207,422.25,422.25,421.25,422.0,1337,ZC.v.0
2025-10-09 02:00:00+00:00,34,1,405207,421.75,422.0,421.5,421.5,495,ZC.v.0
2025-10-09 03:00:00+00:00,34,1,405207,421.75,422.0,421.5,422.0,157,ZC.v.0
2025-10-09 04:00:00+00:00,34,1,405207,421.75,422.25,421.75,422.25,129,ZC.v.0
2025-10-09 05:00:00+00:00,34,1,405207,422.25,422.5,422.0,422.5,269,ZC.v.0
2025-10-09 06:00:00+00:00,34,1,405207,422.25,422.75,422.0,422.0,415,ZC.v.0
2025-10-09 07:00:00+00:00,34,1,405207,422.0,422.5,421.5,421.75,703,ZC.v.0
2025-10-09 08:00:00+00:00,34,1,405207,421.75,422.25,421.25,422.0,1000,ZC.v.0
2025-10-09 09:00:00+00:00,34,1,405207,422.0,422.0,421.25,421.25,916,ZC.v.0
2025-10-09 10:00:00+00:00,34,1,405207,421.25,421.75,420.75,420.75,1027,ZC.v.0
2025-10-09 11:00:00+00:00,34,1,405207,421.0,423.0,420.75,422.5,2753,ZC.v.0
2025-10-09 12:00:00+00:00,34,1,405207,422.5,422.75,421.0,421.5,2344,ZC.v.0
2025-10-09 13:00:00+00:00,34,1,405207,421.5,422.0,419.5,420.75,15940,ZC.v.0
2025-10-09 14:00:00+00:00,34,1,405207,420.75,422.75,420.25,422.0,13114,ZC.v.0
2025-10-09 15:00:00+00:00,34,1,405207,422.0,423.25,421.75,422.5,11422,ZC.v.0
2025-10-09 16:00:00+00:00,34,1,405207,422.75,422.75,419.5,419.75,15595,ZC.v.0
2025-10-09 17:00:00+00:00,34,1,405207,419.75,420.25,419.0,419.0,21999,ZC.v.0
2025-10-09 18:00:00+00:00,34,1,405207,419.25,419.25,418.0,418.5,21932,ZC.v.0
2025-10-10 00:00:00+00:00,34,1,405207,418.25,419.25,418.0,419.0,2240,ZC.v.0
2025-10-10 01:00:00+00:00,34,1,405207,419.0,419.0,418.5,418.5,356,ZC.v.0
2025-10-10 02:00:00+00:00,34,1,405207,418.5,419.25,418.5,418.75,316,ZC.v.0
2025-10-10 03:00:00+00:00,34,1,405207,418.75,419.25,418.75,419.0,124,ZC.v.0
2025-10-10 04:00:00+00:00,34,1,405207,419.25,419.25,418.5,418.5,264,ZC.v.0
2025-10-10 05:00:00+00:00,34,1,405207,418.75,419.0,418.75,419.0,473,ZC.v.0
2025-10-10 06:00:00+00:00,34,1,405207,419.0,419.25,418.5,418.5,510,ZC.v.0
2025-10-10 07:00:00+00:00,34,1,405207,418.75,418.75,417.5,417.75,2438,ZC.v.0
2025-10-10 08:00:00+00:00,34,1,405207,417.75,418.25,417.5,417.75,1647,ZC.v.0
2025-10-10 09:00:00+00:00,34,1,405207,418.0,418.0,417.5,417.75,920,ZC.v.0
2025-10-10 10:00:00+00:00,34,1,405207,417.5,417.75,417.25,417.25,720,ZC.v.0
2025-10-10 11:00:00+00:00,34,1,405207,417.5,417.75,416.75,416.75,6319,ZC.v.0
2025-10-10 12:00:00+00:00,34,1,405207,416.75,417.25,416.5,416.5,4192,ZC.v.0
2025-10-10 13:00:00+00:00,34,1,405207,416.75,416.75,415.25,416.0,21074,ZC.v.0
2025-10-10 14:00:00+00:00,34,1,405207,416.25,416.25,414.5,415.0,24913,ZC.v.0
2025-10-10 15:00:00+00:00,34,1,405207,415.0,415.0,412.25,413.5,38952,ZC.v.0
2025-10-10 16:00:00+00:00,34,1,405207,413.5,414.5,413.0,413.0,19597,ZC.v.0
2025-10-10 17:00:00+00:00,34,1,405207,413.25,414.0,412.75,413.75,12821,ZC.v.0
2025-10-10 18:00:00+00:00,34,1,405207,413.5,413.75,412.75,413.5,26787,ZC.v.0
2025-10-13 00:00:00+00:00,34,1,405207,413.0,415.0,412.25,414.0,8797,ZC.v.0
2025-10-13 01:00:00+00:00,34,1,405207,414.25,414.5,413.75,414.25,2341,ZC.v.0
2025-10-13 02:00:00+00:00,34,1,405207,414.25,414.25,413.25,413.5,701,ZC.v.0
2025-10-13 03:00:00+00:00,34,1,405207,413.5,413.75,413.5,413.5,55,ZC.v.0
2025-10-13 04:00:00+00:00,34,1,405207,413.75,413.75,413.0,413.25,426,ZC.v.0
2025-10-13 05:00:00+00:00,34,1,405207,413.0,413.25,413.0,413.0,148,ZC.v.0
2025-10-13 06:00:00+00:00,34,1,405207,413.0,413.25,412.75,413.25,1752,ZC.v.0
2025-10-13 07:00:00+00:00,34,1,405207,413.0,413.75,413.0,413.75,1181,ZC.v.0
2025-10-13 08:00:00+00:00,34,1,405207,413.5,414.0,412.75,413.25,2922,ZC.v.0
2025-10-13 09:00:00+00:00,34,1,405207,413.5,414.25,413.0,414.25,1364,ZC.v.0
2025-10-13 10:00:00+00:00,34,1,405207,414.25,414.25,413.25,413.5,1573,ZC.v.0
2025-10-13 11:00:00+00:00,34,1,405207,413.5,414.0,412.75,413.25,2932,ZC.v.0
2025-10-13 12:00:00+00:00,34,1,405207,413.25,413.5,412.25,413.25,2524,ZC.v.0
2025-10-13 13:00:00+00:00,34,1,405207,413.25,413.75,412.25,413.25,12384,ZC.v.0
2025-10-13 14:00:00+00:00,34,1,405207,413.0,413.25,411.0,411.0,21723,ZC.v.0
2025-10-13 15:00:00+00:00,34,1,405207,411.25,411.5,410.5,410.75,16778,ZC.v.0
2025-10-13 16:00:00+00:00,34,1,405207,410.75,411.0,410.5,410.75,9023,ZC.v.0
2025-10-13 17:00:00+00:00,34,1,405207,411.0,411.75,410.75,411.0,9047,ZC.v.0
2025-10-13 18:00:00+00:00,34,1,405207,411.0,411.25,410.5,410.5,15030,ZC.v.0
2025-10-14 00:00:00+00:00,34,1,405207,410.75,411.5,410.75,411.25,2912,ZC.v.0
2025-10-14 01:00:00+00:00,34,1,405207,411.25,411.5,410.75,410.75,1723,ZC.v.0
2025-10-14 02:00:00+00:00,34,1,405207,411.0,411.25,410.75,411.25,929,ZC.v.0
2025-10-14 03:00:00+00:00,34,1,405207,411.0,411.25,411.0,411.0,233,ZC.v.0
2025-10-14 04:00:00+00:00,34,1,405207,411.25,411.25,410.5,410.75,665,ZC.v.0
2025-10-14 05:00:00+00:00,34,1,405207,411.0,411.0,410.5,411.0,1013,ZC.v.0
2025-10-14 06:00:00+00:00,34,1,405207,410.75,411.0,410.5,411.0,661,ZC.v.0
2025-10-14 07:00:00+00:00,34,1,405207,410.75,411.0,410.5,411.0,1354,ZC.v.0
2025-10-14 08:00:00+00:00,34,1,405207,410.75,411.0,410.5,410.5,1015,ZC.v.0
2025-10-14 09:00:00+00:00,34,1,405207,410.5,411.0,410.25,410.5,1271,ZC.v.0
2025-10-14 10:00:00+00:00,34,1,405207,410.5,410.75,409.5,410.75,9055,ZC.v.0
2025-10-14 11:00:00+00:00,34,1,405207,410.5,410.75,410.0,410.5,2537,ZC.v.0
2025-10-14 12:00:00+00:00,34,1,405207,410.75,410.75,409.5,409.75,4103,ZC.v.0
2025-10-14 13:00:00+00:00,34,1,405207,409.75,412.75,409.25,412.25,27933,ZC.v.0
2025-10-14 14:00:00+00:00,34,1,405207,412.0,413.0,411.5,412.25,24307,ZC.v.0
2025-10-14 15:00:00+00:00,34,1,405207,412.5,412.75,411.25,411.5,15622,ZC.v.0
2025-10-14 16:00:00+00:00,34,1,405207,411.5,412.5,411.0,412.25,8242,ZC.v.0
2025-10-14 17:00:00+00:00,34,1,405207,412.0,413.5,411.75,412.75,11290,ZC.v.0
2025-10-14 18:00:00+00:00,34,1,405207,412.5,413.5,412.5,413.25,14794,ZC.v.0
2025-10-15 00:00:00+00:00,34,1,405207,412.75,413.0,411.5,412.0,2763,ZC.v.0
2025-10-15 01:00:00+00:00,34,1,405207,412.25,412.75,412.0,412.5,689,ZC.v.0
2025-10-15 02:00:00+00:00,34,1,405207,412.5,412.75,412.25,412.5,196,ZC.v.0
2025-10-15 03:00:00+00:00,34,1,405207,412.5,412.75,412.5,412.75,118,ZC.v.0
2025-10-15 04:00:00+00:00,34,1,405207,412.5,412.75,412.5,412.5,100,ZC.v.0
2025-10-15 05:00:00+00:00,34,1,405207,412.75,412.75,412.5,412.75,70,ZC.v.0
2025-10-15 06:00:00+00:00,34,1,405207,412.5,412.5,412.0,412.25,796,ZC.v.0
2025-10-15 07:00:00+00:00,34,1,405207,412.5,413.0,412.0,412.5,1047,ZC.v.0
2025-10-15 08:00:00+00:00,34,1,405207,412.75,413.0,412.25,412.5,1043,ZC.v.0
2025-10-15 09:00:00+00:00,34,1,405207,412.25,412.75,411.75,412.25,1127,ZC.v.0
2025-10-15 10:00:00+00:00,34,1,405207,412.0,412.25,411.25,411.75,1093,ZC.v.0
2025-10-15 11:00:00+00:00,34,1,405207,411.75,412.25,411.25,411.5,1386,ZC.v.0
2025-10-15 12:00:00+00:00,34,1,405207,411.5,412.75,411.5,412.25,2436,ZC.v.0
2025-10-15 13:00:00+00:00,34,1,405207,412.5,413.25,411.5,412.25,11650,ZC.v.0
2025-10-15 14:00:00+00:00,34,1,405207,412.25,416.0,412.25,415.0,23137,ZC.v.0
2025-10-15 15:00:00+00:00,34,1,405207,415.0,415.5,414.0,414.75,16058,ZC.v.0
2025-10-15 16:00:00+00:00,34,1,405207,415.0,418.5,414.75,418.0,31751,ZC.v.0
2025-10-15 17:00:00+00:00,34,1,405207,417.75,418.25,416.75,417.75,19483,ZC.v.0
2025-10-15 18:00:00+00:00,34,1,405207,417.5,418.0,416.5,417.25,19592,ZC.v.0
2025-10-16 00:00:00+00:00,34,1,405207,416.75,417.5,416.25,417.25,4473,ZC.v.0
2025-10-16 01:00:00+00:00,34,1,405207,417.5,417.5,417.25,417.25,494,ZC.v.0
2025-10-16 02:00:00+00:00,34,1,405207,417.25,418.0,417.25,417.75,597,ZC.v.0
2025-10-16 03:00:00+00:00,34,1,405207,417.5,417.75,417.25,417.25,354,ZC.v.0
2025-10-16 04:00:00+00:00,34,1,405207,417.25,417.5,417.25,417.25,344,ZC.v.0
2025-10-16 05:00:00+00:00,34,1,405207,417.25,417.5,417.0,417.25,591,ZC.v.0
2025-10-16 06:00:00+00:00,34,1,405207,417.5,417.75,417.25,417.25,571,ZC.v.0
2025-10-16 07:00:00+00:00,34,1,405207,417.25,418.0,417.25,417.5,1731,ZC.v.0
2025-10-16 08:00:00+00:00,34,1,405207,417.5,417.75,417.0,417.5,1672,ZC.v.0
2025-10-16 09:00:00+00:00,34,1,405207,417.25,417.25,416.5,416.75,1699,ZC.v.0
2025-10-16 10:00:00+00:00,34,1,405207,417.0,417.25,417.0,417.25,238,ZC.v.0
2025-10-16 11:00:00+00:00,34,1,405207,417.25,417.5,416.75,416.75,1504,ZC.v.0
2025-10-16 12:00:00+00:00,34,1,405207,416.75,417.25,416.75,417.0,1631,ZC.v.0
2025-10-16 13:00:00+00:00,34,1,405207,417.0,419.5,417.0,419.25,20427,ZC.v.0
2025-10-16 14:00:00+00:00,34,1,405207,419.5,421.0,418.25,420.25,40796,ZC.v.0
2025-10-16 15:00:00+00:00,34,1,405207,420.5,422.0,419.75,422.0,33278,ZC.v.0
2025-10-16 16:00:00+00:00,34,1,405207,422.0,423.5,421.25,423.0,30310,ZC.v.0
2025-10-16 17:00:00+00:00,34,1,405207,423.0,423.5,421.75,422.5,19718,ZC.v.0
2025-10-16 18:00:00+00:00,34,1,405207,422.25,422.5,421.25,422.0,22777,ZC.v.0
2025-10-17 00:00:00+00:00,34,1,405207,421.25,423.0,421.0,422.25,5134,ZC.v.0
2025-10-17 01:00:00+00:00,34,1,405207,422.5,423.0,422.5,422.75,1155,ZC.v.0
2025-10-17 02:00:00+00:00,34,1,405207,422.5,423.0,422.5,423.0,500,ZC.v.0
2025-10-17 03:00:00+00:00,34,1,405207,422.75,423.25,422.75,423.0,844,ZC.v.0
2025-10-17 04:00:00+00:00,34,1,405207,423.0,423.25,422.75,423.0,127,ZC.v.0
2025-10-17 05:00:00+00:00,34,1,405207,423.0,423.5,423.0,423.5,612,ZC.v.0
2025-10-17 06:00:00+00:00,34,1,405207,423.25,423.5,422.75,422.75,897,ZC.v.0
2025-10-17 07:00:00+00:00,34,1,405207,423.0,423.25,422.5,423.0,1330,ZC.v.0
2025-10-17 08:00:00+00:00,34,1,405207,423.0,423.5,422.5,423.25,1212,ZC.v.0
2025-10-17 09:00:00+00:00,34,1,405207,423.25,424.0,423.0,424.0,1690,ZC.v.0
2025-10-17 10:00:00+00:00,34,1,405207,423.75,424.75,423.25,424.0,4457,ZC.v.0
2025-10-17 11:00:00+00:00,34,1,405207,424.0,424.75,422.75,423.75,2974,ZC.v.0
2025-10-17 12:00:00+00:00,34,1,405207,424.0,424.5,423.5,424.0,4158,ZC.v.0
2025-10-17 13:00:00+00:00,34,1,405207,424.0,424.25,422.0,422.5,22214,ZC.v.0
2025-10-17 14:00:00+00:00,34,1,405207,422.5,423.5,422.0,422.5,21075,ZC.v.0
2025-10-17 15:00:00+00:00,34,1,405207,422.5,424.75,422.5,424.5,14546,ZC.v.0
2025-10-17 16:00:00+00:00,34,1,405207,424.5,424.5,423.25,423.25,8810,ZC.v.0
2025-10-17 17:00:00+00:00,34,1,405207,423.25,424.0,422.5,422.5,8809,ZC.v.0
2025-10-17 18:00:00+00:00,34,1,405207,422.75,423.5,422.25,423.0,17457,ZC.v.0
2025-10-20 00:00:00+00:00,34,1,405207,422.5,424.0,422.0,422.25,6131,ZC.v.0
2025-10-20 01:00:00+00:00,34,1,405207,422.25,422.25,421.5,421.5,1422,ZC.v.0
2025-10-20 02:00:00+00:00,34,1,405207,421.75,422.75,421.5,422.25,1052,ZC.v.0
2025-10-20 03:00:00+00:00,34,1,405207,422.5,422.75,422.5,422.5,107,ZC.v.0
2025-10-20 04:00:00+00:00,34,1,405207,422.75,422.75,422.5,422.5,98,ZC.v.0
2025-10-20 05:00:00+00:00,34,1,405207,422.5,422.75,422.25,422.25,287,ZC.v.0
2025-10-20 06:00:00+00:00,34,1,405207,422.25,422.5,421.75,422.0,634,ZC.v.0
2025-10-20 07:00:00+00:00,34,1,405207,422.0,422.75,422.0,422.75,956,ZC.v.0
2025-10-20 08:00:00+00:00,34,1,405207,422.5,423.75,422.5,423.75,1653,ZC.v.0
2025-10-20 09:00:00+00:00,34,1,405207,423.75,424.0,423.0,423.0,1923,ZC.v.0
2025-10-20 10:00:00+00:00,34,1,405207,423.0,424.0,422.75,423.75,873,ZC.v.0
2025-10-20 11:00:00+00:00,34,1,405207,423.5,423.75,422.0,422.75,2161,ZC.v.0
2025-10-20 12:00:00+00:00,34,1,405207,422.75,423.0,421.75,422.0,3494,ZC.v.0
2025-10-20 13:00:00+00:00,34,1,405207,422.0,422.75,419.75,419.75,21566,ZC.v.0
2025-10-20 14:00:00+00:00,34,1,405207,419.75,421.25,419.5,420.0,20312,ZC.v.0
2025-10-20 15:00:00+00:00,34,1,405207,420.25,420.75,419.75,420.5,13614,ZC.v.0
2025-10-20 16:00:00+00:00,34,1,405207,420.5,423.5,420.25,423.0,13457,ZC.v.0
2025-10-20 17:00:00+00:00,34,1,405207,423.25,423.75,422.5,423.5,13510,ZC.v.0
2025-10-20 18:00:00+00:00,34,1,405207,423.25,424.0,423.0,424.0,14401,ZC.v.0
2025-10-21 00:00:00+00:00,34,1,405207,423.25,424.5,423.0,424.0,3742,ZC.v.0
2025-10-21 01:00:00+00:00,34,1,405207,424.0,424.25,423.75,423.75,562,ZC.v.0
2025-10-21 02:00:00+00:00,34,1,405207,424.0,424.25,423.75,424.0,252,ZC.v.0
2025-10-21 03:00:00+00:00,34,1,405207,424.0,424.0,423.75,424.0,350,ZC.v.0
2025-10-21 04:00:00+00:00,34,1,405207,423.75,423.75,423.25,423.25,241,ZC.v.0
2025-10-21 05:00:00+00:00,34,1,405207,423.5,423.75,423.25,423.5,377,ZC.v.0
2025-10-21 06:00:00+00:00,34,1,405207,423.5,423.75,423.0,423.0,493,ZC.v.0
2025-10-21 07:00:00+00:00,34,1,405207,423.25,423.5,422.75,423.5,1156,ZC.v.0
2025-10-21 08:00:00+00:00,34,1,405207,423.5,424.0,423.0,424.0,1139,ZC.v.0
2025-10-21 09:00:00+00:00,34,1,405207,424.0,424.5,423.25,423.5,2084,ZC.v.0
2025-10-21 10:00:00+00:00,34,1,405207,423.5,423.75,423.25,423.5,217,ZC.v.0
2025-10-21 11:00:00+00:00,34,1,405207,423.5,423.75,422.0,422.25,2308,ZC.v.0
2025-10-21 12:00:00+00:00,34,1,405207,422.25,422.5,421.25,422.0,3673,ZC.v.0
2025-10-21 13:00:00+00:00,34,1,405207,421.75,422.5,420.0,420.0,15349,ZC.v.0
2025-10-21 14:00:00+00:00,34,1,405207,420.0,422.25,419.5,420.5,30671,ZC.v.0
2025-10-21 15:00:00+00:00,34,1,405207,420.5,420.75,419.0,419.25,15542,ZC.v.0
2025-10-21 16:00:00+00:00,34,1,405207,419.0,420.25,418.5,418.5,14324,ZC.v.0
2025-10-21 17:00:00+00:00,34,1,405207,418.75,420.25,418.5,419.25,12384,ZC.v.0
2025-10-21 18:00:00+00:00,34,1,405207,419.5,420.0,419.25,419.75,13885,ZC.v.0
2025-10-22 00:00:00+00:00,34,1,405207,419.75,420.0,418.5,419.75,3900,ZC.v.0
2025-10-22 01:00:00+00:00,34,1,405207,419.5,419.75,419.25,419.5,571,ZC.v.0
2025-10-22 02:00:00+00:00,34,1,405207,419.5,420.0,419.25,420.0,480,ZC.v.0
2025-10-22 03:00:00+00:00,34,1,405207,419.75,420.0,419.5,419.75,242,ZC.v.0
2025-10-22 04:00:00+00:00,34,1,405207,420.0,420.0,419.25,419.25,991,ZC.v.0
2025-10-22 05:00:00+00:00,34,1,405207,419.5,419.75,419.25,419.75,667,ZC.v.0
2025-10-22 06:00:00+00:00,34,1,405207,419.5,420.25,419.25,420.25,570,ZC.v.0
2025-10-22 07:00:00+00:00,34,1,405207,420.25,420.75,420.0,420.5,1484,ZC.v.0
2025-10-22 08:00:00+00:00,34,1,405207,420.5,421.0,419.75,420.5,1377,ZC.v.0
2025-10-22 09:00:00+00:00,34,1,405207,420.5,421.0,420.25,420.75,1174,ZC.v.0
2025-10-22 10:00:00+00:00,34,1,405207,420.75,420.75,419.5,420.25,1747,ZC.v.0
2025-10-22 11:00:00+00:00,34,1,405207,420.0,421.25,419.75,420.75,2165,ZC.v.0
2025-10-22 12:00:00+00:00,34,1,405207,420.5,421.5,420.5,421.0,2163,ZC.v.0
2025-10-22 13:00:00+00:00,34,1,405207,420.5,422.5,419.5,420.75,17782,ZC.v.0
2025-10-22 14:00:00+00:00,34,1,405207,421.0,422.75,420.25,420.75,19931,ZC.v.0
2025-10-22 15:00:00+00:00,34,1,405207,420.75,422.5,420.75,422.0,7987,ZC.v.0
2025-10-22 16:00:00+00:00,34,1,405207,422.0,423.25,421.0,422.25,20970,ZC.v.0
2025-10-22 17:00:00+00:00,34,1,405207,422.25,423.75,422.0,422.75,13676,ZC.v.0
2025-10-22 18:00:00+00:00,34,1,405207,422.5,424.0,422.25,423.75,21824,ZC.v.0
2025-10-23 00:00:00+00:00,34,1,405207,423.0,424.25,423.0,423.75,5788,ZC.v.0
2025-10-23 01:00:00+00:00,34,1,405207,423.75,424.0,423.5,423.75,1385,ZC.v.0
2025-10-23 02:00:00+00:00,34,1,405207,423.75,423.75,423.25,423.5,764,ZC.v.0
2025-10-23 03:00:00+00:00,34,1,405207,423.5,423.75,423.25,423.25,196,ZC.v.0
2025-10-23 04:00:00+00:00,34,1,405207,423.25,423.5,423.25,423.25,179,ZC.v.0
2025-10-23 05:00:00+00:00,34,1,405207,423.5,424.0,423.5,423.75,255,ZC.v.0
2025-10-23 06:00:00+00:00,34,1,405207,424.0,424.5,423.75,424.5,1250,ZC.v.0
2025-10-23 07:00:00+00:00,34,1,405207,424.5,424.5,423.75,424.25,1401,ZC.v.0
2025-10-23 08:00:00+00:00,34,1,405207,424.25,425.5,424.0,425.0,5439,ZC.v.0
2025-10-23 09:00:00+00:00,34,1,405207,425.0,425.25,424.0,424.25,1216,ZC.v.0
2025-10-23 10:00:00+00:00,34,1,405207,424.25,425.0,424.0,424.5,909,ZC.v.0
2025-10-23 11:00:00+00:00,34,1,405207,424.25,425.0,424.25,424.75,1125,ZC.v.0
2025-10-23 12:00:00+00:00,34,1,405207,424.75,424.75,422.75,423.0,4259,ZC.v.0
2025-10-23 13:00:00+00:00,34,1,405207,423.0,423.0,421.0,422.25,14779,ZC.v.0
2025-10-23 14:00:00+00:00,34,1,405207,422.5,424.25,421.75,424.25,16719,ZC.v.0
2025-10-23 15:00:00+00:00,34,1,405207,424.0,424.5,423.25,424.5,11200,ZC.v.0
2025-10-23 16:00:00+00:00,34,1,405207,424.5,425.5,424.0,425.0,14303,ZC.v.0
2025-10-23 17:00:00+00:00,34,1,405207,425.25,428.5,425.0,428.0,34817,ZC.v.0
2025-10-23 18:00:00+00:00,34,1,405207,428.0,428.5,427.5,427.75,20080,ZC.v.0
2025-10-24 00:00:00+00:00,34,1,405207,427.25,427.5,426.5,427.25,5493,ZC.v.0
2025-10-24 01:00:00+00:00,34,1,405207,427.25,427.25,426.25,427.0,2750,ZC.v.0
2025-10-24 02:00:00+00:00,34,1,405207,426.75,427.25,426.5,426.75,808,ZC.v.0
2025-10-24 03:00:00+00:00,34,1,405207,426.75,427.0,426.5,427.0,316,ZC.v.0
2025-10-24 04:00:00+00:00,34,1,405207,427.0,427.0,426.75,426.75,253,ZC.v.0
2025-10-24 05:00:00+00:00,34,1,405207,427.0,427.0,426.25,426.25,849,ZC.v.0
2025-10-24 06:00:00+00:00,34,1,405207,426.25,426.75,426.0,426.25,783,ZC.v.0
2025-10-24 07:00:00+00:00,34,1,405207,426.5,427.0,426.0,426.75,2253,ZC.v.0
2025-10-24 08:00:00+00:00,34,1,405207,426.75,427.0,425.75,426.0,2080,ZC.v.0
2025-10-24 09:00:00+00:00,34,1,405207,426.25,426.25,425.5,426.25,1221,ZC.v.0
2025-10-24 10:00:00+00:00,34,1,405207,426.25,427.0,426.0,426.25,1231,ZC.v.0
2025-10-24 11:00:00+00:00,34,1,405207,426.25,427.0,426.25,426.25,1464,ZC.v.0
2025-10-24 12:00:00+00:00,34,1,405207,426.25,426.25,425.25,425.5,4472,ZC.v.0
2025-10-24 13:00:00+00:00,34,1,405207,425.5,426.5,424.0,425.0,22068,ZC.v.0
2025-10-24 14:00:00+00:00,34,1,405207,425.0,425.5,423.25,424.0,20368,ZC.v.0
2025-10-24 15:00:00+00:00,34,1,405207,423.75,424.75,423.5,423.5,16973,ZC.v.0
2025-10-24 16:00:00+00:00,34,1,405207,423.5,424.25,423.0,423.25,13048,ZC.v.0
2025-10-24 17:00:00+00:00,34,1,405207,423.5,424.25,423.0,423.5,13807,ZC.v.0
2025-10-24 18:00:00+00:00,34,1,405207,423.75,424.0,423.0,424.0,21760,ZC.v.0
2025-10-27 00:00:00+00:00,34,1,405207,427.0,430.0,426.25,428.5,24639,ZC.v.0
2025-10-27 01:00:00+00:00,34,1,405207,428.5,429.75,428.5,428.75,3052,ZC.v.0
2025-10-27 02:00:00+00:00,34,1,405207,429.0,429.75,429.0,429.5,1523,ZC.v.0
2025-10-27 03:00:00+00:00,34,1,405207,429.5,429.75,429.25,429.5,1211,ZC.v.0
2025-10-27 04:00:00+00:00,34,1,405207,429.5,429.75,429.25,429.25,309,ZC.v.0
2025-10-27 05:00:00+00:00,34,1,405207,429.25,430.0,429.25,430.0,793,ZC.v.0
2025-10-27 06:00:00+00:00,34,1,405207,430.0,430.0,429.25,429.75,2186,ZC.v.0
2025-10-27 07:00:00+00:00,34,1,405207,429.75,429.75,429.0,429.5,1633,ZC.v.0
2025-10-27 08:00:00+00:00,34,1,405207,429.5,429.75,428.25,428.75,2633,ZC.v.0
2025-10-27 09:00:00+00:00,34,1,405207,429.0,429.5,428.75,429.0,2126,ZC.v.0
2025-10-27 10:00:00+00:00,34,1,405207,429.0,430.0,428.5,429.75,2203,ZC.v.0
2025-10-27 11:00:00+00:00,34,1,405207,429.75,430.75,429.25,430.5,5465,ZC.v.0
2025-10-27 12:00:00+00:00,34,1,405207,430.25,430.5,429.5,429.75,8470,ZC.v.0
2025-10-27 13:00:00+00:00,34,1,405207,429.5,430.0,428.0,428.5,22062,ZC.v.0
2025-10-27 14:00:00+00:00,34,1,405207,428.5,429.0,426.0,427.5,28737,ZC.v.0
2025-10-27 15:00:00+00:00,34,1,405207,427.5,429.25,427.5,429.0,15285,ZC.v.0
2025-10-27 16:00:00+00:00,34,1,405207,429.25,431.5,429.0,430.5,24427,ZC.v.0
2025-10-27 17:00:00+00:00,34,1,405207,430.5,431.75,430.0,430.0,26159,ZC.v.0
2025-10-27 18:00:00+00:00,34,1,405207,430.0,430.25,428.0,428.0,23796,ZC.v.0
2025-10-28 00:00:00+00:00,34,1,405207,428.0,429.0,427.25,428.5,5236,ZC.v.0
2025-10-28 01:00:00+00:00,34,1,405207,428.75,429.5,428.5,429.25,1234,ZC.v.0
2025-10-28 02:00:00+00:00,34,1,405207,429.25,429.25,428.25,428.75,1098,ZC.v.0
2025-10-28 03:00:00+00:00,34,1,405207,428.75,429.25,428.5,429.25,210,ZC.v.0
2025-10-28 04:00:00+00:00,34,1,405207,429.0,429.25,429.0,429.0,39,ZC.v.0
2025-10-28 05:00:00+00:00,34,1,405207,429.0,429.5,428.75,429.0,524,ZC.v.0
2025-10-28 06:00:00+00:00,34,1,405207,429.25,430.25,429.0,430.25,2164,ZC.v.0
2025-10-28 07:00:00+00:00,34,1,405207,430.25,431.0,430.0,430.5,1491,ZC.v.0
2025-10-28 08:00:00+00:00,34,1,405207,430.5,432.5,429.75,432.0,5157,ZC.v.0
2025-10-28 09:00:00+00:00,34,1,405207,432.0,432.5,430.5,431.25,5040,ZC.v.0
2025-10-28 10:00:00+00:00,34,1,405207,431.25,431.25,430.25,430.5,1920,ZC.v.0
2025-10-28 11:00:00+00:00,34,1,405207,430.5,431.5,430.0,430.0,3066,ZC.v.0
2025-10-28 12:00:00+00:00,34,1,405207,430.0,432.5,430.0,431.5,6879,ZC.v.0
2025-10-28 13:00:00+00:00,34,1,405207,431.25,433.25,431.0,432.0,30265,ZC.v.0
2025-10-28 14:00:00+00:00,34,1,405207,432.0,435.5,432.0,434.25,36563,ZC.v.0
2025-10-28 15:00:00+00:00,34,1,405207,434.25,436.25,434.0,435.0,35598,ZC.v.0
2025-10-28 16:00:00+00:00,34,1,405207,435.0,435.75,431.25,432.5,39918,ZC.v.0
2025-10-28 17:00:00+00:00,34,1,405207,432.5,432.75,428.0,430.25,41211,ZC.v.0
2025-10-28 18:00:00+00:00,34,1,405207,430.25,432.75,430.0,431.75,21794,ZC.v.0
2025-10-29 00:00:00+00:00,34,1,405207,431.25,431.75,430.0,430.5,4761,ZC.v.0
2025-10-29 01:00:00+00:00,34,1,405207,430.75,431.25,430.5,431.0,581,ZC.v.0
2025-10-29 02:00:00+00:00,34,1,405207,431.0,432.0,431.0,431.25,2145,ZC.v.0
2025-10-29 03:00:00+00:00,34,1,405207,431.25,431.5,430.75,431.5,164,ZC.v.0
2025-10-29 04:00:00+00:00,34,1,405207,431.25,431.5,431.0,431.0,283,ZC.v.0
2025-10-29 05:00:00+00:00,34,1,405207,431.0,431.25,430.5,430.5,441,ZC.v.0
2025-10-29 06:00:00+00:00,34,1,405207,430.75,431.75,430.75,431.75,727,ZC.v.0
2025-10-29 07:00:00+00:00,34,1,405207,431.5,431.75,430.75,430.75,1335,ZC.v.0
2025-10-29 08:00:00+00:00,34,1,405207,431.0,431.25,430.25,430.75,3210,ZC.v.0
2025-10-29 09:00:00+00:00,34,1,405207,430.75,433.0,430.5,432.25,3283,ZC.v.0
2025-10-29 10:00:00+00:00,34,1,405207,432.25,432.5,430.75,430.75,1404,ZC.v.0
2025-10-29 11:00:00+00:00,34,1,405207,430.75,432.25,430.5,431.25,2683,ZC.v.0
2025-10-29 12:00:00+00:00,34,1,405207,431.25,432.0,430.75,431.0,1909,ZC.v.0
2025-10-29 13:00:00+00:00,34,1,405207,431.0,434.25,430.75,432.75,19006,ZC.v.0
2025-10-29 14:00:00+00:00,34,1,405207,432.5,433.25,430.5,431.0,17925,ZC.v.0
2025-10-29 15:00:00+00:00,34,1,405207,430.75,432.75,430.5,432.0,16759,ZC.v.0
2025-10-29 16:00:00+00:00,34,1,405207,432.25,433.0,431.75,432.75,12879,ZC.v.0
2025-10-29 17:00:00+00:00,34,1,405207,433.0,434.75,432.5,433.5,16624,ZC.v.0
2025-10-29 18:00:00+00:00,34,1,405207,433.5,435.0,433.25,434.5,11824,ZC.v.0
2025-10-30 00:00:00+00:00,34,1,405207,434.0,434.75,433.25,434.25,4008,ZC.v.0
2025-10-30 01:00:00+00:00,34,1,405207,434.25,434.75,434.0,434.75,1333,ZC.v.0
2025-10-30 02:00:00+00:00,34,1,405207,434.75,436.5,434.25,435.5,4537,ZC.v.0
2025-10-30 03:00:00+00:00,34,1,405207,435.5,437.0,433.5,433.75,2319,ZC.v.0
2025-10-30 04:00:00+00:00,34,1,405207,433.75,436.25,428.5,429.25,12384,ZC.v.0
2025-10-30 05:00:00+00:00,34,1,405207,429.5,431.0,428.75,429.25,8518,ZC.v.0
2025-10-30 06:00:00+00:00,34,1,405207,429.0,430.5,429.0,430.0,1942,ZC.v.0
2025-10-30 07:00:00+00:00,34,1,405207,430.25,430.5,428.5,429.25,3866,ZC.v.0
2025-10-30 08:00:00+00:00,34,1,405207,429.25,431.5,428.5,431.0,6575,ZC.v.0
2025-10-30 09:00:00+00:00,34,1,405207,430.75,431.0,428.5,429.5,5387,ZC.v.0
2025-10-30 10:00:00+00:00,34,1,405207,429.5,429.75,428.25,429.0,3290,ZC.v.0
2025-10-30 11:00:00+00:00,34,1,405207,429.0,434.5,428.5,433.75,20570,ZC.v.0
2025-10-30 12:00:00+00:00,34,1,405207,433.5,437.0,433.25,434.5,11651,ZC.v.0
2025-10-30 13:00:00+00:00,34,1,405207,434.5,435.5,429.75,430.0,22841,ZC.v.0
2025-10-30 14:00:00+00:00,34,1,405207,430.0,430.75,427.75,429.75,30476,ZC.v.0
2025-10-30 15:00:00+00:00,34,1,405207,430.0,433.5,428.75,433.0,21236,ZC.v.0
2025-10-30 16:00:00+00:00,34,1,405207,433.25,433.25,430.75,432.5,12823,ZC.v.0
2025-10-30 17:00:00+00:00,34,1,405207,432.5,433.0,429.25,430.0,13931,ZC.v.0
2025-10-30 18:00:00+00:00,34,1,405207,429.75,430.75,429.0,429.5,20804,ZC.v.0
2025-10-31 00:00:00+00:00,34,1,405207,429.25,430.25,429.0,429.5,3549,ZC.v.0
2025-10-31 01:00:00+00:00,34,1,405207,429.5,431.0,429.0,430.75,1984,ZC.v.0
2025-10-31 02:00:00+00:00,34,1,405207,430.75,431.75,430.5,431.75,1869,ZC.v.0
2025-10-31 03:00:00+00:00,34,1,405207,431.5,431.75,431.0,431.25,539,ZC.v.0
2025-10-31 04:00:00+00:00,34,1,405207,431.5,431.75,431.5,431.75,124,ZC.v.0
2025-10-31 05:00:00+00:00,34,1,405207,431.75,431.75,430.5,431.0,875,ZC.v.0
2025-10-31 06:00:00+00:00,34,1,405207,430.75,431.5,430.75,431.0,697,ZC.v.0
2025-10-31 07:00:00+00:00,34,1,405207,430.75,431.0,429.75,430.5,1409,ZC.v.0
2025-10-31 08:00:00+00:00,34,1,405207,430.75,430.75,429.25,429.75,1603,ZC.v.0
2025-10-31 09:00:00+00:00,34,1,405207,429.5,430.0,429.0,429.0,925,ZC.v.0
2025-10-31 10:00:00+00:00,34,1,405207,429.25,429.25,428.25,428.5,1453,ZC.v.0
2025-10-31 11:00:00+00:00,34,1,405207,428.5,428.75,427.5,428.0,5991,ZC.v.0
2025-10-31 12:00:00+00:00,34,1,405207,428.0,428.25,427.5,427.75,3116,ZC.v.0
2025-10-31 13:00:00+00:00,34,1,405207,427.75,429.25,426.5,428.75,17921,ZC.v.0
2025-10-31 14:00:00+00:00,34,1,405207,428.75,429.75,427.25,428.25,16861,ZC.v.0
2025-10-31 15:00:00+00:00,34,1,405207,428.0,431.25,428.0,431.25,16298,ZC.v.0
2025-10-31 16:00:00+00:00,34,1,405207,431.0,432.25,430.0,431.25,16231,ZC.v.0
2025-10-31 17:00:00+00:00,34,1,405207,431.25,432.25,430.25,431.75,11765,ZC.v.0
2025-10-31 18:00:00+00:00,34,1,405207,431.5,432.25,430.75,431.0,21076,ZC.v.0
2025-11-03 01:00:00+00:00,34,1,405207,431.0,434.0,430.75,433.25,7754,ZC.v.0
2025-11-03 02:00:00+00:00,34,1,405207,433.0,434.5,433.0,433.75,4267,ZC.v.0
2025-11-03 03:00:00+00:00,34,1,405207,433.5,434.0,433.25,433.75,2051,ZC.v.0
2025-11-03 04:00:00+00:00,34,1,405207,433.5,433.75,433.5,433.75,114,ZC.v.0
2025-11-03 05:00:00+00:00,34,1,405207,433.75,433.75,433.25,433.25,156,ZC.v.0
2025-11-03 06:00:00+00:00,34,1,405207,433.25,433.5,432.25,432.25,1716,ZC.v.0
2025-11-03 07:00:00+00:00,34,1,405207,432.5,433.0,432.25,432.5,624,ZC.v.0
2025-11-03 08:00:00+00:00,34,1,405207,432.5,433.5,432.25,433.0,1826,ZC.v.0
2025-11-03 09:00:00+00:00,34,1,405207,432.75,434.0,432.25,433.0,2877,ZC.v.0
2025-11-03 10:00:00+00:00,34,1,405207,433.0,433.75,432.5,432.5,1418,ZC.v.0
2025-11-03 11:00:00+00:00,34,1,405207,432.75,433.0,432.25,432.25,2073,ZC.v.0
2025-11-03 12:00:00+00:00,34,1,405207,432.25,433.25,431.5,432.75,4701,ZC.v.0
2025-11-03 13:00:00+00:00,34,1,405207,432.5,433.0,432.0,432.5,2199,ZC.v.0
2025-11-03 14:00:00+00:00,34,1,405207,432.0,432.75,429.25,429.75,21071,ZC.v.0
2025-11-03 15:00:00+00:00,34,1,405207,430.0,430.25,427.75,429.5,27380,ZC.v.0
2025-11-03 16:00:00+00:00,34,1,405207,429.5,432.5,429.0,431.75,24267,ZC.v.0
2025-11-03 17:00:00+00:00,34,1,405207,431.75,434.25,431.75,434.0,14638,ZC.v.0
2025-11-03 18:00:00+00:00,34,1,405207,434.25,435.0,433.5,434.0,15508,ZC.v.0
2025-11-03 19:00:00+00:00,34,1,405207,433.75,435.0,433.5,434.75,16897,ZC.v.0
2025-11-04 01:00:00+00:00,34,1,405207,434.0,434.5,433.0,434.25,6261,ZC.v.0
2025-11-04 02:00:00+00:00,34,1,405207,434.25,434.25,433.25,433.5,755,ZC.v.0
2025-11-04 03:00:00+00:00,34,1,405207,433.5,433.5,433.0,433.25,529,ZC.v.0
2025-11-04 04:00:00+00:00,34,1,405207,433.5,433.75,433.25,433.5,360,ZC.v.0
2025-11-04 05:00:00+00:00,34,1,405207,433.25,433.75,432.5,432.5,501,ZC.v.0
2025-11-04 06:00:00+00:00,34,1,405207,432.75,433.0,432.0,432.0,1001,ZC.v.0
2025-11-04 07:00:00+00:00,34,1,405207,432.0,432.5,432.0,432.0,1153,ZC.v.0
2025-11-04 08:00:00+00:00,34,1,405207,432.25,433.0,432.0,432.75,1031,ZC.v.0
2025-11-04 09:00:00+00:00,34,1,405207,433.0,433.5,432.5,432.75,1001,ZC.v.0
2025-11-04 10:00:00+00:00,34,1,405207,432.75,433.0,432.0,432.25,1041,ZC.v.0
2025-11-04 11:00:00+00:00,34,1,405207,432.0,433.0,431.0,431.25,3419,ZC.v.0
2025-11-04 12:00:00+00:00,34,1,405207,431.25,431.25,430.25,430.5,3844,ZC.v.0
2025-11-04 13:00:00+00:00,34,1,405207,430.75,431.0,430.0,430.0,4497,ZC.v.0
2025-11-04 14:00:00+00:00,34,1,405207,430.25,431.5,429.5,430.25,15543,ZC.v.0
2025-11-04 15:00:00+00:00,34,1,405207,430.5,431.25,429.5,430.5,15274,ZC.v.0
2025-11-04 16:00:00+00:00,34,1,405207,430.25,431.25,429.25,430.0,15285,ZC.v.0
2025-11-04 17:00:00+00:00,34,1,405207,430.0,430.75,429.75,429.75,7186,ZC.v.0
2025-11-04 18:00:00+00:00,34,1,405207,429.75,431.25,429.25,431.0,13443,ZC.v.0
2025-11-04 19:00:00+00:00,34,1,405207,431.0,431.75,430.5,430.75,9885,ZC.v.0
2025-11-05 01:00:00+00:00,34,1,405207,430.5,430.75,428.75,429.25,5518,ZC.v.0
2025-11-05 02:00:00+00:00,34,1,405207,429.0,429.75,429.0,429.25,617,ZC.v.0
2025-11-05 03:00:00+00:00,34,1,405207,429.5,430.25,429.5,430.25,1044,ZC.v.0
2025-11-05 04:00:00+00:00,34,1,405207,430.25,431.5,430.25,430.25,2829,ZC.v.0
2025-11-05 05:00:00+00:00,34,1,405207,430.0,430.75,430.0,430.25,590,ZC.v.0
2025-11-05 06:00:00+00:00,34,1,405207,430.5,430.75,430.0,430.75,1991,ZC.v.0
2025-11-05 07:00:00+00:00,34,1,405207,430.75,431.75,430.75,431.5,1465,ZC.v.0
2025-11-05 08:00:00+00:00,34,1,405207,431.5,432.25,431.25,431.5,2199,ZC.v.0
2025-11-05 09:00:00+00:00,34,1,405207,431.25,432.5,431.0,432.0,2310,ZC.v.0
2025-11-05 10:00:00+00:00,34,1,405207,432.0,432.75,431.75,431.75,1630,ZC.v.0
2025-11-05 11:00:00+00:00,34,1,405207,432.0,432.5,431.5,431.75,1946,ZC.v.0
2025-11-05 12:00:00+00:00,34,1,405207,431.5,432.25,431.0,431.75,3024,ZC.v.0
2025-11-05 13:00:00+00:00,34,1,405207,431.75,431.75,430.5,431.25,2854,ZC.v.0
2025-11-05 14:00:00+00:00,34,1,405207,431.25,433.25,430.25,432.5,15750,ZC.v.0
2025-11-05 15:00:00+00:00,34,1,405207,432.5,435.0,431.75,434.5,21790,ZC.v.0
2025-11-05 16:00:00+00:00,34,1,405207,434.5,435.25,433.75,435.25,18645,ZC.v.0
2025-11-05 17:00:00+00:00,34,1,405207,435.0,435.75,434.25,434.5,14840,ZC.v.0
2025-11-05 18:00:00+00:00,34,1,405207,434.5,435.0,433.75,435.0,13935,ZC.v.0
2025-11-05 19:00:00+00:00,34,1,405207,435.0,436.0,434.75,435.0,13154,ZC.v.0
2025-11-06 01:00:00+00:00,34,1,405207,434.5,434.75,433.0,433.0,7655,ZC.v.0
2025-11-06 02:00:00+00:00,34,1,405207,433.0,433.5,432.75,432.75,2228,ZC.v.0
2025-11-06 03:00:00+00:00,34,1,405207,432.75,433.0,432.75,432.75,324,ZC.v.0
2025-11-06 04:00:00+00:00,34,1,405207,432.75,433.5,432.75,433.25,531,ZC.v.0
2025-11-06 05:00:00+00:00,34,1,405207,433.5,433.5,433.25,433.25,152,ZC.v.0
2025-11-06 06:00:00+00:00,34,1,405207,433.5,433.75,433.25,433.5,1525,ZC.v.0
2025-11-06 07:00:00+00:00,34,1,405207,433.25,433.5,432.75,432.75,1805,ZC.v.0
2025-11-06 08:00:00+00:00,34,1,405207,433.0,433.75,432.75,433.75,1826,ZC.v.0
2025-11-06 09:00:00+00:00,34,1,405207,433.5,433.75,433.25,433.5,590,ZC.v.0
2025-11-06 10:00:00+00:00,34,1,405207,433.5,434.0,433.25,433.75,1752,ZC.v.0
2025-11-06 11:00:00+00:00,34,1,405207,433.75,434.0,433.25,433.5,1375,ZC.v.0
2025-11-06 12:00:00+00:00,34,1,405207,433.25,433.5,432.5,433.25,2532,ZC.v.0
2025-11-06 13:00:00+00:00,34,1,405207,433.0,433.5,432.5,433.0,1654,ZC.v.0
2025-11-06 14:00:00+00:00,34,1,405207,432.75,433.0,430.25,432.0,26388,ZC.v.0
2025-11-06 15:00:00+00:00,34,1,405207,431.75,432.5,429.25,429.25,23175,ZC.v.0
2025-11-06 16:00:00+00:00,34,1,405207,429.5,430.0,428.25,428.25,23372,ZC.v.0
2025-11-06 17:00:00+00:00,34,1,405207,428.25,430.25,428.25,429.25,15798,ZC.v.0
2025-11-06 18:00:00+00:00,34,1,405207,429.5,430.25,428.75,428.75,12792,ZC.v.0
2025-11-06 19:00:00+00:00,34,1,405207,428.75,429.25,428.25,428.75,15370,ZC.v.0
2025-11-07 01:00:00+00:00,34,1,405207,428.5,429.5,428.0,429.25,4751,ZC.v.0
2025-11-07 02:00:00+00:00,34,1,405207,429.25,430.0,428.75,429.0,860,ZC.v.0
2025-11-07 03:00:00+00:00,34,1,405207,429.0,429.25,428.5,428.5,382,ZC.v.0
2025-11-07 04:00:00+00:00,34,1,405207,428.5,429.25,428.25,429.0,363,ZC.v.0
2025-11-07 05:00:00+00:00,34,1,405207,429.0,429.25,428.75,429.0,473,ZC.v.0
2025-11-07 06:00:00+00:00,34,1,405207,429.0,429.5,429.0,429.25,678,ZC.v.0
2025-11-07 07:00:00+00:00,34,1,405207,429.25,429.5,428.75,429.25,554,ZC.v.0
2025-11-07 08:00:00+00:00,34,1,405207,429.25,429.25,428.5,428.5,1230,ZC.v.0
2025-11-07 09:00:00+00:00,34,1,405207,428.5,429.25,428.25,428.75,1191,ZC.v.0
2025-11-07 10:00:00+00:00,34,1,405207,428.75,429.0,428.0,428.0,915,ZC.v.0
2025-11-07 11:00:00+00:00,34,1,405207,428.25,429.0,427.75,428.75,1916,ZC.v.0
2025-11-07 12:00:00+00:00,34,1,405207,428.75,429.5,428.25,428.5,1759,ZC.v.0
2025-11-07 13:00:00+00:00,34,1,405207,428.25,429.0,428.0,428.5,1863,ZC.v.0
2025-11-07 14:00:00+00:00,34,1,405207,428.5,430.5,428.0,428.75,19194,ZC.v.0
2025-11-07 15:00:00+00:00,34,1,405207,429.0,429.5,427.5,429.0,17283,ZC.v.0
2025-11-07 16:00:00+00:00,34,1,405207,428.75,429.75,428.25,428.5,8039,ZC.v.0
2025-11-07 17:00:00+00:00,34,1,405207,428.5,429.0,427.5,427.75,9237,ZC.v.0
2025-11-07 18:00:00+00:00,34,1,405207,427.75,428.25,427.5,427.75,5548,ZC.v.0
2025-11-07 19:00:00+00:00,34,1,405207,427.5,428.0,426.75,426.75,16496,ZC.v.0
2025-11-10 01:00:00+00:00,34,1,405207,426.75,428.25,426.75,427.75,2714,ZC.v.0
2025-11-10 02:00:00+00:00,34,1,405207,428.0,428.75,427.5,428.0,1200,ZC.v.0
2025-11-10 03:00:00+00:00,34,1,405207,428.0,428.0,427.75,428.0,146,ZC.v.0
2025-11-10 04:00:00+00:00,34,1,405207,428.0,428.25,428.0,428.25,204,ZC.v.0
2025-11-10 05:00:00+00:00,34,1,405207,428.25,428.5,428.0,428.5,89,ZC.v.0
2025-11-10 06:00:00+00:00,34,1,405207,428.5,428.5,428.0,428.5,637,ZC.v.0
2025-11-10 07:00:00+00:00,34,1,405207,428.5,429.25,428.25,428.75,1463,ZC.v.0
2025-11-10 08:00:00+00:00,34,1,405207,428.75,429.25,428.5,429.0,1192,ZC.v.0
2025-11-10 09:00:00+00:00,34,1,405207,429.25,429.75,429.0,429.25,1977,ZC.v.0
2025-11-10 10:00:00+00:00,34,1,405207,429.25,429.5,428.5,428.5,1381,ZC.v.0
2025-11-10 11:00:00+00:00,34,1,405207,428.5,429.75,428.5,429.5,906,ZC.v.0
2025-11-10 12:00:00+00:00,34,1,405207,429.5,430.0,428.5,429.0,2640,ZC.v.0
2025-11-10 13:00:00+00:00,34,1,405207,428.75,429.25,428.75,429.0,1573,ZC.v.0
2025-11-10 14:00:00+00:00,34,1,405207,428.5,429.5,426.25,426.75,13134,ZC.v.0
2025-11-10 15:00:00+00:00,34,1,405207,426.5,430.0,426.5,429.5,14993,ZC.v.0
2025-11-10 16:00:00+00:00,34,1,405207,429.5,429.75,428.0,428.75,8134,ZC.v.0
2025-11-10 17:00:00+00:00,34,1,405207,428.75,430.25,428.25,429.75,10974,ZC.v.0
2025-11-10 18:00:00+00:00,34,1,405207,430.0,431.25,429.5,430.25,15018,ZC.v.0
2025-11-10 19:00:00+00:00,34,1,405207,430.0,430.25,429.25,429.25,16184,ZC.v.0
2025-11-11 01:00:00+00:00,34,1,405207,429.0,429.5,428.5,428.75,4101,ZC.v.0
2025-11-11 02:00:00+00:00,34,1,405207,428.75,429.25,428.5,428.75,551,ZC.v.0
2025-11-11 03:00:00+00:00,34,1,405207,428.75,429.25,428.5,428.75,612,ZC.v.0
2025-11-11 04:00:00+00:00,34,1,405207,428.75,429.0,428.75,429.0,293,ZC.v.0
2025-11-11 05:00:00+00:00,34,1,405207,429.0,429.25,429.0,429.0,97,ZC.v.0
2025-11-11 06:00:00+00:00,34,1,405207,429.0,429.25,428.75,429.0,189,ZC.v.0
2025-11-11 07:00:00+00:00,34,1,405207,429.25,429.5,429.0,429.25,262,ZC.v.0
2025-11-11 08:00:00+00:00,34,1,405207,429.0,429.5,429.0,429.5,601,ZC.v.0
2025-11-11 09:00:00+00:00,34,1,405207,429.5,430.0,429.25,429.5,1263,ZC.v.0
2025-11-11 10:00:00+00:00,34,1,405207,429.5,429.75,429.0,429.25,822,ZC.v.0
2025-11-11 11:00:00+00:00,34,1,405207,429.0,430.0,429.0,429.75,1683,ZC.v.0
2025-11-11 12:00:00+00:00,34,1,405207,429.75,429.75,428.5,428.75,1345,ZC.v.0
2025-11-11 13:00:00+00:00,34,1,405207,428.75,429.25,428.5,428.75,1372,ZC.v.0
2025-11-11 14:00:00+00:00,34,1,405207,428.75,431.25,428.5,431.25,11503,ZC.v.0
2025-11-11 15:00:00+00:00,34,1,405207,431.0,432.0,429.75,431.0,13415,ZC.v.0
2025-11-11 16:00:00+00:00,34,1,405207,431.0,432.0,430.25,431.75,8379,ZC.v.0
2025-11-11 17:00:00+00:00,34,1,405207,431.5,432.5,431.25,432.5,8362,ZC.v.0
2025-11-11 18:00:00+00:00,34,1,405207,432.25,432.75,431.75,432.5,9095,ZC.v.0
2025-11-11 19:00:00+00:00,34,1,405207,432.5,432.75,431.5,432.0,11795,ZC.v.0
2025-11-12 01:00:00+00:00,34,1,405207,431.5,432.75,431.25,432.5,3488,ZC.v.0
2025-11-12 02:00:00+00:00,34,1,405207,432.5,432.75,432.25,432.5,743,ZC.v.0
2025-11-12 03:00:00+00:00,34,1,405207,432.75,433.25,432.5,433.0,1612,ZC.v.0
2025-11-12 04:00:00+00:00,34,1,405207,432.75,433.0,432.75,432.75,291,ZC.v.0
2025-11-12 05:00:00+00:00,34,1,405207,432.75,433.0,432.25,432.5,520,ZC.v.0
2025-11-12 06:00:00+00:00,34,1,405207,432.5,432.75,432.25,432.25,632,ZC.v.0
2025-11-12 07:00:00+00:00,34,1,405207,432.25,432.5,432.0,432.25,493,ZC.v.0
2025-11-12 08:00:00+00:00,34,1,405207,432.5,432.75,432.25,432.5,856,ZC.v.0
2025-11-12 09:00:00+00:00,34,1,405207,432.5,432.5,432.0,432.25,844,ZC.v.0
2025-11-12 10:00:00+00:00,34,1,405207,432.25,432.75,432.25,432.75,291,ZC.v.0
2025-11-12 11:00:00+00:00,34,1,405207,432.75,432.75,432.0,432.0,1479,ZC.v.0
2025-11-12 12:00:00+00:00,34,1,405207,432.25,432.25,431.25,431.5,2202,ZC.v.0
2025-11-12 13:00:00+00:00,34,1,405207,431.5,432.0,431.0,431.5,2471,ZC.v.0
2025-11-12 14:00:00+00:00,34,1,405207,431.5,432.75,431.0,432.25,11525,ZC.v.0
2025-11-12 15:00:00+00:00,34,1,405207,432.5,433.5,432.0,432.5,14416,ZC.v.0
2025-11-12 16:00:00+00:00,34,1,405207,432.5,434.0,432.0,433.5,12224,ZC.v.0
2025-11-12 17:00:00+00:00,34,1,405207,433.75,434.5,433.25,434.5,14525,ZC.v.0
2025-11-12 18:00:00+00:00,34,1,405207,434.5,435.5,434.25,435.25,20075,ZC.v.0
2025-11-12 19:00:00+00:00,34,1,405207,435.0,436.0,434.75,435.5,22908,ZC.v.0
2025-11-13 01:00:00+00:00,34,1,405207,434.75,435.25,434.0,434.25,5543,ZC.v.0
2025-11-13 02:00:00+00:00,34,1,405207,434.25,435.0,434.25,434.5,1220,ZC.v.0
2025-11-13 03:00:00+00:00,34,1,405207,434.75,434.75,434.25,434.5,451,ZC.v.0
2025-11-13 04:00:00+00:00,34,1,405207,434.5,435.0,434.5,435.0,227,ZC.v.0
2025-11-13 05:00:00+00:00,34,1,405207,435.0,435.75,435.0,435.5,1438,ZC.v.0
2025-11-13 06:00:00+00:00,34,1,405207,435.25,435.5,435.0,435.5,310,ZC.v.0
2025-11-13 07:00:00+00:00,34,1,405207,435.25,435.5,435.0,435.0,825,ZC.v.0
2025-11-13 08:00:00+00:00,34,1,405207,435.0,435.75,435.0,435.25,1414,ZC.v.0
2025-11-13 09:00:00+00:00,34,1,405207,435.25,435.75,434.5,434.75,2816,ZC.v.0
2025-11-13 10:00:00+00:00,34,1,405207,435.0,435.25,434.75,435.0,836,ZC.v.0
2025-11-13 11:00:00+00:00,34,1,405207,435.0,435.25,434.25,434.75,1227,ZC.v.0
2025-11-13 12:00:00+00:00,34,1,405207,434.75,435.25,434.5,435.0,1138,ZC.v.0
2025-11-13 13:00:00+00:00,34,1,405207,435.0,436.25,434.75,436.25,4416,ZC.v.0
2025-11-13 14:00:00+00:00,34,1,405207,435.75,439.0,435.5,437.75,33015,ZC.v.0
2025-11-13 15:00:00+00:00,34,1,405207,437.75,439.25,436.75,438.75,31747,ZC.v.0
2025-11-13 16:00:00+00:00,34,1,405207,439.0,439.5,437.0,438.0,19957,ZC.v.0
2025-11-13 17:00:00+00:00,34,1,405207,438.0,439.75,437.25,439.5,17684,ZC.v.0
2025-11-13 18:00:00+00:00,34,1,405207,439.5,441.0,439.25,440.25,33234,ZC.v.0
2025-11-13 19:00:00+00:00,34,1,405207,440.25,442.75,440.0,442.25,34385,ZC.v.0
2025-11-14 01:00:00+00:00,34,1,405207,441.5,442.0,440.0,441.0,8118,ZC.v.0
2025-11-14 02:00:00+00:00,34,1,405207,441.0,441.25,440.75,441.0,614,ZC.v.0
2025-11-14 03:00:00+00:00,34,1,405207,441.0,441.25,441.0,441.25,366,ZC.v.0
2025-11-14 04:00:00+00:00,34,1,405207,441.25,441.25,440.75,441.0,738,ZC.v.0
2025-11-14 05:00:00+00:00,34,1,405207,440.75,441.75,440.75,441.5,466,ZC.v.0
2025-11-14 06:00:00+00:00,34,1,405207,441.75,441.75,441.25,441.25,575,ZC.v.0
2025-11-14 07:00:00+00:00,34,1,405207,441.25,441.75,441.0,441.75,719,ZC.v.0
2025-11-14 08:00:00+00:00,34,1,405207,441.75,441.75,441.0,441.5,957,ZC.v.0
2025-11-14 09:00:00+00:00,34,1,405207,441.25,442.0,441.25,441.5,1508,ZC.v.0
2025-11-14 10:00:00+00:00,34,1,405207,441.25,442.0,441.0,441.75,2402,ZC.v.0
2025-11-14 11:00:00+00:00,34,1,405207,441.75,442.25,441.25,441.75,3113,ZC.v.0
2025-11-14 12:00:00+00:00,34,1,405207,441.75,442.75,441.25,442.5,4324,ZC.v.0
2025-11-14 13:00:00+00:00,34,1,405207,442.75,442.75,441.25,441.5,4009,ZC.v.0
2025-11-14 14:00:00+00:00,34,1,405207,441.0,442.75,440.25,441.5,24410,ZC.v.0
2025-11-14 15:00:00+00:00,34,1,405207,441.75,442.75,440.25,441.75,27810,ZC.v.0
2025-11-14 16:00:00+00:00,34,1,405207,442.0,442.25,440.25,441.5,25191,ZC.v.0
2025-11-14 17:00:00+00:00,34,1,405207,441.5,441.5,429.5,430.5,110322,ZC.v.0
2025-11-14 18:00:00+00:00,34,1,405207,430.5,432.5,430.0,431.25,22151,ZC.v.0
2025-11-14 19:00:00+00:00,34,1,405207,431.25,431.5,429.5,430.25,23866,ZC.v.0
2025-11-17 01:00:00+00:00,34,1,405207,429.75,430.0,428.5,429.5,8887,ZC.v.0
2025-11-17 02:00:00+00:00,34,1,405207,429.5,430.5,429.5,430.5,1536,ZC.v.0
2025-11-17 03:00:00+00:00,34,1,405207,430.5,430.5,430.25,430.25,552,ZC.v.0
2025-11-17 04:00:00+00:00,34,1,405207,430.5,430.75,430.0,430.5,483,ZC.v.0
2025-11-17 05:00:00+00:00,34,1,405207,430.5,430.5,430.0,430.25,316,ZC.v.0
2025-11-17 06:00:00+00:00,34,1,405207,430.25,431.0,430.25,431.0,1371,ZC.v.0
2025-11-17 07:00:00+00:00,34,1,405207,430.75,431.5,430.75,431.25,1564,ZC.v.0
2025-11-17 08:00:00+00:00,34,1,405207,431.5,431.75,430.75,430.75,2006,ZC.v.0
2025-11-17 09:00:00+00:00,34,1,405207,430.5,430.75,430.25,430.5,1236,ZC.v.0
2025-11-17 10:00:00+00:00,34,1,405207,430.75,431.5,430.0,431.5,1589,ZC.v.0
2025-11-17 11:00:00+00:00,34,1,405207,431.5,432.0,430.75,431.25,2537,ZC.v.0
2025-11-17 12:00:00+00:00,34,1,405207,431.0,432.0,430.75,431.25,1656,ZC.v.0
2025-11-17 13:00:00+00:00,34,1,405207,431.25,431.25,430.25,431.0,2435,ZC.v.0
2025-11-17 14:00:00+00:00,34,1,405207,431.0,435.0,430.75,434.5,22460,ZC.v.0
2025-11-17 15:00:00+00:00,34,1,405207,434.25,435.25,431.75,434.75,25175,ZC.v.0
2025-11-17 16:00:00+00:00,34,1,405207,435.0,437.25,434.0,436.5,20010,ZC.v.0
2025-11-17 17:00:00+00:00,34,1,405207,436.5,437.25,434.75,435.75,10960,ZC.v.0
2025-11-17 18:00:00+00:00,34,1,405207,435.5,437.0,435.0,436.25,12541,ZC.v.0
2025-11-17 19:00:00+00:00,34,1,405207,436.0,436.25,434.25,434.75,16059,ZC.v.0
2025-11-18 01:00:00+00:00,34,1,405207,434.75,436.0,433.25,433.75,3881,ZC.v.0
2025-11-18 02:00:00+00:00,34,1,405207,433.75,434.0,433.5,433.75,549,ZC.v.0
2025-11-18 03:00:00+00:00,34,1,405207,433.5,434.25,433.5,434.0,135,ZC.v.0
2025-11-18 04:00:00+00:00,34,1,405207,433.75,434.0,433.25,433.25,773,ZC.v.0
2025-11-18 05:00:00+00:00,34,1,405207,433.5,434.0,433.25,433.75,345,ZC.v.0
2025-11-18 06:00:00+00:00,34,1,405207,433.75,434.25,433.5,433.75,908,ZC.v.0
2025-11-18 07:00:00+00:00,34,1,405207,433.5,434.5,433.5,434.0,1317,ZC.v.0
2025-11-18 08:00:00+00:00,34,1,405207,434.0,435.0,434.0,435.0,1111,ZC.v.0
2025-11-18 09:00:00+00:00,34,1,405207,434.75,434.75,434.0,434.5,1521,ZC.v.0
2025-11-18 10:00:00+00:00,34,1,405207,434.25,435.75,434.25,435.75,1295,ZC.v.0
2025-11-18 11:00:00+00:00,34,1,405207,435.75,436.25,435.5,436.0,1361,ZC.v.0
2025-11-18 12:00:00+00:00,34,1,405207,436.0,437.5,435.75,437.5,2042,ZC.v.0
2025-11-18 13:00:00+00:00,34,1,405207,437.5,438.5,435.75,436.75,5050,ZC.v.0
2025-11-18 14:00:00+00:00,34,1,405207,435.75,437.25,434.5,435.75,16033,ZC.v.0
2025-11-18 15:00:00+00:00,34,1,405207,435.5,437.0,434.25,436.0,16045,ZC.v.0
2025-11-18 16:00:00+00:00,34,1,405207,435.75,438.5,435.25,438.5,10253,ZC.v.0
2025-11-18 17:00:00+00:00,34,1,405207,438.25,438.5,435.75,436.0,11831,ZC.v.0
2025-11-18 18:00:00+00:00,34,1,405207,435.75,436.75,435.75,436.0,9243,ZC.v.0
2025-11-18 19:00:00+00:00,34,1,405207,436.0,437.0,435.5,435.5,6696,ZC.v.0
2025-11-19 01:00:00+00:00,34,1,405207,435.5,435.75,434.5,434.75,3188,ZC.v.0
2025-11-19 02:00:00+00:00,34,1,405207,434.75,435.25,434.75,435.25,657,ZC.v.0
2025-11-19 03:00:00+00:00,34,1,405207,435.25,435.25,434.75,434.75,255,ZC.v.0
2025-11-19 04:00:00+00:00,34,1,405207,435.0,435.25,434.75,435.25,114,ZC.v.0
2025-11-19 05:00:00+00:00,34,1,405207,435.25,435.25,435.0,435.0,147,ZC.v.0
2025-11-19 06:00:00+00:00,34,1,405207,435.25,435.5,435.0,435.0,375,ZC.v.0
2025-11-19 07:00:00+00:00,34,1,405207,435.0,435.0,433.75,434.25,1235,ZC.v.0
2025-11-19 08:00:00+00:00,34,1,405207,434.25,434.5,433.75,434.5,1620,ZC.v.0
2025-11-19 09:00:00+00:00,34,1,405207,434.5,436.0,434.25,435.25,1293,ZC.v.0
2025-11-19 10:00:00+00:00,34,1,405207,435.25,435.75,435.0,435.75,953,ZC.v.0
2025-11-19 11:00:00+00:00,34,1,405207,435.5,436.25,435.5,435.75,928,ZC.v.0
2025-11-19 12:00:00+00:00,34,1,405207,435.75,436.0,435.25,435.5,758,ZC.v.0
2025-11-19 13:00:00+00:00,34,1,405207,435.75,436.0,434.0,434.25,2408,ZC.v.0
2025-11-19 14:00:00+00:00,34,1,405207,434.0,434.5,431.75,432.25,13734,ZC.v.0
2025-11-19 15:00:00+00:00,34,1,405207,432.25,432.75,430.5,430.75,20952,ZC.v.0
2025-11-19 16:00:00+00:00,34,1,405207,430.75,431.75,430.0,430.5,12679,ZC.v.0
2025-11-19 17:00:00+00:00,34,1,405207,430.5,431.0,428.25,429.25,16553,ZC.v.0
2025-11-19 18:00:00+00:00,34,1,405207,429.25,430.5,428.5,429.75,15778,ZC.v.0
2025-11-19 19:00:00+00:00,34,1,405207,429.75,430.25,429.5,429.75,9989,ZC.v.0
2025-11-20 01:00:00+00:00,34,1,405207,429.75,430.25,429.5,430.25,2013,ZC.v.0
2025-11-20 02:00:00+00:00,34,1,405207,430.0,430.25,429.75,430.0,208,ZC.v.0
2025-11-20 03:00:00+00:00,34,1,405207,430.0,430.0,429.0,429.0,1138,ZC.v.0
2025-11-20 04:00:00+00:00,34,1,405207,429.25,429.75,429.0,429.5,202,ZC.v.0
2025-11-20 05:00:00+00:00,34,1,405207,429.5,429.75,429.5,429.75,211,ZC.v.0
2025-11-20 06:00:00+00:00,34,1,405207,429.5,429.75,429.25,429.5,580,ZC.v.0
2025-11-20 07:00:00+00:00,34,1,405207,429.5,430.5,429.5,430.25,518,ZC.v.0
2025-11-20 08:00:00+00:00,34,1,405207,430.0,430.5,430.0,430.0,800,ZC.v.0
2025-11-20 09:00:00+00:00,34,1,405207,430.25,430.75,430.0,430.5,1018,ZC.v.0
2025-11-20 10:00:00+00:00,34,1,405207,430.25,431.0,430.25,430.5,420,ZC.v.0
2025-11-20 11:00:00+00:00,34,1,405207,430.5,430.5,429.75,430.0,920,ZC.v.0
2025-11-20 12:00:00+00:00,34,1,405207,430.0,430.75,430.0,430.5,685,ZC.v.0
2025-11-20 13:00:00+00:00,34,1,405207,430.5,431.25,429.75,431.0,1309,ZC.v.0
2025-11-20 14:00:00+00:00,34,1,405207,431.0,431.25,427.5,428.0,14653,ZC.v.0
2025-11-20 15:00:00+00:00,34,1,405207,428.0,428.25,426.75,427.25,14218,ZC.v.0
2025-11-20 16:00:00+00:00,34,1,405207,427.25,428.25,426.75,426.75,8231,ZC.v.0
2025-11-20 17:00:00+00:00,34,1,405207,426.75,427.75,425.75,426.75,11382,ZC.v.0
2025-11-20 18:00:00+00:00,34,1,405207,427.0,427.25,425.75,426.25,7744,ZC.v.0
2025-11-20 19:00:00+00:00,34,1,405207,426.25,426.75,426.0,426.5,5830,ZC.v.0
2025-11-21 01:00:00+00:00,34,1,405207,426.25,427.0,426.0,426.75,1700,ZC.v.0
2025-11-21 02:00:00+00:00,34,1,405207,426.75,426.75,426.25,426.5,147,ZC.v.0
2025-11-21 03:00:00+00:00,34,1,405207,426.25,426.5,426.0,426.25,265,ZC.v.0
2025-11-21 04:00:00+00:00,34,1,405207,426.0,426.25,425.75,426.25,730,ZC.v.0
2025-11-21 05:00:00+00:00,34,1,405207,426.25,426.5,426.0,426.25,83,ZC.v.0
2025-11-21 06:00:00+00:00,34,1,405207,426.25,427.0,426.25,427.0,171,ZC.v.0
2025-11-21 07:00:00+00:00,34,1,405207,426.5,426.75,425.75,425.75,535,ZC.v.0
2025-11-21 08:00:00+00:00,34,1,405207,426.0,426.25,425.75,425.75,561,ZC.v.0
2025-11-21 09:00:00+00:00,34,1,405207,425.75,427.0,425.5,426.5,742,ZC.v.0
2025-11-21 10:00:00+00:00,34,1,405207,426.5,426.5,425.5,425.5,1353,ZC.v.0
2025-11-21 11:00:00+00:00,34,1,405207,425.5,425.75,425.5,425.75,143,ZC.v.0
2025-11-21 12:00:00+00:00,34,1,405207,425.75,426.25,425.25,426.25,1163,ZC.v.0
2025-11-21 13:00:00+00:00,34,1,405207,426.25,426.25,425.25,425.75,869,ZC.v.0
2025-11-21 14:00:00+00:00,34,1,405207,425.75,427.5,425.25,425.75,6669,ZC.v.0
2025-11-21 15:00:00+00:00,34,1,405207,425.75,427.75,424.0,425.75,15463,ZC.v.0
2025-11-21 16:00:00+00:00,34,1,405207,425.75,427.0,425.0,426.5,6205,ZC.v.0
2025-11-21 17:00:00+00:00,34,1,405207,426.25,426.5,425.25,425.5,3874,ZC.v.0
2025-11-21 18:00:00+00:00,34,1,405207,425.5,426.5,425.25,426.0,5999,ZC.v.0
2025-11-21 19:00:00+00:00,34,1,405207,425.75,426.25,425.25,425.75,7555,ZC.v.0
2025-11-24 01:00:00+00:00,34,1,42279835,437.75,438.75,437.5,437.75,2772,ZC.v.0
2025-11-24 02:00:00+00:00,34,1,42279835,437.75,438.0,437.25,437.25,517,ZC.v.0
2025-11-24 03:00:00+00:00,34,1,42279835,437.25,437.5,436.75,436.75,850,ZC.v.0
2025-11-24 04:00:00+00:00,34,1,42279835,436.75,437.0,436.5,436.75,126,ZC.v.0
2025-11-24 05:00:00+00:00,34,1,42279835,436.75,437.0,436.75,437.0,531,ZC.v.0
2025-11-24 06:00:00+00:00,34,1,42279835,437.0,437.25,436.75,436.75,184,ZC.v.0
2025-11-24 07:00:00+00:00,34,1,42279835,437.0,437.0,436.5,436.5,655,ZC.v.0
2025-11-24 08:00:00+00:00,34,1,42279835,436.75,436.75,435.75,435.75,2333,ZC.v.0
2025-11-24 09:00:00+00:00,34,1,42279835,435.75,436.0,435.5,435.5,1198,ZC.v.0
2025-11-24 10:00:00+00:00,34,1,42279835,435.5,436.0,435.25,435.25,2950,ZC.v.0
2025-11-24 11:00:00+00:00,34,1,42279835,435.25,436.0,435.25,435.5,1854,ZC.v.0
2025-11-24 12:00:00+00:00,34,1,42279835,435.25,435.5,434.5,435.25,4708,ZC.v.0
2025-11-24 13:00:00+00:00,34,1,42279835,435.25,436.75,435.25,436.75,2341,ZC.v.0
2025-11-24 14:00:00+00:00,34,1,42279835,436.5,438.5,434.75,438.25,18678,ZC.v.0
2025-11-24 15:00:00+00:00,34,1,42279835,438.25,439.0,436.5,438.0,18601,ZC.v.0
2025-11-24 16:00:00+00:00,34,1,42279835,438.0,439.25,437.5,437.75,11791,ZC.v.0
2025-11-24 17:00:00+00:00,34,1,42279835,437.75,439.0,436.5,436.75,14464,ZC.v.0
2025-11-24 18:00:00+00:00,34,1,42279835,436.75,437.25,436.0,436.75,8989,ZC.v.0
2025-11-24 19:00:00+00:00,34,1,42279835,436.75,437.5,436.25,437.25,8383,ZC.v.0
2025-11-25 01:00:00+00:00,34,1,42279835,436.5,437.5,436.5,437.25,2850,ZC.v.0
2025-11-25 02:00:00+00:00,34,1,42279835,437.0,437.75,437.0,437.5,291,ZC.v.0
2025-11-25 03:00:00+00:00,34,1,42279835,437.25,437.5,437.25,437.25,91,ZC.v.0
2025-11-25 04:00:00+00:00,34,1,42279835,437.5,438.0,437.25,437.75,273,ZC.v.0
2025-11-25 05:00:00+00:00,34,1,42279835,437.75,438.0,437.75,437.75,411,ZC.v.0
2025-11-25 06:00:00+00:00,34,1,42279835,437.75,437.75,437.5,437.75,307,ZC.v.0
2025-11-25 07:00:00+00:00,34,1,42279835,437.5,437.5,437.0,437.5,1038,ZC.v.0
2025-11-25 08:00:00+00:00,34,1,42279835,437.5,438.5,437.0,438.25,2372,ZC.v.0
2025-11-25 09:00:00+00:00,34,1,42279835,438.5,438.75,438.0,438.75,2525,ZC.v.0
2025-11-25 10:00:00+00:00,34,1,42279835,438.75,438.75,438.25,438.75,1660,ZC.v.0
2025-11-25 11:00:00+00:00,34,1,42279835,438.75,439.25,438.75,439.25,1971,ZC.v.0
2025-11-25 12:00:00+00:00,34,1,42279835,439.25,439.25,437.25,437.5,3743,ZC.v.0
2025-11-25 13:00:00+00:00,34,1,42279835,437.25,438.75,437.25,438.5,3402,ZC.v.0
2025-11-25 14:00:00+00:00,34,1,42279835,438.5,438.75,436.5,437.75,17401,ZC.v.0
2025-11-25 15:00:00+00:00,34,1,42279835,438.0,439.0,437.25,437.25,17408,ZC.v.0
2025-11-25 16:00:00+00:00,34,1,42279835,437.25,437.75,436.75,437.0,9979,ZC.v.0
2025-11-25 17:00:00+00:00,34,1,42279835,437.0,439.25,436.75,438.75,11500,ZC.v.0
2025-11-25 18:00:00+00:00,34,1,42279835,438.75,439.0,437.25,437.75,11571,ZC.v.0
2025-11-25 19:00:00+00:00,34,1,42279835,437.75,438.5,437.0,438.25,9188,ZC.v.0
2025-11-26 01:00:00+00:00,34,1,42279835,437.75,438.75,437.5,438.75,2887,ZC.v.0
2025-11-26 02:00:00+00:00,34,1,42279835,438.75,439.0,438.5,439.0,597,ZC.v.0
2025-11-26 03:00:00+00:00,34,1,42279835,439.0,439.25,438.75,439.0,319,ZC.v.0
2025-11-26 04:00:00+00:00,34,1,42279835,439.0,439.0,438.5,438.75,193,ZC.v.0
2025-11-26 05:00:00+00:00,34,1,42279835,438.75,439.0,438.5,438.75,151,ZC.v.0
2025-11-26 06:00:00+00:00,34,1,42279835,439.0,439.0,438.75,438.75,740,ZC.v.0
2025-11-26 07:00:00+00:00,34,1,42279835,438.75,438.75,438.5,438.75,1273,ZC.v.0
2025-11-26 08:00:00+00:00,34,1,42279835,438.5,438.75,438.25,438.5,1368,ZC.v.0
2025-11-26 09:00:00+00:00,34,1,42279835,438.5,438.75,438.25,438.5,1233,ZC.v.0
2025-11-26 10:00:00+00:00,34,1,42279835,438.5,438.5,437.75,438.0,2211,ZC.v.0
2025-11-26 11:00:00+00:00,34,1,42279835,438.0,438.75,437.75,438.5,1115,ZC.v.0
2025-11-26 12:00:00+00:00,34,1,42279835,438.5,440.25,438.25,440.0,6605,ZC.v.0
2025-11-26 13:00:00+00:00,34,1,42279835,439.75,441.0,439.75,440.5,3700,ZC.v.0
2025-11-26 14:00:00+00:00,34,1,42279835,440.25,442.75,439.5,442.25,20841,ZC.v.0
2025-11-26 15:00:00+00:00,34,1,42279835,442.25,444.75,442.0,443.5,31920,ZC.v.0
2025-11-26 16:00:00+00:00,34,1,42279835,443.5,446.0,443.0,445.25,20336,ZC.v.0
2025-11-26 17:00:00+00:00,34,1,42279835,445.25,446.25,444.75,445.5,20313,ZC.v.0
2025-11-26 18:00:00+00:00,34,1,42279835,445.75,446.75,444.75,445.5,21996,ZC.v.0
2025-11-26 19:00:00+00:00,34,1,42279835,445.75,446.75,445.0,446.25,15136,ZC.v.0
2025-11-28 14:00:00+00:00,34,1,42279835,445.25,447.25,443.5,445.5,18405,ZC.v.0
2025-11-28 15:00:00+00:00,34,1,42279835,445.5,448.5,445.5,447.75,15122,ZC.v.0
2025-11-28 16:00:00+00:00,34,1,42279835,447.5,448.0,446.0,447.5,11415,ZC.v.0
2025-11-28 17:00:00+00:00,34,1,42279835,447.25,448.0,446.25,447.5,11655,ZC.v.0
2025-11-28 18:00:00+00:00,34,1,42279835,447.5,448.0,447.25,447.75,3214,ZC.v.0
2025-12-01 01:00:00+00:00,34,1,42279835,447.25,449.0,447.25,448.0,4139,ZC.v.0
2025-12-01 02:00:00+00:00,34,1,42279835,448.0,448.5,446.75,447.0,919,ZC.v.0
2025-12-01 03:00:00+00:00,34,1,42279835,446.75,447.0,445.75,446.0,804,ZC.v.0
2025-12-01 04:00:00+00:00,34,1,42279835,446.0,446.0,445.5,445.5,355,ZC.v.0
2025-12-01 05:00:00+00:00,34,1,42279835,445.75,446.25,445.5,446.25,234,ZC.v.0
2025-12-01 06:00:00+00:00,34,1,42279835,446.25,446.25,445.75,446.25,246,ZC.v.0
2025-12-01 07:00:00+00:00,34,1,42279835,446.25,446.25,445.75,446.0,935,ZC.v.0
2025-12-01 08:00:00+00:00,34,1,42279835,446.25,446.25,445.5,445.75,1173,ZC.v.0
2025-12-01 09:00:00+00:00,34,1,42279835,445.75,446.25,445.5,445.75,1739,ZC.v.0
2025-12-01 10:00:00+00:00,34,1,42279835,445.75,445.75,445.0,445.5,2047,ZC.v.0
2025-12-01 11:00:00+00:00,34,1,42279835,445.25,446.0,445.25,445.75,1774,ZC.v.0
2025-12-01 12:00:00+00:00,34,1,42279835,445.75,446.5,445.5,446.0,2741,ZC.v.0
2025-12-01 13:00:00+00:00,34,1,42279835,445.75,446.0,444.75,445.5,3935,ZC.v.0
2025-12-01 14:00:00+00:00,34,1,42279835,445.25,448.0,445.0,448.0,21787,ZC.v.0
2025-12-01 15:00:00+00:00,34,1,42279835,447.75,448.5,445.5,447.25,20837,ZC.v.0
2025-12-01 16:00:00+00:00,34,1,42279835,447.5,448.0,446.25,446.25,10780,ZC.v.0
2025-12-01 17:00:00+00:00,34,1,42279835,446.5,446.5,444.0,444.25,17177,ZC.v.0
2025-12-01 18:00:00+00:00,34,1,42279835,444.5,445.25,444.0,445.25,11684,ZC.v.0
2025-12-01 19:00:00+00:00,34,1,42279835,445.0,445.25,444.5,445.0,13488,ZC.v.0
2025-12-02 01:00:00+00:00,34,1,42279835,445.0,445.5,444.5,444.75,3665,ZC.v.0
2025-12-02 02:00:00+00:00,34,1,42279835,445.0,445.25,444.75,445.25,146,ZC.v.0
2025-12-02 03:00:00+00:00,34,1,42279835,445.25,445.5,445.0,445.5,114,ZC.v.0
2025-12-02 04:00:00+00:00,34,1,42279835,445.5,445.75,445.25,445.5,598,ZC.v.0
2025-12-02 05:00:00+00:00,34,1,42279835,445.5,446.0,445.25,445.75,172,ZC.v.0
2025-12-02 06:00:00+00:00,34,1,42279835,446.0,446.75,446.0,446.5,610,ZC.v.0
2025-12-02 07:00:00+00:00,34,1,42279835,446.25,446.25,446.0,446.0,168,ZC.v.0
2025-12-02 08:00:00+00:00,34,1,42279835,446.0,446.25,445.75,446.0,518,ZC.v.0
2025-12-02 09:00:00+00:00,34,1,42279835,446.0,446.25,445.25,445.5,849,ZC.v.0
2025-12-02 10:00:00+00:00,34,1,42279835,445.5,445.5,444.75,445.25,1398,ZC.v.0
2025-12-02 11:00:00+00:00,34,1,42279835,445.5,446.75,444.75,446.75,2012,ZC.v.0
2025-12-02 12:00:00+00:00,34,1,42279835,446.75,446.75,445.0,445.5,1965,ZC.v.0
2025-12-02 13:00:00+00:00,34,1,42279835,445.5,445.75,444.5,444.75,2717,ZC.v.0
2025-12-02 14:00:00+00:00,34,1,42279835,445.0,446.75,442.25,443.0,18580,ZC.v.0
2025-12-02 15:00:00+00:00,34,1,42279835,443.0,447.75,442.5,447.25,33327,ZC.v.0
2025-12-02 16:00:00+00:00,34,1,42279835,447.0,452.25,447.0,451.25,48480,ZC.v.0
2025-12-02 17:00:00+00:00,34,1,42279835,451.25,451.75,449.25,449.5,17959,ZC.v.0
2025-12-02 18:00:00+00:00,34,1,42279835,449.5,450.0,448.5,449.5,14198,ZC.v.0
2025-12-02 19:00:00+00:00,34,1,42279835,449.5,450.5,449.25,449.75,13981,ZC.v.0
2025-12-03 01:00:00+00:00,34,1,42279835,449.25,449.75,448.75,449.5,4449,ZC.v.0
2025-12-03 02:00:00+00:00,34,1,42279835,449.25,449.5,449.0,449.25,220,ZC.v.0
2025-12-03 03:00:00+00:00,34,1,42279835,449.25,449.75,449.25,449.75,442,ZC.v.0
2025-12-03 04:00:00+00:00,34,1,42279835,449.75,449.75,449.25,449.75,83,ZC.v.0
2025-12-03 05:00:00+00:00,34,1,42279835,449.75,449.75,449.5,449.5,98,ZC.v.0
2025-12-03 06:00:00+00:00,34,1,42279835,449.5,449.75,449.0,449.0,777,ZC.v.0
2025-12-03 07:00:00+00:00,34,1,42279835,449.25,449.5,449.0,449.5,662,ZC.v.0
2025-12-03 08:00:00+00:00,34,1,42279835,449.5,450.0,449.5,449.75,422,ZC.v.0
2025-12-03 09:00:00+00:00,34,1,42279835,449.75,449.75,448.5,448.75,1504,ZC.v.0
2025-12-03 10:00:00+00:00,34,1,42279835,448.75,448.75,447.75,448.0,2307,ZC.v.0
2025-12-03 11:00:00+00:00,34,1,42279835,448.0,448.25,447.75,447.75,1471,ZC.v.0
2025-12-03 12:00:00+00:00,34,1,42279835,447.75,448.25,446.5,446.75,4921,ZC.v.0
2025-12-03 13:00:00+00:00,34,1,42279835,446.75,447.25,446.5,447.0,3016,ZC.v.0
2025-12-03 14:00:00+00:00,34,1,42279835,447.0,447.5,444.25,444.5,24592,ZC.v.0
2025-12-03 15:00:00+00:00,34,1,42279835,444.5,445.5,444.0,444.0,21204,ZC.v.0
2025-12-03 16:00:00+00:00,34,1,42279835,444.25,445.25,443.75,444.5,19328,ZC.v.0
2025-12-03 17:00:00+00:00,34,1,42279835,444.5,445.25,443.0,443.0,16794,ZC.v.0
2025-12-03 18:00:00+00:00,34,1,42279835,443.25,444.0,442.75,443.5,13859,ZC.v.0
2025-12-03 19:00:00+00:00,34,1,42279835,443.5,444.0,443.0,443.25,12898,ZC.v.0
2025-12-04 01:00:00+00:00,34,1,42279835,443.0,443.75,442.75,443.0,2569,ZC.v.0
2025-12-04 02:00:00+00:00,34,1,42279835,443.0,443.0,442.25,442.75,1808,ZC.v.0
2025-12-04 03:00:00+00:00,34,1,42279835,442.75,443.0,442.5,442.75,1972,ZC.v.0
2025-12-04 04:00:00+00:00,34,1,42279835,442.75,442.75,442.5,442.5,366,ZC.v.0
2025-12-04 05:00:00+00:00,34,1,42279835,442.5,442.75,442.25,442.25,552,ZC.v.0
2025-12-04 06:00:00+00:00,34,1,42279835,442.25,443.0,442.25,442.75,380,ZC.v.0
2025-12-04 07:00:00+00:00,34,1,42279835,442.75,443.0,442.5,442.75,599,ZC.v.0
2025-12-04 08:00:00+00:00,34,1,42279835,442.75,443.0,442.5,442.75,457,ZC.v.0
2025-12-04 09:00:00+00:00,34,1,42279835,443.0,443.0,442.25,442.5,2228,ZC.v.0
2025-12-04 10:00:00+00:00,34,1,42279835,442.5,442.75,442.25,442.5,916,ZC.v.0
2025-12-04 11:00:00+00:00,34,1,42279835,442.5,443.5,442.5,443.0,1581,ZC.v.0
2025-12-04 12:00:00+00:00,34,1,42279835,443.0,443.75,442.75,443.75,1571,ZC.v.0
2025-12-04 13:00:00+00:00,34,1,42279835,443.75,444.75,443.75,444.5,2964,ZC.v.0
2025-12-04 14:00:00+00:00,34,1,42279835,444.5,444.75,441.75,443.5,22056,ZC.v.0
2025-12-04 15:00:00+00:00,34,1,42279835,443.75,446.0,443.0,445.25,17096,ZC.v.0
2025-12-04 16:00:00+00:00,34,1,42279835,445.25,447.75,445.25,446.25,17755,ZC.v.0
2025-12-04 17:00:00+00:00,34,1,42279835,446.0,447.5,445.75,447.5,9287,ZC.v.0
2025-12-04 18:00:00+00:00,34,1,42279835,447.5,447.75,446.75,447.5,9723,ZC.v.0
2025-12-04 19:00:00+00:00,34,1,42279835,447.25,448.0,446.5,446.5,12733,ZC.v.0
2025-12-05 01:00:00+00:00,34,1,42279835,446.25,447.25,446.0,446.5,3652,ZC.v.0
2025-12-05 02:00:00+00:00,34,1,42279835,446.5,446.5,446.0,446.5,441,ZC.v.0
2025-12-05 03:00:00+00:00,34,1,42279835,446.5,446.75,446.25,446.25,417,ZC.v.0
2025-12-05 04:00:00+00:00,34,1,42279835,446.5,446.5,446.25,446.5,72,ZC.v.0
2025-12-05 05:00:00+00:00,34,1,42279835,446.25,447.0,446.25,447.0,266,ZC.v.0
2025-12-05 06:00:00+00:00,34,1,42279835,446.75,447.0,446.5,446.5,465,ZC.v.0
2025-12-05 07:00:00+00:00,34,1,42279835,446.5,446.75,446.5,446.5,1184,ZC.v.0
2025-12-05 08:00:00+00:00,34,1,42279835,446.5,447.0,446.5,446.75,643,ZC.v.0
2025-12-05 09:00:00+00:00,34,1,42279835,446.75,446.75,446.25,446.25,519,ZC.v.0
2025-12-05 10:00:00+00:00,34,1,42279835,446.25,446.5,445.75,446.0,1417,ZC.v.0
2025-12-05 11:00:00+00:00,34,1,42279835,446.0,446.5,445.75,446.0,1218,ZC.v.0
2025-12-05 12:00:00+00:00,34,1,42279835,446.25,446.5,446.0,446.0,1620,ZC.v.0
2025-12-05 13:00:00+00:00,34,1,42279835,446.25,446.75,445.25,445.75,3060,ZC.v.0
2025-12-05 14:00:00+00:00,34,1,42279835,445.75,447.5,445.75,447.0,9369,ZC.v.0
2025-12-05 15:00:00+00:00,34,1,42279835,447.0,448.0,444.0,445.5,18255,ZC.v.0
2025-12-05 16:00:00+00:00,34,1,42279835,445.5,446.5,444.75,445.0,9598,ZC.v.0
2025-12-05 17:00:00+00:00,34,1,42279835,445.0,445.75,444.25,444.75,7901,ZC.v.0
2025-12-05 18:00:00+00:00,34,1,42279835,444.75,445.0,444.25,445.0,5789,ZC.v.0
2025-12-05 19:00:00+00:00,34,1,42279835,444.75,445.25,444.25,445.0,11114,ZC.v.0
2025-12-08 01:00:00+00:00,34,1,42279835,444.75,445.5,443.75,444.5,4540,ZC.v.0
2025-12-08 02:00:00+00:00,34,1,42279835,444.5,444.75,444.0,444.0,369,ZC.v.0
2025-12-08 03:00:00+00:00,34,1,42279835,444.25,444.25,444.0,444.0,227,ZC.v.0
2025-12-08 04:00:00+00:00,34,1,42279835,444.25,444.25,443.75,444.0,292,ZC.v.0
2025-12-08 05:00:00+00:00,34,1,42279835,444.0,444.25,443.75,444.0,218,ZC.v.0
2025-12-08 06:00:00+00:00,34,1,42279835,444.25,444.5,444.0,444.25,189,ZC.v.0
2025-12-08 07:00:00+00:00,34,1,42279835,444.5,444.75,444.25,444.5,407,ZC.v.0
2025-12-08 08:00:00+00:00,34,1,42279835,444.5,444.75,444.25,444.25,662,ZC.v.0
2025-12-08 09:00:00+00:00,34,1,42279835,444.5,445.25,444.25,445.25,1163,ZC.v.0
2025-12-08 10:00:00+00:00,34,1,42279835,445.0,445.5,444.75,445.0,859,ZC.v.0
2025-12-08 11:00:00+00:00,34,1,42279835,445.0,445.25,444.5,445.25,720,ZC.v.0
2025-12-08 12:00:00+00:00,34,1,42279835,445.0,445.75,444.25,444.5,2648,ZC.v.0
2025-12-08 13:00:00+00:00,34,1,42279835,444.5,446.75,444.25,446.5,3655,ZC.v.0
2025-12-08 14:00:00+00:00,34,1,42279835,446.5,447.25,445.0,446.5,12661,ZC.v.0
2025-12-08 15:00:00+00:00,34,1,42279835,446.5,447.0,444.25,444.5,14652,ZC.v.0
2025-12-08 16:00:00+00:00,34,1,42279835,444.5,445.5,443.5,443.75,10043,ZC.v.0
2025-12-08 17:00:00+00:00,34,1,42279835,443.5,444.25,443.0,443.5,9500,ZC.v.0
2025-12-08 18:00:00+00:00,34,1,42279835,443.5,443.75,442.5,442.75,9606,ZC.v.0
2025-12-08 19:00:00+00:00,34,1,42279835,442.75,444.25,442.5,444.0,8618,ZC.v.0
2025-12-09 01:00:00+00:00,34,1,42279835,443.75,445.0,443.5,444.25,2252,ZC.v.0
2025-12-09 02:00:00+00:00,34,1,42279835,444.25,444.5,443.75,443.75,846,ZC.v.0
2025-12-09 03:00:00+00:00,34,1,42279835,443.75,444.25,443.75,444.0,116,ZC.v.0
2025-12-09 04:00:00+00:00,34,1,42279835,444.25,444.5,444.0,444.5,104,ZC.v.0
2025-12-09 05:00:00+00:00,34,1,42279835,444.25,444.5,444.25,444.5,105,ZC.v.0
2025-12-09 06:00:00+00:00,34,1,42279835,444.5,444.5,444.0,444.25,185,ZC.v.0
2025-12-09 07:00:00+00:00,34,1,42279835,444.25,444.5,444.0,444.5,233,ZC.v.0
2025-12-09 08:00:00+00:00,34,1,42279835,444.5,445.75,444.25,445.5,1400,ZC.v.0
2025-12-09 09:00:00+00:00,34,1,42279835,445.5,446.0,445.25,446.0,1029,ZC.v.0
2025-12-09 10:00:00+00:00,34,1,42279835,445.75,447.5,445.75,447.25,4511,ZC.v.0
2025-12-09 11:00:00+00:00,34,1,42279835,447.0,447.25,446.75,447.0,3327,ZC.v.0
2025-12-09 12:00:00+00:00,34,1,42279835,447.0,447.25,443.75,443.75,5810,ZC.v.0
2025-12-09 13:00:00+00:00,34,1,42279835,444.0,445.25,444.0,444.5,3802,ZC.v.0
2025-12-09 14:00:00+00:00,34,1,42279835,444.5,446.5,444.25,445.25,13180,ZC.v.0
2025-12-09 15:00:00+00:00,34,1,42279835,445.5,446.0,444.5,446.0,11190,ZC.v.0
2025-12-09 16:00:00+00:00,34,1,42279835,446.0,446.0,444.0,444.75,14248,ZC.v.0
2025-12-09 17:00:00+00:00,34,1,42279835,445.0,448.5,445.0,447.5,37519,ZC.v.0
2025-12-09 18:00:00+00:00,34,1,42279835,447.5,449.0,447.0,448.5,13634,ZC.v.0
2025-12-09 19:00:00+00:00,34,1,42279835,448.5,448.75,447.5,448.0,16540,ZC.v.0
2025-12-10 01:00:00+00:00,34,1,42279835,447.5,447.75,446.75,447.5,3954,ZC.v.0
2025-12-10 02:00:00+00:00,34,1,42279835,447.5,448.0,447.25,448.0,391,ZC.v.0
2025-12-10 03:00:00+00:00,34,1,42279835,447.75,448.0,447.25,447.5,964,ZC.v.0
2025-12-10 04:00:00+00:00,34,1,42279835,447.75,447.75,447.5,447.75,152,ZC.v.0
2025-12-10 05:00:00+00:00,34,1,42279835,447.75,447.75,447.25,447.75,229,ZC.v.0
2025-12-10 06:00:00+00:00,34,1,42279835,447.5,447.75,447.5,447.75,266,ZC.v.0
2025-12-10 07:00:00+00:00,34,1,42279835,447.5,447.75,447.5,447.75,205,ZC.v.0
2025-12-10 08:00:00+00:00,34,1,42279835,447.75,448.0,447.0,447.25,1198,ZC.v.0
2025-12-10 09:00:00+00:00,34,1,42279835,447.5,447.5,447.25,447.25,484,ZC.v.0
2025-12-10 10:00:00+00:00,34,1,42279835,447.25,448.75,447.25,448.0,2800,ZC.v.0
2025-12-10 11:00:00+00:00,34,1,42279835,448.25,448.25,447.0,447.25,1371,ZC.v.0
2025-12-10 12:00:00+00:00,34,1,42279835,447.25,447.25,446.25,446.25,2575,ZC.v.0
2025-12-10 13:00:00+00:00,34,1,42279835,446.25,446.5,445.5,446.0,4238,ZC.v.0
2025-12-10 14:00:00+00:00,34,1,42279835,446.0,447.0,444.5,446.25,24905,ZC.v.0
2025-12-10 15:00:00+00:00,34,1,42279835,446.0,446.75,444.0,444.75,18549,ZC.v.0
2025-12-10 16:00:00+00:00,34,1,42279835,444.5,445.25,443.75,444.25,14074,ZC.v.0
2025-12-10 17:00:00+00:00,34,1,42279835,444.0,445.25,443.75,444.75,12108,ZC.v.0
2025-12-10 18:00:00+00:00,34,1,42279835,445.0,445.0,443.5,443.5,10132,ZC.v.0
2025-12-10 19:00:00+00:00,34,1,42279835,443.5,444.5,443.5,444.0,10456,ZC.v.0
2025-12-11 01:00:00+00:00,34,1,42279835,444.0,445.25,444.0,444.25,2712,ZC.v.0
2025-12-11 02:00:00+00:00,34,1,42279835,444.25,444.5,443.75,444.0,800,ZC.v.0
2025-12-11 03:00:00+00:00,34,1,42279835,444.0,444.0,443.5,444.0,246,ZC.v.0
2025-12-11 04:00:00+00:00,34,1,42279835,444.0,444.5,443.75,444.5,148,ZC.v.0
2025-12-11 05:00:00+00:00,34,1,42279835,444.25,444.75,444.25,444.5,442,ZC.v.0
2025-12-11 06:00:00+00:00,34,1,42279835,444.25,444.5,444.0,444.25,213,ZC.v.0
2025-12-11 07:00:00+00:00,34,1,42279835,444.25,444.5,444.0,444.5,751,ZC.v.0
2025-12-11 08:00:00+00:00,34,1,42279835,444.5,445.75,444.25,445.5,2870,ZC.v.0
2025-12-11 09:00:00+00:00,34,1,42279835,445.75,446.5,445.25,446.25,1957,ZC.v.0
2025-12-11 10:00:00+00:00,34,1,42279835,446.0,447.25,446.0,447.25,3750,ZC.v.0
2025-12-11 11:00:00+00:00,34,1,42279835,447.25,448.0,447.0,447.5,3065,ZC.v.0
2025-12-11 12:00:00+00:00,34,1,42279835,447.75,447.75,447.0,447.25,1728,ZC.v.0
2025-12-11 13:00:00+00:00,34,1,42279835,447.25,447.25,446.5,446.75,4107,ZC.v.0
2025-12-11 14:00:00+00:00,34,1,42279835,447.0,448.0,446.25,447.5,13483,ZC.v.0
2025-12-11 15:00:00+00:00,34,1,42279835,447.5,447.75,445.5,446.25,16120,ZC.v.0
2025-12-11 16:00:00+00:00,34,1,42279835,446.25,447.5,445.0,445.25,14410,ZC.v.0
2025-12-11 17:00:00+00:00,34,1,42279835,445.0,445.75,444.5,445.5,10830,ZC.v.0
2025-12-11 18:00:00+00:00,34,1,42279835,445.5,446.5,445.5,446.5,6293,ZC.v.0
2025-12-11 19:00:00+00:00,34,1,42279835,446.25,447.0,446.0,446.75,9757,ZC.v.0
2025-12-12 01:00:00+00:00,34,1,42279835,446.5,447.0,446.0,446.25,2075,ZC.v.0
2025-12-12 02:00:00+00:00,34,1,42279835,446.5,446.75,446.25,446.5,315,ZC.v.0
2025-12-12 03:00:00+00:00,34,1,42279835,446.75,447.0,446.25,446.25,718,ZC.v.0
2025-12-12 04:00:00+00:00,34,1,42279835,446.25,446.25,446.0,446.25,45,ZC.v.0
2025-12-12 05:00:00+00:00,34,1,42279835,446.25,446.5,446.0,446.5,116,ZC.v.0
2025-12-12 06:00:00+00:00,34,1,42279835,446.5,446.5,445.5,446.0,852,ZC.v.0
2025-12-12 07:00:00+00:00,34,1,42279835,446.0,446.5,445.75,446.25,244,ZC.v.0
2025-12-12 08:00:00+00:00,34,1,42279835,446.25,447.25,445.5,445.75,2347,ZC.v.0
2025-12-12 09:00:00+00:00,34,1,42279835,445.5,446.0,445.0,445.25,1127,ZC.v.0
2025-12-12 10:00:00+00:00,34,1,42279835,445.0,445.25,445.0,445.0,390,ZC.v.0
2025-12-12 11:00:00+00:00,34,1,42279835,445.0,445.25,444.5,444.5,1166,ZC.v.0
2025-12-12 12:00:00+00:00,34,1,42279835,444.75,445.0,444.25,444.5,1685,ZC.v.0
2025-12-12 13:00:00+00:00,34,1,42279835,444.5,446.0,444.5,445.75,3651,ZC.v.0
2025-12-12 14:00:00+00:00,34,1,42279835,445.5,446.5,444.75,445.25,12516,ZC.v.0
2025-12-12 15:00:00+00:00,34,1,42279835,445.0,445.5,443.75,444.0,23697,ZC.v.0
2025-12-12 16:00:00+00:00,34,1,42279835,444.25,444.5,443.25,443.25,21623,ZC.v.0
2025-12-12 17:00:00+00:00,34,1,42279835,443.5,443.75,441.25,441.5,26605,ZC.v.0
2025-12-12 18:00:00+00:00,34,1,42279835,441.75,442.0,440.0,440.25,24137,ZC.v.0
2025-12-12 19:00:00+00:00,34,1,42279835,440.5,441.25,440.25,440.5,16855,ZC.v.0
2025-12-15 01:00:00+00:00,34,1,42279835,440.25,441.25,440.0,440.75,4000,ZC.v.0
2025-12-15 02:00:00+00:00,34,1,42279835,440.5,440.75,440.25,440.75,486,ZC.v.0
2025-12-15 03:00:00+00:00,34,1,42279835,440.75,440.75,440.5,440.75,199,ZC.v.0
2025-12-15 04:00:00+00:00,34,1,42279835,440.75,440.75,440.5,440.5,128,ZC.v.0
2025-12-15 05:00:00+00:00,34,1,42279835,440.5,440.75,440.5,440.75,189,ZC.v.0
2025-12-15 06:00:00+00:00,34,1,42279835,440.5,440.75,440.5,440.75,117,ZC.v.0
2025-12-15 07:00:00+00:00,34,1,42279835,440.5,440.5,440.0,440.25,1325,ZC.v.0
2025-12-15 08:00:00+00:00,34,1,42279835,440.25,440.75,440.0,440.75,1329,ZC.v.0
2025-12-15 09:00:00+00:00,34,1,42279835,440.75,441.0,440.5,440.75,1350,ZC.v.0
2025-12-15 10:00:00+00:00,34,1,42279835,441.0,441.0,440.25,440.5,1575,ZC.v.0
2025-12-15 11:00:00+00:00,34,1,42279835,440.5,440.75,440.0,440.25,808,ZC.v.0
2025-12-15 12:00:00+00:00,34,1,42279835,440.25,441.0,440.0,440.75,3486,ZC.v.0
2025-12-15 13:00:00+00:00,34,1,42279835,440.75,441.25,440.0,440.25,4534,ZC.v.0
2025-12-15 14:00:00+00:00,34,1,42279835,440.5,440.75,437.25,438.25,32513,ZC.v.0
2025-12-15 15:00:00+00:00,34,1,42279835,438.0,439.25,437.5,438.75,25186,ZC.v.0
2025-12-15 16:00:00+00:00,34,1,42279835,439.0,440.5,436.75,437.5,22149,ZC.v.0
2025-12-15 17:00:00+00:00,34,1,42279835,437.5,439.25,437.25,438.75,13040,ZC.v.0
2025-12-15 18:00:00+00:00,34,1,42279835,439.0,439.75,438.5,439.5,12591,ZC.v.0
2025-12-15 19:00:00+00:00,34,1,42279835,439.5,440.0,439.25,439.5,12181,ZC.v.0
2025-12-16 01:00:00+00:00,34,1,42279835,439.75,440.0,439.0,439.25,2375,ZC.v.0
2025-12-16 02:00:00+00:00,34,1,42279835,439.25,440.0,439.25,439.25,389,ZC.v.0
2025-12-16 03:00:00+00:00,34,1,42279835,439.5,439.5,438.0,438.25,760,ZC.v.0
2025-12-16 04:00:00+00:00,34,1,42279835,438.5,438.75,438.5,438.75,276,ZC.v.0
2025-12-16 05:00:00+00:00,34,1,42279835,438.75,439.0,438.5,439.0,452,ZC.v.0
2025-12-16 06:00:00+00:00,34,1,42279835,439.0,439.25,438.5,439.25,401,ZC.v.0
2025-12-16 07:00:00+00:00,34,1,42279835,439.0,439.75,439.0,439.0,867,ZC.v.0
2025-12-16 08:00:00+00:00,34,1,42279835,439.0,439.25,438.75,438.75,672,ZC.v.0
2025-12-16 09:00:00+00:00,34,1,42279835,439.0,440.0,438.75,439.25,1550,ZC.v.0
2025-12-16 10:00:00+00:00,34,1,42279835,439.5,439.75,439.0,439.0,903,ZC.v.0
2025-12-16 11:00:00+00:00,34,1,42279835,439.0,439.25,438.25,439.0,1901,ZC.v.0
2025-12-16 12:00:00+00:00,34,1,42279835,438.75,439.25,438.25,439.0,988,ZC.v.0
2025-12-16 13:00:00+00:00,34,1,42279835,439.0,439.0,438.0,438.5,2390,ZC.v.0
2025-12-16 14:00:00+00:00,34,1,42279835,438.5,438.75,436.5,437.25,20802,ZC.v.0
2025-12-16 15:00:00+00:00,34,1,42279835,437.25,437.75,436.75,436.75,15497,ZC.v.0
2025-12-16 16:00:00+00:00,34,1,42279835,436.75,437.0,435.5,435.75,16718,ZC.v.0
2025-12-16 17:00:00+00:00,34,1,42279835,435.75,437.25,435.75,436.75,13933,ZC.v.0
2025-12-16 18:00:00+00:00,34,1,42279835,437.0,437.0,436.25,436.25,11072,ZC.v.0
2025-12-16 19:00:00+00:00,34,1,42279835,436.25,436.75,436.0,436.0,14282,ZC.v.0
2025-12-17 01:00:00+00:00,34,1,42279835,436.0,437.5,436.0,437.25,3558,ZC.v.0
2025-12-17 02:00:00+00:00,34,1,42279835,437.5,438.0,437.25,438.0,1249,ZC.v.0
2025-12-17 03:00:00+00:00,34,1,42279835,438.0,438.25,437.75,438.0,1774,ZC.v.0
2025-12-17 04:00:00+00:00,34,1,42279835,438.0,438.0,437.5,437.5,653,ZC.v.0
2025-12-17 05:00:00+00:00,34,1,42279835,437.75,438.0,437.5,438.0,339,ZC.v.0
2025-12-17 06:00:00+00:00,34,1,42279835,438.0,438.0,437.25,437.25,459,ZC.v.0
2025-12-17 07:00:00+00:00,34,1,42279835,437.25,438.0,437.25,438.0,1603,ZC.v.0
2025-12-17 08:00:00+00:00,34,1,42279835,437.75,437.75,437.25,437.25,2223,ZC.v.0
2025-12-17 09:00:00+00:00,34,1,42279835,437.5,438.0,437.5,437.75,1703,ZC.v.0
2025-12-17 10:00:00+00:00,34,1,42279835,437.75,438.25,437.75,438.0,800,ZC.v.0
2025-12-17 11:00:00+00:00,34,1,42279835,438.0,438.0,437.75,438.0,1004,ZC.v.0
2025-12-17 12:00:00+00:00,34,1,42279835,438.0,438.0,437.25,437.5,1679,ZC.v.0
2025-12-17 13:00:00+00:00,34,1,42279835,437.5,438.5,437.0,438.25,3562,ZC.v.0
2025-12-17 14:00:00+00:00,34,1,42279835,438.0,439.5,437.0,439.25,20824,ZC.v.0
2025-12-17 15:00:00+00:00,34,1,42279835,439.25,439.5,437.25,439.25,15301,ZC.v.0
2025-12-17 16:00:00+00:00,34,1,42279835,439.0,439.5,438.25,438.75,14899,ZC.v.0
2025-12-17 17:00:00+00:00,34,1,42279835,438.75,441.0,438.25,441.0,18293,ZC.v.0
2025-12-17 18:00:00+00:00,34,1,42279835,441.0,441.5,440.5,441.0,15002,ZC.v.0
2025-12-17 19:00:00+00:00,34,1,42279835,441.0,441.25,440.25,440.75,10731,ZC.v.0
2025-12-18 01:00:00+00:00,34,1,42279835,440.5,442.25,440.5,441.75,4195,ZC.v.0
2025-12-18 02:00:00+00:00,34,1,42279835,441.75,442.0,441.25,441.5,512,ZC.v.0
2025-12-18 03:00:00+00:00,34,1,42279835,441.25,442.0,441.25,441.5,565,ZC.v.0
2025-12-18 04:00:00+00:00,34,1,42279835,441.5,441.75,441.5,441.5,181,ZC.v.0
2025-12-18 05:00:00+00:00,34,1,42279835,441.5,441.75,441.5,441.5,85,ZC.v.0
2025-12-18 06:00:00+00:00,34,1,42279835,441.5,442.0,441.5,441.75,246,ZC.v.0
2025-12-18 07:00:00+00:00,34,1,42279835,442.0,442.0,441.5,441.75,753,ZC.v.0
2025-12-18 08:00:00+00:00,34,1,42279835,441.75,442.0,441.25,441.25,839,ZC.v.0
2025-12-18 09:00:00+00:00,34,1,42279835,441.5,441.75,441.25,441.75,781,ZC.v.0
2025-12-18 10:00:00+00:00,34,1,42279835,441.75,442.5,441.5,442.5,1432,ZC.v.0
2025-12-18 11:00:00+00:00,34,1,42279835,442.5,442.75,442.0,442.25,1268,ZC.v.0
2025-12-18 12:00:00+00:00,34,1,42279835,442.25,442.5,441.25,442.0,1872,ZC.v.0
2025-12-18 13:00:00+00:00,34,1,42279835,442.0,443.0,441.75,442.5,2924,ZC.v.0
2025-12-18 14:00:00+00:00,34,1,42279835,442.25,444.75,442.0,444.5,27487,ZC.v.0
2025-12-18 15:00:00+00:00,34,1,42279835,444.5,445.0,443.0,443.5,29773,ZC.v.0
2025-12-18 16:00:00+00:00,34,1,42279835,443.25,444.5,443.0,443.75,13650,ZC.v.0
2025-12-18 17:00:00+00:00,34,1,42279835,443.75,444.25,443.75,444.0,10683,ZC.v.0
2025-12-18 18:00:00+00:00,34,1,42279835,444.0,446.0,443.75,445.0,22037,ZC.v.0
2025-12-18 19:00:00+00:00,34,1,42279835,445.0,445.25,444.0,444.0,14791,ZC.v.0
2025-12-19 01:00:00+00:00,34,1,42279835,444.0,444.75,443.5,443.75,4113,ZC.v.0
2025-12-19 02:00:00+00:00,34,1,42279835,443.75,444.25,443.5,443.75,608,ZC.v.0
2025-12-19 03:00:00+00:00,34,1,42279835,443.5,443.75,443.25,443.5,450,ZC.v.0
2025-12-19 04:00:00+00:00,34,1,42279835,443.5,443.5,443.25,443.5,59,ZC.v.0
2025-12-19 05:00:00+00:00,34,1,42279835,443.5,444.0,443.25,443.75,225,ZC.v.0
2025-12-19 06:00:00+00:00,34,1,42279835,443.75,444.0,443.5,443.75,99,ZC.v.0
2025-12-19 07:00:00+00:00,34,1,42279835,443.75,444.0,443.5,443.5,406,ZC.v.0
2025-12-19 08:00:00+00:00,34,1,42279835,443.5,444.0,443.5,443.75,698,ZC.v.0
2025-12-19 09:00:00+00:00,34,1,42279835,443.75,444.25,443.5,444.25,966,ZC.v.0
2025-12-19 10:00:00+00:00,34,1,42279835,444.25,444.25,443.5,444.0,1165,ZC.v.0
2025-12-19 11:00:00+00:00,34,1,42279835,444.25,444.5,443.0,443.75,2103,ZC.v.0
2025-12-19 12:00:00+00:00,34,1,42279835,443.75,444.0,443.5,443.75,1388,ZC.v.0
2025-12-19 13:00:00+00:00,34,1,42279835,443.75,444.75,443.5,444.0,4155,ZC.v.0
2025-12-19 14:00:00+00:00,34,1,42279835,444.0,444.75,443.5,444.75,11663,ZC.v.0
2025-12-19 15:00:00+00:00,34,1,42279835,444.5,444.75,442.5,443.75,16435,ZC.v.0
2025-12-19 16:00:00+00:00,34,1,42279835,443.75,443.75,442.75,443.0,7775,ZC.v.0
2025-12-19 17:00:00+00:00,34,1,42279835,443.25,444.0,442.75,443.25,8473,ZC.v.0
2025-12-19 18:00:00+00:00,34,1,42279835,443.5,444.5,443.0,444.5,11092,ZC.v.0
2025-12-19 19:00:00+00:00,34,1,42279835,444.25,444.5,443.0,443.25,9387,ZC.v.0
2025-12-22 01:00:00+00:00,34,1,42279835,443.25,445.0,443.0,444.75,3184,ZC.v.0
2025-12-22 02:00:00+00:00,34,1,42279835,444.75,445.25,444.75,445.0,681,ZC.v.0
2025-12-22 03:00:00+00:00,34,1,42279835,445.0,445.25,444.75,445.0,429,ZC.v.0
2025-12-22 04:00:00+00:00,34,1,42279835,445.0,445.25,445.0,445.25,60,ZC.v.0
2025-12-22 05:00:00+00:00,34,1,42279835,445.0,445.5,445.0,445.25,573,ZC.v.0
2025-12-22 06:00:00+00:00,34,1,42279835,445.25,445.75,445.25,445.5,786,ZC.v.0
2025-12-22 07:00:00+00:00,34,1,42279835,445.5,446.0,445.25,446.0,486,ZC.v.0
2025-12-22 08:00:00+00:00,34,1,42279835,445.75,446.0,445.5,446.0,1519,ZC.v.0
2025-12-22 09:00:00+00:00,34,1,42279835,445.75,446.25,445.5,446.0,1978,ZC.v.0
2025-12-22 10:00:00+00:00,34,1,42279835,446.0,446.5,445.75,446.25,1511,ZC.v.0
2025-12-22 11:00:00+00:00,34,1,42279835,446.25,446.5,445.5,445.75,1605,ZC.v.0
2025-12-22 12:00:00+00:00,34,1,42279835,445.75,447.0,445.75,446.75,2846,ZC.v.0
2025-12-22 13:00:00+00:00,34,1,42279835,447.0,447.75,446.5,447.25,6018,ZC.v.0
2025-12-22 14:00:00+00:00,34,1,42279835,447.0,447.5,446.0,446.75,14220,ZC.v.0
2025-12-22 15:00:00+00:00,34,1,42279835,446.75,447.5,446.5,447.0,15914,ZC.v.0
2025-12-22 16:00:00+00:00,34,1,42279835,446.75,447.0,445.0,445.75,11207,ZC.v.0
2025-12-22 17:00:00+00:00,34,1,42279835,445.5,446.5,445.0,446.0,10135,ZC.v.0
2025-12-22 18:00:00+00:00,34,1,42279835,446.25,447.0,445.75,447.0,9617,ZC.v.0
2025-12-22 19:00:00+00:00,34,1,42279835,446.75,447.0,446.5,446.75,19954,ZC.v.0
2025-12-23 01:00:00+00:00,34,1,42279835,446.5,447.25,446.25,447.0,3776,ZC.v.0
2025-12-23 02:00:00+00:00,34,1,42279835,447.0,447.25,446.5,447.0,785,ZC.v.0
2025-12-23 03:00:00+00:00,34,1,42279835,447.0,447.25,447.0,447.25,136,ZC.v.0
2025-12-23 04:00:00+00:00,34,1,42279835,447.25,447.25,447.0,447.25,129,ZC.v.0
2025-12-23 05:00:00+00:00,34,1,42279835,447.0,447.5,447.0,447.25,299,ZC.v.0
2025-12-23 06:00:00+00:00,34,1,42279835,447.25,447.5,447.25,447.5,270,ZC.v.0
2025-12-23 07:00:00+00:00,34,1,42279835,447.75,447.75,447.25,447.5,579,ZC.v.0
2025-12-23 08:00:00+00:00,34,1,42279835,447.5,448.0,447.5,447.75,2933,ZC.v.0
2025-12-23 09:00:00+00:00,34,1,42279835,447.5,448.0,447.5,447.75,1063,ZC.v.0
2025-12-23 10:00:00+00:00,34,1,42279835,447.5,448.5,447.5,448.0,2112,ZC.v.0
2025-12-23 11:00:00+00:00,34,1,42279835,448.25,449.0,448.0,448.75,1781,ZC.v.0
2025-12-23 12:00:00+00:00,34,1,42279835,449.0,449.0,448.0,448.25,1754,ZC.v.0
2025-12-23 13:00:00+00:00,34,1,42279835,448.25,448.75,448.0,448.0,2938,ZC.v.0
2025-12-23 14:00:00+00:00,34,1,42279835,448.0,448.5,447.25,447.5,13720,ZC.v.0
2025-12-23 15:00:00+00:00,34,1,42279835,447.5,448.25,447.25,447.5,13759,ZC.v.0
2025-12-23 16:00:00+00:00,34,1,42279835,447.5,447.75,446.25,447.25,13384,ZC.v.0
2025-12-23 17:00:00+00:00,34,1,42279835,447.25,447.75,446.5,447.5,11152,ZC.v.0
2025-12-23 18:00:00+00:00,34,1,42279835,447.25,447.5,447.0,447.0,8569,ZC.v.0
2025-12-23 19:00:00+00:00,34,1,42279835,447.25,447.75,446.75,447.25,11695,ZC.v.0
2025-12-24 01:00:00+00:00,34,1,42279835,447.0,448.75,446.75,448.25,3816,ZC.v.0
2025-12-24 02:00:00+00:00,34,1,42279835,448.25,449.0,448.25,448.75,909,ZC.v.0
2025-12-24 03:00:00+00:00,34,1,42279835,448.75,448.75,448.5,448.5,36,ZC.v.0
2025-12-24 04:00:00+00:00,34,1,42279835,448.75,448.75,448.5,448.75,70,ZC.v.0
2025-12-24 05:00:00+00:00,34,1,42279835,448.75,448.75,448.5,448.75,559,ZC.v.0
2025-12-24 06:00:00+00:00,34,1,42279835,448.5,449.0,448.5,449.0,726,ZC.v.0
2025-12-24 07:00:00+00:00,34,1,42279835,449.0,449.0,448.75,449.0,212,ZC.v.0
2025-12-24 08:00:00+00:00,34,1,42279835,449.0,449.25,448.75,449.0,2976,ZC.v.0
2025-12-24 09:00:00+00:00,34,1,42279835,449.0,449.25,448.75,449.0,1016,ZC.v.0
2025-12-24 10:00:00+00:00,34,1,42279835,449.0,449.5,448.75,449.25,819,ZC.v.0
2025-12-24 11:00:00+00:00,34,1,42279835,449.25,449.5,449.0,449.5,558,ZC.v.0
2025-12-24 12:00:00+00:00,34,1,42279835,449.5,449.75,449.25,449.5,1572,ZC.v.0
2025-12-24 13:00:00+00:00,34,1,42279835,449.5,449.75,449.25,449.25,1820,ZC.v.0
2025-12-24 14:00:00+00:00,34,1,42279835,449.25,449.5,447.75,449.5,11133,ZC.v.0
2025-12-24 15:00:00+00:00,34,1,42279835,449.5,450.5,448.5,449.25,16053,ZC.v.0
2025-12-24 16:00:00+00:00,34,1,42279835,449.25,450.0,449.0,450.0,13403,ZC.v.0
2025-12-24 17:00:00+00:00,34,1,42279835,449.75,451.25,449.75,450.75,19996,ZC.v.0
2025-12-24 18:00:00+00:00,34,1,42279835,451.0,451.0,450.25,450.5,2507,ZC.v.0
2025-12-26 14:00:00+00:00,34,1,42279835,451.0,453.0,450.5,451.25,21002,ZC.v.0
2025-12-26 15:00:00+00:00,34,1,42279835,451.25,452.0,450.25,451.0,11941,ZC.v.0
2025-12-26 16:00:00+00:00,34,1,42279835,450.75,450.75,448.75,449.5,15381,ZC.v.0
2025-12-26 17:00:00+00:00,34,1,42279835,449.25,449.75,448.75,449.0,7625,ZC.v.0
2025-12-26 18:00:00+00:00,34,1,42279835,449.0,450.25,448.75,449.75,7442,ZC.v.0
2025-12-26 19:00:00+00:00,34,1,42279835,449.75,450.25,449.5,449.5,10663,ZC.v.0
2025-12-29 01:00:00+00:00,34,1,42279835,450.0,451.0,449.5,450.0,4687,ZC.v.0
2025-12-29 02:00:00+00:00,34,1,42279835,450.0,450.25,449.25,449.25,500,ZC.v.0
2025-12-29 03:00:00+00:00,34,1,42279835,449.25,450.25,449.25,450.25,482,ZC.v.0
2025-12-29 04:00:00+00:00,34,1,42279835,450.25,450.25,449.5,449.5,197,ZC.v.0
2025-12-29 05:00:00+00:00,34,1,42279835,449.5,450.0,449.25,449.5,771,ZC.v.0
2025-12-29 06:00:00+00:00,34,1,42279835,449.25,449.5,449.25,449.25,202,ZC.v.0
2025-12-29 07:00:00+00:00,34,1,42279835,449.25,449.25,448.5,448.5,2127,ZC.v.0
2025-12-29 08:00:00+00:00,34,1,42279835,448.75,448.75,448.0,448.0,1900,ZC.v.0
2025-12-29 09:00:00+00:00,34,1,42279835,448.25,448.25,447.5,447.75,2316,ZC.v.0
2025-12-29 10:00:00+00:00,34,1,42279835,447.75,447.75,447.0,447.5,1830,ZC.v.0
2025-12-29 11:00:00+00:00,34,1,42279835,447.5,447.75,447.0,447.0,1635,ZC.v.0
2025-12-29 12:00:00+00:00,34,1,42279835,447.0,447.25,446.5,447.0,3066,ZC.v.0
2025-12-29 13:00:00+00:00,34,1,42279835,447.25,447.5,447.0,447.0,1613,ZC.v.0
2025-12-29 14:00:00+00:00,34,1,42279835,447.0,447.5,444.25,445.0,26619,ZC.v.0
2025-12-29 15:00:00+00:00,34,1,42279835,445.0,445.0,443.5,443.5,21688,ZC.v.0
2025-12-29 16:00:00+00:00,34,1,42279835,443.75,444.25,442.5,443.5,17650,ZC.v.0
2025-12-29 17:00:00+00:00,34,1,42279835,443.5,443.75,442.75,442.75,13684,ZC.v.0
2025-12-29 18:00:00+00:00,34,1,42279835,442.75,443.0,442.0,442.25,14776,ZC.v.0
2025-12-29 19:00:00+00:00,34,1,42279835,442.25,442.75,442.0,442.5,12598,ZC.v.0
2025-12-30 01:00:00+00:00,34,1,42279835,442.0,442.75,441.75,442.5,2364,ZC.v.0
2025-12-30 02:00:00+00:00,34,1,42279835,442.25,442.75,442.0,442.25,293,ZC.v.0
2025-12-30 03:00:00+00:00,34,1,42279835,442.5,442.5,442.25,442.25,128,ZC.v.0
2025-12-30 04:00:00+00:00,34,1,42279835,442.5,442.5,442.25,442.25,193,ZC.v.0
2025-12-30 05:00:00+00:00,34,1,42279835,442.5,442.75,442.0,442.5,875,ZC.v.0
2025-12-30 06:00:00+00:00,34,1,42279835,442.5,442.5,442.25,442.25,169,ZC.v.0
2025-12-30 07:00:00+00:00,34,1,42279835,442.25,442.75,442.25,442.5,532,ZC.v.0
2025-12-30 08:00:00+00:00,34,1,42279835,442.25,442.5,441.75,442.0,847,ZC.v.0
2025-12-30 09:00:00+00:00,34,1,42279835,442.0,442.25,441.75,441.75,1074,ZC.v.0
2025-12-30 10:00:00+00:00,34,1,42279835,442.0,442.5,441.75,442.5,1078,ZC.v.0
2025-12-30 11:00:00+00:00,34,1,42279835,442.5,442.75,442.0,442.0,1113,ZC.v.0
2025-12-30 12:00:00+00:00,34,1,42279835,442.0,442.5,441.75,442.0,1919,ZC.v.0
2025-12-30 13:00:00+00:00,34,1,42279835,442.0,442.75,441.75,442.75,1729,ZC.v.0
2025-12-30 14:00:00+00:00,34,1,42279835,442.75,443.0,440.25,440.25,18686,ZC.v.0
2025-12-30 15:00:00+00:00,34,1,42279835,440.5,441.25,439.75,440.75,19952,ZC.v.0
2025-12-30 16:00:00+00:00,34,1,42279835,441.0,441.5,440.25,440.5,11388,ZC.v.0
2025-12-30 17:00:00+00:00,34,1,42279835,440.75,441.0,440.25,440.5,8122,ZC.v.0
2025-12-30 18:00:00+00:00,34,1,42279835,440.5,441.0,440.5,440.5,8821,ZC.v.0
2025-12-30 19:00:00+00:00,34,1,42279835,440.5,440.75,440.25,440.5,7213,ZC.v.0
2025-12-31 01:00:00+00:00,34,1,42279835,440.5,440.75,440.0,440.5,2219,ZC.v.0
2025-12-31 02:00:00+00:00,34,1,42279835,440.5,440.75,440.25,440.25,265,ZC.v.0
2025-12-31 03:00:00+00:00,34,1,42279835,440.25,440.25,440.0,440.0,803,ZC.v.0
2025-12-31 04:00:00+00:00,34,1,42279835,440.0,440.25,440.0,440.0,31,ZC.v.0
2025-12-31 05:00:00+00:00,34,1,42279835,440.0,440.25,440.0,440.25,663,ZC.v.0
2025-12-31 06:00:00+00:00,34,1,42279835,440.0,440.25,440.0,440.0,287,ZC.v.0
2025-12-31 07:00:00+00:00,34,1,42279835,440.0,440.25,439.5,439.75,1603,ZC.v.0
2025-12-31 08:00:00+00:00,34,1,42279835,439.75,439.75,439.25,439.25,988,ZC.v.0
2025-12-31 09:00:00+00:00,34,1,42279835,439.5,439.5,439.25,439.25,833,ZC.v.0
2025-12-31 10:00:00+00:00,34,1,42279835,439.0,439.5,439.0,439.5,926,ZC.v.0
2025-12-31 11:00:00+00:00,34,1,42279835,439.25,439.5,439.25,439.5,328,ZC.v.0
2025-12-31 12:00:00+00:00,34,1,42279835,439.75,439.75,439.25,439.25,750,ZC.v.0
2025-12-31 13:00:00+00:00,34,1,42279835,439.25,440.0,439.0,440.0,1639,ZC.v.0
2025-12-31 14:00:00+00:00,34,1,42279835,440.25,442.0,439.5,441.25,12865,ZC.v.0
2025-12-31 15:00:00+00:00,34,1,42279835,441.25,442.5,440.75,442.0,10501,ZC.v.0
2025-12-31 16:00:00+00:00,34,1,42279835,442.0,442.25,441.0,441.25,7589,ZC.v.0
2025-12-31 17:00:00+00:00,34,1,42279835,441.0,442.0,441.0,441.5,5942,ZC.v.0
2025-12-31 18:00:00+00:00,34,1,42279835,441.5,441.75,440.5,440.75,8962,ZC.v.0
2025-12-31 19:00:00+00:00,34,1,42279835,440.5,441.0,440.25,441.0,7094,ZC.v.0
2026-01-02 14:00:00+00:00,34,1,42279835,440.75,440.75,437.25,438.25,29995,ZC.v.0
2026-01-02 15:00:00+00:00,34,1,42279835,438.5,439.25,437.0,437.25,22681,ZC.v.0
2026-01-02 16:00:00+00:00,34,1,42279835,437.5,438.25,437.0,437.5,17150,ZC.v.0
2026-01-02 17:00:00+00:00,34,1,42279835,437.75,438.25,437.0,437.25,8877,ZC.v.0
2026-01-02 18:00:00+00:00,34,1,42279835,437.25,438.0,437.25,437.5,12685,ZC.v.0
2026-01-02 19:00:00+00:00,34,1,42279835,437.5,438.0,437.0,437.0,13038,ZC.v.0
2026-01-05 01:00:00+00:00,34,1,42279835,437.25,438.5,436.25,437.75,5812,ZC.v.0
2026-01-05 02:00:00+00:00,34,1,42279835,437.75,438.25,437.75,438.0,436,ZC.v.0
2026-01-05 03:00:00+00:00,34,1,42279835,438.0,438.25,438.0,438.25,698,ZC.v.0
2026-01-05 04:00:00+00:00,34,1,42279835,438.0,438.5,438.0,438.25,198,ZC.v.0
2026-01-05 05:00:00+00:00,34,1,42279835,438.25,438.5,438.25,438.25,194,ZC.v.0
2026-01-05 06:00:00+00:00,34,1,42279835,438.25,439.0,438.25,439.0,1054,ZC.v.0
2026-01-05 07:00:00+00:00,34,1,42279835,439.0,439.25,438.5,438.75,719,ZC.v.0
2026-01-05 08:00:00+00:00,34,1,42279835,438.75,439.0,438.5,438.75,976,ZC.v.0
2026-01-05 09:00:00+00:00,34,1,42279835,438.75,439.5,438.75,439.25,1117,ZC.v.0
2026-01-05 10:00:00+00:00,34,1,42279835,439.5,439.75,439.25,439.75,507,ZC.v.0
2026-01-05 11:00:00+00:00,34,1,42279835,439.75,440.25,439.5,440.0,1297,ZC.v.0
2026-01-05 12:00:00+00:00,34,1,42279835,439.75,440.5,439.5,440.5,1847,ZC.v.0
2026-01-05 13:00:00+00:00,34,1,42279835,440.5,441.0,440.25,440.75,3573,ZC.v.0
2026-01-05 14:00:00+00:00,34,1,42279835,440.25,443.25,440.0,443.0,26857,ZC.v.0
2026-01-05 15:00:00+00:00,34,1,42279835,443.25,443.5,441.75,443.0,22305,ZC.v.0
2026-01-05 16:00:00+00:00,34,1,42279835,443.0,443.5,442.0,443.5,13027,ZC.v.0
2026-01-05 17:00:00+00:00,34,1,42279835,443.5,445.0,443.25,444.75,22259,ZC.v.0
2026-01-05 18:00:00+00:00,34,1,42279835,444.75,445.5,444.5,445.0,16520,ZC.v.0
2026-01-05 19:00:00+00:00,34,1,42279835,444.75,445.0,444.25,444.5,12934,ZC.v.0
2026-01-06 01:00:00+00:00,34,1,42279835,444.0,446.0,444.0,445.75,6839,ZC.v.0
2026-01-06 02:00:00+00:00,34,1,42279835,445.5,445.75,445.0,445.0,734,ZC.v.0
2026-01-06 03:00:00+00:00,34,1,42279835,445.0,445.25,445.0,445.25,259,ZC.v.0
2026-01-06 04:00:00+00:00,34,1,42279835,445.0,445.25,444.75,445.0,198,ZC.v.0
2026-01-06 05:00:00+00:00,34,1,42279835,445.0,445.25,444.5,444.5,899,ZC.v.0
2026-01-06 06:00:00+00:00,34,1,42279835,444.5,445.25,444.5,445.25,647,ZC.v.0
2026-01-06 07:00:00+00:00,34,1,42279835,445.0,445.25,444.75,445.25,834,ZC.v.0
2026-01-06 08:00:00+00:00,34,1,42279835,445.0,445.25,444.75,445.0,1483,ZC.v.0
2026-01-06 09:00:00+00:00,34,1,42279835,445.0,445.25,443.5,443.75,4051,ZC.v.0
2026-01-06 10:00:00+00:00,34,1,42279835,443.75,444.5,443.75,444.25,2075,ZC.v.0
2026-01-06 11:00:00+00:00,34,1,42279835,444.5,444.75,444.0,444.75,2052,ZC.v.0
2026-01-06 12:00:00+00:00,34,1,42279835,444.75,445.0,444.25,444.75,1599,ZC.v.0
2026-01-06 13:00:00+00:00,34,1,42279835,444.75,445.0,444.25,444.25,2799,ZC.v.0
2026-01-06 14:00:00+00:00,34,1,42279835,444.25,445.25,443.5,445.25,17249,ZC.v.0
2026-01-06 15:00:00+00:00,34,1,42279835,445.25,445.75,444.25,445.75,22108,ZC.v.0
2026-01-06 16:00:00+00:00,34,1,42279835,446.0,447.0,445.5,446.5,21592,ZC.v.0
2026-01-06 17:00:00+00:00,34,1,42279835,446.5,446.75,446.0,446.25,11384,ZC.v.0
2026-01-06 18:00:00+00:00,34,1,42279835,446.0,446.5,444.0,444.75,17218,ZC.v.0
2026-01-06 19:00:00+00:00,34,1,42279835,444.75,445.0,443.5,443.75,19044,ZC.v.0
2026-01-07 01:00:00+00:00,34,1,42279835,443.75,444.75,443.75,444.5,2839,ZC.v.0
2026-01-07 02:00:00+00:00,34,1,42279835,444.25,444.75,444.25,444.75,1530,ZC.v.0
2026-01-07 03:00:00+00:00,34,1,42279835,444.75,445.25,444.25,445.25,1281,ZC.v.0
2026-01-07 04:00:00+00:00,34,1,42279835,445.25,445.25,444.75,444.75,179,ZC.v.0
2026-01-07 05:00:00+00:00,34,1,42279835,444.75,445.0,444.75,444.75,129,ZC.v.0
2026-01-07 06:00:00+00:00,34,1,42279835,445.0,445.25,445.0,445.0,759,ZC.v.0
2026-01-07 07:00:00+00:00,34,1,42279835,445.25,445.25,444.5,444.5,810,ZC.v.0
2026-01-07 08:00:00+00:00,34,1,42279835,444.5,445.25,444.5,444.75,602,ZC.v.0
2026-01-07 09:00:00+00:00,34,1,42279835,445.0,445.5,444.75,445.25,864,ZC.v.0
2026-01-07 10:00:00+00:00,34,1,42279835,445.5,445.5,445.0,445.5,319,ZC.v.0
2026-01-07 11:00:00+00:00,34,1,42279835,445.5,445.75,445.25,445.5,990,ZC.v.0
2026-01-07 12:00:00+00:00,34,1,42279835,445.5,445.75,445.0,445.75,1608,ZC.v.0
2026-01-07 13:00:00+00:00,34,1,42279835,445.5,446.0,445.25,445.75,1951,ZC.v.0
2026-01-07 14:00:00+00:00,34,1,42279835,445.75,446.25,444.75,445.5,21272,ZC.v.0
2026-01-07 15:00:00+00:00,34,1,42279835,445.5,446.5,445.25,445.5,13439,ZC.v.0
2026-01-07 16:00:00+00:00,34,1,42279835,445.75,445.75,444.5,445.25,13389,ZC.v.0
2026-01-07 17:00:00+00:00,34,1,42279835,445.5,447.25,445.25,446.5,14740,ZC.v.0
2026-01-07 18:00:00+00:00,34,1,42279835,446.75,447.25,446.25,446.75,10098,ZC.v.0
2026-01-07 19:00:00+00:00,34,1,42279835,446.75,447.25,446.0,446.25,15353,ZC.v.0
2026-01-08 01:00:00+00:00,34,1,42279835,446.0,446.5,445.75,446.25,1819,ZC.v.0
2026-01-08 02:00:00+00:00,34,1,42279835,446.25,446.25,445.75,445.75,367,ZC.v.0
2026-01-08 03:00:00+00:00,34,1,42279835,445.75,446.0,445.5,446.0,271,ZC.v.0
2026-01-08 04:00:00+00:00,34,1,42279835,445.75,446.0,445.75,445.75,24,ZC.v.0
2026-01-08 05:00:00+00:00,34,1,42279835,445.75,446.0,445.75,445.75,79,ZC.v.0
2026-01-08 06:00:00+00:00,34,1,42279835,445.75,446.0,445.5,445.75,510,ZC.v.0
2026-01-08 07:00:00+00:00,34,1,42279835,446.0,446.25,445.75,445.75,1387,ZC.v.0
2026-01-08 08:00:00+00:00,34,1,42279835,445.75,446.25,445.5,445.75,1352,ZC.v.0
2026-01-08 09:00:00+00:00,34,1,42279835,445.75,446.25,445.5,446.0,629,ZC.v.0
2026-01-08 10:00:00+00:00,34,1,42279835,446.0,446.25,445.5,446.0,721,ZC.v.0
2026-01-08 11:00:00+00:00,34,1,42279835,445.75,446.5,445.75,446.25,1143,ZC.v.0
2026-01-08 12:00:00+00:00,34,1,42279835,446.25,446.75,446.0,446.5,1628,ZC.v.0
2026-01-08 13:00:00+00:00,34,1,42279835,446.75,446.75,445.5,446.25,4496,ZC.v.0
2026-01-08 14:00:00+00:00,34,1,42279835,446.0,447.75,445.5,447.0,19599,ZC.v.0
2026-01-08 15:00:00+00:00,34,1,42279835,446.75,448.0,446.75,447.75,20460,ZC.v.0
2026-01-08 16:00:00+00:00,34,1,42279835,447.5,448.0,447.0,447.5,14637,ZC.v.0
2026-01-08 17:00:00+00:00,34,1,42279835,447.5,447.75,446.25,446.5,13621,ZC.v.0
2026-01-08 18:00:00+00:00,34,1,42279835,446.25,446.75,446.25,446.5,12595,ZC.v.0
2026-01-08 19:00:00+00:00,34,1,42279835,446.25,446.75,445.5,445.75,14639,ZC.v.0
2026-01-09 01:00:00+00:00,34,1,42279835,445.25,445.75,444.75,445.25,4008,ZC.v.0
2026-01-09 02:00:00+00:00,34,1,42279835,445.5,445.75,445.0,445.0,616,ZC.v.0
2026-01-09 03:00:00+00:00,34,1,42279835,445.0,445.25,445.0,445.0,287,ZC.v.0
2026-01-09 04:00:00+00:00,34,1,42279835,445.25,445.5,445.0,445.5,255,ZC.v.0
2026-01-09 05:00:00+00:00,34,1,42279835,445.25,445.5,445.0,445.25,122,ZC.v.0
2026-01-09 06:00:00+00:00,34,1,42279835,445.25,445.75,445.0,445.5,560,ZC.v.0
2026-01-09 07:00:00+00:00,34,1,42279835,445.5,445.5,445.0,445.25,633,ZC.v.0
2026-01-09 08:00:00+00:00,34,1,42279835,445.25,445.75,445.25,445.75,1506,ZC.v.0
2026-01-09 09:00:00+00:00,34,1,42279835,445.5,446.0,445.0,445.25,2640,ZC.v.0
2026-01-09 10:00:00+00:00,34,1,42279835,445.25,445.75,445.0,445.75,783,ZC.v.0
2026-01-09 11:00:00+00:00,34,1,42279835,445.5,446.0,445.25,445.75,785,ZC.v.0
2026-01-09 12:00:00+00:00,34,1,42279835,446.0,446.5,445.5,445.75,1410,ZC.v.0
2026-01-09 13:00:00+00:00,34,1,42279835,446.0,446.25,445.25,445.25,1363,ZC.v.0
2026-01-09 14:00:00+00:00,34,1,42279835,445.25,445.5,443.75,444.0,19627,ZC.v.0
2026-01-09 15:00:00+00:00,34,1,42279835,443.75,446.5,443.75,445.25,20848,ZC.v.0
2026-01-09 16:00:00+00:00,34,1,42279835,445.25,446.0,445.25,445.5,10943,ZC.v.0
2026-01-09 17:00:00+00:00,34,1,42279835,445.75,447.5,445.5,446.5,14733,ZC.v.0
2026-01-09 18:00:00+00:00,34,1,42279835,446.25,446.5,445.5,446.25,13506,ZC.v.0
2026-01-09 19:00:00+00:00,34,1,42279835,446.0,446.25,445.25,445.25,12376,ZC.v.0
2026-01-12 01:00:00+00:00,34,1,42279835,445.0,446.0,445.0,445.75,5157,ZC.v.0
2026-01-12 02:00:00+00:00,34,1,42279835,445.5,445.75,445.25,445.5,495,ZC.v.0
2026-01-12 03:00:00+00:00,34,1,42279835,445.75,445.75,445.5,445.5,86,ZC.v.0
2026-01-12 04:00:00+00:00,34,1,42279835,445.75,446.0,445.5,445.75,622,ZC.v.0
2026-01-12 05:00:00+00:00,34,1,42279835,446.0,446.0,445.75,446.0,27,ZC.v.0
2026-01-12 06:00:00+00:00,34,1,42279835,446.0,446.5,445.75,446.25,834,ZC.v.0
2026-01-12 07:00:00+00:00,34,1,42279835,446.25,447.0,446.0,447.0,1389,ZC.v.0
2026-01-12 08:00:00+00:00,34,1,42279835,446.75,447.5,446.75,447.25,1132,ZC.v.0
2026-01-12 09:00:00+00:00,34,1,42279835,447.25,448.5,447.25,448.5,2531,ZC.v.0
2026-01-12 10:00:00+00:00,34,1,42279835,448.5,448.5,447.75,448.0,1074,ZC.v.0
2026-01-12 11:00:00+00:00,34,1,42279835,448.0,448.5,447.75,447.75,559,ZC.v.0
2026-01-12 12:00:00+00:00,34,1,42279835,448.0,448.0,447.5,447.75,2986,ZC.v.0
2026-01-12 13:00:00+00:00,34,1,42279835,447.75,447.75,446.75,447.0,3838,ZC.v.0
2026-01-12 14:00:00+00:00,34,1,42279835,447.0,447.5,446.25,447.0,16882,ZC.v.0
2026-01-12 15:00:00+00:00,34,1,42279835,447.0,447.5,445.75,447.25,22995,ZC.v.0
2026-01-12 16:00:00+00:00,34,1,42279835,447.0,448.75,447.0,447.5,26838,ZC.v.0
2026-01-12 17:00:00+00:00,34,1,42279835,447.5,447.5,425.25,426.0,200860,ZC.v.0
2026-01-12 18:00:00+00:00,34,1,42279835,426.0,427.0,420.0,420.0,99699,ZC.v.0
2026-01-12 19:00:00+00:00,34,1,42279835,420.25,422.5,420.0,421.75,43163,ZC.v.0
2026-01-13 01:00:00+00:00,34,1,42279835,421.75,422.5,420.25,420.25,12090,ZC.v.0
2026-01-13 02:00:00+00:00,34,1,42279835,420.5,421.0,420.25,421.0,3155,ZC.v.0
2026-01-13 03:00:00+00:00,34,1,42279835,421.0,421.25,420.25,420.5,1141,ZC.v.0
2026-01-13 04:00:00+00:00,34,1,42279835,420.75,421.25,420.5,421.0,1474,ZC.v.0
2026-01-13 05:00:00+00:00,34,1,42279835,421.0,421.25,420.75,420.75,441,ZC.v.0
2026-01-13 06:00:00+00:00,34,1,42279835,420.75,421.0,419.25,419.75,3935,ZC.v.0
2026-01-13 07:00:00+00:00,34,1,42279835,420.0,420.0,419.25,419.25,3070,ZC.v.0
2026-01-13 08:00:00+00:00,34,1,42279835,419.5,420.0,418.75,420.0,5425,ZC.v.0
2026-01-13 09:00:00+00:00,34,1,42279835,420.0,421.0,420.0,420.5,4091,ZC.v.0
2026-01-13 10:00:00+00:00,34,1,42279835,420.25,420.75,418.75,419.5,4918,ZC.v.0
2026-01-13 11:00:00+00:00,34,1,42279835,419.25,419.5,418.5,418.75,4081,ZC.v.0
2026-01-13 12:00:00+00:00,34,1,42279835,418.75,419.25,418.0,418.25,7437,ZC.v.0
2026-01-13 13:00:00+00:00,34,1,42279835,418.5,419.0,417.5,418.0,7421,ZC.v.0
2026-01-13 14:00:00+00:00,34,1,42279835,418.0,421.25,417.25,420.25,60380,ZC.v.0
2026-01-13 15:00:00+00:00,34,1,42279835,420.0,422.5,420.0,421.25,42637,ZC.v.0
2026-01-13 16:00:00+00:00,34,1,42279835,421.5,422.75,420.75,421.5,24046,ZC.v.0
2026-01-13 17:00:00+00:00,34,1,42279835,421.75,422.25,420.5,421.0,20435,ZC.v.0
2026-01-13 18:00:00+00:00,34,1,42279835,421.0,421.0,419.5,420.25,19353,ZC.v.0
2026-01-13 19:00:00+00:00,34,1,42279835,420.25,420.5,419.5,420.25,19308,ZC.v.0
2026-01-14 01:00:00+00:00,34,1,42279835,420.0,421.25,420.0,421.25,5721,ZC.v.0
2026-01-14 02:00:00+00:00,34,1,42279835,421.0,421.25,421.0,421.25,339,ZC.v.0
2026-01-14 03:00:00+00:00,34,1,42279835,421.25,421.5,420.75,421.25,1301,ZC.v.0
2026-01-14 04:00:00+00:00,34,1,42279835,421.25,421.5,421.0,421.5,544,ZC.v.0
2026-01-14 05:00:00+00:00,34,1,42279835,421.5,421.5,420.5,420.75,940,ZC.v.0
2026-01-14 06:00:00+00:00,34,1,42279835,420.75,421.25,420.5,421.25,418,ZC.v.0
2026-01-14 07:00:00+00:00,34,1,42279835,421.25,421.25,420.75,420.75,886,ZC.v.0
2026-01-14 08:00:00+00:00,34,1,42279835,420.75,421.75,420.75,421.25,910,ZC.v.0
2026-01-14 09:00:00+00:00,34,1,42279835,421.25,422.75,421.25,422.5,4162,ZC.v.0
2026-01-14 10:00:00+00:00,34,1,42279835,422.25,423.0,422.25,422.5,2145,ZC.v.0
2026-01-14 11:00:00+00:00,34,1,42279835,422.75,423.5,422.5,423.5,3463,ZC.v.0
2026-01-14 12:00:00+00:00,34,1,42279835,423.5,423.75,423.25,423.75,3073,ZC.v.0
2026-01-14 13:00:00+00:00,34,1,42279835,423.75,425.0,423.5,424.75,5933,ZC.v.0
2026-01-14 14:00:00+00:00,34,1,42279835,424.5,425.0,421.5,422.25,28831,ZC.v.0
2026-01-14 15:00:00+00:00,34,1,42279835,422.25,422.25,419.75,419.75,27165,ZC.v.0
2026-01-14 16:00:00+00:00,34,1,42279835,420.0,422.5,419.5,422.0,19992,ZC.v.0
2026-01-14 17:00:00+00:00,34,1,42279835,422.25,423.25,421.5,421.75,16186,ZC.v.0
2026-01-14 18:00:00+00:00,34,1,42279835,421.75,422.25,421.0,421.5,13875,ZC.v.0
2026-01-14 19:00:00+00:00,34,1,42279835,421.5,422.5,421.25,422.25,16261,ZC.v.0
2026-01-15 01:00:00+00:00,34,1,42279835,422.5,423.75,422.25,423.25,4562,ZC.v.0
2026-01-15 02:00:00+00:00,34,1,42279835,423.25,423.5,423.0,423.5,707,ZC.v.0
2026-01-15 03:00:00+00:00,34,1,42279835,423.75,424.0,423.25,423.75,1870,ZC.v.0
2026-01-15 04:00:00+00:00,34,1,42279835,423.75,423.75,423.0,423.0,550,ZC.v.0
2026-01-15 05:00:00+00:00,34,1,42279835,423.25,423.25,422.75,422.75,1121,ZC.v.0
2026-01-15 06:00:00+00:00,34,1,42279835,422.75,423.25,422.75,423.0,220,ZC.v.0
2026-01-15 07:00:00+00:00,34,1,42279835,423.0,423.5,422.75,423.25,953,ZC.v.0
2026-01-15 08:00:00+00:00,34,1,42279835,423.0,423.75,423.0,423.75,757,ZC.v.0
2026-01-15 09:00:00+00:00,34,1,42279835,423.5,424.25,423.5,424.0,1006,ZC.v.0
2026-01-15 10:00:00+00:00,34,1,42279835,424.0,424.5,423.5,424.25,1456,ZC.v.0
2026-01-15 11:00:00+00:00,34,1,42279835,424.25,425.0,424.0,425.0,2200,ZC.v.0
2026-01-15 12:00:00+00:00,34,1,42279835,425.0,425.0,424.0,424.25,3027,ZC.v.0
2026-01-15 13:00:00+00:00,34,1,42279835,424.5,424.5,423.75,423.75,1904,ZC.v.0
2026-01-15 14:00:00+00:00,34,1,42279835,423.75,424.5,421.75,422.5,30073,ZC.v.0
2026-01-15 15:00:00+00:00,34,1,42279835,422.75,423.5,421.5,422.5,27720,ZC.v.0
2026-01-15 16:00:00+00:00,34,1,42279835,422.75,422.75,420.5,421.25,20582,ZC.v.0
2026-01-15 17:00:00+00:00,34,1,42279835,421.0,421.5,420.25,421.0,14580,ZC.v.0
2026-01-15 18:00:00+00:00,34,1,42279835,421.25,421.25,420.25,420.75,9407,ZC.v.0
2026-01-15 19:00:00+00:00,34,1,42279835,420.75,420.75,420.0,420.25,15858,ZC.v.0
2026-01-16 01:00:00+00:00,34,1,42279835,420.25,421.5,420.0,420.75,3053,ZC.v.0
2026-01-16 02:00:00+00:00,34,1,42279835,421.0,421.25,420.0,420.25,1826,ZC.v.0
2026-01-16 03:00:00+00:00,34,1,42279835,420.5,420.75,420.25,420.75,502,ZC.v.0
2026-01-16 04:00:00+00:00,34,1,42279835,420.75,421.0,420.5,421.0,271,ZC.v.0
2026-01-16 05:00:00+00:00,34,1,42279835,421.0,421.25,420.75,420.75,978,ZC.v.0
2026-01-16 06:00:00+00:00,34,1,42279835,420.75,420.75,420.25,420.5,400,ZC.v.0
2026-01-16 07:00:00+00:00,34,1,42279835,420.5,420.75,420.25,420.75,444,ZC.v.0
2026-01-16 08:00:00+00:00,34,1,42279835,420.75,421.25,420.25,421.0,1347,ZC.v.0
2026-01-16 09:00:00+00:00,34,1,42279835,420.75,421.25,420.25,421.0,991,ZC.v.0
2026-01-16 10:00:00+00:00,34,1,42279835,421.0,421.5,420.5,421.5,1255,ZC.v.0
2026-01-16 11:00:00+00:00,34,1,42279835,421.5,421.75,420.75,421.75,1323,ZC.v.0
2026-01-16 12:00:00+00:00,34,1,42279835,421.5,422.5,421.5,422.25,2090,ZC.v.0
2026-01-16 13:00:00+00:00,34,1,42279835,422.0,422.25,421.75,422.0,3160,ZC.v.0
2026-01-16 14:00:00+00:00,34,1,42279835,421.75,424.0,421.5,423.75,27930,ZC.v.0
2026-01-16 15:00:00+00:00,34,1,42279835,423.5,425.0,423.25,424.0,24186,ZC.v.0
2026-01-16 16:00:00+00:00,34,1,42279835,424.0,427.25,424.0,426.25,26849,ZC.v.0
2026-01-16 17:00:00+00:00,34,1,42279835,426.25,427.25,426.0,426.25,16730,ZC.v.0
2026-01-16 18:00:00+00:00,34,1,42279835,426.0,426.25,424.75,425.0,13110,ZC.v.0
2026-01-16 19:00:00+00:00,34,1,42279835,425.0,425.25,424.5,425.0,15993,ZC.v.0
2026-01-20 01:00:00+00:00,34,1,42279835,423.5,425.5,423.0,424.0,6499,ZC.v.0
2026-01-20 02:00:00+00:00,34,1,42279835,424.0,424.25,423.5,424.25,563,ZC.v.0
2026-01-20 03:00:00+00:00,34,1,42279835,424.25,424.5,424.0,424.25,237,ZC.v.0
2026-01-20 04:00:00+00:00,34,1,42279835,424.25,424.25,423.75,424.0,194,ZC.v.0
2026-01-20 05:00:00+00:00,34,1,42279835,424.0,424.0,423.5,423.75,202,ZC.v.0
2026-01-20 06:00:00+00:00,34,1,42279835,423.75,423.75,422.5,422.75,1102,ZC.v.0
2026-01-20 07:00:00+00:00,34,1,42279835,423.0,423.25,422.75,422.75,1020,ZC.v.0
2026-01-20 08:00:00+00:00,34,1,42279835,422.75,423.0,422.25,422.5,1452,ZC.v.0
2026-01-20 09:00:00+00:00,34,1,42279835,422.5,423.0,422.25,423.0,1731,ZC.v.0
2026-01-20 10:00:00+00:00,34,1,42279835,423.0,423.25,422.5,423.0,2045,ZC.v.0
2026-01-20 11:00:00+00:00,34,1,42279835,422.75,423.25,422.5,423.0,978,ZC.v.0
2026-01-20 12:00:00+00:00,34,1,42279835,423.0,423.25,422.0,422.75,3654,ZC.v.0
2026-01-20 13:00:00+00:00,34,1,42279835,422.5,423.5,422.25,423.0,2270,ZC.v.0
2026-01-20 14:00:00+00:00,34,1,42279835,423.0,424.25,422.5,423.0,17153,ZC.v.0
2026-01-20 15:00:00+00:00,34,1,42279835,423.0,424.0,422.0,422.25,17166,ZC.v.0
2026-01-20 16:00:00+00:00,34,1,42279835,422.5,423.5,422.25,423.25,9482,ZC.v.0
2026-01-20 17:00:00+00:00,34,1,42279835,423.25,425.5,423.25,424.75,16855,ZC.v.0
2026-01-20 18:00:00+00:00,34,1,42279835,424.75,424.75,423.5,424.0,10556,ZC.v.0
2026-01-20 19:00:00+00:00,34,1,42279835,424.0,424.25,423.5,424.0,13500,ZC.v.0
2026-01-21 01:00:00+00:00,34,1,42279835,423.75,424.75,423.75,424.0,1728,ZC.v.0
2026-01-21 02:00:00+00:00,34,1,42279835,424.0,424.25,423.75,424.25,166,ZC.v.0
2026-01-21 03:00:00+00:00,34,1,42279835,424.25,424.25,424.0,424.25,92,ZC.v.0
2026-01-21 04:00:00+00:00,34,1,42279835,424.25,424.25,424.0,424.0,189,ZC.v.0
2026-01-21 05:00:00+00:00,34,1,42279835,424.0,424.5,424.0,424.25,218,ZC.v.0
2026-01-21 06:00:00+00:00,34,1,42279835,424.25,424.5,424.0,424.25,440,ZC.v.0
2026-01-21 07:00:00+00:00,34,1,42279835,424.0,424.25,424.0,424.0,318,ZC.v.0
2026-01-21 08:00:00+00:00,34,1,42279835,424.0,425.25,424.0,425.25,1468,ZC.v.0
2026-01-21 09:00:00+00:00,34,1,42279835,425.25,426.0,425.0,425.75,1414,ZC.v.0
2026-01-21 10:00:00+00:00,34,1,42279835,425.5,426.25,425.5,426.25,2078,ZC.v.0
2026-01-21 11:00:00+00:00,34,1,42279835,426.25,426.25,425.75,425.75,823,ZC.v.0
2026-01-21 12:00:00+00:00,34,1,42279835,426.0,427.0,425.75,427.0,3919,ZC.v.0
2026-01-21 13:00:00+00:00,34,1,42279835,427.0,427.75,426.75,427.25,5271,ZC.v.0
2026-01-21 14:00:00+00:00,34,1,42279835,427.0,427.25,424.75,425.0,21826,ZC.v.0
2026-01-21 15:00:00+00:00,34,1,42279835,425.0,425.25,423.25,423.25,16290,ZC.v.0
2026-01-21 16:00:00+00:00,34,1,42279835,423.25,423.5,422.25,422.75,14264,ZC.v.0
2026-01-21 17:00:00+00:00,34,1,42279835,422.75,423.0,421.75,422.5,12966,ZC.v.0
2026-01-21 18:00:00+00:00,34,1,42279835,422.25,422.5,421.5,421.5,6988,ZC.v.0
2026-01-21 19:00:00+00:00,34,1,42279835,421.5,422.25,421.25,421.75,12109,ZC.v.0
2026-01-22 01:00:00+00:00,34,1,42279835,422.5,423.5,422.25,422.75,3000,ZC.v.0
2026-01-22 02:00:00+00:00,34,1,42279835,422.5,423.0,422.5,422.75,356,ZC.v.0
2026-01-22 03:00:00+00:00,34,1,42279835,422.5,422.5,422.25,422.25,150,ZC.v.0
2026-01-22 04:00:00+00:00,34,1,42279835,422.25,422.5,422.25,422.5,139,ZC.v.0
2026-01-22 05:00:00+00:00,34,1,42279835,422.25,422.5,422.0,422.25,482,ZC.v.0
2026-01-22 06:00:00+00:00,34,1,42279835,422.25,422.75,422.0,422.5,388,ZC.v.0
2026-01-22 07:00:00+00:00,34,1,42279835,422.5,422.75,422.25,422.5,408,ZC.v.0
2026-01-22 08:00:00+00:00,34,1,42279835,422.5,423.5,422.5,423.25,654,ZC.v.0
2026-01-22 09:00:00+00:00,34,1,42279835,423.25,423.5,423.0,423.5,527,ZC.v.0
2026-01-22 10:00:00+00:00,34,1,42279835,423.25,423.75,422.5,422.75,2145,ZC.v.0
2026-01-22 11:00:00+00:00,34,1,42279835,422.75,423.75,422.0,423.5,3862,ZC.v.0
2026-01-22 12:00:00+00:00,34,1,42279835,423.5,423.75,422.75,423.0,2133,ZC.v.0
2026-01-22 13:00:00+00:00,34,1,42279835,423.0,423.25,422.75,423.0,1145,ZC.v.0
2026-01-22 14:00:00+00:00,34,1,42279835,423.25,424.0,422.25,422.25,18809,ZC.v.0
2026-01-22 15:00:00+00:00,34,1,42279835,422.25,422.5,421.0,422.5,20447,ZC.v.0
2026-01-22 16:00:00+00:00,34,1,42279835,422.75,423.25,422.0,423.0,10454,ZC.v.0
2026-01-22 17:00:00+00:00,34,1,42279835,422.75,423.5,422.5,423.25,9053,ZC.v.0
2026-01-22 18:00:00+00:00,34,1,42279835,423.25,424.25,423.0,424.0,5792,ZC.v.0
2026-01-22 19:00:00+00:00,34,1,42279835,424.0,424.0,423.5,424.0,8020,ZC.v.0
2026-01-23 01:00:00+00:00,34,1,42279835,423.75,424.0,423.25,423.75,2644,ZC.v.0
2026-01-23 02:00:00+00:00,34,1,42279835,423.5,423.75,422.75,423.0,634,ZC.v.0
2026-01-23 03:00:00+00:00,34,1,42279835,422.75,423.25,422.5,422.75,701,ZC.v.0
2026-01-23 04:00:00+00:00,34,1,42279835,423.0,423.0,422.75,422.75,77,ZC.v.0
2026-01-23 05:00:00+00:00,34,1,42279835,423.0,423.0,422.75,423.0,227,ZC.v.0
2026-01-23 06:00:00+00:00,34,1,42279835,423.0,423.0,422.75,423.0,254,ZC.v.0
2026-01-23 07:00:00+00:00,34,1,42279835,423.0,423.25,422.75,423.0,646,ZC.v.0
2026-01-23 08:00:00+00:00,34,1,42279835,423.0,423.75,422.75,423.5,1233,ZC.v.0
2026-01-23 09:00:00+00:00,34,1,42279835,423.25,424.0,423.25,424.0,715,ZC.v.0
2026-01-23 10:00:00+00:00,34,1,42279835,423.75,424.25,423.5,423.75,1066,ZC.v.0
2026-01-23 11:00:00+00:00,34,1,42279835,423.5,424.0,423.25,424.0,1190,ZC.v.0
2026-01-23 12:00:00+00:00,34,1,42279835,423.75,424.5,423.75,424.0,1880,ZC.v.0
2026-01-23 13:00:00+00:00,34,1,42279835,424.25,426.75,423.75,426.5,8010,ZC.v.0
2026-01-23 14:00:00+00:00,34,1,42279835,426.25,427.25,425.5,427.25,18737,ZC.v.0
2026-01-23 15:00:00+00:00,34,1,42279835,427.0,429.25,427.0,429.25,27585,ZC.v.0
2026-01-23 16:00:00+00:00,34,1,42279835,429.0,430.5,428.75,429.25,31001,ZC.v.0
2026-01-23 17:00:00+00:00,34,1,42279835,429.5,431.25,429.0,430.75,32949,ZC.v.0
2026-01-23 18:00:00+00:00,34,1,42279835,430.75,430.75,429.5,430.0,14629,ZC.v.0
2026-01-23 19:00:00+00:00,34,1,42279835,430.0,431.0,430.0,430.75,15462,ZC.v.0
2026-01-26 01:00:00+00:00,34,1,42279835,430.0,431.25,430.0,431.0,5564,ZC.v.0
2026-01-26 02:00:00+00:00,34,1,42279835,430.75,431.25,430.75,431.0,321,ZC.v.0
2026-01-26 03:00:00+00:00,34,1,42279835,431.0,431.25,430.75,431.0,298,ZC.v.0
2026-01-26 04:00:00+00:00,34,1,42279835,430.75,431.0,430.5,431.0,240,ZC.v.0
2026-01-26 05:00:00+00:00,34,1,42279835,431.0,431.0,430.75,430.75,281,ZC.v.0
2026-01-26 06:00:00+00:00,34,1,42279835,431.0,431.5,430.75,431.0,510,ZC.v.0
2026-01-26 07:00:00+00:00,34,1,42279835,431.0,431.5,430.75,431.25,1017,ZC.v.0
2026-01-26 08:00:00+00:00,34,1,42279835,431.25,431.25,429.25,429.75,3598,ZC.v.0
2026-01-26 09:00:00+00:00,34,1,42279835,430.0,430.0,429.0,429.75,2144,ZC.v.0
2026-01-26 10:00:00+00:00,34,1,42279835,429.75,429.75,429.0,429.5,1135,ZC.v.0
2026-01-26 11:00:00+00:00,34,1,42279835,429.5,430.0,429.0,429.5,1212,ZC.v.0
2026-01-26 12:00:00+00:00,34,1,42279835,429.5,429.5,428.25,428.75,4970,ZC.v.0
2026-01-26 13:00:00+00:00,34,1,42279835,428.5,429.0,427.25,428.0,5326,ZC.v.0
2026-01-26 14:00:00+00:00,34,1,42279835,427.75,429.75,427.5,428.75,16100,ZC.v.0
2026-01-26 15:00:00+00:00,34,1,42279835,428.75,429.5,427.75,427.75,14581,ZC.v.0
2026-01-26 16:00:00+00:00,34,1,42279835,428.0,429.5,427.5,429.0,9807,ZC.v.0
2026-01-26 17:00:00+00:00,34,1,42279835,429.0,429.0,428.0,429.0,10300,ZC.v.0
2026-01-26 18:00:00+00:00,34,1,42279835,429.0,429.0,428.0,428.5,8176,ZC.v.0
2026-01-26 19:00:00+00:00,34,1,42279835,428.25,428.75,428.0,428.5,17262,ZC.v.0
2026-01-27 01:00:00+00:00,34,1,42279835,428.25,428.75,427.75,428.0,1923,ZC.v.0
2026-01-27 02:00:00+00:00,34,1,42279835,428.0,428.25,427.75,428.25,273,ZC.v.0
2026-01-27 03:00:00+00:00,34,1,42279835,428.25,428.5,428.0,428.25,147,ZC.v.0
2026-01-27 04:00:00+00:00,34,1,42279835,428.25,428.5,428.25,428.25,136,ZC.v.0
2026-01-27 05:00:00+00:00,34,1,42279835,428.5,428.75,428.5,428.75,76,ZC.v.0
2026-01-27 06:00:00+00:00,34,1,42279835,428.75,429.0,428.5,429.0,219,ZC.v.0
2026-01-27 07:00:00+00:00,34,1,42279835,428.75,429.0,428.25,428.5,871,ZC.v.0
2026-01-27 08:00:00+00:00,34,1,42279835,428.5,428.5,427.5,428.0,1044,ZC.v.0
2026-01-27 09:00:00+00:00,34,1,42279835,428.0,429.5,427.5,429.25,1058,ZC.v.0
2026-01-27 10:00:00+00:00,34,1,42279835,429.25,429.5,428.75,429.0,1001,ZC.v.0
2026-01-27 11:00:00+00:00,34,1,42279835,429.0,429.5,429.0,429.25,779,ZC.v.0
2026-01-27 12:00:00+00:00,34,1,42279835,429.0,429.25,428.25,428.75,1670,ZC.v.0
2026-01-27 13:00:00+00:00,34,1,42279835,428.5,429.75,428.5,429.75,2426,ZC.v.0
2026-01-27 14:00:00+00:00,34,1,42279835,429.5,429.75,427.0,427.5,14211,ZC.v.0
2026-01-27 15:00:00+00:00,34,1,42279835,427.75,428.0,426.5,427.5,13211,ZC.v.0
2026-01-27 16:00:00+00:00,34,1,42279835,427.5,428.5,426.75,427.5,16668,ZC.v.0
2026-01-27 17:00:00+00:00,34,1,42279835,427.75,427.75,426.75,427.0,8502,ZC.v.0
2026-01-27 18:00:00+00:00,34,1,42279835,427.25,427.25,426.25,426.25,8707,ZC.v.0
2026-01-27 19:00:00+00:00,34,1,42279835,426.25,426.75,426.0,426.5,10337,ZC.v.0
2026-01-28 01:00:00+00:00,34,1,42279835,427.0,428.0,426.75,427.25,2677,ZC.v.0
2026-01-28 02:00:00+00:00,34,1,42279835,427.25,428.0,427.0,427.75,540,ZC.v.0
2026-01-28 03:00:00+00:00,34,1,42279835,427.75,427.75,427.5,427.5,382,ZC.v.0
2026-01-28 04:00:00+00:00,34,1,42279835,427.75,428.0,427.5,428.0,364,ZC.v.0
2026-01-28 05:00:00+00:00,34,1,42279835,428.25,429.0,428.0,428.5,1356,ZC.v.0
2026-01-28 06:00:00+00:00,34,1,42279835,428.75,429.0,428.5,428.75,474,ZC.v.0
2026-01-28 07:00:00+00:00,34,1,42279835,428.75,429.0,428.5,428.75,793,ZC.v.0
2026-01-28 08:00:00+00:00,34,1,42279835,428.75,429.5,428.5,429.25,1925,ZC.v.0
2026-01-28 09:00:00+00:00,34,1,42279835,429.25,429.75,429.0,429.5,1788,ZC.v.0
2026-01-28 10:00:00+00:00,34,1,42279835,429.5,429.75,429.25,429.5,1023,ZC.v.0
2026-01-28 11:00:00+00:00,34,1,42279835,429.5,430.0,429.5,429.75,1435,ZC.v.0
2026-01-28 12:00:00+00:00,34,1,42279835,429.75,429.75,429.25,429.75,1677,ZC.v.0
2026-01-28 13:00:00+00:00,34,1,42279835,429.75,430.5,429.5,430.0,3689,ZC.v.0
2026-01-28 14:00:00+00:00,34,1,42279835,430.0,433.25,429.75,432.25,38946,ZC.v.0
2026-01-28 15:00:00+00:00,34,1,42279835,432.25,433.0,430.5,430.75,24571,ZC.v.0
2026-01-28 16:00:00+00:00,34,1,42279835,431.0,431.5,430.0,430.75,12109,ZC.v.0
2026-01-28 17:00:00+00:00,34,1,42279835,430.75,431.0,429.75,430.5,9828,ZC.v.0
2026-01-28 18:00:00+00:00,34,1,42279835,430.75,430.75,429.25,429.75,12758,ZC.v.0
2026-01-28 19:00:00+00:00,34,1,42279835,430.0,430.75,429.25,430.75,9914,ZC.v.0
2026-01-29 01:00:00+00:00,34,1,42279835,430.0,431.5,430.0,430.75,2794,ZC.v.0
2026-01-29 02:00:00+00:00,34,1,42279835,430.75,431.0,430.25,430.5,257,ZC.v.0
2026-01-29 03:00:00+00:00,34,1,42279835,430.75,431.25,430.5,431.0,324,ZC.v.0
2026-01-29 04:00:00+00:00,34,1,42279835,431.25,431.25,431.0,431.25,90,ZC.v.0
2026-01-29 05:00:00+00:00,34,1,42279835,431.0,431.25,431.0,431.25,276,ZC.v.0
2026-01-29 06:00:00+00:00,34,1,42279835,431.0,431.75,431.0,431.75,1442,ZC.v.0
2026-01-29 07:00:00+00:00,34,1,42279835,431.5,431.75,431.0,431.25,774,ZC.v.0
2026-01-29 08:00:00+00:00,34,1,42279835,431.25,431.75,431.0,431.5,1445,ZC.v.0
2026-01-29 09:00:00+00:00,34,1,42279835,431.5,432.25,431.25,432.25,1413,ZC.v.0
2026-01-29 10:00:00+00:00,34,1,42279835,432.0,433.0,432.0,432.5,2300,ZC.v.0
2026-01-29 11:00:00+00:00,34,1,42279835,432.5,432.75,431.75,432.25,1409,ZC.v.0
2026-01-29 12:00:00+00:00,34,1,42279835,432.25,432.75,432.0,432.5,841,ZC.v.0
2026-01-29 13:00:00+00:00,34,1,42279835,432.5,432.75,431.25,431.75,2406,ZC.v.0
2026-01-29 14:00:00+00:00,34,1,42279835,432.0,434.0,430.75,432.0,26246,ZC.v.0
2026-01-29 15:00:00+00:00,34,1,42279835,432.0,432.0,429.0,429.75,21660,ZC.v.0
2026-01-29 16:00:00+00:00,34,1,42279835,429.75,430.0,428.0,429.0,12479,ZC.v.0
2026-01-29 17:00:00+00:00,34,1,42279835,429.0,431.0,428.25,430.0,11855,ZC.v.0
2026-01-29 18:00:00+00:00,34,1,42279835,430.0,430.75,429.25,430.25,11517,ZC.v.0
2026-01-29 19:00:00+00:00,34,1,42279835,430.25,431.5,430.25,431.0,9155,ZC.v.0
2026-01-30 01:00:00+00:00,34,1,42279835,430.75,431.75,430.0,430.25,3221,ZC.v.0
2026-01-30 02:00:00+00:00,34,1,42279835,430.25,430.25,429.25,429.5,960,ZC.v.0
2026-01-30 03:00:00+00:00,34,1,42279835,429.5,430.0,429.5,429.75,381,ZC.v.0
2026-01-30 04:00:00+00:00,34,1,42279835,429.5,430.0,429.5,430.0,267,ZC.v.0
2026-01-30 05:00:00+00:00,34,1,42279835,430.0,430.75,430.0,430.75,138,ZC.v.0
2026-01-30 06:00:00+00:00,34,1,42279835,430.75,431.0,430.0,430.0,1587,ZC.v.0
2026-01-30 07:00:00+00:00,34,1,42279835,430.0,430.25,429.5,429.5,1755,ZC.v.0
2026-01-30 08:00:00+00:00,34,1,42279835,429.5,430.0,429.25,429.25,1521,ZC.v.0
2026-01-30 09:00:00+00:00,34,1,42279835,429.25,429.25,428.5,428.5,1557,ZC.v.0
2026-01-30 10:00:00+00:00,34,1,42279835,428.75,428.75,428.0,428.5,2329,ZC.v.0
2026-01-30 11:00:00+00:00,34,1,42279835,428.25,428.75,428.0,428.5,1752,ZC.v.0
2026-01-30 12:00:00+00:00,34,1,42279835,428.5,429.25,428.25,428.75,2827,ZC.v.0
2026-01-30 13:00:00+00:00,34,1,42279835,428.75,429.0,428.0,428.75,2557,ZC.v.0
2026-01-30 14:00:00+00:00,34,1,42279835,429.0,429.0,426.75,427.75,15694,ZC.v.0
2026-01-30 15:00:00+00:00,34,1,42279835,428.0,428.0,426.5,426.5,13705,ZC.v.0
2026-01-30 16:00:00+00:00,34,1,42279835,426.75,427.0,426.0,426.25,10710,ZC.v.0
2026-01-30 17:00:00+00:00,34,1,42279835,426.5,426.75,425.5,425.5,16270,ZC.v.0
2026-01-30 18:00:00+00:00,34,1,42279835,425.75,427.25,425.25,427.0,15748,ZC.v.0
2026-01-30 19:00:00+00:00,34,1,42279835,426.75,428.75,426.75,428.25,17387,ZC.v.0
2026-02-02 01:00:00+00:00,34,1,42279835,428.25,428.25,425.5,426.0,6178,ZC.v.0
2026-02-02 02:00:00+00:00,34,1,42279835,426.0,426.0,425.5,425.5,290,ZC.v.0
2026-02-02 03:00:00+00:00,34,1,42279835,425.5,425.75,424.75,425.0,2515,ZC.v.0
2026-02-02 04:00:00+00:00,34,1,42279835,425.0,425.25,424.75,425.0,423,ZC.v.0
2026-02-02 05:00:00+00:00,34,1,42279835,425.0,425.0,424.5,424.75,467,ZC.v.0
2026-02-02 06:00:00+00:00,34,1,42279835,424.75,425.25,424.75,425.0,835,ZC.v.0
2026-02-02 07:00:00+00:00,34,1,42279835,425.0,425.75,424.75,425.25,1059,ZC.v.0
2026-02-02 08:00:00+00:00,34,1,42279835,425.5,425.5,424.75,424.75,2071,ZC.v.0
2026-02-02 09:00:00+00:00,34,1,42279835,425.0,425.75,424.5,425.5,1727,ZC.v.0
2026-02-02 10:00:00+00:00,34,1,42279835,425.5,426.75,425.25,426.5,3314,ZC.v.0
2026-02-02 11:00:00+00:00,34,1,42279835,426.75,427.0,426.25,426.5,2454,ZC.v.0
2026-02-02 12:00:00+00:00,34,1,42279835,426.75,427.0,425.75,426.0,1576,ZC.v.0
2026-02-02 13:00:00+00:00,34,1,42279835,426.0,427.25,425.75,426.75,1348,ZC.v.0
2026-02-02 14:00:00+00:00,34,1,42279835,426.5,426.75,425.5,426.0,13497,ZC.v.0
2026-02-02 15:00:00+00:00,34,1,42279835,426.0,426.0,424.25,424.75,12162,ZC.v.0
2026-02-02 16:00:00+00:00,34,1,42279835,424.5,425.0,424.0,424.5,10573,ZC.v.0
2026-02-02 17:00:00+00:00,34,1,42279835,424.75,425.25,424.5,424.75,7446,ZC.v.0
2026-02-02 18:00:00+00:00,34,1,42279835,425.0,425.5,424.25,424.75,10446,ZC.v.0
2026-02-02 19:00:00+00:00,34,1,42279835,424.75,426.25,424.75,425.5,16831,ZC.v.0
2026-02-03 01:00:00+00:00,34,1,42279835,425.75,427.5,425.5,427.25,3637,ZC.v.0
2026-02-03 02:00:00+00:00,34,1,42279835,427.0,427.25,426.25,426.75,600,ZC.v.0
2026-02-03 03:00:00+00:00,34,1,42279835,426.75,427.25,426.5,427.25,246,ZC.v.0
2026-02-03 04:00:00+00:00,34,1,42279835,427.25,427.5,427.0,427.0,393,ZC.v.0
2026-02-03 05:00:00+00:00,34,1,42279835,427.25,427.25,427.0,427.25,236,ZC.v.0
2026-02-03 06:00:00+00:00,34,1,42279835,427.25,427.5,427.0,427.25,404,ZC.v.0
2026-02-03 07:00:00+00:00,34,1,42279835,427.25,427.25,426.75,426.75,640,ZC.v.0
2026-02-03 08:00:00+00:00,34,1,42279835,427.0,427.5,426.75,427.25,1709,ZC.v.0
2026-02-03 09:00:00+00:00,34,1,42279835,427.0,427.5,426.5,427.25,1768,ZC.v.0
2026-02-03 10:00:00+00:00,34,1,42279835,427.25,427.5,426.25,426.5,1344,ZC.v.0
2026-02-03 11:00:00+00:00,34,1,42279835,426.25,427.0,426.25,426.75,504,ZC.v.0
2026-02-03 12:00:00+00:00,34,1,42279835,426.75,427.5,426.5,427.5,1492,ZC.v.0
2026-02-03 13:00:00+00:00,34,1,42279835,427.5,428.0,427.0,427.5,2233,ZC.v.0
2026-02-03 14:00:00+00:00,34,1,42279835,427.0,427.5,425.75,426.75,14362,ZC.v.0
2026-02-03 15:00:00+00:00,34,1,42279835,426.5,429.0,426.5,428.0,17612,ZC.v.0
2026-02-03 16:00:00+00:00,34,1,42279835,428.25,428.75,427.5,428.25,12803,ZC.v.0
2026-02-03 17:00:00+00:00,34,1,42279835,428.0,429.25,427.25,428.75,14616,ZC.v.0
2026-02-03 18:00:00+00:00,34,1,42279835,428.75,429.0,427.25,427.75,9033,ZC.v.0
2026-02-03 19:00:00+00:00,34,1,42279835,427.5,429.0,427.25,428.75,12364,ZC.v.0
2026-02-04 01:00:00+00:00,34,1,42279835,428.5,429.25,428.25,429.0,2885,ZC.v.0
2026-02-04 02:00:00+00:00,34,1,42279835,429.0,429.0,428.5,428.5,337,ZC.v.0
2026-02-04 03:00:00+00:00,34,1,42279835,428.75,428.75,428.25,428.5,465,ZC.v.0
2026-02-04 04:00:00+00:00,34,1,42279835,428.5,428.75,428.5,428.75,183,ZC.v.0
2026-02-04 05:00:00+00:00,34,1,42279835,428.75,428.75,428.5,428.75,99,ZC.v.0
2026-02-04 06:00:00+00:00,34,1,42279835,428.5,428.75,428.25,428.5,611,ZC.v.0
2026-02-04 07:00:00+00:00,34,1,42279835,428.5,428.75,428.0,428.0,1044,ZC.v.0
2026-02-04 08:00:00+00:00,34,1,42279835,428.0,428.0,427.0,427.0,1727,ZC.v.0
2026-02-04 09:00:00+00:00,34,1,42279835,427.0,427.25,426.5,426.75,725,ZC.v.0
2026-02-04 10:00:00+00:00,34,1,42279835,426.75,427.25,426.75,427.0,718,ZC.v.0
2026-02-04 11:00:00+00:00,34,1,42279835,427.0,427.0,426.5,427.0,1098,ZC.v.0
2026-02-04 12:00:00+00:00,34,1,42279835,427.0,427.0,426.0,426.25,1945,ZC.v.0
2026-02-04 13:00:00+00:00,34,1,42279835,426.5,426.75,426.25,426.75,1432,ZC.v.0
2026-02-04 14:00:00+00:00,34,1,42279835,426.75,428.5,426.25,426.75,12406,ZC.v.0
2026-02-04 15:00:00+00:00,34,1,42279835,426.5,432.75,425.25,431.25,58756,ZC.v.0
2026-02-04 16:00:00+00:00,34,1,42279835,431.5,432.75,426.75,428.75,38665,ZC.v.0
2026-02-04 17:00:00+00:00,34,1,42279835,428.75,431.25,428.25,428.75,14759,ZC.v.0
2026-02-04 18:00:00+00:00,34,1,42279835,429.0,429.75,428.0,428.75,14211,ZC.v.0
2026-02-04 19:00:00+00:00,34,1,42279835,428.5,429.75,428.5,429.0,9783,ZC.v.0
2026-02-05 01:00:00+00:00,34,1,42279835,429.0,429.0,427.5,427.5,3267,ZC.v.0
2026-02-05 02:00:00+00:00,34,1,42279835,427.5,427.5,427.0,427.0,887,ZC.v.0
2026-02-05 03:00:00+00:00,34,1,42279835,427.0,428.5,427.0,428.25,602,ZC.v.0
2026-02-05 04:00:00+00:00,34,1,42279835,428.0,428.5,428.0,428.0,399,ZC.v.0
2026-02-05 05:00:00+00:00,34,1,42279835,428.0,428.5,428.0,428.5,268,ZC.v.0
2026-02-05 06:00:00+00:00,34,1,42279835,428.5,428.5,428.0,428.5,429,ZC.v.0
2026-02-05 07:00:00+00:00,34,1,42279835,428.5,429.25,428.25,429.0,1314,ZC.v.0
2026-02-05 08:00:00+00:00,34,1,42279835,429.0,429.75,428.75,429.75,2234,ZC.v.0
2026-02-05 09:00:00+00:00,34,1,42279835,429.75,430.75,429.5,430.25,1197,ZC.v.0
2026-02-05 10:00:00+00:00,34,1,42279835,430.25,431.0,430.25,430.75,1471,ZC.v.0
2026-02-05 11:00:00+00:00,34,1,42279835,430.75,430.75,430.0,430.25,890,ZC.v.0
2026-02-05 12:00:00+00:00,34,1,42279835,430.25,430.75,429.25,429.5,1780,ZC.v.0
2026-02-05 13:00:00+00:00,34,1,42279835,429.25,429.5,428.25,428.75,3202,ZC.v.0
2026-02-05 14:00:00+00:00,34,1,42279835,428.25,431.5,428.0,431.25,16823,ZC.v.0
2026-02-05 15:00:00+00:00,34,1,42279835,431.25,432.75,431.0,432.5,16383,ZC.v.0
2026-02-05 16:00:00+00:00,34,1,42279835,432.5,435.25,432.5,433.75,41044,ZC.v.0
2026-02-05 17:00:00+00:00,34,1,42279835,433.5,435.5,433.5,435.25,20847,ZC.v.0
2026-02-05 18:00:00+00:00,34,1,42279835,435.0,435.75,434.0,434.5,17923,ZC.v.0
2026-02-05 19:00:00+00:00,34,1,42279835,434.5,435.5,434.25,435.25,15701,ZC.v.0
2026-02-06 01:00:00+00:00,34,1,42279835,434.5,435.0,433.5,434.5,5473,ZC.v.0
2026-02-06 02:00:00+00:00,34,1,42279835,434.25,434.5,434.0,434.25,317,ZC.v.0
2026-02-06 03:00:00+00:00,34,1,42279835,434.5,434.5,434.25,434.25,267,ZC.v.0
2026-02-06 04:00:00+00:00,34,1,42279835,434.5,434.5,434.0,434.25,179,ZC.v.0
2026-02-06 05:00:00+00:00,34,1,42279835,434.25,434.25,434.0,434.25,146,ZC.v.0
2026-02-06 06:00:00+00:00,34,1,42279835,434.25,434.25,433.5,433.75,135,ZC.v.0
2026-02-06 07:00:00+00:00,34,1,42279835,433.75,434.0,433.0,433.25,3469,ZC.v.0
2026-02-06 08:00:00+00:00,34,1,42279835,433.25,433.25,432.75,432.75,1611,ZC.v.0
2026-02-06 09:00:00+00:00,34,1,42279835,432.75,433.0,432.25,432.5,2479,ZC.v.0
2026-02-06 10:00:00+00:00,34,1,42279835,432.25,433.25,432.25,433.0,1632,ZC.v.0
2026-02-06 11:00:00+00:00,34,1,42279835,433.0,434.0,433.0,433.5,1792,ZC.v.0
2026-02-06 12:00:00+00:00,34,1,42279835,433.5,434.75,433.5,434.0,1878,ZC.v.0
2026-02-06 13:00:00+00:00,34,1,42279835,434.25,434.5,432.25,432.75,4341,ZC.v.0
2026-02-06 14:00:00+00:00,34,1,42279835,432.5,435.5,432.5,433.5,21797,ZC.v.0
2026-02-06 15:00:00+00:00,34,1,42279835,433.5,436.0,433.25,434.5,18190,ZC.v.0
2026-02-06 16:00:00+00:00,34,1,42279835,434.25,435.0,431.25,432.0,16775,ZC.v.0
2026-02-06 17:00:00+00:00,34,1,42279835,431.75,432.0,430.5,430.5,16758,ZC.v.0
2026-02-06 18:00:00+00:00,34,1,42279835,430.75,430.75,428.75,429.75,22606,ZC.v.0
2026-02-06 19:00:00+00:00,34,1,42279835,429.75,431.0,429.25,430.75,15241,ZC.v.0
2026-02-09 01:00:00+00:00,34,1,42279835,428.75,430.0,428.75,429.25,3426,ZC.v.0
2026-02-09 02:00:00+00:00,34,1,42279835,429.5,429.5,429.25,429.5,926,ZC.v.0
2026-02-09 03:00:00+00:00,34,1,42279835,429.25,429.5,429.25,429.25,621,ZC.v.0
2026-02-09 04:00:00+00:00,34,1,42279835,429.25,429.75,429.0,429.0,149,ZC.v.0
2026-02-09 05:00:00+00:00,34,1,42279835,429.25,429.5,429.0,429.25,255,ZC.v.0
2026-02-09 06:00:00+00:00,34,1,42279835,429.25,429.5,429.0,429.5,899,ZC.v.0
2026-02-09 07:00:00+00:00,34,1,42279835,429.25,429.75,429.25,429.25,870,ZC.v.0
2026-02-09 08:00:00+00:00,34,1,42279835,429.25,430.0,428.75,429.75,2040,ZC.v.0
2026-02-09 09:00:00+00:00,34,1,42279835,429.75,429.75,428.25,428.25,1887,ZC.v.0
2026-02-09 10:00:00+00:00,34,1,42279835,428.25,429.0,428.0,428.5,1472,ZC.v.0
2026-02-09 11:00:00+00:00,34,1,42279835,428.5,428.75,428.25,428.5,790,ZC.v.0
2026-02-09 12:00:00+00:00,34,1,42279835,428.5,429.5,428.5,429.25,1784,ZC.v.0
2026-02-09 13:00:00+00:00,34,1,42279835,429.0,429.5,428.75,429.0,2631,ZC.v.0
2026-02-09 14:00:00+00:00,34,1,42279835,429.0,429.5,428.0,428.25,13914,ZC.v.0
2026-02-09 15:00:00+00:00,34,1,42279835,428.5,429.0,427.25,428.25,15527,ZC.v.0
2026-02-09 16:00:00+00:00,34,1,42279835,428.25,429.0,427.75,428.0,11548,ZC.v.0
2026-02-09 17:00:00+00:00,34,1,42279835,428.0,428.5,427.25,427.25,10136,ZC.v.0
2026-02-09 18:00:00+00:00,34,1,42279835,427.5,429.25,427.25,429.0,14031,ZC.v.0
2026-02-09 19:00:00+00:00,34,1,42279835,428.75,429.25,428.5,428.5,11308,ZC.v.0
2026-02-10 01:00:00+00:00,34,1,42279835,428.0,428.75,428.0,428.75,1933,ZC.v.0
2026-02-10 02:00:00+00:00,34,1,42279835,428.75,429.0,428.75,428.75,238,ZC.v.0
2026-02-10 03:00:00+00:00,34,1,42279835,428.75,428.75,428.5,428.75,169,ZC.v.0
2026-02-10 04:00:00+00:00,34,1,42279835,428.75,428.75,428.5,428.75,26,ZC.v.0
2026-02-10 05:00:00+00:00,34,1,42279835,428.75,429.0,428.75,428.75,94,ZC.v.0
2026-02-10 06:00:00+00:00,34,1,42279835,428.75,428.75,428.5,428.75,182,ZC.v.0
2026-02-10 07:00:00+00:00,34,1,42279835,428.5,428.75,428.5,428.5,347,ZC.v.0
2026-02-10 08:00:00+00:00,34,1,42279835,428.75,429.25,428.5,429.25,636,ZC.v.0
2026-02-10 09:00:00+00:00,34,1,42279835,429.25,429.25,428.0,428.25,820,ZC.v.0
2026-02-10 10:00:00+00:00,34,1,42279835,428.0,429.0,427.75,429.0,876,ZC.v.0
2026-02-10 11:00:00+00:00,34,1,42279835,429.0,429.75,428.75,429.5,1339,ZC.v.0
2026-02-10 12:00:00+00:00,34,1,42279835,429.5,430.0,429.0,429.75,2822,ZC.v.0
2026-02-10 13:00:00+00:00,34,1,42279835,430.0,431.0,429.75,430.25,3684,ZC.v.0
2026-02-10 14:00:00+00:00,34,1,42279835,430.0,431.0,429.25,430.0,12714,ZC.v.0
2026-02-10 15:00:00+00:00,34,1,42279835,430.0,430.5,428.75,429.75,11624,ZC.v.0
2026-02-10 16:00:00+00:00,34,1,42279835,429.5,430.25,428.25,429.0,12657,ZC.v.0
2026-02-10 17:00:00+00:00,34,1,42279835,429.0,431.0,428.5,429.0,22880,ZC.v.0
2026-02-10 18:00:00+00:00,34,1,42279835,429.0,429.75,428.0,428.5,10747,ZC.v.0
2026-02-10 19:00:00+00:00,34,1,42279835,428.5,429.0,428.0,428.75,12649,ZC.v.0
2026-02-11 01:00:00+00:00,34,1,42279835,428.75,429.5,428.5,428.75,1898,ZC.v.0
2026-02-11 02:00:00+00:00,34,1,42279835,428.75,429.25,428.75,429.0,691,ZC.v.0
2026-02-11 03:00:00+00:00,34,1,42279835,429.0,429.25,428.5,429.0,143,ZC.v.0
2026-02-11 04:00:00+00:00,34,1,42279835,429.0,429.25,429.0,429.0,390,ZC.v.0
2026-02-11 05:00:00+00:00,34,1,42279835,429.0,429.0,428.75,428.75,53,ZC.v.0
2026-02-11 06:00:00+00:00,34,1,42279835,429.0,429.25,428.75,428.75,103,ZC.v.0
2026-02-11 07:00:00+00:00,34,1,42279835,428.75,429.0,428.5,428.75,385,ZC.v.0
2026-02-11 08:00:00+00:00,34,1,42279835,428.75,429.25,428.5,428.75,756,ZC.v.0
2026-02-11 09:00:00+00:00,34,1,42279835,429.0,429.0,428.25,428.75,771,ZC.v.0
2026-02-11 10:00:00+00:00,34,1,42279835,428.75,429.25,428.5,429.0,1011,ZC.v.0
2026-02-11 11:00:00+00:00,34,1,42279835,428.75,429.25,428.5,428.75,847,ZC.v.0
2026-02-11 12:00:00+00:00,34,1,42279835,428.5,428.75,427.5,427.75,2594,ZC.v.0
2026-02-11 13:00:00+00:00,34,1,42279835,427.5,428.0,427.0,427.25,2543,ZC.v.0
2026-02-11 14:00:00+00:00,34,1,42279835,428.0,428.25,427.0,427.5,10988,ZC.v.0
2026-02-11 15:00:00+00:00,34,1,42279835,427.5,427.5,425.75,426.75,19718,ZC.v.0
2026-02-11 16:00:00+00:00,34,1,42279835,427.0,427.0,425.75,425.75,6420,ZC.v.0
2026-02-11 17:00:00+00:00,34,1,42279835,425.75,426.5,425.25,426.25,13997,ZC.v.0
2026-02-11 18:00:00+00:00,34,1,42279835,426.25,429.25,426.25,427.75,18767,ZC.v.0
2026-02-11 19:00:00+00:00,34,1,42279835,428.0,428.0,427.5,427.75,10197,ZC.v.0
2026-02-12 01:00:00+00:00,34,1,42279835,428.0,429.0,427.5,427.75,5838,ZC.v.0
2026-02-12 02:00:00+00:00,34,1,42279835,427.75,427.75,427.5,427.5,476,ZC.v.0
2026-02-12 03:00:00+00:00,34,1,42279835,427.5,427.75,427.25,427.5,847,ZC.v.0
2026-02-12 04:00:00+00:00,34,1,42279835,427.25,427.75,427.25,427.75,293,ZC.v.0
2026-02-12 05:00:00+00:00,34,1,42279835,427.75,428.0,427.5,428.0,267,ZC.v.0
2026-02-12 06:00:00+00:00,34,1,42279835,427.75,428.0,427.25,427.5,552,ZC.v.0
2026-02-12 07:00:00+00:00,34,1,42279835,427.25,427.75,427.0,427.25,708,ZC.v.0
2026-02-12 08:00:00+00:00,34,1,42279835,427.25,427.75,427.0,427.75,1104,ZC.v.0
2026-02-12 09:00:00+00:00,34,1,42279835,428.0,428.75,427.75,427.75,1405,ZC.v.0
2026-02-12 10:00:00+00:00,34,1,42279835,427.75,428.25,427.75,428.25,554,ZC.v.0
2026-02-12 11:00:00+00:00,34,1,42279835,428.0,429.0,428.0,428.75,928,ZC.v.0
2026-02-12 12:00:00+00:00,34,1,42279835,428.75,429.25,428.0,428.0,2456,ZC.v.0
2026-02-12 13:00:00+00:00,34,1,42279835,428.0,429.25,427.75,429.0,3165,ZC.v.0
2026-02-12 14:00:00+00:00,34,1,42279835,429.0,431.0,428.75,430.0,18127,ZC.v.0
2026-02-12 15:00:00+00:00,34,1,42279835,429.75,430.0,428.0,429.0,18145,ZC.v.0
2026-02-12 16:00:00+00:00,34,1,42279835,428.75,430.75,428.75,429.25,13033,ZC.v.0
2026-02-12 17:00:00+00:00,34,1,42279835,429.5,431.0,429.0,430.25,16346,ZC.v.0
2026-02-12 18:00:00+00:00,34,1,42279835,430.25,431.5,429.5,431.0,15835,ZC.v.0
2026-02-12 19:00:00+00:00,34,1,42279835,431.0,431.5,430.75,431.25,10488,ZC.v.0
2026-02-13 01:00:00+00:00,34,1,42279835,431.0,431.5,430.5,431.0,3488,ZC.v.0
2026-02-13 02:00:00+00:00,34,1,42279835,431.0,431.75,431.0,431.25,1027,ZC.v.0
2026-02-13 03:00:00+00:00,34,1,42279835,431.25,431.5,430.5,430.5,886,ZC.v.0
2026-02-13 04:00:00+00:00,34,1,42279835,430.5,431.0,430.5,430.75,184,ZC.v.0
2026-02-13 05:00:00+00:00,34,1,42279835,431.0,431.5,430.75,431.25,308,ZC.v.0
2026-02-13 06:00:00+00:00,34,1,42279835,431.25,431.25,430.0,430.25,1219,ZC.v.0
2026-02-13 07:00:00+00:00,34,1,42279835,430.25,430.25,429.5,430.25,1551,ZC.v.0
2026-02-13 08:00:00+00:00,34,1,42279835,430.25,431.0,430.25,431.0,990,ZC.v.0
2026-02-13 09:00:00+00:00,34,1,42279835,430.75,431.25,430.5,430.75,1282,ZC.v.0
2026-02-13 10:00:00+00:00,34,1,42279835,430.75,431.0,430.25,430.5,675,ZC.v.0
2026-02-13 11:00:00+00:00,34,1,42279835,430.25,430.75,430.0,430.5,1446,ZC.v.0
2026-02-13 12:00:00+00:00,34,1,42279835,430.5,431.25,430.5,430.75,1768,ZC.v.0
2026-02-13 13:00:00+00:00,34,1,42279835,431.0,431.0,429.5,430.25,2214,ZC.v.0
2026-02-13 14:00:00+00:00,34,1,42279835,430.0,431.5,429.75,431.5,10406,ZC.v.0
2026-02-13 15:00:00+00:00,34,1,42279835,431.5,432.25,429.75,431.5,20296,ZC.v.0
2026-02-13 16:00:00+00:00,34,1,42279835,431.25,432.0,430.5,432.0,9829,ZC.v.0
2026-02-13 17:00:00+00:00,34,1,42279835,432.0,432.5,431.25,432.0,9180,ZC.v.0
2026-02-13 18:00:00+00:00,34,1,42279835,431.75,432.75,431.75,432.25,10111,ZC.v.0
2026-02-13 19:00:00+00:00,34,1,42279835,432.25,432.25,431.25,431.75,8409,ZC.v.0
2026-02-17 01:00:00+00:00,34,1,42279835,431.0,431.25,428.75,429.25,5020,ZC.v.0
2026-02-17 02:00:00+00:00,34,1,42279835,429.5,429.5,429.0,429.25,604,ZC.v.0
2026-02-17 03:00:00+00:00,34,1,42279835,429.0,429.25,428.75,429.0,541,ZC.v.0
2026-02-17 04:00:00+00:00,34,1,42279835,429.0,429.0,428.5,428.75,151,ZC.v.0
2026-02-17 05:00:00+00:00,34,1,42279835,428.5,428.75,428.5,428.75,512,ZC.v.0
2026-02-17 06:00:00+00:00,34,1,42279835,428.75,429.0,428.75,428.75,184,ZC.v.0
2026-02-17 07:00:00+00:00,34,1,42279835,428.75,429.0,428.5,428.75,338,ZC.v.0
2026-02-17 08:00:00+00:00,34,1,42279835,428.75,429.5,428.75,429.0,1560,ZC.v.0
2026-02-17 09:00:00+00:00,34,1,42279835,429.0,429.75,428.75,429.5,1119,ZC.v.0
2026-02-17 10:00:00+00:00,34,1,42279835,429.75,429.75,429.25,429.5,1054,ZC.v.0
2026-02-17 11:00:00+00:00,34,1,42279835,429.5,429.75,429.0,429.0,622,ZC.v.0
2026-02-17 12:00:00+00:00,34,1,42279835,429.0,429.5,428.75,429.25,1157,ZC.v.0
2026-02-17 13:00:00+00:00,34,1,42279835,429.25,429.5,428.5,428.75,1656,ZC.v.0
2026-02-17 14:00:00+00:00,34,1,42279835,428.5,429.5,426.75,428.0,23096,ZC.v.0
2026-02-17 15:00:00+00:00,34,1,42279835,428.25,428.75,427.0,428.25,13572,ZC.v.0
2026-02-17 16:00:00+00:00,34,1,42279835,428.25,428.5,427.25,427.5,7576,ZC.v.0
2026-02-17 17:00:00+00:00,34,1,42279835,427.5,428.0,426.5,426.75,7202,ZC.v.0
2026-02-17 18:00:00+00:00,34,1,42279835,426.75,427.5,426.0,426.5,13332,ZC.v.0
2026-02-17 19:00:00+00:00,34,1,42279835,426.75,427.0,426.0,426.5,13374,ZC.v.0
2026-02-18 01:00:00+00:00,34,1,42279835,426.25,427.75,426.25,427.25,3226,ZC.v.0
2026-02-18 02:00:00+00:00,34,1,42279835,427.5,427.75,427.5,427.5,302,ZC.v.0
2026-02-18 03:00:00+00:00,34,1,42279835,427.5,427.5,427.25,427.25,165,ZC.v.0
2026-02-18 04:00:00+00:00,34,1,42279835,427.25,427.5,427.25,427.5,33,ZC.v.0
2026-02-18 05:00:00+00:00,34,1,42279835,427.5,427.5,427.25,427.25,21,ZC.v.0
2026-02-18 06:00:00+00:00,34,1,42279835,427.25,427.75,427.25,427.5,104,ZC.v.0
2026-02-18 07:00:00+00:00,34,1,42279835,427.75,428.0,427.5,427.5,969,ZC.v.0
2026-02-18 08:00:00+00:00,34,1,42279835,427.5,428.25,427.5,427.75,1775,ZC.v.0
2026-02-18 09:00:00+00:00,34,1,42279835,428.0,428.25,427.75,428.25,1049,ZC.v.0
2026-02-18 10:00:00+00:00,34,1,42279835,428.0,428.25,427.75,428.25,661,ZC.v.0
2026-02-18 11:00:00+00:00,34,1,42279835,428.0,428.5,428.0,428.0,1030,ZC.v.0
2026-02-18 12:00:00+00:00,34,1,42279835,428.0,428.0,427.25,427.75,953,ZC.v.0
2026-02-18 13:00:00+00:00,34,1,42279835,428.0,428.25,427.25,427.5,969,ZC.v.0
2026-02-18 14:00:00+00:00,34,1,42279835,427.5,428.0,426.5,427.0,10557,ZC.v.0
2026-02-18 15:00:00+00:00,34,1,42279835,427.0,427.25,425.25,426.0,16921,ZC.v.0
2026-02-18 16:00:00+00:00,34,1,42279835,425.75,427.5,425.5,426.5,12878,ZC.v.0
2026-02-18 17:00:00+00:00,34,1,42279835,426.5,427.0,425.5,426.0,9637,ZC.v.0
2026-02-18 18:00:00+00:00,34,1,42279835,426.25,426.75,425.75,426.0,6042,ZC.v.0
2026-02-18 19:00:00+00:00,34,1,42279835,426.25,427.0,426.0,426.5,6292,ZC.v.0
2026-02-19 01:00:00+00:00,34,1,42279835,426.75,427.25,426.0,427.0,2686,ZC.v.0
2026-02-19 02:00:00+00:00,34,1,42279835,427.0,427.25,427.0,427.25,493,ZC.v.0
2026-02-19 03:00:00+00:00,34,1,42279835,427.25,427.5,427.25,427.25,878,ZC.v.0
2026-02-19 04:00:00+00:00,34,1,42279835,427.5,427.5,427.25,427.25,46,ZC.v.0
2026-02-19 05:00:00+00:00,34,1,42279835,427.25,427.5,427.25,427.5,9,ZC.v.0
2026-02-19 06:00:00+00:00,34,1,42279835,427.5,427.5,427.25,427.5,34,ZC.v.0
2026-02-19 07:00:00+00:00,34,1,42279835,427.5,427.5,427.25,427.5,239,ZC.v.0
2026-02-19 08:00:00+00:00,34,1,42279835,427.5,427.5,427.0,427.5,787,ZC.v.0
2026-02-19 09:00:00+00:00,34,1,42279835,427.25,427.5,426.75,427.0,1125,ZC.v.0
2026-02-19 10:00:00+00:00,34,1,42279835,427.0,427.5,426.75,427.25,286,ZC.v.0
2026-02-19 11:00:00+00:00,34,1,42279835,427.25,427.5,426.75,427.0,477,ZC.v.0
2026-02-19 12:00:00+00:00,34,1,42279835,427.0,427.75,426.25,426.5,1638,ZC.v.0
2026-02-19 13:00:00+00:00,34,1,42279835,426.5,427.0,426.25,426.5,850,ZC.v.0
2026-02-19 14:00:00+00:00,34,1,42279835,426.5,427.0,424.5,424.75,16297,ZC.v.0
2026-02-19 15:00:00+00:00,34,1,42279835,424.75,425.5,424.0,424.25,14445,ZC.v.0
2026-02-19 16:00:00+00:00,34,1,42279835,424.25,425.0,424.0,424.25,10296,ZC.v.0
2026-02-19 17:00:00+00:00,34,1,42279835,424.25,425.5,424.0,425.25,7162,ZC.v.0
2026-02-19 18:00:00+00:00,34,1,42279835,425.25,426.25,425.25,425.5,9095,ZC.v.0
2026-02-19 19:00:00+00:00,34,1,42279835,425.5,426.25,425.5,426.25,9334,ZC.v.0
2026-02-20 01:00:00+00:00,34,1,42279835,425.75,426.5,425.5,426.25,2815,ZC.v.0
2026-02-20 02:00:00+00:00,34,1,42279835,426.25,426.25,426.0,426.25,243,ZC.v.0
2026-02-20 03:00:00+00:00,34,1,42279835,426.25,426.5,426.0,426.5,182,ZC.v.0
2026-02-20 04:00:00+00:00,34,1,42279835,426.5,426.75,426.0,426.75,1003,ZC.v.0
2026-02-20 05:00:00+00:00,34,1,42279835,426.75,427.0,426.5,427.0,315,ZC.v.0
2026-02-20 06:00:00+00:00,34,1,42279835,427.0,427.0,426.5,426.5,194,ZC.v.0
2026-02-20 07:00:00+00:00,34,1,42279835,426.5,426.5,426.0,426.25,627,ZC.v.0
2026-02-20 08:00:00+00:00,34,1,42279835,426.25,427.25,426.25,426.5,2125,ZC.v.0
2026-02-20 09:00:00+00:00,34,1,42279835,426.75,427.25,426.5,427.0,528,ZC.v.0
2026-02-20 10:00:00+00:00,34,1,42279835,427.0,427.75,426.75,427.5,1220,ZC.v.0
2026-02-20 11:00:00+00:00,34,1,42279835,427.5,427.75,427.0,427.0,298,ZC.v.0
2026-02-20 12:00:00+00:00,34,1,42279835,427.25,427.5,427.0,427.0,1623,ZC.v.0
2026-02-20 13:00:00+00:00,34,1,42279835,427.25,427.75,426.5,427.5,1491,ZC.v.0
2026-02-20 14:00:00+00:00,34,1,42279835,427.5,428.75,427.0,428.25,9837,ZC.v.0
2026-02-20 15:00:00+00:00,34,1,42279835,428.25,428.75,424.0,425.75,22534,ZC.v.0
2026-02-20 16:00:00+00:00,34,1,42279835,425.75,427.5,425.75,427.25,11779,ZC.v.0
2026-02-20 17:00:00+00:00,34,1,42279835,427.25,428.0,427.0,427.25,8822,ZC.v.0
2026-02-20 18:00:00+00:00,34,1,42279835,427.25,427.75,426.5,427.0,8019,ZC.v.0
2026-02-20 19:00:00+00:00,34,1,42279835,427.0,428.25,426.75,428.0,20140,ZC.v.0
2026-02-23 01:00:00+00:00,34,1,42273528,439.0,439.5,437.75,438.5,3653,ZC.v.0
2026-02-23 02:00:00+00:00,34,1,42273528,438.5,438.5,438.25,438.5,265,ZC.v.0
2026-02-23 03:00:00+00:00,34,1,42273528,438.5,438.5,438.0,438.5,138,ZC.v.0
2026-02-23 04:00:00+00:00,34,1,42273528,438.5,438.75,438.25,438.75,147,ZC.v.0
2026-02-23 05:00:00+00:00,34,1,42273528,438.5,438.75,438.25,438.5,118,ZC.v.0
2026-02-23 06:00:00+00:00,34,1,42273528,438.5,438.75,438.25,438.5,223,ZC.v.0
2026-02-23 07:00:00+00:00,34,1,42273528,438.5,439.0,438.5,439.0,931,ZC.v.0
2026-02-23 08:00:00+00:00,34,1,42273528,439.0,439.0,438.25,438.75,1360,ZC.v.0
2026-02-23 09:00:00+00:00,34,1,42273528,438.75,439.0,438.25,438.75,785,ZC.v.0
2026-02-23 10:00:00+00:00,34,1,42273528,438.75,439.0,438.25,438.5,1269,ZC.v.0
2026-02-23 11:00:00+00:00,34,1,42273528,438.5,439.0,438.25,438.75,596,ZC.v.0
2026-02-23 12:00:00+00:00,34,1,42273528,438.75,438.75,438.0,438.25,1812,ZC.v.0
2026-02-23 13:00:00+00:00,34,1,42273528,438.25,439.5,437.75,439.0,1909,ZC.v.0
2026-02-23 14:00:00+00:00,34,1,42273528,439.0,441.75,438.5,441.25,15046,ZC.v.0
2026-02-23 15:00:00+00:00,34,1,42273528,441.5,444.0,441.5,444.0,26810,ZC.v.0
2026-02-23 16:00:00+00:00,34,1,42273528,443.75,445.0,443.5,444.5,23647,ZC.v.0
2026-02-23 17:00:00+00:00,34,1,42273528,444.25,444.75,441.25,441.75,20399,ZC.v.0
2026-02-23 18:00:00+00:00,34,1,42273528,441.75,441.75,440.25,440.25,13026,ZC.v.0
2026-02-23 19:00:00+00:00,34,1,42273528,440.25,440.75,440.0,440.75,11392,ZC.v.0
2026-02-24 01:00:00+00:00,34,1,42273528,440.0,440.75,439.5,440.25,2300,ZC.v.0
2026-02-24 02:00:00+00:00,34,1,42273528,440.5,440.75,440.25,440.25,518,ZC.v.0
2026-02-24 03:00:00+00:00,34,1,42273528,440.25,440.5,440.25,440.25,154,ZC.v.0
2026-02-24 04:00:00+00:00,34,1,42273528,440.5,440.5,440.25,440.5,254,ZC.v.0
2026-02-24 05:00:00+00:00,34,1,42273528,440.5,440.5,440.0,440.0,203,ZC.v.0
2026-02-24 06:00:00+00:00,34,1,42273528,440.0,440.5,440.0,440.0,164,ZC.v.0
2026-02-24 07:00:00+00:00,34,1,42273528,440.0,440.25,439.75,440.25,495,ZC.v.0
2026-02-24 08:00:00+00:00,34,1,42273528,440.25,440.75,440.0,440.25,1017,ZC.v.0
2026-02-24 09:00:00+00:00,34,1,42273528,440.25,440.25,439.5,440.0,916,ZC.v.0
2026-02-24 10:00:00+00:00,34,1,42273528,439.75,440.25,439.75,440.25,658,ZC.v.0
2026-02-24 11:00:00+00:00,34,1,42273528,440.25,441.0,440.0,440.0,1014,ZC.v.0
2026-02-24 12:00:00+00:00,34,1,42273528,440.0,440.5,439.5,439.5,1285,ZC.v.0
2026-02-24 13:00:00+00:00,34,1,42273528,439.5,440.25,439.25,439.5,2033,ZC.v.0
2026-02-24 14:00:00+00:00,34,1,42273528,439.75,440.75,438.5,439.75,15762,ZC.v.0
2026-02-24 15:00:00+00:00,34,1,42273528,439.75,440.0,437.75,438.0,17751,ZC.v.0
2026-02-24 16:00:00+00:00,34,1,42273528,438.0,438.5,437.25,437.5,11834,ZC.v.0
2026-02-24 17:00:00+00:00,34,1,42273528,437.5,438.25,437.25,437.75,12851,ZC.v.0
2026-02-24 18:00:00+00:00,34,1,42273528,438.0,438.25,437.25,437.75,11173,ZC.v.0
2026-02-24 19:00:00+00:00,34,1,42273528,437.75,439.25,437.5,439.0,12363,ZC.v.0
2026-02-25 01:00:00+00:00,34,1,42273528,438.5,440.0,438.5,439.75,3443,ZC.v.0
2026-02-25 02:00:00+00:00,34,1,42273528,439.5,440.5,439.5,440.5,1653,ZC.v.0
2026-02-25 03:00:00+00:00,34,1,42273528,440.75,440.75,440.25,440.25,518,ZC.v.0
2026-02-25 04:00:00+00:00,34,1,42273528,440.25,440.25,439.75,440.25,598,ZC.v.0
2026-02-25 05:00:00+00:00,34,1,42273528,440.25,440.5,440.0,440.5,224,ZC.v.0
2026-02-25 06:00:00+00:00,34,1,42273528,440.25,440.75,440.25,440.25,173,ZC.v.0
2026-02-25 07:00:00+00:00,34,1,42273528,440.25,440.5,439.5,439.75,1017,ZC.v.0
2026-02-25 08:00:00+00:00,34,1,42273528,439.5,440.25,439.5,440.0,639,ZC.v.0
2026-02-25 09:00:00+00:00,34,1,42273528,440.0,440.75,439.75,439.75,1589,ZC.v.0
2026-02-25 10:00:00+00:00,34,1,42273528,439.75,440.25,439.5,440.0,1303,ZC.v.0
2026-02-25 11:00:00+00:00,34,1,42273528,440.25,440.25,439.25,439.5,1920,ZC.v.0
2026-02-25 12:00:00+00:00,34,1,42273528,439.5,439.5,438.25,438.75,2957,ZC.v.0
2026-02-25 13:00:00+00:00,34,1,42273528,438.75,439.25,438.5,438.5,2353,ZC.v.0
2026-02-25 14:00:00+00:00,34,1,42273528,438.75,439.75,438.0,439.0,12887,ZC.v.0
2026-02-25 15:00:00+00:00,34,1,42273528,439.25,440.5,438.5,439.0,12813,ZC.v.0
2026-02-25 16:00:00+00:00,34,1,42273528,439.25,441.5,438.75,441.25,17819,ZC.v.0
2026-02-25 17:00:00+00:00,34,1,42273528,441.25,442.75,441.0,441.25,20134,ZC.v.0
2026-02-25 18:00:00+00:00,34,1,42273528,441.25,441.5,440.75,441.0,12409,ZC.v.0
2026-02-25 19:00:00+00:00,34,1,42273528,441.0,442.5,440.75,442.0,13529,ZC.v.0
2026-02-26 01:00:00+00:00,34,1,42273528,441.0,442.0,441.0,441.5,4225,ZC.v.0
2026-02-26 02:00:00+00:00,34,1,42273528,441.5,441.75,441.25,441.5,999,ZC.v.0
2026-02-26 03:00:00+00:00,34,1,42273528,441.5,441.5,441.25,441.5,364,ZC.v.0
2026-02-26 04:00:00+00:00,34,1,42273528,441.25,441.75,441.25,441.5,347,ZC.v.0
2026-02-26 05:00:00+00:00,34,1,42273528,441.5,442.0,441.5,442.0,486,ZC.v.0
2026-02-26 06:00:00+00:00,34,1,42273528,441.75,442.0,441.5,442.0,876,ZC.v.0
2026-02-26 07:00:00+00:00,34,1,42273528,442.0,442.5,441.75,442.25,1460,ZC.v.0
2026-02-26 08:00:00+00:00,34,1,42273528,442.25,442.75,442.25,442.75,888,ZC.v.0
2026-02-26 09:00:00+00:00,34,1,42273528,442.5,443.25,442.25,443.25,2641,ZC.v.0
2026-02-26 10:00:00+00:00,34,1,42273528,443.25,443.5,442.0,443.5,4981,ZC.v.0
2026-02-26 11:00:00+00:00,34,1,42273528,443.25,444.0,442.75,443.0,3349,ZC.v.0
2026-02-26 12:00:00+00:00,34,1,42273528,443.0,444.0,442.5,443.75,3939,ZC.v.0
2026-02-26 13:00:00+00:00,34,1,42273528,443.75,444.25,443.25,444.0,5071,ZC.v.0
2026-02-26 14:00:00+00:00,34,1,42273528,443.5,445.25,442.75,445.25,28652,ZC.v.0
2026-02-26 15:00:00+00:00,34,1,42273528,445.25,445.75,440.75,442.25,46336,ZC.v.0
2026-02-26 16:00:00+00:00,34,1,42273528,442.5,443.5,441.75,442.25,17760,ZC.v.0
2026-02-26 17:00:00+00:00,34,1,42273528,442.5,442.75,440.5,440.75,12728,ZC.v.0
2026-02-26 18:00:00+00:00,34,1,42273528,440.5,442.75,440.25,442.75,15713,ZC.v.0
2026-02-26 19:00:00+00:00,34,1,42273528,442.5,443.75,442.5,443.75,13494,ZC.v.0
2026-02-27 01:00:00+00:00,34,1,42273528,443.0,443.25,442.0,443.0,5047,ZC.v.0
2026-02-27 02:00:00+00:00,34,1,42273528,443.25,443.5,443.0,443.5,571,ZC.v.0
2026-02-27 03:00:00+00:00,34,1,42273528,443.5,443.5,443.25,443.25,542,ZC.v.0
2026-02-27 04:00:00+00:00,34,1,42273528,443.5,444.25,443.25,443.75,3482,ZC.v.0
2026-02-27 05:00:00+00:00,34,1,42273528,443.75,444.0,443.5,443.75,500,ZC.v.0
2026-02-27 06:00:00+00:00,34,1,42273528,443.75,444.0,443.75,444.0,278,ZC.v.0
2026-02-27 07:00:00+00:00,34,1,42273528,444.25,444.25,443.25,443.75,1028,ZC.v.0
2026-02-27 08:00:00+00:00,34,1,42273528,443.75,444.25,443.5,444.0,1291,ZC.v.0
2026-02-27 09:00:00+00:00,34,1,42273528,444.0,444.5,443.75,443.75,2088,ZC.v.0
2026-02-27 10:00:00+00:00,34,1,42273528,444.0,444.25,443.75,444.25,641,ZC.v.0
2026-02-27 11:00:00+00:00,34,1,42273528,444.25,445.5,444.0,445.0,3658,ZC.v.0
2026-02-27 12:00:00+00:00,34,1,42273528,445.0,446.75,445.0,446.25,7130,ZC.v.0
2026-02-27 13:00:00+00:00,34,1,42273528,446.25,447.5,446.25,447.5,7950,ZC.v.0
2026-02-27 14:00:00+00:00,34,1,42273528,446.75,448.5,446.5,447.5,31223,ZC.v.0
2026-02-27 15:00:00+00:00,34,1,42273528,447.5,447.75,446.0,447.0,29393,ZC.v.0
2026-02-27 16:00:00+00:00,34,1,42273528,447.0,447.5,446.0,446.5,11930,ZC.v.0
2026-02-27 17:00:00+00:00,34,1,42273528,446.75,449.0,446.5,449.0,24647,ZC.v.0
2026-02-27 18:00:00+00:00,34,1,42273528,448.75,450.0,448.75,449.25,33092,ZC.v.0
2026-02-27 19:00:00+00:00,34,1,42273528,449.0,449.25,448.0,448.25,16848,ZC.v.0
2026-03-02 01:00:00+00:00,34,1,42273528,451.0,452.5,447.0,447.5,27469,ZC.v.0
2026-03-02 02:00:00+00:00,34,1,42273528,447.75,448.25,447.0,448.0,2193,ZC.v.0
2026-03-02 03:00:00+00:00,34,1,42273528,448.0,448.25,447.5,447.5,704,ZC.v.0
2026-03-02 04:00:00+00:00,34,1,42273528,447.5,448.25,447.5,448.0,190,ZC.v.0
2026-03-02 05:00:00+00:00,34,1,42273528,448.0,448.0,447.5,448.0,759,ZC.v.0
2026-03-02 06:00:00+00:00,34,1,42273528,448.25,448.25,447.5,448.0,1227,ZC.v.0
2026-03-02 07:00:00+00:00,34,1,42273528,448.0,449.0,447.75,448.75,1745,ZC.v.0
2026-03-02 08:00:00+00:00,34,1,42273528,448.75,449.75,448.75,449.25,3583,ZC.v.0
2026-03-02 09:00:00+00:00,34,1,42273528,449.25,450.25,448.5,450.25,4081,ZC.v.0
2026-03-02 10:00:00+00:00,34,1,42273528,450.25,450.25,449.25,449.5,2850,ZC.v.0
2026-03-02 11:00:00+00:00,34,1,42273528,449.5,450.0,448.25,448.75,1776,ZC.v.0
2026-03-02 12:00:00+00:00,34,1,42273528,449.0,449.5,448.0,449.25,3420,ZC.v.0
2026-03-02 13:00:00+00:00,34,1,42273528,449.25,450.0,448.25,449.0,5278,ZC.v.0
2026-03-02 14:00:00+00:00,34,1,42273528,449.0,449.25,443.5,444.0,33117,ZC.v.0
2026-03-02 15:00:00+00:00,34,1,42273528,443.75,445.75,443.5,444.5,21664,ZC.v.0
2026-03-02 16:00:00+00:00,34,1,42273528,444.5,444.75,443.5,444.25,16134,ZC.v.0
2026-03-02 17:00:00+00:00,34,1,42273528,444.5,445.0,444.0,444.5,11092,ZC.v.0
2026-03-02 18:00:00+00:00,34,1,42273528,444.75,445.75,444.25,445.25,15162,ZC.v.0
2026-03-02 19:00:00+00:00,34,1,42273528,445.25,446.25,445.0,445.25,15265,ZC.v.0
2026-03-03 01:00:00+00:00,34,1,42273528,445.75,446.75,445.0,445.75,4240,ZC.v.0
2026-03-03 02:00:00+00:00,34,1,42273528,445.5,446.5,445.25,446.25,825,ZC.v.0
2026-03-03 03:00:00+00:00,34,1,42273528,446.25,446.5,446.25,446.5,577,ZC.v.0
2026-03-03 04:00:00+00:00,34,1,42273528,446.5,446.75,446.0,446.5,300,ZC.v.0
2026-03-03 05:00:00+00:00,34,1,42273528,446.5,447.0,446.5,447.0,1195,ZC.v.0
2026-03-03 06:00:00+00:00,34,1,42273528,447.0,447.0,446.25,446.75,644,ZC.v.0
2026-03-03 07:00:00+00:00,34,1,42273528,446.75,447.25,446.25,447.0,1130,ZC.v.0
2026-03-03 08:00:00+00:00,34,1,42273528,447.0,447.75,446.75,447.25,1534,ZC.v.0
2026-03-03 09:00:00+00:00,34,1,42273528,447.5,449.5,447.25,449.0,6162,ZC.v.0
2026-03-03 10:00:00+00:00,34,1,42273528,449.0,451.5,448.75,451.25,5421,ZC.v.0
2026-03-03 11:00:00+00:00,34,1,42273528,451.25,451.75,450.75,451.25,6426,ZC.v.0
2026-03-03 12:00:00+00:00,34,1,42273528,451.25,451.75,450.5,450.75,5712,ZC.v.0
2026-03-03 13:00:00+00:00,34,1,42273528,450.5,451.25,450.25,450.5,4005,ZC.v.0
2026-03-03 14:00:00+00:00,34,1,42273528,450.0,451.75,448.25,448.75,30385,ZC.v.0
2026-03-03 15:00:00+00:00,34,1,42273528,448.75,448.75,444.25,444.5,34350,ZC.v.0
2026-03-03 16:00:00+00:00,34,1,42273528,444.5,446.5,444.25,444.75,20771,ZC.v.0
2026-03-03 17:00:00+00:00,34,1,42273528,445.0,446.0,444.5,446.0,12242,ZC.v.0
2026-03-03 18:00:00+00:00,34,1,42273528,445.75,447.0,445.75,447.0,10518,ZC.v.0
2026-03-03 19:00:00+00:00,34,1,42273528,446.75,447.25,446.0,446.25,13935,ZC.v.0
2026-03-04 01:00:00+00:00,34,1,42273528,446.0,446.5,445.25,446.0,2251,ZC.v.0
2026-03-04 02:00:00+00:00,34,1,42273528,446.0,446.5,445.5,446.5,690,ZC.v.0
2026-03-04 03:00:00+00:00,34,1,42273528,446.5,446.75,446.25,446.75,496,ZC.v.0
2026-03-04 04:00:00+00:00,34,1,42273528,446.5,446.75,446.25,446.25,204,ZC.v.0
2026-03-04 05:00:00+00:00,34,1,42273528,446.25,446.75,446.0,446.5,760,ZC.v.0
2026-03-04 06:00:00+00:00,34,1,42273528,446.25,447.0,446.0,446.5,1053,ZC.v.0
2026-03-04 07:00:00+00:00,34,1,42273528,446.5,446.75,445.75,446.0,1393,ZC.v.0
2026-03-04 08:00:00+00:00,34,1,42273528,446.0,446.75,446.0,446.25,1409,ZC.v.0
2026-03-04 09:00:00+00:00,34,1,42273528,446.25,446.5,445.5,445.75,2187,ZC.v.0
2026-03-04 10:00:00+00:00,34,1,42273528,446.0,446.25,445.25,445.5,2019,ZC.v.0
2026-03-04 11:00:00+00:00,34,1,42273528,445.5,445.75,445.25,445.5,768,ZC.v.0
2026-03-04 12:00:00+00:00,34,1,42273528,445.5,446.0,443.25,443.25,6677,ZC.v.0
2026-03-04 13:00:00+00:00,34,1,42273528,443.25,443.5,442.5,442.75,4630,ZC.v.0
2026-03-04 14:00:00+00:00,34,1,42273528,442.75,443.5,441.5,442.0,19765,ZC.v.0
2026-03-04 15:00:00+00:00,34,1,42273528,442.25,443.5,441.0,441.0,21150,ZC.v.0
2026-03-04 16:00:00+00:00,34,1,42273528,441.25,441.5,440.25,441.0,17937,ZC.v.0
2026-03-04 17:00:00+00:00,34,1,42273528,441.25,443.5,441.0,443.25,14688,ZC.v.0
2026-03-04 18:00:00+00:00,34,1,42273528,443.25,443.75,442.75,443.25,11251,ZC.v.0
2026-03-04 19:00:00+00:00,34,1,42273528,443.25,444.0,443.0,443.75,8952,ZC.v.0
2026-03-05 01:00:00+00:00,34,1,42273528,442.5,444.25,442.5,444.0,2621,ZC.v.0
2026-03-05 02:00:00+00:00,34,1,42273528,444.0,444.75,444.0,444.5,645,ZC.v.0
2026-03-05 03:00:00+00:00,34,1,42273528,444.5,445.0,444.25,444.75,571,ZC.v.0
2026-03-05 04:00:00+00:00,34,1,42273528,444.5,444.75,444.5,444.5,215,ZC.v.0
2026-03-05 05:00:00+00:00,34,1,42273528,444.5,444.75,444.25,444.25,133,ZC.v.0
2026-03-05 06:00:00+00:00,34,1,42273528,444.25,444.5,443.75,444.0,1254,ZC.v.0
2026-03-05 07:00:00+00:00,34,1,42273528,444.0,445.5,443.75,445.25,3326,ZC.v.0
2026-03-05 08:00:00+00:00,34,1,42273528,445.0,445.75,444.75,445.5,1059,ZC.v.0
2026-03-05 09:00:00+00:00,34,1,42273528,445.5,445.75,445.0,445.5,1537,ZC.v.0
2026-03-05 10:00:00+00:00,34,1,42273528,445.5,445.75,445.0,445.75,1165,ZC.v.0
2026-03-05 11:00:00+00:00,34,1,42273528,445.5,446.25,445.5,445.5,1709,ZC.v.0
2026-03-05 12:00:00+00:00,34,1,42273528,445.5,446.5,445.0,445.25,3441,ZC.v.0
2026-03-05 13:00:00+00:00,34,1,42273528,445.5,446.5,445.25,446.5,2888,ZC.v.0
2026-03-05 14:00:00+00:00,34,1,42273528,446.0,448.75,445.75,448.0,27595,ZC.v.0
2026-03-05 15:00:00+00:00,34,1,42273528,448.25,449.5,447.25,449.25,32766,ZC.v.0
2026-03-05 16:00:00+00:00,34,1,42273528,449.25,450.75,448.75,450.25,28756,ZC.v.0
2026-03-05 17:00:00+00:00,34,1,42273528,450.25,451.75,450.25,451.75,23169,ZC.v.0
2026-03-05 18:00:00+00:00,34,1,42273528,451.5,454.0,451.5,453.25,34613,ZC.v.0
2026-03-05 19:00:00+00:00,34,1,42273528,453.25,454.5,453.0,453.5,23676,ZC.v.0
2026-03-06 01:00:00+00:00,34,1,42273528,452.75,454.25,452.25,454.0,10604,ZC.v.0
2026-03-06 02:00:00+00:00,34,1,42273528,454.0,454.25,453.25,454.0,1072,ZC.v.0
2026-03-06 03:00:00+00:00,34,1,42273528,454.25,454.25,453.5,454.25,855,ZC.v.0
2026-03-06 04:00:00+00:00,34,1,42273528,454.0,454.75,454.0,454.5,827,ZC.v.0
2026-03-06 05:00:00+00:00,34,1,42273528,454.5,454.5,453.75,454.0,512,ZC.v.0
2026-03-06 06:00:00+00:00,34,1,42273528,454.0,454.5,454.0,454.5,446,ZC.v.0
2026-03-06 07:00:00+00:00,34,1,42273528,454.25,455.0,454.25,455.0,2154,ZC.v.0
2026-03-06 08:00:00+00:00,34,1,42273528,455.0,455.75,454.25,455.0,7098,ZC.v.0
2026-03-06 09:00:00+00:00,34,1,42273528,455.0,456.25,454.75,455.5,5078,ZC.v.0
2026-03-06 10:00:00+00:00,34,1,42273528,455.75,456.25,455.25,455.75,2092,ZC.v.0
2026-03-06 11:00:00+00:00,34,1,42273528,455.75,457.0,455.5,456.5,4552,ZC.v.0
2026-03-06 12:00:00+00:00,34,1,42273528,456.75,458.75,456.5,457.75,14333,ZC.v.0
2026-03-06 13:00:00+00:00,34,1,42273528,457.5,458.75,457.25,458.25,7035,ZC.v.0
2026-03-06 14:00:00+00:00,34,1,42273528,458.75,462.0,458.25,459.0,56196,ZC.v.0
2026-03-06 15:00:00+00:00,34,1,42273528,459.25,459.75,457.0,458.25,39627,ZC.v.0
2026-03-06 16:00:00+00:00,34,1,42273528,458.25,459.0,456.0,458.75,28856,ZC.v.0
2026-03-06 17:00:00+00:00,34,1,42273528,459.0,460.75,458.25,459.75,25513,ZC.v.0
2026-03-06 18:00:00+00:00,34,1,42273528,459.5,460.25,458.25,460.0,22465,ZC.v.0
2026-03-06 19:00:00+00:00,34,1,42273528,460.0,461.0,459.25,460.75,22246,ZC.v.0
2026-03-09 00:00:00+00:00,34,1,42273528,464.0,470.0,463.0,469.5,34779,ZC.v.0
2026-03-09 01:00:00+00:00,34,1,42273528,469.75,472.5,469.0,472.25,13567,ZC.v.0
2026-03-09 02:00:00+00:00,34,1,42273528,472.0,472.75,471.0,472.0,6881,ZC.v.0
2026-03-09 03:00:00+00:00,34,1,42273528,472.25,474.5,471.0,474.5,7716,ZC.v.0
2026-03-09 04:00:00+00:00,34,1,42273528,474.5,476.0,473.75,475.75,5923,ZC.v.0
2026-03-09 05:00:00+00:00,34,1,42273528,475.5,475.5,468.25,469.25,12569,ZC.v.0
2026-03-09 06:00:00+00:00,34,1,42273528,469.25,472.25,467.75,469.75,8767,ZC.v.0
2026-03-09 07:00:00+00:00,34,1,42273528,469.75,470.0,467.5,468.5,5636,ZC.v.0
2026-03-09 08:00:00+00:00,34,1,42273528,468.5,469.75,466.75,469.0,4291,ZC.v.0
2026-03-09 09:00:00+00:00,34,1,42273528,468.75,471.75,466.25,467.75,9742,ZC.v.0
2026-03-09 10:00:00+00:00,34,1,42273528,468.0,469.75,466.5,468.5,6792,ZC.v.0
2026-03-09 11:00:00+00:00,34,1,42273528,468.75,469.0,466.25,466.5,4621,ZC.v.0
2026-03-09 12:00:00+00:00,34,1,42273528,466.25,466.75,463.75,464.75,12308,ZC.v.0
2026-03-09 13:00:00+00:00,34,1,42273528,464.5,465.0,460.0,463.5,36582,ZC.v.0
2026-03-09 14:00:00+00:00,34,1,42273528,463.25,466.5,462.0,462.5,30569,ZC.v.0
2026-03-09 15:00:00+00:00,34,1,42273528,462.25,462.25,455.0,455.75,51284,ZC.v.0
2026-03-09 16:00:00+00:00,34,1,42273528,455.5,456.75,454.25,455.0,18738,ZC.v.0
2026-03-09 17:00:00+00:00,34,1,42273528,455.25,457.25,454.75,455.5,21726,ZC.v.0
2026-03-09 18:00:00+00:00,34,1,42273528,455.5,455.75,453.0,453.25,23058,ZC.v.0
2026-03-10 00:00:00+00:00,34,1,42273528,450.0,451.0,445.5,448.25,17749,ZC.v.0
2026-03-10 01:00:00+00:00,34,1,42273528,448.25,450.5,447.25,447.75,3457,ZC.v.0
2026-03-10 02:00:00+00:00,34,1,42273528,447.75,450.0,447.75,449.75,1875,ZC.v.0
2026-03-10 03:00:00+00:00,34,1,42273528,449.75,450.5,449.5,449.75,2095,ZC.v.0
2026-03-10 04:00:00+00:00,34,1,42273528,449.5,450.5,448.75,450.25,1774,ZC.v.0
2026-03-10 05:00:00+00:00,34,1,42273528,450.0,450.0,449.25,450.0,1320,ZC.v.0
2026-03-10 06:00:00+00:00,34,1,42273528,449.75,450.0,448.5,449.25,1827,ZC.v.0
2026-03-10 07:00:00+00:00,34,1,42273528,449.0,450.25,449.0,449.75,1983,ZC.v.0
2026-03-10 08:00:00+00:00,34,1,42273528,449.5,451.0,448.5,449.75,5606,ZC.v.0
2026-03-10 09:00:00+00:00,34,1,42273528,449.75,450.0,448.25,450.0,3318,ZC.v.0
2026-03-10 10:00:00+00:00,34,1,42273528,449.75,451.0,449.5,450.0,3678,ZC.v.0
2026-03-10 11:00:00+00:00,34,1,42273528,449.75,452.75,448.5,452.75,4941,ZC.v.0
2026-03-10 12:00:00+00:00,34,1,42273528,452.75,453.0,451.25,452.25,5817,ZC.v.0
2026-03-10 13:00:00+00:00,34,1,42273528,451.75,453.25,449.25,449.75,29055,ZC.v.0
2026-03-10 14:00:00+00:00,34,1,42273528,450.0,450.25,447.75,448.0,31048,ZC.v.0
2026-03-10 15:00:00+00:00,34,1,42273528,448.0,449.75,447.75,449.0,22588,ZC.v.0
2026-03-10 16:00:00+00:00,34,1,42273528,449.0,451.0,447.75,448.25,22630,ZC.v.0
2026-03-10 17:00:00+00:00,34,1,42273528,448.25,450.75,446.5,449.75,24912,ZC.v.0
2026-03-10 18:00:00+00:00,34,1,42273528,449.75,454.0,449.75,453.75,25835,ZC.v.0
2026-03-11 00:00:00+00:00,34,1,42273528,453.25,454.5,452.0,452.25,6410,ZC.v.0
2026-03-11 01:00:00+00:00,34,1,42273528,452.25,452.75,451.5,452.0,1956,ZC.v.0
2026-03-11 02:00:00+00:00,34,1,42273528,452.0,453.25,451.75,453.0,1165,ZC.v.0
2026-03-11 03:00:00+00:00,34,1,42273528,453.0,453.0,452.25,452.5,832,ZC.v.0
2026-03-11 04:00:00+00:00,34,1,42273528,452.5,452.75,452.25,452.5,241,ZC.v.0
2026-03-11 05:00:00+00:00,34,1,42273528,452.5,453.0,452.25,452.75,743,ZC.v.0
2026-03-11 06:00:00+00:00,34,1,42273528,452.75,453.5,452.0,452.5,1076,ZC.v.0
2026-03-11 07:00:00+00:00,34,1,42273528,452.5,454.0,452.25,453.75,2026,ZC.v.0
2026-03-11 08:00:00+00:00,34,1,42273528,453.5,455.5,453.5,455.0,3718,ZC.v.0
2026-03-11 09:00:00+00:00,34,1,42273528,455.0,457.5,455.0,456.75,7954,ZC.v.0
2026-03-11 10:00:00+00:00,34,1,42273528,456.75,457.5,455.75,456.25,5263,ZC.v.0
2026-03-11 11:00:00+00:00,34,1,42273528,456.25,458.25,456.0,457.5,5231,ZC.v.0
2026-03-11 12:00:00+00:00,34,1,42273528,457.75,459.75,457.25,459.25,7492,ZC.v.0
2026-03-11 13:00:00+00:00,34,1,42273528,459.5,461.25,456.0,456.25,28374,ZC.v.0
2026-03-11 14:00:00+00:00,34,1,42273528,456.25,458.25,454.75,457.5,25257,ZC.v.0
2026-03-11 15:00:00+00:00,34,1,42273528,457.5,461.25,456.75,460.5,24477,ZC.v.0
2026-03-11 16:00:00+00:00,34,1,42273528,460.5,462.0,459.25,460.25,23727,ZC.v.0
2026-03-11 17:00:00+00:00,34,1,42273528,460.0,460.75,458.25,459.75,19274,ZC.v.0
2026-03-11 18:00:00+00:00,34,1,42273528,459.75,460.75,459.25,460.5,14898,ZC.v.0
2026-03-12 00:00:00+00:00,34,1,42273528,462.5,463.0,461.0,463.0,7391,ZC.v.0
2026-03-12 01:00:00+00:00,34,1,42273528,462.75,463.5,461.5,462.25,2020,ZC.v.0
2026-03-12 02:00:00+00:00,34,1,42273528,462.25,463.5,462.25,463.0,1625,ZC.v.0
2026-03-12 03:00:00+00:00,34,1,42273528,463.0,464.0,463.0,463.75,1231,ZC.v.0
2026-03-12 04:00:00+00:00,34,1,42273528,463.75,463.75,463.25,463.75,463,ZC.v.0
2026-03-12 05:00:00+00:00,34,1,42273528,463.5,463.5,462.5,462.75,851,ZC.v.0
2026-03-12 06:00:00+00:00,34,1,42273528,462.75,463.5,461.75,462.0,1860,ZC.v.0
2026-03-12 07:00:00+00:00,34,1,42273528,462.25,463.75,462.0,462.5,2163,ZC.v.0
2026-03-12 08:00:00+00:00,34,1,42273528,462.5,465.5,462.5,463.75,5753,ZC.v.0
2026-03-12 09:00:00+00:00,34,1,42273528,463.5,465.75,463.5,464.75,4078,ZC.v.0
2026-03-12 10:00:00+00:00,34,1,42273528,464.75,465.25,464.25,465.0,2153,ZC.v.0
2026-03-12 11:00:00+00:00,34,1,42273528,465.0,466.5,464.5,466.0,3271,ZC.v.0
2026-03-12 12:00:00+00:00,34,1,42273528,466.0,466.5,465.0,465.75,4952,ZC.v.0
2026-03-12 13:00:00+00:00,34,1,42273528,465.25,467.5,463.5,467.25,29723,ZC.v.0
2026-03-12 14:00:00+00:00,34,1,42273528,467.25,469.5,465.0,465.5,41547,ZC.v.0
2026-03-12 15:00:00+00:00,34,1,42273528,465.5,467.75,464.5,465.75,28758,ZC.v.0
2026-03-12 16:00:00+00:00,34,1,42273528,465.75,465.75,462.25,463.5,24761,ZC.v.0
2026-03-12 17:00:00+00:00,34,1,42273528,463.75,465.0,462.0,462.25,19414,ZC.v.0
2026-03-12 18:00:00+00:00,34,1,42273528,462.25,462.75,461.5,462.0,16987,ZC.v.0
2026-03-13 00:00:00+00:00,34,1,42273528,462.25,463.0,461.25,462.75,11181,ZC.v.0
2026-03-13 01:00:00+00:00,34,1,42273528,462.75,462.75,461.5,462.5,3811,ZC.v.0
2026-03-13 02:00:00+00:00,34,1,42273528,462.5,463.25,462.0,463.0,618,ZC.v.0
2026-03-13 03:00:00+00:00,34,1,42273528,463.0,463.25,462.75,463.25,377,ZC.v.0
2026-03-13 04:00:00+00:00,34,1,42273528,463.25,463.75,463.25,463.75,505,ZC.v.0
2026-03-13 05:00:00+00:00,34,1,42273528,463.75,464.0,462.75,462.75,646,ZC.v.0
2026-03-13 06:00:00+00:00,34,1,42273528,462.75,463.25,462.5,462.75,923,ZC.v.0
2026-03-13 07:00:00+00:00,34,1,42273528,462.75,464.5,462.75,464.0,1613,ZC.v.0
2026-03-13 08:00:00+00:00,34,1,42273528,464.0,464.5,462.25,462.75,2266,ZC.v.0
2026-03-13 09:00:00+00:00,34,1,42273528,462.75,463.5,462.25,462.5,1952,ZC.v.0
2026-03-13 10:00:00+00:00,34,1,42273528,462.5,462.5,460.0,460.75,5244,ZC.v.0
2026-03-13 11:00:00+00:00,34,1,42273528,460.5,461.25,459.75,459.75,2932,ZC.v.0
2026-03-13 12:00:00+00:00,34,1,42273528,460.0,461.5,460.0,461.0,2922,ZC.v.0
2026-03-13 13:00:00+00:00,34,1,42273528,460.75,460.75,458.75,459.5,16087,ZC.v.0
2026-03-13 14:00:00+00:00,34,1,42273528,459.25,462.0,458.5,461.5,17847,ZC.v.0
2026-03-13 15:00:00+00:00,34,1,42273528,461.5,465.0,461.5,464.0,17276,ZC.v.0
2026-03-13 16:00:00+00:00,34,1,42273528,464.25,466.75,464.0,466.5,16787,ZC.v.0
2026-03-13 17:00:00+00:00,34,1,42273528,466.75,466.75,464.75,465.5,15825,ZC.v.0
2026-03-13 18:00:00+00:00,34,1,42273528,465.5,467.5,465.5,467.0,19580,ZC.v.0
2026-03-16 00:00:00+00:00,34,1,42273528,464.75,466.0,461.25,461.75,13166,ZC.v.0
2026-03-16 01:00:00+00:00,34,1,42273528,461.75,465.0,461.25,464.75,5030,ZC.v.0
2026-03-16 02:00:00+00:00,34,1,42273528,465.0,466.0,465.0,465.0,2220,ZC.v.0
2026-03-16 03:00:00+00:00,34,1,42273528,464.75,465.0,464.25,464.75,849,ZC.v.0
2026-03-16 04:00:00+00:00,34,1,42273528,464.5,465.0,464.5,464.75,107,ZC.v.0
2026-03-16 05:00:00+00:00,34,1,42273528,464.5,465.5,464.5,464.5,439,ZC.v.0
2026-03-16 06:00:00+00:00,34,1,42273528,464.25,465.75,464.25,464.5,880,ZC.v.0
2026-03-16 07:00:00+00:00,34,1,42273528,464.5,465.5,464.25,464.25,1521,ZC.v.0
2026-03-16 08:00:00+00:00,34,1,42273528,464.5,465.0,463.25,464.5,2137,ZC.v.0
2026-03-16 09:00:00+00:00,34,1,42273528,464.5,464.75,463.5,464.0,1280,ZC.v.0
2026-03-16 10:00:00+00:00,34,1,42273528,464.0,464.75,461.5,461.75,5797,ZC.v.0
2026-03-16 11:00:00+00:00,34,1,42273528,461.75,462.5,460.5,461.5,5702,ZC.v.0
2026-03-16 12:00:00+00:00,34,1,42273528,461.75,463.75,461.5,462.5,5190,ZC.v.0
2026-03-16 13:00:00+00:00,34,1,42273528,462.0,462.75,459.75,460.5,21323,ZC.v.0
2026-03-16 14:00:00+00:00,34,1,42273528,460.5,461.25,452.0,453.25,55610,ZC.v.0
2026-03-16 15:00:00+00:00,34,1,42273528,453.5,454.75,452.75,454.25,29047,ZC.v.0
2026-03-16 16:00:00+00:00,34,1,42273528,454.5,456.75,454.25,455.0,17957,ZC.v.0
2026-03-16 17:00:00+00:00,34,1,42273528,455.25,455.25,452.25,453.25,23403,ZC.v.0
2026-03-16 18:00:00+00:00,34,1,42273528,453.25,455.0,452.75,454.75,18593,ZC.v.0
2026-03-17 00:00:00+00:00,34,1,42273528,453.75,456.75,453.5,456.75,8554,ZC.v.0
2026-03-17 01:00:00+00:00,34,1,42273528,456.75,458.75,456.75,458.5,3948,ZC.v.0
2026-03-17 02:00:00+00:00,34,1,42273528,458.5,459.0,458.25,458.5,1032,ZC.v.0
2026-03-17 03:00:00+00:00,34,1,42273528,458.5,458.75,458.25,458.5,397,ZC.v.0
2026-03-17 04:00:00+00:00,34,1,42273528,458.25,458.75,458.0,458.25,283,ZC.v.0
2026-03-17 05:00:00+00:00,34,1,42273528,458.25,458.75,457.75,458.75,682,ZC.v.0
2026-03-17 06:00:00+00:00,34,1,42273528,458.75,458.75,458.0,458.25,790,ZC.v.0
2026-03-17 07:00:00+00:00,34,1,42273528,458.25,458.5,457.25,457.5,2637,ZC.v.0
2026-03-17 08:00:00+00:00,34,1,42273528,457.25,458.0,457.0,457.0,2231,ZC.v.0
2026-03-17 09:00:00+00:00,34,1,42273528,457.0,457.25,454.25,454.75,4948,ZC.v.0
2026-03-17 10:00:00+00:00,34,1,42273528,455.0,455.75,454.25,455.25,1685,ZC.v.0
2026-03-17 11:00:00+00:00,34,1,42273528,455.25,457.5,455.0,457.25,4052,ZC.v.0
2026-03-17 12:00:00+00:00,34,1,42273528,457.0,457.0,454.5,455.0,3659,ZC.v.0
2026-03-17 13:00:00+00:00,34,1,42273528,455.0,455.25,453.0,453.0,21606,ZC.v.0
2026-03-17 14:00:00+00:00,34,1,42273528,453.25,453.25,450.0,450.0,30008,ZC.v.0
2026-03-17 15:00:00+00:00,34,1,42273528,450.25,451.5,449.25,451.0,17475,ZC.v.0
2026-03-17 16:00:00+00:00,34,1,42273528,451.25,455.25,451.0,454.25,27860,ZC.v.0
2026-03-17 17:00:00+00:00,34,1,42273528,454.0,454.5,453.25,454.0,10912,ZC.v.0
2026-03-17 18:00:00+00:00,34,1,42273528,454.25,454.5,453.5,454.5,11125,ZC.v.0
2026-03-18 00:00:00+00:00,34,1,42273528,454.75,456.5,454.5,455.0,6135,ZC.v.0
2026-03-18 01:00:00+00:00,34,1,42273528,455.0,455.0,453.5,453.75,1145,ZC.v.0
2026-03-18 02:00:00+00:00,34,1,42273528,454.0,454.0,453.25,453.25,967,ZC.v.0
2026-03-18 03:00:00+00:00,34,1,42273528,453.5,453.5,452.5,452.5,672,ZC.v.0
2026-03-18 04:00:00+00:00,34,1,42273528,452.5,452.75,452.25,452.5,273,ZC.v.0
2026-03-18 05:00:00+00:00,34,1,42273528,452.5,453.25,452.5,453.0,718,ZC.v.0
2026-03-18 06:00:00+00:00,34,1,42273528,453.0,453.5,452.25,453.5,883,ZC.v.0
2026-03-18 07:00:00+00:00,34,1,42273528,453.5,453.75,452.75,453.0,828,ZC.v.0
2026-03-18 08:00:00+00:00,34,1,42273528,453.0,453.5,452.25,452.75,2058,ZC.v.0
2026-03-18 09:00:00+00:00,34,1,42273528,452.5,454.0,452.5,453.75,1502,ZC.v.0
2026-03-18 10:00:00+00:00,34,1,42273528,453.5,453.75,452.25,452.5,1155,ZC.v.0
2026-03-18 11:00:00+00:00,34,1,42273528,452.5,452.5,451.5,451.75,2783,ZC.v.0
2026-03-18 12:00:00+00:00,34,1,42273528,451.75,455.0,451.75,454.75,3795,ZC.v.0
2026-03-18 13:00:00+00:00,34,1,42273528,455.0,457.25,454.75,457.0,22368,ZC.v.0
2026-03-18 14:00:00+00:00,34,1,42273528,457.0,459.75,456.5,459.5,24731,ZC.v.0
2026-03-18 15:00:00+00:00,34,1,42273528,459.5,461.0,457.75,460.5,18000,ZC.v.0
2026-03-18 16:00:00+00:00,34,1,42273528,460.5,463.0,460.25,462.75,17385,ZC.v.0
2026-03-18 17:00:00+00:00,34,1,42273528,462.75,464.5,462.5,463.5,20152,ZC.v.0
2026-03-18 18:00:00+00:00,34,1,42273528,463.25,464.0,462.75,463.5,14317,ZC.v.0
2026-03-19 00:00:00+00:00,34,1,42273528,463.25,466.0,463.25,465.25,6591,ZC.v.0
2026-03-19 01:00:00+00:00,34,1,42273528,465.25,466.75,465.0,466.25,3087,ZC.v.0
2026-03-19 02:00:00+00:00,34,1,42273528,466.25,466.25,463.75,464.25,2783,ZC.v.0
2026-03-19 03:00:00+00:00,34,1,42273528,464.25,464.75,464.0,464.25,402,ZC.v.0
2026-03-19 04:00:00+00:00,34,1,42273528,464.25,464.5,464.0,464.25,217,ZC.v.0
2026-03-19 05:00:00+00:00,34,1,42273528,464.5,464.5,463.5,463.5,457,ZC.v.0
2026-03-19 06:00:00+00:00,34,1,42273528,463.75,465.0,463.75,465.0,586,ZC.v.0
2026-03-19 07:00:00+00:00,34,1,42273528,465.0,465.0,463.5,464.25,1906,ZC.v.0
2026-03-19 08:00:00+00:00,34,1,42273528,464.25,467.75,464.0,467.5,6480,ZC.v.0
2026-03-19 09:00:00+00:00,34,1,42273528,467.25,469.25,467.0,467.25,9928,ZC.v.0
2026-03-19 10:00:00+00:00,34,1,42273528,467.25,468.5,467.0,468.0,2717,ZC.v.0
2026-03-19 11:00:00+00:00,34,1,42273528,468.0,469.25,468.0,468.5,2263,ZC.v.0
2026-03-19 12:00:00+00:00,34,1,42273528,468.25,468.5,465.75,467.5,5534,ZC.v.0
2026-03-19 13:00:00+00:00,34,1,42273528,467.0,467.75,464.0,465.5,21995,ZC.v.0
2026-03-19 14:00:00+00:00,34,1,42273528,465.25,468.75,465.25,468.5,22857,ZC.v.0
2026-03-19 15:00:00+00:00,34,1,42273528,468.5,469.75,466.75,466.75,21204,ZC.v.0
2026-03-19 16:00:00+00:00,34,1,42273528,466.75,469.5,465.5,469.25,14364,ZC.v.0
2026-03-19 17:00:00+00:00,34,1,42273528,469.5,470.0,469.0,469.5,20948,ZC.v.0
2026-03-19 18:00:00+00:00,34,1,42273528,469.5,470.0,469.0,470.0,13020,ZC.v.0
2026-03-20 00:00:00+00:00,34,1,42273528,469.0,469.25,468.0,469.0,4023,ZC.v.0
2026-03-20 01:00:00+00:00,34,1,42273528,469.0,469.0,466.75,467.5,2290,ZC.v.0
2026-03-20 02:00:00+00:00,34,1,42273528,467.5,468.0,467.0,468.0,801,ZC.v.0
2026-03-20 03:00:00+00:00,34,1,42273528,468.0,468.25,468.0,468.0,1522,ZC.v.0
2026-03-20 04:00:00+00:00,34,1,42273528,468.0,468.5,468.0,468.5,340,ZC.v.0
2026-03-20 05:00:00+00:00,34,1,42273528,468.25,468.75,468.0,468.5,310,ZC.v.0
2026-03-20 06:00:00+00:00,34,1,42273528,468.5,469.0,468.25,468.5,320,ZC.v.0
2026-03-20 07:00:00+00:00,34,1,42273528,468.75,469.0,468.0,468.75,1090,ZC.v.0
2026-03-20 08:00:00+00:00,34,1,42273528,468.5,469.0,467.5,468.25,2226,ZC.v.0
2026-03-20 09:00:00+00:00,34,1,42273528,468.25,468.25,467.5,468.0,1089,ZC.v.0
2026-03-20 10:00:00+00:00,34,1,42273528,468.0,468.5,467.0,467.0,2695,ZC.v.0
2026-03-20 11:00:00+00:00,34,1,42273528,467.0,467.25,466.25,466.25,1726,ZC.v.0
2026-03-20 12:00:00+00:00,34,1,42273528,466.25,466.75,465.75,466.25,4024,ZC.v.0
2026-03-20 13:00:00+00:00,34,1,42273528,466.5,467.25,465.0,466.25,18438,ZC.v.0
2026-03-20 14:00:00+00:00,34,1,42273528,466.25,467.0,464.5,467.0,18348,ZC.v.0
2026-03-20 15:00:00+00:00,34,1,42273528,467.0,467.25,464.25,464.75,13031,ZC.v.0
2026-03-20 16:00:00+00:00,34,1,42273528,464.75,467.0,464.0,465.75,13200,ZC.v.0
2026-03-20 17:00:00+00:00,34,1,42273528,465.75,466.5,464.5,464.5,12468,ZC.v.0
2026-03-20 18:00:00+00:00,34,1,42273528,464.75,466.25,464.5,466.25,13327,ZC.v.0
2026-03-23 00:00:00+00:00,34,1,42273528,465.25,467.0,464.0,466.5,3366,ZC.v.0
2026-03-23 01:00:00+00:00,34,1,42273528,466.5,469.5,466.5,469.25,4498,ZC.v.0
2026-03-23 02:00:00+00:00,34,1,42273528,469.25,469.5,468.75,469.5,2326,ZC.v.0
2026-03-23 03:00:00+00:00,34,1,42273528,469.5,470.0,469.25,470.0,2612,ZC.v.0
2026-03-23 04:00:00+00:00,34,1,42273528,469.75,470.75,469.75,470.75,2654,ZC.v.0
2026-03-23 05:00:00+00:00,34,1,42273528,470.75,471.0,470.25,471.0,966,ZC.v.0
2026-03-23 06:00:00+00:00,34,1,42273528,471.0,471.75,470.5,471.75,2605,ZC.v.0
2026-03-23 07:00:00+00:00,34,1,42273528,471.75,473.0,471.5,473.0,4594,ZC.v.0
2026-03-23 08:00:00+00:00,34,1,42273528,472.75,473.75,472.75,473.5,5384,ZC.v.0
2026-03-23 09:00:00+00:00,34,1,42273528,473.5,473.75,472.5,473.0,3432,ZC.v.0
2026-03-23 10:00:00+00:00,34,1,42273528,473.0,473.25,471.0,472.0,3481,ZC.v.0
2026-03-23 11:00:00+00:00,34,1,42273528,471.75,472.5,458.0,466.25,42302,ZC.v.0
2026-03-23 12:00:00+00:00,34,1,42273528,466.25,467.5,461.25,461.25,7813,ZC.v.0
2026-03-23 13:00:00+00:00,34,1,42273528,461.5,463.0,459.5,461.5,17784,ZC.v.0
2026-03-23 14:00:00+00:00,34,1,42273528,461.5,462.25,458.25,459.0,25051,ZC.v.0
2026-03-23 15:00:00+00:00,34,1,42273528,459.25,462.0,456.5,461.5,27893,ZC.v.0
2026-03-23 16:00:00+00:00,34,1,42273528,461.25,461.75,459.0,459.75,14489,ZC.v.0
2026-03-23 17:00:00+00:00,34,1,42273528,459.5,460.5,458.25,459.75,8480,ZC.v.0
2026-03-23 18:00:00+00:00,34,1,42273528,459.75,461.0,459.25,460.5,15477,ZC.v.0
2026-03-24 00:00:00+00:00,34,1,42273528,460.0,462.0,459.75,461.5,2711,ZC.v.0
2026-03-24 01:00:00+00:00,34,1,42273528,461.5,463.5,461.5,463.0,1897,ZC.v.0
2026-03-24 02:00:00+00:00,34,1,42273528,463.0,463.25,462.25,462.5,370,ZC.v.0
2026-03-24 03:00:00+00:00,34,1,42273528,462.5,462.5,461.75,462.25,232,ZC.v.0
2026-03-24 04:00:00+00:00,34,1,42273528,462.25,463.0,462.0,463.0,446,ZC.v.0
2026-03-24 05:00:00+00:00,34,1,42273528,463.0,463.5,462.0,462.0,775,ZC.v.0
2026-03-24 06:00:00+00:00,34,1,42273528,462.0,462.0,460.75,461.0,911,ZC.v.0
2026-03-24 07:00:00+00:00,34,1,42273528,461.0,461.25,459.25,459.25,2344,ZC.v.0
2026-03-24 08:00:00+00:00,34,1,42273528,459.5,460.75,459.0,460.5,3945,ZC.v.0
2026-03-24 09:00:00+00:00,34,1,42273528,460.75,461.75,460.5,461.25,1180,ZC.v.0
2026-03-24 10:00:00+00:00,34,1,42273528,461.0,462.0,461.0,461.5,1347,ZC.v.0
2026-03-24 11:00:00+00:00,34,1,42273528,461.25,462.0,459.75,461.75,3240,ZC.v.0
2026-03-24 12:00:00+00:00,34,1,42273528,461.75,462.75,461.25,461.75,3585,ZC.v.0
2026-03-24 13:00:00+00:00,34,1,42273528,461.75,464.75,461.25,462.5,18775,ZC.v.0
2026-03-24 14:00:00+00:00,34,1,42273528,462.5,463.75,460.5,461.0,16308,ZC.v.0
2026-03-24 15:00:00+00:00,34,1,42273528,460.75,461.75,459.5,461.25,16770,ZC.v.0
2026-03-24 16:00:00+00:00,34,1,42273528,461.25,464.75,461.25,464.5,12499,ZC.v.0
2026-03-24 17:00:00+00:00,34,1,42273528,464.5,465.75,462.5,463.5,18757,ZC.v.0
2026-03-24 18:00:00+00:00,34,1,42273528,463.5,463.5,462.25,462.25,8772,ZC.v.0
2026-03-25 00:00:00+00:00,34,1,42273528,461.25,461.5,458.5,459.25,6654,ZC.v.0
2026-03-25 01:00:00+00:00,34,1,42273528,459.0,459.25,458.25,458.5,1006,ZC.v.0
2026-03-25 02:00:00+00:00,34,1,42273528,458.5,459.75,458.5,459.75,930,ZC.v.0
2026-03-25 03:00:00+00:00,34,1,42273528,459.75,460.0,459.25,460.0,305,ZC.v.0
2026-03-25 04:00:00+00:00,34,1,42273528,459.75,460.0,459.0,459.5,307,ZC.v.0
2026-03-25 05:00:00+00:00,34,1,42273528,459.25,460.0,459.25,459.75,391,ZC.v.0
2026-03-25 06:00:00+00:00,34,1,42273528,459.75,460.0,458.75,459.0,701,ZC.v.0
2026-03-25 07:00:00+00:00,34,1,42273528,459.25,459.5,458.5,458.75,1253,ZC.v.0
2026-03-25 08:00:00+00:00,34,1,42273528,459.0,459.5,458.0,459.5,2530,ZC.v.0
2026-03-25 09:00:00+00:00,34,1,42273528,459.25,460.5,458.5,459.0,3281,ZC.v.0
2026-03-25 10:00:00+00:00,34,1,42273528,459.25,460.0,459.0,459.75,2005,ZC.v.0
2026-03-25 11:00:00+00:00,34,1,42273528,459.5,459.75,458.5,458.75,1887,ZC.v.0
2026-03-25 12:00:00+00:00,34,1,42273528,458.5,461.0,458.5,460.25,3567,ZC.v.0
2026-03-25 13:00:00+00:00,34,1,42273528,460.75,462.0,459.75,461.75,12507,ZC.v.0
2026-03-25 14:00:00+00:00,34,1,42273528,461.75,463.0,460.75,462.0,12558,ZC.v.0
2026-03-25 15:00:00+00:00,34,1,42273528,462.25,464.25,462.0,464.0,9479,ZC.v.0
2026-03-25 16:00:00+00:00,34,1,42273528,464.25,466.5,463.75,466.25,14499,ZC.v.0
2026-03-25 17:00:00+00:00,34,1,42273528,466.5,468.5,465.5,467.5,18927,ZC.v.0
2026-03-25 18:00:00+00:00,34,1,42273528,467.5,467.75,467.0,467.5,11420,ZC.v.0
2026-03-26 00:00:00+00:00,34,1,42273528,466.75,468.5,466.5,467.5,3882,ZC.v.0
2026-03-26 01:00:00+00:00,34,1,42273528,467.5,467.5,466.75,467.0,890,ZC.v.0
2026-03-26 02:00:00+00:00,34,1,42273528,467.0,467.25,466.0,466.75,1065,ZC.v.0
2026-03-26 03:00:00+00:00,34,1,42273528,466.75,467.75,466.5,467.75,1022,ZC.v.0
2026-03-26 04:00:00+00:00,34,1,42273528,467.5,467.75,467.25,467.75,358,ZC.v.0
2026-03-26 05:00:00+00:00,34,1,42273528,467.75,468.0,467.5,467.75,426,ZC.v.0
2026-03-26 06:00:00+00:00,34,1,42273528,467.75,468.25,467.5,468.25,575,ZC.v.0
2026-03-26 07:00:00+00:00,34,1,42273528,468.0,468.5,467.5,468.0,1180,ZC.v.0
2026-03-26 08:00:00+00:00,34,1,42273528,467.75,468.75,467.5,468.25,1902,ZC.v.0
2026-03-26 09:00:00+00:00,34,1,42273528,468.5,468.5,467.0,467.0,3420,ZC.v.0
2026-03-26 10:00:00+00:00,34,1,42273528,467.0,467.75,466.75,467.5,1576,ZC.v.0
2026-03-26 11:00:00+00:00,34,1,42273528,467.25,467.5,466.5,466.75,1392,ZC.v.0
2026-03-26 12:00:00+00:00,34,1,42273528,466.5,467.0,465.25,466.75,4416,ZC.v.0
2026-03-26 13:00:00+00:00,34,1,42273528,466.75,466.75,462.0,462.5,19224,ZC.v.0
2026-03-26 14:00:00+00:00,34,1,42273528,462.75,465.0,462.25,464.75,16684,ZC.v.0
2026-03-26 15:00:00+00:00,34,1,42273528,465.0,466.0,463.75,465.75,9839,ZC.v.0
2026-03-26 16:00:00+00:00,34,1,42273528,465.5,466.5,465.0,465.25,8547,ZC.v.0
2026-03-26 17:00:00+00:00,34,1,42273528,465.5,468.75,465.25,468.5,17590,ZC.v.0
2026-03-26 18:00:00+00:00,34,1,42273528,468.25,468.5,466.0,466.25,12644,ZC.v.0
2026-03-27 00:00:00+00:00,34,1,42273528,466.0,467.25,465.25,467.0,2653,ZC.v.0
2026-03-27 01:00:00+00:00,34,1,42273528,467.25,467.25,466.5,466.75,460,ZC.v.0
2026-03-27 02:00:00+00:00,34,1,42273528,466.5,467.25,466.0,467.0,837,ZC.v.0
2026-03-27 03:00:00+00:00,34,1,42273528,467.0,467.25,466.75,467.0,169,ZC.v.0
2026-03-27 04:00:00+00:00,34,1,42273528,467.25,467.75,467.25,467.5,216,ZC.v.0
2026-03-27 05:00:00+00:00,34,1,42273528,467.75,468.0,467.25,467.75,201,ZC.v.0
2026-03-27 06:00:00+00:00,34,1,42273528,467.75,468.0,467.25,467.5,1015,ZC.v.0
2026-03-27 07:00:00+00:00,34,1,42273528,467.75,468.5,467.5,468.5,563,ZC.v.0
2026-03-27 08:00:00+00:00,34,1,42273528,468.5,469.5,468.25,469.0,2895,ZC.v.0
2026-03-27 09:00:00+00:00,34,1,42273528,469.0,469.5,468.75,469.25,1344,ZC.v.0
2026-03-27 10:00:00+00:00,34,1,42273528,469.25,469.75,469.0,469.75,2200,ZC.v.0
2026-03-27 11:00:00+00:00,34,1,42273528,469.75,470.5,468.75,469.25,5538,ZC.v.0
2026-03-27 12:00:00+00:00,34,1,42273528,469.25,469.5,468.5,469.0,1683,ZC.v.0
2026-03-27 13:00:00+00:00,34,1,42273528,468.5,468.75,464.0,465.25,18011,ZC.v.0
2026-03-27 14:00:00+00:00,34,1,42273528,465.25,467.5,464.75,465.5,17682,ZC.v.0
2026-03-27 15:00:00+00:00,34,1,42273528,465.75,467.0,463.5,465.0,16383,ZC.v.0
2026-03-27 16:00:00+00:00,34,1,42273528,464.75,465.5,462.5,463.75,21982,ZC.v.0
2026-03-27 17:00:00+00:00,34,1,42273528,463.75,463.75,460.75,461.25,18747,ZC.v.0
2026-03-27 18:00:00+00:00,34,1,42273528,461.25,462.25,461.25,461.75,13209,ZC.v.0
2026-03-30 00:00:00+00:00,34,1,42273528,462.75,465.75,462.5,464.75,9088,ZC.v.0
2026-03-30 01:00:00+00:00,34,1,42273528,465.0,465.75,463.75,464.0,1684,ZC.v.0
2026-03-30 02:00:00+00:00,34,1,42273528,463.75,464.25,463.25,463.25,930,ZC.v.0
2026-03-30 03:00:00+00:00,34,1,42273528,463.25,463.25,462.25,463.25,615,ZC.v.0
2026-03-30 04:00:00+00:00,34,1,42273528,463.25,463.5,463.0,463.25,233,ZC.v.0
2026-03-30 05:00:00+00:00,34,1,42273528,463.25,463.25,462.25,462.5,510,ZC.v.0
2026-03-30 06:00:00+00:00,34,1,42273528,462.75,463.0,462.0,463.0,1545,ZC.v.0
2026-03-30 07:00:00+00:00,34,1,42273528,463.0,463.5,462.25,463.0,1661,ZC.v.0
2026-03-30 08:00:00+00:00,34,1,42273528,463.25,463.25,461.75,462.25,2157,ZC.v.0
2026-03-30 09:00:00+00:00,34,1,42273528,462.0,462.75,461.5,462.75,1299,ZC.v.0
2026-03-30 10:00:00+00:00,34,1,42273528,462.75,463.25,462.5,463.0,750,ZC.v.0
2026-03-30 11:00:00+00:00,34,1,42273528,463.0,463.25,461.0,461.5,3006,ZC.v.0
2026-03-30 12:00:00+00:00,34,1,42273528,461.25,461.75,460.0,461.0,2850,ZC.v.0
2026-03-30 13:00:00+00:00,34,1,42273528,460.5,461.5,458.75,460.5,17552,ZC.v.0
2026-03-30 14:00:00+00:00,34,1,42273528,460.5,461.0,457.75,458.25,17319,ZC.v.0
2026-03-30 15:00:00+00:00,34,1,42273528,458.25,459.25,457.0,458.5,15183,ZC.v.0
2026-03-30 16:00:00+00:00,34,1,42273528,458.5,459.25,457.25,457.25,10490,ZC.v.0
2026-03-30 17:00:00+00:00,34,1,42273528,457.5,457.75,457.0,457.25,9632,ZC.v.0
2026-03-30 18:00:00+00:00,34,1,42273528,457.25,457.5,455.0,455.25,17784,ZC.v.0
2026-03-31 00:00:00+00:00,34,1,42273528,455.5,456.25,455.0,455.25,5647,ZC.v.0
2026-03-31 01:00:00+00:00,34,1,42273528,455.25,455.75,454.5,454.75,2724,ZC.v.0
2026-03-31 02:00:00+00:00,34,1,42273528,454.75,455.75,454.5,455.5,1061,ZC.v.0
2026-03-31 03:00:00+00:00,34,1,42273528,455.75,456.0,455.25,456.0,303,ZC.v.0
2026-03-31 04:00:00+00:00,34,1,42273528,456.0,456.25,455.75,456.0,307,ZC.v.0
2026-03-31 05:00:00+00:00,34,1,42273528,456.0,456.0,455.5,455.75,265,ZC.v.0
2026-03-31 06:00:00+00:00,34,1,42273528,456.0,456.25,455.75,456.0,745,ZC.v.0
2026-03-31 07:00:00+00:00,34,1,42273528,455.75,456.75,455.75,456.0,1829,ZC.v.0
2026-03-31 08:00:00+00:00,34,1,42273528,456.0,456.25,455.25,455.5,2166,ZC.v.0
2026-03-31 09:00:00+00:00,34,1,42273528,455.25,455.75,454.5,455.5,2009,ZC.v.0
2026-03-31 10:00:00+00:00,34,1,42273528,455.5,455.75,455.0,455.25,893,ZC.v.0
2026-03-31 11:00:00+00:00,34,1,42273528,455.5,455.5,454.0,454.25,4068,ZC.v.0
2026-03-31 12:00:00+00:00,34,1,42273528,454.25,454.5,454.0,454.25,3139,ZC.v.0
2026-03-31 13:00:00+00:00,34,1,42273528,454.5,454.75,451.75,451.75,21591,ZC.v.0
2026-03-31 14:00:00+00:00,34,1,42273528,452.0,454.25,451.25,453.0,23169,ZC.v.0
2026-03-31 15:00:00+00:00,34,1,42273528,453.0,454.75,452.25,453.25,21725,ZC.v.0
2026-03-31 16:00:00+00:00,34,1,42273528,453.25,462.0,452.0,456.25,79400,ZC.v.0
2026-03-31 17:00:00+00:00,34,1,42273528,456.5,460.0,455.75,458.25,12869,ZC.v.0
2026-03-31 18:00:00+00:00,34,1,42273528,458.25,458.5,456.5,458.5,12793,ZC.v.0
2026-04-01 00:00:00+00:00,34,1,42273528,457.5,460.0,457.5,459.5,3143,ZC.v.0
2026-04-01 01:00:00+00:00,34,1,42273528,459.25,459.25,458.5,459.0,756,ZC.v.0
2026-04-01 02:00:00+00:00,34,1,42273528,458.75,459.25,458.5,459.25,280,ZC.v.0
2026-04-01 03:00:00+00:00,34,1,42273528,459.25,459.25,458.5,458.5,121,ZC.v.0
2026-04-01 04:00:00+00:00,34,1,42273528,458.75,458.75,458.0,458.0,387,ZC.v.0
2026-04-01 05:00:00+00:00,34,1,42273528,458.25,458.5,456.5,456.5,1285,ZC.v.0
2026-04-01 06:00:00+00:00,34,1,42273528,456.5,457.0,453.25,453.75,3133,ZC.v.0
2026-04-01 07:00:00+00:00,34,1,42273528,453.75,454.25,452.75,453.75,3808,ZC.v.0
2026-04-01 08:00:00+00:00,34,1,42273528,453.75,454.25,453.25,453.75,3434,ZC.v.0
2026-04-01 09:00:00+00:00,34,1,42273528,453.75,454.75,453.25,453.75,1662,ZC.v.0
2026-04-01 10:00:00+00:00,34,1,42273528,453.75,454.0,452.5,452.75,1413,ZC.v.0
2026-04-01 11:00:00+00:00,34,1,42273528,452.75,453.0,451.75,452.0,3650,ZC.v.0
2026-04-01 12:00:00+00:00,34,1,42273528,452.0,453.25,452.0,452.75,2643,ZC.v.0
2026-04-01 13:00:00+00:00,34,1,42273528,453.25,453.5,450.25,450.5,23024,ZC.v.0
2026-04-01 14:00:00+00:00,34,1,42273528,450.75,450.75,448.5,448.75,24019,ZC.v.0
2026-04-01 15:00:00+00:00,34,1,42273528,449.0,450.5,448.5,449.5,15399,ZC.v.0
2026-04-01 16:00:00+00:00,34,1,42273528,449.5,453.25,449.5,452.5,13450,ZC.v.0
2026-04-01 17:00:00+00:00,34,1,42273528,452.5,454.5,452.5,453.75,7934,ZC.v.0
2026-04-01 18:00:00+00:00,34,1,42273528,453.75,455.0,453.0,453.0,9892,ZC.v.0
2026-04-02 00:00:00+00:00,34,1,42273528,454.0,454.25,452.5,452.75,1947,ZC.v.0
2026-04-02 01:00:00+00:00,34,1,42273528,452.75,456.75,452.75,456.5,4811,ZC.v.0
2026-04-02 02:00:00+00:00,34,1,42273528,456.25,456.75,456.0,456.75,638,ZC.v.0
2026-04-02 03:00:00+00:00,34,1,42273528,456.5,457.25,456.5,457.25,926,ZC.v.0
2026-04-02 04:00:00+00:00,34,1,42273528,457.25,457.75,456.75,457.5,1771,ZC.v.0
2026-04-02 05:00:00+00:00,34,1,42273528,457.25,457.75,457.0,457.5,552,ZC.v.0
2026-04-02 06:00:00+00:00,34,1,42273528,457.5,458.0,457.25,457.5,380,ZC.v.0
2026-04-02 07:00:00+00:00,34,1,42273528,457.25,457.75,457.0,457.5,1564,ZC.v.0
2026-04-02 08:00:00+00:00,34,1,42273528,457.25,458.0,457.25,458.0,918,ZC.v.0
2026-04-02 09:00:00+00:00,34,1,42273528,458.0,458.25,456.75,457.0,936,ZC.v.0
2026-04-02 10:00:00+00:00,34,1,42273528,456.75,458.0,456.25,458.0,2321,ZC.v.0
2026-04-02 11:00:00+00:00,34,1,42273528,458.0,459.0,457.5,458.75,1885,ZC.v.0
2026-04-02 12:00:00+00:00,34,1,42273528,458.5,459.25,457.75,459.25,2518,ZC.v.0
2026-04-02 13:00:00+00:00,34,1,42273528,459.0,460.5,456.0,456.5,19073,ZC.v.0
2026-04-02 14:00:00+00:00,34,1,42273528,456.5,456.75,452.5,453.0,22126,ZC.v.0
2026-04-02 15:00:00+00:00,34,1,42273528,452.75,453.0,451.25,452.0,14014,ZC.v.0
2026-04-02 16:00:00+00:00,34,1,42273528,451.75,453.0,451.25,452.75,9174,ZC.v.0
2026-04-02 17:00:00+00:00,34,1,42273528,452.75,455.0,452.5,453.75,9481,ZC.v.0
2026-04-02 18:00:00+00:00,34,1,42273528,453.75,454.0,451.5,452.0,17689,ZC.v.0
2026-04-06 00:00:00+00:00,34,1,42273528,453.0,454.0,449.5,450.0,5976,ZC.v.0
2026-04-06 01:00:00+00:00,34,1,42273528,450.0,450.0,449.25,449.5,826,ZC.v.0
2026-04-06 02:00:00+00:00,34,1,42273528,449.25,449.75,449.0,449.0,1015,ZC.v.0
2026-04-06 03:00:00+00:00,34,1,42273528,449.0,449.5,448.75,448.75,480,ZC.v.0
2026-04-06 04:00:00+00:00,34,1,42273528,448.75,449.25,448.25,449.0,2532,ZC.v.0
2026-04-06 05:00:00+00:00,34,1,42273528,449.25,449.5,449.0,449.5,387,ZC.v.0
2026-04-06 06:00:00+00:00,34,1,42273528,449.5,450.0,449.0,449.75,692,ZC.v.0
2026-04-06 07:00:00+00:00,34,1,42273528,449.75,450.25,449.25,449.5,942,ZC.v.0
2026-04-06 08:00:00+00:00,34,1,42273528,449.5,451.25,449.5,451.0,1676,ZC.v.0
2026-04-06 09:00:00+00:00,34,1,42273528,450.5,451.0,450.0,450.5,1724,ZC.v.0
2026-04-06 10:00:00+00:00,34,1,42273528,450.75,451.25,449.75,450.25,736,ZC.v.0
2026-04-06 11:00:00+00:00,34,1,42273528,450.25,451.75,450.25,451.75,1896,ZC.v.0
2026-04-06 12:00:00+00:00,34,1,42273528,451.5,452.0,451.25,451.75,2276,ZC.v.0
2026-04-06 13:00:00+00:00,34,1,42273528,452.0,453.5,450.5,452.75,13207,ZC.v.0
2026-04-06 14:00:00+00:00,34,1,42273528,452.75,454.0,451.0,453.25,13101,ZC.v.0
2026-04-06 15:00:00+00:00,34,1,42273528,453.0,454.0,452.5,453.25,8609,ZC.v.0
2026-04-06 16:00:00+00:00,34,1,42273528,453.25,454.25,452.5,454.25,8417,ZC.v.0
2026-04-06 17:00:00+00:00,34,1,42273528,454.25,454.5,453.25,454.0,7181,ZC.v.0
2026-04-06 18:00:00+00:00,34,1,42273528,454.0,454.5,453.25,453.75,11541,ZC.v.0
2026-04-07 00:00:00+00:00,34,1,42273528,454.0,455.0,452.75,453.0,2149,ZC.v.0
2026-04-07 01:00:00+00:00,34,1,42273528,453.25,453.75,452.25,453.75,1058,ZC.v.0
2026-04-07 02:00:00+00:00,34,1,42273528,453.5,454.25,453.5,453.75,326,ZC.v.0
2026-04-07 03:00:00+00:00,34,1,42273528,454.0,454.0,453.25,453.5,262,ZC.v.0
2026-04-07 04:00:00+00:00,34,1,42273528,453.5,453.75,452.75,452.75,206,ZC.v.0
2026-04-07 05:00:00+00:00,34,1,42273528,453.0,453.25,452.75,452.75,117,ZC.v.0
2026-04-07 06:00:00+00:00,34,1,42273528,453.0,453.5,453.0,453.0,757,ZC.v.0
2026-04-07 07:00:00+00:00,34,1,42273528,453.0,453.25,452.0,452.25,1242,ZC.v.0
2026-04-07 08:00:00+00:00,34,1,42273528,452.25,452.25,450.5,450.75,2003,ZC.v.0
2026-04-07 09:00:00+00:00,34,1,42273528,450.5,451.25,450.25,450.75,1733,ZC.v.0
2026-04-07 10:00:00+00:00,34,1,42273528,450.75,452.0,450.5,451.5,3361,ZC.v.0
2026-04-07 11:00:00+00:00,34,1,42273528,451.75,452.5,451.0,452.0,2100,ZC.v.0
2026-04-07 12:00:00+00:00,34,1,42273528,452.0,453.25,451.75,453.0,2762,ZC.v.0
2026-04-07 13:00:00+00:00,34,1,42273528,453.25,453.5,452.0,453.0,11693,ZC.v.0
2026-04-07 14:00:00+00:00,34,1,42273528,452.75,453.75,451.25,451.75,13042,ZC.v.0
2026-04-07 15:00:00+00:00,34,1,42273528,451.75,452.25,448.75,449.25,18619,ZC.v.0
2026-04-07 16:00:00+00:00,34,1,42273528,449.0,450.0,448.25,449.25,18566,ZC.v.0
2026-04-07 17:00:00+00:00,34,1,42273528,449.25,450.25,448.75,449.75,12940,ZC.v.0
2026-04-07 18:00:00+00:00,34,1,42273528,450.0,450.0,448.5,448.75,10560,ZC.v.0
2026-04-08 00:00:00+00:00,34,1,42273528,447.0,447.25,442.5,443.0,27845,ZC.v.0
2026-04-08 01:00:00+00:00,34,1,42273528,443.0,445.25,442.25,444.5,3810,ZC.v.0
2026-04-08 02:00:00+00:00,34,1,42273528,444.5,445.25,444.0,444.5,1578,ZC.v.0
2026-04-08 03:00:00+00:00,34,1,42273528,444.5,444.5,444.0,444.25,520,ZC.v.0
2026-04-08 04:00:00+00:00,34,1,42273528,444.0,444.5,444.0,444.25,173,ZC.v.0
2026-04-08 05:00:00+00:00,34,1,42273528,444.5,444.5,443.75,444.25,677,ZC.v.0
2026-04-08 06:00:00+00:00,34,1,42273528,444.0,444.25,443.0,444.0,1530,ZC.v.0
2026-04-08 07:00:00+00:00,34,1,42273528,444.0,444.5,443.5,443.75,2206,ZC.v.0
2026-04-08 08:00:00+00:00,34,1,42273528,443.75,445.0,443.0,445.0,3443,ZC.v.0
2026-04-08 09:00:00+00:00,34,1,42273528,444.75,445.5,444.25,445.25,2750,ZC.v.0
2026-04-08 10:00:00+00:00,34,1,42273528,445.0,446.0,444.75,445.5,2297,ZC.v.0
2026-04-08 11:00:00+00:00,34,1,42273528,445.5,445.75,442.75,443.75,3607,ZC.v.0
2026-04-08 12:00:00+00:00,34,1,42273528,443.75,445.0,443.0,444.0,3375,ZC.v.0
2026-04-08 13:00:00+00:00,34,1,42273528,444.5,446.5,443.75,446.0,17762,ZC.v.0
2026-04-08 14:00:00+00:00,34,1,42273528,446.25,448.0,444.25,447.5,22061,ZC.v.0
2026-04-08 15:00:00+00:00,34,1,42273528,447.5,448.25,445.0,445.0,11350,ZC.v.0
2026-04-08 16:00:00+00:00,34,1,42273528,445.25,445.5,443.75,444.0,9950,ZC.v.0
2026-04-08 17:00:00+00:00,34,1,42273528,444.0,447.5,444.0,447.25,13973,ZC.v.0
2026-04-08 18:00:00+00:00,34,1,42273528,447.25,447.75,446.25,447.25,11372,ZC.v.0
2026-04-09 00:00:00+00:00,34,1,42273528,447.25,448.5,446.5,448.25,3413,ZC.v.0
2026-04-09 01:00:00+00:00,34,1,42273528,448.0,448.5,447.75,448.0,906,ZC.v.0
2026-04-09 02:00:00+00:00,34,1,42273528,448.0,448.5,447.75,448.0,268,ZC.v.0
2026-04-09 03:00:00+00:00,34,1,42273528,448.25,448.5,448.0,448.5,357,ZC.v.0
2026-04-09 04:00:00+00:00,34,1,42273528,448.25,448.75,448.25,448.5,123,ZC.v.0
2026-04-09 05:00:00+00:00,34,1,42273528,448.5,448.75,448.5,448.5,266,ZC.v.0
2026-04-09 06:00:00+00:00,34,1,42273528,448.5,448.75,448.0,448.5,247,ZC.v.0
2026-04-09 07:00:00+00:00,34,1,42273528,448.25,448.75,447.75,448.0,1017,ZC.v.0
2026-04-09 08:00:00+00:00,34,1,42273528,447.75,449.25,447.75,449.0,1527,ZC.v.0
2026-04-09 09:00:00+00:00,34,1,42273528,449.0,449.75,448.75,449.75,658,ZC.v.0
2026-04-09 10:00:00+00:00,34,1,42273528,449.75,450.25,449.25,449.25,1343,ZC.v.0
2026-04-09 11:00:00+00:00,34,1,42273528,449.25,450.0,449.0,449.75,702,ZC.v.0
2026-04-09 12:00:00+00:00,34,1,42273528,449.75,450.25,449.25,450.0,3509,ZC.v.0
2026-04-09 13:00:00+00:00,34,1,42273528,450.0,450.0,447.5,448.75,14717,ZC.v.0
2026-04-09 14:00:00+00:00,34,1,42273528,448.75,448.75,446.5,446.5,10800,ZC.v.0
2026-04-09 15:00:00+00:00,34,1,42273528,446.75,447.0,444.75,445.5,14081,ZC.v.0
2026-04-09 16:00:00+00:00,34,1,42273528,445.75,445.75,443.0,443.25,16605,ZC.v.0
2026-04-09 17:00:00+00:00,34,1,42273528,443.25,443.75,442.25,443.25,11451,ZC.v.0
2026-04-09 18:00:00+00:00,34,1,42273528,443.25,444.75,443.25,444.5,10812,ZC.v.0
2026-04-10 00:00:00+00:00,34,1,42273528,444.75,445.75,444.0,445.0,3336,ZC.v.0
2026-04-10 01:00:00+00:00,34,1,42273528,445.25,445.5,444.75,445.25,642,ZC.v.0
2026-04-10 02:00:00+00:00,34,1,42273528,445.25,445.25,444.25,444.5,353,ZC.v.0
2026-04-10 03:00:00+00:00,34,1,42273528,444.5,444.75,444.0,444.25,169,ZC.v.0
2026-04-10 04:00:00+00:00,34,1,42273528,444.25,444.5,444.25,444.25,202,ZC.v.0
2026-04-10 05:00:00+00:00,34,1,42273528,444.25,445.0,444.25,444.5,389,ZC.v.0
2026-04-10 06:00:00+00:00,34,1,42273528,444.5,444.75,444.0,444.5,2044,ZC.v.0
2026-04-10 07:00:00+00:00,34,1,42273528,444.25,445.25,444.25,444.75,651,ZC.v.0
2026-04-10 08:00:00+00:00,34,1,42273528,445.0,446.25,445.0,445.0,1318,ZC.v.0
2026-04-10 09:00:00+00:00,34,1,42273528,445.0,445.0,443.0,443.0,1695,ZC.v.0
2026-04-10 10:00:00+00:00,34,1,42273528,443.0,443.5,442.5,443.0,1370,ZC.v.0
2026-04-10 11:00:00+00:00,34,1,42273528,443.0,444.0,443.0,443.25,1980,ZC.v.0
2026-04-10 12:00:00+00:00,34,1,42273528,443.25,443.75,442.5,443.0,3299,ZC.v.0
2026-04-10 13:00:00+00:00,34,1,42273528,443.0,443.75,439.0,439.5,24430,ZC.v.0
2026-04-10 14:00:00+00:00,34,1,42273528,439.25,440.25,438.0,439.75,23165,ZC.v.0
2026-04-10 15:00:00+00:00,34,1,42273528,440.0,443.0,439.5,442.25,15826,ZC.v.0
2026-04-10 16:00:00+00:00,34,1,42273528,442.25,442.5,441.25,441.75,7730,ZC.v.0
2026-04-10 17:00:00+00:00,34,1,42273528,441.75,443.25,441.5,441.75,8509,ZC.v.0
2026-04-10 18:00:00+00:00,34,1,42273528,442.0,442.0,440.25,440.75,13922,ZC.v.0
2026-04-13 00:00:00+00:00,34,1,42273528,446.0,446.0,444.0,445.25,8377,ZC.v.0
2026-04-13 01:00:00+00:00,34,1,42273528,445.0,445.5,444.0,444.25,2231,ZC.v.0
2026-04-13 02:00:00+00:00,34,1,42273528,444.25,444.5,444.0,444.0,175,ZC.v.0
2026-04-13 03:00:00+00:00,34,1,42273528,444.0,444.5,444.0,444.25,302,ZC.v.0
2026-04-13 04:00:00+00:00,34,1,42273528,444.5,444.5,444.0,444.25,164,ZC.v.0
2026-04-13 05:00:00+00:00,34,1,42273528,444.0,444.5,443.25,443.5,550,ZC.v.0
2026-04-13 06:00:00+00:00,34,1,42273528,443.5,443.75,443.25,443.5,442,ZC.v.0
2026-04-13 07:00:00+00:00,34,1,42273528,443.25,443.75,442.75,443.25,1089,ZC.v.0
2026-04-13 08:00:00+00:00,34,1,42273528,443.0,444.5,442.75,444.5,2629,ZC.v.0
2026-04-13 09:00:00+00:00,34,1,42273528,444.25,445.0,444.0,444.5,662,ZC.v.0
2026-04-13 10:00:00+00:00,34,1,42273528,444.5,445.0,444.0,444.75,1173,ZC.v.0
2026-04-13 11:00:00+00:00,34,1,42273528,444.75,445.5,444.25,445.0,2436,ZC.v.0
2026-04-13 12:00:00+00:00,34,1,42273528,445.0,445.25,443.5,443.5,1908,ZC.v.0
2026-04-13 13:00:00+00:00,34,1,42273528,443.5,445.25,441.75,442.25,17143,ZC.v.0
2026-04-13 14:00:00+00:00,34,1,42273528,442.25,444.5,441.25,443.0,16427,ZC.v.0
2026-04-13 15:00:00+00:00,34,1,42273528,443.0,445.5,443.0,445.5,9013,ZC.v.0
2026-04-13 16:00:00+00:00,34,1,42273528,445.25,445.5,443.0,443.75,11044,ZC.v.0
2026-04-13 17:00:00+00:00,34,1,42273528,443.5,444.5,440.25,440.25,12680,ZC.v.0
2026-04-13 18:00:00+00:00,34,1,42273528,440.25,441.0,440.0,441.0,11099,ZC.v.0
2026-04-14 00:00:00+00:00,34,1,42273528,440.5,441.5,440.25,440.5,2310,ZC.v.0
2026-04-14 01:00:00+00:00,34,1,42273528,440.75,441.75,440.75,441.5,819,ZC.v.0
2026-04-14 02:00:00+00:00,34,1,42273528,441.75,442.5,441.5,442.5,749,ZC.v.0
2026-04-14 03:00:00+00:00,34,1,42273528,442.25,442.75,442.25,442.5,528,ZC.v.0
2026-04-14 04:00:00+00:00,34,1,42273528,442.75,442.75,442.5,442.75,841,ZC.v.0
2026-04-14 05:00:00+00:00,34,1,42273528,442.5,442.75,442.25,442.75,264,ZC.v.0
2026-04-14 06:00:00+00:00,34,1,42273528,442.5,443.0,442.25,442.75,283,ZC.v.0
2026-04-14 07:00:00+00:00,34,1,42273528,442.75,443.0,442.0,443.0,1359,ZC.v.0
2026-04-14 08:00:00+00:00,34,1,42273528,443.0,443.25,442.5,442.5,1003,ZC.v.0
2026-04-14 09:00:00+00:00,34,1,42273528,442.5,443.0,442.0,442.25,594,ZC.v.0
2026-04-14 10:00:00+00:00,34,1,42273528,442.25,443.25,442.25,442.5,578,ZC.v.0
2026-04-14 11:00:00+00:00,34,1,42273528,442.75,443.5,442.0,442.5,1546,ZC.v.0
2026-04-14 12:00:00+00:00,34,1,42273528,442.75,444.0,442.0,443.25,1820,ZC.v.0
2026-04-14 13:00:00+00:00,34,1,42273528,443.0,443.5,441.75,442.5,12069,ZC.v.0
2026-04-14 14:00:00+00:00,34,1,42273528,442.5,446.0,442.0,445.5,21712,ZC.v.0
2026-04-14 15:00:00+00:00,34,1,42273528,445.5,446.0,442.5,444.0,13563,ZC.v.0
2026-04-14 16:00:00+00:00,34,1,42273528,444.0,444.75,442.5,442.75,6900,ZC.v.0
2026-04-14 17:00:00+00:00,34,1,42273528,442.75,444.75,442.5,443.5,8129,ZC.v.0
2026-04-14 18:00:00+00:00,34,1,42273528,443.5,443.75,442.5,443.0,10848,ZC.v.0
2026-04-15 00:00:00+00:00,34,1,42273528,443.0,445.0,442.75,444.75,3285,ZC.v.0
2026-04-15 01:00:00+00:00,34,1,42273528,444.75,445.75,444.75,445.25,1265,ZC.v.0
2026-04-15 02:00:00+00:00,34,1,42273528,445.5,445.75,445.25,445.5,398,ZC.v.0
2026-04-15 03:00:00+00:00,34,1,42273528,445.5,446.0,445.25,445.25,760,ZC.v.0
2026-04-15 04:00:00+00:00,34,1,42273528,445.5,445.5,445.25,445.25,75,ZC.v.0
2026-04-15 05:00:00+00:00,34,1,42273528,445.5,446.25,445.5,446.25,1003,ZC.v.0
2026-04-15 06:00:00+00:00,34,1,42273528,446.0,446.25,445.75,446.0,374,ZC.v.0
2026-04-15 07:00:00+00:00,34,1,42273528,446.25,446.75,446.0,446.25,911,ZC.v.0
2026-04-15 08:00:00+00:00,34,1,42273528,446.25,446.75,445.75,446.75,740,ZC.v.0
2026-04-15 09:00:00+00:00,34,1,42273528,446.5,447.5,446.25,447.0,1615,ZC.v.0
2026-04-15 10:00:00+00:00,34,1,42273528,447.0,447.0,446.25,446.5,1179,ZC.v.0
2026-04-15 11:00:00+00:00,34,1,42273528,446.5,447.25,445.75,445.75,3044,ZC.v.0
2026-04-15 12:00:00+00:00,34,1,42273528,446.0,447.25,445.75,446.75,2201,ZC.v.0
2026-04-15 13:00:00+00:00,34,1,42273528,446.75,450.0,446.5,447.0,18652,ZC.v.0
2026-04-15 14:00:00+00:00,34,1,42273528,447.0,449.25,446.75,449.0,15757,ZC.v.0
2026-04-15 15:00:00+00:00,34,1,42273528,449.0,450.5,448.75,450.0,17307,ZC.v.0
2026-04-15 16:00:00+00:00,34,1,42273528,450.25,451.25,449.75,451.25,12274,ZC.v.0
2026-04-15 17:00:00+00:00,34,1,42273528,451.25,452.0,450.5,451.0,12381,ZC.v.0
2026-04-15 18:00:00+00:00,34,1,42273528,451.0,451.75,450.0,451.75,14521,ZC.v.0
2026-04-16 00:00:00+00:00,34,1,42273528,451.0,452.0,450.25,451.0,2731,ZC.v.0
2026-04-16 01:00:00+00:00,34,1,42273528,450.75,451.5,450.5,451.0,627,ZC.v.0
2026-04-16 02:00:00+00:00,34,1,42273528,451.0,451.5,451.0,451.25,367,ZC.v.0
2026-04-16 03:00:00+00:00,34,1,42273528,451.25,451.5,451.0,451.5,388,ZC.v.0
2026-04-16 04:00:00+00:00,34,1,42273528,451.5,451.75,451.25,451.25,425,ZC.v.0
2026-04-16 05:00:00+00:00,34,1,42273528,451.25,451.25,450.5,451.0,597,ZC.v.0
2026-04-16 06:00:00+00:00,34,1,42273528,451.0,452.25,451.0,452.0,1692,ZC.v.0
2026-04-16 07:00:00+00:00,34,1,42273528,452.0,452.75,451.75,452.25,1261,ZC.v.0
2026-04-16 08:00:00+00:00,34,1,42273528,452.5,452.5,450.75,450.75,971,ZC.v.0
2026-04-16 09:00:00+00:00,34,1,42273528,450.75,450.75,449.75,450.25,2218,ZC.v.0
2026-04-16 10:00:00+00:00,34,1,42273528,450.25,451.0,450.25,450.5,970,ZC.v.0
2026-04-16 11:00:00+00:00,34,1,42273528,450.5,451.5,450.0,450.5,1694,ZC.v.0
2026-04-16 12:00:00+00:00,34,1,42273528,450.25,450.75,449.75,450.5,1300,ZC.v.0
2026-04-16 13:00:00+00:00,34,1,42273528,450.25,452.0,449.75,451.5,12319,ZC.v.0
2026-04-16 14:00:00+00:00,34,1,42273528,451.5,452.25,450.0,450.75,10443,ZC.v.0
2026-04-16 15:00:00+00:00,34,1,42273528,450.75,451.5,449.0,451.0,11228,ZC.v.0
2026-04-16 16:00:00+00:00,34,1,42273528,450.75,451.0,448.5,449.5,8414,ZC.v.0
2026-04-16 17:00:00+00:00,34,1,42273528,449.5,449.5,447.75,448.0,8286,ZC.v.0
2026-04-16 18:00:00+00:00,34,1,42273528,448.0,448.75,447.5,448.75,9628,ZC.v.0
2026-04-17 00:00:00+00:00,34,1,42273528,448.25,449.75,447.5,449.75,1824,ZC.v.0
2026-04-17 01:00:00+00:00,34,1,42273528,449.75,450.0,449.25,449.75,386,ZC.v.0
2026-04-17 02:00:00+00:00,34,1,42273528,449.75,449.75,449.25,449.75,158,ZC.v.0
2026-04-17 03:00:00+00:00,34,1,42273528,449.75,450.5,449.75,449.75,1053,ZC.v.0
2026-04-17 04:00:00+00:00,34,1,42273528,449.75,449.75,449.25,449.25,101,ZC.v.0
2026-04-17 05:00:00+00:00,34,1,42273528,449.5,449.5,449.25,449.25,349,ZC.v.0
2026-04-17 06:00:00+00:00,34,1,42273528,449.5,449.75,449.25,449.75,251,ZC.v.0
2026-04-17 07:00:00+00:00,34,1,42273528,449.5,450.75,449.5,450.75,1612,ZC.v.0
2026-04-17 08:00:00+00:00,34,1,42273528,450.75,451.0,449.75,450.0,1236,ZC.v.0
2026-04-17 09:00:00+00:00,34,1,42273528,450.0,450.5,449.25,449.5,935,ZC.v.0
2026-04-17 10:00:00+00:00,34,1,42273528,449.5,450.5,448.75,450.25,1409,ZC.v.0
2026-04-17 11:00:00+00:00,34,1,42273528,450.25,450.75,449.0,449.5,1085,ZC.v.0
2026-04-17 12:00:00+00:00,34,1,42273528,449.5,449.75,447.75,447.75,2733,ZC.v.0
2026-04-17 13:00:00+00:00,34,1,42273528,445.5,447.5,443.25,445.5,23553,ZC.v.0
2026-04-17 14:00:00+00:00,34,1,42273528,445.25,446.0,444.0,446.0,13526,ZC.v.0
2026-04-17 15:00:00+00:00,34,1,42273528,446.25,448.25,445.75,447.25,12367,ZC.v.0
2026-04-17 16:00:00+00:00,34,1,42273528,447.25,447.5,445.75,446.75,6403,ZC.v.0
2026-04-17 17:00:00+00:00,34,1,42273528,447.0,449.0,446.75,447.25,7537,ZC.v.0
2026-04-17 18:00:00+00:00,34,1,42273528,447.5,449.0,447.25,448.0,6931,ZC.v.0
2026-04-20 00:00:00+00:00,34,1,42273528,449.0,451.75,449.0,451.0,4997,ZC.v.0
2026-04-20 01:00:00+00:00,34,1,42273528,451.0,451.5,449.75,449.75,934,ZC.v.0
2026-04-20 02:00:00+00:00,34,1,42273528,450.0,450.5,449.75,449.75,445,ZC.v.0
2026-04-20 03:00:00+00:00,34,1,42273528,449.75,450.5,449.75,450.5,353,ZC.v.0
2026-04-20 04:00:00+00:00,34,1,42273528,450.5,450.5,449.75,449.75,233,ZC.v.0
2026-04-20 05:00:00+00:00,34,1,42273528,449.75,450.25,449.75,449.75,327,ZC.v.0
2026-04-20 06:00:00+00:00,34,1,42273528,450.0,450.0,449.0,449.25,367,ZC.v.0
2026-04-20 07:00:00+00:00,34,1,42273528,449.0,449.0,448.0,448.25,1681,ZC.v.0
2026-04-20 08:00:00+00:00,34,1,42273528,448.25,449.25,447.5,447.75,1598,ZC.v.0
2026-04-20 09:00:00+00:00,34,1,42273528,447.75,448.75,447.25,448.75,981,ZC.v.0
2026-04-20 10:00:00+00:00,34,1,42273528,448.75,449.25,447.75,449.25,1033,ZC.v.0
2026-04-20 11:00:00+00:00,34,1,42273528,449.25,449.5,447.5,448.0,735,ZC.v.0
2026-04-20 12:00:00+00:00,34,1,42273528,448.25,448.5,447.25,448.0,2223,ZC.v.0
2026-04-20 13:00:00+00:00,34,1,42273528,448.0,449.75,446.75,449.25,10300,ZC.v.0
2026-04-20 14:00:00+00:00,34,1,42273528,449.5,451.75,448.5,451.5,10253,ZC.v.0
2026-04-20 15:00:00+00:00,34,1,42273528,451.25,452.5,450.75,452.25,11573,ZC.v.0
2026-04-20 16:00:00+00:00,34,1,42273528,452.25,454.0,452.0,453.0,11311,ZC.v.0
2026-04-20 17:00:00+00:00,34,1,42273528,452.75,453.0,451.25,451.75,11568,ZC.v.0
2026-04-20 18:00:00+00:00,34,1,42273528,451.75,452.5,451.0,452.0,9238,ZC.v.0
2026-04-21 00:00:00+00:00,34,1,42273528,452.0,452.0,451.25,451.5,1588,ZC.v.0
2026-04-21 01:00:00+00:00,34,1,42273528,451.5,451.75,451.0,451.5,267,ZC.v.0
2026-04-21 02:00:00+00:00,34,1,42273528,451.5,451.5,451.25,451.25,235,ZC.v.0
2026-04-21 03:00:00+00:00,34,1,42273528,451.0,451.25,451.0,451.25,68,ZC.v.0
2026-04-21 04:00:00+00:00,34,1,42273528,451.25,451.25,451.0,451.0,304,ZC.v.0
2026-04-21 05:00:00+00:00,34,1,42273528,451.0,451.25,450.75,451.25,137,ZC.v.0
2026-04-21 06:00:00+00:00,34,1,42273528,451.25,452.0,451.0,451.5,487,ZC.v.0
2026-04-21 07:00:00+00:00,34,1,42273528,451.5,452.5,451.5,452.25,1002,ZC.v.0
2026-04-21 08:00:00+00:00,34,1,42273528,452.25,452.25,451.5,451.75,647,ZC.v.0
2026-04-21 09:00:00+00:00,34,1,42273528,451.75,452.25,451.75,451.75,383,ZC.v.0
2026-04-21 10:00:00+00:00,34,1,42273528,451.75,452.0,451.5,451.75,362,ZC.v.0
2026-04-21 11:00:00+00:00,34,1,42273528,451.5,452.0,451.25,451.5,980,ZC.v.0
2026-04-21 12:00:00+00:00,34,1,42273528,451.75,453.25,451.75,453.25,2483,ZC.v.0
2026-04-21 13:00:00+00:00,34,1,42273528,453.0,454.5,452.5,453.75,10526,ZC.v.0
2026-04-21 14:00:00+00:00,34,1,42273528,454.0,454.75,453.0,453.75,7759,ZC.v.0
2026-04-21 15:00:00+00:00,34,1,42273528,453.75,454.5,453.0,454.25,6192,ZC.v.0
2026-04-21 16:00:00+00:00,34,1,42273528,454.0,454.5,452.5,454.5,7293,ZC.v.0
2026-04-21 17:00:00+00:00,34,1,42273528,454.5,455.25,452.75,453.75,9941,ZC.v.0
2026-04-21 18:00:00+00:00,34,1,42273528,453.75,454.5,453.25,453.75,6610,ZC.v.0
2026-04-22 00:00:00+00:00,34,1,42273528,453.5,454.0,452.75,454.0,1416,ZC.v.0
2026-04-22 01:00:00+00:00,34,1,42273528,453.75,455.0,453.75,455.0,947,ZC.v.0
2026-04-22 02:00:00+00:00,34,1,42273528,455.0,455.5,455.0,455.25,331,ZC.v.0
2026-04-22 03:00:00+00:00,34,1,42273528,455.25,455.75,455.25,455.5,712,ZC.v.0
2026-04-22 04:00:00+00:00,34,1,42273528,455.5,456.0,455.5,455.75,102,ZC.v.0
2026-04-22 05:00:00+00:00,34,1,42273528,455.75,455.75,455.0,455.0,112,ZC.v.0
2026-04-22 06:00:00+00:00,34,1,42273528,455.25,455.75,455.0,455.5,531,ZC.v.0
2026-04-22 07:00:00+00:00,34,1,42273528,455.75,456.5,455.75,456.5,825,ZC.v.0
2026-04-22 08:00:00+00:00,34,1,42273528,456.5,457.0,456.0,456.5,1265,ZC.v.0
2026-04-22 09:00:00+00:00,34,1,42273528,456.5,456.75,456.0,456.5,497,ZC.v.0
2026-04-22 10:00:00+00:00,34,1,42273528,456.5,456.5,455.75,456.25,1051,ZC.v.0
2026-04-22 11:00:00+00:00,34,1,42273528,456.25,456.5,455.25,456.0,983,ZC.v.0
2026-04-22 12:00:00+00:00,34,1,42273528,456.25,456.5,455.25,455.25,1350,ZC.v.0
2026-04-22 13:00:00+00:00,34,1,42273528,455.0,455.5,453.75,455.25,5659,ZC.v.0
2026-04-22 14:00:00+00:00,34,1,42273528,455.25,456.75,454.5,456.75,8130,ZC.v.0
2026-04-22 15:00:00+00:00,34,1,42273528,456.5,456.75,455.25,456.0,5083,ZC.v.0
2026-04-22 16:00:00+00:00,34,1,42273528,456.0,457.0,455.25,457.0,5294,ZC.v.0
2026-04-22 17:00:00+00:00,34,1,42273528,457.0,457.0,453.0,453.75,9796,ZC.v.0
2026-04-22 18:00:00+00:00,34,1,42273528,453.75,454.25,453.25,454.25,5779,ZC.v.0
2026-04-23 00:00:00+00:00,34,1,495552,462.0,464.5,461.5,462.25,5187,ZC.v.0
2026-04-23 01:00:00+00:00,34,1,495552,462.5,463.0,462.0,462.0,376,ZC.v.0
2026-04-23 02:00:00+00:00,34,1,495552,462.0,463.5,462.0,463.5,451,ZC.v.0
2026-04-23 03:00:00+00:00,34,1,495552,463.25,463.5,462.5,462.75,398,ZC.v.0
2026-04-23 04:00:00+00:00,34,1,495552,462.5,463.0,462.5,462.75,154,ZC.v.0
2026-04-23 05:00:00+00:00,34,1,495552,462.5,463.0,462.25,462.75,172,ZC.v.0
2026-04-23 06:00:00+00:00,34,1,495552,462.75,463.25,462.25,463.0,467,ZC.v.0
2026-04-23 07:00:00+00:00,34,1,495552,463.25,464.0,462.5,463.0,1767,ZC.v.0
2026-04-23 08:00:00+00:00,34,1,495552,463.0,464.0,463.0,463.5,1417,ZC.v.0
2026-04-23 09:00:00+00:00,34,1,495552,463.5,464.75,463.5,464.75,918,ZC.v.0
2026-04-23 10:00:00+00:00,34,1,495552,464.75,465.25,464.25,464.5,2408,ZC.v.0
2026-04-23 11:00:00+00:00,34,1,495552,464.25,464.5,462.75,463.25,1926,ZC.v.0
2026-04-23 12:00:00+00:00,34,1,495552,463.25,463.25,462.0,462.25,1781,ZC.v.0
2026-04-23 13:00:00+00:00,34,1,495552,462.0,463.0,461.0,462.25,9347,ZC.v.0
2026-04-23 14:00:00+00:00,34,1,495552,462.25,464.25,462.0,462.5,9657,ZC.v.0
2026-04-23 15:00:00+00:00,34,1,495552,462.5,465.25,462.25,464.25,10795,ZC.v.0
2026-04-23 16:00:00+00:00,34,1,495552,464.0,464.25,462.0,462.75,7924,ZC.v.0
2026-04-23 17:00:00+00:00,34,1,495552,462.5,465.25,462.5,463.75,14909,ZC.v.0
2026-04-23 18:00:00+00:00,34,1,495552,463.75,464.5,462.5,464.5,9613,ZC.v.0
2026-04-24 00:00:00+00:00,34,1,495552,464.0,464.25,463.25,464.0,2335,ZC.v.0
2026-04-24 01:00:00+00:00,34,1,495552,464.0,464.25,463.75,463.75,1199,ZC.v.0
2026-04-24 02:00:00+00:00,34,1,495552,463.75,464.25,463.25,463.25,429,ZC.v.0
2026-04-24 03:00:00+00:00,34,1,495552,463.25,463.5,463.0,463.5,374,ZC.v.0
2026-04-24 04:00:00+00:00,34,1,495552,463.5,463.75,463.5,463.75,232,ZC.v.0
2026-04-24 05:00:00+00:00,34,1,495552,463.75,464.0,463.5,464.0,176,ZC.v.0
2026-04-24 06:00:00+00:00,34,1,495552,463.75,464.5,463.5,464.25,1459,ZC.v.0
2026-04-24 07:00:00+00:00,34,1,495552,464.5,464.75,464.0,464.75,685,ZC.v.0
2026-04-24 08:00:00+00:00,34,1,495552,464.75,465.75,464.5,465.25,2234,ZC.v.0
2026-04-24 09:00:00+00:00,34,1,495552,465.25,466.0,465.25,466.0,1180,ZC.v.0
2026-04-24 10:00:00+00:00,34,1,495552,465.75,466.25,465.5,465.75,2335,ZC.v.0
2026-04-24 11:00:00+00:00,34,1,495552,465.5,465.75,463.25,465.0,5002,ZC.v.0
2026-04-24 12:00:00+00:00,34,1,495552,465.0,465.75,464.75,465.75,2122,ZC.v.0
2026-04-24 13:00:00+00:00,34,1,495552,465.0,465.5,463.5,463.75,10567,ZC.v.0
2026-04-24 14:00:00+00:00,34,1,495552,463.5,464.25,463.0,463.25,11346,ZC.v.0
2026-04-24 15:00:00+00:00,34,1,495552,463.5,464.0,462.25,462.75,13232,ZC.v.0
2026-04-24 16:00:00+00:00,34,1,495552,462.5,463.25,462.0,462.5,9703,ZC.v.0
2026-04-24 17:00:00+00:00,34,1,495552,462.5,463.5,462.0,463.25,11774,ZC.v.0
2026-04-24 18:00:00+00:00,34,1,495552,463.25,463.75,462.75,463.5,6129,ZC.v.0
2026-04-27 00:00:00+00:00,34,1,495552,463.0,466.25,462.5,465.75,4858,ZC.v.0
2026-04-27 01:00:00+00:00,34,1,495552,466.0,466.25,465.5,466.0,1035,ZC.v.0
2026-04-27 02:00:00+00:00,34,1,495552,466.0,466.0,465.25,466.0,2124,ZC.v.0
2026-04-27 03:00:00+00:00,34,1,495552,465.75,466.25,465.5,466.0,451,ZC.v.0
2026-04-27 04:00:00+00:00,34,1,495552,466.0,466.75,466.0,466.75,1806,ZC.v.0
2026-04-27 05:00:00+00:00,34,1,495552,466.5,467.0,466.5,466.75,1393,ZC.v.0
2026-04-27 06:00:00+00:00,34,1,495552,466.5,467.0,466.25,467.0,1024,ZC.v.0
2026-04-27 07:00:00+00:00,34,1,495552,467.0,468.5,466.75,468.5,2742,ZC.v.0
2026-04-27 08:00:00+00:00,34,1,495552,468.5,468.5,467.5,468.0,2116,ZC.v.0
2026-04-27 09:00:00+00:00,34,1,495552,468.0,468.75,467.75,468.5,1255,ZC.v.0
2026-04-27 10:00:00+00:00,34,1,495552,468.75,468.75,467.5,468.0,1376,ZC.v.0
2026-04-27 11:00:00+00:00,34,1,495552,467.75,468.25,467.0,467.75,2042,ZC.v.0
2026-04-27 12:00:00+00:00,34,1,495552,467.5,468.0,466.0,466.5,3131,ZC.v.0
2026-04-27 13:00:00+00:00,34,1,495552,466.0,467.25,465.25,465.5,14560,ZC.v.0
2026-04-27 14:00:00+00:00,34,1,495552,465.5,467.25,465.5,467.0,14659,ZC.v.0
2026-04-27 15:00:00+00:00,34,1,495552,467.0,469.25,466.75,468.75,21850,ZC.v.0
2026-04-27 16:00:00+00:00,34,1,495552,468.75,469.75,467.75,469.25,12738,ZC.v.0
2026-04-27 17:00:00+00:00,34,1,495552,469.0,469.5,468.25,469.25,15009,ZC.v.0
2026-04-27 18:00:00+00:00,34,1,495552,469.0,469.75,469.0,469.5,10478,ZC.v.0
2026-04-28 00:00:00+00:00,34,1,495552,469.0,470.25,468.75,470.25,6562,ZC.v.0
2026-04-28 01:00:00+00:00,34,1,495552,470.25,470.25,469.25,469.5,1047,ZC.v.0
2026-04-28 02:00:00+00:00,34,1,495552,469.25,469.25,468.75,469.0,430,ZC.v.0
2026-04-28 03:00:00+00:00,34,1,495552,469.0,469.5,469.0,469.5,380,ZC.v.0
2026-04-28 04:00:00+00:00,34,1,495552,469.5,469.75,469.5,469.5,197,ZC.v.0
2026-04-28 05:00:00+00:00,34,1,495552,469.5,470.0,469.25,470.0,399,ZC.v.0
2026-04-28 06:00:00+00:00,34,1,495552,469.75,471.0,469.75,470.5,1679,ZC.v.0
2026-04-28 07:00:00+00:00,34,1,495552,470.5,472.5,470.25,472.5,4154,ZC.v.0
2026-04-28 08:00:00+00:00,34,1,495552,472.5,472.5,471.5,472.5,2050,ZC.v.0
2026-04-28 09:00:00+00:00,34,1,495552,472.25,473.0,472.0,472.5,2481,ZC.v.0
2026-04-28 10:00:00+00:00,34,1,495552,472.25,473.5,472.0,473.25,3740,ZC.v.0
2026-04-28 11:00:00+00:00,34,1,495552,473.25,474.0,472.25,472.5,4547,ZC.v.0
2026-04-28 12:00:00+00:00,34,1,495552,472.75,473.25,471.5,473.0,6078,ZC.v.0
2026-04-28 13:00:00+00:00,34,1,495552,472.5,473.5,470.5,472.0,21307,ZC.v.0
2026-04-28 14:00:00+00:00,34,1,495552,471.75,474.5,471.75,472.5,28505,ZC.v.0
2026-04-28 15:00:00+00:00,34,1,495552,472.75,474.75,472.25,474.25,19119,ZC.v.0
2026-04-28 16:00:00+00:00,34,1,495552,474.5,474.5,472.75,473.0,17985,ZC.v.0
2026-04-28 17:00:00+00:00,34,1,495552,473.0,475.5,472.25,475.0,21465,ZC.v.0
2026-04-28 18:00:00+00:00,34,1,495552,475.25,476.0,474.75,475.5,16498,ZC.v.0
2026-04-29 00:00:00+00:00,34,1,495552,474.75,476.0,474.0,475.75,5875,ZC.v.0
2026-04-29 01:00:00+00:00,34,1,495552,475.75,476.25,475.75,476.25,2118,ZC.v.0
2026-04-29 02:00:00+00:00,34,1,495552,476.25,476.5,475.25,475.75,1824,ZC.v.0
2026-04-29 03:00:00+00:00,34,1,495552,475.5,475.75,475.5,475.75,892,ZC.v.0
2026-04-29 04:00:00+00:00,34,1,495552,475.5,475.75,475.5,475.75,227,ZC.v.0
2026-04-29 05:00:00+00:00,34,1,495552,475.75,476.0,475.25,476.0,1211,ZC.v.0
2026-04-29 06:00:00+00:00,34,1,495552,475.75,476.25,475.5,475.75,1327,ZC.v.0
2026-04-29 07:00:00+00:00,34,1,495552,475.75,476.5,475.5,476.5,1630,ZC.v.0
2026-04-29 08:00:00+00:00,34,1,495552,476.25,477.5,476.25,476.75,4300,ZC.v.0
2026-04-29 09:00:00+00:00,34,1,495552,476.75,477.5,476.5,477.0,2514,ZC.v.0
2026-04-29 10:00:00+00:00,34,1,495552,477.25,477.25,476.25,476.5,2694,ZC.v.0
2026-04-29 11:00:00+00:00,34,1,495552,476.5,477.75,476.5,477.75,3680,ZC.v.0
2026-04-29 12:00:00+00:00,34,1,495552,477.5,478.25,476.75,476.75,6719,ZC.v.0
2026-04-29 13:00:00+00:00,34,1,495552,476.5,479.0,476.5,477.25,27997,ZC.v.0
2026-04-29 14:00:00+00:00,34,1,495552,477.25,477.75,474.25,476.75,33557,ZC.v.0
2026-04-29 15:00:00+00:00,34,1,495552,476.75,478.0,476.5,477.25,22969,ZC.v.0
2026-04-29 16:00:00+00:00,34,1,495552,477.25,477.5,475.75,477.0,16832,ZC.v.0
2026-04-29 17:00:00+00:00,34,1,495552,477.0,478.5,476.25,477.25,20209,ZC.v.0
2026-04-29 18:00:00+00:00,34,1,495552,477.5,478.0,477.0,478.0,15563,ZC.v.0
2026-04-30 00:00:00+00:00,34,1,495552,477.0,478.0,475.5,477.75,4717,ZC.v.0
2026-04-30 01:00:00+00:00,34,1,495552,478.0,478.25,477.25,477.5,1987,ZC.v.0
2026-04-30 02:00:00+00:00,34,1,495552,477.25,478.75,477.25,478.25,587,ZC.v.0
2026-04-30 03:00:00+00:00,34,1,495552,478.5,479.25,478.25,479.25,784,ZC.v.0
2026-04-30 04:00:00+00:00,34,1,495552,479.0,480.0,479.0,479.75,2260,ZC.v.0
2026-04-30 05:00:00+00:00,34,1,495552,479.5,479.75,478.25,478.75,1349,ZC.v.0
2026-04-30 06:00:00+00:00,34,1,495552,478.5,478.75,477.0,477.75,2008,ZC.v.0
2026-04-30 07:00:00+00:00,34,1,495552,477.75,478.25,477.25,477.5,2922,ZC.v.0
2026-04-30 08:00:00+00:00,34,1,495552,477.75,478.5,477.25,478.25,1745,ZC.v.0
2026-04-30 09:00:00+00:00,34,1,495552,478.5,479.25,475.25,475.75,5306,ZC.v.0
2026-04-30 10:00:00+00:00,34,1,495552,475.75,476.0,474.5,475.75,5403,ZC.v.0
2026-04-30 11:00:00+00:00,34,1,495552,475.75,475.75,474.0,475.5,5937,ZC.v.0
2026-04-30 12:00:00+00:00,34,1,495552,475.25,476.25,475.0,475.75,2090,ZC.v.0
2026-04-30 13:00:00+00:00,34,1,495552,475.0,475.5,472.5,473.5,21422,ZC.v.0
2026-04-30 14:00:00+00:00,34,1,495552,473.25,474.0,471.25,472.0,24171,ZC.v.0
2026-04-30 15:00:00+00:00,34,1,495552,472.0,473.5,471.75,473.25,13604,ZC.v.0
2026-04-30 16:00:00+00:00,34,1,495552,473.5,475.25,473.25,474.25,11537,ZC.v.0
2026-04-30 17:00:00+00:00,34,1,495552,474.25,475.25,473.75,474.25,13072,ZC.v.0
2026-04-30 18:00:00+00:00,34,1,495552,474.5,475.0,474.25,474.75,14814,ZC.v.0
2026-05-01 00:00:00+00:00,34,1,495552,473.75,476.0,472.75,476.0,3894,ZC.v.0
2026-05-01 01:00:00+00:00,34,1,495552,476.0,477.5,476.0,476.75,1955,ZC.v.0
2026-05-01 02:00:00+00:00,34,1,495552,477.0,477.75,476.75,477.25,750,ZC.v.0
2026-05-01 03:00:00+00:00,34,1,495552,477.5,478.0,477.25,477.5,407,ZC.v.0
2026-05-01 04:00:00+00:00,34,1,495552,477.5,477.75,477.25,477.25,384,ZC.v.0
2026-05-01 05:00:00+00:00,34,1,495552,477.25,477.5,477.0,477.0,257,ZC.v.0
2026-05-01 06:00:00+00:00,34,1,495552,477.25,477.75,477.25,477.75,1401,ZC.v.0
2026-05-01 07:00:00+00:00,34,1,495552,477.75,478.0,476.75,477.5,2063,ZC.v.0
2026-05-01 08:00:00+00:00,34,1,495552,477.75,477.75,476.25,476.5,1368,ZC.v.0
2026-05-01 09:00:00+00:00,34,1,495552,476.5,477.0,476.0,476.25,685,ZC.v.0
2026-05-01 10:00:00+00:00,34,1,495552,476.5,477.5,476.5,477.0,932,ZC.v.0
2026-05-01 11:00:00+00:00,34,1,495552,477.0,477.75,476.75,477.25,2436,ZC.v.0
2026-05-01 12:00:00+00:00,34,1,495552,477.5,478.5,476.25,478.5,8005,ZC.v.0
2026-05-01 13:00:00+00:00,34,1,495552,478.0,478.25,475.75,476.25,21329,ZC.v.0
2026-05-01 14:00:00+00:00,34,1,495552,476.5,479.5,475.75,479.5,20280,ZC.v.0
2026-05-01 15:00:00+00:00,34,1,495552,479.5,480.0,478.5,479.25,20236,ZC.v.0
2026-05-01 16:00:00+00:00,34,1,495552,479.5,482.5,479.0,481.75,25427,ZC.v.0
2026-05-01 17:00:00+00:00,34,1,495552,481.75,483.5,480.75,481.0,28741,ZC.v.0
2026-05-01 18:00:00+00:00,34,1,495552,481.0,481.0,479.25,479.5,19245,ZC.v.0
2026-05-04 00:00:00+00:00,34,1,495552,479.0,481.5,477.75,479.0,6651,ZC.v.0
2026-05-04 01:00:00+00:00,34,1,495552,479.0,480.0,479.0,479.5,1330,ZC.v.0
2026-05-04 02:00:00+00:00,34,1,495552,479.5,480.25,479.5,479.75,773,ZC.v.0
2026-05-04 03:00:00+00:00,34,1,495552,479.75,480.0,478.75,478.75,964,ZC.v.0
2026-05-04 04:00:00+00:00,34,1,495552,478.75,478.75,478.25,478.5,402,ZC.v.0
2026-05-04 05:00:00+00:00,34,1,495552,478.5,478.75,477.25,478.0,1141,ZC.v.0
2026-05-04 06:00:00+00:00,34,1,495552,478.0,478.75,477.5,478.5,709,ZC.v.0
2026-05-04 07:00:00+00:00,34,1,495552,478.5,481.0,478.5,480.75,3888,ZC.v.0
2026-05-04 08:00:00+00:00,34,1,495552,481.0,481.75,480.25,480.5,2381,ZC.v.0
2026-05-04 09:00:00+00:00,34,1,495552,480.5,481.0,480.0,480.0,1005,ZC.v.0
2026-05-04 10:00:00+00:00,34,1,495552,480.25,483.25,479.75,480.5,8584,ZC.v.0
2026-05-04 11:00:00+00:00,34,1,495552,480.5,481.25,479.75,480.5,3370,ZC.v.0
2026-05-04 12:00:00+00:00,34,1,495552,480.5,480.5,478.0,478.25,4646,ZC.v.0
2026-05-04 13:00:00+00:00,34,1,495552,478.25,479.25,477.75,478.0,14626,ZC.v.0
2026-05-04 14:00:00+00:00,34,1,495552,478.0,482.5,477.75,482.25,26200,ZC.v.0
2026-05-04 15:00:00+00:00,34,1,495552,482.25,485.75,482.25,484.0,32280,ZC.v.0
2026-05-04 16:00:00+00:00,34,1,495552,484.0,486.0,482.5,485.5,22271,ZC.v.0
2026-05-04 17:00:00+00:00,34,1,495552,485.25,486.0,484.75,485.5,13243,ZC.v.0
2026-05-04 18:00:00+00:00,34,1,495552,485.5,486.25,485.25,485.5,16873,ZC.v.0
2026-05-05 00:00:00+00:00,34,1,495552,485.0,486.0,484.75,485.75,3740,ZC.v.0
2026-05-05 01:00:00+00:00,34,1,495552,485.75,486.25,485.5,486.0,1387,ZC.v.0
2026-05-05 02:00:00+00:00,34,1,495552,486.0,486.0,485.5,485.75,158,ZC.v.0
2026-05-05 03:00:00+00:00,34,1,495552,485.75,486.0,485.5,486.0,69,ZC.v.0
2026-05-05 04:00:00+00:00,34,1,495552,486.0,486.0,485.75,486.0,213,ZC.v.0
2026-05-05 05:00:00+00:00,34,1,495552,486.0,486.25,485.75,486.0,370,ZC.v.0
2026-05-05 06:00:00+00:00,34,1,495552,486.0,487.0,485.75,487.0,3587,ZC.v.0
2026-05-05 07:00:00+00:00,34,1,495552,487.0,487.5,483.5,486.0,6621,ZC.v.0
2026-05-05 08:00:00+00:00,34,1,495552,485.75,486.0,484.25,484.75,1857,ZC.v.0
2026-05-05 09:00:00+00:00,34,1,495552,484.75,485.0,483.75,484.0,1854,ZC.v.0
2026-05-05 10:00:00+00:00,34,1,495552,483.75,484.75,483.5,484.0,1717,ZC.v.0
2026-05-05 11:00:00+00:00,34,1,495552,483.75,485.0,483.0,483.0,4217,ZC.v.0
2026-05-05 12:00:00+00:00,34,1,495552,483.0,483.5,481.75,482.5,4643,ZC.v.0
2026-05-05 13:00:00+00:00,34,1,495552,482.25,483.0,480.75,481.0,17778,ZC.v.0
2026-05-05 14:00:00+00:00,34,1,495552,481.0,483.0,480.0,480.0,23559,ZC.v.0
2026-05-05 15:00:00+00:00,34,1,495552,480.25,480.25,477.5,478.5,22924,ZC.v.0
2026-05-05 16:00:00+00:00,34,1,495552,478.25,479.0,477.25,478.75,12236,ZC.v.0
2026-05-05 17:00:00+00:00,34,1,495552,479.0,480.25,478.75,479.25,13839,ZC.v.0
2026-05-05 18:00:00+00:00,34,1,495552,479.25,480.25,479.25,479.75,15947,ZC.v.0
2026-05-06 00:00:00+00:00,34,1,495552,478.25,479.5,477.75,478.75,3266,ZC.v.0
2026-05-06 01:00:00+00:00,34,1,495552,478.5,479.0,477.25,478.0,1907,ZC.v.0
2026-05-06 02:00:00+00:00,34,1,495552,478.0,478.5,478.0,478.25,768,ZC.v.0
2026-05-06 03:00:00+00:00,34,1,495552,478.25,478.25,477.25,477.5,409,ZC.v.0
2026-05-06 04:00:00+00:00,34,1,495552,477.5,477.75,477.25,477.5,232,ZC.v.0
2026-05-06 05:00:00+00:00,34,1,495552,477.25,478.0,477.25,477.75,733,ZC.v.0
2026-05-06 06:00:00+00:00,34,1,495552,477.75,477.75,476.0,476.25,3332,ZC.v.0
2026-05-06 07:00:00+00:00,34,1,495552,476.5,477.0,474.75,475.0,3591,ZC.v.0
2026-05-06 08:00:00+00:00,34,1,495552,474.75,475.75,472.25,472.5,6608,ZC.v.0
2026-05-06 09:00:00+00:00,34,1,495552,472.5,473.0,470.5,471.25,10825,ZC.v.0
2026-05-06 10:00:00+00:00,34,1,495552,471.0,471.25,467.5,469.25,15465,ZC.v.0
2026-05-06 11:00:00+00:00,34,1,495552,469.25,470.5,468.0,470.0,11466,ZC.v.0
2026-05-06 12:00:00+00:00,34,1,495552,470.0,473.5,469.75,473.25,12646,ZC.v.0
2026-05-06 13:00:00+00:00,34,1,495552,473.25,475.0,470.5,471.0,23991,ZC.v.0
2026-05-06 14:00:00+00:00,34,1,495552,471.0,472.75,469.25,469.5,26408,ZC.v.0
2026-05-06 15:00:00+00:00,34,1,495552,469.75,470.25,468.5,469.0,16780,ZC.v.0
2026-05-06 16:00:00+00:00,34,1,495552,469.25,470.75,468.75,470.0,15392,ZC.v.0
2026-05-06 17:00:00+00:00,34,1,495552,470.25,471.0,469.5,469.75,15137,ZC.v.0
2026-05-06 18:00:00+00:00,34,1,495552,469.75,469.75,467.75,468.0,19305,ZC.v.0
2026-05-07 00:00:00+00:00,34,1,495552,468.25,469.75,466.5,469.5,6487,ZC.v.0
2026-05-07 01:00:00+00:00,34,1,495552,469.5,469.75,466.75,466.75,1911,ZC.v.0
2026-05-07 02:00:00+00:00,34,1,495552,466.75,467.0,464.25,464.5,6955,ZC.v.0
2026-05-07 03:00:00+00:00,34,1,495552,464.5,465.5,464.5,465.5,920,ZC.v.0
2026-05-07 04:00:00+00:00,34,1,495552,465.5,465.75,465.25,465.5,757,ZC.v.0
2026-05-07 05:00:00+00:00,34,1,495552,465.75,466.0,465.5,465.75,436,ZC.v.0
2026-05-07 06:00:00+00:00,34,1,495552,465.5,466.0,464.5,464.5,2241,ZC.v.0
2026-05-07 07:00:00+00:00,34,1,495552,464.5,465.75,463.75,465.75,5086,ZC.v.0
2026-05-07 08:00:00+00:00,34,1,495552,465.5,466.75,465.5,466.0,2225,ZC.v.0
2026-05-07 09:00:00+00:00,34,1,495552,466.0,467.5,465.75,467.5,1822,ZC.v.0
2026-05-07 10:00:00+00:00,34,1,495552,467.25,468.25,466.75,467.75,3808,ZC.v.0
2026-05-07 11:00:00+00:00,34,1,495552,467.5,467.5,464.25,464.5,5791,ZC.v.0
2026-05-07 12:00:00+00:00,34,1,495552,464.5,465.25,462.5,462.75,8714,ZC.v.0
2026-05-07 13:00:00+00:00,34,1,495552,463.0,464.0,461.5,462.0,24488,ZC.v.0
2026-05-07 14:00:00+00:00,34,1,495552,461.75,464.5,461.0,463.25,29538,ZC.v.0
2026-05-07 15:00:00+00:00,34,1,495552,463.5,464.75,462.25,464.5,22769,ZC.v.0
2026-05-07 16:00:00+00:00,34,1,495552,464.5,468.0,464.0,467.0,23206,ZC.v.0
2026-05-07 17:00:00+00:00,34,1,495552,466.75,468.0,464.25,465.25,22190,ZC.v.0
2026-05-07 18:00:00+00:00,34,1,495552,465.25,467.75,465.25,467.25,17482,ZC.v.0
2026-05-08 00:00:00+00:00,34,1,495552,466.75,468.25,466.5,467.75,4277,ZC.v.0
2026-05-08 01:00:00+00:00,34,1,495552,467.75,467.75,466.75,467.25,983,ZC.v.0
2026-05-08 02:00:00+00:00,34,1,495552,467.5,468.25,467.25,467.25,703,ZC.v.0
2026-05-08 03:00:00+00:00,34,1,495552,467.25,467.5,467.0,467.25,239,ZC.v.0
2026-05-08 04:00:00+00:00,34,1,495552,467.25,468.0,467.0,467.5,537,ZC.v.0
2026-05-08 05:00:00+00:00,34,1,495552,467.5,467.75,467.25,467.25,640,ZC.v.0
2026-05-08 06:00:00+00:00,34,1,495552,467.25,467.5,465.75,466.25,1180,ZC.v.0
2026-05-08 07:00:00+00:00,34,1,495552,466.25,467.5,466.0,467.0,1515,ZC.v.0
2026-05-08 08:00:00+00:00,34,1,495552,467.0,468.25,466.75,468.0,1961,ZC.v.0
2026-05-08 09:00:00+00:00,34,1,495552,467.75,468.25,466.75,467.75,2003,ZC.v.0
2026-05-08 10:00:00+00:00,34,1,495552,467.75,467.75,465.75,466.75,2715,ZC.v.0
2026-05-08 11:00:00+00:00,34,1,495552,467.0,467.0,465.75,466.5,1188,ZC.v.0
2026-05-08 12:00:00+00:00,34,1,495552,466.5,466.75,465.5,466.75,2527,ZC.v.0
2026-05-08 13:00:00+00:00,34,1,495552,466.75,468.25,465.25,467.25,13358,ZC.v.0
2026-05-08 14:00:00+00:00,34,1,495552,467.25,467.25,465.25,466.0,15546,ZC.v.0
2026-05-08 15:00:00+00:00,34,1,495552,466.0,470.75,465.75,470.5,10780,ZC.v.0
2026-05-08 16:00:00+00:00,34,1,495552,470.5,472.75,470.5,472.0,15687,ZC.v.0
2026-05-08 17:00:00+00:00,34,1,495552,472.0,473.0,471.25,471.75,14193,ZC.v.0
2026-05-08 18:00:00+00:00,34,1,495552,471.75,472.0,470.5,471.0,17853,ZC.v.0
2026-05-11 00:00:00+00:00,34,1,495552,471.0,474.75,470.75,474.0,5850,ZC.v.0
2026-05-11 01:00:00+00:00,34,1,495552,474.0,475.0,473.5,474.75,1445,ZC.v.0
2026-05-11 02:00:00+00:00,34,1,495552,475.0,475.75,474.5,475.5,1596,ZC.v.0
2026-05-11 03:00:00+00:00,34,1,495552,475.5,476.0,474.5,475.0,1580,ZC.v.0
2026-05-11 04:00:00+00:00,34,1,495552,475.0,475.25,474.25,474.75,812,ZC.v.0
2026-05-11 05:00:00+00:00,34,1,495552,474.5,474.75,474.5,474.75,543,ZC.v.0
2026-05-11 06:00:00+00:00,34,1,495552,474.75,475.0,473.25,473.75,1037,ZC.v.0
2026-05-11 07:00:00+00:00,34,1,495552,473.5,473.75,472.75,472.75,1935,ZC.v.0
2026-05-11 08:00:00+00:00,34,1,495552,473.0,473.5,472.5,472.5,1932,ZC.v.0
2026-05-11 09:00:00+00:00,34,1,495552,472.75,474.0,472.5,473.75,1687,ZC.v.0
2026-05-11 10:00:00+00:00,34,1,495552,474.0,475.25,473.75,474.5,3773,ZC.v.0
2026-05-11 11:00:00+00:00,34,1,495552,474.25,475.25,473.75,474.0,1881,ZC.v.0
2026-05-11 12:00:00+00:00,34,1,495552,474.25,474.75,473.75,474.5,2399,ZC.v.0
2026-05-11 13:00:00+00:00,34,1,495552,474.5,474.5,471.5,473.25,13963,ZC.v.0
2026-05-11 14:00:00+00:00,34,1,495552,473.0,474.75,472.75,473.25,17204,ZC.v.0
2026-05-11 15:00:00+00:00,34,1,495552,473.0,475.25,473.0,474.75,12106,ZC.v.0
2026-05-11 16:00:00+00:00,34,1,495552,474.5,476.25,474.5,475.75,9578,ZC.v.0
2026-05-11 17:00:00+00:00,34,1,495552,475.75,475.75,474.0,475.25,9088,ZC.v.0
2026-05-11 18:00:00+00:00,34,1,495552,475.25,476.0,474.5,474.5,14124,ZC.v.0
2026-05-12 00:00:00+00:00,34,1,495552,475.0,475.5,473.75,475.25,4216,ZC.v.0
2026-05-12 01:00:00+00:00,34,1,495552,475.25,475.5,475.0,475.5,303,ZC.v.0
2026-05-12 02:00:00+00:00,34,1,495552,475.5,475.5,475.25,475.25,316,ZC.v.0
2026-05-12 03:00:00+00:00,34,1,495552,475.25,475.5,474.75,474.75,676,ZC.v.0
2026-05-12 04:00:00+00:00,34,1,495552,474.75,475.0,474.5,475.0,121,ZC.v.0
2026-05-12 05:00:00+00:00,34,1,495552,475.0,475.25,474.25,474.75,700,ZC.v.0
2026-05-12 06:00:00+00:00,34,1,495552,474.75,475.75,474.5,475.75,881,ZC.v.0
2026-05-12 07:00:00+00:00,34,1,495552,475.75,475.75,474.25,474.5,1386,ZC.v.0
2026-05-12 08:00:00+00:00,34,1,495552,474.75,475.25,474.0,474.5,1672,ZC.v.0
2026-05-12 09:00:00+00:00,34,1,495552,474.25,475.25,474.0,475.25,2879,ZC.v.0
2026-05-12 10:00:00+00:00,34,1,495552,475.0,476.5,475.0,475.5,1908,ZC.v.0
2026-05-12 11:00:00+00:00,34,1,495552,475.5,479.0,475.5,478.5,14690,ZC.v.0
2026-05-12 12:00:00+00:00,34,1,495552,478.5,479.5,477.75,479.5,5300,ZC.v.0
2026-05-12 13:00:00+00:00,34,1,495552,479.5,480.0,478.0,479.25,19315,ZC.v.0
2026-05-12 14:00:00+00:00,34,1,495552,479.25,480.0,477.5,478.5,21183,ZC.v.0
2026-05-12 15:00:00+00:00,34,1,495552,478.5,479.75,476.0,477.0,20573,ZC.v.0
2026-05-12 16:00:00+00:00,34,1,495552,477.5,481.0,472.75,477.75,70046,ZC.v.0
2026-05-12 17:00:00+00:00,34,1,495552,478.0,481.75,476.75,479.5,22772,ZC.v.0
2026-05-12 18:00:00+00:00,34,1,495552,479.75,480.5,478.75,478.75,14577,ZC.v.0
2026-05-13 00:00:00+00:00,34,1,495552,478.25,481.0,478.0,481.0,6193,ZC.v.0
2026-05-13 01:00:00+00:00,34,1,495552,480.75,481.5,480.5,481.5,1322,ZC.v.0
2026-05-13 02:00:00+00:00,34,1,495552,481.5,481.75,480.0,480.0,447,ZC.v.0
2026-05-13 03:00:00+00:00,34,1,495552,480.0,480.25,479.5,479.5,506,ZC.v.0
2026-05-13 04:00:00+00:00,34,1,495552,479.5,479.5,478.75,478.75,292,ZC.v.0
2026-05-13 05:00:00+00:00,34,1,495552,478.75,479.25,477.5,478.0,718,ZC.v.0
2026-05-13 06:00:00+00:00,34,1,495552,478.0,479.25,477.75,479.0,485,ZC.v.0
2026-05-13 07:00:00+00:00,34,1,495552,479.0,480.25,478.25,479.0,2186,ZC.v.0
2026-05-13 08:00:00+00:00,34,1,495552,478.75,480.25,478.0,479.75,3003,ZC.v.0
2026-05-13 09:00:00+00:00,34,1,495552,480.0,481.5,479.75,481.0,2385,ZC.v.0
2026-05-13 10:00:00+00:00,34,1,495552,481.25,482.0,480.5,481.0,2035,ZC.v.0
2026-05-13 11:00:00+00:00,34,1,495552,481.0,481.75,480.25,480.5,1567,ZC.v.0
2026-05-13 12:00:00+00:00,34,1,495552,480.5,480.5,478.75,479.25,3229,ZC.v.0
2026-05-13 13:00:00+00:00,34,1,495552,479.25,482.0,479.0,481.5,13219,ZC.v.0
2026-05-13 14:00:00+00:00,34,1,495552,481.75,483.75,481.75,483.25,12943,ZC.v.0
2026-05-13 15:00:00+00:00,34,1,495552,483.5,484.5,480.0,481.5,19581,ZC.v.0
2026-05-13 16:00:00+00:00,34,1,495552,481.5,483.0,479.25,481.25,16595,ZC.v.0
2026-05-13 17:00:00+00:00,34,1,495552,481.25,483.0,481.25,482.5,7818,ZC.v.0
2026-05-13 18:00:00+00:00,34,1,495552,482.25,482.25,480.25,480.5,13909,ZC.v.0
2026-05-14 00:00:00+00:00,34,1,495552,479.25,481.5,478.5,481.5,4573,ZC.v.0
2026-05-14 01:00:00+00:00,34,1,495552,481.5,482.0,481.25,481.25,844,ZC.v.0
2026-05-14 02:00:00+00:00,34,1,495552,481.25,482.25,481.25,482.0,1247,ZC.v.0
2026-05-14 03:00:00+00:00,34,1,495552,482.25,482.5,481.25,481.75,1169,ZC.v.0
2026-05-14 04:00:00+00:00,34,1,495552,481.75,482.25,481.75,482.25,186,ZC.v.0
2026-05-14 05:00:00+00:00,34,1,495552,482.5,482.75,482.25,482.75,505,ZC.v.0
2026-05-14 06:00:00+00:00,34,1,495552,482.75,483.5,477.5,478.0,8215,ZC.v.0
2026-05-14 07:00:00+00:00,34,1,495552,478.25,479.25,478.0,478.5,3234,ZC.v.0
2026-05-14 08:00:00+00:00,34,1,495552,478.5,481.5,478.25,479.0,8068,ZC.v.0
2026-05-14 09:00:00+00:00,34,1,495552,479.0,479.75,478.0,478.5,2780,ZC.v.0
2026-05-14 10:00:00+00:00,34,1,495552,478.5,479.25,474.25,478.0,10448,ZC.v.0
2026-05-14 11:00:00+00:00,34,1,495552,478.0,478.75,475.5,476.0,9073,ZC.v.0
2026-05-14 12:00:00+00:00,34,1,495552,475.75,476.0,472.5,472.75,11786,ZC.v.0
2026-05-14 13:00:00+00:00,34,1,495552,473.0,473.25,469.25,470.0,37487,ZC.v.0
2026-05-14 14:00:00+00:00,34,1,495552,470.0,470.0,467.25,467.25,26487,ZC.v.0
2026-05-14 15:00:00+00:00,34,1,495552,467.25,469.25,465.75,468.25,35143,ZC.v.0
2026-05-14 16:00:00+00:00,34,1,495552,468.5,468.5,465.5,465.5,19083,ZC.v.0
2026-05-14 17:00:00+00:00,34,1,495552,465.75,468.0,465.25,467.5,22969,ZC.v.0
2026-05-14 18:00:00+00:00,34,1,495552,467.75,468.5,467.25,467.75,14141,ZC.v.0
2026-05-15 00:00:00+00:00,34,1,495552,468.25,470.75,468.25,470.0,6352,ZC.v.0
2026-05-15 01:00:00+00:00,34,1,495552,470.25,473.75,469.5,472.25,10962,ZC.v.0
2026-05-15 02:00:00+00:00,34,1,495552,472.25,472.5,470.0,470.5,2755,ZC.v.0
2026-05-15 03:00:00+00:00,34,1,495552,470.25,471.5,469.25,471.25,3054,ZC.v.0
2026-05-15 04:00:00+00:00,34,1,495552,471.25,471.5,470.5,470.75,553,ZC.v.0
2026-05-15 05:00:00+00:00,34,1,495552,470.75,471.5,469.5,469.75,2083,ZC.v.0
2026-05-15 06:00:00+00:00,34,1,495552,469.5,469.75,468.0,468.0,3196,ZC.v.0
2026-05-15 07:00:00+00:00,34,1,495552,468.0,468.75,467.75,468.5,2806,ZC.v.0
2026-05-15 08:00:00+00:00,34,1,495552,468.25,470.25,467.75,469.75,3200,ZC.v.0
2026-05-15 09:00:00+00:00,34,1,495552,469.5,469.75,466.5,466.5,5399,ZC.v.0
2026-05-15 10:00:00+00:00,34,1,495552,466.75,468.0,465.0,465.5,12331,ZC.v.0
2026-05-15 11:00:00+00:00,34,1,495552,465.25,465.5,462.75,463.75,9721,ZC.v.0
2026-05-15 12:00:00+00:00,34,1,495552,464.0,464.0,461.75,461.75,7744,ZC.v.0
2026-05-15 13:00:00+00:00,34,1,495552,462.25,463.25,459.25,459.75,37609,ZC.v.0
2026-05-15 14:00:00+00:00,34,1,495552,459.75,460.5,456.5,457.75,31548,ZC.v.0
2026-05-15 15:00:00+00:00,34,1,495552,457.75,458.25,455.75,456.5,24228,ZC.v.0
2026-05-15 16:00:00+00:00,34,1,495552,456.5,457.0,455.5,456.25,18467,ZC.v.0
2026-05-15 17:00:00+00:00,34,1,495552,456.25,457.75,456.0,456.75,21484,ZC.v.0
2026-05-15 18:00:00+00:00,34,1,495552,456.5,456.75,455.0,455.25,25241,ZC.v.0
2026-05-18 00:00:00+00:00,34,1,495552,469.0,473.25,464.0,466.0,28979,ZC.v.0
2026-05-18 01:00:00+00:00,34,1,495552,466.0,467.25,464.25,465.0,3718,ZC.v.0
2026-05-18 02:00:00+00:00,34,1,495552,465.0,466.0,464.75,466.0,2337,ZC.v.0
2026-05-18 03:00:00+00:00,34,1,495552,466.0,468.0,466.0,467.5,2525,ZC.v.0
2026-05-18 04:00:00+00:00,34,1,495552,467.5,468.75,467.25,468.25,2251,ZC.v.0
2026-05-18 05:00:00+00:00,34,1,495552,468.25,468.25,466.75,467.5,1407,ZC.v.0
2026-05-18 06:00:00+00:00,34,1,495552,467.5,467.75,466.75,467.25,1210,ZC.v.0
2026-05-18 07:00:00+00:00,34,1,495552,467.0,469.75,465.75,469.25,7924,ZC.v.0
2026-05-18 08:00:00+00:00,34,1,495552,469.0,470.25,468.75,469.75,4116,ZC.v.0
2026-05-18 09:00:00+00:00,34,1,495552,469.5,470.5,469.25,469.5,4439,ZC.v.0
2026-05-18 10:00:00+00:00,34,1,495552,469.5,470.5,468.75,470.25,2317,ZC.v.0
2026-05-18 11:00:00+00:00,34,1,495552,470.5,471.5,468.25,470.0,11599,ZC.v.0
2026-05-18 12:00:00+00:00,34,1,495552,470.25,472.25,468.75,469.5,9602,ZC.v.0
2026-05-18 13:00:00+00:00,34,1,495552,469.0,472.25,468.75,471.25,38229,ZC.v.0
2026-05-18 14:00:00+00:00,34,1,495552,471.25,475.0,471.0,474.5,33974,ZC.v.0
2026-05-18 15:00:00+00:00,34,1,495552,474.25,476.25,474.0,476.25,23494,ZC.v.0
2026-05-18 16:00:00+00:00,34,1,495552,476.0,477.25,475.5,476.0,23412,ZC.v.0
2026-05-18 17:00:00+00:00,34,1,495552,476.0,476.75,474.75,476.0,23071,ZC.v.0
2026-05-18 18:00:00+00:00,34,1,495552,476.0,478.0,476.0,477.25,24857,ZC.v.0
2026-05-19 00:00:00+00:00,34,1,495552,476.75,477.5,475.0,476.0,6654,ZC.v.0
2026-05-19 01:00:00+00:00,34,1,495552,476.0,479.5,476.0,479.0,2644,ZC.v.0
2026-05-19 02:00:00+00:00,34,1,495552,478.75,479.0,478.25,478.75,766,ZC.v.0
2026-05-19 03:00:00+00:00,34,1,495552,478.75,479.0,478.5,478.75,269,ZC.v.0
2026-05-19 04:00:00+00:00,34,1,495552,478.5,479.0,478.25,478.5,210,ZC.v.0
2026-05-19 05:00:00+00:00,34,1,495552,478.5,479.5,478.5,479.25,916,ZC.v.0
2026-05-19 06:00:00+00:00,34,1,495552,479.25,481.75,479.0,481.0,5815,ZC.v.0
2026-05-19 07:00:00+00:00,34,1,495552,481.0,481.75,479.75,480.25,3810,ZC.v.0
2026-05-19 08:00:00+00:00,34,1,495552,480.0,480.5,476.75,478.25,5480,ZC.v.0
2026-05-19 09:00:00+00:00,34,1,495552,478.0,479.75,477.75,478.75,4383,ZC.v.0
2026-05-19 10:00:00+00:00,34,1,495552,479.0,479.25,477.5,478.75,2647,ZC.v.0
2026-05-19 11:00:00+00:00,34,1,495552,478.75,480.25,478.25,478.75,3130,ZC.v.0
2026-05-19 12:00:00+00:00,34,1,495552,479.0,479.0,476.0,476.25,4089,ZC.v.0
2026-05-19 13:00:00+00:00,34,1,495552,476.0,478.0,475.0,477.0,21198,ZC.v.0
2026-05-19 14:00:00+00:00,34,1,495552,477.0,478.75,474.5,475.75,22608,ZC.v.0
2026-05-19 15:00:00+00:00,34,1,495552,475.75,476.75,474.75,475.25,13230,ZC.v.0
2026-05-19 16:00:00+00:00,34,1,495552,475.0,476.25,474.0,475.75,13160,ZC.v.0
2026-05-19 17:00:00+00:00,34,1,495552,475.75,476.25,472.0,472.75,18548,ZC.v.0
2026-05-19 18:00:00+00:00,34,1,495552,472.5,475.5,472.5,475.25,17253,ZC.v.0
2026-05-20 00:00:00+00:00,34,1,495552,475.75,477.0,473.75,474.25,6274,ZC.v.0
2026-05-20 01:00:00+00:00,34,1,495552,474.25,474.5,472.25,472.5,1678,ZC.v.0
2026-05-20 02:00:00+00:00,34,1,495552,472.5,473.5,472.25,472.75,619,ZC.v.0
2026-05-20 03:00:00+00:00,34,1,495552,472.75,473.25,472.25,472.5,826,ZC.v.0
2026-05-20 04:00:00+00:00,34,1,495552,472.25,474.0,472.0,473.75,2187,ZC.v.0
2026-05-20 05:00:00+00:00,34,1,495552,473.75,475.0,473.5,474.5,543,ZC.v.0
2026-05-20 06:00:00+00:00,34,1,495552,474.5,474.75,473.0,473.0,1216,ZC.v.0
2026-05-20 07:00:00+00:00,34,1,495552,473.0,473.25,471.25,472.75,4423,ZC.v.0
2026-05-20 08:00:00+00:00,34,1,495552,472.75,473.0,471.0,471.5,2668,ZC.v.0
2026-05-20 09:00:00+00:00,34,1,495552,471.75,473.5,471.0,473.5,2335,ZC.v.0
2026-05-20 10:00:00+00:00,34,1,495552,473.75,474.25,471.5,472.25,1972,ZC.v.0
2026-05-20 11:00:00+00:00,34,1,495552,472.25,473.0,471.25,471.5,5523,ZC.v.0
2026-05-20 12:00:00+00:00,34,1,495552,471.25,471.5,469.5,469.75,7613,ZC.v.0
2026-05-20 13:00:00+00:00,34,1,495552,469.75,471.25,469.0,469.75,16407,ZC.v.0
2026-05-20 14:00:00+00:00,34,1,495552,469.5,470.0,464.5,465.0,38952,ZC.v.0
2026-05-20 15:00:00+00:00,34,1,495552,465.0,466.25,462.75,463.75,35943,ZC.v.0
2026-05-20 16:00:00+00:00,34,1,495552,463.75,465.75,462.75,464.75,22842,ZC.v.0
2026-05-20 17:00:00+00:00,34,1,495552,465.0,465.0,463.5,463.75,13551,ZC.v.0
2026-05-20 18:00:00+00:00,34,1,495552,463.75,466.5,463.75,465.75,21309,ZC.v.0
2026-05-21 00:00:00+00:00,34,1,495552,465.0,466.5,463.25,464.0,4813,ZC.v.0
2026-05-21 01:00:00+00:00,34,1,495552,463.75,464.75,463.75,464.0,1689,ZC.v.0
2026-05-21 02:00:00+00:00,34,1,495552,464.0,464.5,463.25,463.75,951,ZC.v.0
2026-05-21 03:00:00+00:00,34,1,495552,463.75,463.75,463.0,463.25,477,ZC.v.0
2026-05-21 04:00:00+00:00,34,1,495552,463.25,463.5,462.75,462.75,507,ZC.v.0
2026-05-21 05:00:00+00:00,34,1,495552,462.75,463.0,462.25,462.5,932,ZC.v.0
2026-05-21 06:00:00+00:00,34,1,495552,462.5,463.25,461.5,462.75,2823,ZC.v.0
2026-05-21 07:00:00+00:00,34,1,495552,462.75,463.75,462.25,463.25,1964,ZC.v.0
2026-05-21 08:00:00+00:00,34,1,495552,463.0,463.5,461.75,462.25,3845,ZC.v.0
2026-05-21 09:00:00+00:00,34,1,495552,462.0,462.0,460.25,460.75,4793,ZC.v.0
2026-05-21 10:00:00+00:00,34,1,495552,460.5,465.0,460.0,464.75,11739,ZC.v.0
2026-05-21 11:00:00+00:00,34,1,495552,464.75,465.0,463.5,464.0,2345,ZC.v.0
2026-05-21 12:00:00+00:00,34,1,495552,463.75,465.75,463.5,465.0,4411,ZC.v.0
2026-05-21 13:00:00+00:00,34,1,495552,465.25,467.25,463.5,465.5,27738,ZC.v.0
2026-05-21 14:00:00+00:00,34,1,495552,465.5,467.75,464.75,467.25,17158,ZC.v.0
2026-05-21 15:00:00+00:00,34,1,495552,467.5,469.25,466.75,467.5,18600,ZC.v.0
2026-05-21 16:00:00+00:00,34,1,495552,467.25,467.5,465.25,466.5,13994,ZC.v.0
2026-05-21 17:00:00+00:00,34,1,495552,466.25,466.75,461.0,461.25,24807,ZC.v.0
2026-05-21 18:00:00+00:00,34,1,495552,461.0,462.75,461.0,462.75,19591,ZC.v.0
2026-05-22 00:00:00+00:00,34,1,495552,462.5,464.75,461.0,461.25,6347,ZC.v.0
2026-05-22 01:00:00+00:00,34,1,495552,461.5,462.0,461.0,461.0,1741,ZC.v.0
2026-05-22 02:00:00+00:00,34,1,495552,461.25,461.5,461.0,461.0,375,ZC.v.0
2026-05-22 03:00:00+00:00,34,1,495552,461.25,461.5,461.0,461.25,225,ZC.v.0
2026-05-22 04:00:00+00:00,34,1,495552,461.5,461.75,461.0,461.5,1191,ZC.v.0
2026-05-22 05:00:00+00:00,34,1,495552,461.75,462.25,461.25,462.25,260,ZC.v.0
2026-05-22 06:00:00+00:00,34,1,495552,462.25,462.75,461.25,462.25,1552,ZC.v.0
2026-05-22 07:00:00+00:00,34,1,495552,462.25,464.5,462.0,464.0,5013,ZC.v.0
2026-05-22 08:00:00+00:00,34,1,495552,464.0,465.25,464.0,464.75,1881,ZC.v.0
2026-05-22 09:00:00+00:00,34,1,495552,465.0,465.5,464.5,465.25,1369,ZC.v.0
2026-05-22 10:00:00+00:00,34,1,495552,465.0,465.25,463.75,464.5,2740,ZC.v.0
2026-05-22 11:00:00+00:00,34,1,495552,464.5,465.0,463.75,464.25,1656,ZC.v.0
2026-05-22 12:00:00+00:00,34,1,495552,464.25,464.75,461.75,463.0,5112,ZC.v.0
2026-05-22 13:00:00+00:00,34,1,495552,463.25,467.0,462.0,466.0,19381,ZC.v.0
2026-05-22 14:00:00+00:00,34,1,495552,466.0,467.75,464.25,466.0,17752,ZC.v.0
2026-05-22 15:00:00+00:00,34,1,495552,466.0,467.0,464.0,465.0,11057,ZC.v.0
2026-05-22 16:00:00+00:00,34,1,495552,465.0,465.25,462.5,463.0,15094,ZC.v.0
2026-05-22 17:00:00+00:00,34,1,495552,463.0,463.5,462.0,462.75,16755,ZC.v.0
2026-05-22 18:00:00+00:00,34,1,495552,462.75,463.75,462.5,463.75,18582,ZC.v.0
2026-05-26 00:00:00+00:00,34,1,495552,458.25,461.5,457.0,457.75,42586,ZC.v.0
2026-05-26 01:00:00+00:00,34,1,495552,457.75,459.0,457.0,458.5,4680,ZC.v.0
2026-05-26 02:00:00+00:00,34,1,495552,458.5,458.75,458.0,458.25,596,ZC.v.0
2026-05-26 03:00:00+00:00,34,1,495552,458.25,458.75,458.0,458.25,527,ZC.v.0
2026-05-26 04:00:00+00:00,34,1,495552,458.0,459.25,458.0,459.0,862,ZC.v.0
2026-05-26 05:00:00+00:00,34,1,495552,459.25,459.75,459.0,459.25,915,ZC.v.0
2026-05-26 06:00:00+00:00,34,1,495552,459.25,459.75,458.75,459.75,2783,ZC.v.0
2026-05-26 07:00:00+00:00,34,1,495552,459.5,462.25,459.0,461.5,4678,ZC.v.0
2026-05-26 08:00:00+00:00,34,1,495552,461.5,463.0,461.25,462.0,3110,ZC.v.0
2026-05-26 09:00:00+00:00,34,1,495552,462.0,462.25,460.25,460.75,2616,ZC.v.0
2026-05-26 10:00:00+00:00,34,1,495552,460.5,460.75,457.5,457.75,4218,ZC.v.0
2026-05-26 11:00:00+00:00,34,1,495552,457.75,459.25,457.25,458.25,3095,ZC.v.0
2026-05-26 12:00:00+00:00,34,1,495552,458.25,460.25,458.0,460.0,3459,ZC.v.0
2026-05-26 13:00:00+00:00,34,1,495552,460.0,461.0,458.5,460.25,13977,ZC.v.0
2026-05-26 14:00:00+00:00,34,1,495552,460.0,460.5,457.0,459.0,22284,ZC.v.0
2026-05-26 15:00:00+00:00,34,1,495552,459.0,460.0,458.0,458.0,11149,ZC.v.0
2026-05-26 16:00:00+00:00,34,1,495552,458.0,458.75,456.75,458.0,12652,ZC.v.0
2026-05-26 17:00:00+00:00,34,1,495552,458.0,458.25,456.5,457.75,9931,ZC.v.0
2026-05-26 18:00:00+00:00,34,1,495552,457.5,458.0,457.25,458.0,17362,ZC.v.0
2026-05-27 00:00:00+00:00,34,1,495552,458.5,459.75,458.25,459.5,3685,ZC.v.0
2026-05-27 01:00:00+00:00,34,1,495552,459.5,459.75,458.0,458.5,1785,ZC.v.0
2026-05-27 02:00:00+00:00,34,1,495552,458.25,458.5,457.25,457.25,1911,ZC.v.0
2026-05-27 03:00:00+00:00,34,1,495552,457.5,457.5,456.75,457.0,1232,ZC.v.0
2026-05-27 04:00:00+00:00,34,1,495552,456.75,457.0,456.5,456.5,365,ZC.v.0
2026-05-27 05:00:00+00:00,34,1,495552,456.5,457.0,456.5,456.75,229,ZC.v.0
2026-05-27 06:00:00+00:00,34,1,495552,456.5,456.75,454.5,455.25,6215,ZC.v.0
2026-05-27 07:00:00+00:00,34,1,495552,455.0,455.75,454.75,455.25,1213,ZC.v.0
2026-05-27 08:00:00+00:00,34,1,495552,455.25,455.75,454.5,454.5,1819,ZC.v.0
2026-05-27 09:00:00+00:00,34,1,495552,454.75,455.75,454.5,455.0,1992,ZC.v.0
2026-05-27 10:00:00+00:00,34,1,495552,455.0,457.0,455.0,456.25,1656,ZC.v.0
2026-05-27 11:00:00+00:00,34,1,495552,456.25,456.25,455.5,455.75,1401,ZC.v.0
2026-05-27 12:00:00+00:00,34,1,495552,455.5,456.25,452.75,454.75,8251,ZC.v.0
2026-05-27 13:00:00+00:00,34,1,495552,454.75,456.0,453.0,455.75,18509,ZC.v.0
2026-05-27 14:00:00+00:00,34,1,495552,455.75,457.75,455.25,456.25,17452,ZC.v.0
2026-05-27 15:00:00+00:00,34,1,495552,456.25,456.75,454.25,455.25,13290,ZC.v.0
2026-05-27 16:00:00+00:00,34,1,495552,455.0,455.75,453.25,453.5,11330,ZC.v.0
2026-05-27 17:00:00+00:00,34,1,495552,453.75,454.0,451.75,451.75,15883,ZC.v.0
2026-05-27 18:00:00+00:00,34,1,495552,451.75,453.0,451.75,452.0,13072,ZC.v.0
2026-05-28 00:00:00+00:00,34,1,495552,452.25,454.0,452.0,452.5,5023,ZC.v.0
2026-05-28 01:00:00+00:00,34,1,495552,452.5,452.75,451.5,452.0,1182,ZC.v.0
2026-05-28 02:00:00+00:00,34,1,495552,452.0,453.0,451.75,452.75,1165,ZC.v.0
2026-05-28 03:00:00+00:00,34,1,495552,452.75,453.75,452.5,453.75,1388,ZC.v.0
2026-05-28 04:00:00+00:00,34,1,495552,453.5,454.5,453.25,453.75,1392,ZC.v.0
2026-05-28 05:00:00+00:00,34,1,495552,453.75,454.25,453.25,453.75,644,ZC.v.0
2026-05-28 06:00:00+00:00,34,1,495552,453.75,455.0,453.5,454.75,2484,ZC.v.0
2026-05-28 07:00:00+00:00,34,1,495552,454.5,456.75,454.0,456.25,9527,ZC.v.0
2026-05-28 08:00:00+00:00,34,1,495552,456.25,456.5,455.0,455.5,2900,ZC.v.0
2026-05-28 09:00:00+00:00,34,1,495552,455.5,455.75,454.5,455.75,2313,ZC.v.0
2026-05-28 10:00:00+00:00,34,1,495552,455.75,457.5,455.5,457.0,3630,ZC.v.0
2026-05-28 11:00:00+00:00,34,1,495552,457.0,458.0,456.5,457.5,2496,ZC.v.0
2026-05-28 12:00:00+00:00,34,1,495552,457.5,458.25,455.25,455.75,5162,ZC.v.0
2026-05-28 13:00:00+00:00,34,1,495552,456.0,457.0,454.5,455.5,18621,ZC.v.0
2026-05-28 14:00:00+00:00,34,1,495552,455.25,456.0,451.75,453.5,28079,ZC.v.0
2026-05-28 15:00:00+00:00,34,1,495552,453.5,455.75,453.0,454.75,13364,ZC.v.0
2026-05-28 16:00:00+00:00,34,1,495552,454.75,457.0,454.25,454.5,19397,ZC.v.0
2026-05-28 17:00:00+00:00,34,1,495552,454.25,456.25,453.75,456.0,12421,ZC.v.0
2026-05-28 18:00:00+00:00,34,1,495552,456.25,457.5,455.5,456.25,16773,ZC.v.0
2026-05-29 00:00:00+00:00,34,1,495552,457.75,459.0,455.0,455.0,4873,ZC.v.0
2026-05-29 01:00:00+00:00,34,1,495552,455.25,455.75,454.25,455.0,1362,ZC.v.0
2026-05-29 02:00:00+00:00,34,1,495552,455.0,455.5,454.5,455.25,1636,ZC.v.0
2026-05-29 03:00:00+00:00,34,1,495552,455.5,456.0,455.0,455.25,1039,ZC.v.0
2026-05-29 04:00:00+00:00,34,1,495552,455.25,455.5,454.75,455.5,526,ZC.v.0
2026-05-29 05:00:00+00:00,34,1,495552,455.5,455.5,455.25,455.5,243,ZC.v.0
2026-05-29 06:00:00+00:00,34,1,495552,455.25,455.75,454.0,454.25,1058,ZC.v.0
2026-05-29 07:00:00+00:00,34,1,495552,454.0,455.25,453.5,454.75,2249,ZC.v.0
2026-05-29 08:00:00+00:00,34,1,495552,455.0,455.25,454.0,454.25,1277,ZC.v.0
2026-05-29 09:00:00+00:00,34,1,495552,454.0,454.25,453.0,453.5,2124,ZC.v.0
2026-05-29 10:00:00+00:00,34,1,495552,453.5,454.75,453.25,454.25,1488,ZC.v.0
2026-05-29 11:00:00+00:00,34,1,495552,454.25,454.5,453.0,453.0,2291,ZC.v.0
2026-05-29 12:00:00+00:00,34,1,495552,453.0,453.75,452.5,453.0,2853,ZC.v.0
2026-05-29 13:00:00+00:00,34,1,495552,453.0,453.25,450.0,450.25,20016,ZC.v.0
2026-05-29 14:00:00+00:00,34,1,495552,450.5,451.25,448.0,449.5,33534,ZC.v.0
2026-05-29 15:00:00+00:00,34,1,495552,449.5,449.5,447.5,448.75,20112,ZC.v.0
2026-05-29 16:00:00+00:00,34,1,495552,449.0,449.0,446.75,446.75,17822,ZC.v.0
2026-05-29 17:00:00+00:00,34,1,495552,446.75,447.75,445.0,447.25,32940,ZC.v.0
2026-05-29 18:00:00+00:00,34,1,495552,447.5,447.75,446.25,447.0,18827,ZC.v.0
2026-06-01 00:00:00+00:00,34,1,495552,446.0,447.75,444.5,447.5,8140,ZC.v.0
2026-06-01 01:00:00+00:00,34,1,495552,447.5,448.0,447.25,447.5,1280,ZC.v.0
2026-06-01 02:00:00+00:00,34,1,495552,447.25,448.0,447.25,447.5,844,ZC.v.0
2026-06-01 03:00:00+00:00,34,1,495552,447.5,448.0,447.25,448.0,479,ZC.v.0
2026-06-01 04:00:00+00:00,34,1,495552,448.0,448.0,447.25,447.5,115,ZC.v.0
2026-06-01 05:00:00+00:00,34,1,495552,447.5,448.25,447.25,448.0,251,ZC.v.0
2026-06-01 06:00:00+00:00,34,1,495552,448.0,448.5,448.0,448.25,747,ZC.v.0
2026-06-01 07:00:00+00:00,34,1,495552,448.0,448.25,447.25,447.75,1093,ZC.v.0
2026-06-01 08:00:00+00:00,34,1,495552,447.5,447.5,446.25,446.25,2076,ZC.v.0
2026-06-01 09:00:00+00:00,34,1,495552,446.25,446.75,446.0,446.0,1911,ZC.v.0
2026-06-01 10:00:00+00:00,34,1,495552,446.0,446.5,445.5,445.75,1943,ZC.v.0
2026-06-01 11:00:00+00:00,34,1,495552,445.75,446.5,445.5,446.25,2565,ZC.v.0
2026-06-01 12:00:00+00:00,34,1,495552,446.0,447.25,445.5,445.75,3105,ZC.v.0
2026-06-01 13:00:00+00:00,34,1,495552,446.25,449.25,442.5,444.25,39211,ZC.v.0
2026-06-01 14:00:00+00:00,34,1,495552,444.25,444.75,441.75,442.5,26985,ZC.v.0
2026-06-01 15:00:00+00:00,34,1,495552,442.5,443.5,440.0,442.75,23790,ZC.v.0
2026-06-01 16:00:00+00:00,34,1,495552,443.0,443.25,440.5,441.0,12865,ZC.v.0
2026-06-01 17:00:00+00:00,34,1,495552,441.25,442.75,440.25,442.5,18748,ZC.v.0
2026-06-01 18:00:00+00:00,34,1,495552,442.5,444.5,442.0,444.5,24609,ZC.v.0
2026-06-02 00:00:00+00:00,34,1,495552,444.75,445.75,440.75,441.0,4879,ZC.v.0
2026-06-02 01:00:00+00:00,34,1,495552,441.0,441.75,440.75,441.25,1114,ZC.v.0
2026-06-02 02:00:00+00:00,34,1,495552,441.25,442.0,441.0,442.0,571,ZC.v.0
2026-06-02 03:00:00+00:00,34,1,495552,442.0,442.25,441.25,441.5,222,ZC.v.0
2026-06-02 04:00:00+00:00,34,1,495552,441.5,441.75,441.25,441.5,177,ZC.v.0
2026-06-02 05:00:00+00:00,34,1,495552,441.5,441.5,441.0,441.0,633,ZC.v.0
2026-06-02 06:00:00+00:00,34,1,495552,441.25,441.75,440.5,441.75,1255,ZC.v.0
2026-06-02 07:00:00+00:00,34,1,495552,441.5,442.5,441.5,442.25,1908,ZC.v.0
2026-06-02 08:00:00+00:00,34,1,495552,442.0,442.25,441.25,441.5,1627,ZC.v.0
2026-06-02 09:00:00+00:00,34,1,495552,441.75,442.25,441.0,441.5,3059,ZC.v.0
2026-06-02 10:00:00+00:00,34,1,495552,441.75,442.5,441.25,441.5,957,ZC.v.0
2026-06-02 11:00:00+00:00,34,1,495552,441.5,443.0,441.0,442.5,2830,ZC.v.0
2026-06-02 12:00:00+00:00,34,1,495552,442.5,443.75,442.5,442.75,4308,ZC.v.0
2026-06-02 13:00:00+00:00,34,1,495552,443.0,444.0,440.0,440.25,21156,ZC.v.0
2026-06-02 14:00:00+00:00,34,1,495552,440.25,441.25,439.0,441.0,23931,ZC.v.0
2026-06-02 15:00:00+00:00,34,1,495552,441.0,442.5,440.5,440.75,14098,ZC.v.0
2026-06-02 16:00:00+00:00,34,1,495552,440.75,442.5,440.5,441.5,8984,ZC.v.0
2026-06-02 17:00:00+00:00,34,1,495552,441.5,441.5,440.25,440.75,10158,ZC.v.0
2026-06-02 18:00:00+00:00,34,1,495552,441.0,441.25,440.0,440.0,12492,ZC.v.0
2026-06-03 00:00:00+00:00,34,1,495552,440.75,441.5,439.75,439.75,2281,ZC.v.0
2026-06-03 01:00:00+00:00,34,1,495552,439.75,440.25,439.5,439.5,813,ZC.v.0
2026-06-03 02:00:00+00:00,34,1,495552,439.5,439.75,439.5,439.5,318,ZC.v.0
2026-06-03 03:00:00+00:00,34,1,495552,439.5,439.5,439.25,439.25,443,ZC.v.0
2026-06-03 04:00:00+00:00,34,1,495552,439.25,439.75,439.25,439.25,575,ZC.v.0
2026-06-03 05:00:00+00:00,34,1,495552,439.5,440.0,438.75,440.0,1802,ZC.v.0
2026-06-03 06:00:00+00:00,34,1,495552,440.0,440.75,439.75,439.75,1934,ZC.v.0
2026-06-03 07:00:00+00:00,34,1,495552,440.0,440.0,439.0,439.0,1315,ZC.v.0
2026-06-03 08:00:00+00:00,34,1,495552,439.0,439.25,437.25,437.5,6062,ZC.v.0
2026-06-03 09:00:00+00:00,34,1,495552,437.5,440.5,437.25,440.0,2230,ZC.v.0
2026-06-03 10:00:00+00:00,34,1,495552,440.25,440.75,439.5,440.25,1797,ZC.v.0
2026-06-03 11:00:00+00:00,34,1,495552,440.25,442.0,440.0,441.5,7639,ZC.v.0
2026-06-03 12:00:00+00:00,34,1,495552,441.25,441.75,440.5,441.0,3054,ZC.v.0
2026-06-03 13:00:00+00:00,34,1,495552,441.0,441.0,437.75,437.75,15980,ZC.v.0
2026-06-03 14:00:00+00:00,34,1,495552,437.75,439.0,436.25,436.5,22202,ZC.v.0
2026-06-03 15:00:00+00:00,34,1,495552,436.5,437.0,434.5,434.75,24670,ZC.v.0
2026-06-03 16:00:00+00:00,34,1,495552,435.0,435.0,433.5,434.25,18576,ZC.v.0
2026-06-03 17:00:00+00:00,34,1,495552,434.25,435.75,430.75,431.25,21967,ZC.v.0
2026-06-03 18:00:00+00:00,34,1,495552,431.25,432.0,430.25,430.75,26002,ZC.v.0
2026-06-04 00:00:00+00:00,34,1,495552,431.0,431.5,430.25,430.75,4140,ZC.v.0
2026-06-04 01:00:00+00:00,34,1,495552,430.75,430.75,426.5,427.0,9265,ZC.v.0
2026-06-04 02:00:00+00:00,34,1,495552,427.0,427.5,425.75,426.0,3505,ZC.v.0
2026-06-04 03:00:00+00:00,34,1,495552,425.75,426.25,425.75,425.75,1477,ZC.v.0
2026-06-04 04:00:00+00:00,34,1,495552,426.0,426.75,425.75,426.25,620,ZC.v.0
2026-06-04 05:00:00+00:00,34,1,495552,426.5,426.5,425.75,426.25,1015,ZC.v.0
2026-06-04 06:00:00+00:00,34,1,495552,426.0,426.5,425.25,425.5,2175,ZC.v.0
2026-06-04 07:00:00+00:00,34,1,495552,425.75,427.0,425.25,426.0,3395,ZC.v.0
2026-06-04 08:00:00+00:00,34,1,495552,426.25,426.5,425.25,426.5,2425,ZC.v.0
2026-06-04 09:00:00+00:00,34,1,495552,426.25,428.0,426.0,427.25,3338,ZC.v.0
2026-06-04 10:00:00+00:00,34,1,495552,427.25,428.0,426.5,426.75,2935,ZC.v.0
2026-06-04 11:00:00+00:00,34,1,495552,426.75,428.25,426.0,427.75,2802,ZC.v.0
2026-06-04 12:00:00+00:00,34,1,495552,427.5,429.25,427.25,427.75,6123,ZC.v.0
2026-06-04 13:00:00+00:00,34,1,495552,428.0,428.25,424.25,425.5,26374,ZC.v.0
2026-06-04 14:00:00+00:00,34,1,495552,425.25,425.75,422.0,422.75,32605,ZC.v.0
2026-06-04 15:00:00+00:00,34,1,495552,423.0,425.0,422.25,423.25,24103,ZC.v.0
2026-06-04 16:00:00+00:00,34,1,495552,423.25,424.75,422.5,423.5,13245,ZC.v.0
2026-06-04 17:00:00+00:00,34,1,495552,423.25,423.75,421.5,423.5,15694,ZC.v.0
2026-06-04 18:00:00+00:00,34,1,495552,423.5,425.0,423.0,423.75,19924,ZC.v.0
2026-06-05 00:00:00+00:00,34,1,495552,424.0,424.5,422.5,422.5,3140,ZC.v.0
2026-06-05 01:00:00+00:00,34,1,495552,422.5,422.5,420.5,421.25,5315,ZC.v.0
2026-06-05 02:00:00+00:00,34,1,495552,421.25,423.25,421.0,422.75,2592,ZC.v.0
2026-06-05 03:00:00+00:00,34,1,495552,422.75,423.0,421.75,422.0,359,ZC.v.0
2026-06-05 04:00:00+00:00,34,1,495552,422.25,422.5,421.5,421.75,275,ZC.v.0
2026-06-05 05:00:00+00:00,34,1,495552,421.75,422.25,421.25,422.0,1191,ZC.v.0
2026-06-05 06:00:00+00:00,34,1,495552,422.0,422.75,421.75,422.0,553,ZC.v.0
2026-06-05 07:00:00+00:00,34,1,495552,422.0,422.75,421.5,422.25,1297,ZC.v.0
2026-06-05 08:00:00+00:00,34,1,495552,422.5,423.0,421.75,422.5,2075,ZC.v.0
2026-06-05 09:00:00+00:00,34,1,495552,422.75,422.75,420.5,421.5,3551,ZC.v.0
2026-06-05 10:00:00+00:00,34,1,495552,421.5,421.75,420.5,420.75,1869,ZC.v.0
2026-06-05 11:00:00+00:00,34,1,495552,420.75,421.5,420.0,421.25,3384,ZC.v.0
2026-06-05 12:00:00+00:00,34,1,495552,421.25,422.5,419.75,420.5,7050,ZC.v.0
2026-06-05 13:00:00+00:00,34,1,495552,420.75,423.75,419.25,423.25,28513,ZC.v.0
2026-06-05 14:00:00+00:00,34,1,495552,423.5,423.5,419.75,422.0,22060,ZC.v.0
2026-06-05 15:00:00+00:00,34,1,495552,422.0,423.0,417.0,417.25,22452,ZC.v.0
2026-06-05 16:00:00+00:00,34,1,495552,417.5,418.5,417.0,417.75,17829,ZC.v.0
2026-06-05 17:00:00+00:00,34,1,495552,417.75,418.5,416.0,416.25,16499,ZC.v.0
2026-06-05 18:00:00+00:00,34,1,495552,416.5,418.0,416.25,418.0,19629,ZC.v.0
2026-06-08 00:00:00+00:00,34,1,495552,420.5,421.0,415.0,415.75,7070,ZC.v.0
2026-06-08 01:00:00+00:00,34,1,495552,415.5,418.75,415.5,416.25,2550,ZC.v.0
2026-06-08 02:00:00+00:00,34,1,495552,416.25,417.5,416.25,416.25,704,ZC.v.0
2026-06-08 03:00:00+00:00,34,1,495552,416.5,416.5,415.5,416.0,829,ZC.v.0
2026-06-08 04:00:00+00:00,34,1,495552,416.0,417.0,416.0,416.25,314,ZC.v.0
2026-06-08 05:00:00+00:00,34,1,495552,416.5,416.5,415.0,415.25,1705,ZC.v.0
2026-06-08 06:00:00+00:00,34,1,495552,415.25,417.0,415.0,417.0,2117,ZC.v.0
2026-06-08 07:00:00+00:00,34,1,495552,417.0,418.0,416.5,417.25,1872,ZC.v.0
2026-06-08 08:00:00+00:00,34,1,495552,417.25,417.25,415.0,416.25,2459,ZC.v.0
2026-06-08 09:00:00+00:00,34,1,495552,416.5,416.5,415.5,416.25,1118,ZC.v.0
2026-06-08 10:00:00+00:00,34,1,495552,416.5,418.25,414.5,414.75,3617,ZC.v.0
2026-06-08 11:00:00+00:00,34,1,495552,414.5,415.75,412.5,414.5,4814,ZC.v.0
2026-06-08 12:00:00+00:00,34,1,495552,414.5,416.25,414.0,415.5,4726,ZC.v.0
2026-06-08 13:00:00+00:00,34,1,495552,415.25,416.0,413.0,415.25,22519,ZC.v.0
2026-06-08 14:00:00+00:00,34,1,495552,415.25,419.75,415.0,419.75,31334,ZC.v.0
2026-06-08 15:00:00+00:00,34,1,495552,419.75,420.25,417.25,419.25,19572,ZC.v.0
2026-06-08 16:00:00+00:00,34,1,495552,419.0,419.5,417.75,419.25,11960,ZC.v.0
2026-06-08 17:00:00+00:00,34,1,495552,419.25,420.75,418.25,419.75,14231,ZC.v.0
2026-06-08 18:00:00+00:00,34,1,495552,419.75,420.0,417.75,418.0,10884,ZC.v.0
2026-06-09 00:00:00+00:00,34,1,495552,419.0,420.5,418.25,420.25,3509,ZC.v.0
2026-06-09 01:00:00+00:00,34,1,495552,420.0,421.0,419.75,420.75,963,ZC.v.0
2026-06-09 02:00:00+00:00,34,1,495552,420.75,421.0,419.25,419.25,700,ZC.v.0
2026-06-09 03:00:00+00:00,34,1,495552,419.25,419.75,419.0,419.5,238,ZC.v.0
2026-06-09 04:00:00+00:00,34,1,495552,419.5,420.0,419.25,419.25,289,ZC.v.0
2026-06-09 05:00:00+00:00,34,1,495552,419.5,419.75,419.25,419.75,260,ZC.v.0
2026-06-09 06:00:00+00:00,34,1,495552,419.75,420.75,419.5,420.5,577,ZC.v.0
2026-06-09 07:00:00+00:00,34,1,495552,420.5,422.25,419.25,419.5,3825,ZC.v.0
2026-06-09 08:00:00+00:00,34,1,495552,419.5,420.75,418.75,419.75,1789,ZC.v.0
2026-06-09 09:00:00+00:00,34,1,495552,420.0,420.5,419.0,420.5,1463,ZC.v.0
2026-06-09 10:00:00+00:00,34,1,495552,420.75,421.25,420.5,421.0,1826,ZC.v.0
2026-06-09 11:00:00+00:00,34,1,495552,421.0,422.5,420.25,422.25,3704,ZC.v.0
2026-06-09 12:00:00+00:00,34,1,495552,422.0,422.5,421.0,421.5,2485,ZC.v.0
2026-06-09 13:00:00+00:00,34,1,495552,421.75,425.5,420.25,422.25,28850,ZC.v.0
2026-06-09 14:00:00+00:00,34,1,495552,422.25,423.25,421.25,422.0,15577,ZC.v.0
2026-06-09 15:00:00+00:00,34,1,495552,422.0,423.5,420.25,420.5,14669,ZC.v.0
2026-06-09 16:00:00+00:00,34,1,495552,420.5,424.0,419.75,420.5,25269,ZC.v.0
2026-06-09 17:00:00+00:00,34,1,495552,420.25,421.0,417.5,419.0,15689,ZC.v.0
2026-06-09 18:00:00+00:00,34,1,495552,419.25,420.5,418.75,420.0,12132,ZC.v.0
2026-06-10 00:00:00+00:00,34,1,495552,419.75,420.5,419.0,419.0,3589,ZC.v.0
2026-06-10 01:00:00+00:00,34,1,495552,419.0,419.75,418.25,419.0,1029,ZC.v.0
2026-06-10 02:00:00+00:00,34,1,495552,419.25,419.25,418.5,419.0,367,ZC.v.0
2026-06-10 03:00:00+00:00,34,1,495552,419.0,420.25,418.75,419.75,790,ZC.v.0
2026-06-10 04:00:00+00:00,34,1,495552,419.75,420.0,419.75,420.0,216,ZC.v.0
2026-06-10 05:00:00+00:00,34,1,495552,420.0,420.5,419.75,420.0,652,ZC.v.0
2026-06-10 06:00:00+00:00,34,1,495552,420.0,421.5,419.75,421.25,1377,ZC.v.0
2026-06-10 07:00:00+00:00,34,1,495552,421.0,423.5,420.5,422.5,4428,ZC.v.0
2026-06-10 08:00:00+00:00,34,1,495552,422.75,423.25,421.75,422.75,2904,ZC.v.0
2026-06-10 09:00:00+00:00,34,1,495552,422.75,423.75,422.25,423.25,2362,ZC.v.0
2026-06-10 10:00:00+00:00,34,1,495552,423.25,423.75,422.75,423.0,1866,ZC.v.0
2026-06-10 11:00:00+00:00,34,1,495552,423.0,425.75,422.75,423.5,6944,ZC.v.0
2026-06-10 12:00:00+00:00,34,1,495552,423.5,423.75,421.5,422.0,4929,ZC.v.0
2026-06-10 13:00:00+00:00,34,1,495552,422.75,423.0,420.25,421.0,17325,ZC.v.0
2026-06-10 14:00:00+00:00,34,1,495552,420.75,422.25,420.0,420.5,15942,ZC.v.0
2026-06-10 15:00:00+00:00,34,1,495552,420.5,421.5,419.0,420.25,10771,ZC.v.0
2026-06-10 16:00:00+00:00,34,1,495552,420.5,421.25,418.75,419.0,9530,ZC.v.0
2026-06-10 17:00:00+00:00,34,1,495552,419.0,420.5,418.75,420.0,12622,ZC.v.0
2026-06-10 18:00:00+00:00,34,1,495552,420.0,420.5,418.75,419.25,10528,ZC.v.0
2026-06-11 00:00:00+00:00,34,1,495552,419.75,420.0,418.75,419.75,2997,ZC.v.0
2026-06-11 01:00:00+00:00,34,1,495552,419.75,420.0,417.75,418.5,4202,ZC.v.0
2026-06-11 02:00:00+00:00,34,1,495552,418.5,418.5,417.75,418.0,664,ZC.v.0
2026-06-11 03:00:00+00:00,34,1,495552,418.25,418.75,418.0,418.25,786,ZC.v.0
2026-06-11 04:00:00+00:00,34,1,495552,418.25,418.75,417.25,417.25,986,ZC.v.0
2026-06-11 05:00:00+00:00,34,1,495552,417.5,417.75,417.0,417.75,1401,ZC.v.0
2026-06-11 06:00:00+00:00,34,1,495552,417.75,419.0,417.5,418.25,671,ZC.v.0
2026-06-11 07:00:00+00:00,34,1,495552,418.25,418.75,417.75,418.25,1521,ZC.v.0
2026-06-11 08:00:00+00:00,34,1,495552,418.25,418.25,417.0,417.5,1635,ZC.v.0
2026-06-11 09:00:00+00:00,34,1,495552,417.5,418.5,417.25,417.5,986,ZC.v.0
2026-06-11 10:00:00+00:00,34,1,495552,417.5,417.75,417.0,417.25,849,ZC.v.0
2026-06-11 11:00:00+00:00,34,1,495552,417.25,417.25,415.5,416.25,4327,ZC.v.0
2026-06-11 12:00:00+00:00,34,1,495552,416.0,418.0,415.25,416.75,5459,ZC.v.0
2026-06-11 13:00:00+00:00,34,1,495552,416.75,417.0,414.75,415.0,12653,ZC.v.0
2026-06-11 14:00:00+00:00,34,1,495552,415.25,417.75,414.5,416.75,13683,ZC.v.0
2026-06-11 15:00:00+00:00,34,1,495552,416.75,419.0,416.75,418.25,11578,ZC.v.0
2026-06-11 16:00:00+00:00,34,1,495552,418.0,420.0,412.25,413.0,30923,ZC.v.0
2026-06-11 17:00:00+00:00,34,1,495552,412.75,413.5,410.5,411.75,26330,ZC.v.0
2026-06-11 18:00:00+00:00,34,1,495552,411.75,412.5,411.0,411.0,13762,ZC.v.0
2026-06-12 00:00:00+00:00,34,1,495552,411.75,413.25,411.25,413.25,4002,ZC.v.0
2026-06-12 01:00:00+00:00,34,1,495552,413.25,413.5,411.5,411.75,2029,ZC.v.0
2026-06-12 02:00:00+00:00,34,1,495552,411.75,412.5,411.5,412.25,698,ZC.v.0
2026-06-12 03:00:00+00:00,34,1,495552,412.5,412.75,411.5,411.75,503,ZC.v.0
2026-06-12 04:00:00+00:00,34,1,495552,411.75,412.0,411.25,411.5,316,ZC.v.0
2026-06-12 05:00:00+00:00,34,1,495552,411.75,413.0,411.5,413.0,1014,ZC.v.0
2026-06-12 06:00:00+00:00,34,1,495552,413.0,414.0,412.75,413.75,1822,ZC.v.0
2026-06-12 07:00:00+00:00,34,1,495552,413.5,414.5,411.5,411.75,3167,ZC.v.0
2026-06-12 08:00:00+00:00,34,1,495552,411.75,411.75,408.5,410.0,6980,ZC.v.0
2026-06-12 09:00:00+00:00,34,1,495552,410.0,410.75,409.5,410.0,1232,ZC.v.0
2026-06-12 10:00:00+00:00,34,1,495552,410.0,411.25,409.5,409.75,1286,ZC.v.0
2026-06-12 11:00:00+00:00,34,1,495552,410.0,410.5,408.5,410.25,2744,ZC.v.0
2026-06-12 12:00:00+00:00,34,1,495552,410.25,412.0,409.5,411.75,2511,ZC.v.0
2026-06-12 13:00:00+00:00,34,1,495552,411.5,417.0,410.5,415.5,22800,ZC.v.0
2026-06-12 14:00:00+00:00,34,1,495552,415.5,417.0,414.5,415.25,16959,ZC.v.0
2026-06-12 15:00:00+00:00,34,1,495552,415.5,416.25,414.25,415.25,7326,ZC.v.0
2026-06-12 16:00:00+00:00,34,1,495552,415.25,415.75,412.75,413.25,7758,ZC.v.0
2026-06-12 17:00:00+00:00,34,1,495552,413.25,414.0,412.5,412.75,7005,ZC.v.0
2026-06-12 18:00:00+00:00,34,1,495552,412.75,413.5,412.5,413.25,7207,ZC.v.0
2026-06-15 00:00:00+00:00,34,1,495552,411.75,412.25,408.0,410.0,7214,ZC.v.0
2026-06-15 01:00:00+00:00,34,1,495552,410.25,410.5,409.5,410.25,1319,ZC.v.0
2026-06-15 02:00:00+00:00,34,1,495552,410.25,410.5,409.5,409.5,636,ZC.v.0
2026-06-15 03:00:00+00:00,34,1,495552,409.5,410.0,409.25,409.75,183,ZC.v.0
2026-06-15 04:00:00+00:00,34,1,495552,409.75,410.0,409.5,409.75,144,ZC.v.0
2026-06-15 05:00:00+00:00,34,1,495552,410.0,410.5,409.75,410.5,295,ZC.v.0
2026-06-15 06:00:00+00:00,34,1,495552,410.5,410.5,408.75,409.0,876,ZC.v.0
2026-06-15 07:00:00+00:00,34,1,495552,409.25,409.5,407.25,407.25,2559,ZC.v.0
2026-06-15 08:00:00+00:00,34,1,495552,407.25,408.0,407.25,407.75,1463,ZC.v.0
2026-06-15 09:00:00+00:00,34,1,495552,408.0,408.0,407.5,408.0,982,ZC.v.0
2026-06-15 10:00:00+00:00,34,1,495552,408.0,408.25,407.75,408.0,1004,ZC.v.0
2026-06-15 11:00:00+00:00,34,1,495552,408.0,409.0,407.5,408.0,1424,ZC.v.0
2026-06-15 12:00:00+00:00,34,1,495552,408.25,408.5,406.5,406.75,2717,ZC.v.0
2026-06-15 13:00:00+00:00,34,1,495552,406.75,411.5,406.25,411.0,17757,ZC.v.0
2026-06-15 14:00:00+00:00,34,1,495552,411.25,416.5,411.0,416.5,22998,ZC.v.0
2026-06-15 15:00:00+00:00,34,1,495552,416.5,416.75,414.5,415.25,9533,ZC.v.0
2026-06-15 16:00:00+00:00,34,1,495552,415.25,416.75,414.75,414.75,8144,ZC.v.0
2026-06-15 17:00:00+00:00,34,1,495552,414.75,415.75,414.25,414.5,5999,ZC.v.0
2026-06-15 18:00:00+00:00,34,1,495552,414.75,415.75,414.5,415.5,10806,ZC.v.0
2026-06-16 00:00:00+00:00,34,1,495552,415.0,416.75,413.5,414.0,2357,ZC.v.0
2026-06-16 01:00:00+00:00,34,1,495552,414.0,414.25,413.5,414.25,358,ZC.v.0
2026-06-16 02:00:00+00:00,34,1,495552,414.0,414.25,413.25,413.5,566,ZC.v.0
2026-06-16 03:00:00+00:00,34,1,495552,413.75,413.75,413.25,413.25,310,ZC.v.0
2026-06-16 04:00:00+00:00,34,1,495552,413.5,413.5,413.0,413.25,553,ZC.v.0
2026-06-16 05:00:00+00:00,34,1,495552,413.25,413.5,413.0,413.5,292,ZC.v.0
2026-06-16 06:00:00+00:00,34,1,495552,413.75,414.75,413.0,414.25,890,ZC.v.0
2026-06-16 07:00:00+00:00,34,1,495552,414.0,414.75,413.5,414.0,1553,ZC.v.0
2026-06-16 08:00:00+00:00,34,1,495552,413.75,414.25,412.5,412.75,2085,ZC.v.0
2026-06-16 09:00:00+00:00,34,1,495552,413.0,414.0,412.5,413.75,961,ZC.v.0
2026-06-16 10:00:00+00:00,34,1,495552,413.75,414.25,412.5,414.25,1751,ZC.v.0
2026-06-16 11:00:00+00:00,34,1,495552,414.5,416.25,414.25,414.75,2994,ZC.v.0
2026-06-16 12:00:00+00:00,34,1,495552,414.5,414.5,413.5,413.75,3644,ZC.v.0
2026-06-16 13:00:00+00:00,34,1,495552,414.0,421.0,414.0,418.75,37949,ZC.v.0
2026-06-16 14:00:00+00:00,34,1,495552,418.75,421.0,414.5,414.75,17438,ZC.v.0
2026-06-16 15:00:00+00:00,34,1,495552,414.5,416.0,414.25,414.5,8557,ZC.v.0
2026-06-16 16:00:00+00:00,34,1,495552,414.25,416.0,414.0,414.0,5821,ZC.v.0
2026-06-16 17:00:00+00:00,34,1,495552,414.0,415.0,413.25,414.75,10463,ZC.v.0
2026-06-16 18:00:00+00:00,34,1,495552,414.75,415.0,413.0,414.25,11173,ZC.v.0
2026-06-17 00:00:00+00:00,34,1,495552,414.25,414.75,413.5,413.75,1281,ZC.v.0
2026-06-17 01:00:00+00:00,34,1,495552,413.75,414.0,412.5,413.0,826,ZC.v.0
2026-06-17 02:00:00+00:00,34,1,495552,413.0,413.75,412.75,413.75,244,ZC.v.0
2026-06-17 03:00:00+00:00,34,1,495552,413.75,414.0,413.0,413.0,522,ZC.v.0
2026-06-17 04:00:00+00:00,34,1,495552,413.25,414.25,413.0,414.0,631,ZC.v.0
2026-06-17 05:00:00+00:00,34,1,495552,414.0,414.75,413.5,414.5,1122,ZC.v.0
2026-06-17 06:00:00+00:00,34,1,495552,414.5,414.5,412.25,412.75,1175,ZC.v.0
2026-06-17 07:00:00+00:00,34,1,495552,412.75,413.25,412.25,412.75,941,ZC.v.0
2026-06-17 08:00:00+00:00,34,1,495552,413.0,414.0,412.5,412.75,838,ZC.v.0
2026-06-17 09:00:00+00:00,34,1,495552,413.0,416.0,412.5,415.25,3141,ZC.v.0
2026-06-17 10:00:00+00:00,34,1,495552,415.25,416.0,414.5,415.25,1220,ZC.v.0
2026-06-17 11:00:00+00:00,34,1,495552,415.25,420.0,415.0,417.75,7505,ZC.v.0
2026-06-17 12:00:00+00:00,34,1,495552,417.5,420.75,417.0,419.25,9188,ZC.v.0
2026-06-17 13:00:00+00:00,34,1,495552,419.75,420.0,415.25,417.25,15667,ZC.v.0
2026-06-17 14:00:00+00:00,34,1,495552,417.25,419.5,416.75,418.0,14574,ZC.v.0
2026-06-17 15:00:00+00:00,34,1,495552,418.0,419.0,416.0,418.75,7702,ZC.v.0
2026-06-17 16:00:00+00:00,34,1,495552,418.75,419.25,417.75,418.5,6727,ZC.v.0
2026-06-17 17:00:00+00:00,34,1,495552,418.5,420.75,417.5,419.5,11696,ZC.v.0
2026-06-17 18:00:00+00:00,34,1,495552,419.25,421.75,418.75,421.25,13682,ZC.v.0
2026-06-18 00:00:00+00:00,34,1,495552,419.75,421.0,418.5,419.75,2515,ZC.v.0
2026-06-18 01:00:00+00:00,34,1,495552,419.5,420.75,419.5,420.0,984,ZC.v.0
2026-06-18 02:00:00+00:00,34,1,495552,420.25,421.0,420.25,420.75,397,ZC.v.0
2026-06-18 03:00:00+00:00,34,1,495552,420.75,420.75,419.5,419.75,509,ZC.v.0
2026-06-18 04:00:00+00:00,34,1,495552,419.5,420.25,419.5,420.0,207,ZC.v.0
2026-06-18 05:00:00+00:00,34,1,495552,420.0,420.75,419.75,420.5,266,ZC.v.0
2026-06-18 06:00:00+00:00,34,1,495552,420.5,422.0,419.75,421.75,1400,ZC.v.0
2026-06-18 07:00:00+00:00,34,1,495552,421.5,422.0,421.0,421.0,1494,ZC.v.0
2026-06-18 08:00:00+00:00,34,1,495552,420.75,421.25,419.0,419.25,2401,ZC.v.0
2026-06-18 09:00:00+00:00,34,1,495552,419.25,419.75,417.5,417.5,3349,ZC.v.0
2026-06-18 10:00:00+00:00,34,1,495552,417.75,419.0,417.25,417.5,2863,ZC.v.0
2026-06-18 11:00:00+00:00,34,1,495552,417.5,418.25,416.75,417.5,1873,ZC.v.0
2026-06-18 12:00:00+00:00,34,1,495552,417.5,418.75,416.75,418.5,2917,ZC.v.0
2026-06-18 13:00:00+00:00,34,1,495552,418.5,418.75,416.25,417.25,14047,ZC.v.0
2026-06-18 14:00:00+00:00,34,1,495552,417.0,417.5,416.0,417.0,8629,ZC.v.0
2026-06-18 15:00:00+00:00,34,1,495552,416.75,417.75,415.25,416.5,8185,ZC.v.0
2026-06-18 16:00:00+00:00,34,1,495552,416.25,416.5,415.0,415.75,11113,ZC.v.0
2026-06-18 17:00:00+00:00,34,1,495552,416.0,417.0,415.5,415.5,7448,ZC.v.0
2026-06-18 18:00:00+00:00,34,1,495552,415.5,418.0,415.0,417.5,13167,ZC.v.0
2026-06-22 00:00:00+00:00,34,1,495552,417.5,418.0,416.0,417.25,2786,ZC.v.0
2026-06-22 01:00:00+00:00,34,1,495552,417.25,418.0,415.75,415.75,1845,ZC.v.0
2026-06-22 02:00:00+00:00,34,1,495552,415.75,416.0,415.25,415.5,544,ZC.v.0
2026-06-22 03:00:00+00:00,34,1,495552,415.5,415.5,415.0,415.5,277,ZC.v.0
2026-06-22 04:00:00+00:00,34,1,495552,415.75,415.75,415.0,415.25,286,ZC.v.0
2026-06-22 05:00:00+00:00,34,1,495552,415.25,415.5,414.75,415.0,605,ZC.v.0
2026-06-22 06:00:00+00:00,34,1,495552,414.75,415.5,414.25,415.25,426,ZC.v.0
2026-06-22 07:00:00+00:00,34,1,495552,415.0,415.75,414.75,415.0,590,ZC.v.0
2026-06-22 08:00:00+00:00,34,1,495552,414.75,415.5,414.25,414.25,1199,ZC.v.0
2026-06-22 09:00:00+00:00,34,1,495552,414.25,415.5,414.0,415.25,775,ZC.v.0
2026-06-22 10:00:00+00:00,34,1,495552,415.0,415.5,414.75,415.25,431,ZC.v.0
2026-06-22 11:00:00+00:00,34,1,495552,415.0,417.0,414.0,417.0,3502,ZC.v.0
2026-06-22 12:00:00+00:00,34,1,495552,417.0,417.5,414.75,414.75,1884,ZC.v.0
2026-06-22 13:00:00+00:00,34,1,495552,414.75,415.0,412.0,413.0,13557,ZC.v.0
2026-06-22 14:00:00+00:00,34,1,495552,413.0,413.75,412.0,413.0,8189,ZC.v.0
2026-06-22 15:00:00+00:00,34,1,495552,413.0,413.75,411.5,411.75,7461,ZC.v.0
2026-06-22 16:00:00+00:00,34,1,495552,411.75,413.0,411.25,412.75,8361,ZC.v.0
2026-06-22 17:00:00+00:00,34,1,495552,412.75,414.0,412.0,412.75,6284,ZC.v.0
2026-06-22 18:00:00+00:00,34,1,495552,412.5,412.5,411.25,411.25,13841,ZC.v.0
2026-06-23 00:00:00+00:00,34,1,495552,411.5,413.25,411.25,412.5,1627,ZC.v.0
2026-06-23 01:00:00+00:00,34,1,495552,412.5,413.0,412.25,412.75,461,ZC.v.0
2026-06-23 02:00:00+00:00,34,1,495552,412.75,413.25,412.5,412.75,397,ZC.v.0
2026-06-23 03:00:00+00:00,34,1,495552,412.75,412.75,412.25,412.5,345,ZC.v.0
2026-06-23 04:00:00+00:00,34,1,495552,412.5,412.5,412.0,412.0,249,ZC.v.0
2026-06-23 05:00:00+00:00,34,1,495552,412.25,412.25,411.25,411.25,668,ZC.v.0
2026-06-23 06:00:00+00:00,34,1,495552,411.25,412.25,411.0,411.75,601,ZC.v.0
2026-06-23 07:00:00+00:00,34,1,495552,411.75,413.25,411.75,412.75,745,ZC.v.0
2026-06-23 08:00:00+00:00,34,1,495552,413.0,414.5,413.0,413.5,1091,ZC.v.0
2026-06-23 09:00:00+00:00,34,1,495552,413.25,414.25,413.0,414.0,928,ZC.v.0
2026-06-23 10:00:00+00:00,34,1,495552,414.0,414.25,413.0,413.25,457,ZC.v.0
2026-06-23 11:00:00+00:00,34,1,495552,413.25,414.0,413.0,413.25,1340,ZC.v.0
2026-06-23 12:00:00+00:00,34,1,495552,413.25,413.25,411.5,412.5,2406,ZC.v.0
2026-06-23 13:00:00+00:00,34,1,495552,412.75,413.0,409.5,409.5,11736,ZC.v.0
2026-06-23 14:00:00+00:00,34,1,495552,409.5,410.5,407.0,410.25,15070,ZC.v.0
2026-06-23 15:00:00+00:00,34,1,495552,410.5,410.75,409.0,409.25,5281,ZC.v.0
2026-06-23 16:00:00+00:00,34,1,495552,409.25,409.75,408.75,409.5,3553,ZC.v.0
2026-06-23 17:00:00+00:00,34,1,495552,409.75,411.75,409.5,409.75,6219,ZC.v.0
2026-06-23 18:00:00+00:00,34,1,495552,409.75,410.0,409.25,410.0,5783,ZC.v.0
2026-06-24 00:00:00+00:00,34,1,495552,410.0,410.25,409.5,409.75,1205,ZC.v.0
2026-06-24 01:00:00+00:00,34,1,495552,409.75,410.25,409.25,409.75,449,ZC.v.0
2026-06-24 02:00:00+00:00,34,1,495552,410.0,410.0,409.25,409.25,254,ZC.v.0
2026-06-24 03:00:00+00:00,34,1,495552,409.5,409.75,409.25,409.75,93,ZC.v.0
2026-06-24 04:00:00+00:00,34,1,495552,409.5,409.75,409.5,409.75,22,ZC.v.0
2026-06-24 05:00:00+00:00,34,1,495552,409.75,410.75,409.75,410.25,166,ZC.v.0
2026-06-24 06:00:00+00:00,34,1,495552,410.25,410.75,410.0,410.75,306,ZC.v.0
2026-06-24 07:00:00+00:00,34,1,495552,410.75,411.0,409.25,409.5,1384,ZC.v.0
2026-06-24 08:00:00+00:00,34,1,495552,409.25,411.0,409.0,410.5,1323,ZC.v.0
2026-06-24 09:00:00+00:00,34,1,495552,410.5,410.75,410.0,410.25,1135,ZC.v.0
2026-06-24 10:00:00+00:00,34,1,495552,410.25,411.5,410.25,411.0,576,ZC.v.0
2026-06-24 11:00:00+00:00,34,1,495552,411.0,412.5,410.75,412.0,1124,ZC.v.0
2026-06-24 12:00:00+00:00,34,1,495552,412.0,412.0,410.75,411.25,1305,ZC.v.0
2026-06-24 13:00:00+00:00,34,1,495552,411.0,411.75,409.25,409.5,6127,ZC.v.0
2026-06-24 14:00:00+00:00,34,1,495552,409.5,411.0,409.0,410.0,4936,ZC.v.0
2026-06-24 15:00:00+00:00,34,1,495552,410.0,410.5,407.5,407.5,6507,ZC.v.0
2026-06-24 16:00:00+00:00,34,1,495552,407.5,409.5,407.0,408.75,4738,ZC.v.0
2026-06-24 17:00:00+00:00,34,1,495552,409.0,409.25,407.25,407.25,3634,ZC.v.0
2026-06-24 18:00:00+00:00,34,1,495552,407.25,407.5,405.75,406.0,6237,ZC.v.0
2026-06-25 00:00:00+00:00,34,1,495552,406.0,406.5,405.5,406.25,1870,ZC.v.0
2026-06-25 01:00:00+00:00,34,1,495552,406.25,406.25,403.75,404.25,3699,ZC.v.0
2026-06-25 02:00:00+00:00,34,1,495552,404.25,404.75,403.75,404.75,858,ZC.v.0
2026-06-25 03:00:00+00:00,34,1,495552,404.75,405.0,404.5,404.5,599,ZC.v.0
2026-06-25 04:00:00+00:00,34,1,495552,404.5,405.75,404.5,405.25,336,ZC.v.0
2026-06-25 05:00:00+00:00,34,1,495552,405.25,405.5,405.0,405.25,227,ZC.v.0
2026-06-25 06:00:00+00:00,34,1,495552,405.5,406.0,405.25,406.0,622,ZC.v.0
2026-06-25 07:00:00+00:00,34,1,495552,405.75,407.0,405.5,407.0,593,ZC.v.0
2026-06-25 08:00:00+00:00,34,1,495552,406.5,407.0,406.0,406.25,460,ZC.v.0
2026-06-25 09:00:00+00:00,34,1,495552,406.25,406.75,406.0,406.5,1241,ZC.v.0
2026-06-25 10:00:00+00:00,34,1,495552,406.5,407.0,406.0,406.25,531,ZC.v.0
2026-06-25 11:00:00+00:00,34,1,495552,406.0,407.5,406.0,407.0,490,ZC.v.0
2026-06-25 12:00:00+00:00,34,1,495552,406.75,407.0,404.25,404.5,2079,ZC.v.0
2026-06-25 13:00:00+00:00,34,1,495552,404.25,408.0,404.0,406.25,8560,ZC.v.0
2026-06-25 14:00:00+00:00,34,1,495552,406.5,409.25,406.25,408.0,7192,ZC.v.0
2026-06-25 15:00:00+00:00,34,1,495552,408.25,410.25,408.25,410.0,6466,ZC.v.0
2026-06-25 16:00:00+00:00,34,1,495552,410.0,412.0,410.0,411.25,7578,ZC.v.0
2026-06-25 17:00:00+00:00,34,1,495552,411.25,415.5,411.25,415.25,8075,ZC.v.0
2026-06-25 18:00:00+00:00,34,1,495552,415.25,416.0,414.25,414.75,6472,ZC.v.0
2026-06-26 00:00:00+00:00,34,1,495552,414.25,415.0,412.75,413.5,1612,ZC.v.0
2026-06-26 01:00:00+00:00,34,1,495552,413.5,414.5,413.25,414.0,324,ZC.v.0
2026-06-26 02:00:00+00:00,34,1,495552,414.5,414.5,413.75,414.0,118,ZC.v.0
2026-06-26 03:00:00+00:00,34,1,495552,413.75,414.25,413.5,413.75,173,ZC.v.0
2026-06-26 04:00:00+00:00,34,1,495552,413.75,414.0,413.75,413.75,57,ZC.v.0
2026-06-26 05:00:00+00:00,34,1,495552,413.75,415.25,413.75,415.0,518,ZC.v.0
2026-06-26 06:00:00+00:00,34,1,495552,414.75,415.25,414.0,414.5,333,ZC.v.0
2026-06-26 07:00:00+00:00,34,1,495552,414.0,415.0,413.75,414.0,614,ZC.v.0
2026-06-26 08:00:00+00:00,34,1,495552,414.25,414.5,412.5,413.0,662,ZC.v.0
2026-06-26 09:00:00+00:00,34,1,495552,413.0,414.0,412.5,413.0,928,ZC.v.0
2026-06-26 10:00:00+00:00,34,1,495552,413.0,414.5,412.75,414.25,721,ZC.v.0
2026-06-26 11:00:00+00:00,34,1,495552,414.25,414.25,412.5,412.75,763,ZC.v.0
2026-06-26 12:00:00+00:00,34,1,495552,412.5,412.75,411.75,412.5,914,ZC.v.0
2026-06-26 13:00:00+00:00,34,1,495552,412.0,415.75,411.25,413.5,6807,ZC.v.0
2026-06-26 14:00:00+00:00,34,1,495552,413.75,416.5,412.25,416.5,7528,ZC.v.0
2026-06-26 15:00:00+00:00,34,1,495552,416.0,417.25,414.25,416.5,5906,ZC.v.0
2026-06-26 16:00:00+00:00,34,1,495552,416.75,417.5,414.75,415.0,4148,ZC.v.0
2026-06-26 17:00:00+00:00,34,1,495552,415.0,415.25,413.5,414.0,4857,ZC.v.0
2026-06-26 18:00:00+00:00,34,1,495552,413.75,414.0,411.5,411.75,10593,ZC.v.0
2026-06-29 00:00:00+00:00,34,1,495552,412.5,412.5,407.75,410.0,2613,ZC.v.0
2026-06-29 01:00:00+00:00,34,1,495552,410.0,410.0,408.75,408.75,171,ZC.v.0
2026-06-29 02:00:00+00:00,34,1,495552,409.0,409.25,408.5,409.0,148,ZC.v.0
2026-06-29 03:00:00+00:00,34,1,495552,408.75,408.75,408.25,408.25,56,ZC.v.0
2026-06-29 04:00:00+00:00,34,1,495552,408.25,408.5,407.5,408.0,254,ZC.v.0
2026-06-29 05:00:00+00:00,34,1,495552,407.5,408.0,407.0,407.75,234,ZC.v.0
2026-06-29 06:00:00+00:00,34,1,495552,407.75,408.25,407.75,407.75,142,ZC.v.0
2026-06-29 07:00:00+00:00,34,1,495552,407.75,407.75,406.0,406.75,727,ZC.v.0
2026-06-29 08:00:00+00:00,34,1,495552,406.75,407.25,406.0,406.5,508,ZC.v.0
2026-06-29 09:00:00+00:00,34,1,495552,406.25,406.25,405.5,406.0,406,ZC.v.0
2026-06-29 10:00:00+00:00,34,1,495552,405.5,405.75,403.5,403.75,320,ZC.v.0
2026-06-29 11:00:00+00:00,34,1,495552,403.75,405.0,403.75,405.0,564,ZC.v.0
2026-06-29 12:00:00+00:00,34,1,495552,405.25,406.0,404.5,405.25,402,ZC.v.0
2026-06-29 13:00:00+00:00,34,1,495552,405.5,406.25,401.75,402.25,3469,ZC.v.0
2026-06-29 14:00:00+00:00,34,1,495552,402.5,403.75,401.5,402.5,4431,ZC.v.0
2026-06-29 15:00:00+00:00,34,1,495552,402.75,403.0,400.0,400.5,5032,ZC.v.0
2026-06-29 16:00:00+00:00,34,1,495552,400.25,401.75,398.5,399.0,3609,ZC.v.0
2026-06-29 17:00:00+00:00,34,1,495552,398.75,401.25,398.75,401.0,4347,ZC.v.0
2026-06-29 18:00:00+00:00,34,1,495552,401.25,402.75,400.0,400.5,4094,ZC.v.0
2026-06-30 00:00:00+00:00,34,1,495552,402.0,403.75,401.5,403.25,203,ZC.v.0
2026-06-30 01:00:00+00:00,34,1,495552,403.0,403.75,403.0,403.75,12,ZC.v.0
2026-06-30 02:00:00+00:00,34,1,495552,403.5,404.25,403.5,404.25,10,ZC.v.0
2026-06-30 03:00:00+00:00,34,1,495552,404.5,404.5,404.0,404.0,14,ZC.v.0
2026-06-30 04:00:00+00:00,34,1,495552,404.0,404.25,404.0,404.25,35,ZC.v.0
2026-06-30 05:00:00+00:00,34,1,495552,404.25,404.5,404.25,404.5,100,ZC.v.0
2026-06-30 07:00:00+00:00,34,1,495552,404.0,404.75,404.0,404.25,36,ZC.v.0
2026-06-30 08:00:00+00:00,34,1,495552,402.75,402.75,402.75,402.75,11,ZC.v.0
2026-06-30 09:00:00+00:00,34,1,495552,403.25,403.5,403.25,403.5,8,ZC.v.0
2026-06-30 10:00:00+00:00,34,1,495552,403.25,403.25,403.0,403.0,9,ZC.v.0
2026-06-30 11:00:00+00:00,34,1,495552,403.0,403.0,401.5,402.0,137,ZC.v.0
2026-06-30 12:00:00+00:00,34,1,495552,402.0,404.0,401.0,404.0,1612,ZC.v.0
2026-06-30 13:00:00+00:00,34,1,495552,403.75,405.5,403.0,405.0,761,ZC.v.0
2026-06-30 14:00:00+00:00,34,1,495552,405.0,405.25,402.5,402.75,796,ZC.v.0
2026-06-30 15:00:00+00:00,34,1,495552,402.75,403.5,400.5,401.75,758,ZC.v.0
2026-06-30 16:00:00+00:00,34,1,495552,408.0,415.5,405.25,407.25,1190,ZC.v.0
2026-06-30 17:00:00+00:00,34,1,495552,408.75,412.75,408.25,412.25,438,ZC.v.0
2026-06-30 18:00:00+00:00,34,1,495552,411.5,413.5,410.5,412.5,617,ZC.v.0
2026-07-01 00:00:00+00:00,34,1,42280585,416.75,419.25,415.75,418.0,1973,ZC.v.0
2026-07-01 01:00:00+00:00,34,1,42280585,418.25,418.5,417.25,418.5,683,ZC.v.0
2026-07-01 02:00:00+00:00,34,1,42280585,418.5,419.5,417.75,419.25,645,ZC.v.0
2026-07-01 03:00:00+00:00,34,1,42280585,419.5,420.25,419.0,420.0,813,ZC.v.0
2026-07-01 04:00:00+00:00,34,1,42280585,420.25,420.25,419.5,419.75,260,ZC.v.0
2026-07-01 05:00:00+00:00,34,1,42280585,419.75,420.0,419.5,419.5,279,ZC.v.0
2026-07-01 06:00:00+00:00,34,1,42280585,419.5,420.25,418.75,419.25,515,ZC.v.0
2026-07-01 07:00:00+00:00,34,1,42280585,418.75,419.75,418.75,419.75,738,ZC.v.0
2026-07-01 08:00:00+00:00,34,1,42280585,419.5,420.75,419.25,419.25,1247,ZC.v.0
2026-07-01 09:00:00+00:00,34,1,42280585,419.25,419.5,418.25,418.25,425,ZC.v.0
2026-07-01 10:00:00+00:00,34,1,42280585,418.5,419.0,417.25,418.75,612,ZC.v.0
2026-07-01 11:00:00+00:00,34,1,42280585,418.75,424.25,418.5,423.25,4478,ZC.v.0
2026-07-01 12:00:00+00:00,34,1,42280585,423.25,424.0,421.0,422.0,4223,ZC.v.0
2026-07-01 13:00:00+00:00,34,1,42280585,422.25,424.75,420.25,422.25,14399,ZC.v.0
2026-07-01 14:00:00+00:00,34,1,42280585,422.25,422.25,418.75,419.5,14647,ZC.v.0
2026-07-01 15:00:00+00:00,34,1,42280585,419.5,421.0,419.25,420.75,7275,ZC.v.0
2026-07-01 16:00:00+00:00,34,1,42280585,420.75,422.0,420.25,421.25,6068,ZC.v.0
2026-07-01 17:00:00+00:00,34,1,42280585,421.0,422.0,420.75,422.0,5325,ZC.v.0
2026-07-01 18:00:00+00:00,34,1,42280585,422.0,424.0,421.75,423.75,10709,ZC.v.0
2026-07-02 00:00:00+00:00,34,1,415887,443.0,443.25,441.0,443.0,5176,ZC.v.0
2026-07-02 01:00:00+00:00,34,1,415887,443.0,443.75,442.5,443.5,2001,ZC.v.0
2026-07-02 02:00:00+00:00,34,1,415887,443.5,443.5,442.5,442.75,368,ZC.v.0
2026-07-02 03:00:00+00:00,34,1,415887,442.75,443.0,442.5,442.75,375,ZC.v.0
2026-07-02 04:00:00+00:00,34,1,415887,442.75,442.75,442.5,442.5,69,ZC.v.0
2026-07-02 05:00:00+00:00,34,1,415887,442.75,442.75,441.75,442.0,422,ZC.v.0
2026-07-02 06:00:00+00:00,34,1,415887,442.0,442.0,441.5,441.5,486,ZC.v.0
2026-07-02 07:00:00+00:00,34,1,415887,441.5,444.0,440.75,442.25,3708,ZC.v.0
2026-07-02 08:00:00+00:00,34,1,415887,442.25,443.75,442.25,443.0,1750,ZC.v.0
2026-07-02 09:00:00+00:00,34,1,415887,443.0,443.75,442.5,443.5,1528,ZC.v.0
2026-07-02 10:00:00+00:00,34,1,415887,443.5,444.75,443.5,444.5,2595,ZC.v.0
2026-07-02 11:00:00+00:00,34,1,415887,444.5,445.0,444.25,444.5,1081,ZC.v.0
2026-07-02 12:00:00+00:00,34,1,415887,444.75,445.25,443.0,443.0,5288,ZC.v.0
2026-07-02 13:00:00+00:00,34,1,415887,443.0,446.0,443.0,445.5,16834,ZC.v.0
2026-07-02 14:00:00+00:00,34,1,415887,445.25,445.75,443.75,444.5,12588,ZC.v.0
2026-07-02 15:00:00+00:00,34,1,415887,444.5,445.25,443.0,443.0,12174,ZC.v.0
2026-07-02 16:00:00+00:00,34,1,415887,443.25,444.0,441.25,442.0,10314,ZC.v.0
2026-07-02 17:00:00+00:00,34,1,415887,442.0,442.75,441.0,442.25,10807,ZC.v.0
2026-07-02 18:00:00+00:00,34,1,415887,442.25,442.25,440.5,440.75,10565,ZC.v.0
2026-07-06 00:00:00+00:00,34,1,415887,444.5,449.25,444.5,448.5,13772,ZC.v.0
2026-07-06 01:00:00+00:00,34,1,415887,448.25,449.75,448.0,449.75,5087,ZC.v.0
2026-07-06 02:00:00+00:00,34,1,415887,449.75,450.0,448.75,449.0,1428,ZC.v.0
2026-07-06 03:00:00+00:00,34,1,415887,448.75,449.5,448.25,449.25,2008,ZC.v.0
2026-07-06 04:00:00+00:00,34,1,415887,449.25,450.0,449.25,450.0,1774,ZC.v.0
2026-07-06 05:00:00+00:00,34,1,415887,449.75,450.0,449.75,449.75,1295,ZC.v.0
2026-07-06 06:00:00+00:00,34,1,415887,449.75,451.25,449.75,450.5,2358,ZC.v.0
2026-07-06 07:00:00+00:00,34,1,415887,450.25,453.0,449.75,452.75,6484,ZC.v.0
2026-07-06 08:00:00+00:00,34,1,415887,452.75,453.75,452.0,453.75,3203,ZC.v.0
2026-07-06 09:00:00+00:00,34,1,415887,453.75,455.0,453.75,454.75,5204,ZC.v.0
2026-07-06 10:00:00+00:00,34,1,415887,454.75,455.0,454.25,455.0,3639,ZC.v.0
2026-07-06 11:00:00+00:00,34,1,415887,455.0,455.5,454.5,454.75,3919,ZC.v.0
2026-07-06 12:00:00+00:00,34,1,415887,454.5,455.5,453.0,455.0,5740,ZC.v.0
2026-07-06 13:00:00+00:00,34,1,415887,454.75,456.25,453.25,455.75,20982,ZC.v.0
2026-07-06 14:00:00+00:00,34,1,415887,456.0,457.75,455.25,457.25,22850,ZC.v.0
2026-07-06 15:00:00+00:00,34,1,415887,457.5,458.75,456.0,458.25,17517,ZC.v.0
2026-07-06 16:00:00+00:00,34,1,415887,458.25,458.25,455.0,456.5,18873,ZC.v.0
2026-07-06 17:00:00+00:00,34,1,415887,456.5,458.0,455.75,457.75,13823,ZC.v.0
2026-07-06 18:00:00+00:00,34,1,415887,457.75,458.5,457.25,458.25,12839,ZC.v.0
2026-07-07 00:00:00+00:00,34,1,415887,456.75,457.25,455.0,456.5,4707,ZC.v.0
2026-07-07 01:00:00+00:00,34,1,415887,456.25,458.5,456.25,458.5,4355,ZC.v.0
2026-07-07 02:00:00+00:00,34,1,415887,458.5,459.0,457.75,458.0,1736,ZC.v.0
2026-07-07 03:00:00+00:00,34,1,415887,458.0,458.25,456.5,457.0,697,ZC.v.0
2026-07-07 04:00:00+00:00,34,1,415887,457.0,457.25,456.75,456.75,401,ZC.v.0
2026-07-07 05:00:00+00:00,34,1,415887,456.75,457.25,456.5,457.25,356,ZC.v.0
2026-07-07 06:00:00+00:00,34,1,415887,457.5,458.0,455.75,456.0,1476,ZC.v.0
2026-07-07 07:00:00+00:00,34,1,415887,456.0,459.5,456.0,458.25,4232,ZC.v.0
2026-07-07 08:00:00+00:00,34,1,415887,458.25,459.0,457.75,458.0,1783,ZC.v.0
2026-07-07 09:00:00+00:00,34,1,415887,458.0,458.75,457.0,457.75,1426,ZC.v.0
2026-07-07 10:00:00+00:00,34,1,415887,458.0,459.25,457.5,459.0,3249,ZC.v.0
2026-07-07 11:00:00+00:00,34,1,415887,459.0,461.0,458.75,460.75,7790,ZC.v.0
2026-07-07 12:00:00+00:00,34,1,415887,460.75,461.25,457.75,457.75,9418,ZC.v.0
2026-07-07 13:00:00+00:00,34,1,415887,457.75,460.5,457.0,457.5,31466,ZC.v.0
2026-07-07 14:00:00+00:00,34,1,415887,457.5,457.75,455.5,456.75,17529,ZC.v.0
2026-07-07 15:00:00+00:00,34,1,415887,456.5,460.0,456.25,458.5,18934,ZC.v.0
2026-07-07 16:00:00+00:00,34,1,415887,458.75,462.0,458.75,462.0,19938,ZC.v.0
2026-07-07 17:00:00+00:00,34,1,415887,462.0,464.75,462.0,464.0,33032,ZC.v.0
2026-07-07 18:00:00+00:00,34,1,415887,464.0,464.75,463.25,463.5,14900,ZC.v.0
2026-07-08 00:00:00+00:00,34,1,415887,463.25,463.75,460.5,460.75,7226,ZC.v.0
2026-07-08 01:00:00+00:00,34,1,415887,460.5,462.25,460.5,462.0,1196,ZC.v.0
2026-07-08 02:00:00+00:00,34,1,415887,462.0,463.5,461.75,462.5,1972,ZC.v.0
2026-07-08 03:00:00+00:00,34,1,415887,462.75,463.0,462.5,463.0,474,ZC.v.0
2026-07-08 04:00:00+00:00,34,1,415887,463.0,463.0,462.25,462.75,257,ZC.v.0
2026-07-08 05:00:00+00:00,34,1,415887,462.75,463.0,461.5,461.75,649,ZC.v.0
2026-07-08 06:00:00+00:00,34,1,415887,462.0,462.25,461.75,462.0,504,ZC.v.0
2026-07-08 07:00:00+00:00,34,1,415887,461.75,464.5,461.5,464.0,3748,ZC.v.0
2026-07-08 08:00:00+00:00,34,1,415887,463.75,465.75,463.75,464.75,5479,ZC.v.0
2026-07-08 09:00:00+00:00,34,1,415887,465.0,465.25,463.75,464.5,1794,ZC.v.0
2026-07-08 10:00:00+00:00,34,1,415887,464.75,464.75,462.75,463.0,3072,ZC.v.0
2026-07-08 11:00:00+00:00,34,1,415887,463.0,464.0,462.25,463.0,2381,ZC.v.0
2026-07-08 12:00:00+00:00,34,1,415887,463.25,464.5,463.0,463.0,3415,ZC.v.0
2026-07-08 13:00:00+00:00,34,1,415887,462.75,464.75,459.25,459.5,27359,ZC.v.0
2026-07-08 14:00:00+00:00,34,1,415887,459.25,460.0,458.0,458.5,23070,ZC.v.0
2026-07-08 15:00:00+00:00,34,1,415887,458.5,459.0,457.25,457.75,15025,ZC.v.0
2026-07-08 16:00:00+00:00,34,1,415887,457.75,458.5,455.75,456.0,19891,ZC.v.0
2026-07-08 17:00:00+00:00,34,1,415887,456.0,457.0,455.5,456.25,11416,ZC.v.0
2026-07-08 18:00:00+00:00,34,1,415887,456.5,456.75,454.5,454.5,16354,ZC.v.0
2026-07-09 00:00:00+00:00,34,1,415887,454.75,454.75,452.0,454.0,7887,ZC.v.0
2026-07-09 01:00:00+00:00,34,1,415887,453.75,454.25,453.0,453.5,1040,ZC.v.0
2026-07-09 02:00:00+00:00,34,1,415887,453.5,453.5,451.75,452.25,816,ZC.v.0
2026-07-09 03:00:00+00:00,34,1,415887,452.0,452.25,451.0,451.75,2345,ZC.v.0
2026-07-09 04:00:00+00:00,34,1,415887,451.75,452.5,451.75,452.5,138,ZC.v.0
2026-07-09 05:00:00+00:00,34,1,415887,452.5,452.75,451.75,452.75,594,ZC.v.0
2026-07-09 06:00:00+00:00,34,1,415887,452.75,453.5,451.5,452.0,3779,ZC.v.0
2026-07-09 07:00:00+00:00,34,1,415887,452.0,453.25,450.5,450.75,3539,ZC.v.0
2026-07-09 08:00:00+00:00,34,1,415887,450.75,451.75,450.5,451.25,2929,ZC.v.0
2026-07-09 09:00:00+00:00,34,1,415887,451.5,451.75,450.75,451.0,1265,ZC.v.0
2026-07-09 10:00:00+00:00,34,1,415887,451.0,452.75,450.25,452.0,5008,ZC.v.0
2026-07-09 11:00:00+00:00,34,1,415887,452.0,452.0,450.75,451.25,2707,ZC.v.0
2026-07-09 12:00:00+00:00,34,1,415887,451.5,453.25,451.0,451.5,3912,ZC.v.0
2026-07-09 13:00:00+00:00,34,1,415887,451.5,454.0,450.25,451.0,20011,ZC.v.0
2026-07-09 14:00:00+00:00,34,1,415887,451.0,455.5,449.0,454.5,33486,ZC.v.0
2026-07-09 15:00:00+00:00,34,1,415887,454.5,455.0,452.5,454.75,12157,ZC.v.0
2026-07-09 16:00:00+00:00,34,1,415887,454.5,454.75,451.0,452.0,11621,ZC.v.0
2026-07-09 17:00:00+00:00,34,1,415887,452.25,453.0,451.0,451.5,9632,ZC.v.0
2026-07-09 18:00:00+00:00,34,1,415887,451.5,452.5,451.25,451.75,11895,ZC.v.0
2026-07-10 00:00:00+00:00,34,1,415887,451.0,451.0,450.0,451.0,2765,ZC.v.0
2026-07-10 01:00:00+00:00,34,1,415887,451.25,451.5,450.75,451.5,902,ZC.v.0
2026-07-10 02:00:00+00:00,34,1,415887,451.25,452.75,451.25,452.75,1737,ZC.v.0
2026-07-10 03:00:00+00:00,34,1,415887,452.5,452.75,452.25,452.5,261,ZC.v.0
2026-07-10 04:00:00+00:00,34,1,415887,452.75,453.0,452.5,452.5,414,ZC.v.0
2026-07-10 05:00:00+00:00,34,1,415887,452.75,453.25,452.0,452.0,1308,ZC.v.0
2026-07-10 06:00:00+00:00,34,1,415887,452.0,452.0,450.25,450.5,2848,ZC.v.0
2026-07-10 07:00:00+00:00,34,1,415887,450.5,450.5,448.0,448.25,7452,ZC.v.0
2026-07-10 08:00:00+00:00,34,1,415887,448.25,449.25,448.0,448.75,2858,ZC.v.0
2026-07-10 09:00:00+00:00,34,1,415887,449.0,449.5,448.25,448.25,1111,ZC.v.0
2026-07-10 10:00:00+00:00,34,1,415887,448.25,449.25,447.5,448.75,2400,ZC.v.0
2026-07-10 11:00:00+00:00,34,1,415887,448.5,449.5,447.5,449.25,3132,ZC.v.0
2026-07-10 12:00:00+00:00,34,1,415887,449.25,454.0,449.0,453.75,17474,ZC.v.0
2026-07-10 13:00:00+00:00,34,1,415887,454.0,456.25,450.5,452.75,28259,ZC.v.0
2026-07-10 14:00:00+00:00,34,1,415887,452.75,457.25,452.75,456.0,37510,ZC.v.0
2026-07-10 15:00:00+00:00,34,1,415887,456.0,457.5,455.25,456.5,15519,ZC.v.0
2026-07-10 16:00:00+00:00,34,1,415887,456.5,462.0,454.0,459.75,49506,ZC.v.0
2026-07-10 17:00:00+00:00,34,1,415887,459.75,461.5,458.75,461.0,19107,ZC.v.0
2026-07-10 18:00:00+00:00,34,1,415887,461.0,461.5,460.0,460.25,11957,ZC.v.0
2026-07-13 00:00:00+00:00,34,1,415887,467.0,469.5,466.5,468.25,20981,ZC.v.0
2026-07-13 01:00:00+00:00,34,1,415887,468.5,468.5,466.5,466.75,3560,ZC.v.0
2026-07-13 02:00:00+00:00,34,1,415887,466.75,467.5,466.75,467.25,1609,ZC.v.0
2026-07-13 03:00:00+00:00,34,1,415887,467.25,467.5,466.75,467.5,508,ZC.v.0
2026-07-13 04:00:00+00:00,34,1,415887,467.5,467.5,467.0,467.25,328,ZC.v.0
2026-07-13 05:00:00+00:00,34,1,415887,467.5,468.0,467.0,467.25,1383,ZC.v.0
2026-07-13 06:00:00+00:00,34,1,415887,467.25,467.75,465.75,466.25,2502,ZC.v.0
2026-07-13 07:00:00+00:00,34,1,415887,466.25,466.75,465.75,466.0,1788,ZC.v.0
2026-07-13 08:00:00+00:00,34,1,415887,466.0,466.75,465.25,466.25,4717,ZC.v.0
2026-07-13 09:00:00+00:00,34,1,415887,466.0,467.0,464.75,465.25,3833,ZC.v.0
2026-07-13 10:00:00+00:00,34,1,415887,465.25,467.0,465.25,466.5,2969,ZC.v.0
2026-07-13 11:00:00+00:00,34,1,415887,466.5,467.25,466.0,467.0,2045,ZC.v.0
2026-07-13 12:00:00+00:00,34,1,415887,467.0,468.0,466.0,466.25,6172,ZC.v.0
2026-07-13 13:00:00+00:00,34,1,415887,466.0,467.25,463.25,465.5,25762,ZC.v.0
2026-07-13 14:00:00+00:00,34,1,415887,465.75,468.0,464.75,466.75,24254,ZC.v.0
2026-07-13 15:00:00+00:00,34,1,415887,466.5,468.75,466.5,468.0,16575,ZC.v.0
2026-07-13 16:00:00+00:00,34,1,415887,468.25,468.75,465.25,465.5,16508,ZC.v.0
2026-07-13 17:00:00+00:00,34,1,415887,465.75,465.75,463.75,465.0,16306,ZC.v.0
2026-07-13 18:00:00+00:00,34,1,415887,465.0,465.25,462.25,463.0,17027,ZC.v.0
2026-07-14 00:00:00+00:00,34,1,415887,462.0,462.25,457.25,458.75,12638,ZC.v.0
2026-07-14 01:00:00+00:00,34,1,415887,459.0,459.75,458.0,458.0,1250,ZC.v.0
2026-07-14 02:00:00+00:00,34,1,415887,458.0,459.5,458.0,459.0,946,ZC.v.0
2026-07-14 03:00:00+00:00,34,1,415887,459.0,459.75,459.0,459.75,259,ZC.v.0
2026-07-14 04:00:00+00:00,34,1,415887,459.75,460.25,459.5,459.75,228,ZC.v.0
2026-07-14 05:00:00+00:00,34,1,415887,459.5,459.75,459.0,459.5,212,ZC.v.0
2026-07-14 06:00:00+00:00,34,1,415887,459.5,460.5,459.0,459.25,1446,ZC.v.0
2026-07-14 07:00:00+00:00,34,1,415887,459.25,459.25,458.25,458.5,1726,ZC.v.0
2026-07-14 08:00:00+00:00,34,1,415887,458.75,459.0,457.75,459.0,2016,ZC.v.0
2026-07-14 09:00:00+00:00,34,1,415887,459.25,459.75,458.5,458.75,1511,ZC.v.0
2026-07-14 10:00:00+00:00,34,1,415887,458.75,458.75,457.5,457.75,1379,ZC.v.0
2026-07-14 11:00:00+00:00,34,1,415887,457.5,458.0,456.75,457.25,3311,ZC.v.0
2026-07-14 12:00:00+00:00,34,1,415887,457.5,457.75,456.75,457.5,2899,ZC.v.0
2026-07-14 13:00:00+00:00,34,1,415887,457.25,460.75,457.0,460.75,13957,ZC.v.0
2026-07-14 14:00:00+00:00,34,1,415887,460.5,460.75,458.0,460.0,15948,ZC.v.0
2026-07-14 15:00:00+00:00,34,1,415887,459.75,461.5,458.25,460.5,11923,ZC.v.0
2026-07-14 16:00:00+00:00,34,1,415887,460.5,461.25,459.25,460.75,13282,ZC.v.0
2026-07-14 17:00:00+00:00,34,1,415887,460.75,461.0,459.75,460.75,8751,ZC.v.0
2026-07-14 18:00:00+00:00,34,1,415887,460.75,460.75,459.5,459.5,7921,ZC.v.0
2026-07-15 00:00:00+00:00,34,1,415887,459.75,461.5,458.75,461.0,2793,ZC.v.0
2026-07-15 01:00:00+00:00,34,1,415887,461.0,461.25,460.25,461.0,876,ZC.v.0
2026-07-15 02:00:00+00:00,34,1,415887,461.0,461.5,460.75,461.0,589,ZC.v.0
2026-07-15 03:00:00+00:00,34,1,415887,461.0,461.0,460.5,460.75,189,ZC.v.0
2026-07-15 04:00:00+00:00,34,1,415887,460.75,461.5,460.75,461.0,288,ZC.v.0
2026-07-15 05:00:00+00:00,34,1,415887,461.0,461.5,460.5,461.5,278,ZC.v.0
2026-07-15 06:00:00+00:00,34,1,415887,461.25,461.25,460.25,461.0,556,ZC.v.0
2026-07-15 07:00:00+00:00,34,1,415887,461.25,461.5,459.75,460.75,1303,ZC.v.0
2026-07-15 08:00:00+00:00,34,1,415887,461.0,465.75,460.75,464.25,7574,ZC.v.0
2026-07-15 09:00:00+00:00,34,1,415887,464.5,466.75,464.25,466.25,7500,ZC.v.0
2026-07-15 10:00:00+00:00,34,1,415887,466.25,467.0,465.0,465.0,2907,ZC.v.0
2026-07-15 11:00:00+00:00,34,1,415887,465.25,466.0,464.0,465.0,3928,ZC.v.0
2026-07-15 12:00:00+00:00,34,1,415887,465.25,465.25,463.5,464.5,3264,ZC.v.0
2026-07-15 13:00:00+00:00,34,1,415887,464.25,466.25,462.5,466.0,23354,ZC.v.0
2026-07-15 14:00:00+00:00,34,1,415887,465.75,468.75,465.0,468.0,27298,ZC.v.0
2026-07-15 15:00:00+00:00,34,1,415887,468.0,469.5,466.5,466.5,25471,ZC.v.0
2026-07-15 16:00:00+00:00,34,1,415887,466.75,469.5,466.75,469.25,13967,ZC.v.0
2026-07-15 17:00:00+00:00,34,1,415887,469.0,471.0,469.0,469.5,20269,ZC.v.0
2026-07-15 18:00:00+00:00,34,1,415887,469.5,470.0,469.0,469.25,9912,ZC.v.0
2026-07-16 00:00:00+00:00,34,1,415887,468.5,470.5,468.0,470.25,4090,ZC.v.0
2026-07-16 01:00:00+00:00,34,1,415887,470.25,470.5,468.5,468.75,1451,ZC.v.0
2026-07-16 02:00:00+00:00,34,1,415887,468.75,469.5,468.25,468.75,808,ZC.v.0
2026-07-16 03:00:00+00:00,34,1,415887,469.0,469.0,468.75,469.0,286,ZC.v.0
2026-07-16 04:00:00+00:00,34,1,415887,469.25,469.5,469.0,469.0,477,ZC.v.0
2026-07-16 05:00:00+00:00,34,1,415887,469.0,469.5,468.25,468.5,946,ZC.v.0
2026-07-16 06:00:00+00:00,34,1,415887,468.5,468.75,468.25,468.5,837,ZC.v.0
2026-07-16 07:00:00+00:00,34,1,415887,468.5,474.25,468.5,473.75,11740,ZC.v.0
2026-07-16 08:00:00+00:00,34,1,415887,473.75,473.75,470.25,471.5,5254,ZC.v.0
2026-07-16 09:00:00+00:00,34,1,415887,471.25,473.5,470.75,472.75,3251,ZC.v.0
2026-07-16 10:00:00+00:00,34,1,415887,472.75,473.0,470.75,471.25,3279,ZC.v.0
2026-07-16 11:00:00+00:00,34,1,415887,471.0,472.25,470.0,471.75,3226,ZC.v.0
2026-07-16 12:00:00+00:00,34,1,415887,471.75,472.75,468.25,468.5,7228,ZC.v.0
2026-07-16 13:00:00+00:00,34,1,415887,468.0,469.75,467.0,467.75,20734,ZC.v.0
2026-07-16 14:00:00+00:00,34,1,415887,467.75,468.5,463.5,464.0,34234,ZC.v.0
2026-07-16 15:00:00+00:00,34,1,415887,464.25,464.75,463.25,464.0,14942,ZC.v.0
2026-07-16 16:00:00+00:00,34,1,415887,464.0,464.75,463.0,463.25,11100,ZC.v.0
2026-07-16 17:00:00+00:00,34,1,415887,463.25,464.75,463.0,464.5,11656,ZC.v.0
2026-07-16 18:00:00+00:00,34,1,415887,464.25,464.5,463.5,463.5,13630,ZC.v.0
2026-07-17 00:00:00+00:00,34,1,415887,463.25,465.0,463.0,464.75,2842,ZC.v.0
2026-07-17 01:00:00+00:00,34,1,415887,464.75,465.0,461.0,461.0,4742,ZC.v.0
2026-07-17 02:00:00+00:00,34,1,415887,461.25,462.0,461.0,461.0,885,ZC.v.0
2026-07-17 03:00:00+00:00,34,1,415887,461.0,461.5,461.0,461.25,456,ZC.v.0
2026-07-17 04:00:00+00:00,34,1,415887,461.0,461.0,460.5,460.75,849,ZC.v.0
2026-07-17 05:00:00+00:00,34,1,415887,460.75,461.0,458.75,458.75,3592,ZC.v.0
2026-07-17 06:00:00+00:00,34,1,415887,459.0,459.75,458.75,459.5,2203,ZC.v.0
2026-07-17 07:00:00+00:00,34,1,415887,459.5,461.75,459.25,461.5,3981,ZC.v.0
2026-07-17 08:00:00+00:00,34,1,415887,461.5,462.5,461.25,462.0,3214,ZC.v.0
2026-07-17 09:00:00+00:00,34,1,415887,462.0,462.0,460.25,460.75,2455,ZC.v.0
2026-07-17 10:00:00+00:00,34,1,415887,460.75,462.75,460.75,462.5,3541,ZC.v.0
2026-07-17 11:00:00+00:00,34,1,415887,462.25,464.0,462.0,463.25,3304,ZC.v.0
2026-07-17 12:00:00+00:00,34,1,415887,463.25,465.75,463.25,465.5,5612,ZC.v.0
2026-07-17 13:00:00+00:00,34,1,415887,466.0,466.75,462.5,463.25,15881,ZC.v.0
2026-07-17 14:00:00+00:00,34,1,415887,463.25,465.5,463.0,463.5,12352,ZC.v.0
2026-07-17 15:00:00+00:00,34,1,415887,463.5,466.5,463.5,466.0,6484,ZC.v.0
2026-07-17 16:00:00+00:00,34,1,415887,466.0,467.25,465.25,465.5,9642,ZC.v.0
2026-07-17 17:00:00+00:00,34,1,415887,465.5,467.5,465.5,467.25,9690,ZC.v.0
2026-07-17 18:00:00+00:00,34,1,415887,467.5,468.25,467.0,468.25,10379,ZC.v.0
2026-07-20 00:00:00+00:00,34,1,415887,472.0,474.0,471.25,471.25,13977,ZC.v.0
2026-07-20 01:00:00+00:00,34,1,415887,471.5,472.0,471.0,472.0,934,ZC.v.0
2026-07-20 02:00:00+00:00,34,1,415887,472.0,472.25,470.75,470.75,597,ZC.v.0
2026-07-20 03:00:00+00:00,34,1,415887,470.75,471.25,470.5,470.5,651,ZC.v.0
2026-07-20 04:00:00+00:00,34,1,415887,470.5,471.0,470.25,470.25,309,ZC.v.0
2026-07-20 05:00:00+00:00,34,1,415887,470.5,470.5,470.0,470.25,471,ZC.v.0
2026-07-20 06:00:00+00:00,34,1,415887,470.5,472.25,470.25,472.0,1241,ZC.v.0
2026-07-20 07:00:00+00:00,34,1,415887,471.75,473.25,470.25,470.75,3856,ZC.v.0
2026-07-20 08:00:00+00:00,34,1,415887,470.5,473.75,470.25,473.25,3087,ZC.v.0
2026-07-20 09:00:00+00:00,34,1,415887,473.25,473.75,472.25,472.75,1287,ZC.v.0
2026-07-20 10:00:00+00:00,34,1,415887,472.75,474.25,472.25,473.75,2940,ZC.v.0
2026-07-20 11:00:00+00:00,34,1,415887,473.75,475.0,472.75,474.5,13301,ZC.v.0
2026-07-20 12:00:00+00:00,34,1,415887,474.25,475.75,474.25,475.75,5993,ZC.v.0
2026-07-20 13:00:00+00:00,34,1,415887,475.25,475.75,471.0,472.0,25460,ZC.v.0
2026-07-20 14:00:00+00:00,34,1,415887,472.25,474.0,472.0,473.25,15381,ZC.v.0
2026-07-20 15:00:00+00:00,34,1,415887,473.25,475.5,472.0,475.0,10913,ZC.v.0
2026-07-20 16:00:00+00:00,34,1,415887,475.25,476.0,473.25,473.25,14731,ZC.v.0
2026-07-20 17:00:00+00:00,34,1,415887,473.5,473.75,472.0,472.5,9760,ZC.v.0
2026-07-20 18:00:00+00:00,34,1,415887,472.25,473.5,472.25,472.5,10948,ZC.v.0
2026-07-21 00:00:00+00:00,34,1,415887,470.0,472.0,469.0,472.0,7782,ZC.v.0
2026-07-21 01:00:00+00:00,34,1,415887,471.75,471.75,470.0,471.25,994,ZC.v.0
2026-07-21 02:00:00+00:00,34,1,415887,471.25,471.25,470.75,471.0,533,ZC.v.0
2026-07-21 03:00:00+00:00,34,1,415887,471.0,471.5,471.0,471.25,448,ZC.v.0
2026-07-21 04:00:00+00:00,34,1,415887,471.25,471.5,471.25,471.5,286,ZC.v.0
2026-07-21 05:00:00+00:00,34,1,415887,471.5,471.75,471.0,471.25,455,ZC.v.0
2026-07-21 06:00:00+00:00,34,1,415887,471.25,472.75,471.25,472.75,1388,ZC.v.0
2026-07-21 07:00:00+00:00,34,1,415887,472.75,474.25,471.5,471.5,3554,ZC.v.0
2026-07-21 08:00:00+00:00,34,1,415887,471.5,472.25,470.25,471.25,3200,ZC.v.0
2026-07-21 09:00:00+00:00,34,1,415887,471.5,472.75,470.75,472.25,2220,ZC.v.0
2026-07-21 10:00:00+00:00,34,1,415887,472.25,472.25,470.75,471.75,1029,ZC.v.0
2026-07-21 11:00:00+00:00,34,1,415887,471.75,473.25,471.25,471.75,1713,ZC.v.0
2026-07-21 12:00:00+00:00,34,1,415887,471.75,471.75,469.5,469.75,3277,ZC.v.0
2026-07-21 13:00:00+00:00,34,1,415887,469.75,473.5,469.25,473.0,18051,ZC.v.0
2026-07-21 14:00:00+00:00,34,1,415887,472.75,473.25,471.25,473.0,14191,ZC.v.0
2026-07-21 15:00:00+00:00,34,1,415887,473.0,473.75,471.5,473.25,9645,ZC.v.0
2026-07-21 16:00:00+00:00,34,1,415887,473.5,475.75,473.5,475.5,15667,ZC.v.0
2026-07-21 17:00:00+00:00,34,1,415887,475.75,476.5,475.25,475.25,10865,ZC.v.0
2026-07-21 18:00:00+00:00,34,1,415887,475.25,475.75,474.0,475.25,11663,ZC.v.0
2026-07-22 00:00:00+00:00,34,1,415887,475.0,477.0,474.75,476.75,4346,ZC.v.0
2026-07-22 01:00:00+00:00,34,1,415887,476.75,477.5,476.5,477.0,2580,ZC.v.0
2026-07-22 02:00:00+00:00,34,1,415887,477.0,477.0,476.25,476.25,764,ZC.v.0
2026-07-22 03:00:00+00:00,34,1,415887,476.25,477.0,476.0,477.0,498,ZC.v.0
2026-07-22 04:00:00+00:00,34,1,415887,477.0,477.25,476.75,477.25,161,ZC.v.0
2026-07-22 05:00:00+00:00,34,1,415887,477.0,477.25,476.5,476.75,827,ZC.v.0
2026-07-22 06:00:00+00:00,34,1,415887,477.0,477.5,475.75,476.25,1194,ZC.v.0
2026-07-22 07:00:00+00:00,34,1,415887,476.5,479.0,476.5,478.25,4605,ZC.v.0
2026-07-22 08:00:00+00:00,34,1,415887,478.0,478.75,477.75,478.5,1807,ZC.v.0
2026-07-22 09:00:00+00:00,34,1,415887,478.5,479.5,477.75,479.25,4075,ZC.v.0
2026-07-22 10:00:00+00:00,34,1,415887,479.0,480.5,479.0,480.5,6761,ZC.v.0
2026-07-22 11:00:00+00:00,34,1,415887,480.25,482.0,480.25,482.0,8567,ZC.v.0
2026-07-22 12:00:00+00:00,34,1,415887,482.0,482.5,481.25,482.25,8669,ZC.v.0
2026-07-22 13:00:00+00:00,34,1,415887,482.0,483.75,480.0,483.0,34334,ZC.v.0
2026-07-22 14:00:00+00:00,34,1,415887,483.0,486.5,482.75,485.5,35396,ZC.v.0
2026-07-22 15:00:00+00:00,34,1,415887,485.5,485.75,483.5,484.25,22132,ZC.v.0
2026-07-22 16:00:00+00:00,34,1,415887,484.5,485.75,482.5,484.25,18908,ZC.v.0
2026-07-22 17:00:00+00:00,34,1,415887,484.25,484.25,482.25,483.5,13191,ZC.v.0
2026-07-22 18:00:00+00:00,34,1,415887,483.75,485.25,483.5,484.25,16459,ZC.v.0
2026-07-23 00:00:00+00:00,34,1,415887,483.0,486.0,483.0,485.5,7263,ZC.v.0
2026-07-23 01:00:00+00:00,34,1,415887,485.25,485.75,485.0,485.25,2551,ZC.v.0
2026-07-23 02:00:00+00:00,34,1,415887,485.25,485.5,484.0,484.25,898,ZC.v.0
2026-07-23 03:00:00+00:00,34,1,415887,484.5,485.0,484.5,484.5,658,ZC.v.0
2026-07-23 04:00:00+00:00,34,1,415887,484.5,485.0,484.5,485.0,235,ZC.v.0
2026-07-23 05:00:00+00:00,34,1,415887,484.75,485.25,484.75,485.0,211,ZC.v.0
2026-07-23 06:00:00+00:00,34,1,415887,485.0,486.0,485.0,485.75,1794,ZC.v.0
2026-07-23 07:00:00+00:00,34,1,415887,485.75,487.5,485.5,486.75,5247,ZC.v.0
2026-07-23 08:00:00+00:00,34,1,415887,486.5,486.75,483.0,486.0,7409,ZC.v.0
2026-07-23 09:00:00+00:00,34,1,415887,486.0,488.0,485.25,488.0,4832,ZC.v.0
2026-07-23 10:00:00+00:00,34,1,415887,488.0,489.25,487.75,489.0,6198,ZC.v.0
2026-07-23 11:00:00+00:00,34,1,415887,488.75,489.0,487.25,489.0,4920,ZC.v.0
2026-07-23 12:00:00+00:00,34,1,415887,489.0,489.5,486.75,487.5,5550,ZC.v.0
2026-07-23 13:00:00+00:00,34,1,415887,487.0,488.75,485.75,485.75,28931,ZC.v.0
2026-07-23 14:00:00+00:00,34,1,415887,485.75,488.5,484.0,484.25,26769,ZC.v.0
2026-07-23 15:00:00+00:00,34,1,415887,484.5,487.0,484.0,487.0,15302,ZC.v.0
2026-07-23 16:00:00+00:00,34,1,415887,487.0,488.5,486.25,488.5,14662,ZC.v.0
2026-07-23 17:00:00+00:00,34,1,415887,488.5,490.25,487.25,488.25,21844,ZC.v.0
2026-07-23 18:00:00+00:00,34,1,415887,488.0,488.25,486.75,486.75,12000,ZC.v.0
2026-07-24 00:00:00+00:00,34,1,415887,486.25,489.25,486.0,488.5,4632,ZC.v.0
2026-07-24 01:00:00+00:00,34,1,415887,488.5,489.0,488.25,488.25,1260,ZC.v.0
2026-07-24 02:00:00+00:00,34,1,415887,488.25,489.0,488.0,488.75,1742,ZC.v.0
2026-07-24 03:00:00+00:00,34,1,415887,488.75,489.0,488.5,488.75,126,ZC.v.0
2026-07-24 04:00:00+00:00,34,1,415887,488.75,489.25,488.5,489.25,88,ZC.v.0
2026-07-24 05:00:00+00:00,34,1,415887,489.25,489.75,489.25,489.25,452,ZC.v.0
2026-07-24 06:00:00+00:00,34,1,415887,489.5,490.75,489.25,490.25,3867,ZC.v.0
2026-07-24 07:00:00+00:00,34,1,415887,490.25,490.25,488.75,489.5,2815,ZC.v.0
2026-07-24 08:00:00+00:00,34,1,415887,489.5,492.0,489.25,490.25,5030,ZC.v.0
2026-07-24 09:00:00+00:00,34,1,415887,490.5,490.5,488.25,489.5,3581,ZC.v.0
2026-07-24 10:00:00+00:00,34,1,415887,489.5,490.25,489.25,490.0,1826,ZC.v.0
2026-07-24 11:00:00+00:00,34,1,415887,489.75,490.0,484.0,484.75,11782,ZC.v.0
2026-07-24 12:00:00+00:00,34,1,415887,485.0,485.25,481.25,482.0,17292,ZC.v.0
2026-07-24 13:00:00+00:00,34,1,415887,481.25,482.0,480.0,480.5,31143,ZC.v.0
2026-07-24 14:00:00+00:00,34,1,415887,480.75,489.0,479.25,488.75,34808,ZC.v.0
2026-07-24 15:00:00+00:00,34,1,415887,489.0,489.25,484.25,486.0,25244,ZC.v.0
2026-07-24 16:00:00+00:00,34,1,415887,486.0,487.0,485.25,486.25,13684,ZC.v.0
2026-07-24 17:00:00+00:00,34,1,415887,486.25,486.75,485.25,485.5,12117,ZC.v.0
2026-07-24 18:00:00+00:00,34,1,415887,485.5,487.75,485.5,487.25,23716,ZC.v.0
2026-07-27 00:00:00+00:00,34,1,415887,482.0,485.0,479.0,481.25,16540,ZC.v.0
2026-07-27 01:00:00+00:00,34,1,415887,481.25,483.0,481.0,482.25,1448,ZC.v.0
2026-07-27 02:00:00+00:00,34,1,415887,482.5,483.5,482.25,483.0,492,ZC.v.0
2026-07-27 03:00:00+00:00,34,1,415887,483.0,483.0,482.25,482.75,514,ZC.v.0
2026-07-27 04:00:00+00:00,34,1,415887,482.5,482.75,480.75,481.25,1017,ZC.v.0
2026-07-27 05:00:00+00:00,34,1,415887,481.25,481.75,480.5,481.25,1224,ZC.v.0
2026-07-27 06:00:00+00:00,34,1,415887,481.5,481.75,478.25,478.25,3827,ZC.v.0
2026-07-27 07:00:00+00:00,34,1,415887,478.25,479.0,476.25,476.75,7972,ZC.v.0
2026-07-27 08:00:00+00:00,34,1,415887,477.0,477.0,474.0,474.75,6943,ZC.v.0
2026-07-27 09:00:00+00:00,34,1,415887,474.5,475.0,472.0,472.75,9930,ZC.v.0
2026-07-27 10:00:00+00:00,34,1,415887,472.75,474.5,472.25,473.0,3424,ZC.v.0
2026-07-27 11:00:00+00:00,34,1,415887,473.0,474.25,471.25,472.75,7108,ZC.v.0
2026-07-27 12:00:00+00:00,34,1,415887,472.75,474.75,471.75,473.75,8124,ZC.v.0
2026-07-27 13:00:00+00:00,34,1,415887,474.75,476.0,473.5,474.75,25079,ZC.v.0
2026-07-27 14:00:00+00:00,34,1,415887,474.75,477.0,473.5,476.5,26156,ZC.v.0
2026-07-27 15:00:00+00:00,34,1,415887,476.75,477.5,472.5,474.5,17239,ZC.v.0
2026-07-27 16:00:00+00:00,34,1,415887,474.5,475.25,472.75,473.5,12897,ZC.v.0
2026-07-27 17:00:00+00:00,34,1,415887,473.75,474.0,472.25,473.25,14231,ZC.v.0
2026-07-27 18:00:00+00:00,34,1,415887,473.5,475.0,473.0,473.25,23096,ZC.v.0
2026-07-28 00:00:00+00:00,34,1,415887,474.75,478.0,474.25,477.75,8510,ZC.v.0
2026-07-28 01:00:00+00:00,34,1,415887,478.0,478.25,477.25,477.75,2174,ZC.v.0
2026-07-28 02:00:00+00:00,34,1,415887,477.5,477.75,475.5,476.0,1421,ZC.v.0
2026-07-28 03:00:00+00:00,34,1,415887,476.0,476.5,475.5,476.25,287,ZC.v.0
2026-07-28 04:00:00+00:00,34,1,415887,476.25,476.5,475.75,476.0,187,ZC.v.0
2026-07-28 05:00:00+00:00,34,1,415887,476.25,476.25,475.25,475.75,560,ZC.v.0
2026-07-28 06:00:00+00:00,34,1,415887,475.75,476.25,473.75,474.5,2684,ZC.v.0
2026-07-28 07:00:00+00:00,34,1,415887,474.25,475.25,473.75,473.75,1263,ZC.v.0
2026-07-28 08:00:00+00:00,34,1,415887,473.75,476.25,473.5,475.5,2471,ZC.v.0
2026-07-28 09:00:00+00:00,34,1,415887,475.75,477.25,475.75,476.5,1287,ZC.v.0
2026-07-28 10:00:00+00:00,34,1,415887,476.5,476.75,474.25,474.75,2222,ZC.v.0
2026-07-28 11:00:00+00:00,34,1,415887,474.5,476.25,474.5,475.75,2996,ZC.v.0
2026-07-28 12:00:00+00:00,34,1,415887,475.75,477.25,474.25,475.5,4549,ZC.v.0
2026-07-28 13:00:00+00:00,34,1,415887,475.25,479.75,474.75,478.25,19845,ZC.v.0
2026-07-28 14:00:00+00:00,34,1,415887,478.5,481.0,477.75,480.75,19288,ZC.v.0
2026-07-28 15:00:00+00:00,34,1,415887,480.75,483.5,480.25,482.75,22273,ZC.v.0
2026-07-28 16:00:00+00:00,34,1,415887,482.75,484.25,480.5,481.5,18994,ZC.v.0
2026-07-28 17:00:00+00:00,34,1,415887,481.25,481.5,479.0,480.25,15042,ZC.v.0
2026-07-28 18:00:00+00:00,34,1,415887,480.5,481.0,480.25,481.0,10631,ZC.v.0
2026-07-29 00:00:00+00:00,34,1,415887,481.5,483.5,480.75,481.25,6011,ZC.v.0
2026-07-29 01:00:00+00:00,34,1,415887,481.5,482.5,481.25,481.5,1188,ZC.v.0
2026-07-29 02:00:00+00:00,34,1,415887,481.5,481.75,480.75,481.25,701,ZC.v.0
2026-07-29 03:00:00+00:00,34,1,415887,481.25,481.75,480.75,480.75,189,ZC.v.0
2026-07-29 04:00:00+00:00,34,1,415887,481.0,481.0,480.25,480.75,482,ZC.v.0
2026-07-29 05:00:00+00:00,34,1,415887,480.75,481.75,480.75,481.5,671,ZC.v.0
2026-07-29 06:00:00+00:00,34,1,415887,481.5,483.5,481.25,482.75,2300,ZC.v.0
2026-07-29 07:00:00+00:00,34,1,415887,482.75,483.25,481.0,481.25,3491,ZC.v.0
2026-07-29 08:00:00+00:00,34,1,415887,481.5,482.0,479.0,479.75,2894,ZC.v.0
2026-07-29 09:00:00+00:00,34,1,415887,479.75,480.25,477.75,477.75,4888,ZC.v.0
2026-07-29 10:00:00+00:00,34,1,415887,478.0,478.25,476.0,477.5,3066,ZC.v.0
2026-07-29 11:00:00+00:00,34,1,415887,477.5,479.0,476.75,477.75,4945,ZC.v.0
2026-07-29 12:00:00+00:00,34,1,415887,477.75,478.25,476.25,477.0,4281,ZC.v.0
2026-07-29 13:00:00+00:00,34,1,415887,476.75,478.0,474.25,474.25,20702,ZC.v.0
2026-07-29 14:00:00+00:00,34,1,415887,474.25,477.0,473.0,475.25,23157,ZC.v.0
2026-07-29 15:00:00+00:00,34,1,415887,475.25,475.75,473.5,473.75,14517,ZC.v.0
2026-07-29 16:00:00+00:00,34,1,415887,474.0,474.5,471.5,472.5,21913,ZC.v.0
2026-07-29 17:00:00+00:00,34,1,415887,472.75,473.0,471.5,471.75,13194,ZC.v.0
2026-07-29 18:00:00+00:00,34,1,415887,471.75,472.75,470.75,471.0,17911,ZC.v.0
2026-07-30 00:00:00+00:00,34,1,415887,471.0,471.75,468.5,470.25,8811,ZC.v.0
2026-07-30 01:00:00+00:00,34,1,415887,470.25,471.0,470.0,470.5,2574,ZC.v.0
2026-07-30 02:00:00+00:00,34,1,415887,470.5,470.5,469.5,469.5,766,ZC.v.0
2026-07-30 03:00:00+00:00,34,1,415887,469.5,469.75,469.0,469.25,942,ZC.v.0
2026-07-30 04:00:00+00:00,34,1,415887,469.0,469.25,468.75,469.0,289,ZC.v.0
2026-07-30 05:00:00+00:00,34,1,415887,469.25,470.25,469.0,470.0,494,ZC.v.0
2026-07-30 06:00:00+00:00,34,1,415887,470.0,472.75,470.0,472.5,6113,ZC.v.0
2026-07-30 07:00:00+00:00,34,1,415887,472.5,474.5,472.25,474.0,6621,ZC.v.0
2026-07-30 08:00:00+00:00,34,1,415887,474.25,474.25,472.75,473.25,2279,ZC.v.0
2026-07-30 09:00:00+00:00,34,1,415887,473.5,475.0,473.0,474.75,3500,ZC.v.0
2026-07-30 10:00:00+00:00,34,1,415887,475.0,475.0,474.0,474.0,1823,ZC.v.0
2026-07-30 11:00:00+00:00,34,1,415887,474.0,474.75,473.0,473.0,2513,ZC.v.0
2026-07-30 12:00:00+00:00,34,1,415887,473.25,474.25,473.0,473.5,2021,ZC.v.0
2026-07-30 13:00:00+00:00,34,1,415887,473.0,475.0,472.75,473.25,14243,ZC.v.0
2026-07-30 14:00:00+00:00,34,1,415887,473.25,475.5,472.25,474.25,13991,ZC.v.0
2026-07-30 15:00:00+00:00,34,1,415887,474.0,474.25,471.5,471.5,11019,ZC.v.0
2026-07-30 16:00:00+00:00,34,1,415887,471.5,472.5,470.5,471.5,12468,ZC.v.0
2026-07-30 17:00:00+00:00,34,1,415887,471.5,471.5,469.0,469.5,13079,ZC.v.0
2026-07-30 18:00:00+00:00,34,1,415887,469.75,469.75,468.0,468.5,12354,ZC.v.0
2026-07-31 00:00:00+00:00,34,1,415887,468.5,470.0,467.25,467.75,4510,ZC.v.0
2026-07-31 01:00:00+00:00,34,1,415887,467.75,468.75,467.5,467.75,1440,ZC.v.0
2026-07-31 02:00:00+00:00,34,1,415887,467.75,469.0,467.5,468.5,1115,ZC.v.0
2026-07-31 03:00:00+00:00,34,1,415887,468.5,469.25,468.0,468.75,732,ZC.v.0
2026-07-31 04:00:00+00:00,34,1,415887,468.5,468.75,468.5,468.5,233,ZC.v.0
2026-07-31 05:00:00+00:00,34,1,415887,468.5,469.0,468.25,468.75,192,ZC.v.0
2026-07-31 06:00:00+00:00,34,1,415887,468.75,468.75,467.5,468.0,534,ZC.v.0
2026-07-31 07:00:00+00:00,34,1,415887,468.0,468.0,466.75,467.25,1659,ZC.v.0
2026-07-31 08:00:00+00:00,34,1,415887,467.25,468.5,467.25,467.75,2119,ZC.v.0
2026-07-31 09:00:00+00:00,34,1,415887,467.75,468.0,466.25,466.5,2132,ZC.v.0
2026-07-31 10:00:00+00:00,34,1,415887,466.5,467.25,466.5,467.0,934,ZC.v.0
2026-07-31 11:00:00+00:00,34,1,415887,467.0,467.75,465.75,466.0,3942,ZC.v.0
2026-07-31 12:00:00+00:00,34,1,415887,465.75,466.75,465.0,466.0,4255,ZC.v.0
2026-07-31 13:00:00+00:00,34,1,415887,466.25,466.75,463.0,464.5,20050,ZC.v.0
2026-07-31 14:00:00+00:00,34,1,415887,464.5,466.5,464.25,464.5,15584,ZC.v.0
2026-07-31 15:00:00+00:00,34,1,415887,464.75,465.75,462.75,463.25,16527,ZC.v.0
2026-07-31 16:00:00+00:00,34,1,415887,463.0,463.25,461.0,462.0,17285,ZC.v.0
2026-07-31 17:00:00+00:00,34,1,415887,462.0,463.0,461.5,462.5,12540,ZC.v.0
2026-07-31 18:00:00+00:00,34,1,415887,462.5,464.25,462.5,463.75,12224,ZC.v.0
2026-08-03 00:00:00+00:00,34,1,415887,461.0,462.0,458.25,459.75,12279,ZC.v.0
2026-08-03 01:00:00+00:00,34,1,415887,460.0,461.25,459.5,461.25,1720,ZC.v.0
2026-08-03 02:00:00+00:00,34,1,415887,461.0,461.75,460.5,460.5,1253,ZC.v.0
2026-08-03 03:00:00+00:00,34,1,415887,460.5,461.0,460.5,460.5,424,ZC.v.0
2026-08-03 04:00:00+00:00,34,1,415887,460.5,461.0,460.25,460.25,270,ZC.v.0
2026-08-03 05:00:00+00:00,34,1,415887,460.5,462.0,460.5,461.75,1168,ZC.v.0
2026-08-03 06:00:00+00:00,34,1,415887,462.0,462.0,461.0,462.0,1246,ZC.v.0
2026-08-03 07:00:00+00:00,34,1,415887,461.75,463.25,460.25,460.75,3125,ZC.v.0
2026-08-03 08:00:00+00:00,34,1,415887,460.75,462.5,460.75,461.25,1433,ZC.v.0
2026-08-03 09:00:00+00:00,34,1,415887,461.0,463.0,460.75,462.5,1003,ZC.v.0
2026-08-03 10:00:00+00:00,34,1,415887,462.5,462.75,461.25,461.5,782,ZC.v.0
2026-08-03 11:00:00+00:00,34,1,415887,461.5,463.0,461.0,461.5,2563,ZC.v.0
2026-08-03 12:00:00+00:00,34,1,415887,461.5,462.0,459.75,461.5,2801,ZC.v.0
2026-08-03 13:00:00+00:00,34,1,415887,461.75,463.5,460.5,463.0,15729,ZC.v.0
2026-08-03 14:00:00+00:00,34,1,415887,463.0,467.0,461.75,467.0,24909,ZC.v.0
2026-08-03 15:00:00+00:00,34,1,415887,466.75,470.5,466.75,470.0,15321,ZC.v.0
2026-08-03 16:00:00+00:00,34,1,415887,469.75,470.75,469.25,470.25,10543,ZC.v.0
2026-08-03 17:00:00+00:00,34,1,415887,470.25,472.5,470.0,472.25,12376,ZC.v.0
2026-08-03 18:00:00+00:00,34,1,415887,472.25,473.5,471.75,473.0,23308,ZC.v.0
2026-08-04 00:00:00+00:00,34,1,415887,474.0,475.25,473.0,473.5,5486,ZC.v.0
2026-08-04 01:00:00+00:00,34,1,415887,473.25,474.5,473.0,473.75,814,ZC.v.0
2026-08-04 02:00:00+00:00,34,1,415887,473.75,474.25,473.25,474.0,665,ZC.v.0
2026-08-04 03:00:00+00:00,34,1,415887,474.0,474.25,473.5,473.75,171,ZC.v.0
2026-08-04 04:00:00+00:00,34,1,415887,473.75,474.0,473.5,473.75,75,ZC.v.0
2026-08-04 05:00:00+00:00,34,1,415887,474.0,474.0,473.25,473.5,119,ZC.v.0
2026-08-04 06:00:00+00:00,34,1,415887,473.25,473.5,472.0,472.5,985,ZC.v.0
2026-08-04 07:00:00+00:00,34,1,415887,472.5,475.0,471.25,473.5,4692,ZC.v.0
2026-08-04 08:00:00+00:00,34,1,415887,473.5,474.25,472.75,474.0,934,ZC.v.0
2026-08-04 09:00:00+00:00,34,1,415887,473.75,474.25,473.0,473.0,979,ZC.v.0
2026-08-04 10:00:00+00:00,34,1,415887,473.0,473.5,471.0,471.5,1803,ZC.v.0
2026-08-04 11:00:00+00:00,34,1,415887,471.5,471.5,468.75,469.0,3709,ZC.v.0
2026-08-04 12:00:00+00:00,34,1,415887,469.0,471.0,468.75,469.0,5581,ZC.v.0
2026-08-04 13:00:00+00:00,34,1,415887,468.75,469.5,467.0,468.5,20237,ZC.v.0
2026-08-04 14:00:00+00:00,34,1,415887,468.5,468.5,465.5,465.75,20680,ZC.v.0
2026-08-04 15:00:00+00:00,34,1,415887,465.5,465.75,464.25,465.25,16749,ZC.v.0
2026-08-04 16:00:00+00:00,34,1,415887,465.0,465.5,464.0,464.5,8316,ZC.v.0
2026-08-04 17:00:00+00:00,34,1,415887,464.75,467.0,464.5,466.75,14423,ZC.v.0
2026-08-04 18:00:00+00:00,34,1,415887,466.75,466.75,464.75,465.25,12467,ZC.v.0
